,spot,cell,value,spot_type,cell_type,x,y,Cell_xcoord,Cell_ycoord
64,X0,2006-E4-8_g_S22,0.0020120724346076465,1,Midgut,-318.96,-188.75,-305.983295994539,-182.69011998750358
322,X0,795-E4-8_g_S22,0.0020120724346076465,1,Somatic muscle,-318.96,-188.75,-320.53283453327344,-196.48579509706323
579,X0,1044-E4-8_g_S22,0.0020120724346076465,1,Somatic muscle,-318.96,-188.75,-325.178264720467,-199.009280930887
690,X0,1850-E4-8_g_S22,0.0020120724346076465,1,Visceral muscle,-318.96,-188.75,-322.5727702184441,-169.07900888748298
1541,X0,2352-E4-8_g_S22,0.001996007984031936,1,CNS,-318.96,-188.75,-320.53283453327344,-196.48579509706323
93,X1,1830-E4-8_g_S22,0.0020120724346076465,2,Epidermis,-278.96,-188.75,-281.5708705709983,-187.76069035762137
806,X1,1473-E4-8_g_S22,0.0020120724346076465,2,Epidermis,-278.96,-188.75,-280.76832880298997,-189.33484698658887
736,X1,1765-E4-8_g_S22,0.0020120724346076465,2,Fat body,-278.96,-188.75,-270.8751589304662,-170.45695911335733
935,X1,131-E4-8_g_S22,0.0020120724346076465,2,Epidermis,-278.96,-188.75,-281.4581615132572,-193.53198066700148
1212,X1,849-E4-8_g_S22,0.0020120724346076465,2,Epidermis,-278.96,-188.75,-280.12748018228996,-202.66552287543064
493,X10,1128-E4-8_g_S22,0.0020120724346076465,3,Amnioserosa,121.04000000000002,-188.75,126.87418882834716,-204.65717631557834
164,X10,1885-E4-8_g_S22,0.0020120724346076465,3,Midgut,121.04000000000002,-188.75,116.93238699028674,-193.71436048644549
231,X10,619-E4-8_g_S22,0.0020120724346076465,3,Somatic muscle,121.04000000000002,-188.75,101.22619339485885,-191.47269495428046
798,X10,1189-E4-8_g_S22,0.0020120724346076465,3,Fat body,121.04000000000002,-188.75,137.43611550389315,-183.78383388271234
903,X10,165-E4-8_g_S22,0.0020120724346076465,3,Epidermis,121.04000000000002,-188.75,122.73111528261325,-170.1219343609843
216,X100,617-E4-8_g_S22,0.0020120724346076465,4,Foregut,281.04,-28.75,276.394468108153,-14.547334726191632
547,X100,1158-E4-8_g_S22,0.0020120724346076465,4,Midgut,281.04,-28.75,286.77590693759834,-28.541644744247815
357,X100,2027-E4-8_g_S22,0.0020120724346076465,4,Stomatogastric nervous system,281.04,-28.75,285.2048124400397,-33.17362803965379
27,X100,1529-E4-8_g_S22,0.0020120724346076465,4,Epidermis,281.04,-28.75,295.6952654189007,-40.62785939784723
510,X100,1079-E4-8_g_S22,0.0020120724346076465,4,Visceral branch,281.04,-28.75,261.1295470953075,-26.859533092059085
186,X101,1602-E4-8_g_S22,0.0020120724346076465,4,Midgut,321.04,-28.75,314.80549904229093,-19.258530568029258
1142,X101,453-E4-8_g_S22,0.0020120724346076465,4,Midgut,321.04,-28.75,321.25816666170107,-26.82385588619352
1165,X101,431-E4-8_g_S22,0.0020120724346076465,4,Midgut,321.04,-28.75,325.44270913515027,-23.464387765188246
258,X101,840-E4-8_g_S22,0.0020120724346076465,4,Hemolymph cells,321.04,-28.75,310.98125447665075,-46.03645824038288
1855,X101,1096-E4-8_g_S22,0.0014928279353543408,4,Midgut,321.04,-28.75,332.7123706842073,-28.166767540206127
15,X102,1552-E4-8_g_S22,0.0020120724346076465,1,Midgut,361.04,-28.75,370.8784583436601,-29.976831195040727
132,X102,1737-E4-8_g_S22,0.0020120724346076465,1,Midgut,361.04,-28.75,341.7493803476318,-34.029393282155084
256,X102,750-E4-8_g_S22,0.0020120724346076465,1,Midgut,361.04,-28.75,359.8401134066151,-22.43816512575349
401,X102,874-E4-8_g_S22,0.0020120724346076465,1,Midgut,361.04,-28.75,356.9865365986259,-28.81987535379981
454,X102,1139-E4-8_g_S22,0.0020120724346076465,1,Somatic muscle,361.04,-28.75,375.74551130346754,-28.48573504325091
180,X103,1535-E4-8_g_S22,0.0020120724346076465,1,Fat body,401.04,-28.75,418.5751434216399,-31.36165987351768
602,X103,1364-E4-8_g_S22,0.0020120724346076465,1,Somatic muscle,401.04,-28.75,394.7054970060957,-17.63583785935912
703,X103,1658-E4-8_g_S22,0.0020120724346076465,1,Midgut,401.04,-28.75,381.7236884631021,-33.934603032972205
1187,X103,611-E4-8_g_S22,0.0020120724346076465,1,Trachea,401.04,-28.75,416.5417227368306,-26.342745352172997
1842,X103,151-E4-8_g_S22,0.001557733497760701,1,Fat body,401.04,-28.75,393.6539483723328,-34.475153881977874
175,X104,1888-E4-8_g_S22,0.0020120724346076465,1,Epidermis,441.04,-28.75,453.57212951680714,-33.59883310285198
317,X104,748-E4-8_g_S22,0.0020120724346076465,1,Epidermis,441.04,-28.75,444.4878152529855,-20.607953733661805
694,X104,1746-E4-8_g_S22,0.0020120724346076465,1,Salivary gland body,441.04,-28.75,450.4560279906255,-21.850158265163962
762,X104,1433-E4-8_g_S22,0.0020120724346076465,1,Foregut,441.04,-28.75,435.0421567954908,-34.07349950463423
2251,X104,1270-E4-8_g_S22,0.0011683001233205666,1,Visceral branch,441.04,-28.75,421.6418704440917,-33.61955539368804
456,X105,1400-E4-8_g_S22,0.0020120724346076465,1,CNS,481.04,-28.75,486.35707062540587,-27.078841678038554
161,X105,1556-E4-8_g_S22,0.0020120724346076465,1,Amnioserosa,481.04,-28.75,482.1398413455914,-23.043295041662304
200,X105,1594-E4-8_g_S22,0.0020120724346076465,1,Amnioserosa,481.04,-28.75,487.58688804085756,-29.670715104320184
276,X105,812-E4-8_g_S22,0.0020120724346076465,1,Amnioserosa,481.04,-28.75,487.708601570087,-31.390237366776347
750,X105,1391-E4-8_g_S22,0.0020120724346076465,1,Midgut,481.04,-28.75,461.4075984180592,-32.5669108092027
91,X106,1915-E4-8_g_S22,0.0020120724346076465,3,Epidermis,-478.96,11.25,-468.2662925676453,13.870152595109584
381,X106,773-E4-8_g_S22,0.0020120724346076465,3,Foregut,-478.96,11.25,-485.3646783723,4.383080360199727
533,X106,1406-E4-8_g_S22,0.0020120724346076465,3,Amnioserosa,-478.96,11.25,-488.660173350999,23.421213012426932
695,X106,1901-E4-8_g_S22,0.0020120724346076465,3,Visceral muscle,-478.96,11.25,-492.30922482613545,-3.6061521495470252
1592,X106,2120-E4-8_g_S22,0.001996007984031936,3,CNS,-478.96,11.25,-460.1996308829211,18.18170618181078
1062,X107,221-E4-8_g_S22,0.0020120724346076465,1,CNS,-438.96,11.25,-447.21363926959515,7.303090519089507
554,X107,1085-E4-8_g_S22,0.0020120724346076465,1,Epidermis,-438.96,11.25,-441.6746238480163,3.4707726174254185
712,X107,2020-E4-8_g_S22,0.0020120724346076465,1,Epidermis,-438.96,11.25,-436.8984980906544,8.546567836193631
735,X107,1559-E4-8_g_S22,0.0020120724346076465,1,Midgut,-438.96,11.25,-426.89851556857167,27.20370155513801
843,X107,1070-E4-8_g_S22,0.0020120724346076465,1,Epidermis,-438.96,11.25,-442.11472322316274,9.725867472153384
210,X108,1572-E4-8_g_S22,0.0020120724346076465,3,Epidermis,-398.96,11.25,-399.90769116979624,-3.450830508923401
225,X108,745-E4-8_g_S22,0.0020120724346076465,3,Epidermis,-398.96,11.25,-398.84499635272704,-0.31333657760624156
434,X108,1508-E4-8_g_S22,0.0020120724346076465,3,Visceral branch,-398.96,11.25,-405.68018234817777,11.725128252926057
57,X108,1660-E4-8_g_S22,0.0020120724346076465,3,Trachea,-398.96,11.25,-406.4067456757261,23.809846361675604
585,X108,1015-E4-8_g_S22,0.0020120724346076465,3,Midgut,-398.96,11.25,-383.96038445357067,24.479192471927973
22,X109,1651-E4-8_g_S22,0.0020120724346076465,1,Midgut,-358.96,11.25,-366.3629394395485,21.946175349551154
187,X109,1917-E4-8_g_S22,0.0020120724346076465,1,Salivary gland body,-358.96,11.25,-355.61314605288993,5.470010422666432
307,X109,585-E4-8_g_S22,0.0020120724346076465,1,Epidermis,-358.96,11.25,-349.06996913168615,-6.133535009421976
485,X109,1118-E4-8_g_S22,0.0020120724346076465,1,Epidermis,-358.96,11.25,-365.3051262080993,7.263609763658122
619,X109,1110-E4-8_g_S22,0.0020120724346076465,1,Midgut,-358.96,11.25,-358.44881916777706,27.70373947354631
55,X11,1528-E4-8_g_S22,0.0020120724346076465,1,Amnioserosa,161.04000000000002,-188.75,166.20817152449487,-184.21783372371908
529,X11,1453-E4-8_g_S22,0.0020120724346076465,1,Fat body,161.04000000000002,-188.75,153.58782857905425,-189.06090819705864
634,X11,1067-E4-8_g_S22,0.0020120724346076465,1,Fat body,161.04000000000002,-188.75,155.4349433788555,-197.11530527205866
1138,X11,145-E4-8_g_S22,0.0020120724346076465,1,Fat body,161.04000000000002,-188.75,154.4667789767436,-198.42052946847966
1379,X11,2476-E4-8_g_S22,0.001996007984031936,1,CNS,161.04000000000002,-188.75,175.50227754085185,-174.93542333868416
114,X110,1877-E4-8_g_S22,0.0020120724346076465,1,Epidermis,-318.96,11.25,-338.9590999298228,11.060258078008143
393,X110,970-E4-8_g_S22,0.0020120724346076465,1,Somatic muscle,-318.96,11.25,-317.86615238950515,12.03254603064135
534,X110,1031-E4-8_g_S22,0.0020120724346076465,1,Somatic muscle,-318.96,11.25,-306.57689791919626,9.05091566426312
1341,X110,2160-E4-8_g_S22,0.001996007984031936,1,CNS,-318.96,11.25,-315.2069861531436,12.155583229798935
2264,X110,1004-E4-8_g_S22,0.0011683001233205662,1,Visceral branch,-318.96,11.25,-316.1908636083323,11.95069699728844
179,X111,1916-E4-8_g_S22,0.0020120724346076465,1,Salivary gland body,-278.96,11.25,-275.0128324172395,12.52647463571069
828,X111,1049-E4-8_g_S22,0.0020120724346076465,1,Epidermis,-278.96,11.25,-280.2542141277771,28.877168746728085
883,X111,172-E4-8_g_S22,0.0020120724346076465,1,Somatic muscle,-278.96,11.25,-283.79935911289795,8.177361963810021
1207,X111,955-E4-8_g_S22,0.0020120724346076465,1,Trachea,-278.96,11.25,-275.6710677861861,-8.477719708393497
1510,X111,2457-E4-8_g_S22,0.001996007984031936,1,CNS,-278.96,11.25,-280.0625265558996,15.146714362144689
0,X112,169-E4-8_g_S22,0.0020120724346076465,1,Epidermis,-238.95999999999998,11.25,-238.30419528916192,3.0272888203404733
24,X112,1995-E4-8_g_S22,0.0020120724346076465,1,Trachea,-238.95999999999998,11.25,-247.67496208326418,10.87278058197435
409,X112,720-E4-8_g_S22,0.0020120724346076465,1,Hemolymph cells,-238.95999999999998,11.25,-247.29673387056548,19.92710168711254
1339,X112,2443-E4-8_g_S22,0.001996007984031936,1,CNS,-238.95999999999998,11.25,-221.72228436253133,1.1079509170104735
1840,X112,1595-E4-8_g_S22,0.001557733497760741,1,CNS,-238.95999999999998,11.25,-239.80182439447668,21.314877993562156
50,X113,1886-E4-8_g_S22,0.0020120724346076465,1,Midgut,-198.95999999999998,11.25,-201.6090782313269,14.393662725321562
160,X113,1932-E4-8_g_S22,0.0020120724346076465,1,Midgut,-198.95999999999998,11.25,-215.7992205608238,5.87484044870567
334,X113,602-E4-8_g_S22,0.0020120724346076465,1,Somatic muscle,-198.95999999999998,11.25,-179.95149410022867,17.469059692458288
455,X113,1397-E4-8_g_S22,0.0020120724346076465,1,Epidermis,-198.95999999999998,11.25,-187.6547158223722,10.843507519286648
1481,X113,2280-E4-8_g_S22,0.001996007984031936,1,CNS,-198.95999999999998,11.25,-209.78549128524816,7.668929614227851
926,X114,218-E4-8_g_S22,0.0020120724346076465,2,CNS,-158.95999999999998,11.25,-156.67590272079732,9.437600716168832
182,X114,1773-E4-8_g_S22,0.0020120724346076465,2,Midgut,-158.95999999999998,11.25,-162.17586355599357,11.670905238439863
1107,X114,219-E4-8_g_S22,0.0020120724346076465,2,Midgut,-158.95999999999998,11.25,-156.79114200460313,4.822132048455304
1254,X114,640-E4-8_g_S22,0.0020120724346076465,2,Somatic muscle,-158.95999999999998,11.25,-156.0660577213149,31.03951990543578
1356,X114,2370-E4-8_g_S22,0.001996007984031936,2,CNS,-158.95999999999998,11.25,-163.0910339972904,-0.7201579084998162
89,X115,1700-E4-8_g_S22,0.0020120724346076465,1,Midgut,-118.95999999999998,11.25,-126.45748036446876,1.286583976994617
130,X115,1938-E4-8_g_S22,0.0020120724346076465,1,Midgut,-118.95999999999998,11.25,-129.24063640567155,6.343721675251349
488,X115,1325-E4-8_g_S22,0.0020120724346076465,1,Midgut,-118.95999999999998,11.25,-111.44739130827512,29.78539076051595
1467,X115,2277-E4-8_g_S22,0.001996007984031936,1,CNS,-118.95999999999998,11.25,-112.58449118637596,3.2844889373224886
2133,X115,2356-E4-8_g_S22,0.0013797290212202318,1,CNS,-118.95999999999998,11.25,-115.07000073520842,15.549814649915591
44,X116,1532-E4-8_g_S22,0.0020120724346076465,4,Fat body,-78.95999999999998,11.25,-72.51056126183194,9.25717310111435
167,X116,1756-E4-8_g_S22,0.0020120724346076465,4,Fat body,-78.95999999999998,11.25,-80.02200821630771,4.906884132531497
753,X116,1491-E4-8_g_S22,0.0020120724346076465,4,Fat body,-78.95999999999998,11.25,-74.9513782154296,6.214908930665448
341,X116,668-E4-8_g_S22,0.0020120724346076465,4,Midgut,-78.95999999999998,11.25,-95.53961914358595,22.43553660105932
827,X116,1496-E4-8_g_S22,0.0020120724346076465,4,Fat body,-78.95999999999998,11.25,-71.77643316284481,13.435497234629384
787,X117,1507-E4-8_g_S22,0.0020120724346076465,1,Amnioserosa,-38.95999999999998,11.25,-23.155531346097632,-1.0063767308213176
987,X117,93-E4-8_g_S22,0.0020120724346076465,1,CNS,-38.95999999999998,11.25,-56.142748185546466,20.127774365167287
725,X117,1802-E4-8_g_S22,0.0020120724346076465,1,Epidermis,-38.95999999999998,11.25,-46.422088653601605,14.24607240738286
834,X117,1423-E4-8_g_S22,0.0020120724346076465,1,Fat body,-38.95999999999998,11.25,-27.81424724014953,-1.5736869961197417
1377,X117,2454-E4-8_g_S22,0.001996007984031936,1,CNS,-38.95999999999998,11.25,-41.26538457460474,24.45621695439091
542,X118,1368-E4-8_g_S22,0.0020120724346076465,1,Fat body,1.0400000000000205,11.25,8.273545148295412,1.2408621836711937
557,X118,1463-E4-8_g_S22,0.0020120724346076465,1,Fat body,1.0400000000000205,11.25,13.796236486033159,-4.153844673080709
264,X118,588-E4-8_g_S22,0.0020120724346076465,1,Foregut,1.0400000000000205,11.25,-8.536769916628732,20.716395228982904
321,X118,659-E4-8_g_S22,0.0020120724346076465,1,Hemolymph cells,1.0400000000000205,11.25,-0.5104601865262361,17.73597777879875
685,X118,2019-E4-8_g_S22,0.0020120724346076465,1,CNS,1.0400000000000205,11.25,-7.822551531173497,20.710609481627856
82,X119,1701-E4-8_g_S22,0.0020120724346076465,1,Fat body,41.04000000000002,11.25,49.62335920031237,14.28392623025249
201,X119,1543-E4-8_g_S22,0.0020120724346076465,1,Fat body,41.04000000000002,11.25,23.592397205539985,21.02656160041711
415,X119,928-E4-8_g_S22,0.0020120724346076465,1,Fat body,41.04000000000002,11.25,44.7300663194392,7.923754602623494
494,X119,1231-E4-8_g_S22,0.0020120724346076465,1,Fat body,41.04000000000002,11.25,42.06985733773976,9.813168527860283
521,X119,1219-E4-8_g_S22,0.0020120724346076465,1,Fat body,41.04000000000002,11.25,45.18431993696872,3.202589038846625
676,X12,1012-E4-8_g_S22,0.0020120724346076465,1,Amnioserosa,201.04000000000002,-188.75,212.81942856345762,-192.50395346892296
886,X12,97-E4-8_g_S22,0.0020120724346076465,1,Epidermis,201.04000000000002,-188.75,206.66360794150918,-178.86071067585914
535,X12,1199-E4-8_g_S22,0.0020120724346076465,1,Somatic muscle,201.04000000000002,-188.75,204.32895895215955,-201.98231670592935
653,X12,1750-E4-8_g_S22,0.0020120724346076465,1,Somatic muscle,201.04000000000002,-188.75,195.43166211021884,-194.7863079373667
2374,X12,2398-E4-8_g_S22,0.001057792249602175,1,Epidermis,201.04000000000002,-188.75,185.9563424326549,-175.61671121192134
482,X120,1191-E4-8_g_S22,0.0020120724346076465,1,Fat body,81.04000000000002,11.25,72.0670675081323,-6.624184806485147
195,X120,2021-E4-8_g_S22,0.0020120724346076465,1,Midgut,81.04000000000002,11.25,88.52888552411173,19.52824166865119
362,X120,1754-E4-8_g_S22,0.0020120724346076465,1,Midgut,81.04000000000002,11.25,81.82546174998322,23.468312220368183
252,X120,739-E4-8_g_S22,0.0020120724346076465,1,Epidermis,81.04000000000002,11.25,80.52999584914629,19.645306444271643
575,X120,1153-E4-8_g_S22,0.0020120724346076465,1,Fat body,81.04000000000002,11.25,82.24858936862657,0.23232447319411165
601,X121,1115-E4-8_g_S22,0.0020120724346076465,1,Fat body,121.04000000000002,11.25,110.15984854570759,-5.531606130870145
732,X121,1593-E4-8_g_S22,0.0020120724346076465,1,Fat body,121.04000000000002,11.25,108.3259848363567,-0.5045875330796115
156,X121,1654-E4-8_g_S22,0.0020120724346076465,1,Midgut,121.04000000000002,11.25,127.95702703909046,22.80219859403551
785,X121,1018-E4-8_g_S22,0.0020120724346076465,1,Midgut,121.04000000000002,11.25,126.93133094168033,20.74954134571801
880,X121,389-E4-8_g_S22,0.0020120724346076465,1,Midgut,121.04000000000002,11.25,131.82580863716512,18.73445372419623
3,X122,1550-E4-8_g_S22,0.0020120724346076465,1,Midgut,161.04000000000002,11.25,166.98428298422252,4.775283062131819
222,X122,994-E4-8_g_S22,0.0020120724346076465,1,Midgut,161.04000000000002,11.25,162.91803824292433,31.161629073436302
403,X122,927-E4-8_g_S22,0.0020120724346076465,1,Midgut,161.04000000000002,11.25,158.13276006083953,18.934639017918283
561,X122,1011-E4-8_g_S22,0.0020120724346076465,1,Midgut,161.04000000000002,11.25,155.56445955190637,5.028431352455115
366,X122,1637-E4-8_g_S22,0.0020120724346076465,1,Foregut,161.04000000000002,11.25,161.60045916010714,-3.649982505941546
74,X123,1603-E4-8_g_S22,0.0020120724346076465,4,Fat body,201.04000000000002,11.25,202.9181079439405,5.3708759052114985
332,X123,570-E4-8_g_S22,0.0020120724346076465,4,Foregut,201.04000000000002,11.25,208.01274452678035,20.942423496936044
384,X123,876-E4-8_g_S22,0.0020120724346076465,4,Midgut,201.04000000000002,11.25,198.35062288258757,8.94490410311154
428,X123,1408-E4-8_g_S22,0.0020120724346076465,4,Somatic muscle,201.04000000000002,11.25,212.42607233332996,0.1457780399256592
1041,X123,229-E4-8_g_S22,0.0020120724346076465,4,Epidermis,201.04000000000002,11.25,183.49245231336175,20.84601845481528
244,X124,752-E4-8_g_S22,0.0020120724346076465,3,Midgut,241.04000000000002,11.25,241.24103306056227,11.785652376044737
286,X124,666-E4-8_g_S22,0.0020120724346076465,3,Midgut,241.04000000000002,11.25,260.7664734142487,7.953600959085825
60,X124,1845-E4-8_g_S22,0.0020120724346076465,3,Fat body,241.04000000000002,11.25,237.7184690249721,-1.7172691114963161
549,X124,1177-E4-8_g_S22,0.0020120724346076465,3,Somatic muscle,241.04000000000002,11.25,240.55331293347948,24.07784357200908
1506,X124,2209-E4-8_g_S22,0.001996007984031936,3,Stomatogastric nervous system,241.04000000000002,11.25,224.92071156673737,14.150172204356668
218,X125,656-E4-8_g_S22,0.0020120724346076465,4,Midgut,281.04,11.25,273.4328681014822,0.4999323156674862
331,X125,636-E4-8_g_S22,0.0020120724346076465,4,Midgut,281.04,11.25,287.53313938487327,1.8281012969675636
518,X125,1478-E4-8_g_S22,0.0020120724346076465,4,Midgut,281.04,11.25,296.362123101892,24.104281140945574
51,X125,1919-E4-8_g_S22,0.0020120724346076465,4,Hemolymph cells,281.04,11.25,283.77411532682083,9.456989174840036
531,X125,1481-E4-8_g_S22,0.0020120724346076465,4,Salivary gland body,281.04,11.25,264.0977540849315,20.36069607157935
84,X126,1722-E4-8_g_S22,0.0020120724346076465,1,Epidermis,321.04,11.25,321.3677859466344,24.288169580781904
314,X126,966-E4-8_g_S22,0.0020120724346076465,1,Somatic muscle,321.04,11.25,339.7280890258484,18.374277406303424
350,X126,2014-E4-8_g_S22,0.0020120724346076465,1,CNS,321.04,11.25,306.9150431196738,12.316238277417277
375,X126,719-E4-8_g_S22,0.0020120724346076465,1,Midgut,321.04,11.25,320.8957273401096,-0.45816045980324205
511,X126,1021-E4-8_g_S22,0.0020120724346076465,1,Somatic muscle,321.04,11.25,316.29335456773464,1.7294751953006227
541,X127,1415-E4-8_g_S22,0.0020120724346076465,2,CNS,361.04,11.25,378.810874973625,20.425837981993247
147,X127,1933-E4-8_g_S22,0.0020120724346076465,2,Hemolymph cells,361.04,11.25,357.3547104609101,13.711987124091964
387,X127,987-E4-8_g_S22,0.0020120724346076465,2,Epidermis,361.04,11.25,365.170934148117,8.360043625251746
782,X127,1302-E4-8_g_S22,0.0020120724346076465,2,Amnioserosa,361.04,11.25,348.0741548986885,14.112328590948742
1065,X127,329-E4-8_g_S22,0.0020120724346076465,2,Midgut,361.04,11.25,355.78932551865915,-0.3601973222856838
831,X128,1183-E4-8_g_S22,0.0020120724346076465,1,Somatic muscle,401.04,11.25,394.0339387941359,11.238183079947802
99,X128,1587-E4-8_g_S22,0.0020120724346076465,1,CNS,401.04,11.25,390.8415744500512,22.370089955579093
157,X128,1677-E4-8_g_S22,0.0020120724346076465,1,Epidermis,401.04,11.25,404.9834202929054,20.99643373998877
253,X128,549-E4-8_g_S22,0.0020120724346076465,1,Foregut,401.04,11.25,409.93821673089576,-6.661497397202929
1848,X128,2044-E4-8_g_S22,0.0015269001168170555,1,Visceral branch,401.04,11.25,405.4028497320117,8.306790621687279
740,X129,1747-E4-8_g_S22,0.0020120724346076465,1,Salivary gland body,441.04,11.25,456.2847644772466,4.807734418305377
847,X129,1487-E4-8_g_S22,0.0020120724346076465,1,Fat body,441.04,11.25,449.2717112367325,12.150363136167973
1164,X129,141-E4-8_g_S22,0.0020120724346076465,1,CNS,441.04,11.25,422.2952460662544,18.223822478621628
2127,X129,2176-E4-8_g_S22,0.0013797290212202318,1,Trachea,441.04,11.25,431.0483657117027,-0.3423653369972115
2243,X129,1145-E4-8_g_S22,0.0011683001233205666,1,Trachea,441.04,11.25,446.29991250806376,21.41044530390225
54,X13,1723-E4-8_g_S22,0.0020120724346076465,1,Epidermis,241.04000000000002,-188.75,248.83810263066542,-175.00565194626506
268,X13,653-E4-8_g_S22,0.0020120724346076465,1,Epidermis,241.04000000000002,-188.75,233.11812293157868,-207.1142006009742
514,X13,1360-E4-8_g_S22,0.0020120724346076465,1,Epidermis,241.04000000000002,-188.75,245.45202945895062,-206.95425417449678
746,X13,1144-E4-8_g_S22,0.0020120724346076465,1,Epidermis,241.04000000000002,-188.75,237.96636961356845,-172.18099679577847
936,X13,316-E4-8_g_S22,0.0020120724346076465,1,Epidermis,241.04000000000002,-188.75,239.8253753652396,-182.49489648248417
858,X130,20-E4-8_g_S22,0.0020120724346076465,1,Trachea,481.04,11.25,477.52912283900184,0.17212654449044607
1400,X130,2379-E4-8_g_S22,0.001996007984031936,1,Epidermis,481.04,11.25,477.550067368695,30.94315541575175
1856,X130,12-E4-8_g_S22,0.001492827935354183,1,Epidermis,481.04,11.25,470.2132258435817,1.275706121438228
2112,X130,2186-E4-8_g_S22,0.0013797290212202318,1,Epidermis,481.04,11.25,496.3849802279474,13.3713940321212
2166,X130,654-E4-8_g_S22,0.0012981112481339446,1,Epidermis,481.04,11.25,483.5226037207722,10.487617886198377
1057,X131,65-E4-8_g_S22,0.0020120724346076465,1,CNS,-478.96,51.25,-474.7872823331071,54.84751782215622
30,X131,1634-E4-8_g_S22,0.0020120724346076465,1,Salivary gland body,-478.96,51.25,-459.2916875005278,54.87732455442136
324,X131,601-E4-8_g_S22,0.0020120724346076465,1,Visceral branch,-478.96,51.25,-488.2999561617796,51.743436683522695
544,X131,1164-E4-8_g_S22,0.0020120724346076465,1,Visceral branch,-478.96,51.25,-479.670985219388,46.52898758932328
1353,X131,2059-E4-8_g_S22,0.001996007984031936,1,CNS,-478.96,51.25,-492.7500887851973,48.25273335057628
58,X132,1790-E4-8_g_S22,0.0020120724346076465,1,Epidermis,-438.96,51.25,-436.57831185848283,42.53322217582298
296,X132,712-E4-8_g_S22,0.0020120724346076465,1,Epidermis,-438.96,51.25,-431.1601168960609,46.41310720772682
796,X132,1251-E4-8_g_S22,0.0020120724346076465,1,Epidermis,-438.96,51.25,-457.2017915506763,59.449819572507316
1002,X132,155-E4-8_g_S22,0.0020120724346076465,1,Epidermis,-438.96,51.25,-433.64593089641204,64.973939328549
85,X132,1944-E4-8_g_S22,0.0020120724346076465,1,Hemolymph cells,-438.96,51.25,-436.2138487983711,42.87991171539398
483,X133,1461-E4-8_g_S22,0.0020120724346076465,1,Somatic muscle,-398.96,51.25,-394.1245552860023,65.80058436975389
512,X133,1276-E4-8_g_S22,0.0020120724346076465,1,Somatic muscle,-398.96,51.25,-401.1606250856053,54.62407922649488
1358,X133,2215-E4-8_g_S22,0.001996007984031936,1,CNS,-398.96,51.25,-403.2516700506081,53.134122796375216
1507,X133,2226-E4-8_g_S22,0.001996007984031936,1,CNS,-398.96,51.25,-388.93520539315955,49.606496707922624
1760,X133,620-E4-8_g_S22,0.0017524501849808492,1,Foregut,-398.96,51.25,-407.32794418462464,33.08471689945334
208,X134,1614-E4-8_g_S22,0.0020120724346076465,4,Salivary gland body,-358.96,51.25,-359.5596788469474,54.016816749618634
47,X134,1796-E4-8_g_S22,0.0020120724346076465,4,Somatic muscle,-358.96,51.25,-370.42374237892545,57.464346199428675
227,X134,587-E4-8_g_S22,0.0020120724346076465,4,Foregut,-358.96,51.25,-359.31174849810657,47.42810713121663
237,X134,779-E4-8_g_S22,0.0020120724346076465,4,Visceral muscle,-358.96,51.25,-341.6265592470606,61.22756641994132
1399,X134,2326-E4-8_g_S22,0.001996007984031936,4,CNS,-358.96,51.25,-363.87827102896046,36.11316349979464
539,X135,1466-E4-8_g_S22,0.0020120724346076465,1,Fat body,-318.96,51.25,-320.73099797103856,56.44580322063932
36,X135,2013-E4-8_g_S22,0.0020120724346076465,1,Visceral branch,-318.96,51.25,-306.74581187996904,40.60117185654095
755,X135,1418-E4-8_g_S22,0.0020120724346076465,1,Somatic muscle,-318.96,51.25,-331.9411947382007,64.04300617078033
923,X135,328-E4-8_g_S22,0.0020120724346076465,1,Hemolymph cells,-318.96,51.25,-305.17431836340677,36.76017661203224
1693,X135,1748-E4-8_g_S22,0.0018822613097943118,1,Epidermis,-318.96,51.25,-330.2076770473839,58.39984214000726
311,X136,552-E4-8_g_S22,0.0020120724346076465,1,Visceral muscle,-278.96,51.25,-271.1911758623024,32.820529809093074
356,X136,1967-E4-8_g_S22,0.0020120724346076465,1,Stomatogastric nervous system,-278.96,51.25,-285.91265508431576,45.349813233681026
706,X136,1926-E4-8_g_S22,0.0020120724346076465,1,Somatic muscle,-278.96,51.25,-262.5582954588663,53.18379155853114
1080,X136,195-E4-8_g_S22,0.0020120724346076465,1,Midgut,-278.96,51.25,-285.57965635021685,65.95952150193966
1433,X136,2096-E4-8_g_S22,0.001996007984031936,1,Trachea,-278.96,51.25,-289.5582172442986,58.93634389675514
791,X137,1377-E4-8_g_S22,0.0020120724346076465,1,Fat body,-238.95999999999998,51.25,-242.62357343661145,56.499741713182466
7,X137,2011-E4-8_g_S22,0.0020120724346076465,1,Trachea,-238.95999999999998,51.25,-242.41643351755383,40.01282281708127
600,X137,1393-E4-8_g_S22,0.0020120724346076465,1,Somatic muscle,-238.95999999999998,51.25,-245.41917286739073,40.53166284552974
2079,X137,1807-E4-8_g_S22,0.0014279223729473625,1,Visceral branch,-238.95999999999998,51.25,-238.70112001537447,53.03700550844686
2241,X137,1909-E4-8_g_S22,0.0011683001233205666,1,Salivary gland body,-238.95999999999998,51.25,-225.6397001630695,66.1687671157596
336,X138,1010-E4-8_g_S22,0.0020120724346076465,2,Epidermis,-198.95999999999998,51.25,-206.33488163622857,32.65938083732502
363,X138,1861-E4-8_g_S22,0.0020120724346076465,2,Salivary gland body,-198.95999999999998,51.25,-195.1494182549709,62.991383728666875
584,X138,1489-E4-8_g_S22,0.0020120724346076465,2,Salivary gland body,-198.95999999999998,51.25,-192.37624036257185,61.54292933260859
605,X138,1509-E4-8_g_S22,0.0020120724346076465,2,Salivary gland body,-198.95999999999998,51.25,-195.05983490289506,64.10700990469236
1334,X138,2397-E4-8_g_S22,0.001996007984031936,2,CNS,-198.95999999999998,51.25,-205.87962484333323,34.94929619670713
87,X139,1740-E4-8_g_S22,0.0020120724346076465,1,Salivary gland body,-158.95999999999998,51.25,-164.2994179371693,70.2735534275958
696,X139,1931-E4-8_g_S22,0.0020120724346076465,1,Salivary gland body,-158.95999999999998,51.25,-160.098257354696,71.2175829832877
473,X139,1210-E4-8_g_S22,0.0020120724346076465,1,Somatic muscle,-158.95999999999998,51.25,-156.51380451846134,36.781098523618155
546,X139,1371-E4-8_g_S22,0.0020120724346076465,1,Fat body,-158.95999999999998,51.25,-152.82122919686256,39.05097136529386
1109,X139,423-E4-8_g_S22,0.0020120724346076465,1,Hemolymph cells,-158.95999999999998,51.25,-161.06729099281085,38.92679370020447
118,X14,1777-E4-8_g_S22,0.0020120724346076465,1,Midgut,321.04,-188.75,321.4502023503754,-192.32053118391852
500,X14,1262-E4-8_g_S22,0.0020120724346076465,1,Trachea,321.04,-188.75,318.3515345517578,-176.4917393953411
776,X14,1350-E4-8_g_S22,0.0020120724346076465,1,Somatic muscle,321.04,-188.75,313.7225934260061,-197.00289105677066
860,X14,228-E4-8_g_S22,0.0020120724346076465,1,Trachea,321.04,-188.75,331.4962972013061,-205.79892515198418
1773,X14,1774-E4-8_g_S22,0.0017524501849808492,1,Visceral muscle,321.04,-188.75,320.17937247055505,-172.1359132119865
215,X140,962-E4-8_g_S22,0.0020120724346076465,2,Visceral muscle,-118.95999999999998,51.25,-124.16176198722401,47.522172501558416
249,X140,815-E4-8_g_S22,0.0020120724346076465,2,Visceral muscle,-118.95999999999998,51.25,-116.47003112380389,46.90303657475396
486,X140,1165-E4-8_g_S22,0.0020120724346076465,2,Somatic muscle,-118.95999999999998,51.25,-115.10252789597915,45.48600051909758
648,X140,1608-E4-8_g_S22,0.0020120724346076465,2,Trachea,-118.95999999999998,51.25,-119.64118400811707,71.23839634255549
2310,X140,115-E4-8_g_S22,0.0011683001233205662,2,Visceral branch,-118.95999999999998,51.25,-119.42449498487578,45.10039406203458
39,X141,1531-E4-8_g_S22,0.0020120724346076465,1,Midgut,-78.95999999999998,51.25,-98.9332266306458,52.284513393272654
148,X141,1576-E4-8_g_S22,0.0020120724346076465,1,Midgut,-78.95999999999998,51.25,-76.55507609171731,35.223716653461565
491,X141,1503-E4-8_g_S22,0.0020120724346076465,1,Midgut,-78.95999999999998,51.25,-63.45839426624185,56.9435098045185
817,X141,1055-E4-8_g_S22,0.0020120724346076465,1,Midgut,-78.95999999999998,51.25,-87.6510151451596,67.22077768130828
1463,X141,2197-E4-8_g_S22,0.001996007984031936,1,CNS,-78.95999999999998,51.25,-68.20228786623515,44.57748246743891
693,X142,1972-E4-8_g_S22,0.0020120724346076465,1,Salivary gland body,-38.95999999999998,51.25,-35.53268740770878,34.14119874472459
789,X142,1403-E4-8_g_S22,0.0020120724346076465,1,Fat body,-38.95999999999998,51.25,-37.17465736132036,39.206210400252125
1488,X142,2469-E4-8_g_S22,0.001996007984031936,1,CNS,-38.95999999999998,51.25,-41.73934805855973,71.05593911859219
1850,X142,2219-E4-8_g_S22,0.0015269001168170555,1,CNS,-38.95999999999998,51.25,-36.55754700012876,69.12632344313216
2022,X142,829-E4-8_g_S22,0.0014279223729473634,1,Hemolymph cells,-38.95999999999998,51.25,-43.79576017228234,42.72032829329891
426,X143,1555-E4-8_g_S22,0.0020120724346076465,3,Fat body,1.0400000000000205,51.25,3.4060352123179545,50.840817312218086
448,X143,1306-E4-8_g_S22,0.0020120724346076465,3,Fat body,1.0400000000000205,51.25,4.163299647861789,31.495380304605543
596,X143,1331-E4-8_g_S22,0.0020120724346076465,3,Fat body,1.0400000000000205,51.25,-3.8336882138097756,48.04737294495342
234,X143,963-E4-8_g_S22,0.0020120724346076465,3,Midgut,1.0400000000000205,51.25,-3.4661472425254365,65.27612537215555
308,X143,783-E4-8_g_S22,0.0020120724346076465,3,Midgut,1.0400000000000205,51.25,4.930500596155569,60.59030406606742
1076,X144,179-E4-8_g_S22,0.0020120724346076465,1,Fat body,41.04000000000002,51.25,32.32732548980712,53.29519748965315
98,X144,1579-E4-8_g_S22,0.0020120724346076465,1,Midgut,41.04000000000002,51.25,45.57603486864201,61.9258417210538
461,X144,1373-E4-8_g_S22,0.0020120724346076465,1,Midgut,41.04000000000002,51.25,51.300072672515554,34.082271298896295
598,X144,1218-E4-8_g_S22,0.0020120724346076465,1,Midgut,41.04000000000002,51.25,37.976083618021875,52.21000420504246
340,X144,894-E4-8_g_S22,0.0020120724346076465,1,Somatic muscle,41.04000000000002,51.25,38.02048335101356,54.736685285354234
747,X145,1336-E4-8_g_S22,0.0020120724346076465,2,Hemolymph cells,81.04000000000002,51.25,87.93729010336772,38.55768186084162
4,X145,1727-E4-8_g_S22,0.0020120724346076465,2,Visceral muscle,81.04000000000002,51.25,87.93809232386438,55.029072745952966
90,X145,1891-E4-8_g_S22,0.0020120724346076465,2,Midgut,81.04000000000002,51.25,76.69942204393885,70.77330358846463
525,X145,1171-E4-8_g_S22,0.0020120724346076465,2,Midgut,81.04000000000002,51.25,70.70575314617821,35.01613844251477
2083,X145,673-E4-8_g_S22,0.0014279223729473617,2,Hemolymph cells,81.04000000000002,51.25,81.91944238265059,56.87380336222619
291,X146,889-E4-8_g_S22,0.0020120724346076465,1,Midgut,121.04000000000002,51.25,129.5090626250893,35.71215899790249
345,X146,918-E4-8_g_S22,0.0020120724346076465,1,Midgut,121.04000000000002,51.25,115.64818106934763,70.50949865959804
559,X146,1052-E4-8_g_S22,0.0020120724346076465,1,Midgut,121.04000000000002,51.25,130.68510562505796,47.23819905411903
1342,X146,2256-E4-8_g_S22,0.001996007984031936,1,CNS,121.04000000000002,51.25,115.70223056630894,56.42861326617802
1849,X146,2383-E4-8_g_S22,0.0015269001168170555,1,CNS,121.04000000000002,51.25,113.65542011419618,46.36153002220234
8,X147,1936-E4-8_g_S22,0.0020120724346076465,1,Epidermis,161.04000000000002,51.25,158.1611420321613,56.822963674101445
347,X147,978-E4-8_g_S22,0.0020120724346076465,1,Visceral muscle,161.04000000000002,51.25,166.93740761124923,54.20296481046931
1555,X147,2251-E4-8_g_S22,0.001996007984031936,1,CNS,161.04000000000002,51.25,165.7636099735261,53.69050884607355
1675,X147,1661-E4-8_g_S22,0.0019471668722010004,1,Midgut,161.04000000000002,51.25,163.80926350385,57.29855558665629
2355,X147,920-E4-8_g_S22,0.0011033945609138767,1,Midgut,161.04000000000002,51.25,150.5285768792133,34.2350070826994
174,X148,1563-E4-8_g_S22,0.0020120724346076465,2,CNS,201.04000000000002,51.25,210.71473701293863,60.949801499882064
1071,X148,123-E4-8_g_S22,0.0020120724346076465,2,CNS,201.04000000000002,51.25,197.47688687653195,40.299089213329324
319,X148,835-E4-8_g_S22,0.0020120724346076465,2,Midgut,201.04000000000002,51.25,201.3615193274539,36.5311704389225
702,X148,1553-E4-8_g_S22,0.0020120724346076465,2,Midgut,201.04000000000002,51.25,197.599128326106,70.95178677490429
2204,X148,2480-E4-8_g_S22,0.0012325579256234082,2,CNS,201.04000000000002,51.25,198.04772845696937,47.51815207296188
23,X149,1887-E4-8_g_S22,0.0020120724346076465,3,Stomatogastric nervous system,241.04000000000002,51.25,238.98140556356068,64.89517817229392
205,X149,2001-E4-8_g_S22,0.0020120724346076465,3,CNS,241.04000000000002,51.25,229.23070641383546,50.733008715710476
889,X149,194-E4-8_g_S22,0.0020120724346076465,3,Foregut,241.04000000000002,51.25,231.38408737490118,51.73619632341322
2311,X149,274-E4-8_g_S22,0.0011683001233205662,3,Somatic muscle,241.04000000000002,51.25,248.87981605791808,50.045799196081326
2347,X149,1310-E4-8_g_S22,0.0011033945609138776,3,Fat body,241.04000000000002,51.25,256.72398458978466,38.83981759250099
139,X15,1810-E4-8_g_S22,0.0020120724346076465,1,Midgut,361.04,-188.75,349.45426214309197,-185.28072383622927
219,X15,618-E4-8_g_S22,0.0020120724346076465,1,Epidermis,361.04,-188.75,369.6875137257744,-199.04447963230277
593,X15,1441-E4-8_g_S22,0.0020120724346076465,1,Hemolymph cells,361.04,-188.75,370.14164954671566,-195.13823157354685
752,X15,1317-E4-8_g_S22,0.0020120724346076465,1,Somatic muscle,361.04,-188.75,363.77216268914594,-193.4493679845558
2444,X15,1635-E4-8_g_S22,0.0008437723112870799,1,Midgut,361.04,-188.75,352.14441189527156,-170.83719697336528
423,X150,520-E4-8_g_S22,0.0020120724346076465,1,Visceral muscle,281.04,51.25,280.5676213171159,50.48774711138796
290,X150,672-E4-8_g_S22,0.0020120724346076465,1,Somatic muscle,281.04,51.25,297.03644200357473,39.24525746938862
1851,X150,2481-E4-8_g_S22,0.0015269001168170555,1,CNS,281.04,51.25,275.5221919023053,62.847015871703654
1925,X150,496-E4-8_g_S22,0.0014279223729473634,1,Visceral muscle,281.04,51.25,274.4273460706272,65.72327336326698
2370,X150,2076-E4-8_g_S22,0.0010853868300265846,1,Hemolymph cells,281.04,51.25,277.646398706377,37.94670618425286
116,X151,1786-E4-8_g_S22,0.0020120724346076465,1,Midgut,321.04,51.25,337.95821491482786,40.58351022614764
1035,X151,370-E4-8_g_S22,0.0020120724346076465,1,Midgut,321.04,51.25,305.1982405088299,60.845589804830176
1052,X151,445-E4-8_g_S22,0.0020120724346076465,1,Midgut,321.04,51.25,321.27275325201924,50.91653911103822
263,X151,716-E4-8_g_S22,0.0020120724346076465,1,Somatic muscle,321.04,51.25,311.94275717175793,42.03159807269325
1881,X151,782-E4-8_g_S22,0.0014279223729475312,1,Midgut,321.04,51.25,328.8280341525642,61.87276278529089
28,X152,1842-E4-8_g_S22,0.0020120724346076465,1,Epidermis,361.04,51.25,366.804967331041,61.96145593207113
45,X152,1966-E4-8_g_S22,0.0020120724346076465,1,Visceral muscle,361.04,51.25,354.5343341180321,41.78840533345681
1664,X152,2146-E4-8_g_S22,0.001996007984031936,1,CNS,361.04,51.25,374.98780567021856,36.91616879596318
1926,X152,211-E4-8_g_S22,0.0014279223729473634,1,CNS,361.04,51.25,356.08205989404047,68.27152580083677
2265,X152,128-E4-8_g_S22,0.0011683001233205662,1,CNS,361.04,51.25,352.7908329866683,47.3124441376721
989,X153,85-E4-8_g_S22,0.0020120724346076465,3,CNS,401.04,51.25,412.3656188929783,35.57255038855077
1096,X153,121-E4-8_g_S22,0.0020120724346076465,3,CNS,401.04,51.25,408.34591961896496,35.00852855353037
150,X153,1577-E4-8_g_S22,0.0020120724346076465,3,Somatic muscle,401.04,51.25,399.6439517335914,70.70122196580184
295,X153,873-E4-8_g_S22,0.0020120724346076465,3,Midgut,401.04,51.25,401.2278650212051,53.897989766022235
1477,X153,2064-E4-8_g_S22,0.001996007984031936,3,CNS,401.04,51.25,383.6166447332608,61.06970932609466
217,X154,781-E4-8_g_S22,0.0020120724346076465,4,Epidermis,441.04,51.25,457.12933927975484,39.37005212381223
70,X154,1952-E4-8_g_S22,0.0020120724346076465,4,Hemolymph cells,441.04,51.25,447.9020442449874,51.2449525297854
176,X154,1947-E4-8_g_S22,0.0020120724346076465,4,Hemolymph cells,441.04,51.25,433.3311914239581,59.15032311560595
513,X154,1202-E4-8_g_S22,0.0020120724346076465,4,Visceral muscle,441.04,51.25,432.9749022876762,56.2267135448636
1449,X154,2466-E4-8_g_S22,0.001996007984031936,4,Epidermis,441.04,51.25,433.86252276362126,50.25795868593274
12,X155,1918-E4-8_g_S22,0.0020120724346076465,1,Visceral muscle,481.04,51.25,468.52102328534113,66.84728252029271
100,X155,1914-E4-8_g_S22,0.0020120724346076465,1,Epidermis,481.04,51.25,487.1707575283633,53.570060332931185
281,X155,798-E4-8_g_S22,0.0020120724346076465,1,Stomatogastric nervous system,481.04,51.25,485.2673560920949,49.69227726281741
438,X155,1345-E4-8_g_S22,0.0020120724346076465,1,Epidermis,481.04,51.25,482.1850487740368,43.64057616198087
618,X155,1445-E4-8_g_S22,0.0020120724346076465,1,Somatic muscle,481.04,51.25,482.055814320165,42.49980372197764
680,X156,1026-E4-8_g_S22,0.0020120724346076465,2,Epidermis,-438.96,91.25,-430.5506858957887,101.02192808994104
803,X156,1370-E4-8_g_S22,0.0020120724346076465,2,Epidermis,-438.96,91.25,-438.74378523880495,71.25116875472365
1269,X156,974-E4-8_g_S22,0.0020120724346076465,2,Epidermis,-438.96,91.25,-435.0432810989282,95.91316693010032
348,X156,1762-E4-8_g_S22,0.0020120724346076465,2,Salivary gland body,-438.96,91.25,-449.1885266161078,93.42540690356354
893,X156,296-E4-8_g_S22,0.0020120724346076465,2,Visceral branch,-438.96,91.25,-441.2737211503677,94.63832932167222
26,X157,1948-E4-8_g_S22,0.0020120724346076465,1,Somatic muscle,-398.96,91.25,-380.66350820646875,99.32702841701358
587,X157,1217-E4-8_g_S22,0.0020120724346076465,1,Midgut,-398.96,91.25,-399.30200471201044,79.2209202231065
669,X157,1050-E4-8_g_S22,0.0020120724346076465,1,Somatic muscle,-398.96,91.25,-411.02226622424485,91.1684599278941
726,X157,1893-E4-8_g_S22,0.0020120724346076465,1,Somatic muscle,-398.96,91.25,-400.4447250650828,82.39922091975761
984,X157,99-E4-8_g_S22,0.0020120724346076465,1,Trachea,-398.96,91.25,-403.3674957921967,104.1343705122282
380,X158,561-E4-8_g_S22,0.0020120724346076465,3,Visceral muscle,-358.96,91.25,-359.69211143393454,84.6199141989762
622,X158,1379-E4-8_g_S22,0.0020120724346076465,3,Epidermis,-358.96,91.25,-350.5826347885616,94.48314093508316
691,X158,1814-E4-8_g_S22,0.0020120724346076465,3,Salivary gland body,-358.96,91.25,-374.5814537620492,103.73880227884798
2057,X158,1312-E4-8_g_S22,0.0014279223729473634,3,Fat body,-358.96,91.25,-359.10623883667125,86.86225250000757
2294,X158,1361-E4-8_g_S22,0.0011683001233205662,3,Amnioserosa,-358.96,91.25,-350.83756117878386,86.54589008708494
169,X159,1982-E4-8_g_S22,0.0020120724346076465,4,Somatic muscle,-318.96,91.25,-300.9904275450893,100.03034542530736
228,X159,993-E4-8_g_S22,0.0020120724346076465,4,Somatic muscle,-318.96,91.25,-315.8639452292569,96.06593071273537
611,X159,1294-E4-8_g_S22,0.0020120724346076465,4,Amnioserosa,-318.96,91.25,-329.16102672461284,81.8753403309037
977,X159,143-E4-8_g_S22,0.0020120724346076465,4,CNS,-318.96,91.25,-315.43826695780774,95.2069721112001
1288,X159,610-E4-8_g_S22,0.0020120724346076465,4,Hemolymph cells,-318.96,91.25,-333.3463335432333,83.0714114198532
266,X16,651-E4-8_g_S22,0.0020120724346076465,1,Visceral muscle,401.04,-188.75,401.67341868673714,-197.0659888451183
842,X16,1439-E4-8_g_S22,0.0020120724346076465,1,Visceral muscle,401.04,-188.75,395.39106105048285,-170.07509948699382
1021,X16,270-E4-8_g_S22,0.0020120724346076465,1,Visceral muscle,401.04,-188.75,406.32565191419275,-203.13947820607154
129,X16,1941-E4-8_g_S22,0.0020120724346076465,1,Somatic muscle,401.04,-188.75,395.9229674304672,-169.41567876334054
152,X16,1844-E4-8_g_S22,0.0020120724346076465,1,Midgut,401.04,-188.75,405.88690091811924,-204.05375469847607
20,X160,1696-E4-8_g_S22,0.0020120724346076465,2,Salivary gland body,-278.96,91.25,-260.05080217317965,97.76477072092133
404,X160,519-E4-8_g_S22,0.0020120724346076465,2,Somatic muscle,-278.96,91.25,-263.48345741486935,89.34709154350826
737,X160,1998-E4-8_g_S22,0.0020120724346076465,2,Stomatogastric nervous system,-278.96,91.25,-293.58819302034465,86.67304690980005
1370,X160,2090-E4-8_g_S22,0.001996007984031936,2,CNS,-278.96,91.25,-288.73441548260615,92.61340816323754
1563,X160,2118-E4-8_g_S22,0.001996007984031936,2,CNS,-278.96,91.25,-288.9431319090007,89.85168266253271
1136,X161,94-E4-8_g_S22,0.0020120724346076465,2,CNS,-238.95999999999998,91.25,-255.04368847386016,103.13759711109935
229,X161,902-E4-8_g_S22,0.0020120724346076465,2,Visceral muscle,-238.95999999999998,91.25,-255.43589908068128,98.16314443633559
1677,X161,1954-E4-8_g_S22,0.0019471668722009592,2,Salivary gland body,-238.95999999999998,91.25,-224.31707880294886,81.46893023035814
1841,X161,1962-E4-8_g_S22,0.0015577334977607397,2,Salivary gland body,-238.95999999999998,91.25,-232.85149390478358,86.53338616002918
2354,X161,1980-E4-8_g_S22,0.0011033945609138771,2,Salivary gland body,-238.95999999999998,91.25,-227.15183973772616,86.94694206217781
177,X162,1793-E4-8_g_S22,0.0020120724346076465,1,Salivary gland body,-198.95999999999998,91.25,-191.14618090184115,75.03104635970696
720,X162,1863-E4-8_g_S22,0.0020120724346076465,1,Salivary gland body,-198.95999999999998,91.25,-191.96243538422252,72.51409624683082
250,X162,518-E4-8_g_S22,0.0020120724346076465,1,Somatic muscle,-198.95999999999998,91.25,-207.78919030299153,102.55163495938757
369,X162,855-E4-8_g_S22,0.0020120724346076465,1,Epidermis,-198.95999999999998,91.25,-200.00031660602292,102.7209092379402
594,X162,1444-E4-8_g_S22,0.0020120724346076465,1,Somatic muscle,-198.95999999999998,91.25,-203.90187680492213,103.43231319613439
109,X163,1716-E4-8_g_S22,0.0020120724346076465,1,Salivary gland body,-158.95999999999998,91.25,-148.71219843070512,83.13186044559536
1094,X163,200-E4-8_g_S22,0.0020120724346076465,1,Trachea,-158.95999999999998,91.25,-168.6847548687899,108.72653119878046
1149,X163,73-E4-8_g_S22,0.0020120724346076465,1,Foregut,-158.95999999999998,91.25,-166.74375382827716,108.63838541844962
1969,X163,1853-E4-8_g_S22,0.0014279223729473634,1,Salivary gland body,-158.95999999999998,91.25,-159.77619688253122,75.92595540986981
2349,X163,1619-E4-8_g_S22,0.0011033945609138776,1,Salivary gland body,-158.95999999999998,91.25,-150.8830959896965,79.82726752730463
826,X164,1039-E4-8_g_S22,0.0020120724346076465,1,Somatic muscle,-118.95999999999998,91.25,-100.28589013032696,84.08916062354552
1144,X164,312-E4-8_g_S22,0.0020120724346076465,1,Somatic muscle,-118.95999999999998,91.25,-105.77614701470658,91.48447261621634
1729,X164,1649-E4-8_g_S22,0.0018173557473875382,1,Salivary gland body,-118.95999999999998,91.25,-129.71674143927882,94.09290987225489
2013,X164,1903-E4-8_g_S22,0.0014279223729473634,1,Salivary gland body,-118.95999999999998,91.25,-129.51061070784385,93.29172844399166
2141,X164,1831-E4-8_g_S22,0.0013630168105406744,1,Salivary gland body,-118.95999999999998,91.25,-129.51061070784385,93.29172844399166
700,X165,1519-E4-8_g_S22,0.0020120724346076465,2,Salivary gland body,-78.95999999999998,91.25,-95.12279554174728,98.48164015847215
765,X165,1475-E4-8_g_S22,0.0020120724346076465,2,Salivary gland body,-78.95999999999998,91.25,-92.7698220262732,95.18604388193557
390,X165,753-E4-8_g_S22,0.0020120724346076465,2,Epidermis,-78.95999999999998,91.25,-77.35000138370788,88.09076654325665
413,X165,775-E4-8_g_S22,0.0020120724346076465,2,Epidermis,-78.95999999999998,91.25,-69.24979412031837,90.45871552151411
1441,X165,2203-E4-8_g_S22,0.001996007984031936,2,CNS,-78.95999999999998,91.25,-60.3075869279532,84.03283389482141
80,X166,2024-E4-8_g_S22,0.0020120724346076465,1,CNS,-38.95999999999998,91.25,-39.42964743405217,101.21952290266634
278,X166,956-E4-8_g_S22,0.0020120724346076465,1,Midgut,-38.95999999999998,91.25,-38.51219547571036,92.42774024713852
597,X166,1382-E4-8_g_S22,0.0020120724346076465,1,Midgut,-38.95999999999998,91.25,-46.06221569354102,86.02797641329389
1011,X166,441-E4-8_g_S22,0.0020120724346076465,1,Midgut,-38.95999999999998,91.25,-20.89332340143479,82.67123571352745
629,X166,1387-E4-8_g_S22,0.0020120724346076465,1,Visceral muscle,-38.95999999999998,91.25,-49.9026179952616,93.90352472337389
209,X167,1943-E4-8_g_S22,0.0020120724346076465,1,Epidermis,1.0400000000000205,91.25,-18.625105415223643,87.60532868311272
245,X167,678-E4-8_g_S22,0.0020120724346076465,1,Midgut,1.0400000000000205,91.25,9.804941823695156,97.50439482150314
1427,X167,2384-E4-8_g_S22,0.001996007984031936,1,CNS,1.0400000000000205,91.25,15.08559003547571,87.0242621847176
1495,X167,2134-E4-8_g_S22,0.001996007984031936,1,CNS,1.0400000000000205,91.25,-3.8265463475467323,97.36670014573403
1988,X167,1823-E4-8_g_S22,0.0014279223729473634,1,CNS,1.0400000000000205,91.25,2.7611199035996137,86.74931416493251
105,X168,1698-E4-8_g_S22,0.0020120724346076465,1,Midgut,41.04000000000002,91.25,41.19431901798814,87.71844229774923
146,X168,1521-E4-8_g_S22,0.0020120724346076465,1,Trachea,41.04000000000002,91.25,28.216837911467252,81.01275560846678
243,X168,530-E4-8_g_S22,0.0020120724346076465,1,Midgut,41.04000000000002,91.25,36.434776556603275,94.8002751215343
318,X168,581-E4-8_g_S22,0.0020120724346076465,1,Visceral muscle,41.04000000000002,91.25,38.48715502236517,98.84296404114323
2462,X168,2113-E4-8_g_S22,0.0007634500584085277,1,Hemolymph cells,41.04000000000002,91.25,60.8669114915763,93.87556293110646
207,X169,1642-E4-8_g_S22,0.0020120724346076465,4,Stomatogastric nervous system,81.04000000000002,91.25,74.56792470203045,110.17385376548371
392,X169,548-E4-8_g_S22,0.0020120724346076465,4,Visceral muscle,81.04000000000002,91.25,81.50954401427818,100.31731783774975
400,X169,959-E4-8_g_S22,0.0020120724346076465,4,Somatic muscle,81.04000000000002,91.25,70.21146207689283,90.50257351512441
436,X169,1161-E4-8_g_S22,0.0020120724346076465,4,Visceral muscle,81.04000000000002,91.25,91.95474708012846,76.35407557793252
674,X169,1129-E4-8_g_S22,0.0020120724346076465,4,Somatic muscle,81.04000000000002,91.25,86.95632212667014,78.90217930371
372,X17,614-E4-8_g_S22,0.0020120724346076465,1,Epidermis,441.04,-188.75,439.61940066339025,-197.42339337498137
410,X17,845-E4-8_g_S22,0.0020120724346076465,1,Epidermis,441.04,-188.75,438.6717959892968,-193.6780389058913
464,X17,1179-E4-8_g_S22,0.0020120724346076465,1,Midgut,441.04,-188.75,452.1365359269167,-172.1106823931194
632,X17,1114-E4-8_g_S22,0.0020120724346076465,1,Somatic muscle,441.04,-188.75,439.04725840617306,-182.89373175333458
699,X17,1803-E4-8_g_S22,0.0020120724346076465,1,Epidermis,441.04,-188.75,435.7250090142214,-197.64415357267242
344,X170,679-E4-8_g_S22,0.0020120724346076465,1,Midgut,121.04000000000002,91.25,120.69167147757273,78.1178713034484
355,X170,1699-E4-8_g_S22,0.0020120724346076465,1,Midgut,121.04000000000002,91.25,118.12683511424571,85.6197010697181
358,X170,1984-E4-8_g_S22,0.0020120724346076465,1,Salivary gland body,121.04000000000002,91.25,116.36029378197395,83.58516074611138
1044,X170,369-E4-8_g_S22,0.0020120724346076465,1,Somatic muscle,121.04000000000002,91.25,130.5490744871065,108.84481464519195
1419,X170,2196-E4-8_g_S22,0.001996007984031936,1,CNS,121.04000000000002,91.25,119.47212513910115,100.08245223553018
1095,X171,359-E4-8_g_S22,0.0020120724346076465,1,Trachea,161.04000000000002,91.25,158.5332259806177,84.87872937934856
17,X171,1949-E4-8_g_S22,0.0020120724346076465,1,Midgut,161.04000000000002,91.25,159.57717157555442,97.58369236465728
198,X171,1588-E4-8_g_S22,0.0020120724346076465,1,Somatic muscle,161.04000000000002,91.25,153.26161424558515,96.99776115271234
1913,X171,816-E4-8_g_S22,0.0014279223729473634,1,Visceral muscle,161.04000000000002,91.25,180.63742019161464,87.25736655410296
2056,X171,943-E4-8_g_S22,0.0014279223729473634,1,Visceral muscle,161.04000000000002,91.25,153.1905680066284,89.53245054917905
18,X172,1630-E4-8_g_S22,0.0020120724346076465,3,Foregut,201.04000000000002,91.25,196.53988274550497,83.9869446247518
128,X172,1971-E4-8_g_S22,0.0020120724346076465,3,Epidermis,201.04000000000002,91.25,207.97087821765703,110.0106750180266
282,X172,791-E4-8_g_S22,0.0020120724346076465,3,Somatic muscle,201.04000000000002,91.25,183.8288285346567,94.18239650228342
760,X172,1285-E4-8_g_S22,0.0020120724346076465,3,Epidermis,201.04000000000002,91.25,210.39189408075146,95.0024495834029
1050,X172,311-E4-8_g_S22,0.0020120724346076465,3,Visceral muscle,201.04000000000002,91.25,206.46851642143028,73.06753427153527
1115,X173,163-E4-8_g_S22,0.0020120724346076465,1,Visceral muscle,241.04000000000002,91.25,232.6475562934599,77.95481868741054
420,X173,650-E4-8_g_S22,0.0020120724346076465,1,Somatic muscle,241.04000000000002,91.25,253.61023342771566,83.36777954460143
550,X173,1330-E4-8_g_S22,0.0020120724346076465,1,Amnioserosa,241.04000000000002,91.25,238.7128144220903,111.11414375919509
784,X173,1323-E4-8_g_S22,0.0020120724346076465,1,Somatic muscle,241.04000000000002,91.25,246.7373411560899,104.43654097470782
968,X173,233-E4-8_g_S22,0.0020120724346076465,1,Somatic muscle,241.04000000000002,91.25,233.4920547006432,79.3767170340853
257,X174,551-E4-8_g_S22,0.0020120724346076465,2,Somatic muscle,281.04,91.25,292.02311168246905,81.00578066891968
577,X174,1421-E4-8_g_S22,0.0020120724346076465,2,Somatic muscle,281.04,91.25,272.89824471113997,98.50460710124918
643,X174,1640-E4-8_g_S22,0.0020120724346076465,2,Midgut,281.04,91.25,292.3775421273515,74.77395258229296
1590,X174,2174-E4-8_g_S22,0.001996007984031936,2,Hemolymph cells,281.04,91.25,272.1252982295045,101.10372117122776
2455,X174,2038-E4-8_g_S22,0.0007634500584085277,2,Visceral branch,281.04,91.25,275.7758032495342,100.86193847631029
642,X175,1738-E4-8_g_S22,0.0020120724346076465,4,Midgut,321.04,91.25,330.3660558270659,97.1626976702533
633,X175,1170-E4-8_g_S22,0.0020120724346076465,4,Visceral muscle,321.04,91.25,318.0020150111823,77.86354757525805
986,X175,280-E4-8_g_S22,0.0020120724346076465,4,Epidermis,321.04,91.25,327.5312214374081,110.16729484494373
1534,X175,2497-E4-8_g_S22,0.001996007984031936,4,Foregut,321.04,91.25,319.34964529920484,95.92911958774567
2302,X175,1743-E4-8_g_S22,0.0011683001233205662,4,Foregut,321.04,91.25,309.95106242513873,75.12734032179921
672,X176,1434-E4-8_g_S22,0.0020120724346076465,2,CNS,361.04,91.25,368.5532432237807,77.79414370915262
890,X176,74-E4-8_g_S22,0.0020120724346076465,2,CNS,361.04,91.25,368.5532432237807,77.79414370915262
1255,X176,821-E4-8_g_S22,0.0020120724346076465,2,Trachea,361.04,91.25,355.93191277394357,100.00276024851269
78,X176,1730-E4-8_g_S22,0.0020120724346076465,2,Epidermis,361.04,91.25,359.75167373535714,91.36672850242171
2119,X176,2522-E4-8_g_S22,0.0013797290212202318,2,Stomatogastric nervous system,361.04,91.25,352.4099270431389,109.29222383076028
1006,X177,120-E4-8_g_S22,0.0020120724346076465,2,CNS,401.04,91.25,393.06193352099035,72.91014026071893
239,X177,523-E4-8_g_S22,0.0020120724346076465,2,Foregut,401.04,91.25,411.1124414088566,98.8624423482594
498,X177,1327-E4-8_g_S22,0.0020120724346076465,2,Visceral branch,401.04,91.25,393.1377378542203,101.3634692538078
730,X177,1549-E4-8_g_S22,0.0020120724346076465,2,Midgut,401.04,91.25,402.25971146491094,78.70720899970904
1560,X177,2295-E4-8_g_S22,0.001996007984031936,2,Hemolymph cells,401.04,91.25,405.6281757510219,104.406739137505
95,X178,1570-E4-8_g_S22,0.0020120724346076465,1,CNS,441.04,91.25,434.15671842094343,106.9136011161523
271,X178,557-E4-8_g_S22,0.0020120724346076465,1,Amnioserosa,441.04,91.25,435.82190597012357,110.55729123143296
536,X178,1102-E4-8_g_S22,0.0020120724346076465,1,Amnioserosa,441.04,91.25,438.8962427397189,82.44734886272256
621,X178,1429-E4-8_g_S22,0.0020120724346076465,1,Fat body,441.04,91.25,455.1488449062802,82.99592789680611
1611,X178,2290-E4-8_g_S22,0.001996007984031936,1,CNS,441.04,91.25,441.176287962934,73.33583089288621
476,X179,1228-E4-8_g_S22,0.0020120724346076465,4,Epidermis,-398.96,131.25,-404.3314851340996,133.65324970028175
9,X179,1794-E4-8_g_S22,0.0020120724346076465,4,Salivary gland body,-398.96,131.25,-393.2856076966085,132.53212356167552
708,X179,1702-E4-8_g_S22,0.0020120724346076465,4,Salivary gland body,-398.96,131.25,-379.2692220758873,134.753321958267
1626,X179,2077-E4-8_g_S22,0.001996007984031936,4,Epidermis,-398.96,131.25,-410.51055309931405,124.72831381131591
1652,X179,2401-E4-8_g_S22,0.001996007984031936,4,Epidermis,-398.96,131.25,-407.4031319940895,130.58299096845937
212,X18,1905-E4-8_g_S22,0.0020120724346076465,1,Midgut,-398.96,-148.75,-395.0054402423303,-155.2769221982896
294,X18,934-E4-8_g_S22,0.0020120724346076465,1,Somatic muscle,-398.96,-148.75,-398.8297198957901,-152.34152377275436
310,X18,559-E4-8_g_S22,0.0020120724346076465,1,Somatic muscle,-398.96,-148.75,-399.9703289604231,-156.08217555439742
471,X18,1394-E4-8_g_S22,0.0020120724346076465,1,Somatic muscle,-398.96,-148.75,-399.53604841889063,-151.1427069560212
1498,X18,2230-E4-8_g_S22,0.001996007984031936,1,Stomatogastric nervous system,-398.96,-148.75,-401.4584624825667,-128.90667151853785
667,X180,1450-E4-8_g_S22,0.0020120724346076465,1,Amnioserosa,-358.96,131.25,-357.30478202808274,149.96292910211815
135,X180,1929-E4-8_g_S22,0.0020120724346076465,1,Epidermis,-358.96,131.25,-364.11199609712986,111.92496607466991
193,X180,1930-E4-8_g_S22,0.0020120724346076465,1,Epidermis,-358.96,131.25,-359.5568480306062,147.59440227524422
421,X180,906-E4-8_g_S22,0.0020120724346076465,1,Visceral muscle,-358.96,131.25,-349.62972619149525,120.3764032423343
2210,X180,2068-E4-8_g_S22,0.0012325579256234082,1,CNS,-358.96,131.25,-364.19664765268504,126.39129930563371
656,X181,1895-E4-8_g_S22,0.0020120724346076465,1,Visceral muscle,-318.96,131.25,-310.2623538678298,139.2646294505201
38,X181,1856-E4-8_g_S22,0.0020120724346076465,1,Hemolymph cells,-318.96,131.25,-317.6007301183169,141.25448484777402
558,X181,1375-E4-8_g_S22,0.0020120724346076465,1,Stomatogastric nervous system,-318.96,131.25,-323.9490315558426,124.84787077800681
1667,X181,2179-E4-8_g_S22,0.001996007984031936,1,CNS,-318.96,131.25,-326.0666204072127,112.5551893192847
2067,X181,385-E4-8_g_S22,0.001427922372947363,1,Midgut,-318.96,131.25,-316.9212640507962,138.3278256044136
662,X182,2023-E4-8_g_S22,0.0020120724346076465,2,CNS,-278.96,131.25,-278.2461086249049,126.3148551289201
1429,X182,2353-E4-8_g_S22,0.001996007984031936,2,CNS,-278.96,131.25,-278.77055238984184,141.7142116828411
1482,X182,2135-E4-8_g_S22,0.001996007984031936,2,CNS,-278.96,131.25,-275.0322670472066,132.8661616826628
1761,X182,1697-E4-8_g_S22,0.0017524501849808492,2,Salivary gland body,-278.96,131.25,-273.4905424454044,112.01240571021216
1955,X182,53-E4-8_g_S22,0.0014279223729473634,2,CNS,-278.96,131.25,-289.260529492642,143.34236579536326
794,X183,1060-E4-8_g_S22,0.0020120724346076465,4,Epidermis,-238.95999999999998,131.25,-246.07260865501192,149.94253321839096
911,X183,147-E4-8_g_S22,0.0020120724346076465,4,Epidermis,-238.95999999999998,131.25,-234.32240567031704,134.09757897820464
275,X183,527-E4-8_g_S22,0.0020120724346076465,4,Somatic muscle,-238.95999999999998,131.25,-234.18122108029422,126.49272594296923
646,X183,1592-E4-8_g_S22,0.0020120724346076465,4,Salivary gland body,-238.95999999999998,131.25,-236.78147997811624,117.41725254972114
993,X183,208-E4-8_g_S22,0.0020120724346076465,4,Foregut,-238.95999999999998,131.25,-243.44228461626008,128.29990931071404
1157,X184,16-E4-8_g_S22,0.0020120724346076465,1,Hemolymph cells,-198.95999999999998,131.25,-185.26198909832505,116.67726870701328
247,X184,926-E4-8_g_S22,0.0020120724346076465,1,Somatic muscle,-198.95999999999998,131.25,-206.60770265880063,133.648004479772
490,X184,1113-E4-8_g_S22,0.0020120724346076465,1,Somatic muscle,-198.95999999999998,131.25,-204.18265665673607,137.54869809244207
652,X184,1818-E4-8_g_S22,0.0020120724346076465,1,Somatic muscle,-198.95999999999998,131.25,-203.50418713829316,135.0893104224949
1081,X184,268-E4-8_g_S22,0.0020120724346076465,1,CNS,-198.95999999999998,131.25,-195.24346444784493,133.2867182982776
127,X185,1735-E4-8_g_S22,0.0020120724346076465,1,Somatic muscle,-158.95999999999998,131.25,-139.03753981275275,133.0094260676564
447,X185,1351-E4-8_g_S22,0.0020120724346076465,1,Midgut,-158.95999999999998,131.25,-166.46405278335965,120.22669212826023
1005,X185,411-E4-8_g_S22,0.0020120724346076465,1,Somatic muscle,-158.95999999999998,131.25,-175.8721791721147,121.03295213067673
1217,X185,664-E4-8_g_S22,0.0020120724346076465,1,Midgut,-158.95999999999998,131.25,-163.65483509792384,133.02471875066323
1838,X185,589-E4-8_g_S22,0.0015577334977607432,1,Amnioserosa,-158.95999999999998,131.25,-149.77139313384836,148.9562109227432
34,X186,1562-E4-8_g_S22,0.0020120724346076465,2,Salivary gland body,-118.95999999999998,131.25,-120.44601353090371,122.86293316580857
659,X186,1591-E4-8_g_S22,0.0020120724346076465,2,Salivary gland body,-118.95999999999998,131.25,-116.28459741255841,124.83692037756352
788,X186,1511-E4-8_g_S22,0.0020120724346076465,2,Salivary gland body,-118.95999999999998,131.25,-117.88919325258868,128.09728086709532
416,X186,898-E4-8_g_S22,0.0020120724346076465,2,Visceral muscle,-118.95999999999998,131.25,-118.24141098710125,151.23708657685108
1043,X186,126-E4-8_g_S22,0.0020120724346076465,2,Trachea,-118.95999999999998,131.25,-121.93878481684789,129.21577901268165
453,X187,1650-E4-8_g_S22,0.0020120724346076465,1,Salivary gland body,-78.95999999999998,131.25,-95.29326498314259,119.70771014960864
394,X187,690-E4-8_g_S22,0.0020120724346076465,1,Trachea,-78.95999999999998,131.25,-72.23676037594294,140.57952699018747
1597,X187,2150-E4-8_g_S22,0.001996007984031936,1,CNS,-78.95999999999998,131.25,-74.59426176045248,136.75676520349367
1721,X187,122-E4-8_g_S22,0.001817355747387583,1,CNS,-78.95999999999998,131.25,-70.70250142624344,132.46872268909985
2171,X187,2175-E4-8_g_S22,0.0012601525060478179,1,Epidermis,-78.95999999999998,131.25,-81.97321145421836,126.73727496761053
121,X188,1991-E4-8_g_S22,0.0020120724346076465,1,CNS,-38.95999999999998,131.25,-37.415855999085856,116.96614791954575
251,X188,592-E4-8_g_S22,0.0020120724346076465,1,Midgut,-38.95999999999998,131.25,-45.69697830262661,122.55508553997973
613,X188,1383-E4-8_g_S22,0.0020120724346076465,1,Somatic muscle,-38.95999999999998,131.25,-45.8076500780811,131.87281018260722
1171,X188,364-E4-8_g_S22,0.0020120724346076465,1,Midgut,-38.95999999999998,131.25,-30.079695253877475,149.1703846949778
1313,X188,764-E4-8_g_S22,0.0020120724346076465,1,Visceral muscle,-38.95999999999998,131.25,-35.79982036632895,135.68557166288952
62,X189,1763-E4-8_g_S22,0.0020120724346076465,1,Midgut,1.0400000000000205,131.25,-11.600598114756282,122.57477320370666
138,X189,1686-E4-8_g_S22,0.0020120724346076465,1,Midgut,1.0400000000000205,131.25,-8.950000120385955,118.36142285988088
395,X189,908-E4-8_g_S22,0.0020120724346076465,1,Somatic muscle,1.0400000000000205,131.25,20.216120378567478,136.93123289671263
599,X189,1256-E4-8_g_S22,0.0020120724346076465,1,Somatic muscle,1.0400000000000205,131.25,8.787864903823191,147.20744762585696
1414,X189,2327-E4-8_g_S22,0.001996007984031936,1,Visceral muscle,1.0400000000000205,131.25,-3.253387047248345,131.17512341384298
938,X19,75-E4-8_g_S22,0.0020120724346076465,1,CNS,-358.96,-148.75,-359.19676064852956,-153.00791168238254
203,X19,1816-E4-8_g_S22,0.0020120724346076465,1,Midgut,-358.96,-148.75,-371.6063967800916,-152.63032045855184
564,X19,421-E4-8_g_S22,0.0020120724346076465,1,Somatic muscle,-358.96,-148.75,-352.7170540103349,-162.8633704304142
625,X19,1138-E4-8_g_S22,0.0020120724346076465,1,Midgut,-358.96,-148.75,-370.00563378947885,-135.83707391709493
1324,X19,2430-E4-8_g_S22,0.001996007984031936,1,CNS,-358.96,-148.75,-341.274154771565,-139.41132351155457
102,X190,1625-E4-8_g_S22,0.0020120724346076465,1,Midgut,41.04000000000002,131.25,27.869427821025255,122.25067682150578
568,X190,1456-E4-8_g_S22,0.0020120724346076465,1,Midgut,41.04000000000002,131.25,52.84209320366349,142.2354704669556
46,X190,1600-E4-8_g_S22,0.0020120724346076465,1,Somatic muscle,41.04000000000002,131.25,28.863897654570145,137.95143754385538
259,X190,808-E4-8_g_S22,0.0020120724346076465,1,Epidermis,41.04000000000002,131.25,40.609989573748734,136.87013285796795
475,X190,1214-E4-8_g_S22,0.0020120724346076465,1,Somatic muscle,41.04000000000002,131.25,55.01459174699234,116.94228230971501
112,X191,1784-E4-8_g_S22,0.0020120724346076465,1,Salivary gland body,81.04000000000002,131.25,75.18985908907351,147.8846774039149
630,X191,1136-E4-8_g_S22,0.0020120724346076465,1,Somatic muscle,81.04000000000002,131.25,76.0137893713514,118.13018511644594
661,X191,1965-E4-8_g_S22,0.0020120724346076465,1,Foregut,81.04000000000002,131.25,89.87650679082826,113.30797815920273
950,X191,357-E4-8_g_S22,0.0020120724346076465,1,Somatic muscle,81.04000000000002,131.25,76.29561305061202,142.72831516469114
1013,X191,190-E4-8_g_S22,0.0020120724346076465,1,CNS,81.04000000000002,131.25,87.82423169813518,134.1988441557454
293,X192,961-E4-8_g_S22,0.0020120724346076465,2,Visceral branch,121.04000000000002,131.25,125.92003473050997,132.18787537772394
35,X192,1584-E4-8_g_S22,0.0020120724346076465,2,Somatic muscle,121.04000000000002,131.25,122.89470467707349,125.90590760523504
199,X192,1817-E4-8_g_S22,0.0020120724346076465,2,CNS,121.04000000000002,131.25,111.7776176412373,137.5745972778283
443,X192,1275-E4-8_g_S22,0.0020120724346076465,2,Epidermis,121.04000000000002,131.25,114.99444223823782,147.40093709033619
1032,X192,238-E4-8_g_S22,0.0020120724346076465,2,CNS,121.04000000000002,131.25,129.6132007129415,113.18068264887631
25,X193,1631-E4-8_g_S22,0.0020120724346076465,2,Salivary gland body,161.04000000000002,131.25,163.1532897837998,151.13803676308166
312,X193,933-E4-8_g_S22,0.0020120724346076465,2,Somatic muscle,161.04000000000002,131.25,162.0445427123024,136.34720388650936
839,X193,1200-E4-8_g_S22,0.0020120724346076465,2,Midgut,161.04000000000002,131.25,152.77187728974042,120.57873757102543
2051,X193,912-E4-8_g_S22,0.0014279223729473634,2,Somatic muscle,161.04000000000002,131.25,166.0713165068822,126.96352897002137
2289,X193,1244-E4-8_g_S22,0.0011683001233205662,2,Somatic muscle,161.04000000000002,131.25,161.15897370727563,121.22249280936218
1200,X194,661-E4-8_g_S22,0.0020120724346076465,2,Visceral branch,201.04000000000002,131.25,194.0605336896982,134.61203614526661
823,X194,1058-E4-8_g_S22,0.0020120724346076465,2,Somatic muscle,201.04000000000002,131.25,195.1058968370132,124.7164674735432
1880,X194,2192-E4-8_g_S22,0.0014625127624933775,2,Hemolymph cells,201.04000000000002,131.25,212.5299242570219,147.62014479373656
2025,X194,1771-E4-8_g_S22,0.0014279223729473634,2,Foregut,201.04000000000002,131.25,208.57144022134307,126.81325144344537
2332,X194,2272-E4-8_g_S22,0.0011497741843502626,2,CNS,201.04000000000002,131.25,194.9322049949241,122.48810014400824
163,X195,1663-E4-8_g_S22,0.0020120724346076465,1,Epidermis,241.04000000000002,131.25,253.20998448435782,131.05437119803338
388,X195,625-E4-8_g_S22,0.0020120724346076465,1,Epidermis,241.04000000000002,131.25,250.43320944893009,122.57570844408647
671,X195,1122-E4-8_g_S22,0.0020120724346076465,1,Epidermis,241.04000000000002,131.25,230.96614982460557,148.5276602190142
1027,X195,184-E4-8_g_S22,0.0020120724346076465,1,Epidermis,241.04000000000002,131.25,224.98577904862375,120.17008052072997
1259,X195,600-E4-8_g_S22,0.0020120724346076465,1,Epidermis,241.04000000000002,131.25,245.60487719348305,133.92217961813637
1163,X196,36-E4-8_g_S22,0.0020120724346076465,3,Stomatogastric nervous system,281.04,131.25,288.83685431621296,149.66762913004146
727,X196,1851-E4-8_g_S22,0.0020120724346076465,3,Epidermis,281.04,131.25,278.40808710952325,142.94416573734202
1897,X196,2003-E4-8_g_S22,0.0014279223729473638,3,Stomatogastric nervous system,281.04,131.25,275.92907773576724,123.14994819948663
1998,X196,1101-E4-8_g_S22,0.0014279223729473634,3,Midgut,281.04,131.25,283.8343807023688,121.36175952609085
2323,X196,1713-E4-8_g_S22,0.0011683001233205657,3,Midgut,281.04,131.25,278.191600136128,119.12649740703908
315,X197,842-E4-8_g_S22,0.0020120724346076465,2,Epidermis,321.04,131.25,307.16656907947896,123.38090477025611
631,X197,1088-E4-8_g_S22,0.0020120724346076465,2,Epidermis,321.04,131.25,335.0473514109377,137.80998387563193
748,X197,1222-E4-8_g_S22,0.0020120724346076465,2,Epidermis,321.04,131.25,312.0901159393149,130.60463014759188
946,X197,323-E4-8_g_S22,0.0020120724346076465,2,Epidermis,321.04,131.25,310.2166145309957,129.42348010712664
1210,X197,940-E4-8_g_S22,0.0020120724346076465,2,Epidermis,321.04,131.25,340.67934903927284,135.03100109939345
79,X198,1862-E4-8_g_S22,0.0020120724346076465,2,Epidermis,361.04,131.25,366.390555201597,127.4393910075522
292,X198,991-E4-8_g_S22,0.0020120724346076465,2,Epidermis,361.04,131.25,353.9486905322242,133.15365913879836
560,X198,1290-E4-8_g_S22,0.0020120724346076465,2,Epidermis,361.04,131.25,372.36655963969366,126.93292270157602
140,X198,1805-E4-8_g_S22,0.0020120724346076465,2,Midgut,361.04,131.25,368.145204030383,126.45539724273364
624,X198,1240-E4-8_g_S22,0.0020120724346076465,2,Epidermis,361.04,131.25,344.34899059610245,142.26862990934006
666,X199,1539-E4-8_g_S22,0.0020120724346076465,1,Epidermis,401.04,131.25,401.3079358891064,137.2574680517564
670,X199,1250-E4-8_g_S22,0.0020120724346076465,1,Epidermis,401.04,131.25,403.80324433621627,139.3858179472107
872,X199,112-E4-8_g_S22,0.0020120724346076465,1,Epidermis,401.04,131.25,404.14988082581846,111.49326339576278
1390,X199,2524-E4-8_g_S22,0.001996007984031936,1,Epidermis,401.04,131.25,393.3249043022121,131.67335643382788
1456,X199,2406-E4-8_g_S22,0.001996007984031936,1,Epidermis,401.04,131.25,402.6140346466476,136.44009417144213
76,X2,1996-E4-8_g_S22,0.0020120724346076465,1,Visceral branch,-238.95999999999998,-188.75,-244.24304236125127,-185.3495342704157
283,X2,852-E4-8_g_S22,0.0020120724346076465,1,Visceral muscle,-238.95999999999998,-188.75,-238.35417713619978,-194.6666986077522
289,X2,883-E4-8_g_S22,0.0020120724346076465,1,Trachea,-238.95999999999998,-188.75,-238.48622206446433,-194.49968256657246
604,X2,1307-E4-8_g_S22,0.0020120724346076465,1,Epidermis,-238.95999999999998,-188.75,-235.46876323078027,-200.4713996409144
1785,X2,1467-E4-8_g_S22,0.0017524501849808488,1,CNS,-238.95999999999998,-188.75,-238.24779520730402,-168.7626849143448
213,X20,733-E4-8_g_S22,0.0020120724346076465,1,Somatic muscle,-318.96,-148.75,-310.08598551143683,-151.97885282756803
351,X20,1597-E4-8_g_S22,0.0020120724346076465,1,Midgut,-318.96,-148.75,-323.9628784122606,-148.2582826757216
1468,X20,2371-E4-8_g_S22,0.001996007984031936,1,CNS,-318.96,-148.75,-317.821813525445,-163.85690947116018
1665,X20,2375-E4-8_g_S22,0.001996007984031936,1,CNS,-318.96,-148.75,-329.7809787787585,-131.93017781694297
2480,X20,2357-E4-8_g_S22,0.0006162789628117041,1,CNS,-318.96,-148.75,-313.1483437721013,-147.72577720860644
412,X200,865-E4-8_g_S22,0.0020120724346076465,2,Fat body,-318.96,171.25,-323.3654482259923,175.74528774112443
29,X200,1889-E4-8_g_S22,0.0020120724346076465,2,Epidermis,-318.96,171.25,-318.1871622047415,176.77422496218878
516,X200,1353-E4-8_g_S22,0.0020120724346076465,2,Trachea,-318.96,171.25,-318.6340952782843,175.4981476188925
682,X200,1127-E4-8_g_S22,0.0020120724346076465,2,Visceral muscle,-318.96,171.25,-305.8174225918221,156.17443503313882
1428,X200,2148-E4-8_g_S22,0.001996007984031936,2,Hemolymph cells,-318.96,171.25,-328.79587169915675,172.0579046446564
16,X201,1694-E4-8_g_S22,0.0020120724346076465,2,Epidermis,-278.96,171.25,-268.69729332409486,175.39671308372505
327,X201,540-E4-8_g_S22,0.0020120724346076465,2,Epidermis,-278.96,171.25,-273.29543824431266,168.5120128140222
655,X201,1878-E4-8_g_S22,0.0020120724346076465,2,Epidermis,-278.96,171.25,-276.59952833010766,151.38978415284376
745,X201,1304-E4-8_g_S22,0.0020120724346076465,2,Epidermis,-278.96,171.25,-291.86553791435745,176.40903173837967
761,X201,1076-E4-8_g_S22,0.0020120724346076465,2,Epidermis,-278.96,171.25,-284.34220218712727,184.54245821102904
141,X202,1907-E4-8_g_S22,0.0020120724346076465,1,Epidermis,-238.95999999999998,171.25,-237.51145482570493,176.67891251268688
1559,X202,2231-E4-8_g_S22,0.001996007984031936,1,CNS,-238.95999999999998,171.25,-237.21659467497332,175.45097370116687
1844,X202,2158-E4-8_g_S22,0.0015269001168170555,1,CNS,-238.95999999999998,171.25,-235.74050202467527,173.84133537760533
1916,X202,82-E4-8_g_S22,0.0014279223729473634,1,CNS,-238.95999999999998,171.25,-236.55113264234802,176.97876527813224
2470,X202,2250-E4-8_g_S22,0.0007082608975597917,1,CNS,-238.95999999999998,171.25,-247.78031583229858,153.30001313040864
432,X203,1192-E4-8_g_S22,0.0020120724346076465,1,Epidermis,-198.95999999999998,171.25,-193.4555618368526,175.2913538411764
563,X203,1766-E4-8_g_S22,0.0020120724346076465,1,Foregut,-198.95999999999998,171.25,-191.904021998239,189.96398339313853
657,X203,1910-E4-8_g_S22,0.0020120724346076465,1,Salivary gland body,-198.95999999999998,171.25,-217.53720855447642,164.58133823014973
790,X203,1264-E4-8_g_S22,0.0020120724346076465,1,Somatic muscle,-198.95999999999998,171.25,-190.57689315647434,171.5850573059183
1393,X203,2227-E4-8_g_S22,0.001996007984031936,1,CNS,-198.95999999999998,171.25,-201.32631445396365,154.82826722961767
72,X204,1708-E4-8_g_S22,0.0020120724346076465,2,Epidermis,-158.95999999999998,171.25,-148.98383480097047,188.58424725569796
113,X204,1712-E4-8_g_S22,0.0020120724346076465,2,Epidermis,-158.95999999999998,171.25,-171.09955193110022,162.58810701352718
287,X204,981-E4-8_g_S22,0.0020120724346076465,2,Midgut,-158.95999999999998,171.25,-152.51045923258454,153.58915321233422
377,X204,590-E4-8_g_S22,0.0020120724346076465,2,Epidermis,-158.95999999999998,171.25,-160.39528963892639,184.46980835797535
1655,X204,2503-E4-8_g_S22,0.001996007984031936,2,CNS,-158.95999999999998,171.25,-161.81086439641746,167.01868416046582
870,X205,353-E4-8_g_S22,0.0020120724346076465,4,Visceral branch,-118.95999999999998,171.25,-111.76784036776252,176.270401121171
1084,X205,478-E4-8_g_S22,0.0020120724346076465,4,Visceral muscle,-118.95999999999998,171.25,-131.9675199537162,156.0577511653582
1289,X205,662-E4-8_g_S22,0.0020120724346076465,4,Epidermis,-118.95999999999998,171.25,-123.17125152431034,185.280854785844
1605,X205,2358-E4-8_g_S22,0.001996007984031936,4,CNS,-118.95999999999998,171.25,-114.8061133361648,159.5789853184813
2169,X205,1590-E4-8_g_S22,0.0012981112481338579,4,Visceral branch,-118.95999999999998,171.25,-113.08727481804607,179.06200760914598
1,X206,1857-E4-8_g_S22,0.0020120724346076465,1,Epidermis,-78.95999999999998,171.25,-65.15894048044339,173.3840513366869
63,X206,1813-E4-8_g_S22,0.0020120724346076465,1,Somatic muscle,-78.95999999999998,171.25,-95.87808514604855,172.73251616869885
408,X206,988-E4-8_g_S22,0.0020120724346076465,1,Epidermis,-78.95999999999998,171.25,-71.068023430162,189.62707010981697
581,X206,1501-E4-8_g_S22,0.0020120724346076465,1,Epidermis,-78.95999999999998,171.25,-75.42911618041717,153.3359798354757
799,X206,1448-E4-8_g_S22,0.0020120724346076465,1,Stomatogastric nervous system,-78.95999999999998,171.25,-87.26583476292782,167.17038254932157
56,X207,1881-E4-8_g_S22,0.0020120724346076465,3,Salivary gland body,-38.95999999999998,171.25,-39.494906940780595,171.86730176478224
523,X207,1366-E4-8_g_S22,0.0020120724346076465,3,Epidermis,-38.95999999999998,171.25,-40.581841909505435,182.6304194697067
885,X207,495-E4-8_g_S22,0.0020120724346076465,3,Midgut,-38.95999999999998,171.25,-37.07699127063964,167.88692046655538
1343,X207,2222-E4-8_g_S22,0.001996007984031936,3,Hemolymph cells,-38.95999999999998,171.25,-37.40520230484125,151.310526483201
1410,X207,2501-E4-8_g_S22,0.001996007984031936,3,Epidermis,-38.95999999999998,171.25,-40.24105757423284,182.55483181575505
812,X208,1401-E4-8_g_S22,0.0020120724346076465,3,Epidermis,1.0400000000000205,171.25,-1.2522811700068504,183.9650387159455
323,X208,946-E4-8_g_S22,0.0020120724346076465,3,Somatic muscle,1.0400000000000205,171.25,-5.032475436272284,158.78482714876327
382,X208,660-E4-8_g_S22,0.0020120724346076465,3,Visceral muscle,1.0400000000000205,171.25,6.657006302014874,152.0549683458681
688,X208,1557-E4-8_g_S22,0.0020120724346076465,3,Somatic muscle,1.0400000000000205,171.25,7.872505658867401,184.64660282569284
1971,X208,1838-E4-8_g_S22,0.0014279223729473634,3,Salivary gland body,1.0400000000000205,171.25,-3.044755354603036,176.7985629637298
119,X209,1848-E4-8_g_S22,0.0020120724346076465,1,Epidermis,41.04000000000002,171.25,33.65375626132813,152.66389219247532
191,X209,1935-E4-8_g_S22,0.0020120724346076465,1,Somatic muscle,41.04000000000002,171.25,41.1218504251308,177.37946428150593
606,X209,1186-E4-8_g_S22,0.0020120724346076465,1,Somatic muscle,41.04000000000002,171.25,40.647265310503556,176.92353215694322
779,X209,1174-E4-8_g_S22,0.0020120724346076465,1,Somatic muscle,41.04000000000002,171.25,44.69638981650357,175.69822735595682
1232,X209,564-E4-8_g_S22,0.0020120724346076465,1,Somatic muscle,41.04000000000002,171.25,45.08073818653412,173.58488401311908
1131,X21,199-E4-8_g_S22,0.0020120724346076465,1,Fat body,-278.96,-148.75,-269.92354229110794,-166.5921532353975
81,X21,1832-E4-8_g_S22,0.0020120724346076465,1,Midgut,-278.96,-148.75,-288.4350022236168,-143.0165971712034
774,X21,1166-E4-8_g_S22,0.0020120724346076465,1,Visceral muscle,-278.96,-148.75,-269.17849762941506,-151.6260492606329
1496,X21,2246-E4-8_g_S22,0.001996007984031936,1,CNS,-278.96,-148.75,-288.9632375203869,-143.151783530584
1711,X21,2241-E4-8_g_S22,0.0018488368884351123,1,CNS,-278.96,-148.75,-278.29972033547415,-139.36341680218223
43,X210,1758-E4-8_g_S22,0.0020120724346076465,1,Salivary gland body,81.04000000000002,171.25,83.33786705995475,176.82493357801025
844,X210,1117-E4-8_g_S22,0.0020120724346076465,1,Visceral muscle,81.04000000000002,171.25,76.23521091956428,177.08317474489317
131,X210,1767-E4-8_g_S22,0.0020120724346076465,1,Visceral branch,81.04000000000002,171.25,76.08966195084703,163.4470038615624
326,X210,1009-E4-8_g_S22,0.0020120724346076465,1,Epidermis,81.04000000000002,171.25,100.49689996138373,175.8791515305406
1764,X210,1-E4-8_g_S22,0.0017524501849808492,1,Visceral muscle,81.04000000000002,171.25,69.04036010825047,163.0157362849939
277,X211,996-E4-8_g_S22,0.0020120724346076465,4,Epidermis,121.04000000000002,171.25,122.65641572778117,162.10708780510058
807,X211,1147-E4-8_g_S22,0.0020120724346076465,4,Epidermis,121.04000000000002,171.25,111.05012621209512,182.3092650501254
921,X211,467-E4-8_g_S22,0.0020120724346076465,4,Epidermis,121.04000000000002,171.25,109.90773456208181,187.86543457811837
1651,X211,2387-E4-8_g_S22,0.001996007984031936,4,Epidermis,121.04000000000002,171.25,129.79330363496126,160.53971747148998
1715,X211,2229-E4-8_g_S22,0.0018488368884351123,4,Epidermis,121.04000000000002,171.25,131.7924198630804,163.42849509516603
641,X212,1680-E4-8_g_S22,0.0020120724346076465,2,Foregut,161.04000000000002,171.25,167.94051105368573,177.19857745409763
967,X212,222-E4-8_g_S22,0.0020120724346076465,2,Midgut,161.04000000000002,171.25,167.92333220053882,176.85210704525863
110,X212,1876-E4-8_g_S22,0.0020120724346076465,2,Somatic muscle,161.04000000000002,171.25,148.45239424238812,186.79194908275457
678,X212,1282-E4-8_g_S22,0.0020120724346076465,2,Somatic muscle,161.04000000000002,171.25,162.96157826153652,156.92695688095682
835,X212,1234-E4-8_g_S22,0.0020120724346076465,2,Somatic muscle,161.04000000000002,171.25,157.92218424185046,158.48040953693186
502,X213,1340-E4-8_g_S22,0.0020120724346076465,2,Amnioserosa,201.04000000000002,171.25,215.59987553479596,172.10835554375464
133,X213,1969-E4-8_g_S22,0.0020120724346076465,2,Salivary gland body,201.04000000000002,171.25,181.88224819652325,165.5071308706899
329,X213,762-E4-8_g_S22,0.0020120724346076465,2,Epidermis,201.04000000000002,171.25,215.05242326069208,168.25737247401437
874,X213,309-E4-8_g_S22,0.0020120724346076465,2,Trachea,201.04000000000002,171.25,195.68349361985304,173.94687534810774
979,X213,235-E4-8_g_S22,0.0020120724346076465,2,CNS,201.04000000000002,171.25,196.98195938813686,176.43026576343374
462,X214,1268-E4-8_g_S22,0.0020120724346076465,3,Epidermis,241.04000000000002,171.25,235.20826942961796,167.32908439633138
832,X214,1344-E4-8_g_S22,0.0020120724346076465,3,Epidermis,241.04000000000002,171.25,230.57497929215947,178.2308956390642
937,X214,331-E4-8_g_S22,0.0020120724346076465,3,Epidermis,241.04000000000002,171.25,256.94328404415864,159.1221165650881
1659,X214,2082-E4-8_g_S22,0.001996007984031936,3,Stomatogastric nervous system,241.04000000000002,171.25,244.2244443407256,161.8006097418266
1878,X214,1957-E4-8_g_S22,0.0014928279353540507,3,Stomatogastric nervous system,241.04000000000002,171.25,238.2490228933388,189.76729365769074
578,X215,1061-E4-8_g_S22,0.0020120724346076465,1,Epidermis,281.04,171.25,297.45136343258855,182.6809732867983
645,X215,1868-E4-8_g_S22,0.0020120724346076465,1,Somatic muscle,281.04,171.25,270.9782620027754,168.77711109426488
1031,X215,241-E4-8_g_S22,0.0020120724346076465,1,Epidermis,281.04,171.25,285.15432841086766,160.67803905791243
1167,X215,426-E4-8_g_S22,0.0020120724346076465,1,Epidermis,281.04,171.25,269.27746175878707,163.5936123288197
1245,X215,952-E4-8_g_S22,0.0020120724346076465,1,Midgut,281.04,171.25,282.3385843949819,180.52026423220525
592,X216,1497-E4-8_g_S22,0.0020120724346076465,4,Epidermis,321.04,171.25,326.16529959901663,179.91379783677317
739,X216,1801-E4-8_g_S22,0.0020120724346076465,4,Epidermis,321.04,171.25,320.125513747642,151.27091806678175
894,X216,381-E4-8_g_S22,0.0020120724346076465,4,Epidermis,321.04,171.25,324.6398043510317,181.3764893709367
1121,X216,345-E4-8_g_S22,0.0020120724346076465,4,Epidermis,321.04,171.25,322.75674180132097,179.99879273633263
1418,X216,2527-E4-8_g_S22,0.001996007984031936,4,Epidermis,321.04,171.25,311.5126405009892,163.69000198917567
178,X22,1829-E4-8_g_S22,0.0020120724346076465,1,Fat body,-238.95999999999998,-148.75,-241.8998942748787,-135.431830004293
480,X22,1376-E4-8_g_S22,0.0020120724346076465,1,Somatic muscle,-238.95999999999998,-148.75,-230.3750886583132,-148.69671566922236
586,X22,1019-E4-8_g_S22,0.0020120724346076465,1,Somatic muscle,-238.95999999999998,-148.75,-228.91386050121272,-166.04378735762953
1123,X22,178-E4-8_g_S22,0.0020120724346076465,1,Somatic muscle,-238.95999999999998,-148.75,-238.32703514795165,-140.8606500793091
1417,X22,2086-E4-8_g_S22,0.001996007984031936,1,Stomatogastric nervous system,-238.95999999999998,-148.75,-255.28412141764335,-152.71701688954653
966,X23,92-E4-8_g_S22,0.0020120724346076465,3,CNS,-198.95999999999998,-148.75,-209.9775337947792,-139.27660686154084
166,X23,1809-E4-8_g_S22,0.0020120724346076465,3,Salivary gland body,-198.95999999999998,-148.75,-202.03129348950236,-146.76117977940302
1525,X23,2042-E4-8_g_S22,0.001996007984031936,3,Stomatogastric nervous system,-198.95999999999998,-148.75,-183.95625661774426,-150.2593640210132
1621,X23,2045-E4-8_g_S22,0.001996007984031936,3,Stomatogastric nervous system,-198.95999999999998,-148.75,-183.11521988239272,-147.7889782209087
2316,X23,245-E4-8_g_S22,0.0011683001233205657,3,CNS,-198.95999999999998,-148.75,-215.71969621558168,-159.66387111713425
424,X24,1837-E4-8_g_S22,0.0020120724346076465,1,Epidermis,-158.95999999999998,-148.75,-157.55795198439907,-152.01859721341194
417,X24,990-E4-8_g_S22,0.0020120724346076465,1,Somatic muscle,-158.95999999999998,-148.75,-146.21826588060884,-135.83111073188624
501,X24,1159-E4-8_g_S22,0.0020120724346076465,1,Somatic muscle,-158.95999999999998,-148.75,-168.81048067736182,-131.34402314074498
711,X24,1896-E4-8_g_S22,0.0020120724346076465,1,Epidermis,-158.95999999999998,-148.75,-165.554861611443,-161.36264412666998
1033,X24,413-E4-8_g_S22,0.0020120724346076465,1,Somatic muscle,-158.95999999999998,-148.75,-156.65843984618687,-163.19362478728803
945,X25,198-E4-8_g_S22,0.0020120724346076465,2,CNS,-118.95999999999998,-148.75,-130.40552657204918,-145.96288412184322
635,X25,1452-E4-8_g_S22,0.0020120724346076465,2,Salivary gland body,-118.95999999999998,-148.75,-117.21087041046395,-152.9986875253723
40,X25,1757-E4-8_g_S22,0.0020120724346076465,2,Epidermis,-118.95999999999998,-148.75,-104.81768531468677,-152.94372313558367
1493,X25,2341-E4-8_g_S22,0.001996007984031936,2,CNS,-118.95999999999998,-148.75,-136.12539199491044,-138.4860184304012
1816,X25,1961-E4-8_g_S22,0.0016875446225741602,2,Salivary gland body,-118.95999999999998,-148.75,-106.2405257078893,-153.3586867867998
496,X26,1029-E4-8_g_S22,0.0020120724346076465,1,Fat body,-78.95999999999998,-148.75,-62.351065474456526,-137.60803904484447
173,X26,1647-E4-8_g_S22,0.0020120724346076465,1,Epidermis,-78.95999999999998,-148.75,-86.17729821292197,-149.6949551887829
183,X26,1693-E4-8_g_S22,0.0020120724346076465,1,Epidermis,-78.95999999999998,-148.75,-70.8538447335489,-152.44462166377366
887,X26,124-E4-8_g_S22,0.0020120724346076465,1,Epidermis,-78.95999999999998,-148.75,-84.21855804617087,-158.17225185028585
1069,X26,398-E4-8_g_S22,0.0020120724346076465,1,Midgut,-78.95999999999998,-148.75,-91.19923353290164,-145.8301322523133
713,X27,1707-E4-8_g_S22,0.0020120724346076465,1,Fat body,-38.95999999999998,-148.75,-44.26057562553397,-129.4651899662456
1305,X27,1008-E4-8_g_S22,0.0020120724346076465,1,Fat body,-38.95999999999998,-148.75,-46.97451162144119,-150.48587285224153
65,X27,1527-E4-8_g_S22,0.0020120724346076465,1,Amnioserosa,-38.95999999999998,-148.75,-41.788929616066994,-151.51880191918622
1883,X27,66-E4-8_g_S22,0.0014279223729473647,1,Fat body,-38.95999999999998,-148.75,-28.442986200117183,-147.8838981866249
1918,X27,80-E4-8_g_S22,0.0014279223729473634,1,Fat body,-38.95999999999998,-148.75,-33.33299693684065,-164.39623707570195
126,X28,1622-E4-8_g_S22,0.0020120724346076465,1,Amnioserosa,1.0400000000000205,-148.75,-1.4127304114864603,-146.26211695639404
397,X28,864-E4-8_g_S22,0.0020120724346076465,1,Amnioserosa,1.0400000000000205,-148.75,5.971307569857478,-141.85349143360773
504,X28,1399-E4-8_g_S22,0.0020120724346076465,1,Amnioserosa,1.0400000000000205,-148.75,9.249910633663726,-151.84920555274294
2037,X28,1385-E4-8_g_S22,0.0014279223729473634,1,Amnioserosa,1.0400000000000205,-148.75,-8.80953802561103,-166.1565102959221
2250,X28,1303-E4-8_g_S22,0.0011683001233205666,1,Fat body,1.0400000000000205,-148.75,0.20105023357639162,-137.62867576133266
284,X29,890-E4-8_g_S22,0.0020120724346076465,1,Amnioserosa,41.04000000000002,-148.75,38.03812632341123,-141.43833593496248
440,X29,1346-E4-8_g_S22,0.0020120724346076465,1,Amnioserosa,41.04000000000002,-148.75,39.236866719651275,-148.1403322897336
402,X29,875-E4-8_g_S22,0.0020120724346076465,1,Midgut,41.04000000000002,-148.75,45.984063521384535,-168.1292733583206
975,X29,111-E4-8_g_S22,0.0020120724346076465,1,Trachea,41.04000000000002,-148.75,40.885708517395514,-141.70020912923798
1884,X29,1551-E4-8_g_S22,0.0014279223729473643,1,Amnioserosa,41.04000000000002,-148.75,41.055234918157595,-144.34184928774516
435,X3,1510-E4-8_g_S22,0.0020120724346076465,3,Epidermis,-198.95999999999998,-188.75,-206.9059343853995,-177.37703297199
221,X3,556-E4-8_g_S22,0.0020120724346076465,3,Foregut,-198.95999999999998,-188.75,-182.9339919404586,-176.78475592912895
162,X3,2009-E4-8_g_S22,0.0020120724346076465,3,Stomatogastric nervous system,-198.95999999999998,-188.75,-202.29920299998224,-198.0449479697498
677,X3,1437-E4-8_g_S22,0.0020120724346076465,3,Epidermis,-198.95999999999998,-188.75,-199.09622890965545,-194.06742708744463
965,X3,493-E4-8_g_S22,0.0020120724346076465,3,Epidermis,-198.95999999999998,-188.75,-203.56464176450316,-197.47583604168676
463,X30,1221-E4-8_g_S22,0.0020120724346076465,3,Amnioserosa,81.04000000000002,-148.75,79.7977819104764,-143.81919440120885
687,X30,1533-E4-8_g_S22,0.0020120724346076465,3,Amnioserosa,81.04000000000002,-148.75,81.57924787411464,-139.7361031903147
117,X30,1871-E4-8_g_S22,0.0020120724346076465,3,Epidermis,81.04000000000002,-148.75,84.18014679083211,-142.3095778125172
499,X30,1140-E4-8_g_S22,0.0020120724346076465,3,Epidermis,81.04000000000002,-148.75,83.78867583435718,-149.81914844190547
1104,X30,269-E4-8_g_S22,0.0020120724346076465,3,Epidermis,81.04000000000002,-148.75,75.85414759021981,-168.06597615405386
571,X31,1220-E4-8_g_S22,0.0020120724346076465,1,Fat body,121.04000000000002,-148.75,131.16680373027035,-139.40418059873
386,X31,896-E4-8_g_S22,0.0020120724346076465,1,Hemolymph cells,121.04000000000002,-148.75,111.6041035579552,-149.18167410392945
654,X31,1609-E4-8_g_S22,0.0020120724346076465,1,Amnioserosa,121.04000000000002,-148.75,105.42370038790979,-147.76697860730818
2089,X31,1760-E4-8_g_S22,0.0014279223729470629,1,Fat body,121.04000000000002,-148.75,115.97821992238622,-159.36336456324136
2219,X31,1721-E4-8_g_S22,0.0011683001233208667,1,Fat body,121.04000000000002,-148.75,141.0271724014782,-148.03380212679127
754,X32,1053-E4-8_g_S22,0.0020120724346076465,4,Amnioserosa,161.04000000000002,-148.75,149.92317723060293,-143.0947323225879
94,X32,1691-E4-8_g_S22,0.0020120724346076465,4,Fat body,161.04000000000002,-148.75,156.13055516166685,-154.804141140325
800,X32,1196-E4-8_g_S22,0.0020120724346076465,4,Fat body,161.04000000000002,-148.75,154.67506950965105,-129.78984019442277
882,X32,257-E4-8_g_S22,0.0020120724346076465,4,Trachea,161.04000000000002,-148.75,180.5365921122261,-152.3927094630174
1470,X32,2131-E4-8_g_S22,0.001996007984031936,4,Stomatogastric nervous system,161.04000000000002,-148.75,163.93460598585577,-163.66857687964736
154,X33,1545-E4-8_g_S22,0.0020120724346076465,1,Amnioserosa,201.04000000000002,-148.75,200.76129810525185,-141.35949855021164
301,X33,967-E4-8_g_S22,0.0020120724346076465,1,Amnioserosa,201.04000000000002,-148.75,204.89670275972264,-147.9152896476749
1001,X33,142-E4-8_g_S22,0.0020120724346076465,1,Fat body,201.04000000000002,-148.75,186.38774771832922,-148.35247840809916
353,X33,1977-E4-8_g_S22,0.0020120724346076465,1,Salivary gland body,201.04000000000002,-148.75,212.6318773131356,-165.04810971730197
793,X33,1343-E4-8_g_S22,0.0020120724346076465,1,Amnioserosa,201.04000000000002,-148.75,200.5223741035609,-141.07462367671192
567,X34,1386-E4-8_g_S22,0.0020120724346076465,1,Amnioserosa,241.04000000000002,-148.75,243.8645127946006,-152.6173143125188
1175,X34,415-E4-8_g_S22,0.0020120724346076465,1,Amnioserosa,241.04000000000002,-148.75,240.27144518034873,-157.27625998645107
97,X34,1924-E4-8_g_S22,0.0020120724346076465,1,Hemolymph cells,241.04000000000002,-148.75,243.0340444560411,-151.86193163182372
104,X34,1986-E4-8_g_S22,0.0020120724346076465,1,Midgut,241.04000000000002,-148.75,243.36764572449016,-128.88591015472235
2032,X34,904-E4-8_g_S22,0.0014279223729473634,1,Fat body,241.04000000000002,-148.75,234.6623518445198,-153.1085839144842
335,X35,699-E4-8_g_S22,0.0020120724346076465,1,Amnioserosa,281.04,-148.75,280.53454934650455,-128.75638802925093
991,X35,486-E4-8_g_S22,0.0020120724346076465,1,Amnioserosa,281.04,-148.75,276.879426761045,-156.56755734708275
459,X35,1455-E4-8_g_S22,0.0020120724346076465,1,CNS,281.04,-148.75,278.69032586900727,-138.9873813076847
13,X35,1516-E4-8_g_S22,0.0020120724346076465,1,Epidermis,281.04,-148.75,289.0595404720413,-158.99142595026774
236,X35,715-E4-8_g_S22,0.0020120724346076465,1,Hemolymph cells,281.04,-148.75,280.03615755140055,-160.44724736571362
497,X36,1279-E4-8_g_S22,0.0020120724346076465,1,Amnioserosa,321.04,-148.75,317.2680122268328,-160.68528055555635
519,X36,1333-E4-8_g_S22,0.0020120724346076465,1,Amnioserosa,321.04,-148.75,309.2095965868406,-143.48090745270812
194,X36,1643-E4-8_g_S22,0.0020120724346076465,1,Midgut,321.04,-148.75,309.98209614052723,-154.2170023989687
379,X36,550-E4-8_g_S22,0.0020120724346076465,1,Somatic muscle,321.04,-148.75,329.76652336869194,-145.47004817722564
1004,X36,134-E4-8_g_S22,0.0020120724346076465,1,Visceral branch,321.04,-148.75,338.97377167710806,-139.89676141554074
120,X37,1836-E4-8_g_S22,0.0020120724346076465,3,Foregut,361.04,-148.75,353.9857885474698,-143.72604668031983
143,X37,1959-E4-8_g_S22,0.0020120724346076465,3,Foregut,361.04,-148.75,368.7896102595906,-137.20912431449477
333,X37,825-E4-8_g_S22,0.0020120724346076465,3,Somatic muscle,361.04,-148.75,349.6407571108787,-153.98184425266268
479,X37,1297-E4-8_g_S22,0.0020120724346076465,3,Somatic muscle,361.04,-148.75,363.72688432669224,-141.7600931608331
2017,X37,985-E4-8_g_S22,0.0014279223729473634,3,Trachea,361.04,-148.75,369.05695975536855,-167.07289159168937
710,X38,1612-E4-8_g_S22,0.0020120724346076465,1,Amnioserosa,401.04,-148.75,383.5603852991804,-149.4036378143852
1150,X38,19-E4-8_g_S22,0.0020120724346076465,1,Trachea,401.04,-148.75,410.6696809528722,-143.55697397576392
1387,X38,2117-E4-8_g_S22,0.001996007984031936,1,Epidermis,401.04,-148.75,392.35433913513975,-139.57942180811528
1922,X38,247-E4-8_g_S22,0.0014279223729473634,1,Epidermis,401.04,-148.75,406.89158419581327,-145.55281047859015
2428,X38,879-E4-8_g_S22,0.0008437723112870803,1,Epidermis,401.04,-148.75,411.72401041699527,-165.657155923145
230,X39,870-E4-8_g_S22,0.0020120724346076465,1,Epidermis,441.04,-148.75,444.2582999383084,-151.58713355702193
458,X39,1069-E4-8_g_S22,0.0020120724346076465,1,Somatic muscle,441.04,-148.75,456.5832259686172,-148.76909579055558
556,X39,1354-E4-8_g_S22,0.0020120724346076465,1,Epidermis,441.04,-148.75,438.386046476372,-149.26909648749907
721,X39,1788-E4-8_g_S22,0.0020120724346076465,1,Midgut,441.04,-148.75,421.10701119292446,-150.3858353269812
898,X39,167-E4-8_g_S22,0.0020120724346076465,1,Epidermis,441.04,-148.75,444.8654164237775,-143.73883883794247
361,X4,1953-E4-8_g_S22,0.0020120724346076465,1,Epidermis,-158.95999999999998,-188.75,-172.35131525341777,-189.29701833053534
719,X4,1880-E4-8_g_S22,0.0020120724346076465,1,Epidermis,-158.95999999999998,-188.75,-171.67611184978045,-178.8999998019701
919,X4,64-E4-8_g_S22,0.0020120724346076465,1,Epidermis,-158.95999999999998,-188.75,-140.29283915076192,-195.92893486728178
565,X4,1062-E4-8_g_S22,0.0020120724346076465,1,Visceral muscle,-158.95999999999998,-188.75,-155.14559951376543,-178.466493626259
822,X4,1065-E4-8_g_S22,0.0020120724346076465,1,Somatic muscle,-158.95999999999998,-188.75,-155.33413423227344,-201.1575533739517
2,X40,1565-E4-8_g_S22,0.0020120724346076465,1,Amnioserosa,481.04,-148.75,477.8533337048501,-142.20517550091557
53,X40,1960-E4-8_g_S22,0.0020120724346076465,1,Somatic muscle,481.04,-148.75,476.88368802626775,-148.5683166812008
466,X40,1224-E4-8_g_S22,0.0020120724346076465,1,Somatic muscle,481.04,-148.75,476.8260600864901,-141.7697609834322
1497,X40,2105-E4-8_g_S22,0.001996007984031936,1,Visceral muscle,481.04,-148.75,478.48562428045784,-148.28383660355144
1648,X40,2218-E4-8_g_S22,0.001996007984031936,1,Visceral muscle,481.04,-148.75,495.15129390193704,-162.92291023090016
10,X41,1667-E4-8_g_S22,0.0020120724346076465,4,Trachea,-438.96,-108.75,-440.8446430348674,-109.8499656092832
211,X41,1923-E4-8_g_S22,0.0020120724346076465,4,Foregut,-438.96,-108.75,-441.6149131992079,-120.14378502612946
373,X41,938-E4-8_g_S22,0.0020120724346076465,4,Epidermis,-438.96,-108.75,-447.0166324885064,-113.98793177004804
609,X41,1229-E4-8_g_S22,0.0020120724346076465,4,Epidermis,-438.96,-108.75,-441.0042903683407,-104.64389545341498
1505,X41,2260-E4-8_g_S22,0.001996007984031936,4,CNS,-438.96,-108.75,-424.31952090907845,-95.12442214112409
159,X42,1902-E4-8_g_S22,0.0020120724346076465,2,CNS,-398.96,-108.75,-380.5956211733528,-112.81303243233505
856,X42,144-E4-8_g_S22,0.0020120724346076465,2,CNS,-398.96,-108.75,-395.85908466413184,-111.86842577518541
1029,X42,176-E4-8_g_S22,0.0020120724346076465,2,CNS,-398.96,-108.75,-392.738122632201,-94.53296592478034
242,X42,958-E4-8_g_S22,0.0020120724346076465,2,Midgut,-398.96,-108.75,-418.9594628029359,-108.60341352728365
439,X42,1409-E4-8_g_S22,0.0020120724346076465,2,Amnioserosa,-398.96,-108.75,-406.6477087273781,-115.93216234041583
1098,X43,100-E4-8_g_S22,0.0020120724346076465,1,CNS,-358.96,-108.75,-356.3814116110953,-113.94536730305282
67,X43,1596-E4-8_g_S22,0.0020120724346076465,1,Midgut,-358.96,-108.75,-352.6472574853926,-122.69150189101106
206,X43,1749-E4-8_g_S22,0.0020120724346076465,1,Salivary gland body,-358.96,-108.75,-366.6181221386647,-104.61837612408553
1409,X43,2392-E4-8_g_S22,0.001996007984031936,1,CNS,-358.96,-108.75,-360.3709443381474,-88.79983117678826
1638,X43,2433-E4-8_g_S22,0.001996007984031936,1,CNS,-358.96,-108.75,-358.7822644267003,-113.69492350506242
1099,X44,88-E4-8_g_S22,0.0020120724346076465,1,CNS,-318.96,-108.75,-326.2480387879122,-121.271700765752
337,X44,509-E4-8_g_S22,0.0020120724346076465,1,Visceral branch,-318.96,-108.75,-301.28542426337134,-118.1099878488264
738,X44,1639-E4-8_g_S22,0.0020120724346076465,1,Somatic muscle,-318.96,-108.75,-319.6305895179779,-101.39860942412115
1436,X44,2317-E4-8_g_S22,0.001996007984031936,1,CNS,-318.96,-108.75,-316.2478255553894,-96.58296623293488
1570,X44,2300-E4-8_g_S22,0.001996007984031936,1,CNS,-318.96,-108.75,-331.38812187534876,-106.38673572836547
1133,X45,132-E4-8_g_S22,0.0020120724346076465,1,CNS,-278.96,-108.75,-298.6430218799041,-105.20336079150748
92,X45,1843-E4-8_g_S22,0.0020120724346076465,1,Midgut,-278.96,-108.75,-266.75860568367557,-103.05990613264525
515,X45,1413-E4-8_g_S22,0.0020120724346076465,1,Midgut,-278.96,-108.75,-289.16275144741576,-125.10482968339934
1546,X45,2184-E4-8_g_S22,0.001996007984031936,1,CNS,-278.96,-108.75,-278.17491067433065,-101.89192823131495
2422,X45,1436-E4-8_g_S22,0.0008437723112870803,1,Fat body,-278.96,-108.75,-262.0607103146707,-108.48997516113297
692,X46,1267-E4-8_g_S22,0.0020120724346076465,1,CNS,-238.95999999999998,-108.75,-242.39670935345993,-112.52395365919676
484,X46,1059-E4-8_g_S22,0.0020120724346076465,1,Midgut,-238.95999999999998,-108.75,-237.4364864994137,-120.83814906116291
1426,X46,2324-E4-8_g_S22,0.001996007984031936,1,CNS,-238.95999999999998,-108.75,-256.47796166137186,-99.10007672410272
2132,X46,2126-E4-8_g_S22,0.0013797290212202318,1,CNS,-238.95999999999998,-108.75,-234.13322630613476,-112.8588579748497
2198,X46,2159-E4-8_g_S22,0.0012325579256234082,1,CNS,-238.95999999999998,-108.75,-224.35561617961963,-98.42896258068734
190,X47,1990-E4-8_g_S22,0.0020120724346076465,1,CNS,-198.95999999999998,-108.75,-213.23412486949496,-109.12338260385415
125,X47,1523-E4-8_g_S22,0.0020120724346076465,1,Epidermis,-198.95999999999998,-108.75,-178.96008483889534,-108.69174582746965
367,X47,508-E4-8_g_S22,0.0020120724346076465,1,Foregut,-198.95999999999998,-108.75,-215.8597916381245,-110.52731932444252
830,X47,1389-E4-8_g_S22,0.0020120724346076465,1,Epidermis,-198.95999999999998,-108.75,-185.21361526622476,-109.26378799404007
1008,X47,334-E4-8_g_S22,0.0020120724346076465,1,Somatic muscle,-198.95999999999998,-108.75,-201.53238338726032,-106.14376425019344
969,X48,282-E4-8_g_S22,0.0020120724346076465,1,Foregut,-158.95999999999998,-108.75,-159.41257186300518,-102.70567141350917
86,X48,1616-E4-8_g_S22,0.0020120724346076465,1,Midgut,-158.95999999999998,-108.75,-144.552868823982,-107.39819453709705
260,X48,524-E4-8_g_S22,0.0020120724346076465,1,Midgut,-158.95999999999998,-108.75,-143.4583787535328,-98.03796974872017
352,X48,1906-E4-8_g_S22,0.0020120724346076465,1,Epidermis,-158.95999999999998,-108.75,-169.79072839010794,-119.57170209419523
411,X48,740-E4-8_g_S22,0.0020120724346076465,1,Somatic muscle,-158.95999999999998,-108.75,-177.58545216937193,-116.03646220647832
145,X49,1770-E4-8_g_S22,0.0020120724346076465,1,Fat body,-118.95999999999998,-108.75,-122.39269659703471,-107.90765609057169
446,X49,1143-E4-8_g_S22,0.0020120724346076465,1,Fat body,-118.95999999999998,-108.75,-98.99902706476841,-107.50117676232661
1074,X49,358-E4-8_g_S22,0.0020120724346076465,1,Epidermis,-118.95999999999998,-108.75,-123.68574119783491,-114.31463473640811
1196,X49,892-E4-8_g_S22,0.0020120724346076465,1,Visceral muscle,-118.95999999999998,-108.75,-121.63333011115522,-106.12717436072066
1251,X49,676-E4-8_g_S22,0.0020120724346076465,1,Visceral muscle,-118.95999999999998,-108.75,-128.0892050292067,-107.89935804997302
359,X5,1636-E4-8_g_S22,0.0020120724346076465,1,Amnioserosa,-78.95999999999998,-188.75,-79.39441615807765,-168.75471849156403
689,X5,1641-E4-8_g_S22,0.0020120724346076465,1,Amnioserosa,-78.95999999999998,-188.75,-80.2772517265399,-196.34533966721347
801,X5,1205-E4-8_g_S22,0.0020120724346076465,1,Amnioserosa,-78.95999999999998,-188.75,-77.33606015860593,-187.27603250781695
1220,X5,629-E4-8_g_S22,0.0020120724346076465,1,Amnioserosa,-78.95999999999998,-188.75,-78.89096676631327,-193.14408623740377
418,X5,806-E4-8_g_S22,0.0020120724346076465,1,Midgut,-78.95999999999998,-188.75,-78.90130519046323,-198.229823096001
616,X50,1482-E4-8_g_S22,0.0020120724346076465,1,Fat body,-78.95999999999998,-108.75,-77.458303502363,-109.84414596506582
663,X50,1657-E4-8_g_S22,0.0020120724346076465,1,Fat body,-78.95999999999998,-108.75,-81.65725892641952,-101.39299218793394
2049,X50,1356-E4-8_g_S22,0.0014279223729473634,1,Fat body,-78.95999999999998,-108.75,-80.30725179544656,-101.32060407991638
2062,X50,1761-E4-8_g_S22,0.001427922372947363,1,Fat body,-78.95999999999998,-108.75,-83.35861077907184,-103.6854824865737
2244,X50,1598-E4-8_g_S22,0.0011683001233205666,1,Fat body,-78.95999999999998,-108.75,-72.01857499669929,-127.50677528051003
433,X51,1405-E4-8_g_S22,0.0020120724346076465,1,Fat body,1.0400000000000205,-108.75,-11.094892179810754,-106.6538503297446
158,X51,1645-E4-8_g_S22,0.0020120724346076465,1,Stomatogastric nervous system,1.0400000000000205,-108.75,-11.743157797704491,-113.53916345102066
185,X51,1798-E4-8_g_S22,0.0020120724346076465,1,CNS,1.0400000000000205,-108.75,1.6512920516229186,-102.38825585700366
320,X51,774-E4-8_g_S22,0.0020120724346076465,1,Midgut,1.0400000000000205,-108.75,5.974107254163991,-117.38868065888181
569,X51,1237-E4-8_g_S22,0.0020120724346076465,1,Somatic muscle,1.0400000000000205,-108.75,20.41265067172844,-103.7800497033491
269,X52,657-E4-8_g_S22,0.0020120724346076465,1,Amnioserosa,161.04000000000002,-108.75,160.00887688367342,-101.17943714945817
1075,X52,45-E4-8_g_S22,0.0020120724346076465,1,CNS,161.04000000000002,-108.75,159.6381752615496,-128.70081169783998
5,X52,1728-E4-8_g_S22,0.0020120724346076465,1,Fat body,161.04000000000002,-108.75,159.25808446855976,-105.33511308221694
778,X52,1046-E4-8_g_S22,0.0020120724346076465,1,Fat body,161.04000000000002,-108.75,160.3768417734204,-101.24547301836412
1453,X52,2361-E4-8_g_S22,0.001996007984031936,1,CNS,161.04000000000002,-108.75,165.91802161279702,-107.28916505212061
19,X53,1795-E4-8_g_S22,0.0020120724346076465,1,Midgut,201.04000000000002,-108.75,212.53267933767987,-125.11821070371673
261,X53,931-E4-8_g_S22,0.0020120724346076465,1,Fat body,201.04000000000002,-108.75,195.42873378988423,-100.72199571758664
303,X53,1525-E4-8_g_S22,0.0020120724346076465,1,Fat body,201.04000000000002,-108.75,201.58629925995973,-99.91296965020265
615,X53,1075-E4-8_g_S22,0.0020120724346076465,1,Fat body,201.04000000000002,-108.75,192.4145039898471,-114.82522806055597
623,X53,1163-E4-8_g_S22,0.0020120724346076465,1,Epidermis,201.04000000000002,-108.75,203.23778362263005,-103.1715958679378
405,X54,836-E4-8_g_S22,0.0020120724346076465,1,Hemolymph cells,241.04000000000002,-108.75,222.02138989438154,-102.56190904636439
69,X54,1792-E4-8_g_S22,0.0020120724346076465,1,Visceral muscle,241.04000000000002,-108.75,257.4966510702196,-114.28544349870005
399,X54,591-E4-8_g_S22,0.0020120724346076465,1,Stomatogastric nervous system,241.04000000000002,-108.75,236.0192678189503,-109.75755486208594
758,X54,1103-E4-8_g_S22,0.0020120724346076465,1,Somatic muscle,241.04000000000002,-108.75,237.22407915537877,-100.90738124965297
1363,X54,2267-E4-8_g_S22,0.001996007984031936,1,Hemolymph cells,241.04000000000002,-108.75,252.43861206106806,-116.23771134319676
11,X55,2012-E4-8_g_S22,0.0020120724346076465,3,Somatic muscle,281.04,-108.75,263.86310801088575,-113.98321048990505
172,X55,1729-E4-8_g_S22,0.0020120724346076465,3,Epidermis,281.04,-108.75,298.4019330644228,-98.82209587745216
552,X55,1119-E4-8_g_S22,0.0020120724346076465,3,Midgut,281.04,-108.75,285.5665937660713,-114.78770483253709
583,X55,1043-E4-8_g_S22,0.0020120724346076465,3,CNS,281.04,-108.75,275.2410148468888,-108.0929021795796
1853,X55,2362-E4-8_g_S22,0.00151770192334228,3,Stomatogastric nervous system,281.04,-108.75,282.1273503117318,-108.06408662052628
83,X56,1808-E4-8_g_S22,0.0020120724346076465,2,Somatic muscle,321.04,-108.75,322.24477139989096,-125.26142137169458
532,X56,1430-E4-8_g_S22,0.0020120724346076465,2,Amnioserosa,321.04,-108.75,309.7215519773349,-110.52537344745417
741,X56,1821-E4-8_g_S22,0.0020120724346076465,2,Midgut,321.04,-108.75,311.7972530502498,-104.95980676956673
857,X56,379-E4-8_g_S22,0.0020120724346076465,2,Midgut,321.04,-108.75,341.0330681853362,-108.22347883566017
2175,X56,1494-E4-8_g_S22,0.001233205685727298,2,Hemolymph cells,321.04,-108.75,320.4033553871884,-94.77991957562399
134,X57,1644-E4-8_g_S22,0.0020120724346076465,1,Midgut,361.04,-108.75,369.65550177066416,-112.13322034738742
389,X57,847-E4-8_g_S22,0.0020120724346076465,1,Midgut,361.04,-108.75,361.38951643295957,-115.738976340105
841,X57,1320-E4-8_g_S22,0.0020120724346076465,1,Midgut,361.04,-108.75,349.20644086319396,-108.08892171740158
999,X57,349-E4-8_g_S22,0.0020120724346076465,1,Midgut,361.04,-108.75,365.4161665319084,-118.98197726889913
2005,X57,1033-E4-8_g_S22,0.0014279223729473634,1,Visceral muscle,361.04,-108.75,359.53237440127396,-88.80690432620688
1284,X58,573-E4-8_g_S22,0.0020120724346076465,1,Visceral branch,401.04,-108.75,394.29121659576793,-99.16924167809059
123,X58,1958-E4-8_g_S22,0.0020120724346076465,1,Foregut,401.04,-108.75,387.8374832907674,-114.93008368612405
171,X58,1709-E4-8_g_S22,0.0020120724346076465,1,Midgut,401.04,-108.75,399.45551425437014,-107.91836826196281
309,X58,776-E4-8_g_S22,0.0020120724346076465,1,Somatic muscle,401.04,-108.75,418.01503481431996,-98.17416939183377
553,X58,1206-E4-8_g_S22,0.0020120724346076465,1,Midgut,401.04,-108.75,405.60075104477363,-123.55813698198942
124,X59,1718-E4-8_g_S22,0.0020120724346076465,1,Epidermis,441.04,-108.75,438.08161997441897,-103.06329078560715
149,X59,1806-E4-8_g_S22,0.0020120724346076465,1,Midgut,441.04,-108.75,450.66246412468826,-123.15611396960284
764,X59,1258-E4-8_g_S22,0.0020120724346076465,1,Epidermis,441.04,-108.75,444.8157072416775,-89.10963251807277
808,X59,1106-E4-8_g_S22,0.0020120724346076465,1,Epidermis,441.04,-108.75,436.5499390073163,-126.12505059053514
2027,X59,558-E4-8_g_S22,0.0014279223729473634,1,Amnioserosa,441.04,-108.75,435.0902696519002,-102.29591213618208
538,X6,1038-E4-8_g_S22,0.0020120724346076465,2,Fat body,-38.95999999999998,-188.75,-37.885143910792976,-168.77890377601935
548,X6,1203-E4-8_g_S22,0.0020120724346076465,2,Fat body,-38.95999999999998,-188.75,-40.34595133789947,-186.8597146932469
137,X6,1522-E4-8_g_S22,0.0020120724346076465,2,Hemolymph cells,-38.95999999999998,-188.75,-41.34065725067894,-194.62428364303375
407,X6,989-E4-8_g_S22,0.0020120724346076465,2,Epidermis,-38.95999999999998,-188.75,-38.41168406860721,-196.04859310607534
888,X6,4-E4-8_g_S22,0.0020120724346076465,2,Foregut,-38.95999999999998,-188.75,-36.816563432021304,-197.43850478162477
508,X60,1308-E4-8_g_S22,0.0020120724346076465,1,Epidermis,481.04,-108.75,482.6038493445019,-113.29505052648098
998,X60,3-E4-8_g_S22,0.0020120724346076465,1,Epidermis,481.04,-108.75,470.62558257165244,-108.41943973291227
1184,X60,925-E4-8_g_S22,0.0020120724346076465,1,Epidermis,481.04,-108.75,468.05176172204193,-105.18834192995746
1233,X60,893-E4-8_g_S22,0.0020120724346076465,1,Epidermis,481.04,-108.75,483.3427657757064,-112.3800544795202
734,X60,1955-E4-8_g_S22,0.0020120724346076465,1,Trachea,481.04,-108.75,500.5760405860966,-104.46711333112968
505,X61,1232-E4-8_g_S22,0.0020120724346076465,1,Amnioserosa,-478.96,-68.75,-496.73744565701423,-73.69883079848807
729,X61,1913-E4-8_g_S22,0.0020120724346076465,1,Foregut,-478.96,-68.75,-467.4844087465328,-62.219997518936914
136,X61,1655-E4-8_g_S22,0.0020120724346076465,1,Midgut,-478.96,-68.75,-459.097038890399,-66.41274178609235
2226,X61,1300-E4-8_g_S22,0.001168300123320567,1,Amnioserosa,-478.96,-68.75,-480.7966044360807,-73.7853425110762
2426,X61,510-E4-8_g_S22,0.0008437723112870803,1,Amnioserosa,-478.96,-68.75,-490.6845022699746,-67.6330873854067
777,X62,1281-E4-8_g_S22,0.0020120724346076465,3,Hemolymph cells,-438.96,-68.75,-438.0313451603372,-64.97722241245802
524,X62,1472-E4-8_g_S22,0.0020120724346076465,3,Stomatogastric nervous system,-438.96,-68.75,-419.2264191987521,-65.49641908651054
155,X62,1620-E4-8_g_S22,0.0020120724346076465,3,Midgut,-438.96,-68.75,-438.7448857836857,-72.69954056186977
1331,X62,2508-E4-8_g_S22,0.001996007984031936,3,Hemolymph cells,-438.96,-68.75,-450.5764842694046,-71.37555179117753
1368,X62,2519-E4-8_g_S22,0.001996007984031936,3,Hemolymph cells,-438.96,-68.75,-448.22086558782166,-69.2012661479839
949,X63,177-E4-8_g_S22,0.0020120724346076465,1,CNS,-398.96,-68.75,-400.79774085894496,-71.17665774140389
52,X63,1799-E4-8_g_S22,0.0020120724346076465,1,Salivary gland body,-398.96,-68.75,-398.6254658340771,-48.75279802342762
14,X63,1797-E4-8_g_S22,0.0020120724346076465,1,Midgut,-398.96,-68.75,-398.5412454888731,-68.11263703499351
1444,X63,2261-E4-8_g_S22,0.001996007984031936,1,CNS,-398.96,-68.75,-399.8088052984866,-78.46516227717274
1610,X63,2252-E4-8_g_S22,0.001996007984031936,1,CNS,-398.96,-68.75,-397.02674251961827,-77.24274492300225
1022,X64,105-E4-8_g_S22,0.0020120724346076465,1,CNS,-358.96,-68.75,-363.8835516624571,-73.12250706891422
42,X64,1827-E4-8_g_S22,0.0020120724346076465,1,Stomatogastric nervous system,-358.96,-68.75,-346.58526128918777,-53.0380350738959
837,X64,1132-E4-8_g_S22,0.0020120724346076465,1,Somatic muscle,-358.96,-68.75,-369.17737341487884,-67.40162023399553
1323,X64,2377-E4-8_g_S22,0.001996007984031936,1,CNS,-358.96,-68.75,-361.2192152736561,-77.2384827067918
1430,X64,2085-E4-8_g_S22,0.001996007984031936,1,CNS,-358.96,-68.75,-353.93459835982037,-72.94935491640243
151,X65,1589-E4-8_g_S22,0.0020120724346076465,1,Somatic muscle,-318.96,-68.75,-324.7018331119891,-55.35338068654603
188,X65,1581-E4-8_g_S22,0.0020120724346076465,1,Fat body,-318.96,-68.75,-328.46436799373345,-57.82372335141899
1332,X65,2107-E4-8_g_S22,0.001996007984031936,1,CNS,-318.96,-68.75,-314.4697196696567,-68.22316141540757
2123,X65,2360-E4-8_g_S22,0.0013797290212202318,1,CNS,-318.96,-68.75,-316.07567721071774,-75.21392629283378
2190,X65,2245-E4-8_g_S22,0.0012325579256234082,1,CNS,-318.96,-68.75,-311.0884020139025,-87.13580825379363
68,X66,1679-E4-8_g_S22,0.0020120724346076465,1,Midgut,-278.96,-68.75,-272.11851312124645,-49.956542167875455
810,X66,1235-E4-8_g_S22,0.0020120724346076465,1,Midgut,-278.96,-68.75,-282.6949891836257,-72.36873039876997
220,X66,868-E4-8_g_S22,0.0020120724346076465,1,Somatic muscle,-278.96,-68.75,-278.2854026969095,-72.18826091211601
1362,X66,2412-E4-8_g_S22,0.001996007984031936,1,CNS,-278.96,-68.75,-281.377775785544,-76.11885009356769
1458,X66,2223-E4-8_g_S22,0.001996007984031936,1,CNS,-278.96,-68.75,-280.3233192126744,-73.11761642767094
683,X67,1295-E4-8_g_S22,0.0020120724346076465,1,CNS,-238.95999999999998,-68.75,-247.57021113990967,-57.834901079107965
717,X67,2026-E4-8_g_S22,0.0020120724346076465,1,CNS,-238.95999999999998,-68.75,-254.93836282848886,-80.77879550583368
855,X67,339-E4-8_g_S22,0.0020120724346076465,1,Somatic muscle,-238.95999999999998,-68.75,-221.64396292846143,-64.21839867150358
970,X67,242-E4-8_g_S22,0.0020120724346076465,1,Somatic muscle,-238.95999999999998,-68.75,-219.8556727673383,-66.58268456225694
1415,X67,2124-E4-8_g_S22,0.001996007984031936,1,Epidermis,-238.95999999999998,-68.75,-250.79179033580172,-74.3352201812976
196,X68,1940-E4-8_g_S22,0.0020120724346076465,2,Somatic muscle,-198.95999999999998,-68.75,-183.6471206608874,-59.043048452177004
715,X68,1970-E4-8_g_S22,0.0020120724346076465,2,Stomatogastric nervous system,-198.95999999999998,-68.75,-195.47196702723804,-78.22194382672443
865,X68,477-E4-8_g_S22,0.0020120724346076465,2,Foregut,-198.95999999999998,-68.75,-197.47755478975992,-82.92426419591138
1197,X68,942-E4-8_g_S22,0.0020120724346076465,2,Visceral muscle,-198.95999999999998,-68.75,-204.55127742257852,-49.54745806452273
1386,X68,2034-E4-8_g_S22,0.001996007984031936,2,Hemolymph cells,-198.95999999999998,-68.75,-213.65208009953577,-74.01328546066439
267,X69,717-E4-8_g_S22,0.0020120724346076465,1,Trachea,-158.95999999999998,-68.75,-175.28605366446277,-60.04685353051458
437,X69,1142-E4-8_g_S22,0.0020120724346076465,1,Somatic muscle,-158.95999999999998,-68.75,-153.6812103122364,-80.69275665822313
658,X69,1835-E4-8_g_S22,0.0020120724346076465,1,Hemolymph cells,-158.95999999999998,-68.75,-162.39901935138053,-88.45211018903382
1396,X69,2253-E4-8_g_S22,0.001996007984031936,1,Epidermis,-158.95999999999998,-68.75,-151.8765004897388,-56.11166243196221
1860,X69,841-E4-8_g_S22,0.0014928279353540537,1,Epidermis,-158.95999999999998,-68.75,-151.5572161821822,-58.446617190266565
928,X7,492-E4-8_g_S22,0.0020120724346076465,3,Amnioserosa,1.0400000000000205,-188.75,10.11937094139139,-206.5703541858353
1178,X7,355-E4-8_g_S22,0.0020120724346076465,3,Epidermis,1.0400000000000205,-188.75,13.35536353468176,-173.02447664977868
1203,X7,594-E4-8_g_S22,0.0020120724346076465,3,Epidermis,1.0400000000000205,-188.75,11.13029896900299,-189.29688010219027
204,X7,1899-E4-8_g_S22,0.0020120724346076465,3,Midgut,1.0400000000000205,-188.75,-13.439475406142899,-196.36839900326055
1837,X7,1443-E4-8_g_S22,0.0015577334977607822,3,Amnioserosa,1.0400000000000205,-188.75,-15.965558038933132,-178.48989005893466
962,X70,6-E4-8_g_S22,0.0020120724346076465,4,Stomatogastric nervous system,-118.95999999999998,-68.75,-125.02042191303715,-59.37803002137441
192,X70,1676-E4-8_g_S22,0.0020120724346076465,4,Midgut,-118.95999999999998,-68.75,-135.5068980927651,-61.80881410819005
304,X70,899-E4-8_g_S22,0.0020120724346076465,4,Midgut,-118.95999999999998,-68.75,-125.02042191303715,-59.37803002137441
1995,X70,1274-E4-8_g_S22,0.0014279223729473634,4,Fat body,-118.95999999999998,-68.75,-101.4985475266954,-78.5018038086564
2292,X70,1414-E4-8_g_S22,0.0011683001233205662,4,Fat body,-118.95999999999998,-68.75,-107.75371055446502,-84.68332204040459
566,X71,1420-E4-8_g_S22,0.0020120724346076465,1,Fat body,-78.95999999999998,-68.75,-83.3278695718291,-80.12752738517915
339,X71,572-E4-8_g_S22,0.0020120724346076465,1,Foregut,-78.95999999999998,-68.75,-83.83163004807453,-59.784424591290076
467,X71,1254-E4-8_g_S22,0.0020120724346076465,1,Somatic muscle,-78.95999999999998,-68.75,-80.34015446573949,-58.32719449121953
2016,X71,1611-E4-8_g_S22,0.0014279223729473634,1,Fat body,-78.95999999999998,-68.75,-61.93768962542066,-79.24956901551151
2019,X71,1632-E4-8_g_S22,0.0014279223729473634,1,Fat body,-78.95999999999998,-68.75,-85.36265628893611,-66.2612845167998
302,X72,687-E4-8_g_S22,0.0020120724346076465,3,Amnioserosa,-38.95999999999998,-68.75,-41.13285104147327,-64.23552063194421
442,X72,1301-E4-8_g_S22,0.0020120724346076465,3,Fat body,-38.95999999999998,-68.75,-30.78862079107275,-75.3673323895598
673,X72,1512-E4-8_g_S22,0.0020120724346076465,3,Fat body,-38.95999999999998,-68.75,-50.88399479253378,-52.693277165385624
731,X72,1752-E4-8_g_S22,0.0020120724346076465,3,Fat body,-38.95999999999998,-68.75,-39.9046454569003,-80.40802291108439
733,X72,1526-E4-8_g_S22,0.0020120724346076465,3,Fat body,-38.95999999999998,-68.75,-32.08988791801963,-71.04584690202599
427,X73,1326-E4-8_g_S22,0.0020120724346076465,1,Fat body,1.0400000000000205,-68.75,-2.730958108098883,-49.10872012961062
530,X73,1395-E4-8_g_S22,0.0020120724346076465,1,Fat body,1.0400000000000205,-68.75,7.749095832788322,-66.65140677188975
144,X73,1717-E4-8_g_S22,0.0020120724346076465,1,Amnioserosa,1.0400000000000205,-68.75,5.83447871703667,-75.84573430672549
232,X73,932-E4-8_g_S22,0.0020120724346076465,1,Somatic muscle,1.0400000000000205,-68.75,-11.193630206485414,-74.05722908641674
2138,X73,1547-E4-8_g_S22,0.0013630168105406753,1,Fat body,1.0400000000000205,-68.75,5.541013764759405,-78.08690970535733
468,X74,1284-E4-8_g_S22,0.0020120724346076465,1,Fat body,41.04000000000002,-68.75,58.04735069436006,-58.22621634776488
181,X74,2017-E4-8_g_S22,0.0020120724346076465,1,Somatic muscle,41.04000000000002,-68.75,21.89245477967395,-72.06764833695428
224,X74,555-E4-8_g_S22,0.0020120724346076465,1,Somatic muscle,41.04000000000002,-68.75,45.237631277345436,-81.09032087481928
343,X74,751-E4-8_g_S22,0.0020120724346076465,1,Midgut,41.04000000000002,-68.75,25.46690269081035,-64.797665510763
543,X74,1471-E4-8_g_S22,0.0020120724346076465,1,Amnioserosa,41.04000000000002,-68.75,54.55566055781041,-67.56814892969835
1083,X75,71-E4-8_g_S22,0.0020120724346076465,2,CNS,281.04,-68.75,270.6826884009293,-85.85924008948834
6,X75,1665-E4-8_g_S22,0.0020120724346076465,2,Midgut,281.04,-68.75,274.9854754740094,-73.32908968858732
474,X75,1390-E4-8_g_S22,0.0020120724346076465,2,Midgut,281.04,-68.75,285.35836768289886,-63.49983508096448
368,X75,698-E4-8_g_S22,0.0020120724346076465,2,Hemolymph cells,281.04,-68.75,289.79461156557034,-60.112092791763196
2389,X75,542-E4-8_g_S22,0.0009735834361004579,2,Midgut,281.04,-68.75,284.37885687659116,-60.94974234919649
115,X76,1897-E4-8_g_S22,0.0020120724346076465,1,Epidermis,321.04,-68.75,311.5784655469016,-78.87182135507591
572,X76,1411-E4-8_g_S22,0.0020120724346076465,1,Epidermis,321.04,-68.75,321.54995529040525,-63.91108900889149
815,X76,1499-E4-8_g_S22,0.0020120724346076465,1,Midgut,321.04,-68.75,320.9999118272782,-48.75004017658016
1046,X76,476-E4-8_g_S22,0.0020120724346076465,1,Midgut,321.04,-68.75,328.3869072069133,-64.97231993769158
1810,X76,1997-E4-8_g_S22,0.0016875446225741607,1,Visceral branch,321.04,-68.75,322.684760128502,-87.24472952176099
452,X77,1293-E4-8_g_S22,0.0020120724346076465,2,Fat body,361.04,-68.75,358.4670688377071,-50.36927942429409
142,X77,1841-E4-8_g_S22,0.0020120724346076465,2,Midgut,361.04,-68.75,355.6934412569204,-70.0762585870509
214,X77,995-E4-8_g_S22,0.0020120724346076465,2,Midgut,361.04,-68.75,379.46162209980395,-76.53741543851459
610,X77,1094-E4-8_g_S22,0.0020120724346076465,2,Visceral muscle,361.04,-68.75,353.7619338540028,-70.05415100864269
2201,X77,2422-E4-8_g_S22,0.0012325579256234082,2,CNS,361.04,-68.75,357.8159339515669,-76.71289554149782
768,X78,1087-E4-8_g_S22,0.0020120724346076465,1,Amnioserosa,401.04,-68.75,409.7648029568311,-71.39192125517106
73,X78,1670-E4-8_g_S22,0.0020120724346076465,1,Salivary gland body,401.04,-68.75,404.4701896901655,-56.27328267238167
202,X78,1687-E4-8_g_S22,0.0020120724346076465,1,Midgut,401.04,-68.75,383.73920464103844,-58.71593402715859
1231,X78,724-E4-8_g_S22,0.0020120724346076465,1,Visceral muscle,401.04,-68.75,397.5891130064922,-77.11523941393413
2365,X78,273-E4-8_g_S22,0.00110339456091362,1,Foregut,401.04,-68.75,409.63668970547263,-80.2536226313543
246,X79,969-E4-8_g_S22,0.0020120724346076465,3,Trachea,441.04,-68.75,421.2726884136928,-71.79193896221534
33,X79,1978-E4-8_g_S22,0.0020120724346076465,3,Midgut,441.04,-68.75,441.5712036911795,-65.84672492786669
122,X79,1866-E4-8_g_S22,0.0020120724346076465,3,Somatic muscle,441.04,-68.75,442.40605361170174,-64.81178772229802
608,X79,1442-E4-8_g_S22,0.0020120724346076465,3,Amnioserosa,441.04,-68.75,451.2447322097197,-73.66507743192578
1143,X79,78-E4-8_g_S22,0.0020120724346076465,3,Epidermis,441.04,-68.75,448.70532207370604,-67.63447095569413
771,X8,1337-E4-8_g_S22,0.0020120724346076465,1,Amnioserosa,41.04000000000002,-188.75,27.734592372150615,-173.81794964324166
495,X8,1252-E4-8_g_S22,0.0020120724346076465,1,Somatic muscle,41.04000000000002,-188.75,47.7228216544507,-188.36773675848613
697,X8,1834-E4-8_g_S22,0.0020120724346076465,1,Midgut,41.04000000000002,-188.75,46.42483499501103,-192.2898279774561
873,X8,81-E4-8_g_S22,0.0020120724346076465,1,Trachea,41.04000000000002,-188.75,36.995786009481435,-194.7651012148648
2274,X8,1928-E4-8_g_S22,0.0011683001233205662,1,Epidermis,41.04000000000002,-188.75,46.32196496890646,-194.50938440595064
75,X80,1662-E4-8_g_S22,0.0020120724346076465,2,Amnioserosa,481.04,-68.75,481.9405159029988,-70.02466155979131
37,X80,1860-E4-8_g_S22,0.0020120724346076465,2,Somatic muscle,481.04,-68.75,480.51643879402445,-65.70428820970362
570,X80,1483-E4-8_g_S22,0.0020120724346076465,2,Fat body,481.04,-68.75,489.82414980041295,-71.33705392205995
862,X80,22-E4-8_g_S22,0.0020120724346076465,2,Trachea,481.04,-68.75,461.3610978994084,-65.18057257878388
958,X80,33-E4-8_g_S22,0.0020120724346076465,2,Trachea,481.04,-68.75,491.5577976031566,-71.50342372966134
59,X81,1753-E4-8_g_S22,0.0020120724346076465,2,Foregut,-478.96,-28.75,-480.40592876646167,-24.95847202273006
1291,X81,576-E4-8_g_S22,0.0020120724346076465,2,Foregut,-478.96,-28.75,-480.40592876646167,-24.95847202273006
262,X81,554-E4-8_g_S22,0.0020120724346076465,2,Midgut,-478.96,-28.75,-482.44132053641187,-22.68718807569836
106,X81,2025-E4-8_g_S22,0.0020120724346076465,2,Somatic muscle,-478.96,-28.75,-472.89812038742804,-47.809213403566375
1933,X81,1332-E4-8_g_S22,0.0014279223729473634,2,Foregut,-478.96,-28.75,-478.6487015432374,-23.336654475275143
41,X82,1534-E4-8_g_S22,0.0020120724346076465,2,Salivary gland body,-438.96,-28.75,-434.7908101202325,-26.110665077271012
170,X82,1872-E4-8_g_S22,0.0020120724346076465,2,Salivary gland body,-438.96,-28.75,-439.9275578796874,-34.29509018872646
378,X82,649-E4-8_g_S22,0.0020120724346076465,2,Visceral branch,-438.96,-28.75,-431.8071663291443,-34.447288101810905
441,X82,1028-E4-8_g_S22,0.0020120724346076465,2,Somatic muscle,-438.96,-28.75,-435.9825158987541,-8.972877144871948
1687,X82,59-E4-8_g_S22,0.001947166872200869,2,CNS,-438.96,-28.75,-452.29194977218106,-39.924079487319794
248,X83,804-E4-8_g_S22,0.0020120724346076465,1,Epidermis,-398.96,-28.75,-395.15964703792605,-15.226431875756802
111,X83,2022-E4-8_g_S22,0.0020120724346076465,1,Somatic muscle,-398.96,-28.75,-406.4514428016362,-35.542678440862026
153,X83,1908-E4-8_g_S22,0.0020120724346076465,1,Salivary gland body,-398.96,-28.75,-397.77661011544564,-48.7149590127587
1325,X83,2458-E4-8_g_S22,0.001996007984031936,1,Epidermis,-398.96,-28.75,-395.50924042321554,-14.866476891667729
1712,X83,2432-E4-8_g_S22,0.0018488368884351123,1,Epidermis,-398.96,-28.75,-399.903059621776,-29.399453778954722
406,X84,582-E4-8_g_S22,0.0020120724346076465,1,Foregut,-358.96,-28.75,-359.36873621397194,-48.74582293148716
527,X84,1488-E4-8_g_S22,0.0020120724346076465,1,Visceral branch,-358.96,-28.75,-343.3805982000835,-28.049512633447755
1442,X84,2473-E4-8_g_S22,0.001996007984031936,1,Epidermis,-358.96,-28.75,-367.6587939107046,-12.536574430358613
1681,X84,1782-E4-8_g_S22,0.001947166872200958,1,Salivary gland body,-358.96,-28.75,-363.2983485671167,-31.493136408692738
2184,X84,1704-E4-8_g_S22,0.0012332056857272547,1,Salivary gland body,-358.96,-28.75,-361.09352310812386,-22.92495359601376
254,X85,709-E4-8_g_S22,0.0020120724346076465,1,Trachea,-318.96,-28.75,-334.02510642612935,-18.585225947911177
101,X85,2016-E4-8_g_S22,0.0020120724346076465,1,Hemolymph cells,-318.96,-28.75,-317.66507363130773,-22.968187143720666
506,X85,1451-E4-8_g_S22,0.0020120724346076465,1,Amnioserosa,-318.96,-28.75,-322.12359570547824,-36.4051745330967
545,X85,1152-E4-8_g_S22,0.0020120724346076465,1,Somatic muscle,-318.96,-28.75,-312.4471815789739,-19.970863231248885
1806,X85,96-E4-8_g_S22,0.0016875446225741607,1,Trachea,-318.96,-28.75,-308.53904265810894,-45.820549144022486
425,X86,1994-E4-8_g_S22,0.0020120724346076465,4,Hemolymph cells,-278.96,-28.75,-288.1513990803967,-46.5128315013368
1297,X86,857-E4-8_g_S22,0.0020120724346076465,4,Visceral muscle,-278.96,-28.75,-278.1673792943223,-28.543340301851057
517,X86,1362-E4-8_g_S22,0.0020120724346076465,4,Epidermis,-278.96,-28.75,-273.5871367728359,-19.05745291165165
829,X86,1309-E4-8_g_S22,0.0020120724346076465,4,Trachea,-278.96,-28.75,-281.15581379153986,-20.073813872709366
1454,X86,2274-E4-8_g_S22,0.001996007984031936,4,Hemolymph cells,-278.96,-28.75,-273.73827106090414,-29.56256141245119
241,X87,526-E4-8_g_S22,0.0020120724346076465,1,Amnioserosa,-238.95999999999998,-28.75,-237.40989631064892,-39.29263657856566
313,X87,681-E4-8_g_S22,0.0020120724346076465,1,Visceral muscle,-238.95999999999998,-28.75,-222.2525128372135,-31.697799614574897
825,X87,1108-E4-8_g_S22,0.0020120724346076465,1,Midgut,-238.95999999999998,-28.75,-229.02669672293027,-30.6191958057423
927,X87,308-E4-8_g_S22,0.0020120724346076465,1,Midgut,-238.95999999999998,-28.75,-258.47300991926255,-24.36337898938588
1489,X87,2173-E4-8_g_S22,0.001996007984031936,1,CNS,-238.95999999999998,-28.75,-247.6378842099459,-17.776989011731217
749,X88,1091-E4-8_g_S22,0.0020120724346076465,3,Visceral muscle,-198.95999999999998,-28.75,-200.33710715986575,-35.168823291499045
370,X88,763-E4-8_g_S22,0.0020120724346076465,3,Somatic muscle,-198.95999999999998,-28.75,-189.7790862804078,-18.517105311594513
371,X88,814-E4-8_g_S22,0.0020120724346076465,3,Somatic muscle,-198.95999999999998,-28.75,-202.2458862696134,-15.871534301292566
722,X88,1942-E4-8_g_S22,0.0020120724346076465,3,Midgut,-198.95999999999998,-28.75,-197.63873778900592,-26.313921157215113
1360,X88,2381-E4-8_g_S22,0.001996007984031936,3,CNS,-198.95999999999998,-28.75,-204.7991825011074,-47.87861593839871
930,X89,479-E4-8_g_S22,0.0020120724346076465,1,Midgut,-158.95999999999998,-28.75,-148.77644708649785,-37.80617455961708
1082,X89,482-E4-8_g_S22,0.0020120724346076465,1,Midgut,-158.95999999999998,-28.75,-145.1322125229276,-25.239166577246934
1202,X89,647-E4-8_g_S22,0.0020120724346076465,1,Midgut,-158.95999999999998,-28.75,-163.23071215794235,-42.659522042520315
21,X89,1780-E4-8_g_S22,0.0020120724346076465,1,Visceral muscle,-158.95999999999998,-28.75,-175.2529944176098,-28.995741407214496
2070,X89,1822-E4-8_g_S22,0.001427922372947363,1,Midgut,-158.95999999999998,-28.75,-162.40763381502214,-9.04939541340125
77,X9,1755-E4-8_g_S22,0.0020120724346076465,1,Midgut,81.04000000000002,-188.75,87.25471743624226,-192.6394768767821
285,X9,921-E4-8_g_S22,0.0020120724346076465,1,Midgut,81.04000000000002,-188.75,88.89825738405739,-198.7404801177411
574,X9,1215-E4-8_g_S22,0.0020120724346076465,1,Trachea,81.04000000000002,-188.75,81.0821219699035,-179.82788769965742
588,X9,1363-E4-8_g_S22,0.0020120724346076465,1,Epidermis,81.04000000000002,-188.75,66.48072463970054,-175.03768797820817
1424,X9,2438-E4-8_g_S22,0.001996007984031936,1,CNS,81.04000000000002,-188.75,81.48417857009662,-197.5044673276108
342,X90,784-E4-8_g_S22,0.0020120724346076465,1,Epidermis,-118.95999999999998,-28.75,-116.78861564389126,-46.58070372027117
913,X90,299-E4-8_g_S22,0.0020120724346076465,1,Somatic muscle,-118.95999999999998,-28.75,-99.04750968452578,-26.88111545671061
1017,X90,378-E4-8_g_S22,0.0020120724346076465,1,Somatic muscle,-118.95999999999998,-28.75,-123.12413787336195,-18.39722329140784
49,X90,1666-E4-8_g_S22,0.0020120724346076465,1,Midgut,-118.95999999999998,-28.75,-128.96687913669942,-23.934258060592338
103,X90,1682-E4-8_g_S22,0.0020120724346076465,1,Midgut,-118.95999999999998,-28.75,-126.8728576615218,-27.956699471017945
349,X91,1537-E4-8_g_S22,0.0020120724346076465,1,Fat body,-78.95999999999998,-28.75,-80.28318569465775,-36.602225044597304
360,X91,635-E4-8_g_S22,0.0020120724346076465,1,Midgut,-78.95999999999998,-28.75,-81.80651944624036,-32.97797853856563
821,X91,1341-E4-8_g_S22,0.0020120724346076465,1,Somatic muscle,-78.95999999999998,-28.75,-64.91624518032143,-14.510163253577819
920,X91,351-E4-8_g_S22,0.0020120724346076465,1,Stomatogastric nervous system,-78.95999999999998,-28.75,-95.38941394396001,-35.69761161154327
933,X91,404-E4-8_g_S22,0.0020120724346076465,1,Midgut,-78.95999999999998,-28.75,-72.40463573482043,-23.962021551716095
429,X92,1492-E4-8_g_S22,0.0020120724346076465,1,Fat body,-38.95999999999998,-28.75,-44.82935140271613,-47.86938058911517
354,X92,1854-E4-8_g_S22,0.0020120724346076465,1,Midgut,-38.95999999999998,-28.75,-34.02644819264266,-26.084444807422823
422,X92,741-E4-8_g_S22,0.0020120724346076465,1,Somatic muscle,-38.95999999999998,-28.75,-33.68054206224094,-26.031781723034882
1790,X92,837-E4-8_g_S22,0.001752450184980766,1,Epidermis,-38.95999999999998,-28.75,-35.073006118528816,-24.645648053465074
1854,X92,1524-E4-8_g_S22,0.001492827935354353,1,Salivary gland body,-38.95999999999998,-28.75,-47.19065222387128,-19.118744826962054
639,X93,1374-E4-8_g_S22,0.0020120724346076465,1,Fat body,1.0400000000000205,-28.75,14.783188051615587,-29.124766034509438
714,X93,1744-E4-8_g_S22,0.0020120724346076465,1,Fat body,1.0400000000000205,-28.75,-8.127468282423617,-24.643408974133557
88,X93,1671-E4-8_g_S22,0.0020120724346076465,1,Midgut,1.0400000000000205,-28.75,-8.250560413758846,-17.9655853143935
1914,X93,1369-E4-8_g_S22,0.0014279223729473634,1,Fat body,1.0400000000000205,-28.75,5.835901291536616,-23.26640394835028
2284,X93,1485-E4-8_g_S22,0.0011683001233205662,1,Fat body,1.0400000000000205,-28.75,0.9589393530303663,-48.74983572861319
197,X94,1621-E4-8_g_S22,0.0020120724346076465,1,Fat body,41.04000000000002,-28.75,35.704442769441194,-16.96432292651874
32,X94,1884-E4-8_g_S22,0.0020120724346076465,1,Salivary gland body,41.04000000000002,-28.75,32.22648089280971,-38.27868248912153
451,X94,1280-E4-8_g_S22,0.0020120724346076465,1,Fat body,41.04000000000002,-28.75,46.74858422579015,-20.774231489813225
813,X94,1255-E4-8_g_S22,0.0020120724346076465,1,Fat body,41.04000000000002,-28.75,60.94148205315756,-30.732678009120104
915,X94,18-E4-8_g_S22,0.0020120724346076465,1,Midgut,41.04000000000002,-28.75,29.579010058801494,-37.00008508542629
66,X95,1538-E4-8_g_S22,0.0020120724346076465,1,Fat body,81.04000000000002,-28.75,73.38326474270119,-37.066986509191224
189,X95,1520-E4-8_g_S22,0.0020120724346076465,1,Fat body,81.04000000000002,-28.75,80.1468306290264,-39.51857319512474
537,X95,1184-E4-8_g_S22,0.0020120724346076465,1,Fat body,81.04000000000002,-28.75,80.89972541206528,-16.450337467294418
780,X95,1188-E4-8_g_S22,0.0020120724346076465,1,Fat body,81.04000000000002,-28.75,80.1468306290264,-39.51857319512474
948,X95,106-E4-8_g_S22,0.0020120724346076465,1,Fat body,81.04000000000002,-28.75,90.62334858718091,-11.195529633264979
184,X96,1569-E4-8_g_S22,0.0020120724346076465,3,Fat body,121.04000000000002,-28.75,121.82757933418213,-31.73709992734626
590,X96,1072-E4-8_g_S22,0.0020120724346076465,3,Fat body,121.04000000000002,-28.75,118.48920803198052,-34.64040035343142
818,X96,1097-E4-8_g_S22,0.0020120724346076465,3,Fat body,121.04000000000002,-28.75,103.36720517226718,-19.386650013117137
279,X96,738-E4-8_g_S22,0.0020120724346076465,3,Hemolymph cells,121.04000000000002,-28.75,133.2797992483362,-24.35240810776543
391,X96,863-E4-8_g_S22,0.0020120724346076465,3,CNS,121.04000000000002,-28.75,128.23620821323414,-33.633441598339786
1100,X97,170-E4-8_g_S22,0.0020120724346076465,1,Epidermis,161.04000000000002,-28.75,165.53857387731546,-33.379905659661645
108,X97,1575-E4-8_g_S22,0.0020120724346076465,1,Midgut,161.04000000000002,-28.75,158.31011621123076,-8.937182570370897
235,X97,964-E4-8_g_S22,0.0020120724346076465,1,Midgut,161.04000000000002,-28.75,153.5340741127762,-25.44637355839799
385,X97,957-E4-8_g_S22,0.0020120724346076465,1,Midgut,161.04000000000002,-28.75,165.29551835697916,-35.54419700046309
1376,X97,2402-E4-8_g_S22,0.001996007984031936,1,Epidermis,161.04000000000002,-28.75,162.52171744169752,-40.44234121110644
31,X98,1993-E4-8_g_S22,0.0020120724346076465,1,Stomatogastric nervous system,201.04000000000002,-28.75,195.1672986990435,-42.163547384835795
48,X98,1981-E4-8_g_S22,0.0020120724346076465,1,Midgut,201.04000000000002,-28.75,197.04452186463487,-32.11273574620594
306,X98,844-E4-8_g_S22,0.0020120724346076465,1,Midgut,201.04000000000002,-28.75,213.3182790839674,-12.962540966443997
1684,X98,1357-E4-8_g_S22,0.001947166872200957,1,Fat body,201.04000000000002,-28.75,195.2500046308868,-42.193457595974
2429,X98,1460-E4-8_g_S22,0.0008437723112870803,1,Fat body,201.04000000000002,-28.75,204.41989572146753,-14.317718306540334
940,X99,164-E4-8_g_S22,0.0020120724346076465,2,Epidermis,241.04000000000002,-28.75,259.65964673648654,-36.051284504006574
165,X99,1615-E4-8_g_S22,0.0020120724346076465,2,Midgut,241.04000000000002,-28.75,223.37150600420105,-21.536034466214332
1177,X99,403-E4-8_g_S22,0.0020120724346076465,2,Midgut,241.04000000000002,-28.75,231.31947901835966,-18.436765285161577
614,X99,1465-E4-8_g_S22,0.0020120724346076465,2,Somatic muscle,241.04000000000002,-28.75,245.182356163186,-38.87119235846413
1198,X99,754-E4-8_g_S22,0.0020120724346076465,2,Midgut,241.04000000000002,-28.75,245.66701207776362,-28.854723386152852
