,area,slices,x,y,z,nGenes,nCounts,pMito,nMito,pass_basic_filter,scc,auto_anno,anno,louvain_res_1.6,Annotation_1_cell_type,Annotation_2_tissue,Annotation_3_germ_layer,align_x,align_y,align_z,spot_id
3-E4-8_g_S22,111,E4-8_g_S22,480.62,33.59,308,128,274.0,0.076642334,10,True,4,dorsal epidermis primordium,Epidermis,4,ventral epidermis,epidermis,ectoderm,480.62,33.59,308.0,155
4-E4-8_g_S22,87,E4-8_g_S22,476.17,25.88,308,113,213.0,0.04225352,3,True,8,mesectoderm anlage,Foregut,8,glia,CNS,neuroectoderm,476.17,25.88,308.0,130
5-E4-8_g_S22,51,E4-8_g_S22,473.12,46.32,308,77,132.0,0.03787879,3,True,9,mesectoderm,Stomatogastric nervous system,9,sensory neuron,PNS,neuroectoderm,473.12,46.32,308.0,155
6-E4-8_g_S22,44,E4-8_g_S22,475.2,17.42,308,72,152.0,0.065789476,5,True,9,mesectoderm,Stomatogastric nervous system,9,sensory neuron,PNS,neuroectoderm,475.2,17.42,308.0,130
8-E4-8_g_S22,44,E4-8_g_S22,473.9,10.32,308,85,160.0,0.08125,7,True,10,plasmatocyte primordium,Hemolymph cells,10,mesoderm_2,mesoderm,mesoderm,473.9,10.32,308.0,130
9-E4-8_g_S22,79,E4-8_g_S22,474.13,1.4,308,101,193.0,0.041450776,4,True,6,tracheal primordium,Trachea,6,tracheal system,trachea,ectoderm,474.13,1.4,308.0,130
10-E4-8_g_S22,99,E4-8_g_S22,476.91,-21.63,308,162,335.0,0.065671645,5,True,6,tracheal primordium,Trachea,6,tracheal system,trachea,ectoderm,476.91,-21.63,308.0,105
12-E4-8_g_S22,35,E4-8_g_S22,468.85,21.94,308,68,118.0,0.076271184,3,True,2,dorsal epidermis primordium,Epidermis,2,epidermis,epidermis,ectoderm,468.85,21.94,308.0,130
13-E4-8_g_S22,52,E4-8_g_S22,480.07,-37.53,308,99,180.0,0.03888889,4,True,6,tracheal primordium,Trachea,6,tracheal system,trachea,ectoderm,480.07,-37.53,308.0,105
14-E4-8_g_S22,170,E4-8_g_S22,470.45,-12.46,308,330,864.0,0.05439815,10,True,6,tracheal primordium,Trachea,6,tracheal system,trachea,ectoderm,470.45,-12.46,308.0,105
15-E4-8_g_S22,97,E4-8_g_S22,466.65,13.61,308,189,410.0,0.05609756,7,True,6,tracheal primordium,Trachea,6,tracheal system,trachea,ectoderm,466.65,13.61,308.0,130
17-E4-8_g_S22,65,E4-8_g_S22,475.18,-31.73,308,105,214.0,0.060747664,4,True,12,amnioserosa,Amnioserosa,12,amnioserosa,amnioserosa,extra-embryonic,475.18,-31.73,308.0,105
18-E4-8_g_S22,77,E4-8_g_S22,478.18,-46.02,308,140,308.0,0.055194806,5,True,1,pericardial cell primordium,Midgut,1,midgut primordium,midgut,endoderm,478.18,-46.02,308.0,105
19-E4-8_g_S22,39,E4-8_g_S22,469.68,-26.83,308,110,234.0,0.055555556,5,True,6,tracheal primordium,Trachea,6,tracheal system,trachea,ectoderm,469.68,-26.83,308.0,105
20-E4-8_g_S22,45,E4-8_g_S22,462.31,6.23,308,146,260.0,0.042307694,5,True,6,tracheal primordium,Trachea,6,tracheal system,trachea,ectoderm,462.31,6.23,308.0,130
21-E4-8_g_S22,66,E4-8_g_S22,454.0,39.68,308,180,343.0,0.06122449,7,True,10,plasmatocyte primordium,Hemolymph cells,10,mesoderm_2,mesoderm,mesoderm,454.0,39.68,308.0,154
22-E4-8_g_S22,70,E4-8_g_S22,474.43,-65.14,308,180,419.0,0.045346063,6,True,6,tracheal primordium,Trachea,6,tracheal system,trachea,ectoderm,474.43,-65.14,308.0,80
24-E4-8_g_S22,47,E4-8_g_S22,455.02,24.98,308,173,392.0,0.033163264,7,True,2,dorsal epidermis primordium,Epidermis,2,epidermis,epidermis,ectoderm,455.02,24.98,308.0,129
26-E4-8_g_S22,78,E4-8_g_S22,463.42,-24.99,308,217,551.0,0.085299455,8,True,6,tracheal primordium,Trachea,6,tracheal system,trachea,ectoderm,463.42,-24.99,308.0,105
29-E4-8_g_S22,46,E4-8_g_S22,451.36,19.64,308,165,372.0,0.09677419,7,True,2,dorsal epidermis primordium,Epidermis,2,epidermis,epidermis,ectoderm,451.36,19.64,308.0,129
30-E4-8_g_S22,72,E4-8_g_S22,453.22,4.72,308,219,518.0,0.06370656,6,True,6,tracheal primordium,Trachea,6,tracheal system,trachea,ectoderm,453.22,4.72,308.0,129
32-E4-8_g_S22,61,E4-8_g_S22,469.57,-72.55,308,151,313.0,0.092651755,8,True,6,tracheal primordium,Trachea,6,tracheal system,trachea,ectoderm,469.57,-72.55,308.0,80
33-E4-8_g_S22,34,E4-8_g_S22,466.91,-64.33,308,86,165.0,0.07878788,6,True,6,tracheal primordium,Trachea,6,tracheal system,trachea,ectoderm,466.91,-64.33,308.0,80
35-E4-8_g_S22,46,E4-8_g_S22,445.97,29.75,308,122,310.0,0.09677419,9,True,10,plasmatocyte primordium,Hemolymph cells,10,mesoderm_2,mesoderm,mesoderm,445.97,29.75,308.0,129
36-E4-8_g_S22,90,E4-8_g_S22,441.02,51.11,308,146,319.0,0.06583072,5,True,9,mesectoderm,Stomatogastric nervous system,9,sensory neuron,PNS,neuroectoderm,441.02,51.11,308.0,154
37-E4-8_g_S22,61,E4-8_g_S22,454.07,-15.79,308,221,516.0,0.05620155,6,True,2,dorsal epidermis primordium,Epidermis,2,epidermis,epidermis,ectoderm,454.07,-15.79,308.0,104
38-E4-8_g_S22,81,E4-8_g_S22,455.64,-26.31,308,266,637.0,0.06593407,7,True,2,dorsal epidermis primordium,Epidermis,2,epidermis,epidermis,ectoderm,455.64,-26.31,308.0,104
40-E4-8_g_S22,39,E4-8_g_S22,444.92,23.92,308,148,308.0,0.064935066,7,True,3,presumptive embryonic/larval peripheral nervous system,CNS,3,brain/ventral nerve cord_outer,CNS,neuroectoderm,444.92,23.92,308.0,129
41-E4-8_g_S22,54,E4-8_g_S22,440.3,32.93,308,181,385.0,0.07012987,8,True,3,presumptive embryonic/larval peripheral nervous system,CNS,3,brain/ventral nerve cord_outer,CNS,neuroectoderm,440.3,32.93,308.0,154
43-E4-8_g_S22,67,E4-8_g_S22,460.95,-68.93,308,159,370.0,0.08918919,5,True,7,yolk nucleus,Fat body,7,yolk,yolk,extra-embryonic,460.95,-68.93,308.0,79
45-E4-8_g_S22,97,E4-8_g_S22,437.99,40.99,308,239,645.0,0.068217054,9,True,3,presumptive embryonic/larval peripheral nervous system,CNS,3,brain/ventral nerve cord_outer,CNS,neuroectoderm,437.99,40.99,308.0,154
46-E4-8_g_S22,48,E4-8_g_S22,446.04,7.54,308,162,352.0,0.036931816,5,True,2,dorsal epidermis primordium,Epidermis,2,epidermis,epidermis,ectoderm,446.04,7.54,308.0,129
49-E4-8_g_S22,41,E4-8_g_S22,430.51,76.83,308,79,154.0,0.064935066,3,True,10,plasmatocyte primordium,Hemolymph cells,10,mesoderm_2,mesoderm,mesoderm,430.51,76.83,308.0,178
50-E4-8_g_S22,61,E4-8_g_S22,471.92,-131.55,308,57,120.0,0.075,4,True,15,dorsal pharyngeal muscle primordium,Somatic muscle,15,somatic muscle,muscle,mesoderm,471.92,-131.55,308.0,40
51-E4-8_g_S22,100,E4-8_g_S22,468.35,-121.56,308,105,221.0,0.049773756,5,True,6,tracheal primordium,Trachea,6,tracheal system,trachea,ectoderm,468.35,-121.56,308.0,60
53-E4-8_g_S22,68,E4-8_g_S22,440.46,13.26,308,213,503.0,0.077534795,6,True,3,presumptive embryonic/larval peripheral nervous system,CNS,3,brain/ventral nerve cord_outer,CNS,neuroectoderm,440.46,13.26,308.0,129
54-E4-8_g_S22,34,E4-8_g_S22,444.65,-7.08,308,146,321.0,0.056074765,7,True,6,tracheal primordium,Trachea,6,tracheal system,trachea,ectoderm,444.65,-7.08,308.0,129
55-E4-8_g_S22,54,E4-8_g_S22,449.5,-30.56,308,199,442.0,0.07918552,6,True,8,mesectoderm anlage,Foregut,8,glia,CNS,neuroectoderm,449.5,-30.56,308.0,104
56-E4-8_g_S22,102,E4-8_g_S22,425.43,84.14,308,158,343.0,0.04373178,5,True,4,dorsal epidermis primordium,Epidermis,4,ventral epidermis,epidermis,ectoderm,425.43,84.14,308.0,178
57-E4-8_g_S22,66,E4-8_g_S22,453.57,-55.25,308,229,514.0,0.060311284,6,True,2,dorsal epidermis primordium,Epidermis,2,epidermis,epidermis,ectoderm,453.57,-55.25,308.0,79
58-E4-8_g_S22,45,E4-8_g_S22,437.78,19.93,308,193,409.0,0.07579462,7,True,3,presumptive embryonic/larval peripheral nervous system,CNS,3,brain/ventral nerve cord_outer,CNS,neuroectoderm,437.78,19.93,308.0,129
59-E4-8_g_S22,45,E4-8_g_S22,439.3,4.85,308,224,493.0,0.06288032,9,True,3,presumptive embryonic/larval peripheral nervous system,CNS,3,brain/ventral nerve cord_outer,CNS,neuroectoderm,439.3,4.85,308.0,129
63-E4-8_g_S22,62,E4-8_g_S22,419.2,91.42,308,78,142.0,0.07042254,4,True,4,dorsal epidermis primordium,Epidermis,4,ventral epidermis,epidermis,ectoderm,419.2,91.42,308.0,177
64-E4-8_g_S22,33,E4-8_g_S22,438.86,-1.1,308,155,317.0,0.056782335,6,True,2,dorsal epidermis primordium,Epidermis,2,epidermis,epidermis,ectoderm,438.86,-1.1,308.0,129
65-E4-8_g_S22,47,E4-8_g_S22,438.63,-6.22,308,236,515.0,0.06407767,12,True,3,presumptive embryonic/larval peripheral nervous system,CNS,3,brain/ventral nerve cord_outer,CNS,neuroectoderm,438.63,-6.22,308.0,129
67-E4-8_g_S22,79,E4-8_g_S22,464.9,-141.04,308,122,231.0,0.06926407,8,True,6,tracheal primordium,Trachea,6,tracheal system,trachea,ectoderm,464.9,-141.04,308.0,40
68-E4-8_g_S22,53,E4-8_g_S22,426.03,57.29,308,123,236.0,0.055084746,5,True,3,presumptive embryonic/larval peripheral nervous system,CNS,3,brain/ventral nerve cord_outer,CNS,neuroectoderm,426.03,57.29,308.0,154
69-E4-8_g_S22,42,E4-8_g_S22,451.38,-63.39,308,164,357.0,0.05042017,7,True,2,dorsal epidermis primordium,Epidermis,2,epidermis,epidermis,ectoderm,451.38,-63.39,308.0,79
70-E4-8_g_S22,95,E4-8_g_S22,424.42,49.05,308,272,656.0,0.067073174,9,True,3,presumptive embryonic/larval peripheral nervous system,CNS,3,brain/ventral nerve cord_outer,CNS,neuroectoderm,424.42,49.05,308.0,154
71-E4-8_g_S22,38,E4-8_g_S22,429.33,37.21,308,109,225.0,0.075555556,5,True,3,presumptive embryonic/larval peripheral nervous system,CNS,3,brain/ventral nerve cord_outer,CNS,neuroectoderm,429.33,37.21,308.0,154
73-E4-8_g_S22,55,E4-8_g_S22,415.3,100.54,308,62,122.0,0.032786883,2,True,8,mesectoderm anlage,Foregut,8,glia,CNS,neuroectoderm,415.3,100.54,308.0,177
75-E4-8_g_S22,52,E4-8_g_S22,432.29,15.22,308,199,451.0,0.048780486,8,True,3,presumptive embryonic/larval peripheral nervous system,CNS,3,brain/ventral nerve cord_outer,CNS,neuroectoderm,432.29,15.22,308.0,129
77-E4-8_g_S22,40,E4-8_g_S22,425.24,41.18,308,139,278.0,0.0647482,5,True,3,presumptive embryonic/larval peripheral nervous system,CNS,3,brain/ventral nerve cord_outer,CNS,neuroectoderm,425.24,41.18,308.0,154
78-E4-8_g_S22,89,E4-8_g_S22,444.06,-67.6,308,329,811.0,0.054254007,8,True,2,dorsal epidermis primordium,Epidermis,2,epidermis,epidermis,ectoderm,444.06,-67.6,308.0,79
79-E4-8_g_S22,81,E4-8_g_S22,449.81,-78.06,308,298,753.0,0.057104915,7,True,2,dorsal epidermis primordium,Epidermis,2,epidermis,epidermis,ectoderm,449.81,-78.06,308.0,79
80-E4-8_g_S22,126,E4-8_g_S22,433.63,-15.77,308,388,1133.0,0.06266549,10,True,7,yolk nucleus,Fat body,7,yolk,yolk,extra-embryonic,433.63,-15.77,308.0,104
81-E4-8_g_S22,43,E4-8_g_S22,415.41,85.92,308,75,154.0,0.032467533,2,True,6,tracheal primordium,Trachea,6,tracheal system,trachea,ectoderm,415.41,85.92,308.0,177
82-E4-8_g_S22,133,E4-8_g_S22,415.55,63.0,308,305,896.0,0.08370536,9,True,3,presumptive embryonic/larval peripheral nervous system,CNS,3,brain/ventral nerve cord_outer,CNS,neuroectoderm,415.55,63.0,308.0,153
83-E4-8_g_S22,118,E4-8_g_S22,450.46,-106.57,308,224,513.0,0.064327486,9,True,6,tracheal primordium,Trachea,6,tracheal system,trachea,ectoderm,450.46,-106.57,308.0,59
86-E4-8_g_S22,46,E4-8_g_S22,436.27,-24.3,308,199,481.0,0.08316008,10,True,2,dorsal epidermis primordium,Epidermis,2,epidermis,epidermis,ectoderm,436.27,-24.3,308.0,104
87-E4-8_g_S22,67,E4-8_g_S22,436.47,-31.32,308,241,573.0,0.066317625,9,True,6,tracheal primordium,Trachea,6,tracheal system,trachea,ectoderm,436.47,-31.32,308.0,104
88-E4-8_g_S22,97,E4-8_g_S22,427.36,-2.78,308,305,849.0,0.056537103,9,True,3,presumptive embryonic/larval peripheral nervous system,CNS,3,brain/ventral nerve cord_outer,CNS,neuroectoderm,427.36,-2.78,308.0,129
89-E4-8_g_S22,34,E4-8_g_S22,412.16,80.94,308,101,205.0,0.048780486,5,True,2,dorsal epidermis primordium,Epidermis,2,epidermis,epidermis,ectoderm,412.16,80.94,308.0,177
91-E4-8_g_S22,79,E4-8_g_S22,404.53,111.59,308,108,212.0,0.04245283,5,True,8,mesectoderm anlage,Foregut,8,glia,CNS,neuroectoderm,404.53,111.59,308.0,199
92-E4-8_g_S22,79,E4-8_g_S22,408.73,87.83,308,188,417.0,0.04556355,5,True,3,presumptive embryonic/larval peripheral nervous system,CNS,3,brain/ventral nerve cord_outer,CNS,neuroectoderm,408.73,87.83,308.0,177
93-E4-8_g_S22,84,E4-8_g_S22,422.1,17.5,308,243,587.0,0.056218058,9,True,5,insect embryonic/larval nervous system,CNS,5,brain/ventral nerve cord_inner,CNS,neuroectoderm,422.1,17.5,308.0,129
95-E4-8_g_S22,46,E4-8_g_S22,435.03,-39.7,308,226,521.0,0.06909789,9,True,2,dorsal epidermis primordium,Epidermis,2,epidermis,epidermis,ectoderm,435.03,-39.7,308.0,104
96-E4-8_g_S22,50,E4-8_g_S22,439.9,-60.81,308,243,581.0,0.09122203,10,True,6,tracheal primordium,Trachea,6,tracheal system,trachea,ectoderm,439.9,-60.81,308.0,79
97-E4-8_g_S22,97,E4-8_g_S22,443.61,-95.44,308,249,565.0,0.0460177,5,True,2,dorsal epidermis primordium,Epidermis,2,epidermis,epidermis,ectoderm,443.61,-95.44,308.0,59
98-E4-8_g_S22,45,E4-8_g_S22,403.94,102.13,308,92,180.0,0.06666667,6,True,8,mesectoderm anlage,Foregut,8,glia,CNS,neuroectoderm,403.94,102.13,308.0,177
99-E4-8_g_S22,45,E4-8_g_S22,413.72,54.66,308,139,302.0,0.09602649,8,True,6,tracheal primordium,Trachea,6,tracheal system,trachea,ectoderm,413.72,54.66,308.0,153
100-E4-8_g_S22,65,E4-8_g_S22,414.65,47.25,308,233,562.0,0.081850536,10,True,3,presumptive embryonic/larval peripheral nervous system,CNS,3,brain/ventral nerve cord_outer,CNS,neuroectoderm,414.65,47.25,308.0,153
101-E4-8_g_S22,58,E4-8_g_S22,404.51,95.6,308,130,264.0,0.09090909,6,True,8,mesectoderm anlage,Foregut,8,glia,CNS,neuroectoderm,404.51,95.6,308.0,177
102-E4-8_g_S22,51,E4-8_g_S22,432.85,-51.0,308,211,456.0,0.081140354,8,True,8,mesectoderm anlage,Foregut,8,glia,CNS,neuroectoderm,432.85,-51.0,308.0,79
103-E4-8_g_S22,43,E4-8_g_S22,431.83,-45.78,308,215,478.0,0.06276151,9,True,2,dorsal epidermis primordium,Epidermis,2,epidermis,epidermis,ectoderm,431.83,-45.78,308.0,104
104-E4-8_g_S22,39,E4-8_g_S22,447.59,-122.34,308,80,147.0,0.088435374,5,True,6,tracheal primordium,Trachea,6,tracheal system,trachea,ectoderm,447.59,-122.34,308.0,59
105-E4-8_g_S22,80,E4-8_g_S22,416.43,11.1,308,304,828.0,0.07487923,9,True,5,insect embryonic/larval nervous system,CNS,5,brain/ventral nerve cord_inner,CNS,neuroectoderm,416.43,11.1,308.0,128
106-E4-8_g_S22,74,E4-8_g_S22,424.98,-22.35,308,252,667.0,0.059970014,8,True,7,yolk nucleus,Fat body,7,yolk,yolk,extra-embryonic,424.98,-22.35,308.0,104
107-E4-8_g_S22,46,E4-8_g_S22,429.73,-38.82,308,200,422.0,0.054502368,9,True,6,tracheal primordium,Trachea,6,tracheal system,trachea,ectoderm,429.73,-38.82,308.0,104
108-E4-8_g_S22,60,E4-8_g_S22,432.85,-56.59,308,170,419.0,0.07637232,7,True,6,tracheal primordium,Trachea,6,tracheal system,trachea,ectoderm,432.85,-56.59,308.0,79
109-E4-8_g_S22,57,E4-8_g_S22,436.6,-77.92,308,207,462.0,0.097402595,9,True,2,dorsal epidermis primordium,Epidermis,2,epidermis,epidermis,ectoderm,436.6,-77.92,308.0,79
110-E4-8_g_S22,70,E4-8_g_S22,438.86,-84.5,308,306,743.0,0.049798116,10,True,2,dorsal epidermis primordium,Epidermis,2,epidermis,epidermis,ectoderm,438.86,-84.5,308.0,79
111-E4-8_g_S22,71,E4-8_g_S22,443.64,-117.16,308,170,394.0,0.08629441,8,True,6,tracheal primordium,Trachea,6,tracheal system,trachea,ectoderm,443.64,-117.16,308.0,59
112-E4-8_g_S22,72,E4-8_g_S22,396.02,116.52,308,98,204.0,0.09803922,8,True,4,dorsal epidermis primordium,Epidermis,4,ventral epidermis,epidermis,ectoderm,396.02,116.52,308.0,199
114-E4-8_g_S22,38,E4-8_g_S22,441.5,-111.21,308,115,214.0,0.06542056,5,True,6,tracheal primordium,Trachea,6,tracheal system,trachea,ectoderm,441.5,-111.21,308.0,59
115-E4-8_g_S22,61,E4-8_g_S22,424.18,-37.28,308,209,491.0,0.061099797,7,True,14,visceral branch primordium,Visceral branch,14,unknown,unknown,unknown,424.18,-37.28,308.0,104
116-E4-8_g_S22,128,E4-8_g_S22,442.25,-130.36,308,216,496.0,0.058467742,8,True,12,amnioserosa,Amnioserosa,12,amnioserosa,amnioserosa,extra-embryonic,442.25,-130.36,308.0,39
117-E4-8_g_S22,75,E4-8_g_S22,402.75,68.12,308,294,812.0,0.0591133,6,True,3,presumptive embryonic/larval peripheral nervous system,CNS,3,brain/ventral nerve cord_outer,CNS,neuroectoderm,402.75,68.12,308.0,153
118-E4-8_g_S22,88,E4-8_g_S22,410.74,19.47,308,283,737.0,0.047489822,9,True,3,presumptive embryonic/larval peripheral nervous system,CNS,3,brain/ventral nerve cord_outer,CNS,neuroectoderm,410.74,19.47,308.0,128
119-E4-8_g_S22,113,E4-8_g_S22,415.17,-0.18,308,332,889.0,0.035995502,11,True,7,yolk nucleus,Fat body,7,yolk,yolk,extra-embryonic,415.17,-0.18,308.0,128
120-E4-8_g_S22,51,E4-8_g_S22,397.43,93.5,308,164,340.0,0.073529415,6,True,3,presumptive embryonic/larval peripheral nervous system,CNS,3,brain/ventral nerve cord_outer,CNS,neuroectoderm,397.43,93.5,308.0,177
121-E4-8_g_S22,58,E4-8_g_S22,403.55,57.65,308,223,548.0,0.05291971,8,True,3,presumptive embryonic/larval peripheral nervous system,CNS,3,brain/ventral nerve cord_outer,CNS,neuroectoderm,403.55,57.65,308.0,153
122-E4-8_g_S22,52,E4-8_g_S22,407.89,40.74,308,143,309.0,0.06472492,5,True,5,insect embryonic/larval nervous system,CNS,5,brain/ventral nerve cord_inner,CNS,neuroectoderm,407.89,40.74,308.0,153
123-E4-8_g_S22,46,E4-8_g_S22,404.71,51.43,308,148,348.0,0.03735632,5,True,3,presumptive embryonic/larval peripheral nervous system,CNS,3,brain/ventral nerve cord_outer,CNS,neuroectoderm,404.71,51.43,308.0,153
125-E4-8_g_S22,63,E4-8_g_S22,427.52,-64.49,308,214,508.0,0.08070866,11,True,6,tracheal primordium,Trachea,6,tracheal system,trachea,ectoderm,427.52,-64.49,308.0,79
126-E4-8_g_S22,78,E4-8_g_S22,442.02,-142.36,308,132,257.0,0.09338521,6,True,6,tracheal primordium,Trachea,6,tracheal system,trachea,ectoderm,442.02,-142.36,308.0,39
127-E4-8_g_S22,71,E4-8_g_S22,388.36,118.44,308,138,311.0,0.045016076,5,True,4,dorsal epidermis primordium,Epidermis,4,ventral epidermis,epidermis,ectoderm,388.36,118.44,308.0,199
128-E4-8_g_S22,42,E4-8_g_S22,405.68,34.53,308,182,397.0,0.065491185,8,True,5,insect embryonic/larval nervous system,CNS,5,brain/ventral nerve cord_inner,CNS,neuroectoderm,405.68,34.53,308.0,153
131-E4-8_g_S22,61,E4-8_g_S22,433.63,-101.23,308,210,503.0,0.07554672,6,True,4,dorsal epidermis primordium,Epidermis,4,ventral epidermis,epidermis,ectoderm,433.63,-101.23,308.0,59
132-E4-8_g_S22,46,E4-8_g_S22,395.72,85.23,308,166,391.0,0.06905371,6,True,3,presumptive embryonic/larval peripheral nervous system,CNS,3,brain/ventral nerve cord_outer,CNS,neuroectoderm,395.72,85.23,308.0,177
133-E4-8_g_S22,107,E4-8_g_S22,417.12,-30.98,308,295,806.0,0.06823821,11,True,2,dorsal epidermis primordium,Epidermis,2,epidermis,epidermis,ectoderm,417.12,-30.98,308.0,103
134-E4-8_g_S22,90,E4-8_g_S22,425.29,-73.22,308,313,820.0,0.085365854,14,True,14,visceral branch primordium,Visceral branch,14,unknown,unknown,unknown,425.29,-73.22,308.0,79
135-E4-8_g_S22,68,E4-8_g_S22,390.25,105.2,308,171,365.0,0.04109589,3,True,8,mesectoderm anlage,Foregut,8,glia,CNS,neuroectoderm,390.25,105.2,308.0,177
136-E4-8_g_S22,35,E4-8_g_S22,434.31,-107.6,308,154,325.0,0.04,6,True,14,visceral branch primordium,Visceral branch,14,unknown,unknown,unknown,434.31,-107.6,308.0,59
137-E4-8_g_S22,53,E4-8_g_S22,434.85,-115.1,308,179,413.0,0.07748184,6,True,14,visceral branch primordium,Visceral branch,14,unknown,unknown,unknown,434.85,-115.1,308.0,59
138-E4-8_g_S22,108,E4-8_g_S22,439.81,-152.36,308,149,336.0,0.038690478,5,True,4,dorsal epidermis primordium,Epidermis,4,ventral epidermis,epidermis,ectoderm,439.81,-152.36,308.0,39
139-E4-8_g_S22,71,E4-8_g_S22,396.72,62.45,308,248,627.0,0.07496013,9,True,3,presumptive embryonic/larval peripheral nervous system,CNS,3,brain/ventral nerve cord_outer,CNS,neuroectoderm,396.72,62.45,308.0,153
140-E4-8_g_S22,36,E4-8_g_S22,391.06,90.92,308,150,339.0,0.05899705,6,True,3,presumptive embryonic/larval peripheral nervous system,CNS,3,brain/ventral nerve cord_outer,CNS,neuroectoderm,391.06,90.92,308.0,177
141-E4-8_g_S22,51,E4-8_g_S22,404.44,24.47,308,181,388.0,0.087628864,6,True,5,insect embryonic/larval nervous system,CNS,5,brain/ventral nerve cord_inner,CNS,neuroectoderm,404.44,24.47,308.0,128
142-E4-8_g_S22,64,E4-8_g_S22,413.2,-23.93,308,223,544.0,0.053308822,9,True,7,yolk nucleus,Fat body,7,yolk,yolk,extra-embryonic,413.2,-23.93,308.0,103
143-E4-8_g_S22,42,E4-8_g_S22,399.5,46.28,308,113,220.0,0.07272727,6,True,3,presumptive embryonic/larval peripheral nervous system,CNS,3,brain/ventral nerve cord_outer,CNS,neuroectoderm,399.5,46.28,308.0,153
144-E4-8_g_S22,41,E4-8_g_S22,400.63,29.34,308,153,349.0,0.048710603,7,True,3,presumptive embryonic/larval peripheral nervous system,CNS,3,brain/ventral nerve cord_outer,CNS,neuroectoderm,400.63,29.34,308.0,128
145-E4-8_g_S22,56,E4-8_g_S22,408.16,-3.41,308,193,476.0,0.069327734,7,True,7,yolk nucleus,Fat body,7,yolk,yolk,extra-embryonic,408.16,-3.41,308.0,128
146-E4-8_g_S22,26,E4-8_g_S22,420.59,-67.4,308,87,161.0,0.099378884,5,True,8,mesectoderm anlage,Foregut,8,glia,CNS,neuroectoderm,420.59,-67.4,308.0,78
148-E4-8_g_S22,50,E4-8_g_S22,391.41,74.55,308,225,556.0,0.07553957,6,True,3,presumptive embryonic/larval peripheral nervous system,CNS,3,brain/ventral nerve cord_outer,CNS,neuroectoderm,391.41,74.55,308.0,177
149-E4-8_g_S22,66,E4-8_g_S22,426.2,-97.22,308,249,608.0,0.0625,8,True,2,dorsal epidermis primordium,Epidermis,2,epidermis,epidermis,ectoderm,426.2,-97.22,308.0,59
150-E4-8_g_S22,48,E4-8_g_S22,388.63,83.69,308,219,533.0,0.056285176,6,True,3,presumptive embryonic/larval peripheral nervous system,CNS,3,brain/ventral nerve cord_outer,CNS,neuroectoderm,388.63,83.69,308.0,177
151-E4-8_g_S22,59,E4-8_g_S22,406.84,-11.04,308,219,550.0,0.054545455,9,True,7,yolk nucleus,Fat body,7,yolk,yolk,extra-embryonic,406.84,-11.04,308.0,103
152-E4-8_g_S22,43,E4-8_g_S22,397.03,38.28,308,134,278.0,0.05755396,5,True,0,dorsal pharyngeal muscle primordium,Somatic muscle,0,somatic muscle,muscle,mesoderm,397.03,38.28,308.0,153
154-E4-8_g_S22,87,E4-8_g_S22,425.26,-106.72,308,309,738.0,0.07181572,8,True,2,dorsal epidermis primordium,Epidermis,2,epidermis,epidermis,ectoderm,425.26,-106.72,308.0,59
156-E4-8_g_S22,55,E4-8_g_S22,392.02,55.93,308,139,343.0,0.08163265,8,True,5,insect embryonic/larval nervous system,CNS,5,brain/ventral nerve cord_inner,CNS,neuroectoderm,392.02,55.93,308.0,153
157-E4-8_g_S22,46,E4-8_g_S22,393.62,43.19,308,172,406.0,0.07881773,8,True,0,dorsal pharyngeal muscle primordium,Somatic muscle,0,somatic muscle,muscle,mesoderm,393.62,43.19,308.0,153
161-E4-8_g_S22,64,E4-8_g_S22,377.13,121.93,308,152,308.0,0.077922076,8,True,4,dorsal epidermis primordium,Epidermis,4,ventral epidermis,epidermis,ectoderm,377.13,121.93,308.0,198
162-E4-8_g_S22,143,E4-8_g_S22,375.67,103.34,308,432,1255.0,0.053386454,10,True,4,dorsal epidermis primordium,Epidermis,4,ventral epidermis,epidermis,ectoderm,375.67,103.34,308.0,176
163-E4-8_g_S22,54,E4-8_g_S22,397.8,21.56,308,148,346.0,0.0433526,3,True,11,visceral muscle primordium,Visceral muscle,11,visceral muscle,muscle,mesoderm,397.8,21.56,308.0,128
164-E4-8_g_S22,91,E4-8_g_S22,408.22,-37.0,308,262,719.0,0.055632822,7,True,2,dorsal epidermis primordium,Epidermis,2,epidermis,epidermis,ectoderm,408.22,-37.0,308.0,103
165-E4-8_g_S22,37,E4-8_g_S22,415.39,-69.12,308,176,358.0,0.044692736,7,True,2,dorsal epidermis primordium,Epidermis,2,epidermis,epidermis,ectoderm,415.39,-69.12,308.0,78
166-E4-8_g_S22,77,E4-8_g_S22,423.95,-116.32,308,257,619.0,0.07108239,9,True,2,dorsal epidermis primordium,Epidermis,2,epidermis,epidermis,ectoderm,423.95,-116.32,308.0,59
167-E4-8_g_S22,60,E4-8_g_S22,428.96,-135.9,308,214,486.0,0.057613168,8,True,2,dorsal epidermis primordium,Epidermis,2,epidermis,epidermis,ectoderm,428.96,-135.9,308.0,39
168-E4-8_g_S22,88,E4-8_g_S22,404.63,-21.3,308,346,878.0,0.038724374,11,True,7,yolk nucleus,Fat body,7,yolk,yolk,extra-embryonic,404.63,-21.3,308.0,103
169-E4-8_g_S22,113,E4-8_g_S22,410.09,-64.45,308,321,900.0,0.054444443,7,True,2,dorsal epidermis primordium,Epidermis,2,epidermis,epidermis,ectoderm,410.09,-64.45,308.0,78
171-E4-8_g_S22,90,E4-8_g_S22,387.25,48.06,308,208,569.0,0.08963093,7,True,0,dorsal pharyngeal muscle primordium,Somatic muscle,0,somatic muscle,muscle,mesoderm,387.25,48.06,308.0,153
172-E4-8_g_S22,74,E4-8_g_S22,397.68,5.64,308,212,505.0,0.055445544,8,True,15,dorsal pharyngeal muscle primordium,Somatic muscle,15,somatic muscle,muscle,mesoderm,397.68,5.64,308.0,128
173-E4-8_g_S22,51,E4-8_g_S22,428.85,-145.5,308,140,257.0,0.050583657,6,True,6,tracheal primordium,Trachea,6,tracheal system,trachea,ectoderm,428.85,-145.5,308.0,39
175-E4-8_g_S22,75,E4-8_g_S22,369.8,139.11,308,112,223.0,0.040358745,4,True,4,dorsal epidermis primordium,Epidermis,4,ventral epidermis,epidermis,ectoderm,369.8,139.11,308.0,198
177-E4-8_g_S22,37,E4-8_g_S22,387.13,63.97,308,162,378.0,0.08201058,8,True,3,presumptive embryonic/larval peripheral nervous system,CNS,3,brain/ventral nerve cord_outer,CNS,neuroectoderm,387.13,63.97,308.0,153
178-E4-8_g_S22,80,E4-8_g_S22,392.89,15.5,308,252,598.0,0.04682274,12,True,0,dorsal pharyngeal muscle primordium,Somatic muscle,0,somatic muscle,muscle,mesoderm,392.89,15.5,308.0,128
179-E4-8_g_S22,66,E4-8_g_S22,398.89,-2.48,308,203,524.0,0.055343512,7,True,7,yolk nucleus,Fat body,7,yolk,yolk,extra-embryonic,398.89,-2.48,308.0,128
180-E4-8_g_S22,43,E4-8_g_S22,433.88,-173.15,308,54,100.0,0.04,3,True,6,tracheal primordium,Trachea,6,tracheal system,trachea,ectoderm,433.88,-173.15,308.0,17
182-E4-8_g_S22,71,E4-8_g_S22,383.67,59.23,308,241,644.0,0.062111802,6,True,5,insect embryonic/larval nervous system,CNS,5,brain/ventral nerve cord_inner,CNS,neuroectoderm,383.67,59.23,308.0,153
183-E4-8_g_S22,61,E4-8_g_S22,416.96,-97.63,308,208,528.0,0.083333336,9,True,2,dorsal epidermis primordium,Epidermis,2,epidermis,epidermis,ectoderm,416.96,-97.63,308.0,58
185-E4-8_g_S22,106,E4-8_g_S22,369.57,125.04,308,210,487.0,0.07392197,8,True,4,dorsal epidermis primordium,Epidermis,4,ventral epidermis,epidermis,ectoderm,369.57,125.04,308.0,198
186-E4-8_g_S22,50,E4-8_g_S22,377.94,85.79,308,189,432.0,0.04398148,7,True,3,presumptive embryonic/larval peripheral nervous system,CNS,3,brain/ventral nerve cord_outer,CNS,neuroectoderm,377.94,85.79,308.0,176
187-E4-8_g_S22,113,E4-8_g_S22,412.21,-84.12,308,369,1007.0,0.0695134,10,True,2,dorsal epidermis primordium,Epidermis,2,epidermis,epidermis,ectoderm,412.21,-84.12,308.0,78
188-E4-8_g_S22,37,E4-8_g_S22,424.09,-142.3,308,136,276.0,0.07608695,5,True,2,dorsal epidermis primordium,Epidermis,2,epidermis,epidermis,ectoderm,424.09,-142.3,308.0,39
189-E4-8_g_S22,57,E4-8_g_S22,369.92,113.48,308,228,569.0,0.0685413,6,True,4,dorsal epidermis primordium,Epidermis,4,ventral epidermis,epidermis,ectoderm,369.92,113.48,308.0,198
191-E4-8_g_S22,66,E4-8_g_S22,389.21,23.49,308,238,575.0,0.053913042,7,True,0,dorsal pharyngeal muscle primordium,Somatic muscle,0,somatic muscle,muscle,mesoderm,389.21,23.49,308.0,128
193-E4-8_g_S22,79,E4-8_g_S22,399.45,-40.13,308,212,478.0,0.033472802,6,True,6,tracheal primordium,Trachea,6,tracheal system,trachea,ectoderm,399.45,-40.13,308.0,103
194-E4-8_g_S22,48,E4-8_g_S22,428.41,-178.24,308,45,89.0,0.056179777,2,True,8,mesectoderm anlage,Foregut,8,glia,CNS,neuroectoderm,428.41,-178.24,308.0,17
195-E4-8_g_S22,62,E4-8_g_S22,389.54,2.24,308,175,390.0,0.051282052,5,True,1,pericardial cell primordium,Midgut,1,midgut primordium,midgut,endoderm,389.54,2.24,308.0,128
196-E4-8_g_S22,74,E4-8_g_S22,393.56,-15.16,308,172,408.0,0.1004902,9,True,6,tracheal primordium,Trachea,6,tracheal system,trachea,ectoderm,393.56,-15.16,308.0,103
197-E4-8_g_S22,87,E4-8_g_S22,395.39,-25.16,308,260,644.0,0.054347824,8,True,1,pericardial cell primordium,Midgut,1,midgut primordium,midgut,endoderm,395.39,-25.16,308.0,103
200-E4-8_g_S22,53,E4-8_g_S22,409.43,-100.14,308,169,370.0,0.075675674,8,True,6,tracheal primordium,Trachea,6,tracheal system,trachea,ectoderm,409.43,-100.14,308.0,58
202-E4-8_g_S22,51,E4-8_g_S22,360.89,140.76,308,96,183.0,0.05464481,6,True,4,dorsal epidermis primordium,Epidermis,4,ventral epidermis,epidermis,ectoderm,360.89,140.76,308.0,198
203-E4-8_g_S22,94,E4-8_g_S22,362.04,129.38,308,160,374.0,0.061497327,8,True,4,dorsal epidermis primordium,Epidermis,4,ventral epidermis,epidermis,ectoderm,362.04,129.38,308.0,198
204-E4-8_g_S22,77,E4-8_g_S22,399.5,-49.48,308,241,531.0,0.058380414,8,True,2,dorsal epidermis primordium,Epidermis,2,epidermis,epidermis,ectoderm,399.5,-49.48,308.0,78
205-E4-8_g_S22,98,E4-8_g_S22,405.62,-93.02,308,331,879.0,0.07736064,11,True,11,visceral muscle primordium,Visceral muscle,11,visceral muscle,muscle,mesoderm,405.62,-93.02,308.0,58
206-E4-8_g_S22,90,E4-8_g_S22,383.51,10.03,308,290,740.0,0.04054054,8,True,0,dorsal pharyngeal muscle primordium,Somatic muscle,0,somatic muscle,muscle,mesoderm,383.51,10.03,308.0,128
207-E4-8_g_S22,72,E4-8_g_S22,404.54,-81.36,308,224,530.0,0.043396227,5,True,6,tracheal primordium,Trachea,6,tracheal system,trachea,ectoderm,404.54,-81.36,308.0,78
208-E4-8_g_S22,58,E4-8_g_S22,411.25,-119.99,308,260,585.0,0.042735044,6,True,8,mesectoderm anlage,Foregut,8,glia,CNS,neuroectoderm,411.25,-119.99,308.0,58
209-E4-8_g_S22,74,E4-8_g_S22,425.22,-188.05,308,89,162.0,0.061728396,4,True,1,pericardial cell primordium,Midgut,1,midgut primordium,midgut,endoderm,425.22,-188.05,308.0,17
210-E4-8_g_S22,44,E4-8_g_S22,364.31,106.57,308,143,289.0,0.05882353,7,True,4,dorsal epidermis primordium,Epidermis,4,ventral epidermis,epidermis,ectoderm,364.31,106.57,308.0,176
211-E4-8_g_S22,57,E4-8_g_S22,373.39,62.51,308,215,515.0,0.066019416,11,True,5,insect embryonic/larval nervous system,CNS,5,brain/ventral nerve cord_inner,CNS,neuroectoderm,373.39,62.51,308.0,152
212-E4-8_g_S22,94,E4-8_g_S22,374.85,52.3,308,275,780.0,0.056410257,10,True,0,dorsal pharyngeal muscle primordium,Somatic muscle,0,somatic muscle,muscle,mesoderm,374.85,52.3,308.0,152
213-E4-8_g_S22,56,E4-8_g_S22,367.24,93.94,308,213,522.0,0.05172414,7,True,6,tracheal primordium,Trachea,6,tracheal system,trachea,ectoderm,367.24,93.94,308.0,176
216-E4-8_g_S22,107,E4-8_g_S22,406.45,-109.24,308,352,1015.0,0.06403941,8,True,11,visceral muscle primordium,Visceral muscle,11,visceral muscle,muscle,mesoderm,406.45,-109.24,308.0,58
217-E4-8_g_S22,58,E4-8_g_S22,360.7,114.69,308,197,444.0,0.033783782,7,True,4,dorsal epidermis primordium,Epidermis,4,ventral epidermis,epidermis,ectoderm,360.7,114.69,308.0,198
218-E4-8_g_S22,81,E4-8_g_S22,367.91,76.29,308,306,873.0,0.06414662,10,True,5,insect embryonic/larval nervous system,CNS,5,brain/ventral nerve cord_inner,CNS,neuroectoderm,367.91,76.29,308.0,176
219-E4-8_g_S22,78,E4-8_g_S22,390.08,-34.21,308,254,661.0,0.06051437,7,True,1,pericardial cell primordium,Midgut,1,midgut primordium,midgut,endoderm,390.08,-34.21,308.0,103
220-E4-8_g_S22,100,E4-8_g_S22,394.57,-57.43,308,278,655.0,0.039694656,7,True,8,mesectoderm anlage,Foregut,8,glia,CNS,neuroectoderm,394.57,-57.43,308.0,78
221-E4-8_g_S22,45,E4-8_g_S22,366.35,84.05,308,188,428.0,0.05140187,9,True,3,presumptive embryonic/larval peripheral nervous system,CNS,3,brain/ventral nerve cord_outer,CNS,neuroectoderm,366.35,84.05,308.0,176
222-E4-8_g_S22,63,E4-8_g_S22,386.95,-23.4,308,207,503.0,0.07952286,13,True,1,pericardial cell primordium,Midgut,1,midgut primordium,midgut,endoderm,386.95,-23.4,308.0,103
223-E4-8_g_S22,81,E4-8_g_S22,397.33,-70.87,308,242,593.0,0.042158514,6,True,2,dorsal epidermis primordium,Epidermis,2,epidermis,epidermis,ectoderm,397.33,-70.87,308.0,78
224-E4-8_g_S22,134,E4-8_g_S22,409.65,-134.51,308,432,1250.0,0.0648,11,True,4,dorsal epidermis primordium,Epidermis,4,ventral epidermis,epidermis,ectoderm,409.65,-134.51,308.0,38
225-E4-8_g_S22,68,E4-8_g_S22,353.58,131.64,308,95,191.0,0.057591625,5,True,4,dorsal epidermis primordium,Epidermis,4,ventral epidermis,epidermis,ectoderm,353.58,131.64,308.0,198
226-E4-8_g_S22,48,E4-8_g_S22,361.98,99.91,308,152,372.0,0.02688172,6,True,4,dorsal epidermis primordium,Epidermis,4,ventral epidermis,epidermis,ectoderm,361.98,99.91,308.0,176
227-E4-8_g_S22,41,E4-8_g_S22,385.55,-17.17,308,101,228.0,0.078947365,7,True,1,pericardial cell primordium,Midgut,1,midgut primordium,midgut,endoderm,385.55,-17.17,308.0,103
228-E4-8_g_S22,65,E4-8_g_S22,398.17,-83.64,308,213,550.0,0.05818182,10,True,6,tracheal primordium,Trachea,6,tracheal system,trachea,ectoderm,398.17,-83.64,308.0,78
229-E4-8_g_S22,35,E4-8_g_S22,356.12,124.18,308,91,183.0,0.032786883,4,True,2,dorsal epidermis primordium,Epidermis,2,epidermis,epidermis,ectoderm,356.12,124.18,308.0,198
230-E4-8_g_S22,73,E4-8_g_S22,389.05,-42.47,308,244,593.0,0.04890388,8,True,6,tracheal primordium,Trachea,6,tracheal system,trachea,ectoderm,389.05,-42.47,308.0,103
231-E4-8_g_S22,61,E4-8_g_S22,411.24,-149.73,308,230,525.0,0.07047619,7,True,2,dorsal epidermis primordium,Epidermis,2,epidermis,epidermis,ectoderm,411.24,-149.73,308.0,38
233-E4-8_g_S22,75,E4-8_g_S22,373.33,20.74,308,240,559.0,0.033989266,6,True,0,dorsal pharyngeal muscle primordium,Somatic muscle,0,somatic muscle,muscle,mesoderm,373.33,20.74,308.0,127
234-E4-8_g_S22,48,E4-8_g_S22,404.35,-121.57,308,212,472.0,0.07838983,9,True,11,visceral muscle primordium,Visceral muscle,11,visceral muscle,muscle,mesoderm,404.35,-121.57,308.0,58
235-E4-8_g_S22,47,E4-8_g_S22,360.89,90.34,308,169,421.0,0.06175772,6,True,3,presumptive embryonic/larval peripheral nervous system,CNS,3,brain/ventral nerve cord_outer,CNS,neuroectoderm,360.89,90.34,308.0,176
236-E4-8_g_S22,80,E4-8_g_S22,369.43,41.3,308,251,601.0,0.04825291,7,True,1,pericardial cell primordium,Midgut,1,midgut primordium,midgut,endoderm,369.43,41.3,308.0,152
237-E4-8_g_S22,48,E4-8_g_S22,350.73,138.51,308,122,261.0,0.04597701,4,True,4,dorsal epidermis primordium,Epidermis,4,ventral epidermis,epidermis,ectoderm,350.73,138.51,308.0,198
238-E4-8_g_S22,53,E4-8_g_S22,365.31,63.94,308,191,493.0,0.048681542,7,True,3,presumptive embryonic/larval peripheral nervous system,CNS,3,brain/ventral nerve cord_outer,CNS,neuroectoderm,365.31,63.94,308.0,152
239-E4-8_g_S22,97,E4-8_g_S22,374.61,4.0,308,228,520.0,0.03846154,5,True,1,pericardial cell primordium,Midgut,1,midgut primordium,midgut,endoderm,374.61,4.0,308.0,127
240-E4-8_g_S22,52,E4-8_g_S22,353.48,118.3,308,207,467.0,0.032119915,4,True,4,dorsal epidermis primordium,Epidermis,4,ventral epidermis,epidermis,ectoderm,353.48,118.3,308.0,198
241-E4-8_g_S22,59,E4-8_g_S22,355.48,107.99,308,214,568.0,0.06338028,10,True,4,dorsal epidermis primordium,Epidermis,4,ventral epidermis,epidermis,ectoderm,355.48,107.99,308.0,176
242-E4-8_g_S22,70,E4-8_g_S22,365.7,55.69,308,182,462.0,0.06926407,8,True,0,dorsal pharyngeal muscle primordium,Somatic muscle,0,somatic muscle,muscle,mesoderm,365.7,55.69,308.0,152
243-E4-8_g_S22,44,E4-8_g_S22,366.81,47.86,308,157,352.0,0.07386363,8,True,0,dorsal pharyngeal muscle primordium,Somatic muscle,0,somatic muscle,muscle,mesoderm,366.81,47.86,308.0,152
244-E4-8_g_S22,81,E4-8_g_S22,393.68,-92.48,308,298,665.0,0.05263158,8,True,8,mesectoderm anlage,Foregut,8,glia,CNS,neuroectoderm,393.68,-92.48,308.0,58
245-E4-8_g_S22,75,E4-8_g_S22,358.88,80.08,308,217,525.0,0.034285713,5,True,3,presumptive embryonic/larval peripheral nervous system,CNS,3,brain/ventral nerve cord_outer,CNS,neuroectoderm,358.88,80.08,308.0,176
247-E4-8_g_S22,51,E4-8_g_S22,348.51,125.82,308,148,287.0,0.05226481,7,True,2,dorsal epidermis primordium,Epidermis,2,epidermis,epidermis,ectoderm,348.51,125.82,308.0,198
248-E4-8_g_S22,94,E4-8_g_S22,377.04,-20.67,308,236,584.0,0.059931505,7,True,1,pericardial cell primordium,Midgut,1,midgut primordium,midgut,endoderm,377.04,-20.67,308.0,102
250-E4-8_g_S22,42,E4-8_g_S22,360.09,71.63,308,147,311.0,0.05466238,6,True,5,insect embryonic/larval nervous system,CNS,5,brain/ventral nerve cord_inner,CNS,neuroectoderm,360.09,71.63,308.0,176
251-E4-8_g_S22,48,E4-8_g_S22,371.46,13.45,308,193,458.0,0.030567685,5,True,1,pericardial cell primordium,Midgut,1,midgut primordium,midgut,endoderm,371.46,13.45,308.0,127
252-E4-8_g_S22,43,E4-8_g_S22,380.4,-30.72,308,151,322.0,0.024844721,5,True,1,pericardial cell primordium,Midgut,1,midgut primordium,midgut,endoderm,380.4,-30.72,308.0,102
253-E4-8_g_S22,82,E4-8_g_S22,392.61,-102.42,308,261,680.0,0.05735294,10,True,6,tracheal primordium,Trachea,6,tracheal system,trachea,ectoderm,392.61,-102.42,308.0,58
254-E4-8_g_S22,74,E4-8_g_S22,400.85,-144.83,308,316,741.0,0.08097166,12,True,2,dorsal epidermis primordium,Epidermis,2,epidermis,epidermis,ectoderm,400.85,-144.83,308.0,38
255-E4-8_g_S22,42,E4-8_g_S22,353.66,98.8,308,150,350.0,0.09714286,7,True,4,dorsal epidermis primordium,Epidermis,4,ventral epidermis,epidermis,ectoderm,353.66,98.8,308.0,176
256-E4-8_g_S22,56,E4-8_g_S22,353.6,92.46,308,190,473.0,0.059196617,9,True,4,dorsal epidermis primordium,Epidermis,4,ventral epidermis,epidermis,ectoderm,353.6,92.46,308.0,176
258-E4-8_g_S22,56,E4-8_g_S22,390.18,-84.77,308,190,440.0,0.04090909,5,True,6,tracheal primordium,Trachea,6,tracheal system,trachea,ectoderm,390.18,-84.77,308.0,78
259-E4-8_g_S22,65,E4-8_g_S22,399.65,-136.31,308,229,531.0,0.048964217,10,True,11,visceral muscle primordium,Visceral muscle,11,visceral muscle,muscle,mesoderm,399.65,-136.31,308.0,38
260-E4-8_g_S22,67,E4-8_g_S22,343.86,133.85,308,166,377.0,0.066313,5,True,4,dorsal epidermis primordium,Epidermis,4,ventral epidermis,epidermis,ectoderm,343.86,133.85,308.0,198
262-E4-8_g_S22,61,E4-8_g_S22,356.19,68.28,308,197,471.0,0.072186835,7,True,3,presumptive embryonic/larval peripheral nervous system,CNS,3,brain/ventral nerve cord_outer,CNS,neuroectoderm,356.19,68.28,308.0,152
263-E4-8_g_S22,35,E4-8_g_S22,358.93,60.82,308,137,277.0,0.032490976,4,True,3,presumptive embryonic/larval peripheral nervous system,CNS,3,brain/ventral nerve cord_outer,CNS,neuroectoderm,358.93,60.82,308.0,152
265-E4-8_g_S22,93,E4-8_g_S22,393.29,-112.62,308,296,766.0,0.08093995,10,True,11,visceral muscle primordium,Visceral muscle,11,visceral muscle,muscle,mesoderm,393.29,-112.62,308.0,58
266-E4-8_g_S22,100,E4-8_g_S22,360.68,36.31,308,233,598.0,0.050167225,7,True,1,pericardial cell primordium,Midgut,1,midgut primordium,midgut,endoderm,360.68,36.31,308.0,152
267-E4-8_g_S22,53,E4-8_g_S22,370.51,-3.82,308,120,233.0,0.025751073,6,True,1,pericardial cell primordium,Midgut,1,midgut primordium,midgut,endoderm,370.51,-3.82,308.0,127
269-E4-8_g_S22,237,E4-8_g_S22,397.4,-160.9,308,573,1838.0,0.06909684,13,True,2,dorsal epidermis primordium,Epidermis,2,epidermis,epidermis,ectoderm,397.4,-160.9,308.0,38
270-E4-8_g_S22,46,E4-8_g_S22,407.79,-179.9,308,67,114.0,0.02631579,3,True,11,visceral muscle primordium,Visceral muscle,11,visceral muscle,muscle,mesoderm,407.79,-179.9,308.0,16
271-E4-8_g_S22,45,E4-8_g_S22,367.15,9.54,308,134,277.0,0.0433213,7,True,1,pericardial cell primordium,Midgut,1,midgut primordium,midgut,endoderm,367.15,9.54,308.0,127
273-E4-8_g_S22,57,E4-8_g_S22,387.33,-95.36,308,195,439.0,0.066059224,9,True,8,mesectoderm anlage,Foregut,8,glia,CNS,neuroectoderm,387.33,-95.36,308.0,58
274-E4-8_g_S22,55,E4-8_g_S22,358.03,52.67,308,216,499.0,0.056112226,8,True,0,dorsal pharyngeal muscle primordium,Somatic muscle,0,somatic muscle,muscle,mesoderm,358.03,52.67,308.0,152
275-E4-8_g_S22,63,E4-8_g_S22,393.18,-122.73,308,244,577.0,0.090121314,8,True,11,visceral muscle primordium,Visceral muscle,11,visceral muscle,muscle,mesoderm,393.18,-122.73,308.0,58
278-E4-8_g_S22,48,E4-8_g_S22,358.51,44.95,308,146,298.0,0.05704698,7,True,0,dorsal pharyngeal muscle primordium,Somatic muscle,0,somatic muscle,muscle,mesoderm,358.51,44.95,308.0,152
279-E4-8_g_S22,96,E4-8_g_S22,337.2,138.94,308,206,517.0,0.034816246,9,True,4,dorsal epidermis primordium,Epidermis,4,ventral epidermis,epidermis,ectoderm,337.2,138.94,308.0,197
281-E4-8_g_S22,84,E4-8_g_S22,361.46,25.05,308,266,701.0,0.034236804,6,True,0,dorsal pharyngeal muscle primordium,Somatic muscle,0,somatic muscle,muscle,mesoderm,361.46,25.05,308.0,127
282-E4-8_g_S22,34,E4-8_g_S22,377.63,-61.14,308,91,147.0,0.013605442,2,True,8,mesectoderm anlage,Foregut,8,glia,CNS,neuroectoderm,377.63,-61.14,308.0,77
283-E4-8_g_S22,71,E4-8_g_S22,379.36,-67.19,308,174,378.0,0.07936508,8,True,2,dorsal epidermis primordium,Epidermis,2,epidermis,epidermis,ectoderm,379.36,-67.19,308.0,77
284-E4-8_g_S22,66,E4-8_g_S22,400.98,-176.86,308,117,214.0,0.037383176,4,True,8,mesectoderm anlage,Foregut,8,glia,CNS,neuroectoderm,400.98,-176.86,308.0,16
285-E4-8_g_S22,57,E4-8_g_S22,346.01,97.54,308,183,404.0,0.06188119,10,True,14,visceral branch primordium,Visceral branch,14,unknown,unknown,unknown,346.01,97.54,308.0,176
286-E4-8_g_S22,54,E4-8_g_S22,347.83,85.03,308,181,429.0,0.03263403,4,True,14,visceral branch primordium,Visceral branch,14,unknown,unknown,unknown,347.83,85.03,308.0,176
287-E4-8_g_S22,35,E4-8_g_S22,364.78,3.42,308,114,254.0,0.04330709,4,True,1,pericardial cell primordium,Midgut,1,midgut primordium,midgut,endoderm,364.78,3.42,308.0,127
288-E4-8_g_S22,105,E4-8_g_S22,371.02,-30.34,308,253,564.0,0.047872342,8,True,1,pericardial cell primordium,Midgut,1,midgut primordium,midgut,endoderm,371.02,-30.34,308.0,102
289-E4-8_g_S22,76,E4-8_g_S22,385.79,-108.26,308,283,718.0,0.07520892,11,True,6,tracheal primordium,Trachea,6,tracheal system,trachea,ectoderm,385.79,-108.26,308.0,58
290-E4-8_g_S22,62,E4-8_g_S22,392.76,-135.19,308,223,483.0,0.04761905,7,True,0,dorsal pharyngeal muscle primordium,Somatic muscle,0,somatic muscle,muscle,mesoderm,392.76,-135.19,308.0,38
291-E4-8_g_S22,62,E4-8_g_S22,365.03,-6.75,308,140,290.0,0.031034483,3,True,1,pericardial cell primordium,Midgut,1,midgut primordium,midgut,endoderm,365.03,-6.75,308.0,127
292-E4-8_g_S22,124,E4-8_g_S22,372.43,-55.84,308,280,694.0,0.037463978,6,True,2,dorsal epidermis primordium,Epidermis,2,epidermis,epidermis,ectoderm,372.43,-55.84,308.0,77
293-E4-8_g_S22,46,E4-8_g_S22,350.42,62.97,308,175,376.0,0.02925532,6,True,11,visceral muscle primordium,Visceral muscle,11,visceral muscle,muscle,mesoderm,350.42,62.97,308.0,152
294-E4-8_g_S22,46,E4-8_g_S22,360.26,7.2,308,114,255.0,0.043137256,3,True,1,pericardial cell primordium,Midgut,1,midgut primordium,midgut,endoderm,360.26,7.2,308.0,127
296-E4-8_g_S22,48,E4-8_g_S22,344.08,91.02,308,144,325.0,0.04307692,6,True,14,visceral branch primordium,Visceral branch,14,unknown,unknown,unknown,344.08,91.02,308.0,176
298-E4-8_g_S22,84,E4-8_g_S22,348.68,56.2,308,241,637.0,0.0455259,9,True,0,dorsal pharyngeal muscle primordium,Somatic muscle,0,somatic muscle,muscle,mesoderm,348.68,56.2,308.0,152
299-E4-8_g_S22,63,E4-8_g_S22,385.38,-118.64,308,240,575.0,0.066086955,9,True,0,dorsal pharyngeal muscle primordium,Somatic muscle,0,somatic muscle,muscle,mesoderm,385.38,-118.64,308.0,58
302-E4-8_g_S22,66,E4-8_g_S22,333.78,129.85,308,217,515.0,0.0407767,8,True,4,dorsal epidermis primordium,Epidermis,4,ventral epidermis,epidermis,ectoderm,333.78,129.85,308.0,197
304-E4-8_g_S22,127,E4-8_g_S22,377.73,-99.73,308,413,1105.0,0.043438915,8,True,1,pericardial cell primordium,Midgut,1,midgut primordium,midgut,endoderm,377.73,-99.73,308.0,57
305-E4-8_g_S22,67,E4-8_g_S22,391.12,-146.49,308,277,684.0,0.05263158,9,True,0,dorsal pharyngeal muscle primordium,Somatic muscle,0,somatic muscle,muscle,mesoderm,391.12,-146.49,308.0,38
306-E4-8_g_S22,71,E4-8_g_S22,335.68,118.24,308,250,578.0,0.051903114,8,True,4,dorsal epidermis primordium,Epidermis,4,ventral epidermis,epidermis,ectoderm,335.68,118.24,308.0,197
307-E4-8_g_S22,48,E4-8_g_S22,349.14,50.56,308,187,391.0,0.025575448,5,True,0,dorsal pharyngeal muscle primordium,Somatic muscle,0,somatic muscle,muscle,mesoderm,349.14,50.56,308.0,152
308-E4-8_g_S22,89,E4-8_g_S22,353.84,16.72,308,267,675.0,0.037037037,6,True,1,pericardial cell primordium,Midgut,1,midgut primordium,midgut,endoderm,353.84,16.72,308.0,127
309-E4-8_g_S22,89,E4-8_g_S22,374.16,-78.02,308,231,534.0,0.06554307,9,True,6,tracheal primordium,Trachea,6,tracheal system,trachea,ectoderm,374.16,-78.02,308.0,77
312-E4-8_g_S22,42,E4-8_g_S22,350.64,44.29,308,112,250.0,0.016,3,True,0,dorsal pharyngeal muscle primordium,Somatic muscle,0,somatic muscle,muscle,mesoderm,350.64,44.29,308.0,152
313-E4-8_g_S22,118,E4-8_g_S22,325.8,146.29,308,284,772.0,0.04404145,5,True,4,dorsal epidermis primordium,Epidermis,4,ventral epidermis,epidermis,ectoderm,325.8,146.29,308.0,197
314-E4-8_g_S22,44,E4-8_g_S22,339.92,86.92,308,136,276.0,0.04710145,3,True,0,dorsal pharyngeal muscle primordium,Somatic muscle,0,somatic muscle,muscle,mesoderm,339.92,86.92,308.0,175
315-E4-8_g_S22,93,E4-8_g_S22,370.29,-67.47,308,217,552.0,0.03442029,4,True,1,pericardial cell primordium,Midgut,1,midgut primordium,midgut,endoderm,370.29,-67.47,308.0,77
316-E4-8_g_S22,132,E4-8_g_S22,320.71,154.92,308,197,502.0,0.03984064,5,True,4,dorsal epidermis primordium,Epidermis,4,ventral epidermis,epidermis,ectoderm,320.71,154.92,308.0,216
317-E4-8_g_S22,40,E4-8_g_S22,336.74,94.66,308,144,353.0,0.04249292,5,True,0,dorsal pharyngeal muscle primordium,Somatic muscle,0,somatic muscle,muscle,mesoderm,336.74,94.66,308.0,175
318-E4-8_g_S22,70,E4-8_g_S22,355.68,-3.29,308,168,371.0,0.03234501,3,True,1,pericardial cell primordium,Midgut,1,midgut primordium,midgut,endoderm,355.68,-3.29,308.0,127
319-E4-8_g_S22,94,E4-8_g_S22,362.83,-41.72,308,257,665.0,0.04962406,8,True,10,plasmatocyte primordium,Hemolymph cells,10,mesoderm_2,mesoderm,mesoderm,362.83,-41.72,308.0,102
320-E4-8_g_S22,60,E4-8_g_S22,378.31,-115.26,308,217,508.0,0.053149607,5,True,0,dorsal pharyngeal muscle primordium,Somatic muscle,0,somatic muscle,muscle,mesoderm,378.31,-115.26,308.0,57
321-E4-8_g_S22,66,E4-8_g_S22,384.31,-143.35,308,272,687.0,0.098981075,14,True,0,dorsal pharyngeal muscle primordium,Somatic muscle,0,somatic muscle,muscle,mesoderm,384.31,-143.35,308.0,38
323-E4-8_g_S22,71,E4-8_g_S22,325.66,137.38,308,235,566.0,0.074204944,10,True,4,dorsal epidermis primordium,Epidermis,4,ventral epidermis,epidermis,ectoderm,325.66,137.38,308.0,197
325-E4-8_g_S22,49,E4-8_g_S22,347.25,38.3,308,145,279.0,0.07885305,8,True,0,dorsal pharyngeal muscle primordium,Somatic muscle,0,somatic muscle,muscle,mesoderm,347.25,38.3,308.0,152
326-E4-8_g_S22,108,E4-8_g_S22,357.17,-21.18,308,269,650.0,0.07076923,12,True,1,pericardial cell primordium,Midgut,1,midgut primordium,midgut,endoderm,357.17,-21.18,308.0,102
327-E4-8_g_S22,60,E4-8_g_S22,342.81,45.03,308,157,330.0,0.021212121,2,True,0,dorsal pharyngeal muscle primordium,Somatic muscle,0,somatic muscle,muscle,mesoderm,342.81,45.03,308.0,152
328-E4-8_g_S22,63,E4-8_g_S22,363.24,-53.31,308,195,414.0,0.04347826,7,True,10,plasmatocyte primordium,Hemolymph cells,10,mesoderm_2,mesoderm,mesoderm,363.24,-53.31,308.0,77
329-E4-8_g_S22,112,E4-8_g_S22,349.45,-1.54,308,228,602.0,0.058139537,9,True,1,pericardial cell primordium,Midgut,1,midgut primordium,midgut,endoderm,349.45,-1.54,308.0,127
330-E4-8_g_S22,55,E4-8_g_S22,382.76,-151.88,308,211,496.0,0.05645161,8,True,0,dorsal pharyngeal muscle primordium,Somatic muscle,0,somatic muscle,muscle,mesoderm,382.76,-151.88,308.0,38
331-E4-8_g_S22,57,E4-8_g_S22,325.47,129.17,308,141,308.0,0.038961038,6,True,4,dorsal epidermis primordium,Epidermis,4,ventral epidermis,epidermis,ectoderm,325.47,129.17,308.0,197
332-E4-8_g_S22,42,E4-8_g_S22,328.57,115.26,308,190,417.0,0.05755396,9,True,4,dorsal epidermis primordium,Epidermis,4,ventral epidermis,epidermis,ectoderm,328.57,115.26,308.0,197
336-E4-8_g_S22,108,E4-8_g_S22,388.41,-186.34,308,163,292.0,0.07876712,10,True,6,tracheal primordium,Trachea,6,tracheal system,trachea,ectoderm,388.41,-186.34,308.0,16
337-E4-8_g_S22,37,E4-8_g_S22,326.95,121.2,308,98,192.0,0.026041666,3,True,6,tracheal primordium,Trachea,6,tracheal system,trachea,ectoderm,326.95,121.2,308.0,197
338-E4-8_g_S22,43,E4-8_g_S22,331.39,96.94,308,137,305.0,0.036065575,7,True,0,dorsal pharyngeal muscle primordium,Somatic muscle,0,somatic muscle,muscle,mesoderm,331.39,96.94,308.0,175
339-E4-8_g_S22,58,E4-8_g_S22,332.99,86.77,308,153,340.0,0.064705886,9,True,0,dorsal pharyngeal muscle primordium,Somatic muscle,0,somatic muscle,muscle,mesoderm,332.99,86.77,308.0,175
340-E4-8_g_S22,78,E4-8_g_S22,337.2,57.66,308,224,542.0,0.025830258,9,True,0,dorsal pharyngeal muscle primordium,Somatic muscle,0,somatic muscle,muscle,mesoderm,337.2,57.66,308.0,151
341-E4-8_g_S22,117,E4-8_g_S22,355.45,-35.55,308,304,821.0,0.053593177,8,True,8,mesectoderm anlage,Foregut,8,glia,CNS,neuroectoderm,355.45,-35.55,308.0,102
343-E4-8_g_S22,59,E4-8_g_S22,331.12,78.28,308,168,380.0,0.06315789,6,True,0,dorsal pharyngeal muscle primordium,Somatic muscle,0,somatic muscle,muscle,mesoderm,331.12,78.28,308.0,175
344-E4-8_g_S22,79,E4-8_g_S22,363.69,-74.42,308,226,550.0,0.04,9,True,1,pericardial cell primordium,Midgut,1,midgut primordium,midgut,endoderm,363.69,-74.42,308.0,77
345-E4-8_g_S22,74,E4-8_g_S22,313.17,171.37,308,132,264.0,0.07575758,8,True,4,dorsal epidermis primordium,Epidermis,4,ventral epidermis,epidermis,ectoderm,313.17,171.37,308.0,216
347-E4-8_g_S22,59,E4-8_g_S22,351.23,-12.82,308,128,254.0,0.047244094,8,True,1,pericardial cell primordium,Midgut,1,midgut primordium,midgut,endoderm,351.23,-12.82,308.0,102
348-E4-8_g_S22,71,E4-8_g_S22,365.09,-90.42,308,214,466.0,0.034334764,6,True,6,tracheal primordium,Trachea,6,tracheal system,trachea,ectoderm,365.09,-90.42,308.0,57
349-E4-8_g_S22,122,E4-8_g_S22,366.52,-99.02,308,300,760.0,0.060526315,12,True,1,pericardial cell primordium,Midgut,1,midgut primordium,midgut,endoderm,366.52,-99.02,308.0,57
350-E4-8_g_S22,99,E4-8_g_S22,374.69,-141.17,308,353,963.0,0.066458985,12,True,11,visceral muscle primordium,Visceral muscle,11,visceral muscle,muscle,mesoderm,374.69,-141.17,308.0,37
351-E4-8_g_S22,33,E4-8_g_S22,326.28,109.79,308,124,256.0,0.00390625,1,True,9,mesectoderm,Stomatogastric nervous system,9,sensory neuron,PNS,neuroectoderm,326.28,109.79,308.0,175
352-E4-8_g_S22,66,E4-8_g_S22,370.51,-119.92,308,221,502.0,0.05179283,7,True,1,pericardial cell primordium,Midgut,1,midgut primordium,midgut,endoderm,370.51,-119.92,308.0,57
353-E4-8_g_S22,71,E4-8_g_S22,375.39,-155.9,308,253,661.0,0.054462936,8,True,14,visceral branch primordium,Visceral branch,14,unknown,unknown,unknown,375.39,-155.9,308.0,37
354-E4-8_g_S22,74,E4-8_g_S22,312.33,161.36,308,125,282.0,0.07092199,5,True,4,dorsal epidermis primordium,Epidermis,4,ventral epidermis,epidermis,ectoderm,312.33,161.36,308.0,216
355-E4-8_g_S22,55,E4-8_g_S22,318.67,127.53,308,186,484.0,0.049586777,6,True,4,dorsal epidermis primordium,Epidermis,4,ventral epidermis,epidermis,ectoderm,318.67,127.53,308.0,197
356-E4-8_g_S22,70,E4-8_g_S22,323.03,104.12,308,201,560.0,0.0375,8,True,0,dorsal pharyngeal muscle primordium,Somatic muscle,0,somatic muscle,muscle,mesoderm,323.03,104.12,308.0,175
358-E4-8_g_S22,32,E4-8_g_S22,319.85,121.08,308,107,216.0,0.023148147,2,True,4,dorsal epidermis primordium,Epidermis,4,ventral epidermis,epidermis,ectoderm,319.85,121.08,308.0,197
359-E4-8_g_S22,53,E4-8_g_S22,320.7,115.05,308,178,424.0,0.068396226,7,True,6,tracheal primordium,Trachea,6,tracheal system,trachea,ectoderm,320.7,115.05,308.0,197
360-E4-8_g_S22,49,E4-8_g_S22,325.82,95.06,308,165,404.0,0.066831686,8,True,0,dorsal pharyngeal muscle primordium,Somatic muscle,0,somatic muscle,muscle,mesoderm,325.82,95.06,308.0,175
361-E4-8_g_S22,45,E4-8_g_S22,330.5,68.5,308,182,421.0,0.042755343,5,True,0,dorsal pharyngeal muscle primordium,Somatic muscle,0,somatic muscle,muscle,mesoderm,330.5,68.5,308.0,151
362-E4-8_g_S22,39,E4-8_g_S22,336.6,43.63,308,114,281.0,0.035587188,4,True,0,dorsal pharyngeal muscle primordium,Somatic muscle,0,somatic muscle,muscle,mesoderm,336.6,43.63,308.0,151
364-E4-8_g_S22,48,E4-8_g_S22,353.1,-45.88,308,142,313.0,0.047923323,4,True,1,pericardial cell primordium,Midgut,1,midgut primordium,midgut,endoderm,353.1,-45.88,308.0,102
365-E4-8_g_S22,52,E4-8_g_S22,354.89,-51.96,308,114,234.0,0.034188036,5,True,8,mesectoderm anlage,Foregut,8,glia,CNS,neuroectoderm,354.89,-51.96,308.0,77
366-E4-8_g_S22,64,E4-8_g_S22,357.68,-67.5,308,175,378.0,0.037037037,4,True,1,pericardial cell primordium,Midgut,1,midgut primordium,midgut,endoderm,357.68,-67.5,308.0,77
367-E4-8_g_S22,62,E4-8_g_S22,371.91,-148.35,308,236,535.0,0.06915888,9,True,6,tracheal primordium,Trachea,6,tracheal system,trachea,ectoderm,371.91,-148.35,308.0,37
368-E4-8_g_S22,58,E4-8_g_S22,313.53,141.34,308,151,341.0,0.052785926,4,True,4,dorsal epidermis primordium,Epidermis,4,ventral epidermis,epidermis,ectoderm,313.53,141.34,308.0,197
369-E4-8_g_S22,32,E4-8_g_S22,326.01,85.83,308,115,235.0,0.05531915,5,True,0,dorsal pharyngeal muscle primordium,Somatic muscle,0,somatic muscle,muscle,mesoderm,326.01,85.83,308.0,175
371-E4-8_g_S22,107,E4-8_g_S22,379.04,-185.47,308,166,361.0,0.058171745,6,True,2,dorsal epidermis primordium,Epidermis,2,epidermis,epidermis,ectoderm,379.04,-185.47,308.0,15
372-E4-8_g_S22,30,E4-8_g_S22,322.35,90.91,308,94,169.0,0.01183432,2,True,6,tracheal primordium,Trachea,6,tracheal system,trachea,ectoderm,322.35,90.91,308.0,175
373-E4-8_g_S22,107,E4-8_g_S22,326.56,59.89,308,280,732.0,0.042349726,10,True,0,dorsal pharyngeal muscle primordium,Somatic muscle,0,somatic muscle,muscle,mesoderm,326.56,59.89,308.0,151
374-E4-8_g_S22,67,E4-8_g_S22,330.58,39.44,308,163,342.0,0.03508772,7,True,0,dorsal pharyngeal muscle primordium,Somatic muscle,0,somatic muscle,muscle,mesoderm,330.58,39.44,308.0,151
376-E4-8_g_S22,101,E4-8_g_S22,303.29,175.9,308,125,293.0,0.051194537,4,True,4,dorsal epidermis primordium,Epidermis,4,ventral epidermis,epidermis,ectoderm,303.29,175.9,308.0,216
377-E4-8_g_S22,55,E4-8_g_S22,346.41,-30.9,308,148,317.0,0.041009463,6,True,1,pericardial cell primordium,Midgut,1,midgut primordium,midgut,endoderm,346.41,-30.9,308.0,102
378-E4-8_g_S22,56,E4-8_g_S22,328.68,46.77,308,170,366.0,0.04644809,8,True,0,dorsal pharyngeal muscle primordium,Somatic muscle,0,somatic muscle,muscle,mesoderm,328.68,46.77,308.0,151
379-E4-8_g_S22,99,E4-8_g_S22,353.84,-76.19,308,302,778.0,0.044987146,7,True,1,pericardial cell primordium,Midgut,1,midgut primordium,midgut,endoderm,353.84,-76.19,308.0,77
380-E4-8_g_S22,69,E4-8_g_S22,359.77,-108.74,308,186,363.0,0.044077136,5,True,1,pericardial cell primordium,Midgut,1,midgut primordium,midgut,endoderm,359.77,-108.74,308.0,57
381-E4-8_g_S22,65,E4-8_g_S22,304.45,163.19,308,116,240.0,0.0375,5,True,4,dorsal epidermis primordium,Epidermis,4,ventral epidermis,epidermis,ectoderm,304.45,163.19,308.0,216
382-E4-8_g_S22,47,E4-8_g_S22,320.86,83.52,308,198,433.0,0.032332562,4,True,0,dorsal pharyngeal muscle primordium,Somatic muscle,0,somatic muscle,muscle,mesoderm,320.86,83.52,308.0,175
384-E4-8_g_S22,71,E4-8_g_S22,353.94,-85.05,308,221,506.0,0.041501977,8,True,1,pericardial cell primordium,Midgut,1,midgut primordium,midgut,endoderm,353.94,-85.05,308.0,77
385-E4-8_g_S22,35,E4-8_g_S22,363.15,-115.77,308,159,326.0,0.064417176,5,True,1,pericardial cell primordium,Midgut,1,midgut primordium,midgut,endoderm,363.15,-115.77,308.0,57
386-E4-8_g_S22,57,E4-8_g_S22,361.27,-121.35,308,179,377.0,0.055702917,6,True,1,pericardial cell primordium,Midgut,1,midgut primordium,midgut,endoderm,361.27,-121.35,308.0,57
387-E4-8_g_S22,41,E4-8_g_S22,365.69,-135.01,308,191,444.0,0.074324325,11,True,6,tracheal primordium,Trachea,6,tracheal system,trachea,ectoderm,365.69,-135.01,308.0,37
389-E4-8_g_S22,74,E4-8_g_S22,334.71,9.02,308,175,420.0,0.035714287,6,True,1,pericardial cell primordium,Midgut,1,midgut primordium,midgut,endoderm,334.71,9.02,308.0,126
390-E4-8_g_S22,62,E4-8_g_S22,336.69,-0.26,308,215,514.0,0.042801555,10,True,1,pericardial cell primordium,Midgut,1,midgut primordium,midgut,endoderm,336.69,-0.26,308.0,126
391-E4-8_g_S22,35,E4-8_g_S22,362.64,-127.71,308,130,257.0,0.09338521,5,True,1,pericardial cell primordium,Midgut,1,midgut primordium,midgut,endoderm,362.64,-127.71,308.0,57
392-E4-8_g_S22,72,E4-8_g_S22,371.47,-172.16,308,250,568.0,0.058098592,8,True,2,dorsal epidermis primordium,Epidermis,2,epidermis,epidermis,ectoderm,371.47,-172.16,308.0,15
393-E4-8_g_S22,54,E4-8_g_S22,322.83,68.5,308,150,321.0,0.06853583,7,True,0,dorsal pharyngeal muscle primordium,Somatic muscle,0,somatic muscle,muscle,mesoderm,322.83,68.5,308.0,151
394-E4-8_g_S22,106,E4-8_g_S22,354.22,-100.34,308,267,656.0,0.036585364,9,True,1,pericardial cell primordium,Midgut,1,midgut primordium,midgut,endoderm,354.22,-100.34,308.0,57
395-E4-8_g_S22,53,E4-8_g_S22,365.62,-151.36,308,237,524.0,0.06870229,13,True,8,mesectoderm anlage,Foregut,8,glia,CNS,neuroectoderm,365.62,-151.36,308.0,37
396-E4-8_g_S22,38,E4-8_g_S22,375.05,-192.99,308,66,135.0,0.02962963,4,True,6,tracheal primordium,Trachea,6,tracheal system,trachea,ectoderm,375.05,-192.99,308.0,15
397-E4-8_g_S22,75,E4-8_g_S22,309.97,121.3,308,185,403.0,0.06699752,6,True,4,dorsal epidermis primordium,Epidermis,4,ventral epidermis,epidermis,ectoderm,309.97,121.3,308.0,197
398-E4-8_g_S22,37,E4-8_g_S22,339.64,-21.93,308,110,240.0,0.0375,5,True,1,pericardial cell primordium,Midgut,1,midgut primordium,midgut,endoderm,339.64,-21.93,308.0,101
399-E4-8_g_S22,81,E4-8_g_S22,313.38,105.71,308,241,655.0,0.039694656,6,True,0,dorsal pharyngeal muscle primordium,Somatic muscle,0,somatic muscle,muscle,mesoderm,313.38,105.71,308.0,175
400-E4-8_g_S22,72,E4-8_g_S22,315.6,91.2,308,237,623.0,0.052969504,8,True,0,dorsal pharyngeal muscle primordium,Somatic muscle,0,somatic muscle,muscle,mesoderm,315.6,91.2,308.0,175
401-E4-8_g_S22,46,E4-8_g_S22,371.18,-185.42,308,103,193.0,0.046632126,3,True,12,amnioserosa,Amnioserosa,12,amnioserosa,amnioserosa,extra-embryonic,371.18,-185.42,308.0,15
402-E4-8_g_S22,76,E4-8_g_S22,298.45,166.14,308,145,323.0,0.0371517,6,True,4,dorsal epidermis primordium,Epidermis,4,ventral epidermis,epidermis,ectoderm,298.45,166.14,308.0,215
403-E4-8_g_S22,52,E4-8_g_S22,329.42,13.82,308,155,313.0,0.047923323,5,True,1,pericardial cell primordium,Midgut,1,midgut primordium,midgut,endoderm,329.42,13.82,308.0,126
404-E4-8_g_S22,110,E4-8_g_S22,334.61,-15.03,308,298,849.0,0.042402826,8,True,1,pericardial cell primordium,Midgut,1,midgut primordium,midgut,endoderm,334.61,-15.03,308.0,101
405-E4-8_g_S22,60,E4-8_g_S22,361.35,-140.93,308,221,580.0,0.08103448,10,True,1,pericardial cell primordium,Midgut,1,midgut primordium,midgut,endoderm,361.35,-140.93,308.0,37
406-E4-8_g_S22,60,E4-8_g_S22,305.56,128.21,308,193,432.0,0.0625,10,True,4,dorsal epidermis primordium,Epidermis,4,ventral epidermis,epidermis,ectoderm,305.56,128.21,308.0,197
408-E4-8_g_S22,50,E4-8_g_S22,357.76,-130.2,308,161,365.0,0.06849315,7,True,1,pericardial cell primordium,Midgut,1,midgut primordium,midgut,endoderm,357.76,-130.2,308.0,37
409-E4-8_g_S22,81,E4-8_g_S22,302.69,138.49,308,261,732.0,0.057377048,8,True,4,dorsal epidermis primordium,Epidermis,4,ventral epidermis,epidermis,ectoderm,302.69,138.49,308.0,197
410-E4-8_g_S22,48,E4-8_g_S22,322.42,36.58,308,145,337.0,0.029673591,3,True,0,dorsal pharyngeal muscle primordium,Somatic muscle,0,somatic muscle,muscle,mesoderm,322.42,36.58,308.0,151
411-E4-8_g_S22,60,E4-8_g_S22,323.92,30.01,308,187,373.0,0.034852546,4,True,0,dorsal pharyngeal muscle primordium,Somatic muscle,0,somatic muscle,muscle,mesoderm,323.92,30.01,308.0,126
412-E4-8_g_S22,52,E4-8_g_S22,354.12,-114.03,308,163,308.0,0.048701297,7,True,8,mesectoderm anlage,Foregut,8,glia,CNS,neuroectoderm,354.12,-114.03,308.0,57
414-E4-8_g_S22,103,E4-8_g_S22,360.09,-170.83,308,313,856.0,0.088785045,9,True,12,amnioserosa,Amnioserosa,12,amnioserosa,amnioserosa,extra-embryonic,360.09,-170.83,308.0,15
415-E4-8_g_S22,80,E4-8_g_S22,366.44,-191.47,308,146,292.0,0.05479452,6,True,12,amnioserosa,Amnioserosa,12,amnioserosa,amnioserosa,extra-embryonic,366.44,-191.47,308.0,15
416-E4-8_g_S22,57,E4-8_g_S22,313.13,80.58,308,174,387.0,0.03617571,5,True,0,dorsal pharyngeal muscle primordium,Somatic muscle,0,somatic muscle,muscle,mesoderm,313.13,80.58,308.0,175
417-E4-8_g_S22,66,E4-8_g_S22,319.09,43.92,308,189,454.0,0.06387665,7,True,0,dorsal pharyngeal muscle primordium,Somatic muscle,0,somatic muscle,muscle,mesoderm,319.09,43.92,308.0,151
418-E4-8_g_S22,61,E4-8_g_S22,328.32,0.29,308,170,369.0,0.029810298,4,True,1,pericardial cell primordium,Midgut,1,midgut primordium,midgut,endoderm,328.32,0.29,308.0,126
421-E4-8_g_S22,56,E4-8_g_S22,309.46,90.4,308,149,344.0,0.05232558,7,True,0,dorsal pharyngeal muscle primordium,Somatic muscle,0,somatic muscle,muscle,mesoderm,309.46,90.4,308.0,175
422-E4-8_g_S22,76,E4-8_g_S22,315.99,58.25,308,225,621.0,0.028985508,5,True,0,dorsal pharyngeal muscle primordium,Somatic muscle,0,somatic muscle,muscle,mesoderm,315.99,58.25,308.0,151
423-E4-8_g_S22,62,E4-8_g_S22,324.34,21.22,308,181,388.0,0.020618556,3,True,10,plasmatocyte primordium,Hemolymph cells,10,mesoderm_2,mesoderm,mesoderm,324.34,21.22,308.0,126
424-E4-8_g_S22,59,E4-8_g_S22,347.64,-105.23,308,164,366.0,0.057377048,5,True,6,tracheal primordium,Trachea,6,tracheal system,trachea,ectoderm,347.64,-105.23,308.0,57
425-E4-8_g_S22,62,E4-8_g_S22,359.61,-158.81,308,241,611.0,0.09492635,11,True,8,mesectoderm anlage,Foregut,8,glia,CNS,neuroectoderm,359.61,-158.81,308.0,37
426-E4-8_g_S22,94,E4-8_g_S22,290.59,167.65,308,247,680.0,0.06911765,8,True,4,dorsal epidermis primordium,Epidermis,4,ventral epidermis,epidermis,ectoderm,290.59,167.65,308.0,215
428-E4-8_g_S22,66,E4-8_g_S22,322.76,5.98,308,206,438.0,0.05936073,7,True,1,pericardial cell primordium,Midgut,1,midgut primordium,midgut,endoderm,322.76,5.98,308.0,126
429-E4-8_g_S22,40,E4-8_g_S22,347.93,-112.34,308,148,323.0,0.061919503,6,True,8,mesectoderm anlage,Foregut,8,glia,CNS,neuroectoderm,347.93,-112.34,308.0,57
430-E4-8_g_S22,57,E4-8_g_S22,305.45,97.28,308,165,433.0,0.046189375,6,True,0,dorsal pharyngeal muscle primordium,Somatic muscle,0,somatic muscle,muscle,mesoderm,305.45,97.28,308.0,175
431-E4-8_g_S22,71,E4-8_g_S22,328.53,-18.81,308,144,321.0,0.06853583,4,True,1,pericardial cell primordium,Midgut,1,midgut primordium,midgut,endoderm,328.53,-18.81,308.0,101
432-E4-8_g_S22,56,E4-8_g_S22,352.78,-140.12,308,229,520.0,0.07692308,9,True,1,pericardial cell primordium,Midgut,1,midgut primordium,midgut,endoderm,352.78,-140.12,308.0,37
433-E4-8_g_S22,66,E4-8_g_S22,310.27,63.48,308,212,512.0,0.037109375,8,True,0,dorsal pharyngeal muscle primordium,Somatic muscle,0,somatic muscle,muscle,mesoderm,310.27,63.48,308.0,151
434-E4-8_g_S22,41,E4-8_g_S22,321.92,12.62,308,168,387.0,0.0749354,7,True,1,pericardial cell primordium,Midgut,1,midgut primordium,midgut,endoderm,321.92,12.62,308.0,126
435-E4-8_g_S22,68,E4-8_g_S22,347.28,-119.8,308,187,423.0,0.06619386,6,True,0,dorsal pharyngeal muscle primordium,Somatic muscle,0,somatic muscle,muscle,mesoderm,347.28,-119.8,308.0,57
436-E4-8_g_S22,59,E4-8_g_S22,353.34,-147.52,308,222,563.0,0.092362344,10,True,1,pericardial cell primordium,Midgut,1,midgut primordium,midgut,endoderm,353.34,-147.52,308.0,37
437-E4-8_g_S22,50,E4-8_g_S22,294.99,137.53,308,187,453.0,0.061810154,9,True,6,tracheal primordium,Trachea,6,tracheal system,trachea,ectoderm,294.99,137.53,308.0,196
439-E4-8_g_S22,22,E4-8_g_S22,309.22,75.7,308,100,204.0,0.029411765,4,True,0,dorsal pharyngeal muscle primordium,Somatic muscle,0,somatic muscle,muscle,mesoderm,309.22,75.7,308.0,175
440-E4-8_g_S22,44,E4-8_g_S22,315.2,36.38,308,98,194.0,0.05670103,5,True,14,visceral branch primordium,Visceral branch,14,unknown,unknown,unknown,315.2,36.38,308.0,151
441-E4-8_g_S22,67,E4-8_g_S22,329.15,-29.77,308,164,330.0,0.048484847,7,True,1,pericardial cell primordium,Midgut,1,midgut primordium,midgut,endoderm,329.15,-29.77,308.0,101
445-E4-8_g_S22,57,E4-8_g_S22,309.37,52.99,308,164,357.0,0.025210084,4,True,1,pericardial cell primordium,Midgut,1,midgut primordium,midgut,endoderm,309.37,52.99,308.0,151
446-E4-8_g_S22,49,E4-8_g_S22,316.99,22.43,308,134,260.0,0.0038461538,1,True,0,dorsal pharyngeal muscle primordium,Somatic muscle,0,somatic muscle,muscle,mesoderm,316.99,22.43,308.0,126
447-E4-8_g_S22,70,E4-8_g_S22,295.61,125.04,308,237,686.0,0.071428575,9,True,0,dorsal pharyngeal muscle primordium,Somatic muscle,0,somatic muscle,muscle,mesoderm,295.61,125.04,308.0,196
449-E4-8_g_S22,56,E4-8_g_S22,289.72,144.44,308,175,422.0,0.06398104,9,True,4,dorsal epidermis primordium,Epidermis,4,ventral epidermis,epidermis,ectoderm,289.72,144.44,308.0,196
451-E4-8_g_S22,37,E4-8_g_S22,303.91,85.76,308,126,273.0,0.043956045,6,True,0,dorsal pharyngeal muscle primordium,Somatic muscle,0,somatic muscle,muscle,mesoderm,303.91,85.76,308.0,175
452-E4-8_g_S22,42,E4-8_g_S22,311.14,41.91,308,117,231.0,0.08225108,6,True,11,visceral muscle primordium,Visceral muscle,11,visceral muscle,muscle,mesoderm,311.14,41.91,308.0,151
453-E4-8_g_S22,118,E4-8_g_S22,321.63,-12.55,308,282,740.0,0.025675675,4,True,1,pericardial cell primordium,Midgut,1,midgut primordium,midgut,endoderm,321.63,-12.55,308.0,101
454-E4-8_g_S22,40,E4-8_g_S22,315.54,16.57,308,138,279.0,0.035842296,6,True,1,pericardial cell primordium,Midgut,1,midgut primordium,midgut,endoderm,315.54,16.57,308.0,126
455-E4-8_g_S22,74,E4-8_g_S22,337.4,-97.32,308,209,499.0,0.026052104,4,True,1,pericardial cell primordium,Midgut,1,midgut primordium,midgut,endoderm,337.4,-97.32,308.0,56
456-E4-8_g_S22,45,E4-8_g_S22,342.01,-111.04,308,122,258.0,0.054263566,6,True,8,mesectoderm anlage,Foregut,8,glia,CNS,neuroectoderm,342.01,-111.04,308.0,57
457-E4-8_g_S22,74,E4-8_g_S22,291.72,114.67,308,209,489.0,0.034764826,6,True,0,dorsal pharyngeal muscle primordium,Somatic muscle,0,somatic muscle,muscle,mesoderm,291.72,114.67,308.0,196
458-E4-8_g_S22,61,E4-8_g_S22,326.32,-40.92,308,184,428.0,0.05140187,7,True,1,pericardial cell primordium,Midgut,1,midgut primordium,midgut,endoderm,326.32,-40.92,308.0,101
460-E4-8_g_S22,64,E4-8_g_S22,282.26,168.99,308,157,359.0,0.0724234,8,True,4,dorsal epidermis primordium,Epidermis,4,ventral epidermis,epidermis,ectoderm,282.26,168.99,308.0,215
462-E4-8_g_S22,72,E4-8_g_S22,297.2,87.15,308,214,574.0,0.041811846,5,True,0,dorsal pharyngeal muscle primordium,Somatic muscle,0,somatic muscle,muscle,mesoderm,297.2,87.15,308.0,174
464-E4-8_g_S22,64,E4-8_g_S22,321.69,-35.07,308,201,442.0,0.0520362,5,True,1,pericardial cell primordium,Midgut,1,midgut primordium,midgut,endoderm,321.69,-35.07,308.0,101
465-E4-8_g_S22,48,E4-8_g_S22,344.87,-144.32,308,200,494.0,0.097165994,10,True,1,pericardial cell primordium,Midgut,1,midgut primordium,midgut,endoderm,344.87,-144.32,308.0,37
466-E4-8_g_S22,68,E4-8_g_S22,355.51,-193.27,308,91,162.0,0.037037037,4,True,12,amnioserosa,Amnioserosa,12,amnioserosa,amnioserosa,extra-embryonic,355.51,-193.27,308.0,15
467-E4-8_g_S22,40,E4-8_g_S22,284.13,160.99,308,159,364.0,0.06318682,7,True,4,dorsal epidermis primordium,Epidermis,4,ventral epidermis,epidermis,ectoderm,284.13,160.99,308.0,215
468-E4-8_g_S22,80,E4-8_g_S22,287.85,131.99,308,295,834.0,0.0323741,9,True,0,dorsal pharyngeal muscle primordium,Somatic muscle,0,somatic muscle,muscle,mesoderm,287.85,131.99,308.0,196
469-E4-8_g_S22,56,E4-8_g_S22,303.06,59.89,308,191,431.0,0.027842227,4,True,0,dorsal pharyngeal muscle primordium,Somatic muscle,0,somatic muscle,muscle,mesoderm,303.06,59.89,308.0,151
470-E4-8_g_S22,56,E4-8_g_S22,313.92,9.71,308,170,385.0,0.051948052,6,True,1,pericardial cell primordium,Midgut,1,midgut primordium,midgut,endoderm,313.92,9.71,308.0,126
471-E4-8_g_S22,83,E4-8_g_S22,315.94,-2.01,308,224,505.0,0.025742574,6,True,1,pericardial cell primordium,Midgut,1,midgut primordium,midgut,endoderm,315.94,-2.01,308.0,126
472-E4-8_g_S22,63,E4-8_g_S22,336.26,-104.73,308,233,483.0,0.016563147,5,True,5,insect embryonic/larval nervous system,CNS,5,brain/ventral nerve cord_inner,CNS,neuroectoderm,336.26,-104.73,308.0,56
473-E4-8_g_S22,62,E4-8_g_S22,344.16,-150.57,308,223,557.0,0.08438061,11,True,6,tracheal primordium,Trachea,6,tracheal system,trachea,ectoderm,344.16,-150.57,308.0,37
474-E4-8_g_S22,67,E4-8_g_S22,293.02,100.69,308,182,457.0,0.03501094,5,True,0,dorsal pharyngeal muscle primordium,Somatic muscle,0,somatic muscle,muscle,mesoderm,293.02,100.69,308.0,174
475-E4-8_g_S22,53,E4-8_g_S22,305.0,46.98,308,147,322.0,0.024844721,5,True,11,visceral muscle primordium,Visceral muscle,11,visceral muscle,muscle,mesoderm,305.0,46.98,308.0,151
476-E4-8_g_S22,90,E4-8_g_S22,330.36,-79.42,308,227,541.0,0.04621072,7,True,1,pericardial cell primordium,Midgut,1,midgut primordium,midgut,endoderm,330.36,-79.42,308.0,76
479-E4-8_g_S22,71,E4-8_g_S22,308.35,17.56,308,237,529.0,0.039697543,5,True,1,pericardial cell primordium,Midgut,1,midgut primordium,midgut,endoderm,308.35,17.56,308.0,126
483-E4-8_g_S22,57,E4-8_g_S22,299.0,52.7,308,186,473.0,0.048625793,9,True,11,visceral muscle primordium,Visceral muscle,11,visceral muscle,muscle,mesoderm,299.0,52.7,308.0,150
484-E4-8_g_S22,57,E4-8_g_S22,315.44,-31.17,308,185,400.0,0.0425,6,True,1,pericardial cell primordium,Midgut,1,midgut primordium,midgut,endoderm,315.44,-31.17,308.0,101
485-E4-8_g_S22,71,E4-8_g_S22,333.6,-119.49,308,187,420.0,0.014285714,5,True,0,dorsal pharyngeal muscle primordium,Somatic muscle,0,somatic muscle,muscle,mesoderm,333.6,-119.49,308.0,56
486-E4-8_g_S22,57,E4-8_g_S22,348.86,-188.21,308,119,235.0,0.089361705,6,True,12,amnioserosa,Amnioserosa,12,amnioserosa,amnioserosa,extra-embryonic,348.86,-188.21,308.0,15
487-E4-8_g_S22,82,E4-8_g_S22,274.69,166.62,308,208,569.0,0.059753954,7,True,4,dorsal epidermis primordium,Epidermis,4,ventral epidermis,epidermis,ectoderm,274.69,166.62,308.0,215
488-E4-8_g_S22,83,E4-8_g_S22,282.21,125.49,308,199,481.0,0.045738045,6,True,0,dorsal pharyngeal muscle primordium,Somatic muscle,0,somatic muscle,muscle,mesoderm,282.21,125.49,308.0,196
489-E4-8_g_S22,54,E4-8_g_S22,286.8,107.57,308,189,449.0,0.046770602,6,True,0,dorsal pharyngeal muscle primordium,Somatic muscle,0,somatic muscle,muscle,mesoderm,286.8,107.57,308.0,174
490-E4-8_g_S22,40,E4-8_g_S22,294.79,77.07,308,119,231.0,0.04761905,5,True,0,dorsal pharyngeal muscle primordium,Somatic muscle,0,somatic muscle,muscle,mesoderm,294.79,77.07,308.0,174
491-E4-8_g_S22,84,E4-8_g_S22,317.55,-44.52,308,244,551.0,0.050816696,6,True,1,pericardial cell primordium,Midgut,1,midgut primordium,midgut,endoderm,317.55,-44.52,308.0,101
493-E4-8_g_S22,73,E4-8_g_S22,273.88,176.26,308,168,404.0,0.05940594,5,True,4,dorsal epidermis primordium,Epidermis,4,ventral epidermis,epidermis,ectoderm,273.88,176.26,308.0,215
494-E4-8_g_S22,56,E4-8_g_S22,289.63,94.07,308,135,307.0,0.039087947,4,True,0,dorsal pharyngeal muscle primordium,Somatic muscle,0,somatic muscle,muscle,mesoderm,289.63,94.07,308.0,174
496-E4-8_g_S22,72,E4-8_g_S22,294.51,59.8,308,169,368.0,0.06521739,8,True,11,visceral muscle primordium,Visceral muscle,11,visceral muscle,muscle,mesoderm,294.51,59.8,308.0,150
498-E4-8_g_S22,79,E4-8_g_S22,306.09,7.7,308,221,491.0,0.018329939,6,True,1,pericardial cell primordium,Midgut,1,midgut primordium,midgut,endoderm,306.09,7.7,308.0,126
499-E4-8_g_S22,61,E4-8_g_S22,316.82,-51.28,308,141,291.0,0.05154639,8,True,14,visceral branch primordium,Visceral branch,14,unknown,unknown,unknown,316.82,-51.28,308.0,76
500-E4-8_g_S22,86,E4-8_g_S22,319.39,-60.85,308,168,410.0,0.029268293,5,True,8,mesectoderm anlage,Foregut,8,glia,CNS,neuroectoderm,319.39,-60.85,308.0,76
501-E4-8_g_S22,30,E4-8_g_S22,298.91,44.28,308,84,162.0,0.043209877,3,True,1,pericardial cell primordium,Midgut,1,midgut primordium,midgut,endoderm,298.91,44.28,308.0,150
502-E4-8_g_S22,74,E4-8_g_S22,310.4,-21.37,308,182,381.0,0.052493438,5,True,1,pericardial cell primordium,Midgut,1,midgut primordium,midgut,endoderm,310.4,-21.37,308.0,101
503-E4-8_g_S22,76,E4-8_g_S22,287.16,79.08,308,204,502.0,0.053784862,5,True,0,dorsal pharyngeal muscle primordium,Somatic muscle,0,somatic muscle,muscle,mesoderm,287.16,79.08,308.0,174
505-E4-8_g_S22,52,E4-8_g_S22,335.53,-150.66,308,206,462.0,0.054112554,8,True,12,amnioserosa,Amnioserosa,12,amnioserosa,amnioserosa,extra-embryonic,335.53,-150.66,308.0,36
508-E4-8_g_S22,67,E4-8_g_S22,319.92,-76.86,308,141,296.0,0.016891891,2,True,8,mesectoderm anlage,Foregut,8,glia,CNS,neuroectoderm,319.92,-76.86,308.0,76
509-E4-8_g_S22,71,E4-8_g_S22,322.04,-87.17,308,189,424.0,0.035377357,5,True,14,visceral branch primordium,Visceral branch,14,unknown,unknown,unknown,322.04,-87.17,308.0,76
510-E4-8_g_S22,106,E4-8_g_S22,334.1,-162.27,308,331,899.0,0.04894327,9,True,12,amnioserosa,Amnioserosa,12,amnioserosa,amnioserosa,extra-embryonic,334.1,-162.27,308.0,36
511-E4-8_g_S22,61,E4-8_g_S22,267.32,178.2,308,155,377.0,0.0530504,7,True,4,dorsal epidermis primordium,Epidermis,4,ventral epidermis,epidermis,ectoderm,267.32,178.2,308.0,215
512-E4-8_g_S22,70,E4-8_g_S22,276.12,134.48,308,233,640.0,0.0640625,8,True,0,dorsal pharyngeal muscle primordium,Somatic muscle,0,somatic muscle,muscle,mesoderm,276.12,134.48,308.0,196
513-E4-8_g_S22,100,E4-8_g_S22,282.01,100.55,308,247,772.0,0.07253886,9,True,0,dorsal pharyngeal muscle primordium,Somatic muscle,0,somatic muscle,muscle,mesoderm,282.01,100.55,308.0,174
514-E4-8_g_S22,84,E4-8_g_S22,292.52,44.85,308,230,578.0,0.062283736,8,True,11,visceral muscle primordium,Visceral muscle,11,visceral muscle,muscle,mesoderm,292.52,44.85,308.0,150
516-E4-8_g_S22,48,E4-8_g_S22,317.95,-70.76,308,91,169.0,0.06508876,5,True,8,mesectoderm anlage,Foregut,8,glia,CNS,neuroectoderm,317.95,-70.76,308.0,76
518-E4-8_g_S22,71,E4-8_g_S22,272.96,143.45,308,216,484.0,0.06818182,8,True,0,dorsal pharyngeal muscle primordium,Somatic muscle,0,somatic muscle,muscle,mesoderm,272.96,143.45,308.0,196
519-E4-8_g_S22,74,E4-8_g_S22,283.6,87.27,308,198,496.0,0.044354837,7,True,0,dorsal pharyngeal muscle primordium,Somatic muscle,0,somatic muscle,muscle,mesoderm,283.6,87.27,308.0,174
520-E4-8_g_S22,88,E4-8_g_S22,287.62,62.3,308,200,455.0,0.04835165,7,True,11,visceral muscle primordium,Visceral muscle,11,visceral muscle,muscle,mesoderm,287.62,62.3,308.0,150
522-E4-8_g_S22,72,E4-8_g_S22,310.14,-55.69,308,207,449.0,0.051224943,6,True,0,dorsal pharyngeal muscle primordium,Somatic muscle,0,somatic muscle,muscle,mesoderm,310.14,-55.69,308.0,76
523-E4-8_g_S22,57,E4-8_g_S22,278.22,112.85,308,100,209.0,0.07655502,5,True,8,mesectoderm anlage,Foregut,8,glia,CNS,neuroectoderm,278.22,112.85,308.0,196
525-E4-8_g_S22,80,E4-8_g_S22,319.1,-94.54,308,196,463.0,0.030237582,6,True,8,mesectoderm anlage,Foregut,8,glia,CNS,neuroectoderm,319.1,-94.54,308.0,56
526-E4-8_g_S22,87,E4-8_g_S22,328.65,-145.46,308,280,747.0,0.072289154,10,True,12,amnioserosa,Amnioserosa,12,amnioserosa,amnioserosa,extra-embryonic,328.65,-145.46,308.0,36
527-E4-8_g_S22,54,E4-8_g_S22,284.1,70.96,308,174,415.0,0.040963855,6,True,0,dorsal pharyngeal muscle primordium,Somatic muscle,0,somatic muscle,muscle,mesoderm,284.1,70.96,308.0,150
528-E4-8_g_S22,52,E4-8_g_S22,288.55,51.45,308,114,244.0,0.040983606,3,True,0,dorsal pharyngeal muscle primordium,Somatic muscle,0,somatic muscle,muscle,mesoderm,288.55,51.45,308.0,150
529-E4-8_g_S22,43,E4-8_g_S22,295.47,17.1,308,140,285.0,0.06315789,7,True,1,pericardial cell primordium,Midgut,1,midgut primordium,midgut,endoderm,295.47,17.1,308.0,125
530-E4-8_g_S22,72,E4-8_g_S22,294.17,11.0,308,177,404.0,0.066831686,8,True,1,pericardial cell primordium,Midgut,1,midgut primordium,midgut,endoderm,294.17,11.0,308.0,125
531-E4-8_g_S22,53,E4-8_g_S22,297.76,6.06,308,113,229.0,0.0349345,4,True,1,pericardial cell primordium,Midgut,1,midgut primordium,midgut,endoderm,297.76,6.06,308.0,125
532-E4-8_g_S22,50,E4-8_g_S22,311.79,-63.17,308,127,265.0,0.03018868,5,True,2,dorsal epidermis primordium,Epidermis,2,epidermis,epidermis,ectoderm,311.79,-63.17,308.0,76
533-E4-8_g_S22,74,E4-8_g_S22,328.48,-156.01,308,301,773.0,0.06597672,10,True,12,amnioserosa,Amnioserosa,12,amnioserosa,amnioserosa,extra-embryonic,328.48,-156.01,308.0,36
534-E4-8_g_S22,44,E4-8_g_S22,264.49,170.5,308,162,398.0,0.0678392,7,True,4,dorsal epidermis primordium,Epidermis,4,ventral epidermis,epidermis,ectoderm,264.49,170.5,308.0,215
535-E4-8_g_S22,45,E4-8_g_S22,272.31,128.33,308,155,350.0,0.06285714,9,True,0,dorsal pharyngeal muscle primordium,Somatic muscle,0,somatic muscle,muscle,mesoderm,272.31,128.33,308.0,196
536-E4-8_g_S22,158,E4-8_g_S22,288.96,22.28,308,381,1127.0,0.047914818,9,True,1,pericardial cell primordium,Midgut,1,midgut primordium,midgut,endoderm,288.96,22.28,308.0,125
537-E4-8_g_S22,139,E4-8_g_S22,258.2,180.46,308,241,680.0,0.060294118,9,True,4,dorsal epidermis primordium,Epidermis,4,ventral epidermis,epidermis,ectoderm,258.2,180.46,308.0,214
538-E4-8_g_S22,35,E4-8_g_S22,283.58,65.47,308,59,108.0,0.027777778,2,True,6,tracheal primordium,Trachea,6,tracheal system,trachea,ectoderm,283.58,65.47,308.0,150
539-E4-8_g_S22,68,E4-8_g_S22,313.41,-81.89,308,147,336.0,0.029761905,4,True,8,mesectoderm anlage,Foregut,8,glia,CNS,neuroectoderm,313.41,-81.89,308.0,76
541-E4-8_g_S22,39,E4-8_g_S22,272.11,122.11,308,104,235.0,0.04680851,6,True,0,dorsal pharyngeal muscle primordium,Somatic muscle,0,somatic muscle,muscle,mesoderm,272.11,122.11,308.0,196
543-E4-8_g_S22,58,E4-8_g_S22,319.46,-113.57,308,160,320.0,0.040625,4,True,8,mesectoderm anlage,Foregut,8,glia,CNS,neuroectoderm,319.46,-113.57,308.0,56
545-E4-8_g_S22,87,E4-8_g_S22,265.8,133.56,308,252,600.0,0.046666667,11,True,6,tracheal primordium,Trachea,6,tracheal system,trachea,ectoderm,265.8,133.56,308.0,196
546-E4-8_g_S22,39,E4-8_g_S22,274.61,101.95,308,132,267.0,0.04494382,4,True,0,dorsal pharyngeal muscle primordium,Somatic muscle,0,somatic muscle,muscle,mesoderm,274.61,101.95,308.0,174
547-E4-8_g_S22,37,E4-8_g_S22,279.33,74.9,308,101,205.0,0.048780486,3,True,11,visceral muscle primordium,Visceral muscle,11,visceral muscle,muscle,mesoderm,279.33,74.9,308.0,174
548-E4-8_g_S22,56,E4-8_g_S22,284.82,38.43,308,147,317.0,0.04731861,8,True,11,visceral muscle primordium,Visceral muscle,11,visceral muscle,muscle,mesoderm,284.82,38.43,308.0,150
550-E4-8_g_S22,87,E4-8_g_S22,319.55,-132.49,308,279,734.0,0.044959128,8,True,0,dorsal pharyngeal muscle primordium,Somatic muscle,0,somatic muscle,muscle,mesoderm,319.55,-132.49,308.0,36
551-E4-8_g_S22,94,E4-8_g_S22,268.76,103.66,308,220,595.0,0.033613447,9,True,0,dorsal pharyngeal muscle primordium,Somatic muscle,0,somatic muscle,muscle,mesoderm,268.76,103.66,308.0,174
552-E4-8_g_S22,30,E4-8_g_S22,284.73,44.41,308,72,149.0,0.0738255,5,True,11,visceral muscle primordium,Visceral muscle,11,visceral muscle,muscle,mesoderm,284.73,44.41,308.0,150
553-E4-8_g_S22,55,E4-8_g_S22,314.9,-109.65,308,136,308.0,0.038961038,6,True,1,pericardial cell primordium,Midgut,1,midgut primordium,midgut,endoderm,314.9,-109.65,308.0,56
554-E4-8_g_S22,49,E4-8_g_S22,293.61,-3.23,308,158,347.0,0.054755043,6,True,1,pericardial cell primordium,Midgut,1,midgut primordium,midgut,endoderm,293.61,-3.23,308.0,125
556-E4-8_g_S22,76,E4-8_g_S22,312.19,-98.53,308,244,548.0,0.031021899,7,True,8,mesectoderm anlage,Foregut,8,glia,CNS,neuroectoderm,312.19,-98.53,308.0,56
557-E4-8_g_S22,72,E4-8_g_S22,319.06,-145.83,308,273,739.0,0.06901218,9,True,12,amnioserosa,Amnioserosa,12,amnioserosa,amnioserosa,extra-embryonic,319.06,-145.83,308.0,36
558-E4-8_g_S22,83,E4-8_g_S22,319.71,-153.25,308,263,736.0,0.07065217,11,True,12,amnioserosa,Amnioserosa,12,amnioserosa,amnioserosa,extra-embryonic,319.71,-153.25,308.0,36
559-E4-8_g_S22,47,E4-8_g_S22,265.39,123.92,308,178,411.0,0.03406326,5,True,0,dorsal pharyngeal muscle primordium,Somatic muscle,0,somatic muscle,muscle,mesoderm,265.39,123.92,308.0,196
560-E4-8_g_S22,72,E4-8_g_S22,272.35,84.39,308,202,480.0,0.0375,8,True,0,dorsal pharyngeal muscle primordium,Somatic muscle,0,somatic muscle,muscle,mesoderm,272.35,84.39,308.0,174
561-E4-8_g_S22,43,E4-8_g_S22,280.52,46.16,308,157,338.0,0.03254438,4,True,11,visceral muscle primordium,Visceral muscle,11,visceral muscle,muscle,mesoderm,280.52,46.16,308.0,150
563-E4-8_g_S22,84,E4-8_g_S22,313.84,-121.99,308,218,508.0,0.027559055,7,True,11,visceral muscle primordium,Visceral muscle,11,visceral muscle,muscle,mesoderm,313.84,-121.99,308.0,56
564-E4-8_g_S22,71,E4-8_g_S22,275.1,67.22,308,172,451.0,0.05986696,5,True,0,dorsal pharyngeal muscle primordium,Somatic muscle,0,somatic muscle,muscle,mesoderm,275.1,67.22,308.0,150
565-E4-8_g_S22,117,E4-8_g_S22,293.51,-32.45,308,252,644.0,0.06366459,8,True,8,mesectoderm anlage,Foregut,8,glia,CNS,neuroectoderm,293.51,-32.45,308.0,100
566-E4-8_g_S22,59,E4-8_g_S22,252.98,172.17,308,141,325.0,0.05230769,6,True,4,dorsal epidermis primordium,Epidermis,4,ventral epidermis,epidermis,ectoderm,252.98,172.17,308.0,214
568-E4-8_g_S22,83,E4-8_g_S22,275.68,57.42,308,223,582.0,0.053264603,7,True,11,visceral muscle primordium,Visceral muscle,11,visceral muscle,muscle,mesoderm,275.68,57.42,308.0,150
569-E4-8_g_S22,42,E4-8_g_S22,286.14,9.59,308,101,207.0,0.033816423,3,True,1,pericardial cell primordium,Midgut,1,midgut primordium,midgut,endoderm,286.14,9.59,308.0,125
570-E4-8_g_S22,38,E4-8_g_S22,309.48,-106.19,308,143,298.0,0.010067114,3,True,8,mesectoderm anlage,Foregut,8,glia,CNS,neuroectoderm,309.48,-106.19,308.0,56
573-E4-8_g_S22,63,E4-8_g_S22,279.12,32.64,308,179,428.0,0.056074765,8,True,14,visceral branch primordium,Visceral branch,14,unknown,unknown,unknown,279.12,32.64,308.0,150
574-E4-8_g_S22,94,E4-8_g_S22,284.99,-0.26,308,274,708.0,0.029661017,6,True,1,pericardial cell primordium,Midgut,1,midgut primordium,midgut,endoderm,284.99,-0.26,308.0,125
575-E4-8_g_S22,58,E4-8_g_S22,292.42,-22.08,308,159,390.0,0.06410257,7,True,1,pericardial cell primordium,Midgut,1,midgut primordium,midgut,endoderm,292.42,-22.08,308.0,100
577-E4-8_g_S22,48,E4-8_g_S22,315.84,-139.94,308,151,301.0,0.03986711,7,True,10,plasmatocyte primordium,Hemolymph cells,10,mesoderm_2,mesoderm,mesoderm,315.84,-139.94,308.0,36
580-E4-8_g_S22,59,E4-8_g_S22,270.7,75.01,308,147,343.0,0.046647232,5,True,0,dorsal pharyngeal muscle primordium,Somatic muscle,0,somatic muscle,muscle,mesoderm,270.7,75.01,308.0,174
581-E4-8_g_S22,86,E4-8_g_S22,274.95,46.91,308,214,492.0,0.05284553,9,True,11,visceral muscle primordium,Visceral muscle,11,visceral muscle,muscle,mesoderm,274.95,46.91,308.0,150
582-E4-8_g_S22,34,E4-8_g_S22,305.46,-99.88,308,99,190.0,0.036842104,2,True,8,mesectoderm anlage,Foregut,8,glia,CNS,neuroectoderm,305.46,-99.88,308.0,56
583-E4-8_g_S22,91,E4-8_g_S22,286.73,-13.88,308,220,594.0,0.057239056,8,True,1,pericardial cell primordium,Midgut,1,midgut primordium,midgut,endoderm,286.73,-13.88,308.0,100
584-E4-8_g_S22,61,E4-8_g_S22,307.53,-113.83,308,155,327.0,0.033639144,5,True,1,pericardial cell primordium,Midgut,1,midgut primordium,midgut,endoderm,307.53,-113.83,308.0,56
585-E4-8_g_S22,94,E4-8_g_S22,249.97,159.74,308,282,740.0,0.044594593,10,True,4,dorsal epidermis primordium,Epidermis,4,ventral epidermis,epidermis,ectoderm,249.97,159.74,308.0,214
586-E4-8_g_S22,133,E4-8_g_S22,262.88,90.06,308,249,645.0,0.035658915,8,True,0,dorsal pharyngeal muscle primordium,Somatic muscle,0,somatic muscle,muscle,mesoderm,262.88,90.06,308.0,174
587-E4-8_g_S22,121,E4-8_g_S22,297.77,-73.36,308,321,809.0,0.05933251,9,True,8,mesectoderm anlage,Foregut,8,glia,CNS,neuroectoderm,297.77,-73.36,308.0,75
588-E4-8_g_S22,50,E4-8_g_S22,311.26,-134.94,308,131,303.0,0.05610561,6,True,8,mesectoderm anlage,Foregut,8,glia,CNS,neuroectoderm,311.26,-134.94,308.0,36
589-E4-8_g_S22,102,E4-8_g_S22,315.49,-164.13,308,299,832.0,0.05408654,6,True,12,amnioserosa,Amnioserosa,12,amnioserosa,amnioserosa,extra-embryonic,315.49,-164.13,308.0,36
590-E4-8_g_S22,70,E4-8_g_S22,246.4,178.24,308,177,422.0,0.035545025,5,True,4,dorsal epidermis primordium,Epidermis,4,ventral epidermis,epidermis,ectoderm,246.4,178.24,308.0,214
592-E4-8_g_S22,76,E4-8_g_S22,277.61,11.34,308,169,387.0,0.090439275,10,True,1,pericardial cell primordium,Midgut,1,midgut primordium,midgut,endoderm,277.61,11.34,308.0,125
593-E4-8_g_S22,65,E4-8_g_S22,285.03,-22.76,308,148,324.0,0.08950617,6,True,8,mesectoderm anlage,Foregut,8,glia,CNS,neuroectoderm,285.03,-22.76,308.0,100
594-E4-8_g_S22,106,E4-8_g_S22,242.12,184.83,308,214,511.0,0.04892368,6,True,4,dorsal epidermis primordium,Epidermis,4,ventral epidermis,epidermis,ectoderm,242.12,184.83,308.0,214
597-E4-8_g_S22,98,E4-8_g_S22,266.78,64.62,308,233,579.0,0.031088082,6,True,11,visceral muscle primordium,Visceral muscle,11,visceral muscle,muscle,mesoderm,266.78,64.62,308.0,150
599-E4-8_g_S22,20,E4-8_g_S22,303.85,-104.84,308,66,133.0,0.037593983,2,True,8,mesectoderm anlage,Foregut,8,glia,CNS,neuroectoderm,303.85,-104.84,308.0,56
600-E4-8_g_S22,56,E4-8_g_S22,254.25,133.79,308,140,304.0,0.016447369,4,True,2,dorsal epidermis primordium,Epidermis,2,epidermis,epidermis,ectoderm,254.25,133.79,308.0,195
601-E4-8_g_S22,76,E4-8_g_S22,254.65,123.94,308,183,522.0,0.05172414,6,True,14,visceral branch primordium,Visceral branch,14,unknown,unknown,unknown,254.65,123.94,308.0,195
605-E4-8_g_S22,51,E4-8_g_S22,292.23,-55.76,308,123,257.0,0.06614786,5,True,2,dorsal epidermis primordium,Epidermis,2,epidermis,epidermis,ectoderm,292.23,-55.76,308.0,75
607-E4-8_g_S22,40,E4-8_g_S22,310.16,-147.1,308,170,393.0,0.094147585,9,True,12,amnioserosa,Amnioserosa,12,amnioserosa,amnioserosa,extra-embryonic,310.16,-147.1,308.0,36
608-E4-8_g_S22,56,E4-8_g_S22,299.68,-107.08,308,152,331.0,0.018126888,3,True,8,mesectoderm anlage,Foregut,8,glia,CNS,neuroectoderm,299.68,-107.08,308.0,55
609-E4-8_g_S22,44,E4-8_g_S22,274.76,16.65,308,125,255.0,0.05882353,9,True,1,pericardial cell primordium,Midgut,1,midgut primordium,midgut,endoderm,274.76,16.65,308.0,125
611-E4-8_g_S22,62,E4-8_g_S22,305.69,-141.85,308,249,583.0,0.06861063,9,True,6,tracheal primordium,Trachea,6,tracheal system,trachea,ectoderm,305.69,-141.85,308.0,36
613-E4-8_g_S22,74,E4-8_g_S22,277.95,-6.28,308,186,407.0,0.041769043,8,True,8,mesectoderm anlage,Foregut,8,glia,CNS,neuroectoderm,277.95,-6.28,308.0,125
614-E4-8_g_S22,68,E4-8_g_S22,242.02,169.18,308,211,561.0,0.04812834,8,True,4,dorsal epidermis primordium,Epidermis,4,ventral epidermis,epidermis,ectoderm,242.02,169.18,308.0,214
615-E4-8_g_S22,27,E4-8_g_S22,249.56,128.17,308,110,238.0,0.05462185,8,True,6,tracheal primordium,Trachea,6,tracheal system,trachea,ectoderm,249.56,128.17,308.0,195
616-E4-8_g_S22,62,E4-8_g_S22,267.6,37.96,308,141,342.0,0.09064327,7,True,11,visceral muscle primordium,Visceral muscle,11,visceral muscle,muscle,mesoderm,267.6,37.96,308.0,150
617-E4-8_g_S22,49,E4-8_g_S22,283.35,-31.33,308,114,232.0,0.09051724,6,True,8,mesectoderm anlage,Foregut,8,glia,CNS,neuroectoderm,283.35,-31.33,308.0,100
618-E4-8_g_S22,55,E4-8_g_S22,246.09,143.71,308,152,391.0,0.04347826,6,True,4,dorsal epidermis primordium,Epidermis,4,ventral epidermis,epidermis,ectoderm,246.09,143.71,308.0,195
619-E4-8_g_S22,48,E4-8_g_S22,247.78,133.65,308,151,335.0,0.05671642,7,True,0,dorsal pharyngeal muscle primordium,Somatic muscle,0,somatic muscle,muscle,mesoderm,247.78,133.65,308.0,195
620-E4-8_g_S22,60,E4-8_g_S22,284.67,-55.88,308,160,333.0,0.036036037,3,True,8,mesectoderm anlage,Foregut,8,glia,CNS,neuroectoderm,284.67,-55.88,308.0,75
621-E4-8_g_S22,79,E4-8_g_S22,295.09,-113.9,308,230,549.0,0.038251366,8,True,0,dorsal pharyngeal muscle primordium,Somatic muscle,0,somatic muscle,muscle,mesoderm,295.09,-113.9,308.0,55
622-E4-8_g_S22,85,E4-8_g_S22,240.79,159.99,308,203,579.0,0.050086357,7,True,4,dorsal epidermis primordium,Epidermis,4,ventral epidermis,epidermis,ectoderm,240.79,159.99,308.0,214
623-E4-8_g_S22,48,E4-8_g_S22,265.28,46.2,308,146,330.0,0.06969697,7,True,0,dorsal pharyngeal muscle primordium,Somatic muscle,0,somatic muscle,muscle,mesoderm,265.28,46.2,308.0,150
624-E4-8_g_S22,131,E4-8_g_S22,283.84,-65.2,308,271,732.0,0.04781421,6,True,0,dorsal pharyngeal muscle primordium,Somatic muscle,0,somatic muscle,muscle,mesoderm,283.84,-65.2,308.0,75
625-E4-8_g_S22,38,E4-8_g_S22,243.96,136.05,308,145,306.0,0.06535948,7,True,2,dorsal epidermis primordium,Epidermis,2,epidermis,epidermis,ectoderm,243.96,136.05,308.0,195
626-E4-8_g_S22,58,E4-8_g_S22,277.02,-19.0,308,175,355.0,0.053521127,6,True,8,mesectoderm anlage,Foregut,8,glia,CNS,neuroectoderm,277.02,-19.0,308.0,100
627-E4-8_g_S22,64,E4-8_g_S22,290.75,-97.57,308,205,448.0,0.04910714,8,True,10,plasmatocyte primordium,Hemolymph cells,10,mesoderm_2,mesoderm,mesoderm,290.75,-97.57,308.0,55
630-E4-8_g_S22,75,E4-8_g_S22,259.2,57.84,308,206,519.0,0.078998074,9,True,11,visceral muscle primordium,Visceral muscle,11,visceral muscle,muscle,mesoderm,259.2,57.84,308.0,149
631-E4-8_g_S22,60,E4-8_g_S22,272.04,2.17,308,161,391.0,0.06393862,6,True,1,pericardial cell primordium,Midgut,1,midgut primordium,midgut,endoderm,272.04,2.17,308.0,125
632-E4-8_g_S22,85,E4-8_g_S22,276.43,-30.74,308,187,436.0,0.06422018,9,True,8,mesectoderm anlage,Foregut,8,glia,CNS,neuroectoderm,276.43,-30.74,308.0,100
633-E4-8_g_S22,88,E4-8_g_S22,307.09,-179.28,308,95,205.0,0.048780486,4,True,12,amnioserosa,Amnioserosa,12,amnioserosa,amnioserosa,extra-embryonic,307.09,-179.28,308.0,14
634-E4-8_g_S22,68,E4-8_g_S22,234.3,171.9,308,240,586.0,0.044368602,9,True,4,dorsal epidermis primordium,Epidermis,4,ventral epidermis,epidermis,ectoderm,234.3,171.9,308.0,214
636-E4-8_g_S22,81,E4-8_g_S22,267.65,12.46,308,232,585.0,0.027350428,6,True,1,pericardial cell primordium,Midgut,1,midgut primordium,midgut,endoderm,267.65,12.46,308.0,125
638-E4-8_g_S22,76,E4-8_g_S22,238.69,146.99,308,213,593.0,0.05227656,9,True,4,dorsal epidermis primordium,Epidermis,4,ventral epidermis,epidermis,ectoderm,238.69,146.99,308.0,195
639-E4-8_g_S22,85,E4-8_g_S22,252.38,81.8,308,201,515.0,0.06990291,6,True,0,dorsal pharyngeal muscle primordium,Somatic muscle,0,somatic muscle,muscle,mesoderm,252.38,81.8,308.0,173
642-E4-8_g_S22,66,E4-8_g_S22,271.15,-12.53,308,196,465.0,0.07311828,6,True,1,pericardial cell primordium,Midgut,1,midgut primordium,midgut,endoderm,271.15,-12.53,308.0,100
644-E4-8_g_S22,76,E4-8_g_S22,293.59,-122.92,308,227,536.0,0.027985075,5,True,0,dorsal pharyngeal muscle primordium,Somatic muscle,0,somatic muscle,muscle,mesoderm,293.59,-122.92,308.0,55
646-E4-8_g_S22,68,E4-8_g_S22,246.97,108.98,308,123,253.0,0.03952569,6,True,11,visceral muscle primordium,Visceral muscle,11,visceral muscle,muscle,mesoderm,246.97,108.98,308.0,173
648-E4-8_g_S22,71,E4-8_g_S22,230.17,182.49,308,205,440.0,0.043181818,5,True,9,mesectoderm,Stomatogastric nervous system,9,sensory neuron,PNS,neuroectoderm,230.17,182.49,308.0,214
649-E4-8_g_S22,73,E4-8_g_S22,241.88,124.93,308,165,374.0,0.04278075,4,True,14,visceral branch primordium,Visceral branch,14,unknown,unknown,unknown,241.88,124.93,308.0,195
650-E4-8_g_S22,59,E4-8_g_S22,247.4,100.74,308,189,470.0,0.04255319,5,True,0,dorsal pharyngeal muscle primordium,Somatic muscle,0,somatic muscle,muscle,mesoderm,247.4,100.74,308.0,173
651-E4-8_g_S22,57,E4-8_g_S22,258.07,47.79,308,160,333.0,0.084084086,7,True,11,visceral muscle primordium,Visceral muscle,11,visceral muscle,muscle,mesoderm,258.07,47.79,308.0,149
654-E4-8_g_S22,50,E4-8_g_S22,238.41,137.44,308,132,268.0,0.03358209,4,True,4,dorsal epidermis primordium,Epidermis,4,ventral epidermis,epidermis,ectoderm,238.41,137.44,308.0,195
655-E4-8_g_S22,30,E4-8_g_S22,252.84,60.93,308,75,147.0,0.027210884,2,True,0,dorsal pharyngeal muscle primordium,Somatic muscle,0,somatic muscle,muscle,mesoderm,252.84,60.93,308.0,149
656-E4-8_g_S22,37,E4-8_g_S22,265.18,3.19,308,97,203.0,0.03448276,5,True,1,pericardial cell primordium,Midgut,1,midgut primordium,midgut,endoderm,265.18,3.19,308.0,125
659-E4-8_g_S22,53,E4-8_g_S22,280.98,-76.84,308,183,414.0,0.014492754,3,True,10,plasmatocyte primordium,Hemolymph cells,10,mesoderm_2,mesoderm,mesoderm,280.98,-76.84,308.0,75
660-E4-8_g_S22,76,E4-8_g_S22,285.98,-106.25,308,215,475.0,0.06315789,9,True,11,visceral muscle primordium,Visceral muscle,11,visceral muscle,muscle,mesoderm,285.98,-106.25,308.0,55
661-E4-8_g_S22,49,E4-8_g_S22,292.1,-137.65,308,158,341.0,0.052785926,6,True,14,visceral branch primordium,Visceral branch,14,unknown,unknown,unknown,292.1,-137.65,308.0,35
662-E4-8_g_S22,68,E4-8_g_S22,231.2,161.61,308,220,533.0,0.07879925,12,True,4,dorsal epidermis primordium,Epidermis,4,ventral epidermis,epidermis,ectoderm,231.2,161.61,308.0,214
665-E4-8_g_S22,84,E4-8_g_S22,266.58,-28.74,308,205,514.0,0.056420233,6,True,0,dorsal pharyngeal muscle primordium,Somatic muscle,0,somatic muscle,muscle,mesoderm,266.58,-28.74,308.0,100
666-E4-8_g_S22,82,E4-8_g_S22,259.02,8.09,308,241,581.0,0.055077452,9,True,1,pericardial cell primordium,Midgut,1,midgut primordium,midgut,endoderm,259.02,8.09,308.0,124
667-E4-8_g_S22,55,E4-8_g_S22,269.07,-35.37,308,152,314.0,0.05414013,7,True,1,pericardial cell primordium,Midgut,1,midgut primordium,midgut,endoderm,269.07,-35.37,308.0,100
668-E4-8_g_S22,75,E4-8_g_S22,274.48,-54.79,308,222,518.0,0.054054055,10,True,1,pericardial cell primordium,Midgut,1,midgut primordium,midgut,endoderm,274.48,-54.79,308.0,75
669-E4-8_g_S22,55,E4-8_g_S22,285.25,-114.19,308,201,486.0,0.034979425,6,True,11,visceral muscle primordium,Visceral muscle,11,visceral muscle,muscle,mesoderm,285.25,-114.19,308.0,55
670-E4-8_g_S22,40,E4-8_g_S22,232.47,141.1,308,106,247.0,0.02834008,3,True,4,dorsal epidermis primordium,Epidermis,4,ventral epidermis,epidermis,ectoderm,232.47,141.1,308.0,195
671-E4-8_g_S22,51,E4-8_g_S22,239.72,107.05,308,107,215.0,0.03255814,5,True,0,dorsal pharyngeal muscle primordium,Somatic muscle,0,somatic muscle,muscle,mesoderm,239.72,107.05,308.0,173
672-E4-8_g_S22,67,E4-8_g_S22,242.05,92.43,308,197,513.0,0.048732944,6,True,0,dorsal pharyngeal muscle primordium,Somatic muscle,0,somatic muscle,muscle,mesoderm,242.05,92.43,308.0,173
673-E4-8_g_S22,52,E4-8_g_S22,287.91,-131.59,308,228,497.0,0.06639839,8,True,10,plasmatocyte primordium,Hemolymph cells,10,mesoderm_2,mesoderm,mesoderm,287.91,-131.59,308.0,35
675-E4-8_g_S22,37,E4-8_g_S22,240.66,98.06,308,130,279.0,0.07885305,6,True,6,tracheal primordium,Trachea,6,tracheal system,trachea,ectoderm,240.66,98.06,308.0,173
676-E4-8_g_S22,57,E4-8_g_S22,245.88,64.75,308,130,271.0,0.033210333,5,True,11,visceral muscle primordium,Visceral muscle,11,visceral muscle,muscle,mesoderm,245.88,64.75,308.0,149
677-E4-8_g_S22,57,E4-8_g_S22,252.2,42.19,308,162,355.0,0.06478873,7,True,11,visceral muscle primordium,Visceral muscle,11,visceral muscle,muscle,mesoderm,252.2,42.19,308.0,149
679-E4-8_g_S22,42,E4-8_g_S22,255.97,19.21,308,120,285.0,0.045614034,4,True,1,pericardial cell primordium,Midgut,1,midgut primordium,midgut,endoderm,255.97,19.21,308.0,124
680-E4-8_g_S22,69,E4-8_g_S22,274.21,-72.55,308,177,385.0,0.015584416,4,True,10,plasmatocyte primordium,Hemolymph cells,10,mesoderm_2,mesoderm,mesoderm,274.21,-72.55,308.0,75
681-E4-8_g_S22,39,E4-8_g_S22,286.19,-121.63,308,133,309.0,0.051779937,4,True,11,visceral muscle primordium,Visceral muscle,11,visceral muscle,muscle,mesoderm,286.19,-121.63,308.0,55
682-E4-8_g_S22,54,E4-8_g_S22,224.74,172.8,308,157,348.0,0.09195402,8,True,8,mesectoderm anlage,Foregut,8,glia,CNS,neuroectoderm,224.74,172.8,308.0,214
683-E4-8_g_S22,44,E4-8_g_S22,235.74,119.48,308,158,362.0,0.03314917,6,True,0,dorsal pharyngeal muscle primordium,Somatic muscle,0,somatic muscle,muscle,mesoderm,235.74,119.48,308.0,195
684-E4-8_g_S22,63,E4-8_g_S22,235.45,113.23,308,191,436.0,0.055045873,9,True,0,dorsal pharyngeal muscle primordium,Somatic muscle,0,somatic muscle,muscle,mesoderm,235.45,113.23,308.0,195
685-E4-8_g_S22,84,E4-8_g_S22,242.61,77.62,308,207,557.0,0.023339318,7,True,2,dorsal epidermis primordium,Epidermis,2,epidermis,epidermis,ectoderm,242.61,77.62,308.0,173
688-E4-8_g_S22,34,E4-8_g_S22,228.9,145.59,308,113,228.0,0.06140351,4,True,4,dorsal epidermis primordium,Epidermis,4,ventral epidermis,epidermis,ectoderm,228.9,145.59,308.0,195
689-E4-8_g_S22,28,E4-8_g_S22,247.65,57.82,308,65,120.0,0.025,2,True,14,visceral branch primordium,Visceral branch,14,unknown,unknown,unknown,247.65,57.82,308.0,149
690-E4-8_g_S22,49,E4-8_g_S22,271.67,-63.62,308,142,355.0,0.04507042,6,True,6,tracheal primordium,Trachea,6,tracheal system,trachea,ectoderm,271.67,-63.62,308.0,75
693-E4-8_g_S22,109,E4-8_g_S22,216.58,183.4,308,273,732.0,0.04644809,10,True,4,dorsal epidermis primordium,Epidermis,4,ventral epidermis,epidermis,ectoderm,216.58,183.4,308.0,213
695-E4-8_g_S22,98,E4-8_g_S22,277.29,-100.23,308,232,571.0,0.05078809,7,True,10,plasmatocyte primordium,Hemolymph cells,10,mesoderm_2,mesoderm,mesoderm,277.29,-100.23,308.0,55
696-E4-8_g_S22,82,E4-8_g_S22,245.85,46.03,308,201,535.0,0.07476635,8,True,11,visceral muscle primordium,Visceral muscle,11,visceral muscle,muscle,mesoderm,245.85,46.03,308.0,149
698-E4-8_g_S22,84,E4-8_g_S22,271.96,-85.56,308,186,486.0,0.06584362,5,True,10,plasmatocyte primordium,Hemolymph cells,10,mesoderm_2,mesoderm,mesoderm,271.96,-85.56,308.0,75
699-E4-8_g_S22,61,E4-8_g_S22,284.83,-138.58,308,188,447.0,0.078299776,7,True,12,amnioserosa,Amnioserosa,12,amnioserosa,amnioserosa,extra-embryonic,284.83,-138.58,308.0,35
700-E4-8_g_S22,33,E4-8_g_S22,221.72,168.08,308,117,244.0,0.06967213,6,True,4,dorsal epidermis primordium,Epidermis,4,ventral epidermis,epidermis,ectoderm,221.72,168.08,308.0,214
701-E4-8_g_S22,69,E4-8_g_S22,229.89,123.65,308,198,466.0,0.066523604,11,True,0,dorsal pharyngeal muscle primordium,Somatic muscle,0,somatic muscle,muscle,mesoderm,229.89,123.65,308.0,195
704-E4-8_g_S22,35,E4-8_g_S22,226.14,137.24,308,117,239.0,0.046025105,5,True,0,dorsal pharyngeal muscle primordium,Somatic muscle,0,somatic muscle,muscle,mesoderm,226.14,137.24,308.0,195
705-E4-8_g_S22,51,E4-8_g_S22,245.96,36.44,308,136,305.0,0.052459016,5,True,0,dorsal pharyngeal muscle primordium,Somatic muscle,0,somatic muscle,muscle,mesoderm,245.96,36.44,308.0,149
706-E4-8_g_S22,53,E4-8_g_S22,278.13,-121.86,308,166,383.0,0.041775458,5,True,10,plasmatocyte primordium,Hemolymph cells,10,mesoderm_2,mesoderm,mesoderm,278.13,-121.86,308.0,55
708-E4-8_g_S22,42,E4-8_g_S22,227.63,131.86,308,124,276.0,0.036231883,3,True,6,tracheal primordium,Trachea,6,tracheal system,trachea,ectoderm,227.63,131.86,308.0,195
709-E4-8_g_S22,53,E4-8_g_S22,235.88,87.89,308,138,289.0,0.034602076,6,True,6,tracheal primordium,Trachea,6,tracheal system,trachea,ectoderm,235.88,87.89,308.0,173
710-E4-8_g_S22,75,E4-8_g_S22,240.8,55.26,308,166,416.0,0.050480768,5,True,11,visceral muscle primordium,Visceral muscle,11,visceral muscle,muscle,mesoderm,240.8,55.26,308.0,149
711-E4-8_g_S22,50,E4-8_g_S22,251.18,8.99,308,166,339.0,0.02359882,6,True,1,pericardial cell primordium,Midgut,1,midgut primordium,midgut,endoderm,251.18,8.99,308.0,124
714-E4-8_g_S22,72,E4-8_g_S22,235.66,74.12,308,159,415.0,0.0746988,6,True,6,tracheal primordium,Trachea,6,tracheal system,trachea,ectoderm,235.66,74.12,308.0,173
715-E4-8_g_S22,149,E4-8_g_S22,275.37,-149.71,308,317,983.0,0.052899286,12,True,10,plasmatocyte primordium,Hemolymph cells,10,mesoderm_2,mesoderm,mesoderm,275.37,-149.71,308.0,35
717-E4-8_g_S22,104,E4-8_g_S22,230.2,96.32,308,248,674.0,0.034124628,8,True,6,tracheal primordium,Trachea,6,tracheal system,trachea,ectoderm,230.2,96.32,308.0,173
718-E4-8_g_S22,85,E4-8_g_S22,245.55,23.24,308,193,495.0,0.05858586,9,True,1,pericardial cell primordium,Midgut,1,midgut primordium,midgut,endoderm,245.55,23.24,308.0,124
719-E4-8_g_S22,63,E4-8_g_S22,247.0,14.8,308,160,304.0,0.065789476,5,True,1,pericardial cell primordium,Midgut,1,midgut primordium,midgut,endoderm,247.0,14.8,308.0,124
720-E4-8_g_S22,38,E4-8_g_S22,271.35,-103.07,308,141,278.0,0.035971224,5,True,10,plasmatocyte primordium,Hemolymph cells,10,mesoderm_2,mesoderm,mesoderm,271.35,-103.07,308.0,55
721-E4-8_g_S22,84,E4-8_g_S22,218.54,138.77,308,200,470.0,0.044680852,6,True,0,dorsal pharyngeal muscle primordium,Somatic muscle,0,somatic muscle,muscle,mesoderm,218.54,138.77,308.0,194
723-E4-8_g_S22,51,E4-8_g_S22,236.87,60.87,308,158,354.0,0.050847456,6,True,11,visceral muscle primordium,Visceral muscle,11,visceral muscle,muscle,mesoderm,236.87,60.87,308.0,149
724-E4-8_g_S22,42,E4-8_g_S22,239.22,47.92,308,110,219.0,0.02283105,3,True,11,visceral muscle primordium,Visceral muscle,11,visceral muscle,muscle,mesoderm,239.22,47.92,308.0,149
725-E4-8_g_S22,47,E4-8_g_S22,249.23,0.35,308,155,359.0,0.027855154,4,True,1,pericardial cell primordium,Midgut,1,midgut primordium,midgut,endoderm,249.23,0.35,308.0,124
726-E4-8_g_S22,74,E4-8_g_S22,248.95,-6.45,308,123,277.0,0.036101084,5,True,1,pericardial cell primordium,Midgut,1,midgut primordium,midgut,endoderm,248.95,-6.45,308.0,124
727-E4-8_g_S22,83,E4-8_g_S22,250.75,-14.93,308,167,400.0,0.0475,7,True,1,pericardial cell primordium,Midgut,1,midgut primordium,midgut,endoderm,250.75,-14.93,308.0,99
728-E4-8_g_S22,83,E4-8_g_S22,255.87,-31.28,308,191,428.0,0.044392522,6,True,1,pericardial cell primordium,Midgut,1,midgut primordium,midgut,endoderm,255.87,-31.28,308.0,99
729-E4-8_g_S22,84,E4-8_g_S22,277.42,-139.42,308,256,655.0,0.07633588,8,True,10,plasmatocyte primordium,Hemolymph cells,10,mesoderm_2,mesoderm,mesoderm,277.42,-139.42,308.0,35
732-E4-8_g_S22,106,E4-8_g_S22,249.5,-22.64,308,228,575.0,0.04695652,8,True,1,pericardial cell primordium,Midgut,1,midgut primordium,midgut,endoderm,249.5,-22.64,308.0,99
734-E4-8_g_S22,47,E4-8_g_S22,281.47,-158.04,308,168,400.0,0.0975,9,True,12,amnioserosa,Amnioserosa,12,amnioserosa,amnioserosa,extra-embryonic,281.47,-158.04,308.0,35
735-E4-8_g_S22,65,E4-8_g_S22,209.73,178.71,308,122,243.0,0.041152265,4,True,4,dorsal epidermis primordium,Epidermis,4,ventral epidermis,epidermis,ectoderm,209.73,178.71,308.0,213
736-E4-8_g_S22,61,E4-8_g_S22,213.41,166.65,308,126,279.0,0.07526882,5,True,0,dorsal pharyngeal muscle primordium,Somatic muscle,0,somatic muscle,muscle,mesoderm,213.41,166.65,308.0,213
737-E4-8_g_S22,33,E4-8_g_S22,239.78,37.16,308,75,149.0,0.026845638,3,True,8,mesectoderm anlage,Foregut,8,glia,CNS,neuroectoderm,239.78,37.16,308.0,149
738-E4-8_g_S22,118,E4-8_g_S22,265.64,-108.17,308,229,558.0,0.050179213,6,True,10,plasmatocyte primordium,Hemolymph cells,10,mesoderm_2,mesoderm,mesoderm,265.64,-108.17,308.0,55
741-E4-8_g_S22,86,E4-8_g_S22,219.2,126.42,308,183,426.0,0.03521127,4,True,0,dorsal pharyngeal muscle primordium,Somatic muscle,0,somatic muscle,muscle,mesoderm,219.2,126.42,308.0,194
742-E4-8_g_S22,34,E4-8_g_S22,236.63,42.28,308,69,124.0,0.008064516,1,True,11,visceral muscle primordium,Visceral muscle,11,visceral muscle,muscle,mesoderm,236.63,42.28,308.0,149
743-E4-8_g_S22,72,E4-8_g_S22,209.32,160.92,308,164,410.0,0.06341463,7,True,14,visceral branch primordium,Visceral branch,14,unknown,unknown,unknown,209.32,160.92,308.0,213
745-E4-8_g_S22,69,E4-8_g_S22,204.12,185.92,308,135,322.0,0.05900621,3,True,4,dorsal epidermis primordium,Epidermis,4,ventral epidermis,epidermis,ectoderm,204.12,185.92,308.0,213
748-E4-8_g_S22,95,E4-8_g_S22,225.35,80.56,308,177,389.0,0.046272494,6,True,2,dorsal epidermis primordium,Epidermis,2,epidermis,epidermis,ectoderm,225.35,80.56,308.0,173
749-E4-8_g_S22,47,E4-8_g_S22,230.07,61.34,308,117,246.0,0.028455285,4,True,11,visceral muscle primordium,Visceral muscle,11,visceral muscle,muscle,mesoderm,230.07,61.34,308.0,149
750-E4-8_g_S22,72,E4-8_g_S22,234.71,32.61,308,136,311.0,0.028938906,4,True,1,pericardial cell primordium,Midgut,1,midgut primordium,midgut,endoderm,234.71,32.61,308.0,149
751-E4-8_g_S22,60,E4-8_g_S22,237.87,21.75,308,127,277.0,0.010830325,2,True,1,pericardial cell primordium,Midgut,1,midgut primordium,midgut,endoderm,237.87,21.75,308.0,124
752-E4-8_g_S22,55,E4-8_g_S22,240.54,9.12,308,147,342.0,0.05263158,5,True,1,pericardial cell primordium,Midgut,1,midgut primordium,midgut,endoderm,240.54,9.12,308.0,124
754-E4-8_g_S22,123,E4-8_g_S22,248.68,-38.83,308,232,605.0,0.03305785,7,True,1,pericardial cell primordium,Midgut,1,midgut primordium,midgut,endoderm,248.68,-38.83,308.0,99
755-E4-8_g_S22,57,E4-8_g_S22,207.16,150.29,308,171,400.0,0.0625,8,True,8,mesectoderm anlage,Foregut,8,glia,CNS,neuroectoderm,207.16,150.29,308.0,194
756-E4-8_g_S22,42,E4-8_g_S22,228.57,54.35,308,81,166.0,0.05421687,6,True,11,visceral muscle primordium,Visceral muscle,11,visceral muscle,muscle,mesoderm,228.57,54.35,308.0,149
757-E4-8_g_S22,61,E4-8_g_S22,230.46,46.0,308,163,374.0,0.029411765,3,True,11,visceral muscle primordium,Visceral muscle,11,visceral muscle,muscle,mesoderm,230.46,46.0,308.0,149
758-E4-8_g_S22,74,E4-8_g_S22,238.68,-0.82,308,180,467.0,0.0770878,6,True,1,pericardial cell primordium,Midgut,1,midgut primordium,midgut,endoderm,238.68,-0.82,308.0,124
759-E4-8_g_S22,79,E4-8_g_S22,241.09,-14.08,308,142,329.0,0.075987846,8,True,1,pericardial cell primordium,Midgut,1,midgut primordium,midgut,endoderm,241.09,-14.08,308.0,99
760-E4-8_g_S22,52,E4-8_g_S22,209.66,144.06,308,183,411.0,0.04379562,5,True,0,dorsal pharyngeal muscle primordium,Somatic muscle,0,somatic muscle,muscle,mesoderm,209.66,144.06,308.0,194
761-E4-8_g_S22,48,E4-8_g_S22,212.42,123.54,308,178,418.0,0.07177033,8,True,0,dorsal pharyngeal muscle primordium,Somatic muscle,0,somatic muscle,muscle,mesoderm,212.42,123.54,308.0,194
762-E4-8_g_S22,60,E4-8_g_S22,203.04,170.99,308,209,511.0,0.056751467,8,True,4,dorsal epidermis primordium,Epidermis,4,ventral epidermis,epidermis,ectoderm,203.04,170.99,308.0,213
763-E4-8_g_S22,75,E4-8_g_S22,210.35,131.49,308,254,668.0,0.04491018,10,True,0,dorsal pharyngeal muscle primordium,Somatic muscle,0,somatic muscle,muscle,mesoderm,210.35,131.49,308.0,194
765-E4-8_g_S22,44,E4-8_g_S22,232.36,23.63,308,171,365.0,0.021917809,4,True,1,pericardial cell primordium,Midgut,1,midgut primordium,midgut,endoderm,232.36,23.63,308.0,124
766-E4-8_g_S22,66,E4-8_g_S22,232.52,13.79,308,216,529.0,0.054820415,7,True,1,pericardial cell primordium,Midgut,1,midgut primordium,midgut,endoderm,232.52,13.79,308.0,124
769-E4-8_g_S22,49,E4-8_g_S22,234.0,6.58,308,234,521.0,0.021113243,8,True,1,pericardial cell primordium,Midgut,1,midgut primordium,midgut,endoderm,234.0,6.58,308.0,124
770-E4-8_g_S22,58,E4-8_g_S22,196.36,183.71,308,126,291.0,0.03436426,3,True,4,dorsal epidermis primordium,Epidermis,4,ventral epidermis,epidermis,ectoderm,196.36,183.71,308.0,213
771-E4-8_g_S22,69,E4-8_g_S22,202.07,156.54,308,207,571.0,0.057793345,6,True,0,dorsal pharyngeal muscle primordium,Somatic muscle,0,somatic muscle,muscle,mesoderm,202.07,156.54,308.0,213
772-E4-8_g_S22,53,E4-8_g_S22,210.79,116.38,308,183,423.0,0.04255319,6,True,0,dorsal pharyngeal muscle primordium,Somatic muscle,0,somatic muscle,muscle,mesoderm,210.79,116.38,308.0,194
773-E4-8_g_S22,36,E4-8_g_S22,222.83,55.17,308,88,169.0,0.00591716,1,True,8,mesectoderm anlage,Foregut,8,glia,CNS,neuroectoderm,222.83,55.17,308.0,149
774-E4-8_g_S22,97,E4-8_g_S22,238.34,-26.96,308,213,518.0,0.055984557,8,True,1,pericardial cell primordium,Midgut,1,midgut primordium,midgut,endoderm,238.34,-26.96,308.0,99
775-E4-8_g_S22,34,E4-8_g_S22,199.69,165.44,308,86,183.0,0.07650273,2,True,4,dorsal epidermis primordium,Epidermis,4,ventral epidermis,epidermis,ectoderm,199.69,165.44,308.0,213
777-E4-8_g_S22,82,E4-8_g_S22,214.47,93.86,308,194,529.0,0.054820415,6,True,0,dorsal pharyngeal muscle primordium,Somatic muscle,0,somatic muscle,muscle,mesoderm,214.47,93.86,308.0,172
778-E4-8_g_S22,48,E4-8_g_S22,217.13,83.66,308,141,339.0,0.050147492,6,True,6,tracheal primordium,Trachea,6,tracheal system,trachea,ectoderm,217.13,83.66,308.0,172
779-E4-8_g_S22,53,E4-8_g_S22,222.59,46.93,308,163,348.0,0.04310345,4,True,11,visceral muscle primordium,Visceral muscle,11,visceral muscle,muscle,mesoderm,222.59,46.93,308.0,149
780-E4-8_g_S22,28,E4-8_g_S22,225.2,41.78,308,86,140.0,0.021428572,2,True,2,dorsal epidermis primordium,Epidermis,2,epidermis,epidermis,ectoderm,225.2,41.78,308.0,149
781-E4-8_g_S22,50,E4-8_g_S22,197.27,175.06,308,165,397.0,0.047858942,8,True,4,dorsal epidermis primordium,Epidermis,4,ventral epidermis,epidermis,ectoderm,197.27,175.06,308.0,213
782-E4-8_g_S22,26,E4-8_g_S22,227.53,25.24,308,105,205.0,0.048780486,3,True,1,pericardial cell primordium,Midgut,1,midgut primordium,midgut,endoderm,227.53,25.24,308.0,124
789-E4-8_g_S22,148,E4-8_g_S22,238.69,-47.16,308,374,1130.0,0.038938053,7,True,1,pericardial cell primordium,Midgut,1,midgut primordium,midgut,endoderm,238.69,-47.16,308.0,99
790-E4-8_g_S22,61,E4-8_g_S22,202.58,132.36,308,153,377.0,0.04774536,6,True,0,dorsal pharyngeal muscle primordium,Somatic muscle,0,somatic muscle,muscle,mesoderm,202.58,132.36,308.0,194
791-E4-8_g_S22,73,E4-8_g_S22,205.85,105.11,308,207,443.0,0.03837472,7,True,0,dorsal pharyngeal muscle primordium,Somatic muscle,0,somatic muscle,muscle,mesoderm,205.85,105.11,308.0,172
792-E4-8_g_S22,49,E4-8_g_S22,224.9,20.09,308,149,349.0,0.042979944,6,True,1,pericardial cell primordium,Midgut,1,midgut primordium,midgut,endoderm,224.9,20.09,308.0,124
794-E4-8_g_S22,69,E4-8_g_S22,200.21,140.73,308,198,500.0,0.064,9,True,11,visceral muscle primordium,Visceral muscle,11,visceral muscle,muscle,mesoderm,200.21,140.73,308.0,194
795-E4-8_g_S22,45,E4-8_g_S22,204.34,122.43,308,120,259.0,0.03088803,4,True,0,dorsal pharyngeal muscle primordium,Somatic muscle,0,somatic muscle,muscle,mesoderm,204.34,122.43,308.0,194
796-E4-8_g_S22,73,E4-8_g_S22,206.7,97.46,308,153,355.0,0.025352113,5,True,0,dorsal pharyngeal muscle primordium,Somatic muscle,0,somatic muscle,muscle,mesoderm,206.7,97.46,308.0,172
797-E4-8_g_S22,69,E4-8_g_S22,209.73,84.18,308,194,423.0,0.026004728,7,True,6,tracheal primordium,Trachea,6,tracheal system,trachea,ectoderm,209.73,84.18,308.0,172
798-E4-8_g_S22,75,E4-8_g_S22,195.23,158.78,308,227,531.0,0.073446326,8,True,9,mesectoderm,Stomatogastric nervous system,9,sensory neuron,PNS,neuroectoderm,195.23,158.78,308.0,213
799-E4-8_g_S22,102,E4-8_g_S22,228.92,-12.91,308,263,725.0,0.04689655,7,True,1,pericardial cell primordium,Midgut,1,midgut primordium,midgut,endoderm,228.92,-12.91,308.0,99
800-E4-8_g_S22,61,E4-8_g_S22,224.07,13.37,308,204,505.0,0.05742574,7,True,1,pericardial cell primordium,Midgut,1,midgut primordium,midgut,endoderm,224.07,13.37,308.0,124
801-E4-8_g_S22,47,E4-8_g_S22,255.65,-140.42,308,181,417.0,0.10071942,8,True,10,plasmatocyte primordium,Hemolymph cells,10,mesoderm_2,mesoderm,mesoderm,255.65,-140.42,308.0,34
802-E4-8_g_S22,94,E4-8_g_S22,189.18,177.92,308,288,769.0,0.045513652,9,True,4,dorsal epidermis primordium,Epidermis,4,ventral epidermis,epidermis,ectoderm,189.18,177.92,308.0,213
803-E4-8_g_S22,44,E4-8_g_S22,216.24,48.36,308,147,343.0,0.04373178,5,True,11,visceral muscle primordium,Visceral muscle,11,visceral muscle,muscle,mesoderm,216.24,48.36,308.0,148
805-E4-8_g_S22,63,E4-8_g_S22,213.1,58.96,308,191,423.0,0.028368793,7,True,11,visceral muscle primordium,Visceral muscle,11,visceral muscle,muscle,mesoderm,213.1,58.96,308.0,148
806-E4-8_g_S22,46,E4-8_g_S22,230.67,-27.42,308,144,290.0,0.055172414,6,True,1,pericardial cell primordium,Midgut,1,midgut primordium,midgut,endoderm,230.67,-27.42,308.0,99
807-E4-8_g_S22,55,E4-8_g_S22,204.62,90.08,308,167,373.0,0.042895444,5,True,8,mesectoderm anlage,Foregut,8,glia,CNS,neuroectoderm,204.62,90.08,308.0,172
808-E4-8_g_S22,49,E4-8_g_S22,208.41,76.35,308,119,285.0,0.07017544,6,True,2,dorsal epidermis primordium,Epidermis,2,epidermis,epidermis,ectoderm,208.41,76.35,308.0,172
811-E4-8_g_S22,73,E4-8_g_S22,188.76,166.11,308,239,612.0,0.04411765,5,True,4,dorsal epidermis primordium,Epidermis,4,ventral epidermis,epidermis,ectoderm,188.76,166.11,308.0,213
812-E4-8_g_S22,133,E4-8_g_S22,248.27,-154.07,308,290,726.0,0.053719006,7,True,12,amnioserosa,Amnioserosa,12,amnioserosa,amnioserosa,extra-embryonic,248.27,-154.07,308.0,34
814-E4-8_g_S22,49,E4-8_g_S22,199.43,115.61,308,132,307.0,0.06514658,6,True,0,dorsal pharyngeal muscle primordium,Somatic muscle,0,somatic muscle,muscle,mesoderm,199.43,115.61,308.0,194
815-E4-8_g_S22,78,E4-8_g_S22,207.3,65.69,308,214,519.0,0.0327553,8,True,11,visceral muscle primordium,Visceral muscle,11,visceral muscle,muscle,mesoderm,207.3,65.69,308.0,148
816-E4-8_g_S22,37,E4-8_g_S22,211.76,52.03,308,74,155.0,0.058064517,5,True,11,visceral muscle primordium,Visceral muscle,11,visceral muscle,muscle,mesoderm,211.76,52.03,308.0,148
817-E4-8_g_S22,81,E4-8_g_S22,193.04,129.96,308,196,484.0,0.05785124,8,True,0,dorsal pharyngeal muscle primordium,Somatic muscle,0,somatic muscle,muscle,mesoderm,193.04,129.96,308.0,194
818-E4-8_g_S22,45,E4-8_g_S22,197.74,109.5,308,152,351.0,0.025641026,3,True,0,dorsal pharyngeal muscle primordium,Somatic muscle,0,somatic muscle,muscle,mesoderm,197.74,109.5,308.0,172
819-E4-8_g_S22,73,E4-8_g_S22,225.71,-32.68,308,220,493.0,0.038539555,8,True,1,pericardial cell primordium,Midgut,1,midgut primordium,midgut,endoderm,225.71,-32.68,308.0,99
820-E4-8_g_S22,78,E4-8_g_S22,247.55,-141.47,308,232,578.0,0.051903114,7,True,10,plasmatocyte primordium,Hemolymph cells,10,mesoderm_2,mesoderm,mesoderm,247.55,-141.47,308.0,34
822-E4-8_g_S22,72,E4-8_g_S22,197.99,97.59,308,140,319.0,0.03448276,5,True,0,dorsal pharyngeal muscle primordium,Somatic muscle,0,somatic muscle,muscle,mesoderm,197.99,97.59,308.0,172
823-E4-8_g_S22,44,E4-8_g_S22,201.28,82.76,308,133,285.0,0.031578947,3,True,6,tracheal primordium,Trachea,6,tracheal system,trachea,ectoderm,201.28,82.76,308.0,172
825-E4-8_g_S22,103,E4-8_g_S22,191.43,120.04,308,269,793.0,0.045397226,12,True,0,dorsal pharyngeal muscle primordium,Somatic muscle,0,somatic muscle,muscle,mesoderm,191.43,120.04,308.0,194
826-E4-8_g_S22,68,E4-8_g_S22,201.58,74.28,308,202,459.0,0.03050109,4,True,6,tracheal primordium,Trachea,6,tracheal system,trachea,ectoderm,201.58,74.28,308.0,172
827-E4-8_g_S22,50,E4-8_g_S22,205.61,55.69,308,106,228.0,0.05263158,3,True,11,visceral muscle primordium,Visceral muscle,11,visceral muscle,muscle,mesoderm,205.61,55.69,308.0,148
829-E4-8_g_S22,89,E4-8_g_S22,249.03,-163.08,308,156,385.0,0.08311688,8,True,10,plasmatocyte primordium,Hemolymph cells,10,mesoderm_2,mesoderm,mesoderm,249.03,-163.08,308.0,34
830-E4-8_g_S22,49,E4-8_g_S22,188.49,136.99,308,99,220.0,0.05,4,True,0,dorsal pharyngeal muscle primordium,Somatic muscle,0,somatic muscle,muscle,mesoderm,188.49,136.99,308.0,194
831-E4-8_g_S22,41,E4-8_g_S22,194.08,102.87,308,171,363.0,0.035812672,5,True,0,dorsal pharyngeal muscle primordium,Somatic muscle,0,somatic muscle,muscle,mesoderm,194.08,102.87,308.0,172
832-E4-8_g_S22,98,E4-8_g_S22,218.77,-27.36,308,247,605.0,0.042975206,8,True,1,pericardial cell primordium,Midgut,1,midgut primordium,midgut,endoderm,218.77,-27.36,308.0,98
835-E4-8_g_S22,87,E4-8_g_S22,204.36,38.33,308,244,621.0,0.070853464,8,True,1,pericardial cell primordium,Midgut,1,midgut primordium,midgut,endoderm,204.36,38.33,308.0,148
836-E4-8_g_S22,127,E4-8_g_S22,235.38,-110.6,308,233,537.0,0.046554934,7,True,10,plasmatocyte primordium,Hemolymph cells,10,mesoderm_2,mesoderm,mesoderm,235.38,-110.6,308.0,54
837-E4-8_g_S22,41,E4-8_g_S22,176.5,179.49,308,151,385.0,0.07532468,7,True,4,dorsal epidermis primordium,Epidermis,4,ventral epidermis,epidermis,ectoderm,176.5,179.49,308.0,212
839-E4-8_g_S22,71,E4-8_g_S22,195.07,84.14,308,204,504.0,0.041666668,7,True,6,tracheal primordium,Trachea,6,tracheal system,trachea,ectoderm,195.07,84.14,308.0,172
842-E4-8_g_S22,64,E4-8_g_S22,172.9,184.78,308,222,565.0,0.061946902,7,True,4,dorsal epidermis primordium,Epidermis,4,ventral epidermis,epidermis,ectoderm,172.9,184.78,308.0,212
843-E4-8_g_S22,47,E4-8_g_S22,200.5,59.12,308,115,242.0,0.05785124,4,True,11,visceral muscle primordium,Visceral muscle,11,visceral muscle,muscle,mesoderm,200.5,59.12,308.0,148
844-E4-8_g_S22,55,E4-8_g_S22,213.18,-12.89,308,131,254.0,0.023622047,2,True,1,pericardial cell primordium,Midgut,1,midgut primordium,midgut,endoderm,213.18,-12.89,308.0,98
845-E4-8_g_S22,38,E4-8_g_S22,176.69,173.41,308,143,329.0,0.045592707,4,True,4,dorsal epidermis primordium,Epidermis,4,ventral epidermis,epidermis,ectoderm,176.69,173.41,308.0,212
846-E4-8_g_S22,54,E4-8_g_S22,182.2,135.9,308,172,378.0,0.023809524,4,True,0,dorsal pharyngeal muscle primordium,Somatic muscle,0,somatic muscle,muscle,mesoderm,182.2,135.9,308.0,194
847-E4-8_g_S22,62,E4-8_g_S22,207.65,19.03,308,187,404.0,0.03960396,7,True,1,pericardial cell primordium,Midgut,1,midgut primordium,midgut,endoderm,207.65,19.03,308.0,123
848-E4-8_g_S22,68,E4-8_g_S22,207.66,11.51,308,215,542.0,0.044280443,8,True,1,pericardial cell primordium,Midgut,1,midgut primordium,midgut,endoderm,207.66,11.51,308.0,123
850-E4-8_g_S22,32,E4-8_g_S22,195.89,70.57,308,77,144.0,0.083333336,2,True,11,visceral muscle primordium,Visceral muscle,11,visceral muscle,muscle,mesoderm,195.89,70.57,308.0,148
851-E4-8_g_S22,25,E4-8_g_S22,189.7,97.53,308,35,69.0,0.028985508,2,True,7,yolk nucleus,Fat body,7,yolk,yolk,extra-embryonic,189.7,97.53,308.0,172
852-E4-8_g_S22,55,E4-8_g_S22,194.77,65.47,308,123,251.0,0.07569721,7,True,11,visceral muscle primordium,Visceral muscle,11,visceral muscle,muscle,mesoderm,194.77,65.47,308.0,148
853-E4-8_g_S22,50,E4-8_g_S22,199.68,43.6,308,199,458.0,0.04585153,8,True,0,dorsal pharyngeal muscle primordium,Somatic muscle,0,somatic muscle,muscle,mesoderm,199.68,43.6,308.0,148
854-E4-8_g_S22,95,E4-8_g_S22,209.39,-0.83,308,182,417.0,0.07673861,8,True,1,pericardial cell primordium,Midgut,1,midgut primordium,midgut,endoderm,209.39,-0.83,308.0,123
856-E4-8_g_S22,32,E4-8_g_S22,187.7,101.69,308,89,205.0,0.07804878,4,True,0,dorsal pharyngeal muscle primordium,Somatic muscle,0,somatic muscle,muscle,mesoderm,187.7,101.69,308.0,172
857-E4-8_g_S22,59,E4-8_g_S22,191.06,75.9,308,163,340.0,0.038235296,4,True,11,visceral muscle primordium,Visceral muscle,11,visceral muscle,muscle,mesoderm,191.06,75.9,308.0,172
858-E4-8_g_S22,42,E4-8_g_S22,194.96,59.05,308,123,257.0,0.05836576,6,True,11,visceral muscle primordium,Visceral muscle,11,visceral muscle,muscle,mesoderm,194.96,59.05,308.0,148
859-E4-8_g_S22,61,E4-8_g_S22,171.42,170.78,308,202,508.0,0.053149607,9,True,0,dorsal pharyngeal muscle primordium,Somatic muscle,0,somatic muscle,muscle,mesoderm,171.42,170.78,308.0,212
860-E4-8_g_S22,66,E4-8_g_S22,186.67,92.64,308,184,437.0,0.027459955,7,True,0,dorsal pharyngeal muscle primordium,Somatic muscle,0,somatic muscle,muscle,mesoderm,186.67,92.64,308.0,172
861-E4-8_g_S22,122,E4-8_g_S22,198.29,26.92,308,325,851.0,0.0493537,10,True,1,pericardial cell primordium,Midgut,1,midgut primordium,midgut,endoderm,198.29,26.92,308.0,123
864-E4-8_g_S22,91,E4-8_g_S22,235.93,-154.9,308,248,587.0,0.066439524,9,True,12,amnioserosa,Amnioserosa,12,amnioserosa,amnioserosa,extra-embryonic,235.93,-154.9,308.0,34
865-E4-8_g_S22,53,E4-8_g_S22,240.74,-166.93,308,52,108.0,0.074074075,2,True,7,yolk nucleus,Fat body,7,yolk,yolk,extra-embryonic,240.74,-166.93,308.0,34
866-E4-8_g_S22,75,E4-8_g_S22,241.92,-176.06,308,78,167.0,0.077844314,3,True,12,amnioserosa,Amnioserosa,12,amnioserosa,amnioserosa,extra-embryonic,241.92,-176.06,308.0,13
867-E4-8_g_S22,76,E4-8_g_S22,174.98,142.1,308,233,510.0,0.04901961,6,True,2,dorsal epidermis primordium,Epidermis,2,epidermis,epidermis,ectoderm,174.98,142.1,308.0,193
869-E4-8_g_S22,58,E4-8_g_S22,187.05,83.98,308,172,405.0,0.054320987,6,True,11,visceral muscle primordium,Visceral muscle,11,visceral muscle,muscle,mesoderm,187.05,83.98,308.0,172
871-E4-8_g_S22,68,E4-8_g_S22,175.81,130.08,308,187,453.0,0.06401766,7,True,0,dorsal pharyngeal muscle primordium,Somatic muscle,0,somatic muscle,muscle,mesoderm,175.81,130.08,308.0,193
873-E4-8_g_S22,61,E4-8_g_S22,192.08,48.06,308,175,391.0,0.03836317,6,True,1,pericardial cell primordium,Midgut,1,midgut primordium,midgut,endoderm,192.08,48.06,308.0,148
874-E4-8_g_S22,40,E4-8_g_S22,195.45,34.25,308,180,409.0,0.02200489,5,True,1,pericardial cell primordium,Midgut,1,midgut primordium,midgut,endoderm,195.45,34.25,308.0,148
875-E4-8_g_S22,69,E4-8_g_S22,199.43,15.59,308,194,410.0,0.036585364,7,True,1,pericardial cell primordium,Midgut,1,midgut primordium,midgut,endoderm,199.43,15.59,308.0,123
876-E4-8_g_S22,80,E4-8_g_S22,203.03,-6.64,308,207,532.0,0.037593983,7,True,1,pericardial cell primordium,Midgut,1,midgut primordium,midgut,endoderm,203.03,-6.64,308.0,123
877-E4-8_g_S22,27,E4-8_g_S22,163.43,189.72,308,128,268.0,0.07089552,7,True,4,dorsal epidermis primordium,Epidermis,4,ventral epidermis,epidermis,ectoderm,163.43,189.72,308.0,212
878-E4-8_g_S22,76,E4-8_g_S22,162.06,183.87,308,256,714.0,0.05042017,8,True,0,dorsal pharyngeal muscle primordium,Somatic muscle,0,somatic muscle,muscle,mesoderm,162.06,183.87,308.0,212
879-E4-8_g_S22,50,E4-8_g_S22,168.76,161.37,308,204,505.0,0.053465348,8,True,4,dorsal epidermis primordium,Epidermis,4,ventral epidermis,epidermis,ectoderm,168.76,161.37,308.0,212
880-E4-8_g_S22,82,E4-8_g_S22,189.86,41.96,308,220,550.0,0.03272727,9,True,1,pericardial cell primordium,Midgut,1,midgut primordium,midgut,endoderm,189.86,41.96,308.0,148
882-E4-8_g_S22,72,E4-8_g_S22,204.8,-21.79,308,204,480.0,0.047916666,8,True,1,pericardial cell primordium,Midgut,1,midgut primordium,midgut,endoderm,204.8,-21.79,308.0,98
884-E4-8_g_S22,44,E4-8_g_S22,164.35,165.34,308,123,287.0,0.031358887,3,True,0,dorsal pharyngeal muscle primordium,Somatic muscle,0,somatic muscle,muscle,mesoderm,164.35,165.34,308.0,212
886-E4-8_g_S22,42,E4-8_g_S22,162.56,176.76,308,122,263.0,0.03422053,2,True,0,dorsal pharyngeal muscle primordium,Somatic muscle,0,somatic muscle,muscle,mesoderm,162.56,176.76,308.0,212
887-E4-8_g_S22,49,E4-8_g_S22,163.07,171.48,308,148,342.0,0.038011696,6,True,0,dorsal pharyngeal muscle primordium,Somatic muscle,0,somatic muscle,muscle,mesoderm,163.07,171.48,308.0,212
889-E4-8_g_S22,26,E4-8_g_S22,194.93,20.74,308,102,221.0,0.095022626,7,True,1,pericardial cell primordium,Midgut,1,midgut primordium,midgut,endoderm,194.93,20.74,308.0,123
890-E4-8_g_S22,61,E4-8_g_S22,228.76,-159.99,308,115,203.0,0.06403941,8,True,12,amnioserosa,Amnioserosa,12,amnioserosa,amnioserosa,extra-embryonic,228.76,-159.99,308.0,34
891-E4-8_g_S22,71,E4-8_g_S22,175.62,102.44,308,193,498.0,0.02811245,4,True,0,dorsal pharyngeal muscle primordium,Somatic muscle,0,somatic muscle,muscle,mesoderm,175.62,102.44,308.0,171
894-E4-8_g_S22,51,E4-8_g_S22,171.31,122.01,308,151,380.0,0.044736844,6,True,0,dorsal pharyngeal muscle primordium,Somatic muscle,0,somatic muscle,muscle,mesoderm,171.31,122.01,308.0,193
896-E4-8_g_S22,76,E4-8_g_S22,225.84,-152.63,308,238,592.0,0.08108108,9,True,10,plasmatocyte primordium,Hemolymph cells,10,mesoderm_2,mesoderm,mesoderm,225.84,-152.63,308.0,34
897-E4-8_g_S22,43,E4-8_g_S22,168.23,138.49,308,142,291.0,0.048109967,4,True,0,dorsal pharyngeal muscle primordium,Somatic muscle,0,somatic muscle,muscle,mesoderm,168.23,138.49,308.0,193
898-E4-8_g_S22,65,E4-8_g_S22,177.81,80.98,308,137,321.0,0.062305298,6,True,11,visceral muscle primordium,Visceral muscle,11,visceral muscle,muscle,mesoderm,177.81,80.98,308.0,171
899-E4-8_g_S22,76,E4-8_g_S22,190.02,17.95,308,190,442.0,0.07466064,11,True,1,pericardial cell primordium,Midgut,1,midgut primordium,midgut,endoderm,190.02,17.95,308.0,123
900-E4-8_g_S22,37,E4-8_g_S22,162.06,157.86,308,112,221.0,0.022624435,3,True,0,dorsal pharyngeal muscle primordium,Somatic muscle,0,somatic muscle,muscle,mesoderm,162.06,157.86,308.0,212
901-E4-8_g_S22,47,E4-8_g_S22,167.7,131.95,308,109,239.0,0.033472802,6,True,6,tracheal primordium,Trachea,6,tracheal system,trachea,ectoderm,167.7,131.95,308.0,193
902-E4-8_g_S22,68,E4-8_g_S22,174.73,87.73,308,215,533.0,0.056285176,9,True,11,visceral muscle primordium,Visceral muscle,11,visceral muscle,muscle,mesoderm,174.73,87.73,308.0,171
905-E4-8_g_S22,38,E4-8_g_S22,174.52,93.4,308,53,88.0,0.022727273,2,True,11,visceral muscle primordium,Visceral muscle,11,visceral muscle,muscle,mesoderm,174.52,93.4,308.0,171
908-E4-8_g_S22,34,E4-8_g_S22,165.9,125.47,308,82,164.0,0.05487805,3,True,0,dorsal pharyngeal muscle primordium,Somatic muscle,0,somatic muscle,muscle,mesoderm,165.9,125.47,308.0,193
909-E4-8_g_S22,41,E4-8_g_S22,158.78,152.03,308,130,281.0,0.035587188,6,True,0,dorsal pharyngeal muscle primordium,Somatic muscle,0,somatic muscle,muscle,mesoderm,158.78,152.03,308.0,212
910-E4-8_g_S22,43,E4-8_g_S22,169.05,102.79,308,130,275.0,0.021818181,4,True,0,dorsal pharyngeal muscle primordium,Somatic muscle,0,somatic muscle,muscle,mesoderm,169.05,102.79,308.0,171
912-E4-8_g_S22,58,E4-8_g_S22,160.75,141.65,308,183,415.0,0.06506024,10,True,0,dorsal pharyngeal muscle primordium,Somatic muscle,0,somatic muscle,muscle,mesoderm,160.75,141.65,308.0,193
914-E4-8_g_S22,75,E4-8_g_S22,152.53,169.01,308,170,418.0,0.07177033,6,True,3,presumptive embryonic/larval peripheral nervous system,CNS,3,brain/ventral nerve cord_outer,CNS,neuroectoderm,152.53,169.01,308.0,212
915-E4-8_g_S22,48,E4-8_g_S22,155.68,162.68,308,172,415.0,0.06506024,5,True,0,dorsal pharyngeal muscle primordium,Somatic muscle,0,somatic muscle,muscle,mesoderm,155.68,162.68,308.0,212
916-E4-8_g_S22,34,E4-8_g_S22,161.23,133.14,308,92,164.0,0.048780486,5,True,0,dorsal pharyngeal muscle primordium,Somatic muscle,0,somatic muscle,muscle,mesoderm,161.23,133.14,308.0,193
917-E4-8_g_S22,62,E4-8_g_S22,165.17,115.24,308,216,588.0,0.027210884,6,True,0,dorsal pharyngeal muscle primordium,Somatic muscle,0,somatic muscle,muscle,mesoderm,165.17,115.24,308.0,193
918-E4-8_g_S22,97,E4-8_g_S22,174.27,57.98,308,260,642.0,0.029595016,8,True,1,pericardial cell primordium,Midgut,1,midgut primordium,midgut,endoderm,174.27,57.98,308.0,147
920-E4-8_g_S22,93,E4-8_g_S22,176.46,47.15,308,233,562.0,0.03202847,10,True,1,pericardial cell primordium,Midgut,1,midgut primordium,midgut,endoderm,176.46,47.15,308.0,147
921-E4-8_g_S22,75,E4-8_g_S22,185.68,4.72,308,242,543.0,0.053407,9,True,1,pericardial cell primordium,Midgut,1,midgut primordium,midgut,endoderm,185.68,4.72,308.0,123
922-E4-8_g_S22,236,E4-8_g_S22,213.07,-161.27,308,311,855.0,0.058479533,8,True,10,plasmatocyte primordium,Hemolymph cells,10,mesoderm_2,mesoderm,mesoderm,213.07,-161.27,308.0,33
923-E4-8_g_S22,64,E4-8_g_S22,167.28,93.86,308,130,284.0,0.03521127,5,True,0,dorsal pharyngeal muscle primordium,Somatic muscle,0,somatic muscle,muscle,mesoderm,167.28,93.86,308.0,171
926-E4-8_g_S22,65,E4-8_g_S22,151.71,157.04,308,188,440.0,0.047727272,7,True,0,dorsal pharyngeal muscle primordium,Somatic muscle,0,somatic muscle,muscle,mesoderm,151.71,157.04,308.0,212
928-E4-8_g_S22,408,E4-8_g_S22,182.5,-27.61,308,601,2365.0,0.064270616,13,True,7,yolk nucleus,Fat body,7,yolk,yolk,extra-embryonic,182.5,-27.61,308.0,98
930-E4-8_g_S22,129,E4-8_g_S22,166.82,61.95,308,313,854.0,0.045667447,7,True,11,visceral muscle primordium,Visceral muscle,11,visceral muscle,muscle,mesoderm,166.82,61.95,308.0,147
931-E4-8_g_S22,69,E4-8_g_S22,201.74,-91.73,308,106,209.0,0.062200956,5,True,7,yolk nucleus,Fat body,7,yolk,yolk,extra-embryonic,201.74,-91.73,308.0,53
932-E4-8_g_S22,96,E4-8_g_S22,151.82,138.13,308,242,611.0,0.03927987,6,True,0,dorsal pharyngeal muscle primordium,Somatic muscle,0,somatic muscle,muscle,mesoderm,151.82,138.13,308.0,193
933-E4-8_g_S22,34,E4-8_g_S22,155.73,133.8,308,103,202.0,0.07920792,5,True,0,dorsal pharyngeal muscle primordium,Somatic muscle,0,somatic muscle,muscle,mesoderm,155.73,133.8,308.0,193
934-E4-8_g_S22,59,E4-8_g_S22,159.1,113.15,308,216,518.0,0.042471044,6,True,0,dorsal pharyngeal muscle primordium,Somatic muscle,0,somatic muscle,muscle,mesoderm,159.1,113.15,308.0,193
935-E4-8_g_S22,58,E4-8_g_S22,161.2,97.71,308,151,310.0,0.03548387,8,True,0,dorsal pharyngeal muscle primordium,Somatic muscle,0,somatic muscle,muscle,mesoderm,161.2,97.71,308.0,171
936-E4-8_g_S22,74,E4-8_g_S22,161.96,86.84,308,155,348.0,0.048850574,4,True,11,visceral muscle primordium,Visceral muscle,11,visceral muscle,muscle,mesoderm,161.96,86.84,308.0,171
938-E4-8_g_S22,85,E4-8_g_S22,145.1,172.24,308,242,647.0,0.09119011,7,True,4,dorsal epidermis primordium,Epidermis,4,ventral epidermis,epidermis,ectoderm,145.1,172.24,308.0,212
939-E4-8_g_S22,39,E4-8_g_S22,156.12,128.11,308,71,123.0,0.008130081,1,True,0,dorsal pharyngeal muscle primordium,Somatic muscle,0,somatic muscle,muscle,mesoderm,156.12,128.11,308.0,193
941-E4-8_g_S22,50,E4-8_g_S22,152.77,123.61,308,186,460.0,0.02826087,5,True,0,dorsal pharyngeal muscle primordium,Somatic muscle,0,somatic muscle,muscle,mesoderm,152.77,123.61,308.0,193
942-E4-8_g_S22,51,E4-8_g_S22,162.91,80.37,308,176,363.0,0.055096418,7,True,11,visceral muscle primordium,Visceral muscle,11,visceral muscle,muscle,mesoderm,162.91,80.37,308.0,171
943-E4-8_g_S22,66,E4-8_g_S22,162.64,72.94,308,172,422.0,0.056872036,7,True,11,visceral muscle primordium,Visceral muscle,11,visceral muscle,muscle,mesoderm,162.64,72.94,308.0,171
944-E4-8_g_S22,45,E4-8_g_S22,214.52,-176.91,308,49,86.0,0.0,0,True,12,amnioserosa,Amnioserosa,12,amnioserosa,amnioserosa,extra-embryonic,214.52,-176.91,308.0,12
946-E4-8_g_S22,84,E4-8_g_S22,156.06,105.36,308,174,382.0,0.070680626,8,True,0,dorsal pharyngeal muscle primordium,Somatic muscle,0,somatic muscle,muscle,mesoderm,156.06,105.36,308.0,171
947-E4-8_g_S22,39,E4-8_g_S22,215.48,-182.8,308,43,70.0,0.071428575,3,True,12,amnioserosa,Amnioserosa,12,amnioserosa,amnioserosa,extra-embryonic,215.48,-182.8,308.0,12
949-E4-8_g_S22,51,E4-8_g_S22,147.25,143.5,308,146,348.0,0.03448276,3,True,0,dorsal pharyngeal muscle primordium,Somatic muscle,0,somatic muscle,muscle,mesoderm,147.25,143.5,308.0,193
950-E4-8_g_S22,59,E4-8_g_S22,151.67,114.86,308,180,454.0,0.050660793,5,True,0,dorsal pharyngeal muscle primordium,Somatic muscle,0,somatic muscle,muscle,mesoderm,151.67,114.86,308.0,193
952-E4-8_g_S22,74,E4-8_g_S22,160.58,53.53,308,206,479.0,0.07724426,8,True,1,pericardial cell primordium,Midgut,1,midgut primordium,midgut,endoderm,160.58,53.53,308.0,147
955-E4-8_g_S22,52,E4-8_g_S22,151.14,100.39,308,143,333.0,0.05105105,7,True,6,tracheal primordium,Trachea,6,tracheal system,trachea,ectoderm,151.14,100.39,308.0,171
956-E4-8_g_S22,46,E4-8_g_S22,165.21,39.17,308,155,348.0,0.060344826,6,True,1,pericardial cell primordium,Midgut,1,midgut primordium,midgut,endoderm,165.21,39.17,308.0,147
957-E4-8_g_S22,44,E4-8_g_S22,175.9,-17.86,308,142,301.0,0.016611295,5,True,1,pericardial cell primordium,Midgut,1,midgut primordium,midgut,endoderm,175.9,-17.86,308.0,97
958-E4-8_g_S22,123,E4-8_g_S22,171.12,-2.07,308,306,855.0,0.05964912,10,True,1,pericardial cell primordium,Midgut,1,midgut primordium,midgut,endoderm,171.12,-2.07,308.0,122
959-E4-8_g_S22,66,E4-8_g_S22,145.73,120.83,308,212,529.0,0.054820415,8,True,0,dorsal pharyngeal muscle primordium,Somatic muscle,0,somatic muscle,muscle,mesoderm,145.73,120.83,308.0,193
960-E4-8_g_S22,71,E4-8_g_S22,153.49,84.57,308,156,388.0,0.05154639,7,True,11,visceral muscle primordium,Visceral muscle,11,visceral muscle,muscle,mesoderm,153.49,84.57,308.0,171
961-E4-8_g_S22,75,E4-8_g_S22,139.63,138.6,308,145,308.0,0.042207792,5,True,14,visceral branch primordium,Visceral branch,14,unknown,unknown,unknown,139.63,138.6,308.0,192
962-E4-8_g_S22,65,E4-8_g_S22,153.53,72.97,308,193,499.0,0.08016032,9,True,11,visceral muscle primordium,Visceral muscle,11,visceral muscle,muscle,mesoderm,153.53,72.97,308.0,171
963-E4-8_g_S22,55,E4-8_g_S22,164.81,22.72,308,145,323.0,0.061919503,7,True,1,pericardial cell primordium,Midgut,1,midgut primordium,midgut,endoderm,164.81,22.72,308.0,122
964-E4-8_g_S22,61,E4-8_g_S22,171.06,-11.45,308,153,368.0,0.051630434,6,True,1,pericardial cell primordium,Midgut,1,midgut primordium,midgut,endoderm,171.06,-11.45,308.0,97
966-E4-8_g_S22,76,E4-8_g_S22,132.93,168.22,308,197,502.0,0.043824703,10,True,15,dorsal pharyngeal muscle primordium,Somatic muscle,15,somatic muscle,muscle,mesoderm,132.93,168.22,308.0,211
967-E4-8_g_S22,91,E4-8_g_S22,198.74,-166.03,308,164,324.0,0.030864198,5,True,12,amnioserosa,Amnioserosa,12,amnioserosa,amnioserosa,extra-embryonic,198.74,-166.03,308.0,33
968-E4-8_g_S22,110,E4-8_g_S22,125.21,186.96,308,296,804.0,0.05597015,9,True,4,dorsal epidermis primordium,Epidermis,4,ventral epidermis,epidermis,ectoderm,125.21,186.96,308.0,211
971-E4-8_g_S22,111,E4-8_g_S22,159.98,15.58,308,294,752.0,0.04654255,10,True,1,pericardial cell primordium,Midgut,1,midgut primordium,midgut,endoderm,159.98,15.58,308.0,122
972-E4-8_g_S22,49,E4-8_g_S22,129.57,178.4,308,146,308.0,0.045454547,6,True,6,tracheal primordium,Trachea,6,tracheal system,trachea,ectoderm,129.57,178.4,308.0,211
975-E4-8_g_S22,53,E4-8_g_S22,146.16,87.06,308,120,224.0,0.013392857,2,True,14,visceral branch primordium,Visceral branch,14,unknown,unknown,unknown,146.16,87.06,308.0,171
976-E4-8_g_S22,71,E4-8_g_S22,128.93,157.63,308,198,455.0,0.06593407,8,True,6,tracheal primordium,Trachea,6,tracheal system,trachea,ectoderm,128.93,157.63,308.0,211
978-E4-8_g_S22,62,E4-8_g_S22,148.02,63.13,308,192,470.0,0.06595745,9,True,11,visceral muscle primordium,Visceral muscle,11,visceral muscle,muscle,mesoderm,148.02,63.13,308.0,147
979-E4-8_g_S22,39,E4-8_g_S22,152.23,57.3,308,138,277.0,0.02166065,3,True,1,pericardial cell primordium,Midgut,1,midgut primordium,midgut,endoderm,152.23,57.3,308.0,147
980-E4-8_g_S22,90,E4-8_g_S22,151.6,49.65,308,253,607.0,0.049423393,9,True,1,pericardial cell primordium,Midgut,1,midgut primordium,midgut,endoderm,151.6,49.65,308.0,147
981-E4-8_g_S22,57,E4-8_g_S22,155.57,35.13,308,130,301.0,0.049833886,5,True,1,pericardial cell primordium,Midgut,1,midgut primordium,midgut,endoderm,155.57,35.13,308.0,147
982-E4-8_g_S22,93,E4-8_g_S22,161.47,2.22,308,220,557.0,0.0502693,8,True,1,pericardial cell primordium,Midgut,1,midgut primordium,midgut,endoderm,161.47,2.22,308.0,122
984-E4-8_g_S22,41,E4-8_g_S22,133.01,135.59,308,122,253.0,0.03952569,4,True,1,pericardial cell primordium,Midgut,1,midgut primordium,midgut,endoderm,133.01,135.59,308.0,192
985-E4-8_g_S22,42,E4-8_g_S22,142.15,92.87,308,107,230.0,0.05652174,7,True,6,tracheal primordium,Trachea,6,tracheal system,trachea,ectoderm,142.15,92.87,308.0,171
986-E4-8_g_S22,41,E4-8_g_S22,154.92,29.08,308,112,233.0,0.060085837,6,True,1,pericardial cell primordium,Midgut,1,midgut primordium,midgut,endoderm,154.92,29.08,308.0,122
987-E4-8_g_S22,71,E4-8_g_S22,122.47,178.34,308,225,561.0,0.04634581,8,True,4,dorsal epidermis primordium,Epidermis,4,ventral epidermis,epidermis,ectoderm,122.47,178.34,308.0,211
989-E4-8_g_S22,74,E4-8_g_S22,123.16,167.42,308,145,318.0,0.047169812,5,True,4,dorsal epidermis primordium,Epidermis,4,ventral epidermis,epidermis,ectoderm,123.16,167.42,308.0,211
990-E4-8_g_S22,55,E4-8_g_S22,137.79,99.36,308,200,422.0,0.023696683,4,True,0,dorsal pharyngeal muscle primordium,Somatic muscle,0,somatic muscle,muscle,mesoderm,137.79,99.36,308.0,170
992-E4-8_g_S22,88,E4-8_g_S22,131.12,124.23,308,232,658.0,0.027355623,8,True,0,dorsal pharyngeal muscle primordium,Somatic muscle,0,somatic muscle,muscle,mesoderm,131.12,124.23,308.0,192
993-E4-8_g_S22,66,E4-8_g_S22,137.66,86.74,308,127,279.0,0.068100356,6,True,0,dorsal pharyngeal muscle primordium,Somatic muscle,0,somatic muscle,muscle,mesoderm,137.66,86.74,308.0,170
994-E4-8_g_S22,90,E4-8_g_S22,152.35,20.45,308,210,532.0,0.071428575,8,True,1,pericardial cell primordium,Midgut,1,midgut primordium,midgut,endoderm,152.35,20.45,308.0,122
995-E4-8_g_S22,53,E4-8_g_S22,158.46,-6.3,308,183,430.0,0.08604651,7,True,1,pericardial cell primordium,Midgut,1,midgut primordium,midgut,endoderm,158.46,-6.3,308.0,122
999-E4-8_g_S22,61,E4-8_g_S22,143.36,55.96,308,172,399.0,0.09774436,8,True,0,dorsal pharyngeal muscle primordium,Somatic muscle,0,somatic muscle,muscle,mesoderm,143.36,55.96,308.0,147
1000-E4-8_g_S22,44,E4-8_g_S22,136.04,80.63,308,136,260.0,0.03846154,5,True,11,visceral muscle primordium,Visceral muscle,11,visceral muscle,muscle,mesoderm,136.04,80.63,308.0,170
1001-E4-8_g_S22,53,E4-8_g_S22,117.23,172.74,308,161,408.0,0.05392157,8,True,4,dorsal epidermis primordium,Epidermis,4,ventral epidermis,epidermis,ectoderm,117.23,172.74,308.0,211
1003-E4-8_g_S22,45,E4-8_g_S22,143.08,45.26,308,122,245.0,0.024489796,3,True,1,pericardial cell primordium,Midgut,1,midgut primordium,midgut,endoderm,143.08,45.26,308.0,147
1004-E4-8_g_S22,98,E4-8_g_S22,120.16,143.46,308,233,564.0,0.030141843,6,True,14,visceral branch primordium,Visceral branch,14,unknown,unknown,unknown,120.16,143.46,308.0,192
1005-E4-8_g_S22,61,E4-8_g_S22,132.55,93.7,308,200,512.0,0.04296875,7,True,0,dorsal pharyngeal muscle primordium,Somatic muscle,0,somatic muscle,muscle,mesoderm,132.55,93.7,308.0,170
1006-E4-8_g_S22,84,E4-8_g_S22,112.81,179.74,308,213,556.0,0.04676259,9,True,4,dorsal epidermis primordium,Epidermis,4,ventral epidermis,epidermis,ectoderm,112.81,179.74,308.0,211
1007-E4-8_g_S22,86,E4-8_g_S22,126.85,107.39,308,249,741.0,0.055330634,8,True,0,dorsal pharyngeal muscle primordium,Somatic muscle,0,somatic muscle,muscle,mesoderm,126.85,107.39,308.0,170
1010-E4-8_g_S22,35,E4-8_g_S22,119.46,150.37,308,92,180.0,0.055555556,4,True,2,dorsal epidermis primordium,Epidermis,2,epidermis,epidermis,ectoderm,119.46,150.37,308.0,192
1011-E4-8_g_S22,93,E4-8_g_S22,144.0,19.9,308,242,671.0,0.067064084,9,True,1,pericardial cell primordium,Midgut,1,midgut primordium,midgut,endoderm,144.0,19.9,308.0,122
1012-E4-8_g_S22,82,E4-8_g_S22,184.32,-179.37,308,76,140.0,0.05,2,True,12,amnioserosa,Amnioserosa,12,amnioserosa,amnioserosa,extra-embryonic,184.32,-179.37,308.0,12
1013-E4-8_g_S22,83,E4-8_g_S22,121.93,122.93,308,288,738.0,0.01897019,5,True,0,dorsal pharyngeal muscle primordium,Somatic muscle,0,somatic muscle,muscle,mesoderm,121.93,122.93,308.0,192
1015-E4-8_g_S22,79,E4-8_g_S22,147.05,3.69,308,208,511.0,0.06066536,7,True,1,pericardial cell primordium,Midgut,1,midgut primordium,midgut,endoderm,147.05,3.69,308.0,122
1016-E4-8_g_S22,64,E4-8_g_S22,126.43,98.06,308,192,489.0,0.049079753,6,True,0,dorsal pharyngeal muscle primordium,Somatic muscle,0,somatic muscle,muscle,mesoderm,126.43,98.06,308.0,170
1019-E4-8_g_S22,51,E4-8_g_S22,112.61,167.63,308,185,404.0,0.05940594,6,True,0,dorsal pharyngeal muscle primordium,Somatic muscle,0,somatic muscle,muscle,mesoderm,112.61,167.63,308.0,211
1020-E4-8_g_S22,56,E4-8_g_S22,114.2,159.78,308,148,348.0,0.03448276,6,True,6,tracheal primordium,Trachea,6,tracheal system,trachea,ectoderm,114.2,159.78,308.0,211
1021-E4-8_g_S22,63,E4-8_g_S22,118.29,132.39,308,147,339.0,0.053097345,6,True,0,dorsal pharyngeal muscle primordium,Somatic muscle,0,somatic muscle,muscle,mesoderm,118.29,132.39,308.0,192
1022-E4-8_g_S22,59,E4-8_g_S22,132.71,64.56,308,181,464.0,0.0625,8,True,11,visceral muscle primordium,Visceral muscle,11,visceral muscle,muscle,mesoderm,132.71,64.56,308.0,146
1024-E4-8_g_S22,69,E4-8_g_S22,127.59,82.73,308,107,189.0,0.031746034,5,True,14,visceral branch primordium,Visceral branch,14,unknown,unknown,unknown,127.59,82.73,308.0,170
1025-E4-8_g_S22,36,E4-8_g_S22,113.71,153.02,308,118,263.0,0.03422053,4,True,6,tracheal primordium,Trachea,6,tracheal system,trachea,ectoderm,113.71,153.02,308.0,211
1028-E4-8_g_S22,59,E4-8_g_S22,119.81,112.91,308,164,419.0,0.021479713,4,True,0,dorsal pharyngeal muscle primordium,Somatic muscle,0,somatic muscle,muscle,mesoderm,119.81,112.91,308.0,192
1030-E4-8_g_S22,62,E4-8_g_S22,105.64,172.06,308,201,464.0,0.04525862,8,True,4,dorsal epidermis primordium,Epidermis,4,ventral epidermis,epidermis,ectoderm,105.64,172.06,308.0,211
1031-E4-8_g_S22,37,E4-8_g_S22,114.32,137.88,308,134,299.0,0.033444814,4,True,0,dorsal pharyngeal muscle primordium,Somatic muscle,0,somatic muscle,muscle,mesoderm,114.32,137.88,308.0,192
1032-E4-8_g_S22,114,E4-8_g_S22,112.71,123.82,308,330,881.0,0.02724177,7,True,0,dorsal pharyngeal muscle primordium,Somatic muscle,0,somatic muscle,muscle,mesoderm,112.71,123.82,308.0,192
1033-E4-8_g_S22,39,E4-8_g_S22,124.14,87.87,308,112,220.0,0.054545455,4,True,11,visceral muscle primordium,Visceral muscle,11,visceral muscle,muscle,mesoderm,124.14,87.87,308.0,170
1034-E4-8_g_S22,64,E4-8_g_S22,104.76,164.83,308,178,426.0,0.04225352,7,True,0,dorsal pharyngeal muscle primordium,Somatic muscle,0,somatic muscle,muscle,mesoderm,104.76,164.83,308.0,211
1035-E4-8_g_S22,73,E4-8_g_S22,109.68,145.77,308,242,596.0,0.052013423,6,True,0,dorsal pharyngeal muscle primordium,Somatic muscle,0,somatic muscle,muscle,mesoderm,109.68,145.77,308.0,192
1036-E4-8_g_S22,72,E4-8_g_S22,118.08,101.04,308,255,639.0,0.07198748,10,True,11,visceral muscle primordium,Visceral muscle,11,visceral muscle,muscle,mesoderm,118.08,101.04,308.0,170
1037-E4-8_g_S22,43,E4-8_g_S22,120.41,92.47,308,146,307.0,0.055374593,6,True,11,visceral muscle primordium,Visceral muscle,11,visceral muscle,muscle,mesoderm,120.41,92.47,308.0,170
1040-E4-8_g_S22,107,E4-8_g_S22,123.11,69.07,308,281,817.0,0.05752754,8,True,11,visceral muscle primordium,Visceral muscle,11,visceral muscle,muscle,mesoderm,123.11,69.07,308.0,146
1041-E4-8_g_S22,87,E4-8_g_S22,132.83,22.58,308,237,555.0,0.034234233,9,True,1,pericardial cell primordium,Midgut,1,midgut primordium,midgut,endoderm,132.83,22.58,308.0,121
1042-E4-8_g_S22,71,E4-8_g_S22,175.39,-186.58,308,70,124.0,0.05645161,3,True,12,amnioserosa,Amnioserosa,12,amnioserosa,amnioserosa,extra-embryonic,175.39,-186.58,308.0,11
1044-E4-8_g_S22,56,E4-8_g_S22,114.19,107.71,308,175,403.0,0.009925558,2,True,0,dorsal pharyngeal muscle primordium,Somatic muscle,0,somatic muscle,muscle,mesoderm,114.19,107.71,308.0,170
1045-E4-8_g_S22,115,E4-8_g_S22,126.17,34.55,308,254,687.0,0.053857353,10,True,1,pericardial cell primordium,Midgut,1,midgut primordium,midgut,endoderm,126.17,34.55,308.0,146
1046-E4-8_g_S22,234,E4-8_g_S22,156.03,-112.1,308,285,744.0,0.04032258,7,True,7,yolk nucleus,Fat body,7,yolk,yolk,extra-embryonic,156.03,-112.1,308.0,52
1047-E4-8_g_S22,82,E4-8_g_S22,106.26,136.02,308,291,832.0,0.028846154,6,True,0,dorsal pharyngeal muscle primordium,Somatic muscle,0,somatic muscle,muscle,mesoderm,106.26,136.02,308.0,192
1051-E4-8_g_S22,112,E4-8_g_S22,114.5,78.5,308,256,721.0,0.029126214,7,True,11,visceral muscle primordium,Visceral muscle,11,visceral muscle,muscle,mesoderm,114.5,78.5,308.0,170
1052-E4-8_g_S22,114,E4-8_g_S22,120.9,51.09,308,312,882.0,0.054421768,10,True,1,pericardial cell primordium,Midgut,1,midgut primordium,midgut,endoderm,120.9,51.09,308.0,146
1053-E4-8_g_S22,219,E4-8_g_S22,162.98,-165.46,308,284,755.0,0.06357616,7,True,12,amnioserosa,Amnioserosa,12,amnioserosa,amnioserosa,extra-embryonic,162.98,-165.46,308.0,32
1055-E4-8_g_S22,108,E4-8_g_S22,128.33,13.43,308,264,710.0,0.053521127,9,True,1,pericardial cell primordium,Midgut,1,midgut primordium,midgut,endoderm,128.33,13.43,308.0,121
1056-E4-8_g_S22,71,E4-8_g_S22,131.93,3.41,308,204,473.0,0.044397462,5,True,7,yolk nucleus,Fat body,7,yolk,yolk,extra-embryonic,131.93,3.41,308.0,121
1057-E4-8_g_S22,57,E4-8_g_S22,95.93,180.7,308,235,636.0,0.050314464,8,True,4,dorsal epidermis primordium,Epidermis,4,ventral epidermis,epidermis,ectoderm,95.93,180.7,308.0,210
1058-E4-8_g_S22,46,E4-8_g_S22,111.41,97.22,308,150,346.0,0.046242774,4,True,0,dorsal pharyngeal muscle primordium,Somatic muscle,0,somatic muscle,muscle,mesoderm,111.41,97.22,308.0,170
1059-E4-8_g_S22,107,E4-8_g_S22,120.56,41.39,308,246,570.0,0.049122807,10,True,1,pericardial cell primordium,Midgut,1,midgut primordium,midgut,endoderm,120.56,41.39,308.0,146
1062-E4-8_g_S22,60,E4-8_g_S22,110.77,89.55,308,158,374.0,0.04278075,8,True,11,visceral muscle primordium,Visceral muscle,11,visceral muscle,muscle,mesoderm,110.77,89.55,308.0,170
1064-E4-8_g_S22,61,E4-8_g_S22,111.49,84.05,308,130,286.0,0.045454547,6,True,11,visceral muscle primordium,Visceral muscle,11,visceral muscle,muscle,mesoderm,111.49,84.05,308.0,170
1065-E4-8_g_S22,57,E4-8_g_S22,106.78,104.88,308,98,213.0,0.037558686,4,True,0,dorsal pharyngeal muscle primordium,Somatic muscle,0,somatic muscle,muscle,mesoderm,106.78,104.88,308.0,170
1066-E4-8_g_S22,64,E4-8_g_S22,116.18,61.6,308,172,402.0,0.029850746,4,True,1,pericardial cell primordium,Midgut,1,midgut primordium,midgut,endoderm,116.18,61.6,308.0,146
1067-E4-8_g_S22,47,E4-8_g_S22,168.59,-192.3,308,33,52.0,0.03846154,2,True,7,yolk nucleus,Fat body,7,yolk,yolk,extra-embryonic,168.59,-192.3,308.0,11
1071-E4-8_g_S22,41,E4-8_g_S22,113.21,67.74,308,125,231.0,0.060606062,4,True,11,visceral muscle primordium,Visceral muscle,11,visceral muscle,muscle,mesoderm,113.21,67.74,308.0,146
1072-E4-8_g_S22,101,E4-8_g_S22,126.35,-10.23,308,234,605.0,0.042975206,7,True,7,yolk nucleus,Fat body,7,yolk,yolk,extra-embryonic,126.35,-10.23,308.0,96
1073-E4-8_g_S22,42,E4-8_g_S22,165.09,-187.78,308,37,72.0,0.027777778,1,True,12,amnioserosa,Amnioserosa,12,amnioserosa,amnioserosa,extra-embryonic,165.09,-187.78,308.0,11
1075-E4-8_g_S22,68,E4-8_g_S22,124.98,-1.22,308,179,471.0,0.070063695,8,True,7,yolk nucleus,Fat body,7,yolk,yolk,extra-embryonic,124.98,-1.22,308.0,121
1076-E4-8_g_S22,61,E4-8_g_S22,88.58,177.86,308,144,376.0,0.07180851,5,True,4,dorsal epidermis primordium,Epidermis,4,ventral epidermis,epidermis,ectoderm,88.58,177.86,308.0,210
1077-E4-8_g_S22,48,E4-8_g_S22,105.16,96.57,308,130,262.0,0.030534351,5,True,11,visceral muscle primordium,Visceral muscle,11,visceral muscle,muscle,mesoderm,105.16,96.57,308.0,170
1078-E4-8_g_S22,82,E4-8_g_S22,118.61,24.76,308,222,573.0,0.061082024,8,True,1,pericardial cell primordium,Midgut,1,midgut primordium,midgut,endoderm,118.61,24.76,308.0,121
1079-E4-8_g_S22,65,E4-8_g_S22,91.2,163.29,308,191,510.0,0.05490196,7,True,14,visceral branch primordium,Visceral branch,14,unknown,unknown,unknown,91.2,163.29,308.0,210
1080-E4-8_g_S22,52,E4-8_g_S22,94.94,136.45,308,150,362.0,0.08839779,6,True,0,dorsal pharyngeal muscle primordium,Somatic muscle,0,somatic muscle,muscle,mesoderm,94.94,136.45,308.0,191
1081-E4-8_g_S22,48,E4-8_g_S22,98.4,130.27,308,166,361.0,0.077562325,6,True,0,dorsal pharyngeal muscle primordium,Somatic muscle,0,somatic muscle,muscle,mesoderm,98.4,130.27,308.0,191
1082-E4-8_g_S22,66,E4-8_g_S22,160.45,-182.74,308,85,165.0,0.06666667,5,True,9,mesectoderm,Stomatogastric nervous system,9,sensory neuron,PNS,neuroectoderm,160.45,-182.74,308.0,11
1085-E4-8_g_S22,49,E4-8_g_S22,83.51,181.73,308,137,328.0,0.051829267,7,True,4,dorsal epidermis primordium,Epidermis,4,ventral epidermis,epidermis,ectoderm,83.51,181.73,308.0,210
1086-E4-8_g_S22,59,E4-8_g_S22,102.11,88.89,308,160,392.0,0.05867347,6,True,11,visceral muscle primordium,Visceral muscle,11,visceral muscle,muscle,mesoderm,102.11,88.89,308.0,170
1087-E4-8_g_S22,68,E4-8_g_S22,158.73,-193.59,308,59,116.0,0.06896552,3,True,12,amnioserosa,Amnioserosa,12,amnioserosa,amnioserosa,extra-embryonic,158.73,-193.59,308.0,11
1089-E4-8_g_S22,65,E4-8_g_S22,110.32,48.03,308,178,401.0,0.054862842,7,True,1,pericardial cell primordium,Midgut,1,midgut primordium,midgut,endoderm,110.32,48.03,308.0,146
1090-E4-8_g_S22,56,E4-8_g_S22,93.58,118.16,308,169,401.0,0.03990025,4,True,0,dorsal pharyngeal muscle primordium,Somatic muscle,0,somatic muscle,muscle,mesoderm,93.58,118.16,308.0,191
1093-E4-8_g_S22,115,E4-8_g_S22,84.4,154.35,308,255,650.0,0.032307692,6,True,0,dorsal pharyngeal muscle primordium,Somatic muscle,0,somatic muscle,muscle,mesoderm,84.4,154.35,308.0,210
1095-E4-8_g_S22,58,E4-8_g_S22,88.71,139.9,308,169,370.0,0.035135135,5,True,0,dorsal pharyngeal muscle primordium,Somatic muscle,0,somatic muscle,muscle,mesoderm,88.71,139.9,308.0,191
1096-E4-8_g_S22,40,E4-8_g_S22,106.17,53.03,308,150,303.0,0.052805282,5,True,1,pericardial cell primordium,Midgut,1,midgut primordium,midgut,endoderm,106.17,53.03,308.0,146
1097-E4-8_g_S22,102,E4-8_g_S22,117.29,-15.62,308,207,504.0,0.06349207,8,True,7,yolk nucleus,Fat body,7,yolk,yolk,extra-embryonic,117.29,-15.62,308.0,96
1099-E4-8_g_S22,44,E4-8_g_S22,78.31,177.05,308,124,296.0,0.097972974,6,True,4,dorsal epidermis primordium,Epidermis,4,ventral epidermis,epidermis,ectoderm,78.31,177.05,308.0,210
1100-E4-8_g_S22,102,E4-8_g_S22,78.41,168.7,308,260,798.0,0.037593983,8,True,4,dorsal epidermis primordium,Epidermis,4,ventral epidermis,epidermis,ectoderm,78.41,168.7,308.0,210
1102-E4-8_g_S22,90,E4-8_g_S22,151.44,-185.2,308,75,154.0,0.058441557,4,True,12,amnioserosa,Amnioserosa,12,amnioserosa,amnioserosa,extra-embryonic,151.44,-185.2,308.0,11
1103-E4-8_g_S22,53,E4-8_g_S22,82.9,142.39,308,137,304.0,0.065789476,5,True,0,dorsal pharyngeal muscle primordium,Somatic muscle,0,somatic muscle,muscle,mesoderm,82.9,142.39,308.0,191
1104-E4-8_g_S22,70,E4-8_g_S22,87.1,127.9,308,228,505.0,0.027722772,8,True,0,dorsal pharyngeal muscle primordium,Somatic muscle,0,somatic muscle,muscle,mesoderm,87.1,127.9,308.0,191
1105-E4-8_g_S22,71,E4-8_g_S22,94.89,85.17,308,195,491.0,0.07535642,8,True,11,visceral muscle primordium,Visceral muscle,11,visceral muscle,muscle,mesoderm,94.89,85.17,308.0,169
1106-E4-8_g_S22,71,E4-8_g_S22,73.5,187.54,308,200,518.0,0.055984557,8,True,4,dorsal epidermis primordium,Epidermis,4,ventral epidermis,epidermis,ectoderm,73.5,187.54,308.0,210
1107-E4-8_g_S22,66,E4-8_g_S22,92.99,94.38,308,155,348.0,0.028735632,3,True,11,visceral muscle primordium,Visceral muscle,11,visceral muscle,muscle,mesoderm,92.99,94.38,308.0,169
1108-E4-8_g_S22,127,E4-8_g_S22,98.08,56.09,308,307,916.0,0.06441048,9,True,1,pericardial cell primordium,Midgut,1,midgut primordium,midgut,endoderm,98.08,56.09,308.0,145
1109-E4-8_g_S22,54,E4-8_g_S22,102.07,45.17,308,218,496.0,0.04032258,7,True,1,pericardial cell primordium,Midgut,1,midgut primordium,midgut,endoderm,102.07,45.17,308.0,146
1110-E4-8_g_S22,99,E4-8_g_S22,104.47,22.0,308,266,694.0,0.0518732,8,True,1,pericardial cell primordium,Midgut,1,midgut primordium,midgut,endoderm,104.47,22.0,308.0,121
1111-E4-8_g_S22,60,E4-8_g_S22,89.7,104.26,308,170,401.0,0.027431421,5,True,0,dorsal pharyngeal muscle primordium,Somatic muscle,0,somatic muscle,muscle,mesoderm,89.7,104.26,308.0,169
1113-E4-8_g_S22,72,E4-8_g_S22,83.75,121.1,308,195,556.0,0.04496403,6,True,0,dorsal pharyngeal muscle primordium,Somatic muscle,0,somatic muscle,muscle,mesoderm,83.75,121.1,308.0,191
1114-E4-8_g_S22,73,E4-8_g_S22,85.9,112.83,308,197,481.0,0.058212057,7,True,0,dorsal pharyngeal muscle primordium,Somatic muscle,0,somatic muscle,muscle,mesoderm,85.9,112.83,308.0,191
1115-E4-8_g_S22,111,E4-8_g_S22,104.95,5.38,308,217,572.0,0.04895105,6,True,7,yolk nucleus,Fat body,7,yolk,yolk,extra-embryonic,104.95,5.38,308.0,121
1116-E4-8_g_S22,113,E4-8_g_S22,101.91,14.66,308,261,682.0,0.03372434,6,True,1,pericardial cell primordium,Midgut,1,midgut primordium,midgut,endoderm,101.91,14.66,308.0,121
1117-E4-8_g_S22,53,E4-8_g_S22,77.01,152.79,308,150,338.0,0.02366864,4,True,11,visceral muscle primordium,Visceral muscle,11,visceral muscle,muscle,mesoderm,77.01,152.79,308.0,210
1120-E4-8_g_S22,89,E4-8_g_S22,68.55,175.71,308,277,732.0,0.05327869,9,True,4,dorsal epidermis primordium,Epidermis,4,ventral epidermis,epidermis,ectoderm,68.55,175.71,308.0,210
1121-E4-8_g_S22,44,E4-8_g_S22,76.61,140.12,308,113,262.0,0.026717557,3,True,0,dorsal pharyngeal muscle primordium,Somatic muscle,0,somatic muscle,muscle,mesoderm,76.61,140.12,308.0,191
1124-E4-8_g_S22,66,E4-8_g_S22,78.74,132.01,308,135,300.0,0.053333335,4,True,0,dorsal pharyngeal muscle primordium,Somatic muscle,0,somatic muscle,muscle,mesoderm,78.74,132.01,308.0,191
1125-E4-8_g_S22,58,E4-8_g_S22,82.13,102.55,308,118,264.0,0.053030305,5,True,0,dorsal pharyngeal muscle primordium,Somatic muscle,0,somatic muscle,muscle,mesoderm,82.13,102.55,308.0,169
1126-E4-8_g_S22,108,E4-8_g_S22,82.52,89.74,308,256,608.0,0.067434214,10,True,11,visceral muscle primordium,Visceral muscle,11,visceral muscle,muscle,mesoderm,82.52,89.74,308.0,169
1127-E4-8_g_S22,61,E4-8_g_S22,85.58,83.08,308,170,411.0,0.02676399,6,True,11,visceral muscle primordium,Visceral muscle,11,visceral muscle,muscle,mesoderm,85.58,83.08,308.0,169
1128-E4-8_g_S22,80,E4-8_g_S22,140.89,-188.28,308,65,129.0,0.031007752,3,True,12,amnioserosa,Amnioserosa,12,amnioserosa,amnioserosa,extra-embryonic,140.89,-188.28,308.0,10
1129-E4-8_g_S22,69,E4-8_g_S22,72.45,146.92,308,143,339.0,0.03539823,5,True,0,dorsal pharyngeal muscle primordium,Somatic muscle,0,somatic muscle,muscle,mesoderm,72.45,146.92,308.0,191
1130-E4-8_g_S22,65,E4-8_g_S22,93.02,43.45,308,226,483.0,0.035196688,8,True,1,pericardial cell primordium,Midgut,1,midgut primordium,midgut,endoderm,93.02,43.45,308.0,145
1132-E4-8_g_S22,113,E4-8_g_S22,66.82,163.91,308,295,869.0,0.048331417,10,True,0,dorsal pharyngeal muscle primordium,Somatic muscle,0,somatic muscle,muscle,mesoderm,66.82,163.91,308.0,210
1133-E4-8_g_S22,84,E4-8_g_S22,78.47,96.02,308,198,471.0,0.055201698,9,True,0,dorsal pharyngeal muscle primordium,Somatic muscle,0,somatic muscle,muscle,mesoderm,78.47,96.02,308.0,169
1134-E4-8_g_S22,91,E4-8_g_S22,129.59,-143.03,308,148,313.0,0.044728436,6,True,12,amnioserosa,Amnioserosa,12,amnioserosa,amnioserosa,extra-embryonic,129.59,-143.03,308.0,31
1136-E4-8_g_S22,75,E4-8_g_S22,75.44,115.19,308,167,414.0,0.026570048,4,True,0,dorsal pharyngeal muscle primordium,Somatic muscle,0,somatic muscle,muscle,mesoderm,75.44,115.19,308.0,191
1137-E4-8_g_S22,105,E4-8_g_S22,82.66,67.48,308,306,867.0,0.06459054,7,True,1,pericardial cell primordium,Midgut,1,midgut primordium,midgut,endoderm,82.66,67.48,308.0,145
1139-E4-8_g_S22,129,E4-8_g_S22,70.01,132.48,308,358,1033.0,0.046466604,9,True,0,dorsal pharyngeal muscle primordium,Somatic muscle,0,somatic muscle,muscle,mesoderm,70.01,132.48,308.0,191
1140-E4-8_g_S22,61,E4-8_g_S22,61.38,173.68,308,192,477.0,0.0524109,8,True,4,dorsal epidermis primordium,Epidermis,4,ventral epidermis,epidermis,ectoderm,61.38,173.68,308.0,210
1143-E4-8_g_S22,62,E4-8_g_S22,92.71,8.96,308,167,411.0,0.05352798,7,True,7,yolk nucleus,Fat body,7,yolk,yolk,extra-embryonic,92.71,8.96,308.0,120
1146-E4-8_g_S22,121,E4-8_g_S22,85.26,27.99,308,297,867.0,0.061130334,7,True,1,pericardial cell primordium,Midgut,1,midgut primordium,midgut,endoderm,85.26,27.99,308.0,120
1149-E4-8_g_S22,100,E4-8_g_S22,82.61,42.68,308,265,739.0,0.067659,11,True,1,pericardial cell primordium,Midgut,1,midgut primordium,midgut,endoderm,82.61,42.68,308.0,145
1150-E4-8_g_S22,39,E4-8_g_S22,64.34,140.8,308,166,358.0,0.019553073,4,True,0,dorsal pharyngeal muscle primordium,Somatic muscle,0,somatic muscle,muscle,mesoderm,64.34,140.8,308.0,191
1151-E4-8_g_S22,106,E4-8_g_S22,75.75,73.55,308,263,669.0,0.040358745,8,True,1,pericardial cell primordium,Midgut,1,midgut primordium,midgut,endoderm,75.75,73.55,308.0,169
1152-E4-8_g_S22,65,E4-8_g_S22,69.01,106.21,308,170,433.0,0.032332562,5,True,0,dorsal pharyngeal muscle primordium,Somatic muscle,0,somatic muscle,muscle,mesoderm,69.01,106.21,308.0,169
1153-E4-8_g_S22,45,E4-8_g_S22,89.73,2.46,308,101,214.0,0.023364486,4,True,7,yolk nucleus,Fat body,7,yolk,yolk,extra-embryonic,89.73,2.46,308.0,120
1154-E4-8_g_S22,75,E4-8_g_S22,126.76,-184.51,308,79,157.0,0.089171976,5,True,15,dorsal pharyngeal muscle primordium,Somatic muscle,15,somatic muscle,muscle,mesoderm,126.76,-184.51,308.0,10
1155-E4-8_g_S22,60,E4-8_g_S22,61.69,129.96,308,169,377.0,0.0397878,6,True,0,dorsal pharyngeal muscle primordium,Somatic muscle,0,somatic muscle,muscle,mesoderm,61.69,129.96,308.0,191
1157-E4-8_g_S22,71,E4-8_g_S22,49.71,182.91,308,195,516.0,0.040697675,6,True,0,dorsal pharyngeal muscle primordium,Somatic muscle,0,somatic muscle,muscle,mesoderm,49.71,182.91,308.0,209
1158-E4-8_g_S22,37,E4-8_g_S22,71.57,79.32,308,152,342.0,0.07602339,7,True,1,pericardial cell primordium,Midgut,1,midgut primordium,midgut,endoderm,71.57,79.32,308.0,169
1159-E4-8_g_S22,117,E4-8_g_S22,48.59,174.28,308,307,915.0,0.04480874,11,True,0,dorsal pharyngeal muscle primordium,Somatic muscle,0,somatic muscle,muscle,mesoderm,48.59,174.28,308.0,209
1160-E4-8_g_S22,77,E4-8_g_S22,57.46,138.78,308,257,693.0,0.025974026,9,True,0,dorsal pharyngeal muscle primordium,Somatic muscle,0,somatic muscle,muscle,mesoderm,57.46,138.78,308.0,190
1161-E4-8_g_S22,74,E4-8_g_S22,67.63,95.98,308,220,526.0,0.03041825,7,True,11,visceral muscle primordium,Visceral muscle,11,visceral muscle,muscle,mesoderm,67.63,95.98,308.0,169
1166-E4-8_g_S22,87,E4-8_g_S22,64.45,86.23,308,221,553.0,0.07052441,11,True,11,visceral muscle primordium,Visceral muscle,11,visceral muscle,muscle,mesoderm,64.45,86.23,308.0,169
1167-E4-8_g_S22,43,E4-8_g_S22,73.66,54.67,308,112,234.0,0.055555556,5,True,1,pericardial cell primordium,Midgut,1,midgut primordium,midgut,endoderm,73.66,54.67,308.0,145
1168-E4-8_g_S22,100,E4-8_g_S22,81.88,-3.75,308,205,508.0,0.049212597,6,True,7,yolk nucleus,Fat body,7,yolk,yolk,extra-embryonic,81.88,-3.75,308.0,120
1169-E4-8_g_S22,32,E4-8_g_S22,55.51,128.64,308,119,259.0,0.06177606,6,True,0,dorsal pharyngeal muscle primordium,Somatic muscle,0,somatic muscle,muscle,mesoderm,55.51,128.64,308.0,190
1171-E4-8_g_S22,80,E4-8_g_S22,72.23,39.46,308,246,682.0,0.08797654,10,True,1,pericardial cell primordium,Midgut,1,midgut primordium,midgut,endoderm,72.23,39.46,308.0,145
1172-E4-8_g_S22,68,E4-8_g_S22,78.13,19.47,308,211,537.0,0.033519555,6,True,1,pericardial cell primordium,Midgut,1,midgut primordium,midgut,endoderm,78.13,19.47,308.0,120
1173-E4-8_g_S22,95,E4-8_g_S22,77.05,9.92,308,217,560.0,0.057142857,6,True,7,yolk nucleus,Fat body,7,yolk,yolk,extra-embryonic,77.05,9.92,308.0,120
1174-E4-8_g_S22,61,E4-8_g_S22,48.06,158.46,308,151,372.0,0.034946237,5,True,0,dorsal pharyngeal muscle primordium,Somatic muscle,0,somatic muscle,muscle,mesoderm,48.06,158.46,308.0,209
1176-E4-8_g_S22,40,E4-8_g_S22,46.47,163.84,308,105,210.0,0.023809524,3,True,0,dorsal pharyngeal muscle primordium,Somatic muscle,0,somatic muscle,muscle,mesoderm,46.47,163.84,308.0,209
1177-E4-8_g_S22,75,E4-8_g_S22,47.31,149.85,308,166,370.0,0.04054054,5,True,0,dorsal pharyngeal muscle primordium,Somatic muscle,0,somatic muscle,muscle,mesoderm,47.31,149.85,308.0,190
1178-E4-8_g_S22,29,E4-8_g_S22,51.69,131.39,308,96,171.0,0.058479533,3,True,0,dorsal pharyngeal muscle primordium,Somatic muscle,0,somatic muscle,muscle,mesoderm,51.69,131.39,308.0,190
1179-E4-8_g_S22,62,E4-8_g_S22,65.36,58.87,308,184,438.0,0.084474884,9,True,1,pericardial cell primordium,Midgut,1,midgut primordium,midgut,endoderm,65.36,58.87,308.0,145
1180-E4-8_g_S22,102,E4-8_g_S22,65.82,50.14,308,291,799.0,0.041301627,11,True,1,pericardial cell primordium,Midgut,1,midgut primordium,midgut,endoderm,65.82,50.14,308.0,145
1181-E4-8_g_S22,160,E4-8_g_S22,105.68,-145.06,308,229,572.0,0.057692308,6,True,12,amnioserosa,Amnioserosa,12,amnioserosa,amnioserosa,extra-embryonic,105.68,-145.06,308.0,31
1183-E4-8_g_S22,62,E4-8_g_S22,52.41,118.67,308,147,332.0,0.060240965,7,True,0,dorsal pharyngeal muscle primordium,Somatic muscle,0,somatic muscle,muscle,mesoderm,52.41,118.67,308.0,190
1184-E4-8_g_S22,85,E4-8_g_S22,77.38,-12.52,308,173,447.0,0.07606264,5,True,7,yolk nucleus,Fat body,7,yolk,yolk,extra-embryonic,77.38,-12.52,308.0,95
1186-E4-8_g_S22,62,E4-8_g_S22,40.68,168.63,308,197,479.0,0.06263048,7,True,0,dorsal pharyngeal muscle primordium,Somatic muscle,0,somatic muscle,muscle,mesoderm,40.68,168.63,308.0,209
1187-E4-8_g_S22,96,E4-8_g_S22,45.85,139.06,308,260,717.0,0.054393306,6,True,0,dorsal pharyngeal muscle primordium,Somatic muscle,0,somatic muscle,muscle,mesoderm,45.85,139.06,308.0,190
1188-E4-8_g_S22,203,E4-8_g_S22,74.12,-21.27,308,329,1072.0,0.05130597,9,True,7,yolk nucleus,Fat body,7,yolk,yolk,extra-embryonic,74.12,-21.27,308.0,95
1189-E4-8_g_S22,74,E4-8_g_S22,108.46,-179.86,308,68,142.0,0.049295776,2,True,7,yolk nucleus,Fat body,7,yolk,yolk,extra-embryonic,108.46,-179.86,308.0,10
1190-E4-8_g_S22,87,E4-8_g_S22,45.43,128.7,308,179,448.0,0.03794643,8,True,0,dorsal pharyngeal muscle primordium,Somatic muscle,0,somatic muscle,muscle,mesoderm,45.43,128.7,308.0,190
1191-E4-8_g_S22,93,E4-8_g_S22,68.56,11.64,308,205,519.0,0.036608864,5,True,7,yolk nucleus,Fat body,7,yolk,yolk,extra-embryonic,68.56,11.64,308.0,120
1193-E4-8_g_S22,107,E4-8_g_S22,32.71,175.17,308,254,706.0,0.05240793,8,True,0,dorsal pharyngeal muscle primordium,Somatic muscle,0,somatic muscle,muscle,mesoderm,32.71,175.17,308.0,209
1194-E4-8_g_S22,30,E4-8_g_S22,40.07,148.24,308,81,149.0,0.033557046,5,True,0,dorsal pharyngeal muscle primordium,Somatic muscle,0,somatic muscle,muscle,mesoderm,40.07,148.24,308.0,190
1195-E4-8_g_S22,47,E4-8_g_S22,54.13,88.52,308,145,316.0,0.060126584,8,True,0,dorsal pharyngeal muscle primordium,Somatic muscle,0,somatic muscle,muscle,mesoderm,54.13,88.52,308.0,168
1196-E4-8_g_S22,71,E4-8_g_S22,71.4,-3.45,308,154,365.0,0.09315068,9,True,7,yolk nucleus,Fat body,7,yolk,yolk,extra-embryonic,71.4,-3.45,308.0,120
1197-E4-8_g_S22,76,E4-8_g_S22,108.22,-188.31,308,58,105.0,0.057142857,2,True,7,yolk nucleus,Fat body,7,yolk,yolk,extra-embryonic,108.22,-188.31,308.0,10
1198-E4-8_g_S22,75,E4-8_g_S22,31.46,185.52,308,200,502.0,0.037848607,6,True,2,dorsal epidermis primordium,Epidermis,2,epidermis,epidermis,ectoderm,31.46,185.52,308.0,209
1199-E4-8_g_S22,127,E4-8_g_S22,36.69,155.29,308,242,647.0,0.044822257,7,True,0,dorsal pharyngeal muscle primordium,Somatic muscle,0,somatic muscle,muscle,mesoderm,36.69,155.29,308.0,209
1200-E4-8_g_S22,68,E4-8_g_S22,51.68,81.91,308,175,425.0,0.032941177,6,True,1,pericardial cell primordium,Midgut,1,midgut primordium,midgut,endoderm,51.68,81.91,308.0,168
1201-E4-8_g_S22,62,E4-8_g_S22,45.79,114.11,308,171,415.0,0.038554218,9,True,0,dorsal pharyngeal muscle primordium,Somatic muscle,0,somatic muscle,muscle,mesoderm,45.79,114.11,308.0,190
1202-E4-8_g_S22,103,E4-8_g_S22,45.24,100.97,308,208,457.0,0.065645516,8,True,11,visceral muscle primordium,Visceral muscle,11,visceral muscle,muscle,mesoderm,45.24,100.97,308.0,168
1204-E4-8_g_S22,70,E4-8_g_S22,35.91,142.45,308,160,391.0,0.040920716,5,True,0,dorsal pharyngeal muscle primordium,Somatic muscle,0,somatic muscle,muscle,mesoderm,35.91,142.45,308.0,190
1205-E4-8_g_S22,45,E4-8_g_S22,94.57,-142.51,308,60,113.0,0.053097345,3,True,12,amnioserosa,Amnioserosa,12,amnioserosa,amnioserosa,extra-embryonic,94.57,-142.51,308.0,30
1206-E4-8_g_S22,54,E4-8_g_S22,46.02,87.25,308,164,400.0,0.06,8,True,1,pericardial cell primordium,Midgut,1,midgut primordium,midgut,endoderm,46.02,87.25,308.0,168
1208-E4-8_g_S22,74,E4-8_g_S22,37.07,122.2,308,215,522.0,0.057471264,5,True,0,dorsal pharyngeal muscle primordium,Somatic muscle,0,somatic muscle,muscle,mesoderm,37.07,122.2,308.0,190
1209-E4-8_g_S22,67,E4-8_g_S22,42.77,93.04,308,208,527.0,0.051233396,6,True,11,visceral muscle primordium,Visceral muscle,11,visceral muscle,muscle,mesoderm,42.77,93.04,308.0,168
1210-E4-8_g_S22,86,E4-8_g_S22,35.29,131.25,308,208,493.0,0.026369167,7,True,0,dorsal pharyngeal muscle primordium,Somatic muscle,0,somatic muscle,muscle,mesoderm,35.29,131.25,308.0,190
1213-E4-8_g_S22,68,E4-8_g_S22,28.37,158.06,308,160,412.0,0.04368932,4,True,0,dorsal pharyngeal muscle primordium,Somatic muscle,0,somatic muscle,muscle,mesoderm,28.37,158.06,308.0,209
1214-E4-8_g_S22,62,E4-8_g_S22,38.03,113.73,308,167,388.0,0.033505153,5,True,0,dorsal pharyngeal muscle primordium,Somatic muscle,0,somatic muscle,muscle,mesoderm,38.03,113.73,308.0,190
1215-E4-8_g_S22,64,E4-8_g_S22,98.96,-188.72,308,52,92.0,0.04347826,3,True,6,tracheal primordium,Trachea,6,tracheal system,trachea,ectoderm,98.96,-188.72,308.0,9
1216-E4-8_g_S22,65,E4-8_g_S22,23.78,178.93,308,217,500.0,0.034,5,True,4,dorsal epidermis primordium,Epidermis,4,ventral epidermis,epidermis,ectoderm,23.78,178.93,308.0,209
1217-E4-8_g_S22,163,E4-8_g_S22,47.12,56.51,308,395,1231.0,0.0528026,13,True,1,pericardial cell primordium,Midgut,1,midgut primordium,midgut,endoderm,47.12,56.51,308.0,144
1218-E4-8_g_S22,87,E4-8_g_S22,51.25,43.08,308,250,629.0,0.031796504,7,True,1,pericardial cell primordium,Midgut,1,midgut primordium,midgut,endoderm,51.25,43.08,308.0,144
1219-E4-8_g_S22,147,E4-8_g_S22,55.38,9.47,308,258,728.0,0.050824177,6,True,7,yolk nucleus,Fat body,7,yolk,yolk,extra-embryonic,55.38,9.47,308.0,119
1220-E4-8_g_S22,85,E4-8_g_S22,67.64,-43.03,308,174,361.0,0.05263158,7,True,7,yolk nucleus,Fat body,7,yolk,yolk,extra-embryonic,67.64,-43.03,308.0,95
1221-E4-8_g_S22,180,E4-8_g_S22,83.99,-146.53,308,209,484.0,0.07024793,7,True,12,amnioserosa,Amnioserosa,12,amnioserosa,amnioserosa,extra-embryonic,83.99,-146.53,308.0,30
1222-E4-8_g_S22,52,E4-8_g_S22,23.06,167.24,308,203,494.0,0.06275304,7,True,4,dorsal epidermis primordium,Epidermis,4,ventral epidermis,epidermis,ectoderm,23.06,167.24,308.0,209
1224-E4-8_g_S22,78,E4-8_g_S22,27.37,132.0,308,201,508.0,0.04133858,9,True,0,dorsal pharyngeal muscle primordium,Somatic muscle,0,somatic muscle,muscle,mesoderm,27.37,132.0,308.0,190
1225-E4-8_g_S22,49,E4-8_g_S22,42.5,65.09,308,100,206.0,0.0631068,7,True,1,pericardial cell primordium,Midgut,1,midgut primordium,midgut,endoderm,42.5,65.09,308.0,144
1226-E4-8_g_S22,75,E4-8_g_S22,31.64,105.35,308,220,509.0,0.03929273,8,True,11,visceral muscle primordium,Visceral muscle,11,visceral muscle,muscle,mesoderm,31.64,105.35,308.0,168
1227-E4-8_g_S22,47,E4-8_g_S22,37.91,83.69,308,205,514.0,0.07392996,7,True,1,pericardial cell primordium,Midgut,1,midgut primordium,midgut,endoderm,37.91,83.69,308.0,168
1228-E4-8_g_S22,74,E4-8_g_S22,15.81,180.76,308,182,466.0,0.034334764,7,True,4,dorsal epidermis primordium,Epidermis,4,ventral epidermis,epidermis,ectoderm,15.81,180.76,308.0,208
1229-E4-8_g_S22,42,E4-8_g_S22,18.51,171.54,308,111,236.0,0.025423728,3,True,4,dorsal epidermis primordium,Epidermis,4,ventral epidermis,epidermis,ectoderm,18.51,171.54,308.0,208
1230-E4-8_g_S22,50,E4-8_g_S22,27.96,122.74,308,125,229.0,0.05676856,6,True,0,dorsal pharyngeal muscle primordium,Somatic muscle,0,somatic muscle,muscle,mesoderm,27.96,122.74,308.0,190
1231-E4-8_g_S22,180,E4-8_g_S22,42.88,29.95,308,363,1134.0,0.05820106,11,True,7,yolk nucleus,Fat body,7,yolk,yolk,extra-embryonic,42.88,29.95,308.0,119
1232-E4-8_g_S22,83,E4-8_g_S22,90.04,-189.86,308,56,102.0,0.019607844,2,True,12,amnioserosa,Amnioserosa,12,amnioserosa,amnioserosa,extra-embryonic,90.04,-189.86,308.0,9
1233-E4-8_g_S22,52,E4-8_g_S22,23.51,138.1,308,175,367.0,0.049046323,8,True,0,dorsal pharyngeal muscle primordium,Somatic muscle,0,somatic muscle,muscle,mesoderm,23.51,138.1,308.0,190
1235-E4-8_g_S22,85,E4-8_g_S22,36.2,76.44,308,167,433.0,0.043879908,7,True,1,pericardial cell primordium,Midgut,1,midgut primordium,midgut,endoderm,36.2,76.44,308.0,168
1236-E4-8_g_S22,103,E4-8_g_S22,10.55,187.72,308,257,718.0,0.05431755,9,True,4,dorsal epidermis primordium,Epidermis,4,ventral epidermis,epidermis,ectoderm,10.55,187.72,308.0,208
1239-E4-8_g_S22,143,E4-8_g_S22,27.7,88.23,308,379,1156.0,0.04411765,7,True,1,pericardial cell primordium,Midgut,1,midgut primordium,midgut,endoderm,27.7,88.23,308.0,168
1243-E4-8_g_S22,87,E4-8_g_S22,14.11,157.16,308,272,751.0,0.021304926,4,True,4,dorsal epidermis primordium,Epidermis,4,ventral epidermis,epidermis,ectoderm,14.11,157.16,308.0,208
1244-E4-8_g_S22,42,E4-8_g_S22,19.4,128.97,308,151,312.0,0.01923077,4,True,0,dorsal pharyngeal muscle primordium,Somatic muscle,0,somatic muscle,muscle,mesoderm,19.4,128.97,308.0,189
1245-E4-8_g_S22,20,E4-8_g_S22,18.57,134.01,308,93,181.0,0.022099448,3,True,0,dorsal pharyngeal muscle primordium,Somatic muscle,0,somatic muscle,muscle,mesoderm,18.57,134.01,308.0,189
1247-E4-8_g_S22,113,E4-8_g_S22,29.78,64.47,308,253,692.0,0.06069364,11,True,1,pericardial cell primordium,Midgut,1,midgut primordium,midgut,endoderm,29.78,64.47,308.0,144
1250-E4-8_g_S22,86,E4-8_g_S22,5.56,177.13,308,204,496.0,0.044354837,7,True,4,dorsal epidermis primordium,Epidermis,4,ventral epidermis,epidermis,ectoderm,5.56,177.13,308.0,208
1251-E4-8_g_S22,56,E4-8_g_S22,9.81,167.68,308,170,371.0,0.051212937,5,True,4,dorsal epidermis primordium,Epidermis,4,ventral epidermis,epidermis,ectoderm,9.81,167.68,308.0,208
1252-E4-8_g_S22,159,E4-8_g_S22,10.0,145.21,308,367,1086.0,0.05893186,8,True,0,dorsal pharyngeal muscle primordium,Somatic muscle,0,somatic muscle,muscle,mesoderm,10.0,145.21,308.0,189
1254-E4-8_g_S22,85,E4-8_g_S22,16.45,122.6,308,230,581.0,0.024096385,5,True,0,dorsal pharyngeal muscle primordium,Somatic muscle,0,somatic muscle,muscle,mesoderm,16.45,122.6,308.0,189
1255-E4-8_g_S22,145,E4-8_g_S22,49.97,-45.84,308,223,585.0,0.04786325,9,True,7,yolk nucleus,Fat body,7,yolk,yolk,extra-embryonic,49.97,-45.84,308.0,94
1256-E4-8_g_S22,71,E4-8_g_S22,12.55,134.83,308,171,378.0,0.03968254,4,True,0,dorsal pharyngeal muscle primordium,Somatic muscle,0,somatic muscle,muscle,mesoderm,12.55,134.83,308.0,189
1257-E4-8_g_S22,71,E4-8_g_S22,1.41,189.32,308,221,510.0,0.05490196,6,True,4,dorsal epidermis primordium,Epidermis,4,ventral epidermis,epidermis,ectoderm,1.41,189.32,308.0,208
1258-E4-8_g_S22,44,E4-8_g_S22,5.51,161.65,308,118,239.0,0.054393306,6,True,4,dorsal epidermis primordium,Epidermis,4,ventral epidermis,epidermis,ectoderm,5.51,161.65,308.0,208
1260-E4-8_g_S22,100,E4-8_g_S22,69.06,-156.67,308,152,304.0,0.05263158,6,True,12,amnioserosa,Amnioserosa,12,amnioserosa,amnioserosa,extra-embryonic,69.06,-156.67,308.0,30
1262-E4-8_g_S22,73,E4-8_g_S22,73.21,-186.86,308,79,139.0,0.07194245,5,True,6,tracheal primordium,Trachea,6,tracheal system,trachea,ectoderm,73.21,-186.86,308.0,9
1263-E4-8_g_S22,82,E4-8_g_S22,2.75,154.09,308,227,562.0,0.037366547,5,True,0,dorsal pharyngeal muscle primordium,Somatic muscle,0,somatic muscle,muscle,mesoderm,2.75,154.09,308.0,208
1264-E4-8_g_S22,71,E4-8_g_S22,-0.75,166.27,308,200,447.0,0.03131991,5,True,0,dorsal pharyngeal muscle primordium,Somatic muscle,0,somatic muscle,muscle,mesoderm,-0.75,166.27,308.0,208
1265-E4-8_g_S22,56,E4-8_g_S22,8.99,122.5,308,137,301.0,0.036544852,6,True,0,dorsal pharyngeal muscle primordium,Somatic muscle,0,somatic muscle,muscle,mesoderm,8.99,122.5,308.0,189
1268-E4-8_g_S22,50,E4-8_g_S22,-2.34,174.19,308,152,347.0,0.031700287,7,True,4,dorsal epidermis primordium,Epidermis,4,ventral epidermis,epidermis,ectoderm,-2.34,174.19,308.0,208
1271-E4-8_g_S22,124,E4-8_g_S22,59.64,-153.16,308,208,552.0,0.08876812,8,True,12,amnioserosa,Amnioserosa,12,amnioserosa,amnioserosa,extra-embryonic,59.64,-153.16,308.0,29
1272-E4-8_g_S22,58,E4-8_g_S22,-5.59,182.17,308,191,409.0,0.039119806,8,True,0,dorsal pharyngeal muscle primordium,Somatic muscle,0,somatic muscle,muscle,mesoderm,-5.59,182.17,308.0,208
1273-E4-8_g_S22,89,E4-8_g_S22,3.35,129.84,308,228,537.0,0.03538175,3,True,0,dorsal pharyngeal muscle primordium,Somatic muscle,0,somatic muscle,muscle,mesoderm,3.35,129.84,308.0,189
1274-E4-8_g_S22,127,E4-8_g_S22,16.71,57.41,308,271,696.0,0.050287355,10,True,7,yolk nucleus,Fat body,7,yolk,yolk,extra-embryonic,16.71,57.41,308.0,143
1276-E4-8_g_S22,57,E4-8_g_S22,0.45,144.86,308,164,397.0,0.035264485,6,True,0,dorsal pharyngeal muscle primordium,Somatic muscle,0,somatic muscle,muscle,mesoderm,0.45,144.86,308.0,189
1277-E4-8_g_S22,38,E4-8_g_S22,8.13,104.04,308,90,178.0,0.0056179776,1,True,6,tracheal primordium,Trachea,6,tracheal system,trachea,ectoderm,8.13,104.04,308.0,167
1279-E4-8_g_S22,56,E4-8_g_S22,56.92,-143.47,308,73,172.0,0.034883723,2,True,12,amnioserosa,Amnioserosa,12,amnioserosa,amnioserosa,extra-embryonic,56.92,-143.47,308.0,29
1280-E4-8_g_S22,90,E4-8_g_S22,31.29,-26.58,308,149,344.0,0.05523256,7,True,7,yolk nucleus,Fat body,7,yolk,yolk,extra-embryonic,31.29,-26.58,308.0,94
1281-E4-8_g_S22,54,E4-8_g_S22,64.77,-185.07,308,62,107.0,0.07476635,3,True,10,plasmatocyte primordium,Hemolymph cells,10,mesoderm_2,mesoderm,mesoderm,64.77,-185.07,308.0,9
1282-E4-8_g_S22,115,E4-8_g_S22,-1.44,121.4,308,301,824.0,0.05946602,8,True,0,dorsal pharyngeal muscle primordium,Somatic muscle,0,somatic muscle,muscle,mesoderm,-1.44,121.4,308.0,189
1283-E4-8_g_S22,53,E4-8_g_S22,7.29,89.14,308,206,483.0,0.03726708,5,True,1,pericardial cell primordium,Midgut,1,midgut primordium,midgut,endoderm,7.29,89.14,308.0,167
1284-E4-8_g_S22,66,E4-8_g_S22,35.97,-51.49,308,126,277.0,0.0433213,6,True,7,yolk nucleus,Fat body,7,yolk,yolk,extra-embryonic,35.97,-51.49,308.0,74
1286-E4-8_g_S22,85,E4-8_g_S22,-9.97,157.28,308,188,459.0,0.054466233,6,True,14,visceral branch primordium,Visceral branch,14,unknown,unknown,unknown,-9.97,157.28,308.0,208
1287-E4-8_g_S22,91,E4-8_g_S22,-0.3,111.16,308,222,576.0,0.032986112,7,True,0,dorsal pharyngeal muscle primordium,Somatic muscle,0,somatic muscle,muscle,mesoderm,-0.3,111.16,308.0,167
1288-E4-8_g_S22,69,E4-8_g_S22,8.78,72.89,308,264,727.0,0.046767537,7,True,1,pericardial cell primordium,Midgut,1,midgut primordium,midgut,endoderm,8.78,72.89,308.0,167
1291-E4-8_g_S22,125,E4-8_g_S22,-7.29,136.69,308,260,672.0,0.029761905,8,True,0,dorsal pharyngeal muscle primordium,Somatic muscle,0,somatic muscle,muscle,mesoderm,-7.29,136.69,308.0,189
1292-E4-8_g_S22,63,E4-8_g_S22,0.95,102.41,308,183,481.0,0.06860707,10,True,0,dorsal pharyngeal muscle primordium,Somatic muscle,0,somatic muscle,muscle,mesoderm,0.95,102.41,308.0,167
1293-E4-8_g_S22,81,E4-8_g_S22,8.26,65.07,308,202,504.0,0.05952381,9,True,7,yolk nucleus,Fat body,7,yolk,yolk,extra-embryonic,8.26,65.07,308.0,143
1295-E4-8_g_S22,66,E4-8_g_S22,-12.55,171.7,308,203,465.0,0.03655914,4,True,3,presumptive embryonic/larval peripheral nervous system,CNS,3,brain/ventral nerve cord_outer,CNS,neuroectoderm,-12.55,171.7,308.0,208
1297-E4-8_g_S22,60,E4-8_g_S22,-8.73,144.79,308,167,408.0,0.05392157,7,True,0,dorsal pharyngeal muscle primordium,Somatic muscle,0,somatic muscle,muscle,mesoderm,-8.73,144.79,308.0,189
1298-E4-8_g_S22,49,E4-8_g_S22,49.24,-140.12,308,76,147.0,0.027210884,4,True,12,amnioserosa,Amnioserosa,12,amnioserosa,amnioserosa,extra-embryonic,49.24,-140.12,308.0,29
1300-E4-8_g_S22,64,E4-8_g_S22,49.31,-153.34,308,118,249.0,0.04819277,4,True,12,amnioserosa,Amnioserosa,12,amnioserosa,amnioserosa,extra-embryonic,49.31,-153.34,308.0,29
1302-E4-8_g_S22,46,E4-8_g_S22,48.72,-146.5,308,96,197.0,0.015228426,2,True,12,amnioserosa,Amnioserosa,12,amnioserosa,amnioserosa,extra-embryonic,48.72,-146.5,308.0,29
1306-E4-8_g_S22,102,E4-8_g_S22,6.97,48.24,308,257,768.0,0.052083332,8,True,7,yolk nucleus,Fat body,7,yolk,yolk,extra-embryonic,6.97,48.24,308.0,143
1309-E4-8_g_S22,37,E4-8_g_S22,-20.97,167.77,308,127,248.0,0.044354837,4,True,6,tracheal primordium,Trachea,6,tracheal system,trachea,ectoderm,-20.97,167.77,308.0,207
1310-E4-8_g_S22,169,E4-8_g_S22,-2.44,56.83,308,267,654.0,0.047400612,6,True,7,yolk nucleus,Fat body,7,yolk,yolk,extra-embryonic,-2.44,56.83,308.0,143
1311-E4-8_g_S22,57,E4-8_g_S22,42.36,-153.48,308,101,212.0,0.047169812,5,True,12,amnioserosa,Amnioserosa,12,amnioserosa,amnioserosa,extra-embryonic,42.36,-153.48,308.0,29
1312-E4-8_g_S22,51,E4-8_g_S22,49.97,-184.02,308,69,129.0,0.046511628,3,True,7,yolk nucleus,Fat body,7,yolk,yolk,extra-embryonic,49.97,-184.02,308.0,8
1315-E4-8_g_S22,42,E4-8_g_S22,-5.32,90.88,308,113,211.0,0.04265403,4,True,1,pericardial cell primordium,Midgut,1,midgut primordium,midgut,endoderm,-5.32,90.88,308.0,167
1316-E4-8_g_S22,60,E4-8_g_S22,-25.82,171.74,308,155,351.0,0.037037037,5,True,2,dorsal epidermis primordium,Epidermis,2,epidermis,epidermis,ectoderm,-25.82,171.74,308.0,207
1318-E4-8_g_S22,82,E4-8_g_S22,-14.16,123.53,308,220,567.0,0.03527337,7,True,0,dorsal pharyngeal muscle primordium,Somatic muscle,0,somatic muscle,muscle,mesoderm,-14.16,123.53,308.0,189
1319-E4-8_g_S22,75,E4-8_g_S22,-10.02,94.55,308,187,436.0,0.07798165,9,True,1,pericardial cell primordium,Midgut,1,midgut primordium,midgut,endoderm,-10.02,94.55,308.0,167
1320-E4-8_g_S22,96,E4-8_g_S22,-6.82,80.89,308,302,742.0,0.043126684,9,True,1,pericardial cell primordium,Midgut,1,midgut primordium,midgut,endoderm,-6.82,80.89,308.0,167
1321-E4-8_g_S22,68,E4-8_g_S22,-17.32,132.64,308,179,433.0,0.0369515,8,True,0,dorsal pharyngeal muscle primordium,Somatic muscle,0,somatic muscle,muscle,mesoderm,-17.32,132.64,308.0,189
1324-E4-8_g_S22,36,E4-8_g_S22,-3.8,65.24,308,169,374.0,0.040106952,9,True,1,pericardial cell primordium,Midgut,1,midgut primordium,midgut,endoderm,-3.8,65.24,308.0,143
1327-E4-8_g_S22,52,E4-8_g_S22,-30.77,184.85,308,124,258.0,0.027131783,4,True,14,visceral branch primordium,Visceral branch,14,unknown,unknown,unknown,-30.77,184.85,308.0,207
1328-E4-8_g_S22,43,E4-8_g_S22,-26.01,158.73,308,159,371.0,0.045822103,6,True,8,mesectoderm anlage,Foregut,8,glia,CNS,neuroectoderm,-26.01,158.73,308.0,207
1329-E4-8_g_S22,62,E4-8_g_S22,-14.38,99.98,308,170,366.0,0.035519127,5,True,0,dorsal pharyngeal muscle primordium,Somatic muscle,0,somatic muscle,muscle,mesoderm,-14.38,99.98,308.0,167
1330-E4-8_g_S22,98,E4-8_g_S22,36.0,-160.55,308,164,367.0,0.046321526,6,True,12,amnioserosa,Amnioserosa,12,amnioserosa,amnioserosa,extra-embryonic,36.0,-160.55,308.0,29
1331-E4-8_g_S22,93,E4-8_g_S22,-3.78,42.16,308,212,500.0,0.044,7,True,7,yolk nucleus,Fat body,7,yolk,yolk,extra-embryonic,-3.78,42.16,308.0,143
1332-E4-8_g_S22,84,E4-8_g_S22,43.04,-190.81,308,58,101.0,0.03960396,2,True,8,mesectoderm anlage,Foregut,8,glia,CNS,neuroectoderm,43.04,-190.81,308.0,8
1333-E4-8_g_S22,60,E4-8_g_S22,40.39,-178.41,308,65,126.0,0.04761905,3,True,12,amnioserosa,Amnioserosa,12,amnioserosa,amnioserosa,extra-embryonic,40.39,-178.41,308.0,8
1336-E4-8_g_S22,55,E4-8_g_S22,-33.0,178.25,308,152,310.0,0.045161292,5,True,10,plasmatocyte primordium,Hemolymph cells,10,mesoderm_2,mesoderm,mesoderm,-33.0,178.25,308.0,207
1337-E4-8_g_S22,53,E4-8_g_S22,38.44,-169.72,308,62,124.0,0.032258064,2,True,12,amnioserosa,Amnioserosa,12,amnioserosa,amnioserosa,extra-embryonic,38.44,-169.72,308.0,8
1338-E4-8_g_S22,33,E4-8_g_S22,-23.18,129.74,308,104,237.0,0.05485232,4,True,0,dorsal pharyngeal muscle primordium,Somatic muscle,0,somatic muscle,muscle,mesoderm,-23.18,129.74,308.0,188
1340-E4-8_g_S22,56,E4-8_g_S22,30.52,-135.57,308,50,82.0,0.036585364,2,True,12,amnioserosa,Amnioserosa,12,amnioserosa,amnioserosa,extra-embryonic,30.52,-135.57,308.0,29
1341-E4-8_g_S22,38,E4-8_g_S22,-28.26,147.49,308,97,193.0,0.051813472,5,True,0,dorsal pharyngeal muscle primordium,Somatic muscle,0,somatic muscle,muscle,mesoderm,-28.26,147.49,308.0,188
1342-E4-8_g_S22,82,E4-8_g_S22,-25.93,123.9,308,202,511.0,0.045009784,6,True,0,dorsal pharyngeal muscle primordium,Somatic muscle,0,somatic muscle,muscle,mesoderm,-25.93,123.9,308.0,188
1343-E4-8_g_S22,43,E4-8_g_S22,32.51,-154.23,308,88,184.0,0.07065217,5,True,12,amnioserosa,Amnioserosa,12,amnioserosa,amnioserosa,extra-embryonic,32.51,-154.23,308.0,29
1345-E4-8_g_S22,60,E4-8_g_S22,-38.22,191.14,308,196,421.0,0.05463183,7,True,4,dorsal epidermis primordium,Epidermis,4,ventral epidermis,epidermis,ectoderm,-38.22,191.14,308.0,207
1346-E4-8_g_S22,167,E4-8_g_S22,27.12,-148.91,308,214,604.0,0.052980132,6,True,12,amnioserosa,Amnioserosa,12,amnioserosa,amnioserosa,extra-embryonic,27.12,-148.91,308.0,29
1348-E4-8_g_S22,57,E4-8_g_S22,-29.94,141.31,308,223,523.0,0.04780115,7,True,0,dorsal pharyngeal muscle primordium,Somatic muscle,0,somatic muscle,muscle,mesoderm,-29.94,141.31,308.0,188
1349-E4-8_g_S22,66,E4-8_g_S22,-28.27,134.01,308,193,417.0,0.040767387,5,True,0,dorsal pharyngeal muscle primordium,Somatic muscle,0,somatic muscle,muscle,mesoderm,-28.27,134.01,308.0,188
1351-E4-8_g_S22,66,E4-8_g_S22,-14.49,59.12,308,126,253.0,0.05928854,6,True,1,pericardial cell primordium,Midgut,1,midgut primordium,midgut,endoderm,-14.49,59.12,308.0,143
1352-E4-8_g_S22,41,E4-8_g_S22,35.1,-183.17,308,47,89.0,0.02247191,2,True,12,amnioserosa,Amnioserosa,12,amnioserosa,amnioserosa,extra-embryonic,35.1,-183.17,308.0,8
1353-E4-8_g_S22,56,E4-8_g_S22,-37.3,171.8,308,160,390.0,0.04871795,7,True,6,tracheal primordium,Trachea,6,tracheal system,trachea,ectoderm,-37.3,171.8,308.0,207
1354-E4-8_g_S22,128,E4-8_g_S22,-38.32,162.22,308,282,687.0,0.048034936,11,True,4,dorsal epidermis primordium,Epidermis,4,ventral epidermis,epidermis,ectoderm,-38.32,162.22,308.0,207
1356-E4-8_g_S22,116,E4-8_g_S22,-14.39,42.05,308,271,768.0,0.063802086,9,True,7,yolk nucleus,Fat body,7,yolk,yolk,extra-embryonic,-14.39,42.05,308.0,143
1359-E4-8_g_S22,73,E4-8_g_S22,30.87,-172.15,308,89,168.0,0.023809524,2,True,12,amnioserosa,Amnioserosa,12,amnioserosa,amnioserosa,extra-embryonic,30.87,-172.15,308.0,8
1361-E4-8_g_S22,45,E4-8_g_S22,30.55,-179.05,308,51,84.0,0.011904762,1,True,12,amnioserosa,Amnioserosa,12,amnioserosa,amnioserosa,extra-embryonic,30.55,-179.05,308.0,8
1364-E4-8_g_S22,55,E4-8_g_S22,-24.61,95.01,308,90,178.0,0.028089888,2,True,0,dorsal pharyngeal muscle primordium,Somatic muscle,0,somatic muscle,muscle,mesoderm,-24.61,95.01,308.0,166
1366-E4-8_g_S22,58,E4-8_g_S22,-43.47,184.94,308,161,397.0,0.040302265,9,True,4,dorsal epidermis primordium,Epidermis,4,ventral epidermis,epidermis,ectoderm,-43.47,184.94,308.0,207
1367-E4-8_g_S22,123,E4-8_g_S22,-32.66,117.26,308,265,784.0,0.038265307,6,True,0,dorsal pharyngeal muscle primordium,Somatic muscle,0,somatic muscle,muscle,mesoderm,-32.66,117.26,308.0,188
1368-E4-8_g_S22,127,E4-8_g_S22,-7.99,-6.04,308,264,645.0,0.046511628,10,True,7,yolk nucleus,Fat body,7,yolk,yolk,extra-embryonic,-7.99,-6.04,308.0,118
1369-E4-8_g_S22,129,E4-8_g_S22,-9.05,-13.63,308,247,638.0,0.07053292,7,True,7,yolk nucleus,Fat body,7,yolk,yolk,extra-embryonic,-9.05,-13.63,308.0,93
1370-E4-8_g_S22,101,E4-8_g_S22,-45.54,172.63,308,260,641.0,0.040561624,7,True,4,dorsal epidermis primordium,Epidermis,4,ventral epidermis,epidermis,ectoderm,-45.54,172.63,308.0,207
1371-E4-8_g_S22,71,E4-8_g_S22,-19.82,52.57,308,126,261.0,0.06130268,5,True,7,yolk nucleus,Fat body,7,yolk,yolk,extra-embryonic,-19.82,52.57,308.0,142
1372-E4-8_g_S22,55,E4-8_g_S22,-28.95,104.65,308,137,351.0,0.037037037,6,True,0,dorsal pharyngeal muscle primordium,Somatic muscle,0,somatic muscle,muscle,mesoderm,-28.95,104.65,308.0,166
1373-E4-8_g_S22,57,E4-8_g_S22,-22.47,61.2,308,143,322.0,0.055900622,6,True,1,pericardial cell primordium,Midgut,1,midgut primordium,midgut,endoderm,-22.47,61.2,308.0,142
1374-E4-8_g_S22,130,E4-8_g_S22,-8.39,-22.19,308,224,554.0,0.07220217,6,True,7,yolk nucleus,Fat body,7,yolk,yolk,extra-embryonic,-8.39,-22.19,308.0,93
1375-E4-8_g_S22,52,E4-8_g_S22,-41.13,153.82,308,121,275.0,0.043636363,4,True,9,mesectoderm,Stomatogastric nervous system,9,sensory neuron,PNS,neuroectoderm,-41.13,153.82,308.0,207
1376-E4-8_g_S22,78,E4-8_g_S22,-38.3,137.81,308,253,606.0,0.037953794,7,True,0,dorsal pharyngeal muscle primordium,Somatic muscle,0,somatic muscle,muscle,mesoderm,-38.3,137.81,308.0,188
1377-E4-8_g_S22,46,E4-8_g_S22,2.24,-59.45,308,114,209.0,0.043062203,4,True,7,yolk nucleus,Fat body,7,yolk,yolk,extra-embryonic,2.24,-59.45,308.0,73
1379-E4-8_g_S22,51,E4-8_g_S22,-40.93,147.4,308,175,401.0,0.03990025,7,True,2,dorsal epidermis primordium,Epidermis,2,epidermis,epidermis,ectoderm,-40.93,147.4,308.0,188
1380-E4-8_g_S22,118,E4-8_g_S22,-13.11,4.18,308,219,631.0,0.04912837,6,True,7,yolk nucleus,Fat body,7,yolk,yolk,extra-embryonic,-13.11,4.18,308.0,118
1381-E4-8_g_S22,102,E4-8_g_S22,2.6,-78.47,308,186,422.0,0.06398104,9,True,7,yolk nucleus,Fat body,7,yolk,yolk,extra-embryonic,2.6,-78.47,308.0,73
1382-E4-8_g_S22,56,E4-8_g_S22,-28.09,83.39,308,172,413.0,0.06779661,6,True,1,pericardial cell primordium,Midgut,1,midgut primordium,midgut,endoderm,-28.09,83.39,308.0,166
1383-E4-8_g_S22,54,E4-8_g_S22,-38.23,128.55,308,178,396.0,0.01010101,4,True,0,dorsal pharyngeal muscle primordium,Somatic muscle,0,somatic muscle,muscle,mesoderm,-38.23,128.55,308.0,188
1384-E4-8_g_S22,89,E4-8_g_S22,-28.4,66.93,308,251,627.0,0.060606062,10,True,1,pericardial cell primordium,Midgut,1,midgut primordium,midgut,endoderm,-28.4,66.93,308.0,142
1385-E4-8_g_S22,134,E4-8_g_S22,16.56,-153.41,308,214,483.0,0.04761905,5,True,12,amnioserosa,Amnioserosa,12,amnioserosa,amnioserosa,extra-embryonic,16.56,-153.41,308.0,28
1387-E4-8_g_S22,79,E4-8_g_S22,-36.85,103.68,308,180,451.0,0.05543237,6,True,11,visceral muscle primordium,Visceral muscle,11,visceral muscle,muscle,mesoderm,-36.85,103.68,308.0,166
1388-E4-8_g_S22,47,E4-8_g_S22,-50.34,180.42,308,137,280.0,0.060714286,4,True,4,dorsal epidermis primordium,Epidermis,4,ventral epidermis,epidermis,ectoderm,-50.34,180.42,308.0,207
1389-E4-8_g_S22,71,E4-8_g_S22,-48.39,159.49,308,168,413.0,0.02905569,2,True,4,dorsal epidermis primordium,Epidermis,4,ventral epidermis,epidermis,ectoderm,-48.39,159.49,308.0,207
1390-E4-8_g_S22,92,E4-8_g_S22,-31.13,76.64,308,248,622.0,0.046623792,8,True,1,pericardial cell primordium,Midgut,1,midgut primordium,midgut,endoderm,-31.13,76.64,308.0,166
1391-E4-8_g_S22,71,E4-8_g_S22,-29.2,54.3,308,159,355.0,0.06760564,7,True,1,pericardial cell primordium,Midgut,1,midgut primordium,midgut,endoderm,-29.2,54.3,308.0,142
1393-E4-8_g_S22,53,E4-8_g_S22,-43.72,117.81,308,153,357.0,0.04481793,7,True,0,dorsal pharyngeal muscle primordium,Somatic muscle,0,somatic muscle,muscle,mesoderm,-43.72,117.81,308.0,188
1394-E4-8_g_S22,65,E4-8_g_S22,-41.56,112.19,308,175,410.0,0.068292685,6,True,0,dorsal pharyngeal muscle primordium,Somatic muscle,0,somatic muscle,muscle,mesoderm,-41.56,112.19,308.0,188
1395-E4-8_g_S22,253,E4-8_g_S22,-11.49,-66.34,308,375,951.0,0.03995794,8,True,7,yolk nucleus,Fat body,7,yolk,yolk,extra-embryonic,-11.49,-66.34,308.0,73
1396-E4-8_g_S22,76,E4-8_g_S22,-2.31,-84.66,308,103,223.0,0.076233186,7,True,7,yolk nucleus,Fat body,7,yolk,yolk,extra-embryonic,-2.31,-84.66,308.0,73
1398-E4-8_g_S22,85,E4-8_g_S22,-50.17,136.57,308,212,533.0,0.054409005,9,True,0,dorsal pharyngeal muscle primordium,Somatic muscle,0,somatic muscle,muscle,mesoderm,-50.17,136.57,308.0,188
1399-E4-8_g_S22,209,E4-8_g_S22,6.7,-154.92,308,274,767.0,0.057366364,8,True,12,amnioserosa,Amnioserosa,12,amnioserosa,amnioserosa,extra-embryonic,6.7,-154.92,308.0,28
1402-E4-8_g_S22,63,E4-8_g_S22,-47.2,129.81,308,213,496.0,0.032258064,7,True,0,dorsal pharyngeal muscle primordium,Somatic muscle,0,somatic muscle,muscle,mesoderm,-47.2,129.81,308.0,188
1403-E4-8_g_S22,72,E4-8_g_S22,-30.47,45.65,308,222,539.0,0.050092764,7,True,7,yolk nucleus,Fat body,7,yolk,yolk,extra-embryonic,-30.47,45.65,308.0,142
1404-E4-8_g_S22,87,E4-8_g_S22,-37.97,70.31,308,250,587.0,0.04599659,8,True,1,pericardial cell primordium,Midgut,1,midgut primordium,midgut,endoderm,-37.97,70.31,308.0,142
1405-E4-8_g_S22,51,E4-8_g_S22,-4.68,-89.93,308,91,162.0,0.018518519,2,True,7,yolk nucleus,Fat body,7,yolk,yolk,extra-embryonic,-4.68,-89.93,308.0,51
1406-E4-8_g_S22,42,E4-8_g_S22,13.64,-174.52,308,44,79.0,0.050632913,3,True,12,amnioserosa,Amnioserosa,12,amnioserosa,amnioserosa,extra-embryonic,13.64,-174.52,308.0,7
1407-E4-8_g_S22,62,E4-8_g_S22,-58.09,174.17,308,201,508.0,0.03937008,5,True,14,visceral branch primordium,Visceral branch,14,unknown,unknown,unknown,-58.09,174.17,308.0,207
1408-E4-8_g_S22,52,E4-8_g_S22,-51.45,143.5,308,126,300.0,0.03,3,True,15,dorsal pharyngeal muscle primordium,Somatic muscle,15,somatic muscle,muscle,mesoderm,-51.45,143.5,308.0,188
1409-E4-8_g_S22,73,E4-8_g_S22,12.94,-182.34,308,90,150.0,0.033333335,4,True,12,amnioserosa,Amnioserosa,12,amnioserosa,amnioserosa,extra-embryonic,12.94,-182.34,308.0,7
1410-E4-8_g_S22,41,E4-8_g_S22,-48.01,121.8,308,123,251.0,0.01992032,2,True,0,dorsal pharyngeal muscle primordium,Somatic muscle,0,somatic muscle,muscle,mesoderm,-48.01,121.8,308.0,188
1411-E4-8_g_S22,65,E4-8_g_S22,-64.44,183.9,308,151,312.0,0.06410257,6,True,2,dorsal epidermis primordium,Epidermis,2,epidermis,epidermis,ectoderm,-64.44,183.9,308.0,206
1412-E4-8_g_S22,105,E4-8_g_S22,-47.39,103.65,308,282,631.0,0.044374008,10,True,0,dorsal pharyngeal muscle primordium,Somatic muscle,0,somatic muscle,muscle,mesoderm,-47.39,103.65,308.0,166
1413-E4-8_g_S22,102,E4-8_g_S22,-43.04,81.98,308,244,661.0,0.048411496,9,True,1,pericardial cell primordium,Midgut,1,midgut primordium,midgut,endoderm,-43.04,81.98,308.0,166
1414-E4-8_g_S22,84,E4-8_g_S22,-34.1,37.77,308,210,560.0,0.08928572,13,True,7,yolk nucleus,Fat body,7,yolk,yolk,extra-embryonic,-34.1,37.77,308.0,142
1416-E4-8_g_S22,69,E4-8_g_S22,-37.74,57.53,308,148,339.0,0.05899705,4,True,1,pericardial cell primordium,Midgut,1,midgut primordium,midgut,endoderm,-37.74,57.53,308.0,142
1417-E4-8_g_S22,72,E4-8_g_S22,11.37,-191.06,308,63,114.0,0.07017544,3,True,12,amnioserosa,Amnioserosa,12,amnioserosa,amnioserosa,extra-embryonic,11.37,-191.06,308.0,7
1419-E4-8_g_S22,43,E4-8_g_S22,-64.99,178.01,308,142,289.0,0.062283736,6,True,3,presumptive embryonic/larval peripheral nervous system,CNS,3,brain/ventral nerve cord_outer,CNS,neuroectoderm,-64.99,178.01,308.0,206
1420-E4-8_g_S22,58,E4-8_g_S22,-13.64,-75.72,308,106,243.0,0.041152265,5,True,7,yolk nucleus,Fat body,7,yolk,yolk,extra-embryonic,-13.64,-75.72,308.0,73
1422-E4-8_g_S22,81,E4-8_g_S22,-55.65,124.3,308,206,471.0,0.050955415,3,True,0,dorsal pharyngeal muscle primordium,Somatic muscle,0,somatic muscle,muscle,mesoderm,-55.65,124.3,308.0,188
1423-E4-8_g_S22,65,E4-8_g_S22,-35.61,26.56,308,186,421.0,0.052256532,5,True,7,yolk nucleus,Fat body,7,yolk,yolk,extra-embryonic,-35.61,26.56,308.0,117
1424-E4-8_g_S22,67,E4-8_g_S22,5.85,-177.53,308,92,170.0,0.05882353,4,True,12,amnioserosa,Amnioserosa,12,amnioserosa,amnioserosa,extra-embryonic,5.85,-177.53,308.0,7
1425-E4-8_g_S22,53,E4-8_g_S22,-63.61,162.28,308,147,360.0,0.05277778,5,True,0,dorsal pharyngeal muscle primordium,Somatic muscle,0,somatic muscle,muscle,mesoderm,-63.61,162.28,308.0,206
1428-E4-8_g_S22,71,E4-8_g_S22,-42.01,50.47,308,154,337.0,0.059347183,8,True,1,pericardial cell primordium,Midgut,1,midgut primordium,midgut,endoderm,-42.01,50.47,308.0,142
1429-E4-8_g_S22,35,E4-8_g_S22,-39.1,43.79,308,122,284.0,0.049295776,4,True,7,yolk nucleus,Fat body,7,yolk,yolk,extra-embryonic,-39.1,43.79,308.0,142
1430-E4-8_g_S22,49,E4-8_g_S22,4.7,-169.68,308,69,138.0,0.04347826,3,True,12,amnioserosa,Amnioserosa,12,amnioserosa,amnioserosa,extra-embryonic,4.7,-169.68,308.0,7
1433-E4-8_g_S22,75,E4-8_g_S22,-67.31,170.82,308,197,460.0,0.019565217,3,True,8,mesectoderm anlage,Foregut,8,glia,CNS,neuroectoderm,-67.31,170.82,308.0,206
1435-E4-8_g_S22,144,E4-8_g_S22,-4.77,-157.42,308,222,552.0,0.08514493,7,True,12,amnioserosa,Amnioserosa,12,amnioserosa,amnioserosa,extra-embryonic,-4.77,-157.42,308.0,28
1436-E4-8_g_S22,79,E4-8_g_S22,2.7,-186.23,308,86,167.0,0.077844314,4,True,7,yolk nucleus,Fat body,7,yolk,yolk,extra-embryonic,2.7,-186.23,308.0,7
1437-E4-8_g_S22,70,E4-8_g_S22,-73.86,185.34,308,167,369.0,0.043360434,10,True,4,dorsal epidermis primordium,Epidermis,4,ventral epidermis,epidermis,ectoderm,-73.86,185.34,308.0,206
1438-E4-8_g_S22,94,E4-8_g_S22,-62.77,137.33,308,206,549.0,0.06557377,7,True,0,dorsal pharyngeal muscle primordium,Somatic muscle,0,somatic muscle,muscle,mesoderm,-62.77,137.33,308.0,187
1440-E4-8_g_S22,130,E4-8_g_S22,-47.07,37.83,308,288,793.0,0.079445146,11,True,7,yolk nucleus,Fat body,7,yolk,yolk,extra-embryonic,-47.07,37.83,308.0,142
1441-E4-8_g_S22,52,E4-8_g_S22,3.65,-194.98,308,65,101.0,0.03960396,2,True,10,plasmatocyte primordium,Hemolymph cells,10,mesoderm_2,mesoderm,mesoderm,3.65,-194.98,308.0,7
1442-E4-8_g_S22,54,E4-8_g_S22,-2.18,-174.51,308,84,163.0,0.06748466,5,True,12,amnioserosa,Amnioserosa,12,amnioserosa,amnioserosa,extra-embryonic,-2.18,-174.51,308.0,7
1443-E4-8_g_S22,74,E4-8_g_S22,1.4,-202.25,308,66,107.0,0.028037382,3,True,12,amnioserosa,Amnioserosa,12,amnioserosa,amnioserosa,extra-embryonic,1.4,-202.25,308.0,7
1444-E4-8_g_S22,91,E4-8_g_S22,-72.36,158.18,308,215,572.0,0.043706294,9,True,0,dorsal pharyngeal muscle primordium,Somatic muscle,0,somatic muscle,muscle,mesoderm,-72.36,158.18,308.0,206
1445-E4-8_g_S22,72,E4-8_g_S22,-65.4,126.57,308,207,453.0,0.052980132,6,True,0,dorsal pharyngeal muscle primordium,Somatic muscle,0,somatic muscle,muscle,mesoderm,-65.4,126.57,308.0,187
1446-E4-8_g_S22,185,E4-8_g_S22,-61.59,94.86,308,403,1227.0,0.037489813,9,True,1,pericardial cell primordium,Midgut,1,midgut primordium,midgut,endoderm,-61.59,94.86,308.0,165
1448-E4-8_g_S22,93,E4-8_g_S22,-78.09,177.59,308,254,636.0,0.056603774,7,True,9,mesectoderm,Stomatogastric nervous system,9,sensory neuron,PNS,neuroectoderm,-78.09,177.59,308.0,206
1449-E4-8_g_S22,73,E4-8_g_S22,-69.87,134.99,308,223,536.0,0.041044775,8,True,0,dorsal pharyngeal muscle primordium,Somatic muscle,0,somatic muscle,muscle,mesoderm,-69.87,134.99,308.0,187
1450-E4-8_g_S22,43,E4-8_g_S22,-4.9,-180.71,308,44,77.0,0.012987013,1,True,12,amnioserosa,Amnioserosa,12,amnioserosa,amnioserosa,extra-embryonic,-4.9,-180.71,308.0,7
1451-E4-8_g_S22,78,E4-8_g_S22,-11.6,-152.84,308,174,400.0,0.0725,7,True,12,amnioserosa,Amnioserosa,12,amnioserosa,amnioserosa,extra-embryonic,-11.6,-152.84,308.0,28
1453-E4-8_g_S22,220,E4-8_g_S22,-19.77,-150.38,308,388,1014.0,0.043392505,10,True,7,yolk nucleus,Fat body,7,yolk,yolk,extra-embryonic,-19.77,-150.38,308.0,27
1454-E4-8_g_S22,59,E4-8_g_S22,-4.88,-192.89,308,59,119.0,0.016806724,2,True,7,yolk nucleus,Fat body,7,yolk,yolk,extra-embryonic,-4.88,-192.89,308.0,7
1460-E4-8_g_S22,59,E4-8_g_S22,-31.63,-66.25,308,106,184.0,0.016304348,2,True,7,yolk nucleus,Fat body,7,yolk,yolk,extra-embryonic,-31.63,-66.25,308.0,72
1461-E4-8_g_S22,70,E4-8_g_S22,-74.95,143.01,308,261,588.0,0.025510205,6,True,0,dorsal pharyngeal muscle primordium,Somatic muscle,0,somatic muscle,muscle,mesoderm,-74.95,143.01,308.0,187
1464-E4-8_g_S22,56,E4-8_g_S22,-11.28,-182.42,308,75,136.0,0.066176474,3,True,7,yolk nucleus,Fat body,7,yolk,yolk,extra-embryonic,-11.28,-182.42,308.0,7
1465-E4-8_g_S22,68,E4-8_g_S22,-76.69,132.25,308,206,482.0,0.03941909,6,True,0,dorsal pharyngeal muscle primordium,Somatic muscle,0,somatic muscle,muscle,mesoderm,-76.69,132.25,308.0,187
1466-E4-8_g_S22,94,E4-8_g_S22,-45.18,-18.41,308,197,452.0,0.06637168,7,True,7,yolk nucleus,Fat body,7,yolk,yolk,extra-embryonic,-45.18,-18.41,308.0,92
1468-E4-8_g_S22,53,E4-8_g_S22,-86.56,181.02,308,133,244.0,0.05327869,6,True,9,mesectoderm,Stomatogastric nervous system,9,sensory neuron,PNS,neuroectoderm,-86.56,181.02,308.0,206
1469-E4-8_g_S22,43,E4-8_g_S22,-79.93,156.49,308,106,218.0,0.041284405,4,True,8,mesectoderm anlage,Foregut,8,glia,CNS,neuroectoderm,-79.93,156.49,308.0,206
1475-E4-8_g_S22,58,E4-8_g_S22,-70.82,91.83,308,158,418.0,0.031100478,6,True,13,salivary gland body primordium,Salivary gland body,13,salivary gland,salivary gland,ectoderm,-70.82,91.83,308.0,165
1477-E4-8_g_S22,58,E4-8_g_S22,-86.05,160.5,308,137,276.0,0.032608695,3,True,8,mesectoderm anlage,Foregut,8,glia,CNS,neuroectoderm,-86.05,160.5,308.0,206
1478-E4-8_g_S22,81,E4-8_g_S22,-64.36,51.1,308,225,528.0,0.053030305,10,True,1,pericardial cell primordium,Midgut,1,midgut primordium,midgut,endoderm,-64.36,51.1,308.0,141
1479-E4-8_g_S22,46,E4-8_g_S22,-16.11,-186.25,308,65,132.0,0.053030305,4,True,12,amnioserosa,Amnioserosa,12,amnioserosa,amnioserosa,extra-embryonic,-16.11,-186.25,308.0,7
1481-E4-8_g_S22,59,E4-8_g_S22,-82.66,141.54,308,183,414.0,0.028985508,6,True,13,salivary gland body primordium,Salivary gland body,13,salivary gland,salivary gland,ectoderm,-82.66,141.54,308.0,187
1483-E4-8_g_S22,47,E4-8_g_S22,-41.84,-54.17,308,85,146.0,0.01369863,2,True,7,yolk nucleus,Fat body,7,yolk,yolk,extra-embryonic,-41.84,-54.17,308.0,72
1484-E4-8_g_S22,53,E4-8_g_S22,-13.11,-199.81,308,58,99.0,0.02020202,2,True,14,visceral branch primordium,Visceral branch,14,unknown,unknown,unknown,-13.11,-199.81,308.0,7
1486-E4-8_g_S22,68,E4-8_g_S22,-80.03,124.63,308,228,525.0,0.06285714,7,True,13,salivary gland body primordium,Salivary gland body,13,salivary gland,salivary gland,ectoderm,-80.03,124.63,308.0,187
1487-E4-8_g_S22,75,E4-8_g_S22,-17.81,-194.83,308,82,150.0,0.02,2,True,7,yolk nucleus,Fat body,7,yolk,yolk,extra-embryonic,-17.81,-194.83,308.0,7
1488-E4-8_g_S22,69,E4-8_g_S22,-91.17,170.94,308,174,439.0,0.027334852,4,True,14,visceral branch primordium,Visceral branch,14,unknown,unknown,unknown,-91.17,170.94,308.0,206
1489-E4-8_g_S22,99,E4-8_g_S22,-79.51,105.37,308,220,673.0,0.023774145,6,True,13,salivary gland body primordium,Salivary gland body,13,salivary gland,salivary gland,ectoderm,-79.51,105.37,308.0,165
1490-E4-8_g_S22,57,E4-8_g_S22,-72.07,77.09,308,205,443.0,0.05643341,7,True,1,pericardial cell primordium,Midgut,1,midgut primordium,midgut,endoderm,-72.07,77.09,308.0,165
1491-E4-8_g_S22,98,E4-8_g_S22,-60.06,7.75,308,266,719.0,0.05285118,7,True,7,yolk nucleus,Fat body,7,yolk,yolk,extra-embryonic,-60.06,7.75,308.0,116
1492-E4-8_g_S22,77,E4-8_g_S22,-53.59,-23.67,308,212,533.0,0.031894933,4,True,7,yolk nucleus,Fat body,7,yolk,yolk,extra-embryonic,-53.59,-23.67,308.0,92
1493-E4-8_g_S22,75,E4-8_g_S22,-21.29,-180.95,308,103,233.0,0.072961375,7,True,12,amnioserosa,Amnioserosa,12,amnioserosa,amnioserosa,extra-embryonic,-21.29,-180.95,308.0,6
1496-E4-8_g_S22,93,E4-8_g_S22,-62.3,19.07,308,233,630.0,0.042857144,7,True,7,yolk nucleus,Fat body,7,yolk,yolk,extra-embryonic,-62.3,19.07,308.0,116
1499-E4-8_g_S22,61,E4-8_g_S22,-67.54,39.61,308,171,365.0,0.03561644,5,True,1,pericardial cell primordium,Midgut,1,midgut primordium,midgut,endoderm,-67.54,39.61,308.0,141
1500-E4-8_g_S22,63,E4-8_g_S22,-25.06,-175.15,308,133,225.0,0.04888889,3,True,12,amnioserosa,Amnioserosa,12,amnioserosa,amnioserosa,extra-embryonic,-25.06,-175.15,308.0,6
1501-E4-8_g_S22,79,E4-8_g_S22,-96.14,164.53,308,227,519.0,0.055876687,7,True,4,dorsal epidermis primordium,Epidermis,4,ventral epidermis,epidermis,ectoderm,-96.14,164.53,308.0,206
1502-E4-8_g_S22,74,E4-8_g_S22,-87.91,124.98,308,211,590.0,0.037288137,7,True,13,salivary gland body primordium,Salivary gland body,13,salivary gland,salivary gland,ectoderm,-87.91,124.98,308.0,187
1503-E4-8_g_S22,64,E4-8_g_S22,-71.38,48.19,308,209,526.0,0.045627378,5,True,1,pericardial cell primordium,Midgut,1,midgut primordium,midgut,endoderm,-71.38,48.19,308.0,141
1504-E4-8_g_S22,110,E4-8_g_S22,-55.22,-34.72,308,277,687.0,0.045123726,8,True,7,yolk nucleus,Fat body,7,yolk,yolk,extra-embryonic,-55.22,-34.72,308.0,92
1507-E4-8_g_S22,83,E4-8_g_S22,-24.41,-190.59,308,94,198.0,0.04040404,4,True,12,amnioserosa,Amnioserosa,12,amnioserosa,amnioserosa,extra-embryonic,-24.41,-190.59,308.0,6
1508-E4-8_g_S22,34,E4-8_g_S22,-88.65,131.96,308,112,229.0,0.05676856,5,True,14,visceral branch primordium,Visceral branch,14,unknown,unknown,unknown,-88.65,131.96,308.0,187
1509-E4-8_g_S22,121,E4-8_g_S22,-84.52,97.11,308,256,828.0,0.031400967,10,True,13,salivary gland body primordium,Salivary gland body,13,salivary gland,salivary gland,ectoderm,-84.52,97.11,308.0,165
1510-E4-8_g_S22,76,E4-8_g_S22,-100.25,175.17,308,217,526.0,0.038022812,8,True,2,dorsal epidermis primordium,Epidermis,2,epidermis,epidermis,ectoderm,-100.25,175.17,308.0,205
1511-E4-8_g_S22,97,E4-8_g_S22,-94.25,136.85,308,326,875.0,0.048,9,True,13,salivary gland body primordium,Salivary gland body,13,salivary gland,salivary gland,ectoderm,-94.25,136.85,308.0,187
1512-E4-8_g_S22,86,E4-8_g_S22,-53.65,-55.74,308,159,372.0,0.07526882,5,True,7,yolk nucleus,Fat body,7,yolk,yolk,extra-embryonic,-53.65,-55.74,308.0,72
1515-E4-8_g_S22,73,E4-8_g_S22,-103.29,182.78,308,196,449.0,0.035634745,6,True,9,mesectoderm,Stomatogastric nervous system,9,sensory neuron,PNS,neuroectoderm,-103.29,182.78,308.0,205
1517-E4-8_g_S22,79,E4-8_g_S22,-78.16,54.0,308,251,655.0,0.04274809,9,True,1,pericardial cell primordium,Midgut,1,midgut primordium,midgut,endoderm,-78.16,54.0,308.0,141
1518-E4-8_g_S22,80,E4-8_g_S22,-74.83,38.74,308,226,498.0,0.04819277,6,True,1,pericardial cell primordium,Midgut,1,midgut primordium,midgut,endoderm,-74.83,38.74,308.0,141
1519-E4-8_g_S22,154,E4-8_g_S22,-88.6,88.9,308,297,962.0,0.032224532,8,True,13,salivary gland body primordium,Salivary gland body,13,salivary gland,salivary gland,ectoderm,-88.6,88.9,308.0,165
1520-E4-8_g_S22,88,E4-8_g_S22,-72.65,20.52,308,233,605.0,0.062809914,7,True,7,yolk nucleus,Fat body,7,yolk,yolk,extra-embryonic,-72.65,20.52,308.0,116
1522-E4-8_g_S22,114,E4-8_g_S22,-26.55,-202.94,308,124,231.0,0.030303031,4,True,10,plasmatocyte primordium,Hemolymph cells,10,mesoderm_2,mesoderm,mesoderm,-26.55,-202.94,308.0,6
1524-E4-8_g_S22,44,E4-8_g_S22,-95.47,129.75,308,116,243.0,0.024691358,4,True,13,salivary gland body primordium,Salivary gland body,13,salivary gland,salivary gland,ectoderm,-95.47,129.75,308.0,187
1525-E4-8_g_S22,71,E4-8_g_S22,-69.36,1.01,308,151,369.0,0.062330622,5,True,7,yolk nucleus,Fat body,7,yolk,yolk,extra-embryonic,-69.36,1.01,308.0,116
1526-E4-8_g_S22,70,E4-8_g_S22,-55.83,-64.5,308,160,347.0,0.063400574,5,True,7,yolk nucleus,Fat body,7,yolk,yolk,extra-embryonic,-55.83,-64.5,308.0,72
1527-E4-8_g_S22,66,E4-8_g_S22,-36.62,-159.78,308,153,340.0,0.052941177,3,True,12,amnioserosa,Amnioserosa,12,amnioserosa,amnioserosa,extra-embryonic,-36.62,-159.78,308.0,27
1528-E4-8_g_S22,62,E4-8_g_S22,-32.85,-177.1,308,114,212.0,0.028301887,3,True,12,amnioserosa,Amnioserosa,12,amnioserosa,amnioserosa,extra-embryonic,-32.85,-177.1,308.0,6
1530-E4-8_g_S22,98,E4-8_g_S22,-33.84,-188.99,308,124,266.0,0.05263158,4,True,7,yolk nucleus,Fat body,7,yolk,yolk,extra-embryonic,-33.84,-188.99,308.0,6
1531-E4-8_g_S22,45,E4-8_g_S22,-81.57,49.04,308,181,427.0,0.04918033,8,True,1,pericardial cell primordium,Midgut,1,midgut primordium,midgut,endoderm,-81.57,49.04,308.0,141
1532-E4-8_g_S22,65,E4-8_g_S22,-74.01,12.14,308,169,386.0,0.054404143,8,True,7,yolk nucleus,Fat body,7,yolk,yolk,extra-embryonic,-74.01,12.14,308.0,116
1533-E4-8_g_S22,75,E4-8_g_S22,-37.61,-169.19,308,139,271.0,0.062730625,5,True,12,amnioserosa,Amnioserosa,12,amnioserosa,amnioserosa,extra-embryonic,-37.61,-169.19,308.0,6
1535-E4-8_g_S22,102,E4-8_g_S22,-61.06,-71.14,308,198,462.0,0.04978355,7,True,7,yolk nucleus,Fat body,7,yolk,yolk,extra-embryonic,-61.06,-71.14,308.0,71
1537-E4-8_g_S22,76,E4-8_g_S22,-65.87,-42.33,308,214,517.0,0.029013539,5,True,7,yolk nucleus,Fat body,7,yolk,yolk,extra-embryonic,-65.87,-42.33,308.0,91
1539-E4-8_g_S22,82,E4-8_g_S22,-110.76,175.67,308,187,427.0,0.06088993,7,True,2,dorsal epidermis primordium,Epidermis,2,epidermis,epidermis,ectoderm,-110.76,175.67,308.0,205
1540-E4-8_g_S22,77,E4-8_g_S22,-89.68,77.14,308,209,569.0,0.045694202,6,True,1,pericardial cell primordium,Midgut,1,midgut primordium,midgut,endoderm,-89.68,77.14,308.0,165
1541-E4-8_g_S22,81,E4-8_g_S22,-89.07,65.45,308,255,601.0,0.034941763,5,True,1,pericardial cell primordium,Midgut,1,midgut primordium,midgut,endoderm,-89.07,65.45,308.0,141
1542-E4-8_g_S22,55,E4-8_g_S22,-68.65,-24.17,308,130,291.0,0.024054984,4,True,7,yolk nucleus,Fat body,7,yolk,yolk,extra-embryonic,-68.65,-24.17,308.0,91
1543-E4-8_g_S22,96,E4-8_g_S22,-65.13,-54.63,308,223,525.0,0.074285716,10,True,7,yolk nucleus,Fat body,7,yolk,yolk,extra-embryonic,-65.13,-54.63,308.0,71
1544-E4-8_g_S22,246,E4-8_g_S22,-48.93,-157.38,308,360,1016.0,0.033464566,7,True,12,amnioserosa,Amnioserosa,12,amnioserosa,amnioserosa,extra-embryonic,-48.93,-157.38,308.0,27
1545-E4-8_g_S22,54,E4-8_g_S22,-34.4,-199.64,308,67,120.0,0.058333334,5,True,12,amnioserosa,Amnioserosa,12,amnioserosa,amnioserosa,extra-embryonic,-34.4,-199.64,308.0,6
1547-E4-8_g_S22,48,E4-8_g_S22,-72.89,-12.75,308,135,285.0,0.056140352,5,True,7,yolk nucleus,Fat body,7,yolk,yolk,extra-embryonic,-72.89,-12.75,308.0,91
1549-E4-8_g_S22,67,E4-8_g_S22,-87.91,46.61,308,189,435.0,0.022988506,4,True,1,pericardial cell primordium,Midgut,1,midgut primordium,midgut,endoderm,-87.91,46.61,308.0,141
1550-E4-8_g_S22,71,E4-8_g_S22,-84.56,37.1,308,168,374.0,0.056149732,6,True,1,pericardial cell primordium,Midgut,1,midgut primordium,midgut,endoderm,-84.56,37.1,308.0,141
1551-E4-8_g_S22,81,E4-8_g_S22,-44.35,-172.28,308,181,401.0,0.054862842,7,True,12,amnioserosa,Amnioserosa,12,amnioserosa,amnioserosa,extra-embryonic,-44.35,-172.28,308.0,6
1552-E4-8_g_S22,69,E4-8_g_S22,-90.15,53.99,308,182,411.0,0.05352798,10,True,1,pericardial cell primordium,Midgut,1,midgut primordium,midgut,endoderm,-90.15,53.99,308.0,141
1553-E4-8_g_S22,75,E4-8_g_S22,-82.68,21.63,308,216,579.0,0.046632126,6,True,1,pericardial cell primordium,Midgut,1,midgut primordium,midgut,endoderm,-82.68,21.63,308.0,116
1554-E4-8_g_S22,80,E4-8_g_S22,-81.02,7.14,308,187,485.0,0.055670105,9,True,8,mesectoderm anlage,Foregut,8,glia,CNS,neuroectoderm,-81.02,7.14,308.0,116
1555-E4-8_g_S22,64,E4-8_g_S22,-73.71,-28.55,308,161,343.0,0.058309037,5,True,7,yolk nucleus,Fat body,7,yolk,yolk,extra-embryonic,-73.71,-28.55,308.0,91
1556-E4-8_g_S22,79,E4-8_g_S22,-42.41,-182.2,308,125,246.0,0.032520324,4,True,12,amnioserosa,Amnioserosa,12,amnioserosa,amnioserosa,extra-embryonic,-42.41,-182.2,308.0,6
1557-E4-8_g_S22,53,E4-8_g_S22,-113.79,169.79,308,131,250.0,0.04,4,True,0,dorsal pharyngeal muscle primordium,Somatic muscle,0,somatic muscle,muscle,mesoderm,-113.79,169.79,308.0,205
1558-E4-8_g_S22,72,E4-8_g_S22,-105.65,133.85,308,216,585.0,0.03760684,6,True,13,salivary gland body primordium,Salivary gland body,13,salivary gland,salivary gland,ectoderm,-105.65,133.85,308.0,186
1559-E4-8_g_S22,77,E4-8_g_S22,-77.56,-19.52,308,197,468.0,0.03846154,6,True,1,pericardial cell primordium,Midgut,1,midgut primordium,midgut,endoderm,-77.56,-19.52,308.0,91
1561-E4-8_g_S22,60,E4-8_g_S22,-112.2,161.78,308,162,339.0,0.044247787,5,True,0,dorsal pharyngeal muscle primordium,Somatic muscle,0,somatic muscle,muscle,mesoderm,-112.2,161.78,308.0,205
1562-E4-8_g_S22,161,E4-8_g_S22,-105.85,116.81,308,394,1401.0,0.0385439,8,True,13,salivary gland body primordium,Salivary gland body,13,salivary gland,salivary gland,ectoderm,-105.85,116.81,308.0,186
1565-E4-8_g_S22,38,E4-8_g_S22,-41.26,-196.13,308,55,96.0,0.083333336,3,True,12,amnioserosa,Amnioserosa,12,amnioserosa,amnioserosa,extra-embryonic,-41.26,-196.13,308.0,6
1566-E4-8_g_S22,67,E4-8_g_S22,-41.11,-204.83,308,115,212.0,0.04245283,5,True,9,mesectoderm,Stomatogastric nervous system,9,sensory neuron,PNS,neuroectoderm,-41.11,-204.83,308.0,6
1568-E4-8_g_S22,74,E4-8_g_S22,-81.25,-10.54,308,237,574.0,0.033101045,6,True,1,pericardial cell primordium,Midgut,1,midgut primordium,midgut,endoderm,-81.25,-10.54,308.0,91
1569-E4-8_g_S22,68,E4-8_g_S22,-45.23,-190.07,308,103,200.0,0.055,5,True,7,yolk nucleus,Fat body,7,yolk,yolk,extra-embryonic,-45.23,-190.07,308.0,6
1574-E4-8_g_S22,70,E4-8_g_S22,-76.93,-39.65,308,172,378.0,0.018518519,3,True,8,mesectoderm anlage,Foregut,8,glia,CNS,neuroectoderm,-76.93,-39.65,308.0,91
1576-E4-8_g_S22,96,E4-8_g_S22,-96.87,46.03,308,279,758.0,0.04353562,9,True,1,pericardial cell primordium,Midgut,1,midgut primordium,midgut,endoderm,-96.87,46.03,308.0,141
1577-E4-8_g_S22,40,E4-8_g_S22,-117.66,158.09,308,106,186.0,0.059139784,5,True,0,dorsal pharyngeal muscle primordium,Somatic muscle,0,somatic muscle,muscle,mesoderm,-117.66,158.09,308.0,205
1578-E4-8_g_S22,64,E4-8_g_S22,-106.6,98.39,308,166,422.0,0.030805686,6,True,13,salivary gland body primordium,Salivary gland body,13,salivary gland,salivary gland,ectoderm,-106.6,98.39,308.0,164
1579-E4-8_g_S22,83,E4-8_g_S22,-90.77,17.05,308,224,608.0,0.07236842,7,True,1,pericardial cell primordium,Midgut,1,midgut primordium,midgut,endoderm,-90.77,17.05,308.0,116
1580-E4-8_g_S22,75,E4-8_g_S22,-81.08,-31.96,308,233,565.0,0.038938053,7,True,1,pericardial cell primordium,Midgut,1,midgut primordium,midgut,endoderm,-81.08,-31.96,308.0,91
1581-E4-8_g_S22,58,E4-8_g_S22,-75.21,-54.38,308,133,333.0,0.066066064,6,True,7,yolk nucleus,Fat body,7,yolk,yolk,extra-embryonic,-75.21,-54.38,308.0,71
1582-E4-8_g_S22,52,E4-8_g_S22,-69.92,-77.91,308,145,323.0,0.024767801,3,True,7,yolk nucleus,Fat body,7,yolk,yolk,extra-embryonic,-69.92,-77.91,308.0,71
1584-E4-8_g_S22,85,E4-8_g_S22,-117.94,149.49,308,251,634.0,0.050473187,4,True,0,dorsal pharyngeal muscle primordium,Somatic muscle,0,somatic muscle,muscle,mesoderm,-117.94,149.49,308.0,186
1588-E4-8_g_S22,69,E4-8_g_S22,-125.11,174.72,308,222,558.0,0.044802867,7,True,0,dorsal pharyngeal muscle primordium,Somatic muscle,0,somatic muscle,muscle,mesoderm,-125.11,174.72,308.0,205
1589-E4-8_g_S22,70,E4-8_g_S22,-122.76,167.32,308,211,484.0,0.03305785,7,True,0,dorsal pharyngeal muscle primordium,Somatic muscle,0,somatic muscle,muscle,mesoderm,-122.76,167.32,308.0,205
1590-E4-8_g_S22,66,E4-8_g_S22,-127.22,184.7,308,158,347.0,0.048991356,6,True,14,visceral branch primordium,Visceral branch,14,unknown,unknown,unknown,-127.22,184.7,308.0,205
1591-E4-8_g_S22,96,E4-8_g_S22,-115.29,114.16,308,225,579.0,0.03972366,9,True,13,salivary gland body primordium,Salivary gland body,13,salivary gland,salivary gland,ectoderm,-115.29,114.16,308.0,186
1592-E4-8_g_S22,72,E4-8_g_S22,-111.82,103.97,308,193,560.0,0.0125,3,True,13,salivary gland body primordium,Salivary gland body,13,salivary gland,salivary gland,ectoderm,-111.82,103.97,308.0,164
1593-E4-8_g_S22,37,E4-8_g_S22,-73.57,-82.63,308,111,203.0,0.07881773,8,True,7,yolk nucleus,Fat body,7,yolk,yolk,extra-embryonic,-73.57,-82.63,308.0,71
1594-E4-8_g_S22,67,E4-8_g_S22,-52.39,-183.72,308,111,225.0,0.06666667,5,True,12,amnioserosa,Amnioserosa,12,amnioserosa,amnioserosa,extra-embryonic,-52.39,-183.72,308.0,6
1597-E4-8_g_S22,86,E4-8_g_S22,-84.68,-43.17,308,235,607.0,0.039538715,6,True,1,pericardial cell primordium,Midgut,1,midgut primordium,midgut,endoderm,-84.68,-43.17,308.0,91
1598-E4-8_g_S22,83,E4-8_g_S22,-72.39,-93.33,308,183,396.0,0.060606062,6,True,7,yolk nucleus,Fat body,7,yolk,yolk,extra-embryonic,-72.39,-93.33,308.0,50
1599-E4-8_g_S22,199,E4-8_g_S22,-116.75,91.42,308,400,1580.0,0.034810126,11,True,13,salivary gland body primordium,Salivary gland body,13,salivary gland,salivary gland,ectoderm,-116.75,91.42,308.0,164
1600-E4-8_g_S22,78,E4-8_g_S22,-125.63,158.41,308,186,474.0,0.033755273,5,True,0,dorsal pharyngeal muscle primordium,Somatic muscle,0,somatic muscle,muscle,mesoderm,-125.63,158.41,308.0,205
1601-E4-8_g_S22,121,E4-8_g_S22,-125.25,142.17,308,273,716.0,0.046089385,8,True,11,visceral muscle primordium,Visceral muscle,11,visceral muscle,muscle,mesoderm,-125.25,142.17,308.0,186
1602-E4-8_g_S22,128,E4-8_g_S22,-86.69,-51.94,308,300,857.0,0.035005834,8,True,1,pericardial cell primordium,Midgut,1,midgut primordium,midgut,endoderm,-86.69,-51.94,308.0,71
1603-E4-8_g_S22,66,E4-8_g_S22,-79.05,-71.15,308,175,421.0,0.033254158,4,True,7,yolk nucleus,Fat body,7,yolk,yolk,extra-embryonic,-79.05,-71.15,308.0,71
1605-E4-8_g_S22,169,E4-8_g_S22,-111.88,74.08,308,381,1098.0,0.032786883,8,True,13,salivary gland body primordium,Salivary gland body,13,salivary gland,salivary gland,ectoderm,-111.88,74.08,308.0,164
1606-E4-8_g_S22,50,E4-8_g_S22,-104.16,51.16,308,165,361.0,0.058171745,8,True,1,pericardial cell primordium,Midgut,1,midgut primordium,midgut,endoderm,-104.16,51.16,308.0,140
1607-E4-8_g_S22,57,E4-8_g_S22,-88.99,-28.8,308,139,339.0,0.064896755,6,True,1,pericardial cell primordium,Midgut,1,midgut primordium,midgut,endoderm,-88.99,-28.8,308.0,91
1608-E4-8_g_S22,47,E4-8_g_S22,-72.93,-104.83,308,90,169.0,0.03550296,3,True,6,tracheal primordium,Trachea,6,tracheal system,trachea,ectoderm,-72.93,-104.83,308.0,50
1609-E4-8_g_S22,91,E4-8_g_S22,-64.97,-157.0,308,169,402.0,0.06716418,8,True,12,amnioserosa,Amnioserosa,12,amnioserosa,amnioserosa,extra-embryonic,-64.97,-157.0,308.0,26
1611-E4-8_g_S22,58,E4-8_g_S22,-79.35,-79.96,308,162,328.0,0.051829267,6,True,7,yolk nucleus,Fat body,7,yolk,yolk,extra-embryonic,-79.35,-79.96,308.0,71
1613-E4-8_g_S22,66,E4-8_g_S22,-92.25,-21.64,308,170,372.0,0.05645161,10,True,1,pericardial cell primordium,Midgut,1,midgut primordium,midgut,endoderm,-92.25,-21.64,308.0,91
1614-E4-8_g_S22,75,E4-8_g_S22,-123.88,128.58,308,205,462.0,0.017316017,4,True,13,salivary gland body primordium,Salivary gland body,13,salivary gland,salivary gland,ectoderm,-123.88,128.58,308.0,186
1617-E4-8_g_S22,91,E4-8_g_S22,-88.89,-59.85,308,241,597.0,0.048576213,10,True,1,pericardial cell primordium,Midgut,1,midgut primordium,midgut,endoderm,-88.89,-59.85,308.0,71
1618-E4-8_g_S22,66,E4-8_g_S22,-60.53,-183.77,308,114,213.0,0.056338027,5,True,12,amnioserosa,Amnioserosa,12,amnioserosa,amnioserosa,extra-embryonic,-60.53,-183.77,308.0,5
1619-E4-8_g_S22,78,E4-8_g_S22,-123.47,109.73,308,147,392.0,0.033163264,3,True,13,salivary gland body primordium,Salivary gland body,13,salivary gland,salivary gland,ectoderm,-123.47,109.73,308.0,164
1620-E4-8_g_S22,109,E4-8_g_S22,-104.38,22.18,308,308,892.0,0.03587444,10,True,1,pericardial cell primordium,Midgut,1,midgut primordium,midgut,endoderm,-104.38,22.18,308.0,115
1621-E4-8_g_S22,62,E4-8_g_S22,-81.05,-94.62,308,138,283.0,0.042402826,5,True,7,yolk nucleus,Fat body,7,yolk,yolk,extra-embryonic,-81.05,-94.62,308.0,50
1622-E4-8_g_S22,236,E4-8_g_S22,-73.56,-153.78,308,414,1191.0,0.042821158,8,True,12,amnioserosa,Amnioserosa,12,amnioserosa,amnioserosa,extra-embryonic,-73.56,-153.78,308.0,26
1623-E4-8_g_S22,84,E4-8_g_S22,-134.44,162.08,308,222,534.0,0.06928839,9,True,0,dorsal pharyngeal muscle primordium,Somatic muscle,0,somatic muscle,muscle,mesoderm,-134.44,162.08,308.0,205
1624-E4-8_g_S22,110,E4-8_g_S22,-109.99,37.21,308,247,649.0,0.06163328,11,True,1,pericardial cell primordium,Midgut,1,midgut primordium,midgut,endoderm,-109.99,37.21,308.0,140
1626-E4-8_g_S22,74,E4-8_g_S22,-93.19,-36.69,308,192,430.0,0.030232558,4,True,1,pericardial cell primordium,Midgut,1,midgut primordium,midgut,endoderm,-93.19,-36.69,308.0,91
1627-E4-8_g_S22,108,E4-8_g_S22,-91.22,-66.68,308,256,635.0,0.03937008,7,True,1,pericardial cell primordium,Midgut,1,midgut primordium,midgut,endoderm,-91.22,-66.68,308.0,71
1631-E4-8_g_S22,59,E4-8_g_S22,-124.79,103.0,308,159,440.0,0.05909091,7,True,13,salivary gland body primordium,Salivary gland body,13,salivary gland,salivary gland,ectoderm,-124.79,103.0,308.0,164
1632-E4-8_g_S22,54,E4-8_g_S22,-86.32,-79.86,308,138,288.0,0.055555556,5,True,7,yolk nucleus,Fat body,7,yolk,yolk,extra-embryonic,-86.32,-79.86,308.0,71
1633-E4-8_g_S22,41,E4-8_g_S22,-131.23,131.61,308,124,280.0,0.05357143,6,True,13,salivary gland body primordium,Salivary gland body,13,salivary gland,salivary gland,ectoderm,-131.23,131.61,308.0,186
1634-E4-8_g_S22,78,E4-8_g_S22,-128.32,117.99,308,174,494.0,0.034412954,5,True,13,salivary gland body primordium,Salivary gland body,13,salivary gland,salivary gland,ectoderm,-128.32,117.99,308.0,186
1635-E4-8_g_S22,89,E4-8_g_S22,-101.96,-22.18,308,260,620.0,0.045161292,7,True,1,pericardial cell primordium,Midgut,1,midgut primordium,midgut,endoderm,-101.96,-22.18,308.0,90
1636-E4-8_g_S22,49,E4-8_g_S22,-67.88,-180.81,308,82,133.0,0.04511278,5,True,12,amnioserosa,Amnioserosa,12,amnioserosa,amnioserosa,extra-embryonic,-67.88,-180.81,308.0,5
1637-E4-8_g_S22,66,E4-8_g_S22,-66.65,-189.15,308,132,286.0,0.045454547,5,True,8,mesectoderm anlage,Foregut,8,glia,CNS,neuroectoderm,-66.65,-189.15,308.0,5
1639-E4-8_g_S22,33,E4-8_g_S22,-129.95,125.6,308,87,197.0,0.060913704,3,True,0,dorsal pharyngeal muscle primordium,Somatic muscle,0,somatic muscle,muscle,mesoderm,-129.95,125.6,308.0,186
1640-E4-8_g_S22,98,E4-8_g_S22,-108.29,7.85,308,258,676.0,0.03698225,7,True,1,pericardial cell primordium,Midgut,1,midgut primordium,midgut,endoderm,-108.29,7.85,308.0,115
1641-E4-8_g_S22,66,E4-8_g_S22,-70.63,-172.41,308,157,335.0,0.026865672,4,True,12,amnioserosa,Amnioserosa,12,amnioserosa,amnioserosa,extra-embryonic,-70.63,-172.41,308.0,5
1643-E4-8_g_S22,41,E4-8_g_S22,-118.3,65.45,308,122,262.0,0.026717557,4,True,1,pericardial cell primordium,Midgut,1,midgut primordium,midgut,endoderm,-118.3,65.45,308.0,140
1645-E4-8_g_S22,60,E4-8_g_S22,-65.2,-198.58,308,66,111.0,0.027027028,3,True,9,mesectoderm,Stomatogastric nervous system,9,sensory neuron,PNS,neuroectoderm,-65.2,-198.58,308.0,5
1646-E4-8_g_S22,72,E4-8_g_S22,-101.37,-33.62,308,202,496.0,0.07258064,7,True,1,pericardial cell primordium,Midgut,1,midgut primordium,midgut,endoderm,-101.37,-33.62,308.0,90
1647-E4-8_g_S22,51,E4-8_g_S22,-79.75,-132.66,308,90,163.0,0.06748466,3,True,2,dorsal epidermis primordium,Epidermis,2,epidermis,epidermis,ectoderm,-79.75,-132.66,308.0,26
1649-E4-8_g_S22,190,E4-8_g_S22,-128.56,81.3,308,367,1353.0,0.044345897,10,True,13,salivary gland body primordium,Salivary gland body,13,salivary gland,salivary gland,ectoderm,-128.56,81.3,308.0,164
1650-E4-8_g_S22,97,E4-8_g_S22,-124.34,70.16,308,255,695.0,0.04028777,5,True,13,salivary gland body primordium,Salivary gland body,13,salivary gland,salivary gland,ectoderm,-124.34,70.16,308.0,140
1651-E4-8_g_S22,80,E4-8_g_S22,-120.53,57.51,308,243,618.0,0.048543688,7,True,1,pericardial cell primordium,Midgut,1,midgut primordium,midgut,endoderm,-120.53,57.51,308.0,140
1655-E4-8_g_S22,62,E4-8_g_S22,-119.22,47.87,308,212,502.0,0.07370518,7,True,1,pericardial cell primordium,Midgut,1,midgut primordium,midgut,endoderm,-119.22,47.87,308.0,140
1656-E4-8_g_S22,95,E4-8_g_S22,-113.74,18.85,308,214,594.0,0.05050505,7,True,1,pericardial cell primordium,Midgut,1,midgut primordium,midgut,endoderm,-113.74,18.85,308.0,115
1657-E4-8_g_S22,209,E4-8_g_S22,-93.64,-101.56,308,512,1460.0,0.06027397,8,True,7,yolk nucleus,Fat body,7,yolk,yolk,extra-embryonic,-93.64,-101.56,308.0,50
1658-E4-8_g_S22,63,E4-8_g_S22,-112.33,1.34,308,222,546.0,0.02930403,5,True,1,pericardial cell primordium,Midgut,1,midgut primordium,midgut,endoderm,-112.33,1.34,308.0,115
1659-E4-8_g_S22,48,E4-8_g_S22,-74.99,-178.01,308,107,211.0,0.056872036,5,True,12,amnioserosa,Amnioserosa,12,amnioserosa,amnioserosa,extra-embryonic,-74.99,-178.01,308.0,5
1660-E4-8_g_S22,71,E4-8_g_S22,-148.7,180.34,308,180,464.0,0.036637932,5,True,6,tracheal primordium,Trachea,6,tracheal system,trachea,ectoderm,-148.7,180.34,308.0,204
1661-E4-8_g_S22,63,E4-8_g_S22,-120.38,40.77,308,155,366.0,0.043715846,7,True,1,pericardial cell primordium,Midgut,1,midgut primordium,midgut,endoderm,-120.38,40.77,308.0,140
1662-E4-8_g_S22,84,E4-8_g_S22,-76.48,-185.68,308,114,214.0,0.088785045,5,True,12,amnioserosa,Amnioserosa,12,amnioserosa,amnioserosa,extra-embryonic,-76.48,-185.68,308.0,5
1665-E4-8_g_S22,34,E4-8_g_S22,-120.13,34.15,308,88,177.0,0.07909604,5,True,1,pericardial cell primordium,Midgut,1,midgut primordium,midgut,endoderm,-120.13,34.15,308.0,140
1666-E4-8_g_S22,136,E4-8_g_S22,-112.55,-18.89,308,361,1132.0,0.057420496,12,True,1,pericardial cell primordium,Midgut,1,midgut primordium,midgut,endoderm,-112.55,-18.89,308.0,90
1667-E4-8_g_S22,66,E4-8_g_S22,-90.72,-112.11,308,163,336.0,0.071428575,7,True,6,tracheal primordium,Trachea,6,tracheal system,trachea,ectoderm,-90.72,-112.11,308.0,50
1672-E4-8_g_S22,69,E4-8_g_S22,-74.85,-194.11,308,101,182.0,0.032967035,4,True,12,amnioserosa,Amnioserosa,12,amnioserosa,amnioserosa,extra-embryonic,-74.85,-194.11,308.0,5
1673-E4-8_g_S22,68,E4-8_g_S22,-150.66,173.03,308,174,397.0,0.052896727,10,True,8,mesectoderm anlage,Foregut,8,glia,CNS,neuroectoderm,-150.66,173.03,308.0,204
1674-E4-8_g_S22,106,E4-8_g_S22,-104.35,-61.1,308,295,763.0,0.049803406,10,True,1,pericardial cell primordium,Midgut,1,midgut primordium,midgut,endoderm,-104.35,-61.1,308.0,70
1675-E4-8_g_S22,38,E4-8_g_S22,-119.74,19.58,308,119,216.0,0.046296295,5,True,1,pericardial cell primordium,Midgut,1,midgut primordium,midgut,endoderm,-119.74,19.58,308.0,115
1676-E4-8_g_S22,92,E4-8_g_S22,-103.74,-70.99,308,234,634.0,0.058359623,8,True,1,pericardial cell primordium,Midgut,1,midgut primordium,midgut,endoderm,-103.74,-70.99,308.0,70
1677-E4-8_g_S22,72,E4-8_g_S22,-156.4,190.52,308,221,536.0,0.04477612,9,True,2,dorsal epidermis primordium,Epidermis,2,epidermis,epidermis,ectoderm,-156.4,190.52,308.0,204
1678-E4-8_g_S22,74,E4-8_g_S22,-136.26,92.99,308,147,364.0,0.013736264,2,True,13,salivary gland body primordium,Salivary gland body,13,salivary gland,salivary gland,ectoderm,-136.26,92.99,308.0,164
1679-E4-8_g_S22,68,E4-8_g_S22,-123.15,29.09,308,194,455.0,0.041758243,5,True,1,pericardial cell primordium,Midgut,1,midgut primordium,midgut,endoderm,-123.15,29.09,308.0,115
1680-E4-8_g_S22,72,E4-8_g_S22,-145.08,129.2,308,153,408.0,0.09803922,6,True,8,mesectoderm anlage,Foregut,8,glia,CNS,neuroectoderm,-145.08,129.2,308.0,185
1681-E4-8_g_S22,101,E4-8_g_S22,-117.29,-7.23,308,304,848.0,0.056603774,11,True,1,pericardial cell primordium,Midgut,1,midgut primordium,midgut,endoderm,-117.29,-7.23,308.0,115
1682-E4-8_g_S22,73,E4-8_g_S22,-112.0,-30.61,308,243,619.0,0.040387724,6,True,1,pericardial cell primordium,Midgut,1,midgut primordium,midgut,endoderm,-112.0,-30.61,308.0,90
1683-E4-8_g_S22,39,E4-8_g_S22,-107.73,-41.47,308,119,248.0,0.04032258,4,True,1,pericardial cell primordium,Midgut,1,midgut primordium,midgut,endoderm,-107.73,-41.47,308.0,90
1685-E4-8_g_S22,62,E4-8_g_S22,-148.57,141.6,308,184,400.0,0.055,6,True,6,tracheal primordium,Trachea,6,tracheal system,trachea,ectoderm,-148.57,141.6,308.0,185
1686-E4-8_g_S22,108,E4-8_g_S22,-122.73,8.04,308,236,665.0,0.057142857,10,True,1,pericardial cell primordium,Midgut,1,midgut primordium,midgut,endoderm,-122.73,8.04,308.0,115
1687-E4-8_g_S22,34,E4-8_g_S22,-112.58,-38.08,308,134,266.0,0.037593983,4,True,1,pericardial cell primordium,Midgut,1,midgut primordium,midgut,endoderm,-112.58,-38.08,308.0,90
1688-E4-8_g_S22,64,E4-8_g_S22,-149.92,134.01,308,180,408.0,0.05147059,7,True,8,mesectoderm anlage,Foregut,8,glia,CNS,neuroectoderm,-149.92,134.01,308.0,185
1690-E4-8_g_S22,74,E4-8_g_S22,-131.14,47.5,308,215,537.0,0.0726257,13,True,1,pericardial cell primordium,Midgut,1,midgut primordium,midgut,endoderm,-131.14,47.5,308.0,140
1693-E4-8_g_S22,147,E4-8_g_S22,-94.58,-151.2,308,289,722.0,0.040166207,7,True,2,dorsal epidermis primordium,Epidermis,2,epidermis,epidermis,ectoderm,-94.58,-151.2,308.0,26
1694-E4-8_g_S22,71,E4-8_g_S22,-159.06,180.74,308,209,512.0,0.056640625,6,True,4,dorsal epidermis primordium,Epidermis,4,ventral epidermis,epidermis,ectoderm,-159.06,180.74,308.0,204
1695-E4-8_g_S22,68,E4-8_g_S22,-128.3,16.02,308,198,494.0,0.036437247,6,True,1,pericardial cell primordium,Midgut,1,midgut primordium,midgut,endoderm,-128.3,16.02,308.0,115
1696-E4-8_g_S22,39,E4-8_g_S22,-143.74,101.62,308,129,308.0,0.038961038,7,True,13,salivary gland body primordium,Salivary gland body,13,salivary gland,salivary gland,ectoderm,-143.74,101.62,308.0,163
1698-E4-8_g_S22,41,E4-8_g_S22,-132.79,40.8,308,151,325.0,0.05846154,6,True,1,pericardial cell primordium,Midgut,1,midgut primordium,midgut,endoderm,-132.79,40.8,308.0,140
1700-E4-8_g_S22,106,E4-8_g_S22,-130.7,23.53,308,277,784.0,0.04464286,5,True,1,pericardial cell primordium,Midgut,1,midgut primordium,midgut,endoderm,-130.7,23.53,308.0,115
1703-E4-8_g_S22,56,E4-8_g_S22,-162.17,174.75,308,145,348.0,0.04310345,7,True,2,dorsal epidermis primordium,Epidermis,2,epidermis,epidermis,ectoderm,-162.17,174.75,308.0,204
1704-E4-8_g_S22,116,E4-8_g_S22,-147.36,94.24,308,340,980.0,0.025510205,5,True,13,salivary gland body primordium,Salivary gland body,13,salivary gland,salivary gland,ectoderm,-147.36,94.24,308.0,163
1705-E4-8_g_S22,86,E4-8_g_S22,-120.55,-37.23,308,275,722.0,0.040166207,6,True,1,pericardial cell primordium,Midgut,1,midgut primordium,midgut,endoderm,-120.55,-37.23,308.0,90
1706-E4-8_g_S22,57,E4-8_g_S22,-156.92,147.08,308,164,370.0,0.032432433,6,True,4,dorsal epidermis primordium,Epidermis,4,ventral epidermis,epidermis,ectoderm,-156.92,147.08,308.0,185
1707-E4-8_g_S22,69,E4-8_g_S22,-107.73,-97.11,308,211,489.0,0.036809817,5,True,7,yolk nucleus,Fat body,7,yolk,yolk,extra-embryonic,-107.73,-97.11,308.0,49
1708-E4-8_g_S22,54,E4-8_g_S22,-158.68,153.7,308,174,400.0,0.045,5,True,4,dorsal epidermis primordium,Epidermis,4,ventral epidermis,epidermis,ectoderm,-158.68,153.7,308.0,204
1709-E4-8_g_S22,94,E4-8_g_S22,-128.92,-5.34,308,222,634.0,0.041009463,6,True,1,pericardial cell primordium,Midgut,1,midgut primordium,midgut,endoderm,-128.92,-5.34,308.0,115
1710-E4-8_g_S22,100,E4-8_g_S22,-123.91,-21.55,308,233,561.0,0.08377896,9,True,1,pericardial cell primordium,Midgut,1,midgut primordium,midgut,endoderm,-123.91,-21.55,308.0,90
1712-E4-8_g_S22,46,E4-8_g_S22,-166.75,184.09,308,149,337.0,0.050445102,5,True,4,dorsal epidermis primordium,Epidermis,4,ventral epidermis,epidermis,ectoderm,-166.75,184.09,308.0,204
1713-E4-8_g_S22,64,E4-8_g_S22,-139.29,52.07,308,194,460.0,0.05,7,True,1,pericardial cell primordium,Midgut,1,midgut primordium,midgut,endoderm,-139.29,52.07,308.0,139
1714-E4-8_g_S22,61,E4-8_g_S22,-130.74,2.08,308,160,330.0,0.027272727,5,True,1,pericardial cell primordium,Midgut,1,midgut primordium,midgut,endoderm,-130.74,2.08,308.0,115
1715-E4-8_g_S22,59,E4-8_g_S22,-115.44,-69.45,308,201,445.0,0.02247191,5,True,1,pericardial cell primordium,Midgut,1,midgut primordium,midgut,endoderm,-115.44,-69.45,308.0,70
1716-E4-8_g_S22,79,E4-8_g_S22,-148.01,82.15,308,202,585.0,0.044444446,8,True,13,salivary gland body primordium,Salivary gland body,13,salivary gland,salivary gland,ectoderm,-148.01,82.15,308.0,163
1719-E4-8_g_S22,73,E4-8_g_S22,-121.99,-49.1,308,130,327.0,0.08868501,8,True,1,pericardial cell primordium,Midgut,1,midgut primordium,midgut,endoderm,-121.99,-49.1,308.0,70
1720-E4-8_g_S22,62,E4-8_g_S22,-165.34,168.06,308,185,398.0,0.030150754,5,True,2,dorsal epidermis primordium,Epidermis,2,epidermis,epidermis,ectoderm,-165.34,168.06,308.0,204
1721-E4-8_g_S22,70,E4-8_g_S22,-111.9,-104.2,308,129,301.0,0.009966778,2,True,7,yolk nucleus,Fat body,7,yolk,yolk,extra-embryonic,-111.9,-104.2,308.0,49
1723-E4-8_g_S22,37,E4-8_g_S22,-164.8,153.75,308,102,208.0,0.057692308,5,True,4,dorsal epidermis primordium,Epidermis,4,ventral epidermis,epidermis,ectoderm,-164.8,153.75,308.0,204
1724-E4-8_g_S22,63,E4-8_g_S22,-158.76,124.17,308,192,423.0,0.03073286,6,True,0,dorsal pharyngeal muscle primordium,Somatic muscle,0,somatic muscle,muscle,mesoderm,-158.76,124.17,308.0,185
1725-E4-8_g_S22,116,E4-8_g_S22,-148.15,63.9,308,270,798.0,0.027568921,6,True,13,salivary gland body primordium,Salivary gland body,13,salivary gland,salivary gland,ectoderm,-148.15,63.9,308.0,139
1726-E4-8_g_S22,55,E4-8_g_S22,-167.83,159.76,308,129,274.0,0.02919708,3,True,8,mesectoderm anlage,Foregut,8,glia,CNS,neuroectoderm,-167.83,159.76,308.0,204
1727-E4-8_g_S22,82,E4-8_g_S22,-131.55,-24.87,308,236,627.0,0.044657096,9,True,11,visceral muscle primordium,Visceral muscle,11,visceral muscle,muscle,mesoderm,-131.55,-24.87,308.0,90
1728-E4-8_g_S22,75,E4-8_g_S22,-119.43,-81.01,308,177,400.0,0.0325,7,True,7,yolk nucleus,Fat body,7,yolk,yolk,extra-embryonic,-119.43,-81.01,308.0,70
1729-E4-8_g_S22,76,E4-8_g_S22,-107.28,-137.11,308,156,344.0,0.046511628,6,True,4,dorsal epidermis primordium,Epidermis,4,ventral epidermis,epidermis,ectoderm,-107.28,-137.11,308.0,25
1730-E4-8_g_S22,91,E4-8_g_S22,-107.0,-151.31,308,223,525.0,0.036190476,7,True,4,dorsal epidermis primordium,Epidermis,4,ventral epidermis,epidermis,ectoderm,-107.0,-151.31,308.0,25
1731-E4-8_g_S22,57,E4-8_g_S22,-171.95,174.13,308,160,306.0,0.029411765,4,True,8,mesectoderm anlage,Foregut,8,glia,CNS,neuroectoderm,-171.95,174.13,308.0,204
1732-E4-8_g_S22,75,E4-8_g_S22,-164.27,136.17,308,211,474.0,0.06540085,9,True,0,dorsal pharyngeal muscle primordium,Somatic muscle,0,somatic muscle,muscle,mesoderm,-164.27,136.17,308.0,185
1733-E4-8_g_S22,125,E4-8_g_S22,-143.48,21.94,308,321,835.0,0.04431138,7,True,1,pericardial cell primordium,Midgut,1,midgut primordium,midgut,endoderm,-143.48,21.94,308.0,114
1734-E4-8_g_S22,83,E4-8_g_S22,-113.5,-118.21,308,213,438.0,0.03652968,5,True,7,yolk nucleus,Fat body,7,yolk,yolk,extra-embryonic,-113.5,-118.21,308.0,49
1735-E4-8_g_S22,57,E4-8_g_S22,-161.28,117.67,308,172,360.0,0.05277778,8,True,0,dorsal pharyngeal muscle primordium,Somatic muscle,0,somatic muscle,muscle,mesoderm,-161.28,117.67,308.0,185
1736-E4-8_g_S22,137,E4-8_g_S22,-157.66,93.75,308,326,952.0,0.04726891,7,True,13,salivary gland body primordium,Salivary gland body,13,salivary gland,salivary gland,ectoderm,-157.66,93.75,308.0,163
1737-E4-8_g_S22,87,E4-8_g_S22,-125.41,-66.9,308,190,485.0,0.039175257,4,True,1,pericardial cell primordium,Midgut,1,midgut primordium,midgut,endoderm,-125.41,-66.9,308.0,70
1738-E4-8_g_S22,109,E4-8_g_S22,-147.31,36.85,308,261,686.0,0.04373178,7,True,1,pericardial cell primordium,Midgut,1,midgut primordium,midgut,endoderm,-147.31,36.85,308.0,139
1739-E4-8_g_S22,40,E4-8_g_S22,-128.14,-51.75,308,118,266.0,0.05639098,5,True,0,dorsal pharyngeal muscle primordium,Somatic muscle,0,somatic muscle,muscle,mesoderm,-128.14,-51.75,308.0,70
1740-E4-8_g_S22,89,E4-8_g_S22,-156.61,69.38,308,194,563.0,0.037300177,7,True,13,salivary gland body primordium,Salivary gland body,13,salivary gland,salivary gland,ectoderm,-156.61,69.38,308.0,139
1744-E4-8_g_S22,69,E4-8_g_S22,-151.8,51.15,308,172,434.0,0.02764977,4,True,7,yolk nucleus,Fat body,7,yolk,yolk,extra-embryonic,-151.8,51.15,308.0,139
1745-E4-8_g_S22,64,E4-8_g_S22,-115.16,-138.96,308,172,372.0,0.043010753,5,True,2,dorsal epidermis primordium,Epidermis,2,epidermis,epidermis,ectoderm,-115.16,-138.96,308.0,25
1747-E4-8_g_S22,133,E4-8_g_S22,-160.6,77.92,308,286,889.0,0.03374578,10,True,13,salivary gland body primordium,Salivary gland body,13,salivary gland,salivary gland,ectoderm,-160.6,77.92,308.0,163
1748-E4-8_g_S22,70,E4-8_g_S22,-114.45,-146.35,308,165,348.0,0.04310345,3,True,2,dorsal epidermis primordium,Epidermis,2,epidermis,epidermis,ectoderm,-114.45,-146.35,308.0,25
1749-E4-8_g_S22,68,E4-8_g_S22,-168.62,123.61,308,151,329.0,0.03343465,6,True,13,salivary gland body primordium,Salivary gland body,13,salivary gland,salivary gland,ectoderm,-168.62,123.61,308.0,185
1752-E4-8_g_S22,76,E4-8_g_S22,-125.1,-102.43,308,177,385.0,0.038961038,6,True,7,yolk nucleus,Fat body,7,yolk,yolk,extra-embryonic,-125.1,-102.43,308.0,49
1753-E4-8_g_S22,61,E4-8_g_S22,-180.12,173.77,308,224,534.0,0.039325844,6,True,8,mesectoderm anlage,Foregut,8,glia,CNS,neuroectoderm,-180.12,173.77,308.0,203
1754-E4-8_g_S22,43,E4-8_g_S22,-139.41,-28.49,308,116,212.0,0.023584906,3,True,1,pericardial cell primordium,Midgut,1,midgut primordium,midgut,endoderm,-139.41,-28.49,308.0,89
1756-E4-8_g_S22,88,E4-8_g_S22,-134.14,-70.64,308,208,492.0,0.050813008,8,True,7,yolk nucleus,Fat body,7,yolk,yolk,extra-embryonic,-134.14,-70.64,308.0,70
1757-E4-8_g_S22,87,E4-8_g_S22,-120.13,-130.75,308,242,657.0,0.03348554,5,True,2,dorsal epidermis primordium,Epidermis,2,epidermis,epidermis,ectoderm,-120.13,-130.75,308.0,25
1758-E4-8_g_S22,126,E4-8_g_S22,-168.46,93.52,308,314,957.0,0.04493208,10,True,13,salivary gland body primordium,Salivary gland body,13,salivary gland,salivary gland,ectoderm,-168.46,93.52,308.0,163
1760-E4-8_g_S22,57,E4-8_g_S22,-131.49,-77.36,308,147,289.0,0.038062282,6,True,7,yolk nucleus,Fat body,7,yolk,yolk,extra-embryonic,-131.49,-77.36,308.0,70
1761-E4-8_g_S22,72,E4-8_g_S22,-125.02,-110.17,308,211,511.0,0.078277886,7,True,7,yolk nucleus,Fat body,7,yolk,yolk,extra-embryonic,-125.02,-110.17,308.0,49
1762-E4-8_g_S22,96,E4-8_g_S22,-159.03,53.86,308,270,704.0,0.051136363,11,True,13,salivary gland body primordium,Salivary gland body,13,salivary gland,salivary gland,ectoderm,-159.03,53.86,308.0,139
1763-E4-8_g_S22,82,E4-8_g_S22,-152.56,19.29,308,232,606.0,0.04290429,8,True,1,pericardial cell primordium,Midgut,1,midgut primordium,midgut,endoderm,-152.56,19.29,308.0,114
1765-E4-8_g_S22,52,E4-8_g_S22,-124.49,-117.57,308,164,359.0,0.019498607,5,True,7,yolk nucleus,Fat body,7,yolk,yolk,extra-embryonic,-124.49,-117.57,308.0,49
1766-E4-8_g_S22,80,E4-8_g_S22,-183.09,164.31,308,202,504.0,0.035714287,9,True,8,mesectoderm anlage,Foregut,8,glia,CNS,neuroectoderm,-183.09,164.31,308.0,203
1767-E4-8_g_S22,43,E4-8_g_S22,-174.46,128.31,308,97,206.0,0.048543688,4,True,14,visceral branch primordium,Visceral branch,14,unknown,unknown,unknown,-174.46,128.31,308.0,185
1768-E4-8_g_S22,93,E4-8_g_S22,-157.92,28.0,308,178,445.0,0.08539326,9,True,1,pericardial cell primordium,Midgut,1,midgut primordium,midgut,endoderm,-157.92,28.0,308.0,114
1770-E4-8_g_S22,61,E4-8_g_S22,-129.79,-96.54,308,128,271.0,0.04797048,5,True,7,yolk nucleus,Fat body,7,yolk,yolk,extra-embryonic,-129.79,-96.54,308.0,49
1772-E4-8_g_S22,48,E4-8_g_S22,-176.65,134.73,308,106,218.0,0.06422018,5,True,15,dorsal pharyngeal muscle primordium,Somatic muscle,15,somatic muscle,muscle,mesoderm,-176.65,134.73,308.0,185
1773-E4-8_g_S22,86,E4-8_g_S22,-150.39,-0.22,308,202,514.0,0.054474708,9,True,1,pericardial cell primordium,Midgut,1,midgut primordium,midgut,endoderm,-150.39,-0.22,308.0,114
1774-E4-8_g_S22,67,E4-8_g_S22,-126.51,-124.22,308,153,312.0,0.05448718,7,True,11,visceral muscle primordium,Visceral muscle,11,visceral muscle,muscle,mesoderm,-126.51,-124.22,308.0,49
1777-E4-8_g_S22,58,E4-8_g_S22,-145.91,-38.58,308,121,233.0,0.03862661,5,True,1,pericardial cell primordium,Midgut,1,midgut primordium,midgut,endoderm,-145.91,-38.58,308.0,89
1780-E4-8_g_S22,36,E4-8_g_S22,-148.26,-19.37,308,53,106.0,0.047169812,3,True,11,visceral muscle primordium,Visceral muscle,11,visceral muscle,muscle,mesoderm,-148.26,-19.37,308.0,89
1783-E4-8_g_S22,105,E4-8_g_S22,-124.09,-160.92,308,124,226.0,0.048672568,3,True,6,tracheal primordium,Trachea,6,tracheal system,trachea,ectoderm,-124.09,-160.92,308.0,25
1785-E4-8_g_S22,43,E4-8_g_S22,-164.19,47.29,308,76,157.0,0.025477707,3,True,15,dorsal pharyngeal muscle primordium,Somatic muscle,15,somatic muscle,muscle,mesoderm,-164.19,47.29,308.0,139
1787-E4-8_g_S22,38,E4-8_g_S22,-160.17,22.08,308,70,131.0,0.053435113,6,True,1,pericardial cell primordium,Midgut,1,midgut primordium,midgut,endoderm,-160.17,22.08,308.0,114
1788-E4-8_g_S22,73,E4-8_g_S22,-152.44,-25.44,308,173,427.0,0.08430913,7,True,1,pericardial cell primordium,Midgut,1,midgut primordium,midgut,endoderm,-152.44,-25.44,308.0,89
1789-E4-8_g_S22,87,E4-8_g_S22,-135.49,-106.42,308,210,451.0,0.050997782,7,True,9,mesectoderm,Stomatogastric nervous system,9,sensory neuron,PNS,neuroectoderm,-135.49,-106.42,308.0,49
1790-E4-8_g_S22,110,E4-8_g_S22,-129.97,-134.22,308,205,476.0,0.042016808,7,True,4,dorsal epidermis primordium,Epidermis,4,ventral epidermis,epidermis,ectoderm,-129.97,-134.22,308.0,25
1791-E4-8_g_S22,66,E4-8_g_S22,-125.51,-147.74,308,107,210.0,0.04761905,3,True,2,dorsal epidermis primordium,Epidermis,2,epidermis,epidermis,ectoderm,-125.51,-147.74,308.0,25
1792-E4-8_g_S22,98,E4-8_g_S22,-186.25,132.88,308,193,514.0,0.06809338,8,True,11,visceral muscle primordium,Visceral muscle,11,visceral muscle,muscle,mesoderm,-186.25,132.88,308.0,184
1794-E4-8_g_S22,106,E4-8_g_S22,-170.82,54.64,308,241,667.0,0.026986506,7,True,13,salivary gland body primordium,Salivary gland body,13,salivary gland,salivary gland,ectoderm,-170.82,54.64,308.0,139
1795-E4-8_g_S22,49,E4-8_g_S22,-158.03,-0.84,308,151,335.0,0.035820894,6,True,1,pericardial cell primordium,Midgut,1,midgut primordium,midgut,endoderm,-158.03,-0.84,308.0,114
1796-E4-8_g_S22,59,E4-8_g_S22,-154.99,-14.43,308,106,227.0,0.039647575,6,True,15,dorsal pharyngeal muscle primordium,Somatic muscle,15,somatic muscle,muscle,mesoderm,-154.99,-14.43,308.0,89
1799-E4-8_g_S22,50,E4-8_g_S22,-177.69,93.02,308,171,393.0,0.020356234,4,True,13,salivary gland body primordium,Salivary gland body,13,salivary gland,salivary gland,ectoderm,-177.69,93.02,308.0,163
1803-E4-8_g_S22,48,E4-8_g_S22,-131.18,-143.29,308,100,180.0,0.027777778,3,True,2,dorsal epidermis primordium,Epidermis,2,epidermis,epidermis,ectoderm,-131.18,-143.29,308.0,25
1804-E4-8_g_S22,153,E4-8_g_S22,-189.25,121.71,308,337,995.0,0.04723618,9,True,0,dorsal pharyngeal muscle primordium,Somatic muscle,0,somatic muscle,muscle,mesoderm,-189.25,121.71,308.0,184
1806-E4-8_g_S22,47,E4-8_g_S22,-164.95,17.25,308,134,295.0,0.0779661,8,True,1,pericardial cell primordium,Midgut,1,midgut primordium,midgut,endoderm,-164.95,17.25,308.0,114
1807-E4-8_g_S22,52,E4-8_g_S22,-144.82,-76.17,308,161,321.0,0.0529595,4,True,14,visceral branch primordium,Visceral branch,14,unknown,unknown,unknown,-144.82,-76.17,308.0,69
1809-E4-8_g_S22,28,E4-8_g_S22,-171.54,47.06,308,97,188.0,0.03723404,4,True,13,salivary gland body primordium,Salivary gland body,13,salivary gland,salivary gland,ectoderm,-171.54,47.06,308.0,139
1810-E4-8_g_S22,102,E4-8_g_S22,-162.62,-8.4,308,246,673.0,0.07726597,9,True,1,pericardial cell primordium,Midgut,1,midgut primordium,midgut,endoderm,-162.62,-8.4,308.0,114
1811-E4-8_g_S22,161,E4-8_g_S22,-134.27,-154.56,308,278,698.0,0.035816617,8,True,3,presumptive embryonic/larval peripheral nervous system,CNS,3,brain/ventral nerve cord_outer,CNS,neuroectoderm,-134.27,-154.56,308.0,25
1812-E4-8_g_S22,54,E4-8_g_S22,-191.93,139.38,308,146,379.0,0.050131924,5,True,0,dorsal pharyngeal muscle primordium,Somatic muscle,0,somatic muscle,muscle,mesoderm,-191.93,139.38,308.0,184
1814-E4-8_g_S22,76,E4-8_g_S22,-184.52,96.49,308,244,646.0,0.035603717,6,True,13,salivary gland body primordium,Salivary gland body,13,salivary gland,salivary gland,ectoderm,-184.52,96.49,308.0,162
1816-E4-8_g_S22,135,E4-8_g_S22,-158.0,-38.57,308,356,995.0,0.052261308,10,True,1,pericardial cell primordium,Midgut,1,midgut primordium,midgut,endoderm,-158.0,-38.57,308.0,89
1817-E4-8_g_S22,111,E4-8_g_S22,-197.4,157.56,308,259,647.0,0.060278207,9,True,3,presumptive embryonic/larval peripheral nervous system,CNS,3,brain/ventral nerve cord_outer,CNS,neuroectoderm,-197.4,157.56,308.0,203
1818-E4-8_g_S22,44,E4-8_g_S22,-193.1,144.55,308,134,313.0,0.028753994,4,True,0,dorsal pharyngeal muscle primordium,Somatic muscle,0,somatic muscle,muscle,mesoderm,-193.1,144.55,308.0,184
1819-E4-8_g_S22,66,E4-8_g_S22,-173.69,41.22,308,218,510.0,0.043137256,7,True,1,pericardial cell primordium,Midgut,1,midgut primordium,midgut,endoderm,-173.69,41.22,308.0,139
1820-E4-8_g_S22,138,E4-8_g_S22,-168.2,5.33,308,322,876.0,0.060502283,10,True,1,pericardial cell primordium,Midgut,1,midgut primordium,midgut,endoderm,-168.2,5.33,308.0,114
1821-E4-8_g_S22,59,E4-8_g_S22,-161.06,-19.66,308,158,318.0,0.034591194,4,True,1,pericardial cell primordium,Midgut,1,midgut primordium,midgut,endoderm,-161.06,-19.66,308.0,89
1822-E4-8_g_S22,95,E4-8_g_S22,-161.25,-28.87,308,199,462.0,0.04112554,7,True,1,pericardial cell primordium,Midgut,1,midgut primordium,midgut,endoderm,-161.25,-28.87,308.0,89
1823-E4-8_g_S22,64,E4-8_g_S22,-201.87,177.37,308,231,524.0,0.051526718,6,True,3,presumptive embryonic/larval peripheral nervous system,CNS,3,brain/ventral nerve cord_outer,CNS,neuroectoderm,-201.87,177.37,308.0,203
1826-E4-8_g_S22,92,E4-8_g_S22,-202.57,164.62,308,238,576.0,0.045138888,7,True,3,presumptive embryonic/larval peripheral nervous system,CNS,3,brain/ventral nerve cord_outer,CNS,neuroectoderm,-202.57,164.62,308.0,203
1827-E4-8_g_S22,46,E4-8_g_S22,-198.93,147.84,308,154,307.0,0.039087947,5,True,9,mesectoderm,Stomatogastric nervous system,9,sensory neuron,PNS,neuroectoderm,-198.93,147.84,308.0,184
1828-E4-8_g_S22,86,E4-8_g_S22,-159.06,-51.64,308,210,533.0,0.06566604,8,True,11,visceral muscle primordium,Visceral muscle,11,visceral muscle,muscle,mesoderm,-159.06,-51.64,308.0,69
1829-E4-8_g_S22,70,E4-8_g_S22,-153.92,-83.15,308,202,489.0,0.030674847,6,True,7,yolk nucleus,Fat body,7,yolk,yolk,extra-embryonic,-153.92,-83.15,308.0,69
1831-E4-8_g_S22,164,E4-8_g_S22,-187.45,55.89,308,371,1314.0,0.05479452,9,True,13,salivary gland body primordium,Salivary gland body,13,salivary gland,salivary gland,ectoderm,-187.45,55.89,308.0,138
1832-E4-8_g_S22,62,E4-8_g_S22,-168.11,-16.21,308,213,523.0,0.026768642,5,True,1,pericardial cell primordium,Midgut,1,midgut primordium,midgut,endoderm,-168.11,-16.21,308.0,89
1833-E4-8_g_S22,74,E4-8_g_S22,-152.38,-94.32,308,140,305.0,0.029508196,2,True,0,dorsal pharyngeal muscle primordium,Somatic muscle,0,somatic muscle,muscle,mesoderm,-152.38,-94.32,308.0,48
1835-E4-8_g_S22,73,E4-8_g_S22,-158.49,-77.19,308,166,339.0,0.020648967,4,True,10,plasmatocyte primordium,Hemolymph cells,10,mesoderm_2,mesoderm,mesoderm,-158.49,-77.19,308.0,69
1836-E4-8_g_S22,84,E4-8_g_S22,-150.01,-108.25,308,243,587.0,0.039182283,8,True,8,mesectoderm anlage,Foregut,8,glia,CNS,neuroectoderm,-150.01,-108.25,308.0,48
1837-E4-8_g_S22,126,E4-8_g_S22,-145.76,-137.96,308,319,832.0,0.036057692,9,True,2,dorsal epidermis primordium,Epidermis,2,epidermis,epidermis,ectoderm,-145.76,-137.96,308.0,24
1839-E4-8_g_S22,92,E4-8_g_S22,-196.38,109.09,308,230,586.0,0.03583618,8,True,13,salivary gland body primordium,Salivary gland body,13,salivary gland,salivary gland,ectoderm,-196.38,109.09,308.0,162
1841-E4-8_g_S22,44,E4-8_g_S22,-168.48,-24.93,308,111,239.0,0.029288704,3,True,1,pericardial cell primordium,Midgut,1,midgut primordium,midgut,endoderm,-168.48,-24.93,308.0,89
1842-E4-8_g_S22,74,E4-8_g_S22,-150.64,-117.64,308,212,487.0,0.061601643,8,True,2,dorsal epidermis primordium,Epidermis,2,epidermis,epidermis,ectoderm,-150.64,-117.64,308.0,48
1847-E4-8_g_S22,44,E4-8_g_S22,-155.91,-99.86,308,115,246.0,0.016260162,3,True,0,dorsal pharyngeal muscle primordium,Somatic muscle,0,somatic muscle,muscle,mesoderm,-155.91,-99.86,308.0,48
1849-E4-8_g_S22,69,E4-8_g_S22,-207.42,142.84,308,179,449.0,0.04899777,6,True,14,visceral branch primordium,Visceral branch,14,unknown,unknown,unknown,-207.42,142.84,308.0,184
1851-E4-8_g_S22,95,E4-8_g_S22,-147.87,-153.13,308,155,325.0,0.06769231,8,True,2,dorsal epidermis primordium,Epidermis,2,epidermis,epidermis,ectoderm,-147.87,-153.13,308.0,24
1852-E4-8_g_S22,64,E4-8_g_S22,-141.69,-182.21,308,76,158.0,0.025316456,2,True,2,dorsal epidermis primordium,Epidermis,2,epidermis,epidermis,ectoderm,-141.69,-182.21,308.0,4
1853-E4-8_g_S22,78,E4-8_g_S22,-195.96,79.27,308,213,643.0,0.041990668,8,True,13,salivary gland body primordium,Salivary gland body,13,salivary gland,salivary gland,ectoderm,-195.96,79.27,308.0,162
1855-E4-8_g_S22,99,E4-8_g_S22,-174.86,-29.33,308,246,650.0,0.041538462,7,True,1,pericardial cell primordium,Midgut,1,midgut primordium,midgut,endoderm,-174.86,-29.33,308.0,89
1856-E4-8_g_S22,76,E4-8_g_S22,-164.51,-69.47,308,165,360.0,0.041666668,6,True,10,plasmatocyte primordium,Hemolymph cells,10,mesoderm_2,mesoderm,mesoderm,-164.51,-69.47,308.0,69
1857-E4-8_g_S22,79,E4-8_g_S22,-158.66,-111.47,308,189,394.0,0.017766498,2,True,4,dorsal epidermis primordium,Epidermis,4,ventral epidermis,epidermis,ectoderm,-158.66,-111.47,308.0,48
1859-E4-8_g_S22,90,E4-8_g_S22,-204.37,123.99,308,203,514.0,0.035019454,8,True,14,visceral branch primordium,Visceral branch,14,unknown,unknown,unknown,-204.37,123.99,308.0,184
1860-E4-8_g_S22,44,E4-8_g_S22,-203.02,112.94,308,126,245.0,0.073469386,6,True,0,dorsal pharyngeal muscle primordium,Somatic muscle,0,somatic muscle,muscle,mesoderm,-203.02,112.94,308.0,184
1861-E4-8_g_S22,128,E4-8_g_S22,-198.05,63.39,308,306,940.0,0.041489363,11,True,13,salivary gland body primordium,Salivary gland body,13,salivary gland,salivary gland,ectoderm,-198.05,63.39,308.0,138
1862-E4-8_g_S22,100,E4-8_g_S22,-210.84,131.3,308,232,598.0,0.06020067,6,True,2,dorsal epidermis primordium,Epidermis,2,epidermis,epidermis,ectoderm,-210.84,131.3,308.0,184
1863-E4-8_g_S22,112,E4-8_g_S22,-200.89,71.75,308,286,888.0,0.04617117,10,True,13,salivary gland body primordium,Salivary gland body,13,salivary gland,salivary gland,ectoderm,-200.89,71.75,308.0,162
1865-E4-8_g_S22,56,E4-8_g_S22,-166.8,-81.55,308,127,269.0,0.044609666,8,True,0,dorsal pharyngeal muscle primordium,Somatic muscle,0,somatic muscle,muscle,mesoderm,-166.8,-81.55,308.0,69
1866-E4-8_g_S22,76,E4-8_g_S22,-162.84,-102.98,308,189,416.0,0.03846154,5,True,0,dorsal pharyngeal muscle primordium,Somatic muscle,0,somatic muscle,muscle,mesoderm,-162.84,-102.98,308.0,48
1867-E4-8_g_S22,126,E4-8_g_S22,-188.26,18.26,308,216,637.0,0.06436421,12,True,1,pericardial cell primordium,Midgut,1,midgut primordium,midgut,endoderm,-188.26,18.26,308.0,113
1868-E4-8_g_S22,90,E4-8_g_S22,-173.12,-58.25,308,200,534.0,0.06554307,6,True,0,dorsal pharyngeal muscle primordium,Somatic muscle,0,somatic muscle,muscle,mesoderm,-173.12,-58.25,308.0,69
1869-E4-8_g_S22,61,E4-8_g_S22,-164.92,-91.8,308,149,296.0,0.04391892,5,True,0,dorsal pharyngeal muscle primordium,Somatic muscle,0,somatic muscle,muscle,mesoderm,-164.92,-91.8,308.0,48
1872-E4-8_g_S22,65,E4-8_g_S22,-205.37,103.14,308,140,340.0,0.029411765,4,True,13,salivary gland body primordium,Salivary gland body,13,salivary gland,salivary gland,ectoderm,-205.37,103.14,308.0,162
1873-E4-8_g_S22,40,E4-8_g_S22,-172.0,-64.63,308,101,209.0,0.023923445,2,True,0,dorsal pharyngeal muscle primordium,Somatic muscle,0,somatic muscle,muscle,mesoderm,-172.0,-64.63,308.0,69
1874-E4-8_g_S22,28,E4-8_g_S22,-171.4,-70.31,308,95,188.0,0.06382979,6,True,10,plasmatocyte primordium,Hemolymph cells,10,mesoderm_2,mesoderm,mesoderm,-171.4,-70.31,308.0,69
1875-E4-8_g_S22,41,E4-8_g_S22,-170.37,-75.54,308,130,284.0,0.056338027,4,True,0,dorsal pharyngeal muscle primordium,Somatic muscle,0,somatic muscle,muscle,mesoderm,-170.37,-75.54,308.0,69
1876-E4-8_g_S22,44,E4-8_g_S22,-167.56,-98.33,308,134,284.0,0.03169014,3,True,0,dorsal pharyngeal muscle primordium,Somatic muscle,0,somatic muscle,muscle,mesoderm,-167.56,-98.33,308.0,48
1877-E4-8_g_S22,119,E4-8_g_S22,-160.36,-137.68,308,272,731.0,0.049247608,9,True,2,dorsal epidermis primordium,Epidermis,2,epidermis,epidermis,ectoderm,-160.36,-137.68,308.0,24
1879-E4-8_g_S22,73,E4-8_g_S22,-195.23,43.78,308,186,431.0,0.04408353,5,True,0,dorsal pharyngeal muscle primordium,Somatic muscle,0,somatic muscle,muscle,mesoderm,-195.23,43.78,308.0,138
1880-E4-8_g_S22,69,E4-8_g_S22,-152.57,-172.29,308,84,163.0,0.036809817,3,True,2,dorsal epidermis primordium,Epidermis,2,epidermis,epidermis,ectoderm,-152.57,-172.29,308.0,4
1881-E4-8_g_S22,145,E4-8_g_S22,-212.78,118.57,308,317,934.0,0.035331905,6,True,13,salivary gland body primordium,Salivary gland body,13,salivary gland,salivary gland,ectoderm,-212.78,118.57,308.0,184
1883-E4-8_g_S22,62,E4-8_g_S22,-183.11,-21.13,308,157,364.0,0.071428575,6,True,1,pericardial cell primordium,Midgut,1,midgut primordium,midgut,endoderm,-183.11,-21.13,308.0,88
1884-E4-8_g_S22,82,E4-8_g_S22,-204.88,85.28,308,195,520.0,0.036538463,7,True,13,salivary gland body primordium,Salivary gland body,13,salivary gland,salivary gland,ectoderm,-204.88,85.28,308.0,162
1885-E4-8_g_S22,31,E4-8_g_S22,-193.52,21.4,308,84,182.0,0.082417585,4,True,1,pericardial cell primordium,Midgut,1,midgut primordium,midgut,endoderm,-193.52,21.4,308.0,113
1886-E4-8_g_S22,70,E4-8_g_S22,-197.38,27.01,308,206,574.0,0.05923345,7,True,1,pericardial cell primordium,Midgut,1,midgut primordium,midgut,endoderm,-197.38,27.01,308.0,113
1888-E4-8_g_S22,48,E4-8_g_S22,-217.72,136.03,308,172,363.0,0.019283747,5,True,2,dorsal epidermis primordium,Epidermis,2,epidermis,epidermis,ectoderm,-217.72,136.03,308.0,184
1890-E4-8_g_S22,59,E4-8_g_S22,-226.22,163.42,308,175,370.0,0.054054055,6,True,4,dorsal epidermis primordium,Epidermis,4,ventral epidermis,epidermis,ectoderm,-226.22,163.42,308.0,202
1891-E4-8_g_S22,54,E4-8_g_S22,-185.66,-39.47,308,152,322.0,0.08695652,12,True,1,pericardial cell primordium,Midgut,1,midgut primordium,midgut,endoderm,-185.66,-39.47,308.0,88
1892-E4-8_g_S22,47,E4-8_g_S22,-177.88,-71.98,308,134,275.0,0.06545454,7,True,0,dorsal pharyngeal muscle primordium,Somatic muscle,0,somatic muscle,muscle,mesoderm,-177.88,-71.98,308.0,69
1894-E4-8_g_S22,66,E4-8_g_S22,-160.13,-162.8,308,128,271.0,0.014760148,2,True,4,dorsal epidermis primordium,Epidermis,4,ventral epidermis,epidermis,ectoderm,-160.13,-162.8,308.0,24
1896-E4-8_g_S22,95,E4-8_g_S22,-164.13,-153.57,308,224,503.0,0.05367793,7,True,2,dorsal epidermis primordium,Epidermis,2,epidermis,epidermis,ectoderm,-164.13,-153.57,308.0,24
1897-E4-8_g_S22,115,E4-8_g_S22,-226.19,139.63,308,324,901.0,0.04883463,9,True,4,dorsal epidermis primordium,Epidermis,4,ventral epidermis,epidermis,ectoderm,-226.19,139.63,308.0,183
1898-E4-8_g_S22,37,E4-8_g_S22,-199.16,20.56,308,112,234.0,0.025641026,3,True,1,pericardial cell primordium,Midgut,1,midgut primordium,midgut,endoderm,-199.16,20.56,308.0,113
1899-E4-8_g_S22,61,E4-8_g_S22,-190.58,-22.31,308,189,469.0,0.061833687,7,True,1,pericardial cell primordium,Midgut,1,midgut primordium,midgut,endoderm,-190.58,-22.31,308.0,88
1900-E4-8_g_S22,74,E4-8_g_S22,-189.24,-31.94,308,177,407.0,0.024570024,4,True,1,pericardial cell primordium,Midgut,1,midgut primordium,midgut,endoderm,-189.24,-31.94,308.0,88
1902-E4-8_g_S22,208,E4-8_g_S22,-176.83,-110.73,308,427,1327.0,0.05651846,8,True,3,presumptive embryonic/larval peripheral nervous system,CNS,3,brain/ventral nerve cord_outer,CNS,neuroectoderm,-176.83,-110.73,308.0,48
1903-E4-8_g_S22,154,E4-8_g_S22,-213.65,82.93,308,374,1365.0,0.032234434,9,True,13,salivary gland body primordium,Salivary gland body,13,salivary gland,salivary gland,ectoderm,-213.65,82.93,308.0,162
1904-E4-8_g_S22,52,E4-8_g_S22,-205.67,48.25,308,175,371.0,0.021563342,3,True,13,salivary gland body primordium,Salivary gland body,13,salivary gland,salivary gland,ectoderm,-205.67,48.25,308.0,138
1905-E4-8_g_S22,129,E4-8_g_S22,-205.98,35.7,308,279,804.0,0.05348259,9,True,1,pericardial cell primordium,Midgut,1,midgut primordium,midgut,endoderm,-205.98,35.7,308.0,138
1906-E4-8_g_S22,69,E4-8_g_S22,-171.5,-122.35,308,219,432.0,0.04398148,8,True,2,dorsal epidermis primordium,Epidermis,2,epidermis,epidermis,ectoderm,-171.5,-122.35,308.0,48
1907-E4-8_g_S22,140,E4-8_g_S22,-237.34,174.37,308,363,1084.0,0.05627306,9,True,2,dorsal epidermis primordium,Epidermis,2,epidermis,epidermis,ectoderm,-237.34,174.37,308.0,202
1908-E4-8_g_S22,49,E4-8_g_S22,-224.59,130.51,308,136,269.0,0.07063197,5,True,13,salivary gland body primordium,Salivary gland body,13,salivary gland,salivary gland,ectoderm,-224.59,130.51,308.0,183
1909-E4-8_g_S22,57,E4-8_g_S22,-222.16,124.93,308,168,369.0,0.02710027,7,True,13,salivary gland body primordium,Salivary gland body,13,salivary gland,salivary gland,ectoderm,-222.16,124.93,308.0,183
1910-E4-8_g_S22,45,E4-8_g_S22,-216.33,98.04,308,109,233.0,0.047210302,5,True,13,salivary gland body primordium,Salivary gland body,13,salivary gland,salivary gland,ectoderm,-216.33,98.04,308.0,162
1911-E4-8_g_S22,89,E4-8_g_S22,-195.61,-14.5,308,254,628.0,0.030254778,5,True,1,pericardial cell primordium,Midgut,1,midgut primordium,midgut,endoderm,-195.61,-14.5,308.0,88
1912-E4-8_g_S22,27,E4-8_g_S22,-182.58,-76.27,308,90,174.0,0.04597701,5,True,9,mesectoderm,Stomatogastric nervous system,9,sensory neuron,PNS,neuroectoderm,-182.58,-76.27,308.0,68
1914-E4-8_g_S22,48,E4-8_g_S22,-169.55,-141.57,308,144,312.0,0.032051284,3,True,4,dorsal epidermis primordium,Epidermis,4,ventral epidermis,epidermis,ectoderm,-169.55,-141.57,308.0,24
1917-E4-8_g_S22,65,E4-8_g_S22,-213.01,58.55,308,158,380.0,0.005263158,2,True,13,salivary gland body primordium,Salivary gland body,13,salivary gland,salivary gland,ectoderm,-213.01,58.55,308.0,138
1918-E4-8_g_S22,67,E4-8_g_S22,-193.82,-40.78,308,164,344.0,0.037790697,4,True,11,visceral muscle primordium,Visceral muscle,11,visceral muscle,muscle,mesoderm,-193.82,-40.78,308.0,88
1920-E4-8_g_S22,128,E4-8_g_S22,-234.71,153.86,308,327,1002.0,0.077844314,10,True,4,dorsal epidermis primordium,Epidermis,4,ventral epidermis,epidermis,ectoderm,-234.71,153.86,308.0,202
1922-E4-8_g_S22,58,E4-8_g_S22,-212.55,51.13,308,147,321.0,0.024922118,5,True,13,salivary gland body primordium,Salivary gland body,13,salivary gland,salivary gland,ectoderm,-212.55,51.13,308.0,138
1923-E4-8_g_S22,45,E4-8_g_S22,-195.77,-29.03,308,115,230.0,0.017391304,3,True,8,mesectoderm anlage,Foregut,8,glia,CNS,neuroectoderm,-195.77,-29.03,308.0,88
1924-E4-8_g_S22,85,E4-8_g_S22,-175.16,-137.67,308,214,505.0,0.051485147,9,True,10,plasmatocyte primordium,Hemolymph cells,10,mesoderm_2,mesoderm,mesoderm,-175.16,-137.67,308.0,24
1925-E4-8_g_S22,46,E4-8_g_S22,-220.02,92.0,308,156,412.0,0.07281554,7,True,13,salivary gland body primordium,Salivary gland body,13,salivary gland,salivary gland,ectoderm,-220.02,92.0,308.0,161
1926-E4-8_g_S22,79,E4-8_g_S22,-191.15,-59.81,308,223,515.0,0.031067962,7,True,0,dorsal pharyngeal muscle primordium,Somatic muscle,0,somatic muscle,muscle,mesoderm,-191.15,-59.81,308.0,68
1927-E4-8_g_S22,117,E4-8_g_S22,-190.32,-79.78,308,269,682.0,0.038123168,4,True,11,visceral muscle primordium,Visceral muscle,11,visceral muscle,muscle,mesoderm,-190.32,-79.78,308.0,68
1928-E4-8_g_S22,99,E4-8_g_S22,-173.79,-151.5,308,235,578.0,0.03633218,7,True,2,dorsal epidermis primordium,Epidermis,2,epidermis,epidermis,ectoderm,-173.79,-151.5,308.0,24
1930-E4-8_g_S22,28,E4-8_g_S22,-230.24,133.22,308,102,214.0,0.028037382,3,True,2,dorsal epidermis primordium,Epidermis,2,epidermis,epidermis,ectoderm,-230.24,133.22,308.0,183
1932-E4-8_g_S22,84,E4-8_g_S22,-208.03,22.92,308,223,583.0,0.05831904,8,True,1,pericardial cell primordium,Midgut,1,midgut primordium,midgut,endoderm,-208.03,22.92,308.0,113
1934-E4-8_g_S22,60,E4-8_g_S22,-224.81,97.79,308,194,465.0,0.032258064,6,True,13,salivary gland body primordium,Salivary gland body,13,salivary gland,salivary gland,ectoderm,-224.81,97.79,308.0,161
1935-E4-8_g_S22,87,E4-8_g_S22,-187.72,-93.56,308,229,593.0,0.069139965,9,True,0,dorsal pharyngeal muscle primordium,Somatic muscle,0,somatic muscle,muscle,mesoderm,-187.72,-93.56,308.0,47
1938-E4-8_g_S22,69,E4-8_g_S22,-205.02,-3.04,308,191,439.0,0.054669704,8,True,1,pericardial cell primordium,Midgut,1,midgut primordium,midgut,endoderm,-205.02,-3.04,308.0,113
1940-E4-8_g_S22,84,E4-8_g_S22,-195.76,-67.85,308,234,531.0,0.024482109,3,True,0,dorsal pharyngeal muscle primordium,Somatic muscle,0,somatic muscle,muscle,mesoderm,-195.76,-67.85,308.0,68
1941-E4-8_g_S22,45,E4-8_g_S22,-185.04,-102.96,308,151,337.0,0.026706232,3,True,0,dorsal pharyngeal muscle primordium,Somatic muscle,0,somatic muscle,muscle,mesoderm,-185.04,-102.96,308.0,47
1942-E4-8_g_S22,59,E4-8_g_S22,-203.37,-21.13,308,168,397.0,0.055415615,5,True,1,pericardial cell primordium,Midgut,1,midgut primordium,midgut,endoderm,-203.37,-21.13,308.0,88
1944-E4-8_g_S22,44,E4-8_g_S22,-236.42,140.26,308,151,290.0,0.010344828,3,True,10,plasmatocyte primordium,Hemolymph cells,10,mesoderm_2,mesoderm,mesoderm,-236.42,140.26,308.0,183
1945-E4-8_g_S22,62,E4-8_g_S22,-234.52,128.62,308,210,500.0,0.052,6,True,10,plasmatocyte primordium,Hemolymph cells,10,mesoderm_2,mesoderm,mesoderm,-234.52,128.62,308.0,183
1946-E4-8_g_S22,55,E4-8_g_S22,-202.48,-31.77,308,162,359.0,0.04178273,6,True,1,pericardial cell primordium,Midgut,1,midgut primordium,midgut,endoderm,-202.48,-31.77,308.0,88
1947-E4-8_g_S22,60,E4-8_g_S22,-240.55,146.64,308,224,506.0,0.0513834,7,True,10,plasmatocyte primordium,Hemolymph cells,10,mesoderm_2,mesoderm,mesoderm,-240.55,146.64,308.0,183
1948-E4-8_g_S22,104,E4-8_g_S22,-220.26,48.7,308,283,656.0,0.025914634,5,True,0,dorsal pharyngeal muscle primordium,Somatic muscle,0,somatic muscle,muscle,mesoderm,-220.26,48.7,308.0,137
1949-E4-8_g_S22,103,E4-8_g_S22,-213.73,9.72,308,238,611.0,0.06873977,7,True,1,pericardial cell primordium,Midgut,1,midgut primordium,midgut,endoderm,-213.73,9.72,308.0,113
1950-E4-8_g_S22,68,E4-8_g_S22,-234.95,114.85,308,237,618.0,0.048543688,9,True,13,salivary gland body primordium,Salivary gland body,13,salivary gland,salivary gland,ectoderm,-234.95,114.85,308.0,183
1952-E4-8_g_S22,87,E4-8_g_S22,-191.42,-109.81,308,239,522.0,0.03448276,5,True,10,plasmatocyte primordium,Hemolymph cells,10,mesoderm_2,mesoderm,mesoderm,-191.42,-109.81,308.0,47
1953-E4-8_g_S22,68,E4-8_g_S22,-175.31,-182.08,308,83,147.0,0.07482993,5,True,4,dorsal epidermis primordium,Epidermis,4,ventral epidermis,epidermis,ectoderm,-175.31,-182.08,308.0,4
1954-E4-8_g_S22,85,E4-8_g_S22,-230.35,90.45,308,227,602.0,0.034883723,6,True,13,salivary gland body primordium,Salivary gland body,13,salivary gland,salivary gland,ectoderm,-230.35,90.45,308.0,161
1955-E4-8_g_S22,68,E4-8_g_S22,-208.11,-28.22,308,167,411.0,0.03892944,4,True,6,tracheal primordium,Trachea,6,tracheal system,trachea,ectoderm,-208.11,-28.22,308.0,88
1956-E4-8_g_S22,85,E4-8_g_S22,-203.78,-41.55,308,235,546.0,0.025641026,6,True,8,mesectoderm anlage,Foregut,8,glia,CNS,neuroectoderm,-203.78,-41.55,308.0,88
1957-E4-8_g_S22,57,E4-8_g_S22,-192.54,-101.65,308,193,442.0,0.024886878,4,True,9,mesectoderm,Stomatogastric nervous system,9,sensory neuron,PNS,neuroectoderm,-192.54,-101.65,308.0,47
1958-E4-8_g_S22,82,E4-8_g_S22,-246.17,157.5,308,256,685.0,0.03649635,6,True,8,mesectoderm anlage,Foregut,8,glia,CNS,neuroectoderm,-246.17,157.5,308.0,202
1959-E4-8_g_S22,53,E4-8_g_S22,-200.65,-62.05,308,134,281.0,0.021352313,3,True,8,mesectoderm anlage,Foregut,8,glia,CNS,neuroectoderm,-200.65,-62.05,308.0,68
1960-E4-8_g_S22,37,E4-8_g_S22,-242.5,139.7,308,111,226.0,0.013274336,3,True,0,dorsal pharyngeal muscle primordium,Somatic muscle,0,somatic muscle,muscle,mesoderm,-242.5,139.7,308.0,183
1961-E4-8_g_S22,71,E4-8_g_S22,-238.54,121.24,308,217,506.0,0.02964427,5,True,13,salivary gland body primordium,Salivary gland body,13,salivary gland,salivary gland,ectoderm,-238.54,121.24,308.0,183
1962-E4-8_g_S22,37,E4-8_g_S22,-233.64,97.45,308,122,272.0,0.040441178,5,True,13,salivary gland body primordium,Salivary gland body,13,salivary gland,salivary gland,ectoderm,-233.64,97.45,308.0,161
1963-E4-8_g_S22,68,E4-8_g_S22,-231.38,82.13,308,198,460.0,0.02826087,7,True,13,salivary gland body primordium,Salivary gland body,13,salivary gland,salivary gland,ectoderm,-231.38,82.13,308.0,161
1964-E4-8_g_S22,98,E4-8_g_S22,-237.71,105.61,308,233,560.0,0.030357143,5,True,13,salivary gland body primordium,Salivary gland body,13,salivary gland,salivary gland,ectoderm,-237.71,105.61,308.0,161
1966-E4-8_g_S22,146,E4-8_g_S22,-208.16,-55.21,308,307,800.0,0.03625,8,True,11,visceral muscle primordium,Visceral muscle,11,visceral muscle,muscle,mesoderm,-208.16,-55.21,308.0,68
1967-E4-8_g_S22,59,E4-8_g_S22,-197.57,-96.74,308,146,306.0,0.01633987,3,True,9,mesectoderm,Stomatogastric nervous system,9,sensory neuron,PNS,neuroectoderm,-197.57,-96.74,308.0,47
1970-E4-8_g_S22,90,E4-8_g_S22,-199.91,-87.12,308,201,439.0,0.03644647,4,True,9,mesectoderm,Stomatogastric nervous system,9,sensory neuron,PNS,neuroectoderm,-199.91,-87.12,308.0,68
1971-E4-8_g_S22,116,E4-8_g_S22,-187.55,-155.36,308,237,585.0,0.056410257,7,True,2,dorsal epidermis primordium,Epidermis,2,epidermis,epidermis,ectoderm,-187.55,-155.36,308.0,23
1972-E4-8_g_S22,41,E4-8_g_S22,-229.59,62.68,308,199,490.0,0.053061225,9,True,13,salivary gland body primordium,Salivary gland body,13,salivary gland,salivary gland,ectoderm,-229.59,62.68,308.0,137
1973-E4-8_g_S22,59,E4-8_g_S22,-213.8,-24.44,308,203,484.0,0.035123967,6,True,1,pericardial cell primordium,Midgut,1,midgut primordium,midgut,endoderm,-213.8,-24.44,308.0,88
1974-E4-8_g_S22,93,E4-8_g_S22,-194.33,-123.31,308,190,415.0,0.038554218,7,True,10,plasmatocyte primordium,Hemolymph cells,10,mesoderm_2,mesoderm,mesoderm,-194.33,-123.31,308.0,47
1976-E4-8_g_S22,64,E4-8_g_S22,-249.33,138.69,308,220,505.0,0.04158416,9,True,10,plasmatocyte primordium,Hemolymph cells,10,mesoderm_2,mesoderm,mesoderm,-249.33,138.69,308.0,183
1977-E4-8_g_S22,48,E4-8_g_S22,-237.16,78.38,308,182,450.0,0.035555556,7,True,13,salivary gland body primordium,Salivary gland body,13,salivary gland,salivary gland,ectoderm,-237.16,78.38,308.0,161
1979-E4-8_g_S22,53,E4-8_g_S22,-191.01,-136.92,308,169,377.0,0.03448276,5,True,2,dorsal epidermis primordium,Epidermis,2,epidermis,epidermis,ectoderm,-191.01,-136.92,308.0,23
1980-E4-8_g_S22,67,E4-8_g_S22,-240.05,93.52,308,193,478.0,0.043933053,6,True,13,salivary gland body primordium,Salivary gland body,13,salivary gland,salivary gland,ectoderm,-240.05,93.52,308.0,161
1981-E4-8_g_S22,97,E4-8_g_S22,-226.02,22.06,308,233,612.0,0.07189543,8,True,1,pericardial cell primordium,Midgut,1,midgut primordium,midgut,endoderm,-226.02,22.06,308.0,112
1982-E4-8_g_S22,86,E4-8_g_S22,-248.67,129.89,308,244,566.0,0.054770317,10,True,0,dorsal pharyngeal muscle primordium,Somatic muscle,0,somatic muscle,muscle,mesoderm,-248.67,129.89,308.0,183
1983-E4-8_g_S22,71,E4-8_g_S22,-247.72,120.02,308,192,431.0,0.051044084,6,True,0,dorsal pharyngeal muscle primordium,Somatic muscle,0,somatic muscle,muscle,mesoderm,-247.72,120.02,308.0,183
1984-E4-8_g_S22,85,E4-8_g_S22,-242.18,83.15,308,239,586.0,0.03583618,7,True,13,salivary gland body primordium,Salivary gland body,13,salivary gland,salivary gland,ectoderm,-242.18,83.15,308.0,161
1985-E4-8_g_S22,83,E4-8_g_S22,-230.91,44.33,308,211,493.0,0.036511157,4,True,6,tracheal primordium,Trachea,6,tracheal system,trachea,ectoderm,-230.91,44.33,308.0,137
1987-E4-8_g_S22,89,E4-8_g_S22,-186.9,-181.22,308,114,221.0,0.06787331,8,True,3,presumptive embryonic/larval peripheral nervous system,CNS,3,brain/ventral nerve cord_outer,CNS,neuroectoderm,-186.9,-181.22,308.0,3
1988-E4-8_g_S22,40,E4-8_g_S22,-245.12,106.13,308,96,194.0,0.067010306,5,True,0,dorsal pharyngeal muscle primordium,Somatic muscle,0,somatic muscle,muscle,mesoderm,-245.12,106.13,308.0,161
1989-E4-8_g_S22,85,E4-8_g_S22,-208.88,-75.17,308,246,570.0,0.042105265,7,True,11,visceral muscle primordium,Visceral muscle,11,visceral muscle,muscle,mesoderm,-208.88,-75.17,308.0,68
1990-E4-8_g_S22,88,E4-8_g_S22,-201.24,-113.33,308,209,523.0,0.04780115,6,True,3,presumptive embryonic/larval peripheral nervous system,CNS,3,brain/ventral nerve cord_outer,CNS,neuroectoderm,-201.24,-113.33,308.0,47
1992-E4-8_g_S22,93,E4-8_g_S22,-219.25,-31.81,308,239,600.0,0.028333334,7,True,1,pericardial cell primordium,Midgut,1,midgut primordium,midgut,endoderm,-219.25,-31.81,308.0,87
1993-E4-8_g_S22,81,E4-8_g_S22,-205.91,-97.41,308,205,433.0,0.06235566,6,True,9,mesectoderm,Stomatogastric nervous system,9,sensory neuron,PNS,neuroectoderm,-205.91,-97.41,308.0,47
1994-E4-8_g_S22,73,E4-8_g_S22,-235.57,55.44,308,189,433.0,0.03926097,6,True,10,plasmatocyte primordium,Hemolymph cells,10,mesoderm_2,mesoderm,mesoderm,-235.57,55.44,308.0,137
1995-E4-8_g_S22,103,E4-8_g_S22,-229.66,15.4,308,198,493.0,0.052738335,7,True,6,tracheal primordium,Trachea,6,tracheal system,trachea,ectoderm,-229.66,15.4,308.0,112
1996-E4-8_g_S22,47,E4-8_g_S22,-220.81,-22.5,308,113,198.0,0.045454547,3,True,14,visceral branch primordium,Visceral branch,14,unknown,unknown,unknown,-220.81,-22.5,308.0,87
1999-E4-8_g_S22,64,E4-8_g_S22,-202.59,-123.86,308,171,336.0,0.014880952,2,True,3,presumptive embryonic/larval peripheral nervous system,CNS,3,brain/ventral nerve cord_outer,CNS,neuroectoderm,-202.59,-123.86,308.0,47
2000-E4-8_g_S22,49,E4-8_g_S22,-199.9,-130.54,308,149,310.0,0.038709678,4,True,3,presumptive embryonic/larval peripheral nervous system,CNS,3,brain/ventral nerve cord_outer,CNS,neuroectoderm,-199.9,-130.54,308.0,23
2001-E4-8_g_S22,53,E4-8_g_S22,-246.18,94.34,308,122,255.0,0.03137255,3,True,3,presumptive embryonic/larval peripheral nervous system,CNS,3,brain/ventral nerve cord_outer,CNS,neuroectoderm,-246.18,94.34,308.0,161
2003-E4-8_g_S22,66,E4-8_g_S22,-199.35,-137.63,308,148,340.0,0.032352943,4,True,9,mesectoderm,Stomatogastric nervous system,9,sensory neuron,PNS,neuroectoderm,-199.35,-137.63,308.0,23
2006-E4-8_g_S22,67,E4-8_g_S22,-226.82,-17.7,308,160,344.0,0.05232558,8,True,1,pericardial cell primordium,Midgut,1,midgut primordium,midgut,endoderm,-226.82,-17.7,308.0,87
2008-E4-8_g_S22,73,E4-8_g_S22,-229.23,1.76,308,135,284.0,0.045774646,7,True,14,visceral branch primordium,Visceral branch,14,unknown,unknown,unknown,-229.23,1.76,308.0,112
2009-E4-8_g_S22,163,E4-8_g_S22,-199.06,-176.09,308,240,569.0,0.065026365,7,True,9,mesectoderm,Stomatogastric nervous system,9,sensory neuron,PNS,neuroectoderm,-199.06,-176.09,308.0,3
2011-E4-8_g_S22,63,E4-8_g_S22,-237.53,36.89,308,176,450.0,0.022222223,5,True,6,tracheal primordium,Trachea,6,tracheal system,trachea,ectoderm,-237.53,36.89,308.0,137
2012-E4-8_g_S22,44,E4-8_g_S22,-217.36,-62.59,308,169,365.0,0.04657534,6,True,0,dorsal pharyngeal muscle primordium,Somatic muscle,0,somatic muscle,muscle,mesoderm,-217.36,-62.59,308.0,68
2015-E4-8_g_S22,52,E4-8_g_S22,-250.87,101.44,308,154,305.0,0.029508196,4,True,5,insect embryonic/larval nervous system,CNS,5,brain/ventral nerve cord_inner,CNS,neuroectoderm,-250.87,101.44,308.0,161
2016-E4-8_g_S22,62,E4-8_g_S22,-242.28,55.41,308,190,428.0,0.042056076,7,True,10,plasmatocyte primordium,Hemolymph cells,10,mesoderm_2,mesoderm,mesoderm,-242.28,55.41,308.0,137
2017-E4-8_g_S22,23,E4-8_g_S22,-221.92,-39.18,308,97,153.0,0.026143791,4,True,0,dorsal pharyngeal muscle primordium,Somatic muscle,0,somatic muscle,muscle,mesoderm,-221.92,-39.18,308.0,87
2018-E4-8_g_S22,61,E4-8_g_S22,-209.45,-112.29,308,148,326.0,0.042944785,6,True,9,mesectoderm,Stomatogastric nervous system,9,sensory neuron,PNS,neuroectoderm,-209.45,-112.29,308.0,47
2019-E4-8_g_S22,60,E4-8_g_S22,-249.75,87.68,308,133,317.0,0.03785489,6,True,5,insect embryonic/larval nervous system,CNS,5,brain/ventral nerve cord_inner,CNS,neuroectoderm,-249.75,87.68,308.0,161
2020-E4-8_g_S22,62,E4-8_g_S22,-237.93,27.91,308,163,353.0,0.05382436,5,True,2,dorsal epidermis primordium,Epidermis,2,epidermis,epidermis,ectoderm,-237.93,27.91,308.0,112
2021-E4-8_g_S22,51,E4-8_g_S22,-232.18,-5.25,308,157,357.0,0.033613447,5,True,1,pericardial cell primordium,Midgut,1,midgut primordium,midgut,endoderm,-232.18,-5.25,308.0,112
2022-E4-8_g_S22,36,E4-8_g_S22,-226.96,-25.78,308,122,251.0,0.03187251,4,True,0,dorsal pharyngeal muscle primordium,Somatic muscle,0,somatic muscle,muscle,mesoderm,-226.96,-25.78,308.0,87
2023-E4-8_g_S22,124,E4-8_g_S22,-262.4,130.44,308,312,766.0,0.04308094,10,True,5,insect embryonic/larval nervous system,CNS,5,brain/ventral nerve cord_inner,CNS,neuroectoderm,-262.4,130.44,308.0,182
2026-E4-8_g_S22,130,E4-8_g_S22,-224.24,-66.77,308,273,719.0,0.02364395,5,True,5,insect embryonic/larval nervous system,CNS,5,brain/ventral nerve cord_inner,CNS,neuroectoderm,-224.24,-66.77,308.0,67
2028-E4-8_g_S22,55,E4-8_g_S22,-214.49,-96.83,308,153,297.0,0.016835017,1,True,9,mesectoderm,Stomatogastric nervous system,9,sensory neuron,PNS,neuroectoderm,-214.49,-96.83,308.0,47
2029-E4-8_g_S22,73,E4-8_g_S22,-205.07,-142.76,308,226,485.0,0.020618556,4,True,9,mesectoderm,Stomatogastric nervous system,9,sensory neuron,PNS,neuroectoderm,-205.07,-142.76,308.0,23
2030-E4-8_g_S22,50,E4-8_g_S22,-268.41,170.14,308,144,306.0,0.045751635,7,True,2,dorsal epidermis primordium,Epidermis,2,epidermis,epidermis,ectoderm,-268.41,170.14,308.0,201
2031-E4-8_g_S22,52,E4-8_g_S22,-227.61,-37.08,308,161,371.0,0.06199461,5,True,1,pericardial cell primordium,Midgut,1,midgut primordium,midgut,endoderm,-227.61,-37.08,308.0,87
2032-E4-8_g_S22,155,E4-8_g_S22,-273.58,162.86,308,381,1134.0,0.064373896,13,True,4,dorsal epidermis primordium,Epidermis,4,ventral epidermis,epidermis,ectoderm,-273.58,162.86,308.0,201
2033-E4-8_g_S22,65,E4-8_g_S22,-247.71,63.18,308,195,427.0,0.037470724,7,True,10,plasmatocyte primordium,Hemolymph cells,10,mesoderm_2,mesoderm,mesoderm,-247.71,63.18,308.0,137
2034-E4-8_g_S22,52,E4-8_g_S22,-245.12,48.14,308,163,352.0,0.045454547,5,True,10,plasmatocyte primordium,Hemolymph cells,10,mesoderm_2,mesoderm,mesoderm,-245.12,48.14,308.0,137
2035-E4-8_g_S22,55,E4-8_g_S22,-239.14,20.64,308,167,361.0,0.030470913,6,True,2,dorsal epidermis primordium,Epidermis,2,epidermis,epidermis,ectoderm,-239.14,20.64,308.0,112
2037-E4-8_g_S22,114,E4-8_g_S22,-257.79,91.36,308,271,621.0,0.056360707,6,True,3,presumptive embryonic/larval peripheral nervous system,CNS,3,brain/ventral nerve cord_outer,CNS,neuroectoderm,-257.79,91.36,308.0,161
2038-E4-8_g_S22,60,E4-8_g_S22,-239.38,12.25,308,125,295.0,0.06779661,6,True,14,visceral branch primordium,Visceral branch,14,unknown,unknown,unknown,-239.38,12.25,308.0,112
2039-E4-8_g_S22,69,E4-8_g_S22,-273.38,176.7,308,169,388.0,0.041237112,7,True,2,dorsal epidermis primordium,Epidermis,2,epidermis,epidermis,ectoderm,-273.38,176.7,308.0,201
2040-E4-8_g_S22,98,E4-8_g_S22,-254.74,79.92,308,251,564.0,0.035460994,6,True,5,insect embryonic/larval nervous system,CNS,5,brain/ventral nerve cord_inner,CNS,neuroectoderm,-254.74,79.92,308.0,161
2041-E4-8_g_S22,75,E4-8_g_S22,-233.74,-25.99,308,218,480.0,0.022916667,4,True,1,pericardial cell primordium,Midgut,1,midgut primordium,midgut,endoderm,-233.74,-25.99,308.0,87
2042-E4-8_g_S22,60,E4-8_g_S22,-210.2,-133.85,308,164,359.0,0.027855154,4,True,9,mesectoderm,Stomatogastric nervous system,9,sensory neuron,PNS,neuroectoderm,-210.2,-133.85,308.0,23
2043-E4-8_g_S22,107,E4-8_g_S22,-247.89,35.89,308,271,771.0,0.042801555,7,True,2,dorsal epidermis primordium,Epidermis,2,epidermis,epidermis,ectoderm,-247.89,35.89,308.0,137
2044-E4-8_g_S22,61,E4-8_g_S22,-239.41,3.55,308,142,342.0,0.049707603,6,True,14,visceral branch primordium,Visceral branch,14,unknown,unknown,unknown,-239.41,3.55,308.0,112
2045-E4-8_g_S22,78,E4-8_g_S22,-206.94,-160.56,308,204,506.0,0.057312254,9,True,9,mesectoderm,Stomatogastric nervous system,9,sensory neuron,PNS,neuroectoderm,-206.94,-160.56,308.0,23
2047-E4-8_g_S22,131,E4-8_g_S22,-240.25,-18.56,308,244,621.0,0.033816423,8,True,14,visceral branch primordium,Visceral branch,14,unknown,unknown,unknown,-240.25,-18.56,308.0,87
2048-E4-8_g_S22,100,E4-8_g_S22,-270.06,141.33,308,251,686.0,0.0335277,6,True,5,insect embryonic/larval nervous system,CNS,5,brain/ventral nerve cord_inner,CNS,neuroectoderm,-270.06,141.33,308.0,182
2049-E4-8_g_S22,58,E4-8_g_S22,-233.95,-35.75,308,153,339.0,0.076696165,5,True,6,tracheal primordium,Trachea,6,tracheal system,trachea,ectoderm,-233.95,-35.75,308.0,87
2051-E4-8_g_S22,112,E4-8_g_S22,-254.42,47.27,308,289,711.0,0.043600563,8,True,10,plasmatocyte primordium,Hemolymph cells,10,mesoderm_2,mesoderm,mesoderm,-254.42,47.27,308.0,137
2052-E4-8_g_S22,75,E4-8_g_S22,-247.15,25.71,308,245,617.0,0.058346838,7,True,2,dorsal epidermis primordium,Epidermis,2,epidermis,epidermis,ectoderm,-247.15,25.71,308.0,112
2054-E4-8_g_S22,56,E4-8_g_S22,-219.59,-108.63,308,146,326.0,0.018404908,3,True,9,mesectoderm,Stomatogastric nervous system,9,sensory neuron,PNS,neuroectoderm,-219.59,-108.63,308.0,46
2056-E4-8_g_S22,28,E4-8_g_S22,-254.67,61.98,308,97,213.0,0.02347418,3,True,10,plasmatocyte primordium,Hemolymph cells,10,mesoderm_2,mesoderm,mesoderm,-254.67,61.98,308.0,137
2057-E4-8_g_S22,48,E4-8_g_S22,-245.7,15.81,308,133,270.0,0.04074074,5,True,2,dorsal epidermis primordium,Epidermis,2,epidermis,epidermis,ectoderm,-245.7,15.81,308.0,112
2058-E4-8_g_S22,115,E4-8_g_S22,-235.48,-52.1,308,258,664.0,0.039156627,8,True,0,dorsal pharyngeal muscle primordium,Somatic muscle,0,somatic muscle,muscle,mesoderm,-235.48,-52.1,308.0,67
2060-E4-8_g_S22,53,E4-8_g_S22,-214.43,-139.78,308,159,346.0,0.040462427,7,True,9,mesectoderm,Stomatogastric nervous system,9,sensory neuron,PNS,neuroectoderm,-214.43,-139.78,308.0,23
2062-E4-8_g_S22,77,E4-8_g_S22,-202.15,-196.96,308,58,103.0,0.058252428,3,True,9,mesectoderm,Stomatogastric nervous system,9,sensory neuron,PNS,neuroectoderm,-202.15,-196.96,308.0,3
2063-E4-8_g_S22,76,E4-8_g_S22,-276.57,154.67,308,307,804.0,0.041044775,11,True,4,dorsal epidermis primordium,Epidermis,4,ventral epidermis,epidermis,ectoderm,-276.57,154.67,308.0,201
2064-E4-8_g_S22,54,E4-8_g_S22,-263.84,100.73,308,157,350.0,0.03142857,4,True,3,presumptive embryonic/larval peripheral nervous system,CNS,3,brain/ventral nerve cord_outer,CNS,neuroectoderm,-263.84,100.73,308.0,160
2066-E4-8_g_S22,64,E4-8_g_S22,-213.92,-154.36,308,188,407.0,0.06142506,5,True,2,dorsal epidermis primordium,Epidermis,2,epidermis,epidermis,ectoderm,-213.92,-154.36,308.0,23
2069-E4-8_g_S22,73,E4-8_g_S22,-257.17,55.07,308,166,391.0,0.030690538,3,True,10,plasmatocyte primordium,Hemolymph cells,10,mesoderm_2,mesoderm,mesoderm,-257.17,55.07,308.0,137
2070-E4-8_g_S22,37,E4-8_g_S22,-246.27,3.72,308,105,233.0,0.051502146,6,True,2,dorsal epidermis primordium,Epidermis,2,epidermis,epidermis,ectoderm,-246.27,3.72,308.0,112
2071-E4-8_g_S22,51,E4-8_g_S22,-237.29,-41.97,308,153,308.0,0.012987013,4,True,2,dorsal epidermis primordium,Epidermis,2,epidermis,epidermis,ectoderm,-237.29,-41.97,308.0,87
2072-E4-8_g_S22,55,E4-8_g_S22,-271.25,122.27,308,182,353.0,0.048158642,6,True,3,presumptive embryonic/larval peripheral nervous system,CNS,3,brain/ventral nerve cord_outer,CNS,neuroectoderm,-271.25,122.27,308.0,182
2073-E4-8_g_S22,60,E4-8_g_S22,-224.81,-113.72,308,140,331.0,0.018126888,3,True,9,mesectoderm,Stomatogastric nervous system,9,sensory neuron,PNS,neuroectoderm,-224.81,-113.72,308.0,46
2075-E4-8_g_S22,71,E4-8_g_S22,-265.12,80.43,308,237,542.0,0.044280443,6,True,10,plasmatocyte primordium,Hemolymph cells,10,mesoderm_2,mesoderm,mesoderm,-265.12,80.43,308.0,160
2078-E4-8_g_S22,61,E4-8_g_S22,-253.36,16.07,308,152,373.0,0.03217158,5,True,14,visceral branch primordium,Visceral branch,14,unknown,unknown,unknown,-253.36,16.07,308.0,112
2079-E4-8_g_S22,59,E4-8_g_S22,-250.45,8.8,308,74,152.0,0.065789476,3,True,2,dorsal epidermis primordium,Epidermis,2,epidermis,epidermis,ectoderm,-250.45,8.8,308.0,112
2080-E4-8_g_S22,54,E4-8_g_S22,-246.28,-10.93,308,181,369.0,0.043360434,6,True,2,dorsal epidermis primordium,Epidermis,2,epidermis,epidermis,ectoderm,-246.28,-10.93,308.0,87
2081-E4-8_g_S22,83,E4-8_g_S22,-214.25,-180.65,308,116,217.0,0.01843318,2,True,9,mesectoderm,Stomatogastric nervous system,9,sensory neuron,PNS,neuroectoderm,-214.25,-180.65,308.0,3
2082-E4-8_g_S22,47,E4-8_g_S22,-278.46,145.31,308,153,396.0,0.03787879,5,True,9,mesectoderm,Stomatogastric nervous system,9,sensory neuron,PNS,neuroectoderm,-278.46,145.31,308.0,182
2083-E4-8_g_S22,95,E4-8_g_S22,-278.5,134.16,308,290,791.0,0.032869786,6,True,3,presumptive embryonic/larval peripheral nervous system,CNS,3,brain/ventral nerve cord_outer,CNS,neuroectoderm,-278.5,134.16,308.0,182
2084-E4-8_g_S22,95,E4-8_g_S22,-237.2,-63.83,308,204,503.0,0.06759443,6,True,0,dorsal pharyngeal muscle primordium,Somatic muscle,0,somatic muscle,muscle,mesoderm,-237.2,-63.83,308.0,67
2085-E4-8_g_S22,93,E4-8_g_S22,-237.32,-73.83,308,184,412.0,0.048543688,8,True,5,insect embryonic/larval nervous system,CNS,5,brain/ventral nerve cord_inner,CNS,neuroectoderm,-237.32,-73.83,308.0,67
2086-E4-8_g_S22,73,E4-8_g_S22,-222.32,-141.89,308,176,350.0,0.025714286,5,True,9,mesectoderm,Stomatogastric nervous system,9,sensory neuron,PNS,neuroectoderm,-222.32,-141.89,308.0,22
2088-E4-8_g_S22,53,E4-8_g_S22,-275.36,114.11,308,168,367.0,0.049046323,6,True,3,presumptive embryonic/larval peripheral nervous system,CNS,3,brain/ventral nerve cord_outer,CNS,neuroectoderm,-275.36,114.11,308.0,182
2089-E4-8_g_S22,82,E4-8_g_S22,-273.37,104.85,308,204,479.0,0.035490606,8,True,5,insect embryonic/larval nervous system,CNS,5,brain/ventral nerve cord_inner,CNS,neuroectoderm,-273.37,104.85,308.0,160
2090-E4-8_g_S22,45,E4-8_g_S22,-271.63,97.45,308,132,259.0,0.019305019,3,True,3,presumptive embryonic/larval peripheral nervous system,CNS,3,brain/ventral nerve cord_outer,CNS,neuroectoderm,-271.63,97.45,308.0,160
2092-E4-8_g_S22,101,E4-8_g_S22,-249.85,-23.09,308,265,623.0,0.05778491,10,True,2,dorsal epidermis primordium,Epidermis,2,epidermis,epidermis,ectoderm,-249.85,-23.09,308.0,87
2093-E4-8_g_S22,102,E4-8_g_S22,-235.92,-87.67,308,237,567.0,0.04761905,7,True,3,presumptive embryonic/larval peripheral nervous system,CNS,3,brain/ventral nerve cord_outer,CNS,neuroectoderm,-235.92,-87.67,308.0,67
2094-E4-8_g_S22,96,E4-8_g_S22,-231.82,-105.55,308,231,606.0,0.03960396,6,True,3,presumptive embryonic/larval peripheral nervous system,CNS,3,brain/ventral nerve cord_outer,CNS,neuroectoderm,-231.82,-105.55,308.0,46
2096-E4-8_g_S22,42,E4-8_g_S22,-266.01,63.54,308,96,188.0,0.031914894,3,True,6,tracheal primordium,Trachea,6,tracheal system,trachea,ectoderm,-266.01,63.54,308.0,136
2098-E4-8_g_S22,40,E4-8_g_S22,-226.39,-135.51,308,117,205.0,0.053658538,6,True,9,mesectoderm,Stomatogastric nervous system,9,sensory neuron,PNS,neuroectoderm,-226.39,-135.51,308.0,22
2099-E4-8_g_S22,46,E4-8_g_S22,-265.08,54.83,308,92,189.0,0.037037037,5,True,10,plasmatocyte primordium,Hemolymph cells,10,mesoderm_2,mesoderm,mesoderm,-265.08,54.83,308.0,136
2100-E4-8_g_S22,98,E4-8_g_S22,-229.25,-144.84,308,225,559.0,0.039355993,5,True,9,mesectoderm,Stomatogastric nervous system,9,sensory neuron,PNS,neuroectoderm,-229.25,-144.84,308.0,22
2102-E4-8_g_S22,119,E4-8_g_S22,-274.59,89.93,308,278,679.0,0.06921944,10,True,5,insect embryonic/larval nervous system,CNS,5,brain/ventral nerve cord_inner,CNS,neuroectoderm,-274.59,89.93,308.0,160
2103-E4-8_g_S22,80,E4-8_g_S22,-261.62,17.73,308,254,700.0,0.07714286,8,True,2,dorsal epidermis primordium,Epidermis,2,epidermis,epidermis,ectoderm,-261.62,17.73,308.0,111
2105-E4-8_g_S22,79,E4-8_g_S22,-246.58,-44.35,308,229,590.0,0.06101695,10,True,11,visceral muscle primordium,Visceral muscle,11,visceral muscle,muscle,mesoderm,-246.58,-44.35,308.0,87
2106-E4-8_g_S22,63,E4-8_g_S22,-245.89,-56.6,308,161,343.0,0.046647232,4,True,0,dorsal pharyngeal muscle primordium,Somatic muscle,0,somatic muscle,muscle,mesoderm,-245.89,-56.6,308.0,67
2107-E4-8_g_S22,86,E4-8_g_S22,-233.64,-120.87,308,217,453.0,0.04415011,6,True,3,presumptive embryonic/larval peripheral nervous system,CNS,3,brain/ventral nerve cord_outer,CNS,neuroectoderm,-233.64,-120.87,308.0,46
2108-E4-8_g_S22,64,E4-8_g_S22,-292.05,167.69,308,183,379.0,0.050131924,7,True,2,dorsal epidermis primordium,Epidermis,2,epidermis,epidermis,ectoderm,-292.05,167.69,308.0,201
2109-E4-8_g_S22,71,E4-8_g_S22,-271.86,73.25,308,180,384.0,0.0546875,6,True,5,insect embryonic/larval nervous system,CNS,5,brain/ventral nerve cord_inner,CNS,neuroectoderm,-271.86,73.25,308.0,160
2110-E4-8_g_S22,62,E4-8_g_S22,-260.06,8.6,308,120,274.0,0.05109489,5,True,2,dorsal epidermis primordium,Epidermis,2,epidermis,epidermis,ectoderm,-260.06,8.6,308.0,111
2111-E4-8_g_S22,53,E4-8_g_S22,-244.11,-79.15,308,108,213.0,0.056338027,3,True,9,mesectoderm,Stomatogastric nervous system,9,sensory neuron,PNS,neuroectoderm,-244.11,-79.15,308.0,67
2112-E4-8_g_S22,62,E4-8_g_S22,-281.76,109.05,308,221,491.0,0.03869654,8,True,5,insect embryonic/larval nervous system,CNS,5,brain/ventral nerve cord_inner,CNS,neuroectoderm,-281.76,109.05,308.0,160
2113-E4-8_g_S22,64,E4-8_g_S22,-271.69,59.18,308,153,312.0,0.025641026,4,True,10,plasmatocyte primordium,Hemolymph cells,10,mesoderm_2,mesoderm,mesoderm,-271.69,59.18,308.0,136
2114-E4-8_g_S22,66,E4-8_g_S22,-271.32,50.28,308,160,388.0,0.06185567,4,True,10,plasmatocyte primordium,Hemolymph cells,10,mesoderm_2,mesoderm,mesoderm,-271.32,50.28,308.0,136
2115-E4-8_g_S22,45,E4-8_g_S22,-268.59,44.74,308,114,238.0,0.04621849,7,True,10,plasmatocyte primordium,Hemolymph cells,10,mesoderm_2,mesoderm,mesoderm,-268.59,44.74,308.0,136
2117-E4-8_g_S22,66,E4-8_g_S22,-265.79,24.52,308,200,493.0,0.028397566,4,True,2,dorsal epidermis primordium,Epidermis,2,epidermis,epidermis,ectoderm,-265.79,24.52,308.0,111
2118-E4-8_g_S22,55,E4-8_g_S22,-277.19,81.64,308,163,354.0,0.07062147,5,True,5,insect embryonic/larval nervous system,CNS,5,brain/ventral nerve cord_inner,CNS,neuroectoderm,-277.19,81.64,308.0,160
2119-E4-8_g_S22,46,E4-8_g_S22,-254.57,-29.6,308,135,316.0,0.044303797,6,True,2,dorsal epidermis primordium,Epidermis,2,epidermis,epidermis,ectoderm,-254.57,-29.6,308.0,87
2120-E4-8_g_S22,34,E4-8_g_S22,-242.98,-89.23,308,98,206.0,0.009708738,1,True,3,presumptive embryonic/larval peripheral nervous system,CNS,3,brain/ventral nerve cord_outer,CNS,neuroectoderm,-242.98,-89.23,308.0,46
2121-E4-8_g_S22,127,E4-8_g_S22,-245.32,-96.12,308,277,667.0,0.03748126,6,True,3,presumptive embryonic/larval peripheral nervous system,CNS,3,brain/ventral nerve cord_outer,CNS,neuroectoderm,-245.32,-96.12,308.0,46
2123-E4-8_g_S22,36,E4-8_g_S22,-246.0,-73.66,308,68,116.0,0.04310345,3,True,2,dorsal epidermis primordium,Epidermis,2,epidermis,epidermis,ectoderm,-246.0,-73.66,308.0,67
2124-E4-8_g_S22,26,E4-8_g_S22,-243.91,-83.57,308,66,122.0,0.04918033,2,True,2,dorsal epidermis primordium,Epidermis,2,epidermis,epidermis,ectoderm,-243.91,-83.57,308.0,67
2126-E4-8_g_S22,76,E4-8_g_S22,-240.94,-110.79,308,232,457.0,0.030634573,5,True,3,presumptive embryonic/larval peripheral nervous system,CNS,3,brain/ventral nerve cord_outer,CNS,neuroectoderm,-240.94,-110.79,308.0,46
2127-E4-8_g_S22,81,E4-8_g_S22,-278.13,65.28,308,194,424.0,0.054245282,7,True,5,insect embryonic/larval nervous system,CNS,5,brain/ventral nerve cord_inner,CNS,neuroectoderm,-278.13,65.28,308.0,136
2128-E4-8_g_S22,109,E4-8_g_S22,-290.28,117.33,308,292,759.0,0.060606062,8,True,3,presumptive embryonic/larval peripheral nervous system,CNS,3,brain/ventral nerve cord_outer,CNS,neuroectoderm,-290.28,117.33,308.0,182
2130-E4-8_g_S22,123,E4-8_g_S22,-263.26,-27.36,308,223,569.0,0.04217926,5,True,9,mesectoderm,Stomatogastric nervous system,9,sensory neuron,PNS,neuroectoderm,-263.26,-27.36,308.0,86
2131-E4-8_g_S22,140,E4-8_g_S22,-237.84,-152.26,308,299,801.0,0.038701624,9,True,9,mesectoderm,Stomatogastric nervous system,9,sensory neuron,PNS,neuroectoderm,-237.84,-152.26,308.0,22
2134-E4-8_g_S22,67,E4-8_g_S22,-284.3,85.55,308,195,466.0,0.010729614,4,True,5,insect embryonic/larval nervous system,CNS,5,brain/ventral nerve cord_inner,CNS,neuroectoderm,-284.3,85.55,308.0,160
2135-E4-8_g_S22,175,E4-8_g_S22,-296.48,130.49,308,392,1061.0,0.053722903,11,True,3,presumptive embryonic/larval peripheral nervous system,CNS,3,brain/ventral nerve cord_outer,CNS,neuroectoderm,-296.48,130.49,308.0,182
2138-E4-8_g_S22,63,E4-8_g_S22,-241.72,-125.24,308,154,372.0,0.05107527,4,True,9,mesectoderm,Stomatogastric nervous system,9,sensory neuron,PNS,neuroectoderm,-241.72,-125.24,308.0,46
2139-E4-8_g_S22,133,E4-8_g_S22,-280.55,41.48,308,330,895.0,0.05027933,9,True,10,plasmatocyte primordium,Hemolymph cells,10,mesoderm_2,mesoderm,mesoderm,-280.55,41.48,308.0,136
2140-E4-8_g_S22,24,E4-8_g_S22,-274.59,35.86,308,50,84.0,0.035714287,3,True,10,plasmatocyte primordium,Hemolymph cells,10,mesoderm_2,mesoderm,mesoderm,-274.59,35.86,308.0,136
2141-E4-8_g_S22,62,E4-8_g_S22,-271.07,16.17,308,185,424.0,0.04245283,9,True,2,dorsal epidermis primordium,Epidermis,2,epidermis,epidermis,ectoderm,-271.07,16.17,308.0,111
2143-E4-8_g_S22,69,E4-8_g_S22,-232.39,-178.07,308,119,241.0,0.029045643,3,True,9,mesectoderm,Stomatogastric nervous system,9,sensory neuron,PNS,neuroectoderm,-232.39,-178.07,308.0,2
2144-E4-8_g_S22,44,E4-8_g_S22,-269.32,6.36,308,99,235.0,0.029787235,3,True,6,tracheal primordium,Trachea,6,tracheal system,trachea,ectoderm,-269.32,6.36,308.0,111
2145-E4-8_g_S22,53,E4-8_g_S22,-289.08,91.96,308,132,272.0,0.025735294,2,True,5,insect embryonic/larval nervous system,CNS,5,brain/ventral nerve cord_inner,CNS,neuroectoderm,-289.08,91.96,308.0,160
2146-E4-8_g_S22,73,E4-8_g_S22,-287.35,77.89,308,189,398.0,0.027638191,4,True,5,insect embryonic/larval nervous system,CNS,5,brain/ventral nerve cord_inner,CNS,neuroectoderm,-287.35,77.89,308.0,160
2147-E4-8_g_S22,56,E4-8_g_S22,-281.46,49.47,308,140,281.0,0.042704627,5,True,10,plasmatocyte primordium,Hemolymph cells,10,mesoderm_2,mesoderm,mesoderm,-281.46,49.47,308.0,136
2148-E4-8_g_S22,92,E4-8_g_S22,-277.39,28.4,308,258,666.0,0.045045044,9,True,10,plasmatocyte primordium,Hemolymph cells,10,mesoderm_2,mesoderm,mesoderm,-277.39,28.4,308.0,111
2150-E4-8_g_S22,83,E4-8_g_S22,-249.78,-113.75,308,188,404.0,0.02970297,4,True,3,presumptive embryonic/larval peripheral nervous system,CNS,3,brain/ventral nerve cord_outer,CNS,neuroectoderm,-249.78,-113.75,308.0,46
2151-E4-8_g_S22,55,E4-8_g_S22,-293.47,103.57,308,181,426.0,0.028169014,4,True,5,insect embryonic/larval nervous system,CNS,5,brain/ventral nerve cord_inner,CNS,neuroectoderm,-293.47,103.57,308.0,160
2152-E4-8_g_S22,51,E4-8_g_S22,-275.36,9.58,308,134,282.0,0.07446808,7,True,2,dorsal epidermis primordium,Epidermis,2,epidermis,epidermis,ectoderm,-275.36,9.58,308.0,111
2153-E4-8_g_S22,60,E4-8_g_S22,-272.2,-0.85,308,177,398.0,0.05276382,7,True,6,tracheal primordium,Trachea,6,tracheal system,trachea,ectoderm,-272.2,-0.85,308.0,111
2154-E4-8_g_S22,90,E4-8_g_S22,-249.89,-123.11,308,199,447.0,0.042505592,7,True,9,mesectoderm,Stomatogastric nervous system,9,sensory neuron,PNS,neuroectoderm,-249.89,-123.11,308.0,46
2155-E4-8_g_S22,62,E4-8_g_S22,-284.34,60.81,308,181,391.0,0.061381076,6,True,10,plasmatocyte primordium,Hemolymph cells,10,mesoderm_2,mesoderm,mesoderm,-284.34,60.81,308.0,136
2156-E4-8_g_S22,62,E4-8_g_S22,-278.29,18.77,308,189,389.0,0.048843186,4,True,2,dorsal epidermis primordium,Epidermis,2,epidermis,epidermis,ectoderm,-278.29,18.77,308.0,111
2159-E4-8_g_S22,62,E4-8_g_S22,-255.1,-97.12,308,131,260.0,0.015384615,2,True,3,presumptive embryonic/larval peripheral nervous system,CNS,3,brain/ventral nerve cord_outer,CNS,neuroectoderm,-255.1,-97.12,308.0,46
2161-E4-8_g_S22,53,E4-8_g_S22,-294.38,85.81,308,169,368.0,0.029891305,4,True,5,insect embryonic/larval nervous system,CNS,5,brain/ventral nerve cord_inner,CNS,neuroectoderm,-294.38,85.81,308.0,160
2162-E4-8_g_S22,43,E4-8_g_S22,-252.67,-106.88,308,111,237.0,0.09282701,5,True,3,presumptive embryonic/larval peripheral nervous system,CNS,3,brain/ventral nerve cord_outer,CNS,neuroectoderm,-252.67,-106.88,308.0,46
2164-E4-8_g_S22,54,E4-8_g_S22,-239.84,-172.89,308,108,214.0,0.060747664,3,True,10,plasmatocyte primordium,Hemolymph cells,10,mesoderm_2,mesoderm,mesoderm,-239.84,-172.89,308.0,2
2165-E4-8_g_S22,70,E4-8_g_S22,-295.62,94.49,308,138,269.0,0.044609666,5,True,5,insect embryonic/larval nervous system,CNS,5,brain/ventral nerve cord_inner,CNS,neuroectoderm,-295.62,94.49,308.0,160
2166-E4-8_g_S22,62,E4-8_g_S22,-271.12,-21.56,308,140,315.0,0.07936508,5,True,2,dorsal epidermis primordium,Epidermis,2,epidermis,epidermis,ectoderm,-271.12,-21.56,308.0,86
2167-E4-8_g_S22,49,E4-8_g_S22,-238.53,-190.05,308,64,114.0,0.03508772,3,True,9,mesectoderm,Stomatogastric nervous system,9,sensory neuron,PNS,neuroectoderm,-238.53,-190.05,308.0,2
2169-E4-8_g_S22,46,E4-8_g_S22,-283.55,25.89,308,120,251.0,0.07968128,6,True,6,tracheal primordium,Trachea,6,tracheal system,trachea,ectoderm,-283.55,25.89,308.0,111
2171-E4-8_g_S22,52,E4-8_g_S22,-290.72,59.44,308,162,344.0,0.023255814,4,True,5,insect embryonic/larval nervous system,CNS,5,brain/ventral nerve cord_inner,CNS,neuroectoderm,-290.72,59.44,308.0,136
2172-E4-8_g_S22,145,E4-8_g_S22,-273.95,-47.02,308,319,864.0,0.020833334,6,True,16,procrystal cell,Hemolymph cells,16,procrystal cell,hemolymph,mesoderm,-273.95,-47.02,308.0,86
2173-E4-8_g_S22,83,E4-8_g_S22,-265.17,-74.37,308,169,343.0,0.034985423,4,True,3,presumptive embryonic/larval peripheral nervous system,CNS,3,brain/ventral nerve cord_outer,CNS,neuroectoderm,-265.17,-74.37,308.0,66
2174-E4-8_g_S22,61,E4-8_g_S22,-287.92,36.2,308,183,440.0,0.06363636,9,True,10,plasmatocyte primordium,Hemolymph cells,10,mesoderm_2,mesoderm,mesoderm,-287.92,36.2,308.0,136
2175-E4-8_g_S22,26,E4-8_g_S22,-282.47,10.51,308,65,125.0,0.08,5,True,2,dorsal epidermis primordium,Epidermis,2,epidermis,epidermis,ectoderm,-282.47,10.51,308.0,111
2176-E4-8_g_S22,42,E4-8_g_S22,-281.76,5.88,308,120,255.0,0.05490196,5,True,6,tracheal primordium,Trachea,6,tracheal system,trachea,ectoderm,-281.76,5.88,308.0,111
2177-E4-8_g_S22,44,E4-8_g_S22,-277.16,-12.22,308,127,274.0,0.08759124,7,True,2,dorsal epidermis primordium,Epidermis,2,epidermis,epidermis,ectoderm,-277.16,-12.22,308.0,86
2178-E4-8_g_S22,50,E4-8_g_S22,-259.33,-110.61,308,135,278.0,0.05035971,6,True,3,presumptive embryonic/larval peripheral nervous system,CNS,3,brain/ventral nerve cord_outer,CNS,neuroectoderm,-259.33,-110.61,308.0,45
2179-E4-8_g_S22,90,E4-8_g_S22,-307.25,124.81,308,223,524.0,0.049618322,7,True,5,insect embryonic/larval nervous system,CNS,5,brain/ventral nerve cord_inner,CNS,neuroectoderm,-307.25,124.81,308.0,181
2181-E4-8_g_S22,57,E4-8_g_S22,-285.27,15.82,308,144,345.0,0.052173913,7,True,6,tracheal primordium,Trachea,6,tracheal system,trachea,ectoderm,-285.27,15.82,308.0,111
2182-E4-8_g_S22,78,E4-8_g_S22,-279.11,-20.04,308,178,411.0,0.08029197,9,True,6,tracheal primordium,Trachea,6,tracheal system,trachea,ectoderm,-279.11,-20.04,308.0,86
2184-E4-8_g_S22,89,E4-8_g_S22,-264.09,-99.61,308,227,503.0,0.03976143,6,True,3,presumptive embryonic/larval peripheral nervous system,CNS,3,brain/ventral nerve cord_outer,CNS,neuroectoderm,-264.09,-99.61,308.0,45
2185-E4-8_g_S22,140,E4-8_g_S22,-250.91,-173.21,308,202,446.0,0.06726457,5,True,9,mesectoderm,Stomatogastric nervous system,9,sensory neuron,PNS,neuroectoderm,-250.91,-173.21,308.0,2
2186-E4-8_g_S22,77,E4-8_g_S22,-290.29,27.03,308,212,474.0,0.09704641,8,True,2,dorsal epidermis primordium,Epidermis,2,epidermis,epidermis,ectoderm,-290.29,27.03,308.0,111
2187-E4-8_g_S22,94,E4-8_g_S22,-280.0,-29.71,308,48,98.0,0.020408163,2,True,14,visceral branch primordium,Visceral branch,14,unknown,unknown,unknown,-280.0,-29.71,308.0,86
2188-E4-8_g_S22,84,E4-8_g_S22,-255.65,-140.18,308,169,425.0,0.023529412,2,True,9,mesectoderm,Stomatogastric nervous system,9,sensory neuron,PNS,neuroectoderm,-255.65,-140.18,308.0,22
2191-E4-8_g_S22,69,E4-8_g_S22,-316.54,155.6,308,129,285.0,0.077192985,7,True,2,dorsal epidermis primordium,Epidermis,2,epidermis,epidermis,ectoderm,-316.54,155.6,308.0,200
2192-E4-8_g_S22,88,E4-8_g_S22,-294.69,44.15,308,206,520.0,0.03846154,7,True,10,plasmatocyte primordium,Hemolymph cells,10,mesoderm_2,mesoderm,mesoderm,-294.69,44.15,308.0,136
2193-E4-8_g_S22,60,E4-8_g_S22,-306.28,96.08,308,141,296.0,0.05743243,6,True,5,insect embryonic/larval nervous system,CNS,5,brain/ventral nerve cord_inner,CNS,neuroectoderm,-306.28,96.08,308.0,159
2195-E4-8_g_S22,110,E4-8_g_S22,-273.37,-70.01,308,253,598.0,0.02173913,6,True,5,insect embryonic/larval nervous system,CNS,5,brain/ventral nerve cord_inner,CNS,neuroectoderm,-273.37,-70.01,308.0,66
2198-E4-8_g_S22,52,E4-8_g_S22,-257.59,-148.5,308,104,219.0,0.02739726,4,True,9,mesectoderm,Stomatogastric nervous system,9,sensory neuron,PNS,neuroectoderm,-257.59,-148.5,308.0,22
2199-E4-8_g_S22,123,E4-8_g_S22,-313.11,102.75,308,283,756.0,0.037037037,6,True,3,presumptive embryonic/larval peripheral nervous system,CNS,3,brain/ventral nerve cord_outer,CNS,neuroectoderm,-313.11,102.75,308.0,159
2200-E4-8_g_S22,42,E4-8_g_S22,-306.0,78.11,308,134,285.0,0.05964912,5,True,5,insect embryonic/larval nervous system,CNS,5,brain/ventral nerve cord_inner,CNS,neuroectoderm,-306.0,78.11,308.0,159
2201-E4-8_g_S22,83,E4-8_g_S22,-292.3,12.67,308,193,467.0,0.059957173,8,True,2,dorsal epidermis primordium,Epidermis,2,epidermis,epidermis,ectoderm,-292.3,12.67,308.0,111
2202-E4-8_g_S22,117,E4-8_g_S22,-269.37,-114.1,308,258,555.0,0.036036037,6,True,3,presumptive embryonic/larval peripheral nervous system,CNS,3,brain/ventral nerve cord_outer,CNS,neuroectoderm,-269.37,-114.1,308.0,45
2203-E4-8_g_S22,107,E4-8_g_S22,-276.1,-85.35,308,249,629.0,0.041335452,6,True,3,presumptive embryonic/larval peripheral nervous system,CNS,3,brain/ventral nerve cord_outer,CNS,neuroectoderm,-276.1,-85.35,308.0,66
2210-E4-8_g_S22,76,E4-8_g_S22,-318.64,121.07,308,215,522.0,0.036398467,6,True,9,mesectoderm,Stomatogastric nervous system,9,sensory neuron,PNS,neuroectoderm,-318.64,121.07,308.0,181
2211-E4-8_g_S22,36,E4-8_g_S22,-305.96,61.99,308,91,158.0,0.012658228,2,True,5,insect embryonic/larval nervous system,CNS,5,brain/ventral nerve cord_inner,CNS,neuroectoderm,-305.96,61.99,308.0,135
2212-E4-8_g_S22,56,E4-8_g_S22,-305.38,55.26,308,152,340.0,0.03529412,5,True,5,insect embryonic/larval nervous system,CNS,5,brain/ventral nerve cord_inner,CNS,neuroectoderm,-305.38,55.26,308.0,135
2213-E4-8_g_S22,64,E4-8_g_S22,-288.85,-30.5,308,93,178.0,0.033707865,4,True,2,dorsal epidermis primordium,Epidermis,2,epidermis,epidermis,ectoderm,-288.85,-30.5,308.0,86
2214-E4-8_g_S22,54,E4-8_g_S22,-285.99,-45.09,308,127,282.0,0.031914894,4,True,16,procrystal cell,Hemolymph cells,16,procrystal cell,hemolymph,mesoderm,-285.99,-45.09,308.0,86
2215-E4-8_g_S22,68,E4-8_g_S22,-272.93,-102.59,308,172,389.0,0.053984575,5,True,3,presumptive embryonic/larval peripheral nervous system,CNS,3,brain/ventral nerve cord_outer,CNS,neuroectoderm,-272.93,-102.59,308.0,45
2216-E4-8_g_S22,85,E4-8_g_S22,-265.46,-139.74,308,195,431.0,0.04408353,6,True,9,mesectoderm,Stomatogastric nervous system,9,sensory neuron,PNS,neuroectoderm,-265.46,-139.74,308.0,21
2217-E4-8_g_S22,91,E4-8_g_S22,-306.41,46.07,308,234,615.0,0.03089431,8,True,5,insect embryonic/larval nervous system,CNS,5,brain/ventral nerve cord_inner,CNS,neuroectoderm,-306.41,46.07,308.0,135
2218-E4-8_g_S22,47,E4-8_g_S22,-286.55,-38.65,308,25,39.0,0.025641026,1,True,11,visceral muscle primordium,Visceral muscle,11,visceral muscle,muscle,mesoderm,-286.55,-38.65,308.0,86
2219-E4-8_g_S22,66,E4-8_g_S22,-283.26,-65.64,308,174,357.0,0.033613447,6,True,5,insect embryonic/larval nervous system,CNS,5,brain/ventral nerve cord_inner,CNS,neuroectoderm,-283.26,-65.64,308.0,66
2222-E4-8_g_S22,96,E4-8_g_S22,-288.25,-56.54,308,213,504.0,0.041666668,8,True,16,procrystal cell,Hemolymph cells,16,procrystal cell,hemolymph,mesoderm,-288.25,-56.54,308.0,66
2223-E4-8_g_S22,164,E4-8_g_S22,-289.74,-73.56,308,366,1010.0,0.05841584,10,True,5,insect embryonic/larval nervous system,CNS,5,brain/ventral nerve cord_inner,CNS,neuroectoderm,-289.74,-73.56,308.0,66
2224-E4-8_g_S22,82,E4-8_g_S22,-280.12,-96.13,308,192,454.0,0.06387665,6,True,3,presumptive embryonic/larval peripheral nervous system,CNS,3,brain/ventral nerve cord_outer,CNS,neuroectoderm,-280.12,-96.13,308.0,45
2225-E4-8_g_S22,176,E4-8_g_S22,-331.48,131.64,308,417,1200.0,0.05666667,13,True,4,dorsal epidermis primordium,Epidermis,4,ventral epidermis,epidermis,ectoderm,-331.48,131.64,308.0,181
2226-E4-8_g_S22,49,E4-8_g_S22,-313.65,77.36,308,144,301.0,0.073089704,6,True,5,insect embryonic/larval nervous system,CNS,5,brain/ventral nerve cord_inner,CNS,neuroectoderm,-313.65,77.36,308.0,159
2227-E4-8_g_S22,75,E4-8_g_S22,-315.96,69.27,308,138,292.0,0.01369863,1,True,5,insect embryonic/larval nervous system,CNS,5,brain/ventral nerve cord_inner,CNS,neuroectoderm,-315.96,69.27,308.0,135
2228-E4-8_g_S22,74,E4-8_g_S22,-308.62,36.16,308,216,526.0,0.04942966,8,True,16,procrystal cell,Hemolymph cells,16,procrystal cell,hemolymph,mesoderm,-308.62,36.16,308.0,135
2229-E4-8_g_S22,72,E4-8_g_S22,-304.7,21.91,308,154,400.0,0.0875,6,True,2,dorsal epidermis primordium,Epidermis,2,epidermis,epidermis,ectoderm,-304.7,21.91,308.0,110
2231-E4-8_g_S22,73,E4-8_g_S22,-313.14,58.11,308,196,504.0,0.01984127,6,True,5,insect embryonic/larval nervous system,CNS,5,brain/ventral nerve cord_inner,CNS,neuroectoderm,-313.14,58.11,308.0,135
2232-E4-8_g_S22,62,E4-8_g_S22,-271.81,-145.3,308,171,380.0,0.036842104,7,True,3,presumptive embryonic/larval peripheral nervous system,CNS,3,brain/ventral nerve cord_outer,CNS,neuroectoderm,-271.81,-145.3,308.0,21
2233-E4-8_g_S22,71,E4-8_g_S22,-327.29,122.08,308,168,368.0,0.07065217,6,True,2,dorsal epidermis primordium,Epidermis,2,epidermis,epidermis,ectoderm,-327.29,122.08,308.0,181
2234-E4-8_g_S22,48,E4-8_g_S22,-320.07,96.95,308,150,313.0,0.044728436,7,True,3,presumptive embryonic/larval peripheral nervous system,CNS,3,brain/ventral nerve cord_outer,CNS,neuroectoderm,-320.07,96.95,308.0,159
2236-E4-8_g_S22,38,E4-8_g_S22,-294.37,-37.1,308,75,157.0,0.05732484,4,True,16,procrystal cell,Hemolymph cells,16,procrystal cell,hemolymph,mesoderm,-294.37,-37.1,308.0,86
2237-E4-8_g_S22,103,E4-8_g_S22,-264.68,-190.05,308,103,205.0,0.07804878,4,True,9,mesectoderm,Stomatogastric nervous system,9,sensory neuron,PNS,neuroectoderm,-264.68,-190.05,308.0,1
2238-E4-8_g_S22,84,E4-8_g_S22,-307.97,15.79,308,194,439.0,0.03644647,7,True,2,dorsal epidermis primordium,Epidermis,2,epidermis,epidermis,ectoderm,-307.97,15.79,308.0,110
2239-E4-8_g_S22,61,E4-8_g_S22,-297.02,-29.45,308,148,370.0,0.056756757,6,True,6,tracheal primordium,Trachea,6,tracheal system,trachea,ectoderm,-297.02,-29.45,308.0,86
2241-E4-8_g_S22,76,E4-8_g_S22,-275.97,-137.82,308,174,401.0,0.04488778,7,True,3,presumptive embryonic/larval peripheral nervous system,CNS,3,brain/ventral nerve cord_outer,CNS,neuroectoderm,-275.97,-137.82,308.0,21
2242-E4-8_g_S22,101,E4-8_g_S22,-324.43,91.37,308,274,708.0,0.059322033,8,True,3,presumptive embryonic/larval peripheral nervous system,CNS,3,brain/ventral nerve cord_outer,CNS,neuroectoderm,-324.43,91.37,308.0,159
2243-E4-8_g_S22,26,E4-8_g_S22,-318.55,75.93,308,82,153.0,0.06535948,3,True,5,insect embryonic/larval nervous system,CNS,5,brain/ventral nerve cord_inner,CNS,neuroectoderm,-318.55,75.93,308.0,159
2244-E4-8_g_S22,72,E4-8_g_S22,-280.4,-109.72,308,171,400.0,0.06,6,True,3,presumptive embryonic/larval peripheral nervous system,CNS,3,brain/ventral nerve cord_outer,CNS,neuroectoderm,-280.4,-109.72,308.0,45
2245-E4-8_g_S22,204,E4-8_g_S22,-283.62,-129.65,308,442,1211.0,0.026424443,7,True,3,presumptive embryonic/larval peripheral nervous system,CNS,3,brain/ventral nerve cord_outer,CNS,neuroectoderm,-283.62,-129.65,308.0,21
2246-E4-8_g_S22,65,E4-8_g_S22,-272.56,-160.25,308,148,328.0,0.06402439,6,True,3,presumptive embryonic/larval peripheral nervous system,CNS,3,brain/ventral nerve cord_outer,CNS,neuroectoderm,-272.56,-160.25,308.0,21
2247-E4-8_g_S22,47,E4-8_g_S22,-322.59,83.47,308,129,266.0,0.067669176,7,True,5,insect embryonic/larval nervous system,CNS,5,brain/ventral nerve cord_inner,CNS,neuroectoderm,-322.59,83.47,308.0,159
2248-E4-8_g_S22,120,E4-8_g_S22,-319.46,50.71,308,307,780.0,0.035897437,9,True,5,insect embryonic/larval nervous system,CNS,5,brain/ventral nerve cord_inner,CNS,neuroectoderm,-319.46,50.71,308.0,135
2250-E4-8_g_S22,61,E4-8_g_S22,-286.73,-100.16,308,140,307.0,0.055374593,6,True,3,presumptive embryonic/larval peripheral nervous system,CNS,3,brain/ventral nerve cord_outer,CNS,neuroectoderm,-286.73,-100.16,308.0,45
2251-E4-8_g_S22,68,E4-8_g_S22,-282.19,-119.31,308,188,412.0,0.041262135,8,True,3,presumptive embryonic/larval peripheral nervous system,CNS,3,brain/ventral nerve cord_outer,CNS,neuroectoderm,-282.19,-119.31,308.0,45
2252-E4-8_g_S22,126,E4-8_g_S22,-328.23,75.35,308,243,621.0,0.07568438,9,True,3,presumptive embryonic/larval peripheral nervous system,CNS,3,brain/ventral nerve cord_outer,CNS,neuroectoderm,-328.23,75.35,308.0,159
2253-E4-8_g_S22,52,E4-8_g_S22,-308.64,1.03,308,132,289.0,0.076124564,6,True,2,dorsal epidermis primordium,Epidermis,2,epidermis,epidermis,ectoderm,-308.64,1.03,308.0,110
2254-E4-8_g_S22,45,E4-8_g_S22,-301.3,-34.97,308,118,255.0,0.07058824,5,True,16,procrystal cell,Hemolymph cells,16,procrystal cell,hemolymph,mesoderm,-301.3,-34.97,308.0,85
2255-E4-8_g_S22,40,E4-8_g_S22,-273.88,-167.69,308,64,117.0,0.034188036,3,True,9,mesectoderm,Stomatogastric nervous system,9,sensory neuron,PNS,neuroectoderm,-273.88,-167.69,308.0,21
2256-E4-8_g_S22,61,E4-8_g_S22,-320.93,62.94,308,126,250.0,0.028,3,True,5,insect embryonic/larval nervous system,CNS,5,brain/ventral nerve cord_inner,CNS,neuroectoderm,-320.93,62.94,308.0,135
2259-E4-8_g_S22,65,E4-8_g_S22,-278.91,-155.23,308,172,419.0,0.057279237,6,True,3,presumptive embryonic/larval peripheral nervous system,CNS,3,brain/ventral nerve cord_outer,CNS,neuroectoderm,-278.91,-155.23,308.0,21
2261-E4-8_g_S22,96,E4-8_g_S22,-292.69,-106.0,308,237,577.0,0.027729636,6,True,3,presumptive embryonic/larval peripheral nervous system,CNS,3,brain/ventral nerve cord_outer,CNS,neuroectoderm,-292.69,-106.0,308.0,45
2262-E4-8_g_S22,72,E4-8_g_S22,-289.38,-112.69,308,180,430.0,0.046511628,5,True,3,presumptive embryonic/larval peripheral nervous system,CNS,3,brain/ventral nerve cord_outer,CNS,neuroectoderm,-289.38,-112.69,308.0,45
2263-E4-8_g_S22,91,E4-8_g_S22,-282.22,-147.6,308,264,624.0,0.057692308,8,True,3,presumptive embryonic/larval peripheral nervous system,CNS,3,brain/ventral nerve cord_outer,CNS,neuroectoderm,-282.22,-147.6,308.0,21
2264-E4-8_g_S22,80,E4-8_g_S22,-319.14,31.49,308,210,499.0,0.04008016,6,True,16,procrystal cell,Hemolymph cells,16,procrystal cell,hemolymph,mesoderm,-319.14,31.49,308.0,135
2265-E4-8_g_S22,69,E4-8_g_S22,-313.92,9.36,308,128,276.0,0.06521739,5,True,2,dorsal epidermis primordium,Epidermis,2,epidermis,epidermis,ectoderm,-313.92,9.36,308.0,110
2266-E4-8_g_S22,148,E4-8_g_S22,-309.15,-29.46,308,309,916.0,0.05458515,8,True,6,tracheal primordium,Trachea,6,tracheal system,trachea,ectoderm,-309.15,-29.46,308.0,85
2269-E4-8_g_S22,54,E4-8_g_S22,-330.89,82.86,308,146,292.0,0.030821918,4,True,3,presumptive embryonic/larval peripheral nervous system,CNS,3,brain/ventral nerve cord_outer,CNS,neuroectoderm,-330.89,82.86,308.0,159
2270-E4-8_g_S22,38,E4-8_g_S22,-321.16,44.58,308,102,186.0,0.059139784,5,True,5,insect embryonic/larval nervous system,CNS,5,brain/ventral nerve cord_inner,CNS,neuroectoderm,-321.16,44.58,308.0,135
2271-E4-8_g_S22,64,E4-8_g_S22,-317.33,23.43,308,172,407.0,0.02948403,5,True,9,mesectoderm,Stomatogastric nervous system,9,sensory neuron,PNS,neuroectoderm,-317.33,23.43,308.0,110
2272-E4-8_g_S22,74,E4-8_g_S22,-328.19,66.11,308,175,339.0,0.03539823,6,True,5,insect embryonic/larval nervous system,CNS,5,brain/ventral nerve cord_inner,CNS,neuroectoderm,-328.19,66.11,308.0,135
2273-E4-8_g_S22,66,E4-8_g_S22,-314.48,-2.45,308,114,246.0,0.040650405,4,True,2,dorsal epidermis primordium,Epidermis,2,epidermis,epidermis,ectoderm,-314.48,-2.45,308.0,110
2276-E4-8_g_S22,73,E4-8_g_S22,-290.56,-121.99,308,168,364.0,0.04945055,4,True,3,presumptive embryonic/larval peripheral nervous system,CNS,3,brain/ventral nerve cord_outer,CNS,neuroectoderm,-290.56,-121.99,308.0,45
2277-E4-8_g_S22,144,E4-8_g_S22,-290.55,-138.71,308,276,706.0,0.035410766,7,True,3,presumptive embryonic/larval peripheral nervous system,CNS,3,brain/ventral nerve cord_outer,CNS,neuroectoderm,-290.55,-138.71,308.0,21
2278-E4-8_g_S22,65,E4-8_g_S22,-341.94,129.09,308,166,393.0,0.04071247,5,True,2,dorsal epidermis primordium,Epidermis,2,epidermis,epidermis,ectoderm,-341.94,129.09,308.0,180
2279-E4-8_g_S22,77,E4-8_g_S22,-325.78,40.38,308,206,534.0,0.06928839,10,True,16,procrystal cell,Hemolymph cells,16,procrystal cell,hemolymph,mesoderm,-325.78,40.38,308.0,135
2281-E4-8_g_S22,71,E4-8_g_S22,-335.68,90.0,308,187,414.0,0.04589372,7,True,3,presumptive embryonic/larval peripheral nervous system,CNS,3,brain/ventral nerve cord_outer,CNS,neuroectoderm,-335.68,90.0,308.0,159
2282-E4-8_g_S22,57,E4-8_g_S22,-322.28,18.5,308,129,245.0,0.057142857,5,True,2,dorsal epidermis primordium,Epidermis,2,epidermis,epidermis,ectoderm,-322.28,18.5,308.0,110
2283-E4-8_g_S22,84,E4-8_g_S22,-317.73,-10.65,308,208,462.0,0.071428575,7,True,2,dorsal epidermis primordium,Epidermis,2,epidermis,epidermis,ectoderm,-317.73,-10.65,308.0,85
2284-E4-8_g_S22,45,E4-8_g_S22,-314.18,-21.93,308,156,370.0,0.04054054,5,True,2,dorsal epidermis primordium,Epidermis,2,epidermis,epidermis,ectoderm,-314.18,-21.93,308.0,85
2285-E4-8_g_S22,76,E4-8_g_S22,-321.33,4.16,308,187,448.0,0.07589286,9,True,2,dorsal epidermis primordium,Epidermis,2,epidermis,epidermis,ectoderm,-321.33,4.16,308.0,110
2288-E4-8_g_S22,98,E4-8_g_S22,-292.62,-151.41,308,241,511.0,0.039138943,7,True,3,presumptive embryonic/larval peripheral nervous system,CNS,3,brain/ventral nerve cord_outer,CNS,neuroectoderm,-292.62,-151.41,308.0,21
2289-E4-8_g_S22,58,E4-8_g_S22,-282.97,-185.15,308,44,74.0,0.067567565,2,True,9,mesectoderm,Stomatogastric nervous system,9,sensory neuron,PNS,neuroectoderm,-282.97,-185.15,308.0,1
2290-E4-8_g_S22,126,E4-8_g_S22,-310.37,-64.49,308,231,591.0,0.042301185,8,True,3,presumptive embryonic/larval peripheral nervous system,CNS,3,brain/ventral nerve cord_outer,CNS,neuroectoderm,-310.37,-64.49,308.0,65
2292-E4-8_g_S22,84,E4-8_g_S22,-326.84,11.19,308,131,279.0,0.04659498,6,True,2,dorsal epidermis primordium,Epidermis,2,epidermis,epidermis,ectoderm,-326.84,11.19,308.0,110
2293-E4-8_g_S22,123,E4-8_g_S22,-334.44,55.02,308,285,742.0,0.03908356,5,True,5,insect embryonic/larval nervous system,CNS,5,brain/ventral nerve cord_inner,CNS,neuroectoderm,-334.44,55.02,308.0,135
2295-E4-8_g_S22,79,E4-8_g_S22,-315.22,-55.09,308,220,514.0,0.031128405,6,True,16,procrystal cell,Hemolymph cells,16,procrystal cell,hemolymph,mesoderm,-315.22,-55.09,308.0,65
2297-E4-8_g_S22,65,E4-8_g_S22,-333.93,38.03,308,180,397.0,0.040302265,6,True,16,procrystal cell,Hemolymph cells,16,procrystal cell,hemolymph,mesoderm,-333.93,38.03,308.0,135
2298-E4-8_g_S22,71,E4-8_g_S22,-325.49,-3.28,308,121,257.0,0.07003891,7,True,2,dorsal epidermis primordium,Epidermis,2,epidermis,epidermis,ectoderm,-325.49,-3.28,308.0,110
2299-E4-8_g_S22,81,E4-8_g_S22,-321.51,-25.08,308,208,460.0,0.04347826,7,True,2,dorsal epidermis primordium,Epidermis,2,epidermis,epidermis,ectoderm,-321.51,-25.08,308.0,85
2300-E4-8_g_S22,83,E4-8_g_S22,-307.99,-92.04,308,213,461.0,0.04121475,5,True,5,insect embryonic/larval nervous system,CNS,5,brain/ventral nerve cord_inner,CNS,neuroectoderm,-307.99,-92.04,308.0,44
2303-E4-8_g_S22,57,E4-8_g_S22,-318.55,-35.65,308,154,345.0,0.052173913,6,True,10,plasmatocyte primordium,Hemolymph cells,10,mesoderm_2,mesoderm,mesoderm,-318.55,-35.65,308.0,85
2304-E4-8_g_S22,47,E4-8_g_S22,-310.87,-78.0,308,94,198.0,0.015151516,2,True,3,presumptive embryonic/larval peripheral nervous system,CNS,3,brain/ventral nerve cord_outer,CNS,neuroectoderm,-310.87,-78.0,308.0,65
2305-E4-8_g_S22,81,E4-8_g_S22,-355.76,137.8,308,124,288.0,0.065972224,7,True,9,mesectoderm,Stomatogastric nervous system,9,sensory neuron,PNS,neuroectoderm,-355.76,137.8,308.0,180
2306-E4-8_g_S22,85,E4-8_g_S22,-348.24,93.33,308,233,560.0,0.06428572,9,True,3,presumptive embryonic/larval peripheral nervous system,CNS,3,brain/ventral nerve cord_outer,CNS,neuroectoderm,-348.24,93.33,308.0,158
2307-E4-8_g_S22,84,E4-8_g_S22,-314.48,-83.51,308,212,448.0,0.029017856,5,True,3,presumptive embryonic/larval peripheral nervous system,CNS,3,brain/ventral nerve cord_outer,CNS,neuroectoderm,-314.48,-83.51,308.0,65
2308-E4-8_g_S22,106,E4-8_g_S22,-355.15,114.67,308,249,654.0,0.041284405,9,True,9,mesectoderm,Stomatogastric nervous system,9,sensory neuron,PNS,neuroectoderm,-355.15,114.67,308.0,180
2310-E4-8_g_S22,65,E4-8_g_S22,-308.45,-105.96,308,176,396.0,0.03787879,6,True,3,presumptive embryonic/larval peripheral nervous system,CNS,3,brain/ventral nerve cord_outer,CNS,neuroectoderm,-308.45,-105.96,308.0,44
2311-E4-8_g_S22,77,E4-8_g_S22,-340.22,46.7,308,264,629.0,0.052464228,7,True,2,dorsal epidermis primordium,Epidermis,2,epidermis,epidermis,ectoderm,-340.22,46.7,308.0,134
2312-E4-8_g_S22,91,E4-8_g_S22,-324.78,-36.8,308,200,516.0,0.048449613,6,True,16,procrystal cell,Hemolymph cells,16,procrystal cell,hemolymph,mesoderm,-324.78,-36.8,308.0,85
2313-E4-8_g_S22,70,E4-8_g_S22,-334.78,15.45,308,164,399.0,0.04761905,5,True,2,dorsal epidermis primordium,Epidermis,2,epidermis,epidermis,ectoderm,-334.78,15.45,308.0,110
2314-E4-8_g_S22,90,E4-8_g_S22,-332.09,-14.23,308,246,610.0,0.036065575,7,True,2,dorsal epidermis primordium,Epidermis,2,epidermis,epidermis,ectoderm,-332.09,-14.23,308.0,85
2315-E4-8_g_S22,73,E4-8_g_S22,-310.3,-114.21,308,187,364.0,0.043956045,5,True,3,presumptive embryonic/larval peripheral nervous system,CNS,3,brain/ventral nerve cord_outer,CNS,neuroectoderm,-310.3,-114.21,308.0,44
2316-E4-8_g_S22,81,E4-8_g_S22,-333.98,-1.15,308,169,364.0,0.043956045,7,True,2,dorsal epidermis primordium,Epidermis,2,epidermis,epidermis,ectoderm,-333.98,-1.15,308.0,110
2317-E4-8_g_S22,47,E4-8_g_S22,-320.82,-63.42,308,131,288.0,0.052083332,5,True,3,presumptive embryonic/larval peripheral nervous system,CNS,3,brain/ventral nerve cord_outer,CNS,neuroectoderm,-320.82,-63.42,308.0,65
2318-E4-8_g_S22,89,E4-8_g_S22,-308.32,-124.74,308,208,447.0,0.042505592,5,True,3,presumptive embryonic/larval peripheral nervous system,CNS,3,brain/ventral nerve cord_outer,CNS,neuroectoderm,-308.32,-124.74,308.0,44
2321-E4-8_g_S22,175,E4-8_g_S22,-357.12,99.21,308,398,1129.0,0.047829937,10,True,10,plasmatocyte primordium,Hemolymph cells,10,mesoderm_2,mesoderm,mesoderm,-357.12,99.21,308.0,158
2323-E4-8_g_S22,106,E4-8_g_S22,-326.46,-54.38,308,202,452.0,0.06637168,7,True,16,procrystal cell,Hemolymph cells,16,procrystal cell,hemolymph,mesoderm,-326.46,-54.38,308.0,65
2324-E4-8_g_S22,97,E4-8_g_S22,-323.12,-73.07,308,260,679.0,0.048600882,8,True,3,presumptive embryonic/larval peripheral nervous system,CNS,3,brain/ventral nerve cord_outer,CNS,neuroectoderm,-323.12,-73.07,308.0,65
2326-E4-8_g_S22,109,E4-8_g_S22,-348.36,48.69,308,305,769.0,0.045513652,8,True,5,insect embryonic/larval nervous system,CNS,5,brain/ventral nerve cord_inner,CNS,neuroectoderm,-348.36,48.69,308.0,134
2327-E4-8_g_S22,137,E4-8_g_S22,-333.48,-36.65,308,292,828.0,0.050724637,8,True,11,visceral muscle primordium,Visceral muscle,11,visceral muscle,muscle,mesoderm,-333.48,-36.65,308.0,85
2328-E4-8_g_S22,57,E4-8_g_S22,-320.4,-89.92,308,163,355.0,0.04225352,4,True,3,presumptive embryonic/larval peripheral nervous system,CNS,3,brain/ventral nerve cord_outer,CNS,neuroectoderm,-320.4,-89.92,308.0,44
2329-E4-8_g_S22,67,E4-8_g_S22,-308.93,-151.8,308,127,231.0,0.06926407,5,True,10,plasmatocyte primordium,Hemolymph cells,10,mesoderm_2,mesoderm,mesoderm,-308.93,-151.8,308.0,20
2330-E4-8_g_S22,81,E4-8_g_S22,-356.36,82.3,308,197,441.0,0.03628118,7,True,5,insect embryonic/larval nervous system,CNS,5,brain/ventral nerve cord_inner,CNS,neuroectoderm,-356.36,82.3,308.0,158
2331-E4-8_g_S22,63,E4-8_g_S22,-324.12,-82.42,308,167,361.0,0.024930747,3,True,3,presumptive embryonic/larval peripheral nervous system,CNS,3,brain/ventral nerve cord_outer,CNS,neuroectoderm,-324.12,-82.42,308.0,65
2332-E4-8_g_S22,60,E4-8_g_S22,-355.7,73.56,308,179,409.0,0.029339854,2,True,5,insect embryonic/larval nervous system,CNS,5,brain/ventral nerve cord_inner,CNS,neuroectoderm,-355.7,73.56,308.0,158
2333-E4-8_g_S22,40,E4-8_g_S22,-346.17,24.84,308,101,215.0,0.03255814,4,True,2,dorsal epidermis primordium,Epidermis,2,epidermis,epidermis,ectoderm,-346.17,24.84,308.0,109
2334-E4-8_g_S22,85,E4-8_g_S22,-341.76,3.57,308,172,355.0,0.061971832,7,True,2,dorsal epidermis primordium,Epidermis,2,epidermis,epidermis,ectoderm,-341.76,3.57,308.0,109
2335-E4-8_g_S22,91,E4-8_g_S22,-336.13,-25.58,308,215,500.0,0.052,5,True,2,dorsal epidermis primordium,Epidermis,2,epidermis,epidermis,ectoderm,-336.13,-25.58,308.0,85
2336-E4-8_g_S22,88,E4-8_g_S22,-321.39,-97.97,308,259,566.0,0.03180212,8,True,3,presumptive embryonic/larval peripheral nervous system,CNS,3,brain/ventral nerve cord_outer,CNS,neuroectoderm,-321.39,-97.97,308.0,44
2337-E4-8_g_S22,40,E4-8_g_S22,-315.57,-125.66,308,138,272.0,0.073529415,8,True,3,presumptive embryonic/larval peripheral nervous system,CNS,3,brain/ventral nerve cord_outer,CNS,neuroectoderm,-315.57,-125.66,308.0,44
2338-E4-8_g_S22,63,E4-8_g_S22,-344.47,12.57,308,128,274.0,0.02189781,5,True,2,dorsal epidermis primordium,Epidermis,2,epidermis,epidermis,ectoderm,-344.47,12.57,308.0,109
2340-E4-8_g_S22,96,E4-8_g_S22,-322.86,-107.22,308,255,620.0,0.05483871,8,True,3,presumptive embryonic/larval peripheral nervous system,CNS,3,brain/ventral nerve cord_outer,CNS,neuroectoderm,-322.86,-107.22,308.0,44
2341-E4-8_g_S22,59,E4-8_g_S22,-319.25,-119.69,308,177,423.0,0.04964539,6,True,3,presumptive embryonic/larval peripheral nervous system,CNS,3,brain/ventral nerve cord_outer,CNS,neuroectoderm,-319.25,-119.69,308.0,44
2342-E4-8_g_S22,31,E4-8_g_S22,-351.41,33.47,308,59,121.0,0.024793388,1,True,14,visceral branch primordium,Visceral branch,14,unknown,unknown,unknown,-351.41,33.47,308.0,134
2343-E4-8_g_S22,37,E4-8_g_S22,-317.02,-134.46,308,79,143.0,0.04195804,4,True,8,mesectoderm anlage,Foregut,8,glia,CNS,neuroectoderm,-317.02,-134.46,308.0,20
2344-E4-8_g_S22,125,E4-8_g_S22,-353.16,17.96,308,264,828.0,0.04589372,8,True,2,dorsal epidermis primordium,Epidermis,2,epidermis,epidermis,ectoderm,-353.16,17.96,308.0,109
2345-E4-8_g_S22,80,E4-8_g_S22,-335.35,-57.7,308,159,330.0,0.030303031,4,True,16,procrystal cell,Hemolymph cells,16,procrystal cell,hemolymph,mesoderm,-335.35,-57.7,308.0,65
2346-E4-8_g_S22,60,E4-8_g_S22,-331.6,-78.99,308,131,303.0,0.07920792,9,True,3,presumptive embryonic/larval peripheral nervous system,CNS,3,brain/ventral nerve cord_outer,CNS,neuroectoderm,-331.6,-78.99,308.0,65
2347-E4-8_g_S22,37,E4-8_g_S22,-320.25,-129.1,308,122,264.0,0.07954545,5,True,2,dorsal epidermis primordium,Epidermis,2,epidermis,epidermis,ectoderm,-320.25,-129.1,308.0,20
2348-E4-8_g_S22,73,E4-8_g_S22,-366.75,91.59,308,162,357.0,0.030812325,5,True,3,presumptive embryonic/larval peripheral nervous system,CNS,3,brain/ventral nerve cord_outer,CNS,neuroectoderm,-366.75,91.59,308.0,158
2349-E4-8_g_S22,104,E4-8_g_S22,-356.37,28.44,308,197,483.0,0.028985508,5,True,2,dorsal epidermis primordium,Epidermis,2,epidermis,epidermis,ectoderm,-356.37,28.44,308.0,109
2350-E4-8_g_S22,78,E4-8_g_S22,-350.5,5.28,308,190,424.0,0.051886793,5,True,2,dorsal epidermis primordium,Epidermis,2,epidermis,epidermis,ectoderm,-350.5,5.28,308.0,109
2351-E4-8_g_S22,81,E4-8_g_S22,-344.79,-16.78,308,169,419.0,0.05966587,8,True,2,dorsal epidermis primordium,Epidermis,2,epidermis,epidermis,ectoderm,-344.79,-16.78,308.0,84
2352-E4-8_g_S22,79,E4-8_g_S22,-310.02,-185.3,308,61,107.0,0.056074765,3,True,3,presumptive embryonic/larval peripheral nervous system,CNS,3,brain/ventral nerve cord_outer,CNS,neuroectoderm,-310.02,-185.3,308.0,0
2353-E4-8_g_S22,136,E4-8_g_S22,-370.95,83.59,308,335,827.0,0.042321645,8,True,5,insect embryonic/larval nervous system,CNS,5,brain/ventral nerve cord_inner,CNS,neuroectoderm,-370.95,83.59,308.0,158
2354-E4-8_g_S22,58,E4-8_g_S22,-356.07,39.34,308,142,307.0,0.058631923,4,True,8,mesectoderm anlage,Foregut,8,glia,CNS,neuroectoderm,-356.07,39.34,308.0,134
2355-E4-8_g_S22,83,E4-8_g_S22,-343.74,-30.99,308,182,439.0,0.04783599,6,True,2,dorsal epidermis primordium,Epidermis,2,epidermis,epidermis,ectoderm,-343.74,-30.99,308.0,84
2356-E4-8_g_S22,89,E4-8_g_S22,-321.22,-142.1,308,208,516.0,0.032945737,5,True,3,presumptive embryonic/larval peripheral nervous system,CNS,3,brain/ventral nerve cord_outer,CNS,neuroectoderm,-321.22,-142.1,308.0,20
2357-E4-8_g_S22,74,E4-8_g_S22,-320.02,-150.54,308,156,348.0,0.02586207,3,True,3,presumptive embryonic/larval peripheral nervous system,CNS,3,brain/ventral nerve cord_outer,CNS,neuroectoderm,-320.02,-150.54,308.0,20
2358-E4-8_g_S22,171,E4-8_g_S22,-367.92,61.74,308,329,956.0,0.028242677,8,True,5,insect embryonic/larval nervous system,CNS,5,brain/ventral nerve cord_inner,CNS,neuroectoderm,-367.92,61.74,308.0,134
2359-E4-8_g_S22,47,E4-8_g_S22,-342.73,-40.02,308,100,192.0,0.026041666,4,True,11,visceral muscle primordium,Visceral muscle,11,visceral muscle,muscle,mesoderm,-342.73,-40.02,308.0,84
2360-E4-8_g_S22,41,E4-8_g_S22,-325.68,-126.51,308,89,189.0,0.04761905,3,True,3,presumptive embryonic/larval peripheral nervous system,CNS,3,brain/ventral nerve cord_outer,CNS,neuroectoderm,-325.68,-126.51,308.0,44
2361-E4-8_g_S22,102,E4-8_g_S22,-331.63,-119.9,308,208,445.0,0.029213483,6,True,3,presumptive embryonic/larval peripheral nervous system,CNS,3,brain/ventral nerve cord_outer,CNS,neuroectoderm,-331.63,-119.9,308.0,44
2362-E4-8_g_S22,63,E4-8_g_S22,-326.57,-135.27,308,162,334.0,0.032934133,3,True,9,mesectoderm,Stomatogastric nervous system,9,sensory neuron,PNS,neuroectoderm,-326.57,-135.27,308.0,20
2363-E4-8_g_S22,65,E4-8_g_S22,-362.33,38.81,308,151,351.0,0.02849003,4,True,14,visceral branch primordium,Visceral branch,14,unknown,unknown,unknown,-362.33,38.81,308.0,134
2364-E4-8_g_S22,126,E4-8_g_S22,-356.0,-3.59,308,273,738.0,0.05420054,6,True,2,dorsal epidermis primordium,Epidermis,2,epidermis,epidermis,ectoderm,-356.0,-3.59,308.0,109
2365-E4-8_g_S22,49,E4-8_g_S22,-332.14,-104.23,308,104,230.0,0.02173913,4,True,3,presumptive embryonic/larval peripheral nervous system,CNS,3,brain/ventral nerve cord_outer,CNS,neuroectoderm,-332.14,-104.23,308.0,44
2366-E4-8_g_S22,71,E4-8_g_S22,-357.89,6.91,308,123,282.0,0.07092199,6,True,2,dorsal epidermis primordium,Epidermis,2,epidermis,epidermis,ectoderm,-357.89,6.91,308.0,109
2368-E4-8_g_S22,50,E4-8_g_S22,-340.18,-71.89,308,103,186.0,0.086021505,5,True,5,insect embryonic/larval nervous system,CNS,5,brain/ventral nerve cord_inner,CNS,neuroectoderm,-340.18,-71.89,308.0,64
2370-E4-8_g_S22,77,E4-8_g_S22,-334.92,-111.26,308,182,395.0,0.053164557,4,True,3,presumptive embryonic/larval peripheral nervous system,CNS,3,brain/ventral nerve cord_outer,CNS,neuroectoderm,-334.92,-111.26,308.0,44
2371-E4-8_g_S22,94,E4-8_g_S22,-323.83,-162.7,308,155,355.0,0.06478873,5,True,3,presumptive embryonic/larval peripheral nervous system,CNS,3,brain/ventral nerve cord_outer,CNS,neuroectoderm,-323.83,-162.7,308.0,20
2373-E4-8_g_S22,84,E4-8_g_S22,-351.72,-35.95,308,199,461.0,0.047722343,7,True,2,dorsal epidermis primordium,Epidermis,2,epidermis,epidermis,ectoderm,-351.72,-35.95,308.0,84
2375-E4-8_g_S22,102,E4-8_g_S22,-330.36,-146.87,308,242,549.0,0.029143898,5,True,3,presumptive embryonic/larval peripheral nervous system,CNS,3,brain/ventral nerve cord_outer,CNS,neuroectoderm,-330.36,-146.87,308.0,20
2376-E4-8_g_S22,83,E4-8_g_S22,-354.58,-23.34,308,211,516.0,0.032945737,4,True,2,dorsal epidermis primordium,Epidermis,2,epidermis,epidermis,ectoderm,-354.58,-23.34,308.0,84
2377-E4-8_g_S22,50,E4-8_g_S22,-346.02,-63.77,308,103,190.0,0.057894737,4,True,5,insect embryonic/larval nervous system,CNS,5,brain/ventral nerve cord_inner,CNS,neuroectoderm,-346.02,-63.77,308.0,64
2378-E4-8_g_S22,92,E4-8_g_S22,-369.6,41.48,308,222,531.0,0.020715632,3,True,2,dorsal epidermis primordium,Epidermis,2,epidermis,epidermis,ectoderm,-369.6,41.48,308.0,134
2379-E4-8_g_S22,50,E4-8_g_S22,-362.67,13.36,308,115,293.0,0.040955633,4,True,4,dorsal epidermis primordium,Epidermis,4,ventral epidermis,epidermis,ectoderm,-362.67,13.36,308.0,109
2380-E4-8_g_S22,53,E4-8_g_S22,-348.33,-57.6,308,122,241.0,0.058091287,4,True,5,insect embryonic/larval nervous system,CNS,5,brain/ventral nerve cord_inner,CNS,neuroectoderm,-348.33,-57.6,308.0,64
2381-E4-8_g_S22,41,E4-8_g_S22,-344.99,-79.37,308,95,183.0,0.016393442,3,True,5,insect embryonic/larval nervous system,CNS,5,brain/ventral nerve cord_inner,CNS,neuroectoderm,-344.99,-79.37,308.0,64
2382-E4-8_g_S22,42,E4-8_g_S22,-364.65,24.18,308,108,206.0,0.067961164,6,True,2,dorsal epidermis primordium,Epidermis,2,epidermis,epidermis,ectoderm,-364.65,24.18,308.0,109
2385-E4-8_g_S22,103,E4-8_g_S22,-325.49,-184.28,308,89,189.0,0.04232804,3,True,8,mesectoderm anlage,Foregut,8,glia,CNS,neuroectoderm,-325.49,-184.28,308.0,0
2388-E4-8_g_S22,25,E4-8_g_S22,-354.27,-43.93,308,70,116.0,0.02586207,2,True,6,tracheal primordium,Trachea,6,tracheal system,trachea,ectoderm,-354.27,-43.93,308.0,84
2389-E4-8_g_S22,42,E4-8_g_S22,-343.39,-96.5,308,117,234.0,0.02991453,5,True,5,insect embryonic/larval nervous system,CNS,5,brain/ventral nerve cord_inner,CNS,neuroectoderm,-343.39,-96.5,308.0,43
2390-E4-8_g_S22,97,E4-8_g_S22,-363.16,-19.26,308,186,421.0,0.049881235,7,True,2,dorsal epidermis primordium,Epidermis,2,epidermis,epidermis,ectoderm,-363.16,-19.26,308.0,84
2392-E4-8_g_S22,118,E4-8_g_S22,-345.95,-109.74,308,282,757.0,0.05019815,7,True,3,presumptive embryonic/larval peripheral nervous system,CNS,3,brain/ventral nerve cord_outer,CNS,neuroectoderm,-345.95,-109.74,308.0,43
2393-E4-8_g_S22,51,E4-8_g_S22,-341.77,-117.59,308,145,329.0,0.03343465,3,True,3,presumptive embryonic/larval peripheral nervous system,CNS,3,brain/ventral nerve cord_outer,CNS,neuroectoderm,-341.77,-117.59,308.0,43
2394-E4-8_g_S22,134,E4-8_g_S22,-340.53,-150.15,308,310,832.0,0.056490384,8,True,3,presumptive embryonic/larval peripheral nervous system,CNS,3,brain/ventral nerve cord_outer,CNS,neuroectoderm,-340.53,-150.15,308.0,19
2395-E4-8_g_S22,40,E4-8_g_S22,-375.67,43.52,308,146,296.0,0.037162162,4,True,8,mesectoderm anlage,Foregut,8,glia,CNS,neuroectoderm,-375.67,43.52,308.0,134
2396-E4-8_g_S22,74,E4-8_g_S22,-361.0,-42.33,308,166,370.0,0.037837837,4,True,2,dorsal epidermis primordium,Epidermis,2,epidermis,epidermis,ectoderm,-361.0,-42.33,308.0,84
2397-E4-8_g_S22,58,E4-8_g_S22,-355.57,-56.77,308,141,278.0,0.01438849,4,True,5,insect embryonic/larval nervous system,CNS,5,brain/ventral nerve cord_inner,CNS,neuroectoderm,-355.57,-56.77,308.0,64
2399-E4-8_g_S22,52,E4-8_g_S22,-350.13,-93.88,308,143,290.0,0.05862069,6,True,5,insect embryonic/larval nervous system,CNS,5,brain/ventral nerve cord_inner,CNS,neuroectoderm,-350.13,-93.88,308.0,43
2401-E4-8_g_S22,53,E4-8_g_S22,-392.28,117.68,308,127,270.0,0.048148148,5,True,2,dorsal epidermis primordium,Epidermis,2,epidermis,epidermis,ectoderm,-392.28,117.68,308.0,179
2403-E4-8_g_S22,240,E4-8_g_S22,-390.28,79.47,308,404,1100.0,0.036363635,10,True,5,insect embryonic/larval nervous system,CNS,5,brain/ventral nerve cord_inner,CNS,neuroectoderm,-390.28,79.47,308.0,157
2404-E4-8_g_S22,78,E4-8_g_S22,-366.17,-27.58,308,158,316.0,0.050632913,7,True,2,dorsal epidermis primordium,Epidermis,2,epidermis,epidermis,ectoderm,-366.17,-27.58,308.0,84
2406-E4-8_g_S22,47,E4-8_g_S22,-363.76,-36.17,308,80,153.0,0.08496732,6,True,2,dorsal epidermis primordium,Epidermis,2,epidermis,epidermis,ectoderm,-363.76,-36.17,308.0,84
2407-E4-8_g_S22,90,E4-8_g_S22,-377.2,17.58,308,159,361.0,0.02770083,3,True,4,dorsal epidermis primordium,Epidermis,4,ventral epidermis,epidermis,ectoderm,-377.2,17.58,308.0,109
2408-E4-8_g_S22,66,E4-8_g_S22,-371.34,-13.66,308,114,247.0,0.036437247,4,True,2,dorsal epidermis primordium,Epidermis,2,epidermis,epidermis,ectoderm,-371.34,-13.66,308.0,84
2410-E4-8_g_S22,80,E4-8_g_S22,-363.84,-58.06,308,163,380.0,0.015789473,4,True,5,insect embryonic/larval nervous system,CNS,5,brain/ventral nerve cord_inner,CNS,neuroectoderm,-363.84,-58.06,308.0,64
2411-E4-8_g_S22,38,E4-8_g_S22,-357.78,-70.51,308,66,115.0,0.052173913,2,True,5,insect embryonic/larval nervous system,CNS,5,brain/ventral nerve cord_inner,CNS,neuroectoderm,-357.78,-70.51,308.0,64
2412-E4-8_g_S22,80,E4-8_g_S22,-357.41,-88.35,308,169,356.0,0.08707865,9,True,5,insect embryonic/larval nervous system,CNS,5,brain/ventral nerve cord_inner,CNS,neuroectoderm,-357.41,-88.35,308.0,64
2413-E4-8_g_S22,53,E4-8_g_S22,-385.27,52.78,308,160,324.0,0.037037037,4,True,9,mesectoderm,Stomatogastric nervous system,9,sensory neuron,PNS,neuroectoderm,-385.27,52.78,308.0,133
2415-E4-8_g_S22,57,E4-8_g_S22,-362.7,-65.59,308,131,228.0,0.06140351,5,True,5,insect embryonic/larval nervous system,CNS,5,brain/ventral nerve cord_inner,CNS,neuroectoderm,-362.7,-65.59,308.0,64
2416-E4-8_g_S22,84,E4-8_g_S22,-352.69,-120.82,308,199,464.0,0.040948275,4,True,3,presumptive embryonic/larval peripheral nervous system,CNS,3,brain/ventral nerve cord_outer,CNS,neuroectoderm,-352.69,-120.82,308.0,43
2417-E4-8_g_S22,41,E4-8_g_S22,-346.98,-136.13,308,139,299.0,0.036789298,3,True,3,presumptive embryonic/larval peripheral nervous system,CNS,3,brain/ventral nerve cord_outer,CNS,neuroectoderm,-346.98,-136.13,308.0,19
2418-E4-8_g_S22,46,E4-8_g_S22,-372.45,-21.43,308,103,191.0,0.057591625,4,True,2,dorsal epidermis primordium,Epidermis,2,epidermis,epidermis,ectoderm,-372.45,-21.43,308.0,84
2419-E4-8_g_S22,60,E4-8_g_S22,-371.94,-35.9,308,134,264.0,0.03409091,4,True,2,dorsal epidermis primordium,Epidermis,2,epidermis,epidermis,ectoderm,-371.94,-35.9,308.0,84
2420-E4-8_g_S22,57,E4-8_g_S22,-382.81,22.4,308,161,344.0,0.037790697,6,True,2,dorsal epidermis primordium,Epidermis,2,epidermis,epidermis,ectoderm,-382.81,22.4,308.0,108
2422-E4-8_g_S22,42,E4-8_g_S22,-364.08,-72.66,308,58,106.0,0.056603774,3,True,5,insect embryonic/larval nervous system,CNS,5,brain/ventral nerve cord_inner,CNS,neuroectoderm,-364.08,-72.66,308.0,64
2423-E4-8_g_S22,62,E4-8_g_S22,-353.94,-132.6,308,143,333.0,0.075075075,7,True,3,presumptive embryonic/larval peripheral nervous system,CNS,3,brain/ventral nerve cord_outer,CNS,neuroectoderm,-353.94,-132.6,308.0,19
2424-E4-8_g_S22,98,E4-8_g_S22,-394.5,63.05,308,187,408.0,0.034313727,7,True,5,insect embryonic/larval nervous system,CNS,5,brain/ventral nerve cord_inner,CNS,neuroectoderm,-394.5,63.05,308.0,133
2425-E4-8_g_S22,58,E4-8_g_S22,-374.47,-30.21,308,148,324.0,0.052469134,5,True,2,dorsal epidermis primordium,Epidermis,2,epidermis,epidermis,ectoderm,-374.47,-30.21,308.0,84
2426-E4-8_g_S22,54,E4-8_g_S22,-364.86,-78.42,308,125,248.0,0.052419353,5,True,5,insect embryonic/larval nervous system,CNS,5,brain/ventral nerve cord_inner,CNS,neuroectoderm,-364.86,-78.42,308.0,64
2427-E4-8_g_S22,70,E4-8_g_S22,-359.08,-111.91,308,205,380.0,0.047368422,5,True,3,presumptive embryonic/larval peripheral nervous system,CNS,3,brain/ventral nerve cord_outer,CNS,neuroectoderm,-359.08,-111.91,308.0,43
2428-E4-8_g_S22,55,E4-8_g_S22,-372.23,-42.72,308,127,228.0,0.02631579,3,True,3,presumptive embryonic/larval peripheral nervous system,CNS,3,brain/ventral nerve cord_outer,CNS,neuroectoderm,-372.23,-42.72,308.0,84
2429-E4-8_g_S22,72,E4-8_g_S22,-362.73,-95.31,308,153,331.0,0.06344411,7,True,5,insect embryonic/larval nervous system,CNS,5,brain/ventral nerve cord_inner,CNS,neuroectoderm,-362.73,-95.31,308.0,43
2430-E4-8_g_S22,133,E4-8_g_S22,-355.63,-143.82,308,289,682.0,0.052785926,8,True,3,presumptive embryonic/larval peripheral nervous system,CNS,3,brain/ventral nerve cord_outer,CNS,neuroectoderm,-355.63,-143.82,308.0,19
2431-E4-8_g_S22,186,E4-8_g_S22,-405.18,94.69,308,394,1223.0,0.063777596,11,True,2,dorsal epidermis primordium,Epidermis,2,epidermis,epidermis,ectoderm,-405.18,94.69,308.0,157
2432-E4-8_g_S22,65,E4-8_g_S22,-380.85,-22.92,308,141,315.0,0.057142857,4,True,2,dorsal epidermis primordium,Epidermis,2,epidermis,epidermis,ectoderm,-380.85,-22.92,308.0,83
2433-E4-8_g_S22,64,E4-8_g_S22,-360.16,-126.42,308,173,330.0,0.048484847,6,True,3,presumptive embryonic/larval peripheral nervous system,CNS,3,brain/ventral nerve cord_outer,CNS,neuroectoderm,-360.16,-126.42,308.0,43
2434-E4-8_g_S22,52,E4-8_g_S22,-393.19,46.26,308,146,352.0,0.036931816,4,True,2,dorsal epidermis primordium,Epidermis,2,epidermis,epidermis,ectoderm,-393.19,46.26,308.0,133
2435-E4-8_g_S22,67,E4-8_g_S22,-371.89,-65.23,308,141,287.0,0.038327526,4,True,5,insect embryonic/larval nervous system,CNS,5,brain/ventral nerve cord_inner,CNS,neuroectoderm,-371.89,-65.23,308.0,64
2436-E4-8_g_S22,48,E4-8_g_S22,-363.18,-103.35,308,130,259.0,0.09266409,8,True,5,insect embryonic/larval nervous system,CNS,5,brain/ventral nerve cord_inner,CNS,neuroectoderm,-363.18,-103.35,308.0,43
2438-E4-8_g_S22,147,E4-8_g_S22,-404.39,72.07,308,288,738.0,0.035230353,7,True,3,presumptive embryonic/larval peripheral nervous system,CNS,3,brain/ventral nerve cord_outer,CNS,neuroectoderm,-404.39,72.07,308.0,157
2439-E4-8_g_S22,103,E4-8_g_S22,-399.07,50.97,308,245,566.0,0.037102472,8,True,10,plasmatocyte primordium,Hemolymph cells,10,mesoderm_2,mesoderm,mesoderm,-399.07,50.97,308.0,133
2440-E4-8_g_S22,129,E4-8_g_S22,-394.33,35.77,308,305,775.0,0.03483871,7,True,2,dorsal epidermis primordium,Epidermis,2,epidermis,epidermis,ectoderm,-394.33,35.77,308.0,133
2442-E4-8_g_S22,51,E4-8_g_S22,-373.52,-80.31,308,91,180.0,0.03888889,3,True,5,insect embryonic/larval nervous system,CNS,5,brain/ventral nerve cord_inner,CNS,neuroectoderm,-373.52,-80.31,308.0,64
2443-E4-8_g_S22,115,E4-8_g_S22,-364.26,-135.88,308,255,577.0,0.043327555,9,True,3,presumptive embryonic/larval peripheral nervous system,CNS,3,brain/ventral nerve cord_outer,CNS,neuroectoderm,-364.26,-135.88,308.0,19
2444-E4-8_g_S22,106,E4-8_g_S22,-385.78,-30.19,308,230,529.0,0.058601134,6,True,2,dorsal epidermis primordium,Epidermis,2,epidermis,epidermis,ectoderm,-385.78,-30.19,308.0,83
2446-E4-8_g_S22,140,E4-8_g_S22,-380.71,-61.79,308,194,392.0,0.05102041,6,True,5,insect embryonic/larval nervous system,CNS,5,brain/ventral nerve cord_inner,CNS,neuroectoderm,-380.71,-61.79,308.0,63
2447-E4-8_g_S22,105,E4-8_g_S22,-378.14,-73.75,308,172,361.0,0.030470913,3,True,5,insect embryonic/larval nervous system,CNS,5,brain/ventral nerve cord_inner,CNS,neuroectoderm,-378.14,-73.75,308.0,64
2448-E4-8_g_S22,58,E4-8_g_S22,-371.6,-95.1,308,119,240.0,0.020833334,2,True,5,insect embryonic/larval nervous system,CNS,5,brain/ventral nerve cord_inner,CNS,neuroectoderm,-371.6,-95.1,308.0,43
2449-E4-8_g_S22,46,E4-8_g_S22,-370.85,-101.9,308,107,195.0,0.06153846,4,True,5,insect embryonic/larval nervous system,CNS,5,brain/ventral nerve cord_inner,CNS,neuroectoderm,-370.85,-101.9,308.0,43
2450-E4-8_g_S22,57,E4-8_g_S22,-357.27,-161.12,308,82,138.0,0.036231883,3,True,8,mesectoderm anlage,Foregut,8,glia,CNS,neuroectoderm,-357.27,-161.12,308.0,19
2451-E4-8_g_S22,57,E4-8_g_S22,-390.83,-3.6,308,136,280.0,0.042857144,6,True,2,dorsal epidermis primordium,Epidermis,2,epidermis,epidermis,ectoderm,-390.83,-3.6,308.0,108
2452-E4-8_g_S22,87,E4-8_g_S22,-392.05,-13.1,308,228,562.0,0.049822062,7,True,2,dorsal epidermis primordium,Epidermis,2,epidermis,epidermis,ectoderm,-392.05,-13.1,308.0,83
2454-E4-8_g_S22,72,E4-8_g_S22,-370.93,-113.04,308,183,396.0,0.05050505,6,True,3,presumptive embryonic/larval peripheral nervous system,CNS,3,brain/ventral nerve cord_outer,CNS,neuroectoderm,-370.93,-113.04,308.0,43
2456-E4-8_g_S22,143,E4-8_g_S22,-401.94,18.05,308,243,645.0,0.054263566,8,True,2,dorsal epidermis primordium,Epidermis,2,epidermis,epidermis,ectoderm,-401.94,18.05,308.0,108
2458-E4-8_g_S22,69,E4-8_g_S22,-391.63,-21.24,308,91,173.0,0.046242774,3,True,2,dorsal epidermis primordium,Epidermis,2,epidermis,epidermis,ectoderm,-391.63,-21.24,308.0,83
2460-E4-8_g_S22,74,E4-8_g_S22,-389.9,-40.45,308,170,350.0,0.045714285,7,True,2,dorsal epidermis primordium,Epidermis,2,epidermis,epidermis,ectoderm,-389.9,-40.45,308.0,83
2461-E4-8_g_S22,41,E4-8_g_S22,-410.36,65.91,308,91,172.0,0.017441861,3,True,10,plasmatocyte primordium,Hemolymph cells,10,mesoderm_2,mesoderm,mesoderm,-410.36,65.91,308.0,133
2462-E4-8_g_S22,60,E4-8_g_S22,-406.0,38.4,308,134,306.0,0.07189543,8,True,2,dorsal epidermis primordium,Epidermis,2,epidermis,epidermis,ectoderm,-406.0,38.4,308.0,133
2463-E4-8_g_S22,134,E4-8_g_S22,-403.89,-0.91,308,220,540.0,0.031481482,4,True,2,dorsal epidermis primordium,Epidermis,2,epidermis,epidermis,ectoderm,-403.89,-0.91,308.0,108
2464-E4-8_g_S22,136,E4-8_g_S22,-381.11,-117.15,308,305,808.0,0.048267327,8,True,3,presumptive embryonic/larval peripheral nervous system,CNS,3,brain/ventral nerve cord_outer,CNS,neuroectoderm,-381.11,-117.15,308.0,42
2466-E4-8_g_S22,69,E4-8_g_S22,-405.39,7.66,308,180,429.0,0.037296038,5,True,4,dorsal epidermis primordium,Epidermis,4,ventral epidermis,epidermis,ectoderm,-405.39,7.66,308.0,108
2467-E4-8_g_S22,52,E4-8_g_S22,-391.02,-54.44,308,80,152.0,0.065789476,1,True,5,insect embryonic/larval nervous system,CNS,5,brain/ventral nerve cord_inner,CNS,neuroectoderm,-391.02,-54.44,308.0,63
2468-E4-8_g_S22,113,E4-8_g_S22,-390.38,-73.34,308,241,566.0,0.040636044,8,True,5,insect embryonic/larval nervous system,CNS,5,brain/ventral nerve cord_inner,CNS,neuroectoderm,-390.38,-73.34,308.0,63
2469-E4-8_g_S22,152,E4-8_g_S22,-386.85,-105.84,308,279,696.0,0.066091955,7,True,3,presumptive embryonic/larval peripheral nervous system,CNS,3,brain/ventral nerve cord_outer,CNS,neuroectoderm,-386.85,-105.84,308.0,42
2470-E4-8_g_S22,54,E4-8_g_S22,-398.3,-27.85,308,110,211.0,0.047393367,4,True,2,dorsal epidermis primordium,Epidermis,2,epidermis,epidermis,ectoderm,-398.3,-27.85,308.0,83
2471-E4-8_g_S22,64,E4-8_g_S22,-401.86,-21.26,308,134,262.0,0.061068702,6,True,2,dorsal epidermis primordium,Epidermis,2,epidermis,epidermis,ectoderm,-401.86,-21.26,308.0,83
2472-E4-8_g_S22,72,E4-8_g_S22,-416.2,54.39,308,167,348.0,0.031609196,5,True,8,mesectoderm anlage,Foregut,8,glia,CNS,neuroectoderm,-416.2,54.39,308.0,133
2474-E4-8_g_S22,136,E4-8_g_S22,-391.91,-84.14,308,256,596.0,0.046979867,7,True,5,insect embryonic/larval nervous system,CNS,5,brain/ventral nerve cord_inner,CNS,neuroectoderm,-391.91,-84.14,308.0,63
2475-E4-8_g_S22,84,E4-8_g_S22,-396.9,-64.4,308,157,374.0,0.01604278,4,True,3,presumptive embryonic/larval peripheral nervous system,CNS,3,brain/ventral nerve cord_outer,CNS,neuroectoderm,-396.9,-64.4,308.0,63
2476-E4-8_g_S22,89,E4-8_g_S22,-402.36,-47.78,308,193,402.0,0.03233831,4,True,5,insect embryonic/larval nervous system,CNS,5,brain/ventral nerve cord_inner,CNS,neuroectoderm,-402.36,-47.78,308.0,83
2477-E4-8_g_S22,46,E4-8_g_S22,-419.99,48.15,308,103,217.0,0.01843318,3,True,2,dorsal epidermis primordium,Epidermis,2,epidermis,epidermis,ectoderm,-419.99,48.15,308.0,132
2479-E4-8_g_S22,74,E4-8_g_S22,-414.01,9.82,308,141,297.0,0.04040404,5,True,2,dorsal epidermis primordium,Epidermis,2,epidermis,epidermis,ectoderm,-414.01,9.82,308.0,108
2480-E4-8_g_S22,37,E4-8_g_S22,-391.57,-91.82,308,66,127.0,0.05511811,4,True,3,presumptive embryonic/larval peripheral nervous system,CNS,3,brain/ventral nerve cord_outer,CNS,neuroectoderm,-391.57,-91.82,308.0,42
2481-E4-8_g_S22,53,E4-8_g_S22,-390.82,-98.86,308,153,333.0,0.042042043,5,True,3,presumptive embryonic/larval peripheral nervous system,CNS,3,brain/ventral nerve cord_outer,CNS,neuroectoderm,-390.82,-98.86,308.0,42
2482-E4-8_g_S22,53,E4-8_g_S22,-399.41,-56.61,308,123,227.0,0.057268724,5,True,5,insect embryonic/larval nervous system,CNS,5,brain/ventral nerve cord_inner,CNS,neuroectoderm,-399.41,-56.61,308.0,63
2483-E4-8_g_S22,153,E4-8_g_S22,-433.19,77.95,308,338,938.0,0.051172707,6,True,9,mesectoderm,Stomatogastric nervous system,9,sensory neuron,PNS,neuroectoderm,-433.19,77.95,308.0,156
2484-E4-8_g_S22,129,E4-8_g_S22,-420.64,16.97,308,265,707.0,0.04950495,6,True,2,dorsal epidermis primordium,Epidermis,2,epidermis,epidermis,ectoderm,-420.64,16.97,308.0,107
2485-E4-8_g_S22,63,E4-8_g_S22,-408.01,-34.35,308,125,253.0,0.023715414,3,True,2,dorsal epidermis primordium,Epidermis,2,epidermis,epidermis,ectoderm,-408.01,-34.35,308.0,83
2487-E4-8_g_S22,76,E4-8_g_S22,-413.65,-25.68,308,126,235.0,0.04680851,4,True,2,dorsal epidermis primordium,Epidermis,2,epidermis,epidermis,ectoderm,-413.65,-25.68,308.0,83
2488-E4-8_g_S22,230,E4-8_g_S22,-400.27,-118.56,308,375,929.0,0.030139936,9,True,3,presumptive embryonic/larval peripheral nervous system,CNS,3,brain/ventral nerve cord_outer,CNS,neuroectoderm,-400.27,-118.56,308.0,42
2489-E4-8_g_S22,111,E4-8_g_S22,-406.88,-75.17,308,238,508.0,0.023622047,7,True,3,presumptive embryonic/larval peripheral nervous system,CNS,3,brain/ventral nerve cord_outer,CNS,neuroectoderm,-406.88,-75.17,308.0,63
2490-E4-8_g_S22,53,E4-8_g_S22,-427.26,23.71,308,122,256.0,0.0234375,3,True,2,dorsal epidermis primordium,Epidermis,2,epidermis,epidermis,ectoderm,-427.26,23.71,308.0,107
2491-E4-8_g_S22,246,E4-8_g_S22,-435.14,40.67,308,424,1273.0,0.04084839,12,True,2,dorsal epidermis primordium,Epidermis,2,epidermis,epidermis,ectoderm,-435.14,40.67,308.0,132
2492-E4-8_g_S22,59,E4-8_g_S22,-409.85,-62.03,308,156,304.0,0.039473683,6,True,3,presumptive embryonic/larval peripheral nervous system,CNS,3,brain/ventral nerve cord_outer,CNS,neuroectoderm,-409.85,-62.03,308.0,63
2494-E4-8_g_S22,42,E4-8_g_S22,-430.07,15.04,308,107,228.0,0.048245613,5,True,2,dorsal epidermis primordium,Epidermis,2,epidermis,epidermis,ectoderm,-430.07,15.04,308.0,107
2495-E4-8_g_S22,43,E4-8_g_S22,-421.89,-21.43,308,104,211.0,0.0521327,4,True,2,dorsal epidermis primordium,Epidermis,2,epidermis,epidermis,ectoderm,-421.89,-21.43,308.0,82
2498-E4-8_g_S22,70,E4-8_g_S22,-398.83,-149.08,308,62,128.0,0.0234375,3,True,3,presumptive embryonic/larval peripheral nervous system,CNS,3,brain/ventral nerve cord_outer,CNS,neuroectoderm,-398.83,-149.08,308.0,18
2499-E4-8_g_S22,109,E4-8_g_S22,-440.26,26.03,308,237,539.0,0.048237476,6,True,2,dorsal epidermis primordium,Epidermis,2,epidermis,epidermis,ectoderm,-440.26,26.03,308.0,107
2500-E4-8_g_S22,77,E4-8_g_S22,-425.92,-27.7,308,78,141.0,0.021276595,2,True,2,dorsal epidermis primordium,Epidermis,2,epidermis,epidermis,ectoderm,-425.92,-27.7,308.0,82
2501-E4-8_g_S22,90,E4-8_g_S22,-446.8,75.22,308,194,446.0,0.038116593,8,True,2,dorsal epidermis primordium,Epidermis,2,epidermis,epidermis,ectoderm,-446.8,75.22,308.0,156
2502-E4-8_g_S22,67,E4-8_g_S22,-432.01,0.38,308,150,353.0,0.028328612,4,True,2,dorsal epidermis primordium,Epidermis,2,epidermis,epidermis,ectoderm,-432.01,0.38,308.0,107
2503-E4-8_g_S22,200,E4-8_g_S22,-413.78,-112.87,308,326,886.0,0.046275396,8,True,3,presumptive embryonic/larval peripheral nervous system,CNS,3,brain/ventral nerve cord_outer,CNS,neuroectoderm,-413.78,-112.87,308.0,42
2504-E4-8_g_S22,48,E4-8_g_S22,-438.86,32.41,308,159,356.0,0.02247191,5,True,2,dorsal epidermis primordium,Epidermis,2,epidermis,epidermis,ectoderm,-438.86,32.41,308.0,132
2506-E4-8_g_S22,280,E4-8_g_S22,-420.53,-101.74,308,574,1969.0,0.061960384,13,True,3,presumptive embryonic/larval peripheral nervous system,CNS,3,brain/ventral nerve cord_outer,CNS,neuroectoderm,-420.53,-101.74,308.0,41
2507-E4-8_g_S22,69,E4-8_g_S22,-433.06,-22.42,308,224,484.0,0.030991735,4,True,8,mesectoderm anlage,Foregut,8,glia,CNS,neuroectoderm,-433.06,-22.42,308.0,82
2508-E4-8_g_S22,60,E4-8_g_S22,-426.17,-61.28,308,127,266.0,0.067669176,5,True,10,plasmatocyte primordium,Hemolymph cells,10,mesoderm_2,mesoderm,mesoderm,-426.17,-61.28,308.0,62
2509-E4-8_g_S22,97,E4-8_g_S22,-447.14,35.99,308,256,627.0,0.036682617,5,True,2,dorsal epidermis primordium,Epidermis,2,epidermis,epidermis,ectoderm,-447.14,35.99,308.0,132
2511-E4-8_g_S22,69,E4-8_g_S22,-434.03,-32.62,308,134,294.0,0.044217687,6,True,0,dorsal pharyngeal muscle primordium,Somatic muscle,0,somatic muscle,muscle,mesoderm,-434.03,-32.62,308.0,82
2512-E4-8_g_S22,65,E4-8_g_S22,-442.48,-11.73,308,134,282.0,0.031914894,3,True,0,dorsal pharyngeal muscle primordium,Somatic muscle,0,somatic muscle,muscle,mesoderm,-442.48,-11.73,308.0,82
2513-E4-8_g_S22,121,E4-8_g_S22,-437.02,-44.94,308,259,573.0,0.03141361,8,True,8,mesectoderm anlage,Foregut,8,glia,CNS,neuroectoderm,-437.02,-44.94,308.0,82
2514-E4-8_g_S22,148,E4-8_g_S22,-436.34,-76.61,308,286,751.0,0.07323568,7,True,10,plasmatocyte primordium,Hemolymph cells,10,mesoderm_2,mesoderm,mesoderm,-436.34,-76.61,308.0,62
2515-E4-8_g_S22,103,E4-8_g_S22,-435.4,-64.9,308,177,409.0,0.05378973,9,True,10,plasmatocyte primordium,Hemolymph cells,10,mesoderm_2,mesoderm,mesoderm,-435.4,-64.9,308.0,62
2516-E4-8_g_S22,66,E4-8_g_S22,-451.86,15.59,308,161,320.0,0.015625,1,True,2,dorsal epidermis primordium,Epidermis,2,epidermis,epidermis,ectoderm,-451.86,15.59,308.0,107
2518-E4-8_g_S22,66,E4-8_g_S22,-446.88,-23.41,308,156,369.0,0.010840109,4,True,0,dorsal pharyngeal muscle primordium,Somatic muscle,0,somatic muscle,muscle,mesoderm,-446.88,-23.41,308.0,82
2519-E4-8_g_S22,280,E4-8_g_S22,-446.52,-56.37,308,414,1175.0,0.054468084,12,True,10,plasmatocyte primordium,Hemolymph cells,10,mesoderm_2,mesoderm,mesoderm,-446.52,-56.37,308.0,62
2520-E4-8_g_S22,58,E4-8_g_S22,-467.05,58.9,308,204,474.0,0.08227848,11,True,2,dorsal epidermis primordium,Epidermis,2,epidermis,epidermis,ectoderm,-467.05,58.9,308.0,131
2521-E4-8_g_S22,113,E4-8_g_S22,-450.78,-36.45,308,169,366.0,0.032786883,5,True,0,dorsal pharyngeal muscle primordium,Somatic muscle,0,somatic muscle,muscle,mesoderm,-450.78,-36.45,308.0,82
2522-E4-8_g_S22,50,E4-8_g_S22,-430.59,-123.17,308,78,161.0,0.04347826,4,True,9,mesectoderm,Stomatogastric nervous system,9,sensory neuron,PNS,neuroectoderm,-430.59,-123.17,308.0,41
2523-E4-8_g_S22,156,E4-8_g_S22,-460.01,-26.15,308,350,908.0,0.016519824,6,True,0,dorsal pharyngeal muscle primordium,Somatic muscle,0,somatic muscle,muscle,mesoderm,-460.01,-26.15,308.0,81
2524-E4-8_g_S22,115,E4-8_g_S22,-446.62,-82.72,308,241,542.0,0.031365313,7,True,2,dorsal epidermis primordium,Epidermis,2,epidermis,epidermis,ectoderm,-446.62,-82.72,308.0,62
2525-E4-8_g_S22,81,E4-8_g_S22,-447.88,-99.86,308,167,394.0,0.06852792,7,True,2,dorsal epidermis primordium,Epidermis,2,epidermis,epidermis,ectoderm,-447.88,-99.86,308.0,41
2526-E4-8_g_S22,159,E4-8_g_S22,-461.45,-68.38,308,353,915.0,0.048087433,10,True,3,presumptive embryonic/larval peripheral nervous system,CNS,3,brain/ventral nerve cord_outer,CNS,neuroectoderm,-461.45,-68.38,308.0,61
2528-E4-8_g_S22,67,E4-8_g_S22,-471.71,-10.49,308,174,431.0,0.055684455,6,True,0,dorsal pharyngeal muscle primordium,Somatic muscle,0,somatic muscle,muscle,mesoderm,-471.71,-10.49,308.0,81
2529-E4-8_g_S22,79,E4-8_g_S22,-484.12,9.46,308,168,382.0,0.05235602,8,True,10,plasmatocyte primordium,Hemolymph cells,10,mesoderm_2,mesoderm,mesoderm,-484.12,9.46,308.0,106
