Cell IDs	CellType
100047181052654346224529175853339022386	Oligo
100144987682981782100923292757524648699	VLMC
100267747580756240041023704492842942950	Astro
100380418078413692631351412383892166094	L4_5_IT
100416591302420540942373170232872783233	L4_5_IT
100437568120019600927652936190009214346	L5_IT
100520046493178546699313517559503591662	VLMC
100542677892296141453580613270127987555	L4_5_IT
100710098199264639646181147670539642555	L2_3_IT
100711744188560459860855719622720771969	L4_5_IT
100770516509828923630978876061485719503	L2_3_IT
100842549546626171241991454564639654183	L5_IT
100950987248696023627512659113223722976	L2_3_IT
100955601535943672754469769793722395470	Astro
101040309230617229467963033777200410268	Endo
101290319453327493294362411320830756503	Oligo
10133650427379796965274679508791717579	L6_IT
1014011257225273380454238515543761957	L4_5_IT
101514388755449993173560206320331861974	Sst
101731390169942732810880467783376149464	L5_ET
101832018081624702142421097643353058000	L6_CT
101850681050949321874175106772440276305	L5_IT
101923412293028741557740364778568352912	L4_5_IT
101947708619388374865955767260108748338	L2_3_IT
10211118390275140178218693553065860949	Peri
102138401151297659614140192164977221559	Oligo
102295861303286750533722509490935319871	L5_IT
102329940502936964350965875998000187692	L5_ET
102369133092169646929318332475012764060	PVM
102500510899266198503869053721430715211	L6_IT
102605093498008395642273795715434976140	VLMC
102630798889479537592018189193151183545	VLMC
102719174358977551803816356674924478310	Endo
102762764961926665751220904445159421327	L5_IT
102870537692237395622163702944556475667	L6_CT
102908585387146366434436973489258714022	Astro
102961153274706937193126587656972162038	VLMC
103059365527586362447650942647026521319	Micro
103205043405221891887187035103989199675	L2_3_IT
103384017201440493716854958896156052945	L6_IT
103411609474924234227396703721662557657	SMC
103703910702192779099450553160452984331	Endo
103789311555996607474821057762334121557	Endo
104078254148375929483440785584365448099	L4_5_IT
104193772921793607754911911626783090104	L2_3_IT
104199012032694181036259463212136800428	L5_6_NP
10423246898564792607150667089393732968	Oligo
104365014135643894222330683479992207738	L6_CT
10439354818870026981613212500868313457	Astro
10443051352889986513007462453736025395	VLMC
104604897593115865177436657157450128626	L2_3_IT
104688916223698180762689830356491784092	Peri
104810467644933401534108350868278512588	VLMC
104930837473195784129626300048275722903	Vip
104967994236261301881635103946587746438	L2_3_IT
104968955476732765422841178727438430701	PVM
104992503200761093134034073696813050482	L6_CT
105018458557167169914316082564072308694	Sst
105071344348029652741587405638132693436	Micro
105152267502956405986163481251877765161	L6_IT
105263668150168837112863311590313411862	Sst
105274351643193085986950367987181897816	Astro
10542423909097908135626060641967534030	OPC
10551633534698854195667512244395380368	L5_IT
105525767171112837661148829982548287983	L6_IT
10572187217408534447623344359384783673	L4_5_IT
105800546334780003599145862547236550829	Endo
106006173380424869565806252890172824256	Astro
106097468183846234145120636695421460523	L2_3_IT
106099584344502602441591320617159624141	L4_5_IT
106119827410635762079443969807896489563	L4_5_IT
106199120813815936747840169818096547070	L6_IT
106561992046978215401519618966084432396	Peri
106569373328368630914122973686464728989	SMC
107128566224022179178369526310840085013	Vip
107278285871335692350184372553950385956	Endo
107279375333689316343066771703935286682	L2_3_IT
107347919257492114702939360010276165731	L5_6_NP
107534714656539381305380634074452466196	L6_CT
107624669841857750247431772682217706748	L6_IT
10763095571038339247488492184179770142	Sst
107802237776262924622108783783453539430	L6_IT
107811399342642680792197384207607904351	L2_3_IT
108060076456404007973051775505538747490	L5_ET
108130648943528456533306131182053429367	Endo
108204360339405890312590214638901529689	Sst
108243080824625082288655270786764589472	L4_5_IT
108247769055600468603420402873711784184	L6_IT
108274124250724938136099916916004956980	L5_IT
108331432487438395354063840556328662299	L2_3_IT
108431661401948518024264266720082511794	Micro
108639315282581529705131958957100736248	L5_ET
108671465482834575293679855122371039873	Oligo
108699052808880052053105607706562350138	L2_3_IT
108703577816104806852870033412891377482	Peri
108756868308262204405703984776985604348	L2_3_IT
108782742060644928554004549985743390995	L5_ET
108797534421156438692942660118952470682	L5_IT
108897306588365799411710906316405962594	L4_5_IT
10894046309796222217074306139929823512	Micro
108994371364937615578426176957915465926	L2_3_IT
109081429709921968706565985046875319820	L5_IT
109089342460834729727639665534555379538	Pvalb
109109120124835462828224328001153489521	Astro
10913448097453515035186611880054082367	SMC
109294887134324184397256923588072409364	L2_3_IT
109360506352125279317066752490544958275	L2_3_IT
109382406811910134529184041547678153290	Endo
10960782488090577128700710173478365301	L5_IT
109617165670180072518073072269912764174	L6_IT
109818677104076638046081540588581960205	L5_ET
109954044161674160190207731932603690078	L5_IT
109955090882981293480942450367470058497	L2_3_IT
109960218986561813962517001588108066410	Vip
109979375552010212879865523379737278773	OPC
110329557137328021474077787977707872221	L6_CT
110369193090920839796377054601249960072	VLMC
110460407290874235022410898514118194251	L2_3_IT
110584732769831743427972269281928518053	Lamp5
110820884352138624434222962280690742743	VLMC
110919467324821368433815224957325890818	Astro
11093642159337986252552060358834314192	L4_5_IT
110942533161572678019205115639226413620	L4_5_IT
111004482624504163754682529205864799118	Astro
111184577057130200324216658656041801044	Endo
111202160586132567750212124282637556522	VLMC
111247311577848571039673957183754398916	L5_ET
111328249218611628153323535990705879541	L6_IT
111332517517322211885738730301261569123	Astro
111381175956987253332893088900191030679	L5_ET
111499834433472937796043295287764604862	L6_CT
111513884375716029201069632124289148728	L5_ET
111863034687314380190981430959510957302	Peri
111938728686679002702930544368720196742	Endo
111957213714728414706532385407794477404	Astro
112066982874350986562643714528120098141	L4_5_IT
112285502060035374571848108221936600403	L4_5_IT
112313649661708605822521386746740287770	Endo
11233221383321075198353264986936722368	L5_IT
112397527572640158098533140222677544511	L4_5_IT
112466368834522770708432519201262821574	Micro
112469422406181309407922110486425116786	L5_ET
112550308766293737525669280730208577252	L5_ET
112743589380899270196906487894629775124	L4_5_IT
112755223110812635317903390075300828323	Endo
112798317270481081999445651799264173044	L2_3_IT
112819892159876621851755213304826206155	L2_3_IT
112891032485237215166595891511319366603	L5_IT
113015584550779531163776348983846463166	L5_IT
113176685938072322811808921260265297904	L4_5_IT
113177446500339444021018053322865475313	L5_IT
113217926220827161949323025284333574300	PVM
113285416571275146828539177577933106308	L5_6_NP
113391787935580272578030166452825052154	L2_3_IT
11343915353454591594399648137182084731	L2_3_IT
113439209728530555386514806437955109942	L2_3_IT
113538169522222240596213452626921152187	OPC
113582173057573032061386619115107523837	L2_3_IT
113614691150312190564543841581869508651	L5_IT
113627499829741100720568583033452052117	L5_IT
113771535345651287144793427582389591028	L6_CT
113786640974909752538494903309487516494	Endo
113901548165428430444607298087403700638	L2_3_IT
11410240857297922811928798357920798109	VLMC
114151134694758258360988203476491586583	Endo
114214704143893024559727924241642765146	L5_ET
114285931188016039093663980474040508325	L5_IT
114331788353756305922838715143844698387	L6_IT
114415275003756360228342223761147916690	Peri
114511580986065505779132969392098325683	L2_3_IT
114533529546409491175981967916333148587	Lamp5
114544211949302988408801432728450858233	L5_IT
114645685928948092456182227846714102440	L5_IT
114681559891705002088039073640521713147	L4_5_IT
114778085452445099195207979068655420329	L2_3_IT
114880787261146580043740643409881539410	L4_5_IT
114954114160031191155250063507531424616	Endo
114985983811133912950238330229256012889	L5_ET
115005267831297008919031650952261325485	Micro
115018433378914725172416438497394718996	L5_ET
115097853774735235894323792699398055202	Astro
115127732488658085396809397357161752818	L6_CT
115207245798983393520041199638992234484	Endo
115219035780843464570754438909888868504	Oligo
115296301694613756181146083986639914226	L2_3_IT
115330680229046752475120828935465632597	L2_3_IT
115385639294674185042203622230526858212	L6_CT
115405697012975582255642143277709310510	L5_ET
115468292279693937639580468097605500356	L5_IT
115593486210689719145044257805350476558	OPC
115649657957276728000663534863414810348	L5_IT
115655759707006349344358132234039926882	L2_3_IT
115677051175008268560888143637885450209	L5_6_NP
115771809665452235846243557264627690454	VLMC
115858128044703910013460208017632998901	L2_3_IT
115887505881922530441351324828087663437	L4_5_IT
115999603884816744753430464928476512481	L4_5_IT
116097160640140001460589637490414212513	L2_3_IT
116231061991054400070104339313016838184	L2_3_IT
116241530072418429140702092354641985918	L2_3_IT
116249030683438358714530541768119007434	L6_CT
116310571979909186949134411620929773896	OPC
116334507909039426767917408098528132234	L4_5_IT
116349266390926889663599346750366752580	Micro
116353805407910584387571737551737340600	L5_IT
116360534608654145303047179988853011553	L5_IT
11646532548157018745018409254212479212	L2_3_IT
116622350390306179550519736684897878422	Astro
116648470408229875146147385150205277919	L4_5_IT
116704774954951803988641760551615708613	VLMC
116708724866964250800245851028038123893	L5_6_NP
116785726937556100281186516461051364828	L2_3_IT
116822605181254088930411411515437326892	Sst
116823938027545776124856387752048614390	L2_3_IT
116910091970084445911932685772648641572	Endo
116925923815003535916009655122113258982	Oligo
116983241286801700543547386877475573556	Endo
117026565575077035014681077908146314659	Micro
117052171560025895233546683318472174965	Pvalb
117054015489946180158936379965129450223	Peri
117093272091426213853223801925808708627	L2_3_IT
117106867123286632571207946335580814685	VLMC
117358162303137920359039114283065072056	L5_IT
117368163771522761170733739457521215401	OPC
117378899224829162214207471941576758487	L6_CT
117384039374011138447540396246307559859	L2_3_IT
11747991067495360375588641761193901790	VLMC
11753332869989170644041445786886323639	L5_IT
117607232881972138490164727389308453710	L5_IT
117728794824014836263669457382888967555	L6_IT
117739163785431269766644133221035549892	L2_3_IT
117874731443505239298987395966214480684	L4_5_IT
1179026474262019881140433996186168963	Pvalb
117908222721967988542859836999577234968	Micro
118003785217998921016596528015473403147	L6_IT
118069671748779428174908855903792626998	L2_3_IT
118150545225261831207720952643191279224	Astro
118172850475291908371050810603671227943	VLMC
11828046386226249017844445835274367339	PVM
118666354592397654012968462968321076445	L2_3_IT
118706987756990618876474764884671471212	Endo
118745106734353639898852478923721352651	L5_IT
118775130711228923975303592044796075434	PVM
118796082919695869924307029956345529362	Endo
118862187207103176499888358426014253257	L5_ET
119006573990147352612998306505593368836	Peri
119080383610612892008204002763244643534	L6_IT
119091361988120994390285975375655193520	L5_IT
11912971989406466443825455052738830019	L6_CT
119148581944526785023106517533595723307	L4_5_IT
119192589181742676847292861424552790395	L6_IT
119687811692899776940888075660334247761	L2_3_IT
119788270894644785814703205255518907518	L2_3_IT
119789506044598118478763760927525501007	Astro
11984542956175450668188761484725117489	L4_5_IT
119898752466573680982676473443950877160	Vip
11997766147673201569622196874453619551	Endo
12010664396951653709724612044939959635	VLMC
120178463177844948136779235689631793769	Oligo
120200893727308348722274953865537821375	L5_ET
120341624126938560367774085111840120572	Pvalb
120507897711650051556662533855043416132	Sst
120544063360178350184140203699478390862	L4_5_IT
120688341171884572556526597109195212613	L6_CT
120688366385858004572784664838891602481	L6_CT
120908500276873697147862088000589729798	L2_3_IT
120923977259076516344672987644105875215	L2_3_IT
121050831073917632442624601571390763986	L6_CT
121279803670885800119808650903544653296	L5_ET
121330168576756147439980174773451197974	Micro
121343170040678040297090279110370185827	Sst
121500964151967952948386852758082417550	Astro
121637746521075695239197511690585557064	Endo
121641932357974465919283625648163466105	L2_3_IT
12166885478489247987572197996870595112	L6_IT
121683842169379476994977231025023883323	L5_ET
12174550406232682908867923831494201640	L6_IT
121828905310311532609760610561048340563	L6_CT
121864714714708160064919313326418141866	VLMC
121917365169063737849310354357470209755	OPC
121952618214928757962683264795805291950	Sst
122048444358939016025513727864162100945	L4_5_IT
12212021688682561516770904562913719454	Endo
122204043600856347361635064268004173390	L6_IT
122320279961254459155016281280681076832	L5_IT
122324795173636487649321089398308937733	VLMC
122500308068052513382386271937103790926	L2_3_IT
122513491340778558614368482693808757593	L5_IT
122562712481270925141481512124385234770	L6_IT_Car3
122563652066754654340532923841174484601	OPC
122845262684045448769980233419489297862	L5_IT
122885311403082418979408065944191906346	L4_5_IT
122958873317688024419407348628467665004	VLMC
123043977749917971475203360417543800108	L4_5_IT
123116595857578470560087083536059184191	Pvalb
123176591505978412200337305119344087385	Astro
123325726171217048300571699688146796333	Oligo
123382764247081025984080635522779187003	L2_3_IT
123458279894428214305958433170649293611	Peri
123651558367263274671788797463480479905	L5_IT
123690551734546672113390226933663794691	L2_3_IT
123763962632019916745819676800493501454	OPC
123864903374358328629741588662557351770	Micro
123903853436011138112397597154424461780	L4_5_IT
124006632518508737793505439415136457597	L4_5_IT
124022895501606826854536917535172182400	Oligo
124148607971247573580994722354726590740	VLMC
124181157945990675303084340971216308	L5_6_NP
12418151544569410378904533121899765167	Endo
124213766751185189169263477806296981088	Astro
124231122841899992642345200787454705293	L2_3_IT
124232951662982208680814357459370963705	Lamp5
124307940257317766077973142098396821412	L2_3_IT
124338234653438447210079096085062716176	Endo
124363288842125229567986413361839187414	Astro
124386028643455850996859792318910615771	L5_ET
124437525886880767565814528650317668962	L4_5_IT
124444904463190927536581497141715891127	L2_3_IT
124507870511445182744541255293558835732	Astro
124573970633229049118048149345783069525	L5_IT
124606030430477128073260513762828371813	L2_3_IT
124691453822339428349384949291239953608	L2_3_IT
124786785583974390716060308010417960540	Endo
124960227704235398863873839171535196038	Astro
125012324077963305082609341987213164293	Sst
125146603728684488599135778213455873097	Micro
125216299177960182366312333910626727331	Peri
125451478007804373728386002434013409810	L2_3_IT
125484736148711591212642203069951142981	Astro
125494262970178858946725616888930684937	Endo
125551177969178492913379957507395342695	L2_3_IT
125604900601761552563168719004013020349	L4_5_IT
125629030869662067549908075185258176556	Pvalb
125650361972231717279111946571509380626	L5_IT
125736105364940206263588131254682604168	Vip
125852761948185261775149542595164252950	L5_6_NP
126055755338493046961450301455901234449	L5_IT
126154497339103893129065155208816709448	L6_IT
126171588873143083898393999337065436078	PVM
126290974378325806986491010589677677591	OPC
126316014218464306546442117665181339316	Lamp5
126326361039643540186520670197887494165	L5_IT
12633395549343041342753841552655391751	L2_3_IT
126473019017004257630927918288506527786	L2_3_IT
126551132499093223227365185662867800271	VLMC
126553059120144034437824759091430653236	L6_CT
126620931991182152062590824645132858677	OPC
126757820565831499368528493548918171890	Endo
126841375253381195874251932614502743208	L4_5_IT
12686371827965870039508673221038459331	OPC
127054572525542427644775682165598968955	PVM
127094053287676404695599174449456918095	L6_IT
12712047202716776450220973472100300160	L2_3_IT
127210495951084221732220461641101864170	L2_3_IT
127256056688670489653732811199995752975	L4_5_IT
127289681978743655336889874311831522699	Peri
127319693859349027673228788757570606268	Micro
127423199456926727996585516457285760643	L4_5_IT
127439803895180655467986187466773056933	L5_ET
127439909612843379461602285775888452781	L2_3_IT
127533116073434910547478815955004171081	L5_IT
127602472693674038895986570451133489950	L4_5_IT
127651007716024343418235505801421027009	Endo
127695094551558938999161727895105471312	Sst
127761794139779112933324032790109575676	L5_IT
127812969755025132776276816580147539619	L2_3_IT
127883307036473784626165955953186819380	L2_3_IT
127933119252962776003246307671583250676	L2_3_IT
127940096131337857614968039018360505390	L2_3_IT
128024299567322646511468969831491235933	L2_3_IT
128148822532275968047867531663433246595	L2_3_IT
128177390045670731645928011077779114911	L6_IT
128185198012738649007690653447135590707	L4_5_IT
128350473805523542145584715775355751895	L2_3_IT
12835320469296718020590254016360469913	Endo
128360801960150645011371818924366018263	L6_IT
128411430233223579723789363413997853809	Astro
128533535551004541340315263198450660290	Peri
128533608773610449705682934431218958281	L4_5_IT
128613092589988885549338148405885429554	L5_ET
128880734612115938559857949373359075198	L5_6_NP
128895439225780069205572845256628639402	L2_3_IT
128949228518103574069249273873216541992	L2_3_IT
129076825306891057768444959560570418581	L5_ET
129225821031178654596633763365886280464	Lamp5
129245815825030201740953982718545610999	L5_IT
129264289511057305514926368967424658833	L2_3_IT
129348976078931294590302679552803657489	L2_3_IT
129391747617187966084698838087479177954	Peri
129563218991821856034551545226610163169	Astro
129663210993227391512486656089553512875	L4_5_IT
129761531825981135232086292516201913799	L2_3_IT
129787611971662301224906692729974215155	Astro
130058670392381271925317528367366033815	Peri
130093257876905031914088375563212636171	L4_5_IT
130175839280803182271530556302907702679	Peri
130209873725301473081264639784196379244	L4_5_IT
130223741233542037830057985342540570007	L4_5_IT
13061121516982722317857922470725065201	Pvalb
130768366027254951782135406301375486897	Micro
131010652159681855672504000993960072643	L5_ET
131095127329615219991672306389093138258	Endo
131144822827193624688177738577876375939	L2_3_IT
131160286661907426220240420924415825751	L2_3_IT
131169909272954117484570203855470868840	L5_ET
131173521670707026289422285992546564355	L6_IT
131322016795736439304702159700264775924	L4_5_IT
131336692601974919569638306079880418974	Peri
131404916097972687915456919572455600457	Lamp5
13156812993643060427792605389373299025	Peri
131655857685712984814022685317350785328	Peri
131669339246995635020933699927046720158	Astro
131688660736061582870829784206099135862	L2_3_IT
131700159818679897774022841772106663704	SMC
131762225449722135497317387470642051409	L2_3_IT
131800609530538526629727643367775380229	L2_3_IT
131811987919826395571579835512476306799	L6_CT
131972055755649302422807956444013628860	L4_5_IT
132060707501643028845118959908812774304	L5_ET
132121229613057657432176695403412303977	L4_5_IT
132134673865490904758943446118298219705	VLMC
132153595056912045534790010739408635052	Pvalb
132185712924019711754739267361400323008	VLMC
132268382465267730698207479739701740714	Micro
13226946188640165856735244720631591667	L4_5_IT
132318997534218317067461918484007593872	L4_5_IT
132356559347640334850146422386818142617	L6_IT
132439279943776887033394625474111032596	Astro
132544656397985574932049726542079949989	Endo
132622909422972733242202622727261771701	Endo
132650323004003159589812525330250023814	Astro
132718196819682518421060359470864723151	L2_3_IT
132723345051884045511505066823248510378	L2_3_IT
132806199561986092647153618431676787687	L2_3_IT
132812334611156711321668262342121734981	VLMC
132840832787353349499745996441921257091	L2_3_IT
132864282417771005920284517286136691534	Endo
132901124485014248441689085090610313670	Astro
13296653986512781091306756251611162717	L2_3_IT
132981648655072408162545066763503520565	L4_5_IT
132986524808513127414803410466485328053	Lamp5
132988663934496141921985139246909458350	VLMC
133001913177930617402896076675974280015	Peri
13305806725526620574664273849389075787	Astro
133108411206281597105888584651835104020	L6_IT
133206178745319280391851493148361184519	L4_5_IT
133470383562027258718990262940147222662	Astro
133481582668632805973291811639524214023	SMC
133498468533497173484749777318951309861	L4_5_IT
133636846934244141120549413601344497120	L5_IT
133905108268584591779280270639970757232	VLMC
133956340037553601175543842713259668345	L2_3_IT
133997152381974797452463905731599980925	L2_3_IT
134009011824297408119086176760255935488	L5_6_NP
134025348672407663229349262409322561884	L6_IT_Car3
134070245838579574964018942956326334547	L6_IT
134096677038907797358265218772819095536	L5_6_NP
134165775345181660761552125904454753211	L5_IT
134219128257564111901502299111026605508	Astro
134365405188834992499400335434773201767	L6_CT
134419990687415089144070171947426798775	L4_5_IT
13445710306723713944258354258146099497	L4_5_IT
134511377797914063824697217867942710858	Pvalb
13454253362200055922835066623048289484	L5_IT
134549613688011130340336375864965464628	Lamp5
134645439694868726532637240224274233795	Sst
134651493064205552192592769404294276043	Pvalb
13465599080073043197788787818158258788	Endo
134693850265133933854117614965025288794	L2_3_IT
134755427571654455104654730716287141279	L2_3_IT
134818778556015959942838499812173764315	L2_3_IT
134853793967617098741207307709883834115	L6_CT
135067766034344693298045512887205204636	L2_3_IT
135105555693834556977418455679912024619	Astro
135139352225274944404543935452200206268	L5_ET
135302794711924507440611556432116572944	L5_IT
135363593594618055681923533178089829248	L5_ET
135423778899640351287078292154986610170	L4_5_IT
135446761041641164331146173192937635288	Micro
135515390941662342852849863497404993839	L4_5_IT
135615468695376228062388019142397110909	Vip
135663612377688980529835436854912122964	L2_3_IT
135801044878645608910953902482812496426	L6_IT
135856515146077750949627946814398314675	Peri
135861144701718812801630008340538058841	L6_IT
135890966195005321943096737938038700214	L5_IT
136032088826130238925325419295301011669	Endo
136062466063109325091050592045289497613	L2_3_IT
13608072024613191740099826438791010701	L5_IT
136118276331655705521115521810150450924	Peri
136167951586748042364680415473305838320	L6_CT
136206811681965737973450650626289432726	L4_5_IT
136338037670501590897863249222072395319	Astro
13684257990646035141971384488747614421	L5_ET
136975755642501563811410761509626092821	L2_3_IT
137126427776210438369528614004314413350	L2_3_IT
137233640207024463788269642805766258274	Oligo
137289132424726872250806104164043382304	L2_3_IT
137395170235539739565765503306651721992	Micro
137631081588155574942506686539388021448	L6_CT
137892169048964695860281869236372498636	L6_CT
137947349575931039321550530191280239569	L4_5_IT
137981098199247793342070190605019902961	L2_3_IT
138109687274017997671992725780890907246	L6_CT
138149667521237400394369153543513203175	L2_3_IT
138172596933491700884161822979868611622	L4_5_IT
138287141698054808167638614914838410455	L6_IT
138503686887017987234960816811317225624	L6_CT
138515668863978752517858361548172563308	Endo
138532602482537270654789613487821610161	L2_3_IT
138604867146419459709630763883139364465	L2_3_IT
138753786933580325478591751940289778985	L4_5_IT
13875899806080738370193609928013921070	Astro
138857097134129236094278311488556021934	L5_IT
138859252589333254203359838872261589501	L2_3_IT
138970724710511753472121636195110376208	L4_5_IT
139050441805955343490194896389584181964	Endo
139074341336865529207578471877250071507	L4_5_IT
139087644500304114139552624652658543343	L2_3_IT
139125871641802736682163375317257166843	L2_3_IT
139147386013940944973541662304819858681	L2_3_IT
139209117985135755856051719096187961538	L6_IT
139435307251601400188706986820495906760	L5_IT
139446745782746144236895986392810675696	L4_5_IT
139627803086369017737351452959111434648	SMC
139665327729831356473344016215073920568	Endo
139670283580368496083127938920088518658	L2_3_IT
139681088223189351988356093122697372855	Vip
139682608837126527973214708026738559770	L5_ET
139741893588468412658109088385934167044	Micro
139893093057957818245907155686898785879	L2_3_IT
139929584725955040142905611052409253990	L6_IT
1400172257028099142812581695216429783	L6_CT
140042406421343869493474268354607597299	Pvalb
140077955263982049859417342498222174290	L2_3_IT
140088214501355637828178979569039522166	L6_IT
140101130818639716753273359779575290292	L2_3_IT
140174036153134753769120839401437789357	L4_5_IT
140198439809155779355550195093467924731	L4_5_IT
14021378680652757179742957708491748719	SMC
140320144017055839647620566970327569783	L2_3_IT
140370821343257446512468367072340037078	L5_ET
1404638741025613862821364673954841211	L6_CT
140471254238717303501713590942706407435	Peri
140561592775050251705238331930148094294	L2_3_IT
140573606855541448353510539599334320747	L2_3_IT
140593325696012872952303977905167901782	OPC
140624011409880955087561515934358312636	VLMC
140669276321864880963624512463491343654	L5_IT
140761686253127695098823455643083101369	L2_3_IT
1407817356650941208617598691866681499	L2_3_IT
140816985478972499605993204218464799509	L6_IT
140819131600611544530604592964842154145	L6_IT
140874447962458796539641909455929362478	L5_IT
14096692495354805193001421848396812204	Pvalb
141117970588375142247434670363170180624	L2_3_IT
141205000092141915245900645335748849814	L5_6_NP
141229709623189721626783467025422935382	L2_3_IT
141257191130812127704560562729455811134	Sst
14137014734257491690007165896795736010	Endo
141483870871056874494063945207332449623	L5_6_NP
141547277750399873230170253460896358084	Vip
141560096350640332137042735732348167140	L2_3_IT
141663462893562695849984572782797534467	L2_3_IT
141767465838160779066983486235249191907	L6_CT
141964471521138622233549189372978052827	Astro
14201041016478385318891646438166260606	Endo
14206378958753643797575564656631850020	L5_IT
142134651808197732711993456089743296429	L6_IT_Car3
142137939059438502412978552510620281516	L5_IT
142179266052797902841775567544282344786	L4_5_IT
142417426989326576692417312545192230560	L2_3_IT
14254852112225201597025903808571890133	Micro
142598043794931982619860894277584102647	L6_IT
142722738993581089613043452557535300934	Micro
142815914310946334082183548011010573783	L4_5_IT
142831254306962246659197951402559463600	L2_3_IT
143131885450433423573258596297792016300	L5_ET
143136697672530444113886764810790049632	L2_3_IT
143137810729911228060445384600442838365	L5_IT
14316679271120027461336997607589733902	L5_ET
143200134419300966738870731797755380223	Endo
143243478020113032952014864588152368326	L4_5_IT
143289088436584947082475622857530211287	VLMC
14330037537399860890833645318010266798	L5_ET
143355025948092430141548479951644198776	L2_3_IT
143404649247993441470279619485365620163	L4_5_IT
143778097048981609844198336056985501343	VLMC
143825888781215246011293238376707095360	L2_3_IT
143864507874009764946986615924453693827	L5_ET
143939462237917823012893261885101554725	L5_ET
143969164186051212873581266003917189293	VLMC
144002104148787905215958134640847377749	L6_CT
144005562917495232869052244297356351879	Micro
144014728082347949497911843265532452186	Astro
144037999962948009924006727343022143107	L4_5_IT
144312193681345162143042165904903504548	L2_3_IT
144548110034671843640331948537227048764	L4_5_IT
144656016884135430462435691655077747887	L6_IT
14466038359969632109748286428072896778	L6_CT
144709854483595787295689663496399107931	L6_CT
144740284021897348146477588624079314795	L4_5_IT
144744014373820703633183785949638845688	Sst
144944538402667441797423405548265858467	L6b
144972704494554029513656146521127615946	L4_5_IT
145029011352007136525991915761543761690	L2_3_IT
145155615789639917071218523721046218317	L2_3_IT
145327556901793179283296565635943085690	L6_IT
145336212390777520723568164044114634680	L4_5_IT
145384449689989409070596603249666151039	L4_5_IT
145428253599814138464866103935135767607	Astro
145545142121539228518908232546375289604	L4_5_IT
145600829526577452256705364602858532664	Peri
145713225767433529017900199655949706560	Endo
145743362657606819047546545740731364368	L2_3_IT
145845176747446342788311675863269324722	L6_CT
146050488192793020217548783125293575835	L2_3_IT
146092978862756334207746888528080111562	OPC
146106884006979298995320323673527470691	L2_3_IT
146239974353496506659443728222462028137	L6_CT
146326030467151409296173249773754138948	L4_5_IT
14634284487931265539315728715956196408	L2_3_IT
146404237307007454085979855341274940715	L5_ET
146494932507975109573428938962693341688	L4_5_IT
146522578791024958217160711706172964556	L2_3_IT
146527831841678074952447720312486355264	L5_ET
146581575483627974664122492203304659759	Sst
146589899840976964339258946674460971234	L2_3_IT
146651653335421555198090115818377048448	L5_IT
146790776748199333241376845190569525645	L2_3_IT
146824694735413062550907949630060580313	Oligo
146906637731122102517577363317345132851	Pvalb
146963940521369692319856574974245769981	VLMC
1471673405619454640729030381979073733	L2_3_IT
147212567431422875530874488242404314444	L4_5_IT
147247447186337531157602829746045165411	Endo
147259876535861643505945469734321408407	L2_3_IT
147278671546501506438664744529556967580	L4_5_IT
147287140875970397785553464128776509410	VLMC
147309033946749819719521264355308366124	Endo
147372623427744354274977655642154122702	L2_3_IT
147411116213954295296447356083098281031	L2_3_IT
147625617840708302048908637347555976294	L2_3_IT
147826449600712104282252132712548109195	Micro
147833190640958185205249684031057179627	Endo
14794792563487127015954798110009713653	L5_IT
147952248556863638468382504635848441583	Lamp5
147955137545097545957416543086447680576	L5_ET
148025422283976529634874584537694192913	L4_5_IT
148027965274845813787574862156040418957	L2_3_IT
148085072410262340119024911378729912254	Astro
148141042034066939082168858393442488745	VLMC
148234738732530135462790660177264253253	L5_IT
148247942976544369203228330130907003961	Oligo
148251941362464931817088648863994266071	Endo
148557816036153278174040799707997715047	Endo
148590710591811498279542896467701591856	Vip
148634350416808848504384818550277769776	VLMC
148698551563174038060340615389181882932	Lamp5
148727439577527084014703026607503102744	L2_3_IT
14875063427411396832594584258365770278	Sst
148815427890387035513913918893530803651	Endo
148985468305407001273846493894579623342	Lamp5
149066921067390942831188720337426613769	Sst
149080017558563002404143940885400451640	L5_IT
149346979155628824221049720458300449793	Oligo
149404488892218434989203654587277276763	L5_IT
149456286389635307814167614924980224435	L4_5_IT
149537272889930861783960004135555517746	L5_IT
149556575385234449934194157737411193451	L5_IT
149736735152191545990270851197500219765	L2_3_IT
149746335147921050340015368952495285959	L6_IT
149757613927742972647311018198425960180	Endo
149771338505919399061347736983789064525	L5_6_NP
149776975174384866876571587520578902640	L2_3_IT
150093349949505953578593464003578865155	L6_IT
150109920196368600898637986853077992558	L6_CT
150127005761133450682473544857667066955	L4_5_IT
150137598650814416498464240713451941385	L5_IT
150226494654285793659367348716471372631	L2_3_IT
150295425285424511328635565764289777804	Endo
150362755728643143114099696010411152183	L5_6_NP
150379153728608454229361251988101889791	L4_5_IT
150399941455819539954900797351571812538	Astro
150545603145631256867174203963228198496	Sst
150596284671765730645425607474088521486	L2_3_IT
150817991093285851937570125291876901765	L2_3_IT
150857957978587921967903619754742640110	L4_5_IT
151298417807920115832726999185190089646	L5_IT
151420631058538969954800395926267940205	L6_IT
151436910383908344494554020120640464133	Astro
151482363565431761197260568380330558177	Endo
151490276104134482398551426146899601026	L6_CT
151500807850605339410539160372080624012	Micro
151526153313547564862311818624500171689	L5_6_NP
151539140003703281379559268540780337424	Astro
151667559744034416271020439537878616939	Astro
151812622386562510396699131037963908880	L6_CT
151949426268333605548968350915098608217	L4_5_IT
151992577133153542637382383637896434897	L2_3_IT
15205335280554582448852113315179899549	L2_3_IT
152135226472741932390044557697501744321	L4_5_IT
152160126441976494716165905730956136255	Vip
152168232052716480753721270977049732393	Peri
152202305000543428341875978587616408357	L5_ET
152202880394483730470094936720339834712	Endo
15241719890536025845727950079120449908	L2_3_IT
152486784525216667612655104026151818000	Pvalb
152568027287215908582715932914656125235	L4_5_IT
152596423882722990672358423636017474000	L2_3_IT
152632047485131972901385478371678497122	L6_CT
152841910027478383754425129082913106228	Oligo
152877786464970512550534989405616058461	L2_3_IT
152897005402059648266715688663074594626	L2_3_IT
152920382732396619924340845787637173671	L6_CT
152952836600933442614560285618690153303	L5_IT
153038303921662592931778160401766927790	Pvalb
153054382360013502804528184740000704271	L5_IT
153061034921713449607891523920072721265	L4_5_IT
153061514598075488988166392470485009021	Astro
153064133042417834737973279347364971846	Pvalb
153137012014445390805674923716710734839	L2_3_IT
153269543778675948188991428610203101461	L2_3_IT
1532780456051889465204599782237545840	L4_5_IT
153292076479870996349323620750157283743	Sst
153297524489782813911129466410782478654	L2_3_IT
153308733154099008478345613869212528708	L2_3_IT
153576111492946173536612716642074941393	L2_3_IT
153689135091746948952937983254683340774	L2_3_IT
153693652541280080690069033502815147485	Endo
153851362163303761455959489699111105934	L5_IT
153853833784401941747381327610683971171	Astro
15386233475548728634421105885413762254	L2_3_IT
153930469426972548931087509314627783621	Astro
154071538597013780681000933290958602101	L6_IT
154082805786133703500757863956477444233	Astro
15416358669947428976165703367751273980	L5_IT
154211006143235535925369699557203812798	Astro
154369685361816171763796941800890776192	L2_3_IT
15456557923433745569624725409515752662	L6_CT
154602257647205279457537764528867462332	OPC
154718808048112866244195635078792383169	Vip
154730345341719759029059507666035220379	L5_IT
154892373211322944854892198834847348095	L6_IT
154941918853297647826511671754387207534	Oligo
154983501958939945598939269889862560586	L6_IT_Car3
15508121764045717732483764009791296050	L2_3_IT
155099065491344266561957962294731615713	Astro
155136986456114163759051227613190799158	VLMC
155310521296085752863661973878644252554	Endo
15535186643760313436924752056859048793	Endo
155361426372255372140505825105333204817	Astro
15541126250602431839340203182707519720	Astro
155424944364792489851330123812120337597	Oligo
15543515469745209968374455812638222384	L6_IT
155564931060122047964349006697499900227	L4_5_IT
15568788675139193467757116271502048580	Vip
155704507223254830187078998553977908856	L2_3_IT
155869584695272214926829551249133556867	L2_3_IT
155891009864451782687663289817755804891	SMC
156325206479206187605365720255160232231	L5_IT
156361800638186230541766288387020150637	L4_5_IT
156424003153429153227201317953424810220	L2_3_IT
156439248017753418544219030004324663487	L5_ET
156484053853434903722260903324689355622	Lamp5
156548388677779717170100971955479362831	Lamp5
156807103141365193755792232754519828717	PVM
156964637034157740196419554893014851822	L2_3_IT
156987810981048050136771333718570727480	L2_3_IT
157002858641621970158423774352571980988	L4_5_IT
157081379461532785033956598962087876869	L2_3_IT
157088440507529691055599447119343731787	L6_CT
15709070125236144567944186434674037939	Endo
157106437423495945340787877886370765306	Peri
157157973387452363019594196799162293811	Astro
15722387441574088893235919421264286960	L6_CT
157261884477954957404766812249272565369	Lamp5
157267908376625218611602261936543281419	L6_IT
15734661029864175384226647089272351298	L4_5_IT
157413687929730110491080456905142829292	L2_3_IT
157531702000751093788289318485459754122	L4_5_IT
157633184607313729711111383815150863098	Endo
157725061491635830374366105321445586428	Endo
157738828637832380116435705528947419696	VLMC
157746453950983265557262119626916652525	L6_CT
157754923679649106902342475969025481832	L6_CT
157776863373208886948607501985392252681	Sst
15781672030450796094495356936880004753	L2_3_IT
15785077542571409747339535502725850703	Micro
157859929252313472223061538703116363019	Endo
157913463008488339987016486079471102393	L2_3_IT
158120508359929113381191597967004028177	Peri
158220428435258089132268232232631374667	L4_5_IT
158496584697275602325994408386758453657	L6_IT
15851019873128024963691621580892236831	L4_5_IT
158557062289997026097415798748314582113	L4_5_IT
158738448984278840776178038866233927754	L5_6_NP
158881998004051526230496051364751434629	L4_5_IT
158925780555936113414126388127599846019	L2_3_IT
159008731520345477884501352352394802101	L6_CT
159137671286382559420641183854654839849	L6_IT
159144400588646783156115357449478770635	L4_5_IT
159243855812976968549212623884181313380	L2_3_IT
159482385437264195444292925489087716433	L2_3_IT
159498649268999187520288678178436431079	L4_5_IT
159584741646485200126598075678142167166	L5_IT
159636698303632076765549639953708406452	Vip
159674883573343081788821892142268477532	L2_3_IT
159685625477502952795839824720504344337	VLMC
159936554552929935982416557865130040596	L4_5_IT
160125243625417062082847386256076725105	L5_6_NP
160135693422806951830649568779459349336	L6_CT
160167713722624258101327212041861007519	L4_5_IT
160270891851298688926063222318406118482	L2_3_IT
160450920158094192212434831005373129755	Endo
160537649442091311254257265523625312396	L2_3_IT
16056703252605361028456577753253969472	Oligo
160705840486998145145526950289280113300	L2_3_IT
160754041219590177999682801690402830264	Lamp5
160817374905796063197536536118317148958	L4_5_IT
160829353490396125654075612485209755490	PVM
161074454408586502821965755630089690044	L6_CT
161084667074316048000496152313396049035	L2_3_IT
161135214896979562575082481900227787423	L2_3_IT
161139322288714107603589966585134442283	L2_3_IT
16121711737401734719241511694564471367	L6_IT
1613011644159817683926707471494300762	L6_CT
161340522856089974092856872127946012991	L4_5_IT
161412301727857468026043637602289047796	L6_IT
161417360262126175686545139062522241607	L5_ET
161421347025248939740041084099993560553	L2_3_IT
161461221488717307753429547484280274549	L2_3_IT
161472452737968109068712553562364046387	L4_5_IT
161545735180891807147517637281437332339	L6_IT
161619216271830849637917030889913493218	Peri
161639326819846032527093775039550167329	L6_CT
161724547442850522073352906280087264446	Pvalb
161805974168118072266097540514708211477	Endo
161839445833494185087153110030548337555	L4_5_IT
161925118622011653251935135475475464319	Pvalb
162180498642746242823086724030811954061	L5_ET
162240904390649022898001971149742379002	Pvalb
16245742333439647413559644066524008432	Endo
162566063178710879634856024808055523420	Pvalb
162706994072542159716552166485767071278	L6b
162849485866403490962525325411640330650	Sst
162860206477215002558719075370235151513	L2_3_IT
162892518622494267457768978634858523411	Endo
162905199865858550220380318262052177172	Endo
162933219048994926545076878584462082601	L5_6_NP
163030400434919741151153796284785251054	Micro
163112121924518435847200298199637020492	L2_3_IT
163183656103729113004227521107275180896	L4_5_IT
163197149980464914580460446622855267415	L4_5_IT
163203005756551159184045162471167638296	L6_IT
163386829374294880320919955899149076634	Pvalb
16345252257703923755333056757007239308	L6_CT
163537701544655397927664615557892670574	L5_IT
163567126453696587319896042168977668542	L2_3_IT
163699633684769966345433713886663286724	L6_CT
163865996290595919308654998393883619945	L4_5_IT
163880578164653317451016455770981164615	L6_IT
164124770668888393301016308676222783999	L5_IT
164196684880109298909995085412978702395	L2_3_IT
164322446430525629884071410949653052372	L2_3_IT
164330455881423643779829995953505450092	SMC
164367049104128100941352587882159430018	Endo
16439499798731730329724243684206883044	L5_IT
164416351372586922485897808187840094304	Peri
164458519640366238720926676210469000528	Lamp5
164483189052791233946601378514344214641	L5_IT
164559990579701933140794697751617732948	L5_ET
164560129284977712794815532441731607552	L2_3_IT
164591697559259904331492058662192564322	Pvalb
164828819319219504310623981690497679505	L5_ET
164919339296395808024982903814132456053	L2_3_IT
16511346513047956142503370085949156957	L2_3_IT
165119460723904957414268527141573904228	L4_5_IT
1653823529064591265580443651208419417	L6_CT
165428748899353571127000897223695359038	L2_3_IT
165439041126158444078075892990085781191	L2_3_IT
16544448589104163299582320916756466017	L2_3_IT
16548283312143935816439491141117965083	L5_IT
165551918544673864055630452992100348297	Endo
165561460020027881435633933261305575355	Astro
165683193310447038269007328792459156659	VLMC
165913852658802808322629804080781629887	Endo
16601433863406615071320079391392421455	L5_6_NP
166207520420008243227008421269296865018	Vip
166235625774755673511682949424016776124	L4_5_IT
166236130703533799935161791423762629861	L5_ET
166496052673911528239212648496533160388	L2_3_IT
166566693004840718211670606336457366456	Pvalb
166584180678958667347811536470910080431	L5_IT
166621261118498141965590493893580590179	Endo
166709651166843606395749557846276692009	L5_IT
166827220730885846051975728154507449750	L5_IT
166865343867872397179335949272081334988	L5_ET
166964194735542759611776662697019929398	L5_IT
167031416697965672557336400763603555856	L2_3_IT
167185509285442532681789995680596718279	L5_IT
16720355717526749406606697596217065374	L6_CT
167221747378020089096696118520973190006	Endo
167226945295349989253022656704202433867	L4_5_IT
167334399873025238058733490667724036272	Astro
16748429696718963900347427816245961987	L6_IT_Car3
167528160999023244557805007535617775480	L4_5_IT
167537874458981122237810682610136715720	Endo
167573489959420708312649941724240458441	Astro
167771574302868155337929700411813091151	L6_CT
167829176528000042939844735154425792627	L5_ET
167838817617585494600429755636469022551	L6_CT
167972599284621293278076646649643337963	L6_IT
1679740621855038741587972382170300344	L2_3_IT
167981212931998758700840459818927921245	L4_5_IT
167988055475975353201689639757552858555	L4_5_IT
168011226016054664921315854696819594691	L4_5_IT
16808654077918130684760279244168870523	Astro
168140145069130482472952390556698764285	L5_IT
168209105111009305949822561782653658682	VLMC
168216847524838670721601255290069053850	Sst
168260334256172885163656691864119079029	L5_ET
168280814197746580053582342489351364579	Astro
168426586339755414157528292525946146214	Sst
168547962433238919565843946530873271572	L2_3_IT
168582463240411978713004453921925516254	L2_3_IT
168595801266337184394087801735183558180	Astro
168687238123085454067462875824226607799	L2_3_IT
168716974186057380499272591762279831835	Lamp5
168731667498036097758583211078170469183	L6_IT_Car3
168735459192289302386840528438359309592	L2_3_IT
168814410108571593212593938132936103674	Peri
169000776273950157962145806870808958090	VLMC
169053185044226079144966400920048818458	Endo
169161652497405346414209403189768105	L2_3_IT
169173712575470216692885421809356544386	L2_3_IT
169275543501510663854627775885382313486	L6_CT
169311515437891262125879941126345728734	Vip
169375405677620021080500149262845400854	Peri
169396367621972724242110705496271832598	L5_IT
169403971435516659895074380535614905558	L4_5_IT
169469335442083636269014020045897241339	Endo
169630115072734735071825465977246549149	L4_5_IT
169970315490913636347948942263909932634	L4_5_IT
17014901976407262739380132625863081044	L2_3_IT
170170137721097253672522112448135292416	Sst
170196380321268922779451565184118234123	Endo
170205725039557421503162990042073991189	L5_ET
170228977601036858881605752172636775132	Endo
170287286414525723531992868338100435917	SMC
170300623199946701724825750385235168766	Oligo
170308608645801933003443498917755558684	L2_3_IT
170376840632308222318579761268700200400	L6_IT
170379741723653408250361818919336742211	L2_3_IT
170382150204322321862057519121399303331	VLMC
170501356485910123607926013999027643180	L4_5_IT
170508085715627990516321875194265763259	VLMC
170556427277173503228136546317064634860	Endo
170605850280908842539667742518014380103	Peri
170614080300668362674008706970744483855	L5_IT
170614221256058488425367137101035585961	L2_3_IT
170632657282727419232486260438336320836	L5_IT
170784990164374690762905822382776530962	L4_5_IT
170928492876181032297626656986148336784	L4_5_IT
171016913393098498599278921098282178004	L2_3_IT
171034223386701734544907971873546126949	L5_6_NP
171202581620228445753656055296349980182	Peri
171298099021088610807467841909493923888	L2_3_IT
17135738391167381580284016527929110655	L6_CT
171359764180227897268629748737278526233	L2_3_IT
171530440923641009101501921422730542448	L4_5_IT
171563343034200582542047758365948415527	VLMC
171621845615004118876245751164072392414	VLMC
171724966371908384415719583685037441878	L5_6_NP
171933787837892598448669903471638926133	L6_IT
17208155434086394386838775854637260967	Pvalb
172104002352391939202679132565587823591	L5_IT
172169726843315635905353513952496275383	Astro
172196429499312144315091242970127558872	L4_5_IT
172283989015547056749249903752499874796	L5_IT
172340395511838082312050977216151514083	SMC
172364820879644582126599274760798403954	L6_CT
172457194374532387736423755737218590938	L6_CT
172487082765263325854513421019566029718	L5_IT
172786992076119027017544097554287130746	L6_CT
172981984204501005353041962771088430953	L2_3_IT
173011102441921534044789459271974450927	L2_3_IT
173046491719852806632962401562505731453	L2_3_IT
173087680758843794395720535940577092094	L5_IT
173094550888094592612279421183555309696	L6_CT
173161594920145577292928765977948388923	L5_ET
173182170764165308899466426590004994631	Endo
173208853988742890149596990519215218936	L2_3_IT
173287906276786955869217704441799004863	L2_3_IT
17343750127536506340650580019961223696	L4_5_IT
173514572423783935358105439252593559014	L5_IT
173559150359116796817142803323263191937	Oligo
173586914561174342920452395547758602262	Endo
173612044621048289517461966999308777186	L6_CT
173774193578546254205737738490582341975	L2_3_IT
173858183193389311606658602678025279490	Astro
173927465298573240890327052850633079446	VLMC
174031218942004429981866068378457257616	L6_IT_Car3
174097562218499547098084416961026392817	SMC
174126106996998511590569758637364421042	L5_6_NP
174127381495909637649151610408690617534	Oligo
174151588219799364818621068793576448369	Sst
174189176613187862521973222864012800746	L5_IT
174206242740627005669149917545950202603	L5_IT
174229566897881406871386262315832744274	L4_5_IT
174396972307346513692115937860052350895	L6_CT
174438512273544351874334500073302815711	L2_3_IT
174468979632680426729428247510570703677	L6_CT
174711466812227443758483819881247724615	L2_3_IT
174729303872416159569508132760331103157	VLMC
174755425732377679514858755642630747506	L4_5_IT
174889125153876026129344407942071528090	L6_CT
174965084917815707259856203120476676135	SMC
174986382709528496570486972853802459258	Astro
175320745869254039901285233464205699653	L2_3_IT
175325537730068826598510574568640331404	Astro
175402937955309111850087563178391995591	L2_3_IT
175521799600212189985752574271725767791	L5_IT
175588196437497191308619594660853631101	Astro
175592294073369630404220731364795232647	OPC
175762756878477929017110983900531414670	L6_CT
175791191643477328182736199012626566415	SMC
175901454657626709596964128153292105786	Astro
175907970598640282107696370546901649631	L6_CT
17592009006144884183292869235164022044	Endo
175923486649405069463163666172073687998	L6_IT
175965267282931199179587284287238068367	L4_5_IT
175997740601481432003101961633594684173	L4_5_IT
176075898992028652505098581038810833832	L2_3_IT
176320931078315599559396578011313843955	VLMC
176336287059217794177796819520808672860	L2_3_IT
176373849568405544389809219376642488979	L5_IT
176406484765153833608521531999066854182	Pvalb
176561717180064625313724397075311353084	Sst
17671962521440500354273320220927314580	L6_CT
176796174087339570997599952427966667218	Endo
176862436752109751742535778363727153101	Astro
176888355714479826119434829987568533336	L6_CT
177010026503865682978197122559767083393	L5_IT
177038923891880173666241817251536226526	L5_6_NP
177177309418386522938609683536372305961	L4_5_IT
177284807789311267943271988312720742940	L6_CT
177421653172895205992830819478083220357	L4_5_IT
177511298284951380808104161012168228933	L2_3_IT
17768311088919584190895701184763156301	L4_5_IT
177893981711806573681871134252202831822	L5_IT
177940971773366464612377803322877517021	L2_3_IT
177968811221713704248601447527659599047	Oligo
178078999759883984354417661817549306241	L2_3_IT
17809229509449992690610352360106246447	L4_5_IT
178137590642641009810093068009728509037	L5_ET
178217512389262866291289035951328822616	Pvalb
178249963499105942146149682050865000148	L2_3_IT
178346398943111075149645784650552952703	L4_5_IT
178504609741514738351722289087853275041	Oligo
17854142999585242835240171087359128500	L6_IT
178724595871406428054557696719455396499	Endo
178774615590037510950255137960659181616	L4_5_IT
178874410211162929014629152719755851647	L2_3_IT
178906103991680892051855996835059376167	L2_3_IT
179013369165523842464141951030780228677	L5_ET
179039538817981213152974186965747588181	L4_5_IT
179121537071072111152381053326650176605	L6_IT
179267141100215469422593927238978349785	Astro
179400534792812387251480705983608581547	VLMC
179401026068763258640990310299728562847	L6_CT
179531694328942156879327578514719397057	Peri
179545775346625849312417203259103892950	L6_CT
17956817391177774460112505423172107720	L4_5_IT
179573465528914216296207819281584789557	VLMC
179607617273590405412610490704902071651	Micro
179617470556826617343630562828255886925	Astro
179881338892530697019508932296846891015	L5_ET
179916331363063373006534316489325561539	Astro
179932606914371889094940989169456774610	L6_IT
179975415275786128480279043354964911718	Oligo
180061160595544142233250224247195913171	L5_IT
18028341673102596875495426146024365102	Oligo
180349571309263172155817781925893711265	L2_3_IT
180386200082036859557614918386114388584	L6_IT
180471828837501021571031663564484485573	L4_5_IT
180556628187535950441879765999606531810	Pvalb
180571656293987410003849347266392753240	Astro
180640455273787425705238493047661649224	Endo
180671146645467030920372607784350579420	Endo
180763570558591662440728901716219584762	Pvalb
180794178761621023352264601753905331336	L5_ET
180997864380540445836885270186792273400	L5_IT
181012374184480342892519765184970987569	L6_CT
181035599953120736360021976948996141964	PVM
181204767637469724348627057129661201419	L6_IT
181207147662005059815234401786066421095	L6_CT
181265709752889289262222149484739419545	L5_IT
181280583643439021935834186321758435032	Pvalb
181370687518219134376112984300769739695	L2_3_IT
181469649687832053144556881233970012939	L2_3_IT
181733955838317420253043230683326089567	L2_3_IT
181995002834573220729074359093393843196	Pvalb
182002436928549412887357792173855001973	L2_3_IT
182055276160108642892943548356110689417	Endo
182073356577364618027682750903422327689	L5_ET
182174270856846254988816328371513642513	Endo
182323552533556354021782264444885743666	L5_6_NP
182467940712223182865256247332589477140	L6_IT
182489696011253228867402614854789282034	Lamp5
182513091494690971183590194938779507648	L6_CT
182697672092062300284108493102439691346	L4_5_IT
182777635601559723317953951517811344644	L4_5_IT
183041617799798224297462368568574469358	L4_5_IT
183145062489687560731504355503118996498	L4_5_IT
183235960982132798021377148756273845985	L4_5_IT
183328686191986590102572326008727252499	L6_CT
183362139605532683719312381174497398262	Astro
183403223834359224406265050032730689777	L2_3_IT
183629860394319650573000167965230444019	L5_IT
183650056791258197364020083360591769141	Pvalb
183740403059358398593060026838134441303	L4_5_IT
183745886633395539038395572361862168149	Endo
183982103708335070153125393031451539762	Sst
184180313808287683471602552659767468940	Endo
184390923282518826707152928441913912630	L5_ET
184763520985345531528440120267267508853	L5_ET
184764236795491424123660605717329874445	L6_IT_Car3
184832658757847788184018792219676932721	L4_5_IT
184926217177507947632480922079846164355	L6_IT
18492894220532302779708528051787104173	L5_IT
184941568684442842294054169419585066289	VLMC
184986996915010340944250009386401666418	L5_IT
18500178585538654481280618702228144368	L4_5_IT
185227120045047143247995575387970089144	L2_3_IT
185711080572212347097941881535200625758	L5_IT
185716335112755288749164412171555839168	L2_3_IT
185734474369058285616190269265425555608	Peri
185947457304299356724361473923118748178	Astro
185957795284373143409146988327693769588	OPC
185976860185897231194980878432994114745	L2_3_IT
18616280749705228983877738261910003861	OPC
186196559555102886893011303204372502248	L5_ET
186260741215641449637347558484565344475	OPC
186288069062507006928943122920490206989	VLMC
186336242810144812429956752028842000831	Endo
186346788173993534420026413411983801105	Astro
186356438352942185681224885104976362581	L6_CT
186383465974421405692671844642841829774	L2_3_IT
186517429680814373005689332590091096560	L5_ET
186579267168533188758676787921894045546	Astro
18668118204741381250906606862948760955	L5_ET
186713512719224090301182787622569373320	L6_IT
186734366997824387844791207403605919305	L6_IT
186828490806952062133397350466518156725	Astro
186916690108586801241356996125895087673	Sst
186945370494058825054596224771835493362	Micro
187048617261693285335133435850090661324	L2_3_IT
187109656502387266196572000474197645623	L2_3_IT
187185698904182467448785804344749973997	L2_3_IT
187400988558980306737672775916524376643	OPC
187412525983979362642047610521146489618	L6_CT
187454445937396802112761720437475086419	L2_3_IT
187461483041114696375232473345645512028	VLMC
187462132656502004739574423528042618268	L6_CT
187626437529576306839057794499572312968	L6_CT
187651327731484490191113341972572266008	L5_IT
187657363980162523861525537898125840113	L4_5_IT
18766048344253459172497780524947077395	L2_3_IT
187683084432999690919452445344784201655	L4_5_IT
187699733079193786433058137888699787396	L4_5_IT
187701576239218135284124652318825224311	L2_3_IT
187858705492622438584548828471218548104	L6_CT
187872111092171988759329954662268587892	L2_3_IT
188027171770743867944838518557659697099	L4_5_IT
188050060449336788699555687299121931150	L2_3_IT
188161096884300538560446666597070782095	Micro
188264520251471748190527100634998993343	Oligo
188326278524097785732065902595952264434	Sst
188367518237355405249707724111360843930	L2_3_IT
188461502087251337924236480156335924319	L2_3_IT
188602341510078760572126818546729235190	L4_5_IT
18864118366982315730286444180171020645	Oligo
188706094954040828825584481916784091124	Peri
188706624773329788992967971511666597577	OPC
18871536111297041961728123046458738088	Micro
188911274573611637935164471142571415485	L2_3_IT
189044510760435296889622519974782672490	L5_IT
189099241724823160680287295458422188020	L6_IT
189206202989877371060340579881815201784	Micro
189277985185268497439297336436907703484	SMC
189342792002001708469299464469570716118	L6_CT
189482334864549855810625171365531712492	L4_5_IT
189570470904253423863867160385471579578	L4_5_IT
189604328241594291701348405664416696410	Endo
189613262320890721837851486578273992031	L4_5_IT
189618028839080533149274111289512235943	L4_5_IT
189707180461433439737182233422376056908	PVM
189725758459584952663119297392401587723	OPC
189746118944931729235517719605665848233	L4_5_IT
189885327147525607070121758656828913775	L4_5_IT
189997075325166878170449514783438824730	Endo
190181233490450597202924971260839977012	L5_IT
190191326902612676733885702119362389564	L2_3_IT
190403728329072303644640980820718963027	L2_3_IT
190425607568654755591632525883896979324	L2_3_IT
190431391455060438680789522517230962152	VLMC
190488554161497701019188903422175044566	L6_CT
19053368028460531725967541515763115960	L4_5_IT
190679627772238179813381583775899721235	L2_3_IT
190777399882425047828197828812820540116	VLMC
190840032328502462222052305195090119264	Endo
190938409160309270828889476813302242755	Sncg
19096302458032550571542836194244365102	Endo
191117536559668570057755097079764166502	Sst
191219418450057502235633980483441928317	L5_IT
191229629108175921537537457447878946460	Astro
191460933537156104994930141608436844791	L4_5_IT
191569564630263649078209134769844339459	L5_IT
191597227327816881410076386161212349416	L2_3_IT
19167067260843099447946209547329255365	L4_5_IT
191674114683149986893472706948628063834	Endo
191703224526006030314655090610696440706	L4_5_IT
191720279299462916022077097245038763861	L6_IT
191736474772766694059951363237368894426	Peri
191850506127882572442463102871312933850	Astro
191851256540136615970647949225276698973	Endo
191938951075327797616167270654605662134	L4_5_IT
191968516775139763481588364712009228260	L2_3_IT
192011918206508207090533677664741045752	L5_IT
192070405320363113926689599732884375308	L6_CT
19225191829134905751851574393067240877	Pvalb
192269949099635943153846876796858476977	Pvalb
192394610189140610064855085206399865234	Lamp5
192493606765592346246958795637684782911	L4_5_IT
192728001937942358921564396900698085619	L5_6_NP
192739529308526624669954315984110001570	L5_IT
192870551187319813157208460143199762963	L5_IT
192919102744230786255640963613681530542	Peri
192988505206105212728017214407082060087	Lamp5
192991568080653482277451113208472024681	L5_IT
193121539418238596190649639027859111404	L6_CT
193154757483980202434543513399051762694	L5_IT
193257313562254573913292790261336083884	VLMC
19329720531230754560285049572028181492	L2_3_IT
193558501578143957911126747318604946817	L2_3_IT
193746905104281990284598740941595210851	L4_5_IT
19376473485700554380174795300914350230	L4_5_IT
193772624790458269608991994099609764307	L2_3_IT
193796225148071511287163381646736658352	L2_3_IT
193866241595108737593139499202890361548	Vip
193960689677983729893475526501139578344	L4_5_IT
194154344107903921784826968028782716295	Endo
194162801828169364471134383154880400145	L5_IT
194262285201766612515950132879706706299	L5_ET
194268855288814769926205201926972775332	VLMC
194344297980265642687136632019454173151	VLMC
194363628625329568097394866053549482090	PVM
194438958687120632667444919629142616986	L6_CT
194535269474444462937035978065253854135	SMC
194891441023079667440233786220288991567	PVM
194928749698777108275692222690521274274	L6_CT
195005276266641946229787634619150276507	L5_ET
195010175531864656155115039678806192632	L5_IT
195012438597967270486388054062790342369	Sst
195160129064508754490865241832211030075	L4_5_IT
195243874804471375587866540597553127365	L5_IT
195457300262102859463331293956268822668	Pvalb
195626776614757307326640499452801305288	L6_IT
195745494466049728972117587478748638461	L4_5_IT
195929707522009371712384137881299060902	OPC
195956357458721458006178520316271772578	Peri
196007888576171652815738944461464534705	Oligo
196077909758613623543346136544702392422	L6_CT
196080740839110978493556465149939612686	VLMC
196101718509452442452237247016683263917	L5_6_NP
19623526319060910415387832887044749430	Astro
196236920726310258956019044811895894614	VLMC
196252796145617413921798632468458172006	L2_3_IT
196370662647010729569636675856850189653	L4_5_IT
196441159195161209842102026041461281320	L4_5_IT
196521311271683416928941460925972818408	Astro
196724692157323026937781804315885089982	L2_3_IT
196841347781036466884573172568388634496	L2_3_IT
196931030023005384112567142991560953773	Endo
196982591219852562087069267587012610323	L2_3_IT
197073333921769007550052412270676314928	L2_3_IT
197141744663770520735901088384839891171	L2_3_IT
19718034023801164276248859736327196868	Pvalb
197287871120850954988718369617799853716	OPC
197356635756287059894788965256481910767	L2_3_IT
197366314512086537171483585260618300722	L6_CT
197462493672140225266271227412037227228	Astro
197563923282009885569827232107543601961	L5_6_NP
197582814293031932504994470112641352894	Astro
197651014250937022312313612921067533756	L5_ET
197676449490908413977466164460275595093	Astro
197795733008343022845460893409560492601	L5_IT
19790104977098741541634900130574223828	Peri
197949888873474336993913327446420810581	Endo
197984653454715243935876216326702334914	L4_5_IT
198101368468756760025832154825229003840	L6_IT
198148579541746598743357569353370756878	L6_CT
198173315026359619049602594828782625063	Sst
198213625043257959596914570610640865659	L6_IT
198232181679598384277883919233171513967	L2_3_IT
198303830578678720378464135346639949010	VLMC
198353818216168621315466480238641977001	L4_5_IT
198463197907965022781487295552759102427	Vip
198569902835251231452333841695311700531	Astro
198579891038594763789196496102502086244	OPC
198735278659404991997368165229289458314	Endo
198861163654364721697530936733115097946	OPC
198890784367098031691676795836731533801	Endo
199069983525784173133884734336398473641	Sst
199178872096861761211300264535655151995	L2_3_IT
199222328444745757138217208151849390007	VLMC
199261253767595916367400050703060799135	L2_3_IT
199284367621356315456168575523532963989	L5_IT
199294613784218956558582767360536083288	L2_3_IT
199323065901487956617558436292338518559	Endo
199425019955523013149939393494295662463	SMC
199815513571448123301512172628897377470	PVM
199827204995914820258408069445270838330	L2_3_IT
199953173485021987568561405929410467599	Astro
199973393081905884233919182412458440221	L6_IT
199998562414308036788607811869616110518	L2_3_IT
200081192254340263185863934094503691128	L6_IT
200092528348248536094299317354463061949	Peri
200096980402473586590024467820397767718	L2_3_IT
200164432920488714736511694371379073941	L2_3_IT
200164742158582728759826283849559225243	Micro
200176947480992096613033130067496255135	L5_IT
200232678939698199677760681633284565800	L4_5_IT
200239669685385721675121367576598554921	L6_CT
200339140521603772420630925411227336738	Pvalb
200449177731732574198599921163369581584	L5_IT
200466495853890707244147590762370134313	L2_3_IT
200546705927347566834645026787674394707	L4_5_IT
200625202412458122124191200021355279709	VLMC
200628532299049012595719290285959827917	L4_5_IT
200792426705393496475825558774636708129	L6_CT
20088504561553729701053139157209311864	Vip
200952275202126087713540687366316015212	Oligo
200978328464888757650760056010470538005	Lamp5
200983873755448501905974022651763931032	L2_3_IT
201119487970661791162504602907912475175	Peri
201204736238305937063107853667771802426	L2_3_IT
201217725798099677865434056455647227976	Astro
201247109035124585862934629145722365435	Endo
201322294032849582223146089409805265464	L2_3_IT
201395694304419800698975011056576370151	L2_3_IT
201436102879677449838225326286871226838	L4_5_IT
201458559516431329671382814201467772568	Pvalb
201481939003141399842758094028734299038	L4_5_IT
201652682198226785304745298095575630593	L6_CT
201725832123495542861903891434452607968	L5_ET
202146921738438206086818383310906149374	L6_CT
202280876094255443525277725587515963038	L4_5_IT
202303572643125221184736443247922870153	L6_CT
20246142223922899420588992723451657393	OPC
202649067822954166757392362700898638654	Astro
202655125185435779350480340865588461851	L4_5_IT
202691145434627882971349694753781219317	Peri
202748593133043231793067154414919400536	L6_CT
202901672451966295848079902703426283589	OPC
202949074591072300102212021599748602640	L6_CT
202986919892986895658568053808027132023	L4_5_IT
203019543766845304992877954172309223456	L4_5_IT
203033056240908830790011143953787174854	L4_5_IT
203058629593257707937345105065991902444	L5_IT
203087153228335632358669721321108118967	L4_5_IT
203108310568484147369488374664314999810	L2_3_IT
203108780781173001172599101161667884635	L6_CT
203149058877563763102685255560189139756	L6_IT
203292210565944782022945295650487938895	L2_3_IT
203479307995050746948491298270360029181	L5_IT
203652454701376439907355478435317098533	Astro
203662373315014693205350496754245951213	Pvalb
203911739186224332313670793968931848999	L2_3_IT
204074997334235334841921087842787483022	Vip
20412369700126259876450951845622773712	Peri
204142754575369218457141593176909446914	Endo
204158079915376688006460280027731300593	Sst
204174289447641514460709195431279988646	L2_3_IT
20440997286120936729367043653786239237	L5_ET
204531512369598051830228787643194460595	Endo
204551298559904814376901700996851434704	L2_3_IT
204627903646198337694071409127801136537	L6_CT
204647596400484150619628959848336982652	Endo
204677800156103961664927440748008954277	Oligo
204691037066458103807113889513648763889	Astro
204911601306701675119638688472589254927	L2_3_IT
20492823209462740995949871095170490911	Pvalb
205082441714961298033546647016719233604	L6_CT
205084089798241204306581613181649344570	L2_3_IT
20516476066443488024315866749358464835	L4_5_IT
20518605757254991515704713311652275499	Astro
205208037872886667756012190284267844083	Micro
205420716523699111849108506570441123588	L2_3_IT
205459856388035487687161535228972304210	Astro
205460142099355829726395334171440412900	Sst
205540853448059918805493164401701829452	Endo
205698209752450653501734928642037042735	L5_IT
205714856251373659912972087190821483509	Sst
205724933000034666461818397748412863978	L2_3_IT
205847718188757291403501635193316009956	L6_IT_Car3
205945256175626894903938002115451939147	Endo
206331705663825642969602443362240100747	Astro
206416329318897732181413359674626236961	L2_3_IT
206575212605417617403255162759832263551	Peri
206611320507661359258959764641991390692	L5_ET
20681652962745848194057040049555707465	Peri
20687667856064813362545735612607454481	Endo
206926856385611240761863550511653841212	L4_5_IT
206963146008758170581625715596628773329	L2_3_IT
20705674386123621127536199253066094105	Astro
207096311562860110895021800943372564619	L2_3_IT
207169961982299929256037664174996913984	L5_ET
207204883360818229751097784481424409889	OPC
207217917919299630655479175205122345225	Lamp5
207238736522445875335190659847268401529	L4_5_IT
207261541533973863870232018151570191533	Astro
207267238066064326814953437029809038014	Astro
207330074511523961911863288990750675888	L6_CT
207379361541594920953655456308528949347	Astro
207522524427393803749336692880584459268	L2_3_IT
207535518960334888801102785139325249120	L6_IT
207559710311500919974028011621450278887	L5_6_NP
207587095599700590747410972254990085129	L6_IT
207654983382477233327824999133111787880	L6_CT
207697450658900133824672196062947945731	L4_5_IT
207726109602665552124253723035509076550	Oligo
207764299149548795433392947159455681214	L5_ET
207901855946573865019470390217510649670	Endo
207932185363391997490331790602654225580	L6_CT
207935688956550537031031900467415002100	Sst
208094929472935989802193082522771803710	L2_3_IT
208096836029947923084407581768555794620	L5_IT
208127685439560184272989088087911127634	PVM
208131472362261810358514268580367777937	Micro
208231499720966006456184765922875498471	Endo
208328389796023073395269833303170433459	OPC
208340983824218247369558115244048382234	Endo
208401036963732372616311598620971426200	Vip
208485723607438633108929435159151586790	L5_ET
208557818667895739839858635780829998353	SMC
208673460404334391009290563936722309668	L5_ET
208776376626168026403817460914058478046	L2_3_IT
208848154307949972677049250820659546737	L4_5_IT
208944798729872857410187219023942296058	L2_3_IT
209076014680522327951412763134153125204	L6_CT
20908184038415861148371223804129126705	L5_6_NP
209092096106906277807134504174463589471	L2_3_IT
209313413039222896745264192463402596958	PVM
209315887882549640656832648555945092357	L4_5_IT
209382549540357135205690590666369636783	Oligo
209414167689603043423162055592773972693	L2_3_IT
209472812522025135907972701927806553146	L2_3_IT
209523505296376558283256321298259487003	Lamp5
209541188594982688027608829642693552412	L6_IT
209591509407863599873449375014088080666	L2_3_IT
209656267391196472053345091304388281542	Peri
209695147573571350119628610052000732403	Endo
209752753859352081860952714566886614745	L2_3_IT
20982288219572614639594434061770019086	VLMC
210056027000065219195417921920578984123	L6_IT
210087461660625957064707183716382873359	L2_3_IT
210115444828658049942673924377734749887	L5_ET
210242860872937307395887664576353729175	L6_CT
210340786420941862061240084964686235518	L6_CT
210343815576704217582548848765540901624	L5_IT
210528180747955407654099708807059007280	OPC
210565552967366583728925294527262212850	L5_ET
210602163180267369301761408276106234698	L5_IT
210666441767429764989289344359775418938	L2_3_IT
210711684655511362465007909350443190511	L5_IT
210747354096772681657133197655792843671	Endo
210839720453074475179953542007368156855	L6_CT
210946471460091546449431499554259364288	Astro
210970793013695036294747078418548472442	Pvalb
211113645107184388479762430063405984937	L6_IT
211132390493805767181006834329430312503	L4_5_IT
211157546209164943244152141370106753746	L6_IT
211236516271718004545331415611752946271	L5_6_NP
211251559217927247983825344289979966104	L2_3_IT
211268099770593017841494490851096293928	Astro
211272710546064638022840462906617114902	L6_IT
211326796842372932268831353486589430307	L5_6_NP
211369646285649415030386195870013463450	Pvalb
211547761903299407710155878714221517741	L4_5_IT
211547941291930810288612106853812089125	Astro
211571906498818128502568680581237806018	L5_6_NP
211576623229344465767888225531869419422	Vip
211576634218494686346669023563468309939	L4_5_IT
21159812161172051557102091077481060900	L6_IT
211625087972339665609128587633656576138	Astro
211763599979790354210386447266270630050	L5_IT
211996819969277969629233714674034080716	L2_3_IT
212085560451907823686056258260271741750	Sst
212105498307285084783625753670942010459	Astro
212249689641002311232112974061331854190	L5_IT
212262462789475096119430843019668859816	Astro
212346586398861039258685650586644771314	L5_ET
212354471600054136811276845277333134454	L5_6_NP
212402056498755425322620279315796019641	Vip
212489244893278348643552444740169664640	L2_3_IT
212699862674392977409607416206196945040	L5_6_NP
212772825594368516490883998163624897803	L4_5_IT
212795221943783435016916443212971339973	Endo
212814191384639393836309933583902639344	L2_3_IT
213165409516318405249480135083505027896	L4_5_IT
213395964318164444516058518381270060049	Endo
213415460469949481125251465122029584639	L5_IT
213484649979974815966705742261535741395	Micro
213540868501000653382753358737182718269	L2_3_IT
213597311681871331428056655394414929317	Endo
213677563216580434189280147829689294708	L6_CT
21368488430844577531148546092006794863	L4_5_IT
21377346016960339915611118641456176897	L4_5_IT
213784909913725449964469288877494836962	Oligo
213835195353110468570082390828093111488	L6_IT
213903262597477129506509918389363056605	L5_IT
213962637129921029425958728688960129916	VLMC
214002853650723325809852089767045093440	Sncg
214024757233371475288440029647876386604	Pvalb
214034513679891827601462670044383726479	Astro
214054275022868103875822534224954320365	L2_3_IT
214144504492807695060877458281801688345	Astro
214150373739754931405533046224140650719	L4_5_IT
214249812150852468931664727663705348987	L5_IT
214266423612408130768166226110215095068	OPC
214295659253263392555999486908176991625	Endo
214373110457255291585745313311637740499	L6_CT
214379598771909389633466621804640925801	L6_CT
214421060462890165112444480714235134274	L4_5_IT
2144325761571881969149706548926526739	Pvalb
214445285775570238218486684621394568582	L6_IT
214534534094892168470028943326250800424	L5_ET
214585818789751062566341682800275903316	L6_CT
214614796462043238342346671189483547815	L4_5_IT
214631579258847603841628506299641068164	L4_5_IT
214693493892429160817300210073810872628	L6_IT
214800621510754891939192720679552034592	L5_IT
214930216991578803163892348439274895832	Sst
214942494181389408829292736351267015882	Micro
214965008520339579987606387548420283763	Endo
21496998368143374969535349799096364783	L2_3_IT
214988397585215312022765775640579145034	L6_CT
215077905814959101376384517783954121790	L5_IT
215133026438058914197782421312595367010	L6_IT
215221506380746518511351723376973763872	Astro
215242765151845808241763342012238466475	SMC
215267650948196203724536166676810775720	Endo
215404485830073633699191988196962543634	Lamp5
215505913343211357955778647325901767768	L4_5_IT
215610393121655748935342203452356554612	L2_3_IT
215625930539017696886273714960905647107	Pvalb
215696621684657025702582362857637797988	L2_3_IT
215770567566588682347459153933640221161	L5_6_NP
215832850829977784445825462263382397603	Endo
215871180258959600516728430791437798521	OPC
216033904980066836621481784219496072191	L6_CT
216063292308159548503962734003801558623	Astro
216128315116734539645486728609757685990	L5_IT
216204803536839960087286306455801652333	L4_5_IT
216248333332825926503459333986801389567	L4_5_IT
216304988077823348413015276312345036930	L2_3_IT
216333085276228727098241254288702499297	Astro
216368363397795112907451062255842152246	L6_IT_Car3
216455222976044054568755217022953665694	L2_3_IT
21648727263050148578781884511174444838	L6_IT
216661847927208537543977118417313930514	L2_3_IT
216756513942485799514384983659972763669	L4_5_IT
216885013693428880730203561462726650977	L4_5_IT
216961395413885273448330541236097794195	PVM
217033356160606974628699973411024640807	Sst
217043779973720016586589326478526208130	Oligo
217062940689251187452701831368253402436	L4_5_IT
217092993963558732322560244672269939882	L5_IT
217121945586352573944091923333183450629	L4_5_IT
217159729895318112498760574094569797676	VLMC
217175589110101384118498444794622166682	L2_3_IT
217287685540695614844518899801566633133	L2_3_IT
217494891995370612809288546565475087161	Astro
217599425495662794443534114975664996159	L4_5_IT
217645021138740808728781031995624809072	L2_3_IT
21766128367326914613636765945459738230	L5_IT
217705305964897536986726443809862260084	L2_3_IT
217764151373710721539740977237157405588	L2_3_IT
217848571574754187903268081830705438667	Astro
217856265437842166217265425568474619983	L5_IT
217858379046731777897612720382158897630	Pvalb
217890613565704273572769868592378933310	L2_3_IT
217947253558182290866508739281026411746	L6_IT
217992959076285928615286989560326671657	L5_ET
217996127841917271854937983660412219722	L4_5_IT
218162904552650639071070056629897228542	OPC
218179056797747119851350336436387649872	OPC
218243610784391222674182501483653746650	Lamp5
218326498062623466318951088864783450076	L6_CT
218344740751698869532279722887897268227	Micro
218359578575137600283279117886940761181	L4_5_IT
218408858856444223754439728627129090285	Endo
21845482283247894564227581426492103612	L6_IT
218530715156511364410818548390884320640	L2_3_IT
218542620642993450663185722369595269808	L2_3_IT
218636120599135185910233351360917122523	L5_ET
218765490346024823404881384744037801411	L2_3_IT
218795905126659466895140206787261103966	Oligo
218846374612002114668565251746940929236	L6_CT
218850266073139083002978933568085322011	Oligo
218910457742360337946927296606531398472	L2_3_IT
218928460437058472577065644203330369787	L2_3_IT
218930187745883548942751413933534943472	L5_IT
219079513087740543126827128433214596804	L2_3_IT
219120602344409770184008394787782511640	Vip
219129970804565126718470277538041578387	Endo
219278168665237519820266881645826499798	L2_3_IT
219352604044322342342672169036369485400	L5_ET
219392982907054543719624580474798601846	L4_5_IT
219402402412561257505758581652937611736	L5_ET
219406772111896716638428124227552578906	Astro
21940819742906906959674258390181854912	L4_5_IT
21952302873776832859495404023295767961	L4_5_IT
219568767103261904455672599706383818923	L5_IT
21965054970228174762515511984445209797	Endo
219705935112552902633401048149187200594	Endo
219765736095814982756835976357821816088	VLMC
2201340343603051067307180304875142027	L2_3_IT
220145526382094032245049482297785884522	L5_IT
220271584610157698980324398518662902885	L2_3_IT
220278513526971037391221672210509300531	OPC
220307121597002948096002730123888006614	Sst
220383146795384905817862179106307905600	Astro
220508113017511323589400775249131783392	L5_IT
220572937447929853418832892489473417960	Peri
220621975046830786709757059105683301601	L5_6_NP
220737428052903132349880923765286281833	Endo
220851684290227519036893532079847059702	L5_IT
220862347595631612448486095175134609187	L6_CT
220880648475338271384213185180650692724	Endo
220906679794576421111116458300975550811	Peri
221005898794577785445957976995565596737	L5_IT
221017779056542182840816825286218591261	L2_3_IT
221067078950676701346024772494307314705	L6_IT
221230380648851275524857840643752564443	L5_ET
221252245489525185746817530920570606904	L5_IT
221280655622318889294618738981405537211	SMC
221287263377554000188346545076614450309	Endo
221347126599459228342222180131739395646	L5_IT
221362371043501620461475464588638180810	L4_5_IT
221478355784733527080821371426436380101	L6_IT
221568764741870656675556945895548728637	L5_IT
221609760905762093411635677608298909713	L2_3_IT
221632646971661995423735249555443633311	Astro
221674964025880593116345721665163322969	Endo
221710308438233008943881046301419213610	L4_5_IT
221922546847349187943983874364753097482	L6_IT
221977153375118964088121409068306542080	Astro
221977879737348563793535317939453756923	L4_5_IT
22221990368182034703843764226362543017	L4_5_IT
222286271824697744492177845371915210635	Endo
222295901867601410589929340513308260335	Sst
222375128515538405014593137794013598726	Micro
222377669228281294123866390931188770066	L4_5_IT
222387147294114805383238571182855979447	L4_5_IT
222429648547894829387674432920245379434	Astro
22243121494929625282294789812878496636	Pvalb
222451893469704785688198018004994776183	L2_3_IT
222503690430250984449944532189432034070	L5_IT
222520496161568992565412446317460762777	Oligo
22253012467928500082168150141213847250	Sst
222607352023992102038206250406572619185	L2_3_IT
222834499606317738261572468309433113571	L2_3_IT
222975017202539231019879834435371104998	L5_ET
222982856434239778672923092201037818441	Pvalb
223234086610004632401116867544009918883	L4_5_IT
223385310820566026885991414946600915276	L2_3_IT
223428272571606500431623288949412122894	L2_3_IT
223619288449851395296821702413250043272	L5_ET
223709049141247281642973185960473875462	Endo
223771291382978572062858994790667082086	SMC
223908599423532678811057473210073613207	L6_IT
223935985758819341337585818481573536822	SMC
223984829258489005901393620895289818044	Micro
224025605695945555195317564494247626764	L2_3_IT
224043646218009918471897570797113552433	L4_5_IT
224099141710877369018494251732756101683	Endo
224189319080822916303464218325020674846	Endo
224205961758951568572704936759151569112	L4_5_IT
224214144429845098744699287965438638273	Endo
224541962963324832054125151220722718488	Astro
224717509936687511578334361637925215823	L6_IT
224719653563291074292996397172628136982	L6_CT
224737882813595278017840673981300553046	L4_5_IT
22474413725184511306190994631000291962	Sst
22479236356427863350753397354657293091	SMC
224800464897413985313385711771497185612	L2_3_IT
22480956384488734772246352619511197785	L2_3_IT
224907516399375213057781316608058015664	L2_3_IT
224998037404447918655981403733340053739	L6_CT
225365743485942347858154463261357307312	L2_3_IT
225389326624417729832082995237165160232	L2_3_IT
225391518245496016529806994639819546647	VLMC
225544501205292915195021777220066993953	L6_IT
225571422649017567702729601564731523358	L2_3_IT
225596799735968710328680938654860737406	L6_CT
225661536030981380348361562634982540622	L2_3_IT
225749842661313945887303388187091145617	Endo
225917013557515416388145162193143768595	L5_ET
225987527126907497269374859043131139712	L4_5_IT
226129374382645111590503630759893638268	VLMC
226458463065511826253701958669305244423	L2_3_IT
226471771009686270051081376771916834376	Astro
226740368786222915388410591335090574789	L2_3_IT
226776730500243507908135975184942583712	L5_6_NP
226844975540717472804244409808305582656	PVM
226901076161107747914859279511102230091	L5_IT
227036030980039513675751379296107202959	L5_6_NP
227037682601587786710545225321467041585	Peri
22704445548131474291292440802837084819	L2_3_IT
227143740538531266551482496041027538248	Pvalb
227172631898915382694759019176349041875	L5_ET
227252976042673635413882516660779399225	PVM
227511309921462758811291975696186214486	L5_ET
227513020987063833395375986505103877609	L5_ET
227868965986328545772507486217310456731	Oligo
227945792312821911975742933884403329669	L6_IT
228001330197318788530854515227161853966	OPC
22810321854587372667055356700603271852	L2_3_IT
228113516253457842504898550472199586557	Endo
228116355723390213054229029184108428294	Endo
228138517758622639111896529164780291860	L6_CT
228189611914510292932186249495147640646	L4_5_IT
228204529905426334493795835728834405800	L2_3_IT
228394367228493324898273150499083070908	Lamp5
228412621229560199999378188370931653330	L2_3_IT
228579935902488529333709836000895649427	Lamp5
228759005422536726424176433641237715306	SMC
228833840638239971179959415907651576708	L5_IT
228877485662971141696849481889429086555	VLMC
228897751505370710510993445862581202937	PVM
229076159365186861878378795565583836871	Pvalb
229096218540488130450606121565233995112	Sst
229215305681848895246510687224335846355	L2_3_IT
229225170744554873062423952194376699883	L4_5_IT
229274936044368886429376847081292135965	Peri
229293327534095675145645175841958583551	VLMC
229295307072334541043920109951846971179	L5_IT
229469263489403941888037607228556497776	L2_3_IT
22956951301198329479726547774957937881	L4_5_IT
229666519225038773787578981297352494393	L6_CT
229694061757766502391365084497708930090	VLMC
229725575380894789925635656141972386472	Astro
229727955394046817067235487955526353441	L6_IT
229823854454411832419871134590757731841	Endo
229826975150420475566230648608214866541	L6_IT
229836901085747548987855249158407267935	Astro
230032870817219677532302135997060307300	Endo
230044753823692333915951915958118829798	L5_ET
230174426549959423312373118201213484253	L2_3_IT
230228666031832069763523773431360884896	L4_5_IT
230238280421697271999909532750192175954	Lamp5
230270330120468777438605033062928657704	L6_IT
230319562722546210960869064930274064320	L2_3_IT
230371819587952649416175662598297008722	L2_3_IT
23044327192105566599359426758755226758	L5_ET
230571970203224003023041979059862816395	OPC
230693205028515022710299550628060390817	Sst
230910611232501116387903119478904808269	L5_IT
230985456579616901384926455980257635390	L4_5_IT
2310993969596643432947283499507217489	L5_ET
231377291197518094539425057510973594150	L4_5_IT
231726785131160651476208268217198183495	Lamp5
231874328394178296690056174594885941940	L4_5_IT
231984703913300024603294746858875156742	L6_IT
232130622421001140217163872618333279368	L6_CT
23223810621169256816733228590296990170	L4_5_IT
232354921826202787945041022130420710188	OPC
232425093587078377094264647228150802992	PVM
23251194516563105483308142159935144801	L2_3_IT
232618042533944300301843875368436677407	Astro
232806147633437347985162556079587311645	PVM
232956977210114580476549970426627443838	L4_5_IT
23298773255000377356112361896184306702	PVM
233150688481221936255630695291008956702	OPC
233220479328670390189444371734329411267	Peri
233402111620024832097826343821252827295	Endo
233483273624686413908805503145856820969	SMC
233525214989352769090792578915039066442	Oligo
233595952532013976977922718191005235328	L2_3_IT
233606182220433400822978976208719274623	L2_3_IT
233630625421653452961069879079303218119	L2_3_IT
233737916685181874367461761140008924598	L2_3_IT
233831157210723154425109531505253107966	Lamp5
233848984383097859084415100023670020387	Oligo
233928152131412067892409033630640277666	L2_3_IT
233930754952473555582148055520234921772	L6_CT
233947640191834885986481604772351681180	L6_IT
233951545743315384053840710074597759372	L5_IT
233963019274108983854201202644863171259	L2_3_IT
234002661016830460047431996698677472215	Endo
234112713434606517243844926598911295405	L2_3_IT
23415657504930431840212508695739894544	L5_IT
234212123708294203468201714123438069011	Oligo
234455434157378342636971045477053546138	Peri
234517907223732656921506917948718105484	L5_6_NP
23454933930377315485693174370040351486	Peri
234607576200354405559442091691298488453	L5_IT
234643345323010335334303184307028337132	L5_IT
234826917020716491809872781213270598053	L2_3_IT
234848034864805099255583742599138951180	L5_ET
234856844557077147125606167694783531239	Oligo
23487182633481780020965332987661454880	Endo
234875929811226486020670703266079537965	L6_CT
235148905600713484745233958398877522751	Lamp5
235179261387429186353097086080758562106	Endo
235428805473439533564672078941331034467	SMC
235443347364086460759814732904990133211	L4_5_IT
235449606348447826283136461906667153742	L2_3_IT
235476356612825638920622399140993773823	Micro
235789049836395848306383532115136017008	Endo
235853140782639559339260208792037584063	L2_3_IT
235974904872121963210086047062946277671	L6_IT
236005543979179615182348390856531781829	L4_5_IT
23608476622387473220496368949731522233	L5_IT
236102075780288372751186416282450163540	L6_CT
236117388510051057031376554655753324764	L5_IT
236127331591976809077415813044871386862	Sst
236290822323735645808944758517793678007	L4_5_IT
236366012408799442211188006006012522132	L2_3_IT
23637984200108223663468102262480343413	L6_IT
236576857221502095983981451447059813300	L6_CT
236796927012320996593978803481529345423	L6_IT
236798361316688162996812461031145317154	L2_3_IT
236814098010555812345399630221111773057	L4_5_IT
236824658412872348102850104199185441806	L6_CT
237033956336032843421856105005399428603	L4_5_IT
237176218821375447597182048693599082909	L2_3_IT
23721245685845181367112225343254547106	Endo
237231108706223987504257948641665907165	L6_CT
237238184851174893895153354694555691431	L2_3_IT
237238748936415677300066536710386837361	Lamp5
237337379192840862284779401521040831302	Micro
237550419927300400703004236667997569964	L4_5_IT
237596903841924923251745882448201716037	Astro
2378341676799331868831273455131866030	Micro
237886344891989054377433705163336556539	L2_3_IT
238078589856805351294528836633339300913	L5_IT
238135142540003030998951575374848085672	L5_ET
238249936338067188706283972742735069271	L6_CT
238261595770288703990586599168762904084	L2_3_IT
238286113181483127556979060855559744537	L2_3_IT
238397425938800754960642803384959635735	Peri
238461896816902500840592737643062845663	L5_IT
238508603875897456405203617988496293148	Micro
238655118693447298933009514656520854729	L4_5_IT
238719771902240436140420401950935154534	Peri
238736384291876331290187422226403213260	L4_5_IT
238811698369268385563858332242540941004	Endo
238997953744717130591212709072976355092	L4_5_IT
239053440471115759487636807252117411559	L4_5_IT
239106385169193052743593199019223918588	L4_5_IT
239151607023655471078210231229210399860	L5_IT
239182309675363636488314428853283188197	L4_5_IT
239297397945194134387540264663526906045	L2_3_IT
239300795362510629912706113389155720128	L6_IT_Car3
239327817623953644774946479559374235798	L4_5_IT
23946397336878421774383033366439242432	L6_CT
239470426389144540347028391092123493379	L5_ET
239491300830499809489401025015215105809	Peri
239592981556919888822574395696573165954	L4_5_IT
239869706692212371337434540226025928884	L6_CT
239879967377135579801658784895399744477	Astro
239901667763265978890069216535007289749	OPC
239937464197442040191927518042035796760	L2_3_IT
240149345888160233013819033326288913860	Endo
240268186845183635702063743058442448011	L2_3_IT
240422629899009151479210488092417512404	L5_IT
240463675622543716763000427601542793569	L5_ET
240614353734777649634597688893540662611	Lamp5
240701162264347045030042637320481426036	L4_5_IT
240764983498707288449700508694545453561	L6_CT
24076990450149794748755074850945120772	L2_3_IT
240838428695791274952619776797830247398	L6_IT
240867860101581644280761153617669390145	Pvalb
24101518865321886032529985616380064566	L2_3_IT
241084826263398543392695261087776913296	L2_3_IT
24119647009244008100754839353320869989	Peri
24124141855877966325494764543636712201	L5_IT
241243823921148432307643426252604835209	Endo
241262938190616348017507416524042077638	Oligo
241345360477345949470514299703860015956	Pvalb
241610491380630936280974036340283874928	L4_5_IT
241614975698905148724423399091858564151	Astro
24167240139003764094212136159676244972	L4_5_IT
241701739118049482273157903916520874224	Endo
241806519348459550733055343950769070242	L5_ET
241904322454415214963462888552073833779	L6_CT
241995230658767171055342908629375429945	Astro
242178680939166814431114948449251385859	Endo
242221390534313173942108315123223580093	Oligo
242229384272380325338530746818515777766	VLMC
242273115222799158396337704620371794868	L2_3_IT
242330981076303939800066078596910906916	L6_IT
242423043365980941268563954619890918407	L4_5_IT
242454008537474623490310307575516603687	SMC
242512352053164719198309980445810496380	L2_3_IT
242537180046330102543361350177131230962	L2_3_IT
242599214803324271352458672269576794894	L4_5_IT
242636425151815103934078219394142025689	Oligo
242672293992217987263489363454953556624	L5_ET
242714974178345707195888253023320997999	L5_ET
242739817030015755836987459247747537740	L5_ET
242831836429864890093820536927870056416	L4_5_IT
242866281388023530918126427945060426355	L4_5_IT
242890438502805682280887905823744918050	L5_IT
242930158179979414377793728312547611225	L2_3_IT
24301910935422928278235819864885130883	Oligo
243039165451797221181184042039723694626	L6_CT
243110163639148088365467863095290975420	L6_CT
243126552767708659469325360512496364089	Endo
243166653676702005308315527968808271277	PVM
243207153461579160277457239314669060185	L2_3_IT
243231692246239935420319262517114174835	L4_5_IT
243296333542270795339388472789057707553	L6_IT
243361928824143396642563097419624259821	L6_IT_Car3
243772920637472713503574061741733529532	L4_5_IT
243867109150728036199633891704755091461	Micro
243912119598928791665707096162470469105	L6_CT
244012811809029046367428581049437962144	L2_3_IT
244190540634113818295234244885095711249	L2_3_IT
244232679568041938357921219512938955457	Endo
24437704143455627899947146553456351161	L5_ET
244395566015769667356414013895672232289	Peri
244405318041644773562076167353477909458	L4_5_IT
244625827504251768614672821690212670479	Sst
244664636358761690595724232683694291234	Endo
244823747920127755073953614364155990789	Peri
244938885213564837667268905847531166381	L5_6_NP
245006032172971379468641226557790359352	L6_CT
245136422712283126702535275219046396445	L2_3_IT
245255529497847031721476683626720850782	L2_3_IT
24532937870705196536845692362634650251	Sst
245334794355182897177972886553243718427	L5_IT
245467325842623870994411262371598018835	L6_CT
245506303464549202568900574525656325923	L2_3_IT
245625383313344196686444325606134199295	L2_3_IT
245643280522646936512011568301670863721	L5_IT
245740333727025365534794240634036308970	L4_5_IT
245768734584446914214188729446796616492	OPC
24586832786719230511356528636889452098	Vip
245902545510897852076546863941244571789	Endo
245936789006131169458767499273299679395	L4_5_IT
245956847084334656763008490934368220209	L4_5_IT
245984954750873417695367507021497309678	L4_5_IT
24600295954941486750475974850547839009	L5_ET
246086446812415912718115554565410355207	L5_ET
246154463939406288645820266510228667180	L4_5_IT
246283927444982779054357405016626007818	Vip
246318231456112102588719807114827366549	Pvalb
246348973066061777745456660332603448888	PVM
246546345046106278401664384917665822433	Lamp5
246652689134431164688147290766147821711	PVM
246760955577265923629934290723033534518	L2_3_IT
246830118158900181171646954767416361758	Endo
246898790527605406643228895127655696153	Vip
246974460382055650051223989358678729659	SMC
247189832195318050958736672919190496552	L2_3_IT
24719179995333249692618441640306202410	Pvalb
247232021509590393590238845424380438783	L4_5_IT
247233267332940669417704306324992380232	Oligo
247313855198344370058660541382662287390	L2_3_IT
247485897781490507551392494308589701030	Peri
247537975127039002501582029536350101761	L5_IT
247602459474158082341906678004497930372	L5_ET
24761488867578150485815083201852295814	L6_CT
247672474625959372437690433261795124747	L2_3_IT
247698467271083901036215027896437820375	L2_3_IT
247810565163993653292053514033944732342	SMC
248005005111144516756520761809261536314	L2_3_IT
24805350986174046791183298909094862578	L6_IT_Car3
248132267570258597678382748154222788039	Pvalb
248146818305712656310890488483940930425	VLMC
248151723838223272846056044404866191065	L2_3_IT
248156177371216082504665255143369140407	L2_3_IT
248176466867556158662084279116669803706	L4_5_IT
248340418219879813172881766654385114188	L6_CT
248370054881410513936536920317182670885	L2_3_IT
248388264403674958426068222251790365775	Endo
248489909484071069238301213150690882907	Astro
24855054419709643916539938050475000229	L6_CT
248597249282460370247282417026057971127	L2_3_IT
248599689648991388658540809600412112650	L2_3_IT
248651884681033735519681973314262761272	L4_5_IT
248675424337312573957106441778100430944	Astro
248856473882122064399858835780086916827	L4_5_IT
248882042988775469043352465129490698724	Pvalb
248938655075912611246299136679514229105	L2_3_IT
248977462404048508072057213936611989129	Astro
248984141029010454230533233453483750754	L6_IT
249107598391968666900768472270001407170	L6_IT
249131881833376982914430301772631720876	Sst
24926145834061714853595931246941559654	L5_IT
24933557670208495956089606555601099091	L5_IT
249416685901278024491957511078563602127	L5_IT
249437330310484278828813402948521920624	L6_IT
249511231695679123239189531729218730693	L6_IT
249590865034876593930863704728456520980	L4_5_IT
249677653937878605000144676145079002201	L4_5_IT
249777327009286241305273309519864847519	L6_CT
249885994443418345850392017383278744487	Oligo
249954560861365423672725537322942929552	VLMC
250137743695765190033689656363005093471	L2_3_IT
250166216244470517076821096212364105249	Astro
250286003615858701405690732376374382766	Peri
25033819793490159380158010299276948964	L5_IT
250417395326535410785332293304225164230	Endo
250431336411276775221785699759986041969	L2_3_IT
250444562524734901227531932443159388935	L4_5_IT
250533391173287573518684729908898741407	L5_6_NP
250614604468139370963450244912545739575	Sst
25066424435478525240819006723857415654	L2_3_IT
250728622192916427275550725930304341459	L2_3_IT
250730303321264835439323898152966765754	L6_CT
250802555995983050415745808419954516418	L5_IT
250840081896112867927265216325476078990	Endo
250841668429572516494481990838496695245	Sst
250885675365640166577474659717634554807	Astro
250890052514090064696083074578150126940	L2_3_IT
250947770980180110557841990330544070680	L5_ET
251068001391129990706221095297946402906	L5_ET
251087912284045032636828433792778335822	Peri
25115205143810719350462142851476647314	L6_CT
251155797618031163678692156897547984781	L2_3_IT
251289450639375330052491307675293591428	Endo
25129366543559713317798335733323361624	L4_5_IT
251311893699085970270989140224246298791	L2_3_IT
251376581773490688464509089807618397151	L5_6_NP
251419218979514092768976646330882459035	L2_3_IT
251442854108499607526991094318932521207	Sst
251488352623926388863286371147603420254	Endo
251533420772024020908509141381337347391	L5_IT
251564993225210993268877927732302561255	L4_5_IT
251747284975851301068931140511466847010	Endo
251825425114684460276058279871623692207	Micro
251927175638729304530615622178776639954	Endo
252088975846868751183534078916855469005	OPC
252096144892239221311100697769238283194	L2_3_IT
252116504921224928818065923339616197567	Astro
252170690609478266675745252467363679032	L5_IT
252255993231922805624016702577400896003	Astro
252264625622565919957457954471883311745	L4_5_IT
252295184058536701947426006070567618851	Endo
252413665714878378444269972177984252763	L4_5_IT
252426989197858713524767728020855627890	L5_ET
252470737404270761970546931457890015278	Peri
252555738398232657630097886838219038761	L2_3_IT
252696273219947336269515166759878062016	L6_CT
252797203559332734668755591355637409460	Vip
252801331523165786863943615498040780977	L6_CT
25289770996910604157731359465980994479	Endo
252907334114040509991503793710820791982	L5_IT
252909173554285990170230591032493509020	L2_3_IT
252955999213627108032678523148016277571	L2_3_IT
253139931544042182628110986404644438606	Vip
253219918286660293267876246797352506601	L2_3_IT
253260428651841073756532533295568991528	L5_IT
253359980926044970190805961695706861534	L2_3_IT
253390795114032647194277416850246524382	Micro
253413592686058481024818514394803273681	Endo
253444288460938401708328683570438882319	L4_5_IT
253530239266393775674573999526307905755	L6_CT
253570602651803623770898244449401098329	PVM
253613481799626646877895114276727109095	Endo
253760895640865787273253502952278255528	L4_5_IT
253772377763655930048377726310893354279	L5_IT
254056719785422009437000932979940554155	L4_5_IT
254430011080648301660956374711540126909	L4_5_IT
254485401646300724549367821220948932715	L2_3_IT
254516999685319419960628816957255635375	Pvalb
254531815001463226483103885532856849140	OPC
254602481952017801190724068353638865709	Endo
254616659948378041227713098635832411093	L4_5_IT
254623786068380760773287148177943622574	L2_3_IT
254703125027287739261652428714068974314	L4_5_IT
254717602681363829669826513560870427559	Endo
254723534168120834377117798152550541008	L4_5_IT
254799496896529144406822432467435270151	Peri
254938076942081985367794594088215446345	Astro
254984945339664914418870720385795312923	L2_3_IT
255056484096457483246893866926965182462	Oligo
255148736012116488128413279972897611841	L6_CT
255191530882942499443859461526023481898	L5_IT
255200170125539055159973155026768125893	L4_5_IT
255238669559470077550583545955431207820	L5_IT
255256753523326357702160488497120201554	L4_5_IT
255284310481856433379891395649078983255	L5_IT
255319129547906650632313833997518829061	L4_5_IT
255322208040051425766915460710808753388	L2_3_IT
255491895498279862840733689938960694433	L6_IT
255615504441213635922627805217624202602	Micro
255691974655448691902206902346035943304	Endo
256001272734162518196235307994554892709	Lamp5
256064711062215271619286519608830130510	L4_5_IT
256225141694472730823956396622881139658	L6_CT
256485092091888796053575683505454660494	L6_CT
256505509771725176392364417238242712617	Sst
256641092942398032882342740079302290631	L6_CT
256667632834015189360429396468126921395	OPC
256717849138593207733189867685494186285	Peri
256866148070848636001191207864003019506	Oligo
25690312067935436797851430529095731045	Oligo
256914870052186642253707393891321893349	Sst
256970017598600057297786742794117500537	Endo
257070154321396687293476986837987019219	L4_5_IT
257132415861351162266276828374522024844	Sst
257148313117145655445905883151239457627	OPC
257167863142094904852466080846432022907	L2_3_IT
257258274792191751021547713253017358207	Oligo
257375773635316234254273195886865113712	L6_IT
257405241119592480998301058765904409966	Oligo
257536515736702840477444545853251581921	Astro
257605778693459187102071064318582120351	L2_3_IT
257624610322384730466530253293726717104	L6_CT
25788439681710725349924744424132661958	OPC
257969625995596887266873555960935940794	Endo
257983038205013603462415652969143609307	L4_5_IT
258002013954395027122580890389399558730	Endo
258154299060284054866204216250804676137	L5_IT
258165749640073160110849297625434384990	L6_CT
258408483836119252218033814463537543211	SMC
258518873603687870757667603642829247105	L5_IT
2585950548642927137044068393372536449	Lamp5
258677333593566536202497894701213120992	L2_3_IT
258768304533291307243393601987007847661	L5_IT
258792354555036354427395210532770739183	L4_5_IT
258924305321828535725723629092278474084	L4_5_IT
259040989848278068281814311564629143368	L6_IT
259059841906936535442404084450707156816	L6_CT
259081610139553183885329636466423232314	L4_5_IT
259364304756157202559473539690691530693	L2_3_IT
259387535290701197639442974209851793322	OPC
259482519788064459962622517516272594798	L5_IT
259530709553628451855015711706154177428	Endo
259749213939449533232357351441275084059	L5_IT
259768759274360231171301307931499126070	Lamp5
259772168571167009189175501717006962845	Endo
259941628059983347723063344564634124219	L2_3_IT
259971664039018570867600826732558675566	Astro
259996002230123963953050925470057360120	L2_3_IT
260091372934275855837706633209055206667	L6_IT
26047693985962494685600183143818708759	L4_5_IT
260487463081844479686442999177297818900	L2_3_IT
260499690902395988544380085039751467256	L2_3_IT
260525610771320133779146256885304829416	Sst
260577020005825482096244519014793827683	Peri
260596857216380209026017588663623796575	Sncg
26072300136831033846078245102967525256	Endo
260747326655333663974646633528018065428	VLMC
260798845981501648480743399849620292741	Endo
260958618940883687034859129394656039294	L2_3_IT
260998586763033126766968879541286128363	L5_6_NP
261112024578440084463125306538845584924	L4_5_IT
261152720309007448297973604103576121610	L6_IT
26121303167210242649417819738574001023	L5_6_NP
261263286942284410031516612927725820170	Oligo
261274976043441148508324402410834281890	L4_5_IT
261313915814855288738108458287582794744	L5_ET
261335247650430505606880987070138312175	VLMC
261400176737277955217600998398763065287	L5_6_NP
261476607587186153930203923851133922894	Oligo
261605560369050557975278773818342163899	L6_CT
261652614037517018670380287967611154309	L4_5_IT
261684568127439963435115954830982324244	L6_IT
261712558462667411485022988835070330906	Endo
261842105324759888753957281413601259643	Endo
26186433690786817575545776710315993842	L2_3_IT
261885085191889830257363239524173490735	Endo
261955623410805458552157988186048745567	L2_3_IT
26206964522696174597885534295202291358	L5_6_NP
262156246026013751745541875642728539724	Endo
262185356901727676859667624701053964397	Endo
262261870578613371839758588511064610108	L2_3_IT
262365583773435747938949512678760111125	L4_5_IT
262469642952090022952746938203740630169	Endo
26249406474856550920722480046987247111	L6_IT
262506739300904686754981861782878574659	L2_3_IT
262513366284392704051059994100828791627	L6_IT_Car3
262517943315537465393023696521571274310	L6_CT
26256028149336013788998903792312097491	L2_3_IT
262607730235322447149755584900671522560	VLMC
2626387249473878009634533700900985132	Peri
262705991403438000237170990739958286256	L4_5_IT
262707286997386595282481325661058274051	L2_3_IT
262710226190923158911334888953881579418	L5_IT
262810630133348372133589494696142780452	L2_3_IT
262812390304395515976854350183327971064	Pvalb
262839955849246306869973379229866379100	Endo
26286157188496008293797044054560338169	L5_IT
262984720180873201228365640018460056810	Astro
263020584743489652837042564809497179473	OPC
263039881481507639475209857844058908213	L5_IT
263050539819766790672557163048423832866	L2_3_IT
263058920978993430714500398157994229506	L5_ET
263080570186978023990952423352220212130	L2_3_IT
263081215183413967777247077384391752182	L5_IT
263089893791774833628409505156449936414	L6_IT
263113253226162866794525824000203181132	L6_CT
263208287224838660936733348247645378974	Lamp5
263234508297021492453074022842053799354	Astro
263254925507523912085850853294650353730	L5_IT
26328962053775317813970598589769102084	L2_3_IT
263477203460491729721392026028232074909	L5_IT
263577140480852842754482988765395125288	L4_5_IT
263741322743095206497640159161849325385	Peri
263992929537335331342744896790883409728	Astro
264181770872536449786984413358554662705	L5_IT
264301394577228427108960414138638738121	L2_3_IT
264445019609906964141328401319480085321	L6_CT
264525498074360542572315233035240818522	L2_3_IT
264644324638626412256901243971132841416	L6_IT
264777463268106715554932015035068642091	L6_CT
264786303566596559582215132716848054049	Endo
264790665723009866430417133254637669023	L2_3_IT
265053223068837465734040017615754119930	L2_3_IT
265216383865444471104385416017488283264	L4_5_IT
265312880875427134089293089244533820479	L6_IT
26532497665337066515972465665445778746	L2_3_IT
265451734705510901556475893016390885164	L4_5_IT
265753212203412244017149262881872207488	L2_3_IT
265826346138771634543323709096657134343	OPC
265836698952083559255003528371106899756	L5_ET
265893915637461271122619765595869584160	L4_5_IT
265898121795978774265760484978635703557	Lamp5
265923019684888939448123941614860976707	L2_3_IT
265929549577891812910103980839534684763	L6_CT
265937738737929154624041511120415026154	VLMC
266015222806938212336380434823028974878	L2_3_IT
266111039009987702750430474342244560245	Endo
266209253946710254560552761673706677529	L4_5_IT
266210993543062230267161359255194491136	L2_3_IT
266240468776394574803203560678894429149	L5_6_NP
266269876582476839706709180499338932897	Astro
266281285962532142577179931462281832890	L5_IT
266304973024663054344400827310858689312	L6_CT
266334558148629442961805645098169190344	L4_5_IT
266362468321944251969341774478647207124	Endo
266458669980595764862044517948205045288	Micro
26651793837296905072728894954507083566	L2_3_IT
266790303415672703091824575837392623706	L5_IT
266814253359749431832062937049348625551	L4_5_IT
266862022451937249509589172754193405261	VLMC
266863136020073400684599647641591579357	L2_3_IT
266906561464068192011445046165689478071	PVM
266950947697353669349868038075917493778	L4_5_IT
267057402921485751717433048214679378493	Lamp5
267132487715520404861427234321040419935	L6_IT
267140241149718037121760412801767113672	PVM
267194125767851671109406001667050359328	L5_6_NP
267256085262879978774248893212522964613	L2_3_IT
267329918867213995362900036261780564117	L6_CT
267501697760387566742962928378678259337	L2_3_IT
267982373376885475342999886587117811519	Endo
268030594011163740807460920100678865134	L6_IT_Car3
268085772236976031787318102933101110675	Astro
268094147132828120959533134335828954469	Micro
268096592449545275062552535523042932840	SMC
2681149072328060831325302187255465994	L2_3_IT
268133585462933894604854882292028070336	VLMC
268339130741418197785835601128771657239	L4_5_IT
268383401237536267189918483481177769435	L5_6_NP
268433026936347507096352516163194843440	L6_CT
268573696509975269370012178464594356149	SMC
268675715980188136991221840085443058936	L5_IT
268702476440468597229195090908436288511	L5_ET
268900680199497630547097724508233942068	L2_3_IT
268940929971757505429345409032193678662	Oligo
269001250244577924130471180673245005096	L6_CT
269029782338420348585609473738708893226	L6_CT
269149993911692295257411370778529025963	L6_CT
269166419737790959198910492593856425798	L4_5_IT
269286821096047683395320890022963282285	L6_IT
269350178522593508582359750244119978678	Endo
269424574419718153546969792674900018379	L4_5_IT
269531226463170631466099401563226291192	Micro
269607585936624699104990991654528388905	L5_ET
269637565808794889737225201075711151437	Lamp5
269778481811470817688505875603070050668	L4_5_IT
269922893241422443529657014314060695766	Pvalb
269949179685075754800992100860380554808	L5_ET
26995648327062035245602576252545889866	L2_3_IT
270094882792562746991041569190640865404	L4_5_IT
270116339285282280960830778920251100918	L2_3_IT
27012371679054419742613980957645631352	L2_3_IT
270150263748861571193935500937066722108	L2_3_IT
270159660547275405979699750236660091482	L4_5_IT
27018345936390725270046528769990362558	Lamp5
270219062805630226006084924021733131063	L5_ET
270418209926040321099414023074418999951	L4_5_IT
270425415196718297612990078965646443036	Vip
270535831321073679817064057079063937882	L5_IT
270585128427936633318778665743603231050	VLMC
270720369525756505524730763674877428886	L5_IT
270793516712003153713463803051600299309	L2_3_IT
270838823460469291424128195797244934916	Vip
270852377521007988963849122137680194869	L2_3_IT
270857224970198738296754577912173055	Pvalb
27085943953448190440231171619730034906	L6_IT
270864153366348395342466869726953245125	L5_IT
271078034034675416098079420229194886984	L2_3_IT
271217728709575191558321071336289938072	L6_CT
271248208122234762994613273881251664509	Endo
271323427623810101820045189172513538334	Peri
271387598770208367718591946467930810862	Endo
271555973661006562470339208339163527213	Endo
27164198192483428083119037269766010045	L5_6_NP
271716783377307202264457350826415786387	L5_ET
271761832168811135992208200236681240813	Astro
271798182826887072915833373962976150053	L4_5_IT
271840747860042707275787052826086394887	L2_3_IT
271873607027846569771428130386843258049	L4_5_IT
271902764838860250967872220894443206933	L2_3_IT
272008496838966134326415460508787462715	L4_5_IT
272036728523817806723094641199458200662	Micro
272104219261991265951755453149182543715	Pvalb
272240981271796860897587475238325118715	L6_CT
27235076320142939777201454485685753284	Pvalb
272483057807166767226844671163031584350	Astro
272512489602664142080047833073918404725	L5_ET
272603904616618112966264367040687574331	L4_5_IT
272703850843569468165518297821728857911	Pvalb
272907503406049253692797528669022153360	OPC
272930050780219941310847038128152882870	Endo
272948238617469339186265784918145686660	Vip
272982678622663705927085518047341582598	L5_IT
272996199988559268639614932135838218004	L5_IT
273017961845047228692478327279329186151	L4_5_IT
273279077118499200360108337824081338672	L4_5_IT
27335014701078698050288099561034665919	L6_CT
273380175469521837384544766207790550131	L2_3_IT
273507613964489287608158375662699043941	Endo
273513843109282804352102185441174146641	L5_6_NP
273563748299673577879677377106205408736	L6_CT
273581048790800710889803730909905423265	Sst
273650958459906147806459556086289400694	Endo
273671212183346622290445545084474685318	L5_6_NP
273685243327535519801042854435013500692	L5_ET
273688277702317692765831557309729808195	OPC
273713996206082330949245030884500789325	Endo
273723089612613906194458708401834420448	L2_3_IT
273752469798042844746382564812780870768	L4_5_IT
27378900167342141795816959569340143718	L5_ET
273932084070402841418091712290652142274	Astro
273955815259728454979786113558395759922	L6_IT
274101371551891033765624465354598795786	L5_IT
274110519813648148342993958932145701095	L6_CT
274209799779967143040634711696346314824	L2_3_IT
274245898515141578553644918741927287113	Endo
274346942698840517002815891039644376351	L5_IT
274412479452275423862137959758523017528	Astro
274434342849752946460237106665651505862	Peri
274602026162105903515280482088795480823	L2_3_IT
27466517342085052320462626029382603688	Endo
274906184032831930433419131495222241441	L2_3_IT
275030724322753716457173668080939412644	L6_IT
27508861729323381954983634956578907124	Pvalb
275530937115904074276590175679860761953	L6_CT
275600243081933717322557291970055902574	L5_IT
27563746833986206724443874113924488994	L4_5_IT
275754199613295038597858669670913679510	L2_3_IT
2758102793355810541703117262052720006	L6_IT_Car3
27583310127724494452204585972230856490	L2_3_IT
275852314834663115091461856107096680818	L6_IT
275878879574505317453648557077588330019	L6_CT
276037733461481068390610579919553363971	L5_IT
276083234474942705872030219017496963456	OPC
276235462367214455240728095048789859147	L6_CT
276285561422233499410271616977901682690	Endo
276324227104011655780654119919748863254	Endo
276328520180971028159894292041083195210	L5_IT
27638264403499565224143349481790624529	Micro
276569772317067509030644345553555912683	L2_3_IT
276602818232631959940308032207302821928	L2_3_IT
276634231092493095353139685894960879013	L4_5_IT
276819872221217155732645990166792774741	L4_5_IT
276921074948362416740870218606901906456	Vip
27693265165967354567451836431310031057	L2_3_IT
277147134340022787151582608030431018015	Micro
277253438252806181592724589434028256667	L5_ET
277390731878765980606668007185425779360	L5_IT
277490317373818554124311994648482192833	L2_3_IT
277618573633223082449447437511096146997	L2_3_IT
277658330092115990293249642369926906587	Sst
27773798485376753274853216521541760098	Peri
278067729279590690852774941772889916762	L2_3_IT
278306533163058554386347463428517328262	Astro
278352434919535694883769213280126305523	L5_6_NP
278397679376798127756904986551656303826	L6_CT
278399841908703361276780928350735527794	L2_3_IT
278475742754239587300667698969986549545	Astro
278519943330560132086063333163056020400	L6_CT
278688759675084938625700962254755141483	L5_IT
27878964393745302684518993057061412234	L2_3_IT
279009156995296531101176684095700985525	L5_IT
279135997699083372723837160792666471789	Peri
279224213807879448694406246530583802973	L6_IT
27935208788722628681723885254027870864	OPC
279483226765491868287249972635348441741	Pvalb
279517512733802263716232121951398272131	Endo
279629043061548056654505706080268258894	L5_6_NP
279979416282968822179318731926486693005	Endo
28010360627971040413867749602360184724	L2_3_IT
280154603844091336592590460097781263243	L5_IT
280173379144114487925697019509588874026	L4_5_IT
280182177185071419725056224141033059270	L2_3_IT
280211826590509343125692388674370801804	L4_5_IT
280259597473038929241813285320361482914	L6_IT
28031763654964538094200159688645406867	L5_IT
280503178067119983492246621615607033189	Endo
28067970494837839748229934795603092225	L2_3_IT
280685043293212127095906424818437994138	L2_3_IT
280755749704251490041175884654487706381	L5_IT
280757302966380149313284641378993599870	VLMC
280799531065188165564913114718390399883	L5_ET
280814663061023268528861632484301053949	Vip
280825294560597236601337949046722210680	L6_CT
280949910209816665364886732718050959691	Sncg
2810528343801394890909255403314203182	Oligo
28107645328554852957466985651762052507	Peri
281126728873616810857828267497648260358	L6_CT
281224719594453263901494715645142493546	L4_5_IT
28145554636502990659999474516407890074	L6_IT
281456461901354474078177290663195037733	L6_IT
281498143050988294901533599788024128892	Peri
281520579154149239914326729233892683864	Astro
281718386866940060962558065134368273281	L2_3_IT
28175894632577844196193212828870503561	Endo
281837578865872077687014474022354036047	L5_6_NP
2819032666694449244551186674170649559	Peri
281951791265167021210165644017125107715	L5_IT
282089317172609349062562755406796822383	L5_IT
282107404920588318390467493186979934044	Astro
282388016525984373677726031293394470525	L6_CT
282485899999032841764331233925264113958	L2_3_IT
282652194156721630608541487986936474076	L5_ET
282663825823507552465731794552641604268	Lamp5
282679872179849241258828897663792449187	L4_5_IT
282777075779200883047821091665411924236	Endo
282821517487467577198349003007082138476	L6_CT
282898310581342190218720034856311289386	L5_ET
28297407995708696957634693540514139774	L2_3_IT
283038205805952019140643910591092261151	L4_5_IT
283142509569759672554085222620445867987	Pvalb
283235147438301449245196389841716153788	VLMC
283250111070559202842808521452148960886	L4_5_IT
283285266022769970220059589297236510561	Vip
283365647712463811098410645903600366397	L6_CT
283578945518942212403230303409725574086	L5_ET
283704710124119426630872870950200407450	L2_3_IT
283756761938942749131843692270094867212	L2_3_IT
283850806002608427830446500992070505352	L5_IT
283993340595973875381082442255982235254	OPC
284036125205419384407218254915385613389	L6_CT
284037218975187793513475951652100449051	L5_IT
28426680565323191156215484069420999267	Astro
284544957295596105329724527109444940761	Sst
284582639580979683626268482197759582129	L6_IT
284605620048474386616827953507882150035	SMC
284628084472995428033316700100400279787	Astro
28466866115426194139404549998085498718	L2_3_IT
284757436173891549236613160269278899903	L2_3_IT
284773233616140150700566645518825814941	L5_IT
284857388187082251454954371908595192778	L5_6_NP
284955639355253565707418331904027260860	Sst
285101511552553507825937195105614475297	Peri
285128723989102893711133732114406473568	Astro
285190713687376590388751934006285119551	L5_IT
285190784476210480004066246749715558680	Micro
285310557097589010317993934413150689842	VLMC
285412931012562282621329420746593185128	L2_3_IT
285542291054828869801420482045222593047	Pvalb
28556120123662856777984156825992541488	Endo
285603263683389839683037325433426609384	PVM
285685291554552766819426550633455050915	Endo
28568991677690397873291650200388968698	L4_5_IT
285697311798888931935191726803915164987	Peri
285701337116509359712896145991968202313	L2_3_IT
285843013147407027347822065777401296096	OPC
285869482386669591220661190919097370605	VLMC
285909174381122463538595813946406150086	L2_3_IT
285930780681811551610524228425086364810	L2_3_IT
285937421535442060125356438578782974374	L4_5_IT
286035533672953991676428473550612589190	L4_5_IT
286050467231111105355962048953981439260	Sst
286059391333703719044670283069168437521	L4_5_IT
286132622390620100333238644665070448020	Sst
286289504535106616289662030755607211010	L6_IT
286342465078279655884603648995944753530	Sst
286421305624972004611108847271270279357	L5_IT
286489212571012053934765100947419189711	L4_5_IT
286512088136918473212816924196943626394	Peri
286590735254857135393406317824694620392	L5_6_NP
286609914121166620367320582982096935916	L5_ET
286791765984659550369993689003573874900	L6_CT
28685329259980853150232337008874910045	L2_3_IT
287004206455762507252668985671892668877	L6_CT
287073457044344680278062418638192508837	PVM
287093236305424610765603370034505732534	L5_IT
287163682725323378823426516749430713217	Astro
287300892240472326478221208137625604492	L6_IT
287351866005703445818181198921004278993	L2_3_IT
287355014956573993393778998560433863575	Astro
28739106073596878778669180062148247612	Peri
287432976075566995843902466389595883757	L6_CT
287491984357585785748522227499062152733	Endo
28751694384236617342578172053895745354	Endo
287560456206448676105491544752053505682	L5_IT
287620455149207775103792491427910421347	L2_3_IT
287676319208265404672049415672236793130	VLMC
287802890180128325908518071378594761966	L6_CT
287829962905060620466244168740837518008	Micro
287975826642876703911047288789591475705	L5_IT
288015243877852018202991143651536016096	L6_IT_Car3
288096151203091949205477890448320545708	L4_5_IT
288163130931451397763156952525566357200	L2_3_IT
288220116457608169910468934814891177079	VLMC
288249800495611925439316598872848037525	L6_IT_Car3
288320749174089606835977361119950794348	L5_6_NP
288347559418742904692721746174461790231	L4_5_IT
288556242824600529448927895916737177123	Peri
288749887918887299746928492877681229403	Micro
288785537513611234132646430634538637262	L4_5_IT
288807821357084196310722291510149207660	L5_6_NP
288979510079981891654962017926751910621	L5_ET
289040157378404666909129007932776138318	L5_IT
289207735900706019084421383575684865170	L4_5_IT
289343122383658514498136765909048820765	L6_CT
28937714887785532255949098101182192245	Endo
289382397480189968180495803025608805591	OPC
289387526633711698179023310372201483730	Vip
289401196172438129190552085074479265775	Vip
289475426922926206316742483362316927016	L5_ET
28947558125306342782654158603274760479	L5_IT
289484082088175875396165287428572450562	L2_3_IT
289507027245274556993489286922644826307	L5_IT
289599717694676375731180823945312218536	L2_3_IT
289749465905511064723226023190534107138	L2_3_IT
289789068465464567014897192305976617495	L4_5_IT
289805046658592433774655778663713456852	VLMC
28992784470211272700009078752492461864	L2_3_IT
289976676509918206718848034718443247342	OPC
290095930497877988798308926118258463079	Oligo
29017357265684898146476792722386539900	Endo
290213033972584748292311437516354026662	Endo
290229710568483706443209117125624272980	L5_6_NP
290281118800574328128063396819739286229	L5_IT
290417916867990073532979549126687576116	OPC
290426966510838776163747693666301870054	L5_ET
290538786927413253520880297365218490615	L4_5_IT
290660211374439364063393704191219848491	L4_5_IT
290689763507718448704379100803571785514	Endo
290734455146583036709203480861646599423	OPC
290840353381456538346015834276065721263	VLMC
290921015975431121854532548688950034474	L6_CT
291012032665931936655488532830638784826	L4_5_IT
291020277943015954211517441952378724721	L2_3_IT
291073954632244594577986921455396050970	L2_3_IT
291085725036857863340260953030926706061	L2_3_IT
291124175909301336193888274030597283929	L2_3_IT
291167878541580720111085331265078320950	Oligo
291182792185814844391273196287414603755	L5_IT
291239305137759791951925808689340502937	SMC
291252615277790760263720159115048773665	Vip
291298313962288882062630557195546700368	VLMC
291355652736096242717551431067645678885	Endo
291396113674832057900400026083851220552	OPC
291440178102714992086306682754571109963	L2_3_IT
291444618000650579810789287150039753076	VLMC
291555461999285868809677470908983571619	L4_5_IT
291660058548935402229311462097571587542	L6_IT
291688959246406057253376661228179476430	Lamp5
291701330163170449149684624380072963905	L6_IT_Car3
291734188121006371521205060951652788097	L6_IT
291808328942876871577495855328702604360	Sst
291920476814441105898741344889671687956	L4_5_IT
291969115497564730025962960052495358398	L4_5_IT
291970792857598238493120506694546238516	L5_IT
292011232315990266290854445382242988758	Oligo
292041221267415814616543848152101003870	L6_IT
292048788788646368464431368171207208019	L5_6_NP
292068010149223082567150341565302564540	VLMC
292091871078333955989651982556820281362	L4_5_IT
29214834587495926027035856513503890697	Astro
292245543484678990600896923099331809541	Oligo
292449149516638789967449234269532643966	L6_CT
292457844811840174891365902755716175263	Astro
292490070617045832373451305767992737084	Endo
292530834538602092211111811294633680809	Pvalb
292543313084206700419685662824777867134	L5_IT
292589574705360931845513116568648500633	L4_5_IT
292602350368121362690536382558056925098	L5_IT
292702185683694314366225378273721388584	Astro
292796406702242371375285325548638008698	Endo
292840374164586244860446346558736930045	Astro
292859119258431176609848126705670154312	L2_3_IT
292994935853339306493337106061313698440	Micro
292997726491433332387337980614156843230	Oligo
293084455030941241275793240513976067519	VLMC
293131091323329573433475401619705826137	L6_CT
293317253369794592877046090353860298299	VLMC
29333328774678975103150929140409693923	Astro
293384843486600413605675427509134914746	SMC
29368668534943345472475124335815349033	L4_5_IT
293720763600870689867995992592237710321	L2_3_IT
293800954752504819391184425463691209672	Pvalb
293915232870927125968895133499285926011	L6_CT
293918390529609353553298375910037761513	L5_ET
293923484203288421590898415747248288807	L5_6_NP
293935255372176129837992885638438032851	L6_IT
293945353968010263963111501403977035298	L6_CT
293999290843482143396750877509853030488	L5_ET
294101434953479123866178115767537739116	L2_3_IT
294105624123804698185081775492339351274	L6_CT
294185546214488060815849722493272673560	VLMC
294294635413343287337867510515529700699	SMC
294377170599240995999583638047954051457	L2_3_IT
294431335959517840011881700087904064278	Oligo
294435974280099576138647970022679976605	VLMC
294506292288552979716096341515100614377	VLMC
294518933136340462760365342428295471604	L4_5_IT
294526670439514475204505551949507183135	Peri
294574909459652815141705886701156508772	Endo
294604851017213715304385904004004847546	Astro
29466339938544897211509822465273764792	OPC
294713128453284835265569188509776356118	L6_CT
294749670332160270181385024748949358700	OPC
294813491003833199425648287666538682105	L2_3_IT
294821800702651936752488521826665323729	L6_IT
294944154380196019066720812045843098127	Peri
294983081051072165371588857110321429452	L2_3_IT
295037749000692520983051304079697010560	L6_CT
295109330490819905773982341169423036663	Endo
295133360545078097466810123413356098424	OPC
295141600665383336886462239876964002	L4_5_IT
295284199737998646404589156891982124995	L2_3_IT
295293792578091328192881360134717809288	Astro
295306553286479321734977984642071705198	Sst
295317948837582638238848170271544236741	L5_IT
295327204667601896358591035595357686076	L6_CT
295338156695562275248492490868278072656	OPC
295340055415995458225464781131532888471	L5_ET
295381369265308898488572846203897029130	L2_3_IT
295405824309995621865135055338856892624	L4_5_IT
29550638677967443334165597784044632229	L6_CT
295544110030515592498073196933929036883	Endo
295600290160793951059666502632024611662	L2_3_IT
295612826343472366861123886877999676972	VLMC
295631463592485520869299039011821051433	Astro
295686275876752012573915118115620879707	Peri
295782885883243046771032648485890778966	Pvalb
295824704093343833151555142703257574423	Oligo
295931870531091176326771444085568069449	Lamp5
296097084252264129732412965046926632434	Vip
296279564483557434201895961091896515306	Peri
296329591428298353481026936338248956675	L6_IT
296349918070123453221553514989626368054	Astro
296461767825468194781827377947530071655	Endo
296624604018443431974649194757264945132	L6_CT
29674525047497700311915116509559738672	Astro
296839585596796825688390052784177543908	L2_3_IT
296927420650450639669502352571268926975	L6_IT_Car3
297031301798074233752642013244189741376	L6_IT_Car3
297146823971783170717261275453081915061	Sst
297216878879383288851750935497133674232	Sst
297232957338221866863917144220008225735	Astro
297249811449804529618196347167709481308	L2_3_IT
297297354768927553276372660997782875747	L6_IT
29741841877202050917075302422702356853	VLMC
297452537882934317256568390595465450814	Pvalb
297509220166943962776864103761950081955	L6_CT
297530587512658730756976734973086718191	L2_3_IT
297584393102796616671615551828358592826	L6_CT
297606390543250200271974037166384613810	L2_3_IT
297682442610965864065404159492702425032	Micro
29775310950590441136425733896771151462	Pvalb
297774655361068446318854076771890432941	L5_IT
29786166692852435008342836810959756810	L4_5_IT
298140382180129466413684216589097929232	L2_3_IT
298237325326257541714844585731176194176	OPC
298238301012742143814861292204263679558	L2_3_IT
298239347137548300192557692562294677147	L2_3_IT
298471959442459711358720758615929685512	L2_3_IT
298557634373992847245911112956311566945	L2_3_IT
298560724754712891577320601066637821838	L2_3_IT
298626746814055414694742899588757872754	L2_3_IT
298662570646859663081684742588811016419	SMC
298744185796351169139432523602288927269	Endo
298838832035634261563736144656929618847	L5_ET
298858099400434801226093302366940648647	L4_5_IT
298940741564175772778984183411980154249	Pvalb
298960462300819576307383799164814197037	L2_3_IT
299063104999282886683634579075108781751	L5_IT
299064431348631932827263291857304224402	L2_3_IT
299076060877019122068369691580830877543	L2_3_IT
29910797351306599019580248745342714388	L5_ET
299208212461667167524820228738276132565	L2_3_IT
299322482950695259758527729815098821180	L2_3_IT
299579675364052698451626216865472962841	Pvalb
299689243370286873757557740242470764584	L6_IT
299805760280965545689861071016481598455	SMC
299863044365977840226201483474106273709	Pvalb
299877003245530626678768285245870352206	L2_3_IT
299896025876829258288328794165822081240	L6_IT
299917445789610221023344198803398662077	Vip
299945493493757233519050731778320049647	Endo
299978300056647079923966196680340741983	L2_3_IT
300054327317167479440966581073035444514	L6_CT
300090037367938402809916929159813342823	L2_3_IT
300134781156664075934110474580191478049	L4_5_IT
300224330881332225619705765934303555824	L6_IT
300255493583021375152295897500516178864	VLMC
300343916859421949552111843658308715001	L5_ET
300568424884585728545256251488686292584	Endo
300734899617869113904565731077599076166	L2_3_IT
30075158048290758052521727339937425973	L2_3_IT
300896006220218861948003103259311132016	Endo
300928099507312546152937354353455724604	L5_6_NP
30118613860918027726046889493345736420	Peri
301235056442899290347681163896820060105	L2_3_IT
301371664521379548927222837977408670633	Astro
301373572180622328183479670718868429225	L6_IT
301408858446771533498627404621339356242	L2_3_IT
301527863277350414341892329984094939784	L4_5_IT
301535452633043374025009941994709678381	L6_IT
301541690444015626604123284755930262395	L2_3_IT
301665402294908927053831964077020879312	L4_5_IT
301710539794160425807539208666374666198	L6_IT
301762333905290312298064319974367157270	Astro
301763911348283020309089169989980052765	Endo
301767819756953289887549522514207001361	L2_3_IT
301875000971154348219354431743339324782	L2_3_IT
301904078200801645176687813281196745432	SMC
302034860684065024215652551021453679392	Peri
302244254175438614669604336180544179932	L4_5_IT
302371909674141670771762823283835367868	L2_3_IT
302392505312065842984227669999149764171	L5_IT
302459778732112774006775385059922442949	L6_IT
302461791384613072659106386898104383266	L6_CT
302566370397217112202209526383029018551	L2_3_IT
302664363581987001423841067932857226833	OPC
302757397228466575724516882793355347398	OPC
303156472139139488379031796399309376265	L5_IT
303164733617020267478940986450022112737	Sst
303431346046111554987883595090871488696	L5_IT
303448278684614476442180067146361017106	Pvalb
303490383180667065330166394480332568507	L4_5_IT
303532175610340079238968099646722003320	L4_5_IT
303596985174272598708340701414807530632	L5_IT
303634369895522994830785886409704155764	L5_IT
303710976367169354434144367816433026256	Sst
303899320940499226268727646323121961199	Astro
303942160919612836512444328420411458140	VLMC
304007401602229277771474299461771546346	L6_CT
30402638718851878992440171358819598728	L5_ET
304092638100442579602328881315536548957	L2_3_IT
30417334808660423117328906634801405610	OPC
30419111442959742871502918219838246565	Pvalb
304234787501892091453007328329457735466	L5_ET
304303417940143983608686615473356951026	SMC
304330190355318963200812316588404751002	L2_3_IT
304384338816206816077683744529143206031	L5_IT
304407020145371566080003935202840824085	Endo
30441803959624348094889588768977195215	OPC
304464456051670615398987457263084516530	Sst
304537786439925001472150117505889393597	L2_3_IT
304546320029623361054615610492894172523	L2_3_IT
304548308011182718569445358187190898376	VLMC
30456101139695489841628037843100444781	Endo
304699828795295619969028222885016667714	L6_CT
304794847043339882027486311623445917933	L6_CT
304805112488095454795060719646394281577	VLMC
305230851401230790175945037729786776411	L2_3_IT
305332606437067785640073659625407358946	Endo
305392989280477124908268507137413617671	L2_3_IT
305418347378656265181359577707202330550	L2_3_IT
305520164983425831317567348109082458289	VLMC
30564465469398918621758561013850339299	OPC
305854109857033872920515019328333888962	Astro
305898754230419262852035600841537319492	L2_3_IT
305992938988787265072038127886708488528	Endo
306020601254924488867686139206180379663	L4_5_IT
306135254674104986927080640283881222091	Endo
306135623527361887007677401423819982935	L6_IT_Car3
306295811757990304159703566812995425604	L5_6_NP
306333004144773985343115242854142439703	PVM
306346660193853903333414009052636904893	L6_CT
306406741004403338371023366793705926776	Endo
306497615721465426105447075507909101588	L5_ET
30649991932312066137495038478735467768	L6_CT
306819932334883283244291322877581732292	Sst
306963153863075739468955962296135397073	L5_ET
306976580642397533431663765366549931769	L2_3_IT
306978308624333130990742620962426112617	L5_ET
306979000808659406902688647766825492048	L4_5_IT
30698985250986399123697984564735429580	L5_ET
307112292030258216926801618289201682135	L5_6_NP
307249066901088124554656649903182428329	Astro
307251606280543070493698161612483920752	L4_5_IT
307379159966975957698001876075669748712	L5_IT
307385043426796219755135511595235450246	L2_3_IT
307578697294160893058358485557959703093	Pvalb
307602517993784386990541357355980632202	L5_IT
307761200457270630958813721769515800604	Endo
307854474200163271910729931868702097893	Peri
307892950431230526237831122936104762176	Micro
308115662112139519594180369995286790274	L5_IT
308178943353630952405472736921986696675	L5_6_NP
308261825526698832110612540117054155566	L4_5_IT
308357476884266102102529769657580184588	L5_6_NP
308369739205941705301539993856651348704	L2_3_IT
308389956167067545803010676448511929450	Vip
308443130563555459236148400300260443016	L2_3_IT
30851268161171188732397436954815769636	VLMC
308640047535937430184664356878845739483	Vip
308653787516734210803394793367859927636	L6_IT
308721196159421041838323316270317510942	Peri
30881223146202201253136520380660215125	L5_ET
308884379688767041354846169358343060979	L4_5_IT
308903571677510544246112853210892867198	Lamp5
30892011602199098328549435272220997437	L5_ET
308934374726635883650216482517023997655	L2_3_IT
308989540681957518830061348794402043612	L6_CT
309085442420406308733202070007507089596	L6_CT
309172886831212497665199898342966275203	VLMC
309216255992658767410844905314883573748	L2_3_IT
309274318281068522357537385898756478941	L2_3_IT
309390994726615369673677833407016869321	L2_3_IT
309443099957788557918420528232968267125	Astro
309444594050540718749557905377624126229	L5_IT
309454276556810215059744247272640164556	L4_5_IT
309483713188744628216166547970939736064	L5_IT
30951558490331485117200541136687648302	L6_CT
309588515985854917473736288166955252691	L2_3_IT
30962654740135641500219904945576101233	OPC
309759485370683121495795098454720452751	Pvalb
3097956688612534549222273955042396088	L5_ET
30981097447667065723119315836315000089	Oligo
309824130800616480100365378778036354860	Astro
309839076613678744917848663276054965933	Astro
30993248290128149588434657327024013699	Astro
310088350707351713044141633362975013881	L2_3_IT
310210778105703626598460024906116687657	Sst
310240098786577865043187119300914727547	Endo
310658604771768388188616907176000593514	L6_CT
310753899509657238589356805910947902723	L4_5_IT
310777139113648534549558499825191796250	L5_IT
310794474279529370086248646840907380898	L4_5_IT
310999536924716895366496116999910654699	L2_3_IT
311033788322327096053073052437443972951	L2_3_IT
311055049790659545791478691026045612866	L4_5_IT
311055107651035232356643149119085799091	Sst
311182554525636902161060227405440960025	L6_CT
311201643589214281980911616005635659562	Lamp5
311330731194369189451864051228369474590	Endo
311350275479981800181512078802714106900	L5_IT
311673222517403922615718587780847686566	Pvalb
311800760096723421912307659827730964924	L6_IT
311815067743428830479763947676263550425	L5_IT
31187777156888449305074442727837193145	Pvalb
31195290404044726837634673149388465467	L2_3_IT
31211115247243810398582212878805977343	Micro
31216187773945122235535930605928669141	VLMC
312183254149305773444618648859907062459	L2_3_IT
312188221657296978275397553242778160637	L6_CT
312188492681833296796551249892991014643	L2_3_IT
312219926540677956629916378440581718166	VLMC
312223181741362243513086384995568348260	Endo
312468060211764015386827721894679215149	L5_ET
31252905070203151062365630603901020099	Sst
312577103238715024230892866171153819411	L5_IT
312628602986422503759470887351809847747	Endo
312732679723884152085714121451360083963	L6_IT
312889437527333831256510616450061193515	L5_IT
312923626344571391558770393215627494682	L6_CT
313049070041547936784416687744591379273	L6_CT
313090174651437220322867159995275073600	L5_IT
313109930287904099996503199723210259560	L5_ET
313201720911843675414859322398582445404	OPC
313201904038318954007375951880080983090	L5_ET
313459210494639463251921123382356311230	L2_3_IT
313513520888080967354677858400872053964	L5_IT
313547896562653770791461069779903639100	L4_5_IT
31356706333019235063944968049391552520	Vip
313618298733650281187306869791859936354	L2_3_IT
313752081521516271259161191396197720382	Oligo
313758903156029129133880484985188196312	L6_CT
313770217456411629932695932321775095178	L5_IT
313780664006931414497142977687392413554	Micro
313959042986598934470494321653759247587	Sst
314075380689569255795007977001515022108	L4_5_IT
314257183612545041818918909579271555127	L6_CT
314557629210959081733976889652202489555	L5_IT
314610796326439765821885772890051195943	L6_CT
314901266139341220510862666362919106127	Endo
314925749576977026837427519721173845933	L2_3_IT
31500002316269139311842758310139348448	L2_3_IT
315050194989939873586787426438107744843	VLMC
315063910797697960213882951230705533046	L4_5_IT
315123468372886949294513383353368942585	L5_ET
315169174312216590578917291566996689894	Endo
315270777555940630541255897558059611239	Pvalb
315399991349956030717428565415334866759	L5_ET
315516358443167933285512358211553889027	Sst
315573068050248998692154748813307877822	L2_3_IT
315577296422889662601610815121605771423	L5_ET
315594954164691620481635618685244050728	Endo
315603458387408158758517451351820101586	Endo
315699224528663034987588831594220731762	L5_ET
315702332849902612378244452886460629466	PVM
315845083214525570397685595091310615014	L5_ET
315995284400035192116263162600418778491	L6_CT
316091570557215704463804098686404832693	L6_CT
316148391209590486558228405231541422885	L4_5_IT
316230660457343993967047424446437202124	L6_CT
316277465248805992448935386311089164949	L4_5_IT
31643454240108065483809196697217553656	L6_CT
316573632571100783154515964175810614220	Vip
316576545710939216369594957886563798336	VLMC
316604349141775200223615600689776006162	Endo
316940531981215450818357932099598306732	L6_IT
316955433356413310760094421843767080746	L5_ET
316956973117931705745051822062096400866	L2_3_IT
316980677019592934818096255603922398550	OPC
317011020408577230479968209632647720122	Lamp5
317023097530068487610875241698811588125	SMC
3172925773044529578617908949431744845	L6_IT
31747305733350682079999331176781517935	L4_5_IT
317534203769435172772759844149231721682	Vip
317684213417857634306383922760832972339	Peri
317794137125910240359661376454280348499	L2_3_IT
317804637553361253671336425701013875137	Sst
317830368488346866627381008359942091177	L2_3_IT
317941321992158777626225924524857287915	L5_IT
318016418047238305481979446675909293334	L5_IT
318212083961545035804502842727867427429	L4_5_IT
318225944692184755749437382324820609677	L2_3_IT
318249282451788959157496120297108178665	L2_3_IT
318307519554864034519223704355591510971	Astro
318337307927217168573610897982980098670	VLMC
318363192350807476820874015862133620773	L2_3_IT
318422465143878214217635906524809536235	L2_3_IT
318495371336953586104443894796033297256	Lamp5
318505190281181412941174304091647455926	L5_IT
31870238060230497862867100950314612507	OPC
318716206975904562914333488892805224593	PVM
318739030299563883822017843146893701903	L5_ET
318792671182283586260390839632704146789	Oligo
318916309336691471278715941696816083746	VLMC
31902670678006905027063485628952451000	L5_ET
319071523344686265174534591884317622235	Sst
319249315972164732406010217352688971466	L6_CT
31932120148923322089391272685966664368	L6_IT
319476077643842488757656292485925301483	L2_3_IT
319487548314855620482772570267439032925	Endo
319662000033393366596780800437352315454	L2_3_IT
319874613008383454438878200955923727827	Lamp5
319897019900019587789937767794814147563	VLMC
320006507451111303691289940459921788406	L5_IT
320063166893321119084936091144335976914	Lamp5
320172137965255231535979562921910584126	Endo
320201776984786017795571975402807659216	L4_5_IT
320216916350253433547542052889889035493	L5_ET
320346160518300421190005591092198193054	L6_IT
320352496599746833625030434283747965394	Peri
320436281583539023775971455521035393434	Lamp5
320441263060659624833297526969188659611	Astro
320454851274380307788268855060697606087	L5_ET
320461572066245663791025041577598420185	VLMC
320486187229120575581152850295791069015	L2_3_IT
320487553533726706766051393348848472219	L5_ET
320574005265487253024847309670954418063	L5_ET
32080288945540461163094291284245815131	L2_3_IT
320888984898844340000719740474694918909	L2_3_IT
320917520884644524740830905510509046352	L5_ET
321020261052672216364997929920046585857	L4_5_IT
32132173007113805268300036360149878777	L6_CT
321337500658238082953746557868039631028	L5_IT
321405396412410366026830762505450940462	L2_3_IT
321421115578972863187294023821742542853	Oligo
321670291181375887888849487745453784611	L6_IT
321680721818762787385240210297817517954	Oligo
321733537844986031259515056439701594171	L5_ET
321750843039354448547988162431322497224	L6_CT
321770350211376037913432385851114861773	L4_5_IT
321818068753913184736829339425340746479	Pvalb
321904043773667953741930894473922679657	L6_CT
321990379028282531171881058870533271116	L5_IT
32209903254951173941393365186683949305	L2_3_IT
322120815124313545723217559574299309180	L2_3_IT
322170954556784077948712453166213284945	Endo
322260454034433225220522397183495971410	L2_3_IT
322435714311150208736324600926506890203	L4_5_IT
322454473907844694895633224900768982635	L6_IT
32250544322183458661870205085943212598	Endo
322720017687137435253648301881292073703	Sst
322819546553275779136260215350983624820	L5_6_NP
322858185923341934726134977889663967972	L2_3_IT
323025506300633908494349227532710475501	L4_5_IT
323356801235808005931942191411986786120	L2_3_IT
323473010901051900382925458211758516788	L4_5_IT
323479886158567209504125668567765433473	Pvalb
323593684365110614586551519124073183911	L2_3_IT
32361680079831708014295752060101704434	Astro
323814798465359503265540262840096649048	Endo
323965300532920958192652192952930384449	Endo
323988595127200135005341966653097969703	L6_CT
323992757908620253475632419212656870260	L2_3_IT
324109388891157703882723241120860679186	VLMC
32413979528273157240412712548737461390	Micro
324389328945279955741012189265264447862	L6_IT
324469615723027345805448913684726947594	Sst
324479876970119230529744421886821421851	L2_3_IT
324495687557029180113547853402930630899	Endo
324528421296287716341015082775297681492	L5_ET
324656142509205081150964576777915457565	Pvalb
324744532239545026025730663033670944262	L6_IT
324845008708937165675675685920038244315	L5_IT
32485689600347917795441678286085371191	Astro
324884376612816744797538056483522710270	Sst
324917029215228031422731649876050373715	L5_IT
324979811454883837486226829957301671383	L2_3_IT
325039079360039033140713347616390127134	L5_ET
325062290081350265573882061497088748940	L2_3_IT
325095820891238775081969339400757315064	OPC
325097850881635743359117340912340575536	SMC
325159494428347531100719903862696109416	L2_3_IT
325176712638306543397161034444498045346	L4_5_IT
32529837457340412016088023916564572365	Astro
325343510531719664231121291597867701919	L6_CT
32553701133671172010852163524949516652	VLMC
325589872935501156044661819393288139707	L4_5_IT
325769396487629197216855454824542533413	Sst
325799600778901120849912408283178698879	L5_ET
325815854075445939106232098327816246404	L5_6_NP
32605632250473291914599906714144867621	OPC
326096294017924869711307667296887198513	OPC
326132781743503726021864756981851494109	Pvalb
326273497284817873066557298660941713343	Pvalb
326497703193587419597696026707875019940	L6_IT
326629788606526225095886004835179048939	L4_5_IT
326651909575624533075805489094112321345	Pvalb
326760582360418790084712180229730039600	L2_3_IT
326797128327419538492114812253511441375	Lamp5
326872599324240102909348559460908413430	L2_3_IT
326890972353965807565520761163385598335	L4_5_IT
326916784874011592373110702193472733445	L5_IT
327065954644307808396564633029479389192	L5_6_NP
327086052338970522794865936917452690129	VLMC
327273330690814167938924471423064092550	Oligo
327341738159547501366813177028189507933	L6_CT
327965834966462057166383841446182322287	L4_5_IT
328062427544790777424625981320246958146	Vip
328136444898632080377460848527792141396	Oligo
328137112860400784324348071461369743735	L2_3_IT
3281423010870315627122611521415037476	L6_CT
328218389814552869624892786479155251016	Endo
328247126289966186349562146070428413235	Endo
328258222753368164277302103448531068273	Endo
328430359376885659634914294317036115384	L2_3_IT
328431251919596143179830554700612166676	L4_5_IT
328437214634536716180022886628995530797	Lamp5
32847611338579908433104344453801968525	Endo
328632852968714407736895466685624524601	L5_ET
328702738589290794391086459068111122296	SMC
328742395005917596052127732797962532548	L6_IT
328771595223177814881967966055139728883	L6_IT
328794480950210952918827086838865771107	L2_3_IT
328801478963329441057575677487221487135	VLMC
328920488379253926442796327607157760227	L2_3_IT
328944211284959441393787951080407015236	L2_3_IT
328958120264981873694222123444631325536	Astro
328993035838599907448719384993318749133	L4_5_IT
329204442395867140668637058943592292471	L4_5_IT
329230521432384234152220887009136429133	Endo
329305303811822545498181414106991514688	L6_IT_Car3
329396310467292468303910374934942070682	Lamp5
329437879853134165621284851553148489923	L6_IT
329465445689661282836786352684401009930	L2_3_IT
329544511082009062512498310763557609763	L5_IT
329569727010453811038899287368951521908	L6_CT
329615070937448461627667815027158343033	L5_IT
329841651143243593152838889440889586319	L2_3_IT
329892703231036891065775369711399557155	Astro
329938696822994496467860909899540547261	L6_CT
330143282133492407850611536024076501229	L4_5_IT
330174761225682026986214557368169707793	L4_5_IT
330247913268898091267677273537589496632	L2_3_IT
330273084430442559627955937251902656939	L4_5_IT
330299712135454867966962821750458660374	L5_6_NP
330377408358059363689532540953920238412	Astro
330433784444463300614118559364805976266	VLMC
330467348614542586733764733768417941974	L6_IT
330647656899991482525139806464133169756	Sst
330699029502306010513910278369294247185	Astro
330732869348987914784341108868120678937	L5_IT
330740734280589600802138405927303963984	L4_5_IT
330800035458838460605232246422968779743	L2_3_IT
330899555868198531174964596020165457636	L2_3_IT
33112120014918058977539853806499033282	L2_3_IT
33112744015303394698882667975529006658	Oligo
331394818707225419581456265427646733224	VLMC
33141863410388909065802648449144401436	Peri
331428573995583582451551598071411651099	L2_3_IT
331513119874718902260048185660830526454	L5_IT
331541951926366497843803540171294696542	L4_5_IT
331577154287694990238217679830535951296	VLMC
331620536662422315469725075083957019705	L4_5_IT
331633375842678520825581271462562607537	Lamp5
33166114168583182681174519809116681527	L6_IT
331689957988096051048387130659761588358	L2_3_IT
331804677351302687813030763749029575814	Lamp5
331843859442477440595881606280855363171	L4_5_IT
331849943619963725327926947693018184620	L2_3_IT
331922417434676292844945429864133854186	L5_IT
332102913834345522449600137753577787328	VLMC
332152173340602811528349291735501652132	L6_CT
3321741841989950780154234011010671975	L2_3_IT
332208464942581156577778916408272794893	Sst
332278449457129071767160899216029066341	Vip
332285504202232408926947034601651706022	Sst
332337646053191567490842692056351859358	L2_3_IT
332342744854304588291627651271906627413	Oligo
332455410190588735597781502260660935037	L5_ET
332459251094214587756841296293109553315	Pvalb
332499412941033637315603226964606822933	L2_3_IT
332578098701222215279612881731302876140	Sst
33260383032633677065157851324497170665	Sst
332642175621178530244342730798538795085	Lamp5
332650731721463771598062540419355388820	L6_CT
332692615931654635531500696428802111239	Oligo
333028431508543779090236976312693754726	L6_CT
333199786590123317840998795772580064843	L2_3_IT
333329045260565257355573706579725375120	Pvalb
333347415516000948239136097073747629148	Endo
333412264857235383633576886799791864019	L5_ET
33354070082165499090249497063876894564	Astro
333843123404663149390958461406916119423	L5_IT
333964878271387050559510441946593592970	L6_IT
33400492745164709526364883128358764070	Endo
334209531672120660812875952350086382735	SMC
334251161003811280904711009226813039135	Sst
334280994019473749044179208646460734114	L5_IT
334318697460245615522550178574056441099	Endo
334338110128769596475926339391230517675	L2_3_IT
334409099218781962214495712635236901589	Oligo
334468224133640703812139607423465622015	Astro
334554115505730191249755977679690899951	L6_CT
334568166890995509433503586443262352428	L5_IT
334698906494976594394505671292622692956	L2_3_IT
334913339830221930432983151608707534643	Astro
334915228304538539231331105894250984358	L4_5_IT
334952709754252753371888849065341894557	Endo
335022570506749879853234620150404694050	L6_CT
335162525492296124596607587443329770966	Endo
335181244184370192262511940757650883502	L4_5_IT
335227220227275297001542604377120302086	L4_5_IT
335286234287213546466113283402672189998	L5_IT
335469249810829072842345205403075866410	L2_3_IT
335480852102711146748718048869773250837	Sst
335493349365252273128144426273206022263	L5_IT
335621410636869919515921628770220309768	L2_3_IT
335643138351435797935472376112297181384	L5_IT
335730569340152719494405333294344136944	Oligo
335840450646540589042342100940220029678	Lamp5
335901127215538133730447889436913329038	Oligo
33594695617263162071200131837962548326	PVM
336086475285898214960412737445807490913	OPC
336260708379898324527988103186318298108	L4_5_IT
33626765581044283242839941084673217412	L5_IT
336285881260141128369814322332029672798	Oligo
336298522699928668702378665821125387247	Endo
336317631400130462227964606507193904318	L2_3_IT
336405384473915589986989166408616782592	Endo
336471835436326773387109313833349686589	L2_3_IT
336483046324212948647988689901319333121	Oligo
336553787442607144480749440039331203692	L5_IT
33661859126410898898945582818456453583	L6_CT
336626753032345465833436379530666840984	L4_5_IT
336671169786451420940602700006093768043	Endo
33671051994647434161340967416478302875	L6_CT
336745312878757122264736632214515402711	L6_IT
336771711697887610349523986795996368120	L5_ET
336798555642535270257382824589874792385	Endo
336831717341111978320424782115771440289	L4_5_IT
336834958280962721958269910363918278056	Oligo
336942917503944714523653208161183040214	L6_CT
336968071145720520410634249777962625153	Micro
336970070930109674294125764299078444905	L6_IT
337002778753364237732145551205987164738	L4_5_IT
337052590744939835955871219400362885783	Astro
33715225581071570569645900486125371368	L2_3_IT
337207643440539367838424851949780120344	Astro
337241050534269143030577283022501833230	OPC
337246287727677978372712499787357037206	Astro
33755780077342305666723224363365679770	L6_CT
337571029875769301777104816773112431906	L6_IT
337719177281481371751593227545547160477	Micro
337818924971453587796487957280246108963	L5_IT
337844204118779704889884473160743730656	Astro
338131349991531604857719975099686844702	L4_5_IT
338222998020180358382562683706219222716	L4_5_IT
338231797585771712105627035705914062498	L2_3_IT
338279874147970402311020272607661217788	L6_IT
338296331810737666821987253948767403091	Astro
338449190833633224925719141423722246610	Pvalb
338556856814453456071997431176843611530	Endo
338613633565222611509339319050636822956	Endo
338622681189373154898955437287150445148	Endo
33865093579132356231005640949447772015	L5_ET
338990954624100774824522074855139356607	L2_3_IT
338997985557860292318810713795256385975	L2_3_IT
339005245576218884271228390121153916730	L5_6_NP
339013011131156296506533900096387572586	Astro
339067355753511808338026364036157920871	Endo
339069085494331768530237555940181806723	Astro
33926415722825268156034148194597994123	PVM
339451430064988362340489186278672623189	Sst
339523602818395528202624862221307103840	L5_IT
33953078841341692724328947948092749169	L4_5_IT
339532723524018368771610803127206821565	Pvalb
339569493869024498989285031080035430507	SMC
339719725696016303244645842534370206046	L6_CT
339725983261769717643823151436330473000	Astro
339749271312795885174477466062328391565	L6_IT
339880202466578241889568728179329879759	L4_5_IT
339941663725151623962571471691133173009	Lamp5
339944710108594105970482649049927454915	Astro
339950622410122653829488101579411084193	OPC
340010804472373084887023060325749851212	Micro
340034306149793933322428059568699182207	Lamp5
340130380916182275125875248010353817289	L2_3_IT
340175909371780053481800198373629121453	L4_5_IT
340206118052660404486012530977648504080	L2_3_IT
3416126655017681439692189890686309352	L4_5_IT
34249626295807468056873808923396723994	Sst
34264636844506951564331213663018944859	L4_5_IT
34295769795547078676475314508550436794	L2_3_IT
34496774111866618197612856628738083116	L5_6_NP
34513293354734070386424153937627612723	L4_5_IT
34564537800209132315012338147596769813	L2_3_IT
34569022309266435079977652190840907586	L5_IT
34583324069099115360029177760707212172	L2_3_IT
34699692619521172392476357325016228678	L4_5_IT
34723182058924265408073791811691302037	L6_IT
34784737839503819674779264849917815059	L6_CT
3481468923443477044619763465568447317	L2_3_IT
35009704067730176945390472745852891097	Endo
35109303932165754447648355653885343953	L6_CT
35114476635952616986658881741397480062	L4_5_IT
35318975132151531809629292393394949969	Astro
35392899636965878378647474267144079809	PVM
35463563963762154499719534952321989069	L2_3_IT
35565588844320670416163928251662460080	L2_3_IT
35583919152370577434935462546452806626	L4_5_IT
35644848519888559979056734037398056625	Peri
35713134404527003130219799452616898640	L4_5_IT
35714285791603244364572656055850356428	L4_5_IT
35731994202958306957721872225795591571	L2_3_IT
35800379926459970914606027899093655521	L6_CT
35867274889728329339064092911128978624	Endo
36042420785519849510332841594723995805	Lamp5
36080109397104648082948071160307625860	L5_IT
36127497459277715547960418483498628537	Endo
36178382628609835576567691757630083469	L5_IT
36318035849044293904587084180523262229	L5_ET
36373767317377068323720586575078798431	L5_ET
36404860872086531807889723149180336901	L2_3_IT
36461652443774855672376998223112783292	L2_3_IT
36694970462453147148169501216959538236	L6_CT
36855625558826714347664802281087840440	Pvalb
36865418986234255221808864655749000247	Oligo
3689412218577160422121539388448719173	L5_IT
36949337127826990762300257012807218398	L2_3_IT
37197830761931438027541823991447602340	L6_IT
37242010025502659419729084764159648607	L6_CT
37297157676460254395387941579680959684	L5_6_NP
37554856667165669508130985073729968528	L6_IT
37778079948914431623344618818081207704	L5_IT
37781176384983051848767084646319389608	L4_5_IT
379723268488897347999752659151952000	Astro
38086359544417720368582623308702846791	L2_3_IT
38164031247394027213386370230757943823	L6_CT
38318273759106443681112043043527534279	L2_3_IT
38318419973673325911673337583174572886	L2_3_IT
38423658359677449096149035485560599994	L2_3_IT
38512528722094565433687243475556685312	L5_ET
38629459659897246510093238596075975990	Astro
38667593738818195781752706823697102767	OPC
3867552234074171189115352152142218544	L2_3_IT
38687307407584829229846836165958562887	L5_IT
38821315108230545687537938290766076975	L6_IT
38938357050825411786365752884657669411	Astro
38941322478331580322037196761723834653	OPC
38946835221677779596936553798298473746	L4_5_IT
38989042776838273800582033503202671704	VLMC
39079481306161504183302457030506463284	L6_CT
3914957488183005535854873919643221113	L6_IT_Car3
3926382353440455005159595359502740821	L4_5_IT
39294267675373757032634463314686522533	Endo
39308064609084223297854000610617820738	Astro
39483161308635677781631687766511612845	Endo
39557731501915038008334317635375340790	Micro
39601336630107878723871276224115734498	Astro
39693316101769074617171245233800489778	L2_3_IT
39788832222597991406613320490977748168	OPC
39968333228440872087830461588417352727	Endo
40056520620394975134877892838403046681	L2_3_IT
40110316403953838168831350325205078290	L5_IT
40134523265137632477379198931538283587	L4_5_IT
40203058003392709651845566217129463639	L5_ET
40211959625258928620191551771352102944	L2_3_IT
40243963211080738611633840264554523379	Endo
40843132531471723182691878094140452031	L5_ET
40864215757036182758767523690698407035	L6_IT
40874281926294332421118501769046944202	L6_IT
40893033754415771974914137276723100500	Astro
40939547012830077241889026574318594315	Peri
4095669639125061557995867056683738501	L5_ET
41052860405522796550087474009677880281	L2_3_IT
41216569122407555765714464118438951913	L2_3_IT
41399472135435185537780016943195527080	L4_5_IT
41857637557756104698813463633431601350	OPC
41892094892483730379253833930567225964	L2_3_IT
41921771700989054030990388954795343066	L4_5_IT
41985383256629311899122295528889688088	L5_IT
42011176590816841326008920761075935906	L5_IT
42093594976081701343804389479104081656	L5_ET
42094805773753692571331391913764598980	Oligo
42098699153094425059135933051397509592	L4_5_IT
42109656847304688816486603980422761804	L2_3_IT
42187538756653561921218225970567522235	SMC
42211563631087789430058017520010608177	L4_5_IT
4225540512996765088319663865953331825	Astro
42382825701143768941200644664639177062	L4_5_IT
42396595161007920813087297062629217911	SMC
42430040029073203501461653847193747209	L4_5_IT
42441501352139960238162467147339945974	Lamp5
42483029353463608217094827228587817262	L2_3_IT
42523179009011594394547283382447201430	L5_IT
42719108277289323387419553878972268060	Oligo
42737620034889308397534423536448440918	Endo
42770842213402657535441193729664146629	L5_IT
429065381797152242535291862616955103	VLMC
42952000649039209331388874042551531481	OPC
42953553521115140785418619251306947990	L2_3_IT
42964213728859607066583121391642202381	Micro
43059862219998412118220341694754378794	Endo
43142353263433793960523889638034420421	L2_3_IT
43168863453575150092481356291077752690	L5_IT
43444691154126312065243480026926781198	L6_CT
43589869345378068773814457859505862108	L6_IT
43613443500918048734160935163017795402	Endo
4369207583264798827327753410596812028	L6_IT
4378085019167579513781902149817839008	L4_5_IT
43890803323477100822966854060890976160	L4_5_IT
44092419486155661349060536463375265136	L2_3_IT
4409376406187759634329983380947149122	L5_IT
44098066544434194411228817893344610897	L5_IT
44126533665665885459183762121945166845	Endo
44210997699650395145749907385804422554	Peri
44213958458681461077520822571514656963	Oligo
44222272939324101132014642925190450861	Sst
44256896331785651768516462331803051909	L4_5_IT
44293220986038917682805209595298582310	L5_ET
44388139817826663562208361260544378301	L2_3_IT
44636953269207925160887644162541936661	Astro
44969544564741179075269380296033065343	VLMC
44977906055615130211757721134763921318	L6_IT
45053880868872764351674799628513222667	L2_3_IT
45057974588102408841683372985127190750	Astro
45120978013317060835382029989090649274	L5_ET
45218884426043572732351958897516545123	L2_3_IT
45341109923558531517316600908725176229	Astro
45667993986506346934604364487905525683	L6_IT_Car3
45695190155157529328513834005018605684	L6_IT
45745186825732745770663602910453028121	L6_CT
45768923814585032043993141834271464186	Astro
45824360862668672747659709317829836696	L2_3_IT
45992141345549724408935557328546357942	Endo
46028855152969942884029741600450149572	OPC
46246456290950513226894019489316714276	L4_5_IT
46272568332547244864995088718316331183	L6_IT
46444669266396036186523514498825195108	SMC
46499970126523576871399789426442936994	L2_3_IT
46568694150640342655729452643117732660	L2_3_IT
46601063849357496256256603130630337361	VLMC
46642122016475533183530646676340259372	L6_CT
46665582676548400077142808303182921969	L6_CT
46732427734100446105771261378929284855	L5_IT
46789358995126556724142913253492004597	L2_3_IT
46854179307853019634940341396885562860	L4_5_IT
46856761343796126296200960024518081575	L5_IT
46872184124738245173760478132793095713	Micro
46901831447165543460535582806852574996	SMC
46908506632624688884848422255792305833	Pvalb
47023534548456017450049473057729166500	L5_IT
47024573109438883932794967384389916633	L4_5_IT
47085993381371043430316564346175788732	L6_CT
47113163910759547946085082853431472461	L5_6_NP
4717831418368859458184716359851466361	Pvalb
47409054515151972369509252610118320941	Pvalb
4750474866653585747238438627446128616	Endo
47657558672574819601749976742281547207	L6_IT
47701150395585206084597684900585728273	L5_IT
47773548692535328376883775097971156677	L2_3_IT
47792164389971095990927565372144691961	Endo
47979296688927207303589789878349094711	L2_3_IT
48104178721447500962543947916103402332	SMC
48113109857074864595971095166011484475	L2_3_IT
48135393178353482317447314553350652082	L5_IT
48236119700394262113966842651130440776	L5_IT
48239463152633146946865780580461147451	L5_ET
48286280350719361737785190270714541488	Endo
48312227166047597723934569297970245783	L2_3_IT
48375062369893337622353199010532457899	Sst
48458365171464501767986369139896098457	PVM
48491219323142582231365679943994231666	L4_5_IT
48573142717244934028205382066499217476	L4_5_IT
48662721553879300331439035420496854833	L4_5_IT
48761651496216071629496459073802461640	L2_3_IT
48927897805270154282775529324529899147	L4_5_IT
48934629902193695309650854816127258132	Endo
48981113046792927588250242719943043257	VLMC
49005085154058346030288577258238791777	L5_ET
49094672334633452705078519567271410177	VLMC
49130022169036320308530140058336412646	L5_IT
49142857675343989490934056032157927071	L4_5_IT
49185521603949705040761727099809140078	Sst
4925626277336253162663132190214548415	L4_5_IT
49360166544703435008985269935705839290	Peri
49423108087719461802649899480893755818	OPC
49471701974759353799840271410210820529	Sst
49488126646435415973225982208209678830	Pvalb
4971936995887533450516635400962148656	L5_IT
4975803155747233639798468835234313981	Endo
49777213983331490680581206460189293381	L6_CT
49890306820383459883601426857176729295	L5_IT
49991873712950868447571670855407696049	L4_5_IT
50068700387253413552788140885586713321	Oligo
50112550214207220317547805138655361336	VLMC
50168325674585342290132045874056233163	Astro
50200756673773251191343849971646858260	L2_3_IT
50211849200828151729229930154161940190	L5_6_NP
50218512965326941403568439882386054031	OPC
50280593810005486681834027688063666078	L6_IT
50307253681512770670511588579714763592	L6_IT
50324170612214040779833648105595615577	Lamp5
50434271039009485082661382989564033224	L2_3_IT
50572739533140977148945863167417810113	L2_3_IT
50608258750168196683967492236859076650	L6_CT
50615463327946691032527033486522189724	L2_3_IT
50738859874531625664049060568098510756	L2_3_IT
50777904660864666124889378588287216687	Lamp5
50907822365688934986006367080843377865	Pvalb
50996008582836640148197127761750979760	Astro
51000318836133112674929307143956375541	Peri
51029618252058983779876329951451522741	Astro
51066623871767018716915796547117314519	Endo
51071436927351958996681679701733402036	Endo
51246225027493424036827518999002603353	L5_ET
51254050610537451552122151709428991765	L4_5_IT
51335653574879995960446194683482669232	L2_3_IT
5137558386772310614839091707550529730	L2_3_IT
51398866551156921661788747192926153835	Micro
51420915387624064759526835013060427562	Endo
51465575480785529099805657596851154856	L6_IT
51531869743369577311689016591731245647	Pvalb
51536778315669728419218118983472600627	L6_CT
51576056118893052001897165803081760317	Sst
51592467547545947249117395680622609658	L5_IT
51631836797454403654363343492881687763	L4_5_IT
51652958228377506426712340356980036236	L2_3_IT
51722036963979978144968078825538801563	Endo
51750077728340258844229310436797495337	L6_CT
51808600815793388536818853921356527631	L5_IT
51827905262073580095698524817495308299	L2_3_IT
51931704285670065392534724845630933105	Endo
51957416224342544018678248884775468862	SMC
52013957704110326109398251572453676774	Oligo
52056929538784196792486171958480935281	L6_IT
52159294734564865382319344413974601996	SMC
5216763591903789304049829303121905841	SMC
52337031225948782315781615855283015109	Vip
52465667117096673177889487321176028150	L5_IT
5246716211959196357140305518439740328	Endo
52596842076104876026387686102333897672	L4_5_IT
52641155625671612124793130449446388202	L6_IT
52653624819167534517641303193107519866	L6_CT
52726672208533323546363586063192635410	OPC
52942337375679085626517804908455581315	L2_3_IT
52964436648287256754004205103427720851	L6_CT
53102869902203284919209444725957205964	OPC
53103240081708652169208526160240383497	L2_3_IT
53197244456402641971612893065434142109	L6_CT
53198251420468685673461895252529300582	OPC
53216775206945859454882463625018421029	L2_3_IT
5323685214300154986380418259871027495	L5_IT
53771060035959106273047806331189456324	Astro
53851391045705474716965804392149496493	L2_3_IT
54064983550620099009207322853132480718	VLMC
5407034634330924122343080537754452952	L6_CT
54074365587182847805090352485262872508	Oligo
54121119098225161955700306537676848225	L4_5_IT
54126213983426896073026141762667417024	L5_IT
54232938078905298783620234037074204865	VLMC
54251051293314135473163341287493081797	L6_IT
54344740770383429118877576996363790041	L6_CT
54421317362592889426312689144075014664	Peri
54534658745238007404565187229313918446	L4_5_IT
54583937305150298908278460779789712816	L2_3_IT
54593114325743865952527039841082213293	L5_IT
54640021574003981856382277785603171035	L5_IT
54680964005424698441250040837868532982	L2_3_IT
54758718559687658226966836866011760267	Pvalb
54858249412377576790602140916199357574	L2_3_IT
55059225773231713470753187778577721133	L5_6_NP
55116118365600144821687775335559487652	L2_3_IT
55121035828317757612474451792605480021	VLMC
55176366993199345377496120870412095081	L5_ET
55185647821910154704443515894378944665	L5_6_NP
55215075563751010380656060561761116807	L2_3_IT
55288359906222412259974955637846876210	L4_5_IT
55441073310887532286771565735238859964	L5_IT
55498362251500839678348263771784600059	L4_5_IT
55556557797935855254906619263710340050	L2_3_IT
5560219026382758234104923934888381779	Astro
55640847588935431217469511069082871969	L4_5_IT
55678577633417103385964899159485862455	L2_3_IT
55698555218226570559180238933169257368	L2_3_IT
55833478429335831704510786802251639299	L4_5_IT
55840775943301212286745492802644421380	SMC
55851938203364998796946482411125242078	PVM
55885374813769353547034334065360830237	Sst
55925060926892433601062215652656330079	L6_IT
55927650689554295301533172824821716862	Endo
55980197818069334871394664157785709314	L6_IT
56109449857352553483645050457187159543	L2_3_IT
56119389863602940432023293698269854296	L5_ET
56143055507925301042595257956339694596	L6_IT_Car3
56189931105461731021666102643596818048	L5_6_NP
56272695675299405423732403778292734850	Astro
56368239374118767196427650646003716638	Oligo
5639592606786639952823624788610551029	Pvalb
56498197087676944013311647105425124829	L2_3_IT
56549572557830715557910772407362834874	Micro
56630953490414703922020474245698624523	L5_IT
56640887761620184227958507507554636882	L2_3_IT
56661725714703732341650042901725970659	PVM
56718606901399789182500136688873307117	L4_5_IT
56750478732583834719576012760799211737	L6_IT
56773637341850392204113997415544469813	L2_3_IT
56822199429431315675651208403799598173	VLMC
56882086705467774678789323234060261116	OPC
56898959778881497766634866144725503183	L4_5_IT
56994687519134775655013711391194196586	Astro
57152427143821154014011258264897830235	Astro
57216368856359316089166058894265495191	L2_3_IT
57345633717857931032282976288713332923	Peri
57410764079982463261310586680234744578	L5_ET
57465655201287743231226723612346376508	Endo
57475391599127333995629948001422928318	Peri
57491154361996888191766741446765249841	L2_3_IT
57649356934609308165063085376432594981	L6_IT
57729123046784453242319613014585775571	Peri
57760013983607985409344317813461553897	L5_6_NP
57772175224458305824413171264193840149	Peri
57778166858505092917589792569304778848	L6_CT
57804611170900764515752338926235927647	OPC
5783568765776184103290668291015590634	Astro
57878868990327205930426043679113128236	L6_CT
57962098893586793992242248077742544320	L4_5_IT
58052824627518515696963422403369833723	L6_IT
58063209638256958461652779884756201248	L4_5_IT
58109160643642232293863994137619893834	L5_IT
58133206969225959868023603028308285448	Pvalb
58153248140513604586751284172767787571	L5_6_NP
58159711341115589866710514329990057945	L5_IT
5843622369437948906049518508237806026	Astro
58600086092607576163845432321084056437	L6_CT
58614268117399954852328477067627276193	L2_3_IT
58640751857101487905029020492574034325	Endo
5876912759483530851771988597941947829	Endo
58801999608212743458307412987183695223	L6_IT_Car3
58985182980727090902038111916210040265	L2_3_IT
59001510294681348999005278802979928467	L6_IT
59008131918824717796472768653755107715	L5_ET
59017470786181836669450572407795010327	VLMC
59023636353063604242095853577381582681	L2_3_IT
5905252785615981959830149670173262961	PVM
59115056283708007282822628429147919307	Endo
59169507610410356373669093934910288602	L4_5_IT
59287452538059125458697747291078082130	L2_3_IT
59359891046453340260742988255376316138	L2_3_IT
59368008928426318905552410549871254371	L4_5_IT
59467710565621883252937499762890461367	Vip
59661807563002494740986056503793392672	Astro
59675427810981078472921335083459757717	Pvalb
59827149660821824806492405503921481662	Astro
60038793387621348809369960423775608537	Endo
60048783719286020964719844609444228686	SMC
60099018099229619112324925120950650270	Sst
60126623627796764031243176885884182809	L2_3_IT
60206671507083520671701328809692300331	L4_5_IT
6022288958388708097906028597101595360	Astro
6023029883094486660283898505992692473	L5_IT
60244296547102208198927444949968158087	L5_ET
60296505421016345497352471570108016890	Oligo
60314886070518182240131259105087614567	Pvalb
60360692812905478934113205912882497239	L6_IT
60460795759250428239083794072742833588	Endo
60526758582873181558648365571590891218	Oligo
60550597961088498464038794645886511078	L2_3_IT
60603478229093089765818618612838085068	L5_IT
60625244999534450344053120748605499264	Peri
60666260394326246761345720373996507106	L4_5_IT
60703822989997034824798657773928693580	L2_3_IT
60812077788475195959144877613362639861	Lamp5
60831921275281946016621100010122113146	L4_5_IT
60888841489583977469362085025031956210	L5_IT
61030733471505212760026746719129419699	L4_5_IT
61080215156922969274477596842208093816	L5_IT
61162768297928345846923787709677572893	Endo
611716203986655418913949135540277048	L4_5_IT
61224604084827559338456705902702284701	L4_5_IT
6131112456021413400866476662206025463	L6_IT
61425470457824641290517825441616286284	L2_3_IT
61509507386163002470307043911534348995	Lamp5
61517632700182700066120784702159610901	L5_IT
61583507988870666918661559334189308622	Astro
61635648119675806275321352010216057168	L5_IT
61666586762159224201942648481894724967	L2_3_IT
61692554902472215082967072190039456268	Endo
61696593403209919684187089797023931310	L2_3_IT
61734305417976255760743945147480908448	L2_3_IT
61763211301007246819793749334991665936	L5_IT
61776072095044963343146122786344521176	L4_5_IT
61847811922675613207001868256445260130	Astro
61886708539175983285397218764712830928	L2_3_IT
62128164703411485282202383959107173817	Endo
62167500454756673711891516924610509336	L6_IT
62179116722031549924954572524533105089	OPC
62200948461666133145822915084923853301	L6_IT
62246662980915200892470969131875487690	L5_IT
6235855280358888845448613902660555392	L6_CT
62359484477170957851618921805658862814	Oligo
62445983564850450424099890574877027581	L2_3_IT
6283043400690358831413786620135468780	Oligo
62880368439879109100609746951839780765	Endo
62901391602836649883826403427300932588	L6_IT_Car3
62931599552968413356113934569449381334	Astro
62947937874235802273461099327870702581	Sst
62968170056325147305963230427382873349	Oligo
6296986595541602291925438231811284582	PVM
62975847516071757718090019233349930092	L2_3_IT
63131303457466568606468206662761159725	L2_3_IT
63153961598262675396504569804626657381	Vip
63279835092758189724193350070293810578	Endo
63364078792618240578188186949606446965	Endo
63836049314446696127386179603050402148	Oligo
63868247785753694377810940464556564408	OPC
63894698472817626371630388973866996601	L5_IT
63899938349833862008991842440498870617	Oligo
63918060447118924449826127209498767994	L4_5_IT
63948169881689838995804684330474647734	L6_IT
64001310590964087683175527417103193887	OPC
64021701028083930428705314076264224231	L4_5_IT
6410171131269587517584968863172144058	L2_3_IT
64245765336727414187994212808127290200	Pvalb
64362415556280052385186216624347966783	L5_IT
64415041801487424671359296884989434203	Peri
64415421891455983420054593584732558198	L5_IT
64484022250006322297473784341165533307	L6_CT
64626541430961401090995198974801400406	Micro
64627648917852529854653472909503784920	L6_IT
64733334141639626930254520785654487655	Oligo
65084213061848135409204956664905846778	L4_5_IT
65185593183551089018144207229142457355	L4_5_IT
65274663238833986822058688085102571712	L6_CT
65288376116570523985559906943063101097	L4_5_IT
6528887306018727025824480084422177784	L2_3_IT
65545466380488439968294624105316325297	L5_IT
65546576192663752583802934844450685509	Endo
65578244523114760983606341772121808277	L5_IT
65626611904138736795643781398253308345	Endo
65718991021729643104361189558677603062	SMC
65934511827859014809547906712463289643	Sncg
66073457787709655415828168178373542814	Astro
66151916089489357851015861232835484004	L2_3_IT
66203195875479559774319258947431334748	L5_IT
66217539403812988692980728480408553495	L6_CT
66238049277191927103882222231718182505	L2_3_IT
66306038518999076742024434825578750194	Astro
66376840288448492184867105322045232268	L4_5_IT
66457520728060092105493853692873852151	L6_IT
6647034476073159612277535311227907759	L5_ET
66475461732550250902072875320969739562	L5_ET
66543084485904437371587994142547841598	L4_5_IT
66548833774373938183081902524943898645	L5_ET
66553786119294617105209922533232133183	PVM
66706400268439524436602363710237619535	L4_5_IT
66831924957978080302493380555753570024	PVM
66852928214087229569854653089133775452	VLMC
66907913253252566345123396402180938014	L4_5_IT
66911846531213419940546889745164496405	Astro
67020745725562266308791393316984508672	L2_3_IT
67036987577606523668074068250683888716	L2_3_IT
6720811975280549354161855446216834165	Peri
67313058400854204311594241210135356353	Oligo
67361782826498767803091472504476991325	L2_3_IT
67379045081235277515814674205132298762	L2_3_IT
67531762289240331447805029443558507235	Astro
67601860561699900803648840492934141638	L4_5_IT
67687554647047498302135954274634414264	Oligo
67749975799167600707785901951410668482	PVM
67780315843296030562229607791361052740	L2_3_IT
67810175048244956196752118379020804833	Lamp5
67826780197371452970953188621853119692	L6_IT
67976815143879605351616023147528024441	L4_5_IT
68043430783908900305576674643739865389	L2_3_IT
68085162122516329098589174458312603947	L2_3_IT
68393873364605141405258830284153315021	L4_5_IT
68396078767135494230582705566235525468	Vip
68449679887067626961228019691248685321	OPC
68586389151136334330213899568515589007	Vip
68832796732115393504919904006095662349	Astro
68841822669921143840453236515037028749	L2_3_IT
68937998182938106936518164168021340305	Endo
69028226719270303351487779637313330177	Micro
6904561393982350497968551202314006810	VLMC
69082725686220086375283969750693146987	Oligo
69104541633382222443827243241072164109	L4_5_IT
69143009763279217993445375020222064374	L5_6_NP
69229013964636690518997699629039059578	Astro
69256611597258360939646640248105913210	Micro
69270705207104940817428466163828032940	L4_5_IT
69324778666995329577438839906883070591	L4_5_IT
694338038619692542949402389723528225	SMC
69448378340819248435264944620705416950	VLMC
69462657528292667527630339816219689484	SMC
69470189191904501743866231216908644880	Astro
69587240225947889461884174154102054064	Peri
6961741929893327605001309695934687548	L2_3_IT
69936950586492020552081098924613351774	Vip
70097532819288778417580021179354918596	L6_CT
70209735213405083786083486335471551552	SMC
704076923888206196347917919768552408	L2_3_IT
70502356411746438585605904142348127433	L6_IT_Car3
70545131201123808446212593506281441593	L6_IT
70587233256528025037488693975146512062	L4_5_IT
70641743554905078489422880833824955355	L2_3_IT
70703017880089752574071140197974403815	OPC
7072093303211067610587605683510650444	Endo
70724102112075254398660730210067724522	L5_ET
70729869927750101891444624691791223227	L4_5_IT
70743537852925606320744139038884635299	Lamp5
70788532694521458617503912445460051113	Endo
70801899354090389261932171526968565437	L2_3_IT
70834109330890638591245123442275292517	L5_IT
70849265665178159914188725688490607276	L5_ET
70889030316176832518674411673924677981	Sst
70942292763404686094600311632141273527	Endo
70974717200475590661341808754883577126	L4_5_IT
70994845946352009462845148931169229734	Peri
7102876876113441964035711834658102282	L4_5_IT
71034824415536534575149315154483897877	Oligo
71041774786618431689370764623694735481	L2_3_IT
71231739788682529022862519088913112716	Micro
71231753794404851499213073607290000439	L2_3_IT
71238501635495797214405206037449811399	L6_CT
71257396396980551616664314005932849571	Astro
71366909310892320496564477496314655221	VLMC
71377805251147943201351614303923303900	L5_ET
71380617468287360791734143477668824041	L2_3_IT
71382351914771245401103215286278880850	L2_3_IT
7143959258857116768668838420408276424	VLMC
71573597578405374189216322561599122466	SMC
71650478039384451099752625218844906412	Astro
71650751377410735863499214868307291624	Endo
7170742652756561642694696003669506753	L4_5_IT
71815225785014474262165568803906096342	L2_3_IT
71902538439535134454637622059539240579	Pvalb
71925750075644097223893804519963861123	L4_5_IT
7198949164819253169581482772946437739	Pvalb
72039055564499499943602451890126961714	Endo
7218518933949860194019306174580889966	L4_5_IT
72392062773815909501265457769164734169	Pvalb
72407151119578113140244512720494985516	L6_CT
72437425655883677890242500789840078691	Pvalb
72508052539459566755695655219995275263	L2_3_IT
72588880290601694082565457366172732339	L5_6_NP
72624128896941706232665028807793203497	Oligo
72649066836090633545198512021602484370	L6_CT
72725738724322214891186038865438878930	L2_3_IT
7273574521407910378476047225480063466	Oligo
72785012760744129287917990744686678303	L2_3_IT
72817493773362474531082157353200110804	VLMC
72933694622200544348794994793328163906	Lamp5
72974898381276527675719558623813303808	SMC
73131895259530470997969648522837785775	L4_5_IT
73156159375114670110424620346953980202	L2_3_IT
73163862288760521483184527156406283546	Endo
73198105722868092521059748748450716197	L2_3_IT
732099127950069684071550444642368905	L5_IT
73341205473900290397323358903158948366	L5_ET
73345207614032379086108881221970282619	L4_5_IT
73619529895011178816649053990700415392	L5_IT
73631212473274467332202774110416577451	Endo
73784403356225495553909001392487504057	Peri
73822875755826127842693197362131592891	L6_CT
73945280512414250640562674476807250475	L2_3_IT
74066123389575590259764264072575923777	L5_ET
74106864463396252968687281128478955333	Pvalb
74113252445297412012583744135369433957	L4_5_IT
74243479981089799760580205656163404436	L5_ET
74251438631939516965678102803304835930	PVM
74347703569415824165214140174637520789	L2_3_IT
74417696886723262091860746381523887824	Micro
74474569179184043742610000891553286467	Sst
74893907917472865105288592797455423737	Oligo
74977699617326818079087567760630816063	L5_ET
75013177125443662061892926958507790258	L2_3_IT
75029702736678447431079794163674521247	L4_5_IT
7503723995416267772913758497431012403	VLMC
75168255901389689945240303403912595340	L4_5_IT
75190986565639661786173562525479263538	OPC
75237676957020795680365146621222990458	L2_3_IT
7530935365806719726381768738621792133	Peri
75337291616971144589237382911723539520	L5_ET
75347205250215858814137643928231325548	L5_IT
75408334422055300300917859154442936723	Endo
75433828420190644020521096900867529079	Peri
754627584202817917903917368960802045	SMC
7558643431566691060339214605928227161	Oligo
75855752473931223170900509180785388444	Sst
75876808710417741320482391855620990040	Peri
76021197362029595542577916367722178699	L2_3_IT
76051071152643147956826838982974290303	L6_IT
76253007064694401604718867741288484969	Oligo
76313775297691169455159680913210029075	Endo
7631632542996256600794435639731167456	L4_5_IT
76415022108801111839780951765602322280	L2_3_IT
76429852182908108751869651522278521266	Astro
76505855740238791389094364422797848606	L5_ET
76673223398360881373180938852559410750	L4_5_IT
76679895115032217952520549639776662384	L6_IT_Car3
76715736342052163236953604769923845015	Endo
76804826178895157471957702093152352082	L4_5_IT
76818821188400065011763524067709959272	L2_3_IT
76847107737262504068581226800108531949	L5_6_NP
76879498597286780847218416558819915748	L5_6_NP
77038363835045914906878941408787448296	SMC
77096847598558803714521214220405175008	Endo
77182007026739263823608576405104671038	Astro
77326312606020872755323448920248821709	L4_5_IT
77508471766757179783461029266024002010	Micro
77776777833907446620716171715488780287	L6_CT
77808697649187533003375177924986971154	L4_5_IT
7788353546611057992034000678669511230	L2_3_IT
77912918980334203149634188976358952059	Peri
77978680679407560812122079310691944574	L2_3_IT
78000523916421123416271422406873003754	Endo
78041915785808985096415374064007419684	L5_6_NP
78065369659146422370699319561944718792	L6_IT
78082452817315974195865639550658215255	L4_5_IT
78122501344136164663820780265752464954	L5_IT
78316608495914626679815160798135348252	L6_IT
7842141559414758223677007614096004400	L4_5_IT
78528901472357831349690978635712884615	L4_5_IT
78704588307181545392755213147118748841	L2_3_IT
78787303812616071910813914640544152298	Astro
78834237792458997245198332724795615585	L5_IT
78849378527743317617441156876264328371	L6_CT
78937063160849235931206773762546245663	L4_5_IT
79105179966267054430258667837809452668	Pvalb
79191325420242394150060588310922124348	L6_IT
79191958456097048018909308215835261415	L2_3_IT
79193421240958868506875368049432763404	L5_IT
79307845833428295075015862820695609412	L4_5_IT
79505135598090829625766002523537696868	L4_5_IT
79513723219221216930990552979036675005	Astro
79614208103851728725832990388402931679	L4_5_IT
79730314242071748758043428288727596155	L2_3_IT
79916728096106650384992053822837567939	L2_3_IT
7992021029505778932260382182604828495	L2_3_IT
79932594659184750906082809965593066089	L5_6_NP
79935874462595021628089480594031255053	Peri
79951642086169678540729660999589127635	L6_IT
79958672979505124864633742237969017980	L2_3_IT
8003916518477230270989905396902042571	Sst
80048411001906225286318509374546160560	OPC
80181220315069275109242060911248254888	L2_3_IT
80210897743146618991411525086202387696	L4_5_IT
80355141737723280157129063774398600734	L6_IT
80362880647773685615317957097812440691	L2_3_IT
80458028806654105811075390746162880734	L4_5_IT
80475293898218445587400235442067458903	L2_3_IT
80630075919359923364501449824553582977	Sst
80696256545797819868221090739535581281	L2_3_IT
80703268163154386617419330196530493844	Oligo
80868290332348661632568527111790201290	Astro
8087698575955693192148550457548084474	L2_3_IT
8112254646531772425738811836883278458	L2_3_IT
81256368967804430122066662194812380926	L6_CT
81430060183966465945873325191954689219	L4_5_IT
81438287055120962761012442352160810986	L6_CT
81461077643490542572639392415513335990	L2_3_IT
81517328287787454166438405004148495971	L4_5_IT
81541002082652584398297555643726857487	L4_5_IT
81582046565866775525638167066291066970	VLMC
81647500108997938683421182648416819996	Astro
81693652689294951460422901465995179503	Endo
81766691715852303686729726384365565790	L2_3_IT
81799165248324348172228974521415282017	L5_ET
81800593522808885678859557649836867615	Pvalb
81852874967837550190161655554667358128	L6_IT
82089311097784335603408031904761658116	L5_IT
82105026704583731799587622045497302308	L5_IT
82161856184099582053933041527143718131	Astro
82176978096059561385591866615507158122	L6_IT
82227738626772943534899307016517135583	OPC
8224181756281413686295960713937025298	L6_CT
82271225653297855987525786896230490770	L4_5_IT
82438644630937538106766842687517831262	Sst
82768921644800080472972526062719101830	Astro
82800249599517272556339339787309702201	L2_3_IT
82928718199457026618959828887313453085	Peri
8297105906829134449405222287165506778	L6_CT
83088594488562561036341668088465635028	L2_3_IT
83107594143228630718501009971094220412	Pvalb
83135844185605570853091543415388887951	OPC
8321446837851303137754245907660101617	L6_CT
83242851673025742514814174394077284532	Endo
83249408615813980678666663382404587175	L6_IT
8328698498355625341601602662996667289	L4_5_IT
83289803685310159160506780400185506959	L2_3_IT
83488360454356116254868061314417875852	L5_IT
83575675244206056972028986175819036629	Endo
83596604238322091597083041074667369562	L2_3_IT
83756248490443033549412011445516290011	L6_CT
83770201598748328275922826171131909661	L4_5_IT
83799110691837700679012746770136850011	Pvalb
83803676344853137832691228201227110684	Peri
83868649345620261881175827210750129819	VLMC
83875671317225851252029500465398783885	Sst
84030415685037974381684956689442314087	VLMC
84408063879056791627850454434767272783	L4_5_IT
84467154031181071498770724904504242917	L5_ET
84493185896124744285090232005307309542	Endo
84568239752697062920787019298969924772	L4_5_IT
84582624606207203564050042962942066053	L2_3_IT
84588723406065994130195542891925907493	Astro
8461544462435731293762675232842210333	SMC
84716313629316357111194807361286264585	L5_IT
84726408290536927878151604292984392943	L6_IT
8473985657461140968230655337855143526	L4_5_IT
84809573080298715742031101551874664578	L6_CT
84961866695208533350139225095376651903	Oligo
8517004157172110932881922483774518575	L2_3_IT
85351536941614794346366445298635313076	L4_5_IT
85357072148495231209987862000462354180	L6_CT
85383805187674871104038893663248370414	L6_IT
85468594551127822135418746575550657459	Pvalb
8554321644276528976306950430821284326	Endo
85629905791167891341095771642601729416	Oligo
8564595973269547106291127313913845680	L2_3_IT
85729255528787240844669437687658449547	L6_CT
85733885260530103967349197159973718434	L2_3_IT
85822073435860827978766511494947663013	L2_3_IT
85829600109325487652960643786906079142	Endo
85834103142660006482523113393383288323	L4_5_IT
85869032367602613726970858188673114442	SMC
8589110829399230462386761163445569194	Endo
85928924538701825768673829010199023922	L4_5_IT
8593106658749914001574293488900458487	L4_5_IT
85945676628378174900594903749843970330	L2_3_IT
8594839873122072259184640382937986751	PVM
86079373224668850872954679641925077593	Endo
86112621779575289484301881914563018647	L4_5_IT
86121827312104042479298548186204818825	Sst
8615315012369758870431631047863196539	Endo
86231173019897899136153607517310490342	Astro
86306776559031877597025627063291105828	Pvalb
86321942839183554236385179876573139605	Pvalb
86341700288057459842023725115746151081	OPC
86747560606272402871353149049549228534	L2_3_IT
86795693504795135278225385622611105366	Astro
8682210774300358831968231749144065850	L2_3_IT
86841685104812916219280199568749983859	Endo
86888288496775915850367839671991644287	L6_CT
87173632575457260668241221667145107306	L6_CT
87179693360668948938682015610026921643	L2_3_IT
87304819610553597140563218968382259124	Lamp5
87340807916730302880629923244133991904	PVM
87549679107795490682168610630198548487	L5_ET
87563680062251174113386505883736198236	L6_IT_Car3
8758775916708031083785522203818587539	L4_5_IT
8769866146770029429350112582622233211	L5_IT
87847815063894443590945023483109460404	L6_CT
87851031610139112736791838816574356900	L2_3_IT
87854043295974382742939075718834886112	L5_ET
87995555780090400676444943187231083515	Endo
88033232737921621944592743287489192313	L6_IT
88075384547696752931875752892641852264	L2_3_IT
88084063613755703710375260080660967787	L5_IT
88102108960858214648753585000944112149	L6_CT
88164344036871583946109598257442503257	SMC
88303538117006728796696293384450383676	L2_3_IT
88329771254635614466144669079839225130	L5_IT
88391014084941621043541472896807484972	L4_5_IT
88528204377283846185625919905091577543	L2_3_IT
8854534007059708204460892745567009062	L2_3_IT
88647519160286800473685764422173916390	L5_IT
88662164154519176215912175723234008125	L6_CT
88746601377997461198516882445729492668	L6_IT_Car3
88850962966851107050671673256164759850	L2_3_IT
88909384164689480029340318799107272813	Peri
88921457040482781341968534156566904966	L6_IT
88961457676996577825784720318365584537	L6_IT_Car3
89040393236683489941092788373568744752	Peri
89090734157339777538646571460500045568	Oligo
89281840716358476236184248968397080230	Oligo
89339368926080589301196552799497153967	L6_IT
89375310357093164060861698840717995199	Astro
89436715601887557520400360609769658423	L6_CT
8946334352239013791729718638297861805	Endo
89574586904987860288321062601888538642	L5_IT
89586167578779823113119949524366177057	L5_IT
89713040953526944717766063850524857216	L4_5_IT
89744071105015583906575305160267637416	Astro
89791793735980263757543153993751310471	L5_IT
89873506918194976428088181544805300595	L5_ET
8990728273654431114397837209291861861	L2_3_IT
90043942703103996283830086766587523735	L6_CT
90076708094963604992750536753257779618	L2_3_IT
90095652390953136451650011227042320168	L4_5_IT
90116950998178256964090902079006834856	L6_IT
90200107922681986280448029978386929900	L6_CT
90275151271898516735885280214115977411	L5_ET
90280107426579611144250834141528828881	L6b
90320655305381395308022160369443714818	L4_5_IT
90328001536542773217663561854159947743	L4_5_IT
90504119046345556388812429101214236383	Endo
90539482398712716555069522958869992249	Endo
90723786651140104045644331957060885957	Peri
90760042430234664537801834942423973249	L6_IT
90784054134420618179990827553004239762	L5_ET
90877613297369494448010823899945539737	L5_IT
90906183618238187875011492499706545158	L5_ET
90972413628001039557221001523069065268	L4_5_IT
91247351785016170352500560122467898330	Pvalb
91255514059708694283029990568989057009	Peri
91266649464330419770700632434959367740	L2_3_IT
91422579413395470232211321097957789528	Oligo
91504319865829847560997510769699446617	OPC
91657239722467403114689155479086965013	Micro
9172055369279926440147069570851566140	L2_3_IT
91772253331315626916806462539391059229	L5_ET
91871487529528534479864898387933190196	Astro
91895092960652921765561438510433369111	VLMC
9191887691910670718488896267847731974	Endo
91974425673592639631440158029483373284	Lamp5
92107678595465148034699207629594049407	L5_6_NP
92249961499584237843705479490312388656	Pvalb
92251895607024269222344792992337063401	L5_IT
92271055184358974785919292117011751677	L4_5_IT
92408840158662549880108359766564995307	SMC
92436906967359044375118367788474376663	L4_5_IT
92437003359023407965855949133829003567	L2_3_IT
92453024103736101695861554708314576657	L4_5_IT
92464414393215841108542876056787782594	Lamp5
92499690165916746285344805091481356091	SMC
92528306080435009218806458288298839546	L5_6_NP
92584246152588325295328306954127739058	Micro
92678185758055110639119595251936960075	L2_3_IT
92727352091027365915665486993686853076	L5_6_NP
92806270015815926070984413774676102758	Endo
92911575595726868431407323560402215660	L2_3_IT
93015357153518766280845729581974833342	L6_IT
93017258670540724287671995081173795121	Endo
93050353262399580709799914575692289951	Astro
93056663531734698678947921959522437700	L5_6_NP
93119081411334935341259672959433804264	Sst
93135749805503952338181903768483035146	L2_3_IT
93161345876173051045269143678734284584	L2_3_IT
93387653248704678648614033035855828240	L4_5_IT
93578421351619875355623214786574779266	L2_3_IT
93623438586813625724867334511135584416	L4_5_IT
93673808520599223780372615496690831670	L4_5_IT
93675134680825116911664363964089583035	L6_CT
93689637122762161120807650970946835711	L4_5_IT
93730154392896842061356673376873634746	L5_6_NP
93850485811522358800267245501141053463	Endo
93874547035906642441733764785916539003	VLMC
93900822881678626267683024419438054249	Endo
9395467100224202867868594833147593894	Pvalb
94117037689040928594296036405522643685	L2_3_IT
94194290090796053131867362394112946200	L2_3_IT
94279254603645439631029096018676891024	L6_IT_Car3
94406726164865337328453908930341057486	L4_5_IT
94453650512978681878543007208198325420	Oligo
94578690438557605215226513620223835797	L2_3_IT
94584113432108181105239568089424432080	L6_CT
94647796997566013454088630542213372335	L2_3_IT
9468817902017924747564106464098696506	Micro
9472198472858885964317584696552692996	L5_IT
94776655755704746313257172287367611424	L6_IT
94833420027265770427369604676751257154	L4_5_IT
94849343877546017163712582311780075752	L5_ET
94876635415898612122883727881631621221	L6_IT
94961178682559743724062944064085575905	L5_IT
95071566823953912623116638746238359559	L2_3_IT
95080792994819345341245463026188822273	L6_CT
95083447133767562742376620489786959999	L2_3_IT
95151643681882876381063140536507572719	L6_CT
95208297613749544903712348582708658371	L6_IT
9533533236419708291197261532451314226	L6_CT
95352801680997952548012331336554195262	Oligo
95383135095927218909503446623820808202	L4_5_IT
95439509059106920831111706813951704208	L4_5_IT
95461899412422645495879125977132828807	L6_CT
95480479382363631283332114070004604908	Sst
95604500789653859674907869111642544503	L2_3_IT
95652336785810522488001563115627752491	L6_IT
95664997417110526844933686942322949717	L6_CT
95695683636409879791595837624238156414	L5_ET
95877835523709303491092302012822555643	VLMC
95994547841134185659662009148535110708	L5_IT
96000201504308816266259111318432313397	L6_CT
96043455534533962060963254592790758966	L4_5_IT
96076625223103334311120773836470334373	Vip
96152894481442551508885095243737580474	VLMC
96277957976332362148963282616866034248	Peri
9637593371317331613703614239451532005	L4_5_IT
9642677558036904821813981619639586064	L5_ET
96528483729040031580939712087752988631	L2_3_IT
96555185505285503655652874085117622289	L4_5_IT
96582216923402228849120451450397864115	Lamp5
9665811103507642968782398310973293988	SMC
9671416807543251361327700808716091660	L5_IT
96731653150710000312238863360117886025	L6_CT
96846224649984442575957355982024167263	Oligo
96889932407865111174115039257058896990	Astro
96898711782096981015053337603170941646	L4_5_IT
9703000385709328315257559304424166909	Micro
97093768677834686189981168482505993832	L4_5_IT
97229695532470480472812269588202738787	Sst
97248871741632369337180127899591927014	Astro
97267956358074556828854842725843590263	L4_5_IT
97353491943751090886741515183116674109	L2_3_IT
97381167955930987176504300563496389707	Peri
97481116717186196296989147832494090675	L4_5_IT
97505681187474349327322612327271699397	L4_5_IT
97562253718470471392021469685129593820	L2_3_IT
97687889020088861806045271787899800178	L5_ET
977349651480707274233588501665106653	VLMC
97740631149945292443914379180971910631	Astro
98045066771476326041493800969525067523	L2_3_IT
98066885232680676224218719444364845931	L2_3_IT
98080453667286948441363111266814045680	L5_ET
98216088586577108491455502912952609560	Endo
98271388580920339235371961934725691028	L5_IT
98529274344877757705333613558886053423	L6_IT
98588265551439478692594404242652264977	OPC
98610578107576463609855385546787853666	L6_IT
98628947833683939713505147295739651457	L2_3_IT
98662608775129399743486944795923906234	L4_5_IT
98822354546620819165619361120959815659	L4_5_IT
98838976033888960570552608177283649527	Astro
9890426271537929519668897146543189303	L5_IT
99147840848792512176467407183157009829	L6_CT
99251468401452935313158719077740209430	L5_IT
99266420210807845744768305950093177913	L4_5_IT
99282531787198460814267103396662507621	L6_CT
99311240725809494571618850030181466325	Sst
99321240324115409339271985188652693544	Oligo
99336778319699403237293638342022793198	L5_IT
99345346601115168045856425152410749974	Pvalb
9943842365084414804865460677331437376	Peri
99461758348276171282164065674893881464	VLMC
99488129778717041117129540625347059990	L6_CT
99494524642456242156029918873490781817	SMC
99504125950471062201252312391570289780	L2_3_IT
99576957710400794105941222351708881383	L5_IT
99702068459277783182220371956699162352	L5_ET
99778991571303589367487716650245967462	Sst
99975236811446463664882595554107570635	Astro
