Gene	X0	X1	X2	X3	X4	X5	X6	X7	X8	X9	X10	X11	X12	X13	X14	X15	X16	X17	X18	X19	X20	X21	X22	X23	X24	X25	X26	X27	X28	X29	X30	X31	X32	X33	X34	X35	X36	X37	X38	X39	X40	X41	X42	X43	X44	X45	X46	X47	X48	X49	X50	X51	X52	X53	X54	X55	X56	X57	X58	X59	X60	X61	X62	X63	X64	X65	X66	X67	X68	X69	X70	X71	X72	X73	X74	X75	X76	X77	X78	X79	X80	X81	X82	X83	X84	X85	X86	X87	X88	X89	X90	X91	X92	X93	X94	X95	X96	X97	X98	X99	X100	X101	X102	X103	X104	X105	X106	X107	X108	X109	X110	X111	X112	X113	X114	X115	X116	X117	X118	X119	X120	X121	X122	X123	X124	X125	X126	X127	X128	X129	X130	X131	X132	X133	X134	X135	X136	X137	X138	X139	X140	X141	X142	X143	X144	X145	X146	X147	X148	X149	X150	X151	X152	X153	X154	X155	X156	X157	X158	X159	X160	X161	X162	X163	X164	X165	X166	X167	X168	X169	X170	X171	X172	X173	X174	X175	X176	X177	X178	X179	X180	X181	X182	X183	X184	X185	X186	X187	X188	X189	X190	X191	X192	X193	X194	X195	X196	X197	X198	X199	X200	X201	X202	X203	X204	X205	X206	X207	X208	X209	X210	X211	X212	X213	X214	X215	X216	X217	X218	X219	X220	X221	X222	X223	X224	X225	X226	X227	X228	X229	X230	X231	X232	X233	X234	X235	X236	X237	X238	X239	X240	X241	X242	X243	X244	X245	X246	X247	X248	X249	X250	X251	X252	X253	X254	X255	X256	X257	X258	X259	X260	X261	X262	X263	X264	X265	X266	X267	X268	X269	X270	X271	X272	X273	X274	X275	X276	X277	X278	X279	X280	X281	X282	X283	X284	X285	X286	X287	X288	X289	X290	X291	X292	X293	X294	X295	X296	X297	X298	X299	X300	X301	X302	X303	X304	X305	X306	X307	X308	X309	X310	X311	X312	X313	X314	X315	X316	X317	X318	X319	X320	X321	X322	X323	X324	X325	X326	X327	X328	X329	X330	X331	X332	X333	X334	X335	X336	X337	X338	X339	X340	X341	X342	X343	X344	X345	X346	X347	X348	X349	X350	X351	X352	X353	X354	X355	X356	X357	X358	X359	X360	X361	X362	X363	X364	X365	X366	X367	X368	X369	X370	X371	X372	X373	X374	X375	X376	X377	X378	X379	X380	X381	X382	X383	X384	X385	X386	X387	X388	X389	X390	X391	X392	X393	X394	X395	X396	X397	X398	X399	X400	X401	X402	X403	X404	X405	X406	X407	X408	X409	X410	X411	X412	X413	X414	X415	X416	X417	X418	X419	X420	X421	X422	X423
1700022I11Rik	0	0	0	0	0	0	0	0	0	0	0	0.850913763046265	0	0	0	0	0	0	0	0	0	0	0	0	0	0	0	0	0	0	0	0	0	0	0	0	0	0	0	0	0	0	0	0	0	0	0	0	0	0	0	0.912112534046173	0	0	0	0	0	0	0	0	0	1.23472189903259	0	0	0	0.562622129917145	0	0	0	1.62434363365173	0	0	0	0	0	0	0	0	0	0	0	0	0	0	0	0	0	0	0	0	0	0	0	0	0	0	0	0	0	0	0	0	0	0	0	0	0	0	0.48726823925972	0	0	0	0	0	0	0	0	0	0	0	0	0	0	0	0	0	0	0	0	0	0	0	0	0	0	0	0	0	0	0	0	0	0	0	0	0	0	0	0	0	0	0	0	0	0.46477609872818	0	0	0	0	0	1.26142144203186	0	0	0	0	0	0	0	0	0	0	0	0	0	0	0	0	0	0	0	0	0	0	0	0	0	0	0	0	0	0	0	1.12600708007812	0	0	0	0	0	0	0	0	0	0	0	0	0	0	0	0	0	0	0	0	0	0	0	0	0	0	0	0	0	0	0	0	0	0	0	0	0	0	0	0	0	0	0	0	0	0	0	0	0	0	0	0	0	0	0	0	0	0.799937725067139	0	0	0	0	1.85702764987946	0	0	0	0	0	0	0	0	0	0.695960760116577	0	0	0	0	0	0	0	0	0	0	0	0	0	0	0	0	0	0	0	0	0	0	1.57456755638123	0	0	0	0	0	0	0	0	0	0	0	0	0	0	0	0	0	0	0	1.24462550878525	0	0	0	0	0	0	0	0	0	0	0	0	0	0	0	0	0	0	0	0	0	0	0.492849379777908	0	0	0	0	0	0	0	0	0	0	0	0	0	0	0	0	0.640111684799194	0	0	0	0	0	0	0	0	0	0	0	0	0	0	0	0	0	0	0	0	0	0	0	0	0	0	0	0	0	0	0	0	0	0	0	0	0	0	0	0	0	0	0	0	0	0	0	0	0	0	0	0	0	0	0	0	0	0	0	1.73019313812256	0	0	0	0	0	0	0	0	0	0	0	0	0	0	0
1810046K07Rik	0	0	0	0	0	0	0	0	0	0	0	0	0	0	0	0	0	0	0	0	0	0	0	0	0	0	0	0	0	0	0.823445975780487	0	0	0	0	0	1.54300957918167	0	0	0	0	0	0	0	0	0	0.922936260700226	0	0	0	0	0	0	0	1.43225491046906	0	0	0	0	0	0	0	0	0	0	0	0	0	0	0	0	0	0	0	0	0	0	0	0	0	0	0	0	0	0	0	0	0	0	0	0	0	0	0	0	0.569552004337311	0	0	0	0	0.6127068400383	0	0	0	0	0	0	0	0	0	0	0	0	0.946844100952148	0	0	0	0	0	0	0	0	0	0	0	0	0	0	0	0	1.87442874908447	2.7852840423584	0	0	0	0	0	0	0	0	0	0	0	0	0	0	0	0	0	0	0	0	0	0	0	0	0	0	0	0	0	0	0	0	1.2311497926712	0	0	0	0	0	0	0	0	0	0	0	0	0	0	0	0	0.481063634157181	0	0	0	0	0	0	0	0	0	0	0	0	0	0	0	0	0	0	0	0	0	0	0	0	0	0	0	0	1.58346474170685	0	0	0	0	0	0	0	0	0	0	0	0	0	0	0	1.64278715848923	0	0	0	0	0	0	0	0	0	0	0	0	1.39743447303772	0	0.782470405101776	0	0	0	1.01813757419586	0	0	0	0	0	0	0	0	0	0	0	0	0	0	0	0	0	0	0	0	0	0	0	3.48878258466721	0	0	0.77660071849823	0	0	0	0	0	0	0	0	0	0	0	0	0.787208795547485	0	0	0	0	0	0	0	0	0	0	0	0	0	0	0	0	0	0	0	0	0	0.540843069553375	0	0	0	0	0	0	0	0	0	0	0	0	0.408563911914825	0	0	0	0	0	0	0	0	0	0	0.460990935564041	0	0	0	0	0	0	0	0	0	0	0	0	0	0	0	0.591955840587616	0	0	0	0	1.00429666042328	0	0	0	0	0	0	0	0	0	0	0	0	0	0	0	0	0	0	0.65884655714035	4.64983525872231	0	0	1.98711860179901	0	0	0	0	0	0	0	0	0	0	0	0	0	0	0.771186172962189	0	0	0	0	0	0	0	0	0	0	0	0	0	0	0	0	0	0	0	0	0.864492297172546	0	0	0	0	0	0	0	0	0	0	0	0
5031425F14Rik	0	0	0	0	0	0	0	0	0	0	0	0	0	0	0	0	0	0	0	0	0	0	0	0	0	0	0	0	0	0	0	0	0	0	0	0	0	0	0	0	0	0	0	0	0	0	0	0	0	0	0	0	0	0	0	0	0	0	0	0	0.64264988899231	0	0	0	0	0	0	0	0	0	0	0	0	0	0.466022580862045	0	0	0	0	0	0	0	0	0	0	0	0	0	0	0	0	0	0	0	0	0	0	0	0	0	0	0.955297529697418	0	0	0	0	0	0	0	1.69571328163147	0	0	0	0	0	0	0	0	0	0	0	0	0	0	0	0	0	0	0	0	0	0	0	0	0	0	0	0	0	0	0	0	0	0	0	0	0	0	0	0	0	0	0	0	0	0.661356210708618	0	0	0	0	3.04376095533371	3.83067810535431	0	0	0	0	0	0	0	0	0	0	0	0	0	0	0	0	0	0	1.99836027622223	0	0	0	0	0	0	0	0	0	0	0	0	0	0	0	0	0	0	0	0	0	0	0	0	0	0	0	0	0	0	0	0	0	0	0	0	0	0	0	0	0	0	0	0	0	0	0	0.37349459528923	0	0	0	0	0	0	0	0	0	0	0	0	0	0	0	0.621794521808624	0	0	0	0.527652323246002	0	0	0	0	0	0	0	0	0	0	0	0	0	0	0	0	0	0	0	0	0	0	0	0	0	0	0	0	0	0.547156035900116	0	0	0	0	0	0	0	0	0	0	0	0	0	0.859978139400482	0	0	0	0	0	0	0	0	0	0	0	0.870745122432709	0	0	0	0	0	0	0	0	0	0	0.838498413562775	0	0	0	0	0	0	0	0	0	0	0	0	0.910935878753662	0	0	0	0.571391761302948	0	0	0	0	0	0	0	0	0	0	0	0	0	0	0	0	0	0	0	0	0	0	0	0	0	0	0	0	0	0	0	0	0	0	0	0	0	0	0	0	0	0	0	0	0	0	0	0	0	0	0	0	0	0	0	0	0	0	0	0	0	0	0	0	0	0	0	0	0	0	0.943528413772583	0	0	0	0	0	0	0	0	0	0	0	0	0	0	0	0	0	0	0	0
5730522E02Rik	0	0	0	0	0	0	0	0	0	0	0	0	0	0	0	0	0	0	0	0	0	1.31440126895905	0.527678549289703	1.48187363147736	0	0	0	0	0	0	0	0	0	0	0	0	0	0	0	0	0	0	0	0	0	0	0	0	0	0	0	0	0	0	0	0	0	0	0	0	0	0	0	0	0.543233513832092	0	0	0	0	0	0	0	0	1.0320143699646	0	0	0	0	0	0	0	0	0	0	0	0	0.504848778247833	0	0	0	0	0	0	1.31794714927673	0	0	0	0	0	0	0	0	0	0	0	0	0	0.408562511205673	0	0	0	0	0	0	0	0	0	0	0	0	0	0	0	0	0	0	0	0	0	0	0	0	0	0	0	0	0	0	0	0	0	0	0	0	0	0	0	0	0	0	0	0	0	0	0	0	0	0	0	0	0	0	0	1.5520926117897	0	0	0	0	0	0	0.845542192459106	0	0	0	0	0	0	0	0	0	0	0	0	0	0	0	0	0	0	0	0	0	0	0	0	0	0	0	0	0	0	0	0	0	0	0	0	0	0	0	1.10528135299683	0	0	0	0	0	0	0	0	0	0	0	0	0	0	0	0.518980860710144	0	0	0	0	0	0	0	0	0	0	0	0	0	0	0.486249208450317	0	0	0	0	0	0	0	0	0	0	0.917030096054077	0	0	0	0	0	0	1.92604637145996	2.60393846035004	0	0	0	0	0	0.440700620412827	0	0	0	0	0	0	0	0	0	0	0	0	0	1.88036981225014	0	0	0	0	0.787208795547485	0	0	0	0	0	0	0	0	0	0	0	0	1.3282259106636	0	0	1.26583224534988	0	0	0	0	0	0	0	0	0	0	0	0	0	0	0	0	0	0	0	1.94191378355026	0	0	0	0	0	0	0	0	0	0	0	0	0	0	0	0	0	0	0	0	0	0.424521774053574	0	0	0	0	0	0	0	0	0	0	0	0	0	0	0	0	0	0	0	0	0	0	0	0	0	0	0	0	0	0	0	0	0	0	0	0	0	0	0	0	0	0	0.67823451757431	0	0	0	0	0	0	0	0	0	0.391481518745422	0	0	0	0	0	0	0	0.712675213813782	0	0	0	0.585884690284729	0	0	0	0	0	0	0	0	0	0	0	0	0	0	0
Acta2	0	2.08382833003998	0	0	0	0	0	0	0	0.583852767944336	0	0	0	0	0	0	0	0	0	0	0	0	0	0	0	0	0	0	0	14.7398669719696	0	0	6.87047407031059	0	0	0	0	0	0	0	4.22597813606262	1.65721380710602	0	4.97180312871933	0	0	0	16.7342424988747	0	0	0	0	3.65402448177338	0	0	0	0	0	0	0	0	14.3586522340775	0	0	0	0	0	0	0	0	0	11.1639381051064	0	0	0	0	0	0	11.9960313439369	0	0	0	0	0	0	0	9.69822078943253	0	0	0	0	0	0	0	0	0	0	0	0	0	0	0	0	0	0	0	0	0	0	0	18.4085752367973	14.9202722907066	0	5.98413228988647	0	0	0	0	0	0	0	0	10.9227743148804	0	18.8909496665001	0	0	0	0	0	0	0	0	6.20689463615417	0	5.85476589202881	0	0	0	0	0	0	0	19.5306634902954	0	12.5081325173378	0	4.9376448392868	0	0	11.1292732357979	0	0	0	0	0	0	17.1625238656998	0	0	0	0	0	0	0	0	0	47.1589738726616	16.2773707509041	0	0	0	0	0	0	0	0	0	0	0	0	0	19.3001565933228	0	0	0	0	0	0	7.33658480644226	0	0	0	0	0	0	0	4.50015020370483	0	0	0	10.9748597741127	10.5945424735546	0	0	0	0	0	0	0	23.1672366857529	0	0	34.0217958688736	0	0	0	0	8.03055661916733	0	0	0	10.7088756561279	0	0	6.01114267110825	0	0	0	0	0	7.33869737386703	14.23717212677	0	0	0	0	0	0	0	0	0	0	0	0	0	0	15.777396261692	67.5950739979744	7.99666011333466	0	16.8799563646317	0	0	0	0	0	0	3.26223564147949	0	11.4859400391579	0	0	0	14.3843128681183	0	0	0	0	28.2169586420059	0	0	0	0	4.32824885845184	0	0	0	46.2832634449005	0	0	32.8113903999329	0	19.8091725707054	0	0	0	0	10.2351618409157	0	10.1041777133942	0	0	0	0	0	0	0	0	0	0	12.3118723630905	0	0	19.8331922292709	0	10.3193399906158	21.6053712666035	0	0	0	2.55923295021057	0	14.648963868618	0	11.5255755186081	0	0	8.69950532913208	0	15.0188019275665	11.0654768943787	0	0	34.1090695858002	0	8.01722300052643	0	0	0	0	0	84.6629527211189	0	0	0	0	0	7.41778945922852	0	0	0	0	0	0	0	13.8885107040405	0	0	0	0	0	0	4.95063108205795	0	0.882266640663147	0	0	7.41982984542847	0	0	0	0	0	13.8803914785385	0	3.33513581752777	0	0	0	28.6295207738876	0	22.4292840957642	0	0	0	0	0	6.88479536771774	8.3920294046402	0	0	1.32412672042847	0	0	0	0	0	0	5.82429391145706	0	8.93223738670349	14.855206489563	0.607687294483185	0	0	0	0	0	0	0	0	0	0	0	1.20021593570709	0	8.34921991825104	26.4434813261032	0	0	17.4821486473083	0	0	0	0	0	0	0	0	5.40992832183838	0	0	0
Adam2	0	0	0	0	0	0	0	0	0.819566130638123	0	0	0	0	0	0	0	0	0	0	0	0	0	0	0	0	0	0	0	1.79033714532852	0	0	0	0	0	0	0	0	1.90091907978058	0.950087666511536	0	0.845097243785858	0	0	0	0	0	0	0	0	0	0	0	0	0	0	0	0	0	0	0	0	0	0	0	0	0	1.04499197006226	0	0	0	0	0	3.010498046875	0	0	0	0	0	0	0	0	0	0	0	0	0	0	0	0.973668932914734	0	0	0	0	0	0	0	0	0	0	0	1.56661331653595	0	0	0	0	0	0	0	0	0	0	0	0	0	0	0	0	0	0	0	0	0	0	0	0	0	0	0	0	0	0	0	0	0	0	0	0	0	0	0	0	0	0	0	0	0	0	0	0	0	0	0	0	0	0	0	0	0	0	0	0	0	0	0	0	0	0	0	0	0	0	0	0	0	0	0	0	0	0	0	0	0	1.42881178855896	1.43012183904648	0	0	0	1.6233235001564	0	0	0	0	0	0	0	0	0	0	0	0	0	0	0	0	0	0	0	0.466163694858551	0.479826301336288	0	0	0	0	0	0	0	0	0	0	0	0	0	0	0	0	0	0	0	0	0	0	0	0	0	0	0	0	0	0	0	0	0	0.659326374530792	0	0	0	0	0	0	0	0	0	0	0	0	0	0	0	0	0	0	0	0	0	0	0	0	0	0	0	0.518588542938232	0	0	0	0	0	0	0	0	0	0	0	2.38320505619049	0	0	0	0	0	0	0	0	0	0	0	0	0	0	0	0	0	0	0	0	0	0	0	1.34338855743408	0	0	0	0	0	0	0	0	0	0	0	0	0	0	0	0	0	0	0	0	0	0	0	0	0	0	0	0	0	0	0	1.05801510810852	0	0	0	0	0	0	0	0	0	0.917016446590424	0	0	0	0	0	0	0	0	0	0.549954831600189	0	0	0	0	0	0	0	0	0	0	0	1.19725477695465	0	0	0	0	0	0	0	0	0	0	0	0	0	0	0	0	0	0	0	0	0	0	0	0	0	0	0	0	0	0	0	0	0	0	0	0	0	0	0	0	0	0	0	0	0	0	0	0	0	0	0	0	0
Adamts2	0	0	0	0	0	0	0	0	0	0	0	0	1.14761602878571	0	0	0	0	0	0	0	0	0	0	0	0	0	0	0	0	0	0	0	0	0	0	0	0	0	0	0	0	0	0	1.39490401744843	0	0	0	0	0	0	0	0	0.822046875953674	0	3.25913316011429	1.71973699331284	0	0	0	0	0	0	0.59262603521347	0.580043494701385	0	0	0	0	0	0	0	0	0	3.33306694030762	0	0	0	0	0	0	0	0	0	0	0	0	0	0	0	0	0	0	0	0	0	0	0	0	0	0	0	0	0	1.93649715185165	0.455111563205719	0	0	0	0	0	0	0	0	0	0	0	0	0	0	0	0	0	0	0	0	0	0	0	1.66206645965576	0	0	0	0.576867341995239	0	0	0	0	0	0	0	0	0	0	0	0	0	0	0	0	0	0	2.57156777381897	0	0	0	0	0	0	0	0.91678923368454	0	0	0	0	0	0	0	0	0	0.587797462940216	0	0	0.757376313209534	0	0	0	0	0	0.422022879123688	0	0	0	0	0	0	0	0	0	0	0	0	0	0	0	0	0	0	0	0	0	0	0	0	0	1.16457414627075	0	0	1.48863810300827	0	0	0	1.45509481430054	0	2.01756811141968	2.05216997861862	0.936338901519775	0	0	1.00412118434906	0	0	0	0	0	0	0	0	0	0.44667974114418	0	0	0	0	0	0	0.723223268985748	0	0	0	0	0	0	0	0	0	0	0	0	0	0	0	0	0	0	0	0	0	0	0	0	0	1.09370040893555	0	0	0	0	0	1.45469337701797	0	3.78591161966324	0	0	0	0	0	0	0	0	0	2.53919017314911	0	2.98406493663788	0	0	1.05413615703583	0	0	0	0	0	0	0	0	0	0	0	0	0	0	0	0	0	0	0	0	0	0	0	0	0.987140417098999	1.27605998516083	5.98649072647095	0	0	3.83727502822876	0	0.486579865217209	1.39063048362732	0	0	0	0	0	0	0	0	0	0	0	0	0	0	0	0	0	0	0	0	0	0.587450325489044	0	0.502170860767365	0	0	0	1.44671523571014	0	0	0	0	0	0	0	0	0	0	0	0	0	0	0	0	0.735354721546173	0	0	0	0	0	0	0	0	0	0	0	0	0	0	0	0	0	0	0	0	0	0	8.03400611877441	0	0	0	1.05529308319092	0	0.56823205947876	0	0.607687294483185	0	0.751631796360016	0	0	0	0	2.27862977981567	0	0	0	0	0	0	1.86825782060623	0	0	0	2.49707078933716	1.55044627189636	0	0	0	0	0	0	0	4.89515352249146	0	0	0
Adamts4	0	0	0	0	0	0	0	0	0	0	0	0	0	0	0	0	0	0	0	0	0	0	8.39870625734329	2.7399377822876	0	3.73037087917328	0	0	0	0	0	0	0	0	0	0	0	0	0	0	0	0	0	0	0	0	1.5087508559227	0	0	0	0	0	3.38761448860168	0	0	2.92377752065659	0	0	0	0	0	0	0	0	0	0	0	0	0	0.452131897211075	0	0	0	0	0	0	0	0	6.36928570270538	0	0	0	0	0	0	0	0	0	0	0	0	0	0	0	0	17.40726095438	1.05265271663666	0	0	0	3.95990997552872	0	0	0	3.39015501737595	0	2.3738112449646	0.491759032011032	0	0	0	0	0	0	0	0	0	0	0	0	0	0	0	0	4.6886625289917	0	0	0.860993891954422	0	0	0	0	0	3.72741359472275	0	0	0	0	0	0	0	0	0	0	0	0	0	0	0	0	0	0	0	5.9113655090332	0	4.40660548210144	0	45.1466166377068	0	2.05655097961426	0	0	0	1.78376531600952	0	0	0	0	0	0	0	0	4.28919285535812	0	0	0	0	0	0	0	0	0	0	0.547672152519226	0	0	0	0	0	0	0	0	0	0	0	0	0	0	0	0	0	0	0	5.33408689498901	0	0	0	0	0	0	0	0	1.4247545003891	0	0	21.4222756028175	0	0	0	0	2.08576273918152	0	0	0.599246919155121	0	0	0	0	0	0	0	0	0	0	8.51230990886688	0	0	2.34718602895737	0	0.659378051757812	0	0	0	0	0	0	0	0	2.22630596160889	0	0	0	4.10190773010254	0	0	0	0	0	0	0	1.04645264148712	0	0	0	0	0	0	0	0	0	0	0	0	0	0	0.824908196926117	0	0	4.07759702205658	0	2.07767614722252	1.08246746659279	0	0	0	0	0.456930339336395	3.81983190774918	0	11.3266219496727	0	0	0	0	0.420685410499573	0	0	0	0	0	0	0	1.55650222301483	0	0	0	0	0	0	11.0455278158188	0.880414426326752	0	0	0	0	0	7.26402902603149	15.8902785778046	0	0.75140380859375	0	0	0	1.29283863306046	0	0	0	0	0	0	0	2.04383820295334	0	0	0	0	0	0	0	7.52244663238525	0	0	0	0	0	0	9.68685626983643	0	0	1.71346342563629	0	0	0	0	0	0	0	0	5.56384611129761	0	0	0	0	0.546697318553925	0	0	0	0	0	0	0	0	0	0	0	10.1645889282227	0	0	0	1.96562767028809	0	0	0	0	0	4.6701625585556	0	0	0	0	0	0	0	0	0	0	0	0	0	5.75404477119446	0	1.08242702484131	0.710648894309998	0	0	0	0	0	0	2.2560675740242	0	0	0	0	0	0	0	0	0	0	0	0	0	0
Adra1b	0	0	0	0	0	0	1.13552689552307	0	4.22654896974564	1.16770553588867	0	0	0	0	0	0	0	0	0	0	0	0	0	0	0	1.72453808784485	0	0	0	8.29977852106094	0	0	0	0	0	0	0	0	13.930959880352	19.4753956794739	0	0	0	0.722105622291565	0	19.4501067399979	0	0	0	0	0	19.3998460769653	0	0	0	0	0	0	0	0	7.64552474021912	0	0	0	0	0	47.6912522315979	0	29.8527090549469	0	0	0	0	0	0	0	0	0	0	0	0	0	0	6.31828671693802	0	0	31.5557180643082	0	0	0	0	0	0	0	0	0	0	0	0	0	0	0	0	0	0	0	0	0	27.0460242033005	0	0	36.002200782299	0	0	0	0	0	0	0	0	0	2.82606714963913	0	13.1364862918854	0	0	0	19.8791233301163	0	1.39788174629211	0	16.393739938736	0	0	0	0	0	0	0	3.59932446479797	0	2.29571145772934	0	0	0	23.6648059487343	0	0	0	0	0	0	0	0	0	0	10.4853157997131	0	0	0	0	0	2.54937386512756	0	30.347759604454	75.0461450815201	0	0	0	0	0	1.6691780090332	0	0	0	0	0	0	0	0	0	0	0	0	0	0	0	0	0	0	23.5417016148567	0	0	0	0	0	2.93413305282593	0	0	0	0	0	0	0	0	0	0	0	0	25.5120706558228	0	0	0	18.593373298645	29.4876108169556	0	0	0	0.870251715183258	0	0	0	3.00784468650818	0	0	0	0	0	0	0	0	0	8.73815846443176	0	0	0	0	0	0	3.68159472942352	8.06051182746887	0	10.3580547571182	3.94295370578766	0	0	66.6136517524719	0	61.056725025177	0	0	0	0	0	0	0	0	0	0	0	3.09927624464035	0	0	0	0	0	0	16.235381603241	0	0	0	0	0	0	0	0	0	0	0	0	0	0	0	0	0	0	0	0	0	0	0	0	0	0	0	0	0	9.40712821483612	0	7.65140569210052	0	0	0	0	0	0	0	0	0	0	0	0	0	0	0	0	0	0	13.4183017015457	0	0	43.1314668655396	0	43.0901322960854	0	0	0	0	0	0	4.0960921049118	0	14.128120303154	0	0	0	0	0	0	23.2128190994263	24.9248166680336	42.0725235939026	0	17.7640890479088	0	6.67261976003647	7.44255495071411	0	36.525171995163	0	0	17.4894769191742	0	0	0	0	0	0	16.4000481367111	0	0	0	0	0	0	0	0	0	0	3.42116451263428	3.09990692138672	0.65884655714035	0	0	0	0	0	0	0	0	0	0	0	0.480967164039612	0	4.7735413312912	15.1817271709442	4.39396426081657	22.6352486610413	0	0	16.213140308857	0	0	3.29102492332458	0	0	0	0	0	0	11.9149070382118	0	0	0	0	0	0	0	22.6142992377281	0	5.84299403429031	0	0	0	0	0	0	0	0	0	0	5.05719244480133	0
Alk	0	0	0	0	0	0	0	9.88089847564697	0	0	0	0	0	0	0	0	0	0	0	0	0	0	0	5.32470738887787	0	0	0	0	0	0	0.823445975780487	0	0	0	0	0	15.5179095864296	0	9.89694613218307	0	0	0	0	0	2.77612566947937	0	0	0	0	0	0	0	0	0	0	0	0	3.83429434895515	0	4.43034821748734	0	0	0	5.32923668622971	0	8.93797671794891	3.62367749214172	0	11.806948184967	7.69437915086746	0	0	0	0	0	3.81947815418243	0	0	0	0	0	0	0	0	0	0	2.32728385925293	0	0	14.1368002891541	0	3.47020435333252	0	0	0	0	0	0	0	0	0	0	0	0	0	0	0	8.76868408918381	5.73465886712074	0	0	0.818087160587311	0	0	0	0.566390991210938	0	7.01400196552277	0	0	0	4.35722494125366	22.2324771881104	0	1.32549208402634	10.2082276344299	0	0	0	0	0	0	0	0	0	1.31386268138885	2.01563549041748	4.55571603775024	0	0	11.6496197581291	0.632517993450165	0	3.61577486991882	0	0	0	0	0	0	0	0	1.10451900959015	1.16524004936218	0	3.88374269008636	0	0	0	0	0	0	0	0	0	5.83489537239075	0	0	0	0	0	0	0	4.6065137386322	0	0	0	0	0	0	0	0	0	0	0	0	0	0	0	0	0	0	0	0	0	0	0	0	0	0	0	0	0	0	0	0	0	0	0	0	2.62817633152008	0	0	0	0	0	0	0	0	0	2.3744148015976	0	7.0114483833313	0	0	1.86173069477081	0	0	0.37349459528923	34.6342062950134	3.31862199306488	0	0	0	0	3.78245234489441	0	0	0	0	0	0	0	0	0	0	0	0	0	13.2174963951111	5.63497483730316	0	0	0	0	0	0	0	0	0	0	0	0	0	0.648386418819427	0	0	0	10.0644945502281	6.60819661617279	0	3.44164341688156	0	0	0	0.806563496589661	0	0	0	0.538749992847443	0	0	0	0	0	0	2.66829371452332	0	0	0	0	0	0	0	0	0	0	14.519304394722	9.23496571183205	0	0	0	7.80453407764435	0	0	0	0	0	0	0	0	0	0	0	5.83894205093384	0	4.65312790870667	0	1.33891367912292	0	0	0	0	0	0	0	0	0	0	0	0	0	0	0	2.69330978393555	0	0	0	7.69572615623474	0	0	0	0.681617498397827	0	0	0	0	5.14806818962097	0	0	0	0	0	0	0	0	0	4.7007959485054	0	0	0	9.96244049072266	0	8.54293668270111	0	3.21458339691162	0	0	0	0	5.3039293885231	3.12630248069763	10.4482787847519	0	0	1.34133744239807	0	0	0	0	0	2.27679991722107	0.953804433345795	0	0	9.41356015205383	0	0	0	0	0	0	0	0	0	0	0	0	1.54568111896515	0	13.3053631782532	1.15431523323059	0	0	0	0	0	0	0	0	0	0	0	0	0	0	0	0	0	0	0	0	0	0
Ankfn1	0	0	0	0	0	0	0	0	0	0.583852767944336	0	0	0	0	0	0	0	0	0	0	0	0	0.527678549289703	2.90333271026611	0	0	0	0	0	0	0	0	4.58445575833321	0	0	0	0	0	0	0	0	0	0	0	0	6.43331682682037	0	0	0	0	0	0	0	0	0	0	0	0	0	0.529403328895569	0	0	1.44756305217743	0	0	0	1.03384292125702	0	0	0	0	0	0	0	0	0.762147545814514	0	0	0	0	0	0	0	0	0	0	0	0	0	0	0	0	0	0	0	0	0	0	0	0	0	0	0	0	0	0	0	0	0	0	0	0	0.652081370353699	0	0	0	0	0	0	0	0	1.98499736189842	0	0	6.75726890563965	0	0	0	0	0	0	0	0	0	0	0	0	0	0	0	0	0	0	0	0	0	0	0	0	0	1.17305934429169	0	0	0	0.46477609872818	0	0	0	0	6.15527200698853	12.6181129217148	0	0	0	0	5.7905877828598	0	0	0	0	0	0	0	0	0	0	0	0	0	0.743784725666046	0	0	1.08619076013565	0	20.9463022947311	0	0	0	0	0	0	0	0	0	0	0	0	0	0	0	8.35665988922119	5.19733476638794	0	0	0	0	0	0	0	0	0	0	0	0	0.607375800609589	0	0	0	0	0	0	2.31227850914001	0	0	0	4.31669867038727	0	0	0	0	0	0	0	0	0	0	0	0	0	0	10.6503429412842	0	0	0	0	0	0	0	0	0	0	0	0	0	0	0	0	0	0	0	3.23170894384384	0	0	0	0	0	0	0	0	0	0	0	0	0	0	0	0	0	0	0	0	0	0	0	0	1.06259250640869	0	0	0	0	0	0	0	0	0	0	0	0	0	0	0	0	0	0	0	0	1.36921679973602	0	0	0	0	0	0	0	1.20542532205582	0	0	0	0	0	0	0	0	2.32813435792923	0	0	0	0	0	0	0	0	0	0	0	0	0	0	0	0	0	0	0	0	0.565615952014923	0	0	0	0	0	0	0	0	0	0	0	0	0.817947864532471	0	2.04224157333374	0.502709925174713	0	0	0	0	0	0	0	0	0	0	0	0	0	0	0	0	0	0	0	0	0	0	0	0	0	0	0	0	0	0	2.77411282062531	0	0	0.548504173755646	0	0	0	0	0	0	0	0	0	0	0	0	0	0	0	0	0	0	0	0	0	0	0	0	0.659702599048615	0	0	0	0
Ano4	0	0	0	0	0	0	0	0	0	0	0	0	1.67723369598389	0	0	0	0	0	0	0	0	0	0	0	0	0	0	0	0	0	0	0	0	0	0	3.72167164087296	0	0	0	0	0	0	0	4.17951571941376	0	5.56787317991257	0	0	0	6.15944021940231	0	0	0	5.5576559305191	0	0	6.60179495811462	0	0.892130255699158	0	0	0	0	0	1.02625414729118	0.646332859992981	0	0	0	2.7248021364212	0	0	0	0	6.043381690979	0	0	0	0	0	0	0	0	0	0	0	0.628179550170898	0	0	0	0	0	0	9.85814183950424	0	9.74632382392883	0	0	0	0	15.8167177438736	0	0	3.63064354658127	0	0	0	0	0	0	0	15.0116305351257	0	0	0	0	0	5.51763319969177	0	0	0	0	0	0	0	0	0	0	0	0	3.38047951459885	0	0	0	7.21161890029907	0	0	0	0	0	8.61588001251221	0	0	0	0	1.69048845767975	2.24944090843201	0	0	0	0	0	13.2960494160652	0	0	0	0	0	0	0	0	3.2028631567955	5.15365159511566	0	0	0	1.99176549911499	0	0	0	0	0	0	0	11.5105817317963	0	0	3.32206046581268	0	0	0	0	0	0	0	0	0	0	0	0	0	0	0	0	10.1575539112091	0	0	0	0	0	0	0	0	0	0	0	0	0	0	6.14062476158142	0	0	0	0	0	6.67452615499496	0	0	0	0	0	0	0	4.80485427379608	0	1.5707979798317	0	0	0	9.69018507003784	8.75914549827576	0	0	0	0	0	0	0	0	0	0	0	1.22396779060364	0	0	0	0	0	0	0	0	0	0	0	0	0	0	0	0	0	0	6.26329016685486	0	1.52533996105194	1.80051559209824	0	0	5.39138829708099	0	0	0	0	0	0	0	0	0	3.01181417703629	0	0	5.75950601696968	0	0	1.37384253740311	0	12.1725610494614	0	0	0	0	6.72486698627472	0	0	0	0	0	0	7.18989837169647	5.2632520198822	0	0	0	0	0	0	0	0	0	7.75831735134125	0	0	2.70635581016541	0	0	0	4.7744397521019	0	0	0	0	0	0	0	0	0	0	11.0383236408234	0	5.27974826097488	3.67918759584427	0	0	0	1.20587021112442	0	0	1.07443809509277	0	0	0	0	6.32828551530838	0	6.77218210697174	0	0	0	0	0	0	9.96865522861481	3.78391575813293	0	0	0	0	0	2.76972043514252	0	0	0	0	0	0.516547083854675	0	0	0	0	0	0	2.9749713242054	0	0	0	0	0	7.16277003288269	0	0	0	0	0	0	0	0	0	9.19713920354843	0	0	0	0	0	0	0	0	0	0	0	5.40988397598267	0	0	0	0	0	0	0	2.19157689809799	0	0	4.91833186149597	1.84653651714325	0	0	0	0	0	0	0.967434406280518	0	0	0	0	0	0
Aqp4	0	0	0	0	7.67470508813858	0	6.90771162509918	0	0	0	0	0	0	0	0	6.074498295784	0	0	0	0	0	0	0	0	0	0	0	0	0	0	1.52796006202698	4.89078277349472	0	0	0	0	0	0	0	0	0	0	0	0	0	0	0	2.68641650676727	0	1.6596412062645	0	0	0	0	1.93427520990372	0	0	7.12593179941177	0	0	0	0	0	0	0	0	0	0	0	0	0	0	0	0	3.01552534103394	0	0	0	3.73062682151794	0	0	9.73380190134048	1.19545781612396	0	0	0	0	0	0.877570748329163	0	0	0	0	0	0	0	0	0.676683664321899	0	0	0	0	0	0	0	0	0	0	0.48726823925972	0	0	0	0	0	0	3.09830188751221	0	8.34432232379913	0	31.1508064866066	0	0	0	0	0	0	0	0	2.13978558778763	0	0	1.22186797857285	0	2.99661141633987	0	0	0	0	0	0	0	0	7.7175030708313	0	0	0.563496172428131	0	0.482485771179199	0	0.629306852817535	0	4.65116548538208	0	0	0	0	0	0	0	0	0	3.04667693376541	0	0	4.87416958808899	0	0	0	0	0	0	0	0	0	0	0	0	10.3158621788025	52.3728935718536	0	0	0	0	0	0	0	0	0	4.76389104127884	0	0	0	0	0	0	0	0	0	0	0	0	0	0	0	0	0	0	0	0	0	0	0	0	0	0	0	0	0	13.2783904671669	0	0	0	0	0	0	0	0	0	0	5.11915302276611	0	3.62962099909782	0	0	0	0	0	0	0	0	0	0	0	0	0	3.25913351774216	0	0	0	0	0	0	2.2527916431427	0	0	0	0	0	0	0	0	0	0	0	0	0	0	0	0	1.43894624710083	0	0	0	1.34762585163116	0	0	0	0	0	0	0	0	0	0	0	0	0	1.68883216381073	0	0	0	0	0	0	26.569938659668	0	0	0	8.30673706531525	20.3787160515785	0	0	0	0	0	0	1.49903982877731	0	0	0	0	0	0	0	0	0	5.64174637198448	1.83363723754883	2.59215539693832	0	2.23510003089905	5.54500949382782	1.57981094717979	0	0	0	0	0	3.46524393558502	0	14.6874178051949	0	0	0	0	0	0	0	0	0	0	5.91948938369751	0	0	0	0	0	0	0	0	0	0	0	0	0	0	13.9332066774368	0	6.73884475231171	0	0	0	3.22802364826202	0	0	0	0	0	0	0	0	0	0	0	1.74245220422745	0	10.9303672611713	0	0	0	15.2096158266068	0	0	0	3.22593122720718	0	0	0	0	0	0	0	0	0	0	0	0	0	0	9.57939159870148	0	7.75801247358322	0	35.8060019016266	0	0	0	0	0	0	3.22616755962372	0	0	13.3020687103271	0	0	0	0	0	0	0	0	48.4782543182373	19.1096924543381
Asic4	0	0	0	0	0	0	0	0	0	0	0	0	0	0	0	0	0	0	0	0	0	0	0	0	0	0	0	0	0	0	0	0	0	0	0	0	0	0	1.04325294494629	0	0	0	0	0	0	0	0	0	0	0	0	0	0	0.867481112480164	0	0	2.0887343287468	0	0	0	0	0	0	0	0	0	0.628782510757446	0	0	0	0	0	0	0	0	0	0	0	0	0	0	2.88245582580566	0	0	0.809245884418488	0	0	0	0	0	0	0	0	0	0	0	0	0	0	1.89270627498627	0	0	0	0	0	0	0	0	0.48726823925972	0	0	0	1.65924632549286	0	1.68717360496521	0	0	0	0	0	0	0	0	0	0	0	0	0	0	0	0	0	29.7885937690735	0.997434079647064	5.96013170480728	0	1.89842879772186	0.978346049785614	0	0	0	0	0	0	0	0.598423302173615	1.23758387565613	0	0	0	0	0	0.552259504795074	11.2465246915817	0	0	0	0	1.97378814220428	0	22.9128608703613	0	0	0	0	0	0	0	0	0	0	0	0	0	0	0	0	3.03716254234314	0	0	0	0	0	0	0	0	0	0	0	0	0	3.46063786745071	0	0	0	0	1.46555495262146	0	0	0	0	0	0	0	0	0	0	0.882529616355896	0	0	0	0	13.1921501159668	0	0	0	4.85727667808533	0	13.9723353385925	0	0.532730996608734	0	0	1.19849383831024	14.4584356546402	0	0	0	0	0	0	0	0	0.704725980758667	0	0	0	0	0	0	0	0.663292944431305	0	0	0	0	0	0	0	0	0.799937725067139	0	0	0	0	3.42676949501038	0	0	0	0	0	0	0	8.21459484100342	1.16402447223663	0	0	0	0.852388381958008	0	0	0	0	0	0	0	0	0	0	0	0	1.21125203371048	0	0	0	0	0	0	0	0	0	0	0	0	0	0	0	0	0	0	0	1.28743296861649	0	0	0	0	0	0	0	0	0	0	0	0	0	0	0	0.521038770675659	0	0	0	0	0	0	0	0	0	0	2.55430805683136	0	0	0	0	0	0	0	0	0	0	0	0	0	0	20.3109946846962	0	0	0	0	0	0	0	0	0	0	0	0	0	0	0	0	0	0	0	0	0	0	0	0	0	0	0	0	0	0	0	6.91129159927368	0	0	0	23.9343364834785	0	0	0	0	3.84094792604446	18.7429043054581	0	0	0	0	0	0	0	0	5.50769972801208	0	0	6.48830023407936	0	0	0	0	0	0	0	0	0.748902261257172	0	0	0	2.31263184547424	0	0	0	0	0	0	0	0	22.5299310684204	0	0	0	0
B4galnt2	0	0	0	0	0	0	0	0	0	0	0	0	0	0	0	0	0	0	1.92997229099274	0	0	0	0	0.478816449642181	0	0	0	0	0	0	0	0	0	1.21057891845703	0	0	0	0	0	0	0	0	0	0	0	1.19845771789551	0	0	0.905251145362854	2.59250628948212	0	0	0	0	0	0	0	1.67946445941925	0	0	0	0	0	0.57500809431076	6.46856772899628	2.60320347547531	0	0	0	0	0	0	0	0	0	0.673134744167328	0	0	0	0	0	0	0	0	0	0	0	0	0	0	0	0	0	0	0	0	0	0	0	0	0	0	0	1.89971256256104	0	0.417667001485825	0	0	0	0	0	0	0	0	0	0	0	0	0	0	0	0	0	0	0	0.82902067899704	0	0	0	0	0	0	0	0	0	0	0	0	0	0	0.565259516239166	0	0	0.592100739479065	0	0	0	0	0	0	0.394922435283661	0	0	0	0	0	0	0	0	0	0	0	0	0.954356551170349	0	0	0	0	0	0	0.813167750835419	0	0	0	0	0	0	0	0	0	0	0	0	0	0	0.670792937278748	0	0	0	0	0	0	1.05641651153564	0	0	3.06323432922363	0	0	0	0	3.18846648931503	0	0	0	1.11522531509399	0	0.980043113231659	0	0	0	1.92299598455429	0	0	0	0	0	0	0	0	0	0	0	0	0	0	0	0	0	0	0	0	0	0	0	0	0	0	0	0	0	0	1.10870003700256	0	0	0	0	0	0	0.365851759910583	0	2.19541656970978	0	0	0	0	0	0	0	0	0.694476723670959	0	0	0	0	0	0	0	0	0	0	0	0	0	0	0	0	0	0	0	0	0	0	0	2.80380594730377	0.495962679386139	0	0	0	0	0	0	0	0.434029310941696	0	0	0	0	0	1.59652364253998	0	0	0	0	0	0.511187016963959	0	0	0	0	1.15480941534042	0.616924703121185	0	0	0	0	0	0	0.593343496322632	0	0	0	0	0	0	0	0	0	0	0	0	0	0	0	0	0	0	0	0	0	0	0	0	0	0	0	0	0	0	0	0	0	0	0	0	0	0	1.62750029563904	0	0	0	0	0	0	2.53227716684341	0	1.20582842826843	0	0	0	0	0	0	0	0	0	0	0	0	0	0	0	0	0	0	0	0	0	0	0	0	0	0	0	0	0	0	0	0	0	0	0	0	0	0	0	0	0	0	0	0	0	0	0	0	0	0	0	0	0	0	0	0	0	0
B4galnt3	0	0	0	0	0	0	0	0	0	0	0	0	0	0	0	0	0	0	0	0	0	0.568716704845428	0	0	0	0	0	0	0	0	0	1.6269782781601	0	1.82699406147003	0.547184407711029	0	0	0	0	0	0	0	0	0	0	0	0	0	0	0	0	0	0	0	0	0.669177353382111	0	0	0	0	0	0	0	0	0	0	0	1.20680606365204	0	0	0	0	0	0	0	0	0	1.82591962814331	0	1.36016762256622	0	0	0	0	0	0	0	0	0	0	0	0	0	0	2.05345773696899	0	0	0	0	0	0	0	0	0	0	0	0	0	0	0	0	0	0	0	0	0	0	0	0	0	0	0	0	0	0	0	0	0	0	0	0	0	0	0	0	0	0	0	0	0	0	0.892923355102539	0	0	0	0	0.504377722740173	0	0	0	0.394922435283661	0	0	0	0	0	0	3.70657354593277	0	0	0	0	0	0	0	0	0	0	0	0	1.50037705898285	0	0	0	2.45357012748718	0	0	0	0	0	0	0	0	1.34363728761673	1.08450615406036	0	0	0	0	0	0	0	0	2.02583581209183	0	0	0	0	0	0	0	0	0	0	0	0	0	0	0	0	0	0	0	1.2749330997467	0	0	0	0	0	0	0	0	0	0	0	0	0.578294456005096	0	0	0	0	0	0	0	0	0	0	1.11348581314087	0	0	0	0	0	0	0	0	0	0	0	0	0	1.30679261684418	0	0	0	0	0	0	0	0	0	0	0	0	0	1.90181398391724	0	0	0	0	0	0	0	0	0	0	0	0	0	0	0	0	0	0	0	0	0.381184816360474	0	0	0	1.29251700639725	0	0	0	0	0	0	0	0	0	0	1.42422610521317	0	0	0	0	0	0	1.55325758457184	0	0	0	0	0	0	12.9785112738609	0	0	0	0	0	0	0	0	0	0.846977293491364	1.11614733934402	0	0.910935878753662	0	0	0	0	0	1.31273925304413	0	0	0	0	0	0	0	0	0	0	0	0.608220458030701	0	0	0	0	0	0	0.462108641862869	0	0	0	0	4.67451620101929	0	0	0	0	0	0	0	0	0	0	0	0	0	0	0	0	0	0	0	0	0	0	0	0	0	3.09582388401031	0	0	0.472462862730026	0	0	2.52200776338577	0	0	0	0	0	0	1.66576337814331	0	0	0	0	0	0	1.50806325674057	0	0	0.688616096973419	0	0	0	0	0	0	0	0	0	0	0	0	0	0	0	0
Barx2	0	0	0	0	0	0	0	5.48938798904419	0	0	0	0	0	2.46846914291382	0	0	0	0	0	2.90108871459961	1.38128244876862	0	0	0.478816449642181	0	0	0	0	1.49626767635345	0	0	0	0	0	4.97782158851624	0	0	0	0	0	0	0	0	0	0	0	0	6.61161670088768	0	0	0.673418283462524	0	0	0	0	0	0	1.89485746622086	0	0	0	0	0	1.10409116744995	5.84712517261505	0	0	0	3.26589787006378	0	0.690144419670105	0	0	0.716780543327332	0.78204756975174	0	0	0	0	0	0	0	0	0.821436047554016	0	0	0	0	0	0	0	0	0	0	5.13972330093384	0	0	0	0	0	0	0	0	0	0	0	0	0	0	0	0	0.952548980712891	0	0	0	0	0	0.694925785064697	0	0	0	0	1.04535186290741	0	0	0	0	0	0	0	0	0	0	0	0	0	0	0	0	0	0	0	0	5.90728062391281	0	0	0	0	0	0	0	0	1.46293115615845	0	0	0	0	0	0	0	0	0.593110680580139	0	0	0	0	0	0	0.610106647014618	1.14313673973083	0	0	0	0	0	0	0	0	0	0	0	4.13489919900894	0	0	0	0	0	0	0	0	0	0	0	0	0	0	0	0	0	0	0	0	0	0	2.15826255083084	4.97620910406113	0	0	0	1.81690341234207	0	0	0.534276902675629	0	0	0	0	0	0	0	0	0	0	0	0	0	0	0	0	0	0	0	0	0	0	0	0	0	0	0	0	0	0	0	0	0	0	0	0	0	0	0	0	0	0	0	0	0	0	0	0	0	0	0	3.02169632911682	0	0	1.03955143690109	0	0	0	0	0	0.817253351211548	0	0	0	0	0	0	0	0	0	0	0	0	0	0	0	0	0	0	0	0	0	0	0	0	0	0	0	0	0	0	0	1.99214661121368	0	0	0	0	0	0	0	0	0	0.419249206781387	1.4597395658493	0	0	0	0	0	0	0	0	0	0	0	0	0	0	0	0	0	0	0	0	0	0	0	0	1.40787529945374	0	0	0	2.10492986440659	0	2.69090008735657	0	0	0	0	3.05916309356689	0	0	0	0	0	0	1.24564826488495	0	0	0	2.1264888048172	8.85628378391266	0	0	0	0	0	0	0	1.446832716465	0	0	0	0	0	0	5.09130573272705	0	0	0	0	0	0	0	0	0	0	0	0	0	0	0	0	0	0	0	0	0	0	0	0	0	0	0.748902261257172	0	0	6.50925266742706	0	0	0	0	0	0	0	0	0	0	0	0	0	0
Bcl11b	0	0	0	0	0	0	0	0	0	0	0	0	0	0	0	0	0	0.407090991735458	0	0	0	25.1965996026993	23.076530456543	62.2054024934769	14.1573088169098	14.9398686885834	0	0	0	0	0	0	0	0	0	0	66.9863959550858	0	47.401519715786	0	0	0	3.44012987613678	0	2.77612566947937	0	0	0	0	0	0	0	0	0	39.0681157112122	23.0815808773041	0	0	0	0	7.48261821269989	16.0270463228226	18.5856643915176	0	0	0	0	0	0	26.9233362674713	0	0	85.293736577034	0	0	0	0	0	15.9906914830208	0	0	0	0	0	0	0	0	0	0	27.9718291759491	0	0	0	0	0	0	0	0	0.78377902507782	0	16.4800921082497	0	17.1632623672485	3.11461913585663	2.56668192148209	0	0	44.38746291399	0	0	0	0	0	0	0	0	0	0	0	0	0	0	0	0	0	0	0	0	28.2697826623917	0	0	0	0	0	0	0	0	0	0	0	0	0	0	0	0	0	16.8716199398041	0	0	0	48.4009425640106	31.4595186710358	0	0	47.1403888463974	0	22.9900382757187	0	5.92136430740356	0	0	0	0	0	0	0	0	0	0	39.8104300498962	0	0	0	0	66.541274368763	15.6191528439522	0	0	0	0	0	0	0	2.43648636341095	7.72413921356201	0	0	0	14.351576924324	0	43.618579864502	0	61.860696554184	0	0	0	0	0	0	0	0	0	1.476842045784	0	1.6387637257576	0	0	0	0	25.8451238870621	0	0	0	0	0	0	81.9487071037292	0	6.96201372146606	0	0	0	0	0	0	0.977560579776764	0	0	0	0	0	0	0	0	68.4427119493484	0	0	0	0	14.7774015665054	0	0	0	0	0	0	0	0	0	24.54989361763	57.4445337057114	48.4762613773346	0	0	99.5164389610291	47.5677620172501	0	0	0	10.8154363632202	0	0	0	0	2.72021877765656	0	17.1428285837173	0	0	0	0	0	0	44.7377494573593	16.4758938550949	0	0	0	0	5.65360766649246	0	0	0	0	0	0	0	0	0	0	38.489978313446	0	0	0	0	0	0	0	0	0	0	0	0	0	0	0	0	0	28.3048367500305	0	0	0	0	0	0	0	0	0	0	0	0	0	0	0	0	30.8078969717026	0	0	0	0	0	0	0	0	0	0	0	15.124828338623	7.22585201263428	0	84.7703061103821	0	0	0	0	0	0	0	0	0	0	0	0	0.462108641862869	0	0	1.36887979507446	14.3969194889069	0	0	0	0	1.86676108837128	0	1.05400085449219	0	2.70631986856461	0	0	0	0	0	17.4367491006851	1.40261173248291	0	0	0	0	0	0	0	0	0.953804433345795	3.65959346294403	0	0	0	0	0	1.45686668157578	0	0	0	0	0	0	0	0	1.93356692790985	0	0	0	0	0	0.712675213813782	0	0	0	0	0	0	0	0	0	0	0	0	0	0	0	0	0	0	0
Bdnf	0	0	0	0	0	0	0	0	1.7973507642746	0	0	0	0	0	0	0	0	0	0	0	2.14825415611267	0	0	0.787666499614716	0	0	0	0	0	0	0	2.17686861753464	0	0	0	0	1.97574973106384	0	0	0	0	0	0	0	0	0	0	0	0	3.55980652570724	0	0	0	0	0	0.916245400905609	0	0	0	0	0	0	0	0	0	0	0	0	0	0.807379186153412	0	0	9.31288576126099	0	0	0	0	0	1.68180680274963	0	0	0	0	0	0	0	0	0	0	0	0	0.752475082874298	0	0	0	0	0	0	0	0	6.7022288441658	2.27690649032593	0	0	0	0	0	0	0	0	0	0	2.03550672531128	0	0	0	0	0	0	0	0	2.38448584079742	0	0	0	0	0	0	0	0	0	0	0	0	0	0	3.06290602684021	0	0	0	2.10623836517334	0	0	0	0	0	0	0	0	1.21961510181427	0	0	2.8300633430481	0	0	6.51272737979889	0	0	0	0	0	0	0	0	0	0	0	0	0	0	0	0	0	0	0	0	0	0.986252188682556	0	0	0	0	0	0	0	1.37274569272995	0	0	0	0	1.82851356267929	0	0	0	0	0	0.733533263206482	0	0	0	0	0	0	0	0	0	0.968715369701385	4.26806098222733	0	0	0	0	0	0	0	0	0	0	0	0	0	6.0735479593277	0	0	1.82712882757187	0	0	0	3.42706769704819	0	0	0	2.1010354757309	0	0	0	0	0	0	0	0	0	0	0	0	0	0	0	0	0.715773582458496	3.44583624601364	5.51204246282578	0	0	0	0	0	0	0	0	0	0	0	0.718807280063629	0	0	0	0	0	0	0	0	0	0	0	0	0	0	0	0	0	0	0	0	0	1.203099578619	0	0	0	2.27238911390305	0	0	0	0	0	0	0	0	0	0	0	0	0	0.355000734329224	0	0	0	0	0	0	0	0	0	0	0	0	0	0	0	0	0	0	0	0	0	0	0	0.64779806137085	0	0	3.7529501914978	0	0	0	0	0	0	0.951718300580978	0	0	0.311924308538437	0	0	0	0	0	0	0	0	0	0	0	0	0	0	0	0	0	0	1.24564826488495	0	0.93775737285614	0	0	0	1.43885672092438	0	0	0	0	7.15596204996109	2.09867942333221	0	0	1.05137121677399	0	0	6.39683777093887	6.71892035007477	0	0	0	0	0	0	3.67523211240768	0	0	0	0	0	0	0	0	0	0	0	0	0	0	0	0	0	0	0	0	0	0	0	0	1.606813788414	0	0	0	0	0	0	0	0	0	0	0	0	0
Bgn	0	0	0	5.29938840866089	0	0	0	0	0	0	0	0	0	2.6991024017334	0	0	0	0	0	0	0	7.532730281353	0	0	0	0	6.04407942295074	0	0	0	0	0	0	0	0	0	0	0	0	0	0	0	0	2.69661736488342	0	0	0	0	0	0	0	0	0	0	0	0	0	0	0	0	0	0	0	54.107029914856	3.97996997833252	0	0	0	0	0	0	0	0	0	0	0	0	0	0	0	0	0	0	8.07516288757324	0	0	0	0	0	0	0.555964350700378	0	0	0	0	0	0	0	0	0	0	0	0	0	0	0	0	0	0	0	0	0	0	0	0	0	0	0	0	0	0	0	0	0	0	0	0	0	0	2.9374772310257	0	0	0	0	0	2.22431302070618	0	0	0	0	0	0	10.0792393684387	0	0	0	0	0	0	0	0	0	0	0	0	2.80970638990402	12.3537974953651	0	0	0	0	19.0169703960419	0	0	0	1.53963285684586	0	0	0	0	0	0	0	0	0	0	0	0	0	0	0.481044888496399	0	0	0	0	0	0	0	0	0	0	0	0	0	0	0	0	0	0	11.3428614139557	0	0	0	0	0	0	0	0	0	0	0	0.788823783397675	0	0	0	0	0	0	0	0	0	0	0	0	0	0	3.61894577741623	0	0	0	0	0	0	3.4457613825798	0	0	0.912646234035492	0	0	0	0	0	0	0	0	0	5.53250932693481	0	0	0	0	0	0	0	0	0	0	1.28705596923828	0	0	0	0	0	2.15642189979553	0	0	0	0	0	0	0	0	0	0	0	0	0	0	0	0	0	0	0	0	0	0	0	0	0	0	0	0	0	0	4.0988552570343	0	0	0	0	0	0	0	0	0	0	0	0	0	0	0	0	32.8885246515274	0	0	0.857021749019623	0	0	0	0	0	0	0	0	0	0	0	0	0	0	0	0	1.11308217048645	89.3521394729614	0	0	0	0	0	0	0	0.830049812793732	0.794084310531616	0	0	0.484448343515396	0	0	0	0	0	0	0	0	0	0	0	0	0	0	0	0	0	0	0	0	2.29587912559509	0	0	0	0	0	10.2102210521698	0	6.23832368850708	19.8138216137886	0	0	0	0	0	0	0	3.32342576980591	0	0	0	0	0	0.968546390533447	0	0	0	0	0	0	0	0	0	0	0	0.759543240070343	0	0	0	0	0	3.91965270042419	0	0	0	0	0	0	0	0	0	8.23640859127045	0	0	2.07675850391388	23.5482693314552	0	0	0
Blnk	0	0	0	0	0	0	0	0	0	0	0	0	0	0	0	0	0	0	0	0	0	0	0	0	0	0	0	0	1.25734686851501	3.21802455186844	0	0	0	0	0	0	0	0	0	0	0	0	0	0	0	0	2.9565007686615	0	0	0	0	0	0	0	0	0	0	0	0	0	0	0	0	0	0	0	0	0	0	0	0	0	0	0	0	0	0	0	0	0	0	0	0	0	0	3.72252267599106	0	0	0	0	0	0	0	0	0	0	0	0	0	0	0	0	0	0	0	0	0	0	0	1.64159882068634	0	7.2141061425209	4.98495048284531	0	7.14851558208466	0	0	0	0	0	0	0	0	0	0	0	0	0	0	1.46873861551285	0	0	0	0	0	0.919181048870087	0	0	0	0	0	0	0	0	0	0	0	0	0	0	0	0	0	0	0	0	0	20.998516201973	0	0	0	0	0	0	0	0	0	0	0	0	0	0	0	0	0	5.39841741323471	0	0	0	0	0	0	0	0	0	0	0	0	0.609610974788666	0	0	0	0	0	9.69858008623123	0	0	0	0.679013788700104	0	4.3745384812355	0	0	0	0	6.9935816526413	0	0	14.3458232879639	0	0	0	0	1.28684169054031	9.77063822746277	6.03429615497589	0	0	0	0	0	0	0.42969211935997	0	0	0	0	0	0	0	0	0	0	0	1.53797793388367	0	0	0	0	1.56533670425415	0	0	0	0	0	0	0	0	0	0.715773582458496	4.80004209280014	0	0	0	0	0	0	1.68825042247772	0	0	1.30310714244843	0	0	0	0	0	0.440700620412827	0	0	5.08026123046875	0	0	0	3.28039050102234	0	0	0	0	0	0	0	0	0	0	0	0	0	0	5.96814894676208	0	0	0	0	0	0	0	0	0	0	0	0	0	0	0	0	0	0	0	0	0.504879951477051	0	0	0	2.50417232513428	0	0	1.89509737491608	0	4.80505704879761	0	0	0	0	4.86883527040482	1.1886420249939	0	0	0	0	0	0	2.278340280056	0	0	0	0	0	0	0	0	0	0	0	0.823296964168549	0	0	0	0	0	0	0	0.726719737052917	5.40569937229156	0	0	0	0	0	0	0	3.71424555778503	0.46887868642807	0	0	0	0	0	0.834977030754089	0	0	0	0	1.28576791286469	0	0	0	0	0	2.20881670713425	0	0	0	0	0	0	3.00735509395599	0	0	0	0	0	0	0	0	0	0	0	0	0	0	0	0	0	0	0	0	0	0	0	0	3.17601710557938	0	0	0	0	0	0	0	0	0	0	0	0	0
Bmpr1b	0	0.510439038276672	2.03688263893127	0	0.694447457790375	0	0	0	0	0	0	0	0	0	0.523894190788269	0	0	0	1.05904936790466	0	0	0	0	0	0	0	0	0	0	0	0	0	0	0	0	0	0	0	0	0	0	0	0	0	0	0	0	0	0	0.505355596542358	0	0	0	0	0	0	0	0	0	0	0	0	0	0.580043494701385	0	0	0	0	0	0	0	0	0	0	0	0	0	0	0	0	0	6.65810298919678	0	2.68090260028839	0	0	0	0	0	0	1.30844914913177	0	0	0	0	0	0	0	0	0.389497518539429	0.718720018863678	0	1.23141574859619	0	0	0	0	0	0	0	0	0	0	0.757362723350525	0	0	0	0	0	0	0	0	0	0	0	0	0	0	0	0	0	0	0	0	0	0	0	0	0	0	0	0	0	0	0	0	0	0	0	0	0	0	0	0	0	3.35698819160461	0	0	0	0	2.8073907494545	0	0	1.17658638954163	0	0	0	0	0	0	0	0	0	0	0	0	0	0	0	0	0	0	0	0	0	0	0	0	0	0	0	0	0	0	0	0	0	0	0	0	0	0	0	0	0	0	0	0	1.16604524850845	0	0	0	0	0	0	0	0	0	0	0	0	0.789829671382904	0	0	1.09358549118042	0	0	0	0	0	0	0	0	0	0	0	0	0	0	1.49306637048721	0	0	0	0	0	0	1.28207576274872	0	0	0	0	0	0	0	0	0	0	0	0	0	0	0	0	0	0	0	0	0	0	0	0	0	0	0	0	0	0	0.910725891590118	0	0	0	0	0	0	0	0	0	0	0	0	0	0	2.71650552749634	0	0	0	0	0	0	0	0	0	0	0	0	0	0	0	0	0	0	0	0	0	0	0	0.807439625263214	1.21597939729691	0	0	0.617718160152435	0	0	0	0	0	0	0	0	2.51694226264954	0	1.99687099456787	0	0	0	0	0	0	0	0	0	0	0	1.3844074010849	0	0	1.62597155570984	0	0	0	0	0	0	0	0	0	0	0	0	0	0	0	0	0	0	0	0	0	0	2.43429660797119	0	0	0	0	0	0	0	0	0	0	0	0	0	0	0	0	0	0	0	0	0	0	0	0	0	0	0	0	0	0	0	2.07476401329041	0	0	0	0	0	0	0	2.41464114189148	0	0	0	0	0	0	0	0	0	0	0	0	0	0
Brinp3	0	0	0	0	0	0	0	0	0.599116921424866	0	0	0	0	0	0	0	0	0	2.40316331386566	0	0	0	0	0	0	0	0	0	0	0	0	0	0.46928209066391	0	0	0	0.517587840557098	0	0	0	0	0	0	0	0	0	3.25525772571564	2.07600045204163	0	0	0.673418283462524	0	0.822046875953674	2.32227557897568	0.834077060222626	0	0	0	1.10590469837189	0	0	0	0	0	0	1.2053182721138	0	2.64069673418999	0	0	0	0	0	0	0	0	0	0	0	0	0	0	0	0	0	0	0	0	1.35030782222748	0	0	0	0	0	0	0	0	0	0	0	0	0	0	0	0	0.565446794033051	0	0.408562511205673	1.41818910837173	0	0	6.11530309915543	0	0	0	0	0	0	0	0	0	0	0	0	0	0	0	0	0	0	0	0	0	0	0	0	1.85132360458374	0	0	0	0	0	0	0	1.20880627632141	0	0	0	0	1.21961510181427	0.394922435283661	0	2.86730605363846	0	0	0	0	0	0	0	0	0	0	0	0	0	0	0	2.13608804345131	0	0	0	0	0	0	0	1.84197020530701	0	0	0	0	0	0	0	4.09817761182785	0	0.76223760843277	1.55455213785172	0	0	0	0	0	0	0	0	0	0	0.679013788700104	0	2.64310956001282	0	0	0	0	0	0	0	0.479826301336288	0	0	0	0	0	0	0	0	0	0	0	0	0	0	0	0	0	0	0	0	0	0	0	0	0	0	0.591481029987335	0	0	0	0	0	0	0	0	6.04608261585236	0	0	0	0	0	0	0	2.05696749687195	0	0	0	0	0	0	0	0	0	0.859604954719543	0	4.48539042472839	0	0	0	0	0	0	0	0	0	0	0	0	0	0	0	0	0	0	0	0	0	0	0	0	0	0	0	0	0	0	0	0	0	0	0	0	0	0	0	0	0	0	0	0	0	0	0	0	0	0	0	0	0	0	0	0	0.417412936687469	0	0	0	0	0	0	0	0	0.973687052726746	0	0	2.18422627449036	0	5.46836996078491	0	0	0.545731782913208	0	0	0	0	0	0	0	0	0	0	0	0	0	0	0	0.559176504611969	0	0	0	0	0	0	0	0	0	0	0	0	0	0	0.627553939819336	0	0	7.01685070991516	0	2.99497324228287	0	0	0	0	6.59027987718582	0	0	0	0	4.49323099851608	0	0	0	0	0	0	0	0	0	0	0	1.03751218318939	0	0	0	0	3.25530403852463	0	0	0	0	0	0	0	0	0	1.44994550943375	0	0	0	0	0	0	0	0	0	0	0	0
C1ql3	0	0	0	0	0	0	2.082111120224	37.0390644669533	0	0	0	0	0	0	0	0	0	0	0	24.7688611745834	0	0	0	0	0	0	0	0	0	0	0	0	0	0	0	0	0	0	0	37.7051319479942	0	0	0	0	0	0	0	76.2263661623001	0	0	0	0	0	0	10.0032649040222	18.8426866531372	0	0	0	0	5.17430102825165	0	0	0	83.6002215147018	0	0	0	0	0	50.7802426815033	36.8522257804871	0	29.0544132590294	0	1.14349389076233	0	10.7204962968826	0	0	52.2239211797714	0	0	31.2494748830795	30.4538626670837	0	0	0	0	9.33124220371246	0	0	0	0	0	0	0	0	0	0	40.2965443134308	0	0	0	0	0	0	0	0	0	70.9346680641174	0	0	0	0	18.9323492050171	27.9345975518227	0	1.76397228240967	17.6136618256569	0	37.2927255630493	0	0	53.1511831283569	0	0	0	0	0	0	0	0	0	0	0	0	0	0	0	0	49.1069269180298	32.0769639015198	0	0	0	0	0	0	0	0	15.9363026618958	0	0	0	0	0	0	0	0	0	0	0	43.6162628531456	0	0	0	11.4995185136795	74.4505233168602	0	0	0.982738137245178	0	0	0	0	0	0	0	0	0	0	0	0	60.5828706026077	0	0	0	0	0	0	0	0	0	0	0	0	0	1.52064228057861	0	0	0	0	0	48.8033916950226	0	0	0	0	0	0	7.4817196726799	0	0	0	0	0	0	0	0	0	0	0	13.4182016849518	0	0	0	0	20.613113284111	18.6453056335449	0	0	0	0	0	0	0	0	0	57.5908403396606	0	0	0	0	0	43.8347803354263	0	18.3784421682358	0	0	0	0	0	0	0	0	0	0	0	0	0	0	0	7.64201819896698	32.1161476969719	0	0	0	0	16.5848770141602	0	0	0	0	0	0	0	0	0	0	0	0	39.4569056630135	0	0	0	0	0	45.2351610064507	12.0745915174484	0	0	0	0	0	0	0	0	0	33.9347982406616	0	0	0	0	0	0	15.7827888727188	0	0	0	0	0	0	0	0	0	0	0	0	0	0	0	0	0	0	0	0	0	1.64785206317902	0	38.4550225734711	0	0	0	0	19.3799432516098	0	0	3.13345623016357	0	0	0	0	49.4373022317886	0	0	0	0	64.0769585371017	44.9117170572281	0	0	20.6195594072342	0	13.4042181968689	0	2.31194019317627	121.466987133026	0	0	0	0	0	0	0	0	24.8097457885742	26.9001870155334	0	0	0	0	0	0	0	0	36.2977187633514	58.2172381877899	0	0	0	0	0	19.279257774353	0	80.1187295913696	0	0	0	0	0	0	0	0	0	0.674338400363922	12.6450257301331	0	0	0	0	0	33.229875087738	0	0	0	0	0	0	0	0	0	0	0	0	0	0	2.06391775608063	0	0	2.22641012072563	0	0	0
C1qtnf7	0	0	0	0	0	0	0	0	0	0	0	0	0	0	0	0	0	0	0	0	0	0	0	0	0	0	0.912519812583923	0	0.7960404753685	0	0	0	0	0	0	0	0	0	0	0	0	0	0	0	0	0	0	0	0	0	0	0	0	0	0	0	0	0	0	0	0.645662665367126	0	0	0	0.543233513832092	0	0	0	0	0	0	0	0	0	0	0	0	1.03915655612946	0	0	0.985868155956268	0	0	0.518709063529968	0	0	0	0	0	0	0	0	0	0	0	0	0	1.14898347854614	0	0	0	0	0	0	0	0	0	0	0	0	0	0	0.771125674247742	0	0	0.566390991210938	0	0	0	0	0	0	0	0	0	0	0	0	0	0	0	0	0	0	0	0	0	0	0	0	0	0	0	0	0	0	0	0	0	0	0	0	0	0	0	0	0	0	0	0	0	0	0	0	0	0	0	0	0	0	0	0	0	0	0	0	0	0	0	0	0	0	0	0	0	0	0	0	0	0	0	0	0	0	0	0	0	0	0	0	0	0	0	0	0	0	0	0.466163694858551	0	0	0	0	1.88179010152817	0	0	0	0	0.601262748241425	0	0	0	0	0	1.35622310638428	0	0	0	0	0.44667974114418	0	0	0	0	0	0	0	1.74364304542542	0	0	0	0	0	0	0	0	0	0	0	0	0	0	0	0	0	0	0	0	0	0	0	0	0	0	0	0	0	0	0	0	0	0	0	0	0	0	0	0	0	0	0	0	0	0	0	0	0	0	0	0	0	0	0	0	0	0	0	0	0.705806732177734	0	0	0	0	0	0	0	0	0	0	0	0	1.89298468828201	0	0	0	1.28587707877159	0	0	0	0	0	0	0	0	0	0	0	0	0	0	0.939292371273041	0	0	0	0	0	0	0	0	0	0	0	0	0	0.872718453407288	0	0	0	0	1.54924356937408	0	0.657291948795319	0	0	0	0	0	0	0	0	0	0	0.622652530670166	0	0	0	0	0	0	0	0	0	0	0	0	0	0	0	0	0	0	0	0	0	0	0	0	0	0	0	0	0	0	0	0	0	0	0	0	0	0	0	0	0	0	0	0	0	0	0	0	0	0	0	0	0	0	0	0	0	0	0	1.47922170162201	0	0
Cacng5	0	0	0	0	0	0	0	2.27544897794724	0	0	0	0	0	0	0	0	0	0	0	0.587228298187256	0	0	0	1.81221705675125	0	0	0	1.37102484703064	0	0	0	0	0	0	0	0	0	0	0	0	0	0	0	0	0	0	0	0	0	0	2.65486717224121	6.96411085128784	0	0	0	0.916245400905609	0	1.18180191516876	6.24491214752197	0	0	3.05840504169464	0	0	0	0	0	1.8080233335495	0	0	0	0	0	0	9.11278676986694	0	0	0	0	0	0	0	0	1.17368847131729	0	0	0	0	0	1.41368007659912	0	0	0	0	0	0	0	0	0	0	0	0	0	3.59814935922623	2.44719243049622	0	0	0	0	0	0	0	0	1.80197966098785	0	0	0	0	0	5.17960184812546	0	0	0	0	2.35285615921021	0	0	0	0	0	0	0	0	1.81277334690094	1.19632568955421	1.45046055316925	0.843505859375	0	0	0	0	0	0	0	0	0	0	0	0	0	0	0	0	0	0	0	0	0	0.657929420471191	0	9.82313799858093	0	0	0	0	0	0	0	0	0	9.38170766830444	0	0	0	0	0.758560419082642	0	0	0	0	0	0	0	0	0	0	0	0	0	0	0	0	10.1146019697189	0	0	0	0	0	2.23066461086273	0	0	2.42982530593872	0	0	0	0	0.896229565143585	0	0.479826301336288	0	0	0	0	0	0	0	0	0	0	5.38963985443115	0	15.748558819294	0.85938423871994	0	0	0	0	8.91768550872803	0	0	0	0	0	0	2.43590807914734	0	0	0	0	0	0	0	0	0	0	0	0	0	0	0	0	0	0	4.14232897758484	0	0.888368129730225	0	0	0	8.44875681400299	0	0	0	0	0	0	0.679310202598572	0	0	0	0	0	0	0	0	0	0	0	0	0	0	0	7.32739758491516	0	0	0	6.66982901096344	0	0	0.789939343929291	0	0	0	0	0	0	0	0	0	0	0	0	0	0	0	0	0	4.31151342391968	0	0	0	0	0	0	0	0	0	0.521038770675659	0	0	0	0	0	0	0	0	0	0	0	0	0	0	1.12981462478638	2.12127768993378	0	0	0	0.705948650836945	0	0	0	0.502170860767365	0	19.1081397533417	0	0	0	0	0	0	0	0	0	0	0	0	0	0	0	0	0	0	0	0	0.617575883865356	0	0	0	0	0	0	0	0	0	0	0	0	0	0	0	0	0	0	2.06760489940643	14.7783809602261	0	0	0	0	4.45449507236481	2.59146910905838	0	0	0	0	0	0	0	0	0	0	0	1.42129778862	0	0	0.633946120738983	0	0	34.5469045639038	0	0	11.8204702734947	0	0	0	0	0	0.967434406280518	0	0	0	0	0	0
Calb2	0	0	0	0	0	0	0	0	0	1.16770553588867	0	0	0	0	0	0	0	0	0	3.42521613836288	0	0	0	0	0	0	0	0	0	5.24495470523834	0	0	0	0	0	0	0	0	2.2531875371933	1.84062111377716	0	0	0	6.66978013515472	6.65602219104767	31.3675337433815	0	0	9.26745957136154	0	0	0	0	0	0	0	0	0	0	0	2.79344868659973	0	0	0	0.543233513832092	0	0	0	0	0	0	0	1.72553586959839	0.756921112537384	0.68056720495224	0	0	0	0	0	0	0	3.28209161758423	0	0	0	2.67962384223938	0	0	0	0	0	0.934747874736786	0	0	0	0	0	0	0.946353137493134	0	0	0.560147523880005	0	0	0	0	0	0	0	0	0.952548980712891	0	0	0	0	0	0	0	0	0	0	0	19.3324546813965	0	0	0	0	0	0	0	0	0	0	0.91760379076004	0	0	0	0	0	6.09112638235092	0	0	0	0	0	0	0	0	0	0	0	0	0	0	0	0	4.02963382005692	0	0	0	0	0	0	0	0	0	0	0	0	1.4336684346199	0	0.757376313209534	0	0	0	1.82883560657501	0	0	0	0	0	0	0	0	21.5623798370361	0	0	0.984385371208191	0	1.14301669597626	0	0	2.25477135181427	0	0	0	0	0	0	0	0	0	0	1.11522531509399	0	0	0	2.06705766916275	0	0	0	0	0	0.875631034374237	0	0.799852848052979	0	0	0	0	0	1.35144838690758	0	0	0	0	0	0	0	0	0	0	4.38871884346008	0	0	0	1.89939475059509	0	0	0	0	0	0	0	0	0	1.58909159898758	0	0	0	0.792295634746552	0	0	0	0	0	0	0	4.10846543312073	5.57355695962906	0	0	0	0	0	0	0	3.29495173692703	2.18922019004822	1.13688158988953	0	2.32370805740356	0	0	0	0	0	0	0	9.20944947004318	0	0	0	0	0	0	0	0	0	0	0	0	0	0	0	0	5.59935224056244	0	0	0	6.02338987588882	0	0	0	0	0	0	0	1.67504566907883	1.40767341852188	0	0	4.63028621673584	0	0	0	0	0	0	0	0	0	0	0	0	0	0	0	0	0	0	0	0	0	0	0	0	0	0	0	0	0	0	0	3.84197694063187	0	0	0	0	0	0	0	0	0	0	0	0	0	0	0	0	18.0582633018494	0	0	0	0	0	0	0	0	0	0	0	0	0	0	0	0	0	0	0	0	0	0	0	0	5.84155914187431	0	2.51215988397598	3.77510625123978	0	0	0	0	0	1.95740759372711	0	1.54568111896515	0	0	0	0	0	0	0	0	0	5.97089064121246	0	13.9590413570404	0	0	0	0	0	0	3.86973762512207	0	0	0	0	0.704012155532837	0
Camk2d	1.82858335971832	0	0	0	10.263826072216	0	0	37.9743438959122	0	0	0	0	0.573808014392853	0.787285089492798	0	0	2.30482506752014	0	0	0	0	0	0	21.9285346269608	23.8998838067055	0	0	0	38.6109473109245	0	0	0	29.6435598134995	51.6768847107887	0	0	23.5862293243408	0	0	0	0	0.552404582500458	0	0	0	0	0	73.4437984228134	0	0	0	0	0	0	9.68649631738663	0	0	0	0	0	0	0	33.4065586328506	0	0	0	0	0	0	0	0	0	0	13.8886758089066	0	0	0	0	0	0	0	0	0	0	0	15.1912025809288	3.1241911649704	0	0	11.3184835910797	0	0	0	13.5710428953171	0	0	0	0	0	3.39475607872009	0	0	0	0	52.5769553184509	42.2369738817215	0	0	0	0	0	0	0	0	0	5.73747402429581	10.1227765083313	17.6635564565659	0	0	0	0	0	0	0	0	0	8.72750121355057	7.74581527709961	0	0	0	0	0	0	0	0	7.62893521785736	0	0	51.8034166097641	22.3912837505341	0	14.7912231087685	15.4807393550873	0	0.507479310035706	0	0	0	0	0	0	0	0	27.1340985298157	0	6.97420614957809	0	0	0	0	0	0	0	0	0	0	0	0	18.750829577446	0	0	0	0	0	0	0	3.66489934921265	4.09753906726837	0	60.5472854375839	0	0	10.8344881534576	0	0	0	0	0	0	0	22.3357045650482	0	0	0	0	1.5185751914978	0	0	0	0	0	0	0	0	0	14.4371480941772	0	0	0	0	0	0	2.68479585647583	0	0	0	3.72028630971909	0	0	40.821378827095	0	0	0	0	0	0	0	0	0	6.58529090881348	0	0	0	0	0	0	0	0	0	14.355119228363	0	0	0	0	0	0	0	0	0	0	0	0	0	2.44108659029007	1.71840298175812	0	10.4434221386909	0	22.7650810480118	0	0	0	0	26.5256244540215	0	0.965714454650879	0	0	6.64523410797119	0	0	0	0	0	0	3.77501708269119	0	0	0	4.4683538377285	0	0	0	0	0	0	0	0	5.87263005971909	0	14.4741553664207	0.452083915472031	0	0	0	0	0	10.1990410089493	0	0	0	0	0	0	0	0	0	0	0	0	0	0	0	0	0	4.11288118362427	0	0	0	18.2261043787003	0	0	3.17765820026398	0	0	0.713761329650879	1.48602080345154	0	0	0	0	0	4.35507488250732	0	0	0	0	12.699865937233	0	0	1.36323499679565	0	0	15.0871716141701	0	0	0	0	0	0	0	0	0	0	0.684439897537231	0	0	0	0	0	0	0	0	0	0	0	3.08801436424255	15.4661846160889	0	0	0	0	0	0	0	6.7322051525116	0	0	0	0	0	47.9938268661499	0	0	0	0	0	0	0	0	0	0	0	1.42597019672394	14.3906691074371	0	0	0	24.9510303735733	31.5856144428253	0	0	0	0	0	28.8325073719025	65.1991832256317	0	67.0890400409698	78.8167078495026	0	0	0	0	0	0	0	0	0	0	0	0
Car3	0	0	0	0	0	0	0	0	0	0	0	0	0	0	0	0	0	0	0	0	0	0	0	0	0	0	0	1.6928151845932	0.628673434257507	0	0	0	0	0	2.32324516773224	0	0	0	0	0	0	0	0	0	0	0	0	0	0	0.853496611118317	0	0	0	0	0.665863573551178	0	0	0	0	0	0	0	0	0	0	0	0	0	0	0	0	0	0	0	0	1.45452392101288	0	0	0	0	0	0	0	0	0	0	1.2563591003418	0	0	0	0	0	0	0.909140765666962	0	0	0	0	0	0.946353137493134	2.0059455037117	0	0	0	0	0	0	0	0.438179194927216	0	0	0	0	0	0	0	0	0	0	0	0	0.997366696596146	0	0	0	0.639340221881866	0	0	0	0	0	0	0	0	0	0	0	0	0	0	0	0	0	0	0	0	0	0	0	0	0	0	0	2.66630262136459	0	0	0	0.90045177936554	0	0	0	0	0	0	1.41422832012177	0	0	1.20761862397194	0	0	6.1922402381897	0	0	0	0	0	0	0	0	0	0	0	0	0	0	0	0	0	0.374774396419525	0.477735340595245	4.32312476634979	0	0	0	0	0	0	0	0	0	0	0	0	0	0	0	0	2.07336235046387	0	0	0	0.586354970932007	0	0	0	0	0	0	0	0	0	1.61148315668106	0	0	0	0.593237400054932	0	0	0.746989190578461	0	0	0	0	0	0	0	0	0	0	0	0	0	0	0	0	0	0	0	0	0	0	0	0	0	0	0	0	0	0	0	0	0	1.49862033128738	0	0	0	0	0.415141940116882	0	0	0	1.5327667593956	0	0	0	0	0	0	0	0	0	0	0	0	0	0	0	0	0	0.888005197048187	0	0	0	0	0	0	1.02182853221893	0	0	0	0	0	0	0	0	0	0	0	0	0	0	0	0	0	0	0	0	0	0	0	0	0	0.573428153991699	0	0	0	0	0	0	0	0	0	0	0.728075444698334	0	0	0.397863388061523	0	0	0	0	0	0	0	0	0	0	0	0.640111684799194	0	0	0	0	0	0	0	0	0	0	0	0	0	0	0	0	0	0	0	0	0	0	0	0	0	0	0	0	0	0	1.25063496828079	0	0	0	0	0	0	0	0	0	0	0	0	0	0	0	0.674338400363922	0	0	0.772840559482574	0	0	0	0	0	0	0	0	0	0.585884690284729	2.14867955446243	0	0	0	0	0	0	0	0	0	0	0	0	0.475008845329285	0
Cbln2	0	0	0	0	0	0	0	0	3.78565055131912	0	0	0	0	0	0	1.34625363349915	0	0	0	0	0	0	0	0	0	0	0	0	0	11.7369571328163	0	3.401451587677	3.93872010707855	1.86658841371536	1.91423636674881	0	0	0	0	0	0	0	0	0	0	4.7781628370285	0	0	0	0	0	0	0	0	0	5.13765054941177	8.89726626873016	0	0	7.61950063705444	1.20288068056107	0	0	0	0	1.10479593276978	0	0	14.7780638337135	9.49365997314453	0	0	9.4565013051033	0	0	0	0	28.7867630720139	0	1.77634036540985	0	14.5132352113724	0	0	0	1.58238196372986	0	1.2110184431076	0	0	0	0	0	0	0	0	0	0	0	1.35026586055756	0	0	0	0	0	0	0	0	0	5.85382461547852	0	6.45643126964569	0	0	0	0	30.2227011919022	0	0	0	0	0	0	0	0	0	0	0	9.27069717645645	0	0	0	0	0	0	0	0	0	0	0	0	0	0	0	0	0	0	0	0	0	0	12.3916158080101	0	0	21.0914834141731	0	0	0	0	0	0	0	0	0	0	0	0	2.40452298521996	0	0	0	0	0	0	0	3.83556914329529	12.1259047985077	4.03435671329498	0	0	0	0	0	0	17.6753387451172	0	0	23.43338316679	0	0	0	9.7488865852356	0	0	0	12.8526215553284	0	0	0	0	9.90733501315117	0	0	0	16.2118344306946	3.47414189577103	0	23.6567971110344	0	0	0	0	0	0	0	0	0	0	0	0	0	0	0	0	0	0	1.00376188755035	0	0	0	0	0	0	0	0	0	0	0	0	0	0	0	0	0	25.5323073863983	0	0	0	0	0	0	0	0	0	0	0	0	0	0	0	0	0	0	0	0	0	4.08110201358795	0	0	43.4246585965157	0	0	0	0	0	0	0	0	0	13.6144779324532	16.50634765625	0	0	0	0	0	0	6.81041502952576	27.173743724823	0	0	8.35389828681946	0	0	0	0	0	0	0	0	0	0	4.70765459537506	0	0	10.8674973249435	0	0	0	0	12.872181892395	0	0	0	0	22.7618302106857	0	0	0	0	0	0	0	0	0	0	6.45175647735596	0	4.6813553571701	0	0	0	0	23.6309216022491	0	5.8763210773468	0	0	0	0	14.0804975628853	0	0	9.43983054161072	21.7446128726006	17.8483837842941	0	0	0	0	0	0	2.2883437871933	1.95250836014748	1.72909808158875	0	1.62750029563904	0	0	5.00895011425018	0	23.182844042778	0	41.3622425198555	7.37992405891418	0	3.46556746959686	0	0	1.25510787963867	0	0	0	12.6235055923462	0	0	0	0	0	0	0	0	0	0	0	0	0	37.0284856557846	0	0	0	0	0	1.21537458896637	0	0	2.9756041765213	0	0	29.1879565119743	0	0	0	0	0	0	0	0	0	0	23.6603189706802	0	0	0	0	0	0	0	0	15.0131818056107	0	0.774182736873627	0	0
Cbln4	0	0	0	0	0	0	0	0	0	0	0	0	0	0	0	0	2.14477515220642	0	0	0	0	1.18478739261627	0	0	0	0	0	0	0	0	0	0	0	0.403526306152344	0	0	0	0	0	0	0	0.552404582500458	0	0	0	0	0	0	0	0	0	0	0	0	0	0	0	0	0	0	0	0	1.22917121648788	2.08397907018661	0	0	0	0	0	0	0	0	0	0	0	1.38238161802292	3.89868611097336	0	0	0	0	0	3.75802439451218	0	0	0	1.2396525144577	0	0	0	0	0	0	0	0	0	3.54082822799683	0	0	0	0	0.745102524757385	2.0161024928093	0	0	0	0	0	0	0	0	0	0	0	0	0	0	0	0	0	0	0	11.7506151199341	5.60132771730423	0	0	0	0	0	0	0	0	0	0	0	0	0	0	0	0	1.69577860832214	0	0	0	0	0	0	0	0	0	0	0	0	0	0	0	0	0	0	2.97903859615326	0	0	0	0	0	0	0	0	0	0	0	0	0	0	0	0	0	3.03716254234314	0	0	0	0	0	0	0	0	0	0	0	0	0	0	4.96637582778931	0	0	0	0	0	0	0	0	0	0	0	0	0	0	0	0	0	1.95509111881256	0	0	0	0	0	3.97720992565155	0	0	0	0	0	0	4.79397535324097	0	0	0	0	0	0	0	0	0	0	0	0.866471946239471	0	0	0	1.49306637048721	0	0	0	0	15.3026032447815	0	0	0	0	0	1.59123063087463	2.45526081323624	0	0	2.73667788505554	0	0	0	0	0	1.0885454416275	0	0	0	0	0	0	1.31926280260086	0.699702143669128	2.11774098873138	0	0	0	0	0	0	0	0	9.93147718906403	1.30680274963379	0	0	0	0	0	0	0	0	0	0	0	0	0	0	0	0	0	0	0	0	0	0	0	0	0	0	0	0	0	2.5828173160553	0	0	0	0	0	0	0	0	0	0	0	0	0	0	0	0	0	0	0	0	0	0	14.6385453343391	0	0	6.67887091636658	1.07996237277985	0	0	0	0	0	0	0	0	7.13570827245712	0	0	0	0	0	0	0	0	0	0	0	0.817947864532471	0	5.87912786006927	3.71025544404984	0.622652530670166	0	0	6.56316566467285	0	0	0.834977030754089	0	0	0	0	0	0	0	0	0	0	0	0	0	0	0	0.480967164039612	0	0	13.0703303813934	0	0	0	0	0	0	0	0	0	0	0	0	3.42427825927734	0	2.06545305252075	0	0	0	0	0	0	1.08166098594666	0	0	0	0	0	0	0	0	0	0	0	0	0	0	0
Ccbe1	0	0	0	0	0	0	0	0	0	0	0	0	0	0	16.5076912641525	0	0	0	0	0	0	0	0	0	0	0	0	0	0	0	0	0	0	0	0	0	0	0	0	0	0	0	0	0	0	0	0	0	0	0	0.673418283462524	0	0	0	0	0	0	0	1.10590469837189	0	0	0	0	0.57500809431076	0	0	0	0	0	3.49160924553871	0	0	0	0.716780543327332	0	0	0	0	0	0	0	0	0	0	0	0	0	0	0	0	0	0	0	0	0	0	0	0	0	0	14.5029450654984	0	0	0	10.3214901685715	0	0	0	0	0	0	0	0	0	0	0	0	0	0	0	0	0	0	0	0	0	0	0.457277059555054	5.25242105126381	0	0	0	0	0	1.86589893698692	0	0	0	0	0	6.19992780685425	0	4.82183825969696	0	0.998628556728363	0	0	0	0	0	0	0.507296979427338	0	0	0	0	0	0	0	0	0	12.4502395391464	0	0.646943807601929	0	0	0	0	0	1.17559492588043	0.588126242160797	0	0	0.521413803100586	0	0	3.86698549985886	0	0	0	0	0	0	0	0	0	0	0	5.48167842626572	0	3.15313762426376	0	2.00432986021042	0	0	0	2.19833254814148	0	0	0	0	12.1492465734482	0	0	0	0	0	0	0	0	5.03364759683609	0	0	0	0	0	0	0	0	0	0	0	8.76900696754456	0	0	0	1.06449270248413	0	0	2.69178754091263	0	0	0	0	0	0	0	0	0	0	0	6.3569301366806	5.41572749614716	0	0	0	0	0	0	0	0	0	0	0	0	1.04191386699677	0	0	0	0	5.21936666965485	0	0	0	0	0	0	0	0	0	0	0	1.85825228691101	0	0	0	0	0	0	0	0	0	0	0	0	0	0	0	0	0	0	3.468581199646	0	0	0	0	0	3.91918349266052	0	0	7.08769917488098	0	0	0	3.37462222576141	0	0	4.8631583750248	2.07232767343521	0	0	0	0	1.51473331451416	0	0	0	3.9364902973175	0	0	0	0	2.28038024902344	0	0	0	0.771507024765015	0	0	0	5.90122544765472	0	13.7685336470604	0	0	0	0	0.509159326553345	0	0	0.574870824813843	0	0	0	23.6075744628906	0	0	9.21138334274292	0	0	0	0	0	0	0	0	0	0	1.89047384262085	0	0	0	0	2.0661883354187	0	0	0	0	0	0	0	7.4496528506279	0	0	0	0	0	5.10847800970078	0	0.548273086547852	0	0	0	0	0	0	0	0	10.5180549621582	0	0	3.84173893928528	0	0	0	0	0	8.17433130741119	0	0	0	0	0	0	0	0	0	0	0	0	0	0	0	0	0	0	0	0	0	0	0	0	0	0
Ccdc162	0	0	0	0	0	0	0	0	0	0	0	0	0	0	0	0	0	0	0	0	0	0	0	0	0	0	0	0	0	0	0	0	0.46928209066391	0	0	0	0	0	0	0	0	0	0	0	0	0	0	0	0	0	0	0	0	0	1.90516746044159	0	0	0	0	0	0	0	0	0	0	0	0	0	0	0	0	0	0	0	0	0	0	0	0	0	0	0	0	0	0	0	0	1.28010892868042	0	0	1.85389089584351	0	0	0	0	0	0	0	0	0	0	0	0.560147523880005	0.51602441072464	0	0	0	0	0	0	0	0	0	0	0	0	0	0	0	0	0	0	0	0	0.603119194507599	0	0	0	0.901866436004639	0	0	0	0	0	0	0	0	0.794791996479034	0	0	0	0	0	0	0	0	0	0	0	0	0	0	0	0	0	1.95583444833755	0	0	0	0	3.56519794464111	0	0	0	0	0	0	0	0	0	0	0	1.05474448204041	0	0	0	0.914417803287506	0	0	0	0	0	0	0	0	0	0	0	0	0	0	0	0	0	0	0	0	0	0	0	0	0	0	0	0	0	1.523128926754	0	0	0	0	0	0	0	0	0	1.32240664958954	0	0	0	0	0	0	0	0	0	0	0	0	0	0	0	0	0	0	0	0	0	0	3.19510972499847	0	0	0	0	0	0	0	0	0	0	1.21084249019623	0	0	0	0	0	0	0	0	0	0.793470919132233	0	0	0	0	0	0	0.965714454650879	0	0	0	0	0	0	0	0	0	0	0	0	0	0	0	0	0	0	0	0	0	0	0	0	0	0	0	0	0	0	0	0	0	0	0	0	0	0	0	0	0	0.482260465621948	0	0	0	0	0	0	0.654739081859589	0.593343496322632	0	0	0	0	0	0	0	0	0	0	0	0	0	0	0.603431284427643	0	0	0	0	0	0.545731782913208	0	0	0	0	0	0	0	0	0	0	1.40994602441788	0	0	0	0	0	0	0	0	0	0	0	0	0	0	0	0	0	0	0	0	0	0	0	0	1.30459600687027	0	0	0	0	0.702361881732941	0	0	0	0	0	0	0	0	0	0	0	0	0	0	0	0	0	0	0	0	0	0.613068699836731	1.09602057933807	0	0	0	0	0	0	0	0	0	0	0	0	0	0	0	0	0	0	0	0	0
Ccdc3	0	0	0	0	0	0	0	0	0	0	0	0	0	0	0	0	2.00069546699524	0	0	0	0	0	0	0	2.19167280197144	0	0	0	0	0	0	0	0	0	8.4761820435524	0	0	0	0	0	0	0	0	27.9206812381744	0	0	0	1.86942958831787	0	0	0	0	0	0	0	4.33415895700455	0	0	0	0	9.56879448890686	0	21.4333451986313	0	0	0	22.2829186916351	0	0	0	0	0	0	0	0	0	0	0	1.68180680274963	0	0	0	0	0	0	0	24.2545936107635	0	0	0	0	0	0	0	0	0	0	0	0	0	42.9574211835861	0	0	0	0	0	0	0	0	0	0	0	0	0.946844100952148	0	0	0	0	1.76397228240967	0	31.7918329238892	0	0	0	0	0	0	0	0	0	0	0	0	0	0	5.6097217798233	2.55197846889496	9.13363879919052	0	0	0	0	0	11.3626110553741	0	0	0	0	0	0	0	0	0	0	0	0	0	0	0	0	0	0	0	0	14.945706307888	0	12.1171361207962	0	0	8.06511425971985	0	0	2.44358497858047	0	0	0	0	0	1.97068202495575	0	20.8484873771667	0	0	0	0	0	0	0	0	0	0	0	0	0	4.91607713699341	0	5.8629754781723	0	1.01670324802399	0	48.1094905138016	0	0	3.46203106641769	0	20.151255607605	0	0	0	0	0	0	0	0	0	0	0	0	0	0	0	20.1645642518997	0	0	0	0	0	0	0	12.6009048819542	0	0	0	0	0	0	0	2.76377707719803	0	0	0	0	0.646819770336151	0	9.20013546943665	0	0	0	13.1144878268242	0	0	0	20.9481176137924	0	0	0	0	0	0	0	0	4.26706528663635	0	0	0	13.3285838365555	9.3445611000061	0	0.414178788661957	0	0	15.434118449688	8.12013685703278	0	0	0	0	0	0	0	0	0	0	0	1.55009883642197	0	2.48953646421432	0	0	0	0	0	0	0	0	0	0	0	29.3846690654755	0	0	0	0	0	0	3.91111841797829	13.0417320728302	9.60957515239716	0	0	15.7589575052261	0	0	0	0	9.25262373685837	0	0	0	0	0	7.01426649093628	0	0	0	0	0	0	0	25.046905875206	0	0	0	0	0	6.6303191781044	0	8.64758402109146	0	0	0	0	0	0	24.1213751137257	0	0	0	0	0	0	0	0	0	0	0	0	0	9.33338904380798	0	0	0	0	0	0	0	0	0	0	0	0	0	0	0.701831042766571	0	0	0	0	0	1.25063496828079	0	0	0	0	24.8669831752777	29.8102856874466	18.4566160440445	0	11.7937321066856	0	0	0	0	0	0	0	6.26370429992676	0	0	0	0	0	0	0	0	0	0	0	0	0	22.2850930690765	30.6271522045135	0	0	0	1.83906918764114	0	0	0	0	0	0	0	0
Ccdc80	0	0	0	0	0	0	0	1.53230142593384	0	0	0	0	0	0	0	0	0	0	0	0	0	0	0	12.0259868502617	0	0	0	0	0	0	0	0	0	3.96265530586243	0	0	0	0	0	0	0	0	0	0	1.06823873519897	0	4.36588603258133	0	0	2.96423143148422	0	0	0	0	0	0	0	0	2.01571607589722	0	0	0.887646615505219	0	0	0	0	0	0	7.71183407306671	0	0	0	2.78263580799103	0	0	0	0	0	0	0	0	0	0.620972990989685	0	2.10949462652206	0	0	0	0	0	0	0	0	0	2.73692059516907	0	0	0	0	0	0	0	0	0	0	5.73099389672279	0	0	8.64784276485443	0	1.94225132465363	0	0	0	2.42666429281235	0	0	0	1.76397228240967	0	0	0	0	0	0.770133137702942	0	0	0	0	0.631787896156311	0	0	0	1.04480051994324	0	0	0	0	0	0	0	0	0	0	0	0	0	0	1.22621047496796	0	0	0	0	0	0	0	2.28663414716721	13.8528769016266	0	1.88971924781799	0	0	0	2.89101672172546	0	0	0	13.4394268989563	14.2928612232208	0	0	0.982738137245178	0	0	0	0	0	4.53271400928497	0	0	0	0	0	0	0	0	0	11.6937552690506	0	0	0	0	0	0	0	0	0	0	0	0	0	0	0	0	0	0	15.8085795044899	0	0	0	12.9930882453918	0	0	0	0.875631034374237	0	2.14723205566406	2.56561845541	0	0	0	0	0	0	0	0	0	0	0	0	0	0	0	0	0	0	0	0	0	0	0	3.03360015153885	0	0	0	0	0	0	0	0	0	0	0	0	0	0.888368129730225	0	0.643527984619141	0	0	0	0	0	0	0.60925167798996	0	0	0	0	0	0	0	0	3.57377123832703	0	0	0	0	0	0	0	0	0	0	0	2.42859220504761	0	0	0	0	0	0	0	0	0	0	0	0	0	0	0.471036791801453	0	0	0	0	0	0	0	0	0	0	7.13913810253143	0	0	0	0	0	0	2.42173981666565	0	0	0	0	0	0	0	0	0	0.821686089038849	0.939292371273041	0.8692307472229	0	0	2.72358059883118	0	0	0	0.442558974027634	0	0	0	0	0	0	0	0.893414318561554	0	0	0	0	0	0	5.4446849822998	0	0	0	0.684439897537231	0	0	0	0	0	0	0	0	0	2.21228909492493	0	0	0	0	0	0	0	0	0	0	0	1.50935995578766	0	0	0	0	1.64055907726288	0	1.36551409959793	0	0	0	0	0	0	0	0	0	0	0	1.53865492343903	0	0	0	0	0	0	0	0	0	0	0.796680808067322	0	1.6230451464653	0	0	0	0	0	0	0	0	0	0	0	0	0
Ccnb1	0	0	0	0	0	0	0	0	0	0	0	0	0	0	0	0.729229927062988	0	0	0	0	0	0	0	0	0	0	0	0	0	0	0	0	0	0	0	0	0	0	1.4576957821846	0	0	0	0	0	0	0.765822350978851	0	1.1747727394104	4.57509613037109	0	0	0	0	0	0	0	0	0	0	0	0	0	0	0	2.89075201749802	0	0	0	0	0	0	0	0	0	0	0	0	0	0	0	0	0	0	0	0	0	0	0	0	0	0	0	0	0	0	0	0	0	0	1.35026586055756	0	0	0	0	0	0.647051930427551	0	0.49197706580162	0	0	0	0	0	0	0	0	0.736106634140015	0.912588834762573	0	0	0	0	0	0	0	0	0	0	0	0	0	0	0	0	0	0	0	0	0	0	0	0	1.83638083934784	0	0	0.972762405872345	0	0	0	0	0	0	0	0	0	0	0	0	0	0.477126955986023	0	0	0	0	0	0	0	0.620526850223541	0	0	0	7.20479679107666	0	0	0	0	0	0	0	0	0	0	0.629028558731079	0	0	1.14986217021942	0	0	0	0	0	0	0.72237890958786	0	0	0	0	0	0	0	0	0	0.520752251148224	0	0	0	0	0	0	0	0	0	0	0	0	0	0	0	0	0	0	0	0	0	0	0	0	0	0	0	0	0	0	0	0.561164200305939	0	0.816503703594208	0	0	1.49455833435059	0	0	0	0	0	0	0	0	0	0	0	0	0	0	0	0	0	0	0	0	0	0	0	0	0	0	0	0	0	0	0	0	0	0	0	0	0	0	0	0.538749992847443	0	0	0	0	0	1.06259250640869	0	0	0	0	0	0	0	0	0	0	0	0	0	0	1.78471475839615	0	0	0.898159503936768	0	0	0	0	0	0	0	0	0	0	0	0	0	0	0	0	0	0	0	1.17184436321259	0	0	0	0	0	0	0	0	0	0	0	0	0	0	0	0	0.728147566318512	0	0	0	0	0	0	2.09894424676895	0	0	0	0	0	0	0	0	0	0	0	0	0	0	0	0	3.54762864112854	0	0	0	0	0	0	0	0	0	2.00801765918732	0.516516268253326	0.484181195497513	0.526035368442535	0	0	0	0	0	0	0	0	0	0	0	0	0	0.688859164714813	0.911930203437805	0	0	0	0	0	0	0	0	0	0	0	0	0	0	0	0	0	0	0	0	0	0	0	0	0	0	0	0	0	0	0
Cd14	0	0	0	0	0	0	0	0	0	0	0	0	0	0	0	0	0	0	0	0	0	15.3006674647331	0	0	0	0	12.1954009532928	1.6928151845932	0	0	0	0	0	0	0	0	0	0	0	0	0	0	0	0	0	0	0	0	0.452625572681427	0	0	0	0	0	0	0	0	0	0	0	0	0	0	0	0	0	0	0	0	0	1.35963195562363	0	0	0	0	0	0	0	0	0	0	0	0	0.518709063529968	0	0	0	0	0	0	2.56380021572113	0	0	0	0	0	0	0	0	0	0	0	0	0	0	0	0	0	0	0	0	0	0	0	0	0	0	0	0	0	0	0	5.66904497146606	0	0	0	0	0	0	0	0	0	0	0	1.67796176671982	0	2.90302491188049	0	0.733621120452881	0	0	0	0	0	0	0	0	0	0	0	0	1.00087773799896	0	0	1.08680260181427	1.35911172628403	0	0	0	4.82327127456665	0	0	0	0	0	1.37871241569519	0	1.26256087422371	0	0	0	0	0	0	0	0	0	0	0	0	0	0	0	0	0	1.14986217021942	1.78460699319839	0	0	0	0	0.729711294174194	0	0	0	0	0	0	0	0	0	0	0	0	0	0	0	1.44933807849884	0	0	0	0	0	0	0	0	0	46.9036190509796	0	0	0	0	0	0	0	0	0	2.40210527181625	0	0	0	0	0	0	0	0	0	0	0	0.504947125911713	0	0.782470405101776	0	0	0	1.97126668691635	0	0	0	0	0.410904765129089	0	0	0	0.975893914699554	0	0	3.37650084495544	0	0	0	0	0	0	0	0	2.29042828083038	0	0	0	0	0	0	0	0	0	0	0	0	0	0	0.596791386604309	0	0	1.21916747093201	0	0	0	0	0	0	0	0	0	0	0	0	0	0	0	0	0	0	0	0	0	0	0	0	0	0	0	0	0	1.93243288993835	0	0.654739081859589	0	1.6016857624054	0	0	0	0	0	0.396655797958374	0	0	0	0	0	0	0	0	0	1.44265115261078	0.68944263458252	0	0	0	0	0	0	0	0	0	0	0	0	0	0	0	0	0	0	0	0	0	2.36945003271103	0	1.43445003032684	0	0	0	0	5.62815570831299	0	0	0	0	0	0	0	0	0	0	0	0	0	0	0	0	0	1.32412672042847	0	0	1.38928633928299	0	0	0	0	0	2.38359522819519	0	0	0	0	0	0	0	0.477136373519897	0	0	0	0	0	0	0	8.41119480133057	0	0	0	0	0	0	0	0	0	6.57890033721924	0	0	0	2.25404331088066	0.685217201709747	0
Cd24a	0	0	0	0	0	0	0	0	0.599116921424866	0	0	0	0	0	0	0	0	0	0	1.61693507432938	0	0	0	0	0	0	0	0	0	0	0	0	0	0.954185366630554	0	0	0	0	0	0	0	0	0	0	0	0	0.585814595222473	0	1.67004483938217	0	3.22955477237701	0	0	0	0	0	0	0	0	0	0	0	0	0	0	0	1.27220684289932	0	0	0	0	0	0	1.28546965122223	0	0	0	0	0	0	0	0	0	0	0	0	0.628179550170898	0	0	0.683261275291443	0	0	0	0.868536531925201	2.22824907302856	0	0	0	0	0	0	0	0	0	0	0	0	0	0	0	0	0.818087160587311	0	1.80197966098785	0	0	0	0.776529014110565	0	0.682945847511292	0	0	0	0	0	0	0	0	0	0	0	0	0	0	0	0	0	0	0	0	0	0	2.78000354766846	0	0	2.28891175985336	0	0	0	0	0	0	0	0	0	0	0	0	0	0	0	0	0	0	0	1.13626962900162	0	0.420194774866104	0	0	0	0	0	0	0	0	0	0.986252188682556	0	0	0	0	2.05293130874634	0	0	0	0	0	0	0	0	0	0.72237890958786	0	0	0	0	0	0	0	0	3.50710451602936	0	0	0	0	0	0.556207835674286	0	0	0	0	0	0	0	0	0	0	0	0	0	0	0	0	0	0	0	0	0	1.3263293504715	0	0	0	0.894219636917114	0	0	0	1.17442905902863	0	0	0	0	0	0	0	0	0	0	0	0	0	0	0.71989506483078	0	0.619722425937653	0	0	0	0	0	0	0	0	0	0	0	0	0	0	0	0	0	0	0	0	0	0	0	0	0	0	0	0	0	0.495962679386139	0	0	0	0	0	0	0	0	0	0	0	0	0	0	1.34418767690659	0	0	0	0	0	0.498036652803421	0	0	0	0	0	0	0	0	4.35873553156853	0.660284996032715	1.61487925052643	0	0	0	0	0	0	0	0	0	0	0.64779806137085	0	0	0	0	0	0	1.42832505702972	0	0.542743325233459	0.885117948055267	0	0	0	0.655298173427582	0	2.12226319313049	0.992247939109802	0	0	1.68600291013718	5.01055723428726	0	0	0	1.04328227043152	0	0	0	0	0	3.7943924665451	0	1.54001075029373	0	0	0	0	0	0	0	0	0	5.58502227067947	0	3.8677571117878	0	1.69392067193985	0	0	0	0	0	0	0	0	0	0	0	0	2.37868189811707	0	0	0	0	0	0	0	0	0	0	0	0	0	0	0.550355851650238	0	0	0	0	0	0	1.43841290473938	0	0	0	0	0	0	0	0	0	0	0	0	0	0
Cdca7	0	0	0	0	0	0	0	0.536515295505524	0	0	0	0	0	0	0	0	0	0	0	0	0	0	0	0	0	0	0	0	0	0	0	0	0	0	0	0	0	0	0	0	0	0	0.409409046173096	0	0	0	0	0	0	0	0	0	0	0.638091146945953	0	0	0	0	0	0	0	0	1.82833218574524	0	0	0	0	0	0	0	0	0	0	0	0	0	0	0	0	0	0	0	0	0	0	0	0	0	0	0	0	0	0	0.513856709003448	0	0	0	0	0	0	0	0	0	0	1.84295171499252	0	0	0	0	0	0	0	0	0	0	0	0	0	0	0.878621637821198	0	0	0	0	0	0	0	0	0	0	0	0	0	0	0	0	0	0	0	0	0	0	0	0	0	0	0	0	0	0	0	0	0	0	0	0	0	0	0	0	0	0	0	0	0.814899563789368	0	0	0	0	0	0	0	0	0	0	0	0	0	0	0	0	0	0	0	0	0	2.50636076927185	0	0	0	0	0.532178163528442	0	0	0	1.84236192703247	0	0	0	0	0	0	0	0	0	0	0	0	0	0.56381094455719	0.825129985809326	0	0	0	0	0	0	0	0	0	0	0	0	0	0	0	0	0.510660767555237	0	1.3263293504715	0	0	0	0	0	0.708264112472534	0	0	0	0	0	0	0	0	0	0	0	0	0	0	0	0	0	0	0	0	0	0	0	0	0	0	0	0	0	0	0.96195375919342	0	0	0	1.49984049797058	0	0	0	0	0	0	0	0	0.530364632606506	0	0	0	0	0.495962679386139	0	0	0	0	0	0	0	0	0	0	0	0	0	2.56797754764557	0	0	0	0	0	0	0	0	0	0	0	0	0	0	0	0	0	0	0	0	0	0	0	0	0	0.396655797958374	0	0	0	0	0	0	0	0	0	0	0	0	0	0	0	0	0	0	0	0	0	0	0	0	0	0	0	0	0	0	0	0	0	0	0	0	0	0	0	1.2480263710022	0	0	0	0	0	0	0	0	0	0	0	0	0	0	0	0	0	0.662063360214233	0	0	0	0.998729646205902	0	0	2.64630627632141	0	0	0	0	0	0	0	0	0	0	0	0	0	0	0	0	0	1.46980214118958	0	0.540890991687775	0	0	0	0	0	0.670144617557526	0	0	0	0	0	0	0	0
Cdcp1	0	0	0	0	0	0	0	0	0	0	0	0	0	0	0	0	0	0	0	0	0	0	0	0	0	0	0	0	0.628673434257507	0	0	0	0	0	0	2.29599016904831	0	0	0	0	0	0	0	0	0	0	0	0	0	0	0	0	0	0	0	0	0	0	0	0	0	0	0	0	0	0	0	0	0	0	0	0	0	0	0	6.26285195350647	0	0	0	0	0	0	0	0	0	0	0	0	0	0	0	0	0	0	0	0	0	0	0	0	2.05969762802124	0	0	0.819983899593353	0	0	0	0.601983547210693	0	0	0	0	0	0	0	0	0	0	0	1.01280546188354	0	0	0	0	0.603119194507599	0	0	0	0	0	0	0	0	0	0	0	0	0	0	0	0	0.630922019481659	0	0	0	0	0	0	0	0	0	0	0	0	0	0	0.71317982673645	0	0	0	0	0	0	0	0	0	0	0	0	0	0	0	0	0	0	0	0	0	0	0	0	0	0	0	0	0	0	0	0	0	0	0	0	0	0	0	0	0	0	0	0	0	0	0	0	0	0	0	1.54076766967773	0	0	0.586354970932007	0	0	0	0	0	0	0	0	0	0	0	0	0	0	0.518980860710144	0	0	0	0	0	0	0	0	0	0	0	0	0	0	0	0	0	0	0	0	0	0	0	0	0	0	0	0	0	0	1.68825042247772	0	0.62547492980957	0	0	0	0	0	0	0	0	0	0	0	0	0	0	0	0	0	0	2.17248868942261	0	0	0	0	0	0	0	0	0	0	0	0	0	0	0	0	0	0	0	0	0.967478394508362	0	0	0	0	0	0	0	0	0	0	0.790748715400696	0	0	0	0	0	0	0	0	0	0	0	0	0	0	0	0	0	0	0.394388169050217	0	0.402518063783646	0	0	0	0	0	0	0	0	0	0	0	0	0	0	0	0	2.57305097579956	0	0	0	0	0	0	0	0	0	0	0	0	0	0	0	0	0	0	0	0	0	0	0	0	0	0	0	4.55348366498947	0	0	0	0	0	0	0	0.5996413230896	0	2.67569380998611	0	0.424100756645203	0	0	0	0	0	0	0	0	0	0	0	0	0	0	0	0	0	0	0	0	0	0	0	0	0	0	0	0	0	0	1.11732947826385	0	0	0	0
Cdh12	0	0	0	0	0	0	0	0	0	0	0	0	0	0	5.21349382400513	0	0	0	0	0	0	0	0	4.05839192867279	0	0	0	0	1.32890063524246	0	0	0	0	0	0	2.63400197029114	0	1.33712115883827	0	0	0	0	2.27667772769928	0	0	0	12.7702927589417	0	0	0	0	0	0	0	0	0	0	0	0	0	0	0	0	0	0	0	1.01920109987259	0	0	0	0	0	0	0	0	0	5.62980264425278	0	6.03473120927811	0	1.81767845153809	3.01863574981689	0	0	0	2.63440656661987	0	0	0	0	0	3.24369966983795	0	5.63134813308716	0	0	0	0	0	0	0	0	0	0	0	3.68731638789177	0	2.29262015223503	5.54337680339813	0	0	0	0	1.54747796058655	0	0	0	5.90442419052124	0	0	0	0	0	1.09626114368439	0	0	0	7.94000422954559	0	0	0	0	0	0	3.52420336008072	0	0	0.978346049785614	0	0	0	9.8131497502327	0	0	0	3.3664556145668	3.76877725124359	0	0	0	0	0	0	5.36278206110001	0	0	0	0	0	0	17.7004786133766	0	9.07205557823181	0	0	0	0	0	0	0	0	0	2.63828897476196	1.41613054275513	0	0	0	3.64040899276733	0	0	2.96045005321503	0	0	0	0	0	0	0	0	0	0	0	0	0	0	0	0	0	0	0	0	0	0	0	0	0	0	0	0	0	2.7618842124939	1.8221161365509	0.699345469474792	1.31325197219849	0	0	0	0	0	0	0	0	0	0	0	0	0.578294456005096	0	0	0	0	0	3.33462131023407	2.76206916570663	0	0	6.48890459537506	0	0	0	0	7.45479655265808	0	0	8.20908999443054	8.72095817327499	0	0	11.8110748529434	0	0	0	0	0	0	0	0	0	0	0	7.40827053785324	0	0	0	0	0	0	0	0	0	0	0	1.15864145755768	0	0	0	0	0	0	0	16.3044266104698	0	27.971328496933	0	0	0	0	0	0	0	0	0	0	0	0	0	0	0	0	0	13.6913992166519	0	0	0	2.40430623292923	0	8.76660352945328	0	0	5.49124503135681	0	1.63374936580658	0	12.6976445019245	0	0	0	0	0	0	0	0	0	0	0	4.43882811069489	0	0	0	0	0	0	0	0	0	0	0	0	0	7.79289013147354	4.84389382600784	0	0	0	0	0	3.76069521903992	15.2751108407974	0	0	0	0	0	0	0	0	0	9.42410355806351	0	0	0	10.8628914952278	0	31.7983530759811	0	0	0	0	0	0.627553939819336	8.61491498351097	0	0	0	0	0	0	0	0	0	0	0	0	0	0	15.2709571123123	0	0	0	0	20.2559192180634	0	0	9.70807647705078	0	0	0	0	0	0	0	0	0	0	0	3.04870986938477	0	5.1281321644783	0	0	0	0	0	0	0	0	0	0	0	0	0	0	0	0
Cdh13	0	0	0	0	0	0	0	0	0	0	0.781149685382843	0	0	0	52.9588341712952	2.87470233440399	0	0	18.9332828521729	0	0	0	0	0	0	0	0	0	0	0	0	28.9090215563774	0	0	0	0	0	0	0	43.5988758802414	0	0	0	0	0	0	5.18942618370056	0	13.8951824903488	0	7.82757544517517	0	0	0	0	0	0	0	0	0	0	0	0	0	0	0	11.5456124544144	0	27.785676240921	0	0	0	0	46.997762799263	0	11.9202663898468	22.4180150032043	11.5850025415421	0	0	0	0	0	0	0	0	1.31734246015549	0	0	0	53.546079993248	75.8860068321228	17.2673306465149	0	10.2561005949974	0	0	0	0	0	108.237896442413	37.1161369085312	7.79891276359558	0	0	0	0	28.6669170856476	0	0	0	18.1985430717468	0	0	11.5369243621826	0	0	65.3768019676208	0	0	0	0	0	0	5.93123996257782	0	0	11.3815652132034	0	0	60.1886278390884	32.2083340883255	0	0	0	18.351275742054	0	0	0	0	0	0	0	0	0	0	0	0	0	0	0	23.861911714077	0	0	0	59.6077427864075	0	0	0	0	0	0	0	1.54456388950348	0	13.0253940224648	0	0	0	6.01829624176025	0	0	9.0669584274292	0	0	0	0	0	0	0	29.2595167160034	60.2199991941452	0	3.11947065591812	0	0	0	0	0.374774396419525	0	0	0	0	0	0	24.7599083185196	0	0	2.8432377576828	0	0	37.7129529118538	0	7.86110639572144	0	1.84821957349777	0	0	0	0	0	0	27.246003806591	0	0	0	34.0101836919785	0	0	0	0	0	0	0	0	0	0	0	0	36.7043577432632	0	0	0	0	0	33.3992041945457	0	0.724965691566467	0	52.8483494520187	0	0	0	1.75752317905426	0	0	1.82333463430405	0	0	83.736305475235	0	0	0	0	0	24.0520160794258	0	0	0	0	28.9495604634285	40.2633199691772	0	0	0	0	14.024781703949	0	0	24.3258756399155	0	74.5961463451385	0	0	0	0	0	11.6278018951416	81.3901882171631	0	0	0	0	1.99204963445663	3.17191058397293	0	0	0	0	0	0	0	0	0	0	0	0	51.8074460029602	0	0	0	0	0	0	10.4761589169502	0	0	18.7321450710297	0	0	19.5534093976021	0	0	0	0	21.27362626791	0	2.85140043497086	12.6843199133873	0	0	2.4979110956192	0	0	0	0	0	0	0	0	0	0	0	2.85273045301437	0	38.3531413078308	0	0	0	0	0	0	0	0	0	0	0.608220458030701	0	0	0	0	0	0	0	2.72441345453262	6.78465414047241	0	0	0	0	0	0	0	0	0	0	0	0	0	10.2231225967407	45.5344488620758	0	0	0	0	0	0	0	0	0	1.55820643901825	0	0	0	0	52.3682332634926	1.79587531089783	0	0	0	0	6.24272644519806	1.82386040687561	0	0	12.0913562774658	0	0	0	0	0	0	2.53321599960327	0	0	0	0	0	30.4106512069702	0	0	0	0	0	0	0	0	0	0	0	0	1.2442601621151	0	0
Cdh20	0	0	0	0	0	0	0	0	0	0	0	0	0	0	0	0	0	0	0	0	0	0	0	22.1923065781593	0	0	0	0	0	0	0	0	0	3.65286070108414	0	0	0	8.87906330823898	0	0	4.78247809410095	0	0	0	0	0	0	0	0.542963445186615	8.05122184753418	0	0	0	7.34811902046204	8.69459319114685	0	0	0	0	7.38012903928757	0	0	0	6.66896933317184	0	0	0	0	0	0	0	0	5.48947924375534	0	0	0	0	7.54145288467407	13.4873812794685	5.33411622047424	0	0	0	0	0	3.80579972267151	0	0	0	0	0	0	0	0	0	0	0	0	0	0	7.90580189228058	0	0	0	0	0	0	0	0	5.202701151371	0	0	0	0	3.60537034273148	0	0	0	0	0	0	0	19.881963789463	0	0	0	0	0	0	0	0	0	0	0	0	0	0	0	0	0	0	4.05551338195801	0	0	0	0	0	0	0	1.88792049884796	0	0	0	0	0	0	4.33759713172913	0	0	0	0	0	0	0	0	0	0	0	0	0	0	0	0	0	0	1.425665974617	0	0	0	0	0	0	10.8800759315491	0	0	0	0	0	8.8232724070549	0	0	0	0	0	0	1.7766934633255	0	0	6.98609894514084	0	0	0	0	0	0	0	0	9.63455522060394	0	5.45003616809845	0	2.11452186107635	0	0	0	0	0	0	7.6976226568222	0	0	6.43627738952637	0	0	0	0	0	0	2.10481360554695	0	8.0537976026535	7.6922447681427	6.90538257360458	0	0	0	0	0	0	13.7064328193665	3.07149577140808	0	0	0	0	0	0	0	0.966950118541718	0	0	1.46136581897736	0	0	0	0	0	2.784583568573	0	0	0	0	0	0	0	0	0	0	0	20.3527010083199	0	0	2.77289438247681	0	0	0	2.43826699256897	0	0	10.5947098135948	0	0	0	0	0	0	0	0	0	0	0	0	5.15240186452866	0	0	0	0	14.8586838841438	1.70779359340668	7.68028494715691	0	0	0	1.05532175302505	14.5466870069504	0	13.6988041400909	0	3.02641677856445	0	0	0	0	0	0	0	0	10.6852738857269	22.4031264185905	0	0	0.942036747932434	0	0	0	0	15.8942736387253	0	6.20253145694733	0	5.20400857925415	0	0	0	0	0	0	0	4.36585426330566	0	0	0	0	3.9094135761261	6.88502329587936	0	0	17.0058578252792	0	0	0	0	0	0.514138102531433	10.2687455415726	0	0	0	8.94486975669861	0	0	0	0	0	9.68503570556641	0	0	0	0	0	0	0	7.52273017168045	0	0	0	0	0	9.01164674758911	0	0	0	3.74486207962036	0	4.54606819152832	0	0	0	0	0	0	30.9262124300003	0	0	0	0	0.64603066444397	0	0	0	0	0	0	5.28298342227936	0	0	2.89998215436935	0	0	0	0	0	0	0	0	0	0	0	0	0	2.36166501045227	2.25404331088066	0	0
Cdh9	0	0	0	0	0	0	0	0	0	0	0	0	0	0	0	0	0	0	0	1.31250047683716	0	0	0	0	0	0	0	0	0	3.08116114139557	0	0	1.00157463550568	0.403526306152344	0	0	0	2.4737383723259	0	1.6769380569458	0	0.552404582500458	0	0	0	0	0	0	0.486638486385345	0	0	0	0	0	0	0	0	0	0	0	0	0	0	0	2.50722795724869	0	0	0	0	0	0	0	0	0	0	0	0	0	0	0	0	0	0	0	0	0	0	0	0	0	0	0	0	0	1.56118202209473	0	0	0.725594103336334	0	0	1.9029843211174	0	0	0	0	0	0	0	0	0	3.65684342384338	0	2.480035841465	0	0	0	0	0	0	0	0	0	0	0	0	0	0	0	0	0	0	0	2.79235774278641	0	1.33914649486542	0	0	0	0	0	0	0	0	0	0	0	0	0	0	0	0	0	0	0	5.93103325366974	1.62436532974243	0	0.90045177936554	0	0	0	0	0	0	0	0	0	3.90614378452301	0	0	0	0	9.85124540328979	0	2.70723110437393	0	0	0	0	0	0	0	0	0	0	1.65691184997559	0	0	0	0	0	0	0	0	0	3.35008376836777	0	0	0	0	0.788883447647095	0	0	0	0	0	0	0	5.74980610609055	0	0	0	0	0	0	0	0	0	0	0	0	0	0	0	0	0	0	0	0	0	0.664473056793213	0	0	0	0	0	0	0	0	0	0	0	0	0	0	0	0	0	0	0	0	0	0	0.414185523986816	0	0	0	0	0	0	0	0	0	0	0	0	0	0	0	0	0	2.59685748815536	0	0	0	0	0	0	0	0	0	0	0	0	0	0	1.09191024303436	0	6.75871932506561	0	0	0	0	0	0	0	0	0	0	1.76644641160965	0	0	0	0	0	0	0	0	5.41160786151886	1.0097599029541	0	0	0	0	2.79941961169243	0	0	0	0	0	0	0	0	0	0	0	0	0	0	0	0	0	0	0	0	0	0	0	0	0	0.311924308538437	0	0	0.763927042484283	0	0	0	0	0	0	0	0	0	0	1.66266733407974	0	0	6.11426204442978	0	0	0	0	0	0	0	0	0	0	0	0	0	0	0	0	0	0	0	0	0	0	0	0	0	0	0	0	0	0	0	0.992256611585617	0	0	1.29296636581421	0	0	0	1.42899370193481	0	0	0	0	3.43745446205139	0	0	0	0	0	0	0	1.61903125047684	0	0	0	0	0	0	0	0	0	0	0	0	0	0
Ceacam9	0	0	0	0	0	0	0	0	0	0	0	0	0.573808014392853	1.55802321434021	0	0	2.14477515220642	0	0	0	0	0	0	0	0	0	0	0	0	0	0	0	0	0	0	0	0	0	0	0	0	0	0	0	0	0.66071343421936	0	0	0	0	0	0.822870910167694	0	1.76018089056015	0	0	0	0	0	0	0	0	0	0	0	0	0	1.20680606365204	0	0	0.565944015979767	0.694356262683868	0.730114281177521	0	0.932045161724091	0	0	3.33548378944397	0	0	0	0	0	0	0	0	0	0	0	0	0	0	0	0	0	0	0	0	0	0	0	0	0	0	0	0	0	0	0	0	0	0	0	0	0	0	0	0	0	0	0.675437092781067	0	0	0	0	0	0	0	0	0	0	0	0	0	0	0	0	0	0	0	0	0	0	0	0	0	0.507479310035706	0	0	0	0	1.00087773799896	0	0	0	0	0	0	0	0	2.9044982790947	0	0	0	0	0	0	0	0	0	0	0	0.764116287231445	0	0	0	0	0	0	0	0	0	0	0	0	0	0.416383385658264	0.560284435749054	0	0	0	0	0	0	0	0	0	0	0	0	2.8750047981739	0	0	1.1848201751709	0	0	0	0	1.136390209198	0	0	0	0	0	0	0	0	0	0	0	0	0	0	0	0	0	0	0	0	0	0	0	0.575592398643494	0	0	0	0	0	0	0	0	0	0	0	0	0	0	0	0	0	0	0	0	0	0	0	0	0	0	0	0	0	0	0	0	0	0	0.415141940116882	0	0	0.518588542938232	0	0	0	0	0	0	0	0	0	0	0	0	0	0	0	0	0	0	0	0	0	0.434029310941696	0	0	0	0	0	0.796970725059509	0	0	0	0	0	0	0	0	0.540843069553375	0	0	0	0	0	0	0	0	0	0	0	0	0	0	0	0	0	0	0	0	0	0	0	0	0	0	0	0	0	0	0	0	0	0	0	0	0	0	0	0	0	1.51971054077148	0	0	0	0	0	0	0	0	0	0	0	0	0	0	0	0	0	0	0	0	0	0	0	0	0	0	0	0	0	0	0	0	0	0	0	0	0	0	0	0	0	0	0	0	0	0	0	0	0	0	0	0	0	0	0	0	0	0	7.3715113401413	0	0	0	0	0	0	0	0	0	0	0	0	0	0	0
Cemip	0	0.907524347305298	0	0	0	8.8898503780365	0	0	2.01779997348785	0	0	0	0	0	0	0	0	0	0	0	0	0	0	0	0	0	0	0	0	0	0	0	0	0	0	0	0	8.64090991020203	0	0	0	0	0	0	0	0	0	3.2770990729332	0	0	0	0	0	0	0	0	0	0	0	0	0	0	0	0	0	0	0	2.0380223095417	6.67652928829193	0	0	0	18.2367282509804	0	0	0	0	0	15.1362609863281	7.59121263027191	0	0	0	0	2.90027558803558	0	0	0	0	0	0	0	0	0	0	5.27553105354309	0	0	0	0	34.8572389483452	0	3.36655122041702	0	4.50685387849808	0	0	0	4.66294765472412	0	0	0	0	2.47794580459595	0	0	8.2588427066803	0	0	0	0	31.1497092843056	0	0	0	0	0	0	0	0	0	0	4.52295964956284	0	0	0	0	0	0	0	0	0	11.3307693600655	0	0	0	3.49012637138367	0	0	0	8.69496715068817	0	0	0	0	0	2.98549747467041	0	0	5.15055668354034	50.9252164363861	0	12.3658575415611	0	0	0	2.22724860906601	0	0	0	6.74925249814987	0	6.24532932043076	2.83226108551025	0	0	1.54305696487427	0	0	0	0	54.662516951561	0	0	0	0	0	0	0.984385371208191	0	0	0	0	0	0	0	0	0	0	0	0	0	0	0	0	0	0	0	0	0	0	0	0	6.73302620649338	0	0	0	0	0	0	0	15.2783781290054	0	0	3.75104945898056	0	0.850934863090515	0	0	2.65265870094299	0	16.1239906847477	0	0	0	0	22.1350543498993	0	1.03043520450592	0	0	0	0	0	0	4.11737933754921	0	0	0	0	0	0	0	0	0	0	0	0	3.16739153862	0	0	0	27.8267930746078	13.2267577648163	0	0	0	0	0	0	0	8.8628181219101	0	0	0	0	0	0	0	0	0	0	0	0	0	4.30487608909607	0	0	0	0	0	0	17.5418863296509	0	0	0	0	0	0	9.94526779651642	15.0147813558578	0	0	0	0	0	0	0	0	0	0	0	0	14.1009230613708	0	0	0	5.79380357265472	0	0	0	0.417412936687469	0	0	0	0	10.7689094543457	5.30416458845139	0	0	0	16.6394253373146	0	0	0	0	0	0	0	0	0	0	0	6.22331893444061	0	7.80683147907257	0	0	0	0	0	1.45343947410583	0	0	6.54229605197906	0	0	0	0	0	0	0	0	5.09880703687668	0	0	0.647608637809753	0	0	0	0	0	27.1808564662933	3.50705450773239	0	0	0	13.0927809476852	0	0	0	0	0	0	0	0	0	0	0	0	0	0	13.4170470237732	0	0	0	0	0	9.6678352355957	0	18.4458980560303	0	0	0	0	0.633946120738983	0	0	0	0	26.5363955497742	0	0	1.21001434326172	0	0	0	0	0	0	7.94420719146729	0	0	0
Chat	0	0	0	0	0	0	0	0	0	0	0	0	0	0	0	0	0	0	0	0	0	0	0	0	0	0	0	0	0	0	0	0	0	1.50242400169373	0	0	0	0	0	0	0	0	0	0	0	0.66071343421936	0	0	0	0	0	0	0	0	0	0	0	0	0	0	0	0	0	0	0	0	0	0	0	0	0	0	0	0	0	0	0	0.70509672164917	0	0	0	0	0	0	0	0	0	0	0	0	0	0	0	0	0	0	0	0	0	0	0	0	0	0	0	0	0	0	0	0	0	0	0	0	0	0	0	0	0	0	0	0	0	0	0	0	0	0	0	0	0	0.793499886989594	0	0	0	0	0	0	0	0	0.565259516239166	0	0	0	0	0.563496172428131	0	0	0	0	0	0	0.737674534320831	0	0	0	0	0	0	0	0	0	0	0	0	0	0	0	0	0	0	0	0	0	0	0	0	0	0	0	0	0	0.850665867328644	0	0	0	0	0	0	0	0	0	0	0	0	0	0	0	0	0	0	0	0.492280691862106	0	0	0	0	0.466163694858551	0	0	0	0	0	0	0	0	0	0	0	0	0	0	0	0	0	0	0.578294456005096	0	0	0	0	0	0.452294558286667	0	0	0	0	0	0	0	0	0	0	0	0	0	0	0	0	0	0	0	0	0	0	0	0	0	0	0	0	0	0	0	0.582012236118317	0	0	0	0	0	0	0	0	0	0	0	0	0	0	0	0	0	0	0	0	0	0	0	0	0	0	0	0	0	0	0	0	1.43523705005646	0.796970725059509	0	0	0	0	0	0	0	0	0	0	0	0	0	0	0	0	0.419249206781387	0	0.593343496322632	0	0	0	0	0	0	0	0	0	0	0	0	0	0	0	0	0	0.591466546058655	0	0	0	0	0	0	0	0	0	0.509142577648163	0	0	0	0	0	0	0	0	0	0	0	0	0	0	0	0	0.735354721546173	0	2.01573896408081	0	0	0	0	0	0	0.933004856109619	0	0	0	0	0	0	0	0	0	0	0	0	0	0	3.64171886444092	0	0	0	0	0	0	0	0.548504173755646	0	0	0	0	0	0	0	0.545664727687836	0	0	0	0	0	0	0	0	0	0	0	0	0	0	0	0	0	0	0	0	0
Chn2	0	0	0	0	0	0	0.572131931781769	0	0	0	0	0	1.83555030822754	0	1.73888373374939	0	0	0	0	0	0	0	0	0	0	0	0	0	0	0	0	0	0	3.59030556678772	0	3.43031573295593	2.87466460466385	0	0	0	0	0	0	0	0	1.43454933166504	0	0	0.542963445186615	0.594639480113983	0.458780527114868	0	0	0	0	0	0	0	1.84592711925507	0	0	1.17792248725891	0.59262603521347	0	6.13793963193893	0	0	0	0	0	0	0	0	0	0	0	0	7.17449271678925	0	0	0	0	0	0	0	0	0	0	0	0	0	0	0	2.63589429855347	0	0	0	0	0	0	0	0	1.8743349313736	0	0	0	0	0	0	0	0	0	0	0.773738980293274	0	1.74563521146774	0	3.12513434886932	0	0	0	0	0	0	0	0	0	0	0	0	0	0	0	0	0	0	0	0	0	0	0	0	0	0	0	0	0	0	0	0	0	0	0	0	0	0.629039466381073	0	0	0	0	0	0	0	0	0	0	0	0	0	0	0	0	0	0	0	0	0	0.986252188682556	0	0	0	0	0	0	0	0	0	0	0	0	0	0	0	0	0	0	0	0	0	0	0	0	0	0	0	0	0	1.48853522539139	0	0	0	0	0	0	0	0	0	0	0	0	0	0	0	0	0	0	0.578294456005096	0	0	0	0	0	0	0	1.28025078773499	0	2.03198856115341	0	0	0	0	0	1.52650582790375	0	0	0	0	0	0	0	0	0	0	0	0	0	0	0	0	0	0	0	0	0	1.19917356967926	0	0	0	0	0	0	0	0	0	0	0	0	0	0	0	1.43024694919586	0	0	0	0	0	0	0	0	0	0.66382098197937	0	0	0	0	0	0	0	0	0	0	0	0	1.44921165704727	0	0	0	0	0	1.3378347158432	0	0	0	0	0	0	0	0	0	0	0	0	0	0	0	0	1.66949772834778	0	0	4.90399014949799	0	0	0	0	2.29799854755402	0	0	0	0	0	0	0	0	0	0	0	0	0	0	1.31002795696259	0	0	3.64123070240021	0	2.59057199954987	0	0	0	0	0	0	0	0	0	0	0	0	2.17400044202805	0	0	0	0	1.5591716170311	0	0	0	0	0	0	4.90788745880127	0	0	0	0	0	0	0	0	1.96808856725693	0	0	0	0	0.607687294483185	0	0	0	0	0	0	0	0	0	0	0	0	0.885026037693024	0.676414847373962	0	0	0	0	0	0	0	0	0	0	0	0	0	0	0	0
Chodl	0	0	0	0	0	0	0	0	0	0	0	0	0	0	0	0	0	0	0	0	0	0	0.527678549289703	0	0	0	0	0	0	0	0	0	0	0	0	0	0	0	0	0	0	0	2.15077078342438	0	0	0	0	0	0	0	0	0	0	0	0	0	0	0	0	0	0	0	0	0	0	1.18198299407959	0	0	0	0	1.39762938022614	0	0	0	0	0	0	0	1.89010006189346	0	0	0.59851461648941	0	0	0	0	0	0	0	0	0	2.68128561973572	0	0	0	0	0	0	0	1.35026586055756	0	0	0	0	0	0	0	0	0	0	0	0	0	0	0	0	0	0	0	0	0.957447111606598	0	0	0	1.93825590610504	0	0	1.16106763482094	0	0	2.01534020900726	0	0	0	0	0	0	0	0	0	0	0	0	0	0	0	0	0	0	0	0	0	0	0	0	0	0	0	0	0	0	0	0	0	0	0	0	0	0	0	0	0	0	0	0	0.758560419082642	0.628639161586761	4.14059972763062	0	0	0	0	0	0	0	0	0	0	0	0	0	0	0	0	0	0	0	0	0.606980681419373	0	0	0	0	0	0	0	0	0	0	0	0	0	0	0	0	0	0	0	0	0	0	0	0	0	0	0	0	0	0	0	0	0	0	0	0	0	0	0	0	0	0	0	0	0	0	0	0	0	0	0.698953866958618	0	0	2.66211760044098	0	0	0	0	0	0	0	0	0	0	0	0	1.20585322380066	0	0	0	0	0	0	0.539224028587341	0	0	0	0	0	0	0	0.499472945928574	0	0	0	0	0	0	0	0	0	0	0	0	0	0	0	0	0	0	0	0	0	0	0	0	0	0	3.27690744400024	0	0	0	0	0	0	4.14628410339355	0	0	0	0	0	0	0	0	0	0	0	0	0	0	0	0	0	0	0	0	0	0	0	0	0	0	0	0	0	0	0	0	0	0	0	0	4.2847421169281	0	0	0.488965749740601	0	0	0	0	0	0	0	0	0	0	0	0	0	0	0	0	0.65884655714035	0	0	0	0	0	0	0	0	0	0	0	0	1.00669261813164	0	0	0	0	0	0	0	0	0	0	0	0	0	0	0	0	0	0	0	0	0	0	0	0	0	0	0	0	0	0	0	0	0	0	0	0	0	0	0
Chrm2	0	0	0	0	0.694447457790375	0	0	4.3250578045845	0	0	0	0	0	0	0	0	0	0	0	0	5.28366386890411	0	0	0	0	0	0	0	0	0	0	0	0	0	0	2.95449066162109	20.048500597477	0	0	0	0	0	0	0	0	6.28908199071884	2.59151989221573	0	0.486638486385345	0	0	0	0	0	0	0	0	0	0	0	0	0	0	0	1.22083216905594	0	0	0	0	0	0	2.30397778749466	0	0	0	2.02627086639404	0	9.20300054550171	7.84480667114258	0	0	0	0	1.69239753484726	0	0	0	0	0	0	0	0	0	0	0	0.731808245182037	0	0	0	0	0	0	0	0	0	0	1.65506303310394	0	0	0	11.5136783719063	0	0	0	0	0	0	0	0	0	0	0	0.539389431476593	0	0	0	0	0	0	0	0	0	0	0	0	0	5.6188553571701	0	0	23.8731894493103	0	3.85135054588318	0	0	0	0.598423302173615	0	0	0	0	1.48248529434204	3.52904975414276	0	0	7.79882276058197	0	0	0	0	0	0	0	0	0	0	0	0	0	11.9736609458923	1.17559492588043	15.0945563912392	0	0	0	0	1.51712083816528	0	0	0	0	0.481044888496399	1.35335397720337	0	3.00160217285156	0	0	0	0	0	0	10.5851941108704	0	0	0	0	0	0	0	0	0	0	0	0	0	0	1.53484600782394	0	0	1.98045229911804	0	1.38094210624695	0	4.76227021217346	0	4.53399807214737	0.936338901519775	0	0	0	0	0	0	0	0	0	0	0	5.04590368270874	0	0	0	0	0	0	0	16.0201321840286	0	0	0	0.905958652496338	0	0	0	0	0	0	7.48898336291313	0	0	0	6.18606126308441	0	0	1.03554278612137	0	0	0	0	0	0	0	0	0	0	1.10261034965515	0	0	0.415141940116882	0	2.02597409486771	0	0	0	0	5.19470489025116	0.806563496589661	0	0	0	0	0	0	0	0	0	0	0	0	0	19.6103476285934	0	0	0	0	0	0	0	0	0	0	0	0	0	0	0	0.498036652803421	0	0	0	0	0	0	0	0	0	0	0	0	0	0	0	0	0	0	0	0	0	0	0	0	1.27563083171844	0	0	0	0	0	0	0	0	0	0	0	0	0	0	0	0	0	0	0	0	0	0	0	0	0	0	5.21654033660889	0	0	1.06918179988861	0	2.5315118432045	0	0	0	0	0	0	0	0	0	0	0	0	0	0	0	3.62299782037735	0	0	0	0	0	0	0	0	0.472462862730026	0	0	0	11.0945038795471	0	0	0	0	0	0	0	0	0	0	0	0	0	0	0	0	0	0.681361138820648	0	0	0	0	0	0	0	0	0	0	0	0	0	0
Chrna2	0	0	0	0	0	0	0	0	2.90223431587219	0	0	0	0	0	0.523894190788269	0	0	0	3.33322525024414	0	0	0	2.16701972484589	0	0.713079035282135	0.489391267299652	0	0	0	0	0	0	0	0	0	0	0	0	0	0	0	0.552404582500458	0	0	0	0	3.77293580770493	0	0	0	0	0	0.822046875953674	0	0	0	0.643226683139801	0	0	0	0	0	0	0	0	1.82756608724594	0	1.70637819170952	1.86615347862244	0	0	0	0	0	0	0	0	0	0	1.1842268705368	0	0	0	0	0	0	1.16507744789124	0	0	0	0	0	0	0	0	0	0	0	0	0.389497518539429	0	0	0.560147523880005	0	0	0	0	0	0	0	0	0	0	0.900989830493927	0	0	0	0	0	0	0	0	1.76778650283813	0	0	0.766258597373962	0	0	0	0	0	0	0	4.49268507957458	0	0	0	0	0	0	0.530801117420197	0	0	0	0	0	0	0	0	0	1.33099853992462	0	0	0	0	0	0	0	0	0	3.7172856926918	0	1.01974952220917	1.8054678440094	0	0	0	0	0	0	0	0	0	0	0	0	0	0	1.97068202495575	0	0	0	0	0	0.589490652084351	0	0	0	0.374774396419525	0	0	0	0	0	0	0	0.73277747631073	0	0	0	0	0	0	0	0	0	0	0	0	0	1.38094210624695	0	0	0	0	0	0	0	0	0	0	0	0	0	0	0	0	0	0	0	0	0	0	0	0	0	0	0	0	0	0	0	0.659326374530792	0	0	1.67487168312073	0	4.09429800510406	0	0	0	0	0	0	0	0	0	0	0.782384932041168	0	0	0	0	0	0	0	0	0	2.82259798049927	1.81323099136353	0	0	0	1.09346342086792	0	0	0	1.05054414272308	0	5.99390029907227	0	0	0	0	0	1.203099578619	0	0	9.61472582817078	0	0	0	0	0	0	0	0	0	0	0	0	0	0	0.74889063835144	0	0	0	0	0	0	0	0	0	0	0	0	0	0	0	0	0	0.486705124378204	0	0	0	0	0	0	0.910935878753662	0	1.91003239154816	0	0	0.497651875019073	0	0	0	0.442558974027634	0	0	0	0	0	2.23345094919205	0	0	0	3.35012406110764	0	0	0.657291948795319	0	0	0	0	0	0	2.83203411102295	0	0	0	0	0	1.82946336269379	0	0	0	0	0	0	0	0	0	0	1.16823506355286	0	0	0	0	0	0	0	0	0	4.69956240057945	6.45302987098694	0	0	0	0	0	0	0	0	0.548504173755646	0	0	0	0	0	0	1.08242702484131	0	0	0	0	0	0	0	6.38511723279953	0	0	0	0	0	0	0	0	0	0	0	0.774182736873627	0	0
Cldn5	0	0	0	0	0	19.3369958996773	0	1.76718467473984	0	0	0	0	0	28.5271747112274	0	12.108998298645	0	0	0	0	0	142.782622337341	0	0	0	0	0	38.6530380249023	0	0	0	0	0	0	0	0.540667533874512	48.8170582056046	31.6468247175217	0	0	9.99938201904297	8.67277812957764	0	0	0	13.6050062179565	0	0	31.2220346331596	0	0	0	0	0	30.0087080001831	0	0	0	0	0	66.3501216769218	23.7296026349068	0	0	0	0	0	0	0	0	1.44747924804688	0	0	0	0	5.37308138608932	0	0	0	0	1.23251092433929	4.80409288406372	0	23.4179725646973	0	0	0	0	0	0	0	0	0	0	0	0	0	0	0	0	0	0	0	0	98.1454550027847	0	0	0	67.4346141815186	0	0	0	0	36.447410941124	0.661928176879883	0	0	0	0	0	0	0	0	0	0	0	0	0	0	0	0	0	0	0	0	0	0	0	0	0	0	0	0	0	13.9927129745483	0	0.504377722740173	0	51.1358113288879	0	0	0	15.2387707233429	0	1.46843880414963	0	0	0	0	0	0	0	0	0	0	0	0	0	47.8748216629028	0	0	23.5278006792068	0	18.9357757568359	0	0	0	0	0	0	0	49.2218425571918	0	0	0	4.0700511932373	2.73877453804016	0	0.609610974788666	0	0	0.532178163528442	0	0	0	0	0	0	0	0	0	5.51000010967255	0	0	0	0	0	0	0	0	94.5881605148315	0	0	0	0	29.342700958252	0	0	0	0	0	0	0	81.4042491912842	0	0	0	0	0	46.2275408506393	0	0	0	0	0	0	2.14233189821243	0	0	3.06746172904968	0	0	0	59.8766298294067	0	0	0	0	0	0	0	0	0	0	0	0	0	0	0	0	0	0	0	50.5865116715431	0	0	0	0	0	0	1.74719142913818	0	0	0	0	0	0	0	0	0	0	0	0	0	0	0	0	0	0	0	0	0	0	0	2.52411246299744	31.455509185791	0	0	0	0	0	0	0	0	0	0	0	0	0	0	0	0	0	0	0	0	0	0	0	0	0	0	0	0	0	0	0	0	0	0	0	0	0	0	0	0	0	0	0	0	0	0	0	0	0	0	0	0	0	20.0551853179932	0	0	0	0	0	0	0	0	77.0042343139648	0	0	16.1856002807617	2.00006532669067	0	0	0	0	0	0	0	0	0	0	0	0	0	26.0059537887573	0	0	0	0	0	0	0	0	0	0	0	0	0	0	0	0	2.43074917793274	0	7.37098741531372	0	0	0	0	0	0	0	0	27.0306839942932	0	24.1711921691895	0	0	0	0	0	0	0	0	0	0	0	0	0	0	0	0	0
Clrn1	0	0	0	0	0	0	0	0	0	0	0	0	0	0	0	0	0	0	0	0	0	0	0	0	0	0	0	0	0.490588426589966	0	0	0	0	0	0	0	0	0	0	0	0	0	0	0	0	0	2.22751098871231	0	0	0	0.458780527114868	0	0	0	0	0	0	0	0	0	0	0	0	0	0	0	0	0	0	0	0	0	0	0	0	0	0	0	0	0	0.555109262466431	0	0	0	0	0	0	0	0	0	0	0	0	0	0	0	0	1.14898347854614	0	0	0	0	0	0	0	0	0	0	0	0	0	0	0	0	0	0	0	0	0	0	0	0	0	0	0	0	0	0	0	0	0	0	0	0	0	0	0	0	0	0	0	0	0	0	0	0	0	0	0	0	0	0	0	0	0.737293899059296	0	1.14326167106628	0	0	0	0	0.593110680580139	0	0.597736060619354	0	0	0	0	0	0	0	0	0	0	0	0	0	0	0	0	0	0	0	0	0	0	0	0	0	0	0	0	0	0	0	0	0	0	0	0	0	0	0	0	0	0	0	0	0	0	0	0	0	0	0	0	0	0	0	0	0	0	0	0	0	0	0	0	0	0	0	0	0	0	0	0	0	0	0	0	0	0	0	0	0	0	0	0	0	0	0	0	0	0	0	0	0	0	0	0	0	0	0	0	0	0	0	0	0	0	0	0	0	0	0	0	0	0	0	0	0	0	0	0	0	0	0	0	0	0	0	0	0	0	0	0	0	0	0	0	0	0	0	0	0	0	0	0	0	0	0	0	0	0	0	0	0	0	0	0	0	0	0	0	0	0	0	0	0	0	0	0	0	0	0	0	0	0	0	0	0	0	0	0	0	0	0	0	0	0	0	0	0	0	0	0	0.684439897537231	0.817947864532471	0	0	0	0	0	0	0	0	0	0	0	0	2.01758337020874	0	0.668397605419159	0	0	0	0	0	0	0	0	0	0	0	0	0	0	0	0	0	0	0	0	0	0	0	0	0	0	0	0	0	0	0	0	0	0	0	0	0	0	0	0	0	0	0	0	0	0	0	0	0	0	0
Cntnap5b	0	0	0	0	0	0	0	9.64573323726654	0	0	0	0	0.573808014392853	0	0	0	3.9475291967392	0	0	3.63106894493103	0	0	0	0	2.83270692825317	0	1.48148024082184	0	0	0	0	0	0	0	0	0	0	0	0	0	0	2.76202297210693	0	0	0	0	8.07716083526611	0	0	0	0	0	4.18305504322052	0	0	0	0	0	0	4.16377884149551	2.08588457107544	0	0	0	0	0	0	1.70492097735405	0	2.26065945625305	0	0	0	0	0	0	0	0.70509672164917	0	0	0	0	0	10.0367617607117	0.809245884418488	0	1.00969755649567	0	0	0	3.47454458475113	0	1.1153153181076	0	0	0	1.05265271663666	0	0	0	0	0	0	0	0	0	0	0	3.85123443603516	0	0	0	0	0	4.32328122854233	0	0	0	0	0	0	0	0	0	0	0	0	0	0	0	0	0	0	0	3.40663540363312	0.919181048870087	0	0	0	0	0	0	0	0	0	0	1.74506318569183	0	0	0	0.789844870567322	0	0	0	0	3.79212844371796	0.620623707771301	0	0	0	0	5.02792316675186	3.35533994436264	0	0	0	4.46421331167221	2.95306521654129	6.90609687566757	0	0	0	0	0	0	0	0	1.12598741054535	0	0	0	0	0	0	0	7.07062858343124	0	0	0	0	0	0	0	0	0	0	0	0	0	0	0	0	0	0	11.1322292685509	0	0	0	0	0	0	0	2.12409996986389	0	0	0	0	0	0	0	10.0619822740555	0	0	3.4486311674118	0	0	0	0	0	0	4.78813147544861	0	0	0	0	0	0	4.26863312721252	0	0	0	0	0	10.9495745897293	8.4690021276474	0	0	1.58909159898758	0	0	0	0	0	0	0	0	0	0	0.782384932041168	0	0	5.11230027675629	0	0	0	0	0	1.86983531713486	0	0	2.63672208786011	0	0	0	0	0	0	0	11.3670965433121	0	0	0	0	0	3.56505501270294	0	0	2.03201025724411	0	0	0	0	0	0	0	0	0	0	0	4.97190219163895	5.1828031539917	0	2.96470189094543	1.40064203739166	0	0	2.59978640079498	0	1.55325758457184	0	0	0	0	0	0	0	0	5.13811135292053	0	0	0	1.44442862272263	0	0.711266577243805	3.90286207199097	0	0	0	0	0	0	7.77293935418129	0	0	0	0	0	0	0	0	0	0	0	0	0	0	0	0	0	0	0	0.726719737052917	0	0	0	0	0	0	0	0	0	0	0	0	0	4.75778341293335	0	0	0	1.88266181945801	0	0	0	0	0	5.00726974010468	0	8.41632109880447	4.47288024425507	0	0	0	0	0	0	0	0	0	0	0	0	13.7747825980186	0.56477963924408	0	0	0	0	0	4.62912851572037	0	2.44562321901321	4.364422082901	4.16460686922073	0	0	0	0	0	0	0	0	0	0	0	0	0	0	1.09648334980011	0	0	0	0	0	0
Cobll1	0	0	0	0	0	0	0	0	0	0	0	0	0	0	0	2.145472407341	0	0	0	0	0	0	4.23294585943222	0.939391076564789	0	0	0	0	0	0	0	0	0	0	0	0	0	0.549234867095947	0	0	0	0	0	0	0	0	0	0	0	0	0	1.20870614051819	0	0	0	0	0	0	0	0	0	0	0	0	0	0	1.7226185798645	0	0	0	0	0	0	0	0	0	0	13.4156249165535	0.791654646396637	0	0	0	0	0	0	0	0	0	2.16570103168488	2.95713138580322	0	0	0	0	0	0	0	4.41471415758133	0	0	0	0	0	0	0	0	0	0.939818680286407	2.52333945035934	0	0	0	0	0	0	7.8400804400444	0	0	0	0.682945847511292	0	0	5.84273529052734	0	0	0	0	0.860993891954422	0	0	0.532103002071381	0	0	0	0	0	0	5.06142455339432	1.90407228469849	4.78445684909821	1.06160223484039	0	0	0	0	0	0	0	0	0	0	0	0	0	0	3.58351850509644	0	0	0	0	0	0	0	0	0	0	0	0	0	0	10.2521364688873	0	0	0	0	0	0	0	0	0	0	4.52907133102417	0	0	0	3.41740608215332	5.07426196336746	0	0	0	0	0	0	5.00255918502808	5.5009092092514	0	0	0	0	0	0	7.25433683395386	0	4.01082158088684	0	0	0	0	0	0	0	0	0	3.7734637260437	2.12674659490585	0	0	0	0	0	0	3.10904145240784	0	0	0	0	0	0	0	2.38597655296326	0	0	0	0	8.69431048631668	0	0	0	0	0	6.07752418518066	0	0	0	3.96290755271912	0	5.57361644506454	0	0	0	0	0	0	5.01685047149658	4.93068760633469	0	0	0	0	0	0	0	0	0	3.91708248853683	0	0.96195375919342	0	0	0	0	0	0	0	0	0	0	0	0	0	0.545638561248779	0	0	0	0	0	0	0	0.587216436862946	0	0	0	0	0	0	0	0	0	0	0	0	0	2.14944261312485	0	0	0	0	0	0	9.21007633209229	0	0	0	0	0	0	3.43635666370392	0	6.18006479740143	0	0	0	0	0	0	0	0	0	0	0	0	0	0	0	0	0	0	3.07348656654358	0	0	0	0.613790988922119	0	0	0	0	0	0	0	0	0	0	0	0	0	0	0	0	4.67635798454285	0	0	0	0	0	0	0	0	0	0	0	0	9.10948967933655	0	0	0	0	0	0	0	0	0	0	0	1.25419318675995	4.54606819152832	0	0	0	0	0	0	0	0	0	0	0	0	0	0	0	0	0	0	0	6.62711864709854	0	0	0	0	0	0	0	0	0	0	0	0	1.93486881256104	0	0	0	0	0	1.17780816555023
Col14a1	0	0	0	0	0	0	0	0	0	0	0	0	1.67723369598389	0	2.20453286170959	0	0	0	0	1.32502400875092	0	0	0	0	0	0.978782534599304	0	0	0	0.552059888839722	0	0	0	0	0	0	0	0	0	0.631657958030701	0	0	0	0	0	0	0	0	2.23038244247437	0	0	0	0	0	0	0	0	0	0	1.05880665779114	0	0	0	0	0	0	0	0	0	0	0	0	1.52130794525146	0	0	0	0	0	0	4.14479398727417	0	0	0	0	0	0	0	0	0	0	0	0	0	0	0	0	0	6.89390087127686	0	0.389497518539429	0	0	5.27433371543884	0	0	0	0	0	0	0	0	0	0	0	0	0	0	0	0	0	0	0	0	0	0	0	0	0	0	0	0	0	0	0	1.67796176671982	0	0	0	0	0	0	0	0	0	0	0	0	0	0	0	0	0	0	0	0	0	0	0	0	0	0	0	0	0	0	0	0	0.66981053352356	0	0	0	0	0	0	0	0	0	0	0	0	0.481044888496399	0	0	0	0	0	0	0	0	0	0	0	0	0	0	0	0	0	0	0	2.13046965003014	0	0	0	0	0	0	0	0	0	0	0	2.29484444856644	0	0	0	0	0	0	0	0	0	0	0.734090864658356	0	0	0	0	0	0	0	0	0.452294558286667	0	0	0	0	0	0	8.12206172943115	0	0	0	0	0	0	0	0	0	0	3.09139847755432	10.0220443606377	0	0	0	0	0	0	0	0	0.548509895801544	0	0	0	0	0	0	0	0	1.69695287942886	0	0	0.77660071849823	0	0	0	0	0	0	1.06911462545395	0	1.7360115647316	0.611391842365265	0	0	0	0	0.665820062160492	0	0	2.96758127212524	0	0.859978139400482	0	0	0	0	0	0	1.08414974808693	0	0	0	0	0	0	0	0	0	0	0	0	0	0	0	0	0	0	0	0	0	0	0	0	0	2.87810999155045	0	6.63714027404785	0	0	2.08160328865051	0	2.4194193482399	0	0	0	0	0	0	0	0	0	0	2.06706494092941	0	0	0	0	2.62452739477158	0	0	0	0	0	0	0	0	0	0	0	0	0	0	0	0	0	0	0	0	0	0	0	0	0	0.525685608386993	0	0	0	0	0.46913605928421	0	0	0	0	0	0	0	0	0	0	0	0	0	0.607687294483185	0	0	0	0.896435916423798	0	0	0	2.02950894832611	0	0	0	3.04870986938477	0	0	0	0	0	0	0	0	0	0	0	0	0	0	0	1.41007792949677	0	0
Col15a1	0	0	0	0	0	0	0	1.39352881908417	0	0	0	0	0	0	0.713960647583008	0	0	0	0	5.83195757865906	0	0	0	2.41868811845779	0	0	0	0	0	0	0	0	0	0	0.576845526695251	1.46298158168793	0	0	0	0	0	0	0	0	0	0	0	0	0	0	0.884252071380615	0	0	0	0	2.25460010766983	0	0	0	0	0	0	0	0	0	0	0	0	0	0	0	0	0	0	0	0	0.736203730106354	0	0	0	0	0	0	0	0	0.785175085067749	0	0	0	0	0.795059859752655	0	0	0	0	0	0	0	0	0	0	0	0	0	0	0	0	0	0	0	1.75113373994827	0	0	0.900989830493927	0	0	0	17.4264526367188	0	0	0	0	0	0	0	0	0	0	0	0	0	0	0	0	0	0	0	4.40313804149628	0	0	1.37134927511215	0.630922019481659	3.67276167869568	0	0	0	0.507479310035706	0	0	0	0	0	0.720860719680786	0	1.93321490287781	0	0	0	0	0	0	0	0	0	0.780353546142578	0	0	0	0	0	0	0	0	0	0	0	0	0	0	0	0	0	0	0	0	0	0	0	0	0	0	1.02912163734436	0	0	0	0	0	0.506191730499268	0	0	0	0.528028726577759	0	0	0	0	0	0	1.25829681754112	0	0	0	0	0	0	1.76300936937332	0	0	0	0	0	0	0	0	0.634317457675934	0	0	0	0	0	0	0	0	0	9.10993605852127	0	0	0	0	0	0	0	0	0	0	2.00110912322998	0	0	0	0	0	0	0	0	0	0	0	0	0	0	0	0	17.9330304861069	0	0	3.29061657190323	1.92131757736206	0	0	1.96888148784637	0	0	0	0	0	0	0	0.906839430332184	0	4.93317103385925	0	3.80317440629005	0	0	0.495962679386139	0	0	0	0	0	0	0	0	0	0	0	0	6.17286878824234	0	0	0	0	0	0	0	0	0	0	0	0.672548949718475	2.17161440849304	0	0	1.00312349200249	3.80367633700371	0	0	0	0	0	0	0	0	0.603213131427765	0	0	0	0.68999832868576	0	0	0	0	0	0	0	0	3.24541139602661	0	0	0.784741520881653	0	0	0	0	0	0	1.08604192733765	0	0	0	0	0	0	0	0	0	0	9.1130273938179	0	0	0	1.74628722667694	0	2.66343635320663	0	0	0	0	0	0	0	0	0	0	0	0	0	0	0	0	0	0	1.66171288490295	0	0	0	9.24971556663513	0	0.968546390533447	0	0	0	0.56477963924408	0	0	0	0	0	7.72049069404602	0	0	1.69549572467804	0	4.55155515670776	0	16.4825992584229	0	0	3.3341429233551	0	0	0	0	0	0	0	0	0	0	0	0	7.36791002750397	0	0
Col23a1	0	0	0	0	0	0	0	0	0	0	0	0.850913763046265	3.20145559310913	0	0	0	4.00139093399048	0	0	0	0	0	0	0	0	0	0	3.24879550933838	0	0	0	2.63625025749207	0	3.71974807977676	0	0	0	0	0	0	0	0	0.707633018493652	0	0	0	0	0	0.542963445186615	0	0	0	0	0	0	0	0	0.445555478334427	0	0	2.42392712831497	3.16793024539948	0	0	0	0	0	0	0	0	0.830333650112152	0	0	0	0	3.25726425647736	0	0	0	0	0	0	0	0	0	0	0	0	0	0	16.7790455818176	2.30621612071991	0	0	0	3.81191456317902	0	0	0	0	0	0	0	0	0	0.560302257537842	0	0	0	0	0	2.17203658819199	3.23510420322418	0	0	0	0	0	0	0	0	0	0	0	0	0	0	0	0	0	0	0	0	0	0	1.50854384899139	0	0	0	0	0	0	0	0	0	0	0	1.4474573135376	0	1.28304010629654	12.2588696479797	0	0	0	0.90555465221405	0	0	0	0	0	0	0	0	0	0	0	0	0	0	0	1.4336684346199	0	0	0	0	0	0	0	2.53213739395142	0	0	0	0	0	0.561233699321747	0	0	0	0	0	0	0	0	0	0	0	2.93413305282593	0	0	0	0	0	0	0	0	0	0	0	0	0	0	0	0	0	2.68479585647583	0	0	6.80078899860382	0	0	0	0	0	0	0	0	0	0	0	0	0	0	0	0	0	0	0	8.5055718421936	0	0	0	0	0	0	0	0	0	0.493435174226761	0	1.39790773391724	0	0	0	0	0	0	0	0	0	0	0	0	0	0	0	0	0	0	0	0	0	0	0	0	0	0	0	0	1.26905959844589	0	0	1.21125203371048	0	0	0	0	0	0	0	0	0.699931979179382	0	0	0	0	0	0	0	4.26039618253708	0	0	0	0	0	0.870745122432709	0	0	0	0	0	1.36744153499603	24.1178048849106	0	0	3.26633834838867	0	0	0	0	0	0	0	0	0	0	0	0.557868897914886	0	0	0	0	0	0	0	0	0	0	0	0	0	0.728147566318512	0	0	0	0.840765297412872	0	0	0	1.28022336959839	0	0	0	0	0	0	0	0	0	2.49674701690674	0	0	0	0	0	0	0	0	0	0	0	0	0	0	0	0	0	0	0	0	1.01740914583206	0	0	3.38621699810028	0	0	0	0	0	0	0	0	0	0	0	0	0	0	0	0	0	0	0.982617676258087	0	0	0	0	0	0	0	0	0	0	0	0	0	0	0	0	0	0	0	0	2.40969181060791	3.60404062271118
Col24a1	0	0	0	0	0	0	0	0	0	0	0	0	0	0	0	0	0	0	0	0	0	0	0	0	0	0	0	0	0	0	0	0	0	0	0	0	0	0.876644194126129	5.17608684301376	0	0	0	0	0	0	0	0	0	0	0	0	0	0	0	1.95424884557724	0	0.970223069190979	0	0	1.21399796009064	0	0	0	0	0	0	0	0	0	0	7.07473850250244	0	0	0	0	0	0	7.13683199882507	0	0	0.584504246711731	0	0	0	0	0	0	0	0	2.45658671855927	0	0	0	0	0	0.731808245182037	0	0	0	0	2.20821756124496	0	0	0	0	0	0.666939437389374	0	0	0	0	0.818087160587311	0.771125674247742	3.3167051076889	0	0	0	0	0	0	0	0	0	0	0	0	0	0	0	0	0	0	4.84430778026581	0	3.68442589044571	0	0	0	0	0	0.565259516239166	0	0	0	0	0	0	0	2.62692394852638	0	0	0	0	1.26216703653336	0	0	0	0	0	0	0	0	0	0	0	0	0	0	0	0	0.813167750835419	0	0	0	0	0	0	0	0	0	0	0	0	0	0	0	0	0	0	0	0	0	0	0	0	0	0	1.01238346099854	0	0	0	0	0	0	0	0	0	1.39390987157822	0	0	0	0	0	0	0	0.822820723056793	0	0	0	0	0	0	0	0	0	0	0	1.5301525592804	0	0	0	0	0	0	0	0	0	0	0	0.905958652496338	0	0	3.05991959571838	0	0	0	0	0	0	0	0	0	0	0	0.619722425937653	0	0	0	0	0	0	0	0	0	0	0	0	0	0	0	1.49984049797058	0	0	0	0	0	0	0	0	1.72182643413544	0	0.596791386604309	0	0	0	0	0	1.14320766925812	0	0	0	0	0	0	1.71282649040222	0	0	0	0.927708506584167	0	0	0	0	0	0	0	0	0	0	0	0	0	0	0	2.16651177406311	0.419249206781387	0.486579865217209	0	0	0	0	0	0	0	0	0	0.834748864173889	0	0	0	0	0	0	0	0	0	0	0	0	0	0	0	0.681617498397827	0	0	0	0	0	0	1.43888980150223	0	0	0	0	0	0	0	0	0.606273174285889	0	0	0	0	0	0	0	0	0.745333969593048	0	0	0	0	0	0	0	0	0	0	0	3.47632598876953	0	0	0	0	0.553469240665436	0	0	0	0	0	0	0	0	0	0	0	0	0	0	0	0	0.577157616615295	0	0	0	0	0	0	0	1.57470643520355	0	0	0	0	0	0	0	0	0	1.31940519809723	0	0.352519482374191	0	0
Col25a1	0	0	0	0	0	0	0	0	3.34923034906387	0	0	0	0.573808014392853	0	0	0	5.45793318748474	0	0	0	0	0	0	0	0	0.489391267299652	0	0	0	0	0	0	0	33.0120033025742	0	23.7541016340256	0	0	0	0	0	0	0	0	14.1735401153564	0	0	0	0	0	0	9.84137231111526	0	0	6.51125657558441	0	0	0	0	0	0.578396558761597	0	17.5763577818871	0	0	0	18.9794628620148	0	31.4004405736923	0	8.71778070926666	6.11661976575851	18.1877385377884	0	3.26700329780579	0	0	3.97979199886322	0	0	0	0	37.4291232228279	0	0	0	7.86955285072327	0	7.02332448959351	0	0	19.9453881382942	0	0	2.92031162977219	0	1.18027603626251	0	0	0	0	21.6933821439743	0	0	0	29.4667057991028	0	0	0	0	0	0	0	0	0	0	0	0	0	0	0	7.0451112985611	0	18.5511003732681	0	7.62820792198181	0	0	0	0	0	2.31110107898712	0	0	4.49827674031258	0	0	0	0	0	0	6.53728967905045	0	0	17.8187851905823	0	0	0	0	0	2.61865037679672	0	0	0	0	0	0	17.2506435513496	0	0	0	0	0	0	52.5945741534233	0	5.66125440597534	0	0	0	0	0	0	0	0	0	0	0	0	0	4.43913769721985	0	16.0482402443886	0	26.1040477752686	30.6868398189545	33.0735144615173	0	5.86127322912216	0	0	0	0	0	0	0	0	0	0	0	0	9.34622478485107	0	0	0	0	0	0	0	0	0	0	4.16209030151367	0	0	0.751408696174622	0	0	0	0	0	0	0	0	0	11.439183473587	0	0	0	0	0	0	7.23015803098679	0	0	0	12.2431471943855	0	0	13.4647195339203	24.3809648752213	0	5.12989962100983	0	0	0	11.2989503741264	0	0	0	0	0	0	0	5.14657735824585	0	0.879257380962372	0	0	0	0	0	0	4.34247380495071	0	0	0	0	6.81194090843201	3.60604166984558	0	0	0	0	0	2.47472453117371	0	0	0	0	12.4348898530006	0	0	0	0	0	0	3.16616433858871	0	0	0	0	0	0	0	0	0	0	0	0	0	0	16.0427452325821	0	0	0	2.68677711486816	0	0	0	0	0	1.89509731531143	0	0	19.2333748936653	0	0	0	0	0	0	0	0	0	0	0	0	0	18.4487825632095	0	11.1885027289391	12.5034467577934	0	0	0	0	0	0	0	0	4.39245253801346	0	10.7475191354752	0	0	0	0	0	0	0	0	11.0838003158569	0	0	0	0	32.1299376487732	0	0	0	0	0	26.2097864151001	36.1618211269379	0	12.4183140993118	0	0	0	0	0	0	2.10444277524948	12.6512988805771	0	0	0	0	0	0	0	0	0	0	0	0	0	29.1559271812439	0	0	0	0	0	0	0	0	0	0	0	0	0	0	0	0	0	0	0	0	0	13.959469139576	10.545621573925	0	0	0	0	0	0	0	0	0	3.58128952980042	0	0
Corin	0	0.510439038276672	0	0	0	0	0	0	0	0	0	0	0	0	0	0	0	0	0	0	0	0	0	0	0	0	0	0	0	0	0	0	0.72583544254303	0	1.09436881542206	0	0	0	0	0	0	0	0	0	0	0	2.0936091542244	0	0	0	0	0	0.822046875953674	0	0	0	0	0	0	0	0.645662665367126	0	0	0	0	0	0	0	0	0	0	0	1.06791067123413	0	0	0	0	0.776990592479706	0	0	0	0	0	0	0	0	0	0	0	0	0	0	0	0	0	0	0	0	0	0	0	0	0	0	0	0	0.739554762840271	0.491759032011032	1.2037724852562	0	0	0	4.36869531869888	0	0	0	0	1.68911784887314	0	0	0	0	0	0	0	0	0	0	0	0	0	0	0	0	0	0	0	0	0	0	0.730513036251068	2.22137087583542	0	0	0	0	1.23758387565613	0	0	0	0	0	0	0	0	0.93786346912384	0	0	0	0	0	0	0	0	0	0	0	0	0	0	0	0	0	0	0	0	0	0	0	0	0	0	0	0	0	0	0	0	0	0	0	0	0	0	1.47103750705719	0	0	0	0	0	2.90384846925735	1.39383351802826	1.04150450229645	0	0	0	0	0.556207835674286	0	0	0	0	0	0	0	0	0	0	0	0	0	0	0	0	0	0	0	0	0.91114467382431	0	0	0	0	0	0	0	0	0	0	0	0	0	0	0	0	0	0	0	0.365851759910583	0	0	0	0	0	0	0	0	0	0	0	0	0	0	0	0	0	0	0	0	0	0	0	4.56487655639648	0	0	0	0	0	0	0	0	1.19358277320862	0	0	0	0	0	0	0	0	0	0	0	0	0	0	0	0	0	0	0	0.620777726173401	0	0	0	0	0	0	0	0	0	0	0	0	0	0	0	0	1.3518061041832	0	0	0	0	0	0	2.03113269805908	0	0	0	0	0	0	0.99442446231842	0	0	0	0	0	0	0	0	0	0	0	0.992247939109802	0	0	0	0	0.696944057941437	0	0	0	0	0	0	0	2.27623826265335	0	1.24564826488495	0	0	0	0	0	0	0	0	0	0	1.67094656825066	0	0	0	2.79382348060608	0	0	0	0	0	0.716842532157898	0	0	0	0	0	0	0	0	0.992256611585617	0	0	0	0	0	0	0	0	0	0	0.518724322319031	0.956392884254456	0	0	0	0	0	0	0	0	0	0	0	0	0	0	0	0	0	0	0	0	0	0
Cplx3	0	0	0	0	0	0	0	0	0	0	0	0	0	0	0	0	0	0	0	0	0	1.1954460144043	0.534173548221588	0	0	0	0	0	0	0	0	0	0	0	0	0	0	0	0	0	0	0	0	0.688476622104645	0	0	0	0	0	0	0	0	0	0	0	0	0	0	0	0	0	0	0	0	0	0	0	0	0	0	0	0	0	0	0	0	0	0	0	0	1.75756788253784	0	0	0	0	0	0	0	0	0	0	0	0	0	0	0	0	0	0	0	2.49992340803146	0	0	0.51602441072464	0.611798107624054	0	0	0	0	0	0	0	0	0	0	0	0	0	0	0	0	0	0	0	0	0	0	0	0	0	0	0	0	0	0	0	0	0	0	0	0	0	0	0	0	0	0	3.41580891609192	0	0	0	0	0	0	0	0.661356210708618	0	0	0	0	0	0	0	0	1.7042783498764	0.598003268241882	0	0.576377511024475	0	0	1.59473371505737	0	0	0	0	0	0	0	0	0	0	0.904929161071777	0	0	0	0	0.981885552406311	0	0	0	0	5.62253963947296	5.29357331991196	0	1.19583034515381	0	0	0	0	0	0	0	0	0	0	0	0	0	0	0	0	0	1.34751319885254	0	0	0	0	0	0	0	3.9337255358696	2.12826061248779	0	6.60681772232056	3.82848978042603	0	0	0	0	0	0	0	0	0	0	0	0	0	0	0	0	0	0	0	0	0	0	0	0	0	0	0	0	0	0	0.967395663261414	0	0	0	0	0	4.81138068437576	0	0	0	0	0	0	0	0	0	0	0	0	0	0	0	0	0	0.688628673553467	0	0	2.53443998098373	0	0	0	0.381184816360474	0	0	0	0	0	0	0	0	0	6.0713529586792	0.632141172885895	0	0	0	0	0	0	0	0	0	0	0	0	0	0	0	0	0.428855329751968	0	0	0	0	0.75140380859375	0	0	0	0	0	0	0	0	0	0	0	0	0	12.142249584198	0	0	0	0	0	0	0	1.11596184968948	0	0	0	0	0	0	0	0	0	0	0	0	0	0	0	0	0	0	0	0	2.01206517219543	0	1.12989163398743	0	0	0	0	0	0	0	0	0	0	0	0	0.646679222583771	0	0	0	0	0	0	0	0.919418394565582	1.62826526165009	0.749198079109192	0	2.33557614684105	0	0.688859164714813	0	0	0	0	0	0	0	0	0	0	0	0	0	0	1.6339282989502	6.86175847053528	0	0	0	0	0	0	0	0	0.337898463010788	0	0	0	0	0	0	0
Crhr2	0	0	0	0	0	0	0	0	0	0	0	0	0	0	0	0	0	0.407090991735458	0	0	0	0	0	0	0	0	0	0	0	1.68184626102448	0	0	0	0	0	0.922314047813416	0	0	0	0	0	0	0	0	0	0	0.883615255355835	0	0	0	0	0	0	0	0	0.916245400905609	0	0	0	0	0	0	0	0	0	0	0	0	0	0	0	0	0	0	0	0	0	0	0.593544960021973	0	0	0	0	0	0	0	0	0	1.71009147167206	0	0	0	0	0.513856709003448	0	0	0	0	0	0	0	0	0	0	0	0.500664293766022	0	0	0	0	0.608400285243988	0	0	0	0	0	0	0	0	0	0.957447111606598	0	0	0	0	0	0	0	0.471050709486008	0.836950719356537	0	0	0	0	0	0	0	0	0	0	0	0	0	0	0	0	0	0	0	0	0	0	0	0	0	0	0	0	0	0	1.30969393253326	0	0	0	0	0	0	0	0	0	0	0	0	2.08565521240234	0	0	0	0	0	0	0	0	0	0	0	0	0	0	0	0	0	0	0	0	0	0	0	0	0	0	0.788883447647095	0	0	0	0	0	0	0	0	0	0	0	0	0	0	0	0	0	0	0	0	0	0	0	0	0	0	0	0	0	0	0	0	0	0	0	0	0	0	0	1.85178506374359	0	0	0	0	5.04545974731445	0	0	0	0	0	0	0	1.30644798278809	0	1.85702764987946	0	0	0	0	0	0	0	0	0	0	1.51745080947876	0	0	0	0	0	0	0	0	0	0	0	0	0	0	0	0	0.808073818683624	0	0	0	0.665820062160492	0	0	0	0	0	0	0	0	0	0	0	0	0	0	0	0	0	0	0	0.468129634857178	0	0	0	0	0	0	0	0	0	0	0	0	0	0	0	0	0.396655797958374	0	0	0	0	0	0	0	0	0	0	0	0	0	0	0	0	0	0	1.30313789844513	0	0	0	0	0	0	0	0	0	0	0	0	0	1.3105605840683	0	0	0	0	0	0	0	0	0.494030773639679	0	0	0	0	0.498973965644836	0	0	0	0	0	0	1.38569986820221	0.702361881732941	0	0	0	0	0	0	0	0	0.806092977523804	0.527646541595459	0	0	0	0	0	0	0	0	0	0	0	0	0	0	0	0	0	0	0	0	0	0	0	0	0	0	0	0	0	0	0	0	0	0
Crispld2	0	0	0	0	0	0	0	0	0	0	0	0	0	0	0	0	0	0	0	0.587228298187256	0	0	0	0	0	0	0	0	8.10610640048981	0	0	0	0.46928209066391	0	0	0	0	0	0	0	0	0	0	0	0	0	0.585814595222473	0	0	0	0	0	0	0	0	0	0	0.524968564510345	0	0	0	0	0	0	0	0	0.554273724555969	0	0	0	0	0	0	0	0	0	0	0	0	0	3.25831186771393	0	0	0	0	0	0	0.570963978767395	0	0	0	0	0	1.88401085138321	0	0	0	0	0	0	0	0	0	3.21877056360245	0	0	0	0.983954131603241	0	0	0	0	0	0	0	0	0	4.75993180274963	0	2.31847238540649	5.76994180679321	0	0	0	0	0	0	0	1.66206645965576	0	0	0	0.60158497095108	0	0	0	0	0	0	0	0	0	0	0	0	0	0	0	0	0	0	2.12299346923828	0	0	0	0	0	0	0	0	0	0	0	0	0	0	0	0	0	0	0	0	0	0	0	0	0	0	0	0	0	0	0	17.7247366309166	1.1507243514061	0	0	0	0	0	0	0	0	0	0	0	0	0	0	0	0	0	0	0	2.2807993888855	0	1.53920984268188	3.20240098237991	0.581115067005157	0	0	0	0	0	0	0	2.33503431081772	1.82740783691406	0	0	0	2.10825657844543	0	0	1.18124455213547	0	0	0	0	0	0	0	0	1.71144860982895	0	0	0	0	0	0	0	0	3.98306059837341	0.709179759025574	0	0	0	0	0	0	0	0	0	0	0	0	0	0	1.58369576931	0.62547492980957	0	0	0	0	0	0	0	0	0	0	0	0	0	0	0	1.42930674552917	0	0	0.606731295585632	0	0	0	0	0	0	0	0	0	0	0	0	0	0	0	0	0	0	0	0	0	0	0	0	0	0	0.615620493888855	0	0.468129634857178	0	0	0	0	23.6727893948555	0.498212367296219	0	0	0	0	0	0	0	0	0	0	0	0	0	0	0	0	0.637815415859222	0	0	0	0	0	0	0	0	0	0	0.794084310531616	0	0	0	0	0	0	0	0	0	0	1.16366469860077	0	0	0	0	0	0	0	0	3.49257445335388	0	0	0	1.07152783870697	0	0	0.61760288476944	0	0	0	0	0	0	0	0	0	1.8088350892067	0	0	0	0	0	0	0	0	0	0	0	0	0	0	0	0.548504173755646	0	0	0	0	0.86276763677597	10.9438905715942	0	0	0.731428265571594	0	7.44732046127319	0	0	0	0	0.551526367664337	0	0	0	0	0	0	0	0	0	0	0	0	0
Cspg4	0	0	0	0	0	26.9567151069641	2.082111120224	0	0	0	0	0	0	0	0	0	0	0	0	0	0	0	0	0	0	0	0	0	0	0	0	0	0	0	0	0	40.6638357043266	0	0	0	0	0	0	0	0	0	0	0.820283114910126	0	0	0	0	0	0	0	0.669177353382111	0	0.445555478334427	0	0	0	0	0	0	0	0.677509307861328	0	0	0	0	0	0	0	0	0	0	0	0	0	0	0	0	0	0	0	0	0	0	0	0	0.59853982925415	0	0	0	0	0	0	0	0	0	0	0	0	0	0	0	1.4598480463028	10.338005065918	0	0	0	0	0	0	0.739490687847137	0	0	0	0	0	0	0	0	8.95031452178955	0	0	0	0	0	0	0	0	0	0	0	15.5701904296875	3.06290602684021	0	0	0	0	0	0	0	21.8531823158264	0	0	0	0	0	0	0	0	0	0	0	31.6985048055649	0	0	15.0904141664505	0	35.4220731854439	14.8787975311279	0	0	0	0	12.1481311321259	0	0	0	0	0	0	0	0	0	0	0	0	0	0	0	0	0	0	0	0	0	0	0	0	0	0	12.1858739852905	0	0	0	0	0	0	0	0	0	0	12.9671230316162	0	0	0	0	0	0	0	12.829776763916	0	0	0	2.42867058515549	0	0	0	0	0	2.62782096862793	0	0	0	0	0	0	0	0	0	0	7.02331131696701	0	0	0	26.6581554412842	0	0	0	0	0	0	0	12.3458139896393	0	92.1499569416046	0	0	0	2.84213244915009	0	0	0	0	0	0	0	0	0	0	0	0	0	0	0	0	0	0	0	0	19.7362174987793	0	0	0	0	0	0	0	0	0	0	0	0	0	0	0	1.69839823246002	0	0	0	0	0	0	0	0	0	0	0	0	0	0	0	0.615620493888855	0	0	0	0.504879951477051	0	0	0	0	0	0	0	0	0	18.4224147796631	0	0	0	0	0	0	0	0	43.9669058918953	0	0	0.402518063783646	0	4.07301044464111	0	0	0	0	0	0	0	0	6.5905909538269	0	0	0	0	0	0	0	0	0	0	0	0	0	0	0	0	0	0	0	0	0	0	0	0	0	0	0	0	0	2.29071122407913	15.80421179533	0	0	0	0	14.0893802642822	0	1.68283462524414	0	0	0.480967164039612	0	0	0	0	0	2.64630627632141	0	0	0	0	0	0	0	0	0	0	0	9.73791122436523	0	0	0	0	0	0	0	16.6962864995003	0	0	0	0	0	0	10.6915966272354	0	0	0	0	0	4.76741236448288	0
Ctss	0	0	0	0	0	8.14170336723328	0	0	0	0	0	0	0	0	0	2.25767862796783	0	0	0	0	18.5251239538193	0	0	0	0	0	0	0	0	0	0	0	0	0	0	0	0	0	0	0	0	0	0	0	0	0	0	14.0898965597153	0	0	1.59097933769226	0	0	0	7.2366019487381	0.803491592407227	0	0	0.892130255699158	0.529403328895569	0	0	0	0	0	0	1.18305623531342	0	0	0	0	0	0	0	0.78204756975174	7.57414954900742	0	0	0	0	0	0	0	0	0	0	0	3.77806836366653	0	0	0	0	0	0	0	0	0	0	0	0	0	0	0	0	0	0	0	0	0	1.54648590087891	3.8795810341835	0	7.17792356014252	0	0	0	0	0	0	0	0	0	0	0	0	0	0	0	0.554022133350372	0	0	0	0	0	0	0.919181048870087	0	0	0	0	0	0	13.5524864792824	0	0	0	0	0	0	0	0.394922435283661	0	0	0	0	0	0	0	0	0	0	0	0	0	0	0	0	0	0	0	1.50037705898285	0	0	0	0	0	0	0	1.97068202495575	0	0	0	0	0	0	13.3772732019424	2.47930532693863	1.68085324764252	0	0	0.53085994720459	0	0	0	0	0	0	0	0	0	0	0	0	0	0	0	12.1469854712486	0	0	0	0	0	0	0.754692733287811	0	2.40347397327423	0	0	0	0	12.6589969396591	0	2.50675854086876	30.0486698150635	0	0	1.5227427482605	0	2.19578394293785	0	0.664473056793213	0	0	0	5.8468388915062	0	0	10.5381411910057	0	6.15596437454224	0	0	6.92292082309723	0	0	0	0	0	8.42245477437973	0	0	0	1.53289657831192	0	0	0	0	0	0	0	0	0	0	0	0	0	0	0	0	0	0	0	0	0	0	0	55.6982614994049	0	0	2.29649329185486	0	1.13530457019806	0	0	0	0	0	0	0	1.19256615638733	0	0	0	0	0	0	0	0	0	1.91720321774483	3.48553085327148	0	14.8758763670921	0	0	4.57938480377197	0	0	0	0	0	0	0	27.4611427485943	0	0	29.2737202346325	0	0	0	0	0	0.760880649089813	0	0	0	0	0	0	9.46106871962547	0	0.953840315341949	0	0	0	0.68944263458252	0	0	0	0	0	1.11596184968948	0.599144637584686	0	0	0	4.48684501647949	0	0	0	0	0	0	0	0	0	0	0	0	0	0	12.2240104675293	0	0	0	0	0	0	0	0	0	0	0	0	0	0	0	0	0	2.11029052734375	0	0	12.3869912028313	0	1.0060341656208	0	0	2.07246133685112	0	0	0	0	3.45384049415588	0	0	0	1.08118200302124	0	0	0	0	0	0	0	0	0	0	2.15841823816299	0	0	0	1.20665800571442	0	0	2.26616621017456	0	1.35159385204315	0	0	0	0	0	0.984665274620056	0
Cux2	0.609527766704559	0	0	0	0	0	2.28852772712708	0	0	0	0	0	0	0	0	0	0	0	0	0	16.3950681686401	0	0	0	0	0	0	0	0	0	0	0	0	0	0	0	0	0	0	5.71643400192261	0	0	60.4240007400513	0	69.4649770259857	110.90342092514	0	0	0	2.96181273460388	0	0	0	0	0	0	0.742302596569061	0	0	2.8971443772316	0	0	0	0	0	0	4.68324172496796	0	0	0	0	0	2.28448939323425	0	0	0	0	0	0	0	0	51.586178958416	0	29.9552177786827	0	0	0	5.12043571472168	0	0	0	0	0	0	0	0	0	0	0	9.84913450479507	0	0	0	0	28.3500208854675	0	0	0	0	0	0	0	0	0	0	0	2.91307407617569	0	0	0	0	0	0	0	0	0	0	1.41746300458908	0	2.79576349258423	0	0	0	0	0	0	0	0	0	10.036718249321	0	100.251837253571	0	0	15.5981547832489	0	0	11.6210542917252	0.421250492334366	0	0	0	41.8876584768295	0	0	0	0	0	0.657929420471191	0	0	95.8461363315582	0	0	47.5899661183357	0	0	0	0	0	0	0	0	0	0	0	0	7.32827699184418	0	0	0	0	0	0	0	0	0	18.338744699955	0	0	0	7.19180417060852	0	0	0	0.915490686893463	0.73277747631073	0	0	0	228.655550479889	0	51.987343788147	0	0	0	0	0	0	0	0	0	0	2.62650394439697	0	0	0	0	0	0	0	0	0	58.9139970541	0	0	0.425467431545258	0	1.82228934764862	0	0	0	0	0	0	0	0	3.15254908800125	0	0	0	0	0	86.7007547020912	0	0	0	2.79127386212349	0	7.5662362575531	0	0	21.6563088297844	3.12978249788284	0	0	0	0	0	108.349708557129	0	0	0	0	0	0	0	0	0	0	0	0	7.59958350658417	0	0	0	0	0	0	0	0	0	0	0	0	0	0	0	0	0	0	0	0	0	0	1.72347033023834	5.43526434898376	0	0	0	0	0	0	15.9443657398224	0	0	28.5177303552628	3.61091828346252	0	0	0	0	0	88.4900931119919	0	0	0	0	0	22.9216034412384	0	0	0	0	0	4.49861919879913	0	0	0	0	0	0	0	0	0	0	0.94480699300766	0	0	0	6.67257258296013	0	0	0	0	0	0	0	0	0	0	0	0	0	0	0	0	0	0	0	57.8823080062866	0	0	66.0326277017593	80.7820986509323	7.76240661740303	15.2122642993927	0	0	0	176.239333331585	74.3485562801361	0	0	0	0	0	0	65.3591519594193	0	0	4.55359983444214	0	0	0	0	0	0	0	0	0	0	0	0	0	0	34.3071632385254	0	0	0	50.7413811683655	0	65.0426487922668	0	0	0	0	0	130.24921298027	0	0	0	0	0	0	0	0	2.90230321884155	0.792628169059753	0	0	0	0	0
Cxcl14	0	0	15.550600528717	4.23951101303101	0	0	0	0	14.9755041599274	0	0.781149685382843	0	0	0	0	0	0	0	0	0	0	0	0	5.45909941196442	0	0	0	0	0	0	0	0	0	13.9098922610283	0	2.39718741178513	0	0	0	0	0	55.3693616390228	0	0	0	0	0	0	0	5.87363994121552	0	0	0	0	0	0	0	0	0	0	108.770046472549	0	0	24.0613766312599	0	0	0	0	0	0	6.41974300146103	0	0	0	5.36509734392166	0	0	0	0	0	0	0	0	0	14.815606713295	0	0	0	3.38175743818283	0	0	0	0	0	10.1097568273544	0	0	0	0	0	107.143962204456	0	0	0	0	12.2699362039566	0	0	0	5.15514469146729	0	0	0	0	0	0	0	0	8.81986141204834	58.0135961174965	0	0	0	0	0	0	0	0	0	0	0	6.0267361998558	0	0	0	14.6430683732033	0	0	0	0	0	7.75063210725784	4.25106900930405	9.76784986257553	8.13729083538055	0	0	0	0	0	0	0	0	0	0	0	0	0	0	0	0	0	0	0	0	0	0	0	9.95586359500885	0	0	0	22.6113225221634	0	0	0	0	0	0	0	0	0	0	0	0	0	0	0.560284435749054	0	0	0	0	0	0	0	0	0.73277747631073	2.55465316772461	0	0	0	0	0	22.7386862635612	26.7797178030014	0	1.94301104545593	0	0	0	9.84196370840073	0	0	0	3.22275376319885	2.40732371807098	4.36267483234406	0	0	0	0	0	0	0	0	3.14159595966339	8.57653826475143	0	0	0	0	0	0	0	13.2292481064796	8.16563791036606	8.25522255897522	0	0	0	0	0	0	28.7315658926964	0	0	5.30045747756958	0	0	2.4158763885498	0	5.69371712207794	0	0	0	6.17090141773224	0	0	0	0	0	0	0	0	0	0	0	0	0	0	0	2.10832232236862	0	1.60898911952972	3.91846060752869	0	6.9621753692627	0	0	0	15.3496167063713	0	0	0	3.90591818094254	0	0	0	0	0	0	0	0	0	0	5.01971614360809	0	0	0	49.5705172419548	0	0	0	0	0	0	0	9.88379311561584	0	11.8179512023926	0	0	0	0	0	0	0	0	0	3.47059094905853	0	0	0	0	12.2401490211487	0	4.02403247356415	0	0	0	26.6825544834137	0	0	4.71361857652664	0	6.35278648138046	0	2.16682627797127	4.43120610713959	0	0	0	0	0	0	0	7.08073782920837	16.0997630357742	0	0	0	0	0	0	0	0	0	0	76.9632565975189	0	0	0	0	75.6086987257004	0	0	0	1.276014149189	0	0	0	23.349277973175	0	7.04400700330734	9.91299325227737	0	0	0	13.4752484560013	0	3.68878108263016	0	0	0	0	0	0	0	0	0	0	5.34569847583771	0	0	22.4712874889374	0	117.632251739502	0	56.3635768890381	0	0	0	0	0	9.77143031358719	126.460601687431	0	0	0	0	0	0	0	0	0	0	5.23796075582504	0	0	0	0	13.1894008517265	47.5571763515472	0
Daam2	0	3.97015833854675	0	0	0	0	0	0	0	0	0	0	0	0	0	0	0	0	0	0	0	0	0	0.478816449642181	0	0	0	0	0	0	0	0	0	23.4452514648438	0	0	0	9.77235978841782	0	2.3031051158905	0	0.552404582500458	0	0	0	0	0	0	2.71571463346481	0	0	0	0	0	0	0	0	0	0	0	0	0	0	0	0	4.71580541133881	0	0	0	0	0	0	7.61651599407196	0	0	0	0	0	0	0	0	0	0	0	17.7124784588814	0	0	0	0	0	0	0	0	0	0	0	7.60958886146545	0	11.0834636688232	0	0	0	0	0	0	0	0	0	0	0	0	14.8135488629341	0	0	0	0	0	0	0	0	0	0	0	0	0	0	0	0	1.70306107401848	0	4.44376838207245	0	0	0	0	41.383621096611	0	0	0	0	0	0	4.06645011901855	0	0	1.43928492069244	0.507479310035706	0	0	0	0	7.2814559340477	0	0	0	8.78369975090027	0	0	0	0	0	0	0	0	0	0	0	0	20.0324118733406	0	0	16.5405455827713	0	0	0	0	0	0	0	6.52492380142212	0	0	0	0	0	0	2.70342832803726	0.725473403930664	0	0.477735340595245	0	0	0	4.14221847057343	14.9478480815887	0	0	0	0	0	0	0	0	0	0	12.113416492939	0	0	0	0	0	15.67401689291	0	0	0	0	0	0	0	0	0	12.0601857304573	0	0	17.4219869375229	0	1.00376188755035	0	0	18.9244900941849	30.6884431838989	0	0	2.0931441783905	17.0510102510452	0	0	0	0	21.7175634503365	0	0	0	0	0	0	5.23968118429184	5.58254772424698	0	0	9.76835250854492	0	0	0	8.00651377439499	9.83665549755096	1.75851476192474	12.4584503173828	0	0	0	47.3868136405945	7.31113919615746	0	0	2.68978071212769	0	0	0	0	0	0	0	29.3907676339149	0	0	0	0	0	21.6968343257904	0	8.19655510783195	0	0	8.55491250753403	0	0	0	0	0	0	0	0	0	0	0	0	0	0	35.4792656004429	5.71294105052948	0	0	0	0	0	0	0	12.2452169060707	0	0	0	0	0	0	0	0	0	0	0	0	0	0	0	0	0	0	0	0	0	0	0	0	0	0	0	0	0	1.09146356582642	0	0	7.21574455499649	0	0	29.3121381700039	0	0	0	0	20.9394095540047	0	0	0	0	0	0	19.9558217525482	27.5981645584106	0	0	0	0	0	0	2.19823443889618	3.77100020647049	0	0	0	0	0	0	0	6.34217596054077	1.26616889238358	0	0	11.4615356326103	6.0455561876297	1.75283449888229	0	0	0	0	0	0	4.28697276115417	12.5491755008698	1.69637984037399	0	0	3.33180540800095	0	0	0	0	0	0	0	0	0	0	0	0	0	0	0	0	6.60457873344421	0	0	0	0	2.76343584060669	0	10.9491055011749	0	0	0	0	0	12.4817768335342	0	0
Dmkn	0	0	0	0	0	0	0	0	0	0	0	0	0	0	0	0	0	0	0	0	0	0	0	8.68530178070068	0	0	0	0	0	0	0	0	0	0	0	0	0	0	0	0	0	0	0	0	0	0	0	0	0	0	0	0	0	0	0	0	0	0	0	0	0	0	0	0	0	0	0	0.425580501556396	0.559670627117157	0	0	1.57483673095703	0	0	0	0	0	0	0	0	0	0	0	0	0	0	0	0	0	0	0	0	0	0	0	0	0	0	0	0	0	0	0	0	0	0	0	0	0	0	0	0	0	0	0.661928176879883	1.71240013837814	0	0	0	0	0	0	0	0	0	0	0	0	0	0	0	0	0	0.997434079647064	0	0	0	0	0	0	0	0	0	0	0	0	0	0	0.735224485397339	0	0	0	0	0	0	0	0	0	0	0	1.70298856496811	0	1.01974952220917	0	0	0	0	0	0.482042342424393	0	0	0	0	0	0	0	1.25727832317352	0	0	0	0	2.70670795440674	0	0.73125684261322	0	0	0	0	0	0	0	0	0	0	0	0	0	0	0	0	0	0.57515287399292	0	0	0	0	0	0	0.778470516204834	0	0	0	0	0	0	0	0	0	0	0	0	0	0	0	0.634317457675934	0	0	0	0	0	0	0	0	0	0	0.708264112472534	0	0	0	0	0	0	0	0	0	0	0	0	0	0	0	0.544497489929199	0	0	0	0	0	0	0	0	0	0	0.451171666383743	0	0	0	0	0	0	0	0	0.573811948299408	0.619417428970337	0	0	0	0	0	0	1.72182643413544	0	0	0	0	0	0	0	0	0	0	0	0	0	0	0	0	0	0	0	0	0	0.762041091918945	0	0	0	0	0	0	0	0	0	0	0	0	0	0.419249206781387	0	0.595832526683807	0	0	0	0	0	0	0	0	0	0	0	0	0	0	1.23477131128311	0	0	0	0	0	0	0	0	0	0	0	0	0.606243968009949	0	0	0	0	0	0	0	0	0	0	0	0	0	0	0	0	0	0	0	0	0	0	0	0	0	0	0	0	0	0	0	0	0	0	0	0	0	0	0	0	0	0	0	0	0	0	0	0	0	0	0	0	0	0	0	0	0	0	0	0	0	0	0	0	0	4.75173652172089	0	0	0	0	0	0	0	0	0	0.774182736873627	0	0
Dnase1l3	0	0	0	0	0	0	0	0	0	0	0	0	0	0	0	0	0	0	1.17873871326447	0	0	0	0	0	0	0	0	0	0	0	0	0	0	0	0	0	0	0	0	0	0	0	0	0	0	0	0	0	0	0.457280278205872	0	0	0	0	0	0	0	0	0	0	0	0	0	0	0	0	0	0	0	0	0	0	0	0	0	0	0	0	0	0	0	0	0	0	0	0	0	0	0	0	0	0	0	0	0	0	0	0	0	0	0	0	0	0	0	0	1.45830297470093	0	0	0	0	0	0	0	0	0	0	0	0	0	0	0	0	0	0	0	0	0	0	0	0	0	0	0	0	0	0	0	0	0	0	0	0.717994749546051	0	0.998628556728363	0	0	0	0	0	0	0	0	0	0	0	0	0	0	0	0	0	0	0	0	0	0	0	0	0	0	0	0	0	0	0	0	0	0	0	0	0	0	0	0	0	0	0	0	0	0	0	0	0	0	0	0	0	0	0	0	0	0	0	0	0	0	0	0	0	0	0	0	0	0	0	0	0	0	0	0	0	0	0	0	0	0	0	0	0	0	0	0	0	0	0	0	0	0	0	0	0	0	0	0	0	0	0	0	0	0	0	0	0	0	0	0	0	0	0	0	0	0	0	0	0	0	0	0	0	0	0	0	0	0	0	0	0	0.606731295585632	0	0	0	0	0	0	0	0	0	0	0	0	0	0	0	0	0	0	0	0	0	0	0	0	0	0	0	0	0	0	0	0	0	0	0	0	0	0	0	0	0	0	0	0	0	0	0	0	0	0	0	0	0	0	0	0	0	0	0	0	0	0	0	0	0	0	0	0	0	0	0	0	0	0	0	0	0	0	0	0	0	0	0	0	0	0	0	0	0	0	0	0	0	0	0	0	0	0	0	0	1.79057061672211	0	0	0	0	0	0	0.527058899402618	0	0	0	0.505588948726654	0	0	0	0	0	0	0	0	0	0	0	0	0	0	0	0	0	0	0	0	0	0	0	0	0	0	0	0	0	0	0	0	0
Dscaml1	0	0	0	0	0	0	0	56.8559110164642	0	0	0	0	0	0	33.532600402832	0	0	0	0	7.57638585567474	0	0	0	0	4.33621764183044	0	0	0	0	0	0	0	9.66470670700073	0	0	8.81772172451019	0	0	0	0	0	0	0	0	0	0	0	0	0	0	0	0	0	0	46.2326474785805	0	58.7208712100983	87.2713634967804	0	0	0	49.8489334583282	0	0	0	0	0	0	22.2306222915649	0	0	0	0	0	0	0	0	0	0	0	0	0	0	1.30995881557465	0	0	0	1.92016351222992	0	0	0	0	0	0	0	0	0	0	0	8.51717853546143	77.1617817878723	0	0	0	0	0	0	0	0	0	0	0	0	0	9.49582272768021	0	0	0	0	0	0	0	0	0	0	0	0	0	25.9196906089783	0	0	26.0772815942764	0	41.8287427425385	42.2215974330902	0	0	28.0384886264801	0.733621120452881	0	49.8939278125763	0	0	0	0	0	11.6426328420639	0	9.65776944160461	16.4352568387985	0	0	0	0	0	37.2192255854607	26.3840827941895	0	0	0	0	0	0	0	0	0	2.07022762298584	0	0	0	0	0	28.2586667537689	0	0	0	0	0	0	0	0	105.623834133148	0	4.01512455940247	0	11.8139433860779	9.02710247039795	0	4.96696603298187	0	8.60026520490646	0	0	0	0	0	0	0	0	4.80316877365112	0	52.1191378831863	0	0	0	0	0	43.4614833593369	42.2862853109837	0	0	0	0	0	0	26.2719215154648	60.2251795530319	0	0	0	0	0	0	0	0	0	0	0	0	52.4126126766205	0	0	0	0	0	0	0	0	19.779027223587	0	0	0	0	0	0	20.4304990768433	0	10.1656544208527	4.36773777008057	38.0106709003448	0	0	0	2.13481903076172	0	0	0	0	0	0	0	0	23.0513458251953	0	0	0	0	0	0	0	0	0	0	0	0	0	0	1.05054414272308	0	0	0	0	0	0	0	0	0	0	0	0	16.4370703697205	0	0	0	0	0	0	0	0	0	0	0	0	0	0	0	0	0	0	0	0	0	0	0	0	85.242826461792	0	0	0	0	0	0	0	25.816379904747	0	0	0	0	0	53.5941703915596	54.6765100955963	0	23.1509591341019	0	0	26.9765753746033	0	0	0	0	0	0	0	0	0	0	0	0	9.46994948387146	0	0	0	9.08009457588196	0	12.4417272806168	0	0	93.2725714445114	0	0	0	0	11.8791728019714	0	1.12989163398743	0	0	0	0	25.2772159576416	99.5772414207458	0	87.5822849273682	0	29.5763478279114	0	0	0	9.54499417543411	0	0	0	0	33.8726563453674	0	0	70.2642765045166	0	0	0	18.7675327658653	0	2.38415801525116	0	0	11.4637537002563	31.282970905304	0	0	0	0	25.9763624668121	0	0	0	0	0	25.8512952327728	0	0	0	0	0	0	0.852509438991547	0	0	0	0	0	0	0	0	0
Egfem1	0	0.510439038276672	0	0	0	0	0	0	0	0	0	0	0	0	1.23785483837128	0	0	0	0	0	0	0	0	0	2.65847539901733	0	0	0	5.2064665555954	0	0	0	1.19511753320694	0	0	0	0	0	0	0	0	0	1.1634521484375	0	0	0	0	0	0	0	0	0	0	0	0	0	0.957684099674225	0	0	1.26330667734146	0	0	0	0	0	0	0	0	0	0	0	1.54383456707001	1.72553586959839	0	0	0	0	0	0	0	0	0	0	0	0	0	0	0	0	0	2.51361882686615	0	0	0	0	0	0	0	0	0	0	0	0	0	0	0	0	0	1.10012096166611	0	0	0	0	0.946844100952148	0	0	0	0	0	0	0	0	0	0	0	0	0	0	0	0	0	0	0	0	0	0	1.83936595916748	0	0	1.95885574817657	0	0	0.66636735200882	0	0	0	0	1.70790445804596	0	0	0	0	0	0	0	0	0	0.75134813785553	0	0	0	0	0	0	0	0.538266360759735	0	0	0.540156006813049	0	0.587066113948822	0	0	1.04282760620117	0	0	0	0	0	0	0	0	0	0	0	0	0	0	0	0	0	0	1.04442262649536	0	0	0	0	0	0	0	0	0	0	0	0	0	0	1.02237153053284	0	0	6.30082416534424	0	0	0	0	0	0	0	0	0	0	0	0	0	0	0	0	0	0	0	0	0	0	0	0	0	2.79194951057434	0	0	0	0	0	0	0	0	0.476564556360245	0	0	0	0	0	0	0	0	0	0	0	0	0	0	1.01472079753876	0	0	0	0	0	0	0	0	3.09583568572998	0	0	0	0	0	0	0	0	0	0.693637430667877	0	0.970995724201202	0	0	0	0	0	0	0	0	0	0	0	0	0	0	0	0	0	0.762167572975159	0	1.84987854957581	0	0	0	0	0	0	0	2.14924693107605	0	0	0	1.53919345140457	0	0	0	0	0	0	0	0	0	0	0	0	0	0	0	0	0	0	0	0	0	0	0	0	0	0	0	0	0	0	0	0	0	0	0	0	0	0	0	0	0.610745072364807	0	0	0.623805522918701	0	0	0	0.46887868642807	0	0	0.617575883865356	0	0	0	0	0	0	0.65884655714035	0	0	0	0	0.697306215763092	0	0	0	0	0	0	0	0	0	0	0	0	0	0	0	0	0	0	0	0	0.448217958211899	0	0	0.841837763786316	0	0	0	0	0.633946120738983	0	0	0	0	1.41672539710999	0	0	0	0	0	0	2.48674893379211	0	0	0	0	0	0
Egfr	0	0	0	1.05987775325775	0	0	0	0	0	0	0	0	0	0	0	0	0	0	0	0	0	0	0	0	0	0	0	0	0	0	0	0	0	0	0	0	0	0	0	0	0	0	0	0	0	0	0	0	0	0	0	0	0	0	0	0	0	3.27906727790833	0	0	0	0	0	2.66905796527863	0	0	0	0	0	0	0	0	0	0	0	0	0	0	0	9.13521873950958	0	0	0	0	0.809245884418488	0	0	0	0	0	0	0	0	0	0	0	0	0	2.05993700027466	0	0	0	9.37167453765869	0	9.16503238677979	0	1.60845404863358	0.49197706580162	0	0	0	0	0	0	0	0	0	0	0	0	0	0	0	0	0	0	0	0	0.677988231182098	0	0	0.930894672870636	3.70439434051514	0	0	1.61924064159393	0	0	0	0	0	0	0	0	0	0	0	0	0	0	0	0	0	0	0	0.686501860618591	0	0	0	23.4005718231201	6.91278570890427	0	0	0	0	0	0	0	0.605758607387543	0	2.04619240760803	0	0	0	0	0	0	0	0	0	0	0	0	0	1.2098525762558	0	0	0	0	0	0	0	0	0	0	0	0	0	7.15614795684814	0	0	0	0	0	0	0	0	0	0	0	0	0	0	0	0	0	0	0	0	0	0.978127479553223	0	0	0	0	0.593237400054932	0	0	0	0	0	0	0	1.04252362251282	0	0	0	0	4.9608610868454	0	0	0.663292944431305	4.33122998476028	0	0	0	0	0.493435174226761	0	0	0	2.37688684463501	0	0	0	0	0	0	0	0	0	0	0	0	0	0	0	0	0	0	3.92549800872803	0	0	0	0	0	0.695213794708252	0	0	0	0	0	0	0	0	0	0	0	0	0	0	0	0	0	4.84241545200348	0	0	0	0	0	0	0	0	0	0	0	0	0	0	0	0	0	0	0.498212367296219	0.824692606925964	0	0	0	0	0	0	0	0	0	0	0	0	0	0	0	0	0	0	0	0	0	0	0.509159326553345	0	0	0	0	0	0	0	0	0	0	0	0	0	0	0	0	0	0	0	0	5.67142152786255	0	0	7.35016000270844	0	0	0	0	0	0	0	0	1.90265214443207	12.0623693466187	0	0	0	0	0	0	0	0	0	0	1.46000146865845	0	0	0	0	1.57868266105652	0	0	0	0	0	0	0	0	0	0	2.31852173805237	0	0	0	0	0	3.40309602022171	0	5.94559741020203	0	0	0	0	0	0	0	0	0	0	0	0	4.05827665328979	0	0	0	0
Egln3	0	0	0	0	0	0	0	0	0	0	0	0	2.86904001235962	0	0	0	0	0	0	0	0	9.42566114664078	0	0	0	0	0	0	0	0	0	0	0	0	0	0	6.36857998371124	0	0	0	0	0	2.21936225891113	3.63961684703827	0	0	0	0	0	0	0	0	0	0	0	0	3.50521284341812	0	3.60627281665802	0	0	0	0	0	0	0	0	0	0	0	0	0	0	0	0	0	0	0	0	0	0	0	0	0	0	0	0.504848778247833	0	0	0	6.48374056816101	0	0	0	0	0	0	0	0	0	0	0	0	1.7438291311264	0	0	4.32233154773712	0	6.04427921772003	0	0	12.5115094184875	0	0	0	0	0	0	0	0	0	0	0	0	0	0	4.28012448549271	0	0	0	0	0	0	0	0	0	1.89378547668457	0	0	0	3.12638890743256	5.59379482269287	0	0	0	0	0	0	0	0	0	0	0.552259504795074	0	0	0	0	0	0	0	0	0	0	0	0	0	3.02197289466858	0	0	0	0	0	0	0	0	0	0	0	0	0	0	0	0.629028558731079	0	0	0	0	0	0	0	2.38634395599365	0	0	0	0	0	0	0	0	0.960633814334869	0	0	0	0	0	0	0	0	0	0	0	0	0	1.96987795829773	0	0	3.97188401222229	0	0	0	0	0	0	0	0	0	1.98241001367569	0	0	0	0	0	0	0.704725980758667	0	0	0	2.09097534418106	0	0	0	1.24490165710449	0	0	0	0	0	0	0	0	0	0	0	0	8.34209513664246	0.967395663261414	0	0	0	0.62547492980957	0	0	0	0	0	2.63086742162704	0	0	0	0	0	0	0	0	0	0	0	0	0	2.25219106674194	0	1.08244046568871	0.662084519863129	0	2.57312965393066	0	0	0	0	0	0	0	0	0.904167830944061	0	0	2.04365706443787	0	0	0	0	0.707961738109589	0.584819376468658	0	0	0	0	0	0	0	0	0	0	0	0	0	0	0.620146870613098	0	0	0	0	0	0	0	0	0	7.32713860273361	0	0	0	0	0	0	0	1.37888526916504	0	0	0	0	0	0	0	0	0	0.693747878074646	0	0	0	0	0	0	0	0	0	0	0	0	0.606273174285889	0	0	0	1.11253726482391	2.1867892742157	0	0	1.40897941589355	1.51730173826218	0	0	0	0	0	0	0	0	0.484181195497513	0	0	0	0	0	0	0	0	0	0	0	0.424100756645203	0	0	0	1.47222781181335	0	0	0.751631796360016	0	0	0	0	0	0	0	0	0	0	0	0	0	0	0	0	0	0	0	0	0	0	0	0	0	0	0	0
Egr2	0	0	0	0	0	0	0	0	0	0	0	0	0	0	0	0	0	0	3.69749182462692	0	0	0	0	0	0	0	0	0	0	0	0	0	0	0.512853860855103	0	0	0	0	0	1.16418707370758	0	0	0	0	0	0	0	0.486083477735519	0.393526017665863	0	2.4190171957016	0	0	0	0	0	0	0	0	1.36123389005661	0.929091453552246	0	0	2.04950857162476	0.543233513832092	0	0	0	0	0	0	0	0	0	0	0	0	0	0.593544960021973	0	0	0	0	0	0	0	0	0	0	0	0	0.670044839382172	0	0	0	0	0	0	0	0	0	0	0	0	0	0	0	0	0	0	0	0	0	0	0	0	0	0	0	0	0	0	0	0	0	0	0	0	0	0	0	0	0	0	0	0	0	0	0	0	2.63703948259354	0	0	0	0	1.42096376419067	0	0	0	0	0	0.367366850376129	1.40877079963684	0	0	0	0	0	0	0	0	0	0	0	0	0	0	0	0	0	0	0	0	0	0	0	0	0	0	0	5.65319430828094	0	0	0	0	1.65691184997559	0	0	0	0	0	0	0	0	0	0	0	0	0	0	0	0	0	0	0	0	0	0	0	0	0	0	0	0	1.52549564838409	0	0	0	0	0	0	4.98992139101028	0	0	0	0	0.578294456005096	0.510660767555237	0	0	0	0	0	0	0	1.43148738145828	0	0	0	0	1.31955659389496	0	0	0	1.28671145439148	0	0	0	0	1.41557860374451	0	0	0	0	1.84337013959885	0	0	0	0	0	0	0	0	0	0	0	0	0	0	0	0	0	0	0	0	0	0	0	0	2.34445524215698	0	0	0	0	0	0	0	0	0	0	0	0	0	0	0	8.43743419647217	0	3.42713701725006	0	0	0	0	0	0	0	0	0	1.63444048166275	0	0	0	1.71378993988037	0	0	5.24810028076172	0	0	0.521038770675659	0	0	0	0	0	0	0	0	0	0	0	0	0	1.97139751911163	0	0	2.46133887767792	0	0	0	0	0	0	0	0	0	2.52676057815552	0	3.59294497966766	0	0	0	0	0	0	0	0	0	0	0	0	5.40361672639847	0	0	0	0.546697318553925	0	0	0	0	0	0	3.32153794169426	0	0	0	0	0	0	4.35820311307907	0	0	0	0	0	0	0	0	0	4.52361544966698	0	0	0	0	0	0	0	0	0.391481518745422	1.7928718328476	0	0	0	0	1.54314351081848	0	0	0	0	0	0	0	0	0	0	0	0	0	0	0	0	0	0	0	0	0
Elfn1	0	0	0	0	0	8.46882820129395	0	0	0	0	0	0	0	0	0	0	0	0	6.00240886211395	0	0	0	0	0	0	0	0	0	0	1.79325902462006	7.04478275775909	0	25.9695472717285	3.52012228965759	0	4.61157035827637	0	5.52898713946342	0	0	0	4.54813992977142	0	0	0	0	0	27.6205794513226	0	0	0	0	0	0	0	0	0	24.5271506905556	0	0	0	0	0	0	0	0	0	0	0	0	0	0	0	0	0	0	0	20.7023151516914	0	4.1650715470314	0	0	0	0	0	0	0	0	0	0	0	0	0	0	0	0	1.64279073476791	0	0	2.64004850387573	0	0	0	0	0	1.12060451507568	0	0	26.1804925203323	0	0	0	0	0	0	0	0	0	0	0	0	0	22.2459715604782	0	8.49965238571167	0	0	0	0	0	0	0	0	0	0	0	0	0	0	4.85248643159866	0	9.92323333024979	0	0	0	2.31937003135681	0	0	0	0	0	0	0	0	0	7.92611736059189	0	0	0	22.5727279782295	0	0	0	0	0	0	0	50.6992079913616	0	0	8.63251614570618	0	0	0	0	0	0	2.11223959922791	0	0	0	0	2.07214975357056	0	0	0	0	8.51574093103409	0	0	0	2.06163650751114	0	2.20698535442352	0	0	0	0	0	0	0	0	0	0	0	0	0	9.47113102674484	0	0	7.10967803001404	0.666271030902863	0	0	0	2.62408649921417	0	0	0.870251715183258	0	4.7320294380188	10.042311668396	0	19.2417528629303	4.82287818193436	0	0	0	0	0	0	0	0	0	0	0	0	0	0	0	0	0	0	0	0	0	0	19.5566695034504	0	0	0	0	0	0	0	0	0	0	0	0	0	0	0	0	0	0	0	0	0	56.2093103528023	0	0	0	0	0	0	0	0	0	0	0	0	0	0	0	0	4.21713429689407	0	0	0	0	0	0	0	0	0	0	0	0	1.34418767690659	0	0	0	29.8377153873444	0	0	0	0	0	0	0	0	0	0	0	0	0	0	28.2315413951874	0	0	1.37513643503189	0	0	0	0	0	0	0	0	0	1.74729782342911	0	1.51897478103638	0	33.2769156694412	0.542743325233459	0	0	0	0	0	0	0	0	0	1.17347007989883	0	0	0.867735326290131	0	0	0	0	0	0	0	0	0	0	0	0	0	0	0.617575883865356	0	0	0	0	0	0	0	0	0	0	0	0	0	0	0	0	0	0	3.17327547073364	0	0	0	0	0	0	0	0	0	0	0	0	0	0	0	0	0	0	0	0	0	0	0	0	0	0	0	0	0	0	0	0	0	1.93486881256104	0	9.89553833007812	0	0	0	0
Enpp6	0	0	0	0	0	0	0	0	0	0	0	0	0	0	0	0	0	0	0	0	0	0	0	0	0	0	0	0	0	0	0	0	0	0	0	0	0	0	0	0	0	0	0	0	0	0	0	0	0	0	0	0	0	0	0	0	0	0	0	0	0	0	0	0	0	0	0	0	0	0	0	0	0	0	0	0	0	1.29125154018402	0	0	0	0	0	0	0	0	0	0	0	0	0	0	0.871096670627594	0	0	0	0	0	0	0	0	0	0	0.600488841533661	0	0	0	0	0	0	0	0	0	0	0	0	0	0	0	0	0	0	0	0	0	0	0	0	0	0	0	0	0	0	0	0	0	0	0	0	0	0	0	0	0	0	0	0	0	0	0	0	0	0	0	0	0	0	0	0	0	0	0	0	0	0	0	0	0	0	0	0	0	0	0	0	0	0	0	0	0	0	0	0	0	0	1.87331932783127	0	0	0	0	0	0	0	0	0	0	0	0	0	0	0	0	0	0	0.572764337062836	0	0	0	0	0	0	0	0	0	0.936338901519775	0	0	0	0	0	0	0	0	0	0	0	0	0	0	0	0	0	0	0	0	0	0	0	0	0	0	0	0	0	0	0	1.18647694587708	0.365851759910583	0	0	0	0	0.414185523986816	0	0	0	0	0	0	0	0	0	0	0	0	0	0	0	0	0.749920248985291	0	0	0	1.27624428272247	0	0	0	0	0	0	0	0	0	0	0	0	0	0	0	0	0	0	0	0	0	0	0	0	0	0.640447199344635	0	0	0	0	0	0	0	0	0	0	0	0	0	0	0	0	0	0	0	0	0	0	0	0	0	0	0	0	0	0	0	0	0	0	0.591466546058655	0	0	0	0	0	0	0	0	0.585448265075684	0	0	0	0	0	0	0	0	0	0	0	0	0	0	0	0	0	0	0	0	0	0.647608637809753	0	0	0	0	0	1.32309281826019	0	0	0	0	0	0	0	0	0	0	0	0	0	0	0	0	0	0	0	0	0	0	0	0	0.769327461719513	0	0	0	0	0	0	0	0	0	0	0.585884690284729	0	0	0	0	0	0	0.917958080768585	0	0	0	0	0	0	0.704012155532837	0
Epha7	0	0	0	0	0	0	0	0	0	0	0	0	1.45349013805389	1.5745701789856	0	0	0	0	0	0	0	0	3.64111989736557	0	1.93155312538147	0	0	0	0	0	0	0	0	0	15.4050450921059	0	0	6.52544325590134	0	12.3069339990616	0	0	0	0	0	12.2661550045013	0	0	0	25.9145152568817	21.6155948638916	0	0	0	0	0	0	0	0	0	0	0	0	12.524037361145	14.5117369890213	0	0	0	0	0	0	0	0	0	0	0	0	0	0	0.592113435268402	16.4860287308693	0	0	0	0	0	0	9.32120400667191	0	0	0	0	0	0	0	0	3.89871847629547	0	0	0	0	0	0	0	12.8538436889648	0	19.7978825569153	0	19.857196688652	0	22.5380264520645	0	0	0	8.7794286608696	0	0	17.414919257164	0	0	0	9.83216792345047	0	0	0	5.61290204524994	0	0	0	0.836950719356537	0	0	0	0	14.0797460079193	0	13.1605783700943	0	0	0	14.016881942749	17.5481922626495	0	0	0	0	0	0	0	0	11.0031759738922	0	7.98461139202118	0	19.7247080206871	0	0	0	0	0	0	0	0	13.8752716779709	18.8770678639412	0	0	0	0	0	0	0	13.0649611949921	0	0	0	0	0	0	0	0	0	0	0	0	0	0	0	5.43663907051086	1.17394471168518	0	0	0	0	0	8.35510623455048	0	0	2.8376452922821	0	0	0	0	0	9.88745367527008	0	6.31588119268417	14.1767271757126	0	0	0	0	0	0	0	0	0	0	0	0	0	21.2146148681641	0	0	0	0	5.53897649049759	0	0	0	0	0	0	0	0	0	0	1.25575256347656	0	0	0	0	0	0	0	0	0	0	0	0	0	0	0	0	26.3736436367035	0	0	0	0	6.45747756958008	0	0	8.35270631313324	0	0	0	11.9990328550339	0	0	0	0	18.331484913826	0	9.63307249546051	0	0	0	0	0	0	0	0	0	0	0	0	0	0	0	0	0	0	0	0	0	0	0	0	12.6274303197861	8.84557670354843	0	0	0	0	11.2703849077225	0	0	0	0	0	9.32745969295502	0	0	0	0	0	0	12.8964414596558	0	0	9.66872984170914	0	0	8.30389076471329	0	0	0	0	0	0	0	0	0	0	0	0	0	0	0	0	0	0	0.599144637584686	9.83293277025223	0	0	7.37128210067749	0	0	0	0	0	0	0	3.95094192028046	0	0	0	0	0	0	0	16.5351437330246	0	0	0	0	7.3833709359169	0	0	0	0	0	0	0	0	0	0	0	0	0	0	2.14930325746536	0	0	0	0	7.42145979404449	0	0	0	0	0	0	0	0	0	0	12.9063432216644	0	0	0	0	0	0	0	1.64148259162903	7.54253947734833	0	0	21.1585804224014	0	0	0	2.26616621017456	0	0	0	0	0	0	0	0	0
Fam19a2	0	0	0	0	0	0	0	1.63439291715622	0	0	0	0	0	0	4.62604594230652	0	0	0	0	0	0	0	0	0	6.82560157775879	0	0	0	0	0	0	0	0	0	0	4.81480914354324	0	2.26241865754128	0	0	0	0	0	0	0	0	0	0	0	0	0	0	0	0	0	0	0	0	0	0	0	0	3.76484000682831	3.6529426574707	0	2.36005902290344	0	0	0	2.87426963448524	1.52047806978226	0	0	0	0	0	0	0	0	0	0	0	0	2.161581158638	0	0	0	0	0	0	0	0	0	0	0	0	0.590138018131256	1.26507288217545	0	0	0	0	0	0	0	2.95009955763817	0	0	0	0.82079941034317	0	0	1.71126890182495	0	0	0	0	0	0	1.01280546188354	0	0	0	0	0	2.0030871629715	0	0	0	0	0	0	0	0	0	0	0	0	0	0	0	0	0	0	0	0	0	0	0	0	0	0	0	0	0	0	0	0.930241107940674	0	0	0	4.17067533731461	0	0	0	0	0	0	0	0	0	0	0	0	0	0	0	0	0	0	0	0	0	11.1099269390106	0	4.73070287704468	0	7.15605115890503	0	0	0	0	0	0	0	1.64694857597351	0	0	0	0	3.21105280518532	0	0	0	0	0	0	2.21320426464081	0	4.74869084358215	1.95767480134964	0	0	0	0	0	0	0	0.870251715183258	0	0	9.56351375579834	9.13384008407593	0	15.385107755661	0.977560579776764	0	0	0	0	0	3.26089000701904	0	0	0	1.99327540397644	0	0	0	0	5.51797419786453	0	0	0	0	0	0	0	4.17742240428925	0	0	0	0	0	0	0	0	0	0	0	0	0	0	0	3.89100682735443	0	0	0	0	0	0	0	0	0	2.55248856544495	0	0	0	8.37093406915665	0	0	0	10.7085821032524	0	0	0	0	0	0	2.89096438884735	0	0	2.31201046705246	0	1.10543251037598	0	0	0	0	0	0	8.19065499305725	3.15784221887589	0	0	2.96051862835884	0.985606729984283	0	0	0	0	0	0	0	0	0	0	4.64138686656952	0	0	0	0	0	3.48095118999481	0	0	0	0	3.64374351501465	0	8.01520520448685	0	0	7.1520721912384	0	3.95695865154266	10.3368030786514	0	0	1.3721918463707	0	0.655298173427582	0	0	0	0	0	0	11.0254538059235	0	8.14945912361145	0	0	1.45570841431618	0	0	0	0	0	2.59535479545593	0	0	0	0	0	6.1648536324501	0	0	0	0	0	0	8.47052720189095	1.40261173248291	0	0	2.84715604782104	0	0	0	0	0	0.662063360214233	1.25419318675995	0	0	0	0	0	5.34715807437897	0	12.3475168943405	0	0	0	0.674338400363922	1.03751218318939	0	0	0	0	0	0	0	0	0	0	5.28911888599396	0	0	0	4.7406387925148	0	0	0	0	0	0	0	0	0	0	0	0
Fam84b	0	0	0	0	0	0	0	0	0	0	0	0	0	3.11604642868042	0	0	0	0	2.11809873580933	0	0	0	0	0	0	0	0	0	0	0	0	0	0	0	0	0	13.4116636514664	0	0	0	0	0	0	0	0	0	7.21489262580872	0	0	0	0	0	0	0	0	2.00753211975098	0	0	0	0	0	0	0	0	0	0	0	0	0	0	7.05016940832138	0	0	0	0	1.71524095535278	0	0	0	0.476518034934998	0	0	0	0	0	0	0	0	7.08846926689148	0	0	3.43376070261002	0	0	0	0	0	3.76915663480759	0	0	0	0.826303541660309	0	0	0	0	0	0	16.8876734673977	0	0	0	0	0	0	0	2.46609544754028	0	0	0.878621637821198	0	0	0	0	0	0	0	0	0	0	0	4.29256749153137	5.32230472564697	0	0	0	0	2.40224695205688	0	0	0	0	0	0	0	0	0	0	2.4017827808857	0	0	0	0	0	0	0	0	0	0	0.477126955986023	0	0	0	0	0	0	0	0	0	0	0	0	0	0.521413803100586	0	0	0	0	0	0	0	0	0	0	0	0	1.456935942173	0	0.984385371208191	0	0	0	0	0	0	0	0	0	0	0	0	0	0	0	0	0	0	0	0	0	0	2.68420952558517	0	3.98744606971741	0	8.74753314256668	0	0	0	0	0	2.67965412139893	5.96300578117371	0	0	0	0	0	0	0	0	4.32646882534027	6.52399456501007	0	0	0	0	0	0	0	0	0	0	0	0	0	0	0	0	0	0	0	0	0	0	0	0	0	0	0	0	0	0	0	0	6.8406355381012	0	0	0	0	0	0	0	8.78812479972839	0	0	0	0	2.55651235580444	0	0	0	0	0	0	0	0	0	7.60505968332291	3.93009358644485	0	0	0	0	0	0	4.27520871162415	3.38681876659393	0	0	0	0	0	0	0	0	13.5738773345947	0	0	0	0	0	0	0	5.94517201185226	5.98610574007034	0	0	0	0	0	0	0	0	17.1144654750824	0	0	2.60480880737305	0	0	0	2.84998136758804	0	2.24705022573471	0	0	0	0	0	0	0	0	0	0	0	0	0	0	0	5.60728025436401	3.92411011457443	0	0	0	0	0	0	0	0	3.88965880870819	0	0	0	0	0	0	0.494030773639679	0	0	0	0	6.46469402313232	0	4.20783519744873	0	0	0	0	0	0	0	0	0	0	0	0	0	0	0	0	6.1667565703392	0	0	0	0	0	0	0	6.9644740819931	0	0	0	0	4.55155515670776	0	0	0	0	0	0	0	0	0	2.42002868652344	0	0	0	0	0	0	0	0	0	0.791084766387939
Fbxl7	0	0	0	0	0	0	0	0	0	0	0	0	0	0	0	0	0	0	0	0.587228298187256	0	0	0.534173548221588	0	0	0	0	0	0	0	0	0	0	0	0	0	0	0	0	1.37767940759659	0	0	0	0	0	0	0	0.486083477735519	0.452625572681427	0	0	0	0	0	0	0	0	0	0	0	0	0	0	1.07058322429657	0	0	0	0	0	0	0	0	0	0	0	0	0	0	0	0	0	0	0	0	0	0	0	0	0	0	0	0	0	0	0	0	0	0	0	0	0	0.725607633590698	0	0	0	0	0	0	0	0	0	0	0	0	0	0	0	0	0	0	0	0	0	0	0	0	0	0	0	0	0	0	0	0	0	0	0	0	0	0	0	0	0	0	0	0	0	0	0	0	0	0	0	0	0	0	0	0	0	0	0.675109505653381	0	0	0	0	0	0	0	0	0	0	0	0	0	0	0	0	0	0	0	0	0	0	0	0	0	0	0	0	0	0	0	0	0	0	0	0	3.7441201210022	0	0	0	0	0	0	0	0	0	0.466163694858551	0	0	0	1.17270994186401	0	0	0	0	0	0	0	0	0	0	0	0	0	0	0	0	0	0	0	0	0	0	0	0	0	0	0	0	0	0	0	0	0	0	0	0	0	0	0	0	0	0	0	0	1.71840298175812	0	0	0	1.0885454416275	0	0	0	0	1.05556070804596	0	0	0	0	0	0	0	0	0	0	0	0	0	0	0	0	0	0	0	0	0	0	0	0	0	0	0	0	0	0	2.89744937419891	0	0	0	0	0	0	0	0	2.18621444702148	0	0.540843069553375	0	0	0	0	0	0	0	1.09036755561829	0	0	0	0	0	0	0	0	0	0	0	0	1.48602080345154	0	0	0	1.576475918293	0	3.25873351097107	0	0	0	0	0	0	0	0	1.7276596724987	0.840765297412872	0.509142577648163	0	0	0	0	0	0	0	0	0	0	0	0	0	0	0	0	0	0	0	0	0	0	0	0	0	0	0	0	0	0	0.697306215763092	0.604323029518127	1.18109965324402	0.46913605928421	0	0	0.770699679851532	0	0	0	0	0	0	0	0	0	0	0	0	0	0	0	0	0	0	0	0	1.86844789981842	0	0	0	0	0	0	0	0	0	0	0	0	0	0	0	0	0	0	0	0
Fezf2	0	0	0	0	0	0	0	0	0	0	0	0	0	0	0	0	0	0	11.3897827863693	5.57963973283768	0	0	0	63.6384339332581	0	0	0	1.37102484703064	0	0	0	0	0	0	0	29.2125110030174	74.7779114246368	0	0	40.9012024998665	0	0	0	0	0	0	0	0	0	0	0	0	0	0	31.9066541790962	0	0	0	0	11.6448356509209	3.06536304950714	0	0	4.55843299627304	0	0	14.70077252388	0	0	0	0	0	0	0	0	0	0	0	0	0	0	0	0	1.30995881557465	0	15.8716464042664	0	0	50.6470390558243	9.52285134792328	0	0	0	0	0	0	0	0	0	0	1.92972332239151	0	0	4.15956610441208	0	0	0	0	19.9945403337479	0	43.0025978088379	39.4685307741165	14.7488225698471	4.15267461538315	0	0	0	0	0	5.58952534198761	0	0	0	0	0	0	0	0	0	0	0	34.5573243498802	0	21.0582010149956	0	0	0	0	0	0	0	0	0	0	0	0	0	0.482485771179199	0	0	0	0	0	8.13468199968338	10.2228997945786	0	0	0	0	0	0	0	0	0	2.87924879789352	0	0	0	0	24.460989356041	0	0	0	3.93698906898499	0	0	0	5.14804375171661	0	0	0	0	0	0	0	0	0	19.3563334941864	0	0	0	0	0	0	0	0	0	0	0	0	0	0	0	0	0	0	0	0	46.6126772165298	0	0	0	0	0	0	0	19.5233138203621	0	0	0	0	0	0	0	0	0	0	0	0	0	27.5379495620728	0	0	0	0	28.7652931213379	0	0	0	0	0	0	0	0	0	0	0	60.6690590381622	0	0	0	3.7280912399292	0	17.8118724822998	0	28.8587417602539	0	0	0.709208369255066	0	0	0.894001960754395	0	0	0	0	0	0	0	0	0	0	0	14.9053322076797	0	0	0	0	0	0	0	0	0	0	0	0	0	0	44.3199180960655	0	13.1491413116455	0	14.228042691946	0	0	0	0	0	0	0	0	0	0	0	0	25.1218345761299	0	0	14.3754787445068	0	18.1653897762299	0	0	0	0	0	0	0	0	0	0	0	0	20.4489788413048	17.7915524244308	0	0	0	0	0	0	0	6.81025838851929	0	0	0	17.6659218072891	0	0	0	0	0	0	1.64242225885391	0	0	0	0	0	0	0	0	0	0	0	0	0	0	0	0	0	0	0.683619856834412	0	0	0	0	0	0	0	0	0	2.43702292442322	0	0	0	0	0	0	0	0	0	0	0	0	3.10245323181152	0	0	0	0	0	0	0	0	0	0	0	1.54686459898949	0	0	0	0	0	0	0	0	0	0	0	1.22225213050842	0	0	0	0	0	0	0	0	0	0	0	0	0	0
Flrt3	0	0	0	0	0	0	0	0	0	0	0	0	0	0	0	0	0	0	0	0	2.98379272222519	2.07451432943344	0	0	0	0	0	0	0	4.78213143348694	0	0	1.63734522461891	0	0	0	0	0	0	4.41154795885086	0	1.10480916500092	0	0	0	0	7.39882963895798	0	0	4.20434391498566	0	0.912112534046173	0	0	0	2.27616053819656	0	0	0	0	0	0	0	0	0	0	0	0	0	0	3.39408612251282	0	2.39747476577759	0	0	0	0	0	6.59952354431152	0	0	0	0	0	0	0	0	0	0	0	0	0	0	1.5620025396347	0	0	0	0	0	0	0	0	0	0	0	2.12193310260773	0	2.26190596818924	1.21426898241043	0.773242950439453	0	0	0	0	0	0	0	3.173095703125	1.76397228240967	0	0	0	4.25433498620987	1.97631508111954	16.149377822876	0	0	6.71355754137039	0	0	0	1.24226820468903	0	0	0	0	0	0	0	0	8.1708727478981	4.00562161207199	0	0	0	0	0	0	3.23831844329834	0	0	0	0	0	0	0	0	0	0	0	0	0	0	0	0	0	0	0	0	0	1.50037705898285	0	0	0	0	0	0	0	0	0	0	0	0	3.58467257022858	0	3.02310371398926	0	5.65143805742264	0	0	0	0	0	0	0	0.915490686893463	0	0	0	0	0	0	1.96912276744843	0	0	5.5328381061554	0	0	0	0	0	0	0	0	0	0.940188646316528	1.05383849143982	0	3.5293145775795	0	2.95214504003525	0	0	0	0	0	0	0	0	2.07560527324677	0	0	0	0	0	0.681309461593628	6.43192088603973	0	0	0	0	0	1.9306366443634	0	0	0	1.92055279016495	0	0	0	0	1.05899447202682	5.69441968202591	0	0	1.81867688894272	0	0	0	0	0	0	0	0	0	0	7.53581738471985	2.71236264705658	0	0	2.01842904090881	0	0	0	0	0	0.695213794708252	0	0	0	0	6.87530696392059	0	0	0	8.39347323775291	0	0	0	0	0	2.32707810401917	0	0	0	0	0	0	6.86986482143402	0	0	0	0	0.355000734329224	0	0	0	7.01125180721283	3.2578062415123	0	0	0	0	0	12.3252881169319	0	0	0	0	0	0	0	0	0	0	0	0	0	0	0	0	0	0	0	0	0	0	0	0	0	0	0	0	0	0	5.53486567735672	0	0	0	4.29466217756271	2.80620360374451	0	0	0	0	0	0	0	0	0	0	0	0	8.43689543008804	0	1.43885672092438	0	0	0	0	0	0	0	0	0	0	0	4.89057391881943	0	0	0	0	0.770699679851532	4.47779154777527	5.94626277685165	0	0	0	0	5.62307620048523	0	0	1.82386040687561	0	0	0	0	0	0	0	0	0	0	0	0	0	0	0	0	0	0	0	0	0	0	0	0	0	0	0	0	1.05755841732025	0	0.579058170318604
Flt1	0	8.6562442779541	0	0	0	0	0	0	0	0	0	0	0	0	29.2852453589439	12.5880229473114	0	0	0	0	0	68.9707660675049	0	0	0	1.35166031122208	0	0	17.3580360412598	0	0	6.82694089412689	0	0	0	0	0	0	0	15.0625710487366	0	0	27.1910063028336	0	0	0	0	0	0	0	0	0	0	0	0	27.4338936805725	0	4.14034965634346	0	0	0	6.23885583877563	0	0	0	13.9348527789116	0	0	0	0	1.44975960254669	0	0	0	0	0	0	0	0	0	0	0	0	0	0	0	0	0.92324835062027	0	3.6875501871109	0	0	0	0	0	0.731808245182037	0	0	0	0	0	0	0	0	0	0	0	0	24.4595198631287	0	0	0	0	0	0	40.5015661716461	0	0	0	0	0	0	21.1628274917603	0	0	0	0	0	34.0012356638908	0	0	0	0	0	0	0	0	0	0	0	0	0	0	15.8998944163322	0	0	0	0	0	0	0	0	0	3.35996836423874	0	0	0	7.67243957519531	0	20.2260364294052	0	0	0	0	0	0	0	14.9597865641117	0	0	31.1262317299843	0	0	0	0	0	0	0	0	6.69406270980835	54.808876991272	0	21.7174808382988	0	0	0	11.5075924396515	0	0	0	0	0	24.951114654541	0	0	0	0	0	0	0	0	0	0	21.9968681335449	0	0	0	0	0	0	0	0	0	6.79223442077637	0	0	0	22.8140732049942	0	0	0	0	0	0	0	0	0	0	0	0	7.48219108581543	0	0	0	0	0	0.912646234035492	0	0	0	0	0	0	19.0963797569275	0	0	0	0	0	0	0	0	0	14.4237279891968	0	0	0	0	0	0	0	0	0	0	0	0	0	0	0	8.88123321533203	0	8.42197108268738	1.23883485794067	0	0	0	0	38.1117668151855	0	0	0	24.4028582572937	32.8452647328377	0	0	23.386378288269	38.2515436410904	0	0	41.8405799865723	0	0	20.494553565979	0	0	0	36.4633655548096	0	0	33.5202268660069	0	0	0	0	0	0	0	0	0	0	0	0	0	0	0	0.547894179821014	0	0	0	0	0	0	0	0	0	14.615043759346	0	0	0	0	7.55491840839386	0	0	0.728075444698334	0	0	0	0	0	0	28.732379168272	1.29625517129898	12.6645095348358	71.0807383656502	0	0	0	7.94264954328537	0	0	7.76378285884857	0	0	0	0	16.961749792099	0	37.8285601139069	0	0	0	0	0	0	0	0	0	0	0	0	0	10.5654303431511	52.795138001442	0	0	0	0	0	0	0	0	0	0	0	0	0	0	0	0	32.8109693527222	0	0	0	6.35572838783264	0	13.0794966220856	0	0	0	0	0	0	42.7043399810791	0	0	4.76714181900024	0	0	0	0	6.4627947807312	0	0	0	0	0	0	0	0	0	7.7547390460968	0	0	0
Fndc7	0	0	0	0	0	0	0	0	0	0	0	0	0	0	0	0	0	0	0	0	0	0	0	0	0	0	0	0	0	0	0	0	0	0	0.561239659786224	0	0	0	0	0	0	0	0	0	0	0	0	0	0	0	0	0	0	0	0	0	0	0.573555648326874	0	0	0	0	0	0	0	0	0	0	0	0	0	0	0	1.0320143699646	0	0	0	0	0	0	0	0	0	0	0	0	0	0	0	0	0	0	0	1.00768995285034	0	0	0	0	0	0	0	0	0	0	0	0	0	0	0	0	0	0.952548980712891	0	0	0.843586802482605	0	0	0	0	0	0	0	0	0	0	0	0	0	0	0	0	0	0	0	0	0	0	0	0	0	0	0	0	0	0	0	0	0	0	0	0	0	0	0	0	3.19724082946777	0	0	0	0	0	0	0	0	0	0	0	0	0	0	0	0	0	0	0	0	0	0	0	0	0	0	0	0	0	0.835680305957794	0	0	0	0	0	0	0	0	0	0	0	0	0	0	0	0	0	0	0	0	0	0	0	0	0	0	0	0	0	0	0	0	0	0	0	0.821653485298157	0	0	0	0	0	0	0	0	0	0	0	0	0	0.723223268985748	0	0	0	0	0	0	0	0	0	0	0	0.757856130599976	0	0	0	0	0	0	0	0	0	0	0	0	0	0	0	0	0	0	0	0	0	0	0	0	0	0	0	0	0	0	0.547156035900116	0	0	0	0	0	0	0	0.67753541469574	0	0	0	0	0	0	0	0	0	0	0	0	0	0	0	0	0	0	0	0	0	0	0	0	0	0	0	0	0	0	0	0	0	0	0	0	0	0	0	0	0	0	0	0	0	0	0	0	0	0	0	0	0	0	0	0	0	0	0	0	0	0	0	0	0	0	0	0	0	0	1.97263848781586	0	0	0	0	0	0	0	0	0	0	0	0	0	0	0	0	0	0	0	0	0	0	0	0	0	0	0	0	0	0	0.544445633888245	0	0	1.57442486286163	0	0	0	0	0	0	0	0	0	0	0	0	0	0	0	0	0	0	0	0	0	0	0	0	0	0	0	2.11183309555054	0	0	0	0
Fosb	0	0	0	0	0	0	1.13552689552307	0	0	0	0.781149685382843	0	0	0	0	0	0	0	0	0	0	0	0	0	0	0.489391267299652	0	0	0	0	2.4703381061554	0.81718772649765	1.18515798449516	0	3.22196608781815	0	0	0	0	0	0	0	2.15077078342438	2.78753554821014	0	0	0	5.56335341930389	0	0	0	0	0	0	0	0	0	0	0	0	0	4.25196659564972	7.68912625312805	0	0	0	0	0	0	0	2.7960067987442	0	4.48823142051697	0	0	0	0	0	0	0	0	0	1.2615053653717	0	0	0	6.11075782775879	0	0	0	0	0	0	2.89170080423355	0	0	0	0	0	0	0	0	0	0	0	0	0	0	0	0	0	0	0	0	0	0	0	0	0	0.682945847511292	0.957447111606598	0	0	0	1.37325233221054	0	0	0	0	0	0	2.58857315778732	0	2.3197238445282	0	0	0	3.94447827339172	0	0	0	1.40119212865829	0	0	0	0	0	0	2.77952697873116	0	0	0	1.80729913711548	0	0	0	0	5.11711853742599	0	0	2.08550262451172	0	1.01974952220917	1.1982889175415	0	0	4.46421331167221	2.1934766471386	0	0	0	0	0	0	0	0	0	0	0	0	0	0	0	0	0	1.65864455699921	0	0	0	0	0	0	0	0	6.6026731133461	0	0	0	0	0	0	0	0	0	0	2.99374824762344	0	11.8241301774979	14.1633478701115	0.56381094455719	1.36718386411667	0	0	0	0	0	0	0	0	0	0	0	0	0	0	0	0	0	0	3.47331982851028	0	0	0	2.81979387998581	1.12232840061188	4.09385144710541	0	0	0	0	0	0	0	0	0	1.01813757419586	0	3.03998950123787	0	0	0	6.07488268613815	0	0	0	0	0	0	0	0	0	2.62397986650467	0	0	0	0	0	0	0.414178788661957	6.13423585891724	0	0	0	0	0	0	0	0	5.99509102106094	0	0	4.06459617614746	0	0	0	0	0	0	0	1.61911004781723	0	0	0	0	0	0	0	0	0.562094688415527	0	0	0	0.778879046440125	0	0	2.46248197555542	1.95990753173828	0	0	3.66388666629791	0	0	0	0	0	0.967143386602402	5.34029126167297	0	0	0	0	3.80375534296036	3.77588438987732	0	0	0	0	0	0	2.81066584587097	0	0	0	0	0	1.87237572669983	0	0.509159326553345	0	0	0	0	0	0	3.04400396347046	2.9686793088913	0	0	0	0	0	0	0	0	0	0	0	0	3.49074220657349	0	0	0	0	2.99373090267181	0	0	0.494030773639679	0	0	0	0	3.66305822134018	0	0	0	0	0	0	6.01295721530914	0	0	0	0	0	0	0	0	0	0	0	0	0	0	0	0	0	0	0	0	17.1949180960655	0	0	0	0	0	0	0	0	0	0	0	0	0	0	0	0	0	0	0	8.05615592002869	0	0	0	0.579058170318604
Foxp2	0	0	1.01844131946564	0	0	0	0	0	0	0	0	0	0	0	0	0	0	0	0	0	0	0	0	0	0	0	0	0	0	0	0	0.618663489818573	0	0	0	0	0	2.23100444674492	0	0	0	0	0	0	0	0.66071343421936	0	0	0.995589017868042	0	0	0	0	0	0	0	0.643226683139801	0	0	0	0	0	0	0.57500809431076	0	0	0	0.425580501556396	0	0	0	0	0	0	0	0	0	0	0	0.476518034934998	0	0	0	0	0	0	0	0	0	0	0	9.82539129257202	0	32.19568836689	0	0	0	4.11853891611099	0	0	0	0	0	0	0	0	0	0	0	0	12.6284438967705	0	0	0	0	0	0	0	0	0	0	0	0	0	0	0	0	0	0	0	0	0	0	0	31.5614553689957	7.45649540424347	0	0	0.559210658073425	0	0	0	0	0	0	0	0	0	0	0	0	0	0	0	0	15.1277605891228	0	0	0	0	0	0	0	0	0	0	0	0	0	0	0	10.8149521350861	22.1030821800232	10.410017490387	0	0	0	0	0	0	0	0.904929161071777	0	0	0	0	0	0.560284435749054	0	0.869050234556198	0	0	0	0	31.2129520773888	0	0	0	0	0	0	0	0	0	0	0	0	0	3.95112091302872	0	0	0	3.66747182607651	0	22.1806673407555	0	48.0791811943054	0.821928203105927	0	0	0	0	0	0	0	0	0	0	0.44667974114418	0	0	4.8443668782711	0	0	0	23.1793168783188	0	0	0	0	0	0	0	0	0	0.476564556360245	3.40198743343353	0	0	0	0	0	0	0	0	0	0	0	0	0	0	0	0	0	0	0	0.679310202598572	0	0	14.7156713008881	0	0	0	0	0	0	0	0	0	0	0	0	0	0	0	0	0	0	0	0	0	0	0	0	0	0	0	0	0	0	0	0	0	0	0	0	0	0	3.63468044996262	0	0	0	0.864689230918884	0	0	0	0.486579865217209	0	0	0	0.408563911914825	0	0	0	0	0	0	0.713761329650879	0	0	2.95944613218307	0	0	0	0	0.68944263458252	0	0	0	2.54709243774414	0	0	0	1.63664549589157	0	0	0	0	0	0	0	0	0	1.49039971828461	0	0	0	0	0	0	0	0	0	0	0	0	0	0	0	0	0	0	0	0	0	0	0	0	0	0	0	0	0	0.818762540817261	0	0	0	0.799999237060547	0	0	0	0	0	0	0	0	0	0	0	0	0	0	0	0	0	0.633946120738983	0	0	0	0.897521913051605	0	0	0	0	0	0	0	0	0	0	0	0	0.950017690658569	0
Frem2	0	0	0	0	0	0	0	0	0	0.583852767944336	0	0	0	0	0	0	0	0	0	0	2.19061923027039	0.55181896686554	0	0	0	0	0	0	0	0	0.606135010719299	0	0	0.55065906047821	0	0	0	0	0	0	0	0	0	0	1.13166737556458	0	0	0	0	0	0	0	0	0	0	0	1.69998669624329	0	0	0	0	0	0	0	0	0	0	0	0	0	0	0	0	0	3.88786870241165	4.71853494644165	0	0	1.05914461612701	0	0	3.01863574981689	0	0	0	0	0	1.92016351222992	0	0	0	0.758648693561554	0	0	0	0	0	0	0	0.946353137493134	0	0	0	0	0	0	0	0	0	0	0	0	0.525285959243774	0	0	0	6.1149787902832	0	0	5.00925970077515	0	0	0	0	0	0	0	0	0.554022133350372	0	0	0	0	0	1.03374445438385	0	0	0	0	0	0	0	0	0	0	0	0.504377722740173	0	0	0	0	0	0	0	0	0	0	0	0	0	0	0	0	0	0.615574896335602	0	0	0	0	0	1.40023386478424	0	0	0	0.746786057949066	0	0	0	0	0	0	0	0	0	0	0	0	0	0	0	0	0	0	0	0	0	0	0	0	0	0.594805896282196	0	0	0	0	0.526578962802887	0	0	0	0	0	0.586354970932007	0	0	0	0	0	0	0	0	0	0	0	0	0	0	0	1.77184569835663	0	0	0.755192160606384	0	1.00297582149506	0	0	0	0	4.37629199028015	0	0	0	0	0	0	0	0	0	0	0	0	0	0	2.72822403907776	0	0	0	0	0	0	0	0	0	0	0	0	1.93216109275818	0	0	0	0	0	0	0	0	0	0	0	0	0	0.530364632606506	0	0	0	0	0	0	0	0	0	0	0	0	0.962410271167755	0	0	0	0	5.13025116920471	0	0	0	0	0	0	0	0	0	0	0	0	0	0	0	0	0	0	0	0	0.800842881202698	0	0	0	0	0	0	0	0	0	0	0	0	0.402518063783646	0	0	0	0	0.542743325233459	0	0	0	0	0	0	0	5.42024236917496	0	0	0	0	0	0	0	0	0	0	0	0	0	0.740968227386475	0	0	0	0	0	0	0	0	0	0	0	0	0	0	0	0	0	0	0	0	1.17149794101715	0	0	0	0	0	0	0	0	0	0	0	0	0	0	1.09700834751129	0.751631796360016	0	0	0	0	0.518724322319031	0.956392884254456	0	0	0.825793087482452	0	0	0	0	0	2.70617514848709	0	0	0	0	0	1.01369535923004	0	0	0	0	0.352519482374191	0	0
Fst	0	0	0	0	0	0	0.563394963741302	0	0	0	0	0	0	0	0	0	0	0	0	0	0	0	0	0	0	0	0	0	0	0	0	8.19256800413132	0	0	0	0	0	0	0	0	0	0	0	0	0	0	0	0	1.11858057975769	0.457280278205872	0	1.66277313232422	0	0	0	0	0	0	0	0	0	0	0	0	0	0.642696142196655	0	0	0	0	0	0	0	0	0	0	0	0	0	0	0	0	0	0	2.04768705368042	0	1.31734246015549	0	0	0	0	0	0	0	0	0	0	0	0	0	0	0	0	0	1.4017019867897	0	0	0	0	0	0	0	0	0	0	0	0	0	0	0	3.37718558311462	0	0	0	0	0	0	0	0	0	0	0	0	0	0	0	0	0	0	0	0	0	0	1.5883212685585	0	0	0	0	0	0	0	0	0	0	0	0	0	0	0	0.439662277698517	0	1.74158442020416	0	0	0	0.538266360759735	0	0	0	0	0	0	0	0	0	0	0	0	0	0	0	0	0	0	0	0	0	0	0	0	0	0	0	0	0	0	0	0	1.28599447011948	0	0	0.528028726577759	0	0	0	0	0	0	0	0	0	0	0	0	0	0	0	0	0	0	1.84168380498886	0	0	6.32172679901123	0	0	0	0	0	1.83005636930466	0	0	0	0	0	0	0	0	0	0	0	0	0	0	0	0	0	0	0	0.500148892402649	0	0	0	0	0	0	0	0	0	3.00961375236511	0	0	0	0	0.648386418819427	0	0	0	0	0	0	0	0.539224028587341	0	0	0	0	0	0	0	0	14.3163514733315	0	0	0	1.21805807948112	0	0	0	0	0	0	0.434029310941696	0	0	0	0	0	0	0	0	0	0	0.355000734329224	0	0	0	0	0	0	0	0	0	0	0	0	0	0	0	0.747476637363434	0	0	0	2.36271625757217	0	0	0	0	0	0	0	0	0	0	0	0	0	0	0	0	0	0	0	0	0	0.577502191066742	0	0	0	0	0	0	0	0	0	0	0	0	0	0	0	0	0	0	0	0	0	0	0	0	0	0	0	0	0	0	0	0	0	0	0	0	0	0	0	0	0	5.36909627914429	0	0	0	0	0	0	0	0	0	0.448217958211899	0	0	0	0	3.06767421960831	0	0	0	0	0	1.96430456638336	0	0	0	0	0	0	0	0.337898463010788	0	0	0	0	0	0	0
Gfap	0	0	0	0	29.4496386051178	0	0.563394963741302	1.41843545436859	0	0	0	0	0	0	0	0	0	0	0.58878082036972	0	0	3.50972408056259	0	0	0	0	0	38.9855461120605	0	0	0	0	0	0	1.46607726812363	0	0	0	0	0	0	0	0	0	0.625180780887604	0	0	0	0	0.961276948451996	0	9.04783457517624	0	0	0	0	0	0.445555478334427	0	0	0	0	0	0	0.483020633459091	0	0	0	0	1.01315915584564	0	0	0	0	0	0	0	0	0	0	5.71785581111908	0	2.07723790407181	0	0	0	0	0	0	0	0	0	0	0	0	0	0	0	0	0	3.89734357595444	0	0	1.83913224935532	0	0.500664293766022	0	0	0	0	0	0	0	0	0.661928176879883	0	0	12.4659116268158	0	0	7.32522219419479	0.823851048946381	0	0.632187902927399	0	0	0	0	0	1.39788174629211	0	0	0	0	0	0	0	0	0	0	0	0	0	0	0	0	0	0	0	0.653733253479004	0	0	0	0	0	0	0	0	0	26.3425486087799	0	0	0	0	0	0	0	0	0	0	0	0	0	0	0	0	0	0	73.2283279895782	0	0	0	0	0	0	0	0	1.28746521472931	0	0	0	0	2.00432986021042	0	0	0	0	0	5.78288620710373	0	0	1.89217072725296	0	0	0	0	0	0	0	0	0	0	0	0	0	0	5.36421680450439	0	0	0	0	0	0.876431047916412	2.55471694469452	2.24389219284058	0	0	0	0	3.45356404781342	0	0	0	0	7.44857794046402	0	0	0	0	0	0	0	0	0	0	0	0	0	0	0	0	0.689908802509308	0	0	0	0	0	0	0	0	0	0	4.43265295028687	0	0	0	0	0	0	0	0	0	0	0.515525698661804	0	0	0	0	0	0	0	0	0	0	0	0	0	0	0	0	0	0	0	0	0	0	0	0	0	0	0	0	0	0	0	0	0	0	0	0	0.616924703121185	51.4487191438675	0	12.4662888646126	0	0	0	0	0.758471071720123	2.97835034132004	0	0	0	0	0	0	0	0	0	0	9.02810102701187	0	0	0	0	0	0	0	0	0	0	0	0	0	6.62104374170303	0	0	0	0	0.696944057941437	0	0	0	0	0	0	0	10.4348669052124	0	0	0	0	0	0	0	0	0	0	0	0	0	0	0	0	0	0	0	0	0	0	154.882511615753	0	36.3481554389	0	1.05638352036476	0	0	0	0	0	0	0	0	115.244518280029	0	0	0	0	0	0	0	0	0	0	0	0	6.84573215246201	0	0	7.95232850313187	0	0	0	0	0	0	0	0	0	0	143.472533226013	0	0	0
Glra1	0	0	0	0	0	0	0	0	0	0	0	0	0	0	0	0	0	0	0	0	0	0	0	0	0	0	0	1.37102484703064	3.11888462305069	0	0	0	0	0	0	0	1.47887921333313	0	0	0	0	0	0	0	0	0	9.05088925361633	0	0	0	0	0	0	0	0	0.916245400905609	0	0	0	0.952570855617523	0	3.24600529670715	0	0	0	0	0	0	0	0	0	0	2.28448939323425	1.41486400365829	0	0	0	1.29125154018402	0	0	0	0	0.630752682685852	0.518709063529968	0	0	0	0	0	0	0	0	0	0	0	0	0	0	0	0	0	0	0	0	0	0	0	0	0	0	0	0	0	0	0	0	0	0	0	0	0	0	0	0	0	0	0	0	0	0	0	0	0	0	0	0	0	0	0	0	0	0	0	0	1.02593588829041	0	0	0	0	0	0	0	0	0	0	0	1.18589919805527	2.02978903055191	0	0	1.12374353408813	0	0.509874761104584	0	0	0	0	0	0	0	0	0	0	0	0	0	0	0	0	0	0	0	0	0	0	0.835680305957794	0.981885552406311	0	0	0	0	0	0	0	0	0	0	0	1.14088976383209	0	0	0	0	0	4.8513822555542	0	0	0	0	0	0	0	0	0	0	0	0	0	0	0	0	0	0	0	0	0	0.425467431545258	0	0	0	1.23448371887207	0	0	0	0	0	0	0	0	0	0	0	0	0	0	0	0	0	0	0.500148892402649	0	0	0	0	0	0	0	0	0	0	0	0	0	0.718807280063629	0	0	0	0	0	0	2.76834917068481	0	0	0	0	0	0	0	0	0	0	0.542401790618896	0	0	0	0	0	0	0	0.461461305618286	0	0	0	0	0	0	0	0	0	0.592213153839111	0	0	0	0	0	0	0	0	0	0	0	0	0	0	0	0	0	0.593343496322632	0	0	2.02594578266144	0	0	0	0.812108397483826	0	0	0	0	0	0	1.38200485706329	0	0	0	0	0.537219047546387	0	0	0	0	0	0	0	0	0	0	0.614256083965302	0	0	0	0	0	0	0	0	0	0	0	0	0	0	0	0	0	0	0	0	0	0	9.32673794031143	0	0	0	0	0	0	0	1.45413672924042	0	0	0	0	1.15959191322327	0	0	0	0	0	0	0	0	0	0	0	0	0.391481518745422	0	0	0	0	2.57072246074677	0	0	0	0	0	0	2.29753613471985	0	0	0	0	0	0	0	0	0	0	0	0	0	0	0
Gpc6	0	1.53131699562073	0	0	0	0	0	0	0	0	0	0	0	0	0	2.83812403678894	0	0	0	0	0	0	0	7.02741605043411	0	0	0	0	0	0	0	0	0	0	0	10.4187741875648	0	0	0	0	0	0	12.2771108150482	0	0	0	0	12.8912075161934	0	0	0	5.34221583604813	1.19449782371521	0	0	0	2.41573071479797	0	0	2.93637990951538	6.49350452423096	0	0	0	0	0	0	7.26276993751526	0	0.90426379442215	2.66623687744141	0	0	0	0.776455283164978	0	2.04066622257233	0	0	0	0	0	0	0	0	0	3.99385130405426	0	2.23570203781128	0	0	0	0	0	0	0	0	0	1.56755805015564	0	19.6925148963928	0	3.84664565324783	0	0	0	0	0	0	0	0	0	0	0	0	0	0	8.33017534017563	0	8.5172426700592	16.9596763849258	0	0	0	0	0	0	5.70337390899658	0	0	0	0	0	0	0.45880189538002	0	0	0	1.29283177852631	0	6.105841755867	0	0	0	0	0	0	0	0	1.63033133745193	0	0.874663829803467	0	0	1.08680260181427	0	0	0	0	0	0	6.10450375080109	0	0	0	0	0	0	5.24830776453018	0	0	0	0	0	0	0	0	0	0	0	0	0	7.82565188407898	10.8650183677673	0	0	0	3.76913297176361	0	0	0	0	0	0	0	0	0	0	4.41177213191986	0	26.2451377511024	0	0	0	5.22674185037613	0	0	0	0	0	10.8696104288101	3.37109160423279	0	1.58671194314957	1.30852848291397	0	0	0	3.81500750780106	0	0	0	0	0	0	0	0	0	0	4.27526009082794	0	1.8646719455719	0	0	0	0	0	0	0	0	13.308887898922	0	0	0	0	39.4874551296234	0	0	17.55234593153	0	0	0	0	0	0	0	0	2.28540778160095	0	0	0	3.91777050495148	0	0	0	0	6.32126650214195	0	0	0	0	0	0	0	0	3.79549258947372	0	0	0	0	0	0	0	0	0	0	0	0	10.5617174506187	0	0	0	4.03240835666656	0	0	8.61735153198242	0	0	0	20.5247627496719	0	0	0	0	0	0	0	0	0	0	0.560675144195557	7.70028066635132	4.30451065301895	0	17.9255229830742	0	0	0	6.80909276008606	0	0	0	0	0	0	0	0	8.15388417243958	3.13835275173187	0	0	0	7.40837621688843	0	4.15080273151398	7.68282115459442	0	0	3.10000777244568	2.30935543775558	0	0	0	0	24.3409986197948	0	5.58684313297272	0	0	0	0	0	0	0	11.5612254142761	0	0	0	0	0	5.00861448049545	0	0	0	0	0	0	0	0	0	16.7783128023148	0	0	0	0	0	10.3501474261284	0	0	0	0	1.13839995861053	0	0	16.1698436141014	0	0	10.8491824865341	0	0	0	0	0	0	0	0	0	0	0	0	5.52088284492493	0	4.53499299287796	9.06899356842041	0	4.80086374282837	0	6.1842332482338	0	0	0	4.84717071056366	0	0	0	0	1.14054095745087	0	0	0	0	0	0	0.791084766387939
Grik1	0	0	0	0	0	0	0	0	0	0	0	0	0	0	0	0	0	0	0	4.44226825237274	4.18135893344879	3.55613434314728	0	0	0	0	0	0	0	0	0	0	0	1.10131812095642	0	0	0	0	0	0	0	0	0	0.681914627552032	0	0	0	0	0	0	0	0	0	4.7324196100235	0	1.83249080181122	3.57773017883301	0	0.892130255699158	0	0	0	0	0	0	0	0	7.65767383575439	0	4.72657251358032	0	0	0	3.06251627206802	0	0	18.5371373295784	0	0	21.4297475814819	0.555109262466431	0	0	0	0	0	0	0	0	0	0	0	0	0	0	0	0	0	0	0	0	0	10.3088417053223	0	0	0	0	0	7.62988594174385	15.9130382537842	0	0	0	0	0.661928176879883	0	0	0	0	0	0	3.14956200122833	0	0	0	0	0	6.37394931912422	6.89038148522377	0	21.9064365625381	0	0	0	0	0	0	0	0	0	0	0	0	0	0	0	0	0	0	3.71741199493408	0	0	0	0	0	0	0	0	0	0	0	0	0.924077451229095	0	0	0	0	0	0	0	0	0	0	30.8140892982483	0	0	0	0	0	0	0	0	0	0	2.94745326042175	0	0	0	0	0	0	11.2958481311798	0	0	0	0	0	0	0	0	0	0	0	0	0	0	0	0	0	0	0	6.85398489236832	0	0	0	0	0	0	2.74462461471558	0	0	0	0	0	10.0724147558212	1.18647480010986	0	0	0	0	0	0	0	0	0	0	0	0	0	0	0	2.9760525226593	0	5.3465918302536	0	0	0.641037881374359	0	0	8.26934957504272	0	1.33679312467575	0	0	1.27625805139542	0	0	0	0	0	0	0	0	2.96065855026245	2.03205585479736	0	11.1602354049683	0.550572514533997	9.83606564998627	7.96022516489029	0	8.99289792776108	0	0	0	0	0	0	5.27762812376022	1.72182643413544	0.499472945928574	0.970995724201202	0	0	0	0	0	0	0	0	0	0	0	0	0	0	0	5.57394218444824	0	0	0.640447199344635	0	0	0	0	0	0	0	3.48727530241013	0	0	0	0	0	0	0	0	2.30853629112244	0	0	0.408563911914825	0	0	0	6.09701061248779	0	0	0	6.59463691711426	0	0	0	0	8.60115766525269	0	0	0	0	8.57999324798584	2.97688817977905	0	0	0	0	0	0	0.618075132369995	0	0	0	0	0	0	0	0	0	0	0	0	0	0	0	2.76339030265808	10.2804625630379	0	0	0	0	4.94082307815552	3.76532363891602	0	0	0	0	0	0	0	0	1.38569986820221	0	1.04323792457581	0	0	1.25419318675995	0	7.66907215118408	0	0	0	0	0	0	0	0	0	0	0	0	0	0	0	0	3.35714948177338	0	0	0	0	8.1779842376709	0	0	0	0	0	0	0	0	0	3.45418334007263	0	0	0	1.7717570066452	0	0
Grin3a	0	0	0	0	0	0	0	0	2.83736610412598	0	0	0	0	0	0	0	0	0	0	0	0	0	29.2791679501534	0	0	0	0	0	0	16.6943895816803	0	0	0	0	0	7.41587519645691	0	11.5582793951035	0	0	3.93688905239105	1.65721380710602	21.4055542945862	0	0	57.062901198864	0	0	0	0	0	0	0	0	0	0	0	18.3795561790466	0	0	0	21.0292718410492	7.92230099439621	17.076766371727	0	0	7.38036179542542	0	0	0	0	0	0	0	11.1983299851418	0	0	0	0	0	0	0	0	0	0	0	0	2.56021785736084	5.18054461479187	0	0	8.91916686296463	0	0	0	0	0	0	0	0	0	28.3711696267128	0	21.6909493207932	0	0	0	0	0	10.9205142259598	0	5.98084127902985	0	0	0	3.88734811544418	0	0	0	44.0186826586723	0	0	10.9786613583565	39.992124915123	18.3878046870232	0	0	0	0	2.02966964244843	0	0	0	0	0	0.996748864650726	1.89842879772186	0	0	0	0	0	0	0	10.6082717180252	0	1.74506318569183	0.482485771179199	0	0	0	0	16.5549572706223	0	0	10.8432525396347	0	6.07902264595032	0	23.885190486908	50.9234265685081	8.43764650821686	0	0	18.9260591268539	0	0	0	0	0	0	0	0	0	0	0	0	7.83139598369598	3.9413640499115	0	0	0	0	1.1750009059906	0	15.8297735452652	0	14.2764938473701	0.609610974788666	0	0	1.86410337686539	0	0	3.84471923112869	0	0	0	0	0	0	0	0	0	0	0	2.49742460250854	0	0	0	0	0	0	0	0	0	0	7.73851785063744	0	0	0	0	0	0	0	8.46936011314392	0	0	0	5.97590065002441	0	0	0	0	0	0	0	0	0	0	0	0	0	0	0	58.4016830325127	0	0	15.5065760016441	0	1.6196640431881	0	0	0	0	0	0	0	0	0	0	0	0	0	0	0	7.87891468405724	0	0	18.3446568250656	0	0	0	0	0	0	2.92840194702148	7.83534801006317	23.6333059072495	0	0	0	0	6.63956320285797	0	2.36257490515709	8.00488090515137	12.9204597473145	0	0	0	0	0	0	0	10.1609045267105	0	0	0	0	0	0	0	0	0	0	0	0	0	0	0	4.08480608463287	0	0	0	16.5336616635323	0	1.14118564128876	0	0	0	0	14.0017464756966	0	0	0	0	0	0	0	0	1.74729782342911	0	1.41643667221069	5.18444073200226	0	3.22808408737183	0	0	0	54.7940052747726	0.613790988922119	0	10.521416246891	0	4.11470299959183	0	0	0	0	0	0	0	0.976246744394302	0	0	0	0	0	19.3594706058502	1.83294993638992	0	0	0	0	20.8717607855797	9.69374060630798	0	0	0	0	0	0	0	0	0	0	0	0	0	0	0	0	0	0	0	1.10120636224747	5.39858174324036	9.77179956436157	0	0	4.25500380992889	0	9.70807647705078	2.74252080917358	0	0	0	0	0	6.11243516206741	0	0	0	0	0	0	0	0	15.77186024189	10.4013880491257	4.70399928092957	0	2.59173226356506	0	4.58979034423828	0	0	0	0	0	0	0	0
Grm1	0	0	0	0	0	0	0	0	0	0	0	0	0	0	19.2693450450897	0	0	0	0	9.95131480693817	0	0	0	0	0	0	0	0	0	0	0	20.2951117753983	0	0	0	6.29451578855515	9.27894651889801	2.16317081451416	0	0	0	0	0	0	0	0	0	0	0	0	0	0	0	14.3732308149338	0	0	0	16.1545542478561	15.4618580341339	0	0	0	0	0	0	0	0	10.1344478130341	0	0	0	0	10.3852442502975	0	18.2434813678265	0	0	3.39566683769226	0	0	0	0	0	0	0	18.5478157997131	3.06495863199234	8.32753998041153	0	0	0	10.7792845964432	0	12.8263691067696	0	0	0	0	0	0	0	19.7097179889679	0	0	0	8.83605921268463	0	0	0	0	0	0	0	7.0581493973732	0	0	16.878055870533	0	0	0	0	10.4407505989075	0	0	0	0	0	0	0	0	25.8188275098801	0	12.8702583909035	0	0	0	7.38237500190735	0	0	0	0	0	0	1.55908739566803	0	0	1.51623475551605	2.74725461006165	0	0	0	0	0	0	0	0	0	0	0	0	62.3352724313736	0	0	0	0	0	0	0	0	0	0	0	6.16660618782043	4.17131042480469	0	0	0	0	0	0	0	0	29.1517441868782	0	0	0	0	6.63237047195435	0	2.5207302570343	0	0	0	0	0	0	0	0	0	0	0	0	0	0	0	0	0	0	0	0	0	0	0	0	6.15686219930649	0	9.34552252292633	0	0	0	0	0	0	0	0	0	1.98241001367569	0	1.12048375606537	3.93511366844177	0	3.67767864465714	0	0	0	0	0	0	0	0	0	0	0	0	0	0	0	13.121946811676	0	34.3441345691681	0	0	0	0	0	5.71632778644562	0	0	11.1533937454224	18.7533948421478	0	0	3.36442172527313	1.32601606845856	0	0	0	5.31755119562149	13.6572751402855	9.21724510192871	0	0	0	0	0	0	0	0	35.0770406723022	0	0	0	2.1786190867424	0	0	0	0.381184816360474	3.76940643787384	0	0	5.20716500282288	0	0	0	0	0	0	0	19.2021594047546	0	0	0	0	8.45486307144165	0	1.6116937994957	0	0	6.38341909646988	0	4.73808431625366	0	0	14.314733505249	52.8479194641113	19.3252501487732	0	0	0	0	0	2.76595968008041	0	6.57134824991226	0	12.9842271208763	0	0	0	21.9270920753479	0	0	15.1837466955185	2.80221247673035	0	0	0	0	0	0	0	4.14063930511475	0	32.9066523313522	0	16.3870531916618	5.42035496234894	0	4.96523106098175	0	0	2.90687894821167	0	0	3.88227301836014	0	0	0	0	0	0	0	0	0	0	0	0	0	0	0	0	0	0	5.61359786987305	0	0	0	10.6134706735611	0	0	0	0	0	0	0	0	0	0	0	0	0	0	0	0	0	0	0	0	0	0	9.66827321052551	0	6.54653179645538	0	0	0	0	0	0	0	0	0	0	0	0	0	0	0	0	0	0	0	0.704012155532837	0
Grm8	0	0	0	0	0	0	0	0	0	0	0	0	2.25104171037674	0	5.99467492103577	0	0	2.03545498847961	0	0	0	16.2578831315041	0	0	0	0	0	0	2.15454065799713	0	0	19.7684177160263	0	23.5321109294891	0	0	0	9.51926642656326	0	10.1114848852158	0	0	10.3378829956055	0	0	0	0	0	0	39.9592311382294	0	0	13.512108206749	0	0	0	0	0	0	0	0	0	8.7146560549736	0	0	0	21.706324338913	0	0	0	20.7911081910133	8.52531862258911	28.0226072072983	0	0	0	0	0	0	0	0	0	0	0	0	0	0	0	0	0	20.2049011588097	13.9714033603668	0	0	16.6667063236237	0	4.42450940608978	0	0	0	17.65760242939	0	6.53921008110046	0	0	0	0	0	24.553604722023	0	0	0	32.8320482969284	7.59056627750397	0	0	0	0	0	0	0	0	0	0	0	10.1374267339706	0	0	0	0	16.0355959534645	0	0	24.373370885849	0	0	12.2201751470566	0	2.419278383255	0	0	0	0	0	0	10.9055424928665	0	0	0	0	0	0	0	0	0	0	0	18.4210985898972	0	0	9.65381926298141	0	0	8.42709636688232	9.51589834690094	0	0	0	53.3460139036179	0	0	0	0	0	0	0	0	0	0	0	0	0	0	3.76711618900299	10.2115178108215	0	0	0	0	0	0	0	0	0	0	0	9.53064155578613	0	0	0	0	0	0	0	0	0	0	0	31.690810918808	0	0	12.694740653038	0	0	25.9491779208183	0	0	2.18230557441711	0	0	0	0	0	0	0	0	5.99887478351593	0	5.96834444999695	12.5278747081757	0	0	0	0	0	0	39.8088581562042	0.724965691566467	0	0	0	0	0	0	0	0	0	0	0	0	18.6103422641754	0	0	0	0	0	0	0	0.709208369255066	2.70890522003174	0	0	0	0	0	0	0	0	0	0	12.6211253404617	0	0	0	0	0	0	0	0	0	6.48218494653702	0	6.26741355657578	0	0	9.88300943374634	0	8.77914834022522	30.1431896686554	0	0	0	0	0	0	0	0	0	0	0	0	3.59331744909286	0	0	0	0	28.9447500705719	0	0	0	17.5543119311333	0	0	0.498212367296219	0	0	0	0	4.27389812469482	0	0	7.2858567237854	0	0	0	0	0	0	0	0	0	0	7.53857392072678	0	6.77628123760223	0	9.42655789852142	6.85371023416519	0	0	13.9731728434563	0	0.681617498397827	9.04943209886551	0	5.00657713413239	3.90094888210297	0	0	0	0	0	7.5141327381134	0	0	0	0	7.11070793867111	0	7.67342948913574	5.09086120128632	0	0	0	13.9028747081757	3.37378117442131	0	0	0	0	0	3.09395724534988	0	0	0	15.8592692613602	0	0	0	6.44633048772812	0	0	0	2.66570234298706	9.48240035772324	0	18.9200060963631	0	12.1985342502594	0	5.55116939544678	0	2.16087412834167	0	0	0	0	0	0	9.31576323509216	0	0	0	0	0	0	0	0	0	0	3.60113644599915	0	0	0	0	0	0	0	0	0	0	0.352519482374191	0	0
Hpse	0	0	0	0	0	0	0	0	0	0	2.43229413032532	0	0	0	0	0	0	0	0	0	0	0	0	0	0	0	0	0	0	0	0	0	0	0	0	0	0	0.432634174823761	0	0	0	0	0	0	0	0	0	0	0	0	0	0	0	0	0	0	0	0	0	0.529403328895569	0	0	0	0	0	0	0	0	0	0	0	0	0	0	0	0	0	0	0	0	0	0	0	0	0	0	0	0	0	0.699191391468048	0	0	0	0	0	0	0	0	0	0	0	0	0	0	0	0	0	0	0	0	0	0	0	0	0	0	0	0.776529014110565	0	0	0	0	0	0	0	0	0	0	0	1.39788174629211	0	0	0	1.54942965507507	0	0	0	0	0	0	0	0	0	0	0	0	0	0	0	0	0	0	0	0	0	0	0	0	0	0	0	0	0	0	0	0	0	0	0	0	0	0	0	0	0	0	0	0	0	0	0	0	0	0	0	0	0	0	0	0	0	0	0	0	0	0	0	0	0	0	0	0	0	0	0.502927422523499	0	0	0.466163694858551	0.581115067005157	0	0	0	0	0	0	0	0	0	0	0	0	0	3.12063750624657	0	0	0	0	0	0	0	0	0	0	0	0	0	0	0	0	0	0	0	0	0	0	0	0	2.29783868789673	0	0	0	0	0	0	0	0	0	0	0	0	0	0	0	0	0	0	1.09829461574554	0	0	0	0	0	0	1.48065513372421	0	0	0	0	0	0	0	0	0	0	0	0	0	0.357192039489746	0	0	0	0	0	0	0	0	0	0	0	0	0.635849833488464	0	0	0	0	0	0	0	0	0	0	0	0	0	0	0	0	0	0	0	0	0	0	0	0	0	0	0	0	0	0	0	0	0	0	0	0	0	0	0	0.311924308538437	0	0	0	0	0	0	0	0	0	0	0	0	0	0	0	0	0	0	0	0	0.46887868642807	0	1.24387812614441	0	0	0	0	0	0.910948753356934	0	0	0	0	0	0	0	0	0	0	0	0	0	0	0	0	0	0	0	0	0	0	0	0	0	0	0	0	0	0.477136373519897	0	0	0	0	0	0	0	0	0	0	0	0	0	0	0	0	0	0	0	0	0	0	0	0
Hs3st5	0	0	0	0	0.694447457790375	0	0	0	0	0	0	0	0	0	0	0	0	0	0	0	0	0	0	0	0	0	0	0	0	0	0	4.11302673816681	0	3.54567748308182	0	0	2.75741744041443	0	0	0	0	0	1.99699211120605	0	0.443057954311371	0	0	3.25226399302483	0	0	0	0	0	0	0	0	2.34321337938309	0	0	0	0	0	0	0	0	0	0	0	0	0	0	0	0	0	0	0	0	0	0	0	0	0	0	0	0	0	0	0	0	0	0	0	0	0	0	0	0	0	0	0	0	0	0	0	5.41987508535385	4.89467057585716	4.5266050696373	0	0	0	0	3.86303520202637	0	1.80197966098785	0	0.636152327060699	0	0	0	0	0	0	2.97575217485428	1.13720321655273	3.28500014543533	0	0	0	0	0	1.89882749319077	0.897536635398865	0	0	0	0	0	0	0	0	0	0	3.48924762010574	0	1.62777370214462	0	0	0	0	0	0	1.10210049152374	0	8.69588488340378	7.36187809705734	13.9102258086205	0	0	0	0	0	0	0	0	0	0	0	0	0	7.47731685638428	0	1.77282166481018	0	0	0	0	0	0	0	0	0	0	0	0	0	0	3.29897582530975	0	0	0	0	0	0	0	0	4.38574856519699	0	0	0	0	0	1.70393067598343	0	0	0	0	0	0	0	1.25309246778488	0	1.81189775466919	0	0	4.4915092587471	0	2.71586674451828	0	0	0	0	0	0	0	0	0	0	0	0	2.22031688690186	0	0	0	5.41097664833069	0	0	0	0	0	1.25222629308701	0	0	0	0	2.37979704141617	0	0	0	0	0	0	0	0	0	1.66338455677032	0	0	0	0	0.62547492980957	0	0	0	0	0	0	0	0	0	10.5145980715752	0	0	0	0	0	0	0	0	0	0	0	0	0	0	0	0	0	0	5.85752213001251	0	0	0	0	0	1.10543251037598	0	0	0	0	0	0	0	0	0	0	0	1.78381371498108	0	0	0	5.13278037309647	0	0	0	0	0	0	1.80932289361954	0	0	0	0	0	1.18478518724442	0	0	0	0	0.821686089038849	0	0	0	0	0	0	0	0	0.442558974027634	0	0	0	0.502170860767365	0	0	0.484448343515396	0	0	1.09404706954956	0	0	0	0	0	0	0	0	0	1.39028072357178	0	0	0	0	0	0	0	3.65146037936211	0	0	0	0	0	0	0	0	0.606358587741852	1.34133744239807	1.16133451461792	0	0	0	0	0	0	0	0	5.88351595401764	0	0.799999237060547	0	0	0	13.197019636631	0	0	0	0	0	0	0.772840559482574	0	0	0	0	0	0	0	0	0	0	0	1.49337118864059	0	0	0	0	0	0	0	0	0.542261064052582	0	0	0	0
Igf2	0.784017860889435	1.02087807655334	0	0	0	0	0	0	0	0	0	0	0	0	0	0	0	0	0	0	0	0	0	0	0	0	0	34.1123504638672	59.2054221630096	0	0	0	0	0	0	0	0	0	0	0	0	0	0	1.34830868244171	0	0	0	0	0	0	0	0	0	0	0	0	0	2.64260363578796	0	0	0	0	0	0	0	0	0	0	0	0	0	8.64137452840805	0	0	0	0	0	0	0	0	0.95109099149704	0	0	0.807516276836395	0	0	0	0	0	0	0	0	0	0	0	0	0	0	0	0	0	0	2.68742227554321	0	0	0	0	0	0	0	0	0	4.80613231658936	0	0	0	0	35.9424345493317	0	0	0	0	0	0	9.03711426258087	0	0	0	0	0	0	0	0	0	0	0	0	0	0	0	0	0	0	0	0	0	0	0	20.9149825572968	0	0	0	0	0	0	0	0	0	0	3.09926426410675	0	17.1197896003723	0	9.0510248541832	0	3.56605386734009	0	0	0	0	0.845542192459106	0	0	0	0	0	0	0	0	0	0	0	0	0	0	0	0	0	0	3.46193695068359	0	0	0	0	0	0	0	0	0	0	0	0	0	0	0	0	0	0	0	0	0	0	0	0	0	0	0	0	0	0	0	0	8.95490097999573	0	0	0	0	0	0	0	0	0	0	0	0	1.12349987030029	0	0	0	3.3630119562149	0	0	12.007950425148	0	0	0	0	0	0	0	0	0	0	0	0	0	8.71235013008118	0	0	3.76723670959473	0	0	16.0781030654907	0	0	0.876600384712219	0	0	0	0	0	0	0.77660071849823	0	0	125.885382652283	0	0	0	0	0	0	0	2.57840538024902	0.609583735466003	2.66618418693542	0.67753541469574	0	0	0	2.1124866604805	0	0	0	15.6913378238678	0	0	0	0	0	0	0	0	0	0	0	0	0	0	0	0	0	0	0	0	0	0	0	0	0	0	0	0	0	0	0	0	0	0	0	11.0650928020477	0	0	0.497651875019073	0	0	0	0	0	0	0	0	1.8799067735672	0	0	0	0	0	0	0	0	0	0	0	0	0	0	0	0	0	0	0	0	0	0	0	0	0	0	0	0	15.7193952798843	0.476111441850662	16.4989566802979	0	0	0	0	0	0	0	0	32.6018226146698	0	0.598982870578766	0	3.02210193872452	0	0	0	1.27420246601105	0	0	61.6531949043274	9.00115120410919	0	0	0	0	0	0	0	0	130.308022499084	0	0	0	0	1.71165144443512	4.47689294815063	0	0	0	0	26.6373085975647	0	0	0	0	0	115.095876216888	0	0	0
Igfbp4	0	0	0	0	0	0	0	0	0	0	0	0	0	0	0	0	0	0	0	0	0	0	0	11.1092690825462	1.54164505004883	1.44542521238327	3.30651986598969	0	0	0	0	0	3.97090405225754	1.31414020061493	0	2.88964819908142	28.3864499330521	0	0	0	0	0	0	0	6.0021248459816	0	0	0.677672266960144	0.486638486385345	0	0	0	27.6739782094955	0	30.937112569809	0	0	0	13.5918897390366	0	0	8.159543633461	10.5553922653198	0	0	0	0	0	0	0	0	0	31.2550307512283	0	0	0	0	3.65104579925537	0	0	0	0	0	2.96970981359482	0	0	1.93217718601227	1.71289205551147	0	0	0	0	0	18.5291955471039	45.8552135229111	0	0	0	0	0	0	0	0	0	2.94794052839279	0	0	0	0	0	52.9929804205894	0	0	0	0	0	0	0	0	0	26.7048671841621	7.83029180765152	0	0	0	0	0	0	4.86617767810822	0	0	0	0	0	0	4.46754825115204	0	0	0	0	0	13.1862532496452	1.39564144611359	0	0	0	1.51623475551605	0	0	0	0	0	43.7304105758667	0	0	9.79012125730515	0	0	0	11.438681602478	0	18.8612785339355	0	0	0	0	0	0	0	0	0	0	0	0	0	0	0	0	0	0	0	0	27.1298950314522	0	0	0	0	0	3.84264290332794	17.4316017627716	4.15586495399475	0	0	0	25.0293571949005	0	0	5.68961715698242	1.32259547710419	0	0	13.8779183030128	0	0	0	0	3.38807386159897	0	0	0	0	21.7584540247917	0	0	0	0	27.9740964770317	8.71532517671585	0	0	0	0	0	0	0	0	0	0	0	0	0	0	0	0	0	0	0	0	0	0	22.2851250171661	10.7535858154297	0	0	0	0	0	0	8.99337154626846	11.4434514045715	0	0	0	0	0	83.075891315937	0	0	0.782384932041168	0	0	0	0	0	4.28552216291428	0	0	6.85153836011887	4.676120698452	0	27.6334358453751	39.2845987677574	0	33.889618396759	0	0	0	0	0	19.570419549942	0	0	0	2.83980298042297	0	0	10.5517090559006	19.5235733985901	11.9963712096214	0	0	0	6.42622232437134	0	0	0	0	13.5578461885452	23.5753517150879	0	0	0	1.82371717691422	0	0	0	10.7161015272141	14.6197019815445	12.4853971004486	0	29.2429867386818	0	0	0	0	33.2722635269165	0	0	0	0	0	0	0	0	0	0	0	0	3.55449372529984	0	10.3677178025246	33.2855826616287	52.2062379717827	0	0	0	0	0	0	0	0	0	0	17.4773653745651	0	12.1896567344666	8.41286683082581	0	0	0	0	0	1.80568826198578	0	0	0	0	32.0964033007622	0	0	0	0	0	0	0	0	1.90301018953323	0	0	0	0	0	51.2629159092903	0	0	0	0	0	4.96668815612793	0	0	0	0	0	0	0	0	0	0	0	0	13.9502135515213	0	0	0	0	0	0	0	20.2251072525978	0	0	17.2671139240265	0	0	0	0.892580330371857	0	0	0	37.8682353496552	0	0	0	0	0	0	2.48674893379211	0	0	0	0	0	0
Igfbp5	1.82858335971832	1.41796338558197	0	0	0	69.2825534939766	0	21.0466389656067	0	0.583852767944336	0	0	0	0	0	9.53598189353943	0	0	0	0	0	0	11.5941687822342	0	0	0	0	0	33.1272146701813	0	0	0	15.8484505414963	0	0	5.52266496419907	0	0	0	9.63043999671936	0	0	0	0	0	0	0	0	11.0340065956116	0	0	0	0	20.3567420244217	0	0	0	0	0	0	0	0	0	0	31.4834079146385	0	0	7.91178250312805	0	0	0	7.22399479150772	0	0	0	0	7.78378468751907	17.3783169984818	8.32174581289291	0	0	0	15.5245229005814	0	13.231645822525	0	0	8.89800631999969	0	14.8239730596542	0	0	14.0759868621826	0	0	0	0	0	0	0	101.63034594059	0	0	49.8791756629944	0	0	0	0	0	0	0	0	0	0	0	0	0	0	0	42.2593111991882	0	0	0	0	0	0	0	16.804608464241	13.2979726493359	0	0	0	0	0	0	0	13.505463719368	0	0	0	70.1926844716072	0	0	0	0	0	3.04177415370941	0	0	0	0	0	0	0	14.6992782354355	51.6325409412384	0	0	0	0	0	0	0	25.6304657459259	0	20.6776888370514	0	0	0	0	0	15.5799524784088	0	0	0	0	21.8238703012466	43.187876701355	0	0	65.9360556602478	0	0	0	0	0	0	0	33.6444396972656	0	0	0	0	10.0134050250053	0	52.9457923173904	2.93337714672089	0	0	0	0	0	0	0	0	0	0	0	0	0	0	0	31.592169880867	0	0	0	19.1960878372192	31.7095543146133	0	0	0	0	0	0	27.7776443362236	0	10.0457498431206	0	0	0	0	34.6313290596008	35.2303552031517	0	0	0	0	36.4374928474426	0	0	224.925649166107	0	0	0	0	0	0	0	0	0	56.788449048996	0	0	5.71743869781494	39.0536429286003	0	0	19.4380788803101	0	40.4394912719727	0	0	0	0	0	0	0	9.27835655212402	24.4365651607513	0	0	0	24.0444225072861	19.1182742118835	0	67.7282590866089	12.8765113353729	0	0	0	0	0	0	0	0	0	0	0	0	0	27.8638855814934	16.6426869630814	0	0	0	0	0	0	53.0581250190735	0	33.0076425075531	0	0	0	0	0	7.83469343185425	0	0	0	0	91.7287718057632	0	0	0	56.8385324478149	0	0	21.2787134051323	0	16.8714568018913	0	0	2.49193120002747	0	0	0	23.0399606227875	0	96.9012469053268	0	0	0	0	0	0	0	0	0	0	0	0	36.5599269866943	0	0	0	0	0	39.8450021743774	0	0	0	0	0	0	0	0	0	0	98.2364921569824	0	0	0	0	61.701678276062	11.8992921710014	20.2686570286751	24.0757343769073	0	0	37.6590297222137	0	0	0	0	0	0	0	0	0	0	0	16.7387368679047	0	58.5625106096268	0	0	0	0	0	0	62.8827592730522	0	0	0	0	0	0	52.9725482463837	0	0	0	0	39.2981808185577	0	0	0	0	0	0	56.2904257774353	69.2225103378296	0	22.1155767440796	42.967880487442	0	9.63064098358154	0	3.17051267623901	0	0	0	0	0
Ikzf2	0	0	0	0	0	0	0	0	0	0	3.21344381570816	0	0	0	0	0	0	0	0	0	0	0	0	1.32217156887054	0	0	0	0	0	0	0.606135010719299	0	0	0	0	0	0	0.477716058492661	0	0	0	0	0	0	0	1.45386987924576	0	1.22840797901154	0	0	0	0	0.822046875953674	0.867481112480164	0	0	0	0	0.654440999031067	0	0	0	0	0	0	2.1620289683342	1.82782006263733	0	0	0	0	0	0	0	0	0	0	0	0	0	0	1.19702923297882	0	0	0	1.61237454414368	0	0	0	0	0.59853982925415	0	0	0	0	0	0	0	0	0	0	0	0	0	0	0	0	0	0	0	0	0	0	0	0	0	0	0	0	0	2.75703513622284	0	0	0	0	0.724406719207764	0	0	0	0	0	0	0	0	0	0	0	0	0	0	0	3.43651515245438	0	0	1.02593588829041	0	0	0	0	0	0	0	0	0	0	0	0	0	0	0	1.41412663459778	0	0	0	0	0	0	0	0	0	0	0	0	0.894716739654541	0	0	0	1.38019990921021	1.97068202495575	0	5.17214941978455	0	0	0	0	0	0	0	0	0	0	0.532178163528442	0	3.58516097068787	0	0	0	0	0	0	0	0	0	0	0	1.40830022096634	0	0	0	0	0	0	0	0	0	0	0	0	0	0	0	0	0	0	0	0	0	0	0	0	0	0	0	0	0	0	0	0	0	2.89050084352493	0	0	0	0	0	0	0	0	0	0	0	0	0	0	0	0	0	0	0	2.74106740951538	0	0	0.500963389873505	0	0	0	0	0.488978922367096	0	0	0	0	0	0	0	0	0	0	0	0	0	1.45694720745087	0	0	0	0	0	0	0	0.986961662769318	0	0	0	0	0	1.72347033023834	0	1.1978532075882	0	0	0	0	0	0	0	0.615620493888855	0	0	0	0.665285766124725	2.41770565509796	0	0	0	0	0	0	0	0.758471071720123	1.22816097736359	1.02628207206726	0	0	0	0	0	0	0	0	1.39385604858398	3.14334964752197	0	0	0	0	0	0.546943604946136	0	0	0	0	0	0	0	0	0.893414318561554	0	0	3.45342916250229	0	0	0	0	0	0	0	0	0	0	0	0	0	0	0	0	0	0	0	0	0	0	2.87465482950211	0	0	0	0	0	0	0	0	0	0	0	0	0	0	0	0	0	0	0	0	0	0	0	0	0	0	0	0	0	0	0	0	0	0	0	0	0	0	0	7.72760248184204	0	0	0	0.917958080768585	0	0	0	0	0	0	0	0
Il1rapl2	0	0	0	0	0	0	0	0	0	0	0	0	0	0	0	0	0	0	0	0	0	0	0	0	0	0	0	0	0	0	0	0	0	0	0	0	0	0	0	0	0	0	0	0	0	0	0	1.36772263050079	0	0	0	0	0	0	0	0	0	0	0	0	0	0	0	0	0	0	0	0	0	0	0	0	0	0	0	0	0	0	0	0	0	0	0	0	0	0	0	0	0	0	0	0	0	0	0	0	0	0	0	0	0.738101601600647	0	0	0	0	0	0	0	0	2.00780391693115	0	0	0	0	0	0	0.639933109283447	0	0	1.01280546188354	0	1.90958341956139	0	0	0	0	0	0	0	0	0	0	0	0	0	0	0	0	0	0	0	0	0.717994749546051	0	0	0	0	0	0	0	0	0	0	0	0	0.629039466381073	0	0	0	0	0	0	0	0	0	0	0.55924117565155	0.840389549732208	0	0	0	0	0	0	0	0	0	0	0	0	0	0	0.508044838905334	0	0	0	0	0	0	0	0	0	0	0	0	0	0	0	0	0	0	0	0	0	0	0	0	0	0	0.520089149475098	0	0	0	0	0.649864614009857	0	0	0	0	0	0	0	0	0.76223361492157	0	0	0.425467431545258	2.38452422618866	0	0	0	0	0	0	0	0	0	0	0	0	0	0	0	0	0	0	0	0	0	0	0	0	0	0.414185523986816	0.541552662849426	0	0	0	0	0	0	0	0	0	0	4.11694264411926	0	0	0	0	0	0	0	0	0	0	0	0	0	0	0	0	0.756384491920471	2.94337266683578	0	0	0	0	0	0	0	0	0.434029310941696	0	0	0	0	0	0	0	0	0	0	0	0	0	0	0	0	0	0	0	0	0	0	0	0.486579865217209	0	0.658227145671844	0	0	0	0	0	0	0.907444894313812	0	0	0	0	0	0	0	0	0	0	0	0	0	0	0	0	0	0	0	0	0.565249621868134	0	0	0	0	0	1.52593779563904	0	0	0	0	0.644447088241577	0	0	0.534590899944305	0	0	0	0	0	0	0	0	0	0	0	0	0	0.561876475811005	0	0	0	0	0	0	0	0	0	0	0	0	0	0	0	0	0	0	0	0	0	0	0	0	0	0	0	0	0	0	0	0	0	0	0	0	0	0	0	0	0	0	0	0	0	0	0	0	0
Il4ra	0	0	0	0	0.489991247653961	0	0	0	0	0	0	0	0	0	0	0	0	0	0	0	0	0	0	0	0	0	0	0	0.7960404753685	0	0	0	0	0	0.547184407711029	0	4.1205894947052	0	0	0	0	0	0	0	0	0	0	0	0	0	0	0	0	0	0	0	0	0	0	0.529403328895569	0	0	0	0	0	0	0	0	0	0	0	0	0	0	0	0	0	0	0	0	0	0	0	0	0	0	0	0	0	0	0	0	0	0	0	0	0	0	0	0	0	0	0	0	1.84951722621918	0	0	0	0	0	0	0	0	0	0	0	0	0	0	0	0	0	0	0	0	0	0	0	0	0	0	0	0	0	0	0	0	0	0	0	0	0	0	0	0	0	0	0.482485771179199	0	0	0	0.367366850376129	0	0	0	0	0	0	0	0	0	0	0	0	0	0	0	0	0	1.48499774932861	0	0	0.829359471797943	0	0	0	0	0	0	0	0	0	0	0	0	0	0	0	0	0	0	0	0	0	0	0	0	0	0	0	0	0	0	0	0	0	0	0	0	0	0	0	0	0	0	0	0	0	0	0	0	0	0	0	0	0	0	0	0	0	0	0	0	0	0	0	0	0	0	0	0	0	0	0	0.771095991134644	0	0	0	0	0	1.59123063087463	0	0	0	0	0	0	0	5.02821904420853	0	0	0	0	0	1.20279681682587	0	0	0	0	0	0	0	0	0	0	0	0	0	0	0	0	0	0	0	0.609583735466003	0	0	0	0	0	0	0	1.0376307964325	0	0	0	0	0	0	0	0	0	0	0	0	0.943310081958771	0	0	0	0	0	0	0	0	0	0	0	0	0	0.642672657966614	0	0	0	0	0	0	0	0	0	0	0	0	0	0	1.26498472690582	0	0	0	0	0	0	0	0	1.2198873758316	0	0	0	0	0	0	0	0	0	0	0	0	0	0	0	0	7.42849111557007	0	1.22795832157135	0	0	0	0	0	0	0	0	0	0	0	0	0	0	0	0	0	0	0	0	0.818762540817261	0	0	0	0	0	0	0	0	0	0	0	0	0	0	0	0	0	0	0	0	0	0	0	0	0	0	0	0	0	0	0	0	0	0	0	0	0	0	0	0
Inpp4b	0	0	0	0	0	0.826377689838409	0	1.63439291715622	0.599116921424866	0	0	0	0	0	0	0	0	0	0	0	0	0	0	2.99922597408295	0	0	0	0	0	0	0	0	0	0	0	0	0	0	0	0	0	0	0	2.11700963973999	0	0	0	0	0	1.58704614639282	0	0	0	0	0	0	0	0	0	0	0	0	0.723781526088715	0	0	1.06739342212677	0	0	0	0	0	0	0	0	1.55291056632996	0	0	0	0	0	0	0	0	0	0	0	0	0	0	0	0	0	0	0	0.661354959011078	0	0	0	0	0	0	3.28730404376984	0	0	0	0	1.65506303310394	0	0	0	0	0	0	0	0	0	0	0	0	0	0	0	1.07877886295319	0	2.86832356452942	0	0	0	0	0	0	2.01536786556244	0	0.687744915485382	0	0	0	0	0	0	0	0	0	0	0	0	0	0	0	0	0	0	0.737674534320831	0	0	0	0	5.1117000579834	0	1.88971924781799	4.60883069038391	0	0	0	0	0	0	0	0	0	4.34323978424072	0	0	0	0	0	0	0	0	0	0	0	0	0	0	0	0	0	0	0	0	0	0	0	1.10780668258667	0	0	0	0	0	5.66196322441101	0	0	0	0	0	0	0	0	0	0	0	0	0	0	0	0	0.365481555461884	0	0	0	0	2.88697400689125	0	2.93529844284058	0	0	0	0	2.42035961151123	0	0	0	0	0	2.92830920219421	0	0	0	2.66045373678207	6.03991889953613	0	0	3.59627819061279	1.86516058444977	0	0	0	0	0	0	0	0	0	0	0.846133768558502	0	1.68825042247772	0	0.62547492980957	0	0	0	0	0	2.63086742162704	0	0	0	5.19916397333145	0	0	0.619417428970337	0	0	0.604398548603058	0	1.81367886066437	0	0	0	0	0.907619416713715	0	0	0	0	0	0	0	0	0	0	0	0.420685410499573	0	0	0	0	1.54949849843979	0	0	2.29913139343262	0	0	0	0	0	0	0	0	0	0	0	0	0	0	0	0	0	0	0	0	1.18478518724442	0	0	1.17276775836945	0	0	0	0	0	0	0	0	0	0	3.07348656654358	0	0	0	0	0	0	0	0	0	0	0	0	0	0	0	0	0	0	0	0	0	0	0	0	0	0	0	0	0	0	0	0	0	0	0	0	0	0	0	0	0	0	0	0	0	0	0	0	0	0	0	0	0	0	0	0	0	0	0	0.448217958211899	0	0	0	0	0	0	0	1.20021593570709	0	0	0	0	8.8125074505806	1.66471385955811	0	0	0	0	0	0	0	0	0	1.76259744167328	0	0
Iqgap2	0	0	0	0	0	0	0	0	0	0	0	0	0	0	0	0	0	0	1.34001439809799	0	0.766971707344055	0	9.39662933349609	0	0	0	0	0	0	0	0	0	0	0	0	0	0	0	5.59601241350174	0	0	0	0	0	3.25471574068069	0	0	7.45324277877808	3.62715625762939	0	0	0	6.22620606422424	0	0	0	6.48058664798737	0	0	0	0	0	0	0	1.50927478075027	0	5.80519795417786	0	0	0	0	0	0	0	0	0	0	0	0	0	0	0	0	0	0	0	0	0	0	0	0	0	0	0	0	0	0	5.90298920869827	0	0	0	0	0	1.1165132522583	0	9.34684985876083	0	0	0	0	0	0	0	0	0	0	0	0	0	2.04883742332458	16.606881737709	0	0	0	0	0	0	10.0111748278141	0	4.82543337345123	0	0	0	0	0	7.49751096963882	0	0	0	0	10.1720223426819	0	0	0	0	0	0	0	0	0	0	2.89013558626175	0	0	0	0	2.37179839611053	0	1.31585884094238	0	0	4.10144460201263	0	0	0	0	0	0	0	0	0	0	0	0	0	0	0	0	0	0	0	0	0	0	0	0	11.1893911361694	0	0	0	0	0	0	0	0	0	0	0	0	0	25.9845402240753	0	0	0	0	5.49565553665161	5.48827171325684	20.4938601255417	0	6.07999098300934	0	0	0	0	0	13.8020126819611	0	0	2.27361303567886	0	0	8.24300342798233	5.08657503128052	0	0	0	0	0	0	0	23.7097129821777	10.5933302640915	0	10.9067589044571	0	0	0	0	0	0	26.045639872551	0	0	0	0	5.11270046234131	0	0	0	0	0	0	0	0	0	0	0	0	3.87659990787506	0	0	0	0	0	0	11.455177128315	0	0	6.4797266125679	20.6505406498909	0	0	0	7.05391901731491	0	0	0	0	0	0	10.8721104264259	0	0	0	0	0	7.71445453166962	4.79241847991943	0	13.1426882743835	0	0	0	0	0	0	0	14.2456516027451	0	0	0	0	0	0	0	0	12.023545384407	0	0	0	13.996643781662	0	0.899951934814453	0	16.8991089463234	0	0.807439625263214	0	0	0	0	0	6.86124300956726	0	0	0	0	0	0	6.92795437574387	0	0	0	4.19948691129684	0	0	0	0	0	0	0	0	0	0	0	0	0	0	0	0	0.67828369140625	0	0	0	0	0	0	20.3099966049194	0	0	0	0	10.3090304136276	0	0	0	1.48209238052368	0	0	0	0	7.90965211391449	0	0	0	0	8.7190078496933	6.48703640699387	0	0	0	0	0	0	0	0	0	0	0	2.91373336315155	0	0	0	0	0	0	0	0	0	15.8287538290024	0	0	9.88861918449402	0	0	0	0	0	0	0	11.3192842006683	0	0	0	0	0	0	0	0	0	0	0	1.37043440341949	0
Itgb8	0	0	4.07376527786255	0	0	0	0	0	0	0	0	0	0	0	0	0	0	0	0	0	0	0	0	0.527237474918365	0	0	0	0	0	0	0	0	0	0	0.547184407711029	0	0	0.876644194126129	0	0	0	0	0	0	0	0	0	0	0	0	0	0	1.19182515144348	0	0	0	0	0	2.20101225376129	3.42765110731125	0	0	3.9059054851532	0	0	0	0	2.14258182048798	2.2513912320137	0	0	0	0	0	0	0	0	0	0	0	0	0	0	0	0	3.0085928440094	1.69910430908203	0	0	0	0	0	3.73271983861923	0	0	0	0	0	0	1.89270627498627	11.552166223526	0	0	0	0	2.72700801491737	0.696623206138611	0	0	0	0	0	0	0	0	0	0	0	0	0	17.816851079464	11.9340224564075	0	0	7.77891629934311	0	0	0	0	0	0	0	1.8363830447197	0	0	0	0	0	0	0	0	0	9.05445003509521	0	0	3.51621663570404	0	0	0	0	0	0	0	0	0	0	0	0	0	0	0	0	0	0	0	0	0	0	0	0.587797462940216	0	0	2.56949710845947	0	0	0	0	2.27115106582642	0	0	0	12.6691291928291	0	1.91308569908142	0	0	0.981885552406311	0	0	0	0	0	0	3.80911862850189	0	0	0	0	2.07364237308502	0	0	0	1.01303294301033	0	0	0	0	0	0	0.733003318309784	0	0	0	0	3.41544419527054	0	0	0	0	0	0	0	2.14846062660217	0	0	0	0.425467431545258	0	1.26685407757759	0	0	0	0	0.668924987316132	0.968869030475616	0	0	0	0	16.1381618380547	0	0	0	0	0	0	0	0	0	0	0	0	2.51212131977081	0	0	0	0	0	0	0	6.24003112316132	0	0	0	1.35470390319824	0	0	0.904120862483978	0	0	0	0	0	0	0	0	0	0	0	0	0	0	0	0	0	4.38327145576477	0	0	0	0	0	0	0	0	4.42173004150391	0	2.39958786964417	0	0	0	9.82037055492401	0	5.75204902887344	0	0	0	0	0.540843069553375	0	0	0	0	0	0	0	0	0	0	0	1.39014929533005	0	0	3.53262865543365	0.568631231784821	0	0	0	0	0	0	0	0	7.84930145740509	0	5.90774917602539	0	0	0	0	0	0	0	0	0	0	0	0	0	0	0	0	0	0	0	0	0	0	37.6859549283981	0	0	0	0	8.36771041154861	0	0	0	2.55061882734299	0.834977030754089	0	2.4494514465332	0	0	0	0	0	7.35698628425598	3.88511580228806	0	0	0	0	0	0	0	0	0	0	0	0	0	7.59826505184174	0	0	0	0	0	0	0	0	0	0	0	0	0	0	0	2.24670672416687	0	0	0	0	0	0	0	0	0	0	0	0	23.9181500673294	0	0	0	0
Kcng1	0	0	0	0	0	0	0	0	0	0	0	0	0	0	0	0	0	0	15.3458304405212	15.0567624568939	0	0	0	0	0	0	0	0	12.4604253172874	0	0	0	39.9078462123871	0	0	0	76.0659679174423	0	0	0	0	1.10480916500092	19.8788791894913	2.7652952671051	0	0	0	0	80.3748626708984	0	0	0	0	0	0	0	0	0	0	7.18719339370728	0	0	0	0	0	0	70.0503339767456	0	0	0	0	0	32.2607742547989	0	0	0	3.04916661977768	0	18.4006025791168	0	7.79135853052139	0	0	0	0	0	0	6.26186609268188	49.5701252222061	0	0	0	0	0	0	0	0	0	0	0	0	7.06766301393509	0	0	0	0	0	0	0	0	63.027713060379	0	0	0	0	0	0	0	0	0	0	6.48814707994461	0	0	0	26.1283709406853	0	0	26.126305937767	2.23483246564865	0	0	0	0	11.697950899601	0	0	7.07544362545013	0	0	0	0	0	0	0	39.571004986763	0	0	0	0	0	16.9162154197693	0	21.6279000639915	0	0	0	0	0	0	28.600662946701	0	0	0	0	0	40.804410815239	0	0	0	0	0	0.757376313209534	0	0	0	3.4466267824173	20.2342865467072	0	0	0	0	38.3714693188667	0	0	0	0	47.9147066473961	0	0	0	0	28.3374763727188	0	0	0	0	0	0	0	0	0	0	0	0	0	0	58.581349670887	0	0	0	11.496201634407	2.71694815158844	0	0	0	0	0	0	0	29.006190776825	0	0	0	0	0	0	0	0	0	0	0	1.81901726126671	0	20.497577726841	7.50559502840042	0	0	0	8.11261582374573	26.4791882038116	0	0	0	0	0	0	0	0	0	0	0	0	0	0	0	0	1.64187979698181	1.58369576931	0	14.3977333307266	0	0	0	2.65384459495544	0	0	50.5996001362801	0	0	0	0	0	0	5.34314274787903	0.824908196926117	0	0	0	11.9893171191216	0	20.9838918447495	2.81784892082214	0	0	0	0	0	37.7261902093887	0	0	23.7147691845894	0	0	1.96534335613251	0	0	0	0	0	0	0	0	0	0	0	0	0	0	0	0	0	0	0	0	32.0198230147362	0	0	0	0	0	0	0	47.8922834992409	0	0	0	0	0	0	0	0	0	2.01662665605545	0	0	0	0	0	19.9068710803986	0	0	0	0	0	0	0	0	0	0	0	5.73818159103394	41.459012389183	1.98719954490662	0	0	0	0	0	0	0	0	0	3.94721448421478	0	0	0	0	0	0	0	0	0	0	0	0	0	0	0	0.548273086547852	0	0	0	6.7568598985672	0	0	0	0	26.8634326457977	0	0	0	0	0	0	0	0	0	0	18.1598021388054	0	0	0	0	0	0	0	0	0	0	0	27.3034226298332	0	0	0	0	0	0	0	0	0	0	0.492332637310028	0
Kcnj8	0.609527766704559	0	0	0	2.21508407592773	0	0	0	0	0	0	0	0	0	0	0	0	0	0	0	0	0	0	0.577961266040802	0	0	0	0	1.592080950737	0	0	0	0	0.832674562931061	0	0	0	0	0	0	0	0	0	0	0	0	0	0	0	0	0	0	0	0	0	0	0	0	0	0	0	0	0	0	0	0	1.7226185798645	0	0	0	0	0	0	0	0	0	0	0	0	0	0	0	0	0	0	0	0	0	0	0	0	0	0	0	0	0	0	0	0	0	0.854856848716736	0	0	0	0	0	0	0	0	0	0	0	0	0	0	0	0	0	0	0	0	0	0	0.71193927526474	0	0	0	0	0	0	0	0	0	0	0.737523794174194	2.22431302070618	0	0	0	0	0	0	0.717994749546051	0	0	0	0	0	0	0	0	0	0.737674534320831	0	0	0	0	0	0	0	0	0	0	0	0	0	0	0	0	0	0	0	0	0	0	0	0	0	0	0	0	0	0	0	0	0	19.5100269317627	0	0	0	0	0	0	0	0	5.15421628952026	0	0	0	0	0	0	0	0.803936660289764	0	0	0	0	0	0	0	0	0	0	0	0	0	0	0	0	0	0	0	0	0	0	0	0	0	0	0	0	0	0	0	0	0	0	0	0	4.16060316562653	0	0	0	0	0	0	0	0	0	0	0	0	0.414185523986816	0	0	0	0	0	0	0	0	0	0	0	0	0.858479619026184	0	0	0	0	0	0	0	0	0	0	0	0	0	0	0	0	0	0	0	0.381184816360474	0	0	0	0	0	13.1631412506104	0	0	0	0	0	0	3.86991357803345	0	0	0	0	0	0	0	0	0	0	0	0	0	0	0	0	0	0	0	0	0	0	0	0	0	0	0	0	0.826165974140167	0	0	0	0	0	0	0	0	0	0.714999437332153	0	0	0	0	0	0	0	0	0	0	0	0	0	0	0	0	0	0	4.56345909833908	0	0	0	0	0	0	0	0	0	0	0	0	0	0	0	0	0	0	0	0	0	0.702361881732941	0.639596700668335	0	0	0	0	0	0	0	0	0	0	0	0	0	0	0	0	0	0	0	0	0	0	0	0	0	0	0	0	0	0	0	0	0	0	0	0	0	2.37788438796997	0	2.90565878152847	0.774182736873627	0	0
L3mbtl4	0	0	0	0	0	0	0	0	0	0	0	0	0	0	0	0	0	0	0.58878082036972	0	0	0	0	0	0	0.956033945083618	0	0	0	0	0	0	0	0	0	0	0	0.865268349647522	0	0	0	0	0	0	0	0	0	0.717489421367645	0	0	0	0	0.822046875953674	0	0	0.669177353382111	0.742302596569061	0	0	0	0	1.00596129894257	0	0	0	2.60559773445129	0	0	0	0	0	0	4.10173976421356	0	0	0	0	0	0	0	0	0	0	0	0	1.04183357954025	0	0	1.5527246594429	0	0	0	0	0	0	0	0	0	0	0	0	0	0	0	0	0	0	0	0	0	0	0	0	0	0.843586802482605	0	0	0	0	0	0	0	0	0	0	0	0	0	0	0	0	0	0	0	0	0	0.843505859375	0	0	0	0	0	0	0	0	0	0	0	0	0	0	0	0	0	0	0	0	0	0	0	0	1.76432800292969	0	0	0	0	0	0	1.14746737480164	0	0	0	0	0	1.22678506374359	0	0	0	0	0	0	0	0	0	0.561233699321747	1.50647324323654	0.981885552406311	1.29933738708496	0	0	0	0	0	0	0	0	0	0	0	0	0	0	0	0	1.1361780166626	0.660820305347443	0	0	0	0.520089149475098	0	0	0	0	0	0	0	0	0	0	0	0.821653485298157	0	0	0	0	0.578294456005096	0	0	0	0	0	0	0	0.561164200305939	0	0	0	0	0	0	0	0	0	0	5.04545974731445	0	0	0	0	0	0	0	0	0	0	0	0	0	0	0	0	0	0	0	0	0	0	0.699702143669128	0	0	0	0	0	0	0	0	0	0	0	0	0	0	1.46555459499359	0	0	0	1.78782165050507	0	0	0	0	0	0	0	0	0	0	0.383065611124039	0	0	0	3.30932664871216	0	0	0	0	1.00897270441055	0	0	0	0	0	0	0.879945755004883	0.547894179821014	0	0	1.03618800640106	0	0	0	0	0	0	0	2.10088294744492	0	0	0	0	0	0	0	0	0.86576771736145	0	0	0	0	0	0	0	0	0	0	0	0	0	0	0	0.500826358795166	0	0	0	0	0	0	0.549954831600189	0	0	0	0	0	0	0	0.494030773639679	0	0	0	0	0	0	0	0	0	0	0	0	0	0	0	0	0	0	0	0	0	0	0	0	0	0	0	0	0	0	0	0	0	0	0	0	0	0	0	0	0.676414847373962	0	0.937670111656189	0	0	0	0	0	0	0	0	0	0	0	0	0	0
Lama3	0	0	0	0	0	0	0	0	0	0	0	0	0	0	1.26185750961304	0	0	0	0	0	2.78564620018005	0	0	0	0	0	0	0	5.87186658382416	0	0	0	0	0	0	0	0	0	0	2.31131398677826	0	0	0	0	0	0	0	0	0.393526017665863	0	0	0	5.37524032592773	0	0	0	0	0	0	1.84347987174988	0	0	0	0	0	0	0	0.602674424648285	0	0	0	0	0	0	0	0	0	0	0	0	0	0	0	0	0	0	0	0	0	0	0	0	0	0	2.22824907302856	0	0	0	0	0	0	0	0	0	9.74326127767563	0	0	0	0	0	0	1.1634635925293	0	0	0.739490687847137	0	0	0	0	0	0	0	0	0	0	0	0	0	0	0.631787896156311	0	0	0	0	0	0	2.67382848262787	0.915220975875854	0	1.86954987049103	0	0	0	0	0	0	0	0	0	0	0	0	0	0.551818430423737	0	0	0	2.35241770744324	0	0	0	0	0	0	0	0	0	0.66981053352356	2.94682252407074	0	0	0	0	0	0	0	1.33587574958801	0	0	0	0	0	0	2.32318711280823	0	0	0	0	3.42421036958694	0	0	0	0	0	0	0	0	0	0	0	0	0	0	0	0	0	0	0	0	0.711029529571533	0	0	0.870089948177338	0	0	0	0	0	0	0	0	6.48376083374023	3.6127016544342	0	0	0	0	0	0	0	0	0	0	0	0	2.95740509033203	0	0	0	0	0	0	0	0	0	0	0	0	0	0	0	0	0	0	0	0	0	0	0	0	0	0	0	0	0	0	0	0	0	0	0	0	0	0	0	0	0	0	0	7.38028508424759	0	0	0	0	0	5.13287472724915	0	0	0	0	0	7.2296667098999	0	0	0	0	0	0	0	0	0	0	0	0	2.00066232681274	0	0	0	0	4.26790809631348	0	0	0	0	0	0	0	0	0	0	0	0	0	0	0	0	0	0	0	0	9.43004894256592	0	2.68821859359741	0	0	0	3.96962207555771	0	0	0	0	0	0	0	0	0	0	8.04410862922668	0	0	0	0	0	0	0	0	1.62750029563904	13.9853919148445	0	3.02206063270569	0	0	0	0	0	0	0	0	0	0	0	0	0	0	0	0	0	0	0	0	0	0	0	0	0	0	0	0	0	0	0.505588948726654	0	0	0	0	0	0	0	0.772840559482574	14.8160049319267	0	18.3946350812912	2.53321599960327	0	0	0	5.24231576919556	3.43306231498718	0	0	13.5696003437042	0	0	0	0	0	0	0	0	0	0	0	0	5.92431676387787
Lhx6	0	0	0	0	0	1.42389369010925	0	9.64573323726654	0	0	0	0	0	0	0	0.729229927062988	0	0	0	0	0	0	0	0	0	0	0	0	0	0	0	0	0	0	0	0	0	0	0	0	0.845097243785858	0	0	0	0	0	0	0	0	0	0	0	0	0	11.1483240127563	0	0.957684099674225	0	0	0	0	0	5.60196393728256	0	0	0	0	0	0	0	0	1.14990478754044	0	0	0	0	2.31953573226929	0	0	0	1.83554363250732	0	0	0	0	0	0	0	0	12.8645925521851	0	0	0	3.75421768426895	0	0	0	0	0.638078987598419	0	0	0	0	0	0	0	0	0	0	10.6628694534302	0	0	0	0	0	0	0	0	0	0	0	0	0	0	0	0	0	0	0	0	0	0	0	0	0	0	0	0	0	0	0	0	0	0	0	0	0	0	0	0.653733253479004	0	0	0	0.678595364093781	0	0	0	0.942742168903351	0	0	0	0.580528140068054	0	0	0	0	0	0	0	0	0	0	0	5.15489339828491	0	0	0	0	0.844045758247375	0	0	0	0	0	0.589490652084351	0	0	0	0	0	0	0	0	0	0	0	0	0	0	0	0	0	0	0	0	0	0	0	0	0	7.95069599151611	0	0	0	0	0	0	0	0	0	0	0	0	0	0	0	0	0	0	0	0	0	0	0	0	0	0	0	0	0	0	0	0	0	0	0	0	0	0	0	0	0	0	0	0	3.18990564346313	0	0	0	0	0	0	0	0	0	0	0	0	13.9715204238892	0	0	0	0	0	0	0	0	0	0	0	0	0.485649079084396	0	1.34671646356583	0	0	0	0	0	0	0	0	0	0.452083915472031	0.420685410499573	0	0.799862623214722	0	0	0	0	0	0	0	0	8.08617007732391	0	0	0	0	0	0	0	0	0	0	0	0	0	0	3.39124572277069	0.471018373966217	0	9.75492244958878	0	0	5.8638391494751	0	0	0	0	0	0	0	1.68417918682098	0	0	0	6.98072648048401	0	7.47199469804764	0	0	0	0.585448265075684	0	0	0	0	0	0	0	0	0	0.488965749740601	0	0	0	0.549954831600189	0	0	0	0	0	0	0	0	0	0	0	0	6.41821372509003	0	0	0	0	0	1.16399443149567	0	0	0	0	0	2.51268231868744	0	0	0	0	0	0	4.68480581045151	0.599843978881836	0	0	0	0	0	0	0	0	0	0	0	0	0	0	0	0	0	0	0	0	0	0	0	0	0	0	0	0	0	0	0	0
Lmo1	0	0	0	0	0	0	0	0	0	0	0	0	2.02729815244675	0	1.73888373374939	0	0	0	2.03680682182312	0	0.614310741424561	0	0	0	0	0	0	0	1.79033714532852	3.11295366287231	0	0	0	0	0	0	0	0	0	0	0.55650007724762	0	0	0	0	0	0.883615255355835	0	0	0.96263587474823	0	0	0	0	3.95337772369385	0.916245400905609	0.957684099674225	0	0	0	0	0	0	0	0	0	0	0	0	0	0	0	0	0	0	0	0	0	0	0	0	0	0	0	0	0	0	0	0	0.691460013389587	0	0	0	0	0	0	0	0	0	0	0	0	0	0	0	0	1.25578385591507	0	1.98766893148422	0	0	0	0	0	1.64584159851074	3.22874331474304	0	0	0	0	5.76994180679321	0	0	0	0	0	0	0	0	0	0	1.0688328742981	0.576867341995239	0	0	0	0	0	0	0	0	0	0	0	0	0	0	0	0	0	0	1.78010082244873	0	0	0	0	0	0	0	1.02827548980713	0	0	0	0	2.98577558994293	0	0	0	0	0	1.4336684346199	0	0	0	0	0	5.53170537948608	1.20982086658478	0	0	0	0	1.38364523649216	0	0	0.835680305957794	1.52746510505676	0	0.374774396419525	0	0	0	0	0	2.54693967103958	0	0	0	0	0	3.59152209758759	0	0.520752251148224	0	0	0	0	0	0	0	0	0	0	0	0	0	0	0	0	0	0	0	0	0	0	0	0	1.87386345863342	0.37349459528923	0	0	0	0	0	0	0	0	0	0	0	0	0	0.611983895301819	0.940517723560333	0	0	0	0	0	0	0.945257961750031	0	0	0	0	0	0	0	0	2.04659056663513	0	0	0	0	0	0	1.77760481834412	0	0	0	1.58194148540497	0	0	0	0	0	0	0	0	0	0	0	0	0	0	0	0	0	0	0	2.183722615242	1.87531095743179	0	0	0	0	0	0	0	0	0	0	0	0	1.64273709058762	0	0	0	0	0	0	0	0	0	0	0	0.654739081859589	0	0	0	0.921586453914642	0	0	0	0	0	0	0	0	0	0	0	1.90697717666626	1.09995478391647	0	3.75962597131729	0	0	0	2.50748229026794	0	0	0	0	2.84629905223846	0	0	11.5331293344498	0	0	0	0	0	0	0	0	0	0	0	0	0	0	0	0	0	0	0	0	0	0	0	0	0	0	0	0	0	0	0	0	0	0	1.72450411319733	0	0	0	0	0	0	0	1.74652904272079	1.7936252951622	0	0	0	0	0	0	0	0	0	0	0	0	0	0	0	0	0	0	0	0	0	0	0	0.917958080768585	0.337898463010788	0	0	0	0	0	0	0
Lsp1	0	0	0	0	0	0	0	0	0.819566130638123	0	0	0	0	0	0	0	0	0	0	0	0	0	0	0.787666499614716	0	0	0	0	0	0	0	0	0	0	0	0	0	0	0	0	0	0	0	0	1.06823873519897	0	0	0	0	0	0	0	0	4.73756241798401	0	0	0	0	0	0	0	0	0	0	0.992321193218231	2.82483905553818	0	0	0	0	0	0	0	0	0	0	0	0	0	0	0	0	0	0	0	0	0	0	0	0	0	0	0	0	0	0	0	0	0	0	0	0	1.8743349313736	0	0	0	0	0	0	0	0	0	21.3435933589935	0	0	2.06187963485718	0	0	0	0	0	0	2.14325988292694	0	0	1.47980928421021	0	0	0	0	0	0	4.99828338623047	0	0	0	7.03955662250519	0	0	0	0	0	0	0	0	1.57118570804596	0	1.70790445804596	0.421250492334366	0	0	0	17.0975390672684	0	0	4.13026469945908	0	0	0	0.964654326438904	0	0	0	0	0	0	0	0	0	0	4.53934615850449	0	0	0	0	5.54255449771881	0	0	0	0	0	0	0	0	0.589490652084351	0	0.76223760843277	0	0	0	0	0	0	0	17.3482276797295	0	0	0	0	0	0.488161593675613	0	0	0	0	0	0	0	0	0	1.93041133880615	3.14656162261963	0	0	0	0	0	0.365481555461884	0	0	0	0	0	0	1.18124455213547	0	0.850934863090515	0	0	0	0	0	0	0	0	0	24.4906544685364	0	0	0	5.55675768852234	0	0	0	0	0	0	0	0.586450278759003	0	0	0	0	0.621357262134552	0	0	0	0	0	2.3519766330719	0	0	0	0	1.20279681682587	0	0	1.03955143690109	0.414178788661957	0	0	0	0	0	0	0	0	0	0	0	0	0	0	0	0	0	0	0	0	0	0	0	0	0	0	0	0	0	0	0.582020103931427	0	0	0	0	0	0	0	0	0	0.930415570735931	0	0	0	0	0.857021749019623	0	2.10145911574364	0	0	0	0	0	0	0	1.20203959941864	0	0.557868897914886	0	0	0	0	0.460990935564041	0	0	0	0	0	0	0	0	0	0	0	0	0	0	0	0	0	0	0	0	0	0	0	0	0	2.83485251665115	0.606273174285889	0	0	0	0	1.28121370077133	0	0.80155736207962	0	0	0	0	0	0	0	0	0	0	0	0	0	0	0	0	0	0	0	0	0	0	0	0	0	0	0	0	0	0	0	0	0	0	0	0	0.545664727687836	0	0.795388042926788	0	0	0	0	4.87264037132263	3.52593755722046	0	0	0	0	0	0.675796926021576	3.58323228359222	0	0	0	0	0	0
Ltf	0	0	0	0	0	0	0	0	0	0	0	0	0	0	0	0	0	0	0	0	0	0	0	0	0	0	0	0	0	0	0	0	1.40064883232117	0	0	0	0	0	0	0	0	0	0	0	0	0	0	0	0	0	0	3.45363473892212	0	0	0	0	0	0	0	0	0	0	0	1.52042549848557	0	0	0.628782510757446	0	0	0	0	0	0	0	0	0	0	0	1.68180680274963	0	0	0	0	0	0	0	0	0	0	0	0.555964350700378	0	0	0	0	0	0	0	0	0	0	0	0	0	0	0	0	0	0	0	0	0	0	0	0	0	0	0	0	0	0	0	0	0	2.58913534879684	0	0	0	0	0	0	0	0	0	0	0	0	0	0	0	0	0	0	0	0.998628556728363	0	0	0	0	0	0	0	0	0	0	0	0	0	0	0	0	0	0	0	0	0	0	0	0	0	6.1922402381897	0	0	0	0	0.712832987308502	0	0	0	0	1.01695656776428	0	0	0	0	0	0	0	0	0	0	0	0	0	0	0	0	0	0	0	0	0	0.492280691862106	0	0	0	0	0	0	0	0	0	0	0	0	0	0	0	0	0	0	0	0	0	0	0	0	0	0	0	1.23448371887207	0	0	0	0	0	0	0	0	0	0	0	0	0	0	0	0	0	0	0	0	0	0	0	0	0	0	0	0	0	0	0	0.902343332767487	0	0	0	0	0	0	0	0	0	0	0	0	0	0	0	0	0	0	0.614433646202087	0.593010425567627	0	0.527068078517914	1.9828722178936	0	0	0	0	0	0	0	0	0	0	0	0	0	0	0	0	1.23889780044556	0	0	0	0	0	0	0	0	0	0	0	0	0	0	0	0	0	0	0	0	0	0	0	0	0	0	0	0.877842843532562	0	0	0	0	0	0	0	0	0	0	0	0	0	0	0	0	0	0	0	0	0	0	0	0	0	0	0	0	0	0	0	0	9.61794948577881	0	0	0	0	0	1.2171483039856	0	0	1.28576791286469	0	0	0	0	0	0	0	0	0	0	0	0	0.919418394565582	0.64758038520813	0	0	0	0	0	0	0	0	0	0	0	0	0	0	0	0	0	0	0	0	0	0.796680808067322	0	0	0	0	0	0	0	0	0	0	1.11732947826385	0	0	0	0
Luzp2	0	0	0	0	0.874251306056976	0	0	2.21146088838577	0	0	3.21344381570816	6.71440935134888	0	0	0	0	0	0	0	0	0	0	0	0	0	1.44542521238327	0	0	0	0	0	6.13218718767166	0	0	0	0	14.535738825798	0	0	0	0	2.89092612266541	4.13304102420807	0	0	12.035847902298	0	0	9.43646997213364	8.60492449998856	0	0	0	0	0	0	0	4.77681329846382	4.58398449420929	0	0	0	17.0621273517609	0	0	0	0	0	0	0	0	0	0	0	4.40245819091797	0	0	0	0	0	0	0	0	0	0	3.69177961349487	9.93580257892609	0	0	0	4.60728096961975	0	0.815611004829407	0	0	0	0	0	9.25964766740799	0	3.71000987291336	0	0	0	0	0	0	4.33565083146095	0	0	0	0	0	1.6747288107872	0	0	0	13.486868083477	0	0	7.83878397941589	11.8266988992691	12.7759606838226	0	0	9.12676393985748	0	0	0	0	0	0.448768317699432	0	0	0	0	0	0	1.46724224090576	0	0	0	0	0	3.8558075428009	0	0	0	0	1.25861370563507	0	0	0	0	0	9.67484194040298	0	4.09915661811829	1.97378814220428	25.6316400766373	0	0	0	0	0	9.23205250501633	0	0	0	0	0	6.73407053947449	2.97557628154755	0	1.24206531047821	0	0	0	0	0	0	0	0	0	10.0939543247223	0	0	0	4.78198897838593	4.64301371574402	0	0	0	0	0	1.84236192703247	0	0	0	0	0	0	0	0	18.3622438311577	11.5406755208969	0	7.16379737854004	0	0	0	5.99772399663925	0	0	1.9071050286293	0	5.94662058353424	0.776445657014847	0	0	8.23956525325775	0	0	0	0	0	0	1.74390542507172	3.85391771793365	0	0	0	0	0	7.19319313764572	0	0	0	0	23.3225051760674	0	0	0	0	0	0	0	4.59152352809906	0	0	0	0	8.40477418899536	0	0	0	0	0.32176399230957	0	11.2776327133179	8.18190783262253	0	0	0	0	0	5.65360122919083	4.71762847900391	0	0	0	4.51348030567169	0	13.7524565458298	0.625416278839111	1.42930674552917	0	0	0	2.47064501047134	0	0	5.07755053043365	9.28357243537903	0	12.0785421133041	6.75509035587311	0	0	0	0	0	0	0	0	0	0	0	16.035101890564	0	9.0680587887764	0	11.0980216264725	0	0	0	6.95235776901245	5.4150338768959	0	0	0	0	7.30592954158783	0	0	0	0	0	0	0	9.32258260250092	0	0	0	0	3.27211380004883	0	0	0	0	0	0	0	0	0	0	0	0	0	1.62001085281372	0	0	1.28076213598251	0	0	0	0	0	6.36150282621384	11.6934934258461	0	0	0	0	0	0	0	0	15.7830542325974	0	0	0	0	0	4.83008193969727	0	0	0	0	0	0	0	8.52593767642975	0	0	0	0	0	0	0	0	0	0	0	10.6904564201832	0	0	0	0	8.62005814909935	0	0	0	0	0	0	0	0	0	0	0	0	0	0	0	0	0	0	0	0	0	0	0	0	0	0	1.14054095745087	0	0	0	0	0	0	13.8767153024673
Lypd1	0	0	1.01844131946564	0	0	0	0	23.4105013608932	0	0	0	1.64139676094055	0	0	0	0	0	0	0	0	0	0	0	7.00139224529266	0	0	0	0	14.2484434843063	0	0	0	0	2.78117942810059	0	0	0	0	13.3561097383499	0	0	0	0	0	0	0	7.9617338180542	0	1.33001548051834	0.999588429927826	0	0	0	3.31766307353973	0	0	0	0	0	0	0	0	0	0	0	0	0	0	0	0	0	0	2.46280699968338	0	0	0	0	0	6.35486793518066	0	16.1963099241257	0	0	0	0	0	0	0	0	0	0	3.58630073070526	0	0	0	6.44126313924789	0	0	0	0.389497518539429	0	0	1.12029504776001	0	0	0	4.22990489006042	0	0	0	0	0	0	0	0	0	0	0	0	0	0	0	0.539389431476593	0.71193927526474	0	0	0	0	0	0	0	0	0	0	6.26383453607559	0	0	0	0	0	0	9.11107891798019	0	0	0	3.29213243722916	0	0	3.75367844104767	0	14.4158568382263	0	0	0	2.51359188556671	0	3.57780015468597	0	0	0	16.6858376264572	12.0382078886032	0	0	0	0	0.55924117565155	0	0	0	0	14.1435075998306	0	0	0	0	0	2.59002077579498	0	0	0	0	0	0	0	0	2.31709027290344	0	0	0	0	0	0	0	0	2.42321252822876	0	0	0	0	0	0	0	0	0	2.42098391056061	0	0	0	0	0	0	0	0	6.36381083726883	0	0	0	0	0	15.0965183973312	0	0	0	0	0	0	4.24614191055298	1.19366893172264	0	0	0.473500549793243	0	0	0	0	0	0	0	0	0	5.60600960254669	0	1.45032113790512	2.50356817245483	0	0	0	1.18754863739014	0	0	0	0	9.48663520812988	0	0	0	0	0	0	6.80858439207077	0	0	0	0	5.51625472307205	0	0	8.15531969070435	0	0	0	0	0	0	0	0	0	0	0	0	0	0	0	0	0	0	1.14320766925812	17.395912528038	0	0	2.70093846321106	0	0	0	0	0	23.1227749586105	0	0	1.61679691076279	0	0	0	0	0	0	0	0	20.6609722971916	2.14217257499695	0	0	0	0	0	0	0	0	0	0	0	1.7147490978241	0	0	4.57206463813782	0	0	0	9.96098345518112	0	7.36481532454491	0	0	0	0	0	0	0	0	0	0	0	0	0	0	0	4.06672328710556	7.99047088623047	0	0	0	0	0	0	0	0	0	8.22984474897385	0	0	0	0	2.73348665237427	0	0	0	0	0	2.62933301925659	0	0	0	0	0	0	0	0	0	0	0	0	0	7.1772735118866	0	0	0	0.472462862730026	0	0	0	0	0	0	0	0	0	0	0	0	8.32670593261719	0	0	0	0	0	0	0	0	0	0	0	0	0	0	0	0	0	0	0	0	0	1.17902100086212	0
Lyzl4	0	0	0	0	0	0	0	0	0	0	0	0	0	0	0	0	0	1.53923439979553	0	0	0	0	0.534173548221588	0	0	0	0	0	0.684844434261322	0	0	0	0	0	0	2.34898066520691	0	0	0	0	0	0	0	0	1.31476747989655	0	0.59632009267807	0	0	0	0	0	1.94438505172729	0	0	0	0	0	0	0	0	0	0	0	0	0	0	0	0	0	0.690144419670105	0	0	0	0	0	0	0	0	0	0	0	0	0	0	0	0.582538723945618	3.12385219335556	0	0	0	0	0	0	0	0.731808245182037	0	0	0	0	0	0	0	0	0	0	0.696623206138611	0.491759032011032	0.680328667163849	0	0	0	0	0	0	0	0	0	0	0	0	0	0	0	0	0	0	0	0	0	0	0	0	0	0	0	0	0	0	0	1.08134520053864	0	0	0	0.62914514541626	0	0.504377722740173	0	0	0	1.33099853992462	0	0.650667369365692	0	0	0	0	0	0	0	0	3.85342168807983	0	0	0	0	0	0	0	0	0	0	0	0	0	0	0	0	0	0	0	0	0	0	0	0	0	0	0	2.20870381593704	0	0	0	0	0	0	0	0	0	0	0	0	0	0	0	0	0	0	0	0	0	0	0	0	0	0	0	0	0	0	0	0	0	0	0.512003302574158	0	0	0	0	0.50372701883316	3.5086932182312	0	0	1.33784997463226	0	0	0	0	0	0	0	0	0	0	0	0	0	0	0	0	0	2.76038378477097	0	0	0	0	0	0	0	0	0	0	0	0	0	0	0	0	0	0	0	0	0	0.965129435062408	0	0	0	0	0	0	0	0.596818387508392	0	0	0	1.80922865867615	0	0	0	0	0	0	0	0	0	0	0	0	0	0	0.471036791801453	0	0	0	0	0	0	0.540843069553375	0	0.987140417098999	0	0	0	0	1.20542532205582	0	0	0	0	0	0	0	0	0	0	0	0	0	0	0	0	0	0	0	0	0	0	0	0	0	0	0	0	0	0	0	0	0	0	0	0	0	0.64202356338501	0	0	0	0	0	0	0	0	0	0	3.78670990467072	0	0	0	0	0	0	0	0	1.88525205850601	0	1.16605710983276	0	0	0	0	0	0	0	0	0	0	0	0	0	0	0	0	0	0	0	0	0	0	0	0	0	0	0	0	0	0	0	0	0	0	0	0	0	0	0	0	0	0	0	0	0.659702599048615	0	0	0	0
1-Mar	0	0	0	0	0	0	0	4.0483323931694	0	0.583852767944336	0	0	0	0	0	0	0	0	0	1.12247097492218	0	0	0	0	0	0	0	0	0	0	0	2.52278709411621	0	0	0	0	0	2.07481023669243	0	0	0	0	0	1.38592863082886	0	0	0	0.641021609306335	0	0	0	0.912112534046173	0	0	0	0	0	0	0	0	0	0	4.30700552463531	0	0	0	0	0	0	0	0	0	0	0	0	0	4.20277690887451	0	0	0	0	0	0	0	0	0	0	0	0	0	0	4.70768582820892	0	1.81828153133392	0	0	0	0	0	0	3.34787708520889	0	0	0	0	0	0	0.408562511205673	0	0	0	0	0	0	0	0	0	0	0	0	0	0	0	0	0	0	0	0	0	0	0	0	0	4.91163265705109	0	0	0	0	0	0	1.06160223484039	0.632517993450165	0	0	0	0	0	0	0	0	2.66199707984924	0.874663829803467	0	0	0	0	0	0	0	0	17.0166057348251	2.43503731489182	0	0	0	0	0	0	0.482042342424393	0	0	0.790083527565002	0	0	0	0	0	0	0	0	4.01295948028564	0	0	0	1.11276310682297	0.840758919715881	0	0	0	0	0	0	0	0	0	0	0	0	0	0	7.619031727314	0	0	0	0	0	0	0	0	0	1.12996113300323	0	0	0.832019209861755	0	0	1.32240664958954	0	0	0	0	0	0	0	0	0	0	0	0	0	0	0	0	0	0	0	0	0	1.03043520450592	6.30596458911896	0	0	0	0	2.74468618631363	0	0	0	0	0	0	0	0	0	0	0	0	1.68825042247772	0	2.68734979629517	0	5.33023619651794	0	0.817321240901947	0	0	0	0	0	0	0	0	0	0	0	0	0	3.77501708269119	8.31660681962967	0	0	5.75068444013596	0	0	0	0	0	0	0	1.8749668598175	0	1.15619373321533	0	0	0	0	0.7589191198349	0	0	0	3.0345596075058	0	2.29913139343262	0	0	0	0	0.540843069553375	0	0	0	0	0	0	0	0	0	1.21597939729691	0	1.36536812782288	0	0.486705124378204	0	0	0	0	0	0	0	0	0	0	0	0	0	0	0	0	0	0	0	0	0	0	0	0	0	0	3.70475977659225	4.83974975347519	0	0	2.87546503543854	0	0	0	0.684439897537231	0	1.48193645477295	7.16819632053375	0	0	2.41900724172592	0	0	0	2.05658805370331	0	0	0	8.31275230646133	2.81238186359406	7.58025300502777	0	0	0	0	0	0	0	0	0	0	0	0	0	0	0	7.15239119529724	0	0.975342869758606	0	0	0	0	0	0	0	0	0	0	0	0	0	0	0	0	0	0	0	0	0	0	0	0	0	0	0	0	0	0	0	0	0
Marcksl1	0	0	0	0	0	0	0	0	0	0	0	0	0	4.01574724912643	0	0	0	2.03545498847961	0	19.1697719097137	0	29.1906111240387	0	0	0	0	0	0	100.123982489109	0	0	0	0	0	0	0	0	13.3965442180634	0	19.9872798919678	0	0	67.174711227417	0	0	8.82671666145325	0	0	0	82.5315430164337	12.4638917446136	0	0	0	0	0	0	0	0	0	0	0	25.9885921478271	0	0	0	0	0	0	9.60903468728065	0	0	0	0	0	0	0	0	0	0	0	2.39405846595764	0	0	0	0	0	0	0	0	0	0	0	17.6855353116989	13.354963183403	0	0	0	0	6.16470104455948	127.415118992329	15.6205555200577	0	0	0	0	0	0	0	4.0156078338623	0	0	0	0	0	0	0	24.2158961296082	0	19.9173629283905	0	0	0	0	43.8566224575043	0	0	4.93495154380798	0	0	0	0	0	0	6.20246648788452	0	0	0	7.42810916900635	0	0	0	6.51238662004471	10.8681715726852	0	0	0	0	0	0	0	0	7.72320061922073	0	0	0	0	14.3878862857819	2.63171768188477	0	0	0	0	0	13.9752531647682	163.501139640808	0	0	0.964084684848785	8.00720167160034	0	0	0	0	9.41713511943817	0	0	0	0	0	0	21.2873860895634	0	4.03968065977097	0	0	47.70280367136	0	0	0	0	0	0	0	0	0	0	0	0	0	0	0	0	0	6.10000669956207	0	0	0	0	0	0	0	0	0	0	0	0	1.78867250680923	0	0	0	0	0	10.4948724508286	0	0	0	0	0	0	0	0	2.84352254867554	21.0824861526489	0	0	0	0	5.79998111724854	0	0	15.2548085451126	0	0	0	92.951150894165	0	10.3039019107819	0	0	0	3.16918253898621	0	0	0	0	0	0	0	37.150951385498	0	0	0	0	0	50.9351887702942	0	3.26293516159058	0	15.3893311023712	0	0	0	13.0932347774506	0	1.4852921962738	0	0	0	39.3275775909424	0	4.88828039169312	0	0	0	0	0	0	0	0	0	0	2.58801490068436	0	0	0	12.2245926856995	0	0	0	0	0	0	0	79.8887360095978	0	0	0	0	0	1.27605998516083	0	0	0	0	10.041891515255	0	0	0	42.9299807548523	0	0	0	0	6.26880145072937	0	0	3.31857013702393	0	29.645161151886	0	0	0	0	0	39.5278914570808	0	38.0770008563995	0	0	0	0	5.04057550430298	0	0	0	0	0	0	0	37.7160097956657	0	92.8085875511169	0	0	3.59615123271942	0	12.3951769471169	0	7.02890980243683	0	0	0	0	0	0	0	0	0	0	0	26.8026759624481	7.31711620092392	0	0	0	0	0	22.6412776708603	0	0	0	0	0	0	0	0	0	0	0	0	0	0	0	0	0	0	8.68740472197533	0	0	0	0	0	0	0	0	0	0	0	0	0	0	0	1.38171792030334	0	0	0	0	0	61.0664346218109	0	0	0	0
Meis2	0	0	0	0	0	0	0	26.2406252622604	0	0	0	0	2.89033496379852	0	0	7.31809222698212	0	0	0	0	9.03492152690887	0	9.68413245677948	0	0	0	0	0	0	0	0	0	0	0	0	0	0	0	0	0	0	0	0	0	0	0	0	0	0	0	0	0	14.7021019458771	0	28.3473046422005	9.11198759078979	0	0	12.0972412228584	0	0	0	26.4393675327301	0	13.1737039089203	7.50026422739029	0	0	0	0	20.0374277830124	0	0	0	19.7466886639595	0	0	0	0	0	0	0	14.052884221077	0	0	2.14440274238586	0	0	0	0	9.13490825891495	0	0	0	0	0	0	0	3.48179507255554	0	0	0	0	0	0	3.86935174465179	0	0	17.5409655570984	0	0	0	24.5953502058983	0	8.73048537969589	0	0	0	0	0	49.913547873497	0	0	0	0	0	2.280024766922	0	13.4664730429649	0	0	0	0	0	0	4.96227556467056	0	0	0	0	0	0	15.4507238864899	0	0	0	0	4.60336780548096	0	8.83000421524048	0	0	0	18.1065835952759	0	0	0	5.68143373727798	0	0	0	0	0	0	0	14.9017601013184	0	0	14.5343514680862	0	0	0	0	0	0	0	0	0	0	0	0	0	0	0	0	0	1.56910443305969	0	0	6.38824605941772	0	5.22747361660004	0	0	0	0	0	0	0	1.92126762866974	0	0	0	0	17.2044934034348	0	0	18.5965313911438	0	0	23.1488484740257	0	0	0	0	10.444274187088	0	0	0	0	0	0	0	0	0	0	1.94821017980576	0	0	0	0	0	0	0	0	0	0	0	0	44.3309873342514	0	0	0	0	0	0	0	0	0	0	0	0	0	0	0	17.2788833379745	0.879257380962372	0	0	0	0	0	16.8036020994186	10.9932990074158	0	0	0	0	0	0	0	0	0	0	0	0	0	0	0	0	0	0	0	0	0	0	0	0	18.1547666192055	15.4359140992165	0	0	0	0	0	1.72347033023834	0	0	36.2731827497482	21.1206901073456	0	16.5282548069954	0	0	2.61459457874298	0	0	0	9.32064217329025	0	0	0	0	0	81.4560057520866	0	28.6613594293594	12.1947835683823	0	0	0	0	0	0	0	9.8944765329361	0	0	0	33.9563779830933	0	31.7534446716309	0	0	0	0	0	0	0	0	0	0	0	0	0	22.9974401593208	30.4565093517303	0	0	0	0	0	0	0	0	0	0	89.8577510714531	0	31.2279213666916	14.5231332778931	0	0	0	0	0	0	0	0	0	70.286190032959	0	0	0	0	30.8503024578094	0	0	0	15.4759615659714	0	3.51807355880737	0	0	0	0	0	0	0	0	0	0	0	0	0	0	19.4336099624634	0	0	33.8575341701508	0	35.6339170336723	0	0	0	0	0	0	0	0	0	0	0	0	0	0	0	0.967434406280518	0	0	0	0	0	0
Moxd1	0	0	0	0	0	0	0	0	1.202712059021	0	0	0	0	0	0.523894190788269	0	0	0	0	0	0	0	0	0	0	0	0	0	1.25734686851501	0	0	0	0	0	0.561239659786224	0	0	0	0	0	0	0	0	0	0.443057954311371	5.29062169790268	0	0	0	0	0	0	0	0	0	0	0	0	0	0	0	0	0	0	0.543233513832092	0	0	0	0	1.18164312839508	0	0	0	0	0	0	0	0	0	0	0	0	0	0	0	0	0	0	0	0	0	0	0	0	0	0	0	0	0	0	0	0	0	0	0	0	0	1.39229860901833	0	0	0	0	0	0	0	0	0.639933109283447	0	0	0	0	0	0	2.40157902240753	0	0	0	0.75735080242157	0	0	0	0	0	0	0	0	0	0	0	0	0	2.29411548376083	0	0	0	0	0	0	0	0	0	0	0	0	1.64284855127335	0	0	0	0	0	0	0	0	3.08046972751617	0	2.62364959716797	0	0	0	0	0	0	0	0	0	0	0	1.51858127117157	0	0	0	0	0	0	0	0	7.50262713432312	0	0.374774396419525	0.869050234556198	0	0	0	0	0	0	0	0	0	0	0.488161593675613	0	0	0	0	0	0	0	0	0	2.80582046508789	0	0	0	0	0	0	0	0	0	0	0	0	0	0	0	0	0	0	0	0	0	0	0	0	0	0	0	0	0	0	0	0	0	0	0	0	0	0	0	0	0	0	0	0	0	0	0	0	0	2.177090883255	0	0	0	0.60925167798996	0	0	0	0	0	0	0	0	0	0	0	0	0	0	1.69420689344406	0	0	0	0.68181049823761	0	0	0	0.665820062160492	0	0	0	0	0	0	0	0	0	0	0	0	0	0	0	0	0	0	1.95990753173828	0	0	0	0	0	0	0	0.428855329751968	0.660284996032715	0	0	0	0	0	0	0	0	0	1.54848170280457	0	0	0	0	0	0	0	0	0	0	0	0	0	0	0	0	0	0	0	0	0	1.50698840618134	0	0	0	0	0	0	0	0	0	0	1.70407164096832	0	0	0	0	0	0	0	0	0	0	0	0	0	0	0	0	0	0	0	0.970464825630188	0.46913605928421	0	0	0	0	0	4.24738883972168	0	0	0	0	0	0	0	0	0	0	0	0	0	2.95846647024155	0	0	0	0	0	0	0	0.50322687625885	5.06506490707397	0	0	0	0	0	1.03619921207428	0	0	0	0	0	0	0	0	0
Mrc1	0	0	0	0	0	0	0	0	0	0	0	0	0	0	0	0	0	0	0	0	0	0	0	0	0	0	10.6066786050797	0	0	0	0	0	0	0	0	0	0	6.59081840515137	0	0	0	0	0	0	0	0	1.20999389886856	0	0	0	0	1.20870614051819	0	0	0	0	0	0	0	0	0	0	0	27.265721321106	0	0	0	0	0	0	0	0	0	0	0	0	0	0	0	0	0	0	0	0	0	0	0	0	0	0	0	0	0	0	0	0	0	0	0.78377902507782	0	0.783306658267975	0	0	0	0	0	0	0	0	0	0	0	1.42320704460144	0	0	0	2.01823085546494	0	0	0	0	0	0	0	0	0	0	0	0	0	0	0	0	0	0	0	0	0	0	0	0	0	0	0	0	0	0	0	0	0	0	0	0.720860719680786	0	0	0.93786346912384	0	0	0	4.31082153320312	0.879659056663513	0	0	1.54456388950348	0	0	0	0	0	0	0	0	0	0	1.24206531047821	0	0	0	0	0	0	2.09045600891113	0	0	0	0	0	0	0	0	0	0	0.940065264701843	0	3.19073081016541	0	0	0	0	0	0	0	0	0	0	0	0	0	0	0	0	0	0	0	0	0	0	9.56452244520187	0	0	0	0	0	0	0	0	0	0	0.37349459528923	0	0	0	0	0	0	0	0	0	0	0	3.45266890525818	0	0	0	0	0	0	0	0	0	0	0	0	0	0	0	0	0	0	0.62547492980957	0	0	0	0.76266998052597	0	0	0	0	0	1.75876301527023	0	0	0	0	0	0	0	0	0	0	0	1.13530457019806	0	0	0	0	0	0.357192039489746	0	0	0	0	0.434029310941696	0	0	0	0	0	0	0	0	0	0	0	0	0	0	0	0	0	0	0	0	0	0	0	0	0	0	0	0	0	0	0	0	2.03113269805908	0	0	0	0	0	0	0	0	0	0	0	0	0	0	0	0	0	0	0	0	0	0	0	0	0	0	0	0	0	0	0	0	0	0	0	0	0	0	1.876051902771	0	0	0	0	0	0	0	0	0	0	0	0	0	0	0	6.02134966850281	0	0	0	0	0	0	0	0	0	0	0	0	0	0	0	0	0	0	0	0	0	0	0	0	0	0	0	1.71165144443512	0	0	0	0	0	0	0.670144617557526	0	0	0	0	0	0	0.950017690658569	0
Mrgprx2	0	0	0	0	0	0	0	0	0	0	0	0	0	0	0	0	0	0	0	0	0	0	0	0	0	0	0	0	0	0	0	0	0	0	0	0	0	0	0	0	0	0	0	0	0	0	0	0	0	0	0	0	0	0	0	0	0	0.445555478334427	0	0	0	0	0	0.580043494701385	0	0	0	0	0	0	0	0	0	0	0	0	0	0	0	0	0	0	0.630752682685852	0	0	0	0	0	0	0	0	0	0	0	0	0	0	0	0	0	0	0	0	0	0	0	0	0	0	0	0	0	0	0	0	0	0	0	0	0	0	0	0	0	0	0	0	0	0	0	0	0	0	0	0	0	0	0	0	0	0	0	0	0	0	0	0	0	0	0	0	0	0	0	0	0	0	0	0	0	0	0.662341415882111	0	0	0	0	0	0	0	0	0	0	0	0	0	0	0	0	0	0	0	0	0	0	0	0	0	0	0	0	0	0	0	0	0	0	0	0	0	0	0	0	0	0	0	0	0	0	0	0	0	0	0	0	0	0	3.02450823783875	0	0	0	0	0	0	0	0	0	0	0	0	0	0	0	0	0	0	0	0	0	0	0	0	0	0	0	0	0	0	0	0	0	0	0	0	0	1.8690013885498	0	0	0	0	0	0	0	0	0	0	0	0	0	0	0	0	0	0	0	0	0	0	0	0	0	0	0	0	0	0	0	0	0	0	0	0	0	0	0	0	0	0	0	0	0	0.901625454425812	0	0	0	0	0	0	0	0	0	0	0	0	0	0	1.09036755561829	0	0	0	0	0	0	0	0	0	0	0	0	0	0	0	0	1.74446105957031	0	0	0	0	0	0	0	0	0	0	0	0	0	0	0	0	0	0	0	0	0	0	0	0	0	0	0	0	0	0	0	0	0	0	0	0	0	0	0	0	0	0	0	0	0	0	0	0	0	0	0	0	0	0	0	0	0.527646541595459	0	0	0	0	0	0	0	0	0	0	0	0	0	0	0	0	0	0	0	0	0	0	0	0	0	0	0	0	0	0	0	0	1.17902100086212	0
Muc20	0	0	0	0	0	0	0	0	0	0	0	0	0	0	0	0	0	0	0	0	0	0	0	0	0	0	0	0	0	0	0	0	0	0	0	0.658500492572784	0	0	0	0	0	0	1.56904470920563	0	0	0	0	0	0	0	0	0	0	0	0	0	0	0	0	1.95754766464233	0	0	0	0	0	0	0	0	0	0	0	0	0	0	0	0	0	0	0	0	0	0	0	0	0	0	0	0	0	0	0	0	0	0	0	0	0	0	0	0	0.604282677173615	0	0.895807445049286	0	0	0	0	0	1.43803155422211	0	0	0	0.652081370353699	0	0	0	0	0	0	0	0	0.823851048946381	0	0	0	0	0	0	0	0	1.87442874908447	0	0	0	0	1.31386268138885	0	0	0	0	0	0	0	0	0	0.563496172428131	0	0	0	0	0	0	0	0	0.839097261428833	0	0	0	0	0	0	0	0	0	0	0	0	0	0	0	0	0	1.05474448204041	0	0	0	0	0	0	0	0	0	0	0	0	0	0	0	0	0	0	1.04673898220062	0	0	0	0	0	0	0	0	0	0.528028726577759	0	0	0	0	0	0	0	0	0	0	0	0	0	0	0	0	0	0	1.70049726963043	0	0	0	0	0	0	0	0	0	0	0	1.74681183695793	0	0	0	0	0	0	0	0	0	0	0	0.621794521808624	0	0	0	0.586450278759003	0	0	0	0	0	0	0	0	0	0	1.31995165348053	0	0	0	0	0	0	0	0	0	0	0	2.83228707313538	0	0	0	0	0	0	0	0	0	0	0	0	0	0	0	0	0	0	0	0	0	0	0	0	0	0	0	0	0	0	0	0	0	2.02449825406075	0	0	0	0	0	0	0	0	0	0.419249206781387	0	0	3.47808134555817	0.747476637363434	0	0	0	0	0	0	0	0	0	1.57303547859192	0	0	0	0	0	0	0	0	0	0	0	0	0	0	0	0	0	0	0	0	0	0	0	0	0	0	0	0	0	0	0	0	0	0	0	0	0	0	0.61760288476944	0	0	0	0	0	0	1.27088487148285	0	0	0	0	0	0	0	0	0	0	3.16041344404221	0	0	0	0	0	0	0	0	0	0	0	0	0	0	0	0	0	0	0	0	0	0	0	0	0	0	0	0	0	0	0	0	0	0	0	0	0
Myh14	0	0	0	1.05987775325775	0	0	1.48372912406921	0	0	0	0	0	0	3.26155608892441	0	0	0	0	0	0	4.79277992248535	0	0	0	0	0	1.48148024082184	0	0	0	0	0	0	0	0	0	0	0	0	0	0	0	0	0	0	10.1842731237411	0	0.717489421367645	1.79303640127182	0	0	0	0	0	23.6921330094337	0	0	0	0	0	1.87345230579376	0	0	0	0	2.95104813575745	0	0	0	0	0	0	0	0	0	0	6.97183096408844	15.6061712503433	7.43065404891968	3.19685328006744	0	0	0	3.23006510734558	0	0.532028198242188	0	0	0	0	0	0	0	0	0	0	0	0	0	0	0	0	0	0	0	0	0	0	0	0	0	0	20.6547915935516	0	0	0	0	0	0	0	4.83041381835938	0	0	0	0	0	0	0	0	0	0	1.99972754716873	0	0	0	0	0	0	0	0	0	0	0	0	0	0	0	0	0.566033005714417	0	0	5.42371088266373	0	0	0	0	0	42.8061638474464	0	0	10.8958322405815	0	0	0	4.17724484205246	0	0	3.11848285794258	0	0	0	2.25775599479675	0	0	0	0	0	0	0	0	0	0	0	0	16.0183370113373	0	2.21917355060577	0	3.9389226436615	0	0	0	0	0	17.7418080568314	0	0	0	0	0	0	2.63666868209839	0	8.81083983182907	0	0	7.84034490585327	0	0	15.7146778106689	0	0	0	0	0	16.4538208246231	0	0	0	0	0	0	0	0	0	0	0	0	0	0	31.0198148488998	0	0	1.59894561767578	0	0	0	0	0	0	19.6389920115471	0.782470405101776	0	0	2.52909857034683	0	0	0	0	0	17.5192762315273	10.3178306221962	0	0	13.2403078079224	0	0	2.28540778160095	0	0	2.73282289505005	0	1.81751275062561	0	0	0	3.62695452570915	0	0	15.5112617015839	0	0	0	0	0	0	0	0	0	0	0	0	0	0	0	0	0	0	0	0	0	0	0	0	1.10543251037598	0	0	0	0	0	4.6904581785202	0	0	0	0	0	0	0	0	0	0	6.5071839094162	0	0	0	2.9867123067379	0	0	0	0	0	1.77686262130737	0	0	0	0	0	0	0	0	0	0	0	4.99175232648849	0	4.47080314159393	0	1.21510797739029	0	0	0	0	0	0	0	0	5.46150326728821	0	0	0	0	0	0	0	0	0	6.67720007896423	0	0	0	0	0	0	11.8627387285233	0	0	3.0511263012886	0	0	0	0	0	2.66301685571671	0	8.50397181510925	4.06583547592163	0	0	0	0	0	0	0	3.09290409088135	0	0	0	0	0	0	0	10.0227690935135	0	0	0	0	0	0	0	2.68667286634445	4.34150016307831	0	1.99277418851852	0	0	0	2.51895433664322	1.46980214118958	0	0	10.4601097106934	3.0858291387558	0	0	0	1.83591616153717	0	2.06391775608063	0	0	7.86583244800568	0	0	0
Ndst4	0	0	0	0	0	0	0	0	0	0	0	0	0	0	0	0	0	0	3.33322525024414	0	0	0	0.534173548221588	0	0	0	0	0	0	0	0	0	0	0	0	0	0	0	0	1.17443120479584	0	0	4.55717194080353	0	0	0	0	0	0	0.594639480113983	0	0	0	0	0	0	1.44550764560699	1.81429624557495	0	0	0	0	0	0	0	0	0	0	0.713357746601105	0	0	0	0	0	0	0	0	0	0	0	0	0	0	0	0	0	0	0	0	0	0	0	1.80584454536438	0	0	0	0	0	0	0	2.78925216197968	0	0	0	0	0	0	0	0	0	0	0	0	0	0	0	0	0	0	0	0.910760045051575	0	0	0	0	0	0	0	0	0	0	0	1.80514943599701	0.997434079647064	0	0	0	0	0	0	2.6259143948555	0	0	0	0	0	0	0	0	0	2.4169180393219	0	0	0	0	0	0	0	0	1.70579218864441	7.54429507255554	0	0	1.17658638954163	0	0	0	0	0.846479177474976	0	0	0	0	0	0	0	0	0	0	0	0	0	0	0	0	0	0	0	0	0	0	0	0	0	0	0	0	0	0.606980681419373	0	0	0	0	0	0	0	0	0	0	0	0	0	1.34751319885254	0	0	0	0	0	0	0	0	0	0	0	0	0	0	0	0	0	0	0	0	0	0	0	0	0	0	0	0	0	0	0	0	0	0	0.757856130599976	0	0	0	0	0	0	0	0	0	0	0	0	1.04645264148712	0	0	0	0	0	0	0	0	0	0	0	0	0	0	0	0	0	0	0	0	0	0	0	0.495962679386139	0	0	0.357192039489746	0	0	0	0	0	0	0	0	0	0	0.927708506584167	0	0	0	0	0	0	0	0	1.36976662278175	0	0	0.880414426326752	0	0	0	4.01067343354225	0	0	0	1.33891367912292	0	0	0	0	0	0	0	0	0	0.821686089038849	4.40536320209503	0	0	0	0	0	0	0	0	0	0	0	0	0	0	0	0	0	0	0	0	0.657291948795319	0	0	0	0	0	0	1.2476110458374	0	0.787888944149017	0	0	0	0	0	0	0	0	0	0	0	0	0	0	0	0	0	0	0	0	0	0	0	4.15020740032196	0	0	0	0	0	0	0	0	0	0	0	0	0	0	0	0	0	0	0	0	0	0	0	0	0	0	0	0	0	0	0	0	0	0	0	0	0	0	0	0.579058170318604
Nhs	0	0	0	0	0	0	0	1.63439291715622	0	0	0	0	1.72142398357391	0	0	0	0	0	0	0	0	0	0	0.586254298686981	0	0	0	0	0	0	0	0	0	0	0	0.658500492572784	0	0.549234867095947	0	0	0	0	0	0	0.625180780887604	2.12597054243088	1.75744390487671	0	0.67445582151413	0	0	0	0	0	0	0	0	3.54540586471558	0	0	0	0	0	0	0.677598655223846	0	0	0	1.83269900083542	0	0	0	0	0	0	0	0	0	0	0	0	0	0	0	0	0	0	0	0	0	2.22385740280151	5.36257123947144	0	0.667656004428864	0	0	0	0	0	0	10.0150089859962	0	0	0	0	0	0	0	0	0	0	0	0.855634450912476	0	0	0	0	0	0	0	0	0	0	0	0	0	0	0	0	0	0	0	0	0	0	0	0	0	0	0	0	0	1.5147140622139	0	0	0	0	0	0	0	0	0	0	0	0	0	0	0	0	0	0	0	0	0	0	0	0	0	0	0	2.1817998290062	0	0	0	0	0	0	0	0	0	0	0	0.578145921230316	0	0.589490652084351	0	0	0	0	0	0	0	0	0	0	0	0	0	0	0	0	0	0	0	0	0	0	0	0	0	1.80304634571075	0	0	0	0.701152682304382	0	0	0	0	0	0	4.39938300848007	0	0	0	0	0	1.87386345863342	0	0	0	0	0	0	0	3.04723358154297	0	0	0	0	0	0	0	0	0	6.75851184129715	0	4.40604221820831	0	8.30970585346222	0	0	0	0	0	0	0	0	0	0	0	0	0	0	1.28660362958908	2.91416847705841	0	1.10114502906799	0	0	0	0	0.706035971641541	0	0	0	0	0	0	1.23238742351532	1.86245846748352	0.596791386604309	0.649418830871582	1.3758288025856	0.495962679386139	0	0	0	0	0	0.699931979179382	0	6.35249930620193	0	0	0	0	0	0	0	0	0	0	0	0	0	0	0	0	0	0	0	0.899951934814453	0	0	0	0.654739081859589	0	0	0	0	0.417412936687469	0	0	0	0	0	0	0	0	0	0	0	0	0	0	0	0	2.14499831199646	0	1.66048622131348	0	0	0	0	0	0.565249621868134	0	0	0	0	0	1.00429666042328	0	0	0	0	0	0	0	0	0	0	2.49494159221649	0	0	0	0	0	4.35491800308228	2.01758337020874	0	8.02864080667496	0	0	0	0	0	0	0	0	0	0	0	5.19311824440956	0	0	0	0	0	0	0	0	0	0	0	1.29206132888794	0	0	0	3.20276200771332	0	0	0.731428265571594	0	0	0	0	0	0	0	4.89188891649246	0	0	0	0	0	0	0	0	0	0	1.84544324874878	2.65706980228424
Nkain3	0	0	0	0	0	0	1.69892185926437	0	0	0	0	0	0	0	0	0	0	0	0	2.71105921268463	0	0	0	3.11661261320114	0	0	0	0	0	0	0	0	0	0	0	0	0	0	0	0	0	0.552404582500458	0	0	0	0	0	0	0	0	0	0	0	1.73496222496033	0	0	0	0	0	0	0	0	0.696883201599121	0	0	5.27272248268127	2.87281203269958	0	0	0	3.49792224168777	0.620822846889496	0	0	0	0	0	0	0.593544960021973	0	0	0	0	0	0	0	0	0	0	0	0	0	0	0	0	0	0	0	0	0	0	0	0	2.61149519681931	0	3.11019143462181	0	1.30888405442238	0	0	0.551275908946991	0	0	0	1.64584159851074	0	0	1.24317479133606	0	0	0	0.72620415687561	0	0.632187902927399	0	0	0	0	0	0	0	0	0	0	0	0	0	0	0	0	3.95681691169739	0	0	0	0	0	0	0	0	0	0	0	0	0	0.597330689430237	0	0	2.44611310958862	0	0	0	0	0	0	0	3.71051889657974	0	0	0	0	0	2.25775599479675	0	0	0	0	0	1.38019990921021	0	0	0	0	0	0	0	0	0	0	0	0.391314893960953	0	0	0	0	0	0	0	0	0	0	0	0	0	0	0	3.54494953155518	2.5256572663784	2.41428780555725	0	0	0	0	0	0	0	0	0	0	0	0	0	0	0	1.79774081707001	0	0	0	0	0	0	0	0	0	0	0	0	0.816503703594208	0	0	0	0	0	0	0	0	6.37060964107513	0	0	0	0	0	0	1.27820634841919	0	0	0	0	0	0	0	0	0	0	0	1.87132233381271	0	0	0	0	0	0	0	0	0	0	0	0	0	1.32169592380524	0	0	0	0	1.45708948373795	0	0	2.27802020311356	3.08957242965698	0	0	0	0	0	0	0	0	0	5.9609602689743	0	0.762167572975159	0.50991028547287	0	0	0	0	0	0	0	0	0	0	0	0	1.00312349200249	2.62968125939369	0	0	0	0	0	0	0	0	2.00410521030426	0	0	0	0	0	0	0	0	0	0	0	0.591466546058655	1.0896869301796	0.509159326553345	0	0	7.37889754772186	0	0	0	0	0	0	1.50698840618134	0	0	0	0.726719737052917	0	0	0	0	0	0	0	0	0	0	0.735354721546173	0	0.630450487136841	0	0	0	0	0	0	0	0	0	1.16823506355286	0	0	0	0	0	0	0	0	0.818762540817261	0	0	0	0	0	0	2.86079460382462	4.25351637601852	0	0	0	0	0	0	0	0	0	0	0	0	0	0	0	0	10.9740287065506	0	0	0	0	0	0	0	0	0	0	0	0	0	0	0
Nnmt	0	0	0	0	0	0	0	1.67494559288025	0	0	0	0	0	0	0	0	0	0	2.78804039955139	0	0	0	0	0	0	0	0	0	0	0	0	0	0	0	0	0	0	0	0	0	0	0	0	0	0	0	0	0	0	0	0.884252071380615	0	0	0	0	0.916245400905609	0	0	0	0	0	0	0	0	0	0	0	0	0	1.18164312839508	0	0	0.664782047271729	0	0	0	0	0	0	0	0	0	0	0	4.59427690505981	0	0	0	0	0	0	0	0	0	0	0	0	0	0	0	0.602876007556915	0	0	0	0	0	0.739554762840271	0	0	0	0	0	0	0	0	0	0	0	0	0	0	0	0	0	0	0	0	0	0	0	0	0	0	0.997434079647064	0	0	0	0	0	0	0	0	0	0	0	0	0	0	0	0	0	0	0	0	0	0	0	0	0	0	0	0	0	0	0	0	0	0	0	0	0	0	0	0	0	0	0	0	0	0	0	0	0.508044838905334	0	0	0	0	0	0	0	0	0	0	0	0	0	0	0	1.01670324802399	0	0	0	0.984561383724213	0	0	1.76016360521317	0	0	0.581115067005157	0	6.30082416534424	0	0	0	0	0	0	0	0	0	0	0	0	0	0	0	0	0	0.37349459528923	0	0.755192160606384	0	0	0	0	0	0	0	0	0	0	0	0	0	0	0	0	0.757856130599976	0	0	0	0	0	0	0	0	0	0	0	0	0	1.79354238510132	0	0	0	0	0	0	0	0	0	0	0	0	0	0	0	0	0	0	0	0	0	0	0	0.772250294685364	0	0	0	0	0	0	0.481317281723022	0	0	0	0	0	0	0	0	0	0	0	0	0	0	0	0	0	0	0	0	0	0	0.696826457977295	0	0	0	0	0	0	0	0	0	2.03113269805908	0	0	0	0.394388169050217	0	0	1.4756618142128	0	0	0	0	0	0	0	0	0	0	0.763927042484283	0	0	0	0	0.640111684799194	0	0	0	0	0	0	0	0	0	0	0	1.06918179988861	0	0	0	0	0	0	0	0	0	0.598627388477325	0	0.668397605419159	0	1.13204419612885	0	0	0	0	0	0	0	0	0	0	0	0	0	0	0	0	0	0	0	0	0.674338400363922	0	0	0	0	0	0	0	0	0	0	0	0	0	0	0	0	0	0	0	0	0.337898463010788	0	0	5.08159685134888	0	0	0	0
Nos1	0	0	0	0	0	0	0	0	0	0	0	0	0	0	26.9739964008331	0	0	0	0	0	0	0	0	0	0	0	0	0	0	0	24.8306739330292	9.14409351348877	0	11.7575644254684	0	8.657142162323	0.517587840557098	0.720449984073639	0	0	0	0	0	0	19.6217570304871	0	0	0	0	0	0	0	0	0	0	0	0	0	0	0	0	26.7718343734741	0	0	0	0	0	0	0	0	0	0	143.024541735649	0	0	0	0	0	0	0	0	0.59851461648941	4.4054890871048	0	0	0	0	0	8.72842943668365	3.43281447887421	0.59853982925415	0	2.98481106758118	0	0	0	0	0	0.638078987598419	0	0	0	15.5497279167175	0	0	0	30.4958388805389	0	0	11.0907118320465	4.92495322227478	0	15.9393903613091	0	0	0	0	0	0	0	0	0	0	0	0	0	0	0	0	0	27.0810726881027	0	1.23479807376862	0	18.5754135251045	6.08859097957611	0	0	0	0	0	8.72918117046356	0	0	0	0	2.02061247825623	0	0	0	0	0	0	0	0	0	0	0.75134813785553	0	0	99.4160721302032	0	0	0	0	0	2.94351077079773	0	0.573733687400818	0	0	9.46255278587341	0	0	0	0	0	0	0	0	0	0	0	0	0	0	0	0	0	1.7309684753418	0	0	0	3.18573069572449	0	0	0	0	0	0	0	17.824575304985	0	0	0	0	0	0	0	167.499235272408	0	0	0	0	0	4.56716108322144	0	0	0	0	0	0	0	0	0	0	0	0	0	0	0	0	0	0	0	0	0	0	0	0	0	0	8.72954136133194	0	0	0	0	0	0	0	0	0	0	0	0	0	0	0	14.6707748174667	17.1259591579437	0	0	9.16101914644241	0.663008034229279	0	0	0	1.52853035926819	0	2.86891716718674	0	0	0	0	0	0	0	0	0	24.7846659421921	0	19.853662610054	0	0.652698159217834	0	0	0	0	0	0	0	0	1.73611724376678	0	0	0	0	47.0297827720642	7.24013769626617	0	2.51067793369293	0	0	0	0	0	0	0	0	2.00312048196793	0	0	0	0	0	0	2.77165693044662	0	0	0.75140380859375	0	0	0	0	7.64113926887512	0	0	0	5.4985613822937	0	0	12.8593202829361	0	0	0	0	0	0	0	0	0	0	0	15.4151870012283	0	0	0	0	0	1.31002795696259	0	0	0	0	0	0	0	0	0	0	2.51354956626892	0	0	0	0	0	0.494030773639679	0	0	0	0	0	0	0	1.65772980451584	0	0.968362390995026	0	0.699456751346588	0	1.68283462524414	0	0	0	36.6226754188538	0	0	0	0	0	0	0	0	0.607687294483185	0	0	0	0	0	0	0	8.99510622024536	0	0	0	0	0	0	0	44.2644929289818	27.7550022602081	0	0	0	0	0	0	0	0	0	0	2.46763634681702	0	0
Npas1	0	0	0	0	0	0	0	0	0	0	0	0	0	0	0	0	0	0	0	0	0	0	0	0	0	0.862269043922424	0	0	0	0	0	20.8297805786133	0	0	0	0	0	0	0	0	0	6.62885522842407	0	0	0.625180780887604	0	0	0	0	0	0	8.78833591938019	0	0.892699778079987	0	0	0	0	0	0	1.2701467871666	0	0	0	0	0	0	0	0	0	0	0	0	2.54585659503937	0	0	0	0	1.27725583314896	0	0	0	0	0	0	0	0	0	0	0	0.596561789512634	0	0	0	0	0.569552004337311	0	0	0	1.60029339790344	0	0	0	0	52.8660578727722	0	0	0	0	0	0	0	0	0	0	0	0	38.7609884738922	0	0	0	0	0	36.2743549346924	0	0	0	0	0	0	0	11.0706617832184	0	0	0	0.996748864650726	0	0	0	0	0	5.59379482269287	0	0	0	0	0	0	0	0	0	25.0409454703331	0	0	0	0.760068416595459	0	0	0	0	0	0	0	0	0	0	0	0	0	0	0	0	0	0	0	0	0	0	0	0	0	0	0	0	0	0	0	0	0	0	0	0	2.06607234477997	0	0	0	0	0	0	0	0	0	0	4.41982269287109	0	0	0	0	0	0	20.5362434387207	0	0	29.5481700897217	0	0	0	0	0	0	0	0	0	0	13.6731777191162	0	0	1.36320269107819	0	0	0	0	0	0	0	0	0	0	13.072732925415	11.7839244604111	0	0	0	0	0	0	0	0	0	67.3812828063965	0	0	0	0.828371047973633	0	0	0	0	0	0	0	15.2478799819946	0	0	0	0	0	0	0	3.48643791675568	0	0	0	0	2.71767926216125	0	0	0	0	0	0	0	0	0	0	0	0	0	0	0	0	0	0	0	0	0	0	0	0	0	0	0	0	13.2769060134888	0	0	0	0.540843069553375	0	0	4.04945909976959	0	0	0	0	2.18073511123657	0	0	0	0	0	0	0	0	0	22.8117008209229	0	0	2.64355784654617	0	0	0	0	0	0	0	0	0	0	0	0	0	0	0	0	0	0	0	0	0	0	0	3.79613244533539	0	0	0	1.36887979507446	0	0	0	0	1.74628722667694	0	0	0	2.14305567741394	0	0	0	0	0	0	0	0	0	0	0	0	0	0	0	0	0	0	0	0	0	0	0	0	0	0	0	0	1.66817045211792	0	0	0	0	0	0	0	0.545664727687836	0	0	8.24129962921143	0	0	0	0	0	0	0	0	0	0	0	0	0	0	0	0	0	0
Npnt	0	0	0	0	0	0	0	0	0	0	0	0	1.67723369598389	0	0	0	0	0	0	0	0	0	0	38.012627363205	0	0	0	0	0	8.66293036937714	0	0	0	0	0	0	0	0	0	0	0	0	0	0	0	0	0	0	0	11.9088711738586	0	0	0	0	3.6366371512413	0	12.3196036815643	16.4078515172005	0	0.575030922889709	0	11.0256353616714	0	7.71364313364029	0	0	0	0	28.0210771560669	0	0	2.28160208463669	3.46538543701172	0	3.78713542222977	0	0	0	0	0	0	4.78811693191528	0	2.65245068073273	0	0	0	0	9.78908491134644	0	0	0	0	0	0	0	0	0	0	0	41.4982736706734	0	0	0	0	0	0	0	0	0	0	16.0024923682213	0	0	0	0	0	0	0	0	0	17.0553057193756	0	0	9.14244729280472	2.48706197738647	0	0	0	0	0	0	0	0	0	0	0	0	0	0	0	0	25.3271615505219	0	0	0	19.801342010498	0	0	0	0	3.65564239025116	2.45796650648117	0	0	0.697755515575409	0	0	0	0	0	0	0	0	0	0	0	0	0	3.4294102191925	5.40865558385849	0	0	0	0	0	2.17221307754517	0	0	0	10.8573212623596	60.3144509792328	0	0	0	0	0	0	0	19.5968399047852	0	0	0	0	8.24668270349503	0	0	0	0	0	0	0	0	0	8.58231174945831	0	0	0	0	0	0	0	0	2.10695230960846	0	0	7.14713525772095	0	0	0	0	0	0	0	0	0	0	0	0	29.272296667099	0	4.47065281867981	0	0	0	0	10.6521140933037	0	0	24.5599800348282	0	0	0	0	0	0	0	0	5.93677318096161	0	0	0	0	0	0	0	0	0	0	0	18.5239586830139	0	0	0	2.85625118017197	0	0	0	0	35.1349989175797	0	4.37492430210114	0	0	0	0	0	5.30314540863037	0	0	0	0	0	3.79644912481308	0	0	0	0	0	17.3330566883087	0	6.08856528997421	0	0	0	0	0	0	0	20.8159124851227	0	0	0	4.22743153572083	1.23266243934631	0	13.101704120636	11.151379108429	0	2.14194983243942	0	0	0	0	0	0	19.8560389280319	0	0	1.97540527582169	0	0	0	32.8979290127754	20.5859177112579	0	0	0	0	0	0	0	41.4933712482452	0	0	0	0	0	0	0	0	0	0	0	0	0	0	72.9463891983032	0	0	0	4.51063549518585	0	0	0	0	0	0	0	26.8387939929962	0	0	0	0	0	0	10.3447454571724	0	0	0	66.9419198036194	0	0	0	40.5586972236633	0	35.2543240785599	0	0	5.91054087877274	0	0	0	0	0	0	0	0	0	0	0	0	0	0	0	2.77464705705643	6.00206387042999	0	13.5349683761597	0	15.4332830905914	0	0	0	1.62118113040924	0	0	4.3445138335228	0	0	47.0229301452637	40.7995883226395	0	0	0	0	0	0	0	0	0	0	0	0
Npsr1	0	0	0	0	0	0	0	0	0	0	0	0	0	0	0	0	0	0	0	0	0	0	0.527678549289703	0	0	0	0	0	0	0	0	0	0	0	0	0	0	0	0	0	0.55650007724762	0	0	0	0	0	0	0	0	0	0	0	0	0	0	0	0	4.41572189331055	0	0	0	0	0	0	0	0	0	0	0.769016742706299	0	0	0	0	0.528548538684845	0.776455283164978	0	0	0	0	0	0	0	0	0	0	0	0	0	0	0	0	0	0	0	0	0	0	0	0	0	0	0	0	0	0	0	0	0	0	0	0	0	0	0	0	0	0	0	0	0	0	0	0	0	0	0	0	0	0	0	0	0	0	0	0	0	0	1.08567011356354	0	0	0	0	0.697820723056793	0	0	0	0	0	0	0	0	0	0	0	0	0	0	0	0	0	0	0	0	2.21590185165405	0	0	0.55924117565155	0	0	0	0	0	0	0	0	0	0	0	0	0	0	0	0	0	0	0	0	0	0	0	0	0	0	0	0	0	0	0	0	0	0	0	0	0	0	0	0	0	0	0	0	0	0	0	0	0	0	0	0	0	0	0	0	0	0	0	0	0	0	0	0	0.433002799749374	0	0	0	0	0	0	0	0	0	0	0	0	0	0	0	0	0	0	0	0	0	0	0	0	0	0	0	0	0	0	0	0	0	0	0	0	0	0	0	1.06409072875977	0	0	0	0	0	0	0	0	0	0	0	0	0	0	0	0	0	0	0	0	0	0	0	0	0	0	0	0	0	0	0	0	0	0	0	0	0	0	0	0	0	0	0	0	0	0	0.593335032463074	0	0	0	0	0	0	0	0	0	0	0	0	0	0	0	0	0	0	0	0	0	0	0	0	0	0	0	0	0	0.556813538074493	0	0	0	0	0	0	0	0	0	0	0	0	0	0	0	0	0	0	0	0	0	0	0	0.476111441850662	0	0	0	0	0	0	0.702361881732941	0	0	0	0	0	0	0.527058899402618	0	0	0	0	0	0	0	0	0	0	0	0	0	0	0	0	0	0	0	0	0	0	0	0	0	0	0	0	0	0	0	0	0	0	0	0	0
Npy2r	0	0	0	0	0	0	0	0	0	0	0	0	0	0	0	0	0	0	0	0	0	0	0	0	0	0.862269043922424	0	0	0	0	0.606135010719299	0	0	0	0	0	0	0	0	0	0	0	0	0	0	0	5.6677770614624	0	0	0	0	0	0	0	0	0	0	0	0	0	0	0	0	0	0	0	0	0	0	0	0	0	0	0	0	0	0	0	0	0	0	0	0	0	0	0	0	0	0	0	0	0	0	0	0	0	0	0	0	0	0	1.98639911413193	0	0	0	0	0	0	0	0	0	0	0	0	0	0	0	0	0	0	3.29297018051147	0	0	0	0	0	0	0	0	0	0	1.72439455986023	0	0	0	0	0	0	0	0	0	0	0	0	0	0	0	0	0	0	0	0	0	0	0	0	0	0	0	0	0	0	0	0	0	0	0	0	0	0	0	0	0	0	0	0	0	0	0	0	0	0	0	0.634156703948975	0	0	0	0	0	0	0	0	0	0	0	0	0.733533263206482	0	0	0	0	0	0	0	0	0	0	0	0	0	0	0	0	0	0	0	0	0	0	0	0	12.1190015673637	0	0	0	0	0	0	0	0	1.2219420671463	0	0	0	0	0	0	0	0	0	0	0	0	0	0	0	0	0.757856130599976	0	0	0	0	0	0	0	0	0	0	0	0	0	0	0	0	0	0	0	0	0	0	0	0	0	0	0	0	0	0	0	0	0	0	0	0	0.495962679386139	0	0	0	0	0	0	0	0	0	0	0	0	3.32778763771057	0	0	0	0	0	0	0	0	0	0	0	0	0	0	0.775228321552277	0	0	0	0	0	0	0	0	0	0	0	0	0	0	0	0	0	0	0	0	0	0	0	0	0	0	0	0	0	0	0	0	0	0	0	0	0	0	0	0	0	0	0	0	0	0	0.787888944149017	0	0	0	0	0	0	0	0	0	0	0.28705683350563	0	0	0	0	0	0	0	0	0	0	0	0	0	1.91664245724678	0	0	0	0	0	0	0	0	0	0	0	0	0	1.93356692790985	0	0	0	0	0	0	0	0	0	1.71165144443512	0	0	0	0	0	0	0	0	0	0	0	0	0	0	0
Nr2f2	0	0	0	0	10.1918256282806	0	0	0	0	0	0	0	0	0	0	0	0	0	0	0	0	0	0	0	0	0	0	4.94161069393158	0	0	0	0	0	0	0.561239659786224	0	5.16449737548828	0	5.17627066373825	0	0	0	0	0	0	0	0	0	0	0	0	0	0	0	0	0	0	0	0	0.575030922889709	6.24758899211884	3.25190103054047	0	0	0	0	0	0.425580501556396	0	0	0	0	0	0	0	0	0	0	0	0	0	0	0	0	0	0	0	0	0	2.95713138580322	0	7.82408744096756	0.871096670627594	0	0	1.92830920219421	0	0	0	0	0	0	0	0	5.33705115318298	0	0	0	0	0.773242950439453	0	4.1157648563385	0	0	0	0	0	10.201423406601	0	0	0	0	3.76090788841248	0	0	0	2.49913328886032	0	0	0	0	0.930894672870636	5.36482954025269	0	0	0	0	0	0	0	0	0	0	0	0	2.15892720222473	0	0	0	0	0	0	0	0	0	0	0	0	0	0	0	0	9.32570195198059	0	0	0	0	6.64428853988647	0	0	0	0	0	0	0	0	0	0	0	0	11.990161895752	0	0	0	0	6.74620854854584	3.72066009044647	0	0	0	0	0	0	0	1.19699692726135	0	0	7.90089321136475	0	0	1.73142892122269	0	0	1.84453910589218	0	0	0	0	0	0	0	1.44844835996628	8.2640483379364	0	0	0	0	0	0	0	0	0	0	0	8.25955295562744	0	0	0.973740816116333	0	0	0	1.98009067773819	0	0	0	1.84398478269577	0	0	4.48433899879456	0	0	0	0	0	0	0	0	0	0	0	0	0	0	0	0	0	0	0	0.709208369255066	0	0	0	0	2.10062259435654	0	0	0	0.550572514533997	0	0	0	0	0	0	0	7.34755355119705	0	0	0	0	0	0	0	0	0	0	0	0	0	0	0	0	0	0	0	0	3.39345908164978	0	0.711139321327209	0	0	0	0	0	0	1.09310722351074	0	0	0	0	0	4.86108112335205	0	0	0	1.35711145401001	0	0	0	0	0	0	0	0	0	0	0	0	0	0	0	0	18.6143878102303	0	2.75539040565491	0	0	0	0	0	0	0	0	0	0	0	0	0	0	0	0	0	0	0	0	0	0	0	8.66568964719772	0	0	3.49257445335388	7.93157798051834	0	2.80293583869934	0	0	0	0	0	7.37899434566498	0	0	0	4.20971643924713	0.516516268253326	0.697306215763092	0	0	0	0	0	3.50703310966492	0	0	0	4.19538098573685	0	0	0	0	0	0	0	2.74252080917358	0	0	0	0	0	0	9.73359704017639	0	10.9715582132339	1.42535042762756	0	0	0	0	6.31125909090042	0	0	0	0	0	0	0	0	0	0	19.5036283731461	0	0	0
Nr4a1	0	0	0	0	0	11.3251405954361	0	0	0	0	0	0	0	0	0	0	0	0	0	0	0	0	0	0	0	0	0	0	10.7089637517929	48.670037984848	0	0	32.2340755462646	0	0	0	0	0	0	0	0	0	41.6590099334717	42.9990600347519	16.2102015018463	0	54.0716868638992	48.2452998161316	0	0	0	0	0	0	0	0	0	0	14.2982534766197	0	0	0	0	0	0	0	0	0	0	40.1038160324097	0	0	0	0	0	0	0	0	28.2712813615799	0	0	0	0	18.1354156732559	0	0	0	9.73893332481384	0	0	0	0	0	0	0	0	0	0	0	0	20.9251992106438	15.4604781866074	0	61.5605340003967	0	28.4909312725067	31.4870228767395	0	0	11.5994200706482	0	0	0	0	0	0	0	44.2422435283661	0	0	0	0	0	0	35.8029861450195	0	9.76932066679001	48.1821019649506	0	0	0	0	0	0	52.0625272989273	38.7369626760483	0	0	0	3.59932446479797	29.4476828575134	0	0	0	0	0	0	0	0	0	0	0	0	0	0	0	0	0	0.657929420471191	0	0	0	0	0	0	0	0	0	0	24.9392282962799	0	0	29.6411535739899	0	0	0	37.6938993930817	0	0	0	25.2609544992447	0	0	0	0	0	0	0	4.49729299545288	0	0	0	39.3200237751007	26.3924503326416	0	25.8965431451797	0	0	0	0.960633814334869	0	0	0	0	0	0	0	0	0	0	0	0	0	0	86.1394063234329	0	31.6028126478195	0	0	0	0	0	0	15.1094727516174	0	22.6993209123611	0	0	0	0	0	0	0	0	31.009290099144	0	0	1.44993138313293	0	0	0	0	39.5376977920532	0	0	0	0	0	0	0	0	0	0	0	0	0	0	0	2.12762522697449	0	0	0	12.4073728621006	0	0	32.4355875849724	0	0	0	0	0	0	0	38.4007943868637	0	0	0	0	32.6633949279785	0	0	0	0	0	0	0	17.0181245803833	0	0	22.4199271798134	0	0	0	0	0	0	0	0	0	0	0	0	0	29.662793636322	14.2607440948486	24.0926961898804	0	0	33.0495593547821	0	0	0	5.52496129274368	5.71279740333557	0	31.2575240135193	0	0	24.4566338062286	0	35.3819053173065	39.1956541538239	0	0	0	0	0	2.02779471874237	0	0	0	0	0	27.7745542526245	0	0	0	0	4.39418733119965	0	0	0	0	0	0	0	0	0	50.334415435791	0	0	23.8499035835266	28.2507171630859	0	0	0	0	0	0	0	40.1283614635468	0	10.7488468885422	0	0	0	0	0	0	0	0	0	0	1.40366208553314	0	0	0	0	0	0	0	0	1.64310622215271	4.04539489746094	6.32234460115433	0	0	0	68.936126947403	0	0	0	0	0	0	0	2.07502436637878	0	4.97765070199966	0	6.31751239299774	0	0	0	0	1.9018383026123	0	0	0	0	33.1723956465721	0	1.55044627189636	0	0	0	0	0	0	0	0	0	0	0
Nr4a2	0	0	0	0	0	0	0	0	0.599116921424866	0	0	0	0	0	0	0	0	0	2.03680682182312	27.823832154274	0	0	0	0	0	0	0	0	0	0	0	0	0	0	12.8331104516983	0	0	0	0	0	0	0	0	0	0	0.66071343421936	0	0	0.905251145362854	0	0	1.03234672546387	0	0	0	0	0	13.5277025401592	0	0	0	0	0	0	0	0.983682692050934	0	0	0.713357746601105	0	0	0	4.1791684627533	0	0	0	0.840555369853973	22.8615685105324	0	0	0	0	0	0	0	0	0	0	2.27983939647675	3.91742420196533	32.7534445524216	58.3318378329277	3.48438668251038	0	0	0	0	0	0	0	1.57357686758041	0	0	0	0	1.2941038608551	0	0	0	0	0	0	16.3990712761879	5.27868807315826	0	0	0	0	0	0.878621637821198	0	1.6205747127533	0	0	0	0	0	0	0	0	0	0	0	2.72997951507568	0	0	0	0	0	0	0	0	0	0	0	0	0	0	0	0	0	0	0	0	0	0	0	3.68638789653778	0	0	0	0	0	0	1.74008697271347	0	0	0	0	0	0	0	0	0	1.68427735567093	3.84844470024109	3.0306481719017	0	0	0	0.481044888496399	0	0	0	0	0	0	0.629055798053741	0	0	0	0	0	0	0	0	0	0	0	0	0	0	0	0	0.502927422523499	0	0	0	0	0	0	0	0	0	0	0	0	0	0	0	0	0	0.42969211935997	0	0	0	0	0	0	0	0.871091306209564	0	0	2.65595471858978	0	0	0	0	0	0.747279167175293	0.778007209300995	0	0	0	0	1.00758504867554	0	0	0	0	0	0	0	0	0	0	0	0	0	0	0	0	0	0	0	0	0	0	0	0	0	0	1.41207194328308	0	0	0	0	0	0	0	0	0	1.24242925643921	0	0.609583735466003	0	0	0	0	0	0	0	0	0	0	0	0	0	0	0	0	0	0.619448900222778	0	0	0.615620493888855	0	0	0	0	0	0	0	0	0	0	0	0	0.593335032463074	0	0	0	0.380440324544907	0	0	0	0	0	0	0	0	0	0	1.47126460075378	0	0	0	0	0	0	0	0.502170860767365	0	0	0	1.20289045572281	0	0	0	0	0	0	0	0	0	0	0	0	0	0	0	0	0	0	0	0	0	0	0	0	0	0	0	0	0	0	0	0	0	0	0	0	0	0	1.15311056375504	0	0	0	0	0	0	0	0	0	0	0	0	0	0	0	0	0	0	0	0	0	0	0	0	0	0	0	0	0	0	0	0	0	0	0	0	0	0	0
Ntng2	0	1.33172988891602	0	0	0.979982495307922	2.11720705032349	0	0	0	0	0	0	0	0	0	5.46064245700836	1.15241253376007	0	0	25.2508163452148	29.7766579389572	0	0	0	0	0	0	0	0	0	0	0	0	8.70831173658371	0	14.220871925354	0	0	0	0	0	3.44333070516586	0	0	9.56089860200882	0	0	0	4.13269090652466	0	0	0	0	0	0	16.385931789875	0	0	0	0	0	0	0	20.2757461071014	0	0	0	12.5639016628265	0	0	0	0	0	0	84.1857501864433	0	0	46.7686033248901	6.78930169343948	0	0	0	5.38641029596329	5.22724360227585	0	0	0	49.3801156282425	0	0	73.5783400535583	83.0874735713005	0	0	0	0	17.0070643424988	0	0	0	0	0	0	0	0	0	53.9035828113556	0	0	0	0	0	0	0	0	0	0	0	0	0	30.4687987565994	10.5140311717987	0	0	0	0	22.546825170517	26.8674619793892	0	0	0	0	0	0	0	0	0	0	0	0	0	13.6175909042358	0	7.93676674365997	0	0	0	0	0	26.4805767536163	0	0	0	0	0	0	0	0	0	0	15.767431974411	21.1692708730698	1.5296243429184	0	0	0	0	0	0	0	0	0	0	0	0	0	0	0	0	0	0	0	22.4065194129944	0	0	0	0	34.9253896474838	0	0	0	0	0	11.1711666584015	0	0	0	0	0	0	0	12.5452244877815	7.54100596904755	0	0	0	0	0	0	0	0	0	0	0	0	0	13.7014957666397	0	0	0	27.8837752342224	0	0	0	9.40000331401825	9.99528110027313	0	0	0	13.6981735229492	0	0	0	0	0	0	0	0	0	0	0	7.58473604917526	0	0	0	0	0	0	0	0	39.5421698093414	0	37.7029671669006	0	0	12.6220515966415	0	0	0	0	0	0	0	0	0	12.7209982872009	0	0	0	25.8396349549294	0	0	0	0	0	0	0	1.95738357305527	0	14.7011258006096	22.6127959489822	0	0	0	0	0	0	0	53.8666427135468	0	0	17.3291444778442	0	0	0	0	2.80257618427277	0	0	0	13.2810451984406	0	0	0	19.4151792526245	0	0	0	0	0	0	0	0	0	0	8.78817212581635	13.3359091281891	0	0	4.37635397911072	0	0	0	0	5.52702713012695	0	0	0	0	14.6703179478645	0	0	0	0	0	0	0	0	0.545731782913208	3.99936676025391	0	17.7525908946991	0	17.1094728708267	0	0	0	0	0	0	0	3.50578427314758	0	0	13.5749537944794	0	0.684439897537231	0	0	0	2.39942181110382	0	0	26.6568990945816	0	2.45880261063576	0	3.21388959884644	0	0	0	0	33.6063002943993	0	0	0	0	17.7398331165314	0	0	0	0	0	0	0	0	0	0	0	0	0	0	0	0	0	0	4.48415493965149	0	0	0	0	0	0	0	0.925716936588287	0	0	0	0	23.9509860873222	0	0	0	0	0	0	0	1.09648334980011	0	27.2857760190964	0	0	0	0
Nxph1	0	0	0	0	0	0	0	0	2.45869827270508	0	0	0	0	0	3.46639037132263	0	1.15241253376007	0	0	0	4.92212915420532	4.08014440536499	0	0	0	0	0	1.62439775466919	9.30227184295654	0	0	0	0	0	0	0.922314047813416	0	0	0	0	0	0	0	0	0	0	11.6660339832306	0	1.16109430789948	0	0	0	0	0	0	0	1.71252566576004	4.57440540194511	0	0	0	0	0	0	0	0	0.554273724555969	0	2.32244825363159	5.73973166942596	2.98986256122589	0.52908194065094	0	0	0	0	0	0	3.13708186149597	2.36845374107361	0.985868155956268	0	0	0	0	0	0	0	0	0	0	0	0	14.2969282269478	0	0	0	0	0	0	0	7.01291328668594	0	0	0	0	0	0.983736097812653	0	0	0	0	0	0	0	0	0	0	0	0	0	0	0	0	0	0	0	0	0	0	0	0.448768317699432	0	0	0	0	0	0	0	12.3695223927498	0	0	0.66636735200882	0	0	0	0	0	0	0	0	0	4.12582069635391	0	6.00497925281525	0	0	0	0	0	0	0	0	0	0	1.28712463378906	0	4.98333764076233	0	0	6.8493959903717	0	0	0	0	0	0	0	0	0	0	0	0	0	0	0	0	0	0	0	8.43630611896515	6.58663070201874	0	0	0	0	0	0	0	0	0.651894629001617	2.03707581758499	0	0	0	0	0	0	2.94010490179062	0	0	0	1.34751319885254	0	0	0	0	0	0	0	0	0	0	0	1.64036417007446	0	0	0	0	0	0	0	0	0	0	0	0	0	7.02173125743866	2.4469188451767	0	0	0	1.37285399436951	0	0	0	0	0	0	0	0	23.0399966835976	1.7206335067749	0	0	0	0	4.96445846557617	0	0	0	0	0	0.677351951599121	0	0	0	0	3.89165329933167	0	2.01049470901489	0	0	0	0	0	0	0	0	0	0	0	0	0	0	0	0	0	9.58329677581787	0	0	5.01076221466064	0	2.13351190090179	0	0	0	0	0.833053469657898	0	0	0	3.29541563987732	0	0	0	0	0	0.482260465621948	0	0	0	0	1.29369881749153	0	1.52429828047752	0	0	0	0	0	0	0	0	7.53579151630402	0	0	0	0	0	0	0.571391761302948	0	0	9.09336233139038	0	0	0	0	0	2.11897301673889	0	0	0	0	0	0	0	0	0	0	0	0	0	0	0	0	0	0	0	0	9.07881993055344	0	0	6.33920454978943	0	0	1.23520576953888	0	0	0	2.82540392875671	0	0	0	0	0	0	0	0	0	0	0	0	0	0	0	0	0	3.15993916988373	0	0	0.862282872200012	0	0	0	0	0	0	0	0	0	0	0	0	0	0	0	0	0	0	0	0	0	0	0	0	0	0	0	0	0.685217201709747	0
Nxph2	0	0	0	0	0	0	0	1.0978776216507	0	0	0	0	0	0	0	0	0	0	0	0	0.766971707344055	0	0	0	0	0	0	0	0	0	0	0	0	0	0	0	0	0	0	0	0	0	0	0	0	0	0	0	0	0	0	0	0	0	0	0	0.957684099674225	0	0	0	0	0	0	0	0	0	0	0	1.09713673591614	0	0.690144419670105	0	0	0	0	0	0	0	0	0	0	0	0	0	0	0	0	0	0	0	0	0	0	0	0	0	0	0	0	0	0	0	0	0	0	0	0	0	0	0	0	0	0	0	0	0	0	0	0	0	0	0.72620415687561	0	0	0	0	0	0	0	0	1.03934729099274	0	0	0	0	0	0	0	0	0	0	0	0	0	0	0	0	0	0	0	0.741242647171021	0	0	0	0	0	0	0	0	0	0	0	0	0	0	1.19600653648376	0	0	0	0	4.03700363636017	0	0	0	0	1.54494214057922	0	0	0	0	0	0	0	0	0	0	0	0	0	0	0	0	0	0	0	0	0.733533263206482	0	0	0	0	0	0	0	0	0	0	0	0	0	0	0	0	0	0	0	0	0	0	0	0	0	0	0	0	0	0	0	0.820174336433411	0.893987536430359	0	0	0	0	0	0	0	0	0	0	0	0	0	2.46670293807983	0	0	0	0	1.77939969301224	0.716624736785889	0	0	0	0	0.56711208820343	0	0	0	0	0	0	0	0	0	0	0	0	0	0	0	0	0	0	0	0	0	0	0	0	0	0	0	0	0	0	0	0	0	0	0	0	0	0	0	0	0	0	0	0	0	0	0	0	0	0	0	0	0	0	0	0	0	0	0	0	0	0	0	0	0.75140380859375	0	0	0	0	0	0	0	0	0	0	0	0	0	0	0	0	0	0	0.714999437332153	0	0	0	0	0	0	0	0	0	0	0	0	0	0	0	0	0	0	2.28723299503326	0	0	0	0	0	0	0	0	0.494030773639679	0	0	0	0	0	0	0	0	0.516516268253326	0	1.28274369239807	0	0	0	0	0	0	0	0	0	0	0	0	0	0	0	0	0	0	0	0	0	0	0	0	0	0	0	0	0	0	0	0	0.92280387878418	0	0	0	0	0	0	0	0	0.542261064052582	0	0	0	0.791084766387939
Nxph4	0	0	0	0	0	0	1.13552689552307	0	0	0	0	0	0	0	0	0	0	0	0	0	0	1.6001723408699	0	2.32522875070572	0	0	0	0	0	0	0	2.62133884429932	0	0	0	0	0	0	0.950087666511536	0	0	0	0	0	0	1.09880244731903	0	0	0.486638486385345	0	0	0	0	0	0	0	0	0.573555648326874	0	0	0.578396558761597	0	0	0	0	0	0	0	0	0	0	0	0	0	0	0	0	0	0	0	0	0.960818588733673	0	0	0	0	0	0	0	0	0	0	0	0	0	0	0	0	0	0	0	0.725607633590698	0	0	0	0	0	0	0	0	0.608400285243988	0	0	0.757362723350525	0	0	0	0	0	0	0	0	0	0	0	0	1.78099119663239	0	0	0	0	0	0	0	0	0	0	0	0	0	0	0	0	0	0	1.53625857830048	0	0	0	0	0	0	0	0	3.6222186088562	0	0	0.930241107940674	0	0	0	0	0	0.588293194770813	0	0	0	0	0	0	0	0	0	0	0	0	0	0	0	0	0	0	0	0	0	0	0	0.560284435749054	0	0	0.53085994720459	0	1.84838598966599	0	0	0	0	0	0	0	0	0	0	0	1.25131648778915	0.526578962802887	0.554413557052612	0	0	0	0	0	0.534276902675629	0	0	0	0.84239786863327	0	0	0	0	0	0	0	2.63739669322968	0	1.06449270248413	0	0	0	0	0	0	0	1.30573666095734	0	0	0	0	0	0	0	0	0	0	0	0	0	0	0	0.408821552991867	0	0	0	0	0	0	0	0	0	0	0	0	0	0	0	0	0	0	0	0	0	0	0	0	0	0	0	0	0	0	0	0	0	0	0	0	0	0	0	0	0	0	0	0	0	0	0	0	0	0	0	0	0	0	0	0	0	0	0	0	0	0	0	0	0	0	0	0	0.731582880020142	0	0	0	0	0	0	0	0	0	0	0	0	4.36908960342407	0	0	0	0	0	0	0	0	0	0	0	0	0	0.608220458030701	0	0	0	0	0	0	0	0	0	0	0	0	0	0	0	0	0	0	0	1.40897941589355	0	0	0	0	0	0	0	0	0	0	0	0	0	0	0	0	0	0	0	0	0	0	0	0	0	0	0	0	0	0	0	0	0	0	0	0	0	0	0	0	0	0	0	0.387508869171143	0	0	0	0	0	0	0	0	0	0.543993771076202	0	0	0
Olah	0	0	0	0	0	0	0	0	0	0	0	0	0	0	0	0	0	0	0	0	0	0	0	1.52564537525177	0	0	0	0	0.769469022750854	2.24341380596161	0	0	0	0	0	0	0.770621955394745	0	0	0	0	0	0	0	0	0	0	0.677672266960144	0	0	0	0	0	0	0	0	0	0.524968564510345	0	0.575030922889709	0.578396558761597	0	0	0	0	0	0	0	0	0.452131897211075	0	1.31517910957336	0	0	0	0	0	0	0	0	0.555109262466431	1.82184499502182	0	0	0	0	0	0	0	0	0.709909319877625	0	0	1.00768995285034	0	0	0	0	0	0	0	0.725607633590698	0	0	0	0	0.666939437389374	0	0.876358389854431	0	0	0	0	0	0	0	0	0	0	0	0	0	0	0.71193927526474	0	0	0	0.746279060840607	0	0	0	0	0.874699175357819	0	0	0	0	0	0	0	0	0	0	0	0.579661130905151	0	0	0	0	0	0	0	0.552259504795074	0	0	0	0	0	0	0	0	0	0	1.54264974594116	1.41422832012177	0	0	0	0	0	0	0	0	0	0	0	0	0	0	0	0	0	0	0.627328753471375	0	0	0.416383385658264	0	0	0	0	0	0	0	0	0	0	0	0	0	0	0	0	0	0	0	0	0	0	0	0	0	0	0	0	0	0	0	0	0	0	0	0	0	0	0	0	0	0	0	0.664473056793213	0	0	0	0	0	0	0	0	0	0	0	0	0	0	0	0	8.48760297894478	1.1783013343811	0	0.410904765129089	0	0	0	0	0	0	0	0	0	0	0	0	0	0	0	0	0	0	0	0	0	0	0	0	0	0	0	0	0	0	0	0	0	0.495962679386139	0	0	0	0	0	0.66382098197937	0	0	0	0	0	0	0	1.79549914598465	0	0	0	0	0	0	0	0	0.433507353067398	0	0.482260465621948	0	0	0	0	0	0.419249206781387	0	0	1.78398466110229	0	0	0	0	0	0	0	0	0	0	0	0	0	0	0	0	0	0	0	0	0	0	0	0.681617498397827	1.3844074010849	0	0	0	0.591955840587616	0	0	0	0	0.521641135215759	0	0	0	0	0	0	0	0	0	0	0	0	0	0	0	0	0	3.38708186149597	0	0	0	0	0	0	0	0	0	0	0	0	0	0	0	0	0	0	0	0	0	0	0	0	0	0	0	0	0	0	1.48829543590546	0	0	0	0	0.748902261257172	0	2.90101408958435	1.86938816308975	0	0	0	0	0	0	0	0	0	0	0	0	0.685217201709747	0
Olfm3	0	0	0	0	0	0	0	0	0	0	0	0	0	0	0	0	0	0	0	2.88415586948395	0	0	0	0	0	0	0	0	0	0	0	0	0.484833568334579	0	0	0	0	0	0	0.621413826942444	0	0	0	1.56920254230499	0	0	0	0	0	0	0	0	0	0	0	0	0	0	0	0	0	0	0	0	0	1.21968311071396	0	0	0	0	0	0	0	0	0	0	0	0	0	0	0	0	1.13257569074631	0	0	0	0	0	0	0	0	4.47497862577438	0	0	0	0	0	0	0.78377902507782	0	4.47215348482132	0	0	0	1.22359621524811	0	0	0	0	0	0	0	0	0	0	0	0	0	0	0	0	0	0	0	0	0	0	0	0	0	0	0	0	0	1.59821105003357	0	0	0	0	0	1.08134520053864	0	0	0	0	0.563496172428131	0	0	0	0	0	0	3.83755123615265	0	4.23970830440521	0	0	0	0	0	0.76893424987793	0	0	0	0	0	0	6.14481276273727	0	0	0.845542192459106	0	0	2.54782438278198	0	0	0	0	0	0	0	0	0	0	0	0	0	0	0	0.955470681190491	0	4.49776232242584	5.30265069007874	6.64522010087967	0	2.54338663816452	0	0	0	0	0	0	0	1.04060244560242	1.77841836214066	0	1.55694189667702	0	0	0.56381094455719	0	0	0	0	0	0	0	0	0	0	1.95579463243484	0	0	4.63715362548828	0	0	0	0	0	0	5.67892134189606	0	0	0	0	5.69223099946976	0	0	4.29861843585968	0	0	0	0	0	0	5.20115461945534	0	0	0	0	0	1.42626684904099	0	0	0	0	0	0	7.6073522567749	0	0	0	0	0	0	0	0	0	0	0	0	0	0	1.99618083238602	3.22585415840149	0	0	0	0	0	0	0	0	0	0	0	0	0	0	0	0	0	3.85293662548065	0	0	0	0	1.80246353149414	0	0	0	0	0	0	0	3.08539217710495	0	0	0	0	0	0	0	0	0	2.2032031416893	0	0	0	0	0	0	0	0	0	0	0	0	0	2.75983482599258	0	0	0	0	0	0	0.542743325233459	0	0	0	0	0	0	2.06706494092941	3.86571764945984	0	1.03321641683578	0	0.897327661514282	0	0	0	0	0	0	0	0	0	0	0	1.03730082511902	0	0	1.25106346607208	0	0	5.30977916717529	0	0	0	2.1897089779377	0	2.04846620559692	0	0	0	0	0	0	2.11971646547318	0	0	0	0	1.2283148765564	0	1.82085943222046	0.472462862730026	1.24025511741638	0	0	0	0	0	0	0.674338400363922	0	0	0.772840559482574	0	0	0.613068699836731	0	0	0	0	0	0	0	4.1487974524498	0	0	0	0	0	0	0	0	0	0	0	0	0	0
Opalin	0	0	0	0	0	0	0	0	0	0	0	0	0	0	0	0	0	0	0	0	0	0	0	0	0	0	0	0	0.628673434257507	0	0	0	0	0	0	0	0	0	5.90612953901291	0	0	0	0	0	1.31476747989655	0	0	0	0	0	0	0	0	0	0	0	0	0	0	0	0	0	0	0	0.543233513832092	0	0	0	0	0	0	0	0	0	0	15.6766188144684	0	7.0939427614212	0	0	0	0	0	0	0	0	0	0	0	0	0	0	0	0	0.445523738861084	0	0	0	0	0	0	0	0	0	0	0	0	0	0	0	0	0	0	0	0	0	0	0.776529014110565	0	0	0	0	0	0	1.39261829853058	0	0	0	0	0	0	0	0	0	0	0	0	0	0	0	0	0	0.697820723056793	0	0	0	0	0	0	0	0	0	0	0	0	0	0	0	0	0	0	0	0	0	0	0	0	0	0	0	0	0	0	0	0	1.69410979747772	0	0	0	0	0	0	0.508044838905334	0.634156703948975	0	0	0	0	0	0	0	0	0	0	0	1.28855407238007	0	0	0	0	0	0	0	0	0	0	1.96008622646332	0	0	0	0	0	0	0	0	0	0	0	0	0	0	0	10.3853321075439	0	0.512003302574158	0	0	0	0	0	0	0	0	0	0	0	0	0	0	0	0	0	0	0	0	0	0	0	0	0	1.95452079176903	0	0.71989506483078	0	0	0	0	0	0	0	0	0	0	0	0	0	0	0	0	0	0	0	0	9.26363110542297	0	0	0	0	0	0	0	0	0	0	0	0	0	0	0	0	0	0	0	0	0	0	0	0	0	0	0	0	3.11300444602966	0	0.565775036811829	0	0	0	0	0	0	0	0	0	0	0	2.07543683052063	4.17189121246338	1.79307401180267	0	0	0	0	0	1.52425265312195	0	0	0	0	1.31737577915192	0	0	0	0	0	0	0	0	0	0	0	0	0	0	0	0	0	0	0	0	0	0	0	0	0	0	0	0	5.77862071990967	0	0	0	0	0	0	0	0	0	0	0	0	0	0	0	0	13.2139654159546	0	0	0	0	0	0	0	0	0	0	0	0	0	0	0	0	0	0	0	0	0	0	0	0	0	0	0	0	0	0	0	0	0	0	0	0	0	0	0	0	0	0	0	0	0	0	0	0
Oprk1	0	0	0	0	0	0	0	0.857013523578644	0	0	0	0	0	0	0	0	0	0	0	0	0	0	0	4.18534886837006	0	0	0	0	0	0	0	0	0	0	0	0	0	0	0	0	0	0	0	0	0	0	0	0	0	0	0	0	0	0	0	0	0	0	0	0	0	0	0	0	0	0	0	0	0	0	0	0	0	0	0	0	0	0	0	0	0	0	0	0	0	0	0	0	0	0.730418801307678	0	3.05527770519257	0	0	0	0	0	0	0	0	0	0	0	0	0	0	0	0	0	0	0	0	0.652081370353699	0	0	0	0	0	0	0	0	0	0	0	0	0	0	0.960185945034027	0	0	0	0	0	0	0	0	0	0	0	0	0.565259516239166	0	0	1.3152557015419	0	0	0	0	0	0	0	0	0.552259504795074	0	0	0	0	0	0	0	0	0	0	0	0	0	0	0	0	0	0	0	0	0	0	0	0	0	0	0	0	0	0	0	3.18550062179565	0	0	0	0	0	0	0	0	0	0	0	0	0	0	0	0	1.10318160057068	0	0	0	0	0	0	0	0	0	0	0	0	0	0	0	0	0	0	0	0	0.876431047916412	0	0	0	0	0	0	0	0	0	0	0	2.13723134994507	0	0	0	0	0	0	0	0	0	0	0	0	0	0	0	0	0	0	0	0	0	0	0	0	0	0	0	0	0	0	0	0	0	1.41129899024963	0.648608863353729	0	0	0	0	0	0	0	0	0	0	0	0	0	0	0	0	0	1.02301210165024	0	0	0.628696024417877	0	0	0	0	0	0	2.52177023887634	0	0	1.08989012241364	0	0	0	0	0	0.71713650226593	0	0	0	0	0	0	0	0.639013588428497	0	0	0	0	0	0	0.417412936687469	0	0	0	0	0	0	0	0	0	0	0	0	0	0	0	0	0	0	0	0	0	0	0	0	0	0	0	0	0	0	0	0	0	0	0	0	0	0.881336808204651	0	0	0	0	0.950208067893982	0	0	0	0	0	0	0	0	0	0	0	0	0	0	0	0	0	0	0.480967164039612	0	0	0	0	0	0	0	0	0	0	0	0	0	0	0	0	0	0	0	0	0	0	0	0	0	0	0	0	0	0	0	0	0	0	0	0	0	0	0	0
Osr1	0	0	0	0	0	0	0	0	0	0	0	0	0	0	0	0	0	0	0.58878082036972	0	0	0	0	0	2.65847539901733	0	0	3.24879550933838	0	0	0	0	0	0	0	0	0	0	0	0	0	0	0	0	0	0	0	0	0	0	0	0	0	0	0	0	0	0	0	0	0	0	0.636545181274414	0	0	0	0	0.425580501556396	0	0	0	0	0	0	0	0	0	0	0	0	0	0	0.881780087947845	0	0	0	0	0	0	0	0	0	0	2.68681806325912	0	0	0	0	0	0	0	0	0	0.51602441072464	0	0	0	0	0	0	0	0	0	0	0	0	0.949799120426178	0	0	0	0	0	0	0	0	0	0	0	0	0	0	0	0	0	0	3.54853785037994	0	0	0	0	0	0	0	0	0	0	0	0	0	0	0	0	0	1.15166401863098	0	0	0	0	0	0	0	0	0	0	0	0	0	0	1.69790759682655	0	0	0	0	0.521413803100586	0	0	0	0	0	0	0	0	0	0	0	0	0.416383385658264	0	0	0	0	0	0	0	0	0	4.39666509628296	0	0	0	0	0	0	0	0	0	0	0	0	0	0	0	0	0	1.46129667758942	0	0	0	0	0	0	0	0	0	0	0	0.425467431545258	0	0	0	0.755192160606384	0	0	0	0	0	0	0	0	0	0	0	0	0	0	0	0	0	0	0	0	0	0	0	0	0	0	0	0	0	0	0	0	0	0.677351951599121	0	0	0	0	0	0	0	0	0	0	0	0	0	0	0	0	0	0	0	0	0	0	0	0	0	0	0	0	0	0.420685410499573	0	0	0	0.383065611124039	0	0	0	0	0	0	0	0	0	0	0	0	0	0	0	0	0	0	0	0	0	0	0.471018373966217	0	0	0	0	0.557868897914886	2.69935578107834	0	0	0	0.883788824081421	0	0	0	0	0	0	0	0	0.574870824813843	0	0	0	1.2876592874527	0	0	0	0	0.778185367584229	0	0	0	0	0	0.882266640663147	0	0	0	0	0	0	0	0	0	0	0	0	0	0	0	0	0	0	0	0	0	0	0	0	0	0	0	0	0	0	0	0	0	0	0	0	0	0	0	0	0	0	0	0	0	0	0	0	0	0	0	0	0	0	0	0	0	0	0	0	0	0	0	0	0	0	0	0
Otof	0	0	0	0	0	0	0	0	0	3.50311636924744	0	0.850913763046265	0	0	0	21.0352411270142	0	0	1.50246715545654	0	0	0	0.534173548221588	0	0	0	0	0	0	0	0	0	0	0	0	0	0	0	0	0	0	0	26.0036196708679	0	0	1.45966815948486	0	0	0	0	0.673418283462524	0	0	0	0	0	0	0	0	0	8.09755229949951	0	0	0	0	0	0	0	0	0	0	0	0	0	0	2.34364080429077	0	0	0	0.592113435268402	0	8.9777193069458	0	0	0	0	0	0	0	0	0	0	0.815611004829407	0	0	0	0	0	0	3.24297213554382	0	0	0	0	0	0	0	0	0	0	0	0	0	0	0	0	0	0	0	23.3323934078217	0	0	0	0	0	0	0	0	0	0	0	0	0	0	0	0	0	0	0	0	0	0	0	0	0	0.972762405872345	0	0	0	0	0	0	0	0	0.46477609872818	0	0	0	0	0	0	59.910876095295	20.5978130698204	0	0	0.538266360759735	0	0	0	0	0	0	0	0	0	0	0	0	0	0	21.2884645462036	0	0	0	0	0	0	0	0	0	0	0.532178163528442	0	0	0	0	0	0	0	0	0	0	0	0	0	0.572764337062836	0	0	0	0	0	0	0	0	0	0	0	0	0	0	0	0	2.2108325958252	0	0.546927094459534	0	0.425467431545258	0	0	0	1.0648090839386	0	0	0	0	0	0	0	0	0	0	25.5997434854507	0	2.91362643241882	0	0	0	0	0	0	0	0	0	0	0	0	0	0	3.16739153862	0	0	0	0	0	0	0	0	0	0	0	0	0	0	0	0	0	0	0	116.199219703674	0	0	0	0	0	0	3.06430792808533	3.80847311019897	0	0	0	0	0	0	0	0	0	0	0	0	19.9303216338158	0	0	0	0	0	0	9.40371990203857	2.34064817428589	0	0	0	0	0.995145380496979	23.9539377689362	0	0	0	0	0	0	0	0	0	0	0	0	0	0	0	0	0	0	0	0	0	0	0	0	0	0	0	0	0	36.7101154327393	0	16.7294070720673	1.17347007989883	0	1.18409210443497	0	0	0	0	0	0	0	0	0	0	0	0	0	5.37936162948608	0	0	1.07152783870697	0	0	0	0	0	34.8883984088898	0	0	0	8.54393696784973	0	0	0	0	0	0	0	0	0	0	0	0	6.16977643966675	0	0	0	0	0	0	0	0	0	0	0	19.032460808754	10.1221127510071	0	0	0	0	0	0	24.8814369440079	0	0	0	0	0	0	0	0	0	0	0	0	0	0	0
Parm1	0	0	0	0	4.37950521707535	0	0	30.4997099041939	4.91739654541016	0	0	1.64139676094055	0	0	1.42792129516602	0	1.15241253376007	0	0	1.07048535346985	0	0	48.8875463008881	0	0	0	0	0	0	0	3.37277239561081	0	0	3.15510666370392	3.37053918838501	0	0	0	0	0	0	0	0	0	14.3236865401268	0	0	0	0	0	0	0	0	0	0	0	0	78.7280226349831	31.2971615791321	0	0	0	0	0	0	3.33324706554413	0	0	0	0	0	0	0	46.4998385906219	0	0	0	0	0	0	0	0	0	0	0	0	0	0	0	0	0	0	0	0	0	0	0	0	0.638078987598419	0	0	0	0	0	0	0	0	0	0	0	0	0	0	0	18.3150369524956	0	0	0	0	0	0	0	0	2.94540363550186	0	0	0.718142092227936	19.2352773249149	0	0	0	0	0	0	0	0	0	0	0	0	0	0	0	0	0	0	0	12.437816619873	0	0	63.6979331970215	0	0	0	0	1.37300372123718	0	0	0	0	0	0	0	0	0	0	0	0	0	0	0	0	0	0	0	0	0	0	0.844045758247375	0	0	0	0	0	0	34.5695592164993	0	0	0	0	0	0	15.6530191302299	11.1559455394745	0	0	0	1.98513197898865	0	0	0	0	8.13273525238037	0	7.10313355922699	8.90642213821411	0	0	0	0	0	5.54269254207611	0	4.82570385932922	0	18.6956346035004	0	3.93748271465302	0	0	0	9.48326289653778	0	0	0	0	2.56070446968079	0	0	0	0	0	0	2.58001375198364	0	0	0	0	0	0	0	0	0	10.6059008836746	3.55792558193207	0	0	0	0	0	0	0	0	0	39.5220363736153	0	0	0	0	9.96235847473145	0	0	0	0	0	50.954521715641	0	0	0	40.6058374047279	0	13.6110859513283	0	0	0	0.604398548603058	1.3904275894165	0	0	0	0	0	0	0	0	72.0009273290634	26.0033557415009	0	42.0468794107437	0	0	0	0	0	0	25.3123016357422	10.62486743927	0	0	0	16.6944695115089	0	5.18072819709778	0	0	45.4791554808617	28.3257694244385	0	0	0	0	0	0	0	0	0	0	0	0	0	0	0	0	0	0	0	0	0	11.914698600769	0	0	0	0	0	11.0320876836777	6.55293214321136	14.7363399267197	0	20.6135153770447	0	62.1532670855522	0	0	0	0	0	0	0	0	72.4185911417007	8.41404104232788	0.726719737052917	0	0	4.60947549343109	0	0	0	0	0	0	0	0	37.8373755216599	5.29752123355865	0	0	0	0	0	0	0.933004856109619	0	0	35.487743973732	0	13.9770336747169	14.3308509588242	0	0	0	0	0	9.2329181432724	0	0	13.4869312644005	0	0	17.1113753318787	0	0	0	0	0	0	0	0	0	0	0	0	0	5.49508357048035	0	0	0	0	0	0	0	0	0	0	0	0	0	0	0	0	0	0	0	0
Pcdh8	0	0	0	0	0	0	0	0	0	0	0	0	0	0	0	0	0	0	0	0	0	0	0	21.6670114398003	0	0	0	0	35.382719039917	0	0	0	0	0	0	0	0	0	8.49532389640808	0	0	0	0	0	21.3760523796082	0	0	0	0	6.13577830791473	0	0	0	0	0	2.00753211975098	0	0	0	0	0	0	0	0	0	0	0	0	0	0	0	0	0	0	0	0	0	7.12709325551987	0	0	41.6318111419678	3.61738884449005	0	0	0	0	0	0	0	0	0	0	0	0	0	0	0	1.51213991641998	0.78377902507782	0	0	0	3.74866986274719	0	2.22336745262146	0	0	0	0	0	0	0	0	0	0	0	0	0	0	16.0680737495422	0	0	0	0	0	0	0	0	0	0	0	0	0	0	0	0	0	1.68024069070816	0	0	0	0	0	0	0	0	0	0	4.14338809251785	0	0	0	0	0	0	0	0	0	0	16.0514479875565	0	0	0	0	0	0	0	0	15.8634226918221	0	0	0	1.58673578500748	0	0	0.712832987308502	0	0	0	0	0	40.5679656267166	45.1360484361649	0	0	0	27.7044042944908	18.8204139471054	0.609610974788666	0	0	0	12.5450649261475	0	0	0	0	0.972748517990112	1.62368392944336	0	51.0072679519653	25.6697768568993	8.09022986888885	0	1.91296321153641	0	0	0	0	0	0	0	0	0	0	0	0	0	0	0	0	0	0	0	0	0	0	0	0	0	0	0.433002799749374	0	0	0	0	0	0	0	25.279968380928	0	0	0	0	0	1.85850250720978	0	0	0	0	0	0	0	0	0	0	0	0.820939898490906	0	0	0	0	0	0	0	0	0.996197670698166	0	0	0	0	0	0	0	0	0	0	0.906839430332184	0	21.7249636054039	0	0	3.51530736684799	0.649015665054321	0	3.88476860523224	3.81184816360474	0	0	0	0	0	0	0	0	0	0	27.3850712776184	0	0	0	0	0	0	0	0	5.05181205272675	0	0	0	0	0	0	5.59321737289429	0	34.540502011776	0	0	0	0	0	0	0	0	0	0	15.5773680210114	0	0	0	15.6603405475616	0	0	0	0	0	0	0	0	0	0	0	4.77132272720337	0	0	12.9808040857315	13.0082023143768	0	0	0	0	0	0	0	0	0	0	31.3141008615494	0	0	0	0	0	0	0.630450487136841	0	0	0	0	0	21.534840464592	16.1819851398468	0	0	0	0	0	14.1496878266335	0	8.87687873840332	0	4.65647339820862	0	4.52332806587219	0	0	0	0	0	8.49583041667938	0	0	0	0	0	0	0	0	0	0	13.9175083637238	0	0	0	0	0	0	0	0	0	0	0	0	0	0	0	0	0	0	0	0	0	0	0
Pde11a	0	0	0	0	0	0	0	1.0978776216507	0	0	0	0	0	0	0	0	0	0	0	0	0	0	0	0	0	0	0	0	0	0	0	0	0	0	0	0	0	0	0	0	0	0	0	0	0	0	0	0	0	0	0	0	0	0	0	0	0	0	0	0	0	0	10.9933700561523	0	0	0	0	0	0	0	0	0	0	0	0	0	0	0	0	0	0	0	0	0	0	0	0	0	0	0	0.709909319877625	0	0	0	0	0	0	0	0	0	0	0	0	0	0	0.647051930427551	0	0	0	0	0	0	0	0	0	0	0	0	0	0	0	0	0	1.13720321655273	0	0	0	0	0	0	0	0	0	0	0	0	0	0	0	0	0	0	0	0	0	0	0	0	0	0	0	0	0	0	0	0	0	0	0	5.76061391830444	0	0	0	0	0	0	0	0	0	0	0	0	0	0	0	0	0	0	0	0	0	0	0	0	0	1.14986217021942	0	0	0	0	0	0	0	0	0	0	0	0	0	0	0	0	0	0.803936660289764	0	0	0	0	0	0	0	0	0	0	0	0	1.05383849143982	0	0	0	0	0	0	0	0	0	0.518980860710144	0	0	0	0	0	0	0	0	0	0	0	12.6303973197937	0	0	0	0	0	0	0	0	0	0	0	0	0	4.15173387527466	0	0	0	0	0	0	0	0	0	0	0	0	0	0	0	0	2.18922019004822	0	0	0	0	0	0	0	0	0.436193346977234	0	0	0	0	0	0	0	0	0	0	0.789939343929291	0	0	0	0	0	0	0	0	0	0	0	0	0	0	0	0	0	0	0	0	0	0	0	0.498212367296219	0	0	0	0	0	0	0	0	0	0	0	0	0.558278441429138	0	0	0	0	0	0	0	0	0	0	0	0	0	0	0	0	0	0	0	0	0	0	0	0	0	0	0	0	0	0	0	0	0.881336808204651	0	0	0	0	0	0	0	0	0	0	0	0	0	0	0	0	0	0	0	0	0	0	0	0	0	0	0.527058899402618	0	0	0	0	0	0	0	0	0	0	0.448217958211899	0	0	0	0	0	0	0	0	0	0	0	0	0	0	0	0	0	0	0	0	0	0	0	0	0	0
Pdgfc	0	0	0	0	0	0	0	0	0	0	0	0	0	0	0	0	0	0	0	0	0	3.47271239757538	0	2.11954569816589	0	0	0	0	0	0	4.87391573190689	3.84375441074371	0	0	1.27905249595642	0	0	0	0	0	0	0	0	0	0	0	0	0	0	2.3811931014061	0	0	0	0	0	0	0	0	0	0	0	0	0	0	0	0	0	0	2.32244825363159	0	0	0	1.98003244400024	0	0	0	0	0	0	0	0	0	0	0	0	1.61237454414368	0	0.570963978767395	0	4.68329930305481	0.59853982925415	0	0	0	0	0	1.83476114273071	0	0	0	0	1.87395173311234	0	0	0	0	0	0	2.17830896377563	0	0	0	0	0	0	0	0	0	0	0	0	0	0	0	0	0	0	0	1.02507284283638	0	0	0	0	0	0	0	0	0	0.559210658073425	0	0	0	0	0	0	0	0	0	0.421250492334366	0	0.741242647171021	0	0	1.16524004936218	0	0	0	0	0	1.34726929664612	0	0	0	0	0	0	0	0	0	0	0	0	0.624724209308624	0	0	0	0	0	0	0	0	2.51719748973846	0	0	0	0	0	0	0	0	0	0	0	0	0	0	0	0	0	0	2.82792210578918	0	0	0.889014482498169	0	1.88238173723221	0	0	0	0	0	0.861895859241486	0	0	0	0	0	0	0	0	0	0.789829671382904	0	0	0	0	0.425467431545258	1.27573704719543	0	1.09403026103973	0	0	0	0	0	0	0	0	0	0	0	0	0	0	0	2.06623277068138	0	0	0	0	0	1.23440629243851	0	0	0	0	0	0	0	0	0	0	0	0.76266998052597	0	0	0.440700620412827	0	0.699702143669128	0	0	0	0.539224028587341	0	0	0	0	0	0	0	1.66515213251114	0	1.43681168556213	0	0	0	2.19318598508835	0	1.17443287372589	0	0	3.53968000411987	0.434029310941696	0	0	0	0	2.35081553459167	0	0	0	0	0	0	0	0	0	0	0	0	0	0	0	0	2.99051544070244	0	0	0	0	1.37425553798676	0	1.52450084686279	0	0	0	0	0	0	0	0	0	3.54353407025337	0	0	0	0	0	0	0	0	0	0	0	0	0.565615952014923	0	0	0	0	0	0	0	0	0	2.72441345453262	0	0	0	0	0	0	0	0	0	0	0	0	0	0	0	0	0	0	0	0	0	0	0	0.699456751346588	0	0	0	0.770699679851532	0	0	0	0	0	0	0	2.02014708518982	0	0	0	0	0	0	0	0	0	0	0	0	0	0	0	0	0	0.585884690284729	0	0	0	0	0	0	0	0	0	0	0	0	0	0	0
Pdgfra	0	0	0	0	0	0	0	0	0	0	0	0	0	0	0	0	0	0	0	0	0	4.62531507015228	0	0	0	0	0	0	0	0	0	0	0	0	0	0	0	0	0	0	0	0	0	0	0	0	0	0	0	0	0	0	0	0	0	0.916245400905609	0	0	0	0	0	0	0	1.7401305437088	0	0	0	0	0	0.807379186153412	0	0	0	0	0	0	0	0	0	0	0	0	0	0	0	0	0	0	0	0	0	0	0	11.1371130347252	0	0	0	0	0	0	0	3.44535779953003	0	0	0	0.466385036706924	0	0	0	0	1.20832920074463	0	0	0	0	0	0	0	0	0	0	2.79421800374985	0	0	0	0	0	0	0	0	0.859480202198029	1.58699977397919	0	0	0	0	0	0	0	0	0	0	0	0	1.20880627632141	0	0	0	0	0	0	0	6.0665967464447	0	10.0478075146675	0	0	0	0	0	0	0	0	0	0	0	0	0	0	0	0	0	0	0	1.97357112169266	0	0	0	0	0	0	0	3.6279810667038	0	0	0	0	0	0	0	1.37895041704178	0	0	0	0	0	0	0	0	0	4.38717493414879	0	0	0	0	0	0	0	0	0	0	0	0	0	0	0	0	0	0	0	0	0	0	0	0	0	0	0.510660767555237	0	0	0	0	0	0	0	0	3.55173015594482	0	5.3290536403656	0	0	0	0.611983895301819	0	0	37.0794067382812	0	0	0	0	0	1.71263992786407	4.18031960725784	0	0	0	0	0	0	0	1.84934121370316	3.40098643302917	0	0	0	0	0	0	0	0	0	0	11.7806599140167	0	0	0	0	0	0	0	0	0	0	0	3.20301598310471	13.1819593608379	0	0	0	0	0	0	3.50841480493546	0	0	0	0	0	0	0	0	0	0	3.5523270368576	0	0	4.03173851966858	0	0	0	0	0	6.33545219898224	0	0	0	0	0	0	0	0	0	0	0	0	0	1.32978546619415	1.40375965833664	0	0	0	0	0	0	5.03752470016479	0	0	0	0	0	0	0	0	0	0	0	0	0	0	0	0	0	0	0	0	0	0	1.39793759584427	0	0	1.65506017208099	0	63.6940027475357	0	0	0	0	0	0	0	0	6.33153808116913	0	0	0	0	0	3.58581668138504	0	0	0	0	0	2.21612751483917	0	5.22057676315308	0	0	0	0	0	0	0	0	0	0	0	0	0	0	0	0	0	0	0	0	0	0	0	0	0	4.68260043859482	0	0	0	2.26140034198761	0	0	0	0	3.13964241743088	0	0	0
Pdlim5	0	0	0	3.17963314056396	5.87408417463303	0	0	0	0	0	0	0	0	0	0	0	0	0	0	0.73779571056366	0.614310741424561	0	1.06185209751129	0	0	0	0	0	0	0	0	0	0.46928209066391	0	0	0	0	0	1.04325294494629	1.6714471578598	0	0	6.13506269454956	0	0	0	0	0	0	0.763056993484497	0	0	0	0	0	0	0	0	0	0	0	0	0	0	0	0	0	0	0	0	0	0	0	0	0	0	0	0	0	0	0	0	0	0	0	0	0	0	0.675153911113739	0	0	0	0	0	2.00601130723953	0	0.590138018131256	0	0	0	2.60021662712097	0	0	0	0	0	0	0	0	0	0	0	0	0	0	0	0.913081169128418	0	0	0	1.15126502513885	0	0	0	0	0	0	0	0	0	1.57276260852814	0	0	0	0	0	0	0	0	0	0	0	0	0	2.05187177658081	0	0	0.964971542358398	0	0	0	0	0	0	0	0	0	0	0	0	0	0	0	0	0	0	0	0	0	0	0	0	2.50882816314697	0	0	0	0	0	0	0	5.09030365943909	0	0	0	0	0	0	2.70375591516495	0	0	0	0	1.04442262649536	0	0	0	0	0	0	0	4.12362015247345	0	0	0	0	0	0	0	0	0	0	0	0	0	0	0	0	0	0	0	0	0	0	0	0	0	0.425467431545258	1.77184569835663	0	0	0	0	0	0	0	1.84672313928604	0	0	0	0.905958652496338	0	0	0	0	0	0	0	0	4.78449821472168	1.41472744941711	0.408821552991867	0	0	0	0	0	0.879257380962372	0	0	0	0	0	0	0	0	0	0	0	0.753590285778046	2.01676964759827	0	0	0	0	0	7.84455835819244	3.96620392799377	0	4.47645056247711	0	0	0	0	0	0	0	3.57443630695343	0	0	0	0	0	0	0	3.0522358417511	0	0	0	0	0	0	2.55784028768539	0	0	0	0	0	0	0	0	0	0	8.36100566387177	0	0.428855329751968	0	0.486579865217209	1.2402937412262	0	0	0	0	0	0	0	0	0.557868897914886	0	0	1.39385604858398	0	0	21.4894528388977	0.708218336105347	3.08106708526611	0	0	0	0	0	0	0	0	0	0	0	0	0	0	2.52246975898743	0	0.726719737052917	0	0	0	0	0	0	7.06534886360168	0	0	0	0	0	0	1.01994588971138	0	0	0	0	0	5.95143711566925	0	0	0	0	3.9788670539856	0	0	0	0	0	0	0	1.63628956675529	2.84460252523422	0	0	3.8077586889267	2.62386178970337	0	0	0	0	0	0	3.24354600906372	0	0	0.511746883392334	8.09316712617874	0	0	0	2.36426138877869	0	0	0	0	0	0	0	0	0	0	1.59125572443008	0	0	0	0	0	0	0	1.58216953277588
Phactr2	0.784017860889435	0	0	0	0	0	0.563394963741302	6.31480294466019	0	0	0	0	0	1.59449625015259	0	0	4.30552053451538	0	4.64095139503479	0	0	0	0	0	0	0	0	0	0	5.56004005670547	0	0	0	11.1597594022751	0	0	0	0	0	0	0.55650007724762	0	0	0	0	0	0	0	0	10.913513481617	0	0	9.84592163562775	0	1.90516746044159	0	0	0	0	9.42456364631653	0	0	0	0	0	0	0	0	0	0	0	0	0	0	0	0	0	0	0	0	7.32970076799393	0	0	0	0	0	0	3.4116222858429	0	0	0	0	0	0	0	0	0	0	0	2.96874403953552	0	0	5.0004591345787	0	6.98011857271194	0	6.62373679876328	0	0	0	6.95791721343994	0	0	0	0	0	0	6.17360377311707	0	0	0	0	13.4148339033127	8.76880258321762	0	0	0	0	0	0	0	0	5.49501430988312	0	0	0	0	0	0	0	0	19.600744664669	0	0	0	4.07971280813217	0	1.70790445804596	0	2.48801285028458	0	0	0	0	4.69750046730042	0	0	0	0	0	0	27.5672425031662	16.112960934639	0	7.63737159967422	7.89201956987381	0	4.96126180887222	0	0	0	0	0	0	0	0	0	0	0	0	0	0	6.90979397296906	0	0	0	0	0	0.74954879283905	1.34678557515144	3.13412374258041	0	0	0	0	0	0	5.97909045219421	0	0	0	0	0	0	0	0	0	0	0	0	0	0	0	0	0	0	0	0	0	0	12.3463054895401	0	0	0	0	2.54835855960846	0	3.00023168325424	2.1779987514019	1.3263293504715	0	0	5.225356310606	0	0	0	0	0	1.32212948799133	8.43164247274399	0	0	0	0	0	0	0	2.34694772958755	10.060783624649	0	0	0	6.84856283664703	0	5.67153137922287	0.972543120384216	0	0	0	0	0	1.79354238510132	0	7.94107639789581	0	18.8970720767975	4.55156227946281	0	3.26269382238388	0	0	0	0	0	0	0	3.13348078727722	0	12.4543933868408	0	0	0	0	0	0	0	0	0	0	0	0	0	0	0	0	0	3.91927790641785	0	0	0	0	0	0	0	0	0	0	0	0	12.0173119306564	0	0	2.32568502426147	0	6.31334608793259	8.09174644947052	0	0	0	0	15.7257210016251	0	0	6.09251010417938	0	0	4.08065283298492	0	0	0	0	6.65913075208664	11.9355722665787	0	0	0	0	0	0	0	0	0	0	0	0	0	0	0	11.9580945968628	0	0	0	0	0	0	0	0	0	0	0	3.25883293151855	3.58969855308533	6.29785126447678	0	4.25076198577881	0	1.63567018508911	0.504046380519867	1.23520576953888	1.84470224380493	0	0	0	0	0	0	0	14.2891101837158	7.11909449100494	2.97040599584579	0	0	0	7.18390572071075	8.29996329545975	0	0	0	0	0	0	0	0	0	0	1.50326359272003	0	0	5.58072686195374	0	0	0	0	0	0	0	0	0	0	0	0	0	0	0	0	0	0	0	0	5.11419320106506	0	0	2.62137132883072	0
Plch1	0	0	0	0	0	0	0	9.3689621090889	0	0	0	0	0	0	0	0.979435324668884	0	0	0	0	0	0	0	0	0	0	0	0	3.36049616336823	0	2.96455776691437	0	0	0	0	1.31700098514557	0	0	0	0	1.11300015449524	0	0	0	1.95435470342636	0	0	0	0	0	1.83512210845947	0	0	0	0	0	3.84474819898605	0	0	0	0	0	0	5.09042418003082	7.84400963783264	0	0	0	0	1.18164312839508	2.69445085525513	1.14990478754044	0	0	2.04170179367065	0	0	0	0	0	0	1.19702923297882	0	0	0	0	1.2563591003418	0	0	0	4.40653586387634	0	0	0	3.11272686719894	0	1.05265271663666	1.26507288217545	0.78377902507782	0	0	0	0	0	0	0	0.696623206138611	0	0	1.69571328163147	0	0	0	0	0	0	6.20961761474609	0	0	0	0	2.1354364156723	0	0	0	0	1.78099119663239	0	0	0	0	0	0	0	0	2.37351256608963	9.67945218086243	0	0	0	0	0	0	2.788729429245	0	0	1.01495862007141	0	0	3.65884518623352	0	1.5081747174263	0	0	0	0	0	0	0	0	0	10.588963508606	0	0	0	0	0	0	0	1.76339244842529	0	0	0	0	0	0	0	0	0	0	0	8.75497275590897	0	0	0	0	0	0	0	0	0	0	0	0	6.37995177507401	0	0	0	0	0	0	0	0	0	2.37998116016388	0	0	0	0	0	0	0	0	0	0	2.32563811540604	0	0	0	0	0	0	0	0	3.48743999004364	0	0	0	0	0	0	2.32700499892235	0	0	0	0	0	0	0	0	0	0	0	0	0	3.4993759393692	1.11017164587975	0	0	0	0	5.61291748285294	0	0	0	0	0	0	0	4.74625992774963	5.18730074167252	0	1.99958372116089	0	2.65384459495544	0	0	0	0	0	0	0	0	0	0	0	0	0	0	0	0	0	6.18962049484253	0	0	0	0	0	0	0	0	0	0	0	0	0	0	0	0	6.27930894494057	0	3.52773416042328	4.99966514110565	0	0	1.11365714669228	0	0	4.61165845394135	12.0725747346878	0.560675144195557	0	0	0	0	0	4.3865362405777	0	0	2.12606972455978	0	0	0	0	0	0	2.28850555419922	0	0	0	0	5.00318902730942	0	0	0	0	0	0	0	2.54709243774414	0.311924308538437	0	0	2.40833619236946	0	0	0	1.68600291013718	0	0	0	0	0	0	0	0	0	0	0	0	0	0	0	0	0	0	0	0.745333969593048	0	0	0	0	0	0	0	0	0	0	0	0	1.30432546138763	0	0	0	0	0	0	0	0	0	0	0	0	0	0	0	4.82761931419373	0	0	0	2.33230686187744	2.61597752571106	3.72671353816986	0	0	0	0	0	0	0	0	0	0	0	0	0	0	0	0	0	0	0	0.704012155532837	0
Plcxd3	0	0	0	0	0	0	0	0	0	0	0	0	0	0	0	0	0	0	0	0	0	7.73020589351654	0	0	0	0	0	0	0	0	0	1.39892327785492	0	0	0	7.79843258857727	16.2202444672585	2.3813111782074	8.06093162298203	0	0	0	0	0	0	0	1.75744390487671	0	0	0	0	0	0	0	0	0	2.89990305900574	0	2.50036811828613	9.59210669994354	0	0	0	0	0	0	0	0	0	0	0.604315459728241	1.14990478754044	0	4.80156517028809	0	0	0	0	2.21615505218506	0.592113435268402	0	0	0	0	0	0	2.84859538078308	0	0	7.6732764840126	8.7296804189682	4.78509348630905	0	0	0	0	0	0	0	0	2.15496516227722	0	0	0	0	0	0	0	0	0	0	0	0	2.43209153413773	1.40141886472702	0	0	0	0	0	0	0	0	3.53878223896027	0	0	0.718142092227936	0.746279060840607	0	0	0	4.25707042217255	0	0	0	0	4.75757014751434	0.978346049785614	0	0	0	0	0	0	0	0	0	0	0	0	0	0	3.44990730285645	3.08059102296829	0	0	0	0	0	0	0	0	0	0	0	0	0	0	2.56612747907639	0	0	0	3.73645180463791	0	0	0	0	0	0	0	0	0	0	0	0	3.31382369995117	0	0	0	0	0	3.83808678388596	0	0	0	0	0	0	0	0	0	0	0	1.1848201751709	0	0	0	0	2.53120985627174	0	2.23524248600006	0	1.8468582034111	0	0	0	0	0	0	0	0	0	0.876431047916412	0	0	0	1.36991572380066	0	0	0	0	0	0	0	0	0	0	0	0	0	0	0	0	0	0	0	3.17712950706482	0	2.59215772151947	0	0	0	0	0	0	0	0	0	0	0.96302318572998	0	0	0	0	0	6.38151240348816	3.52116844058037	2.00526589155197	0	1.06226599216461	0	0	0	0	0	0	0	0	0	0	0	0	0	4.6236327290535	0	0	0	4.00074398517609	0	6.17603230476379	0.66382098197937	0	0	0	0	0	0	0	0	0.491936594247818	0	1.90821069478989	2.15069848299026	0	0	0	0	1.21949744224548	0	0	2.42029929161072	0	0	0	0	0	1.1413189470768	0	0	0	0	3.62301737070084	0	0	0	0.846977293491364	0	0	0	0	0	0	0	0	0	0	0	0	0	0	5.62726166844368	0	0	0	0	0	0	0	0	0	0	0	0	0	0	0	0	0	0	0	0	1.74628722667694	0	0.546697318553925	0	0	0	0	0	0	1.17274105548859	0	0	0	1.68562936782837	0	0	0	0	0	1.04323792457581	0	0	0	0.675769031047821	0	0	0	0	0	0	0	0	0	0	0	0	0	0	0	0	0	0	0	0	0	0	0	0	1.40464174747467	0	0	0	0	0	0	0	0	0	0	0	0	0	0
Pld5	0	0	0	0	0	0	0	0	0	0	0	0	0	0	0	0	0	0	0	0	0	0	0	0	0	0	0	0	0	0	0	2.91788601875305	0	0	0	0	0	0	0	0	0	0	0	0	0	0	0	0.5873863697052	0	0	0	0	0	0	0	0	0	0	0	0	0.624484121799469	0	0	0	0	0	0	0	0	0	0	0	1.19793128967285	0	0	0	0	0	0	1.0686314702034	0	0	0	0	0	0	0	0	0	0	0.555964350700378	0	0	0	0	0	0	0	0	0	0	0	0	0	0	0	0	0	3.7090904712677	0	0.608400285243988	0	0	0	0	0	0	0	0	0	0	0	0	0	0	0	0	0	0	0	0	0	0	0	0	0	0	0	0	0	0	0	2.28433620929718	0	0	0	0	0	0	0	0	0	0	1.16524004936218	0.597330689430237	0	0	0	0	0	0	0	0.509874761104584	0	0	0	0	3.89089953899384	0	0	0	0	0	0	0	0	0	0	0	0	0	0	0	16.2478249073029	17.5244264602661	5.91788947582245	0	2.34879690408707	0	0	0	0	0	0	0	0	0	0	0	0	0	0	4.54441237449646	0	0	0	0	0.466163694858551	0	0	0	0	0	0	0	0	0	0	3.16418701410294	0	0	0	0	0	0	0	0	0	0	0	0	0	0	0	0	0	0	0	0	0	0	0	0	17.8140976428986	0	3.79199570417404	0	0	0	0	0	0	0	0	0	0	0	0	0	0	0	0	0	0	3.59017050266266	0	0	0	0	0	0	0	0	0	0	0	0	0	0	0	0.789101600646973	0	0	0	0	0	0	0	0	0	0	0	0	0	0	0	0	1.65842068195343	0	0	0	0	0	0	0	0	0	0	0	0	0	0	0	0	0	0	0	0	0	0	0	0	0	0	1.92090845108032	0	0	0	0	0	0	0	0	0	5.23003304004669	0	0	0	0	0	0	0	0	0	0	0	0	0	0	4.94283986091614	0	0.726719737052917	0	0	0	0	0	0	0	0	0	0	0	0	0	0	0	0	0	0	0	0	0	0	0	0	0	0	0	0	0	0	0	0	0	0	0	0	4.44139003753662	0	0	15.3377163410187	0	0	0	0	0	0	0.772840559482574	0	0	0	0	0	0	0	0	0.688616096973419	0	0	0	0	0	0	0	0	0	0	0	0	0	0	0	0
Plekhg3	0	0	0	0	0	0	0	0	0	0	0	0	0	0	0	0	0	0	0	0	0	23.3703830242157	0	0	0	0	0	0	0	0	0	0	0	0	0	0.775184810161591	7.6127073764801	0	0	7.34690177440643	0	0	0	1.34830868244171	0	0	0	0	0	0	0	0	0	0	0	0	0	0	0	0	0	0	0	0	3.97996997833252	0	0	0	0	0	0	4.37484645843506	0	0	0	43.5147213935852	0	39.595555305481	0	0	0	0	0	6.46013021469116	0	3.0085928440094	1.71556705236435	0	0	18.4260495901108	0	0	0	3.39380639791489	0	0	0	0	0	1.43293529748917	0	0	0	0.600488841533661	0	0	1.33387887477875	0	0	0	0	0	0	0	0	0	0	0	0	0	0	0	0	0	0	0	0	0	0	0	0	0	0	0	0	0	0	0	0	0	0	0	0	0	0	5.75713968276978	0	0	0	15.4226896762848	0	0	0	0	1.29981327056885	0	25.0907119512558	0	0	0	0	0	6.50362628698349	0	5.72840982675552	0	0	0	0	0	0	0	0	0	0	0.712832987308502	0	0	0	0	0	0	0	0	0	13.5053390264511	0	0	2.19455832242966	0	0	20.2771678566933	2.10083913803101	0	0	0	0	0	0	0	0	0	0	0	0	0	13.7092759013176	0	0	0	0	0	5.22053956985474	0	0	0	0	2.66445171833038	0	0	0	0	0	0	0	0	0	0	0	0	0	0	0	0	0	0	0.607742428779602	0	0	0	0	0	0	0	0	27.7728404998779	0	0	45.4679338335991	0	1.80638360977173	0	0	0	0	6.73071908950806	0	0.965291976928711	0	0	0	0	0	19.829418182373	2.43700671195984	0	0	0	0	0	0	0	0	31.8091648817062	0	6.1035965681076	0	0	0	0	0	0	0	0.745166599750519	1.21916747093201	9.79704058170319	0	13.5377635359764	0	0	0	2.22752714157104	18.2220742404461	0	0	0	0	0	0.796970725059509	0	0	0	0	0	0	0	18.1333443522453	30.7766728401184	0	0	0	0	5.7509554028511	0	0	8.56905499100685	0	0	0	0	0	1.94191378355026	0	0	11.7395975589752	0	0	0	0	0	0	1.91811829805374	0	0	0	0	0	0	0	0	27.0158451795578	0	0	2.07111570239067	0	1.78682863712311	0	0	0	0	0	0	20.5177984237671	0	0	0	0	12.1153841614723	0	0	0	0	0	0	0	0	0	0.504046380519867	0	0	0	16.7225271463394	1.39795476198196	0	0	0	0	0	1.18109965324402	0.869081497192383	0	0	0	0	0	0	0	0	0	0.464610069990158	0	0	0	0	0	0	0	0	0	0	0	21.9051448106766	0	0	0	0	18.698922932148	0	0	0	0	0	0	0	0	0	0	4.42161774635315	0	0	0	0	0	0
Pou3f1	0	0	0	0	0	0	0	12.1922428011894	0	0	0	0	0	0	0	0	0	0	0	8.56097805500031	0	0	0	36.1894873380661	0	0	0	0	0	0	0	4.97623032331467	0	0	0	0	0	0	21.0860648751259	0	0	0	0	0	0	0	0	0	0.486638486385345	0	0	0	0	0	0	0	33.211633682251	0	0	0	0	0	0	0	0	0	0.643424332141876	0	0	0	0	0	0	9.13291448354721	0	0	0	0	0	0	0	3.61738884449005	0	0	0	0	0	0	17.3052419424057	0	0	0	0	0	0	0	0	0	0	1.60029339790344	11.6385907530785	0	0	0	0	0	0	0	0	0	11.4916112422943	0	0	0	0	0	0	0	0	0	0	0	0	0	5.29044497013092	0	0	0	0	0	8.48292183876038	0	0	0.997434079647064	0	0	0	0	0	5.55818021297455	0	19.0460710525513	0	0	0	0	6.69229733943939	0	0	0	0	0	0	9.20818489789963	0.90555465221405	0	2.90714704990387	5.95534372329712	0	0	0	0	0.509874761104584	21.0847803354263	0	0	0	0	33.1135969161987	0	0	0	4.50572168827057	3.06923818588257	0	0	0	0	0	0	0.962089776992798	0	18.4092489480972	0	0	0	1.91380316019058	0	0	0	0	0	19.7666076421738	0	0	0	0	0	0.715614795684814	0	0	0	0	5.22375935316086	5.47658318281174	0	1.0025283396244	0	0	0	32.4468156099319	0	0	0	0	0	0	0	0	0	0	0	0	0	0	4.51292145252228	0	3.24423116445541	6.51356357336044	0	0	0	0	0	0	0	0.986332654953003	0	0	0	0	0	0	17.9488087892532	0	0	0	0	0	0	25.3596112728119	0	6.77581495046616	0	0	0	0	0	0	0	0	0	0	0	0	4.1138237118721	0	0	1.55209052562714	41.6032112836838	25.9592500925064	0	4.9553394317627	0	0	0	0	0	0	0	0	0	0	4.24813652038574	0.495962679386139	0	0	0	0	0	0	0	0	0	0	0	4.22127902507782	0	17.6456357240677	0	27.2556934356689	17.7395607233047	0	0	1.38193213939667	0	0	0	15.4239012002945	0	0	0	0	0	0	0	0	0	14.6510580182076	0	0	0	10.8233013153076	0	17.7915524244308	0	0	0	0	0	0	0	0	0	15.2499223947525	3.63318943977356	0.546943604946136	0	0	0	0	0	0	0	0	14.6113722324371	0	0	0	0	7.19525384902954	0	2.97552084922791	0	5.26873862743378	0	0	0	0	0	0	0	32.3791170120239	0	0	0	0	0	0	0	0	7.27560806274414	35.615371465683	0	0	0	17.9786019325256	0	0	7.79310911893845	0	0	0	8.05958664417267	0	0	0	0	19.6115753650665	15.0013190507889	0	0	0	0	0	0	2.21195673942566	0	0	25.6311444044113	0	0	0	0	0	0.633946120738983	0	0	0	0	0	0	0	0	0	0	0	0	0	6.66560208797455	0	0	0	0
Pou3f3	0	0	13.5137181282043	7.41914415359497	0	0	0	20.4491065144539	7.29309904575348	0	0	23.7119417190552	28.3203876018524	36.1928707957268	0	0	0	0	0	0	0	0	0	0	0	6.90033406019211	0	0	0	0	0	0	18.6848936080933	0	0	0	0	0	39.1296206712723	18.6042079925537	0	0	27.2026782035828	0	10.0716741085052	52.4681476354599	34.4260840415955	0	0	0	26.1373811364174	22.9039274454117	6.05335068702698	0	0	0	0	0	0	0	0	0	0	0	0	0	0	0	0	19.6623331308365	0	0	0	34.5434941053391	20.5938166379929	0	0	0	0	17.7667481303215	0	0	0	23.8389710783958	0	0	0	33.1576257944107	0	34.8555239439011	0	24.2488894462585	0	0	24.3852915763855	0	0	33.3395380973816	0	0	83.6470267772675	0	0	0	0	0	0	0	0	0	34.6693301200867	0	0	0	19.8838012218475	0	0	0	0	0	0	28.4637629985809	0	0	0	0	12.2459166049957	40.8499603271484	0	0	0	34.4151871204376	0	0	0	0	0	0	0	0	45.4823807477951	0	25.8478311300278	0	0	0	0	0	0	10.1850154399872	0	0	0	0	0	0	0	72.5863237380981	3.28964686393738	0	0	26.8003066778183	0	0	0	0	0	0	0	0	0	0	0	0	0	0	0	0	0	7.26870852708817	0	0	0	0	0	0	0	0	0	0	0	25.1950513720512	0	0	0	0	7.97797870635986	0	26.655899643898	0	0	0	0	29.8115832805634	58.5557467937469	0	0	0	0	0	0	0	0	27.8275822997093	34.6467931866646	0	0	0	0	0	0	0	0	38.7690484523773	0	0	0	0	0	0	0	0	0	0	0	0	0	0	0	0	0	0	0	79.7800524234772	0	0	0	0	0	47.3203599452972	0	31.0577945709229	0	0	46.2812184095383	0	0	21.1785348653793	0	0	0	0	0	0	0	0	29.7041592597961	0	0	0	30.1269629001617	0	0	0	0	0	0	0	0	36.4947915077209	0	0	0	0	0	46.9554862976074	0	0	94.1213876008987	0	0	0	19.1653597354889	0.452083915472031	0	0	0	0	0	0	0	41.2580813169479	0	0	0	31.3778501152992	0	39.8130540847778	0	49.2564844489098	0	0	0	0	0	0	0	0	0	0	10.185449719429	20.5518119335175	0	0	0	0	27.3522366285324	0	0	42.9895190000534	0	0	0	0	57.1415897607803	0	0	0	8.96632814407349	12.9267116785049	0	0	10.1417900919914	0	0	0	0	0	0	0	80.2697291374207	0	0	0	0	6.3100358247757	0	0	0	0	0	0	0	0	0	0	14.7357361316681	0	0	0	0	0	0	0	0	0	0	0	0	58.59292781353	0	0	0	0	0	38.3690028190613	0	0	0	0	0	0	0	0	0	15.4750940799713	50.9016208648682	0	0	0	0	0	19.5988726615906	0	0	0	0	0	0	0	60.2894670963287	0	1.55044627189636	0	7.26347249746323	0	3.84372866153717	0	0	0	0	0	0	0
Pou6f2	0	0	0	0	0.874251306056976	0	0	0	0	0	0	0	0	0	0	0	0	0	0	0	0	0	0	0	0	0	0	0	0	0	0	6.46211367845535	0	0	0	0	0	0	0	0	0	0	0	0.688476622104645	0	0	0	0	1.61094528436661	1.92527174949646	0	0	0	3.1673903465271	0	0	0	0	0	0	0	0	0.59262603521347	0	0	0	0	0	0.713357746601105	0	2.26768618822098	0	0	0	0	0	0	0	0	0	0	0	0	0	3.10638433694839	0	0	0	0	0	0	4.31716156005859	0	0	0	0	0	0.725594103336334	0	0	0	0	0	0	0	0	4.35587406158447	0	0	0.82079941034317	0	0.818087160587311	2.60057437419891	0	0	0	0	0	0	0	0	0	0	0	0	0	0	0.403716832399368	0	0	0.94945877790451	0	0	0	0	1.45046055316925	0	0	0	0	1.69577860832214	0	0	0	0	0	0	0	0	0	0	0	1.53312450647354	0	0	0	0	0	0	0	0	0	0	0	0	0	0	0	0	0	0	0	0	0	0	0	0	4.37380254268646	0	0	0	0	0	0	0	0	0	0	0	0	0	0	0	0	3.19925165176392	0	0	0	0	0	0	0	0	0	3.72590273618698	0	0	0	0	0	0	1.15227317810059	0	0	0	0	0	0	0	0	0	0.821653485298157	0	0	0	1.26849329471588	0	0	0	0	3.76443815231323	0	0	0	0	0	0	0	0	0	0	0	0	0	0	0	1.91927230358124	0	0	0	0	0	0	0	2.19359701871872	0	0	0	0	0	0	0	0	0	2.10079789161682	0	0	0	0	2.14225220680237	0	0	0	0	0	0	0	0	0	0	0	0	0	0	0	0	0	0	0	1.19256615638733	0.924874722957611	0	0	0	0	0	0	0	0	0	0	0	0	0	0	0	0	0	0	0	0	0	0	0	0	0	0	0	0.800842881202698	0	0	0	2.8616054058075	0	0	0	0	0.713761329650879	0	0	0	0	0.99442446231842	1.8069087266922	0	0	0	0	0	0	0	0	0	0	0	0	0	0	0	2.86639869213104	0	0.726719737052917	0	0	0.559176504611969	0	0	0	0	0	0	0	0	0	0	1.20582842826843	0	0	0	0	0	0	0	0	0	0	0	0	0	0	0	0	0	0	0	0	0	0.749198079109192	0	0	0	0	0	0	0	0	0	0	0	0	0	0	0	0	0	0	0	0	0	0	0	0	0	0	0	0	0	0	0	0	0	0	0	0
Prdm8	0	0	0	0	0	0	0	0	0	0	0	0	0	0	0	0	0	0	0	0	0	0	0	0	0	0	0	9.47958254814148	0	23.1292843818665	0	0	0	0	0	0	0	0	0	0	0	0	0	0	0	0	0	0	21.8658865690231	0	0	0	0	0	0	0	0	0	0	0	0	0	0	0	58.6916453242302	0	0	0	0	0	0	1.31517910957336	0	0	0	3.54856437444687	0	0	0	0	0	0	0	0	0	0	0	0	0	0	0	0	0	0	9.81916737556458	0	0	0	0	0	0	9.75388300418854	0	85.1832225322723	0	0	0	0	0	0	0	17.9425429701805	0	0	0	0	10.6711473464966	0	0	0	22.0364121198654	0	0	0	0	0	0	3.22973465919495	0	0	0	0	0	0	4.30196309089661	0	0	4.46107769012451	0	0	0	0	0	0	0	25.8986523151398	0	0	1.68500196933746	0	0	0	0	0	0	0	0	0	0	0	0	0	0	0	0	0	0	0	0	0	0	0	0	0	0	0	0	0	0	0	0	0	0	0	0	0	0	0	0	0	0	2.66089081764221	18.1739423274994	25.8351278305054	0	0	0	0	0	0	0	0	0	3.59663009643555	58.1878530979156	0	10.5176508426666	0	0	0	7.34524351358414	0	0	0	0	11.1408720016479	17.0694444775581	0	0	0	0	0	0	0	0	0	14.5474923849106	0	1.26685407757759	0	6.21669161319733	0	1.41702774167061	0	0	0	0	0	0	0	0	0	0	0	0	46.8797764778137	0	0	0	0	3.6197162270546	1.37981760501862	0	0	0	0	0	0	0	0	0	0	0	0	0	0	0	5.56015574932098	0	0	3.31094026565552	0	0	0	0	0	0	0	0	0	0	62.1155605316162	0	0	0	0	0	0	11.2716280221939	0	0	0	0	0	0	0	0	0	0	0	0	0	0	0	0	0	0	0	0	8.9484441280365	0	0	0.995145380496979	0	0	35.1899688243866	15.9045432806015	0	0	0	0	24.3019614219666	0	0	0	0	0	0	0	0	0	0	22.9797185659409	0	0	0	0	0	0	0	7.58216506242752	10.8193964958191	0	0	42.2735752463341	0	11.4420485496521	14.8582977056503	0	44.64832675457	30.5004173517227	0	0	0	0	0	0	0	0	0	0	4.67367255687714	20.707599401474	0	0	0	0	0	0	0	0	0	0	0	0	0	0	0	0	0	0	0	0	0	0	0	0	0	0	0	0	51.2372223138809	0	0	1.66817045211792	0	0	18.9786356687546	0	0	0	0	0	0	0	0	0	0	0	45.5637646317482	0	0	0	0	0	0	0	0	0	17.6698608398438	0	0	0	0
Prok2	0	0	0	0	0	0	0	0	0	0	0	0	0	0	0	0	0	0	0	0	0	0	0	0	0	0	0	0	0	0	0.921825051307678	0	1.71745052933693	0	0	0	0	0	0	0	0	0	0	0	0	0	0	0	0	0	0	0	1.27304673194885	0	1.25216817855835	0	0	0	0	0	0	0	0	0	0	0	0	0	0	0	0	0	0	0.528548538684845	0	0	0	0	0	0	0	0	0	0	0	0	0	0	0	0	0	0	0	0	0	0	0	0	0	0	0	0	0	0	0	0	0	0	0	0	0.551275908946991	0	0	0	0	0	0	0	0	0	0.910760045051575	0	0	0	0	0	0	0	0	0	0	0	0	0	0	0	0	0	0	0	0	0	0	0	0	0	0	0	0	1.0010244846344	0	0	0	0	0	0	0	0	0	0	0	0	0	0	0	0	0	0	0	0	0	0	1.81212079524994	0	0	0	0	0	0	0	0	1.28174865245819	0	0	0.589490652084351	0	0	0	0	0	0	0	0	0	0	0	0	0	0	0	0	0	0	0	0	0	0	0	2.46699064970016	0	0	0	0	0	0	0	0	0	0	0	0	0	0	0	0	0	0	0	0	0	0	0	0	0	0	0	0	0	0	0	0	0	0	0	0	2.69300925731659	0	0	0	0	0	0	0	0	0	0	0	0	0	0	0	0	0	0	0.582012236118317	0	0.555497050285339	0	0	0	0	0	0	0	0	0	0	0	0	0	0	0	0	0	0	0	0	0	0	0	0	0	0	0	0	0	0	0	0	0	0.50991028547287	0	0	0	0	0	0	0	0	0	0	0	0	0.504911124706268	0	1.9071781039238	0.486579865217209	0	0	0	0	0	0	0	0	0	0	0	0	0	0	0	0	0	0	0	0	0	0	0	0	0	0	0	0	0	0	0	0	0	0	0	0	0	0	0	0	0.623805522918701	0	0	0.827530086040497	0	0	0	1.81655645370483	0	0	0	0	0	0	0	0	0	0	0	0	0	0	5.06197625398636	0	0	0	0	0.38061448931694	0.919418394565582	0	0	0	0	0	0	0	0	0	0	0	0	0	0	0	0	0	0	0	0	0	0	0	0	0	0	0	0	0	0	0	0	0	0	0	0	0	0
Prokr2	0	0	0	0	0	0	0	0	0	0	0	0	0	0	0	0	0	0	0	0	0	0	0	0	0	0	0	0	0	0	0	0	0	0	0	0	0	0	0	0	0	0	0	0	0	0	0	0	0	0	0	0	0	0	0	0	0	0	0	0	0	0	0	0	0	0.677509307861328	0	0	0	0	0	0	0	0	0	0	0	0	0	0	0	0	0	0.518709063529968	0	0	0	0	0	0	0	0	0	0	0	0	0	0	0.638078987598419	0	0	0	0	0	1.58861345052719	0	0	0	0	0	0	0	0	0	0	0	0	0	0	0	0	0	0	0	0	0	0	0	0	0	0	0	0	0	0	0	0	0	0	0	0	0	0	0	0	0	0.504377722740173	0	0	0	0	0	0	0	0	0	0	0	0	0	0	0	0	0	0	0	0	0	1.39047050476074	0	0	0	0	0	0	0	0	1.20982086658478	0	0	0	0	0	0	0	0	0	0	0	0.391314893960953	0	0	0	0	0	0	0	0	0	0	0	0	0	0	0	0	0	0	0	0	0	0	0.699345469474792	0	0	0	0	0	0	0	0	0	0	0	0	0	0	0	0	0	0	0	0	0	0	0	0	0	0	0	0	0	0	0	0.51441353559494	0	0	0	0	0	0	0	0	0	0	0	0	0.820939898490906	0	0	0	0	0	0	0	0	0	0	0	0	0	0	0	0	0	0	0	0	0	0	0	0	0	0	0	0	0	0	0	0	0	0	0	0	0	0	0	0	0	0	0	0	0	0	0	0.615620493888855	0	0	0	0	0	0	0	0	0	0	0	0	0	0	0	0	0	0	0	0	0	0	0	2.55039173364639	0	0	0	0	0	0	0	0	0	0	0	0	0	1.30313789844513	0	0	0.618075132369995	0	0	0	0	0	0	0	0	0	0	0	0	0	0	0	0	0	0	0	0	0	0	0	0	0	0	0	0	0	0	0	0	1.33821755647659	0	0	0	0	0	0	0	0	0	0	0	0	0.56477963924408	0	0	0	0	0	0	0	0	0	0	0	0	0	0	0	0	0	0	0	0	0	0	0	0	0	0	0	0	0	0	0
Prox1	0	0	0	0	0.694447457790375	0	0	0	4.35526716709137	0	0	0	0	0	0	0	0	0	0	0	0	0	0	0	0	0	0.912519812583923	0	0	0	0	0	0	0	0	0	0	0	0	0	0	0	0	0	0	0	0	0	0	0	0	0	0	0	0	0	0	0	0	0	3.87096333503723	0	0	0	0	0	0	0	0	0	0	0	0	0	0	0	0	0	0	0	0	0	0	0	0	0	0	0.570963978767395	0	0	0	0	0	0	0	0	0	0	0	0	0	0	3.74357116222382	0	0	0	0	0	0	0	0	0	0	0	0	0	0	0	0	0	0	0	0	0	0	0	0	0	0	0	0	0	0	0	0	0	0	0	10.1063652038574	0	0	0	3.39338684082031	0	0	0.563496172428131	0	0	0	0	0	0	0	0	0	0	0	0	0	14.0351107120514	0	0	0	0	0	0	0	0	0	0	0	0	0	0	0	0	0	0	0	0	0	0	0	0	0	0	0	0	0	0	0	0	0	0.956487774848938	0	0	0	0	10.6645842790604	0	0.488161593675613	0	0	0	0	0	0	0.932327389717102	0	0	0	0.659624576568604	0	0	0	0	0	0	0	0	0	0	0	0	0	0	0	0	0	0	0	0	0	0	0	0	0	0	0	0	0	0.486249208450317	0	0	0	0	0	0	0	0	0	0	0	0	0	0	0	0.32176399230957	0	0	0	0	0	3.05067992210388	1.74603676795959	0	0	0	0	0	0	0	0.706035971641541	6.45612859725952	0	0.678728699684143	0	0	0	0	0	0	0	0	0	0	0	0	0	0	0	0	0	0	0	0	0	0	0.383065611124039	0	0	0	0	0	0	0	5.47686719894409	0.433507353067398	0	0	0	0	0	0	0	0	4.52829039096832	0	0	0	0	0	0	0	0	2.72233462333679	0	0	0	2.78771209716797	0	0	0	0	0	0	0	0	0	2.50748229026794	0	0	0	0	0.992247939109802	0	0	0	0	2.23271250724792	0	0	0	0	0	0	0	0	0	4.64361906051636	0	0	0	0	0.630450487136841	0	0	0	0	0	0	0	0	0	0	0	0	7.69646167755127	0	0	0	0	0	0	0	0	0	0	0	0	0	0	0	0	0	0	0	0	0	0	0	0	0	0	0	0	0	0	0	3.25958150625229	0	0	0	0	0	0	0	0	0	0	0	0	0	2.24843001365662
Prr16	0	0	0	0	0	0	1.49246609210968	0	0	0	0	0	0	0	0	0	0	0.407090991735458	0	0	0	2.13050222396851	0	0	0	0	0	0	0	0	0	0	0	0	0	1.97550141811371	5.47489094734192	0.720449984073639	0	0	0	0	0	0	0.886115908622742	0	0	0	9.58370864391327	0	1.32743358612061	2.2579373717308	0	0	0	1.33835470676422	5.22880470752716	0	0	0	1.19191074371338	0	0	0	0	0	0	0	1.27302837371826	0	0	0	0	2.2306227684021	0.466022580862045	0	0	0	0	0	0	0	0	4.34033459424973	0	0	0	0	3.54576289653778	0	0	0	0	0	0	0	0	0	0	0	0	0	0	0	0	0	1.87979173660278	0.983518064022064	0	0	0	0	0	0	0	0	0	3.1605726480484	0	0	0	0	0	0	0	0	0	0	2.05090537667274	0	0	0	0	0	2.07667028903961	0	0	0	0	0	0	0	8.53780776262283	0	5.18253183364868	0	0	0	0	0	0	0	0	0	0	0	1.76388537883759	0	0	0	5.7114497423172	0	0	0	0	0	1.83474451303482	0	0	0	0	0	0	0	0	0	0	0	0	0	0	0	15.2337874174118	0	0	0	0	7.35868173837662	2.34354519844055	0	0	2.291011095047	0	0	0	0	0	0	0.606980681419373	0	10.8688189387321	0	11.0723855495453	0	10.108330488205	0	0	2.48972827196121	0	0	0	0	0	0	0	0	0	0	0	0	0	0	4.760706782341	0	0	0	1.67556977272034	0	0	0	0	0	0	0	0.561164200305939	1.90344697237015	0	0	0	0	0	0	0	0	0	13.3972029089928	0	0	0	0	2.86800050735474	0	0	0	0	0	0	0	0	1.90858697891235	1.01472079753876	0	0	0	0	0	2.97468811273575	0	0	0	4.42381930351257	0	2.80809009075165	0	0	0	0	0	0	0	10.3094361126423	0	0	0	0	3.52737280726433	0	0	12.6305701136589	0	0	3.35518199205399	0	0	0	0	0	0	0	5.5650078356266	0	0	0	0	0	0	0	0	0	0	0	0	0	0	0	0	0	0	0	8.25284552574158	0	0	0	0	0	0	5.0179398059845	0	0	0.394388169050217	0	0	0	0	0	0	0	0	1.26073122024536	2.15693336725235	0	0	0	0.849043548107147	0	0	0	0	0	0	0	0	0	0	0	0	0	0	0	0	0	0	20.1859387755394	0	0	0	0	0	0	0	0	0	0	0	0	0	0	0	0	0	0	0	0	0	0	0	0	0	8.03541129827499	4.3075635433197	15.3005220890045	0	0	0	0	0	0	1.90176689624786	0	0	1.16735565662384	0	2.51731836795807	0	0	0	0	0	0	0	6.67890334129333	3.27645313739777	0	0	0.852509438991547	0	0	0	0	0	0	0	0.704012155532837	0
Prss12	0	0	0	0	0	0	0	0	0	0	0	0	0	0	0	0	0	0	0	0	0	20.0058954954147	0	0	4.89404845237732	0	0	0	0	0	0	1.17839932441711	0	0	4.45907664299011	11.4793477058411	0	12.8094971776009	10.9289602637291	0	0	0	0	0	0	0	1.99519979953766	0	0	34.4931815862656	0	0	0	0	0	0	0	33.4800353646278	0	0	0	0	14.0661269426346	1.52042549848557	0	0	0	3.97820776700974	0	0	0	17.932281255722	0	0	0	0	0	0	0	0	6.37291419506073	0	0	2.161581158638	0	6.83323043584824	6.02154225111008	0	0	2.12880158424377	15.9906098842621	0	10.7959125638008	0	0	0	0	0	0	0	0	0	0	0	1.03334045410156	0	17.3154866099358	0	18.7358080744743	0	0	0	0	0	0	1.55202281475067	0	0	0	1.56156748533249	7.3484011888504	0	0	0	0	2.02598392963409	8.45863509178162	0	0	0	0	0	0	0	0	0	0	0	0	0	6.4751832485199	0	0	0	0	3.57205045223236	0	0	0	0	16.9274370670319	0	0	0	0	17.5319664478302	10.3192715644836	28.1277451515198	0	0	0	0	1.5296243429184	0	0	4.18951803445816	0	0	0	4.74008232355118	0	0	0	0	0	15.2607369422913	0	0	0	0	0	0	13.8914219141006	0	0	0	3.89237189292908	0	3.0930939912796	0	0	0	0	0	0	0	0	0	0	0	9.59368923306465	0	0	0	0	0	0	0	0	0	0	0	0	0	0	0	0	0	0	0	0	0	2.67461836338043	0	0	1.18647480010986	0	0	0	9.64926326274872	0	0	0	0	0	21.7667236328125	0	0	0	0	0	0	0	0	0	0	6.01423665881157	0	0	0	0	0	0	0	0	0	0	0	0	0	3.92220318317413	1.17125678062439	0	0	0	0	0	11.6647594571114	0	18.20990473032	0	8.3045569062233	0	0	0	0	0.695213794708252	0	0	5.4243049621582	0	0	5.76269662380219	0	0	0	0	20.1745756864548	0	0	0	0	0	0	0	0	0	4.43211263418198	0	0	0	0	0	0	0	0	0	0	0	0	0	0	0	0	16.2744079232216	0	0	0	0	0	1.6440002322197	0	0	0	0	0	14.0096278190613	0	0	0	0	0	0	0	0	0	0	0	3.60872101783752	0	0	15.3949520587921	0	0	10.1877660155296	0	0	0	0	0	0	4.51063549518585	2.56921994686127	1.98719954490662	0	0	0	9.00673121213913	2.80609250068665	0	0	2.65194118022919	0	0	0	0	0	0	0	0	0	0	0	0	0	0	8.26838552951813	10.3393051028252	0	0	0	0	0	0	0	0	0	0	0	0	0	0	0	0	0	0	0	0	0	0	0	0	8.85738432407379	0	0	0	0	0.50322687625885	12.0565828084946	0	0	0	0	0	0	0	0	0	0	0	0	0	0	0
Prss23	0	0	0	0	0	0	0	0	0	0	0	0	0	0	0	0	0	0	0	0.587228298187256	0	2.30747008323669	0	0	0	0	0	4.87319326400757	0	6.90451610088348	0	0	0	0	0	0	0	7.71524661779404	0	0	0	0	0	0	0.886115908622742	0	0	0	0	0	0	0	31.0340993404388	19.8906232714653	0	0	0	0	0	0	1.28831255435944	0	0	13.7912667989731	2.3735249042511	5.34482133388519	6.62494325637817	7.42246723175049	0	0	0	17.4324142932892	0	8.76985901594162	0	0	0	4.43568968772888	4.1552682518959	0	0	0	0	3.07752817869186	0	0	0	0	0	0	0	25.3512277007103	0	0	0	0	0	0	0	0	0	0	0	2.66220635175705	0	0	0	0	0	0	0	0	0	0	0	0	0	0	0	0	0	0	0	0	0	0	13.4496849775314	0	0	0	0	0	0	0	0	7.88353615999222	0	0	0	0	0	0	0	0	0	0	0	0	0	10.1473249197006	0	16.3677619695663	14.5072516798973	0	0	0	0	14.0724161267281	0	0	6.36845660209656	0	0	0	0	0	0	0	0	0	0	0	0	0	0	0	0	0	1.97068202495575	0	0	0	0	3.14629697799683	0	0	0	0	0	0.869050234556198	0	0	0	0	0	40.2516078948975	0	0	0	0.960633814334869	0	0	0	1.04060244560242	1.22768843173981	0	5.61643558740616	18.7670037150383	0	38.4086775779724	0	0	12.5785958766937	0	0	0	0	0	0	0	0	0	0	12.9343882203102	0	1.5707979798317	0	8.38249576091766	0	0	0	0	0	0	0	0	0	0	0	0	0	0	0	0	4.61771035194397	1.45953610539436	0	7.42292666435242	0	7.22286307811737	0	0	0	0	28.8102577924728	0	0	0	0	0	0	0	0	0	0	0	0	1.31926280260086	0	25.8019010424614	0	0	0	0	0	0	0	0	0	0	6.72159045934677	0	0	0	0.495962679386139	3.1859717965126	0	0	28.7789971828461	0	0	0	0	0	0	0	0	3.01999217271805	0	4.6216481924057	3.10884600877762	0	0	0	0	0	0	0	38.8686521053314	0	27.699112534523	0	0	6.12997877597809	0	0	0	0	0	0	0	0	0	0	0	5.61074709892273	0	0	0	0	0	0	0	0	0	0	0	0	0	0	0	11.487141251564	0.599144637584686	0	0	0	2.57737046480179	0	6.48639309406281	0	0	0	0	0	0	0	0	0	0	2.56053984165192	0	0	0	0	0	0	1.90301018953323	0	0	0	0	0	0	0	0	0	0	0	0	0	0	0	0	0	2.615886926651	0	0	0	0	0	0	0	0	0	0	0	0	0	0	2.57490676641464	0	0	0	0	0	0	0	0	0	0	5.24516320228577	4.05870699882507	0	0	2.26616621017456	1.84222221374512	0	0	0	3.58508008718491	0	0	0	0
Ptger3	0	0	0	0	0	0	0	0	0	0	0	0	0	0	0	0	0	0	0	0	0	0.496534407138824	0.534173548221588	0	0	0	0	0	0	0	5.85433065891266	0	0	0	0	0	0	0	0	0	0	0	0	0	0	0	0	0	1.78541564941406	0	0	0	0	0	0.688303589820862	0	0	0	0	0	0	0	0	0	0	0	0	0	0	0	1.44975960254669	0	0	0	0	0	0	0	0	0	0	0	0	0	0	0	0	0	0	0	0	0	0	0	0	0	0	0	0	0	0	0	0	0	0	0	0	0.408562511205673	0	0	0	0	0	0	0	0	0	0	0	0	0	0	0	0	0	0	0	1.94983518123627	0	0	0	0	0	0	0	0	0	0	0	0	0	0	0	0	0	0	0	0	0	0	0	0	0	1.98770725727081	0	0	0	0	0	0	0	0	0	0	0	0	0	0	0	0	0	0	0	0	0	0	0	0.986252188682556	0	0	0	0	0	0	0	0	0	0	0	0	0	0	0	0	0	0	0	0	0	0	0	0	0	0	0	1.32164061069489	0	0.466163694858551	0	0.520089149475098	0.437704563140869	0	0	0.742635011672974	0	0	0	0	0	0	0	0	0	0	0	0	0	0	0	0	0	0	0	0	0	0	3.64262193441391	0	0	0	0	0	0	0	0	0	1.94437694549561	0.602221250534058	0.601098358631134	0	0.408821552991867	0.514496982097626	0	0	0	0	0	0	0	0	1.04645264148712	0	0	0	0	0	0	0.488978922367096	0	0	0	0	0	0	0	0	0	0	0.956754207611084	0	0	0	0	0	0.495962679386139	0	0	0	0	0	0	0	0	0	0	0	0	0	0	0	0	0	1.96475982666016	0	0	0	0	0	0	0	0	0	0	0	1.28587707877159	0	0	0	0.800842881202698	0	0	0	0	0	1.1886420249939	0	0	0	0	0	0	0	0	0	0	0	0.397863388061523	0	0	0	0.830049812793732	0	0	0	2.41846150159836	0	0	0	4.04688096046448	0	0	0	0	0	0	0	0	0	0	0	0	0	0	0	0	0	0	0	0	0	0	0	0	0	0	0	0	0	0	0	0	0	0	0	1.82013684511185	1.72374105453491	0	0	0	0	1.27677512168884	0	0	0	0	0	0	0	0	0	0	2.52473986148834	0	0	0	0	0	0	0	0	0	0	0	0	0	0	0	0	0	0	0	0	0	0
Ptprk	0	0	0	0	0	0	0	0	0	0	0	0	0	0	0	0	0	0	0	0	0	0	0	0	0	2.91359901428223	3.8754802942276	0	0	27.2267287969589	0	0	0	0	0	0	0	0	0	0	0	0	0	0	8.98565632104874	0	32.5329111814499	15.1621086597443	0	0	8.08421492576599	0	0	0	0	0	0	0	1.30888199806213	16.858076274395	0	0	0	0	0	23.679859161377	9.19445967674255	0	9.12561053037643	0	0	0	0	0	0	0	6.78453153371811	5.52492797374725	0	0	0	0	0	0	0	0	11.0593819022179	0	0	0	0	0	0	0	0	0	0	0	0	0	0	0	0	0	0	0	0	0	0	0	0	0	0	0	0	0	0	0	0	15.8680188655853	53.3269798755646	0	21.8638691902161	0	0	2.74704140424728	0	0	0	0	0	4.79563748836517	0	0	10.5429854393005	9.59458446502686	0	4.56363594532013	0	6.72203636169434	0	0	0	0	0	0	0	0	0	0	0	2.89013558626175	0	0	0	0	0	0	0	0	0	0	0	0	0	28.732505440712	0	0	0	0	0	0	0	0	0	0	0	0	0	0	0	0	22.8690044879913	0	0	0	0	0	5.76637434959412	3.55548933148384	6.66353535652161	0	0	0	4.32206207513809	6.7450555562973	0	0	0	3.62545013427734	0	24.9102016687393	0	0	37.2809091806412	0	0	0	0	0	12.0147916078568	0	5.11090993881226	0	0	0	0	0	0	0	0	40.5809789896011	0	0	43.9611438512802	0	0	12.7937421798706	0	0	0	0	0	0	0	0	0	2.20665484666824	2.12995237112045	0	0	0	0	0	0	0	0	0	0	1.71607136726379	0	0	0	0.414185523986816	0	0	0	0	0	0	0	0	0	0	0	0	0	0	0	0	0	8.47339749336243	0	0	0	0	0	0	0	0	0	0	0	0	0	0	0	4.24679404497147	0	0	0	0	0	0	2.38602876663208	0	0.799862623214722	0	0	0	0	0	0	13.9898148775101	0	0	16.9514753818512	0	0	0	0	0	0	0	0	0	0	0	0	0	0	0	0	0	0	0	0	0	0	0	0	0	22.1903437376022	0	0	0	0	0	0	0	0	0	0	0	0	0	0	0	35.5660893917084	10.2841369509697	0	0	0	0	0	0.882266640663147	0	61.43732380867	13.7540012598038	0	0	0	0	0	0	0	0	0	0	0	0	0	0	5.72306889295578	0	0	0	36.4704031944275	0	0	0	0	4.71897548437119	20.9198169708252	0	0	0	0	0	10.3380107879639	16.6576331853867	0	0	0	0	0	0	0	0	0	0	0	0	0	0	0	0	31.9366211891174	31.7016245126724	0	0	0	0	0	0	0	0	2.06391775608063	0	0	0	0	0	0
Ptprm	0	0	0	0	0	0	0	10.3153223991394	0	0	0	0	0	0	0	0	0	1.94632539153099	0	0	0	0	0	14.5166682004929	0	0	0	0	0	1.24119913578033	0	20.4342027306557	0	0	5.49834740161896	0	0	0	25.3965549468994	0	4.73472458124161	0	0	0	0	14.5409175753593	0	0	0	0	7.31117630004883	0	0	7.76601445674896	0	0	0	0	14.5939153432846	0	38.7049508094788	0	49.4112594723701	0	0	0	8.9986624121666	0	11.3916727304459	0	0	0	0	0	14.2297451496124	0	0	0	0	0	3.19952833652496	0	0	3.8850445151329	0	0	21.1812559366226	0	0	0	0	0	0	10.1112079024315	0	1.13910400867462	0	0	0	0	0	19.1280757784843	0	8.92754107713699	0	0	0	0	0	0	0	0	0	0	0	0	13.9337568879128	0	0	0	5.6645450592041	0	0	0	0	0	2.15442609786987	0	0	0	0	0	0	0	0	0	0	10.5712358355522	0.952036142349243	0	3.35709887742996	0	9.35790246725082	0	0	0	0	0	0	0	0	0	0	0	0	0	0	0	0	30.8710690736771	0	0	0	0	0	0	0	36.8711957931519	0	0	0	0.790083527565002	0	0	10.0330219864845	0	3.65473783016205	0	0.422022879123688	0	0	0	0	0	0	0	41.4029204249382	0	0	0	0	0	0	29.4527488946915	0	0	0	0	0	0	0	0	0	0	25.0014384388924	0	0	33.9335015416145	0	0	0	0	0	0	0	0	7.74338412284851	0	0	0	14.0012910962105	0	0	0	0	0	0	0	0	0	0	21.4058368206024	14.1698954999447	0	0	0	0	0	0	0	0	0	34.0679149031639	0	0	0	23.5989955663681	0	0	0	0	0	43.9665659070015	0	0	16.2020626068115	1.75851476192474	0	0	2.4519624710083	6.416832447052	0	0	0	0	0	24.3124824762344	0	25.78245896101	14.2018797397614	0	0	0	0	0	0	0	0	18.0218267440796	0	34.8478522598743	0	0	27.2431108951569	0	36.1358432173729	0	0	0	0	0	0	23.9962292909622	0	0	0	0	10.8594289422035	0	0	0	0	0	0	0	0	0	6.7527129650116	0	0	0	0	0	0	0	0	0	0	0	0	0	0	0	0	0	8.05118846893311	0	0	6.59140825271606	0	0	2.52694547176361	0	0	0	0	24.8845874667168	0	0	0	0	0	4.79315710067749	0	25.2508484125137	5.85946470499039	0	0	0	0	0	0	0	0	20.0230697393417	0	3.05794537067413	0	10.6072406768799	0	0	0	9.45891892910004	0	0	14.9280347824097	18.019748210907	0	0	0	2.36215737462044	0	0	0	0	0	0	11.7961184382439	0	0	0	15.9375991821289	14.5570906996727	0	0	0	15.0635866522789	0	0	0	0	0	0	0	0	0	0	0	0	0	0	14.7755253314972	26.0946016907692	0	0	0	0	0	19.6655819416046	0	0	0	0	0	3.11867564916611	0	0	0	0	0	0	4.83859878778458	0	0
Ptprt	3.39661908149719	0	0	1.05987775325775	4.30538523197174	0	6.73975431919098	21.6854920387268	0	0	0	0	0	0	25.4429077506065	0	0	0	0	0	0	0	0	0	0	0	0	0	0	0	56.8500118255615	48.9324578046799	0	0	0	0	102.079545021057	0	0	0	0	8.83847332000732	0	0	0	0	0	18.2021481394768	0	0	0	0	0	0	0	0	0	0	0	0	0	0	0	0	0	0	0	0	0	0	0	0	0	0	0	7.25949287414551	0	0	0	0	0	0	0	0	0	0	0	0	0	30.7040014266968	42.8605332374573	60.5692625045776	0	27.6238489151001	0	0	0	0	0	0	0	37.9697399139404	20.1415162086487	0	0	12.7611840963364	0	27.1644580960274	0	34.8918213844299	0	0	71.9343118667603	39.6030921936035	0	31.5457006692886	0	48.4260140657425	0	0	0	0	51.7654929161072	0	0	0	0	0	0	1.39788174629211	0	0	0	0	0	0	0	44.6432358026505	0.559210658073425	0	0	0	0	0	0	0	3.76567566394806	0	0	0	0	0	0	0	0	0	0	0	0	0	0	0	15.9449993371964	0	0	0	0	0	0	0	0	0	0	0	0	11.9968239665031	29.4415774345398	0	0	0	0	0	0	0	0	0	0	0	0	0	0	0	55.6351150274277	0	0	0	0	5.91576099395752	21.600036919117	0	0	0	0	9.37804174423218	0	0	0	0	38.5043485164642	0	0	0	32.3601260781288	0	0	9.26425457000732	0	0	41.5765038132668	0	0	71.3948386907578	0	0	0	0	0	49.077773809433	0	0	0	0	0	16.4520104527473	0	0	37.197304725647	0	0	0	0	0	24.1029443740845	0	0	30.3491992950439	0	0	0	0	0	0	41.6419069170952	0	0	0	0	0	0	0	0	0	0	0	0	12.7333655953407	19.1649644374847	0	15.572831094265	0	14.0475535392761	0	0	0	0	0	0	0	78.1403703689575	58.1970244646072	0	0	0	0	4.15433394908905	10.2566258907318	0	0	0	0	0	28.4990001916885	17.7021651268005	0	0	0	0	0	0	0	0	0	0	0	0	0	0	0	0	0	0	0	0	0	0	0	0	27.5523366928101	22.8826438188553	0	0	0	0	0	9.59200072288513	0	0	0	0	0	0	0	0	35.920262336731	0	0	8.83439552783966	0	0	0	21.2826793193817	0	0	0	0	0	0	0	0	0	0	0	0	0.496799886226654	0	0	0	0	39.7408800125122	0	0	28.0378884077072	0	0	0	0	0	0	0	18.4600696563721	78.6875348091125	0	105.734124660492	0	0	0	0	0	0	44.2710779309273	0	0	0	23.5767960548401	0	0	0	0	0	0	0	0	0	1.21537458896637	0	0	0	0	36.2405779361725	0	0	56.4156699776649	0	0	0	0	1.49780452251434	0	0	0	0	112.711856365204	0	0	0	0	0	0	1.58525633811951	0	0	0	0	0
Ptpru	0	0	0	0	10.0478903651237	0	0	0	0	0	0	0	0	0	0	0	0	0	0	0	0	0	0	0	17.1138973236084	10.5369400382042	0	5.48409938812256	0	0	0	22.0181751251221	0	0	0	11.2888069748878	0	0	0	0	0.845097243785858	0	0	0	3.21918362379074	0	0	0	0	0	0	0	0	27.2056099772453	0	0	0	0	0	0	13.5491026043892	0	0	0	0	0	0	0	0	14.3222758769989	0	23.9757723808289	0	0	0	0	0	54.0955648422241	0	0	0	4.78811693191528	0	0	0	0	0	0	0	0	0	0	0	0	0	10.0878149271011	0	0	0	3.56219619512558	0	0	0	0	0	0	0	12.3258192837238	0	10.7786211967468	0	0	0	28.7292174100876	0	0	0	0	0	0	0	4.72281867265701	0	0	0	0	1.78099119663239	0	38.9811910390854	0	94.3809282779694	0	34.8457520008087	0	0	0	0	0	5.97958540916443	0	19.9476928710938	9.02297610044479	0	0	0	5.46574944257736	0	0	0	20.4223816990852	0	0	0	44.7749495506287	0	0	0	0	0	0	0	0	0	0	0	0	0	0	0	0	63.0083606243134	0	0	0	0	0	94.7483696937561	0	0	0	0	0	3.51529794931412	0	0.589490652084351	0	0	0	0	0	0	0	0	0	0	66.454035282135	32.2558135986328	6.19580888748169	0	0	51.6965468525887	0	0	0	3.2393981218338	0	0	0	0	18.0596274137497	0	33.4137563705444	0	0	66.2602309584618	0	0	0	0	0	0	0	0	0	0	0	0	9.17393088340759	0	7.41114354133606	0	0	0	0	40.6523122191429	0	60.220943748951	0	0	0	0	0	0	0	0	0	0	0	0	0	0	0	0	0	52.8588394522667	0	0.879257380962372	0	0	22.8239936828613	0	0	0	0	0	7.66714096069336	0	0	0	25.6767758727074	0	0	0	0	0	0	0.695213794708252	0	0	0	0	0	0	0	0	3.0678593814373	0	2.28641533851624	0	30.5011342763901	0	0	0	0	0	0	0	0	6.82955664396286	0	0	0	0	22.7436873912811	0	0	0	44.4272971153259	34.9037911891937	0	0	0	0	0	0	17.5662665963173	0	0	0	3.7416672706604	0	2.41783887147903	0	0	0	0	26.9144493937492	0	0	0	0	0	0	1.51897478103638	0	0	0	0	0	10.0837533473969	0	0	0	14.9941411018372	0	0	0	0	0	0	0	1.00165271759033	0	0	0.610745072364807	0	1.36887979507446	0	10.7772812247276	0	0.502709925174713	0	0	0	0	5.95106521248817	0	0	0	6.55652284622192	0	19.2136504650116	0	0	0	0	0	1.31825363636017	0	0	0	0	0	25.4987025260925	33.9983712434769	37.5318781733513	0	0	0	0	0	0	0	0	2.5538917183876	0	0	15.9360025525093	0	0	6.15142261981964	0	0	0	0	0.953428387641907	1.40217769145966	0	0	0	0	0	1.55044627189636	0	0	0	0	0	0	0	0	0	0	0
Pxdc1	0	0	0	0	0	0.826377689838409	0	0	0	0	0	0	1.05478465557098	0	0	0	0	0.407090991735458	0	0	0	0	0	0	0	0	0	0	0	0	0	0	0	0	0	0	2.97505497932434	0	0	0	0	0	0	0	0	0	0	0	0	0	0	0	0	0	0	0	0	0	0	0	0	0	0	0	0.677598655223846	0	1.04499197006226	0	0	0	0	0	0	0	0	0	0	0	0	0	0	0	0	0	0	0	0	0	0	0	0.659196019172668	0	0	0.868536531925201	0	0	0	0	0	0	0	0	0	1.65855967998505	0	0	0	0	0	0	0	0	0	0	0	0	0	0	0	0	0	0	0	0	0	0	0	0	3.40065574645996	0	0	0	0	1.37548983097076	0	0	0	0	0	0	2.39587587118149	0	0	0	0	0	0	0	0	0	0	0	0	0	0	0	0	0	0	0	0	0	4.70531487464905	0	0	0	0	0	0	0	0	0	0	1.04282760620117	0	0	0	0	0	0	0	0	0	0	0	0.670792937278748	0	0	0	0	0	0	0	0	0	0	0	0	0	0	0	0	0	3.55447912216187	0	0	0.448114782571793	0	0	0	0	0	0	0	0.607375800609589	0	0	0	0	0	0	0	0	0	0	0	0	0	0	0	0	0	0	0	0	0	0	0	0	0	0	0	0	0	0	0	0	0	0	0	0	0	0	1.20197725296021	0	0	0	0	0	0	0	1.79354238510132	0	0	0	5.47306269407272	0	0	4.9667192697525	3.93243926763535	0	0	0	0	0	0	0	0	0	0	0	0.970995724201202	0	0	0	0	0	0	2.31190949678421	0	0	0	0	0	0	0	0	0	0	0	0	0	0	0	0	0	0	0	0	0	0	0	0	0	0	0	0	0	0	0	0	0	1.87819087505341	0	0	0	0	0	0	0	0	0	0	0	0	0	0	0	0	3.24002170562744	0	0	0	0	0	0	0	0	0	0	0	0	0	0	0	0	0	5.4899320602417	0	0	0	0	0	0	0	1.45417436957359	0	0	0	0	0	0	0	0	0	0	0	0	0	0	0	0	0	0	0	0	3.64171886444092	0	0	0	0	4.07900655269623	0	0	0	0	0	0	0	0	0	0	0	0	0	0.953428387641907	0	0	0	0	0	0	0	0	0	0	0	0	0	0	0	0	0	1.17780816555023
Ramp1	0	0	0	0	0	1.93645071983337	0	0	0	0	0	0	0	0	0	0	0	0	0	0	0	0	6.22688257694244	11.6129472255707	7.73574924468994	0	1.48148024082184	0	0	0	0	9.12371283769608	0	0	0	4.55468022823334	0	0	0	0	2.0903867483139	0	0	0	0	0	0	0	4.92931067943573	0	0	0	0	0	0	0	0	30.6397297978401	0	0	0	0	0	0	11.4526867866516	0	0	0	0	0	0	5.67637759447098	0	0	0	0	0	9.18343234062195	0	2.02166754007339	13.9751457571983	0	3.75517702102661	0	0	0	0	0	0	4.10475301742554	0	0	0	13.4921242594719	0	0	0	0	0	0	0	0	5.39566397666931	17.3150904178619	0	0	6.40583753585815	0	0	0	0	14.4309912919998	14.3709989786148	0	0	0	0	23.9868561029434	0	0	0	12.7117204070091	0	3.66145718097687	0	0	0	6.16056579351425	0	0	0	0	0	0	0	0	0	5.60569792985916	0	0	7.85616755485535	0	0	6.68317157030106	0	0	0	0	0	0	0	3.95982766151428	0	0	0	14.0100457668304	10.4576351642609	0	1.97378814220428	0	25.5582945346832	0	0	0	0	0	0	0	0	5.78584432601929	0	7.56511676311493	0	0	8.1997098326683	2.30350255966187	0	0	0	0	4.01295948028564	19.9633980691433	0	0	0	0	8.44624525308609	0	0	2.12228336930275	0	0	0	0	9.61227375268936	3.78213667869568	2.93262147903442	0	0	0	0	6.62900990247726	0	0	0	0	0	0	0	1.44403284788132	0	0	8.79895287752151	0	0	0	0	0.365481555461884	0	0	15.8944649100304	0	0	0	0	0	0	0	0	0	0	0	0	0	9.18348228931427	0	0	0	0	0	0	0	0	0	0	0	0	0	0	2.19940054416656	0	0	0	0	0	0	0	0	0	0	0	0	5.95319044589996	9.35315126180649	0	9.83731728792191	0	0	0	0	8.46928906440735	0	0	0	5.07707738876343	0	2.08564138412476	1.05054414272308	0	0	10.6133508384228	9.10604673624039	0	0	0	0	4.11198431253433	0	0	0	0	5.23049294948578	0	0	0	0	0	0	11.3867417573929	9.91145080327988	0	0	0	0	0	3.08539217710495	0	0	0	0	0	0	0	0	0	18.891860127449	0	0	0	0	0	0	0	0	0	0	0	0	0	0	0	0	0	0	0	9.11852025985718	10.3282833099365	0	0	0	0	0	0	7.69357860088348	31.3319207429886	11.8250846862793	0	10.828185915947	12.2754052877426	0	0	1.954265832901	0	0	0	0	0	28.2674908041954	0	0	0	0	0	0	0	0	0	0	0	0	0	0	20.5566431283951	0	0	5.5109338760376	22.1972233057022	0	0	0	2.67292779684067	0	6.2331365942955	0	0	0	0	0	0	4.35490143299103	0	20.0585008263588	0	0	0	0	6.90106821060181	0	0	0	0	0	0	0	0	0	1.6339282989502	0	0	0	0	0	0	0	3.97118508815765	0	0	0	0	0	0	0	1.38922935724258	2.37325429916382
Reln	0	0	0	0	0	1.42389369010925	0	0	0.819566130638123	0	0	0	0	0	0	0	0	0	0	0	0	0	0	0	3.02554661035538	15.2965431213379	0	0	0	1.94774943590164	0	0	10.2815908193588	0	3.11131757497787	2.29995226860046	0	0	0	0	0	26.5154209136963	11.0540447235107	0	0	0	0	0	0	0	0	0	0	0	0	0	9.16038990020752	0	0	0	0	0	0	0	0	0	0	0	0	0	5.27437788248062	0	1.65167307853699	0	15.722474694252	0	0	0	0	0	0	0	0	0	0	0	0	0	5.83193224668503	0.730418801307678	0	0	0	0	0.445523738861084	0	0	0	0	0	0	0	0	0	0	0	0	0	0	0	0	0	0	0	0	0	0	28.4919567108154	0	0	0	0	2.66227793693542	0	0	0	0	0	0	0	0	0	0	0	0	0	0	0	0	0	0	0	0	0	0	0	0	0	0	0	0	0	0	0	0	0	0	0	0	21.8327986001968	0	0	0	0.609995722770691	0	0	0	51.713737487793	0	0	0	0	0	2.60706901550293	0	0.758560419082642	0	1.38019990921021	0	0	0	0	0	0	0	9.97148680686951	0	0	0	2.04299491643906	0	0	0	0	0	0	0	0	0	0	0	14.7947157621384	0.520752251148224	0	1.01302647590637	0	0	0	26.4710392951965	0	0	0	0	0	0	0	0	0	0	0	0	0	0	0	8.45170533657074	0	0	0	0.37349459528923	7.5716358423233	0	0	0	0	0	0	0	0	96.3742945194244	0	0	0	3.14209794998169	0	0	0	0	0	0	0	0	0	0	0	0	0	0	3.37650084495544	0	0	0	42.6335725188255	0	0.663008034229279	0	0	0	5.10828351974487	0	0	0	0	0	0	0	0	0	0	0	0	0	0	0	0	0	19.3302998542786	0	0	0	0	0	0	0	0	0	0	32.6335220336914	7.86450403928757	0	0	0	0	0.778879046440125	0	0	0	0	0	0	0	0	0	2.54560202360153	0	0	0	0	0	0	0	0	0	0	0	0	0	6.79179525375366	0	0	0	0	0	0	0	0	56.27490234375	0	20.1945128440857	0	0	31.1486885547638	0	0	0	0	0	0	0	0	0	0	0	0	0	0	0	0	0	2.44042867422104	4.270603120327	0	0	0	0	0	0	0	0	9.26404285430908	0	0	1.59185141324997	0	0	0	0	0.484181195497513	5.55698400735855	0	0	0	0	0	5.2408801317215	0	0	0	3.45914685726166	0	0	6.16519165039062	0	0	0	0	0	0	0	0	0	0	0	0	0	0	0.633946120738983	0	20.3168474435806	0	0	0	0	0	0	0	0	0	0	0	0	0	0	0	0
Rerg	0	0	0	0	0	0	0	0	0	0	0	0	0	0	0	0	0	0	0	0	0	0	0	0	0	0	0	0	2.62566673755646	0	0	0	0	1.90595030784607	0	0	1.99646705389023	0	0	3.94210755825043	0	0	0	0	0	0	0	3.58744716644287	0	0.594639480113983	0	0	0	0	3.80485057830811	0	0	0	0	0	0	0	0	0	0	0	0	0	0	0	0	1.03384160995483	0	0	0	0	0	0	0	0	0	0	0	0	0	0	0	0	0	0	0	0	0	1.00768995285034	0	0	0	0	0	0	0	0	0.937167465686798	0	0	0	0	0	0	0	0	0	0	0	0	0	0	0	0	0	0	2.90481662750244	0	0	0	0	0	0	0	0	0.957001924514771	0	0	0	0	0	0	0.915220975875854	0	0	0	0	0	0	0	0.563496172428131	0	0	0	0	0	0	0	0	0	0	0	0	0	0	0	0.580528140068054	0	0	0	0	0	0	0	0	3.67199695110321	0	0	0	0	0	0	0	0	0	0.481044888496399	0	0	0	0	0	1.52447521686554	0	0	0	0	0	0	0	0	0	0	0	0	0	0	0	0	0	1.23958146572113	0.572764337062836	0	0	0	3.38286566734314	0	0	0	0	0	0	0	0	0	0	0	0	0	0	0	0	0	0	0	0	0	0	3.7987887263298	0	0	0	0	0	0	0	0	0	0	2.33947002887726	0	0	0	0	0	0	0	0	0	0	0	0	0	0	0	0	0	0	0	0	0	0	0	0	0	0	0	0	0	0	0	0.604398548603058	0	0	0	0	0	0	0.662084519863129	0	2.67594790458679	0	0	0	0	7.37805181741714	0	0	4.0481276512146	0	0	0	0	0	0	0	0	0	0	2.56781840324402	0.511187016963959	0	0	0	0	3.24810308218002	0	0	0	0	0	0.547894179821014	0	0	0.593335032463074	0	0	0	0	0	0	0	0	0	0	1.20486295223236	0	0	0	0	1.24257063865662	0	0	3.52974343299866	0	0	0	0	0	0	0	0	0	6.41554474830627	0	0	0	0	0	0	0	0	0	0	0	0	0	0	0	0	0	0	0	0	0	0	0	0	0	0	0	0	0	0	0	2.34568023681641	0	1.13839995861053	0	0.818762540817261	0	0	0.527058899402618	0	0	0	0	0	0	0	0	0	0.64603066444397	0	0	0	0	0	1.25631362199783	0	0	0	0	0.676414847373962	1.59336161613464	0	0	0	0	0	0	0	0	0	0	0	0	0	0	0
Rfx3	0	0	0	0	0	1.42389369010925	0	0.857013523578644	0.819566130638123	0	0	0	0	0	0	1.34625363349915	0	0	6.12776231765747	0	0	0	0	0	0	0	0	0	0	0	0	0.741017401218414	0	0	0	0	0	0	0	0	0	0	0	0	0	0.793156445026398	0	0	0	0	0	0	0	0	0	0	0	1.19169044494629	0	0	0	0	3.88009589910507	0	0	0	0	0	0	0	0.724879801273346	0	0	0	0	0	0	0	0	0	0	4.81417965888977	0	0	0	0	0	0	0	0	0	0	0	0	0	0.569552004337311	0	0	0.78377902507782	0.389497518539429	0	0	0	1.71700209379196	0	0	0	0	0	0	0	0	0	0	0	0	0.913081169128418	0.912588834762573	0	0	6.20919889211655	0	0	0	0	0	0	0	0	0	0	0	0	0	0	0	0	0	0	0	0	5.31716853380203	0	0	0	0	0	0	0	0	0.394922435283661	0	0	0	1.00366270542145	0	0	0	0	0	0	0	0	0	0	0	0	0	3.2195680141449	0	0	0	0	0	1.49357211589813	0	0	0	0	0	0	0	0	0	0	0	0	0	1.22965204715729	0	0	0	0	0	0	0	0	0	0	0	6.74000617861748	0	0	0	0	0	0	1.20714390277863	0	0	0	0	0	0	0	0	0	0	0	0	0	0	0.42969211935997	0	0	0	0	0	0	0	1.2219420671463	0	0	0.894219636917114	0	0	0	0	0	0	0	0	0	0	0	1.09606537222862	0	0	0	1.41472744941711	0	0	0	0	0	0	0	0	0	0	0	0	0	0	0	0.679189383983612	0	0	0	0	0	0	0	0	0	0	0	0	0	4.27048015594482	0	0	0	0	0	0	0	0	0	0	0	0	0	0	0	0	0	0	0	0	0	0	0	0	0	0	0	0	0	0	0.560675144195557	0	0	0	0	3.38969445228577	0	0.593343496322632	0	0	0	0	0	0.568631231784821	0	0	0.558278441429138	0	0	0	0.637815415859222	0	0	0	0	0	0	0.509159326553345	0	0	0	0	0	2.06694403290749	0	0	0	0	0	0	0	0	0	0	0	0	0	0	0	0.787888944149017	0	0	0	0	0	0	0	0	0	0	0	0	0	5.52877330780029	0	0	0	0	0	0	0	0	0	0	0	0	0	0	0	0	0	0	2.97045707702637	0	0	0	0	1.98687288165092	0	0	0	0	0	0	0	0	0	0	10.0158452987671	0	0	0	0	0	2.26616621017456	0	0	0	0	3.5615326166153	0	0	0	0.579058170318604
Rgs5	6.00922036170959	0	0	0	34.7787584662437	0	0	7.08802860975266	0	0	0	4.92419052124023	0	0	0	0	2.14477515220642	0	0	0	0	0	0	0	0	0	0	0	0	4.9088020324707	5.35232609510422	0	0	0	0	0	0	0	0	0	0	0	0	0	9.49639695882797	0	0	0	0	0	19.9954408407211	0	1.86762297153473	0	0	0	0	0	0	0	0	8.92876315116882	0	0	0	0	0	0	1.88835799694061	0	0	0	0	0	10.3161578774452	0	0	0	0	0	0	0	0	0	4.04622936248779	0	0	2.13426679372787	7.35520750284195	0	13.4196748137474	0	0	0	0	0	0	0	4.61225306987762	13.594311773777	0	26.8940103054047	0	0	0	0	0	0	0	0	0	0	0	0	0	12.5334010720253	0	0	0	8.55934631824493	4.61886101961136	0	0	8.50916415452957	0	0	0	0	0	47.0467867851257	4.56278342008591	1.96636950969696	0	0	0	26.6592018008232	0	0	0	0	0	0	0	0	0	0	5.73646593093872	0	17.4561685919762	6.28816276788712	0	0	0	0	0	19.983038187027	0	0	0	0	17.6709377169609	0	19.4034167528152	0	0	0	0	0	0	0	0	0	0	0	0	0	0	0	0	3.71892380714417	0	0	0	0	0	0	0	0	0	0	0	0	0	0	0	0	0	0	0	29.1792078018188	10.2397654354572	0	0	0	0	0	0	0	0	0	0	10.2034327983856	0	13.4901674985886	0	0	0	0	0	0	0	0	0	0	0	0	0	0	0	0	0	0	0	0	0	0	0	0	0	0	0	0	0	0	7.95904624462128	0	0	0	0	0	0	0	9.67867565155029	0	3.74142503738403	0	0	0	0	5.18674719333649	8.64590293169022	0	0	0	0	0	0	0	0	0	0	0	0	0	0	0	0	0	0	0	15.6153084635735	0	0	0	0	0	0	0	0	0	14.0197140574455	0	0	3.1645872592926	0	1.57277548313141	0	0	0	20.7314337491989	11.3625267148018	16.1278686523438	0	0	0	0	15.5459883213043	54.4628573060036	0	0	0	0	0	0	12.7365349829197	0	0	4.65823429822922	49.0013193488121	9.16977000236511	0	0	0	0	31.4532296657562	0	0	0	0	16.7890172600746	10.2670669555664	0	0	0	0	0	0	0	0	0	0	0	0	0	0	0	0	0	0	0	0	7.46655404567719	0	11.0855823159218	0	37.7232472896576	32.4564988613129	0	0	18.9455036520958	0	0	0	0	20.0977817773819	0	23.2481083869934	0	0	0	23.6286433041096	0	14.5166233778	0	0	13.9739166498184	0	17.4877442717552	0	14.3642459511757	0	0	0	0	0	0	0	0	17.6420932412148	0	0	0	41.0816869735718	7.8499584197998	0	0	0	2.79820281267166	0	0	0	0	30.6639091968536	0	0	0	0	9.22348201274872	0	22.121695458889	0	0	0	0	0	0	0	18.3746781349182	0	0	0	0	0	0
Rgs6	0	0	0	0	3.96358668804169	0	0	0	0	0	0	0	0	0	18.3214707374573	0	0	0	0	0	0	0	0	0	0	0	0	0	0	0	0	0	0	0	11.71745210886	0	0	0	0	0	1.91289287805557	8.9673764705658	15.8872351646423	0	0	0	0	0	0	0	0	0	0	14.5853788256645	0	5.73719495534897	0	0	0	0	0	0	0	0	0	0	0	0	14.937915623188	0	0	0	0	0	0	14.2432712316513	0	0	0	0	0	0	32.5912541151047	0	0	0	0	2.35294651985168	0	0	0	15.5201102495193	13.0582840442657	0	0	0	0	0	0	0	0	0	0	0	21.4207513332367	8.00745981931686	0	0	0	0	0	0	0	0	0	0	0	31.4314852356911	0	31.2605098485947	0	0	0	0	0	0	6.19393086433411	0	0	0	19.3378335237503	7.16393482685089	0	0	20.8918859362602	0	20.1795400381088	0	0	0	44.6003985404968	46.7736096382141	28.2409576177597	25.9423333406448	0	9.43062824010849	3.26129794120789	0	0	0	0	0	0	0	0	0	17.5147708654404	0	0	0	94.5505247116089	0	0	0	37.7260746955872	0	0	0	16.7928042411804	0	0	0	0	0	0	0	0	0	0	0	0	0	77.920636177063	0	0	0	0	0	11.0990660190582	0	0	0	0	0	0	0	0	1.98513197898865	4.0386506319046	0	101.783136367798	0	0	0	0	11.8715423941612	0	0	0	0	0	13.8848033547401	0	15.7751591801643	0	0	0	0	0	0	0	0	0	42.0287270545959	0	0	0	0	5.09277018904686	0	0	14.6133284568787	0	0	0	0	0	0	0	0	103.893918037415	0	0	0	0	0	0	0	0	26.1871690750122	0	0	0	0	0	0	0	3.57246375083923	16.8927383422852	0	48.7853527069092	66.3536770343781	0	0	0	0	9.70457410812378	0	24.1237444281578	29.5155206918716	0	0	0	0	0	0	0	0	0	0	0	0	37.0900763273239	0	0	0	0	0	0	0	0	0	0	0	0	0	5.61628663539886	0	40.9379281997681	47.1526861190796	0	0	0	0	0	0	0	0	0	0	0	2.63279438018799	1.67518025636673	0	0	0	0	0	0	0	19.4493264555931	0	0	8.13178837299347	15.5501953363419	0	0	0.68999832868576	5.78191059827805	0	0	0	47.3854304552078	0	0	0	0	0	0	0	0	0	0	0	0	36.5957288742065	0	0	0	0	0	0	0	0	0	0	0	0	0	0	0	0	0	0	0	0	0	0	0	0	0	0	0	16.0597567558289	0	0	0	0	22.6171016693115	0	0	0	0	0	0	0	0	0	0	0	0	59.3463099002838	0	0	0	0	0	0	0	0	0	60.063746035099	0	0	0	0	1.49780452251434	0	0	0	0	0	0	0	0	3.42401891946793	1.68949234485626	0	1.58525633811951	0	0	0.352519482374191	0	0
Rnf152	0	0	0	0	3.67332923412323	0	0	0	0	0	0	0	0	0	0	0	0	0	0	1.76168489456177	0	0	0	0	0	0	0	0	0	0	0	1.2224155664444	0	0	0	0	0	0	0	0	0	0.552404582500458	0.818818092346191	0	0	0	0	0	0.542963445186615	0	0	0.522953927516937	0	0	0	0	0	0	0	0	0	0	0	2.08901447057724	0	0	0	1.8080233335495	0	0	0	0	0	0	0	0	0	4.15800648927689	0	0	0	0	1.81643080711365	0	0	0	0	0	0	0	0	0	0	11.4614491462708	0	0	0	0	0	0	0	0	0	0	0	0	0	0	0	0	7.14072406291962	0	0	0	0	0	0	0	0	0	0	0	0	0	0	0	0	0	3.44809907674789	0	5.19781637191772	0	0	0	0	0	0	0	0	0	0	0	0.717994749546051	0	0	0	1.01185703277588	0	4.82728588581085	0	6.16483461856842	0	0	0	0	0	0	0	0	0	0	0	0	2.49892044067383	0	0	0	2.79708194732666	0.540156006813049	11.0163497924805	0	0	18.8378221988678	0	6.5822616815567	0	0	0	0	0	0	0	0	0	0	0	0	0	0	0	0	0	0	0	0	0	0	0	0	0	0.851072251796722	0	0	0	0	0	0	0	5.92911991477013	0	8.2961106300354	8.28755122423172	2.26878088712692	0	17.2764847874641	0	0	0	0	0	0	0	0.876431047916412	0	0	0	0.578294456005096	0	0	0	0	0	4.53124392032623	0	0	0	24.1270619034767	0	0	0	0	0	0	0	0	0	0	0	4.38447678089142	0	0	0	0	3.72798562049866	0	0	0	0	0	0	0	0	0	0	1.23039865493774	0	0	0	2.69963091611862	12.4748805165291	0	0	0	0	0	3.53982299566269	0	0	0	0	0	1.70431840419769	0	0	0	0	0	5.7160382270813	0	0	0	0	0	0.452083915472031	0	0	0	0	2.2009425163269	0	0	0	0	0.553204417228699	0	0	0	0	0	0	3.00891435146332	0	1.85983461141586	0	0	0	0	0	0	0	0	0	0	0	12.6241178512573	0	0	0	0	0	0	0	0	0	0	2.24313193559647	0	0	0	0	5.29299637675285	0	0	1.30313789844513	0	0	0	0	0	0	0	0	0	0	0	0	0	0	0	0	0	1.24530506134033	0	0	0	0	0	0	0	0	0	0	0	2.91784542798996	0	0	0	0	0	0	0	0	0	0	0	0	0	0	0	0	0	0	0	0	0	0	0	0	0	0	0	0	0	0	2.43378019332886	0	0	0	0	0	0	0	0	0	0	0	0	0	0	0.992236375808716	0	0	0	2.24843001365662
Ror1	0	0	0	0	0	0	0	0	0	0	0	0	0	0	0	0	0	0	0	0	0	0	0	0	0	0	0	0	0	0	0	0	0.484833568334579	0	0	0	0	0	0	0	0	0	0	0	0	0	0	0	0	0	1.51077568531036	0	0	0	0	0	0	0.524968564510345	0	0	0	0	0	0	1.16061928868294	1.06739342212677	0	0	0	0	0	0	2.26584196090698	0	0	0	0	0	0	0	0	0	0	0	0	0	0	0	0	0	0.709909319877625	0	0	0	0	0	0	0	0	0	0	0	0	0	0	0	0.516229093074799	0	0	0	0	0	0	0	0.843586802482605	0	0	0	0	0	0	0	0	0	0	0	0	0	0	0	0.532103002071381	0	0	0	0	0	0	0	0	0	0	0	0	0	0	0	0	0	0	0	0	0	0	0	0	0	0	2.68489527702332	0	0	0.879659056663513	0	0	0	0	0	1.43252432346344	0	0	0	0	0	0	0	0	0	0	0	0	0	3.90583896636963	0	0	0	0	0	0	0.560284435749054	0	0	0	0	0	0	0	0	0	0	0	0	0	0	0	0	0	0	0	0	0	0	0	0	0	1.49732774496078	0	0	0	0.821928203105927	1.00412118434906	0	0	2.25437188148499	0	0	0	0	0	0	0	0	0	0	0	0	0	0	0	0	0	0	0	0	0	1.35207772254944	0	0	0.639757454395294	0	0	0	0	0	0	0	0	0	0	0	0	0	0	3.11088746786118	0	0	0	0	0	0	0	0	0	0	0	0	0	0	2.08564138412476	0	0	0	0	0	0	0	0	0	0	0	0	0	0	0	0	0	0	0	0	0	0	0	0	0	0	0	0	0	0	0	0	0	0	0	0	0	3.26633834838867	0	0	0	0	0	0	0	0	0	0	0	0	0	0	0	0	0	0	0	0	0	0	0	0	0	0	0	0	0	0	0	0.467966794967651	0.614256083965302	0	0	0	0	0	0	0	0	0	0	0	0	0	0	0	0	0	0	0	0	0	0	0	0	0	0	0	0	0	1.12386584281921	0	0	2.62081402540207	0	0.662063360214233	0	0	0	0	1.57868266105652	0	1.57433614134789	0	0	0	0	0	0	1.08118200302124	0	0	0.681867361068726	0	0	0	0.731428265571594	0	0	0	0	0	0	0	0	0	0	0	0	0	0	0	0	0	0	0	0
Rorb	0	0.510439038276672	0	0	0	0	0	0	0	0	0	0	0	0	0	0	0	2.35341638326645	0	0	0	7.15370792150497	0	0	0	1.46817374229431	0	0	0	0	0	5.63372892141342	0	0	0	0	0	0	0	0	0	0	0	0	0.443057954311371	0	0	0	10.1843616366386	0	0	0	10.5984815359116	0	1.25216817855835	0	0	0	0	19.5063103437424	4.62990856170654	0	0	11.1505596637726	0	0	0	5.49160349369049	0	0	0	0	0	0	0	0	0	0	0	3.19685328006744	0	6.99809008836746	0	0	13.458550453186	0	2.60177093744278	0	0	0	0	0	0	0.667656004428864	0	0	1.05265271663666	0	0	0	0	0	0	0	0	0	0	0	1.3606573343277	0	1.8756046295166	0	0	0	0	1.90845704078674	0	0	0	0	1.15126502513885	0.914350211620331	0	0	0	0	0	0	0	0	0	0	0	0	5.75174880027771	0	0	0	0	0	1.06160223484039	0	0	0	0	0	0	0	0	0	0	0	0	0	0	0	2.28652334213257	0	0	0	0	0	0	35.2401742339134	0	0	0	0	0	0	1.4336684346199	0	0	0	0	0	0	0	0	0	0	0	0	25.1928308606148	0	0	15.8912836909294	0	0	0	0	0	0	0	0	0.592231154441833	0	0	0	0	0	0	11.1433625221252	0	42.9520974159241	0	0	0	0	0	0	0	0	0	0	0	0	0	0	0	0	2.90307378768921	0	0	0	26.3222670555115	0	0	0	0	0	3.33658051490784	0	0	0	0	0.986332654953003	0	0	0	0	0	0	0	0	0	0	0	0	0	0	0	0	0	0	0	0	0	4.1344867348671	0	1.30083131790161	0	0	0	25.7905176877975	0	0	0	0	0	3.92549800872803	0	0	0	0	0	0	0	0	0	0	0	0	0	3.06909239292145	0	0	0	0	0	0	0	0	0	0	0	0	3.21407699584961	0	0	0	0	0	0	5.13043606281281	0	0	0	0	0	0	0	0	0	0	0.816810548305511	0	0	0	0	13.2422742843628	8.84406268596649	1.93399411439896	0	0	0	0	0	0	0	0	0	0	0	0	0	0	0	0	0	0	0	0	0	0	0	0	0	0	0	34.8956602215767	0	0	0	0	0	0	0	0	0	0	0.46887868642807	0	50.074417591095	0	0	0	0	0	0	0	0	0	0	0	0	0	0	0	0	0	0	0	0	0	0	0	6.32787692546844	0	0	17.1112423539162	0	0	0	0	0	0	0	0	3.20787984132767	0.841837763786316	0	0	0	0	0	0	0	0	0	0	0	0	0	2.26616621017456	0	0	0	0	0	0	0	0	0
Rspo1	0	0	0	0	0	0	0	0	0	0	0	0	0	0	0	0	0	0	0	0	0	0.568716704845428	0	0	0	0	0	0	0.628673434257507	0	0	0	0	0	1.12247931957245	0	0	0	0	0	0	0	0	0	0	1.5863128900528	0	0	0.452625572681427	0	0.458780527114868	0	0	0	0	0	0	0	0	1.37064599990845	2.82856631278992	0	0	0	0	0	0	0	0	0	0	0	0	0	0	0	0	0	0	0	0	0	0	0	0	0	0	0	0	0	0	0	0	0.513856709003448	0	0.569552004337311	0	0	0	0	0	0	0	0	0	0	0	0	0	0	0	0	0	0	0	0	0	0	0	0	0	0	0	0	0	0	0	0	0	0	0	0	0	0	0	0	0	0	0	0	0	0.892923355102539	0	0	0	0	0	0	0	0	0	0	0	0	0	0.686501860618591	0	0	0	0	1.53786849975586	0	0	0	3.87517315149307	0	0	0	0	0	0	0	0	0	0	0	0	0	0	0	0	0	0	0	0	6.9648529291153	0	0	0	0	0	0	0	0	0	0	0	0	0	0	0.851072251796722	0	0	0	0	0	0.980043113231659	0	0	0	0	0	0	0	0	0	0	0	0	0	0	1.28660309314728	0	0	0	0	0	0	0	0	0	0	0	0	0.561164200305939	0	0	0	0	0	0	0	0	0	0	1.96594309806824	0	0	0	0	0	0	0	0	5.94350737333298	0	0	0	0	0	0	0	0	0	5.05503135919571	2.32706183195114	0	0	0.699702143669128	0	0	0	0	0	0	0	0	0	1.65892469882965	0	0	0	0	0	0	0	0	0	0	0	0	0	0	0	0	0	0	0	0	0	0	7.28248763084412	0	0	0	0	0	0	0	0	0	0	0.910472869873047	0	0	0	0	0	0	0	0	0	0	0	0	0	0	0	0	0	0	0	0	1.51897478103638	11.8683145046234	0	0	0	0	0	0	0	0	0	0	0	0	0	0	0	0	2.00330543518066	0	0.462108641862869	0	0	0	0.704065978527069	0	0	0	0	0	0	0	0	0	0	0.61760288476944	0	0	0	1.27891671657562	0	0	0	0	13.6213464736938	13.6880083084106	3.61847120523453	0	0	0.689301788806915	0	0	0	0	0	2.43885576725006	0	2.31355857849121	0	1.37436258792877	0	0	0	0	0	3.0913622379303	0	0	0	0	0	3.99087888002396	0	0	0	1.37841987609863	0	0	0	0	0	0.852509438991547	3.63863658905029	0	0	0	0	0	0	0.685217201709747	0
Rxfp1	0	0	0	0	0	0	0	0	0	0	0	0	0	0	0	0	0	0	0	0	0	2.09141206741333	0	0	0	0	0	0	0	0	0	0	0	0	0	0	0	0	0	0	0	0	0	0	0	0	0	0	0	0	9.92254853248596	0	0	1.76018089056015	0	0	0	0	0	0	0	0	0	0	0	0	0	0	0	0	0	0	3.28812623023987	0	0	0	0	3.52548360824585	0	0	0	0	0	0	0.809245884418488	0	0	0	0	0	0	7.5460170507431	2.98481106758118	0	0	0	0	0	0	0	0.718720018863678	0	0	0	0	0	0	0	5.89676177501678	0	0	0	3.02805745601654	0.773738980293274	0	0.566390991210938	0	0	0	0	0	0	0	0	0	0	0	0	1.70306107401848	0	0	0.793499886989594	0	0	0	0	0	0	0	0	0	0	0	0	0	0	0	0	0	0	0	0	7.57758647203445	0	0	0	0	0	0	0	0	0	0	0.954356551170349	0	0	0	0	0	0	0	0	0	0	0	0	0	3.03716254234314	0	0	0	0	1.45374631881714	0	0	0	0	0	0	0	0	0	0	0	0	0	0	0	1.43122959136963	0	1.07890355587006	0	0	0	0	0	0	0	0	0	0	0	0	0	0	0	0	0	5.04780071973801	0	0	0	0	0	0	0	0	0	0	0	0	5.80026185512543	0	1.95122873783112	0	0	5.31776022911072	0	0	0	0	0	0	0.709179759025574	0	0	0	0	0	0	1.06870639324188	4.51427483558655	0	0	0	0	0	0	0	0.62547492980957	0	0	0	0	0	0	0	0	0	0	0	0	2.7763135433197	0	0	0	0	0	0	0	0	0	0	0	0	0	0	0	0	2.64098912477493	1.32862800359726	0	0	0	0	0	0	0	0	0	0	0	0	0	0	0	0	1.62252926826477	4.1346527338028	2.16456931829453	0	0	0	0	0	0	0	1.39063048362732	0	0	0	0	0	0	0	0	0	0	0	0	0	0	0	0	2.50755536556244	0	0	0	0	0	0.830049812793732	0	0	0	0	0	0.467966794967651	0	0	1.88118243217468	0	0	0	0	1.11835300922394	0	0	0	0	0	0	0	0	0	0	0	0	0	0	2.51021575927734	0	0	0	0	1.13204419612885	0	0	0	0	0	0	0	0	0	0	0	0	0.799999237060547	0	0	0	0	0	0	0	0	0	0	0	0	0	0	0	0	0	0	0	0	0	0	0	0	0	0	0	0	0	0	0	0	0	0	0	1.15811634063721
Rxfp2	0	0	0	0	0	0	0	0	0	0	0	0	0	0	0	0	0	0	0	0	0	0	0	0	0	0	0	0	0	0	0	0	0	0	0	0	0	0	0	0	0	0	0	0	0	0	0	0	0	0	0	0	0	0	0	0	0	0	0	0	0	0	0	0	0	0	0	0	0	0	0	0	0	0	0	0.571746945381165	0	0	0	0	0	0	0	0	0	0	0	0	0	0	0	0	0	0	0	0	0	0	0	0	0	0	0	0	0	2.13705304265022	0	0	0	0	0	0	0	0	0	0	0	0	0	0	0	0	0	0	0	0	0	0.75735080242157	0	0	0	0	0	0	0	0	0	0	0	0	0	0.892923355102539	0	0	0	0	0	0	1.74160543084145	0	0	0.507296979427338	0	0	0	0	0	0	0	0	0	0	0	0	0	0	0.71626216173172	3.19004893302917	0	0	0	0	0	0	0	0	0	0	0	0	0	0	0	0	0.561233699321747	0	0	0	0	0	0	0	0	0	0	0	0	0	0	0	2.76140764355659	0	0	0	0	0	0	0	0	0	0	2.34541988372803	0	0	0	0	0	0	0	0	0	0	0	0	0	0	0	0	0	0	0	0	0	0	0	0	0	0	0	0	0	0	0	0	0	0	0	0	0	0	0	0	0	0	0	0	0	0	0	0	0	0	0	0	0	0.695960760116577	0	0	0	0	0	0	0	0	0	0	0	0	0	1.94028037786484	0	0	0	0	0.527068078517914	0	0	0	0	0	0	0	0	0	0	0	0	0	0	0	0	0	0	0	0	0.615620493888855	0	0	0	0	0	0	0	0	0	0	0	0	0	0	0	0.417412936687469	1.17311346530914	0	0	0	0	0	0	0	0	0	0	0	0	0	0	1.77023589611053	0	0	0	1.88288015127182	0	0	0	0	0.467966794967651	0	0	0	0	0	0	0	0	0	0	0	0	0	0	0	0	0	0	0	0	0	0	0	0	0	0	0	0	0	0	0	0	0	0	0	0	0	0	0	0	0	0	0	0	0	0	0	0	0	0	0	0	0	0	0	0	0	0	0	0	0	0	0	0	0	0	0	0	0	0	0	0	0	0	0	0	0
Satb2	0	0	0	0	0	0	0.572131931781769	0	0	1.16770553588867	3.21344381570816	0.834678769111633	0	0	0	0	0	0	0	0	24.8298361301422	0	0	0	0	0	0.912519812583923	0	35.8662884235382	0	0	0	0	59.991119325161	48.6650536060333	0	0	0	0	57.4424034357071	0	0	21.267870426178	0	0	61.3491497039795	0	0	0	0	0	0	31.915259718895	0	0	0	0	0	0	0	0	0	0	0	0	72.3711705207825	0	31.3254952430725	0	0	71.612594127655	0	0	68.2531886100769	46.8409762382507	0	0	0	43.7854954004288	0	34.7293149828911	0	0	22.8198987841606	25.7144088745117	0	0	0	0	0	0	0	0	66.0769076347351	0	0	0	30.3473492860794	0	2.78320115804672	64.1578724384308	0	0	0	0	0	0	0	0	18.1658158302307	80.4183698892593	0	0	25.9087467193604	0	0	98.5608761310577	0	0	0	0	0	0	0	0	0	0	99.6837725639343	0	0	0	0	0	0	0	34.0828905105591	0	0	0	0	0	46.7043957710266	0	56.440803527832	0	0	0	0	0	23.2020559310913	40.3343191146851	0	0	53.6691474318504	81.386753320694	0	0	0	0	10.3237166404724	0	0	0	46.6853668093681	0	0	0	0	103.125393390656	0	0	0	0	0	0	0	0	0	0	0	0	0	95.5954115390778	0	0	0	0	0	0	0	0	0	0	0	0	0	0	0	0	0	88.8128063678741	0	0	8.61474633216858	81.4264378547668	62.1010080575943	0	0	110.349632978439	0	0	0	0	0	0	0	0	0	0	0	0	0	18.2475292682648	0	0	0	0	0	0	33.0397497415543	0	0	48.867299258709	0	0	0	0	0	0	0	0	0	0	0	0	0	0	0	0	0	49.7941482067108	0	0	0	0	0	0	0	2.29290413856506	0	0	58.8575047254562	37.7657632827759	0	0	0	0	37.2499861717224	0	0	44.8849773406982	53.2637555599213	0	0	0	0	0	3.34582996368408	0	0	60.8039836883545	132.333522796631	69.1440317630768	0	0	0	0	0	0	47.087731719017	0	0	0	0	0	0	7.58678078651428	58.4026005268097	44.9343215227127	0	55.7901323437691	0	0	0	0	0	0	0	47.098926782608	0	0	0	0	38.1117689609528	0	0	0	0	0	33.0945320129395	0	0	0	0	31.5339434146881	29.7004266381264	0	0	0	0	0	0	0	41.6154596805573	60.7432832717896	0	0	0	0	0	57.3964357376099	0	1.79743385314941	0	0	0	0	0	0	0	55.0343153476715	0	0	6.28494215011597	0	0	0	74.4316555857658	0	0	0	26.5911748409271	0	0	0	0	0	55.2987933158875	0	0	0	0	97.4674028158188	0	49.2481614351273	0	0	0	85.0706677436829	0	0	0	0	0	0	0	0	0	0	0	0	109.957634687424	0	0	0	1.34867680072784	0	0	31.0872641205788	54.4332485198975	0	0	56.010710477829	0	0	0	0	0	0	78.0759360790253	0	85.5063481330872	0	0	0	0	0	0	0	0	0	0	0	0
Scgn	0	0	0	0	0	0	0	0	0	0	0	0	0	0	0	0	0	0	0	0	0	0	0	0.586254298686981	0	1.84105157852173	0	0	0	0.659847319126129	0	0	0	0	0	0	0	0	0	0	0	0	0	0	0	0	0.785205900669098	0	0	0	0.673418283462524	0	0	0	0	0	0	0	0.654440999031067	0	0	0	0	0	0	0.96323436498642	0	0	0	0	0	0	0	0	0	0	0.463907122612	0	0	0	0	0	0	0	0	0	0	0	0	0	0	0	0	0	0	0	0	0	0	0	0	0	0	0	0	0	0	0	0	0	0	0	0	0	0	0	0	0	0	0	0	0	0	0	0	0	0	0.746279060840607	0	0	0	0.448768317699432	0.60158497095108	0	0	0	0	0	0	0	0	0	0	0	0	0	0	0	0	0	0	0	0	0	0	0	0	0	0	0	3.82131493091583	0	0.509874761104584	0	0	0	0	0	0	0	0	0	0	0	0	0	0	0	0	0	0.481044888496399	0	0	0	0	1.14986217021942	0	0	0	0	0	0	1.75084948539734	0	0	0	0	0	0	0	0.488161593675613	0	0	0	0	0.660820305347443	0	0	0	0	0	0	0	0	0	0	0	0	0	0	0	0	0	0	0.634317457675934	0	0	0.510660767555237	0	0	0	0	0	0	0	0	1.71699738502502	0	0	0.624773979187012	0	0	0	0	0	0	0	0	0	0	0	0	0	0	0	0	0	0	0	0	0	0	0	0	0	0	0	0	0	0	1.58194148540497	0	0	0	0	0	0	0	0	0	0	0	0	0	0	0	0	0	0	0	0	0	0	0	0	0	0	0	0	0	0	0	0	0	0	0	0	0	0	0	0	0	0	1.50803461670876	1.7225541472435	0	0	0	0	0	0	0	0	0	0	0	0	0	0	0	0	0.402518063783646	0	0	0	0	0	0	0	0	0	0	0	0	0	0	0	0	0	0	0	0	0	0	0	0	0	0	0	0	0	0	0	0	0	0	0	0	0	0	0	0.498973965644836	0	0	0	0	0.991460025310516	0	0	0	0	0	0	0	0	0	0	0	0.806092977523804	0	0	0	0	0	0	0.751631796360016	0	0	1.93356692790985	0	0	0	0	0	0	0	0	0	0	0	0	0.537611186504364	0	0	0	0	0	0	0	0	0	0	0	0
Sema3e	0	0	0	0	0	0	0	0	0	0	0	0	0.573808014392853	0	0	0	0	0	0	0	0	0	0	0	0	0	0	0	0	0	0	0	0	0	0	0	0	0	0	0	0	0.552404582500458	5.31624460220337	0	0	0	0	0	0	0	1.34683656692505	0	0	0	0	0	0	0	0	0	0	0	0	0	5.1456184387207	0	0	0	0	0	0	2.2691929936409	0	0	0	0	0	0	0	0	0	0	0	0	0	0.785175085067749	0	0	0	0	1.265873670578	0	0	0	0	0	0	0	0	0	0	0	0	0	0	0	0.516229093074799	0	0	0	0	0	0	0	0	0	0	0	0	0	2.08487010002136	0	0	0	0	0	0	0	3.40065574645996	0	0	0	0	0.687744915485382	0	0	0	0	0	0	0	0	0	0	0	0	0	0	1.39540195465088	0	0	0	0	0	0	0	0	1.77367115020752	0	0.477126955986023	0	0	0.509874761104584	0	0.959733426570892	0	0	2.22568023204803	0	0	0	0	0	0	0.840718746185303	0	0	0	0	0	0	0	0	0	0	0	0	2.10629105567932	0	0	0	0	0	0	0	0	0	0	0	0	0	0	0	0	0	0	0	0	0	5.02607274055481	0.977916359901428	0.659624576568604	0	0	0	0	0	0	0	0	0	0	0	0	0	0	0	0	0	0	0	0	0	0.868565142154694	0	0	0	0	0	0	0	0	0	0	0	0	0	1.69787767529488	0	0	0	0	2.43280649185181	0	0	0	0	0	0	8.63476467132568	0	0	0	0	0	1.88504260778427	0	1.03955143690109	0	0	0	0	0	0	0	0	0	0	0	0	0.630517184734344	0	0	0	0	0	0	0	0	0.789939343929291	0	3.35518199205399	0	0	0	0	0	0	0	0	0	0	0	0	0	0	0	2.02329397201538	3.32850909233093	0	0	0	0	0	0	0	0	0	0	0	0	0	0	0	0	2.45592659711838	1.59865653514862	0	0	0	0	0	0	0	0	0	0	0	0	0	0	0	0	0	2.18439620733261	0	0	0	0	0	0	0	0	0	0	0	0	0	0	0	0	0	0	0	0.617575883865356	0	0	0	0	0	0	0	0	0	0	0	0	0	0	0	0	0	0	0	0	0	0	0.799999237060547	0	2.64630627632141	0	0	0	0	0	0	0	0	0	0	0	0	0	0	0	0	0	0	0	0	0	1.43173366785049	0	0	0	0	0	0.967434406280518	0	0	0	0	0	0.579058170318604
Sema5a	0	0	0	0	0	0	0	0	0	0	0	0	0	0	0	0	0	0	0	0	0	0	0	0	1.54164505004883	0.862269043922424	0	0	0	0	0	0	0.532292544841766	0	0	0	0	0	0	0	0	0	0	0	0	0	0	0	0	0	0	0	0	0	0	0	0	0	0	0	0	0	0	0	0	0	0	0	0	4.87303066253662	0	0	0	21.9844348430634	0	0	6.95657765865326	0	0	0	0	0	0	0	0	0	0	0	0	0	0	16.7674250602722	18.4732543826103	0	0	4.13642704486847	0	13.50299680233	0	0	0	0	0	0	0	0.500664293766022	0	0	0	0	0	0	0	0	0	0	0	0	0	0	0	0	0	0	0	0	0	0	0	0	0	0	25.1439946293831	9.86046713590622	0	0	0	0	0	0	0	0	0	0	0	0	0.504377722740173	0	0	5.51755118370056	0	0	30.7839000225067	0	0	0	0	0	0	0	25.8605000972748	1.95999360084534	0	0	0	0	0	1.1477792263031	0	0	0	0	0	2.68415021896362	24.8959339261055	0	0	9.67856693267822	0	0	0	0	0	0	0	0	0	0	0	0	0	0	0	0	0	0	0	0	0	0	0	0	0	0	0	3.35938674211502	0	16.4057733416557	0	0	17.1335746049881	0	0	0	0	0	35.7647422552109	0.821928203105927	6.31766706705093	0	0	0	0	33.7920495271683	0	0	0	0	2.73343396186829	0	0	0	0	0	0	68.3183810710907	106.299672544003	0	0	0	0	0	0	0	0	0	0	0	0	0	0	0	0	0	0	0	0	0	0	0	0	0	0	0	0	0	0	0	0	0	0	0	0	0	0	0	0	2.10108828544617	0	0.530364632606506	0	0	0	0	0	0	0	0	0	0	0	0	0	0	0	16.8748683929443	13.7833740711212	0	0	0	0	0	1.50439983606339	0	0	0	3.56762742996216	0	0	0	0	0	0.864689230918884	0	0	0	0	0	0	0	0	5.53745031356812	0	4.54904985427856	0	0	24.0017846822739	0	0	0	0	0	0	0	0	0	0	0	1.42999887466431	0	0	0	0	0	5.06885939836502	0	0.467966794967651	0	0	6.3267138004303	3.6654896736145	3.78391575813293	0	0	0	0	0	0	0	0	0	0	0	0	0	0	0	0	0	0	1.51135110855103	2.20146298408508	0	0	0	0	1.16133451461792	0	0	0	0	0	0	2.27311611175537	1.79826551675797	0	0	0	0	0	0	0	0	0	0	0	0	0	0	0	0	0	0	0	0	0	0	0	0	0	0	0	0	0	0	0	0	0	0	0	0	0	0	0
Serpinf1	0.784017860889435	0	0	0	8.33348542451859	0	0	0	0	0	0	0	4.18530070781708	0	0	0	0	0	0	0.535242676734924	0	0	0	0	0	0	0	0	0	0	0	0	0	0.512853860855103	0	0	0	0	0	0	0	0	0	1.56920254230499	0	0	0	0	0	0	0	0	0.597248911857605	0	0	0	0	0	0	0	0	0	0	2.32017397880554	0	0	0	0	0	0	0	0	0	0	0	0	0	0	0	0	0	0	0	0	0	0	0	0	0	0	0	0	0	1.42299747467041	0	0	0	0	0	0	1.94225245714188	0	0	0	1.84951722621918	0	0	0	0	0	0	0	0	0	0	0	0	0	0	0	0	0	0	0	0	0	0.570006191730499	0	0	0	8.6953626871109	0	0	0	0	0	0	0	0	0	0	0	1.83638083934784	0	0	0	1.23758387565613	0	0	0	0	0	0	0	0	0	0	0	0	0	1.12374353408813	0	0	0	0	0	0	2.00943160057068	0	0	0	0	0	0	0	0	0	0	0	0	0	0.971078932285309	1.43268072605133	0	0	0	0	0.629055798053741	0	0	0	0	0	0	0	0	0	0	0	0	0	3.53915798664093	0	0	0	0	1.98732462525368	0	0	0	0	0	2.8820167183876	0	0	0	0	0	0	0	0	0	0	0	0	0	0	0	0	0	0	0	0	0	14.1746715903282	0	0	0	0	1.13829720020294	0	0	0	0	1.28671145439148	0	0	0	0	0	0	0	0	0	0	0	0	5.227654337883	0	0	1.83731859922409	0	0	0	0	0	0	0	0	0	0	0	0	0	0	0	0	0.906839430332184	0	0	0	0	0	0	0	0	0	1.36619019508362	0	9.58329677581787	0	0	0	0	0	0	0	0	0	0	0	1.97379398345947	0.911459445953369	0	0	0	0	0	0	0.504879951477051	0	0	0	0	0	0	0	0	0	0	0	0	0	0	0	0	0	0	0	0	0	0	0	0	0	0	0.397863388061523	0	0	0	0	0.613790988922119	0	0	0	0	0.608220458030701	0	0	0	0	0	0	0	0	0	0	0	0	0	0	0	0	0	0	0	0	0	0	0	0	0	0	0	0	1.34133744239807	0	0	0	0	0	0	0	0.961934328079224	0	0	0	0	0.941313028335571	3.08873105049133	0	0	0	0	0	0	0.391481518745422	0	0	0	0	0	0	0	0	0	0	0	0	0	0	0.832356929779053	0	0	0	8.43614029884338	0	0	0	0	0	0	0	0
Sertm1	0	0	0	0	0	0	0	0	0	0	0	0	0	0	6.48300635814667	1.9632773399353	0	0.814181983470917	0	0	5.92504274845123	2.42221200466156	6.37913364171982	0	0	0.489391267299652	0	0	8.9864250421524	0	0	0	0	3.3986114859581	0	0	0	0	0	0	0	0	0	0	22.2224179506302	0	0	0	0	0	0	0	0	0	0	0.803491592407227	0	0	1.78654223680496	2.6503369808197	5.04316866397858	0	0	4.71995031833649	0	0	0	1.36135625839233	0	0	0	0	0	1.51384222507477	0.78204756975174	0	0	0.620897233486176	0	1.93829071521759	0	0	1.87269866466522	0	0	0	0	0	0	0	0	0	0	0	0	0	0	0	0	0	0	0	0	0	0	0	0	0	0	0	0	0	0	0	0	0	0	0	0	8.70528829097748	0	0	0	0	0	0	0	5.87231087684631	0	0	0	0	0	0	3.09330862760544	0	0	0	0	0	0	0	0	3.74703937768936	0	0	0	0	0	2.96222412586212	4.03514540195465	0	0	0	0	0	0	0	0	0	0	0	0	0	0	0	3.34573096036911	0	8.41837805509567	0	0	0	0	0	0	0	4.01418328285217	2.95875668525696	0	0	0	23.464861035347	0	0	0	0	0	0	0	0	0	0	0.940065264701843	0	0	0	1.46631073951721	2.55465316772461	0	0	16.7589686214924	0	0	0	3.60782766342163	0	1.0025283396244	0	0	0	0	1.91889703273773	0	2.62650394439697	0	0	0	0	0	0	27.5630943179131	0	15.411695599556	0	14.2319129109383	0	9.09551912546158	0	0	0	0	0	0	0	0	0	4.97162127494812	1.25575256347656	0	15.4761214256287	0	0	0	0	0	0	0	0	0	0	0	0	0	0	0	0	0	0	0	18.2010262012482	0	0	0	9.34316098690033	0	0	3.60615742206573	0	0	0	0	0	0	0	0	0	0	0	0	14.7931320667267	0	0	0	0	0	0	0	0	0	0	0	0	0	0	0	0	0	0	0	0	0	6.93395608663559	0	0	0	3.85080981254578	0	0	0	0	0	0	0	0	0	0	11.7800904512405	0	3.20039790868759	0	0	0	0	11.6848524212837	3.84181690216064	0	0	0	0	0	0	0	0	7.27155804634094	2.55530989170074	0	3.12285685539246	0	0	0	0	8.19785332679749	1.36323499679565	15.0524770021439	0	0	0	0	0	8.8373971581459	0	0	0	0	0	0	0	23.9154499173164	0	0	0	0	0	0	0	0	13.474649310112	0	1.23520576953888	0	14.0119745731354	0	0	9.8224835395813	0	0	0	0	13.5748623013496	0	0	0	0	8.91371524333954	0	0	0	0	0	0	0	0	0	0	0	0	0	0	0	0	0	0	0	0	0	2.40043187141418	0	0	0	0	0	39.1122405529022	0	0	0	0	0	0	0	29.0991912484169	0	0.774182736873627	0	0
Sgcd	0	0	0	0	0	0	0	0	1.202712059021	0	0	0	0	0	0	0	0	0	0	0	0	0	0	0	0	0.489391267299652	0	0	0	0	0	0	0	0	0	2.55980372428894	0	0	0	0	0	0	0	0	0	0	0	0	0	0	0	0	0	0	4.83377033472061	0	0	0	0.654440999031067	0	0	0	0	0	0	0	0	1.78693675994873	0	0	0	0	0	0	0	0	0	0	0	0	0	0	0	0	0	0	0	0	0	0	0	0	0	0	0	0	0	0	0	0	0	0	0	0	0	0	1.92272329330444	0	0	0	0	0	1.77166450023651	0	0	0	0	0	0	5.65214318037033	7.61430692672729	0	6.62884348630905	0	0	0	1.85815447568893	0	0.554022133350372	0	1.87442874908447	4.89839416742325	2.51924353837967	7.97870510816574	5.95408928394318	3.22979259490967	0	1.48702597618103	0.559210658073425	0	0	0	0	0	0	0.719642460346222	0	0	0	0	1.91430199146271	0.367366850376129	0	0	0	0	0	0	0	0	0	0	0	3.14395010471344	0	0	0	0.420194774866104	0	0	0	0	0	2.52085852622986	0	3.01633554697037	0	0	0	0	0	0	0	4.51202893257141	0.523272454738617	0	0	4.98710811138153	0	0	0	0	0	0	0	0	2.88906729221344	0	0	0	0	2.86732488870621	0	0	0	0	0	0	1.73812311887741	0	0	0	0	0	0	0	0	0	0	0	0	1.66938978433609	0	0	0	0.593237400054932	0	1.74390542507172	0	0	0	0	2.84359538555145	2.58001375198364	0	0	0	0	0	0.624773979187012	0	3.82803124189377	1.30614614486694	0.790907144546509	0	0	0	0	0	0	0	0	0	0	0	0	0	0	0	0	6.06983804702759	0	0	0	0	0	0	0	0	0	0	2.87339615821838	2.03148937225342	0	0	0	0	0	0	0	0	0	0	0	0	0	0	0	0	0.789939343929291	0	0	0	0.452083915472031	0.420685410499573	0	0	0	1.52876451611519	1.41507357358932	0	0	0	0	0	1.44134673476219	0	2.99764439463615	0	0	0	0	0	0	0	1.11607566475868	0.654739081859589	0	0	0	0	0	0	0	0	0	0	0	0	0.59978324174881	0	0.402518063783646	0	0	0	0	0	0	0	0	0	0.613790988922119	0	0	0	1.76578885316849	0	0	3.11150938272476	0	1.74224364757538	3.40770530700684	0	0	0	0.882266640663147	0	0	0	0	0	0	0	0	0	0	0	0	0	0	0	0	2.98759520053864	0	0	2.04949140548706	0	0	0	0	0	0	0	0	0.814102590084076	0	0	0.944925725460052	0	0	2.25797545909882	0	0	0	0	0	0	0	0	0	0.518724322319031	0	0	0	0	0	0	0	0	2.30216366052628	0	0	0	0	0	0	0	0.967434406280518	0	0	0	0	0.685217201709747	0
Shisa9	0	0	0	0	0	0	0	0	0	0	0	0	0	0	0	0	0	1.94632539153099	0	0	8.18014758825302	0	3.66710007190704	0	0	0	0	13.3527154922485	0	0	9.4225959777832	28.8862064480782	0	0	0	0	0	0	0	15.5394204854965	0	0	0	0	0	0	0	0	26.6198177337646	0	18.3927223682404	0	0	0	14.8557094931602	0	0	0	0	21.9066616296768	0	0	0	0	0	0	0	13.3462181091309	0	0	0	0	0	24.1604252457619	0	0	0	16.298935174942	0	14.8032264709473	0	0	0	0	0	0	0	0	6.64345973730087	21.702721118927	0	0	0	24.9752067327499	36.2010171413422	0	0	0	0	0	0	0	0	0	0	0	30.1110140681267	0	0	0	0	0	0	0	0	0	0	0	7.05588912963867	15.4073975086212	0	0	0	21.5675677061081	0	0	0	11.7242546081543	0	0	0	0	0	0	0	0	0	0	0	0	0	18.7899436354637	0	14.11341381073	6.41351479291916	0	0	0	0	0	0	0	0	0	0	0	0	0	5.26343536376953	0	0	13.2029303908348	0	0	0	0	29.3639392852783	0	0	0	0	0	0	5.6763072013855	20.8892036676407	0	0	0	0	0	42.9245812892914	0	0	0	0	0	14.7417640089989	35.8688920736313	0	0	0	0	0	0	9.10467725992203	0	0	0.506191730499268	0	0	0	33.9828550219536	0	0	0	23.8835700750351	0	0	0	0	17.6644992828369	0	0	0	19.4389179944992	0	0	0	0	0	0	0	0	0	0	0	0	0	0	0	0	0	0	0	23.6858432292938	0	0	0	0	0	23.8441566228867	0	17.1611313819885	0	13.8002718687057	43.2094839215279	0	0	0	0.500148892402649	0	0	0	0	0	0	0	0	0	13.7805683612823	0	0	0	0	0	0	0	0	13.3853899240494	33.1107904911041	0	0	0	0	13.3016352653503	0	0	0	0	0	0	0	0	0	6.79917645454407	18.711593747139	0	0	0	0	11.2013350725174	0	12.3012425005436	0	0	1.72347033023834	0	0	0	0	0	0	16.521833896637	0	32.7116370201111	0	0	0	0	28.0406503081322	0	0	0	0	0	0	14.004497885704	0	0	0	10.5412510633469	0	0	0	0	0	0	0	0	0	0	0	0	0	0	0	0	6.03728842735291	0	5.87892627716064	0	4.85311639308929	4.08970499038696	0	0	0	6.85885798931122	0	0	0	0	0	0	0	0	0.882266640663147	0	53.3885530233383	0	0	0	0	0	49.8134557008743	33.2798717021942	0	0	0	0	0	0	0	0	0	0	16.2497712373734	15.3406912386417	0	0	0	0	0	0	0	35.2276077270508	0	0	13.1058266162872	0	0	0	33.2291468381882	0	0	0	0	33.7581968307495	19.6701852083206	0	0	0	0	12.3481177091599	0	0	0	0	0	0	0	0	0	0	1.38171792030334	0	0	0	3.45418334007263	0	0	4.78692016005516	3.66412127017975	0	5.68205225467682
Slc17a6	0	0	0	0	0	0	0	0	0	0	0	0	0	0	0	0	0	0	0	0	0	0	0	0	0	3.07619827985764	0	0	0	0.980038523674011	0	0	0	0	1.20076590776443	0	0	0	0	0	0	0	0	0	0	0	0	0	0.393526017665863	0	0.760767877101898	0	0	0	0	0	1.16199946403503	0	1.42416483163834	1.78440141677856	1.20288068056107	0	0	0	0	0	0	0.49957212805748	0	5.23770958185196	0	0	0	1.73121774196625	0	0	0	2.11529016494751	0	0	0	0	0	0	0	0	0	0	0	0	0	0	0	0	0	0	0	0	0	0	0	0	1.68044257164001	0	0	0	0	0	0	0	0	0	0	0	0	0	0	0	0	0	0	0	0	0	0	0	0	0	0	0	0	0	0	0	0	0	0	0	0	0	0	0	0	0	0	0	0	0	0	0	0	0	0	2.57280933856964	0	0	0	0	0	0	0	0	0	0	8.20957463979721	0	0	0	2.72707650065422	0	0	0	0	0	0	0	0	0	0	0	0	0	0	0	0	0	0	0	0	0	0.783975541591644	0	0	0	3.18220996856689	0	0	0	0	0	0.818164646625519	0	0	0	9.20147442817688	0	0	0	0	0	0	0.788823783397675	0	0	0	0	0	0	0	0	0	0	0	0	0	0	0.518980860710144	0	0	0.50372701883316	0	0	0	0	1.13027310371399	0	0	0	0	0	0	0	0	0	9.45350468158722	0	0	0.854744791984558	0	0	0	0	0	0.621357262134552	0	0	0	0	0	0	1.83731859922409	2.10914915800095	6.71176445484161	0	0	3.28749763965607	4.84784954786301	0	0	0	0	0	0	0.965129435062408	0	0	0	0	0	0	0	6.61780047416687	0	0	1.60150909423828	0	0	0	0	0	0	0	0	0	0	0	0	0	0.562094688415527	1.56589329242706	0	0	7.69794565439224	11.763753592968	0	1.11365714669228	0	0	0	0	0	0	0	0	0	0	0	0	0	0	0	0	0.760880649089813	0	0	0	0	0	0.826165974140167	0	0	0	0	0	0	0	11.4960523843765	0	0	0	0	0	0	0	0	0	0	0	0	0	0	0	7.56687688827515	1.45570841431618	0	0	0	0	1.09990966320038	0	0	0	6.27599954605103	0	0	0	0	0	0	0	0	0	7.92931196093559	0	0	1.8578537106514	0	0	0	0	0	0	0	0	0	0	0	0	0	1.45686668157578	0	23.5438390374184	0	0	0	0	0	0	0	0	0	0	0	0	0	0	0	0	0	0	0	0	0	0	0	0	0	0	0	0	0	0	0	0
Slc17a8	0	0	0	0	0	0	0	0	0	0	0	0	0.573808014392853	0	0	0	0	0	0	0.891662895679474	0	0	2.04161262512207	0	1.87380963563919	0	0	0	1.45431345701218	0	0	0	0	0	0	0	0	1.54196867346764	0	0	0	0	0	2.78461170196533	0	0.66071343421936	0	0	0	0	0	0	0	0.638091146945953	0	0	0	0	0	0	0	0	0.785240769386292	0	1.99792739748955	0	0	0	0	0	0	0	0	0.674120664596558	0	0	0	5.1493085026741	0	0	0	0	0	0	0	0	0	0	0	0	0	0.758648693561554	0	0	0	0	0	0	0	0	0	0	0	0	0	0	0	0	0	0	0	0	0	0	0.661928176879883	0	0	0	0	0	0	0	0	0	0	11.7027471661568	0	0	0	0	0	0	0	1.54942965507507	0	0	0	0	0	0	0	0	0	0	0	0	0	0	0	0	0	2.14746767282486	0	3.47161316871643	0	0	0	0	0	0	0	0	0	0	0	0	0	7.47303014993668	0	0	0	0	0	0	0	0	0	2.11223959922791	0	0	0	1.22111928462982	0	0	0	0	0	1.6233235001564	0	0	0	0	0	0	0	1.64694857597351	0	0	0	0	0	1.46539777517319	0	0	0	8.09569931030273	0	0	0	0	0	0	0	1.28684169054031	0	0	0	0	0	0	0	0	0	0	0	0	0	22.0397983789444	0	0	0	0	0	0	0	0	0	0	0	0	0	0	0	0	0	0	0	0	0	0	6.82558953762054	0	0	0	0	0	0	0	3.35210180282593	0	0	0	0	0	0	0	1.36582052707672	0	0	0	0	0	0	0	0	0	0	0	0	0	0	0	3.78635001182556	1.91248518228531	0	0	0	0	0	0	0	0	0	0	0	0	0	0	0	0.833053469657898	0	0	0	0	0	0	18.4012050628662	0	0	0	0	0	0	0	5.02807992696762	0	0.807439625263214	0	0	0	0	0	0	0	0	0	0	0	0	0	0	0	0	0	0	0	0	0	0	0	0	0	0	0	0	0	0	0.614256083965302	0	0	0	0	0	0.496799886226654	0	0	0	0	0	0	0	0.622652530670166	0	0	0	0	0	0	0	0	0	0	0	0	0	0	0	0	0	0	0	0	0	0	0	0	0	0	0	0	0.505588948726654	0	0	0	0	0	0	0	5.9438738822937	0	0.518724322319031	2.07476401329041	0	0	0	0	0	0	0	0	0	0	0	0	0	1.34028923511505	0	0	0	0	0	0	0	0
Slc25a13	0	0	0	0	0	0	0	0	0	0	0	0	0	0	0	0	0	0	0	0	0	0	0	0	0	0	0	0	0	0	0	0	0	0	0	0	0	0	0	0	0	0	0	0	0	0	0	0	0	0	0	0	0	0	0	0	0	0	0	0	0	0	0	0	0	0	0	0	0	0	0	0	0	0	0	0	0	0	0	0	0	0	0	0	0	0	0	0	0	0	0.555964350700378	0	0	0	0	0	0	0	0	0.946353137493134	0	0	0	0	0	0	0	0	0	0	0	0	0	0	0	0	0	0	0	0	0	0	0	0	0	0	0	0	0	0	0	0	0	0	0	0	0	0	0	0	1.22010672092438	0	0	0	0	0	0	0	0	0	0	0.367366850376129	0	0	0	0.686501860618591	0.845874667167664	0	0	0	0	0	0	0	0	0	0	0	0	0	0	0	0	0	0	0	0	0	0	0	0	0	0	0	0	0.835680305957794	0	0	0	0	0	0	0	0	0	0	0	0	0	0	1.79589259624481	0	0	0	0	0	0	0	0	1.12762188911438	0	0	0	0	0.649864614009857	0	0	0	0	0	0	0	0	0	0	0	0	0	0	0	0	0	0	0	0	0	0	0	0	0	0	0	0	0	0	0	0	0	0	0	0	0	0	0	0	0	0	0	0	0	0	0	0	0	0	0	0	0	0	0	0	0	0	0	0	0	0	0	0	0	0	0	0	0	0	0	0	0.357192039489746	1.79230487346649	0.731104850769043	0	0.70442658662796	0	0	0	0	0	0	0	0	0	0	0.619448900222778	0	0	0	0	0.433507353067398	0	0	0	0	0	0	0	0	0	0	0	0	0	0	0	0	0	0	0	0	0	0	0	0	0	0	0	0	0	0	0	0	0	0	0	0	0	0	0	0	0	0	0	0	0.64202356338501	0	0	0	0	0	0	0	0	0	0	0	0	0.382646530866623	0	0	0	0	0	0	0	0	0	0	0	0	0	0	0	0	0	0	0	1.5915675163269	0	0	0	0	0	0	0	0	0	0	0	0	0	0	0	0	0.545664727687836	0	0	0	0	0	2.80154120922089	0	0	0.832356929779053	0	0	0	0	0	0	0	0	0	0.352519482374191	0	0
Slc30a3	0	0	0	0	0	0	0	142.651221990585	0	0	0	0	0	0	0	0	0	0	0	0	0	0	36.061747610569	0	0	0	0	0	0	0	149.889831542969	0	0	0	143.208887517452	0	0	0	0	50.775764465332	0	0	0	0	0	0	0	0	0	228.99321603775	0	0	0	0	0	0	0	53.3508115410805	0	0	0	0	0	0	0	0	0	88.6651591062546	0	0	24.6430537700653	0	14.11900639534	0	0	0	31.8372524380684	0	0	0	0	0	170.624726712704	0	0	128.665450572968	0	0	0	0	0	0	0	0	0	0	0	0	0	0	0	0	0	0	0	158.642423629761	184.794870376587	0	0	52.9632787704468	49.8939523696899	0	0	19.4469835758209	0	0	0	0	0	110.069027662277	0	121.845865726471	0	0	201.908916950226	77.5220454335213	0	0	81.316681265831	0	0	0	0	0	72.4909821748734	51.101429104805	0	0	0	0	0	0	0	0	105.79204916954	0	0	0	53.9890503883362	52.0799966454506	38.08206397295	0	0	0	0	0	0	0	0	0	0	137.340008735657	0	0	325.531044006348	0	219.183498382568	0	0	0	0	0	60.0157649517059	0	30.4958471059799	0	0	51.1508895158768	0	0	0	0	0	149.2612169981	0	0	0	0	0	4.41740763187408	0	0	0	0	0	0	16.1211051940918	0	0	0	0	0	0	0	0	0	0	188.742141962051	0	0	0	0	0	0	0	0	0	0	0	0	0	0	0	0	169.305076599121	0	0	0	53.5815953016281	0	0	57.8974812030792	144.942710518837	64.5236375927925	0	0	0	0	0	0	0	0	0	0	0	0	0	0	0	0	160.815466880798	0	0	0	54.7443540096283	0	0	0	0	0	0	0	0	68.7860026955605	145.455183684826	218.740062117577	0	0	0	0	0	69.535263299942	0	0	0	0	5.87417125701904	0	0	0	0	0	244.412103295326	0	0	0	0	0	0	0	0	0	0	0	1.10543251037598	0	0	0	0	0	0	0	152.642558932304	0	0	0	0	0	0	0	107.581484794617	0	0	0	0	0	0	0	120.805681228638	0	187.976869106293	0	0	0	0	0	24.272585272789	0	0	0	102.836477637291	0	0	79.7708358764648	0	146.890849232674	207.614325046539	93.4874050617218	0	0	0	0	0	0	0	116.489957332611	0	0	0	0	185.464735627174	51.8406267166138	0	0	0	0	0	0	97.2195162773132	0	0	0	0	0	0	0	0	0	0	0	382.228296279907	0	0	0	0	0	0	214.973443031311	0	0	0	0	0	0	369.414253234863	0	0	0	0	0	0	0	0	0	0	0	0	0	0	0	0	0	86.4244079589844	0	0	1.83416205644608	1.77760636806488	0	205.710795402527	481.268809199333	248.180652618408	0	0	0	0	0	1.14054095745087	2.06391775608063	0	0	4.24884593486786	0	0	0
Slc32a1	0	0	0	0	0	0	37.4199666976929	68.5028367042542	0	0	0	0	13.727201461792	0	0	0	0	0	2.78804039955139	0	0	0	27.6291923522949	0	0	0	0	0	0	7.77300488948822	0	0	0	0	0	0	0	0	0	0	0	0	0	0	0	66.2056013941765	0	0	0	0	0	0	109.357244729996	0	90.3292173147202	3.88314372301102	0	0	0	0	0	22.7801271677017	0	0	0	0	0	0	0	0	0	0	0	1.67710942029953	0	0	0	0	0	0	0	0	1.13574111461639	0	0	0	0	0	0	115.856464266777	0	0.788918733596802	0	6.96141266822815	0	0	0	0	1.27615797519684	0	0	0	43.5846974849701	0	0	0	0	0	0	0	0	0	0	1.54747796058655	0	2.60741597414017	51.2406837940216	0	0	0	3.16240584850311	63.9436749219894	0	0	1.37325233221054	0	0	0	0	0	0	0	28.1428196430206	0	0	0	0	0	0	0	0	0	0	0	1.99725711345673	0	0	0	0	0	0	0	0	0	0	0	0	2.58493840694427	0	0	98.6069417595863	5.23554944992065	0	0	0	0.598003268241882	0	0	0	0	0	1.91340935230255	0	0	0	0	0	0	0	0	0	1.22111928462982	0	0	0	0	0	0	0	0	0	0	0	0	0	0	0	0	0	4.56313228607178	5.20586287975311	39.0719750523567	0	0	0	0	0.448114782571793	0	22.3699052333832	0	0	0	0	0	0	0	0	0	29.4174349308014	0	0	0	0	0	0	0	2.22108161449432	0	0	58.2137832641602	61.9564415216446	0	0	0	0	0	0	0	0	0	0	0	0	0	0	0	0	0	0	0	83.1205826997757	48.3933057785034	0	0	0	0	0	0	0	1.28311204910278	18.7175583839417	0	0	0	0	0	48.9333381652832	0	0	90.8020694255829	110.258004069328	0	0	0	0	0	0	0	0	0	0	0	0	0	1.48788809776306	0	0	0	0	0	3.17837744951248	0	0	0	0	0	0	11.8536911010742	0	0	0	0	0	0	0	0	0	0	72.7648169398308	0	0	0	1.89509731531143	15.238328486681	0	0	1.59547460079193	0	0	0	0	0	0	0	44.2033271789551	0	0	0	0	0	0	0	0	0	0	0	0	0	0	0	92.093879878521	0	0	33.7983328104019	0	0	0	0	0	0	0	0	0	0	0	0	0	0	0	0	0	0	0	56.2140249609947	0	9.77805113792419	0	0	25.9393196105957	0	0	0	0	4.72414034605026	0	0	4.29767465591431	0	0	0	0	0	0	0	3.1727546453476	0	11.4522154927254	0	0	0	0	0	0	0	0	0	0	0	17.7674179077148	0	0	0	0	0	0	0	0	33.4759442806244	0	22.2102198600769	0	0	0	0	0	0	0	0	0	0	0	0	0	0
Slc44a5	0	0	0	0	0	0	0	0	0	0	0	0	0	0	1.23785483837128	0	0	0	0	0	0	0	0	0	0	0	0	0	0	0	0	1.39892327785492	0	0	0	0	0	0	0	0	0	0	0	0	0	2.78668397665024	0	0	0.486638486385345	0	0	0	0	0	0	0.916245400905609	0	0	0	0	0	0	0	0	0	0	0	0	0	0	0	0	0	0	0	0.770795941352844	0	0	0	0.866613209247589	0	0	0	0	0	0	0	0	0	0	0	0	0	0	0	0	0	0	1.42185801267624	0	0	0	0	0	0	0	0	0	0	0	0	0	0	0	0	0	0	0	0	0	3.29297018051147	0	0	0	0	0	0	0	1.14903894066811	0	0	0	0	0	0	0	0	0	0	0	0	0.956334888935089	0	0	0	1.19684660434723	0	0	0	0	0	0	0	0	0	0	0	0	0	0	3.9819587469101	0	0	0	0	0.538266360759735	0	0	1.0803120136261	0	0	0	0	0	0	0	0	0	0.422022879123688	0	0.481044888496399	0	0	0	1.2098525762558	1.65864455699921	0	0	0	0	0	1.59653449058533	0	0	1.10780668258667	0	0	0	0	0	1.6868297457695	0	0	0	0	0	0	0	1.88915944099426	0	0	0.664820909500122	0	0	0	0	0	0	0	0	9.60270404815674	5.79243403673172	0	0	0	0	0.578294456005096	0.765076279640198	0	0	0	2.17392683029175	0	0	1.00212383270264	0	0	0	0	0	0	0.663292944431305	0	0	0	0	0	0	5.29940509796143	0	0	0	0	0	0	0	0	0	0	0	0	5.6926554441452	0	0	0	0	0	0	0	0	0	0	0	0	0	0	0	0	0	0	0	0	0	0	0	0	0	0.357192039489746	0	0	0	0	0	0	0	0	0.799862623214722	0	0	0	0	0	0	0	0	0	0	0	0	0	0	0	0	0	0	0	0.807439625263214	0	0	2.01692819595337	0	0	0	0	0	0	0	0	0	0	0	0	0	0	0	0	0	0	0	0	0	0	0	0	0	0	0	0	0	0	0	0	0	0	0	0	0	0	0	0	0	0	0	1.46903276443481	0	0	0	0	0	2.75565099716187	0	0	0	0	0	0	0	0	0	0	0	0	0	0	0	0	1.82085943222046	0	0	0	0	0	0	0	0	1.34867680072784	0	0	0	0	0	0	1.26100474596024	0	0	0	0	0	0	0	0	0	0	0	0	0	0	0	0	0	0	0	0	0
Slco5a1	0	0	0	0	0	0	0.572131931781769	0	0	0	0	0	0	0	0	0	0	0	0	0	0	0	0	0	0	0	0	0	0.490588426589966	0	1.56432235240936	0	0	0	0	0	0	0	0	0	0	0	0	0	0	0	0	0	0	0	0	0	0	0	0	0	0	0	0	0	0	0	0	0	0	0	0	0	0	0	2.31416600942612	0	0	0	0	0	0	0	0	0	0	0	0	0	0	0	0	0	0	0	0	0	0	0	0	0	0	0	0	0	0	0	0	0	0.611798107624054	0	0	0	0	0	0	0	0	0	0	0	0	0	0	0	0	0	0	1.13720321655273	0	0	0	0	0	0	0	0	0	0	0	0	0	0	0	0	0	0	0	0	0	0	0	0	0.735224485397339	0	0	0	0	0	0	0	0	0	0	0	0	0	0	0	0	0	0	0	0	0	0	0	0	0	0	0	0	0	0	0	0	0	0	0	0	0	0	0	0	0	0	0	0	0	0	0	0	0	0	0	0	0	0.520752251148224	0	0	0	0	0	0	0	0	0	0	0	0	0	0	0	0	0	0	0	0	0	0	0	0	0	0	0	0	0	0	0	0	0	0	0	0	0	0.659778296947479	0	0	0	0	0	0	0	0	0	0	0.881769359111786	0	0	0	0	0	0	0	0	0	0	0	0	1.58535408973694	0	0	0	0	0	0	0	0	0	0	0	0	0	0	0	0	0	0	0	0	0.772250294685364	1.09191024303436	0	0	0	0	0	0	0	0	0	0	0	1.70779359340668	0	0.617099702358246	0	0	0	0.565775036811829	0	0	0	0	0	0.790748715400696	0	0	0	0	0.419249206781387	0	0	0	0	0	0	0	0	0	0	0	0	0	0	0	0	0	0	0	0	0	0.509159326553345	0	0	0	0	0	0	0	0	0	0.614256083965302	0	0	0	0	0	0	0	0	0	0	0.740968227386475	0	0	0	0	0	0	0	0.494030773639679	0	0	0	1.20186087489128	0	0	0	0	0	0	0	0	0	0	0	0	1.15959191322327	0	0	0	0	0	0	0	0	0	0	0	0	0	0	0	0	0	0	0	0	0	0	0	0.688616096973419	0	0	0	0.864492297172546	0	0	0	0	0	0	0	0	0	0	0	0
Sncg	0	0	0	0	0	0	0	0	0	0	0	0	0	0	0	0	0	0	0	0	0	0	0	0.586254298686981	0	0	0	0	0	0	0	0	0	0	0	1.37367612123489	0	0	0	0	0	0	0	0	0	0	0	0	0	0	0	0	0	0	0	0	0	0	0	0	0	0	0	0	0	1.5172278881073	0	0	0	0	0	0	0	0	0.776455283164978	0	0	0	0	0	0	1.19702923297882	0	0	0	0	0	0	0	0	0	0	0	0	0	0	0	0	0	0	0	0	0	0	0	0.500664293766022	0	0	0	0	0	0	4.05301094055176	0	0	0	0	0	0	5.52460145950317	0	1.28102615475655	0	0	0	0.650788605213165	0	0	0	0	0	0	0	0	0	0	0	0	0	0	0	0	0	0	0	0	0	0	0	1.0010244846344	0	0	1.53312450647354	0	0	0	0	0	0	0	2.47192281484604	0	0	0	0	0	0	0	0	0	0	0	0	0	0	0.758560419082642	0	0	0	0	0	0	0	0	0	0	0	0	0	0	0	0.729711294174194	0	0	0	0	0	0	0	0	0	0	0	0	0	0	0	0	0	0	0	0	0	3.01877093315125	0	0.822820723056793	0	0	0	0	0	1.532863676548	0	0	0	0	0	0	0	0	0	0	0.949850678443909	0	0	1.2065190076828	0	0	0	0	0	0	0	0	0	0	0	0	0	0	0	0	0	0	0	0	0	0	0	0	0	0	0	0	0	0	0	0	0	0	0	0	0	0	0	0	0	0	0	0	0	0	0	0	0	1.80922865867615	0	0	0	0	0	4.45505428314209	0	0	0	0	0	0	0	0	0	0	0	0	0	0	0	0	0	0	0	0	0	0	0	0	0	0	0	0	1.1043593287468	0	0	0	0	0	0	0	0	0	0.637815415859222	0	0	0	1.31273925304413	0	0	0	0	1.72190511226654	0	0	0	0	3.13704258203506	1.01828515529633	0	0	0	0	0	0	0	0	0	0	0	0	0	0	0	0	2.73542004823685	1.46903276443481	0	0	0	0	0	0	0	0	0	0	0	0	0	0	0	0	0	0	0	0	0	0	1.67696416378021	0	0	0	0	0	0	0	0	0.674338400363922	0.391481518745422	0	0	0	0	0	0	0	0	0	0	0	0	0	0	0	0	0	0	0	0	0	0	0	0	0	0	0
Sox10	0	0	0	0	0	0	0	14.1036015152931	0	0	0	0	0	0	0	0	0	0	0	1.40302538871765	0	0	0	0	0	0	0	0	0	0	0	0	0.700324416160583	0	0	0	67.6325140595436	0	0	0	0	0	0	0	0	0	0	4.7201908826828	0	0	0	0	0	0	0	0	0	24.5449309945107	0	12.1791659593582	0	0	0	0	1.22083216905594	0	0	0.851161003112793	0	1.25951108336449	0	0	0	0	0	0	0	0	0	14.4296569824219	0	0	0	0	0	1.31720328330994	0	0	2.99822175502777	0	0	0	0	0	0	0	0	57.7416947484016	0	0	0	0	0	0	0	0	4.99873203039169	0	0	0	0	0	0	0	0	0	0	0	0	0	0	1.64770209789276	0	0	0	0.766258597373962	0	0	0	0	0	0	0	0	0	0	0	0	0	0	0	1.5238453745842	0	4.19785100221634	0	0	0	0	2.11832213401794	0	19.6813259124756	0	0	0	0	0	0.95785528421402	0	0	0	0	0	0	0	0	0	0	0	0	0	0	0	0	0.521413803100586	0	0	28.0018384456635	0	0	0	0	0	0	0	0	0	2.16465193033218	0	0	0	0	0	4.79589104652405	0	54.0107614994049	0.592231154441833	0	0	0	0	0	1.85229843854904	0	0	0	0	0	0	0	57.6642189025879	0	0	0	0	0	29.9628448486328	61.8017470240593	0	27.4087908267975	0	0	0	24.9247970581055	0	0	0	0	25.4547616243362	0	0	0	0	0	0.668924987316132	0	0	0	0	0	1.49306637048721	0	0	2.79781609773636	0	0	0	0	0	0	0	0.534353196620941	0	0	0	0	0	0	0	0	0	0	0	0	0	0	0	13.4673528671265	0.488978922367096	0	0	0	0	0	49.1047401428223	0	0	0	0	0	0	0	0	26.0768795013428	0	0	33.4349521994591	0.456930339336395	31.7591593265533	0	0	0	0	1.0376307964325	0	0	0	0	0	0	0	0	0	6.96863794326782	0	0	0	0	0	0	0	0	0	0	0	2.60160946846008	0	0	19.1950668692589	0	0	0	4.44639134407043	0	0	0	20.8712329864502	0	0	22.8193969726562	0	0	0	0	0	0	0	0	1.21510797739029	0	0	18.2735085487366	0	0	1.18844881653786	0	0	32.0475322604179	0	1.64217495918274	0	0	0	0	0	0	0.882266640663147	0	0	0	2.74249267578125	0	0	0	30.7613710165024	1.05400085449219	0	0	0	0	0	0	2.41842460632324	0	0	0	0	0	0	0	0	0	0	0	0	70.5485970079899	0	0	0	0	0.464610069990158	0	0	0	0	0	0	0	0	0	0	0	0	0	0	0	0	0	0	0	0	0	0	0	0	0	14.5545463562012	0	0	0	0	0	0	0	0
Sox6	0	0	0	0	0.489991247653961	0	2.082111120224	0	0	0	0	0	0	0	0	0	0	0	0	7.43850708007812	0	0	0	0.577961266040802	0	0	0	1.62439775466919	0	0	0	0	0	0	0	0	0	1.58571833372116	10.9879432916641	2.52208834886551	0	0	0	0	0	8.91912722587585	0	0	0	0	0	0	0	0	2.5043363571167	0	0	0	3.12271201610565	0	0	0	4.3535475730896	0	0	0	0	0	0	0	0	0	0	0	0	0	0	0	3.36361360549927	0	0	0	1.38983356952667	0	0	0	2.2491871714592	0	0	0	2.7798216342926	0.752475082874298	0	0	0	0	0	0	0	0.946353137493134	0	0	0	8.29279804229736	0	0	0	0	0	0	0	0	0	0.757362723350525	0	0.636152327060699	0	6.47352766990662	0	5.3486116528511	0	0	1.91075086593628	0	1.48534989356995	0	0	0	0	0	0	0	0	0	0	0	0	0	0	0	0	0	0	2.3276829123497	0	0	0	0	0	0	0	0	1.82537972927094	0	0	0	0	2.76383137702942	0	0	0	0	0	0	0	0	0	0	0	0	0	0	0	0	0	0	0	3.79984164237976	0	0	0	0	0	0.795965135097504	0	4.3313364982605	4.51355123519897	0	0	0	8.4879053235054	0	0	0	1.10780668258667	0	0	0	0	0	0	4.70219075679779	0	0	0	8.01840752363205	0	0	0	0	0	0	0	0	0	0	0	0	0	0	0	0	0	0	0	0	0	0	0	0	0	0	0	0	3.30998432636261	0	0	0	0	0	0	0	0	0	0	0	0	0	0	0	0	0	0	0	0	0	0	0.32176399230957	0	0	0	0	0	0	0.60925167798996	0	0	0	0	2.87836515903473	3.24703192710876	0	0	0	0	0	0	7.35380887985229	0	0	0	0	0	0	0	0	0	0	0	0	0	0	5.05805015563965	0	0	0	0	0	0	0	0	5.28652495145798	0	0	0	0	0	0	0	0	0	0	0	0	0	6.96687558293343	8.1372766494751	0.595832526683807	14.6344661712646	0	0	0	0	0	8.65909290313721	4.72709864377975	0	0	2.73280763626099	0	0	0	0.872230529785156	0	0	0	0	0	0.714999437332153	0	0	0	0	0	0	0	0	0	0	0	0	0	0	0	4.82806015014648	0	0	0	0	0	0	0	0	0	0	1.45417436957359	0	0	0	0	0	2.532710313797	0	0	0	0	0	0	0	4.84549850225449	0	0	0	0	0	0	1.33955401182175	0	0	0	0	0	0	0	0	0	0	0	0	2.98504626750946	7.48347014188766	2.48994338512421	0	0	0.925716936588287	0	0	0	0	6.05375719070435	0	0.80398690700531	0	0	0	0	0	0	0	0	0	0	0	0
Sp8	0	0	0	0	0	0	0	0	0	0	0	0	0	0	0	0	0	0	3.33322525024414	0	0	0	0	0	0	0	0	0	0	0	0	0	0	0	0	0	0	0	0	0	0	0	0.818818092346191	0.722105622291565	0	0	0	0	0	0	0	0	0	0	0	0	0	0	0	0	0	0.887646615505219	0	0	0.483020633459091	0	0	0	0	0	0	0	0	0	4.95739507675171	0	0	0	0	0	0	0	0	0	0	0	0	0	0	0	0	0	0	0	0	0	0	0	0	0	0	0	0	0	5.07249093055725	0	0	0	0	0	0	0	0	0	0	0	0	0	0	0	0	0	0	0	0	0	0	0	0	0	0	0	0	0	0	0	0	0	0	0	0	0	0	1.08936417102814	0	0	0	0	0	0	0	0	0	0	0	0	0	0	0	0	0	0	0	0	0	0	0	0	0	0	0	0	0	0.894716739654541	0	0	0	0	0	0	0	0	0	0	0	0	0	0	0	0	0	0	0	0	0	0	0	0	0	0	0	2.57473039627075	0	0	0	0	0	4.38024562597275	0	0	3.34117531776428	0	0	0	0	0	0	0	0	0	0	3.85980916023254	0.85938423871994	0	1.24527794122696	0	0	0	0	0	0	0	0	0	0.831494688987732	0	0	0	0	0	0	0	0	0	0	0	0	0	0	0	0	0	0	0	0	0	0	0	0	0	0	0	0	0	0	0	0.555497050285339	0	0	0	0	0	0	0	0	0	0	0	0	0	0	0	0	1.39786475896835	0	0	0	0	0	0	0	0	0	0	0	0	0	0	0	0	0	0	0	0	0	0	0	0	0	0	0	0	0	0	0	0	0	0	0	0	0	0	0	0	0	0	0	0	0	4.02486631274223	0	0	0	0	0	0.68944263458252	0	0	0	0	0	0	0	0	0	0	0	0	0	0	0	0	0	0	0	0	0	0	0	0	0.502709925174713	1.74628722667694	0	0	0	0	0	0	1.85280859470367	0	0	0	8.41764432191849	0	0	0	0	0	0	0	0	0	0	3.17327547073364	0	9.84691691398621	0	0	0	0	0	0	0	0	0	0	0	0	0	0	0	1.00760245323181	0	0	0	0.633946120738983	0	0	0	0	1.7591814994812	0	0	0	0	0	0	0	0	0	0	0	0	0
Spon1	0	0	0	0	0	0	0	5.38507401943207	0	0	0	0	0	0	2.20453286170959	0	0	0	0	5.17237961292267	0	38.6557965278625	0	0	19.5286979675293	0	0	0	0	0	0	0.618663489818573	0	0	0	0	0	0	0	0	13.0988211631775	0	0	2.82357788085938	0	0	1.50779455900192	0	0	0	34.8114283084869	0	0	0	0	6.82608795166016	0	0	0	0	0	0.588961243629456	0	0	0	0	0	0	0	0	0	33.3689933419228	33.4460808038712	0	0	0	13.6932708024979	0	0	0	0	0	1.64392602443695	0	5.88014298677444	0	9.23407274484634	0	0	0	0	0	32.3592081665993	0	16.3080117106438	0	0	12.5921062231064	0	0	4.92280024290085	0	0	0	10.8369176387787	0	0	0	0	0	0	0	34.4419785737991	0	0	0	0	0	0	0	0	0	0	0	0	23.9761443138123	5.63011515140533	48.4414427578449	0	0	35.1924804449081	0	30.6278450489044	0	0	0	0	0	0	0	0	0	0	0	0	0	11.6986589431763	0	0	0	0	0	0	0	0	0	18.0256996154785	0	0	0	0	0	0	0	0	0	0	0	0	0	0	0	37.76330691576	0	0	0	56.9802742004395	0	0	0	0	0	0	0	0	0	0	0	0	0	67.7461987733841	0	64.6411836147308	38.9583539962769	0	0	0	0	0	0	4.10759425163269	0	0	0	0	0	0	50.8377387523651	0	0	0	0	0	0	0	0	23.0530162453651	1.93348860740662	0	0	0	0	0	0	0	0.977560579776764	0	0	0	0	78.938348531723	0	0	0	0	0	0	0	0	0	0	0	0	1.73142486810684	3.90398818254471	0	0	0	0	0	29.4198696613312	0	0	24.2318277359009	0	0	0	0	0	0	0	0	0	0	0	17.7758102416992	0	0	14.1051275134087	0	0	54.8634049892426	21.2651604413986	0	0	1.20879709720612	0	5.25272083282471	0	0	0	1.21125203371048	0	0	2.01495617628098	0	0	0	0	0	0	0	0	0	0	0	0	0	0.711139321327209	0	0	1.26136201620102	0	22.7416527271271	16.0551099777222	0	0	0	13.0936607718468	0	0	0	0	0	0	24.1908011436462	0	0	0	0	0	0	0	32.014111161232	0	0	0	0	0	0	0	0	0	0	0	0	0	0	0	0	0	0	0	0	0	0	0.608220458030701	0	0	1.14230895042419	0	0	0	0	5.92166697978973	0	0	9.64003330469131	0	0	0.534590899944305	0	0	0	0	0	0	0	0	0	11.9745234549046	0	0	0	0	0	0	0	0	0	0	0	0	0	0	0	0	0	0.424100756645203	4.12780714035034	1.04480421543121	0	0	0	0	0.751631796360016	0	0	0	0	0	2.45554715394974	0	0	0	0	0	0	0	0	0	0	0	0	0	0.917958080768585	0.337898463010788	9.67434406280518	0	0	0	0	0	0
St6galnac5	0	0	0	0	0	0	0	0	0	0	0	0	0	0	0	0	4.79581212997437	2.76050734519958	8.22883373498917	0	0	0	0	0	0	0	0	0	0	1.87175452709198	0	0	0	0	0	0	0	14.2264809608459	0	17.1942862272263	0.55650007724762	0	0	0	2.20088338851929	0	22.4356211423874	0	0	0	0	0	0	14.6829153895378	0	0	0	0	0	6.72571498155594	0	0	0	0	0	0	0	0	0	0	0	0	0	0	0	0	0	0	0	0	0	0	0	1.85885417461395	0	0	30.6609140634537	43.6467359662056	0	17.2403576374054	13.8700222969055	9.35642009973526	0	0	0	0	0	0	0	0	0	0	0	0	0	24.3901385068893	0	7.64851254224777	0	16.1912981271744	0	3.75484371185303	0	1.54747796058655	0	0	0	14.3789999485016	0	0	0	0	6.21036601066589	0	0	10.7086386680603	0	0	3.69603109359741	0	0	0	0	0	0	0	0	9.18306809663773	0	3.73909974098206	0	0	6.31435370445251	0	9.63603186607361	0	0	0	0	0	0	0	9.03083866834641	0	0	0	8.42562878131866	0	0	0	0	0	0.509874761104584	0	0	0	0	0	0	0	0	0	0	0	0	0	0	13.3416705131531	0	0	0	0	2.86149251461029	1.88198626041412	0	0	0	11.0879468917847	0	0	0	15.365468621254	7.71733605861664	0	0.662509262561798	0	0.73277747631073	0	1.28599447011948	0	0	0	0	0	0	0	0	0	0	0	11.973412156105	0	0	0	0	8.457848072052	0	0	0	0	0	0	0	0	0	0	0	0	0	0	0	0	0	0	14.3236790895462	0	0	0	0	3.77751481533051	0	0	0	12.8884835243225	8.21127110719681	0	0	0	7.33717525005341	0	0	0	0	0	0	0	0	0	0	1.65749990940094	0	0	0	0	0	0	0	0	0	0	0	0	15.5555254220963	0	0	0	0	0	0	14.7605701684952	0	0	0	0	0	12.576789110899	0	1.07157611846924	0	0	0	0	0	0	0	0	0	0	0	0	0	4.83943206071854	9.14387679100037	0	0	0	0	0	0	0	0	0	0.899951934814453	0	4.90260261297226	0	0	0	0	0	0	0	6.58912014961243	0	0	0	0	0	0	0	0	0	9.76358377933502	6.21159642934799	0	0	0	0	0	0	0	0	0	0	0	3.49513393640518	0.467966794967651	10.9718525409698	8.25250339508057	23.1058719158173	0	0	0	0	0	0	0	0	0	0	0	0	0	15.7935752868652	25.344632267952	0	0	0	0	0	0	0	0	0	0	0	0	0	0	0	0	0	9.15143704414368	0	0	0	0	0	2.82108068466187	1.34331953525543	3.86395174264908	6.21462827920914	0	0	0.885721266269684	0	0	5.14619454741478	0	0	0	0	0	0.943528413772583	0	4.86853992938995	8.3133197426796	0	0	0	0	0	0	1.38171792030334	0	0	0.337898463010788	0	0	5.56712311506271	0	0	0	0
Sulf1	0	0	0	0	0	0	0.572131931781769	0	0	0	0	0	0	0	0	0	0	0	0	0	0	0	0	0	0	0	0	0	0	0	0	1.2224155664444	0	0	0	0	1.42143356800079	0	0	0	0	0	0	0	0	0.747394859790802	0	0	0.452625572681427	3.78557431697845	1.0519951581955	1.64574182033539	2.46219921112061	0	0	0	0	0.622605800628662	0	0	0	0	0	0	0	0	0	0	0	0	0	0	0	0	0	0	0.927814245223999	0	0	0	3.8510394692421	0	0	0	0	0.815167665481567	0	0	0	0	2.52360951900482	0	0	0	0	4.74530029296875	1.05265271663666	0	0	0	0	1.77325582504272	0	0	0	0	3.28931951522827	0	1.26335802674294	0	0	7.30159610509872	0	0.773738980293274	0	0	0	4.29272150993347	0	0	0	0	0	0	0	0	0	0	1.92181617021561	0	0	0	0	33.0709565877914	0	8.90034645795822	0	0	0	0	0	0	0	0	0	0	0	0	0	0	2.96497058868408	0	0	0	0	0	0	0	0	0	0	0	1.43395221233368	0	0	0	0	1.66124847531319	0	0	0	3.63465428352356	0	0	0	10.8952444195747	0	0	1.83244967460632	0	0	0	0	0	0	0	0	0	0	0	0	3.08736491203308	15.5576446056366	0	0	0	0	0	0	0	0	0	0	0	0	0	0	0.556207835674286	0	0	0	0	0	0	0	0	0	0	0	0	0	0	0	0	0	0	0	0	0	0.677890717983246	3.92157089710236	0	0	0	0	0	0	1.25575256347656	0	0	0	0	1.2936395406723	0.742210507392883	0	0	0	0	0	0	0	0	0	0	0	0	0	0	0	1.40423774719238	0	0	5.31919538974762	0	0	0	0	0	0	0	0	1.14762389659882	0.706035971641541	0	0	0	0	0	0	0	0	0	2.60768795013428	0	0	0	0	0	4.41637402772903	0	0	0	0	0	0	0	0	5.7510461807251	0	0	0.471036791801453	0	0	0	0.565775036811829	0	0	0	0	0	0	0	0.864689230918884	1.49463713169098	0	0	0	0	0	0	0	0	0	0	0	0	0	0	0	0	1.61150246858597	2.28607350587845	1.83407181501389	0	0	0	0	0	0	0	0	0	0	0	0	0	0.467966794967651	3.78915929794312	0	0	0	0	0	0	1.22149014472961	0	0.684439897537231	6.11042213439941	0	0	0	0	1.73538738489151	0	0	0	0	0	0	0	0	0	5.33712759613991	0	0	0	0	0	0	0	0	2.52568638324738	0	0	0	2.95708161592484	0	0	0	0.464610069990158	0	0	0	0.607687294483185	0	0	0.782963037490845	0	0	0	0	0	0	0	0	0	0	0	0	3.67055606842041	0	0	0	0	0	0	0	0.967434406280518	0	0	0	0	0	0
Sulf2	0	0	0	0	0	0	0	0	8.70304733514786	0	2.43229413032532	0	25.8477172851562	1.79940164089203	0	9.04373693466187	0	0	30.6504278182983	0	0	0	0	233.574872016907	0	0	0	6.99090552330017	0	0	8.67752432823181	93.9767552614212	0	0	104.51275062561	0	0	0	0	0	0	13.8101148605347	5.90404367446899	0	0	0	0	118.589848995209	0	0	0	0	0	0	86.3836988210678	0	137.360473275185	0	0	0	0	0	34.7657794952393	0	0	0	0	0	0	0	0	0	0	0	0	0	0	80.1678686141968	0	0	0	0	0	50.0797170996666	0	53.3788595199585	0	25.6107040643692	0	0	153.991088151932	0	0	0	0	0	0	0	0	0	0	0	27.6523822546005	127.745870113373	101.428454637527	0	0	0	0	0	0	0	0	0	58.8339111804962	48.1449877023697	0	0	0	0	42.8890661001205	0	0	0	0	0	0	0	0	0	111.3009339571	0	0	0	0	0	0	0	0	0	0	0	0	0	39.2478320598602	102.796291649342	0	0	0	0	158.295175075531	0	61.1986348032951	0	0	0	0	0	0	0	6.85191744565964	0	0	0	0	0	124.666840553284	0	0	0	0	0	0	0	0	0	0	0	0	0	0	0	0	0	24.1551257371902	77.2312084436417	0	0	0	0	0	0	0	0	0	0	0	0	17.0212965011597	0	0	0	0	43.5601334571838	0	0	115.65988445282	185.755954742432	0	97.6215419769287	125.619364619255	0	0	0	0	0	0	0	0	0	4.45958942174911	6.94164770841599	0	0	0	0	0	0	0	0	0	0	0	0	0	133.88255238533	0	0	29.9276056289673	0	0	0	0	0	46.1807036399841	0	159.77562725544	0	0	0	110.496235609055	0	0	0	0	0	0	0	5.47972702980042	0	0	0	0	0	0	0	0	0	116.124056518078	0	90.5207488536835	0	0	0	0	10.5199185609818	0	0	0	0	0	68.3741858005524	81.1306931972504	147.703745126724	0	0	0	0	0	0	45.4489563107491	0	0	0	0	0	0	0	0	0	0	55.6856913566589	0	0	0	0	0	0	0	96.9118535518646	0	0	4.09605866670609	0	0	86.4098507463932	0	28.7036818265915	0	95.5545959472656	0	0	0	0	0	0	0	10.2107676267624	0	0	0	0	0	0	0	0	0	0	0	0	0	0	0	0	1.75776422023773	0	0	45.6880035400391	0	0	0	0	0	0	0	0	0	0	0	0	0	0	0	148.780873298645	0	72.3357448577881	0	0	0	0	0	0.933004856109619	0	0	0	0	0	0	0	0	0	0	0	21.2725825309753	0	0	11.166479408741	0	50.2866363525391	24.7143956422806	82.0472309589386	0	10.5712546110153	0	0	0	0	2.16842886805534	0	15.2181135416031	0	0	32.6303910017014	0	0	0	0	21.1956441402435	0	0	0	0	0	0	0	0	0	42.9542603492737	0	0	10.6348062753677	0	0	0
Syndig1	0	0	0	0	0	0	0	0	0	0	0	0	0	0	11.1242009997368	0	2.30482506752014	0	0	0	0	0	0	26.7535099983215	6.33404976129532	0	0	1.37102484703064	0	21.7025188207626	0	0	0	0	0	0	0	0	0	0	0	0.552404582500458	0	0	0	0	0	0	0	0	0	0	0	0	0	0	0	0	17.5096712112427	11.5298897027969	0	20.2424781322479	16.534698843956	0	0	13.9677006602287	14.9248658418655	0	0	11.8213384747505	8.94868749380112	0	8.42615795135498	0	0	0	0	0	0	0.476518034934998	27.346613407135	0	0	0	0	12.3333075046539	0	0	0	2.12107020616531	0	0	0	0	3.83449006080627	0	0	0	0	0	27.5581389069557	0	0	0	0	14.0674700737	0	0	0	0	0	3.25437462329865	0	0	0	0	19.516915678978	0	0	0	39.4886420965195	0	0	5.63777220249176	0	0	11.5646066665649	0	0	0.836950719356537	11.5822333097458	5.12498325109482	0	0	10.1228541135788	0	0	0	0	0	0	0	0	0	20.7964736819267	0	0	0	0	12.6499801874161	0	6.76156091690063	0	0	6.89368796348572	9.81395643949509	0	0	0	0	62.6660788059235	0	0	0	38.3325503468513	12.3118596076965	0	0	0	0	10.5956652164459	0	0	0.521413803100586	0	0	0	0	0	0	0	35.2424712181091	0	0	0	0	0	0	9.0444450378418	6.77956104278564	0	0	0	0	0	0	0	0	0	0	0	0	0	0	0	0	0	0	0	0	0	0	17.5205982327461	3.57772064208984	0	4.05296516418457	0	0	0	0	0	25.6346981525421	0	0	0	0	6.48365581035614	0	0	0	0	0	0	0	0	10.4834797382355	19.7389717698097	0.641043961048126	1.03043520450592	16.6450588703156	0	0	0	42.189635515213	31.4636223316193	0	15.1815325021744	0	0	0	0	0	0	3.5845473408699	0	0	0	0	0	0	9.25439268350601	0	16.0293762683868	0	18.1298905611038	0	0	0	0	0	0	12.6085558533669	7.02563524246216	12.302462220192	0	1.50363689661026	0	1.05054414272308	0	0	0	0	43.5641374588013	0	5.23957544565201	0	0	0	0	0	0	0	5.47737312316895	0	0	0	0	0	0	0	0	0	17.7545347213745	0	0	0	0	21.0187492370605	21.8667960166931	0	0	0	0.899951934814453	0	0	0	0	0	0	0	0	0	0	0	4.75220918655396	4.07450181245804	0	0	0	0	0	0	0	0	0	0	0	0	0	0	17.8714418411255	0	0	0	0	35.0060296058655	0	0	0	0	0	0	0	1.98719954490662	14.6444534063339	0	0	42.8855201005936	0	0	0	0	23.2452728748322	0	0	0	12.2915277481079	0	0	4.61550807952881	0	20.8479698896408	0	0	0	0	0	33.6260060667992	0	0	0	0	0	0	0	0	0	0	0	0	0	0	0	0	2.21667462587357	0	0	0	6.5765882730484	0	0	0	0	0	0	0	0	11.2480845451355	0	0	0	42.4431538581848	0	0	0	0	0	0	0	0	0	4.76134726405144	0	0
Syt10	0	0	0	0	0	0	0	0	0	0	0	0	0	0	0	0	0	0	0	0	0	0	0	0	0	0	0	0	0	0	0	0	0	0	0	0	4.45905840396881	0	0	0	0	0	0	0.722105622291565	0	0	0	0	0	0	0	0	0	0	0	0	0	0	0	0	0	2.46944379806519	0	0	0	0	0	0	0	0	0	0	0	1.47370165586472	0	0	0	0	2.08348369598389	0	0	0	0	0	0	0	0	0	0	0	0	0	0	0	2.80987572669983	5.31485229730606	0	0	0	0	0	0	0	0	0.578228890895844	0	0	0	0	0	0	0	0	0	0.753311395645142	0	0	0	0	0	0	0	0	0	0.770133137702942	3.29321604967117	0	0	0	0	0	0	0	0	0	0	0	0	0	0	0	0	0	0	0	0	0	0	0	0	3.89940333366394	0	0	0	5.26231688261032	0	0	0	0	0	0	0	0	0	0	0	0	0	0	0	0	0	0	0	0	0	0	0	0	0	0	0.962127268314362	0.915857911109924	0	0	0	0	0	0	0	1.59677839279175	0	0	4.44578373432159	3.0577375292778	0	0	0	0	0	4.73927214741707	0	1.04150450229645	0	0	0	0	0	0	0	0	0	0	0	0	0	0	0	0	0	0	2.47948038578033	0	0	0	0	0	0	0	0	0	0	0	0	0	0	3.71012783050537	0	0	0	0	0	0	0	0	0	0	2.04122173786163	0	0	0	0	0	0	0	0	0	0	0	0	0.548509895801544	0	0	0	0	1.20585322380066	0	0	0	1.69695287942886	0	0	0	0	0	0	0	0	0	0	0	0	0	0	0	0	0	0	1.40238523483276	1.8749668598175	1.32764196395874	0	0	0	0	0	0	0	0	0	0	0.762096524238586	0	0	0	0	0	0	0	1.8354514837265	0	0	0	0	0	0	0	0	0	0	0	0	1.68069493770599	0	0	0	0	0	0	1.18316447734833	0	0	0	0	0	0.591466546058655	0	0	0	0	0	0	0	0	4.17199939489365	0	0	0	1.85397881269455	0	0	0	0	0	0	0	0	0	0	0	0	0	0	0	0	0	0	0	0	0	0	1.3176931142807	0	0	0	0	0	2.45743799209595	0	0	0	0	0	0	2.3049042224884	0	0	0	0	0	0	0	0	0	0	0	0	0	0	2.27607417106628	0	0	0	0	0	0	0	0	0	0	0	0	0	0	0	0	0	0	0	0	0	0	0	0
Syt6	0	0	0	0	0	0	0	0	0	0	0	0	0	0	0	0	0	0	0	0	0	0	0	0	0	0	0	0	0	0	0	0	0	0	0	0	0	0	0	0	0	0	69.5995407104492	0	0	0	0	0	0	0	0	0	0	40.6941769123077	0	0	0	0	0	0	0	0	1.33342838287354	0	0	0	0	0	5.01478976011276	2.36328625679016	0	0	0	0	41.1496657133102	0	8.86878442764282	1.36457616090775	0	0	0	0	0	0.654979407787323	0	0	0	0	1.94733786582947	0	0	0	0	0	0	0	0	0	0	1.89270627498627	0	0	0	0	0	0	0	0	0	0	0	76.0252596139908	0	0	0	0	0	0	0	0	0	0	0	0	0	0	0	0	0	0	0	0	0	0	49.6657961606979	13.5206141471863	0	0	0	0	0	0	0	0	0	0	0	0	0	0	0	0	0	0	32.24049025774	14.0588321089745	0	0	0	0	0	0	0	0	0	0	0.55924117565155	0	0	16.3372902870178	23.7404990196228	0	0	0	0	22.1802697181702	0	0	0	0	14.4152002334595	0	0	0	0	0	0	0	0	0	0	0	0	0	0	0	13.9371318817139	0	0	0	0	0	0	0	0	0	0	0.837702035903931	12.7783170938492	0	0	0	23.7055934071541	0	0	0	0	0	4.21928334236145	0	0	0	0	0	0	0	0	0	0	0	0	0	4.76929652690887	34.7769339084625	0	0	0	1.51344692707062	0	0	0	0	0	0	0	0	0	0	3.9358577132225	0	0	33.6400417685509	0	0	0	0	0	0	0	0	1.0885454416275	0.894001960754395	0	0	0	0	0	0	0	0	0	0	0	0	0	0	0	0	0	0	0	0	0.649418830871582	0	0	0	0	0	0	18.8393163084984	0	0	0	0	0	0	0	6.30337250232697	0	0	0.640447199344635	0	0	0	0.666887402534485	0	0	0	0	0	4.69609516859055	0	0	0	0	0	7.19591474533081	0	0	0	0	0	0	0	8.65948307514191	0	14.8064250946045	0	0	0	0.637815415859222	0	0	0	0	0	0	7.05948686599731	0	0	0	0	0	0.763927042484283	0	0	0	0	0	0	0	0	0	0	0	0	0	0	0	0	0	0	0	0	0	0	0	0	0	0	0	0	0	0	0	0	0	0	0	0	0	0	0	0	0.598982870578766	0	0	0	0.544445633888245	0	0	0	0	0	0	0	0	0	0	1.04784941673279	0	0	0	0	0	0	0	3.24549007415771	0	0	0	1.74426919221878	0	0	0	0	0	6.57890033721924	0	0	0	0	0	0
Tbc1d4	0	0	0	0	2.15269261598587	0	0.572131931781769	1.07303059101105	0	0	0	0	4.01992988586426	0	0	0	0	0	0	0	0.614310741424561	0	0	0	0	0	0	0	0	0	0	4.16595602035522	0	0	0	0.715175628662109	0	3.94800966978073	0	0	0	0	0	0	0	0	0	0	3.72186279296875	0	0	0	0	0	0	0	2.90922939777374	0	0	0	0	0	0	0	0	0	0	0	1.60826528072357	0	0	0.52908194065094	0	0	0	0	0	0	3.17174553871155	0	0	0	0	0	0	0	0	0	0	0	0	0	0	0	0	0	0	0	0	0	0	0	0	1.01914834976196	0	3.31760913133621	0	0	0	0	0	0	0	0	0	0	0	0	0	0	4.3063400387764	0	10.5477861762047	0	0	0	0	0	0	0	0	0	0	0	0	2.03700190782547	5.96386158466339	0	0	0	0	0	0	2.23313283920288	0	0	0	0	5.82948362827301	0	1.33099853992462	0	0	0	0	0	0	1.08704686164856	0	2.1450103521347	0	0	2.84546518325806	0	7.14513224363327	1.8253909945488	0	0	0	0	0	1.6691780090332	0	0	0	0.712832987308502	0	0	0	0	0	0	7.18633383512497	0.634156703948975	0	0	1.1110817193985	0	0	0	0	0	0	0	0	0	0	0	0	0	0	0	0	0	0	0	0	0	0	0	0	0	0	0	4.38975888490677	0	3.40709376335144	0	0	0	0	0	0	0	0	0	0	0	0	0	0	0	3.47833114862442	3.88158345222473	3.12166577577591	0.591481029987335	0	0	0	0	0	0	0	0	10.1139442920685	0	0	0	1.114102602005	0	6.84529116749763	0	0	0	0	1.61556529998779	0	0.32176399230957	0	0.657637119293213	2.72560077905655	6.27436709403992	0	4.51942455768585	0	0	0	0	0	0	0	0	0	0	0	0	0	0	0	0	0	3.40863680839539	0	1.39418226480484	0	0	0	0	0	0	0	0	0	0	0	0	0	0	0	0	0	0	1.6534423828125	0	0	0	0	0	4.12363713979721	0	0	0	0	0	0	0	0	0	0	0	1.31351357698441	0	0	0	0	0	0	0	0	4.90929347276688	0	0	0	0.708218336105347	5.77060461044312	0	0	0	0	0	0	0	0	0	0	0	0	4.88559579849243	0.640111684799194	0	1.72125190496445	0	0	0	0	0	0	0	0	0	0	0	0	0	0	0	0	0	0	0	0	0	0	0	0	0	0	0	0	0	0	0	0	0	0	0	0	0	0	0	0	0	0	0	0.548504173755646	0	0	0	0	0	0	0	8.2012944817543	0	1.59077608585358	0	0	0	0	0	0	0	0	0	0	0	0	2.06391775608063	0	0	0	4.76134726405144	0	0
Tcap	0	0	0	0	0	0	0	0	0	0	0	0	0	0	0	0	0	0	0	0	0	0	0	0	0	0	0	0	0	0	0	0	6.56756728887558	0	0	3.17466950416565	0	2.31754416227341	0	11.1893570423126	0	0	0	0	0	0	0	0	0	0	0	0	0	0	0	0	0	0	0	0	0	0	3.48441600799561	0	0	0	10.29478931427	0	0.713357746601105	0.807379186153412	0	0	0	0	0	0	0	7.24730813503265	0	0	0	0	10.7415547370911	0	0	0	0	0	0	0	0	0	0	0	5.08265256881714	0	0	0	0	0	0	4.63842606544495	0	0	9.43472522497177	1.77280098199844	0	0	3.15949386358261	0	0	0	0	10.6846276521683	9.01663541793823	0	0	0	0	0.682945847511292	0	0	0	23.6497901678085	0	2.68427932262421	0.570006191730499	0	0	0	0	0	0	0	0	0	0	0	0	0	0	0	0	0	25.1187653541565	0	0	0	0.421250492334366	0	0	0	0	0	0	0	0	0	0	0	3.08622133731842	0	0.509874761104584	0	0	62.4383463859558	0	0	0	0	0	0	0	0	0	0	0	0	0	0	0	0	0	5.16298085451126	0	0	0	0	0	0	0.53085994720459	6.39205718040466	0	1.55434727668762	0	0	0	0	0	0	0	0	0	0	0	0	0	0	0	0	0	0	0.699345469474792	0.754692733287811	0	0	0	0	0	0	0	0	0	0	0	0	0	0	0	0	4.62626159191132	0	4.82366609573364	0	1.30573666095734	0	0	0	0	0	0	0	0	0	14.5581377148628	27.1361852884293	0	0	0	0	0	0	0	0	0	0	0	0	0	0	0	0	0	0	0	15.3714505434036	0	0.977957844734192	0.414178788661957	0.906615495681763	0	0	0	0	0	0	0	0	0	0	2.36193141341209	0	0	0	0	0	0	0	0	0	0	1.15619373321533	0	0	0	0	0	0	0	0	0	0	0	0	11.8219894766808	0	0	0	0	0	0	0	0	0	3.83701241016388	0	0	0	0	0	0	0	0	0	0	0	0	0	0	0	0	0	0	0	0	14.9591663479805	0	0	7.86499357223511	0	0	0	0	0	0	0	6.25923037528992	7.11313819885254	0	0	16.419495344162	0	9.06473922729492	0	0	0	0	0	0	0	4.83072465658188	0	0	0	23.4678637981415	3.83734291791916	0	0	0	0	2.81745618581772	0	0	0	0	0	0	0	27.9736713767052	0	2.37621307373047	0	0	0	0	7.21960842609406	0	0	0	0	0	13.4018175005913	0	0	0	0	0	0	0	0	0	0	2.01858586072922	0	0	0	0	0	0	4.7585431933403	0	0	0	0	0	0	0	0	0	0	0	0	0	0
Teddm3	0	0	0	0	0	0	0	0.857013523578644	0	0	0	0	0	0	0	0	0	0	0	0	0	0	0	0	0	0	0	0	0	0	0	0	0	0	0	0	0	0	0	0.542773246765137	0	2.20961833000183	0	0	0	0	0	0	0	0	0	0	0	0	0	0	0	0	0	0	0	0	0	0	0	0	0	0	0	0	0	0	0	0	0	0	0	0	0	0	0	0	0	0	0	0	0	0	0	0.699191391468048	0	0	0	0	0	0	0	0	0	0	0	0	0	0.71178263425827	0	0	0	0	0	0	0	0	0	0	0	0	0	0	0	0	0	0	0	0	0	0	0	0	0	0	0	0	0	0	0	0	0	0	0	0	0	0	0	0	0	0	0	0	0	0	0	2.06809234619141	0	0	0	0	0	0	0	0	0	0	0	0	0	0	0	0	0	0	0	0	0	0	0.840718746185303	0	0	0	0	0	0	0	0	0.73125684261322	0	0	0	0	0	0	0	0	0	0	0	0	0	0	1.43122959136963	0	0	0	0	0	0	0	0	0	0	0	0	0	0	0	0	0	0	0	0	0	0	0	0	2.93636345863342	0	0	0	0	0	0	0	0	0	0	0	0	0	0	0	0	0	0	0	0	0	0	0.469133764505386	0	0	0	0.410904765129089	0	0.541191101074219	0	0	0	0	0	0	0	0	0	0	0	0	0	0	0	0	0	0	0	0	0	0	0	0	0	0	0	0	0	0	0	0	0	0	0.357192039489746	0.587216436862946	0	0	0	0	0	0	0	0	0	0	0	0	0	0.584819376468658	0	0	0	1.34338855743408	0	0	0	0	0	0	0	0	0.419249206781387	0	0	0	0	0	0	0	2.47076970338821	0	0	0	0	0	1.60454759001732	0	0	0	0	0	0	0	0	0	0	0	0	0	0	2.73013010621071	1.15500438213348	0	0	0	0	0	0	0	0	0	0	0	0	0	0	0	0	0	0	0	0	0.494030773639679	0	0	0	0	0	0	0	0	0	0	0	0	0	0	0	0	0	0	3.04021859169006	0	0	0	0	0	0	0	0	0	0	0	0	0	2.78181767463684	0	0	0	0	0	0	0	0	0	0	0.535295009613037	0	0	0	0	0	0	0	0	0	0	0	0	1.15811634063721
Tenm3	0	0	0	0	0	0	0	2.49710518121719	1.19823384284973	0	0	0	1.14761602878571	0	0	1.30967533588409	0	0	0	0	0	0	0	0	0	0	0	0	0	0	4.90073245763779	0	0	5.00821250677109	0	0	21.2963791489601	0	0	0	0	0	0	0	0	0	0	0	0	0	0	0	30.9325516223907	0	28.9724967479706	0	45.4352371692657	0	0	43.4293839931488	0	0	0	0	0	0.542173802852631	0	8.80231112241745	0	0	0	0	0	34.7204600572586	0	0	21.8845010399818	0	0	0	0	0	0	0	0	0	0	0	0	14.9434415698051	0	0	22.9313045740128	0	0	19.1742263436317	0	0	0	0	0	0	1.23141574859619	0	0	0	0	0	0	0	0	0	71.3022751808167	0	50.2950028777122	18.6320369243622	85.8353186249733	0	3.52794456481934	8.76732409000397	0	8.46425905823708	11.4672880172729	0	0	0	6.06730651855469	0	0	0	65.4984041452408	0	0	0	0	0	0	0	0	0	0	0	0	0	0	0	0	0	0	14.4843297600746	7.58341944217682	0	54.324557363987	30.7602662444115	0	0	44.3204922676086	0	0	11.7830049991608	0	0	0	7.74124717712402	2.98508995771408	0	10.595320045948	10.1474081277847	0	0	0	0	0	0	0	8.38693141937256	0	0	0	0	0	4.03548982739449	12.8071516752243	0	0	0	8.12414085865021	22.7489849328995	7.87646424770355	0	0	0	44.2365176677704	3.10869455337524	0	0	0	0	0	0	0	5.38852095603943	0	0	15.3117187023163	3.11156260967255	0	10.6837799549103	20.8568898439407	0	0	0	0	0	0	0	24.8785433769226	0	0	0	7.84293985366821	0	0	0	0	0	0	0	0	0	0	0	0	0	0	0	0	0	0	0	0	0	16.4563487768173	0	0	9.89880472421646	0	0	0	0	0	0	0	0	0	0	0	15.8377883434296	0	0	0	4.39911448955536	0	0	0	0	0	0	0	0	0	0	0	0	16.8092758655548	0	6.77446389198303	0	0	0	11.8645141720772	0	0	17.6504237055779	6.23150086402893	3.87629616260529	0	0	14.673656463623	0	0	0	23.0032948255539	0	13.615517616272	0	0	0	9.86941909790039	0	14.194256901741	18.4963449239731	0	0	0	0	0	13.1243648827076	0	15.3485906124115	0	0	0	4.11867645382881	15.2428964078426	0	13.6985512971878	0	0	9.37738913297653	0	0	10.4685424566269	0	0	0	0	0	0	6.26269924640656	0	0	19.4248037338257	10.0621365308762	0	0	0	4.46384167671204	0	0	14.7267320752144	0	0	0	0	19.0999975800514	0	0	0	27.0556240081787	0	0	0	0.993599772453308	0	3.39232707023621	0	0	0	0	0	0	0	0	0	0	0	0	0.61760288476944	0	0	0	26.960432767868	0	0	0	0	0	0	0	0	0	0	0	0	0	0	0	0	0	0	18.0592533946037	0	0	0	0	0	0	0	0	0	0	11.057397544384	0	0	0	0	0	0	0	0	0	0	0	0	2.5060607790947	0	0	0	0	5.44815772771835	0	0	0
Th	0	0	0	0	0	0	0	0	0.948284447193146	0	0	0	0	0	0	0	0	0	0	0	0	0	0	0	0	0	0	0	0	0	0	0	0	0	0	0	0.517587840557098	0	0	0	0	0	0	0	0	0	0	0	0	0	0	0	0	0	0	0	0	0	0	0	0	0	0	0	0	0	0	0	0	0.452131897211075	0	0	0	0	0	0	0	0	2.24623453617096	0	0	0	0	0	0	0	0	0	0	0	0	0	0	0	0	0	0	0	0	0	0	0	0	0	0	0	0	0	0.438179194927216	0	0	0	0	0	0	0	1.47221326828003	0	0	0	0	0	0	0	0	0	0	0	0	0	0	0	0	0	0	0	0	0	0	0	0	0	0	0	0	0	0	0	0	0	0	0	0	0	0	0	0	0	0	0	0	0	0	0	0	0	0	0	0	0.587797462940216	0	0	0.624724209308624	0	0	0	0	2.11223959922791	0	0	0	0	0	0	0	0	0	0	0.74954879283905	0.477735340595245	0	2.66089081764221	0	0	0	0	0	0	0	0	0	0	0	0	0	0	0	0.882529616355896	0	0	0	0	0	0	0	0	0	0	0	0	0	0	0	0	0	0	0	0	0	0.893987536430359	0	0	0	0	0	0	0	0.756723463535309	0	0	0	0	0	0	0	0	0	0	0	0	0	0	0	0	0	3.37168908119202	0	0	0	0	0	0	0	0	0	0	0	0	0	0	0	0.475984334945679	0	0	0	0	0	0	0	0	0	0	0	0	0	0	0	0	0	0	1.48379063606262	0	0	0	0	0	0	0	0	0	0	0	0	0	0	0	0	0.433507353067398	0	0	0	0	0	0	0	0	0	0	0	0	0	0	0	0	0	0	0	0	0	1.2101594209671	0	0	0	0	0	0	0	0	0	0	0	0	0	0	0	0	0	0	0	0	0	0	0	0	0	0	0	0	0	0	0	0	0	0	0	0	0	0	0	0	0	0	0	0	0	0	0	0	0	0	0	0	0	0	0	0	0	0	0	0	0	0	0	0	0	0	0	0	0	0	0	0.577157616615295	0	0	0	0	0	0	0	0	0	0	0	0	0	0	0	0	0	0	0	0	0	0
Thbs2	0	0	0	0	0	2.45344471931458	0	0	0	0	0	0	0	0	0	0	0	0	0	0	0.766971707344055	0	0	0	0	0	0	0	0	0	0	0	0	2.06887543201447	0	0	0	1.81483721733093	0	0	0	0	0	0	0	0	0	0	0	0	0	0	0	0	0	0	0	0	4.56942784786224	9.97987484931946	0	0	0	0	0	0	0	0	1.86615347862244	0	0	0	0	0	0	0	0	0	0	0	0	0	0	0	0	0	1.00969755649567	0	0	2.95713138580322	0	0	0	0	0	0.731808245182037	0	0	0	0	0	0	0	0	0	0	0	0	0	0	0	0	0	0	0	0	0	0	0	5.65214318037033	0	0	0	0	0	0	0	0	0	0	0	0	0	0	0.737523794174194	0	0	0	0	0	0	0	0	2.06286954879761	0	0	0	0	0	0	0	0	0	0	0	0	0	0	2.63171768188477	0	0	0	0	0	0	0	0	0	0	0	0	0	0	0	0	0	0	0	3.09851837158203	0	0	0	0	0	0	0	1.56495904922485	0	0	0	0	0	0	0	0	0	0	0	5.29038190841675	1.28623521327972	1.95822086930275	0	0	0.889014482498169	0	0	0	0	0	0.520089149475098	0	0	0	0	0	0	0	0	0	0	0	2.26018506288528	0	0	0	0	0	0	0.37349459528923	0	0	0	0	0	0	0	0	0	0	0	0	0	0	0	0	0	0	0	0	0	0	0	0	0	0	0	0	0	0	0	0	0	0	0	0	0	0	0	0	0	0	0	0	0	0	0	0	1.05054414272308	0	0	0	0	0	0	1.21916747093201	0	0	0	0	0	0	0	0	0	0	0	0	0	0	0	0	0	0	0	0	0	0	0	0	0	0	0	0	0	0	0	0	0	0	1.51210540533066	0	0	0	0	0	0	0	0	0	0	0	0	0.872230529785156	0	0	0	1.48755031824112	0.442558974027634	0	0	0	0	0	0	0	0	0	0	0	0	0	0	0	0	0	0	0	0	0	0	0	0	0	0	0	0	1.14163941144943	0	0	0	0	4.60896372795105	0	0	0	0	1.13805186748505	0	0	0	0	0	0	0	0.761228978633881	11.7833285331726	0	0.749198079109192	0	0	0	0	0	0	1.98272961378098	0	0	0	0	0	0	0	0	0	0	0	0	0	0	0	0.93903523683548	2.64350497722626	1.55044627189636	0	0	0	0	0	0	0	0	8.08146974444389	0	0
Thsd7a	0	0	0	0	0	0	0	0	2.36696749925613	0	0	0.820698380470276	0	0	0	0	2.30482506752014	0.407090991735458	3.21436846256256	17.7173632383347	3.06788682937622	0	0	0	0	4.38177275657654	0	4.1130747795105	0	7.48313415050507	0	29.1801961660385	0	0	0	0	0	0	0	0	0	0	0	5.05126625299454	0	0	0	17.8341381549835	0	0	0	0	0	0	0	0	0	0	0	18.0345284938812	0	0	0	0	0	0	0	0	0	0	0	0	0	0	0	0	0	0	0	0	0	0	0	0	0.809245884418488	0	0	0	0	0	0	1.72640228271484	0	4.43699598312378	0.661354959011078	0	0.590138018131256	0	0	0	0	25.2122006416321	0	0	0	0	0	0	0	0	0	0	0	0	0	0	0	0	0	0	0	0	17.3745987415314	0	0	7.87653088569641	0	4.65693593025208	0	0	0	0	0	0	0	0	0	0	0	0	41.669775724411	0	0	0	0	0	1.01495862007141	0	1.9614349603653	0	0	0	0	1.68234544992447	0.46477609872818	0	0	0	0	0	0	0	3.35533994436264	0	33.2704174518585	0	0	0	0	0	0	0	0	0	0.843558609485626	0	1.64662283658981	0	0	0	0	0	0	0	0	10.2818241119385	42.5192931890488	14.1929883956909	0.374774396419525	0	0	0	0	0	0.662509262561798	0	0	0	0	0	0	0	0	0	0	0	0	0	0	0	0	1.33109194040298	0	0	0	0	0	0	0	0	21.9657901525497	0	0	0	0	0	0	0	0	0	0	0	0	0	0	0	0	1.48168915510178	3.26818323135376	0	30.9653379917145	0	0	11.635070681572	7.24752825498581	0	0	0	0	0	0	0	0	0	0	3.38453507423401	0	0	25.6302284002304	0	0	0	2.85918867588043	0	3.54479718208313	23.7873999476433	0	0	0	0	3.6562956571579	0	0	0	0	0	0	0	0	0	0	0	0	0	0	0	0	0	0	5.32803106307983	0	0	1.22571429610252	0	0	0	0	0	0	0	0	0	0	0	0	0	0	0.867014706134796	0	3.49061340093613	0	0	0	0	0	0	0	1.7102147936821	0	13.3343324661255	0	29.7207970619202	1.1468563079834	13.1519225239754	2.07218670845032	1.34186470508575	0	0	0	19.2685847878456	0	0	0	4.02737027406693	0	0	0	0	0	5.87652426958084	0	0	0.681617498397827	0	0	0	0	0	0	0	0	0	0	0	0	0	0	0	0	0	0	5.23886156082153	8.09285235404968	0	0	0	0	0	0	3.97279930114746	0	0	22.6692822575569	0	0	0	0	0	0	0	0	0	0	0	0	0	4.36706721782684	0	0	2.62386178970337	0	0.635782301425934	0	0	0	0	0	18.9160739183426	0	0	0	0	0	0	0	0	0	0	82.7196830511093	28.8092448711395	0	0	0	0	0	0	0	0	0	12.4252103567123	0	0	0	0
Timp3	0	0	5.0922064781189	0	48.4341071844101	0	0	0	0	0	1.56229937076569	0	0	0	0	0	0	0	0	0	0	0	11.897486269474	0	0	0	0	0	0	0	0	0	0	23.3319169282913	0	0	0	0	0	0	0	0	10.6666855812073	5.58207827806473	0	0	0	3.16017270088196	2.63918799161911	1.66682296991348	2.02025485038757	0	2.53896129131317	0	0	0	0	10.7607817649841	0	0	0	3.04961556196213	0	0	0	0	0	0	0	0	0	3.00211668014526	0	0	3.76837480068207	0	0	0	5.00264889001846	0	0	0	0	0	0	0	4.72787117958069	14.6488151550293	0	0	0	6.87704563140869	0	0	0	0	0	0	0	0	0	0	0	0	0	0	0	0	0	0	0	19.4389476776123	0	0.773738980293274	0	17.0928217768669	0	0	0	0	0	0	0	0	5.93827021121979	0	0	0	0	0	0	0	0	0	0	0	0	0	0	0	0	0	0	0	0	0	0	0	0	0	0	0	0	4.75659465789795	0	0	46.0838919878006	0	0	0	0	0	0	0	0	0	0	24.1849050521851	0	0	0	0	0	0	0	0	0	0	0	3.53633904457092	0	0	0	0	0	0	0	0	0	0	0	0	0	0	0	0	0	0	0	0	6.3241078555584	0	0	0	0	0	2.51925295591354	0	0	0	0	0	0	0	3.22275376319885	0	0	0	0	0	0	0	0	0	0	0	0	0	0	0	0	0	8.24293029308319	0	0	0	0.986332654953003	0	0	0	0	0	0	0	0	0	0	0	0	1.93254721164703	11.9862403571606	0	0	0	0	9.91143155097961	2.63777208328247	0	7.37113285064697	0	0	0	0	0	0	0	0	0	0	0	0	0	0	7.85377466678619	0.625416278839111	32.2572240829468	0	0	0	0	0	0	16.0777114033699	0	0	16.3009449243546	0	0	0	0	0	0	0	0	0	0	0	0	19.5889662504196	0	0	0	0	0	1.23266243934631	0	0	0	0	0	0	0	0	0	0	0	0	0	0	0	0	0	0	0	0	0	0	0	9.66165906190872	23.8289800286293	24.1193323731422	12.0383357405663	79.3650918006897	0	0	0	0	0	0	0	0	0	0	0	0	4.41729009151459	0	0	0	0	0	0	0	1.96984651684761	0	0	0	0	0	0	0	0	0	0	0	9.45065671205521	7.27199393510818	0	0	0	0	0	0	0	0	0	35.9935799241066	0	0	0	0	0	25.5960828661919	0	7.45878168940544	0	0	7.88524401187897	10.4922122955322	0	10.7067208886147	0	0	0	0	0	0	0	0	5.48426949977875	0	0	0	0	0	0	21.7064383029938	0	0	0	0	0	0	0	0	0	0	0	1.58525633811951	0	0	41.7459408044815	0	0
Tmem163	0	0	0	0	0	0	0	0	0	0	0	0	0	0	0	0	0	0	0	0	0	5.72804510593414	0	13.0751113891602	0	0	0	0	0	0	0	0	0	0	0	0	12.5632562637329	0	0	0	0	0	0	0.688476622104645	0	0	0	0	0	0	0	0	0	0	0	0.669177353382111	0	0	0	0	0	0	0	0.945417404174805	0	1.7449027299881	0	1.20680606365204	0	0	27.0365844964981	0	8.66463923454285	0	0	0	7.39862006902695	12.823205947876	0	0.592113435268402	0	0	0	0	0	0	0	6.40054512023926	6.39078444242477	0	0	0	0	0	0	0	0	0	0	0	0	0	0	0	0	0	7.31004756689072	0	0	0	0	6.49646097421646	0	0	0.753311395645142	0	0	0	0	0	0	0	0	0	0	3.23104631900787	0	0	0	0	0	6.60708785057068	0	0	0	0	0	0	0	0	0	0	0	1.81251913309097	0	0.563496172428131	0	0	0	0	0	0	0	0	0	0	0	0	0	0	0	0	0	0	0	0	0	0	0	0	0	0	2.90709233283997	0	0	0	0	0	0	0	0	0	0	0	0	0	6.03923642635345	0	0	0	0	0	0	0	0	0	0	0	0	0	0	1.29459035396576	0	0	0	0	1.55694189667702	0	0	0	0	0	0	0	0	0	0	0	0	0	0	0	0	0	0	0	1.03796172142029	0	0	8.91057050228119	7.19491755962372	0	0	0	0	0	0	0	0	0	0	0	0	0	0	14.8288871645927	0	0	2.54972064495087	0	8.39709496498108	0	0	0	9.27851969003677	0	0	0	0	0	0	0	0	0	0	1.90181398391724	0	0	0	0	0	0	1.53405952453613	0	0	0	0	0	0	0	0	0	0	0	1.02303075790405	0	6.01412284374237	0	2.64657509326935	3.4744086265564	0	3.35518199205399	0	0	0	0	0	0.705806732177734	0	0.582020103931427	0	0	0	0	0	0	0	0	2.26981258392334	0	0	1.71378993988037	0	0	0	3.52971911430359	0	0	0	0	2.86969196796417	7.71472156047821	0	0	0	0	0	0	0	0	0	0	0	0	0	0	7.01784992218018	9.71698451042175	0	0	0	0	0	0	0	0	0	0	0	0	0	0	4.93033146858215	0	0.610745072364807	0	0	0	0	0	0	0	0	0	0.630450487136841	0	0	0	0	0	0	0	0	0	0	0	1.13805186748505	0	0	0	0	0	0	0	0	0	0	0	0	0	0	0	0	0	0	0	0	0	0	0	0	0	0.992787659168243	0	0	0	0	0	4.0805915594101	0	0	0	0	0	0	0	0	0	0	0	0	0	0	0
Tmtc2	0	3.1738988161087	0	0	0	0	0	0	3.72180044651031	0	0	2.47607553005219	0	0	5.8992805480957	0	0	0	0	0	0	0	0	0.586254298686981	0	0	0	0	1.28662890195847	2.6713924407959	0	0	0	0	0	0	0	0	0	0	0	1.10480916500092	0	0	0	5.5849050283432	0	0	0	0	2.10380047559738	0	0	0	0	0.669177353382111	0	0	0	0	1.15679311752319	1.23472189903259	7.01445931196213	0	0	0	0	0	0	0	0	0	0	0	0	0	0	0	0	0	0	0	0	0	0	2.09218734502792	0	0	0	0	0	0	0	0	0	0	0	0	0	0	0	0	7.2156286239624	0	0	0	0	0	0	0	0	3.18337970972061	0	0	0	0	0.949799120426178	0	0	3.06164288520813	0	0	0	1.09626114368439	2.87796819210052	0	0	0.457277059555054	0	0	0	1.56659954786301	0	0	0	0	0	0	0	0	0	0	0	0	0	0	1.01185703277588	0	0	0.629306852817535	0	0	0	0	2.20947360992432	0	0	0	0	0	0	0	4.78929215669632	0	0	0	0	0	0	0	0	0	0	0	0	0	2.17221307754517	0	0	0	0	0	0	0	0	0	0	0	0	0	0.612156748771667	0	0	0	0	0	0.73277747631073	0	0	0	0	0	0	0	0	0	0	0	0	0	6.93712449073792	0	0	1.96987795829773	0	0	1.51225411891937	5.87097138166428	6.35021561384201	0	0	0	0	0	7.04958075284958	0	0	0	0	0	0	0	5.18402406573296	0.668924987316132	0	0	2.11597853899002	0	0	0	0	0	0	0	0	0	0	0	0	0	0	0	0	0	0	1.692267537117	0	0	0.709208369255066	0	5.07208621501923	13.1854882240295	0	0	0	12.8804279565811	0	0	0	0	0	0	0	0	0	0	0	1.9612700343132	0	0	0	0	0	0	0	0	0	0	2.38973635435104	0	0	3.35210138559341	2.55208396911621	0	0.420685410499573	0	0	0	0	0	3.8318864107132	0	0	0	0	0	8.55976408720016	0	0	0	0	0	0	0	0	0	0	0	0	0	0	0	0	5.4980303645134	0	0	0	0	0	0	0	0	0	4.16113877296448	0	0	0	0	0	0	0	0	0.681617498397827	2.80293971300125	0	0	0	7.95768040418625	1.18409210443497	0	0	0	5.83182847499847	0	0	0	0	0	0	0	0	0	0	0	0	5.91020080447197	0	0	0	0	0	0	0	0	4.10442036390305	0	0	0	7.17880344390869	0	0	0	0	0	0	0	0	0.799999237060547	0	0	0	3.07542288303375	0	0	0	0	0	2.16842886805534	0	0	0	0	0	0	2.13802552223206	0	0	0	0	5.67609053850174	2.00962525606155	0	0	0	0	0	0	0	0	0	0	0	0	0
Tnfaip6	0	0	0	0	0	0	0	0	0	0	0	0	0	0	0	0	0	0	0	0	0	0	0	0	0	0	0	0	1.67914110422134	0	0	1.6269782781601	0	0	0	0	0	0	0	0.691445171833038	0	0	0	0	0	0	0	0	0.486638486385345	0	0	0.630426406860352	0	0	0	0	0	0	0	0	0	0	0	0	0	0	0	0	0	0.452131897211075	0	0	0	0	0	0	0	0	0	0	0	0	0	0	0	0	0	0	0	0	0	0	0	0	0	0	0	3.91672700643539	0	0	0	0	0	0	0	0	0	0	0	0	0	0	0	0	0	0	0	0.912588834762573	0	0	0	0	0.539389431476593	0	0	0	0	0	0	0	0	0	0	0	0	0	0	0	0	0	0	0	0	0	0	0	0	0	0	0	0	0	0	0	0	0	0	0	0	0	0	0	0	0	0	0	0	0	1.09214898943901	0	0	0	0	0	1.22678506374359	0	0	0	0	0	0	0	0	0	0	0	0	0	0	0	0	0	0	0	0	0	0	0	0	0	0	0	0	0	0	0	0	0	1.00940015912056	0	0	0	0	0	0	0	0	0	0	0	0	0	0	0	0	0	0	0.871952712535858	0	0	1.73447740077972	0	0	0	0	0	0	0	0	0	0	0	0	0	0	0	0	0	0	0	0	0	0	0	0	0	0	0	0	9.32924139499664	0	0	0	0	0	0	0	0	0	0	0	0	0	0	0	0	0	0	0	0	0	0	0	0	1.55009883642197	0	0	0	0	0	0	0	0	0	0	0	0	0	0	0	0	0	0	0	0	0	0	0	0	0	0	0	0	0	0	0	0	0	0	0	0	0	0	2.47076970338821	0	0	0	0	0	0	0	0	0	0	0	0	0	0	0	0	0	0	0	0	0	0	0	0	0	0	0	0	0	0	0	0	1.62750029563904	0	0	0	0	0	0	0	0	0	0	0	0	0	0	0	0	0	0	0	0	0	0	0	0	0	0	0	0	0	0	0	0.544445633888245	0	0	0	0	0	0	0	0	0	0	0	0	0	0	0	0	0	0	0	0	0	0	0	0	0	0	0	0	0	0	0	0	0	0	0
Tox	0	0	0	0	0	0	0	0	1.19823384284973	0	0	0	0	0	0	0	0	0	0	0	0	0	16.6695547103882	0	0	0	0	0	4.09505379199982	0	0	0	0	0	0	0	0	0	0	20.3403689861298	0	0	0	0	0	0	0	22.1570202112198	16.9254261255264	0	0	0	18.7114696502686	18.9936836361885	0	0	0	0	0	0	0	0	0	0	1.99792739748955	0	0	0	0	27.7043204307556	0	28.9278600811958	0	0	15.0700336694717	0	0	11.1378383040428	0	0	0	0	0	0	5.34239590167999	0	0	20.644402384758	17.8011069297791	0	0	0	11.6310475468636	0	19.021291911602	0	9.37956464290619	0	0	0	0	0	0	0	0	0	0	0	26.4770166873932	0	0	0	8.80587774515152	0	0	0	26.6562269926071	0	0	4.10530430078506	0.675437092781067	0	0	0	0	9.42188906669617	0	28.438657283783	0	0	0	19.6666586399078	0	19.4292258620262	0	0	0	0	0	0	0	0	0	0	0	0	0	4.12088203430176	0	0	0	15.9018352031708	0	0	0	0	0	0	0	0.477126955986023	0	0	0	0	3.39920878410339	30.1337244510651	32.719386100769	0	0	0	0	0	32.7388255596161	0	0	0	12.8370959758759	0	0	0	0	0	0	0	0	0	0	0	0	0	0	0	0	0	0	0	0	0	0	0	0	0	0	0	0	0	0	0	0	0	0	0	0	6.20437371730804	0	0	10.9831185340881	0	1.70066314935684	0	0	0	0	0	0	0	0	0	0	19.3500315546989	0	0	0	17.7099497318268	0	0	0	0	0	0	0	6.25277030467987	0	0	0	0	36.7459311485291	0	31.339991569519	0	0	16.0889082551003	11.9510650038719	0	0	0	0	0	0	0	0	0	0	0	8.0312762260437	0	0	16.8530049324036	24.1378592848778	0	0	0	0	0	0	0	0	0	0	0	0	0	0	0	0	35.2546392679214	0	0	31.6674078702927	0	0	0	0	0	0	0	2.53966677188873	0	1.2463835477829	0	0	0	0	0	0	0	21.6606502532959	0	0	13.8813693523407	0	1.36581408977509	1.79990386962891	0	0.428855329751968	0	0	0.595832526683807	0	0	0	0	0	0	0	14.6635538339615	0	0	0	4.2355580329895	0	0	0	0	0	0	0	0	0	0	0	63.6759836673737	0	0	0	0	0	0	0	0	0	0	0	0	0	0	0	0	0	0	0	0	6.86005514860153	0	22.610050201416	0	0	0	0	0	0.28705683350563	0	0	0	0	0	4.40130114555359	10.2059868574142	0	11.5325656533241	0	0	0	0	0	0	0	0	0	0	0	0	0	0	0	0	0	0	0	0	0	5.0658597946167	0	0	0	0	0	0	6.87588465213776	0	0	4.90214675664902	0	0	0	0	0	0	0	0	0	0	0	1.54056149721146
Trp53i11	0	0.510439038276672	0	0	40.1733875274658	0	0	0	0	0	0	0	0	0	0	0	0	0	0	0	52.3497318029404	0	0	0	34.0337826013565	0	1.82503962516785	0	0	137.601001739502	0	0	12.5074476003647	0	14.0611565709114	0	0	0	0	0	0	0	0	0	47.9171824455261	0	30.0700033903122	0	0	44.5349406003952	0	0	0	0	0	0	0	0	0	0	21.4371194839478	60.7965306043625	0	0	0	33.1291155815125	0	0	0	0	0	0	0	1.78893548250198	0	0	0	0	0	0	0	0	0	5.81736242771149	0	3.43938320875168	0	0	65.495570898056	0	0	0	0	0	0.564739167690277	0	0.590138018131256	0	0	0	0	0	0	0	0	0	0	7.94272834062576	0	0	0	0	0	0	0	0	0	0	0	0	0	0	0	0	0	47.384955406189	0	0	0	0	0	0	0	0	0	0	0	0	28.0478005409241	0	72.0502359867096	0	0	0	0	0	0	0	0	0	0	0	0	29.6708589792252	0	0	0	0	0	42.6131451129913	0	0	0	4.45809608697891	0	6.46047270298004	0	65.4391050934792	0	0	0	0	8.24722236394882	0	0	0	0	0	0	0	0	0	76.4051266312599	0	2.15930807590485	0	4.27403491735458	0	0	0	117.327761769295	0	0	0	0	0	0	23.8849124908447	0	0	0	0	0	8.39537239074707	3.65503656864166	0	0	0	0	6.07281255722046	0	0	0	0	0	9.13432216644287	0	0	0	0	0	93.1320700645447	0	14.42986369133	0	0	0	0	0	0	0	0	0	0	0	0	0	24.6951710581779	4.19082278013229	0	0	0	0	0	0	0	0	0	11.7918399572372	0	31.6722882688046	15.0444276332855	0	0	0	0	0	0	7.58792066574097	0	64.5938291549683	0	0	0	0	0	0	0	0	0	0	0	0	0	0	0	0	0	0	0	60.7581119537354	0	0	0	0	0	14.5186423063278	0	0	4.08331692218781	0	0	38.6046481132507	0	0	0	0	0	39.1837935447693	0	0	2.81151515245438	7.2498232126236	0	0	0	174.531780838966	51.6844083964825	0	29.4652004241943	0	0	0	37.0114966630936	0	0	0	0	0	12.520695567131	0	1.80823612213135	0	5.28189039230347	0	0	32.8977426290512	0	0	0	56.9413203597069	0	0	0	0	0	0	0	0	0	0	51.7378813624382	0	0	0	0	0	0	0	0	0	0	3.30946707725525	0	0	0	0	0	37.9771676063538	0	7.78322219848633	0	0	0	0	1.27459871768951	2.47015404701233	0	0	29.6652708053589	0	0	86.1038525104523	0	0	8.56072604656219	0	0	0	0	0	0	0	0	0	0	0	0	0	0	0	0	0	0	0	0	0	0	0	0	0	0	26.3982623815536	0	0	9.50919151306152	0	0	0	0	0	0	0	0	0	0	0	0	0	0	0	0	0	0
Trpc4	0	0	0	0	0	0	0	0	0	0	0	0	0	0.899700820446014	0	0	0	0	0	0	0	0	1.6328461766243	0	0	0	0.912519812583923	0	0	0	0	1.2224155664444	0	4.03076505661011	0	0	0	0	0	5.78923380374908	0.55650007724762	0	0	0	0	0	0	0	0	0	0	3.37952572107315	0	3.16453802585602	0	3.73852586746216	0	0	0	0	2.42392712831497	0	0	0	0	0	1.33511090278625	0	0	0	0	0	0	0	0	2.12765866518021	0	0	0	0	7.26637554168701	0	0	0	0	2.42754220962524	0	0	4.81554079055786	0	0	0	0	0	0	0	0	0	0	0	0	0	0	0	5.52760249376297	0	0	0	0	0.773242950439453	4.75083363056183	0	0	0	6.02883672714233	0	0	0	0	0	0	0	0.955665588378906	5.08122146129608	4.12631380558014	0	0.570006191730499	0	3.24017930030823	0	0	0	1.20316994190216	0	0	0	0	0	0	0	5.22858458757401	2.85229289531708	0	0	0	0	0	0	0	0	0	2.51483452320099	1.54993832111359	2.80354875326157	0	0	0	0	0	0	0	0	0	0	0	0	0	0	0	0	0	0.790083527565002	0	0	0	1.69410979747772	0	0	0	0	0	0	0	0	0	0	0	0	0	6.46753454208374	0	4.75436854362488	0	3.16347312927246	0	0	0	0	0	0	0	0	0	0	0	0	1.55694189667702	0	0	0	0	4.19180089235306	6.56057244539261	0	0	0	0	1.09115278720856	0	0	8.22800159454346	8.32314467430115	1.75286209583282	0	0	0	6.02682328224182	0	0	0	0	0	0	0	0	0.866471946239471	0	0	0	0	0	0	0	0	0	0	5.04216766357422	0	0	0	0	0	0	0	0	5.7574018239975	0	0	0	0	0	0	0	0	2.73971366882324	0	0	0	0	0	0	0	0	0	0	0	0	0	0	0	0	0	0	0	0	0	1.90592408180237	10.482693195343	0	0	0	0	3.20777726173401	0	0	0	0	0	0	0	0	10.7405416965485	0	2.75130671262741	0	3.75377589464188	0	15.0563172101974	0	0	0	0	0	0	0	0	0.486579865217209	2.40515542030334	0	0	0	0	4.09702417254448	7.94288504123688	0	0	0	0	0	0	5.64762079715729	0	0	0	0	0	1.4723014831543	1.52747809886932	0	0	0	0	0	0	0	0	0	11.3239595890045	0	0	0	0	0	0	0	0	0	0	0	0	0	0	3.48270833492279	0	0	0	2.62373173236847	0	0	0	0	0	0	0	0	0	0	0	0	0	0	2.27679991722107	0	0	6.20393490791321	5.2618755698204	0	5.09236118197441	0	0	0	0	0	0.607687294483185	0	0	0	0	0	0	5.76776623725891	0	0	0	0.712675213813782	0	0	0	0	0	0	0	0	0	0	0	0.337898463010788	0	0	0	0	0	0	0
Trpc6	0	0	0	0	0	0	0	0	1.202712059021	0	0	0	2.10956931114197	0.787285089492798	2.45076280832291	0	0	0	1.05904936790466	0	0	0	0	0	0	0.489391267299652	0	0	0	0	0	0	1.90823131799698	0	1.3957291841507	0	0	0	0	0	0	0	0	0	1.25036156177521	0	0	0	0	0	0	0	0	0	0	0	0	0	0	0	0	2.24068319797516	0	0	0.483020633459091	0	0	1.20680606365204	0	0	0	0	0	0	0	0	0	0	0	1.5451495051384	0	0.960818588733673	0	0	0	0	0	0	0	0	0	0	0	0	0	0	0	0	0	0	0	0	0	0	0	0	0	0	0	0	0	0	0	0	0	0	0	0	0	0	0	0	0	0	1.32549208402634	0	0	0	0	0	0	0	0	0	0	0	0	0	0	3.59932446479797	0	0	0	0	0	0	0	0	0	0	0	0	0	0	0	0	0	0	0	0	6.72941792011261	0	0	0	0	0	0	0	0	0	0	0	0	0	0	0	0	0	0	0	0	0	0	0	0	0	0	0	0	0	0	0	0	0	0	0	0	0	0	0	0	0	0	0	0	0	0	0	0	0	0	0	0	0	0	0	0	0	0	0	0	0	0	0	0	0	0	0	0	0.50372701883316	0	1.8646719455719	0	0	0	0	0	0	0	0	0	0	0	0	0	0	0	0	0	0	0.819726318120956	0	0	0	0	0	0	0	0	0	0	0	0	0	0	1.63733893632889	0	0	0	0	0	0	0	0	0	0	1.04783940315247	0	0	0	0	0	0	0	0	0	0	0	0	0	0.628696024417877	0	0	0	0	0	0	0	6.57857564091682	0	0	0	0	1.45889210700989	0	0	0	0	0	0	0	0	0	0	0	0	0	0	1.21086990833282	0	1.65337646007538	0	0	0	0	0	0	0	0	0	0	0	0	0.6023029088974	0	0	0	0.705948650836945	0	0	0	0	1.19828927516937	6.538753002882	10.8638573884964	0	0	0	2.34280610084534	0.778185367584229	0	0	0	0	0	0	0	0	0	0	0	0	0	0	0	0	0	0	0	0	0	0	0	0	0	0	0	2.44673812389374	0	0	0	0	0	0	11.5091975927353	0	6.31582760810852	0	0	0	0	0	0	0	0	0	0	0	0	0	2.91673505306244	0	0	0	0	0	0	0	0	0	0	0	1.55044627189636	0	0	0	0	0	0	0	0	0	0	0
Tshz2	0	0	0	2.1197555065155	15.6020259857178	12.1258299350739	0	0	0	0	0	0	4.92287957668304	0	0	1.70866525173187	0	0	0	0	0	0	9.29417872428894	0	0	0	0	14.5807937383652	0	2.6564570069313	0	3.15674370527267	0	0	0	0	0	0	0	0	9.13309872150421	0	0	0	0	0.66071343421936	0	0	0	0	25.2183101177216	3.08507788181305	0	0	0	5.47951793670654	0	0	4.43673658370972	0	0	0	0	17.4177389144897	0	0	0	0.49957212805748	0	0	0	34.581190764904	0	6.10854297876358	0	0	0	77.8454707860947	0	0	0	0	0	0	0	0	0	0	0	0	4.4933100938797	0	0	9.26747047901154	0	0	0	0	0	0	4.22610825300217	4.11481672525406	0	0	0	0	28.2262653112411	0	8.43784707784653	0	37.7334971427917	37.1022706627846	0	0	0	4.92212694883347	0	0	0	4.83606451749802	0	0.997366696596146	0	0	3.73575311899185	0	0	47.2573524415493	16.474271774292	0	0	0	0	0	0	0	1.89842879772186	0	17.7528893947601	19.4709479808807	0	0	0	0	0	0	0	0	0	0	0	0	0	7.00906068086624	2.07191848754883	0	0	0	0	2.76076817512512	0	0	0	0	6.47363936901093	0	0	47.7076144516468	9.17045521736145	0	0	0	0	1.04282760620117	3.0904575586319	0	6.27886140346527	0	0	0	17.4749261140823	0	0	0	0	0	5.67697888612747	6.73597359657288	0	0	0	0	0	0	0	5.03248524665833	0	0	0	3.20750284194946	0	0	0	0	0	0	0	0	0	0	0	0	0	0	0	1.57422941923141	0	0	0	1.89449799060822	0	3.16460776329041	5.4390577673912	0	0	0	0	0	0	0	50.8158795833588	0	0	0	0	0	0	0	2.64425897598267	0	0	0	0	0	0	0	0	0	0	0	42.0876591205597	0	0	26.9253768920898	14.9423958063126	0	0	0	0	0	0	0	0	0	7.7860563993454	0	0	0	0	0	3.27467489242554	0	0	0	1.25083255767822	2.78676414489746	0	0	0	0	17.4977750778198	0	0	0	0.991925358772278	0	0	0	95.4362344741821	0	0	0	0	0	0	0	0	0	0	0	0	0	0	0	2.15392410755157	10.2195252180099	0	0	0	0	0	0	2.50460678339005	0	0	1.78719401359558	0	0	0	0	0	0	6.16820287704468	0	33.706827044487	0	0	0	0	0	0	0	0	5.29873776435852	9.72081077098846	0	0	1.14850762486458	0	0	0	0	0	0	0	0	0	0	0	0	0	0	0	0	0	0	0	0	0	0	0	0	0	0	0	1.14793956279755	2.83015006780624	0	0.61760288476944	0	0	3.51915609836578	0	8.25232315063477	0	0	0	0	0	0	0	0	0	0	0	2.89470076560974	0	0	0	0	0	0	0	0	0	0	0	0	0	0	0	23.5931438803673	0	0	0	0	0	5.8638322353363	0	4.15710341930389	0	8.28875356912613	0	0	0	0	0	0.967434406280518	0	0	0	4.50744771957397	0	1.17780816555023
Tunar	0	0	0	0	0	0	0	0	0	0	0	0	0	0	0	0	0	0	0	0	0	0	0	0	0	0	0	0	0	0	0	0	0	0	0	0	0	0	0	0	0	0	0	0	0	0	0	3.58744716644287	0	0	0	0	0	0.892699778079987	4.04511308670044	0	0	1.19169044494629	0	0	0	0.588961243629456	0	0	0	0	0	0	0	0	0	0	0	0	0	0	0	0	0	1.77634036540985	1.5409774184227	0	0.620972990989685	0	0	0	0	0	0	0	1.85389089584351	0	0	0	0	0	0	0	0	0	0	0.725607633590698	0	0	0	0	0	0	2.32748514413834	0	0	0	0	0	0	0	2.175352871418	0	0	0	0	0	0	0	0	0	0	0	0	0	0	0	0	0	1.33914649486542	0	0	0	0	0	1.13051903247833	0	0	0	0	0	0	0	0	0	0	0	0	0	0	0	0	0	0	0	0	1.19216775894165	0.509874761104584	0	0	0	0.55924117565155	0	0	0	0	0	0	0	0	0	0	5.1057962179184	0	0	0	0	0	0	0	0	0	0	0	0.391314893960953	0	0	0	0	0	0.915490686893463	0	0	0	0	0	0	0	0	0	0	0	0	0	0	0	0	0	0	0	0	0	0	0	0	0	0	1.58085083961487	1.79774081707001	0	0	0	0	0	0	0	0	0	0	0	0	0	0	0	0	0	0	0	0	0	0	0	0	0	0	0	0	0	1.61616277694702	0	0	0	0	0	0	0	0	0.866716742515564	0	0.582012236118317	0	0	0	0	0	0	0	0	0	0	0	0	0	0	0	0	0	0	0	0	0	0	0	0	1.65402746200562	0	0	1.75431954860687	0	0	0	0	0.598926603794098	0	0	0	0	0	0	0	0	0	1.40438890457153	0	3.6628098487854	0	0	0	0	0	0	0	0	0	0	0	0	0	0	0	0	0	0	0	0	0	0	0	0	0	0	0	3.33295392990112	0	1.25498306751251	5.81150847673416	0	0	0	0	0	0	0	0	0	0	0	0	0	0	0	0	0	0	0	0.534590899944305	0	0	0	0	2.14305567741394	0.494030773639679	0	0	0	0	0	0	0	0	0	0	0	0	0	0	0	0	0	0	0	0	0	1.66914647817612	0	2.59146910905838	0	0	0	0	0	0	4.16104525327682	0	0	0	2.71443283557892	0	0	0	0	0	0	0	0	0.6417076587677	2.18411320447922	0	0	0	0	0	0	0	0	0	1.90152382850647	0	0
Ubash3b	0	0	0	0	0	0	0	0	0	0	0	0	0	0	0	0	0	0	0	0	0	0	2.08492815494537	0	0	3.82413578033447	0	0	0	1.10411977767944	0	0	0	1.2362008690834	0	0	0	0	0	11.2493408322334	0	0.552404582500458	0	0.681914627552032	0	7.46153903007507	0	0	0	0	0	0	0	0	0	0	0	0	0	0	0	1.47660785913467	0	0	0	0	0	0	0	0	0	0	0	0.756921112537384	0.466022580862045	0	0	0	0	0	0	0	0	0.807516276836395	0	0	0	0	6.42819446325302	0	0	0	0	0	0	0	0	0	0	0.778995037078857	0	0	0	0.51602441072464	0	0	0	0	0	0	0	0	24.3509981632233	0	0	0	0	0	1.76397228240967	0	0	4.08819589018822	0	10.2385039329529	0	0	0	0	0	0	0	0	0	0	0	0	11.7950457334518	0	0	0	0	0	0	0	0	6.29373782873154	0	0	0	0	0	0	0	0	0	0	0	2.81572544574738	0	0	0	0	0	0	0	0	0	0	0	0	10.9152629375458	0	0	0	0	0	1.84197020530701	0	0	0	0	0	0	3.50533437728882	0	0	0	0	1.95972174406052	0	0	0	0	0	0	0	0.73277747631073	0	0	0	0	0	0	0	0	0	0	0	8.08883458375931	0	8.6682356595993	0	0	0	0	0	0	0	0	0	0	0	0	0	1.09385418891907	0	0	0	0	0	11.7614055871964	0	17.3533245325089	0	17.3850254416466	0	9.94340139627457	2.01247602701187	11.3203500509262	0	7.05372208356857	4.97960662841797	0	0	0	0	1.46334779262543	0	0	17.4752869606018	19.2578716278076	0	0	0	0	0	0.879257380962372	0	0	0	0	0	0	0	0	13.4526121616364	0	0	0	0	0	0	0	0	0	0	0	0	0	0	3.05646574497223	0	0	0	1.21916747093201	0	0	0	13.6825667619705	15.4073408842087	0	0	0	0	0	0	0	0	0	0	0	0	0	0	0	17.3257566690445	0	0	0	0	0	0	0	0.498212367296219	2.79727637767792	0	0	0	0	0	0	0	0	0	0	0	0	1.40375965833664	0.826165974140167	0	17.2639870643616	0	5.64725971221924	0	0	0	0	0	0	1.84243339300156	0	0	0	0	0	0	0	0	0	0	4.12812924385071	0	2.0475789308548	0.514138102531433	0	0	0	22.3727579116821	0	0	0	0	0	0	0	0	2.21228909492493	0	0	0	0	0	0	0	0	0	0	0	0	0	0	0	0	0	0	14.8675864934921	10.3144130706787	0	0	0	0	0	0	0	0	0	0	0	0	0	0	0	0	0	0	0	0	8.68121111392975	0	4.01865231990814	0	5.974429666996	0	0	0	0	0	0	0	0	0	0	0	0
Unc13c	0	0	0	0	0	4.83619260787964	0	0	0	0	0	0	0	0	0	0	0	0	0	0	0	0	0	0	0	3.82413578033447	0	0	0	0	0	10.4148902893066	0	0	0	0	0	0	0	0	0	0	0	0	4.24429941177368	0	0	0	0	0	0	0	0	0.638091146945953	0	0	0	0	0	0	0	0	0	0	0	0	0	0	0	0.807379186153412	0	0.694356262683868	0	3.91076558828354	0	0	0	0	0	0	0	0	0	0	0	0	0	0	3.2072771191597	0	0	0	0	0	0	0	0.590138018131256	0	0	0	0	1.85061526298523	0	0	0	0	0	0	0	0	1.15967619419098	0	0	0	0	0	8.75976324081421	0	0	0	1.66800796985626	0	0	0	0	0	0	0	0	0	0	0	0	0	0	0	0	0	0	0	0	0	0	0.88137298822403	0	0	0	0	0	0	0	0	0	0	0	0	0	0	0	0	0	0	2.78392714262009	0	0	0	0	11.9135129451752	5.03960990905762	0	3.57291388511658	0	0	0.521413803100586	0	1.51712083816528	0	0	0	0	0.962089776992798	0	4.67237138748169	0	0	0	0	1.75133204460144	0	0	0	1.06435632705688	0	0	0	0	0	0	0	0	0	0	0	0	0	0	0	0	0	0	0	0	1.56943541765213	0	0	0	0	0	0	0	0	1.43271839618683	0	0	4.57813835144043	0	0	0	1.28463926911354	1.27978825569153	0	0	0	0	0	0	0	0	0	0	0	0	0	0	0	0	0	0	0	0	0	0	5.77192670106888	0	0	0	0	0	0	0	4.85934662818909	19.5501952171326	0.997656941413879	0	0	0	0	0	0	0	0	0	0.77660071849823	0	0	0	0	0	0	0	0	0	0	0	0	0	0	0	0	0	0	0	0	0	0	0	0	0	0	0	2.01972210407257	2.8574481010437	0	0	0	0	0	2.68761077523232	0	1.68230885267258	0	1.36581408977509	0	0	0	0	0	0	0	0	0	0	0	1.52381080389023	0	0	0	0	0	0	0	0	0.704245388507843	0	1.03301382064819	0	0	0	0	0	0	0	0	0	0	0	0	0	0	0	0	0	0	0	0	0	0	0	0	0	0	0	0	1.25106346607208	0	4.76611629128456	0	0	0	0	0	0	0	0	0	0	0	0.604323029518127	0	0	0	0	0	0	0	0	0	0	0	0	0	0	0.56477963924408	0	0	0.751631796360016	2.5538455247879	1.09864664077759	0	0	1.68367552757263	0	1.09602057933807	0	0	0	0	0	1.73019313812256	0	0	1.8582706451416	0	0	0	0.917958080768585	0	0	0	0	0	0	0	0
Unc5b	0	0	0	0	0	0	0	0	2.64780670404434	0	0	0	0	0	0	0	0	0	0	0	0	0	0	0	0	0	0	0	0	6.46386897563934	0	0	0	0	0	1.69749885797501	0	0	0	0	0	0	0	0	0	0	0	0.820283114910126	0	0	0	0	21.9697811603546	0	0	0	0	0	0	0	0	0	4.57037943601608	1.46145451068878	0	0	0	0	17.1617086529732	0	0	0	0	0	0	53.1157411336899	14.8802919387817	0	0	0	0	0	0	4.55629050731659	0	0	0	0	0	0	0	0	0	0	0	0	0	0	0	0	0	5.233034491539	4.51519006490707	0	3.0589907169342	0	0	0.939818680286407	25.9212490916252	0	0	0	0	0	0	0	0	0	0	0	6.88545525074005	15.3971739113331	0	0	0	0.650788605213165	0	0	0	0	0	0	0	0	0	0	0	0	0	0	0	0	0	0	0	0	0.504377722740173	0	0	15.6813290119171	0	0	10.5213272571564	0	3.69411826133728	3.04816418886185	0.845874667167664	0	0	0	0	0	9.29924869537354	2.6234917640686	0	0	0	0	0	0	8.43562459945679	0	0	1.41613054275513	0	0	0	0	0	0	6.47612583637238	0	0	0	0	0	5.15079176425934	0	0	0	0	0	0	0	49.0802245140076	0	0	0	0	0	0	0	0	20.9020977020264	0	0	0	0	2.51002615690231	0	0	0	0	0	0	0	0	0	0	1.89449799060822	0	0	0	0	5.77389550209045	0	3.40538775920868	0	0	0	49.2107453346252	0	0	1.38841819763184	0	2.24699974060059	0	0	0	0	0	0	0	0	0	0	0	2.56423449516296	0	0	0	0	0	17.9768598079681	0	0	0	0	0	0	0	0	0	0	0	0	0	4.27149856090546	0	7.56754040718079	0	0	0	0	0	0	0	0	0	0	0	0	0.907619416713715	0	0	0	0	0	3.78338253498077	30.0265066027641	0	0	0	0	0	0	0	0	0	0	0	0	0	0	0	0	0	0	0	9.21007633209229	2.52902370691299	0	0	0	0	0	0	0	0	0	1.65337646007538	0	0	0	0	0	0	0	0	0	0	0	0	0	0	1.51649403572083	0	0	0	0	18.3518115282059	0	0	0	0	0	0	0	0	0	0	0	0	0	0	0	0	0	0	0	0	0	0	0	0	0	0	0	0	0	0	0	0	4.12616157531738	0	30.8186457157135	0	0	0	0	0	0	0.689301788806915	0	0	0	0	0	0	0	1.27420246601105	0.56823205947876	0	0	0	0	0	0	0.772840559482574	0.511746883392334	0	0	11.2966512441635	0	0	1.9018383026123	0	4.18096363544464	5.57676553726196	0	0	0	0	0	0	0	0	2.48674893379211	0	0	0	0	0	0
Unc5d	0	0	0	0	0	0	0	0	0	0	0	0	0.573808014392853	0	0	0	0	0	0	0	2.67847067117691	0	0	5.25151926279068	0	0	0	0	18.2004787325859	0	0	0	8.04009467363358	0	0	0	0	0	0	0	0	2.20961833000183	0	0	12.6081475019455	0	19.182493686676	0	0	0	0	1.54253894090652	0	0	0	0	0	3.59536674618721	0	0	0	0	0	0	0	0	0	0	0	0	0	0	0	9.39177799224854	10.8394303321838	0	0	0	0	2.36845374107361	0	0	7.21230274438858	5.79254460334778	0	9.0898334980011	0	0	0	3.62086659669876	0	4.69031381607056	0	0	0	1.70865595340729	0	0	0	0	0	0	5.34396064281464	0	0	0	0	0	0	0	0	0	0	0	0	0	14.6846277713776	0	0	3.72899180650711	0	0	0	13.6398587226868	0	0	0	0	0	0	0	0	0	0	0	0	0	0	0	0	0	0	0	20.647224187851	0	6.96103632450104	0.504377722740173	0	0	0	0	0	0	0	0	0	0	0	0	0	0	0	0	0	0	0	0	0	0	0	0	0	0	0	0	0	0	0	0	0	0	0	0	0	0	0	0	0	0	0	0	0	0	0	0	0	0	0	0	0	0	0	0	4.8236198425293	0	6.76733738183975	8.78678452968597	9.37365573644638	8.22090214490891	0	0	1.52816689014435	0	0	0	0	0	0	0	0	0	0	0	0	0	6.18980121612549	0	0	0	2.68211078643799	0	0.433002799749374	0	0.704725980758667	0	6.60084962844849	0	0	0	0	19.9647781848907	0	0	0	0	0	0	0	0	0	0	0	4.3007190823555	0	0	0	0	0	0	0	0	0	13.5487507581711	0	12.38152384758	0	0	0	0	0.906615495681763	0	0	0	0	0	0	0	0	0	0	0	0	0	0	0	0	0	0	0	0	0	1.40885317325592	0	0	0	0	0	20.5242960453033	0	0	0	0	10.3357461690903	10.675589799881	0	0	0	0	0	0	2.79113262891769	0	0	0	0	0	13.152291059494	0	25.5996094942093	12.5347979068756	0	11.6047734022141	0	2.33498847484589	0	0	0	0	0	0	11.8063076734543	0	0	0	0	0	0	0	0	0	0	0	0	0	0	0	9.42844116687775	0	44.0879927873611	0	0	5.01146185398102	0	1.98719954490662	0	0	0	31.0187578201294	17.8464059829712	0	0	0	0	0	0	0	4.7534327507019	0	0	2.7328462600708	0	0	0	0	19.612254858017	0	19.2394157648087	0	25.9146891236305	0	0	0	0	0	0	0	0	0	0	0	0	49.1272106170654	0	0	0	0	0	0	16.2088382840157	25.9714637994766	0	0	0	0	0	0	0	0	21.1422913074493	0	0	43.8323886394501	0	0	7.38284361362457	0	0	0	0	0	0	0	0	0
Ust	0	0	0	0	0	0	0.563394963741302	7.36620670557022	2.45869827270508	0	0	0	0	0	0	0	0	0	0	2.90108871459961	0	2.00233203172684	0	0	0	0	0	4.87319326400757	0	0	0	0	0.532292544841766	0	0	2.84747499227524	0	0.981869041919708	0	0	0	0	0	0	0	0	0	0	0	0	0	5.39501768350601	0	0	0	0	0	0	0	0	0	0	0	0	0	0	0	0	0	0	0	0	0	0	0	0	0	0	0	0	0	0	0	0	0	0	0	1.14192795753479	0	0	0	0	0	0	0	0	0	0	0	0	0	0	0	0	0	0.466385036706924	0	0	0	0	13.3660480976105	0	10.0969880223274	0.757362723350525	0	0	0	0	0	0	0	0	0	0	0	0	0	2.52497041225433	0	0	5.66348725557327	0	0	0	0	7.0020991563797	0	0	2.79070675373077	0	0	0	0	0	0	0	0	0	0	2.25963819026947	0	0	0	0	0	0	0	0	0	0	0	5.25586462020874	0	0	0	0	2.39398556947708	0	0	0	11.4532923698425	1.77282166481018	8.72235202789307	0	7.42490988969803	0	0	0	0	0	0	4.43607413768768	0	0	0	0	0	0	0	0	0	4.01359474658966	0	0	0	0	0	6.23544383049011	0	0	0	4.15186703205109	0	0	0	0	0	0	20.8885045945644	0	0	0	0	0	9.35906809568405	0	18.3138372302055	0	0	0	0	14.954555273056	2.9534974694252	12.5726777911186	0	0	0	0	0	0	18.2924523353577	0	0	0	0	0	0	0	2.89999055862427	5.81264162063599	0	0	0	0	0	0	0	0	0	0	12.3561480045319	12.3538307547569	0	0	0	14.3909493088722	0	7.41971826553345	0	0	0	0	0	0	0	0	0	0	1.86747121810913	0	0	6.29678952693939	0	0	0	0	0	0	0	0	0	0	0	0	0	3.8589528799057	0	0	0	0	0	0	0	0	0	0	0	0	0	0	0	0	0	0	0	0	0	0	0	0	5.96637034416199	10.3463159799576	0	7.61286187171936	0	0	0	0	0	0	0	1.42874187231064	0	0	0	0	11.4581971168518	5.92337894439697	0	0	0	2.18704101443291	0	0	0	0	0	0	0	0	0	0	2.72646999359131	0	0	0	0	0	0	0	8.3689683675766	0.726719737052917	0	0	0.610745072364807	0.882266640663147	0	14.5394497513771	0	0	0.502709925174713	0	0	11.0177459716797	0	0	0	0	0	5.30382633209229	0	0	0	2.80522346496582	3.99465465545654	0	0	0	0	0	0	0	0.953804433345795	0	0	0	0	0	0	0	0	0	0	0	3.83952927589417	0	0	0	6.57061040401459	0	0	0	5.9360813498497	0	0	0	0	0	0	0	0	0	0	0	0	0	0	0	0	25.8135454654694	0	0	0	2.33592450618744
Vipr2	0	0	0	0	0	0	0	1.0978776216507	0	0	0	0	0	0	0	0	0	0	0	0	0.766971707344055	0	0	0	0	0	0	0	0	0	0	0	0	0	0	0.715175628662109	1.07656902074814	0	0	0	0	0	0	0	0	0	0	0	0	0.535126388072968	0	0	0	0	0	0	0	0	0	0	0	0	0	0	0	0	0.390418589115143	0	0	0	0	0	0	0	0	0.571746945381165	0	0	0	0	0	0	0	0	0	0	0	0	0	0	0	0	0	0	0	0	0	0	0	0	0	0	0	0	0	0	0	0	0	0	0	0	0	0	0	0	0	0	0	0	0	0	0	1.13720321655273	0	0	0	0	0	0	0	0	0	0	0	0	0	0	0	0	0	0	0	0	0.62914514541626	0	0	0	0	0	0	0	0	0	0	0	0	0	0	0	0	0	0	0	0	0	0	0	0	0	0	0	0	0	0	0	0	0	0	0	0	0	0	0	0	2.19570994377136	0.416383385658264	0	0	0	0	0	0	0	0	0	0	0	0	0	0	0	0	1.47327423095703	0	3.24178075790405	0.448114782571793	0	0	0	0	0	0	0	0	0	0	0	0	0	0	0	0	0	0	0	0	1.36320269107819	0	0	0	0	0	0	0	0	0	0	0	0	0	0	0	0	0	0	0	0	0	0	0	0	0	0	0	0	0	0	0	0	0	0	0	0	0	0	0	0	0	0	0	0	0	0	0	0	0	0	0	0	0	0	0	0	0	0	0.381184816360474	0	0	0	0	0	0	0	0	0	0	0	0	0	0	0	0	0	0	0	0	0	0	0	0	0	0	0	1.48636117577553	0	0	0	0	0	0	0	0	0	0	0	0	0	0	0	0	0	0	0	0	0	0	0	0	0	0	0	0	0	0	0	0	0	0	0	0	0	0	0	0	0	0	1.65243273973465	0	0	0	0	0	0	0	0	0	0	0	0	0	0	0	0	1.17315524816513	0	0	0	0.699456751346588	0	0	0	0	0	0	0	0	0	0	0	0	0	0	0	0	0	0	0	0	0	0	0	0	0	0	0	0	0	0	0	0.958076179027557	0	0	0	0	0	0	0	0	0	0	0	0	0
Vtn	0	0	0	0	59.1690112352371	0	0	0	0	0	0.781149685382843	0	0	0	2.20453286170959	0	0	0	0	0	0	0	0	0	0	1.93481647968292	0	0	0	0	0	0	0	0	0	0	0	0	0	0	0	0	0	0	0	0	0	5.85501676797867	0	0	0	0	1.86762297153473	0	0	0	0	0	0	2.41851079463959	0	0	3.8586437702179	0	0	0	0	0	0	0	0	0	0	0	0.776455283164978	0	0	0	0	0	0	0	0	52.5024777650833	7.27406120300293	0	0	2.41746068000793	3.38748341798782	0	0	0	0	0	0	0	0	0	0	0	0	0	0	0	0	3.20623534917831	0	0	0	0.82079941034317	0	0	0	0	0	27.659974694252	0	0	0	0	0	0	0	0	88.784248650074	0	0	0	0	16.5501511096954	0	0	0	0	0	63.4256838560104	0	0	0	0	0	0	0	0	0	0	0	0	0	0	0	0	0	0	1.16725867986679	5.0313104391098	0	1.08704686164856	0	0	4.74700438976288	0	113.960703313351	0	0	3.55798053741455	0	0	0	0	0	0	0	0	0	0	0	0	0	0	4.38688385486603	0	0	45.2745850086212	2.22552621364594	0	0	0	0	73.0919908583164	0.766793668270111	0	3.32469964027405	100.811389684677	0	0	0	0	0	0	0	0	0	0	0	4.03712600469589	0.968715369701385	0	0	0	0	0	0	29.4982858896255	0	0	0	0	0	0	0	0	0	0	0	0	0	0	0	0	1.82000124454498	0	0	0	0	0	0	0	0	0	0	0	130.425471365452	0	0	0	45.8838573098183	0	0	0	0	0	0	0	0.619722425937653	0.972543120384216	0	0	0	0	0	0	159.208647012711	0	0	0	0.440700620412827	0	1.26656717061996	0	0	0	0	0	0	0	0	0	0	0	0	0	0	0	0	0	0	0	0	5.8424112200737	0	0	0	2.71250343322754	0	0	0	0	0	0	0	0	0	0	0	0	1.40533995628357	209.05535531044	0	3.32531404495239	106.904249668121	0	0	0	0	0	0	0	0	0	0	0	0	0	46.9605660438538	0	0	0	0	0	0	16.8424090147018	29.2861793637276	0	0	0	0	0	0	0	0	0	0	0	7.36042898893356	0	8.8654237985611	0	0	0	2.53988355398178	0	0	0	0.488965749740601	0	0	0	0	0	1.57189172506332	0	0	0	0	0	33.1911759376526	1.33902341127396	0	0	97.9484948217869	0	0	0	0	0	0	0	0	0	165.959444046021	0	0	0	0	2.45856201648712	0	0	0	0	3.06495130062103	0	129.666824102402	0	0	0	0	0	0	0	0	0	0	0	0	0	0	0	0	0	0	0	0	0	0	12.9805610775948	0	0	0	0	0	63.2045092582703	0	0
Vwc2	0	0.510439038276672	0	0	0	0	0	1.0978776216507	0	0	0	0	0	0	0	0	0	0	0	0	0	0	0	0	3.34340977668762	0	0	0	0	0	0	0	2.80129766464233	1.31414020061493	0.576845526695251	0	0	0	0	0	0	0.552404582500458	0	0	0	0	0	1.95971548557281	0	0	0	0	1.19182515144348	0	0	0	0	7.71380978822708	0.892130255699158	0	0	0	0	0	0	0	0	0	0	0	1.94498914480209	0	0	0	0	0	0	0	0	0	0	0	0	2.98362958431244	0	0	0	0	0	0	5.2986752986908	0	0	0	0	0	0	0	0	0	3.51949107646942	0	0	1.42047274112701	0	0	0	0	0	2.00780391693115	6.29290294647217	0	0	0	0	0.636152327060699	0	1.24317479133606	0	0	0	0	0	0	0	0	0	0	0	0	0	0.897536635398865	0	0	0.737523794174194	0	0	0	0	0	0	0	0	0	0	0	0	0	0	0	2.34611868858337	0	0	0	0	0	0	0	0	0	0	0	0	0	0	0	0	0	0	0	4.17594647407532	0	0	0	6.81040596961975	0	0	0	0	0	0	0	0	0	1.1789813041687	6.12059772014618	0	0	0	0	0	0	0	0	0	0	0	0	0	0	0	0	0	0	0	0	0.968715369701385	0	0	6.64357614517212	0	0	0	0	0	0	1.05383849143982	0	0	0	1.14832651615143	0	2.45728188753128	0	0	0	0	0	0	0	0	0	0	0	5.22294664382935	0	0	0	0	0	0	0	0	0	0	0	0	3.73298838734627	0	0	0	0	3.08914959430695	0	0	0	0	0	0	0.96302318572998	0	0	0	0	0	0	0	0	0	2.67575746774673	0	0	0	0.515525698661804	0	0	0	0	0	0	0	0	0	2.11113476753235	0	0	0	0	0.846068739891052	3.81882905960083	0.66382098197937	0	5.43671101331711	0	0	0	0	0	0	0	0	0	0	0	0	0	0	0	0	0	0	0	0	0	0	0	1.59547460079193	3.17563903331757	0	0	0	0	0	0	0	0	0	0	0	0	4.87809073925018	0	0	0	0	0	0	0.442558974027634	0	0	0	0	0	0	0	0.577502191066742	0	0	0	0	0	0	0	0	0	0	0	0	0	0	0	0	0	0	1.05400085449219	0	0	0	0	0	0	0	2.50097292661667	0	0	0	0	0	0	0	0	0	0	0	0	0	0	0	0	0	0	0	0	0	0	0	0	0.896435916423798	0	0	0	0	0	0	0	0	0	0	0	0	0	0	0	0	0	0	0	0	0	1.59817761182785	0	0	0	0
Wipf3	0	0	0	0	0	0	0	0	8.7412822842598	0	0	0	0	7.09232401847839	0	0	0	2.35341638326645	0	0	0	0	0	0	0	0	0	0	0	0	0	0	0	21.4166244268417	0	0	0	0	0	24.6815767884254	1.69019448757172	0	0	0	0	0	36.6841715574265	0	0	0	0	0	38.162305355072	0	0	29.9816843271255	0	0	0	0	40.449892103672	0	0	0	0	0	30.9966577291489	0	0	0	0	0	0	0	0	77.1113012433052	31.9634582996368	0	0	13.8347766399384	0	0	0	0	0	0	0	0	15.2399014830589	0	0	119.556100130081	33.3280560970306	0	0	0	0	0	0	6.26264590024948	306.397398352623	0	0	0	27.648894906044	0	0	0	0	0	0	0	0	0	0	0	0	0	0	0	0	0	110.206500768661	0	26.7432382106781	0	0	0	0	0	0	0	0	50.9435743093491	0	94.6191541552544	0	0	0	0	0	0	0	0	0	8.19284307956696	15.17165184021	14.0705505609512	0	0	0	0	0	0	94.9549887180328	0	0	0	0	0	0	0	0	0	0	0	0	0	0	0	0	0	0	0	0	0	0	0	0	0	0	0	259.478102207184	0	64.8845191001892	0	0	0	0	0	0	45.0535135269165	0	62.4515368938446	0	75.5887117385864	0	0	0	0	0	0	0	0	20.3832224607468	0	0	0	0	0	0	0	135.09365695715	0	0	0	0	0.776445657014847	0	0	358.434923171997	0	0	0	0	0	12.3110725879669	0	0	0	0	0	0	140.406803607941	0	0	0	0	0	0	0	0	0	0	24.3291410207748	0	0	0	57.2591321468353	0	0	0	169.675956964493	0	133.104249894619	0	0	0	0	0	0	0	0	0	0	0	0	0	0	0	0	0	0	0	0	0	0	0	0	0	0	0	0	0	0	0	0	0	0	0	0	0	0	0	0	3.44694066047668	0	0	175.745159029961	0	0	0	0	0	0	0	0	0	95.1737051010132	177.070289850235	0	0	0	0	0	195.28581571579	68.1967321634293	0	24.0383298397064	0	0	0	0	0	0	0	0	2.06999516487122	0	0	135.957790374756	0	136.090324640274	64.7440581321716	0	0	0	0	0	0	0	0	0	0	0	0	0	0	0	0	0	0	14.3357720375061	3.9397077858448	0	0	0	0	0	0	0	0	102.60482442379	0	0	4.87192863225937	15.826364338398	12.6386735439301	0	0	0	0	278.739674568176	0	0	0	0	0	0	0	0	1.13839995861053	1.37860357761383	108.12091088295	0	0	0	0	0	0	0	0	0	0	0	0	0	0	42.0582910776138	0	0	0	94.2649209499359	0	0	0	0	0	0	0	247.569845676422	0	0	0	0	0	0	0	0	0	0	0	1.86276704072952	0
Wnt7b	0	0	0	0	0	0	2.76100254058838	0	0	0	0	0	0	0	0	0	0	0	10.4444689154625	0	0	0	7.86837363243103	0	23.057559967041	0	0	4.1130747795105	0	0	18.4175867438316	0	0	0	0	0	0	29.42001080513	0	0	0	0	0	0	0	35.8678729534149	0	0	0	0	59.040725171566	0	0	0	6.31806588172913	2.27616053819656	0	0	0	0	0	0	0	0	0	0	0	0	130.050105333328	0	0	0	0	0	0	0	0	0	0	0	0	0	0	0	56.856388092041	0	0	0	0	4.76115119457245	0	4.94372153282166	0	31.8198094367981	0	0	0	0	0	0	0	3.38920909166336	0	66.0073148012161	0	0	136.187523543835	0	0	0	16.0508029460907	0	0	2.66742718219757	0	4.73726028203964	18.2551982402802	0	0	0	0	0	0	17.6293292045593	0	0	0	0	0	2.23483246564865	0	0	0	0	0	0	0	0	0.559210658073425	8.173255443573	0	0	0	0	0	0	0	0	22.7287367582321	10.7969440221786	9.5316264629364	0	11.3670481443405	0	0	28.5976982116699	0	0	0	0	0	0	0	0	0	111.988215684891	0	0	0	0	5.86259198188782	0	0	0	0	0	0	37.4702068567276	0	0	0	0	0	3.08429896831512	0	0	0	0	0	0	0	2.05824327468872	0	0	10.112620651722	0	0	0	0	0	0	0	0	0	0	0	0	0	0	0	0	4.59808450937271	0	0	21.7534453868866	0	0	0	0	0	0	0	0	0	0	0	40.6265811920166	31.754114985466	0	0	0	0	0	0	0	19.289431810379	0	0.756723463535309	0	0	0	1.70599067211151	0	0	0	0	0	0	38.5242311358452	0	0	0	0	0	14.9395858049393	0	0	2.784583568573	0	0	0	0	0	0	46.2167751789093	0	0	0	0	0	0	0	0	0	0	0	0	0	0	0	0	0	0	0	0	0	0	0	49.5990879535675	0	0	0	0	0	0	3.44694066047668	0	0	0	9.93586730957031	0	0	0	0	0	0	12.8532818555832	0	0	9.4328585267067	0	0	0	0	0	10.6102989315987	0	0	0	0	0	42.3195648193359	0	0	0	0	0	0	5.12976431846619	5.19413948059082	9.24404728412628	0	0	0	0	0	0	0	16.0553619861603	0	7.54283094406128	0	0	0	0	0	0	0	0	9.88669633865356	0	0	0	0	0	0	0	0	0	0	0	0	1.41897457838058	0	0	0	20.9196150302887	0	0	0	0	0	0	0	0	0	3.10678079724312	0	0	0	5.71926754713058	0	0	6.22599387168884	0	0	0	0	0	0	0	0	0	0	0	0	0	0	0	0	0	15.2939623594284	0	0	0	0	4.91689342260361	0	8.75780141353607	0	0	0	0	0	0	0	1.47843942046165	0	0	0	0	1.90152382850647	0	0
Zfp804b	0	0	0	0	0	0	0	0	0	0	0	0	0	0	0	0	0	0	0.58878082036972	0.587228298187256	0	0	0	4.521528840065	0	0	0	0	0	0	0	0	0	3.44686555862427	0	0	0	0	0	0	0	1.10480916500092	0	0.697452008724213	0	0	5.19473910331726	0	0	0	0	0	0	0	0	0	0	0	0	0	0	0	2.07475000619888	0	0	0	0.643424332141876	0	0	0.452131897211075	0	0	0	0	0.776455283164978	0	0	0	0	0.866613209247589	0	0	0	0	0	0	0	0	0	0	0.709909319877625	0	0	0	0	1.46361649036407	0	0	0	0	2.72856694459915	0	0	5.76252502202988	0	1.47863355278969	0	0	0	0	0	0	0	0	0	0	0	0	0	0	0	1.9472903907299	0	0	0	0	0	0	0	0	0	0	0	0	0	0	0	0	0	0	0	0.956334888935089	0	0	0	0	0	0	0	0	0	0	0	0	0	0	0	0	0	0	0	0	0	0	0	0	0	0	0	0	0	0	0	0	0	1.54494214057922	0	0	0	0	0	1.61226832866669	0.850665867328644	0	0	0	0	0	0	0	0	0	0	0	0.659587144851685	0	0	0	0	0	2.29052019119263	0	0	0	0	0	0	0	0	0	0	0	0	0	0	0	0	0	0	0	0	0	0	0	0	0	0	0	0	0	0	0	0	0	0	0	0	0	0	0	0	1.24490165710449	0	0	0	3.41417247056961	0	0	0	1.0002977848053	0	0	0	0	0	0	0	0	0	0	0	0	0	0	0	0	0	0	0.852388381958008	0	0	0	0	0	0	0	0	0	0	0	2.79599285125732	0	0	0	0	0	0	0	0	0	0	0	0	0	0	0	0	0	1.56310194730759	0	0	0	0	0	0	0	0	0	0	0	0	0	0	0	0	0	0	0	0	0	0	0.471018373966217	0	0	0	0	0	0	0	0	0	0	0	0	0	0	0.397863388061523	0	0	0	4.75095304846764	0	0	0.763927042484283	0	0	0	0	2.1251654624939	0	0	0	0	0	0	0	0	0	0	0	0	0	0	0	0	0	0	0	0	0.910948753356934	0	0	0	0	0	0	0	0	0	1.88649064302444	0	0	0	0.480967164039612	1.05638352036476	0	0	0	0	2.64630627632141	0	0	0	0	0	0	0	0	0	0	0	0	0.710648894309998	0	0	0	0	0	0	1.47697103023529	0.387508869171143	0	0	0	0	0	0	0	0	0	0	0	0.685217201709747	0
Vip	0	0	0	0	2.04344816505909	0	0	0	0	0	0	0.438498288393021	0	0	0	0	0	0	0	0	0	0	2.23018291592598	0	0	0	0	0	0	0	1.34146517515182	3.32324488461018	0	0	0	0	0	0	0	2.71563020348549	2.9772724211216	0	0	0	0	0	5.6985789462924	0	0	0	0	2.20645208656788	0	0	0	0	1.54032082110643	4.8505667001009	0	0	0	0	0	2.95030208677053	0	0	0	0	0	0	0	0	4.25723327696323	0	0	2.51456990838051	1.58032384514809	3.4088986441493	0	0	0	0	0	0	0	0	0	0	0	1.61076240614057	0	0	0	3.20005111396313	0	0	0	0	0.65864697098732	0	0	3.60332281887531	0	2.45424273610115	0	1.29610194824636	0	0	3.45159596204758	0	0	2.74686086922884	0	0	0	0	0	0	0	0	0	3.30180297791958	0	0	0	0	0	1.42559994012117	0	0.501202166080475	0	0	0	0	0	0	0	0	0	0	0	0	0	0	1.62374991923571	0	0	1.18881088495255	0	0	0	0	4.20904941856861	0	3.00142233073711	0	0	4.96531102061272	0	0	0	0	1.28660839796066	2.84962975233793	0	0	0	0	0	0	0	0	0	0	0	1.19104768335819	0	0	0	0	0	0	0	0	0	0	0	0	0	1.02237097918987	0	1.42704730480909	0	0	2.61351047456264	0	0	0	0	0	7.43263432383537	0	0	1.48075795918703	0	0	0.988927997648716	0	0	0	3.00973816215992	0	0	1.71046394109726	2.55840867757797	1.69271691143513	3.25460080802441	0	0	0.323152057826519	0	0	0	0	0	0	0	0	0	0	0	1.85718778520823	0	0	0	0	0	0	0	0	11.7582939714193	0	0	0	0	0	0	0	0	0	0	0	0	0.900371588766575	2.61074239015579	1.84936153888702	0	0	0	0	0	0	0	0	0	0	0	0	0	0	0	3.4708344489336	0	0	1.11081528663635	0	1.22920356690884	0	7.40630182623863	0	2.15084394067526	0	0	0	0	0	1.45551443845034	0	5.23469370603561	0	0	0	0	0	0	0	0.773979596793652	0	0	1.89861822593957	0	0	0	0	0	0	0	4.03880700469017	2.04610555619001	3.34997846186161	0	0	0	0	0	0	0	1.5444307923317	0	0	0	0	0	0	0	0	0	0	0.939273595809937	3.31960014998913	0	0	5.26413241028786	0	0	0	0	0	1.27399358153343	1.57992882654071	0	0	0	0	0	3.30717168748379	0	0	0	2.69203332811594	0	0	0	0.502125009894371	0	0	0	0	0	0	0	0	0	0	2.22395589202642	0	1.24821262061596	0	0	0	0	3.29553771018982	0	0	3.09525544941425	0	0	0	0	0	1.83072915114462	0.678269315510988	0	0	0	0	10.3892963826656	0	0	1.77051237225533	0	0	2.26908233016729	0	1.01955931633711	0	0	0	12.3239366970956	0	0	3.38878582790494	0	0	0.883585192263126	0	0	0	0	14.0456137061119	0	0	0.120524905622005	0	0	0	0.599411472678185	0	0	11.7862300798297	0	0	0	0
Calb1	0	0	0	0.0751221626996994	0	0	0	0	0	0	0.0403173882514238	0	0	0	0	0	0	0	0	0.983686432242393	0	1.00232165772468	0	0	0	0	0	0	0	0	0	0	0	0	0	0	0	0	0	0	1.79096126556396	0	0	0	0	0	2.48813616065308	0	0	0	0	0	0	0	0	0.416361521929502	0.188244989141822	0	0	0.722305547446012	0	0	0	3.10896302759647	0	0	0	0	0	0	0	0	0	0	2.42253340780735	0	0.360921710729599	0	0	0	0	0	2.61954135447741	0	0	0	0	0.474050987511873	3.27363967895508	0	0	0	0.724982801824808	0	0.879410208202899	0	0	0.504451997578144	0	1.50739580392838	0	0	0	0	0	0	0	0	0	0	0	0	0	0	0	0	0	0	0.159112691879272	5.71452781930566	0	0	0	0	0	0	0	0.214991909684613	0	0.253570362925529	0	0	0	0	0	0	0	0	0.878791347146034	0	0	0	0	0	0.997181558515877	0	0	0	0	0	0	0	0	0	1.05008742399514	1.3481881506741	0	0	0	1.3421703223139	0	0	0	0	0	1.43507261388004	0.309492379426956	0	0	0	0	0	0	0	1.18898180685937	0	0	0	0.658411115407944	0	4.64563904702663	0	0	0	0	0	0	0	0.399478074163198	0	0	0	0	0	0	0	0	0.569279238581657	0	0	0	0	2.55649966001511	0	0	0	0	0.374373268336058	0	0	0	0	0	0	0	0	0	0	0	0	0	0	0	0	4.72193620353937	0	0.43895167671144	0	0	0	0	0.533291719853878	0	0	2.72236220538616	1.98767522722483	0	0.868444018065929	0	0	10.1304024383426	0	0	0	0	0	0.685172298923135	0.359630793216638	0	0	0	0.618037924170494	0	0.352478127926588	0	0	0	0	0	0	0	0	0	2.4842891767621	1.17582999402657	0	0	0.112885504961014	0	2.85364870354533	0.70725579932332	0.869622400030494	0	1.61378864198923	0	0	0	0	0	0	0	0	5.46751765534282	0	0	0	0	0	2.43109469674528	0	0	0	1.1288852468133	0	0.266423016786575	0	0	0	0	0	0	6.07960365712643	0	1.59321407787502	0	0.786261990666389	0	0	0	0	0	0	0	0	0	0	0	0	0	0	0	0	0	2.82307489216328	0	1.51834183931351	0	0	0	0	0	0	0	0	0	0.990345522761345	0.284430421888828	0	0	0	0	0.495812011882663	0	0	0	0	0	0	0	0	0	0	0	0	0	0	0	0	4.7387840077281	6.35860032588243	0	0	0	1.34447564743459	0	0.528867742046714	0	0	0	0	0	0	0	0	0	0	4.36993509531021	0	0	0	1.04768259823322	0.217843227088451	0	0	0	0	0	0	0	0	0	0	0	0	0	1.38306867331266	0	0	0	0	0	5.32108598947525	0	0	0	0	0	0	8.61353158950806	0	0	0	0	0	0	0	0	0.404170848429203	0	0	0	0	0	0
Gad2	0	0	0	0.36684662103653	0	0	0	7.84381452202797	4.50430998206139	0	0	0	0	0	0	0	0	0	0	0	0	0	0	7.85827030986547	0	0	0	0	0	0	0	0	7.06793528050184	0	0	0	0	0	0	6.80094827711582	0	0	0	6.55446511507034	0	0	0	0	0	0	8.10870540142059	0	0	0	5.58389091491699	0	0	0	0	7.77037438750267	0	0	0	0	0	0	0	0	0	0	0	3.12360709905624	0	0	0	0	0	0	0	0	9.05946226418018	3.370989844203	0	0	0	0	6.12887318432331	0	0	0	0	0	0	0	0	3.60443502664566	1.75586760044098	0	0	2.91914673149586	17.3617313504219	0	0	0	0	0	0	0	0	0	0	0	0	0	0	3.57851402461529	0	0	0	0	0	0	0	4.27691055834293	6.44754116237164	0	0	2.92904924601316	0	0.44051543623209	7.1921334862709	0	0	0	0	0	0	0	0	4.91781691461802	0	7.37606129050255	0	0	0	8.17120572924614	0	0	0	3.36279955506325	0	0	0	0	0	0	0	8.15833958983421	0	8.32615900039673	0	0	0	0	0	8.68487963080406	0	5.15886663645506	7.89824382215738	0	6.11574003100395	1.69620683789253	0	0	0	0	0	0	0	0	0	0	0	0	0	0	8.8695857077837	17.0256895422935	0	0	0	4.62443086504936	0	0	0	0	2.205940335989	1.87789541482925	0	0	0	0	0	0	0	0	0	0	0	6.1514228284359	6.60392719507217	0	0	3.7882821559906	0	0	0	0	0	0	0	0	4.66657890379429	0	0	0	2.78580333292484	0	0	8.04413241147995	0	0	0	0	0	7.59541757404804	0	0	0	0	0	0	0	0	0	0	0	0	0	0	0	0	0	0	0	4.81698244810104	0	1.29712079465389	0	8.08176928758621	8.25640547275543	0	0	3.49911439418793	0	11.6153383031487	0	2.37309618294239	0	0	0	0	5.23545470833778	0	3.21849548816681	0	0	0	0	0	0	0	0	0	2.21239519864321	0	0	0	9.50186479091644	0	2.54803694784641	0	0	0	0	0	0	0	0	0	6.74056902527809	7.61516158282757	0	0	0	0	5.71364170312881	0	0	0	0	0	0	0	12.6700450181961	0	0	0	0	0	5.31953313946724	0	0	0	0	0	0	0	0	0	0	0	0	0	0	0	0	0	0	0	0	0	0	0	0	0	0	0	0	0	0	1.4387195110321	0	0.947562575340271	0	0	0	0	0	0	0	0	0	0	0	3.01191733032465	0	0	6.86346578598022	0	0	0	0	1.95885170996189	6.96051120758057	0	6.17425689101219	0	0	10.811024159193	0	0	0	0	0	0	0	6.81339427828789	0	0	0	0	1.4307112544775	0.900062844157219	0	0	0	9.13329002261162	0	0	0	0	0	0	0	0	0	0	0	0	0	0	0	0	0	0	0	0.985209301114082	0.161053940653801	0	0	0	4.18833284080029	0
Tac2	0	0	0	0	1.30700279772282	0	0	0	0	0	0	0	0	0	1.05600940901786	0	0	0	2.21838034689426	0	1.06097111292183	1.85201799124479	0	2.16376608703285	0	0	0	0	0	1.31744442135096	0.477055486291647	0	0	2.00841878354549	0	0	0	0	0	0	0.890618896111846	0	0	0	0.541186161339283	0	1.37645905301906	0	1.15275197476149	0	0	0	1.71185903251171	0	0	0.607089292258024	0	0	0	2.38343722000718	0	0	0	0	0.381494170054793	0	0	0	0	1.08930679410696	0	0	0	0	0	1.96038789302111	0	0	1.70849611610174	0	0	0	0	0	0	0	0	0	0	0	0	0	0	2.2929579615593	0	0	0	0	0	0	0	0	0.895749270915985	0	0	0	0	0	0	0	0	0	0	0	0	1.13056830875576	0	2.200429758057	0	0	0	0	0	0	0	1.24937896803021	0	0	0	0	0	0	0	0	0	0.946320392657071	0	0	0.60898707062006	0	0	0	2.07345373928547	1.06115788966417	0	0	0	0	0	0	0	0	1.979407671839	0	0	0	0	0	0.0672306790947914	0	0	0	0	0	1.65396410226822	0	0	0	2.57706180587411	0.864456187933683	0	0.443825971335173	0	0	0	0	0	1.83455070853233	0.568433731794357	0.111218934878707	2.58020037412643	0	0	1.65632407367229	0	0.899661913514137	0	0	0	0.537788489833474	0	0	0	0	0	1.93356792628765	0	0	0	0	0	0	0	0	0	0.681618350557983	0	0	0	1.27797298133373	1.61215364560485	0	0	0	0	0	0	1.16718474030495	0	0	0	1.38379897177219	0	1.05691393092275	1.68597090616822	0	0	0	0	0	0	0	0	0	0	2.7166049964726	2.76512689888477	0	0.684149697422981	0	0	0	0	0	0	0	1.07967406883836	0	0	0	0	0	0	0	0	0	0	0	0	0	0	1.09184732567519	1.10607424750924	0	0	0	0	0	0	0	1.37173281610012	1.30471940338612	0	0	0	0.60112701356411	0	0	0	0	0	1.03824108839035	1.70780824497342	1.3727494161576	0	0	0	0	0	0	0	0	0	0.0895237103104591	0	0	0	0	0	0	0	0	0	2.05331863090396	0.932389732450247	0	0	1.51407351717353	0	0	0	0	0	0	1.5062708593905	0.889448126778007	0.582361601293087	0.796706017106771	2.16931161284447	0	1.10051232203841	0	1.13008829206228	0	0	0	0	0	0	0	1.0800616517663	0	0	0.605460856109858	1.56683447957039	0	0	0	0	0	0	0	0	0	0	0	0	0	0	0	0	0	1.57607134431601	0	0	0.351417236030102	0	0	0	0	0	0	0	0	0	0	0	0	0	0	0	0.976831063628197	0	0	0	0	0	0	0	0	0	0.259869173634797	0	0	0	1.24796760454774	0	0	0.68947221711278	0	0	0	0	0	0	0	0	0	0	0	1.57592681795359	0	0.401128238998353	0	0	0	0.26010636985302	0	0	0	0.95842744037509	1.39219836890697	0	0	0	0	0	0.385415576398373	0	2.2802461781539	0.874612167477608	0	0	0.543394114822149
Lamp5	0	0	0.0224270254839212	0	0	0	0	6.47369638085365	0	0	0	0	0	0	5.37544785067439	0	0	0	0	0	0	0	0	0	0	0	0	0	0	0	0	1.27373087033629	0.0943047581240535	0	0	0	3.55926914699376	0	0	0	3.74742262065411	0	0	0	1.55465820431709	1.03600387927145	0	0	1.66459344932809	0	0	0	0	0.830186708481051	0	0	0	0	0	1.89539684355259	0	0	0	0	0	1.77066465839744	0	0	0	1.09181846305728	0	0	0	1.55312637984753	1.30966791510582	0	0.635394379496574	0	0	5.00209491513669	0	0	0	0	0	0	0	0	2.3366629332304	0	0	2.2077871914953	0	0	0	0	0	0.579595141112804	0	0	0	0	0	0	0	0.655769009143114	0	1.67824540659785	0	0	1.89216352254152	0	0	0.747673407196999	0	0	0	0.806798178702593	0	5.97643346339464	0	13.5602741241455	0	2.82541473209858	0	0	0	2.83853304386139	0	0	0	2.36413240712136	1.72316290438175	0.910821918398142	0.510717434342951	0	0	0	0	0	0	0	9.19666731357574	0	0	0	7.35161149501801	0	0	0	0	1.4954477455467	0	0	0	0.277305936440825	0	0	0	4.00398381054401	0	0	0	0	0	0	0	1.4656127281487	0	0	1.62877414468676	0	0	0	1.24829173088074	0	0	0	0	0	0	0	28.5634326934814	0	0	0	0	0	4.26073557138443	0	0	0	1.58068882161751	0.367260077502578	0	0	0	0	0	0	0	0	0	0	0	0	0	0	0	0.233733542379923	0	0	0.644306022673845	0	0	0	0	0	0	0	34.2821810171008	0	0	0	0	0	0	0	0	0	3.4864857061184	0	0	0	0	0	0	0	0	0	18.2922599613667	0	0	0	0	0	0	0	0	0	0	0	1.57781543955207	0	0	1.2856537788175	0	0	0	0	0	0	0	0	4.1118610650301	0	0	6.90024499595165	0	5.20699604600668	0	2.68399694748223	0	0	0	0	0	0	0	0	0	0	0	0	0.693879125639796	15.0251922979951	1.87434925511479	0	0	0	0	0	0	0	0	0	0	0	0	0	0	0	0	0	0	0	0	0	0	7.24379152804613	0	0	0	0	0	29.6017789542675	0	0	0	0	0	3.15891055762768	0	3.85823098337278	0	0.298731381073594	0	0	0	0	0	0	0	13.2291387319565	0	0	4.01086612045765	0	0	0	0	0	0	0	0	0	15.2836557477713	0	25.8282677978277	4.96627724915743	0	0	0	0	2.05213693715632	0	0	0	0	14.8776977807283	0	0	20.769563049078	0	0	0	0	0	0	0	0	0	0	0	0	0	12.5277556926012	0	0	0	0	0	1.10029032826424	0	0	0	0	0	0	0	0	0	0	0	2.56211698427796	0	0	0	0	0	0	0	23.070641875267	0	0	0	0	0	0	0	0	0	0	0.0340669713914394	0.563698172569275	0	0	0.429418288171291	0	0	0	0	0	0
Cnr1	0.0808059237897396	0	0	0	0	0	0	0	0.278419317677617	0	0	0	0	0	0	0	0	0	0	0	0.389314152300358	1.46623962390004	0.669677307829261	0	0	0.319090195000172	0	0	0	0	0	0	2.3391617750749	1.55741440970451	0	0	0	0.426634349860251	0	0	0	0	0	0	0	0	0	0	0	4.72712365863845	0	1.0841617770493	1.44078512489796	0	0	0	0	0	0	0	0	1.20595769735519	0	0	0	0	0	0	0	0	0	0.38414659909904	0	0.00799491256475449	0	0	0	0	0	0	0.392989970743656	0	0	0	0.762604027986526	0	1.73018004931509	0	0	0	0.863234892487526	0	0	0.320554694160819	0	0.322094708681107	0	0.108059825375676	0	0	0	0	0	0	10.1083034235053	1.56832559406757	0	0	0	0	0	0	0	0.0817001517862082	0	0.0647190548479557	0	0.9539745002985	0.24353814125061	0	0	0	0	0	0	0	0	0	0	0	0	0	0	0	0	0	0.524417168460786	0	0.144475780427456	0.382596358656883	0	0	0	0	0	0	0	0	0	0	0	0	0.448524564504623	0	0	0	0	0.0419471981003881	0	0	0	0	0	0	0.210781380534172	0	0	0	0	0	0	0	0.38130082807038	0.116723832674325	0	0	0	0	0	0.0890315072610974	0	0	0	0	0	1.30197042971849	0	0	0	0.253495367243886	0	0	0.096978485584259	0	0	0	0.00317623047158122	0	0	0	0.214852064847946	0	0	0	0	0	0	0	0	0	0	0.477526030386798	0	0.250075280666351	0	0	0	0	0	0	0	0.368943482637405	0	0	0.388634582981467	0.102767646312714	0.055039644241333	0	0	0	0	0	0	0	1.4065643036738	0	0	0	0	0	0	0	0.251947484910488	0.246863667853177	0	0	0	0	0.181135474238545	0	0	0	0	0	0	0	0	0.208899404853582	0	0	8.66106420289725e-05	0.171373538672924	0	0	0	0	0	0	0	0	0	0	0	0	0	0	0	0.0173877067863941	0	0	0	0	0	0	0	0	0	0	0	0	0	0.00591428810730577	0	0.0220580603927374	0	0.0624468419700861	0	0	0.930675428360701	0	0	0.556948209181428	0	0.237802192568779	0	1.27647590637207	0	0	1.03197618946433	0.424725256860256	0	0	0.148006469593383	0.34306376054883	0	0.845382031984627	0	0	0	0	0	0	0	0	0	0	0	0	0	0	0	0	0	0	0	0	0	0	0	0	0	0.440077834762633	0	0	0	0	0	0.143810972105712	0	0	0.249597764573991	0	0.63372203707695	0	0	0	0	0	0	0	0	3.17760315351188	1.32375853508711	6.02447661769111	0	0	0	0	0.605046391487122	0	0	0	0	0	0.492131195962429	0	0.016561409458518	0	0	0	0	1.97081734612584	0	0	0	0	0	0.0526153668761253	0	0	0.0794426128268242	0	0.0503817112185061	0	0	0	9.18338671326637	0	0	0	0	0.29064822383225	0	0	0	0	0.00612045777961612	0	0.49357899883762	0	0	0	0	0	0.0720053389668465	0	0	0	0	10.706906247884	0.025825711665675	0	0	0
Pvalb	0	0	0	0	1.21378363668919	0	0	0	0	0.262056767940521	0.240020707249641	0	0	0	2.24850681424141	0	1.33940644562244	0	0	0	1.0228771455586	0	0	0	0	0	0	0	0	0	0	2.40576026588678	0	0	1.74121077358723	0	0	0	0	0	0	0	0	0	0	0	0	0	0	0	3.07306416332722	0	0	0	0	0	0	0	0	0	0	0	0	1.61402183398604	0	0	0	0	0	1.24293278902769	0	0	0	2.35244426876307	0	0	0	0	0	0	0	1.26738498732448	0	0	0	0	0	0	0	0	0	0	1.18934577703476	0	0	0	0	0	0.0791039792820811	0	0	0	1.52601214498281	0	0	0	2.13196805119514	0	0	0	0	1.94259338267148	6.19612998887897	0	0	0	0	2.43156011402607	0	0	0	0	2.31860950216651	0	2.13263873755932	0	0	0	0	0.182265892624855	0	0.589510228484869	0.902318409644067	0	0	0	0	0	0	0	0	0	0	0	0	0	0	0	0	0	2.31841040402651	1.31115475296974	1.43907671421766	0	0	0	0	0	0	1.5926504060626	7.24489568173885	0	0	0	0	1.74476229771972	0	0	2.4730422347784	1.17776276171207	9.57053046114743	0	0	0	2.77089508250356	0	0	0	0	0	1.8039984703064	4.04577973484993	2.24833568185568	0	2.0669281296432	0	0	0	0	0	0	0	0	0	0	0	0.753699868917465	0	0	0.3362110927701	0	0	0	0	0	2.08420010190457	0	0	0	0	0	5.12881399691105	0	2.1381276845932	0	1.46096543595195	0	0.922321647405624	0	0	0	0	4.1790357157588	6.53688871860504	0	0	0	2.80136767029762	0	0	0	0	0	0	0	0	3.59936814755201	0	0.709602024406195	0	0	0	1.67291162908077	0	1.9261741489172	5.55241894721985	0	0	2.05292388051748	0	0	0	0	0	0	3.76533210836351	0	0	0	0	0	0	0	1.81035982072353	1.89776161313057	17.6942867934704	3.96923746168613	0.765959739685059	0	0	11.3904198408127	0	0	0	0	0	0	0	0	0	0	0	0	2.89896350353956	0	2.16573362797499	0	0.893473468720913	2.87269950285554	0	0	0	0	0	0.300303827039897	0	0.609257092699409	0	0	0	3.57537158578634	0	0	0	1.76360210962594	0	0	0	4.30710664764047	0	0	0	0	0	0	0	0	0	2.04653875529766	0	0	0	1.65035889297724	0	0	0	0	0	0	0	0	0	0	0	0	0	0	0	3.50670763105154	0	0	0	0	2.81577630341053	4.7100113928318	0	0	2.67309270426631	0	0	0	0	1.18574379384518	0	0	0	0	5.10106325522065	0	0	1.22088579833508	0	0	0	0	0	0	0	0.166793659329414	0	0	0	4.68149410188198	0	0	0	2.20303912833333	3.18008936941624	0	0	0	0.521554425358772	0.849166207015514	0	4.13506512343884	0	0	1.9129976183176	0	0	0	0	0	0	0	0	0	0	0	0	0	0	0	0	0	0	0	0	4.73227602988482	0	3.81489041820168	0	0	0	0	0	0	0	0.0706535428762436	0	0	0	0	0.806748159229755
Sst	0	0.543075554072857	0	0	0	0	0	1.70195157825947	0	0	0.261459382250905	0.87250079959631	0	0	0	0	1.36434189975262	0	2.11600594222546	0	0	0	0	0	0	0	0.479101315140724	0.989578902721405	0	0	1.70324516296387	24.5341420397162	0	0	1.63179752975702	0	0	0	0	0	0	0	0	0	0	0	0	0	0	0	0	0	0	0	0	0	0	0	0	2.40488262474537	0	0	0	0	0	0	0	0	1.95804715156555	0	2.68077489733696	1.56836612522602	0	0	0	0	0	2.09687284380198	0	0	0	0	0	0	0	0	0	0.690030880272388	0	1.41934780776501	0	0	0	0	0	0	0	0	0.261658445000648	0	2.29033483099192	0	0	2.15066293627024	2.01827506162226	0	1.55114009231329	1.05835921317339	0	0	0	0	0	0.524058064445853	0	1.77672405540943	18.2385836690664	0	0.145487278699875	19.6440519690514	0	0	0	14.2069347761571	1.26221359521151	0	0	0	0	0.31747680157423	0	0	0	0	0	0	0	0	0	93.7959524840117	0	0	0	1.12665482237935	0	0	0	0	0	0	0	12.31875243783	0	2.28288723528385	0	2.57834065705538	0	0	0	1.1198673248291	0	1.41225137189031	0	0	0	0	0.549244979396462	0	0	0.754568189382553	0	0	0	29.6381466835737	0	0	0	35.0183423385024	0	0	0	0	0	0	0	0	1.82603403180838	0	0	0	0	0	0	1.97153455764055	0	2.57016395032406	0	0	0	0	2.38456849008799	0	0	0	0	1.6069971229881	0	0	0	0	0	0	1.70945361256599	0	0	0	0	0	1.11760815232992	0	0	0	0.909027151763439	0	1.90262022614479	0	0	0	0	1.97640316933393	0	0	0	0	0	0	0	0	0	1.53969728946686	0	1.21755210310221	0	2.03244431316853	0	19.7995762825012	0	0	0	0	0	0	0	0	4.08556999266148	0	0	0	0	1.08012186363339	0	0	0	1.67503247410059	0	0	0	0	0	17.1848754957318	0	0	1.348657540977	0	0	0	0.863827966153622	0	0	0	0	0	0	1.49851160496473	0	0	0	0	0	3.63179269433022	0	0	0	0	0	0	0	1.60681715607643	0	0	6.27071233838797	12.4600311592221	0	10.4501644447446	1.13155303895473	0.948734775185585	0	32.6313223615289	0	0	0	0	0	0	0	0	0	0	0	0	0	0	0	0	27.1401795372367	0	0	0	0	0	0	0	0	0	0	17.8414941467345	0	0	0	7.59687965177	13.3745603486896	1.51659765839577	0	1.89731194078922	0	0	0	0	0	0	0	0	0	0	0	0	0.364807851612568	0	1.11396334320307	0	0	0	0	0	0	0	0	0	0	0	0	0	0	0	0	0	0	0	2.06058996170759	0	1.2170827165246	0	0	0.768809319706634	0	0	0	0	0	0	0	0	0	0.600617732852697	0.459249600768089	7.11316628009081	0	0	0	0	0	1.55395034700632	0	0	0.614869087934494	0	0	0	0	0	0	0	0.16446316242218	0	0	0	0	0.180795148015022	0.0741303116083145	1.71620491892099	0	0	0.544317089021206	0
Rab3b	0	0	0.490392997860909	0	0	0	0	0	0	0	0	0	2.77017517387867	0	0	0	0	0	0	0	0	6.62491093575954	0	8.09701015800238	5.41774341464043	0	0	0	5.35725685209036	4.90643264353275	3.42218884825706	0	8.60653786361217	0	0	0	0	0	0	0	0	0	0	0	0	0	0	0	0	0	0	0	0	0	9.24240742623806	0	0	0	11.61401450634	0	0	0	8.94806019961834	0	0	0	0	0	0	0	5.75204662233591	4.25044092535973	0	0	6.78685916960239	0	0	4.97321991622448	6.19485607743263	2.77274666726589	0	0	0	2.5870184674859	0	0	0	0	0	0	0	0	0	7.37282460182905	0	0	0	0	0	0	0	7.89547963440418	0	0	0	4.46490171551704	0	0	0	0	6.16233724355698	5.5936486274004	0	0	3.77428245544434	0	0	0	0.325937330722809	6.85603202879429	0	6.03846734762192	0	0	4.62432070076466	0	0	3.27237188816071	5.70454116165638	0	0	0	0	0	0	0	0	0	0	0	0	3.91466188430786	0	4.34842759370804	0	0	0	0	0	0	0	0	0	0	0	0	0	0	0	2.26982187479734	8.96690961718559	0	1.53079655766487	3.83623205125332	0	0	0	0	0	0	0	0	0	3.76750954985619	0	0	3.84699073433876	0	1.22629541158676	0	0	0	6.63208983838558	0	0	0	0	13.9681980609894	0	2.7648114413023	0	0	0	0	0	0	0	0	0	0.294538155198097	0	0	0	0	0	0	0	0	0	0	9.11732365936041	0	0	5.37835472822189	0	0	0	0	1.92365758121014	0	0	5.99693304300308	0	10.5128943771124	0	0	0	0	0	0	0	0	7.53175316751003	6.43812173604965	0	10.5907886251807	0	1.31583626568317	0	4.06848334521055	0	0	0	0	0	0	0	0	6.11642172932625	0	0	0	14.6739051938057	0	0	0	0	0	0	0	0	0	0	0	0	0	5.67821983993053	0	0	14.4694022536278	0	0	0	0	0	0	0	0.570546828210354	0	0	4.7319688424468	0	0	0	0	0	0	3.27688939869404	0	0	2.82030819356441	0	0	0	0	0	0	0	0	0	0	0	0	0	0	0	0	0	0	0	0	0	0	0	0	5.42230762541294	0	3.18942539393902	0	0	0	0	0	0	7.9522964656353	0	7.55454310774803	0	0	0	0	0	0	0	0	7.61536628007889	0	0	0	0	0	0	0.791610449552536	0	0	0	0	0	0	0	0	0	5.16789270937443	1.05279345810413	0	0	0.448795057833195	0	0	0	0	0	4.69395776093006	0	0	0	0	0	0	0	0	0	10.0975971668959	0	0	0	0	0	0	0	0	1.11584007740021	0	0	6.36363977193832	0	0	3.8717193081975	0	0	0	0	0	0	1.09133699536324	0	0	5.52249127626419	0	0	10.4207371771336	0	4.36633358895779	0	0	0	0	0	0	8.23176701366901	0	0	0	0	0	0.768000274896622	0	0	0	0	0	0	1.11767905950546	1.35678745061159
Slc17a7	0.316784843802452	0	0	0	0	0	0	0	0	0	0	0	0	1.93009859323502	37.1468704342842	0	0	0	0	42.2384444475174	0	0	0	0	0	0	0.537586659193039	10.6304023861885	0	56.0586042404175	0	62.6810731291771	0	0	0	0	0	0	0	0	0	0	0	0	0	0	0	0	0	0	0	0	0	0	44.9906641840935	0	0	0	39.5622563362122	0	0	0	0	0	0	0	0	0	0	0	0	0	0	53.6943399906158	0	0	30.6165751814842	0	0	0	0	27.4221105575562	0	0	0	0	0	0	0	25.6455188989639	0	58.4678943157196	0	0	0	0	0	0	0	0	0	0	0	0	0	0	0	0	0	0	0	0	0	0	42.9269213676453	0	0	80.4652734994888	1.04451394081116	26.5900291800499	0	0	0	0	0	28.3282380104065	0	0	32.4359679222107	4.8386042714119	0	0	0	0	0	24.7792837619781	0	0	0	0	0	0	0	0	0	0	0	0	0	0	0	49.0032543540001	0	0	0	0	0	0	0	0	0	50.9182345867157	0	0	0	0	49.0075831413269	0	111.799943327904	28.5354069471359	0	0	0	0	0	18.5907829403877	0	48.7312840819359	0	0	0	0	88.9687601327896	0	0	0	0	0	0	0	0	0	0	0	0	0	0	0	0	0	0	0	0	0	0	0	0	0	0	0	0	43.2199187874794	0	0	56.0415624380112	26.2048224210739	0	0	0	0	92.625904917717	0	0	0	0	0	42.5231193304062	0	0	0	0	0	0	0	0	0	0	1.93016438186169	0	0	0	0	0	60.717124581337	0	0	0	0	0	0	0	0	0	0	0	48.4080837965012	0.297607362270355	0	0	0	0	0	26.8276070356369	0	0	0	0	34.244705915451	0	0	35.5731014609337	0	0	0	0	0	0	0	0	0	0	0	0	0	30.0719936490059	62.7755990624428	0	0	72.8148612976074	0	0	36.437918484211	0	0	1.91978317499161	0	0	0	0	35.3664007782936	45.4539006352425	0	41.0987512469292	0	0	0	0	0	0	0	0	0	0	0	125.344134807587	0	0	0	0	0	0	0	58.2558804154396	0	0	0	0	0	0	0	0	0	0	0	0	38.9593775868416	0	0	15.5326867699623	0	0	0	0	0	0	0	0	0	82.0140833258629	0	0	17.9423196315765	0	0	0	0	0	98.355998724699	25.819257080555	0	0	0	0	54.441066801548	0	25.5744093060493	0	0	0	14.2037562131882	0	0	0	0	36.3469577431679	59.9291572570801	0	0	0	0	0	1.60200996696949	0	0	0	0	81.6799738407135	0	48.1443945169449	0	0	0	0	1.14031262695789	0	0	0	0	0	0	0	0	0	0	0	0	0	0	49.6577170491219	96.1639609932899	73.0775186419487	0	0	0	0	0	0	0	0	0	0	0	0	0
Penk	0	0	0	0.0240745581686497	0	0.620086031034589	0	0	0.492226511240005	0.0688151270151138	0	0.162038890644908	0	0	0.89061638712883	0	0	0	0	0	0.869481764733791	0	0	0	0	0.345699347555637	0.132718122564256	0	0	0	0.922088280320168	0	0	0	0	0	0	0	0	0	0	0	0	0	0	1.76628188416362	0	0	1.7082511652261	0	0	0	1.07982504740357	0	0	1.03484454005957	0	1.67960218340158	0	0	0	0	0	0	0	0	0	0	0	0	0	0	0	0	0	1.19189179688692	0	0	0	0.579599760472775	0	0	0	0	0	0.753601798787713	0	0	0	0	0	1.85030962899327	0	0	0	0	0	0	0.180607683956623	0	0	0	0	0	0	1.14613160677254	1.92982888966799	0	0	0	0	0	1.50141273252666	0.539353981614113	0	0	2.85759019851685	0	0	1.00831270217896	0	0	0	0	1.47230238839984	0	0	0	0	0.189386177808046	0	0	0	0	0	0	3.24986092746258	1.53297959268093	0.363107824698091	0	0	0	0.90589751675725	0.714349191635847	0	0	0.51881442964077	0	0	0	0.867975488305092	0	0	0	0	0	0	0	0	0	0	0	0	0	1.29627084056847	0	0	0	2.22010971233249	0	0	0	0	0.395686123520136	0	0.674090258777142	0	1.69780950993299	0	0	0	0	0	0	0	0	1.41175469569862	0	0	0	0.990292686969042	0.681045778095722	0	0	0	0	0	0	0	0.0633563483133912	0	0	0	0	1.19969415292144	0	0	1.53588720411062	0	0	0	0	0	0	0	0	0	0	0.270202130079269	0	0	0	0	0	0	0	0	0	0.522677451372147	0	0	0.999219693243504	0	0	0	0	0	0	0	2.07239509746432	0	0	0	0	0.823544878512621	0	1.03091024793684	0	1.8665294200182	0.55690610408783	1.50794962048531	0	0	0.296553041785955	2.25020798295736	0	0	0	0	1.18285037204623	0	0	0	0	0	0	0	0	0	0	0.950520873069763	0	0	0	0	0	0	0	0	0	2.00852520950139	0	0	0	0	0	0	0	0	1.61165345460176	1.14694884419441	0	0	0	0.184655115008354	0.179361268877983	0	0	0	0	0	0	0	0	0	0	1.62028927356005	0	0	0	1.97923860698938	0	0	0	0	0	0	0	1.50048450566828	0	0	0	0	0	0	0	0	0.562524493783712	0	0	0	0	0	0	0	0	0	0	0	0	0	0	0	0	0	2.11376981809735	0	0	0	0.995909484103322	0	0	0	0	0	0	0	0	0	0	0.667370826005936	0	0	1.436568162404	1.46621396765113	0	0	0	0	0	0	0	0	0	1.59997283481061	0	0	0	0	0	0	0.126667695119977	0	1.07229475126951	0	0	0	0.981760952621698	1.55807029828429	0	1.20658684521914	2.07721159607172	0	0	0	0.148178953677416	0	0	0	0	0	1.88480194658041	0	0	0.366093203425407	0	0	0	0	0	0	0	0	0	0	0	0	0	0.035240076482296	0	0	0	0	0.174318797886372
Gad1	0.0774633102118969	0	0	0.00844115391373634	0.599663912318647	0	0	0	0	0	0.0762156248092651	0	0	0.201030593365431	0	0	0.146200539136771	0	0	0	0	0	2.55198529362679	0	0	0	0	0	14.3850878253579	0	0	3.57790334708989	4.28573569096625	0.188065201509744	0.186454492621124	0	0	0	0	0	4.01217197533697	0	0	0	0	0	11.3379635759629	0	0	0	0	2.09552498906851	0	1.40031990408897	0	0	0	0	0	0	0	0	0	0	0.28800185257569	0	0	0	0	0	0	0	0	1.68133161589503	0	0	0	0	13.975102879107	17.889548368752	0	0	0	0	0.37050093151629	0	0	0	0	0	0	0	0.140652369707823	0	0	0.704728454351425	0	0	0.191033937036991	0.759315028786659	0	0	0	0	0	0.13076720200479	0	0	3.59081895649433	0	0	0.619038474746048	0	0	0	0	0	3.84006630256772	0	0	1.64839134179056	0	0	3.47622127830982	0	0	0	0	0	0	0	0	3.63130220025778	0	0	0	0	0	0.434399196878076	0	0	0	3.24696908495389	7.1306749866344	0	0	0	0	0	0	0.363519947044551	1.3748562913388	0	0.769474351778626	12.1523676849902	0	0	0	0	0	0	1.08597136475146	0	0	0	0	0	2.97330096550286	0	0	16.5917019881308	0	0	0	8.79238414438441	0	0	3.57588981554727	0	0	0	0	0.605205148458481	0	0.59434631280601	0	0	0	0.37337002903223	0	0	0	0	0	0.849246580153704	0	0	0.0203198213130236	0	0	0	0	0	0	0	0	0.48001753911376	0	1.05744218593463	24.315933868289	2.53760629706085	6.88014238514006	0	3.11599502712488	0	1.65537112951279	0	0.0262637020787224	0	0.138637758791447	0	0	0	26.9466771557927	0	0	0.241280094254762	0	0	8.24251608550549	0	0	0	0	14.6947243474424	0	11.2611047998071	0.129035236313939	0	0	5.84773965924978	0	0	0	0	5.32092774286866	0	0	0	6.59989152476192	0	0	0	0	0	0	0	0	0	0	0	0	9.40734560787678	0	0	0	0	0	13.9548143595457	0	15.1994986236095	0	0	2.50928736571223	6.76622647792101	0	0	0.198316200636327	0	0	0	0	0	0.691766642034054	0.790137082338333	0	0	0	0	0	0	0	0	0	0	0	10.291444607079	1.77040099166334	0	0.234637862071395	0	16.8454220257699	0.353369600372389	0	0	0	0	0	0	0	1.26282251626253	0.0566110461950302	0	0	0	0	0.340415441896766	0	0	0	0	0	0.355343854054809	0	0	4.38592013716698	0	0	3.37543707713485	0	0	0	0.557867081835866	0	0	0	0.349343182519078	0	0	0	0	0	0	0	0.101287555531599	0.099017774919048	0	0	0	0	0.484156278893352	0	0.570443122414872	0	0	0	0.0777677199803293	1.20637168316171	3.03578412532806	0	0.177602304145694	0	0	0	0	0	0	0	0	0	0	0	0	0	0	0	0	0.495015210937709	0	24.8694918304682	0.0207021409878507	3.41149525344372	0	0	0	7.66773582808673	4.55741454241797	0	0	0	0	0	0	0	0	2.84395793639123	0	0	0	12.3536181878299	0	0	0	0	0	1.74617843516171	0	9.20929308747873	0	0	0	0	0	0.0465514503885061	0	0	0	0	0	18.7598144977819	0	0	5.34485917538404	0
