cell_id,x_coord,y_coord,slice_id,celltype,spot_id
100047181052654346224529175853339022386,4280.917238755932,-3055.3756203464313,mouse1_slice50,Oligo,114
100710098199264639646181147670539642555,3949.073818300043,-2994.281807493436,mouse1_slice50,L2/3 IT,128
100770516509828923630978876061485719503,4260.97622078764,-2357.177506460283,mouse1_slice50,L2/3 IT,224
101040309230617229467963033777200410268,4767.6640066873815,-2769.370496514152,mouse1_slice50,Endo,166
101290319453327493294362411320830756503,4857.440598053132,-2856.185593468002,mouse1_slice50,Oligo,152
101514388755449993173560206320331861974,4794.304823872407,-1966.682035496929,mouse1_slice50,Sst,275
102329940502936964350965875998000187692,4460.247441352502,-3278.5579984955625,mouse1_slice50,L5 ET,83
102369133092169646929318332475012764060,4357.158320300072,-2263.4445557058098,mouse1_slice50,PVM,239
102630798889479537592018189193151183545,4374.862451313001,-1868.2317664813413,mouse1_slice50,VLMC,282
102719174358977551803816356674924478310,4871.952789865475,-2752.9976049544052,mouse1_slice50,Endo,167
104078254148375929483440785584365448099,5176.667939399124,-2061.420871052443,mouse1_slice50,L4/5 IT,269
10439354818870026981613212500868313457,4457.663001745115,-3761.9326191011705,mouse1_slice50,Astro,10
104992503200761093134034073696813050482,5365.548675927551,-3384.8742363478204,mouse1_slice50,L6 CT,75
105018458557167169914316082564072308694,4752.6216004259195,-2180.146551314708,mouse1_slice50,Sst,254
105152267502956405986163481251877765161,4793.5393007895245,-3266.3280544764166,mouse1_slice50,L6 IT,86
105263668150168837112863311590313411862,5367.883030878043,-3453.600432912761,mouse1_slice50,Sst,61
105525767171112837661148829982548287983,5354.262326539463,-2369.4142972871837,mouse1_slice50,L6 IT,235
106006173380424869565806252890172824256,4985.227403792642,-2796.2215636531755,mouse1_slice50,Astro,168
106097468183846234145120636695421460523,4670.171225413477,-2055.251465284312,mouse1_slice50,L2/3 IT,264
107128566224022179178369526310840085013,5072.448272710825,-2058.675639133581,mouse1_slice50,Vip,268
107279375333689316343066771703935286682,4368.600295782248,-2283.8187917233367,mouse1_slice50,L2/3 IT,239
10763095571038339247488492184179770142,4260.321194137599,-2595.0222537941654,mouse1_slice50,Sst,193
10894046309796222217074306139929823512,4480.809439429007,-2601.0016102791187,mouse1_slice50,Micro,195
109360506352125279317066752490544958275,4664.756892513234,-2103.9519785323796,mouse1_slice50,L2/3 IT,264
10960782488090577128700710173478365301,5189.770092955198,-2289.399838563688,mouse1_slice50,L5 IT,247
109954044161674160190207731932603690078,4686.827861343937,-3695.6944794708807,mouse1_slice50,L5 IT,24
109960218986561813962517001588108066410,4780.535645736213,-3081.4328892711696,mouse1_slice50,Vip,119
111328249218611628153323535990705879541,5379.595510711942,-3566.4070368793878,mouse1_slice50,L6 IT,44
111332517517322211885738730301261569123,4287.320928174027,-2672.0772473190277,mouse1_slice50,Astro,178
112066982874350986562643714528120098141,5373.417943336289,-1966.6825599940537,mouse1_slice50,L4/5 IT,281
112285502060035374571848108221936600403,5262.25885147526,-1981.6579599501308,mouse1_slice50,L4/5 IT,280
112550308766293737525669280730208577252,5171.432621473592,-3569.198651347998,mouse1_slice50,L5 ET,42
113015584550779531163776348983846463166,4974.982051792532,-3689.094511483507,mouse1_slice50,L5 IT,27
113217926220827161949323025284333574300,3772.7249732148534,-2800.693289441355,mouse1_slice50,PVM,158
113582173057573032061386619115107523837,5287.556949288037,-1680.788448717685,mouse1_slice50,L2/3 IT,306
114151134694758258360988203476491586583,4071.352673164002,-2604.3859019011034,mouse1_slice50,Endo,192
114285931188016039093663980474040508325,4665.5280964534295,-3278.2665709170697,mouse1_slice50,L5 IT,85
114544211949302988408801432728450858233,4985.232036981642,-2387.892924222689,mouse1_slice50,L5 IT,231
114645685928948092456182227846714102440,4661.923954603836,-3599.2394602208656,mouse1_slice50,L5 IT,37
114985983811133912950238330229256012889,4461.100780488016,-3179.9840124361713,mouse1_slice50,L5 ET,99
115330680229046752475120828935465632597,4784.732990623175,-2190.634264393498,mouse1_slice50,L2/3 IT,254
115593486210689719145044257805350476558,4181.348727293747,-2399.6409820824742,mouse1_slice50,OPC,223
115677051175008268560888143637885450209,4571.500263212146,-3403.2564704061506,mouse1_slice50,L5/6 NP,67
116097160640140001460589637490414212513,3886.0709638340245,-3275.831650919063,mouse1_slice50,L2/3 IT,77
116241530072418429140702092354641985918,5187.902997856433,-1985.6392670045109,mouse1_slice50,L2/3 IT,279
116704774954951803988641760551615708613,4365.944668467205,-1866.8454049225136,mouse1_slice50,VLMC,282
116785726937556100281186516461051364828,4455.198951962042,-2479.540722458246,mouse1_slice50,L2/3 IT,211
116925923815003535916009655122113258982,5252.467379510927,-3390.296087503066,mouse1_slice50,Oligo,74
117026565575077035014681077908146314659,3895.9505732110256,-2984.4351005355347,mouse1_slice50,Micro,127
117358162303137920359039114283065072056,5185.9461342977975,-3387.965056831415,mouse1_slice50,L5 IT,73
117384039374011138447540396246307559859,4847.120685120428,-1892.6388659829051,mouse1_slice50,L2/3 IT,286
117739163785431269766644133221035549892,3960.6250555495562,-3100.2126310116523,mouse1_slice50,L2/3 IT,111
11828046386226249017844445835274367339,3755.6589678321793,-3255.264747940892,mouse1_slice50,PVM,76
119006573990147352612998306505593368836,4752.507113486604,-1688.4657281808688,mouse1_slice50,Peri,301
119091361988120994390285975375655193520,4781.773956331834,-2601.428329364267,mouse1_slice50,L5 IT,198
119789506044598118478763760927525501007,4571.027606495102,-2203.5424804788495,mouse1_slice50,Astro,252
12010664396951653709724612044939959635,3645.3099180024883,-2988.48701929125,mouse1_slice50,VLMC,125
120178463177844948136779235689631793769,5345.838689304068,-2676.4322810511107,mouse1_slice50,Oligo,189
120688341171884572556526597109195212613,5051.625550129805,-3494.4054357379387,mouse1_slice50,L6 CT,58
120908500276873697147862088000589729798,4269.438996194444,-2653.0262396130743,mouse1_slice50,L2/3 IT,178
121279803670885800119808650903544653296,4961.955213838481,-3259.47954232512,mouse1_slice50,L5 ET,88
121330168576756147439980174773451197974,4072.592205936156,-2476.2221258056265,mouse1_slice50,Micro,207
121343170040678040297090279110370185827,4783.408261378601,-3755.8422628104577,mouse1_slice50,Sst,13
121500964151967952948386852758082417550,4589.145394316011,-1859.0424654602868,mouse1_slice50,Astro,283
121828905310311532609760610561048340563,4965.376938289626,-3587.6115460474607,mouse1_slice50,L6 CT,40
12212021688682561516770904562913719454,4467.227486211604,-2253.9513671874734,mouse1_slice50,Endo,240
122513491340778558614368482693808757593,4472.396120708985,-3572.3906621201436,mouse1_slice50,L5 IT,35
122562712481270925141481512124385234770,4677.6685977789975,-3502.6154924249954,mouse1_slice50,L6 IT Car3,54
122845262684045448769980233419489297862,4959.324378120213,-2485.2821695678545,mouse1_slice50,L5 IT,216
122958873317688024419407348628467665004,3964.4445531477904,-2389.88584788488,mouse1_slice50,VLMC,221
123176591505978412200337305119344087385,4288.337159913654,-2679.3595443182744,mouse1_slice50,Astro,178
123651558367263274671788797463480479905,4793.189636550521,-2771.8690856080175,mouse1_slice50,L5 IT,166
124148607971247573580994722354726590740,3782.2609411286185,-2687.708337242822,mouse1_slice50,VLMC,173
124307940257317766077973142098396821412,5243.383023520874,-1682.700847181724,mouse1_slice50,L2/3 IT,306
124363288842125229567986413361839187414,4369.8990515560245,-2881.2336722695286,mouse1_slice50,Astro,147
125216299177960182366312333910626727331,4163.377301477098,-3775.305362244162,mouse1_slice50,Peri,8
125604900601761552563168719004013020349,4457.923936708369,-2959.845633976044,mouse1_slice50,L4/5 IT,133
126055755338493046961450301455901234449,4465.588118563453,-3300.5965391006503,mouse1_slice50,L5 IT,83
126171588873143083898393999337065436078,5352.651323379088,-2095.4750687484548,mouse1_slice50,PVM,271
126326361039643540186520670197887494165,4655.144198411478,-2899.8118881040823,mouse1_slice50,L5 IT,150
127289681978743655336889874311831522699,3861.0298859818545,-2652.8122934548,mouse1_slice50,Peri,174
127602472693674038895986570451133489950,4884.7702214186875,-2293.397597680451,mouse1_slice50,L4/5 IT,244
127651007716024343418235505801421027009,4963.272116491434,-1893.358293457788,mouse1_slice50,Endo,287
127812969755025132776276816580147539619,5264.262216804171,-1752.3379794160767,mouse1_slice50,L2/3 IT,299
127933119252962776003246307671583250676,4765.997836531568,-2167.7110567111927,mouse1_slice50,L2/3 IT,254
128185198012738649007690653447135590707,5283.446434262259,-1958.9483173210122,mouse1_slice50,L4/5 IT,280
128895439225780069205572845256628639402,3976.2881315876625,-2654.556600983974,mouse1_slice50,L2/3 IT,175
129225821031178654596633763365886280464,5385.319503919275,-1579.8225612233757,mouse1_slice50,Lamp5,311
129245815825030201740953982718545610999,4568.618849754458,-3574.6168322904878,mouse1_slice50,L5 IT,36
129264289511057305514926368967424658833,5166.41441676999,-1890.9509553406717,mouse1_slice50,L2/3 IT,289
129761531825981135232086292516201913799,4075.290492244615,-3760.678158617163,mouse1_slice50,L2/3 IT,7
130058670392381271925317528367366033815,4768.382226442357,-2381.178585467311,mouse1_slice50,Peri,229
130175839280803182271530556302907702679,4684.722556104114,-2968.70114201865,mouse1_slice50,Peri,135
131173521670707026289422285992546564355,5286.679596005971,-3563.792769921402,mouse1_slice50,L6 IT,43
131336692601974919569638306079880418974,4987.325065444461,-2278.889620075023,mouse1_slice50,Peri,245
132356559347640334850146422386818142617,5259.006019327121,-2560.5031816806427,mouse1_slice50,L6 IT,203
132806199561986092647153618431676787687,4670.109237591561,-2267.0837030047114,mouse1_slice50,L2/3 IT,242
132840832787353349499745996441921257091,4566.157508030509,-2265.305320446772,mouse1_slice50,L2/3 IT,241
132901124485014248441689085090610313670,4369.798786105827,-2077.158786389003,mouse1_slice50,Astro,261
13296653986512781091306756251611162717,4678.524707926264,-2056.3137110099487,mouse1_slice50,L2/3 IT,264
132986524808513127414803410466485328053,3884.155440505249,-2697.8054469345807,mouse1_slice50,Lamp5,174
13305806725526620574664273849389075787,4659.067401483454,-2298.5175869978984,mouse1_slice50,Astro,242
133206178745319280391851493148361184519,4170.19999503276,-3079.5711185096275,mouse1_slice50,L4/5 IT,113
133470383562027258718990262940147222662,4874.713559075112,-3586.8324860732887,mouse1_slice50,Astro,39
133636846934244141120549413601344497120,5273.2964821117785,-3353.64124590493,mouse1_slice50,L5 IT,74
134549613688011130340336375864965464628,5154.888477636639,-2497.721107902425,mouse1_slice50,Lamp5,218
134651493064205552192592769404294276043,5282.115039939985,-2562.89297235725,mouse1_slice50,Pvalb,203
134755427571654455104654730716287141279,4164.773408013419,-2502.643010987245,mouse1_slice50,L2/3 IT,208
135423778899640351287078292154986610170,4184.244451070267,-2856.726024273166,mouse1_slice50,L4/5 IT,145
135515390941662342852849863497404993839,4564.041023017047,-2387.1701510592125,mouse1_slice50,L4/5 IT,227
135615468695376228062388019142397110909,5354.548452659878,-2259.0531233375864,mouse1_slice50,Vip,249
135663612377688980529835436854912122964,4446.610211900602,-2490.013342516665,mouse1_slice50,L2/3 IT,211
135856515146077750949627946814398314675,3948.503622026855,-3575.4654585589356,mouse1_slice50,Peri,30
136206811681965737973450650626289432726,5087.999659107231,-2184.0787701921445,mouse1_slice50,L4/5 IT,257
13684257990646035141971384488747614421,4671.918300963463,-2655.576492195282,mouse1_slice50,L5 ET,182
138149667521237400394369153543513203175,4084.7166624994566,-3881.9644396686804,mouse1_slice50,L2/3 IT,5
13875899806080738370193609928013921070,4780.100256961245,-2266.623876479051,mouse1_slice50,Astro,243
139074341336865529207578471877250071507,4881.35049864001,-2188.1644448897155,mouse1_slice50,L4/5 IT,255
139627803086369017737351452959111434648,4161.554890215743,-3382.270332487617,mouse1_slice50,SMC,64
140042406421343869493474268354607597299,5252.253676420507,-3586.7222216712303,mouse1_slice50,Pvalb,43
140573606855541448353510539599334320747,4469.169174216405,-2159.362025359665,mouse1_slice50,L2/3 IT,251
141257191130812127704560562729455811134,5262.697744841258,-2292.0988346853906,mouse1_slice50,Sst,248
142134651808197732711993456089743296429,4982.96166848853,-2985.0517002905895,mouse1_slice50,L6 IT Car3,138
142137939059438502412978552510620281516,4849.286408853809,-3775.437771337299,mouse1_slice50,L5 IT,14
14254852112225201597025903808571890133,5262.448970622138,-2398.6848367500033,mouse1_slice50,Micro,234
142598043794931982619860894277584102647,4648.881536233628,-3071.527257977405,mouse1_slice50,L6 IT,118
143137810729911228060445384600442838365,4744.865311216256,-2668.2651779003863,mouse1_slice50,L5 IT,183
14316679271120027461336997607589733902,4760.825921641124,-3389.0567953035415,mouse1_slice50,L5 ET,69
144014728082347949497911843265532452186,3858.798749570277,-3286.5313287253457,mouse1_slice50,Astro,77
144656016884135430462435691655077747887,4789.144020056377,-3270.61166429364,mouse1_slice50,L6 IT,86
144740284021897348146477588624079314795,4165.568417445443,-3586.350506805488,mouse1_slice50,L4/5 IT,32
145327556901793179283296565635943085690,4783.410476420359,-3381.3840506985657,mouse1_slice50,L6 IT,69
146092978862756334207746888528080111562,4665.47460938192,-3695.3415856828788,mouse1_slice50,OPC,24
146239974353496506659443728222462028137,5196.116616363025,-3175.6056749611876,mouse1_slice50,L6 CT,106
146326030467151409296173249773754138948,4594.0383664533265,-2477.1438365075874,mouse1_slice50,L4/5 IT,212
146404237307007454085979855341274940715,4845.078599493395,-3168.9240972442117,mouse1_slice50,L5 ET,103
146589899840976964339258946674460971234,3953.285860965761,-2876.255205624994,mouse1_slice50,L2/3 IT,143
146651653335421555198090115818377048448,4467.096350795649,-3568.992582240768,mouse1_slice50,L5 IT,35
146906637731122102517577363317345132851,4790.233635669333,-2879.4765870927963,mouse1_slice50,Pvalb,151
147309033946749819719521264355308366124,4061.576240499966,-3470.5958040725845,mouse1_slice50,Endo,48
147411116213954295296447356083098281031,5168.517994872288,-1802.4040211357662,mouse1_slice50,L2/3 IT,298
147625617840708302048908637347555976294,4369.91212924421,-2250.359732047568,mouse1_slice50,L2/3 IT,239
147826449600712104282252132712548109195,4959.454255100153,-1972.4647778288168,mouse1_slice50,Micro,277
147833190640958185205249684031057179627,5073.285908574328,-2675.371248008571,mouse1_slice50,Endo,186
148815427890387035513913918893530803651,4954.898215122803,-3762.277668082774,mouse1_slice50,Endo,15
149456286389635307814167614924980224435,5071.666922968798,-2094.1243640032735,mouse1_slice50,L4/5 IT,268
149757613927742972647311018198425960180,4793.72110667316,-3075.361017335152,mouse1_slice50,Endo,119
150109920196368600898637986853077992558,5268.5233952556055,-2595.039078110033,mouse1_slice50,L6 CT,203
150127005761133450682473544857667066955,4053.0579271181036,-3375.301819765173,mouse1_slice50,L4/5 IT,63
150226494654285793659367348716471372631,4572.245594417185,-1982.3069641207344,mouse1_slice50,L2/3 IT,273
150545603145631256867174203963228198496,5155.05747368406,-2669.8622677896315,mouse1_slice50,Sst,187
151436910383908344494554020120640464133,5166.196278979567,-1655.7171495828006,mouse1_slice50,Astro,305
151482363565431761197260568380330558177,5154.288404957368,-2484.8809148941846,mouse1_slice50,Endo,218
151949426268333605548968350915098608217,4488.316897791699,-2776.993481135064,mouse1_slice50,L4/5 IT,164
152168232052716480753721270977049732393,5250.313211663054,-3266.1259870711615,mouse1_slice50,Peri,91
152877786464970512550534989405616058461,4851.550010181721,-2058.4731915248126,mouse1_slice50,L2/3 IT,266
152920382732396619924340845787637173671,4658.2216009147905,-3376.410835220944,mouse1_slice50,L6 CT,68
153576111492946173536612716642074941393,3953.0496451617532,-2993.1587129764025,mouse1_slice50,L2/3 IT,128
153689135091746948952937983254683340774,5350.331530544951,-1896.8690775325254,mouse1_slice50,L2/3 IT,291
153693652541280080690069033502815147485,4384.284349607631,-2181.2939435345115,mouse1_slice50,Endo,250
15386233475548728634421105885413762254,4467.752504552833,-2074.3649876552277,mouse1_slice50,L2/3 IT,262
154211006143235535925369699557203812798,4553.0918012096945,-2484.151441940841,mouse1_slice50,Astro,212
154602257647205279457537764528867462332,4375.997112351858,-2677.5761028473103,mouse1_slice50,OPC,179
154718808048112866244195635078792383169,3875.990323541071,-3293.4428556947714,mouse1_slice50,Vip,77
155310521296085752863661973878644252554,4272.796613099773,-2662.0807631068415,mouse1_slice50,Endo,178
156325206479206187605365720255160232231,5071.4845671883,-3368.2672228177485,mouse1_slice50,L5 IT,72
156548388677779717170100971955479362831,4350.661375914766,-2093.8918721963864,mouse1_slice50,Lamp5,261
15709070125236144567944186434674037939,4548.368777537734,-2582.5070029437675,mouse1_slice50,Endo,196
157157973387452363019594196799162293811,5362.61769534398,-1754.783256643684,mouse1_slice50,Astro,300
157261884477954957404766812249272565369,3789.1776180465336,-3262.3558378030802,mouse1_slice50,Lamp5,76
157725061491635830374366105321445586428,4259.158644463071,-3180.111586383693,mouse1_slice50,Endo,98
157754923679649106902342475969025481832,5347.736099882966,-3291.720094275079,mouse1_slice50,L6 CT,92
15785077542571409747339535502725850703,4169.860557781239,-2301.928266014468,mouse1_slice50,Micro,237
157859929252313472223061538703116363019,3849.978372047663,-3886.9491912003837,mouse1_slice50,Endo,4
158120508359929113381191597967004028177,4767.000474578495,-2387.7812439239196,mouse1_slice50,Peri,229
158220428435258089132268232232631374667,4176.509463414006,-3584.0739067373465,mouse1_slice50,L4/5 IT,32
158496584697275602325994408386758453657,5360.899802853819,-2400.82271328623,mouse1_slice50,L6 IT,235
158738448984278840776178038866233927754,4774.049954229443,-3466.591273561342,mouse1_slice50,L5/6 NP,55
159498649268999187520288678178436431079,4971.843815648953,-2188.163511279798,mouse1_slice50,L4/5 IT,256
159685625477502952795839824720504344337,3884.9758481458134,-2565.8832860765883,mouse1_slice50,VLMC,190
16056703252605361028456577753253969472,5164.627933702497,-2397.9452143572016,mouse1_slice50,Oligo,233
160705840486998145145526950289280113300,4461.07740065935,-2379.439082513853,mouse1_slice50,L2/3 IT,226
161135214896979562575082481900227787423,4675.748269665566,-2159.808259427334,mouse1_slice50,L2/3 IT,253
161545735180891807147517637281437332339,5285.138529186346,-2586.111835502412,mouse1_slice50,L6 IT,203
162180498642746242823086724030811954061,4848.95913921171,-3059.1896334850862,mouse1_slice50,L5 ET,120
162849485866403490962525325411640330650,4257.632315106855,-2777.346398120012,mouse1_slice50,Sst,162
163386829374294880320919955899149076634,4872.942575719614,-2766.382227023191,mouse1_slice50,Pvalb,167
16345252257703923755333056757007239308,4978.808677223935,-3100.902314675227,mouse1_slice50,L6 CT,121
16439499798731730329724243684206883044,4462.05979280138,-3097.000993029024,mouse1_slice50,L5 IT,116
166207520420008243227008421269296865018,4359.574074764761,-2792.4633720563547,mouse1_slice50,Vip,163
166236130703533799935161791423762629861,4454.693545156213,-3193.7477276088507,mouse1_slice50,L5 ET,99
166865343867872397179335949272081334988,4651.122488212152,-3488.8638352667763,mouse1_slice50,L5 ET,54
167031416697965672557336400763603555856,4045.5463021851715,-2685.65776180002,mouse1_slice50,L2/3 IT,176
167226945295349989253022656704202433867,4648.14186822944,-2468.7875651619865,mouse1_slice50,L4/5 IT,213
16748429696718963900347427816245961987,5081.446271695447,-3389.0136545989235,mouse1_slice50,L6 IT Car3,72
167537874458981122237810682610136715720,4558.731293698332,-3180.932106553634,mouse1_slice50,Endo,100
167972599284621293278076646649643337963,4786.561728910862,-2969.8211646209575,mouse1_slice50,L6 IT,136
168209105111009305949822561782653658682,3668.918458656437,-2994.7052515065616,mouse1_slice50,VLMC,125
168547962433238919565843946530873271572,4262.527159337548,-2386.6127563014816,mouse1_slice50,L2/3 IT,224
168716974186057380499272591762279831835,3850.4253906816907,-3785.4580609570885,mouse1_slice50,Lamp5,6
169275543501510663854627775885382313486,5275.657222078522,-2877.4282558432783,mouse1_slice50,L6 CT,156
169630115072734735071825465977246549149,4269.441288888071,-3073.2364935065157,mouse1_slice50,L4/5 IT,114
170205725039557421503162990042073991189,4575.844858949303,-3055.946226620804,mouse1_slice50,L5 ET,117
170379741723653408250361818919336742211,5084.367244679526,-1974.4248440194938,mouse1_slice50,L2/3 IT,278
170382150204322321862057519121399303331,4569.918217643408,-1762.880114636409,mouse1_slice50,VLMC,292
170784990164374690762905822382776530962,4556.041313844321,-2654.2159002835824,mouse1_slice50,L4/5 IT,181
17135738391167381580284016527929110655,5060.2707363349155,-3282.401622966939,mouse1_slice50,L6 CT,89
172196429499312144315091242970127558872,4592.650650876815,-2675.425665768261,mouse1_slice50,L4/5 IT,181
173046491719852806632962401562505731453,4359.348449221716,-2401.233237990041,mouse1_slice50,L2/3 IT,225
173182170764165308899466426590004994631,3894.585654719643,-3484.476536786929,mouse1_slice50,Endo,46
173559150359116796817142803323263191937,4544.7011502520245,-2685.781831654859,mouse1_slice50,Oligo,181
174126106996998511590569758637364421042,4582.976164880224,-3760.867176996183,mouse1_slice50,L5/6 NP,11
174229566897881406871386262315832744274,4392.592894186154,-3474.9294333740713,mouse1_slice50,L4/5 IT,51
174729303872416159569508132760331103157,4389.479209149744,-1868.9333595845205,mouse1_slice50,VLMC,282
174965084917815707259856203120476676135,4785.400227228128,-2681.7890846130294,mouse1_slice50,SMC,183
175901454657626709596964128153292105786,5070.419311716013,-1656.9777687297444,mouse1_slice50,Astro,304
175997740601481432003101961633594684173,4679.568122426215,-2368.7762592483086,mouse1_slice50,L4/5 IT,228
177010026503865682978197122559767083393,5082.893689176203,-2392.6491438976955,mouse1_slice50,L5 IT,232
177511298284951380808104161012168228933,3958.045074176688,-2892.6393275582855,mouse1_slice50,L2/3 IT,143
177893981711806573681871134252202831822,4549.112898825964,-3571.8113340905206,mouse1_slice50,L5 IT,36
17809229509449992690610352360106246447,4951.620746031332,-2164.2440497853304,mouse1_slice50,L4/5 IT,256
178724595871406428054557696719455396499,4348.552412766914,-2087.4924633290207,mouse1_slice50,Endo,261
178874410211162929014629152719755851647,3992.9965820321995,-3477.6159245113736,mouse1_slice50,L2/3 IT,47
179039538817981213152974186965747588181,4473.974873477408,-2680.0697065444897,mouse1_slice50,L4/5 IT,180
179267141100215469422593927238978349785,4254.285625236944,-2279.154428361171,mouse1_slice50,Astro,238
179545775346625849312417203259103892950,5348.089094455495,-3067.1799792207858,mouse1_slice50,L6 CT,124
17956817391177774460112505423172107720,4458.858128470404,-2597.8248804101895,mouse1_slice50,L4/5 IT,195
180763570558591662440728901716219584762,5080.778498634269,-2757.453739626441,mouse1_slice50,Pvalb,169
180997864380540445836885270186792273400,5276.398525957033,-2456.118602126929,mouse1_slice50,L5 IT,219
181012374184480342892519765184970987569,5177.34246551012,-2971.908609417217,mouse1_slice50,L6 CT,140
181370687518219134376112984300769739695,4464.411672550936,-2082.482973705087,mouse1_slice50,L2/3 IT,262
181995002834573220729074359093393843196,4960.392662738073,-3288.802167042816,mouse1_slice50,Pvalb,88
182055276160108642892943548356110689417,4158.994612077798,-3499.2451226907783,mouse1_slice50,Endo,49
182174270856846254988816328371513642513,4647.132832264023,-3779.5392315449544,mouse1_slice50,Endo,12
183740403059358398593060026838134441303,4150.479805903641,-3180.1521802803977,mouse1_slice50,L4/5 IT,97
184180313808287683471602552659767468940,5145.996012574718,-3269.7240554033983,mouse1_slice50,Endo,90
184763520985345531528440120267267508853,4793.053288963539,-2577.777442640855,mouse1_slice50,L5 ET,198
184764236795491424123660605717329874445,5256.64827543711,-3173.012965831282,mouse1_slice50,L6 IT Car3,107
184926217177507947632480922079846164355,4572.292993177463,-2996.2308564845202,mouse1_slice50,L6 IT,134
18500178585538654481280618702228144368,4883.428566880092,-2179.327126560609,mouse1_slice50,L4/5 IT,255
185734474369058285616190269265425555608,5371.434531079352,-2401.6243796501108,mouse1_slice50,Peri,235
185947457304299356724361473923118748178,4893.608728216045,-1689.0859831445925,mouse1_slice50,Astro,302
186356438352942185681224885104976362581,5389.34666326775,-3068.012226041118,mouse1_slice50,L6 CT,124
186916690108586801241356996125895087673,4282.417834553178,-3401.436531529914,mouse1_slice50,Sst,65
187048617261693285335133435850090661324,4566.531175472357,-2058.57404874301,mouse1_slice50,L2/3 IT,263
187109656502387266196572000474197645623,4066.63464169175,-2784.5132993203915,mouse1_slice50,L2/3 IT,160
187400988558980306737672775916524376643,5069.263010491785,-2051.5401774882653,mouse1_slice50,OPC,268
187461483041114696375232473345645512028,5076.673605976691,-1565.7546002070358,mouse1_slice50,VLMC,308
187626437529576306839057794499572312968,5066.239953673534,-2665.0931663572715,mouse1_slice50,L6 CT,186
187657363980162523861525537898125840113,5386.434383014552,-3588.8830641465825,mouse1_slice50,L4/5 IT,44
187683084432999690919452445344784201655,4266.522011704376,-3501.11693299855,mouse1_slice50,L4/5 IT,50
187699733079193786433058137888699787396,4285.537272142663,-2893.681767462764,mouse1_slice50,L4/5 IT,146
188050060449336788699555687299121931150,4464.312303796101,-2450.526986866077,mouse1_slice50,L2/3 IT,211
188161096884300538560446666597070782095,4966.885262902186,-1876.945452182561,mouse1_slice50,Micro,287
188264520251471748190527100634998993343,5056.220683291366,-2387.519148820224,mouse1_slice50,Oligo,232
188461502087251337924236480156335924319,5382.867338599314,-1797.8447562638153,mouse1_slice50,L2/3 IT,300
188602341510078760572126818546729235190,4565.836517138182,-2490.766756307064,mouse1_slice50,L4/5 IT,212
189206202989877371060340579881815201784,5255.06014864022,-1895.1352062578549,mouse1_slice50,Micro,290
189707180461433439737182233422376056908,5082.301494817322,-1773.5236062646215,mouse1_slice50,PVM,297
190181233490450597202924971260839977012,5379.828983026799,-3478.339485558613,mouse1_slice50,L5 IT,61
190191326902612676733885702119362389564,4191.722203402836,-2484.8918421578232,mouse1_slice50,L2/3 IT,208
190425607568654755591632525883896979324,3987.7113335462864,-2793.1419191773716,mouse1_slice50,L2/3 IT,159
190431391455060438680789522517230962152,3883.495398209605,-2465.596635812381,mouse1_slice50,VLMC,205
190777399882425047828197828812820540116,4045.4876333616785,-2364.753133142228,mouse1_slice50,VLMC,222
190938409160309270828889476813302242755,3854.0496617664967,-3586.7564453097816,mouse1_slice50,Sncg,29
191597227327816881410076386161212349416,4081.80853824536,-3877.243706639706,mouse1_slice50,L2/3 IT,5
191674114683149986893472706948628063834,4379.638088180199,-3361.0599175863617,mouse1_slice50,Endo,66
191850506127882572442463102871312933850,3954.3446628860193,-3479.50730695975,mouse1_slice50,Astro,47
191968516775139763481588364712009228260,3878.9222097592965,-3481.0928141012578,mouse1_slice50,L2/3 IT,46
192070405320363113926689599732884375308,4850.574254995874,-2781.7890210977534,mouse1_slice50,L6 CT,167
19225191829134905751851574393067240877,4968.284945730651,-2853.126403125361,mouse1_slice50,Pvalb,153
192739529308526624669954315984110001570,4491.552421428258,-2980.9738247741016,mouse1_slice50,L5 IT,133
19329720531230754560285049572028181492,3888.8966858423746,-3184.2868445526724,mouse1_slice50,L2/3 IT,94
194262285201766612515950132879706706299,4673.349864560522,-3155.758098104484,mouse1_slice50,L5 ET,101
194268855288814769926205201926972775332,3747.9917653667335,-2679.7122656205383,mouse1_slice50,VLMC,173
194891441023079667440233786220288991567,4667.64115025766,-3668.861785649347,mouse1_slice50,PVM,24
195626776614757307326640499452801305288,5287.531875978253,-3078.0317317120803,mouse1_slice50,L6 IT,123
196077909758613623543346136544702392422,5143.453173218463,-2973.7109186601638,mouse1_slice50,L6 CT,140
196101718509452442452237247016683263917,4873.302607314318,-3654.466515376288,mouse1_slice50,L5/6 NP,26
19623526319060910415387832887044749430,4343.930141904105,-2672.7259726124057,mouse1_slice50,Astro,179
196252796145617413921798632468458172006,4075.919205930124,-3688.38836022986,mouse1_slice50,L2/3 IT,18
196370662647010729569636675856850189653,4368.058211849273,-3493.329519512877,mouse1_slice50,L4/5 IT,51
196724692157323026937781804315885089982,3876.5671169363454,-3097.6738763465355,mouse1_slice50,L2/3 IT,110
197141744663770520735901088384839891171,3882.459585428141,-3396.4618605929163,mouse1_slice50,L2/3 IT,62
19718034023801164276248859736327196868,4859.614829327183,-2562.9594173504775,mouse1_slice50,Pvalb,199
197582814293031932504994470112641352894,4759.385673174867,-3667.741835351625,mouse1_slice50,Astro,25
197795733008343022845460893409560492601,4578.607730129859,-2892.284100107616,mouse1_slice50,L5 IT,149
197984653454715243935876216326702334914,4968.74453534082,-2156.0739287993524,mouse1_slice50,L4/5 IT,256
198353818216168621315466480238641977001,5358.626042572585,-1971.5235806104477,mouse1_slice50,L4/5 IT,281
198463197907965022781487295552759102427,5270.00466494006,-3192.4793299116454,mouse1_slice50,Vip,107
198890784367098031691676795836731533801,4667.6069932813025,-2463.1664745114426,mouse1_slice50,Endo,213
200081192254340263185863934094503691128,5250.135491005984,-2466.4745355178266,mouse1_slice50,L6 IT,219
200176947480992096613033130067496255135,4559.127052012352,-3572.6165714805475,mouse1_slice50,L5 IT,36
200625202412458122124191200021355279709,3760.1228294644065,-3893.5256367581715,mouse1_slice50,VLMC,3
20088504561553729701053139157209311864,4559.222320319647,-2079.791008462509,mouse1_slice50,Vip,263
201119487970661791162504602907912475175,4159.430831596944,-3779.9533276111206,mouse1_slice50,Peri,8
201481939003141399842758094028734299038,4164.417139043746,-3668.45996808097,mouse1_slice50,L4/5 IT,19
203149058877563763102685255560189139756,5263.974387122181,-2560.337650101079,mouse1_slice50,L6 IT,203
204142754575369218457141593176909446914,4563.076288447015,-3473.139405409397,mouse1_slice50,Endo,53
204174289447641514460709195431279988646,4571.264827740036,-2269.1071405204398,mouse1_slice50,L2/3 IT,241
20440997286120936729367043653786239237,4581.786405428301,-3586.6429137097834,mouse1_slice50,L5 ET,36
204677800156103961664927440748008954277,3880.249464645975,-3263.8533305366695,mouse1_slice50,Oligo,77
205208037872886667756012190284267844083,4883.481123293002,-2580.8530404833723,mouse1_slice50,Micro,199
205714856251373659912972087190821483509,4871.439631267385,-2650.5549095868896,mouse1_slice50,Sst,184
205724933000034666461818397748412863978,4564.932103787236,-1988.6101488850998,mouse1_slice50,L2/3 IT,273
206331705663825642969602443362240100747,4275.747678975645,-2875.178053719876,mouse1_slice50,Astro,146
206416329318897732181413359674626236961,4150.716373700432,-2681.5713423031784,mouse1_slice50,L2/3 IT,177
206575212605417617403255162759832263551,5164.721343798988,-2995.362454351494,mouse1_slice50,Peri,140
20681652962745848194057040049555707465,4657.243294421694,-3098.0708754117545,mouse1_slice50,Peri,118
206926856385611240761863550511653841212,4193.440263397858,-3173.892107646967,mouse1_slice50,L4/5 IT,97
207096311562860110895021800943372564619,4577.285808250834,-2283.1296848027637,mouse1_slice50,L2/3 IT,241
207204883360818229751097784481424409889,3893.119360788242,-3775.3788804859287,mouse1_slice50,OPC,6
207261541533973863870232018151570191533,4355.767044168248,-2183.641449662574,mouse1_slice50,Astro,250
207379361541594920953655456308528949347,4178.482682869498,-3364.371114847879,mouse1_slice50,Astro,64
207535518960334888801102785139325249120,4978.035731096138,-2957.0264354991973,mouse1_slice50,L6 IT,138
207654983382477233327824999133111787880,4956.8760027086955,-3083.080851165073,mouse1_slice50,L6 CT,121
207726109602665552124253723035509076550,4652.99695625738,-3175.4957814819127,mouse1_slice50,Oligo,101
207901855946573865019470390217510649670,4965.6910340705,-2395.785850471174,mouse1_slice50,Endo,231
208557818667895739839858635780829998353,3951.5871866568446,-3678.0304682554247,mouse1_slice50,SMC,17
208944798729872857410187219023942296058,3983.3634143504137,-3687.3634912229863,mouse1_slice50,L2/3 IT,17
209414167689603043423162055592773972693,4875.2332167342975,-1895.8677118810285,mouse1_slice50,L2/3 IT,286
209695147573571350119628610052000732403,4981.570182098199,-3071.2054998822036,mouse1_slice50,Endo,121
210056027000065219195417921920578984123,5145.360256032652,-3175.6238822205823,mouse1_slice50,L6 IT,106
210242860872937307395887664576353729175,5167.287873850376,-3363.477198258271,mouse1_slice50,L6 CT,73
210528180747955407654099708807059007280,4048.931878908931,-2493.4340721923227,mouse1_slice50,OPC,207
210970793013695036294747078418548472442,5265.900862241214,-2656.504004888579,mouse1_slice50,Pvalb,188
211132390493805767181006834329430312503,5153.348234279249,-2083.7182281623304,mouse1_slice50,L4/5 IT,269
211547941291930810288612106853812089125,5281.57909017907,-1577.249879998975,mouse1_slice50,Astro,310
211625087972339665609128587633656576138,4647.916061418508,-3388.0000848892,mouse1_slice50,Astro,68
212262462789475096119430843019668859816,4554.267719075817,-2068.7850047935276,mouse1_slice50,Astro,263
213395964318164444516058518381270060049,4368.762106266481,-2471.9415330221236,mouse1_slice50,Endo,210
213597311681871331428056655394414929317,5363.881106230154,-3582.919319490081,mouse1_slice50,Endo,44
214002853650723325809852089767045093440,4849.884843358605,-1770.7419105930587,mouse1_slice50,Sncg,295
214144504492807695060877458281801688345,4979.343568328228,-2196.6674240874445,mouse1_slice50,Astro,256
214614796462043238342346671189483547815,4158.134240414261,-2993.870161778751,mouse1_slice50,L4/5 IT,130
214631579258847603841628506299641068164,4182.805248237857,-3163.0010211587883,mouse1_slice50,L4/5 IT,97
214965008520339579987606387548420283763,3871.0029040815793,-3599.3328132345264,mouse1_slice50,Endo,29
215133026438058914197782421312595367010,5073.526447396931,-2589.637481265042,mouse1_slice50,L6 IT,201
215242765151845808241763342012238466475,5277.809152025616,-3168.489060321389,mouse1_slice50,SMC,107
215267650948196203724536166676810775720,3848.2296943619654,-3667.405961431662,mouse1_slice50,Endo,16
215696621684657025702582362857637797988,3975.8880797310476,-2976.2859716810167,mouse1_slice50,L2/3 IT,128
216368363397795112907451062255842152246,4975.957970890887,-3477.4112954717757,mouse1_slice50,L6 IT Car3,57
21648727263050148578781884511174444838,5083.309242018074,-2863.523618775809,mouse1_slice50,L6 IT,154
217033356160606974628699973411024640807,4885.020970014085,-2678.6837504279692,mouse1_slice50,Sst,184
217043779973720016586589326478526208130,5079.441950478007,-2788.730639091598,mouse1_slice50,Oligo,169
217062940689251187452701831368253402436,4372.783672586184,-3702.1963337218867,mouse1_slice50,L4/5 IT,21
217121945586352573944091923333183450629,4748.484307514841,-2478.8782240414625,mouse1_slice50,L4/5 IT,214
21766128367326914613636765945459738230,4575.83381182233,-2896.5412174219427,mouse1_slice50,L5 IT,149
217705305964897536986726443809862260084,4347.7282957161515,-2380.696098062431,mouse1_slice50,L2/3 IT,225
218326498062623466318951088864783450076,4967.08277631496,-2875.022076422047,mouse1_slice50,L6 CT,153
218846374612002114668565251746940929236,5083.540390875626,-2957.6998930745926,mouse1_slice50,L6 CT,139
218850266073139083002978933568085322011,5177.9419166028465,-3092.020202893179,mouse1_slice50,Oligo,122
218928460437058472577065644203330369787,4176.864549998523,-2471.358194163087,mouse1_slice50,L2/3 IT,208
218930187745883548942751413933534943472,4493.931900087464,-2979.2979467909995,mouse1_slice50,L5 IT,133
219120602344409770184008394787782511640,4761.187875367186,-2353.1363858145783,mouse1_slice50,Vip,229
21965054970228174762515511984445209797,5347.4804780966815,-2262.9498600366483,mouse1_slice50,Endo,249
220145526382094032245049482297785884522,4872.91673151594,-2479.8651332223926,mouse1_slice50,L5 IT,215
220278513526971037391221672210509300531,4852.378300115067,-3295.914252523498,mouse1_slice50,OPC,87
220508113017511323589400775249131783392,4851.319863095809,-2575.0247448420896,mouse1_slice50,L5 IT,199
220572937447929853418832892489473417960,5157.815608203773,-2767.007750293235,mouse1_slice50,Peri,170
220880648475338271384213185180650692724,4890.840549631906,-2078.7879782309146,mouse1_slice50,Endo,266
220906679794576421111116458300975550811,4258.759960180852,-3092.7335257078003,mouse1_slice50,Peri,114
221674964025880593116345721665163322969,4248.107397663893,-3487.7411340807726,mouse1_slice50,Endo,50
222286271824697744492177845371915210635,4743.031768945854,-2873.315894190034,mouse1_slice50,Endo,151
222295901867601410589929340513308260335,4972.388278069116,-3561.796459643489,mouse1_slice50,Sst,40
222375128515538405014593137794013598726,4789.467669277329,-2078.819205988216,mouse1_slice50,Micro,265
222377669228281294123866390931188770066,4754.934264896263,-3585.2499036052395,mouse1_slice50,L4/5 IT,38
222503690430250984449944532189432034070,4575.7492251488775,-3475.553248039826,mouse1_slice50,L5 IT,53
222520496161568992565412446317460762777,5374.537708998755,-1559.6452670383,mouse1_slice50,Oligo,311
22253012467928500082168150141213847250,4884.454439692064,-2669.954859813309,mouse1_slice50,Sst,184
223984829258489005901393620895289818044,3949.6267310952107,-2570.133991760769,mouse1_slice50,Micro,191
224717509936687511578334361637925215823,4984.252231015068,-2585.150021293833,mouse1_slice50,L6 IT,200
225544501205292915195021777220066993953,5286.664027797313,-3175.4105784597136,mouse1_slice50,L6 IT,107
227037682601587786710545225321467041585,5164.938703904259,-1969.5218922422066,mouse1_slice50,Peri,279
227143740538531266551482496041027538248,4856.78219348203,-2967.2061895839565,mouse1_slice50,Pvalb,137
227868965986328545772507486217310456731,4872.898248910696,-2791.4705998680906,mouse1_slice50,Oligo,167
228116355723390213054229029184108428294,5250.140182149685,-2077.5001301252014,mouse1_slice50,Endo,270
228759005422536726424176433641237715306,4963.9146427338765,-2574.470904571714,mouse1_slice50,SMC,200
228833840638239971179959415907651576708,4950.814307192656,-3797.4143855608318,mouse1_slice50,L5 IT,15
228877485662971141696849481889429086555,3773.6547575694135,-3886.842760474469,mouse1_slice50,VLMC,3
229274936044368886429376847081292135965,5051.848196223674,-2994.2575957860545,mouse1_slice50,Peri,139
230032870817219677532302135997060307300,4957.267873055023,-3089.814111768534,mouse1_slice50,Endo,121
231377291197518094539425057510973594150,5150.661882908228,-2078.185029091818,mouse1_slice50,L4/5 IT,269
231984703913300024603294746858875156742,4690.246177678882,-3090.775544676272,mouse1_slice50,L6 IT,118
232130622421001140217163872618333279368,4887.981063423191,-3472.0662953392857,mouse1_slice50,L6 CT,56
23223810621169256816733228590296990170,4360.442336890344,-2670.512520442418,mouse1_slice50,L4/5 IT,179
232354921826202787945041022130420710188,3990.7663282499648,-3277.032689004897,mouse1_slice50,OPC,78
232425093587078377094264647228150802992,5173.667836768726,-1586.3122123369533,mouse1_slice50,PVM,309
232618042533944300301843875368436677407,3757.17086338285,-3067.241361868789,mouse1_slice50,Astro,109
232806147633437347985162556079587311645,4068.385977484602,-3103.357730854266,mouse1_slice50,PVM,112
233737916685181874367461761140008924598,3952.610886110495,-3169.878848674821,mouse1_slice50,L2/3 IT,95
23454933930377315485693174370040351486,4556.166717919722,-2696.72993910258,mouse1_slice50,Peri,181
234643345323010335334303184307028337132,5057.3016208248455,-2473.3870912732914,mouse1_slice50,L5 IT,217
234826917020716491809872781213270598053,4464.533403507031,-2158.57363893891,mouse1_slice50,L2/3 IT,251
234848034864805099255583742599138951180,4686.473394095209,-3572.3987853176795,mouse1_slice50,L5 ET,37
23487182633481780020965332987661454880,4766.571342543903,-2581.4097507095944,mouse1_slice50,Endo,198
234875929811226486020670703266079537965,5391.207895044632,-2791.5799300469594,mouse1_slice50,L6 CT,172
235148905600713484745233958398877522751,4447.437184677685,-1985.5856386977728,mouse1_slice50,Lamp5,272
235789049836395848306383532115136017008,4388.557907534711,-3775.2296303549956,mouse1_slice50,Endo,9
235974904872121963210086047062946277671,4662.826853636521,-3163.0555744162716,mouse1_slice50,L6 IT,101
236290822323735645808944758517793678007,4287.954196156593,-3196.836335912379,mouse1_slice50,L4/5 IT,98
236366012408799442211188006006012522132,4275.941506264618,-2355.380606002066,mouse1_slice50,L2/3 IT,224
237176218821375447597182048693599082909,3972.2195890357725,-2874.0123474992024,mouse1_slice50,L2/3 IT,143
23721245685845181367112225343254547106,5264.717676856385,-3258.0685588626143,mouse1_slice50,Endo,91
237238748936415677300066536710386837361,3780.2653263994625,-3600.5844306519043,mouse1_slice50,Lamp5,28
237550419927300400703004236667997569964,4487.1390259349555,-3587.2058014752015,mouse1_slice50,L4/5 IT,35
238135142540003030998951575374848085672,4449.743596291067,-3095.0754092783473,mouse1_slice50,L5 ET,116
238997953744717130591212709072976355092,5183.035573300212,-2178.49460324376,mouse1_slice50,L4/5 IT,258
239592981556919888822574395696573165954,4077.9475930319495,-3197.599267084105,mouse1_slice50,L4/5 IT,96
239937464197442040191927518042035796760,4045.5223709253705,-2774.6661870467956,mouse1_slice50,L2/3 IT,160
240422629899009151479210488092417512404,4555.560228235914,-3075.8573933172643,mouse1_slice50,L5 IT,117
240463675622543716763000427601542793569,4861.380029744687,-2753.579764052139,mouse1_slice50,L5 ET,167
240614353734777649634597688893540662611,4879.219119698713,-2101.3629156459124,mouse1_slice50,Lamp5,266
24076990450149794748755074850945120772,4887.111051419596,-1866.1945780158792,mouse1_slice50,L2/3 IT,286
240867860101581644280761153617669390145,4282.28351558839,-2971.679391687729,mouse1_slice50,Pvalb,131
24119647009244008100754839353320869989,4278.833727425444,-2273.9858007328685,mouse1_slice50,Peri,238
241614975698905148724423399091858564151,4192.962211567749,-3465.1642649849646,mouse1_slice50,Astro,49
241995230658767171055342908629375429945,4787.126375779498,-2480.61820008811,mouse1_slice50,Astro,214
242178680939166814431114948449251385859,4080.788283861456,-2961.345798960889,mouse1_slice50,Endo,129
242423043365980941268563954619890918407,4246.766802936486,-2866.025677794302,mouse1_slice50,L4/5 IT,146
242537180046330102543361350177131230962,4588.84421267623,-1969.6099973634268,mouse1_slice50,L2/3 IT,273
242636425151815103934078219394142025689,5080.03519166295,-3563.0674322279783,mouse1_slice50,Oligo,41
243166653676702005308315527968808271277,4074.2139608771563,-3473.3131884665136,mouse1_slice50,PVM,48
243207153461579160277457239314669060185,3883.1849890109015,-3075.929716900002,mouse1_slice50,L2/3 IT,110
243912119598928791665707096162470469105,4848.36499855126,-3165.116178816079,mouse1_slice50,L6 CT,103
244823747920127755073953614364155990789,4167.75334791159,-3483.798003432959,mouse1_slice50,Peri,49
245136422712283126702535275219046396445,5281.85662150318,-1878.0498374826532,mouse1_slice50,L2/3 IT,290
245956847084334656763008490934368220209,4364.530612388008,-2993.751585890955,mouse1_slice50,L4/5 IT,132
245984954750873417695367507021497309678,4359.729370827555,-2694.363142886737,mouse1_slice50,L4/5 IT,179
246086446812415912718115554565410355207,4871.146176133253,-3794.271983281436,mouse1_slice50,L5 ET,14
246348973066061777745456660332603448888,4060.8353187391863,-3097.613419916069,mouse1_slice50,PVM,112
246898790527605406643228895127655696153,4079.7672893070185,-2690.2757977009496,mouse1_slice50,Vip,176
24719179995333249692618441640306202410,5175.9575309955835,-3397.728396601964,mouse1_slice50,Pvalb,73
247233267332940669417704306324992380232,5088.641734519069,-1573.5919853565495,mouse1_slice50,Oligo,308
247485897781490507551392494308589701030,3961.5866093706395,-3455.2558285458517,mouse1_slice50,Peri,47
247810565163993653292053514033944732342,4483.605609427409,-3164.0834222081053,mouse1_slice50,SMC,99
248005005111144516756520761809261536314,4071.489922723778,-2770.9730319867654,mouse1_slice50,L2/3 IT,160
248151723838223272846056044404866191065,3880.874513093436,-3378.244119908107,mouse1_slice50,L2/3 IT,62
248156177371216082504665255143369140407,3983.3445173406976,-2860.2220386456115,mouse1_slice50,L2/3 IT,143
248176466867556158662084279116669803706,4268.879161213751,-2960.640529349174,mouse1_slice50,L4/5 IT,131
248340418219879813172881766654385114188,4771.610758939802,-2902.602403529549,mouse1_slice50,L6 CT,151
248388264403674958426068222251790365775,4563.866766973797,-2665.332554535158,mouse1_slice50,Endo,181
24855054419709643916539938050475000229,5150.43295697262,-3083.2367356885165,mouse1_slice50,L6 CT,122
248856473882122064399858835780086916827,4969.286753712092,-2354.5015454201052,mouse1_slice50,L4/5 IT,231
248882042988775469043352465129490698724,5377.055978644095,-2567.9042627543636,mouse1_slice50,Pvalb,204
249107598391968666900768472270001407170,5174.258530301654,-2800.614486813888,mouse1_slice50,L6 IT,170
24933557670208495956089606555601099091,4359.375089749007,-3276.2066767962074,mouse1_slice50,L5 IT,82
249511231695679123239189531729218730693,4792.604815662714,-3465.0448933396897,mouse1_slice50,L6 IT,55
250444562524734901227531932443159388935,5369.949802184574,-2086.508607078352,mouse1_slice50,L4/5 IT,271
250533391173287573518684729908898741407,4774.34313767464,-2985.193322705863,mouse1_slice50,L5/6 NP,136
250614604468139370963450244912545739575,5145.620112123406,-2576.379822090897,mouse1_slice50,Sst,202
250885675365640166577474659717634554807,5153.476342507188,-3479.232024193648,mouse1_slice50,Astro,59
251068001391129990706221095297946402906,4463.936794030007,-3274.150786445642,mouse1_slice50,L5 ET,83
251289450639375330052491307675293591428,4680.638883752001,-3792.4435011102273,mouse1_slice50,Endo,12
251419218979514092768976646330882459035,4977.237704027561,-1965.81755888675,mouse1_slice50,L2/3 IT,277
251488352623926388863286371147603420254,3762.963871061901,-3154.940219555977,mouse1_slice50,Endo,93
251564993225210993268877927732302561255,4972.513588361872,-2080.305213929279,mouse1_slice50,L4/5 IT,267
252096144892239221311100697769238283194,4946.565102576407,-1764.715528520833,mouse1_slice50,L2/3 IT,296
252116504921224928818065923339616197567,5144.9427670534,-1773.5985751251542,mouse1_slice50,Astro,298
252264625622565919957457954471883311745,4255.3161235141315,-3058.1902652728536,mouse1_slice50,L4/5 IT,114
252426989197858713524767728020855627890,4959.836924797974,-2969.1227614838763,mouse1_slice50,L5 ET,138
253219918286660293267876246797352506601,5069.8644482563,-1890.6477527383765,mouse1_slice50,L2/3 IT,288
253359980926044970190805961695706861534,4458.17158104346,-2184.642724016679,mouse1_slice50,L2/3 IT,251
253390795114032647194277416850246524382,5364.544979773454,-3273.6490349626647,mouse1_slice50,Micro,92
253444288460938401708328683570438882319,5165.761865357535,-2093.1546609052607,mouse1_slice50,L4/5 IT,269
254516999685319419960628816957255635375,5181.884666493244,-3477.9025278499444,mouse1_slice50,Pvalb,59
254703125027287739261652428714068974314,4391.895347577789,-2691.157397892916,mouse1_slice50,L4/5 IT,179
254938076942081985367794594088215446345,4561.741046473476,-3503.038231089235,mouse1_slice50,Astro,53
255691974655448691902206902346035943304,4352.414428060498,-3057.2753730182767,mouse1_slice50,Endo,115
256225141694472730823956396622881139658,4965.515272142862,-3297.3131548712704,mouse1_slice50,L6 CT,88
256505509771725176392364417238242712617,4881.02572986995,-2596.506728033647,mouse1_slice50,Sst,199
256866148070848636001191207864003019506,5169.393276075432,-2378.6147053641885,mouse1_slice50,Oligo,233
25690312067935436797851430529095731045,5248.637958803564,-3472.141815392471,mouse1_slice50,Oligo,60
257536515736702840477444545853251581921,4269.95522009301,-2588.075130520858,mouse1_slice50,Astro,193
25788439681710725349924744424132661958,3757.929874672359,-3287.3920094455984,mouse1_slice50,OPC,76
257969625995596887266873555960935940794,5072.60136350673,-2404.3080585893867,mouse1_slice50,Endo,232
257983038205013603462415652969143609307,4058.201427623026,-3378.0072987966273,mouse1_slice50,L4/5 IT,63
258002013954395027122580890389399558730,4796.2958263805385,-2681.482123907203,mouse1_slice50,Endo,183
258768304533291307243393601987007847661,4875.525956435247,-2466.493750395783,mouse1_slice50,L5 IT,215
259059841906936535442404084450707156816,4878.274773921013,-2856.820951614191,mouse1_slice50,L6 CT,152
259387535290701197639442974209851793322,4065.7238299823102,-3896.4775451654787,mouse1_slice50,OPC,5
259530709553628451855015711706154177428,3976.50181598116,-3150.972989906524,mouse1_slice50,Endo,95
259971664039018570867600826732558675566,4977.519991088642,-2373.7522252960807,mouse1_slice50,Astro,231
259996002230123963953050925470057360120,3984.166244642847,-2875.186872152162,mouse1_slice50,L2/3 IT,143
26047693985962494685600183143818708759,4274.7828256306375,-2984.8460662546836,mouse1_slice50,L4/5 IT,131
260487463081844479686442999177297818900,4983.013305729852,-1787.5207597355845,mouse1_slice50,L2/3 IT,296
260596857216380209026017588663623796575,4688.483689685587,-1875.0934701816116,mouse1_slice50,Sncg,284
260798845981501648480743399849620292741,4943.921459399219,-2769.646365879335,mouse1_slice50,Endo,168
26121303167210242649417819738574001023,4575.164093576486,-3579.9713082490334,mouse1_slice50,L5/6 NP,36
261605560369050557975278773818342163899,5145.260768302277,-3467.4373513253254,mouse1_slice50,L6 CT,59
261652614037517018670380287967611154309,4286.965882690607,-2872.664002981755,mouse1_slice50,L4/5 IT,146
26186433690786817575545776710315993842,4376.3714686861495,-2496.8363237244525,mouse1_slice50,L2/3 IT,210
261885085191889830257363239524173490735,4147.631703318623,-3063.3251908500897,mouse1_slice50,Endo,113
262156246026013751745541875642728539724,4074.1494955632597,-3395.9483900155783,mouse1_slice50,Endo,63
262506739300904686754981861782878574659,4560.033173329141,-1990.7509183436903,mouse1_slice50,L2/3 IT,273
262517943315537465393023696521571274310,5351.368923279714,-3284.9428037986513,mouse1_slice50,L6 CT,92
262707286997386595282481325661058274051,3859.374069854091,-3363.9736398753234,mouse1_slice50,L2/3 IT,62
263080570186978023990952423352220212130,4391.732920041466,-2367.560240290181,mouse1_slice50,L2/3 IT,225
263254925507523912085850853294650353730,4558.792925462002,-3673.7563813576085,mouse1_slice50,L5 IT,23
263577140480852842754482988765395125288,4070.061428537797,-3273.771837017274,mouse1_slice50,L4/5 IT,79
264301394577228427108960414138638738121,3957.9855408032886,-2792.027832492491,mouse1_slice50,L2/3 IT,159
264445019609906964141328401319480085321,4964.486354831676,-2992.9668558486437,mouse1_slice50,L6 CT,138
264786303566596559582215132716848054049,4356.115266875235,-3390.2775917501626,mouse1_slice50,Endo,66
26532497665337066515972465665445778746,3885.0887348982283,-3161.9632731842753,mouse1_slice50,L2/3 IT,94
265451734705510901556475893016390885164,4475.9592788801665,-3595.0057598790286,mouse1_slice50,L4/5 IT,35
265826346138771634543323709096657134343,5159.517509969933,-3194.3316004105213,mouse1_slice50,OPC,106
266790303415672703091824575837392623706,5272.006723875906,-2451.129365341894,mouse1_slice50,L5 IT,219
266862022451937249509589172754193405261,4753.950887602722,-1669.9102273314008,mouse1_slice50,VLMC,301
266906561464068192011445046165689478071,4082.4129920213268,-3474.39325670928,mouse1_slice50,PVM,48
266950947697353669349868038075917493778,4461.967304352847,-3670.343024979775,mouse1_slice50,L4/5 IT,22
267501697760387566742962928378678259337,4184.55849827649,-2676.255604857977,mouse1_slice50,L2/3 IT,177
268030594011163740807460920100678865134,5095.285694295375,-3169.7872700319817,mouse1_slice50,L6 IT Car3,105
2681149072328060831325302187255465994,4783.636356182848,-1998.2625813163872,mouse1_slice50,L2/3 IT,275
268339130741418197785835601128771657239,4369.2779103126695,-2777.631643252066,mouse1_slice50,L4/5 IT,163
268940929971757505429345409032193678662,5295.4907403875595,-2269.5735550460445,mouse1_slice50,Oligo,248
269424574419718153546969792674900018379,4391.968995686642,-3578.619157038044,mouse1_slice50,L4/5 IT,34
269531226463170631466099401563226291192,3784.2504383474493,-3078.1537478258683,mouse1_slice50,Micro,109
269949179685075754800992100860380554808,5090.760318173055,-2579.6813743087614,mouse1_slice50,L5 ET,201
270116339285282280960830778920251100918,4344.36599248533,-2287.317683476513,mouse1_slice50,L2/3 IT,239
270852377521007988963849122137680194869,3847.2949195016304,-3079.069076998473,mouse1_slice50,L2/3 IT,110
270857224970198738296754577912173055,5391.4080442227705,-2484.4694304516483,mouse1_slice50,Pvalb,220
271217728709575191558321071336289938072,4954.31514750949,-3582.7174810509614,mouse1_slice50,L6 CT,40
27164198192483428083119037269766010045,4572.047103805663,-2781.5768834699415,mouse1_slice50,L5/6 NP,165
272008496838966134326415460508787462715,5376.539564474131,-1892.1799397710427,mouse1_slice50,L4/5 IT,291
272240981271796860897587475238325118715,4754.600851339382,-3189.594621259384,mouse1_slice50,L6 CT,102
272703850843569468165518297821728857911,4768.549757322646,-2982.2819621815224,mouse1_slice50,Pvalb,136
272907503406049253692797528669022153360,4847.627227287185,-2271.260416013002,mouse1_slice50,OPC,244
273279077118499200360108337824081338672,4991.270643636822,-2076.89569576671,mouse1_slice50,L4/5 IT,267
273380175469521837384544766207790550131,3846.5868164882145,-3365.9554547570838,mouse1_slice50,L2/3 IT,62
273507613964489287608158375662699043941,3849.95422992616,-2659.3752205561714,mouse1_slice50,Endo,174
273685243327535519801042854435013500692,4955.313219656879,-2497.0891757429818,mouse1_slice50,L5 ET,216
274209799779967143040634711696346314824,3973.2200723176584,-2754.970188464984,mouse1_slice50,L2/3 IT,159
274346942698840517002815891039644376351,5086.367131158833,-3276.291982383333,mouse1_slice50,L5 IT,89
275754199613295038597858669670913679510,4873.284771525354,-1967.1035727116057,mouse1_slice50,L2/3 IT,276
276037733461481068390610579919553363971,4468.539634062002,-3457.354017709058,mouse1_slice50,L5 IT,52
27638264403499565224143349481790624529,4876.521900618029,-2863.92066905624,mouse1_slice50,Micro,152
276569772317067509030644345553555912683,3871.131425958426,-2987.2661052733515,mouse1_slice50,L2/3 IT,127
276634231092493095353139685894960879013,4367.332619695704,-3689.1425139888597,mouse1_slice50,L4/5 IT,21
28010360627971040413867749602360184724,4176.618343608975,-2496.9652630995274,mouse1_slice50,L2/3 IT,208
280503178067119983492246621615607033189,3783.56939557913,-3561.9878736040905,mouse1_slice50,Endo,28
280757302966380149313284641378993599870,3774.5641665186154,-3266.2747101369046,mouse1_slice50,VLMC,76
280825294560597236601337949046722210680,5280.018131490304,-2791.3703072260323,mouse1_slice50,L6 CT,171
28107645328554852957466985651762052507,4884.865162696439,-2874.53599065127,mouse1_slice50,Peri,152
28145554636502990659999474516407890074,5269.8487167155035,-3274.7508092063363,mouse1_slice50,L6 IT,91
281951791265167021210165644017125107715,5372.951411090287,-2202.8052757389187,mouse1_slice50,L5 IT,260
282089317172609349062562755406796822383,4466.977716615713,-3296.2755980717643,mouse1_slice50,L5 IT,83
282663825823507552465731794552641604268,4553.043182292115,-3178.5200702795364,mouse1_slice50,Lamp5,100
282777075779200883047821091665411924236,4582.004421693818,-3254.997769778523,mouse1_slice50,Endo,84
28297407995708696957634693540514139774,4056.131350921964,-3858.9372486438983,mouse1_slice50,L2/3 IT,5
283235147438301449245196389841716153788,4776.139301842792,-1659.435370566134,mouse1_slice50,VLMC,301
283578945518942212403230303409725574086,4976.228985969718,-2680.48704705519,mouse1_slice50,L5 ET,185
284037218975187793513475951652100449051,4650.204966913986,-3759.9146718339753,mouse1_slice50,L5 IT,12
284544957295596105329724527109444940761,4757.659452904684,-2181.600151252631,mouse1_slice50,Sst,254
284757436173891549236613160269278899903,4442.69656828905,-2171.7364623351236,mouse1_slice50,L2/3 IT,251
285412931012562282621329420746593185128,4251.502297188667,-2369.583295888308,mouse1_slice50,L2/3 IT,224
28556120123662856777984156825992541488,4472.708064994988,-2572.017489153565,mouse1_slice50,Endo,195
285603263683389839683037325433426609384,3780.995098838084,-2800.8021139736456,mouse1_slice50,PVM,158
285869482386669591220661190919097370605,3658.83020160319,-2972.3342749169556,mouse1_slice50,VLMC,125
285930780681811551610524228425086364810,4459.962856349798,-2401.3574916951306,mouse1_slice50,L2/3 IT,226
286489212571012053934765100947419189711,4184.36240466729,-3266.502241102001,mouse1_slice50,L4/5 IT,80
287355014956573993393778998560433863575,4565.78950236987,-1896.2386697986542,mouse1_slice50,Astro,283
28739106073596878778669180062148247612,4285.6833191958995,-2793.062243193525,mouse1_slice50,Peri,162
287676319208265404672049415672236793130,4052.1271454084463,-3481.9399233579366,mouse1_slice50,VLMC,48
288015243877852018202991143651536016096,4656.386607061892,-3368.891191791488,mouse1_slice50,L6 IT Car3,68
288096151203091949205477890448320545708,4269.5507849861615,-3666.5139220242995,mouse1_slice50,L4/5 IT,20
288556242824600529448927895916737177123,4085.9324391443347,-2864.6901133601286,mouse1_slice50,Peri,144
289343122383658514498136765909048820765,5264.930698137265,-2772.653951778667,mouse1_slice50,L6 CT,171
289382397480189968180495803025608805591,4453.067056579197,-2858.3296790446448,mouse1_slice50,OPC,148
289976676509918206718848034718443247342,5063.110341518246,-3396.606872048304,mouse1_slice50,OPC,72
290229710568483706443209117125624272980,4895.267941031342,-3379.9876141515706,mouse1_slice50,L5/6 NP,70
290426966510838776163747693666301870054,5291.5556686955215,-2868.4278663600658,mouse1_slice50,L5 ET,156
290660211374439364063393704191219848491,4882.594710936334,-2268.245321025492,mouse1_slice50,L4/5 IT,244
290734455146583036709203480861646599423,5371.207409385964,-2072.780722169576,mouse1_slice50,OPC,271
290840353381456538346015834276065721263,3870.9717820515093,-3758.509850349459,mouse1_slice50,VLMC,6
291073954632244594577986921455396050970,4688.889873401863,-2272.225289288966,mouse1_slice50,L2/3 IT,242
291085725036857863340260953030926706061,4054.419308333235,-3598.5417247291903,mouse1_slice50,L2/3 IT,31
291660058548935402229311462097571587542,4572.320539543778,-2957.2823619802443,mouse1_slice50,L6 IT,134
292457844811840174891365902755716175263,5187.712590538131,-2459.647858639349,mouse1_slice50,Astro,218
292589574705360931845513116568648500633,5085.6523706092385,-2167.9488794431445,mouse1_slice50,L4/5 IT,257
292796406702242371375285325548638008698,4891.38819802132,-2567.6389483871885,mouse1_slice50,Endo,199
292859119258431176609848126705670154312,4772.26095955182,-1878.497604908696,mouse1_slice50,L2/3 IT,285
29333328774678975103150929140409693923,3784.7757646746695,-3999.7123931127744,mouse1_slice50,Astro,1
293915232870927125968895133499285926011,5179.1232288498195,-2963.405177347035,mouse1_slice50,L6 CT,140
293923484203288421590898415747248288807,4665.020420526805,-3753.2299513404655,mouse1_slice50,L5/6 NP,12
293935255372176129837992885638438032851,5354.504029496356,-2377.334573701154,mouse1_slice50,L6 IT,235
294101434953479123866178115767537739116,4166.415077931587,-2468.372858083811,mouse1_slice50,L2/3 IT,208
294506292288552979716096341515100614377,3752.741456097261,-2666.0526959475187,mouse1_slice50,VLMC,173
294526670439514475204505551949507183135,4376.844347878066,-2966.320440288589,mouse1_slice50,Peri,132
29466339938544897211509822465273764792,4062.389754850891,-2376.0532750032485,mouse1_slice50,OPC,222
295284199737998646404589156891982124995,4479.3837461252315,-2152.8933507594747,mouse1_slice50,L2/3 IT,251
295306553286479321734977984642071705198,4386.162401574445,-2559.9837944811557,mouse1_slice50,Sst,194
295338156695562275248492490868278072656,5260.4066835948115,-2188.9525882150183,mouse1_slice50,OPC,259
295600290160793951059666502632024611662,3985.5482362256503,-3075.9896996566627,mouse1_slice50,L2/3 IT,111
295631463592485520869299039011821051433,5073.742576564259,-1860.9229862074715,mouse1_slice50,Astro,288
295782885883243046771032648485890778966,5275.213670463486,-3391.39077280223,mouse1_slice50,Pvalb,74
297249811449804529618196347167709481308,4949.444334213591,-2090.140106189634,mouse1_slice50,L2/3 IT,267
297530587512658730756976734973086718191,5082.897746011943,-1978.7082278672585,mouse1_slice50,L2/3 IT,278
29775310950590441136425733896771151462,4656.664694101118,-3663.45622195512,mouse1_slice50,Pvalb,24
297774655361068446318854076771890432941,4482.279595534276,-3657.2485692693785,mouse1_slice50,L5 IT,22
298140382180129466413684216589097929232,5174.931414911394,-1691.7750630741198,mouse1_slice50,L2/3 IT,305
298238301012742143814861292204263679558,3895.2715473625467,-3379.6978227823042,mouse1_slice50,L2/3 IT,62
298626746814055414694742899588757872754,4760.653018409532,-1855.758433891747,mouse1_slice50,L2/3 IT,285
298744185796351169139432523602288927269,4385.986160377103,-2773.061208418271,mouse1_slice50,Endo,163
299863044365977840226201483474106273709,5364.521464776974,-2571.9971051477405,mouse1_slice50,Pvalb,204
300090037367938402809916929159813342823,5376.704725254497,-1653.9100887371162,mouse1_slice50,L2/3 IT,307
300928099507312546152937354353455724604,4987.0235563601,-2970.881171457432,mouse1_slice50,L5/6 NP,138
301371664521379548927222837977408670633,3770.7279711054402,-3195.9555907323656,mouse1_slice50,Astro,93
301373572180622328183479670718868429225,4886.655174861951,-2958.1353778698804,mouse1_slice50,L6 IT,137
301665402294908927053831964077020879312,4292.145706292414,-3383.0608997144677,mouse1_slice50,L4/5 IT,65
301875000971154348219354431743339324782,5065.245641148331,-1952.4321696311856,mouse1_slice50,L2/3 IT,278
301904078200801645176687813281196745432,4079.728625425056,-3100.9007975953355,mouse1_slice50,SMC,112
302461791384613072659106386898104383266,4870.945723342554,-3400.0233563830193,mouse1_slice50,L6 CT,70
303634369895522994830785886409704155764,5183.234065048838,-3594.165228426436,mouse1_slice50,L5 IT,42
303710976367169354434144367816433026256,4857.982409760273,-3100.194606285469,mouse1_slice50,Sst,120
304092638100442579602328881315536548957,4447.136041180441,-2284.0290759566333,mouse1_slice50,L2/3 IT,240
30417334808660423117328906634801405610,4652.927911705547,-2367.2539992227116,mouse1_slice50,OPC,228
304234787501892091453007328329457735466,4969.125781087792,-2469.337272410318,mouse1_slice50,L5 ET,216
304407020145371566080003935202840824085,3761.7415798988955,-3473.7094007215132,mouse1_slice50,Endo,45
304464456051670615398987457263084516530,4876.67451449817,-2901.183405299003,mouse1_slice50,Sst,152
304548308011182718569445358187190898376,3759.7150944666546,-2678.8329107538602,mouse1_slice50,VLMC,173
304794847043339882027486311623445917933,5248.957088007425,-3070.179237060132,mouse1_slice50,L6 CT,123
305898754230419262852035600841537319492,4757.78441350074,-1978.2320220373451,mouse1_slice50,L2/3 IT,275
306020601254924488867686139206180379663,4487.032789668583,-2486.0864972859276,mouse1_slice50,L4/5 IT,211
306497615721465426105447075507909101588,4882.941880969217,-3778.1625416564575,mouse1_slice50,L5 ET,14
306963153863075739468955962296135397073,4579.163309094037,-3680.9873929579294,mouse1_slice50,L5 ET,23
306979000808659406902688647766825492048,4389.291270497686,-3578.152808816616,mouse1_slice50,L4/5 IT,34
307379159966975957698001876075669748712,5388.279441857779,-2390.433784172122,mouse1_slice50,L5 IT,235
308115662112139519594180369995286790274,5189.277911608332,-2568.1553086739737,mouse1_slice50,L5 IT,202
308443130563555459236148400300260443016,5162.026248303716,-1987.8897521125216,mouse1_slice50,L2/3 IT,279
30881223146202201253136520380660215125,5350.137063746623,-3562.0231926576885,mouse1_slice50,L5 ET,44
30892011602199098328549435272220997437,4758.593347722301,-3283.402103500224,mouse1_slice50,L5 ET,86
309216255992658767410844905314883573748,4550.612705990148,-2183.9406373672596,mouse1_slice50,L2/3 IT,252
309443099957788557918420528232968267125,5277.7366748509085,-2467.6060870555716,mouse1_slice50,Astro,219
30951558490331485117200541136687648302,5177.710029059973,-2780.814066066277,mouse1_slice50,L6 CT,170
309588515985854917473736288166955252691,4067.019917394683,-3870.5362019028116,mouse1_slice50,L2/3 IT,5
30962654740135641500219904945576101233,5189.740135835446,-1567.6098836596143,mouse1_slice50,OPC,309
309759485370683121495795098454720452751,3864.863119750263,-3051.663306465729,mouse1_slice50,Pvalb,110
3097956688612534549222273955042396088,4967.5316906032685,-2461.3195814906426,mouse1_slice50,L5 ET,216
310210778105703626598460024906116687657,5386.603169556297,-3090.6648850719203,mouse1_slice50,Sst,124
310777139113648534549558499825191796250,5058.98041086422,-2469.2255668556777,mouse1_slice50,L5 IT,217
310999536924716895366496116999910654699,4377.436123481871,-2396.501087615081,mouse1_slice50,L2/3 IT,225
311201643589214281980911616005635659562,3761.823020071617,-2801.3998821147843,mouse1_slice50,Lamp5,158
311350275479981800181512078802714106900,4584.1229505915235,-3369.7602992189995,mouse1_slice50,L5 IT,67
312223181741362243513086384995568348260,4650.942624689252,-2165.4441577190273,mouse1_slice50,Endo,253
312889437527333831256510616450061193515,4585.229594284697,-2755.9519391229755,mouse1_slice50,L5 IT,165
313109930287904099996503199723210259560,4878.282488023238,-2887.8346620986895,mouse1_slice50,L5 ET,152
313547896562653770791461069779903639100,5152.892060193723,-2063.058535433362,mouse1_slice50,L4/5 IT,269
31356706333019235063944968049391552520,4263.067223775842,-2684.132483034352,mouse1_slice50,Vip,178
313758903156029129133880484985188196312,4875.056448646617,-3270.3944775005975,mouse1_slice50,L6 CT,87
313780664006931414497142977687392413554,5354.50565531953,-1676.8789232836166,mouse1_slice50,Micro,307
314610796326439765821885772890051195943,5155.676184921623,-3181.334992690917,mouse1_slice50,L6 CT,106
314925749576977026837427519721173845933,5189.687777759451,-1890.7438336110424,mouse1_slice50,L2/3 IT,289
315169174312216590578917291566996689894,4776.278902812481,-2880.7851652093514,mouse1_slice50,Endo,151
315577296422889662601610815121605771423,4568.984414848184,-3276.916955383821,mouse1_slice50,L5 ET,84
315845083214525570397685595091310615014,5253.833849285697,-2789.0428583676535,mouse1_slice50,L5 ET,171
31643454240108065483809196697217553656,4968.74287295492,-3583.095998696899,mouse1_slice50,L6 CT,40
316576545710939216369594957886563798336,3973.588712220476,-2476.0732034113794,mouse1_slice50,VLMC,206
316940531981215450818357932099598306732,4884.950702514249,-2792.2081448408853,mouse1_slice50,L6 IT,167
316980677019592934818096255603922398550,5267.041174289798,-1591.4636792340805,mouse1_slice50,OPC,310
317023097530068487610875241698811588125,3950.474614915723,-3669.2367764746446,mouse1_slice50,SMC,17
317534203769435172772759844149231721682,4360.213397608691,-2161.505628919744,mouse1_slice50,Vip,250
318337307927217168573610897982980098670,5062.3077307171025,-1567.9980176776937,mouse1_slice50,VLMC,308
318505190281181412941174304091647455926,4489.744326447704,-3271.2806991173557,mouse1_slice50,L5 IT,83
31870238060230497862867100950314612507,5353.643304574895,-1992.1074604023909,mouse1_slice50,OPC,281
31932120148923322089391272685966664368,5348.9551145977875,-3088.832775940712,mouse1_slice50,L6 IT,124
319476077643842488757656292485925301483,4484.319502906246,-2261.509322865984,mouse1_slice50,L2/3 IT,240
319874613008383454438878200955923727827,4494.652032547086,-2967.902207507398,mouse1_slice50,Lamp5,133
320063166893321119084936091144335976914,4749.289068069125,-2788.781927678941,mouse1_slice50,Lamp5,166
320172137965255231535979562921910584126,4290.506127108786,-2773.1510874440796,mouse1_slice50,Endo,162
320352496599746833625030434283747965394,4975.12056044557,-3364.2334523380077,mouse1_slice50,Peri,71
320441263060659624833297526969188659611,3845.26204057112,-3974.2232018068185,mouse1_slice50,Astro,2
320486187229120575581152850295791069015,4069.7771315007526,-2587.3621800881715,mouse1_slice50,L2/3 IT,192
321020261052672216364997929920046585857,4395.348246578277,-3782.726877522989,mouse1_slice50,L4/5 IT,9
32132173007113805268300036360149878777,4580.181259795683,-3456.9503457193964,mouse1_slice50,L6 CT,53
321990379028282531171881058870533271116,5195.457179247255,-3469.591806308908,mouse1_slice50,L5 IT,59
32250544322183458661870205085943212598,5081.143432056177,-1763.4837471025191,mouse1_slice50,Endo,297
323965300532920958192652192952930384449,4290.990231606104,-2587.2590314911727,mouse1_slice50,Endo,193
323992757908620253475632419212656870260,5373.55687733514,-2151.8464307639083,mouse1_slice50,L2/3 IT,260
324109388891157703882723241120860679186,4548.059410206944,-1876.217484670522,mouse1_slice50,VLMC,283
324469615723027345805448913684726947594,3964.53583466453,-2577.5162192232306,mouse1_slice50,Sst,191
324917029215228031422731649876050373715,4860.796089678325,-3279.0935403539747,mouse1_slice50,L5 IT,87
32553701133671172010852163524949516652,5091.722033672572,-1561.5861173237176,mouse1_slice50,VLMC,308
325589872935501156044661819393288139707,5286.594871063594,-2169.5716275978352,mouse1_slice50,L4/5 IT,259
325769396487629197216855454824542533413,4655.748472130373,-2686.716702664419,mouse1_slice50,Sst,182
32605632250473291914599906714144867621,5249.604302156134,-1783.8432510029254,mouse1_slice50,OPC,299
326273497284817873066557298660941713343,3979.807123620713,-3271.4948653556826,mouse1_slice50,Pvalb,78
328136444898632080377460848527792141396,4974.4089288917185,-2503.8003591849024,mouse1_slice50,Oligo,216
328137112860400784324348071461369743735,3948.6113375236323,-3270.0409137728225,mouse1_slice50,L2/3 IT,78
328218389814552869624892786479155251016,4648.71374515602,-2661.72429841919,mouse1_slice50,Endo,182
328247126289966186349562146070428413235,5356.511668035381,-2865.034265190007,mouse1_slice50,Endo,157
328430359376885659634914294317036115384,4747.903567727838,-2178.691013498922,mouse1_slice50,L2/3 IT,254
328431251919596143179830554700612166676,4489.257326544483,-2784.551191452258,mouse1_slice50,L4/5 IT,164
328437214634536716180022886628995530797,5072.618133905368,-3278.5080530808978,mouse1_slice50,Lamp5,89
32847611338579908433104344453801968525,4667.832935260452,-1850.7696368741313,mouse1_slice50,Endo,284
328742395005917596052127732797962532548,4860.5316737601415,-3399.23648862859,mouse1_slice50,L6 IT,70
328920488379253926442796327607157760227,4068.6271364545178,-2667.0604397900825,mouse1_slice50,L2/3 IT,176
328993035838599907448719384993318749133,4269.087724544518,-3593.6742593574027,mouse1_slice50,L4/5 IT,33
329305303811822545498181414106991514688,4491.289539809816,-3771.0465500412224,mouse1_slice50,L6 IT Car3,10
329437879853134165621284851553148489923,4971.736870234743,-2956.5401018974967,mouse1_slice50,L6 IT,138
329841651143243593152838889440889586319,4645.481940559674,-2185.147733312683,mouse1_slice50,L2/3 IT,253
330377408358059363689532540953920238412,4860.378116702711,-2386.2007155294596,mouse1_slice50,Astro,230
330800035458838460605232246422968779743,4383.556574663846,-2188.572259776568,mouse1_slice50,L2/3 IT,250
331541951926366497843803540171294696542,4274.778736348447,-3269.575928744455,mouse1_slice50,L4/5 IT,81
331804677351302687813030763749029575814,5368.615235866642,-2791.994947372516,mouse1_slice50,Lamp5,172
332455410190588735597781502260660935037,4865.523193286994,-3481.0108107280685,mouse1_slice50,L5 ET,56
332499412941033637315603226964606822933,5381.634373220275,-1676.6258659019372,mouse1_slice50,L2/3 IT,307
33260383032633677065157851324497170665,4461.610713228502,-3066.7865681535723,mouse1_slice50,Sst,116
332692615931654635531500696428802111239,5364.378967694356,-2469.4496613211804,mouse1_slice50,Oligo,220
333199786590123317840998795772580064843,4274.564707397951,-2473.4204802738013,mouse1_slice50,L2/3 IT,209
33400492745164709526364883128358764070,4167.71158698499,-3469.922560084589,mouse1_slice50,Endo,49
334468224133640703812139607423465622015,4567.684334885895,-2989.3451984785174,mouse1_slice50,Astro,134
334568166890995509433503586443262352428,5383.052437704259,-3199.713848446555,mouse1_slice50,L5 IT,108
334952709754252753371888849065341894557,4253.1679475607625,-2789.7982772416885,mouse1_slice50,Endo,162
335181244184370192262511940757650883502,4452.565297871165,-2958.3427744620503,mouse1_slice50,L4/5 IT,133
335469249810829072842345205403075866410,4059.6487569383194,-2702.099882039756,mouse1_slice50,L2/3 IT,176
335901127215538133730447889436913329038,4960.8660443842355,-1660.6242958984387,mouse1_slice50,Oligo,303
336260708379898324527988103186318298108,5274.772456196512,-1972.5456431553555,mouse1_slice50,L4/5 IT,280
336298522699928668702378665821125387247,5264.528508401759,-2365.5318180465556,mouse1_slice50,Endo,234
33661859126410898898945582818456453583,4946.529160587503,-3576.5969355690927,mouse1_slice50,L6 CT,40
337002778753364237732145551205987164738,4380.605405003024,-3597.619537101429,mouse1_slice50,L4/5 IT,34
337246287727677978372712499787357037206,4182.311622279299,-2900.8753576552667,mouse1_slice50,Astro,145
337571029875769301777104816773112431906,5246.152512223295,-2563.2606836228065,mouse1_slice50,L6 IT,203
337818924971453587796487957280246108963,4759.558354721632,-2664.8097323364486,mouse1_slice50,L5 IT,183
337844204118779704889884473160743730656,4764.969401726019,-1768.817377998761,mouse1_slice50,Astro,294
338231797585771712105627035705914062498,4675.847131760606,-1896.8066857412957,mouse1_slice50,L2/3 IT,284
338613633565222611509339319050636822956,4656.847865763418,-3783.6695620034743,mouse1_slice50,Endo,12
338622681189373154898955437287150445148,4691.9150482801615,-2177.0967459408316,mouse1_slice50,Endo,253
33865093579132356231005640949447772015,4884.399933788319,-2499.249666515749,mouse1_slice50,L5 ET,215
338990954624100774824522074855139356607,3949.917256359433,-3074.3742824253704,mouse1_slice50,L2/3 IT,111
339005245576218884271228390121153916730,4776.438363592561,-3695.721584966835,mouse1_slice50,L5/6 NP,25
33926415722825268156034148194597994123,4851.624312393697,-3556.7785131054648,mouse1_slice50,PVM,39
339725983261769717643823151436330473000,4872.421798170423,-1774.0782738872533,mouse1_slice50,Astro,295
340010804472373084887023060325749851212,3868.925035216938,-2578.115720428362,mouse1_slice50,Micro,190
340034306149793933322428059568699182207,4593.20021372484,-2876.5293322689263,mouse1_slice50,Lamp5,149
340206118052660404486012530977648504080,5371.951590053672,-1860.183905999788,mouse1_slice50,L2/3 IT,291
34264636844506951564331213663018944859,4490.271966192293,-3674.7166935609416,mouse1_slice50,L4/5 IT,22
34513293354734070386424153937627612723,4043.4164185381096,-3272.931635932531,mouse1_slice50,L4/5 IT,79
34784737839503819674779264849917815059,5054.060318197396,-3164.92997716396,mouse1_slice50,L6 CT,105
35463563963762154499719534952321989069,5380.896045870027,-1884.5362283906745,mouse1_slice50,L2/3 IT,291
35644848519888559979056734037398056625,5191.903010067487,-3565.1021942023262,mouse1_slice50,Peri,42
36080109397104648082948071160307625860,5090.225491700772,-3173.945180294722,mouse1_slice50,L5 IT,105
36127497459277715547960418483498628537,4896.527727936879,-1878.5628774975635,mouse1_slice50,Endo,286
36178382628609835576567691757630083469,4845.9373555651855,-2370.3468676058683,mouse1_slice50,L5 IT,230
36855625558826714347664802281087840440,4285.322500958931,-3266.4546646506546,mouse1_slice50,Pvalb,81
3689412218577160422121539388448719173,4759.454798820031,-2775.4865392456472,mouse1_slice50,L5 IT,166
36949337127826990762300257012807218398,4248.569204370485,-2494.2039871933325,mouse1_slice50,L2/3 IT,209
37554856667165669508130985073729968528,5082.099753930117,-2858.5909429994367,mouse1_slice50,L6 IT,154
37778079948914431623344618818081207704,4878.88011383258,-2455.563508628065,mouse1_slice50,L5 IT,215
38423658359677449096149035485560599994,5275.55753897818,-1880.8330577459997,mouse1_slice50,L2/3 IT,290
38667593738818195781752706823697102767,4482.196052148235,-2367.505080409289,mouse1_slice50,OPC,226
38687307407584829229846836165958562887,4883.533102248256,-3585.831480601351,mouse1_slice50,L5 IT,39
38941322478331580322037196761723834653,5058.862995048407,-2178.6854867033985,mouse1_slice50,OPC,257
38946835221677779596936553798298473746,4966.34930817176,-2185.9799357043926,mouse1_slice50,L4/5 IT,256
3914957488183005535854873919643221113,5176.7004164538885,-3300.570799393029,mouse1_slice50,L6 IT Car3,90
39483161308635677781631687766511612845,4046.8183997919946,-3077.594552865735,mouse1_slice50,Endo,112
40056520620394975134877892838403046681,4069.2208755466027,-2592.213558089181,mouse1_slice50,L2/3 IT,192
40110316403953838168831350325205078290,5358.207018589203,-3291.053177782726,mouse1_slice50,L5 IT,92
40203058003392709651845566217129463639,5049.957840705252,-2361.9461786038914,mouse1_slice50,L5 ET,232
40843132531471723182691878094140452031,4450.89416680635,-3470.161212892705,mouse1_slice50,L5 ET,52
40874281926294332421118501769046944202,5372.366715326588,-2458.104280134879,mouse1_slice50,L6 IT,220
41216569122407555765714464118438951913,4388.010432759337,-2285.8357182224318,mouse1_slice50,L2/3 IT,239
41399472135435185537780016943195527080,4366.326775928899,-2861.542546244054,mouse1_slice50,L4/5 IT,147
41921771700989054030990388954795343066,5374.346707534031,-1900.2071463701263,mouse1_slice50,L4/5 IT,291
42109656847304688816486603980422761804,4942.5108568853975,-2075.4834919741543,mouse1_slice50,L2/3 IT,267
4225540512996765088319663865953331825,3964.808720718055,-3700.397759320639,mouse1_slice50,Astro,17
42719108277289323387419553878972268060,5254.90891326795,-2493.496539473982,mouse1_slice50,Oligo,219
42737620034889308397534423536448440918,5081.482682660714,-2101.112925831589,mouse1_slice50,Endo,268
429065381797152242535291862616955103,3682.8592193425147,-2899.0686140137936,mouse1_slice50,VLMC,141
44098066544434194411228817893344610897,4888.1436081537995,-3581.5296299934303,mouse1_slice50,L5 IT,39
44222272939324101132014642925190450861,5283.86037250937,-3286.5470167758226,mouse1_slice50,Sst,91
44256896331785651768516462331803051909,4179.69437878019,-3095.006519610421,mouse1_slice50,L4/5 IT,113
44293220986038917682805209595298582310,4761.047591753834,-3289.64218388222,mouse1_slice50,L5 ET,86
44388139817826663562208361260544378301,4581.308078228647,-2075.2619244239654,mouse1_slice50,L2/3 IT,263
45218884426043572732351958897516545123,4165.050711123008,-2489.697154374154,mouse1_slice50,L2/3 IT,208
45695190155157529328513834005018605684,4965.011309755901,-2687.032041550798,mouse1_slice50,L6 IT,185
45992141345549724408935557328546357942,5150.153413582181,-1687.19167357442,mouse1_slice50,Endo,305
46272568332547244864995088718316331183,5159.282484768539,-2473.8636483231844,mouse1_slice50,L6 IT,218
46601063849357496256256603130630337361,3876.9845226008247,-2483.7482241856715,mouse1_slice50,VLMC,205
46732427734100446105771261378929284855,5088.757527095541,-3182.0118551058904,mouse1_slice50,L5 IT,105
46856761343796126296200960024518081575,4682.544269581186,-3293.4198417777443,mouse1_slice50,L5 IT,85
47024573109438883932794967384389916633,4056.4514188357607,-3263.516196250701,mouse1_slice50,L4/5 IT,79
47113163910759547946085082853431472461,4975.393973971083,-2982.4052111101187,mouse1_slice50,L5/6 NP,138
47657558672574819601749976742281547207,5265.235826094771,-3552.6568817670777,mouse1_slice50,L6 IT,43
48286280350719361737785190270714541488,3775.7806393956635,-2978.1711949121163,mouse1_slice50,Endo,126
48934629902193695309650854816127258132,3685.1673354816885,-3980.456621132301,mouse1_slice50,Endo,0
49185521603949705040761727099809140078,5192.901470055922,-2787.3803312918462,mouse1_slice50,Sst,170
49471701974759353799840271410210820529,4385.726964559972,-3492.2743790952654,mouse1_slice50,Sst,51
50068700387253413552788140885586713321,4281.472076964042,-2753.361528581353,mouse1_slice50,Oligo,162
50168325674585342290132045874056233163,4360.53686241448,-3384.111259359099,mouse1_slice50,Astro,66
50200756673773251191343849971646858260,4977.333986882164,-1852.4515318725112,mouse1_slice50,L2/3 IT,287
50218512965326941403568439882386054031,4081.7974830048965,-3178.244275715214,mouse1_slice50,OPC,96
50434271039009485082661382989564033224,4587.97520269395,-2192.6241044736776,mouse1_slice50,L2/3 IT,252
50996008582836640148197127761750979760,4266.866269249569,-2358.604959071448,mouse1_slice50,Astro,224
51246225027493424036827518999002603353,4772.557299392828,-3591.5373627987915,mouse1_slice50,L5 ET,38
51536778315669728419218118983472600627,4688.235556468483,-3389.3303305927475,mouse1_slice50,L6 CT,68
51592467547545947249117395680622609658,4649.660175256958,-2586.2337919555057,mouse1_slice50,L5 IT,197
51827905262073580095698524817495308299,4576.235989081446,-1994.068275206492,mouse1_slice50,L2/3 IT,273
52013957704110326109398251572453676774,5186.65053633104,-2557.266050733467,mouse1_slice50,Oligo,202
5246716211959196357140305518439740328,4352.088436036102,-2757.8599915940067,mouse1_slice50,Endo,163
52596842076104876026387686102333897672,5276.79111205671,-1900.4358117626764,mouse1_slice50,L4/5 IT,290
52641155625671612124793130449446388202,5181.845726731647,-2462.082268068516,mouse1_slice50,L6 IT,218
52964436648287256754004205103427720851,4678.079202341846,-2852.300798479432,mouse1_slice50,L6 CT,150
53102869902203284919209444725957205964,5063.001101867988,-2303.0320256155746,mouse1_slice50,OPC,246
53103240081708652169208526160240383497,3764.7785996727466,-3188.306016025252,mouse1_slice50,L2/3 IT,93
54064983550620099009207322853132480718,3763.089622470289,-2657.732367171873,mouse1_slice50,VLMC,173
55059225773231713470753187778577721133,4759.454492056439,-3302.193030804588,mouse1_slice50,L5/6 NP,86
55116118365600144821687775335559487652,4772.516694587118,-1966.5944076721134,mouse1_slice50,L2/3 IT,275
55441073310887532286771565735238859964,4687.62972552335,-3782.552271820516,mouse1_slice50,L5 IT,12
5560219026382758234104923934888381779,4542.423897735834,-1978.0528081094574,mouse1_slice50,Astro,273
55698555218226570559180238933169257368,5095.576906066742,-1884.533545391762,mouse1_slice50,L2/3 IT,288
55851938203364998796946482411125242078,3963.5595280324746,-2475.4880911282985,mouse1_slice50,PVM,206
55927650689554295301533172824821716862,4079.3506636651405,-2661.1310903502463,mouse1_slice50,Endo,176
56109449857352553483645050457187159543,4881.065216325724,-1863.6724343277253,mouse1_slice50,L2/3 IT,286
56272695675299405423732403778292734850,4676.313886277551,-2073.0368470147982,mouse1_slice50,Astro,264
56549572557830715557910772407362834874,4993.123912258074,-3077.4772965833213,mouse1_slice50,Micro,121
56750478732583834719576012760799211737,4984.794135079252,-2768.1208579779754,mouse1_slice50,L6 IT,168
56822199429431315675651208403799598173,3644.8597152845,-2976.2177551650725,mouse1_slice50,VLMC,125
57491154361996888191766741446765249841,3991.161151029842,-2683.164530336911,mouse1_slice50,L2/3 IT,175
57760013983607985409344317813461553897,4874.285576744691,-3768.8528790786836,mouse1_slice50,L5/6 NP,14
57772175224458305824413171264193840149,4369.959598069229,-3363.0160970015563,mouse1_slice50,Peri,66
57804611170900764515752338926235927647,4672.574666269876,-3659.7244927516545,mouse1_slice50,OPC,24
57962098893586793992242248077742544320,4574.542371126451,-2579.9039179777783,mouse1_slice50,L4/5 IT,196
58600086092607576163845432321084056437,5046.760574817044,-3262.847659067182,mouse1_slice50,L6 CT,89
58985182980727090902038111916210040265,4047.165456482541,-2762.064779146122,mouse1_slice50,L2/3 IT,160
59017470786181836669450572407795010327,3842.6507041802492,-3675.585411186733,mouse1_slice50,VLMC,16
59023636353063604242095853577381582681,5176.109653805198,-1768.5946191427363,mouse1_slice50,L2/3 IT,298
59169507610410356373669093934910288602,4757.752126598476,-3581.3083805889364,mouse1_slice50,L4/5 IT,38
59359891046453340260742988255376316138,4058.2612271242456,-2680.7395242587195,mouse1_slice50,L2/3 IT,176
60666260394326246761345720373996507106,4558.606022605271,-2560.32578834477,mouse1_slice50,L4/5 IT,196
60703822989997034824798657773928693580,4071.570629468482,-3875.5341865728037,mouse1_slice50,L2/3 IT,5
61224604084827559338456705902702284701,4182.997498201751,-3172.1161573220347,mouse1_slice50,L4/5 IT,97
61635648119675806275321352010216057168,5183.750574725605,-2385.3939484162242,mouse1_slice50,L5 IT,233
61666586762159224201942648481894724967,4980.626302493239,-1775.3772671803724,mouse1_slice50,L2/3 IT,296
61734305417976255760743945147480908448,3881.3533181907765,-3057.225240182252,mouse1_slice50,L2/3 IT,110
61763211301007246819793749334991665936,4480.382147171366,-3078.159012625859,mouse1_slice50,L5 IT,116
61776072095044963343146122786344521176,5393.051431637747,-2069.86052662612,mouse1_slice50,L4/5 IT,271
62179116722031549924954572524533105089,3763.1661344685717,-2754.1791004599663,mouse1_slice50,OPC,158
6235855280358888845448613902660555392,5186.609762658208,-2976.555357859466,mouse1_slice50,L6 CT,140
62359484477170957851618921805658862814,5393.838979439591,-3168.622576146355,mouse1_slice50,Oligo,108
62947937874235802273461099327870702581,3960.171844916563,-2572.302459634005,mouse1_slice50,Sst,191
63153961598262675396504569804626657381,4970.298918305577,-2595.4053196226223,mouse1_slice50,Vip,200
63868247785753694377810940464556564408,4760.217123864485,-2879.298977308401,mouse1_slice50,OPC,151
63899938349833862008991842440498870617,5184.76628411517,-3374.882389680776,mouse1_slice50,Oligo,73
64001310590964087683175527417103193887,5065.818828384729,-2875.246338277596,mouse1_slice50,OPC,154
6410171131269587517584968863172144058,3983.3422093303784,-3657.374061731441,mouse1_slice50,L2/3 IT,17
64245765336727414187994212808127290200,4761.919326278497,-3253.2412013286603,mouse1_slice50,Pvalb,86
64484022250006322297473784341165533307,5169.473859458539,-3289.7145411315228,mouse1_slice50,L6 CT,90
64626541430961401090995198974801400406,5245.708431175104,-1582.6109493703766,mouse1_slice50,Micro,310
65578244523114760983606341772121808277,4556.076966820256,-2766.652177119774,mouse1_slice50,L5 IT,165
65718991021729643104361189558677603062,5192.685260537335,-2367.8115561318655,mouse1_slice50,SMC,233
66238049277191927103882222231718182505,5256.24382721482,-1689.464526413405,mouse1_slice50,L2/3 IT,306
66306038518999076742024434825578750194,4686.076693466831,-3469.7095573328575,mouse1_slice50,Astro,54
66475461732550250902072875320969739562,4684.042211191918,-3686.830950783336,mouse1_slice50,L5 ET,24
66548833774373938183081902524943898645,5346.253995794878,-2490.8973171578823,mouse1_slice50,L5 ET,220
66831924957978080302493380555753570024,4965.844287963073,-1981.407072047843,mouse1_slice50,PVM,277
67379045081235277515814674205132298762,4174.206085070644,-2761.3777954026223,mouse1_slice50,L2/3 IT,161
68043430783908900305576674643739865389,3891.813196560118,-3072.954906244807,mouse1_slice50,L2/3 IT,110
69270705207104940817428466163828032940,4070.1761895435707,-3562.711638342755,mouse1_slice50,L4/5 IT,31
69462657528292667527630339816219689484,4791.008891182947,-2687.598500295929,mouse1_slice50,SMC,183
70703017880089752574071140197974403815,4474.689744627931,-2502.713327928158,mouse1_slice50,OPC,211
70729869927750101891444624691791223227,5346.5110721869105,-1979.0368908428354,mouse1_slice50,L4/5 IT,281
70743537852925606320744139038884635299,3783.095162722921,-3062.9791146213,mouse1_slice50,Lamp5,109
70788532694521458617503912445460051113,4446.469888814074,-2389.890791429108,mouse1_slice50,Endo,226
70834109330890638591245123442275292517,4562.258784727508,-2766.166402550503,mouse1_slice50,L5 IT,165
70849265665178159914188725688490607276,4586.883448904252,-3164.4619817803623,mouse1_slice50,L5 ET,100
70974717200475590661341808754883577126,4262.864644458067,-3259.021903066275,mouse1_slice50,L4/5 IT,81
7102876876113441964035711834658102282,5070.592934370051,-2259.1198139319995,mouse1_slice50,L4/5 IT,246
71034824415536534575149315154483897877,5353.30968969294,-3370.6540993756357,mouse1_slice50,Oligo,75
71231753794404851499213073607290000439,4287.657023851446,-2360.096315025987,mouse1_slice50,L2/3 IT,224
7198949164819253169581482772946437739,5054.940254573731,-2587.76542357838,mouse1_slice50,Pvalb,201
72039055564499499943602451890126961714,4588.998804879502,-3284.9498118282854,mouse1_slice50,Endo,84
72392062773815909501265457769164734169,4956.672705817479,-3658.975482738412,mouse1_slice50,Pvalb,27
72407151119578113140244512720494985516,4777.848049883168,-3093.714806206296,mouse1_slice50,L6 CT,119
72588880290601694082565457366172732339,4567.556101803238,-3682.3131621595144,mouse1_slice50,L5/6 NP,23
72725738724322214891186038865438878930,3852.623880483957,-3368.0233345753586,mouse1_slice50,L2/3 IT,62
73131895259530470997969648522837785775,4358.628243312851,-3253.62483157718,mouse1_slice50,L4/5 IT,82
73163862288760521483184527156406283546,5361.457539635259,-2095.358295649039,mouse1_slice50,Endo,271
73198105722868092521059748748450716197,4491.273041540798,-2081.434488890755,mouse1_slice50,L2/3 IT,262
732099127950069684071550444642368905,5271.025872861305,-2096.8333885523243,mouse1_slice50,L5 IT,270
73619529895011178816649053990700415392,4973.005985089586,-3156.870098738254,mouse1_slice50,L5 IT,104
73631212473274467332202774110416577451,3850.4971710440072,-3661.28470709109,mouse1_slice50,Endo,16
73784403356225495553909001392487504057,4746.433798331153,-3477.012867887221,mouse1_slice50,Peri,55
74106864463396252968687281128478955333,3963.654932100271,-3283.517261054714,mouse1_slice50,Pvalb,78
74113252445297412012583744135369433957,4170.282091978617,-3056.5421662732188,mouse1_slice50,L4/5 IT,113
74474569179184043742610000891553286467,5079.830273353908,-2499.725169655761,mouse1_slice50,Sst,217
75237676957020795680365146621222990458,4377.32328555051,-2576.312119882162,mouse1_slice50,L2/3 IT,194
7530935365806719726381768738621792133,4346.890853913518,-2789.1247339135866,mouse1_slice50,Peri,163
75337291616971144589237382911723539520,4787.814542937383,-3391.633073507165,mouse1_slice50,L5 ET,69
75433828420190644020521096900867529079,3784.9238627187488,-3482.9388156305613,mouse1_slice50,Peri,45
76253007064694401604718867741288484969,4962.3309164337625,-3558.02527821629,mouse1_slice50,Oligo,40
76313775297691169455159680913210029075,4681.354968026164,-2087.646528773884,mouse1_slice50,Endo,264
76804826178895157471957702093152352082,4352.186031621096,-3564.466114307691,mouse1_slice50,L4/5 IT,34
77182007026739263823608576405104671038,4691.929425525082,-1973.0375897083482,mouse1_slice50,Astro,274
7788353546611057992034000678669511230,4655.813752815513,-1962.8027335184909,mouse1_slice50,L2/3 IT,274
78041915785808985096415374064007419684,4762.759829809904,-3275.051496540092,mouse1_slice50,L5/6 NP,86
78316608495914626679815160798135348252,4593.566090617727,-3079.5827864234993,mouse1_slice50,L6 IT,117
78704588307181545392755213147118748841,5159.323027510842,-1873.1718101836188,mouse1_slice50,L2/3 IT,289
78787303812616071910813914640544152298,4979.136499863674,-2202.7116533183626,mouse1_slice50,Astro,256
78937063160849235931206773762546245663,4079.225629750322,-3298.259680460606,mouse1_slice50,L4/5 IT,79
79932594659184750906082809965593066089,5352.60229169637,-3493.6676844738186,mouse1_slice50,L5/6 NP,61
80048411001906225286318509374546160560,4578.416683273814,-1878.0585047479221,mouse1_slice50,OPC,283
80181220315069275109242060911248254888,5380.446495475611,-1685.2094875929595,mouse1_slice50,L2/3 IT,307
80475293898218445587400235442067458903,4086.0882965341034,-2589.8664450240713,mouse1_slice50,L2/3 IT,192
80630075919359923364501449824553582977,5356.5730390889275,-1666.816542935005,mouse1_slice50,Sst,307
80703268163154386617419330196530493844,5388.179433413589,-3168.496523366245,mouse1_slice50,Oligo,108
81438287055120962761012442352160810986,4980.844583952775,-3469.590758087072,mouse1_slice50,L6 CT,57
81517328287787454166438405004148495971,4165.906398420016,-3560.4582575773193,mouse1_slice50,L4/5 IT,32
81541002082652584398297555643726857487,4368.07225654188,-3766.209610689972,mouse1_slice50,L4/5 IT,9
81693652689294951460422901465995179503,5042.919041619047,-1976.3156737885122,mouse1_slice50,Endo,278
81799165248324348172228974521415282017,4860.410291236718,-3486.093443283862,mouse1_slice50,L5 ET,56
82176978096059561385591866615507158122,5259.1861944364355,-3164.6750133674204,mouse1_slice50,L6 IT,107
8224181756281413686295960713937025298,5264.6675757577195,-2875.431161115922,mouse1_slice50,L6 CT,156
82768921644800080472972526062719101830,5271.62028909364,-2379.7061366086805,mouse1_slice50,Astro,234
82800249599517272556339339787309702201,4079.948428269306,-2679.1799201114363,mouse1_slice50,L2/3 IT,176
83107594143228630718501009971094220412,5157.268493809332,-2294.8988536912066,mouse1_slice50,Pvalb,247
8321446837851303137754245907660101617,5357.749507722726,-2657.2668927544414,mouse1_slice50,L6 CT,189
8328698498355625341601602662996667289,4272.814641125535,-3499.213059706304,mouse1_slice50,L4/5 IT,50
83770201598748328275922826171131909661,5371.117666327892,-1897.4340440139827,mouse1_slice50,L4/5 IT,291
84030415685037974381684956689442314087,4085.729769216704,-2259.2202155813447,mouse1_slice50,VLMC,236
84568239752697062920787019298969924772,4546.029598774335,-2580.110830562015,mouse1_slice50,L4/5 IT,196
84716313629316357111194807361286264585,5082.571629046751,-3586.097166114025,mouse1_slice50,L5 IT,41
8564595973269547106291127313913845680,3961.847182329265,-3064.2525797641606,mouse1_slice50,L2/3 IT,111
85834103142660006482523113393383288323,4744.854624476278,-2483.1026936351764,mouse1_slice50,L4/5 IT,214
8593106658749914001574293488900458487,4572.286650376058,-2492.526852579455,mouse1_slice50,L4/5 IT,212
85945676628378174900594903749843970330,4784.184066267344,-1872.337490636082,mouse1_slice50,L2/3 IT,285
8615315012369758870431631047863196539,4878.713537589139,-1766.2949357477585,mouse1_slice50,Endo,295
86231173019897899136153607517310490342,4972.104960761981,-1681.0831630345472,mouse1_slice50,Astro,303
86341700288057459842023725115746151081,4678.218209788385,-2589.0373902501155,mouse1_slice50,OPC,197
86888288496775915850367839671991644287,4962.353920515809,-3370.71476869558,mouse1_slice50,L6 CT,71
87304819610553597140563218968382259124,4058.127291937458,-3290.044380244441,mouse1_slice50,Lamp5,79
87847815063894443590945023483109460404,5289.416147255245,-3262.283007605682,mouse1_slice50,L6 CT,91
87854043295974382742939075718834886112,5063.2361257747025,-3598.7777965984205,mouse1_slice50,L5 ET,41
88303538117006728796696293384450383676,4053.5236096498243,-3676.3996181179164,mouse1_slice50,L2/3 IT,18
88329771254635614466144669079839225130,4658.6134132947645,-3583.1295356129813,mouse1_slice50,L5 IT,37
88391014084941621043541472896807484972,4377.306990102901,-3655.4184142988784,mouse1_slice50,L4/5 IT,21
88662164154519176215912175723234008125,5167.380466973339,-2860.5204870047123,mouse1_slice50,L6 CT,155
88746601377997461198516882445729492668,5344.10368286372,-3473.3353649273645,mouse1_slice50,L6 IT Car3,61
88909384164689480029340318799107272813,3952.3335782942813,-3659.4252488321445,mouse1_slice50,Peri,17
8946334352239013791729718638297861805,4683.014101423192,-1779.0945045254982,mouse1_slice50,Endo,293
90043942703103996283830086766587523735,4994.370418842836,-2586.2047205619433,mouse1_slice50,L6 CT,200
90095652390953136451650011227042320168,5081.507665282282,-2169.3365842255857,mouse1_slice50,L4/5 IT,257
90275151271898516735885280214115977411,4765.867207072477,-2794.3500753284097,mouse1_slice50,L5 ET,166
90280107426579611144250834141528828881,4658.064874263875,-3371.1660173288587,mouse1_slice50,L6b,68
90877613297369494448010823899945539737,4568.166035346621,-3567.3339331124052,mouse1_slice50,L5 IT,36
91247351785016170352500560122467898330,4965.184448704419,-3760.3957009650985,mouse1_slice50,Pvalb,15
91266649464330419770700632434959367740,4474.653697176204,-2087.648721568327,mouse1_slice50,L2/3 IT,262
91504319865829847560997510769699446617,4750.344103488605,-3774.680829286209,mouse1_slice50,OPC,13
91772253331315626916806462539391059229,4856.463734725852,-3480.7719646878977,mouse1_slice50,L5 ET,56
91974425673592639631440158029483373284,5065.483308419195,-1687.2301332762734,mouse1_slice50,Lamp5,304
92453024103736101695861554708314576657,4484.083393936801,-3778.9884781384994,mouse1_slice50,L4/5 IT,10
92584246152588325295328306954127739058,4381.808168336785,-2880.9517472835205,mouse1_slice50,Micro,147
92806270015815926070984413774676102758,4373.905620817406,-3092.9023288902404,mouse1_slice50,Endo,115
93119081411334935341259672959433804264,5354.19829592407,-2595.320911362934,mouse1_slice50,Sst,204
93623438586813625724867334511135584416,4164.27983744084,-3289.60021274118,mouse1_slice50,L4/5 IT,80
93673808520599223780372615496690831670,4666.4665498806635,-2561.2827476401335,mouse1_slice50,L4/5 IT,197
93850485811522358800267245501141053463,4579.05580956982,-1789.529601686257,mouse1_slice50,Endo,292
93900822881678626267683024419438054249,4069.6952930322186,-3203.555917100392,mouse1_slice50,Endo,96
9395467100224202867868594833147593894,5361.023485506358,-2577.7461917243754,mouse1_slice50,Pvalb,204
94279254603645439631029096018676891024,4586.981947410443,-3783.986111629381,mouse1_slice50,L6 IT Car3,11
94876635415898612122883727881631621221,5164.026714779032,-3272.212680268659,mouse1_slice50,L6 IT,90
95071566823953912623116638746238359559,3963.412700690545,-2962.7829204414147,mouse1_slice50,L2/3 IT,128
95080792994819345341245463026188822273,4953.9677477096,-3074.8928951631483,mouse1_slice50,L6 CT,121
95480479382363631283332114070004604908,5045.703682233909,-2266.0579553011057,mouse1_slice50,Sst,246
95604500789653859674907869111642544503,3962.0385315487265,-2683.637773460796,mouse1_slice50,L2/3 IT,175
95664997417110526844933686942322949717,4966.571399279528,-3355.764935848611,mouse1_slice50,L6 CT,71
95695683636409879791595837624238156414,5291.46850442232,-2265.932747377991,mouse1_slice50,L5 ET,248
95994547841134185659662009148535110708,4751.44321937614,-3572.341809416965,mouse1_slice50,L5 IT,38
96076625223103334311120773836470334373,4046.3985542796004,-3180.9247899668508,mouse1_slice50,Vip,96
9665811103507642968782398310973293988,3864.410121150811,-2972.266977578757,mouse1_slice50,SMC,127
9671416807543251361327700808716091660,4373.780821034468,-3098.827980001297,mouse1_slice50,L5 IT,115
9703000385709328315257559304424166909,4954.87152144927,-1792.539379559997,mouse1_slice50,Micro,296
977349651480707274233588501665106653,4382.16758738407,-1862.1121138895614,mouse1_slice50,VLMC,282
98045066771476326041493800969525067523,4458.101951777875,-2556.760990918068,mouse1_slice50,L2/3 IT,195
98066885232680676224218719444364845931,4265.618609056612,-2558.4922743025245,mouse1_slice50,L2/3 IT,193
98628947833683939713505147295739651457,4070.2052275967953,-2957.0823550645123,mouse1_slice50,L2/3 IT,129
98662608775129399743486944795923906234,4268.159444457434,-3087.9899999626673,mouse1_slice50,L4/5 IT,114
98822354546620819165619361120959815659,4749.733316289491,-2487.407462122563,mouse1_slice50,L4/5 IT,214
98838976033888960570552608177283649527,5367.495993621394,-3067.1243186496276,mouse1_slice50,Astro,124
99147840848792512176467407183157009829,5066.143869182036,-2951.3228340928977,mouse1_slice50,L6 CT,139
99345346601115168045856425152410749974,4079.169579316457,-3271.1859748478378,mouse1_slice50,Pvalb,79
99461758348276171282164065674893881464,3972.4042004969983,-2387.2613094058393,mouse1_slice50,VLMC,221
99488129778717041117129540625347059990,4850.399911027662,-3264.7012975261423,mouse1_slice50,L6 CT,87
99494524642456242156029918873490781817,4796.862313776537,-2675.1074462055612,mouse1_slice50,SMC,183
99504125950471062201252312391570289780,4471.044126471578,-2178.3747940131834,mouse1_slice50,L2/3 IT,251
99975236811446463664882595554107570635,3788.2741169054143,-2857.8831229813086,mouse1_slice50,Astro,142
