UniqueCID,OriginalCID,CellType,SpotID,row,col
UCID0000,16056703252605361028456577753253969472,Oligo,371,4682.722225259982,-1968.5724064975775
UCID0001,332342744854304588291627651271906627413,Oligo,328,4230.227401207534,-2240.0693009290467
UCID0002,89090734157339777538646571460500045568,Oligo,287,4954.219119691452,-2511.566195360516
UCID0003,74893907917472865105288592797455423737,Oligo,203,4230.227401207534,-2873.5620546024747
UCID0004,67687554647047498302135954274634414264,Oligo,371,4682.722225259982,-1968.5724064975775
UCID0005,123325726171217048300571699688146796333,Oligo,194,5135.21704931243,-2964.0610194129645
UCID0006,213784909913725449964469288877494836962,Oligo,148,4592.223260449493,-3145.058949033944
UCID0007,154941918853297647826511671754387207534,Oligo,273,5316.214978933411,-2602.0651601710056
UCID0008,295824704093343833151555142703257574423,Oligo,417,5225.716014122921,-1606.5765472556186
UCID0009,91422579413395470232211321097957789528,Oligo,186,4411.2253308285135,-2964.0610194129645
UCID0010,290095930497877988798308926118258463079,Oligo,75,5135.21704931243,-3507.054808275903
UCID0011,292245543484678990600896923099331809541,Oligo,273,5316.214978933411,-2602.0651601710056
UCID0012,44213958458681461077520822571514656963,Oligo,417,5225.716014122921,-1606.5765472556186
UCID0013,255056484096457483246893866926965182462,Oligo,250,4954.219119691452,-2692.5641249814953
UCID0014,72624128896941706232665028807793203497,Oligo,186,4411.2253308285135,-2964.0610194129645
UCID0015,18864118366982315730286444180171020645,Oligo,233,5135.21704931243,-2783.063089791985
UCID0016,148247942976544369203228330130907003961,Oligo,230,4863.720154880962,-2783.063089791985
UCID0017,294431335959517840011881700087904064278,Oligo,352,5225.716014122921,-2149.570336118557
UCID0018,10423246898564792607150667089393732968,Oligo,402,5406.7139437439,-1787.574476876598
UCID0019,256866148070848636001191207864003019506,Oligo,247,4682.722225259982,-2692.5641249814953
UCID0020,268940929971757505429345409032193678662,Oligo,230,4863.720154880962,-2783.063089791985
UCID0021,336285881260141128369814322332029672798,Oligo,352,5225.716014122921,-2149.570336118557
UCID0022,100047181052654346224529175853339022386,Oligo,43,3958.730506776065,-3597.5537730863925
UCID0023,60526758582873181558648365571590891218,Oligo,194,5135.21704931243,-2964.0610194129645
UCID0024,76253007064694401604718867741288484969,Oligo,375,5044.718084501941,-1968.5724064975775
UCID0025,218795905126659466895140206787261103966,Oligo,281,4411.2253308285135,-2511.566195360516
UCID0026,204677800156103961664927440748008954277,Oligo,346,4682.722225259982,-2149.570336118557
UCID0027,335730569340152719494405333294344136944,Oligo,335,4863.720154880962,-2240.0693009290467
UCID0028,149346979155628824221049720458300449793,Oligo,209,4773.2211900704715,-2873.5620546024747
UCID0029,234212123708294203468201714123438069011,Oligo,173,5044.718084501941,-3054.559984223454
UCID0030,67313058400854204311594241210135356353,Oligo,378,5316.214978933411,-1968.5724064975775
UCID0031,102138401151297659614140192164977221559,Oligo,325,5316.214978933411,-2330.5682657395364
UCID0032,50068700387253413552788140885586713321,Oligo,390,5316.214978933411,-1878.0734416870878
UCID0033,327273330690814167938924471423064092550,Oligo,104,4230.227401207534,-3326.0568786549234
UCID0034,101290319453327493294362411320830756503,Oligo,194,5135.21704931243,-2964.0610194129645
UCID0035,7273574521407910378476047225480063466,Oligo,335,4863.720154880962,-2240.0693009290467
UCID0036,196007888576171652815738944461464534705,Oligo,215,5316.214978933411,-2873.5620546024747
UCID0037,261476607587186153930203923851133922894,Oligo,97,5406.7139437439,-3416.555843465413
UCID0038,42719108277289323387419553878972268060,Oligo,129,4682.722225259982,-3235.5579138444336
UCID0039,321421115578972863187294023821742542853,Oligo,85,4320.726366018023,-3416.555843465413
UCID0040,200952275202126087713540687366316015212,Oligo,156,5316.214978933411,-3145.058949033944
UCID0041,2810528343801394890909255403314203182,Oligo,417,5225.716014122921,-1606.5765472556186
UCID0042,84961866695208533350139225095376651903,Oligo,316,4501.724295639003,-2330.5682657395364
UCID0043,328136444898632080377460848527792141396,Oligo,215,5316.214978933411,-2873.5620546024747
UCID0044,60296505421016345497352471570108016890,Oligo,75,5135.21704931243,-3507.054808275903
UCID0045,242636425151815103934078219394142025689,Oligo,78,5406.7139437439,-3507.054808275903
UCID0046,33112744015303394698882667975529006658,Oligo,215,5316.214978933411,-2873.5620546024747
UCID0047,334409099218781962214495712635236901589,Oligo,329,4320.726366018023,-2240.0693009290467
UCID0048,291167878541580720111085331265078320950,Oligo,372,4773.2211900704715,-1968.5724064975775
UCID0049,227868965986328545772507486217310456731,Oligo,194,5135.21704931243,-2964.0610194129645
UCID0050,94453650512978681878543007208198325420,Oligo,64,4139.728436397044,-3507.054808275903
UCID0051,261263286942284410031516612927725820170,Oligo,47,4320.726366018023,-3597.5537730863925
UCID0052,96846224649984442575957355982024167263,Oligo,378,5316.214978933411,-1968.5724064975775
UCID0053,318792671182283586260390839632704146789,Oligo,124,4230.227401207534,-3235.5579138444336
UCID0054,218850266073139083002978933568085322011,Oligo,230,4863.720154880962,-2783.063089791985
UCID0055,292011232315990266290854445382242988758,Oligo,157,5406.7139437439,-3145.058949033944
UCID0056,234856844557077147125606167694783531239,Oligo,250,4954.219119691452,-2692.5641249814953
UCID0057,116925923815003535916009655122113258982,Oligo,209,4773.2211900704715,-2873.5620546024747
UCID0058,146824694735413062550907949630060580313,Oligo,364,5135.21704931243,-2059.0713713080672
UCID0059,52013957704110326109398251572453676774,Oligo,417,5225.716014122921,-1606.5765472556186
UCID0060,247233267332940669417704306324992380232,Oligo,186,4411.2253308285135,-2964.0610194129645
UCID0061,170300623199946701724825750385235168766,Oligo,209,4773.2211900704715,-2873.5620546024747
UCID0062,120178463177844948136779235689631793769,Oligo,215,5316.214978933411,-2873.5620546024747
UCID0063,249885994443418345850392017383278744487,Oligo,349,4954.219119691452,-2149.570336118557
UCID0064,177968811221713704248601447527659599047,Oligo,230,4863.720154880962,-2783.063089791985
UCID0065,63836049314446696127386179603050402148,Oligo,230,4863.720154880962,-2783.063089791985
UCID0066,24301910935422928278235819864885130883,Oligo,247,4682.722225259982,-2692.5641249814953
UCID0067,95352801680997952548012331336554195262,Oligo,407,5044.718084501941,-1697.0755120661083
UCID0068,336483046324212948647988689901319333121,Oligo,233,5135.21704931243,-2783.063089791985
UCID0069,257258274792191751021547713253017358207,Oligo,194,5135.21704931243,-2964.0610194129645
UCID0070,179400534792812387251480705983608581547,VLMC,206,4501.724295639003,-2873.5620546024747
UCID0071,262607730235322447149755584900671522560,VLMC,382,4592.223260449493,-1878.0734416870878
UCID0072,242229384272380325338530746818515777766,VLMC,275,3868.231541965575,-2511.566195360516
UCID0073,48981113046792927588250242719943043257,VLMC,403,4682.722225259982,-1697.0755120661083
UCID0074,50112550214207220317547805138655361336,VLMC,355,4320.726366018023,-2059.0713713080672
UCID0075,300255493583021375152295897500516178864,VLMC,421,5225.716014122921,-1516.0775824451289
UCID0076,110820884352138624434222962280690742743,VLMC,57,5225.716014122921,-3597.5537730863925
UCID0077,332102913834345522449600137753577787328,VLMC,115,5225.716014122921,-3326.0568786549234
UCID0078,200625202412458122124191200021355279709,VLMC,311,4049.2294715865546,-2330.5682657395364
UCID0079,304805112488095454795060719646394281577,VLMC,63,4049.2294715865546,-3507.054808275903
UCID0080,309172886831212497665199898342966275203,VLMC,167,4501.724295639003,-3054.559984223454
UCID0081,171621845615004118876245751164072392414,VLMC,365,5225.716014122921,-2059.0713713080672
UCID0082,293084455030941241275793240513976067519,VLMC,344,4501.724295639003,-2149.570336118557
UCID0083,294185546214488060815849722493272673560,VLMC,178,3687.2336123445957,-2964.0610194129645
UCID0084,132134673865490904758943446118298219705,VLMC,275,3868.231541965575,-2511.566195360516
UCID0085,318916309336691471278715941696816083746,VLMC,3,3687.2336123445957,-3869.0506675178617
UCID0086,54064983550620099009207322853132480718,VLMC,420,5135.21704931243,-1516.0775824451289
UCID0087,140624011409880955087561515934358312636,VLMC,178,3687.2336123445957,-2964.0610194129645
UCID0088,170382150204322321862057519121399303331,VLMC,393,4592.223260449493,-1787.574476876598
UCID0089,91895092960652921765561438510433369111,VLMC,170,4773.2211900704715,-3054.559984223454
UCID0090,293317253369794592877046090353860298299,VLMC,344,4501.724295639003,-2149.570336118557
UCID0091,44969544564741179075269380296033065343,VLMC,26,3777.7325771550854,-3688.0527378968823
UCID0092,110369193090920839796377054601249960072,VLMC,27,3868.231541965575,-3688.0527378968823
UCID0093,331394818707225419581456265427646733224,VLMC,413,4863.720154880962,-1606.5765472556186
UCID0094,10443051352889986513007462453736025395,VLMC,412,4773.2211900704715,-1606.5765472556186
UCID0095,168209105111009305949822561782653658682,VLMC,423,5406.7139437439,-1516.0775824451289
UCID0096,291298313962288882062630557195546700368,VLMC,294,3958.730506776065,-2421.067230550026
UCID0097,312219926540677956629916378440581718166,VLMC,4,3777.7325771550854,-3869.0506675178617
UCID0098,265937738737929154624041511120415026154,VLMC,13,3958.730506776065,-3778.551702707372
UCID0099,260747326655333663974646633528018065428,VLMC,159,3777.7325771550854,-3054.559984223454
UCID0100,249954560861365423672725537322942929552,VLMC,331,4501.724295639003,-2240.0693009290467
UCID0101,184941568684442842294054169419585066289,VLMC,87,4501.724295639003,-3416.555843465413
UCID0102,280757302966380149313284641378993599870,VLMC,408,5135.21704931243,-1697.0755120661083
UCID0103,126551132499093223227365185662867800271,VLMC,138,3687.2336123445957,-3145.058949033944
UCID0104,327086052338970522794865936917452690129,VLMC,331,4501.724295639003,-2240.0693009290467
UCID0105,213962637129921029425958728688960129916,VLMC,203,4230.227401207534,-2873.5620546024747
UCID0106,143778097048981609844198336056985501343,VLMC,382,4592.223260449493,-1878.0734416870878
UCID0107,100520046493178546699313517559503591662,VLMC,382,4592.223260449493,-1878.0734416870878
UCID0108,295612826343472366861123886877999676972,VLMC,242,4230.227401207534,-2692.5641249814953
UCID0109,132988663934496141921985139246909458350,VLMC,311,4049.2294715865546,-2330.5682657395364
UCID0110,228877485662971141696849481889429086555,VLMC,159,3777.7325771550854,-3054.559984223454
UCID0111,229293327534095675145645175841958583551,VLMC,415,5044.718084501941,-1606.5765472556186
UCID0112,320461572066245663791025041577598420185,VLMC,27,3868.231541965575,-3688.0527378968823
UCID0113,186288069062507006928943122920490206989,VLMC,154,5135.21704931243,-3145.058949033944
UCID0114,217159729895318112498760574094569797676,VLMC,275,3868.231541965575,-2511.566195360516
UCID0115,7143959258857116768668838420408276424,VLMC,199,3868.231541965575,-2873.5620546024747
UCID0116,248146818305712656310890488483940930425,VLMC,415,5044.718084501941,-1606.5765472556186
UCID0117,173927465298573240890327052850633079446,VLMC,382,4592.223260449493,-1878.0734416870878
UCID0118,196080740839110978493556465149939612686,VLMC,331,4501.724295639003,-2240.0693009290467
UCID0119,148634350416808848504384818550277769776,VLMC,294,3958.730506776065,-2421.067230550026
UCID0120,285310557097589010317993934413150689842,VLMC,371,4682.722225259982,-1968.5724064975775
UCID0121,315050194989939873586787426438107744843,VLMC,355,4320.726366018023,-2059.0713713080672
UCID0122,977349651480707274233588501665106653,VLMC,27,3868.231541965575,-3688.0527378968823
UCID0123,71366909310892320496564477496314655221,VLMC,327,4049.2294715865546,-2240.0693009290467
UCID0124,100144987682981782100923292757524648699,VLMC,382,4592.223260449493,-1878.0734416870878
UCID0125,179573465528914216296207819281584789557,VLMC,178,3687.2336123445957,-2964.0610194129645
UCID0126,59017470786181836669450572407795010327,VLMC,206,4501.724295639003,-2873.5620546024747
UCID0127,72817493773362474531082157353200110804,VLMC,344,4501.724295639003,-2149.570336118557
UCID0128,12010664396951653709724612044939959635,VLMC,242,4230.227401207534,-2692.5641249814953
UCID0129,219765736095814982756835976357821816088,VLMC,31,4230.227401207534,-3688.0527378968823
UCID0130,229694061757766502391365084497708930090,VLMC,311,4049.2294715865546,-2330.5682657395364
UCID0131,133905108268584591779280270639970757232,VLMC,420,5135.21704931243,-1516.0775824451289
UCID0132,190777399882425047828197828812820540116,VLMC,165,4320.726366018023,-3054.559984223454
UCID0133,49094672334633452705078519567271410177,VLMC,285,4773.2211900704715,-2511.566195360516
UCID0134,199222328444745757138217208151849390007,VLMC,285,4773.2211900704715,-2511.566195360516
UCID0135,174729303872416159569508132760331103157,VLMC,394,4682.722225259982,-1787.574476876598
UCID0136,284628084472995428033316700100400279787,Astro,284,4682.722225259982,-2511.566195360516
UCID0137,278475742754239587300667698969986549545,Astro,2,3868.231541965575,-3959.5496323283514
UCID0138,157157973387452363019594196799162293811,Astro,279,4230.227401207534,-2511.566195360516
UCID0139,91871487529528534479864898387933190196,Astro,416,5135.21704931243,-1606.5765472556186
UCID0140,257536515736702840477444545853251581921,Astro,356,4411.2253308285135,-2059.0713713080672
UCID0141,217494891995370612809288546565475087161,Astro,98,3687.2336123445957,-3326.0568786549234
UCID0142,250166216244470517076821096212364105249,Astro,298,4320.726366018023,-2421.067230550026
UCID0143,56994687519134775655013711391194196586,Astro,257,3868.231541965575,-2602.0651601710056
UCID0144,207261541533973863870232018151570191533,Astro,320,4863.720154880962,-2330.5682657395364
UCID0145,217848571574754187903268081830705438667,Astro,329,4320.726366018023,-2240.0693009290467
UCID0146,205459856388035487687161535228972304210,Astro,147,4501.724295639003,-3145.058949033944
UCID0147,100267747580756240041023704492842942950,Astro,387,5044.718084501941,-1878.0734416870878
UCID0148,272483057807166767226844671163031584350,Astro,295,4049.2294715865546,-2421.067230550026
UCID0149,273932084070402841418091712290652142274,Astro,374,4954.219119691452,-1968.5724064975775
UCID0150,297232957338221866863917144220008225735,Astro,320,4863.720154880962,-2330.5682657395364
UCID0151,45768923814585032043993141834271464186,Astro,57,5225.716014122921,-3597.5537730863925
UCID0152,295631463592485520869299039011821051433,Astro,168,4592.223260449493,-3054.559984223454
UCID0153,202649067822954166757392362700898638654,Astro,142,4049.2294715865546,-3145.058949033944
UCID0154,237596903841924923251745882448201716037,Astro,211,4954.219119691452,-2873.5620546024747
UCID0155,29333328774678975103150929140409693923,Astro,1,3777.7325771550854,-3959.5496323283514
UCID0156,110919467324821368433815224957325890818,Astro,231,4954.219119691452,-2783.063089791985
UCID0157,53771060035959106273047806331189456324,Astro,187,4501.724295639003,-2964.0610194129645
UCID0158,172169726843315635905353513952496275383,Astro,300,4501.724295639003,-2421.067230550026
UCID0159,303899320940499226268727646323121961199,Astro,406,4954.219119691452,-1697.0755120661083
UCID0160,153930469426972548931087509314627783621,Astro,418,5316.214978933411,-1606.5765472556186
UCID0161,278306533163058554386347463428517328262,Astro,356,4411.2253308285135,-2059.0713713080672
UCID0162,29214834587495926027035856513503890697,Astro,338,5135.21704931243,-2240.0693009290467
UCID0163,154082805786133703500757863956477444233,Astro,406,4954.219119691452,-1697.0755120661083
UCID0164,129563218991821856034551545226610163169,Astro,279,4230.227401207534,-2511.566195360516
UCID0165,51029618252058983779876329951451522741,Astro,156,5316.214978933411,-3145.058949033944
UCID0166,98838976033888960570552608177283649527,Astro,76,5225.716014122921,-3507.054808275903
UCID0167,62931599552968413356113934569449381334,Astro,255,5406.7139437439,-2692.5641249814953
UCID0168,57152427143821154014011258264897830235,Astro,384,4773.2211900704715,-1878.0734416870878
UCID0169,179267141100215469422593927238978349785,Astro,301,4592.223260449493,-2421.067230550026
UCID0170,111004482624504163754682529205864799118,Astro,161,3958.730506776065,-3054.559984223454
UCID0171,32485689600347917795441678286085371191,Astro,98,3687.2336123445957,-3326.0568786549234
UCID0172,124363288842125229567986413361839187414,Astro,183,4139.728436397044,-2964.0610194129645
UCID0173,125484736148711591212642203069951142981,Astro,285,4773.2211900704715,-2511.566195360516
UCID0174,105274351643193085986950367987181897816,Astro,309,5316.214978933411,-2421.067230550026
UCID0175,229836901085747548987855249158407267935,Astro,256,3777.7325771550854,-2602.0651601710056
UCID0176,10439354818870026981613212500868313457,Astro,257,3868.231541965575,-2602.0651601710056
UCID0177,38938357050825411786365752884657669411,Astro,401,5316.214978933411,-1787.574476876598
UCID0178,71257396396980551616664314005932849571,Astro,147,4501.724295639003,-3145.058949033944
UCID0179,186346788173993534420026413411983801105,Astro,349,4954.219119691452,-2149.570336118557
UCID0180,175901454657626709596964128153292105786,Astro,285,4773.2211900704715,-2511.566195360516
UCID0181,180571656293987410003849347266392753240,Astro,248,4773.2211900704715,-2692.5641249814953
UCID0182,132901124485014248441689085090610313670,Astro,356,4411.2253308285135,-2059.0713713080672
UCID0183,81647500108997938683421182648416819996,Astro,114,5135.21704931243,-3326.0568786549234
UCID0184,154211006143235535925369699557203812798,Astro,39,4954.219119691452,-3688.0527378968823
UCID0185,86231173019897899136153607517310490342,Astro,406,4954.219119691452,-1697.0755120661083
UCID0186,191229629108175921537537457447878946460,Astro,388,5135.21704931243,-1878.0734416870878
UCID0187,124213766751185189169263477806296981088,Astro,179,3777.7325771550854,-2964.0610194129645
UCID0188,151667559744034416271020439537878616939,Astro,322,5044.718084501941,-2330.5682657395364
UCID0189,151436910383908344494554020120640464133,Astro,187,4501.724295639003,-2964.0610194129645
UCID0190,59827149660821824806492405503921481662,Astro,416,5135.21704931243,-1606.5765472556186
UCID0191,268085772236976031787318102933101110675,Astro,234,5225.716014122921,-2783.063089791985
UCID0192,153061514598075488988166392470485009021,Astro,348,4863.720154880962,-2149.570336118557
UCID0193,30993248290128149588434657327024013699,Astro,344,4501.724295639003,-2149.570336118557
UCID0194,183362139605532683719312381174497398262,Astro,415,5044.718084501941,-1606.5765472556186
UCID0195,309443099957788557918420528232968267125,Astro,224,4320.726366018023,-2783.063089791985
UCID0196,337207643440539367838424851949780120344,Astro,401,5316.214978933411,-1787.574476876598
UCID0197,191850506127882572442463102871312933850,Astro,42,3868.231541965575,-3597.5537730863925
UCID0198,232618042533944300301843875368436677407,Astro,342,4320.726366018023,-2149.570336118557
UCID0199,334468224133640703812139607423465622015,Astro,187,4501.724295639003,-2964.0610194129645
UCID0200,199953173485021987568561405929410467599,Astro,49,4501.724295639003,-3597.5537730863925
UCID0201,252255993231922805624016702577400896003,Astro,49,4501.724295639003,-3597.5537730863925
UCID0202,248489909484071069238301213150690882907,Astro,234,5225.716014122921,-2783.063089791985
UCID0203,13305806725526620574664273849389075787,Astro,285,4773.2211900704715,-2511.566195360516
UCID0204,109109120124835462828224328001153489521,Astro,292,5406.7139437439,-2511.566195360516
UCID0205,197582814293031932504994470112641352894,Astro,299,4411.2253308285135,-2421.067230550026
UCID0206,212105498307285084783625753670942010459,Astro,74,5044.718084501941,-3507.054808275903
UCID0207,20518605757254991515704713311652275499,Astro,309,5316.214978933411,-2421.067230550026
UCID0208,219406772111896716638428124227552578906,Astro,423,5406.7139437439,-1516.0775824451289
UCID0209,155099065491344266561957962294731615713,Astro,401,5316.214978933411,-1787.574476876598
UCID0210,179617470556826617343630562828255886925,Astro,191,4863.720154880962,-2964.0610194129645
UCID0211,132650323004003159589812525330250023814,Astro,339,5225.716014122921,-2240.0693009290467
UCID0212,176862436752109751742535778363727153101,Astro,423,5406.7139437439,-1516.0775824451289
UCID0213,259971664039018570867600826732558675566,Astro,3,3687.2336123445957,-3869.0506675178617
UCID0214,167334399873025238058733490667724036272,Astro,349,4954.219119691452,-2149.570336118557
UCID0215,295293792578091328192881360134717809288,Astro,81,3958.730506776065,-3416.555843465413
UCID0216,221977153375118964088121409068306542080,Astro,406,4954.219119691452,-1697.0755120661083
UCID0217,106006173380424869565806252890172824256,Astro,10,4320.726366018023,-3869.0506675178617
UCID0218,168595801266337184394087801735183558180,Astro,273,5316.214978933411,-2602.0651601710056
UCID0219,89744071105015583906575305160267637416,Astro,89,4682.722225259982,-3416.555843465413
UCID0220,214144504492807695060877458281801688345,Astro,48,4411.2253308285135,-3597.5537730863925
UCID0221,145428253599814138464866103935135767607,Astro,385,4863.720154880962,-1878.0734416870878
UCID0222,111332517517322211885738730301261569123,Astro,381,4501.724295639003,-1878.0734416870878
UCID0223,151539140003703281379559268540780337424,Astro,276,3958.730506776065,-2511.566195360516
UCID0224,229725575380894789925635656141972386472,Astro,255,5406.7139437439,-2692.5641249814953
UCID0225,96889932407865111174115039257058896990,Astro,48,4411.2253308285135,-3597.5537730863925
UCID0226,221632646971661995423735249555443633311,Astro,314,4320.726366018023,-2330.5682657395364
UCID0227,274412479452275423862137959758523017528,Astro,261,4230.227401207534,-2602.0651601710056
UCID0228,168280814197746580053582342489351364579,Astro,198,3777.7325771550854,-2873.5620546024747
UCID0229,263234508297021492453074022842053799354,Astro,285,4773.2211900704715,-2511.566195360516
UCID0230,56272695675299405423732403778292734850,Astro,276,3958.730506776065,-2511.566195360516
UCID0231,307249066901088124554656649903182428329,Astro,419,5406.7139437439,-1606.5765472556186
UCID0232,266269876582476839706709180499338932897,Astro,40,5044.718084501941,-3688.0527378968823
UCID0233,71650478039384451099752625218844906412,Astro,387,5044.718084501941,-1878.0734416870878
UCID0234,69229013964636690518997699629039059578,Astro,338,5135.21704931243,-2240.0693009290467
UCID0235,287163682725323378823426516749430713217,Astro,84,4230.227401207534,-3416.555843465413
UCID0236,339013011131156296506533900096387572586,Astro,257,3868.231541965575,-2602.0651601710056
UCID0237,79513723219221216930990552979036675005,Astro,279,4230.227401207534,-2511.566195360516
UCID0238,138172596933491700884161822979868611622,L4_5_IT,134,5135.21704931243,-3235.5579138444336
UCID0239,266950947697353669349868038075917493778,L4_5_IT,17,4320.726366018023,-3778.551702707372
UCID0240,174229566897881406871386262315832744274,L4_5_IT,125,4320.726366018023,-3235.5579138444336
UCID0241,221710308438233008943881046301419213610,L4_5_IT,210,4863.720154880962,-2873.5620546024747
UCID0242,132121229613057657432176695403412303977,L4_5_IT,101,3958.730506776065,-3326.0568786549234
UCID0243,271798182826887072915833373962976150053,L4_5_IT,304,4863.720154880962,-2421.067230550026
UCID0244,144548110034671843640331948537227048764,L4_5_IT,353,5316.214978933411,-2149.570336118557
UCID0245,146326030467151409296173249773754138948,L4_5_IT,116,5316.214978933411,-3326.0568786549234
UCID0246,273017961845047228692478327279329186151,L4_5_IT,66,4320.726366018023,-3507.054808275903
UCID0247,98822354546620819165619361120959815659,L4_5_IT,265,4592.223260449493,-2602.0651601710056
UCID0248,19167067260843099447946209547329255365,L4_5_IT,378,5316.214978933411,-1968.5724064975775
UCID0249,4378085019167579513781902149817839008,L4_5_IT,123,4139.728436397044,-3235.5579138444336
UCID0250,243772920637472713503574061741733529532,L4_5_IT,152,4954.219119691452,-3145.058949033944
UCID0251,177421653172895205992830819478083220357,L4_5_IT,397,4954.219119691452,-1787.574476876598
UCID0252,106099584344502602441591320617159624141,L4_5_IT,136,5316.214978933411,-3235.5579138444336
UCID0253,127423199456926727996585516457285760643,L4_5_IT,336,4954.219119691452,-2240.0693009290467
UCID0254,223234086610004632401116867544009918883,L4_5_IT,119,3777.7325771550854,-3235.5579138444336
UCID0255,67976815143879605351616023147528024441,L4_5_IT,267,4773.2211900704715,-2602.0651601710056
UCID0256,200232678939698199677760681633284565800,L4_5_IT,187,4501.724295639003,-2964.0610194129645
UCID0257,90328001536542773217663561854159947743,L4_5_IT,339,5225.716014122921,-2240.0693009290467
UCID0258,93689637122762161120807650970946835711,L4_5_IT,398,5044.718084501941,-1787.574476876598
UCID0259,328993035838599907448719384993318749133,L4_5_IT,232,5044.718084501941,-2783.063089791985
UCID0260,216248333332825926503459333986801389567,L4_5_IT,66,4320.726366018023,-3507.054808275903
UCID0261,301665402294908927053831964077020879312,L4_5_IT,302,4682.722225259982,-2421.067230550026
UCID0262,159144400588646783156115357449478770635,L4_5_IT,391,5406.7139437439,-1878.0734416870878
UCID0263,217599425495662794443534114975664996159,L4_5_IT,414,4954.219119691452,-1606.5765472556186
UCID0264,54534658745238007404565187229313918446,L4_5_IT,123,4139.728436397044,-3235.5579138444336
UCID0265,21377346016960339915611118641456176897,L4_5_IT,70,4682.722225259982,-3507.054808275903
UCID0266,81541002082652584398297555643726857487,L4_5_IT,59,5406.7139437439,-3597.5537730863925
UCID0267,161340522856089974092856872127946012991,L4_5_IT,144,4230.227401207534,-3145.058949033944
UCID0268,336260708379898324527988103186318298108,L4_5_IT,244,4411.2253308285135,-2692.5641249814953
UCID0269,266334558148629442961805645098169190344,L4_5_IT,300,4501.724295639003,-2421.067230550026
UCID0270,85351536941614794346366445298635313076,L4_5_IT,143,4139.728436397044,-3145.058949033944
UCID0271,112743589380899270196906487894629775124,L4_5_IT,47,4320.726366018023,-3597.5537730863925
UCID0272,193746905104281990284598740941595210851,L4_5_IT,291,5316.214978933411,-2511.566195360516
UCID0273,97267956358074556828854842725843590263,L4_5_IT,86,4411.2253308285135,-3416.555843465413
UCID0274,55640847588935431217469511069082871969,L4_5_IT,409,5225.716014122921,-1697.0755120661083
UCID0275,90972413628001039557221001523069065268,L4_5_IT,66,4320.726366018023,-3507.054808275903
UCID0276,61776072095044963343146122786344521176,L4_5_IT,145,4320.726366018023,-3145.058949033944
UCID0277,183145062489687560731504355503118996498,L4_5_IT,278,4139.728436397044,-2511.566195360516
UCID0278,106119827410635762079443969807896489563,L4_5_IT,245,4501.724295639003,-2692.5641249814953
UCID0279,147212567431422875530874488242404314444,L4_5_IT,336,4954.219119691452,-2240.0693009290467
UCID0280,159498649268999187520288678178436431079,L4_5_IT,350,5044.718084501941,-2149.570336118557
UCID0281,51254050610537451552122151709428991765,L4_5_IT,96,5316.214978933411,-3416.555843465413
UCID0282,19376473485700554380174795300914350230,L4_5_IT,260,4139.728436397044,-2602.0651601710056
UCID0283,35714285791603244364572656055850356428,L4_5_IT,334,4773.2211900704715,-2240.0693009290467
UCID0284,257983038205013603462415652969143609307,L4_5_IT,388,5135.21704931243,-1878.0734416870878
UCID0285,336626753032345465833436379530666840984,L4_5_IT,94,5135.21704931243,-3416.555843465413
UCID0286,143243478020113032952014864588152368326,L4_5_IT,391,5406.7139437439,-1878.0734416870878
UCID0287,197984653454715243935876216326702334914,L4_5_IT,317,4592.223260449493,-2330.5682657395364
UCID0288,22221990368182034703843764226362543017,L4_5_IT,232,5044.718084501941,-2783.063089791985
UCID0289,163183656103729113004227521107275180896,L4_5_IT,221,4049.2294715865546,-2783.063089791985
UCID0290,178346398943111075149645784650552952703,L4_5_IT,306,5044.718084501941,-2421.067230550026
UCID0291,292091871078333955989651982556820281362,L4_5_IT,315,4411.2253308285135,-2330.5682657395364
UCID0292,13226946188640165856735244720631591667,L4_5_IT,409,5225.716014122921,-1697.0755120661083
UCID0293,44256896331785651768516462331803051909,L4_5_IT,391,5406.7139437439,-1878.0734416870878
UCID0294,211576634218494686346669023563468309939,L4_5_IT,121,3958.730506776065,-3235.5579138444336
UCID0295,70729869927750101891444624691791223227,L4_5_IT,165,4320.726366018023,-3054.559984223454
UCID0296,254616659948378041227713098635832411093,L4_5_IT,264,4501.724295639003,-2602.0651601710056
UCID0297,200546705927347566834645026787674394707,L4_5_IT,265,4592.223260449493,-2602.0651601710056
UCID0298,66706400268439524436602363710237619535,L4_5_IT,250,4954.219119691452,-2692.5641249814953
UCID0299,58063209638256958461652779884756201248,L4_5_IT,67,4411.2253308285135,-3507.054808275903
UCID0300,76673223398360881373180938852559410750,L4_5_IT,42,3868.231541965575,-3597.5537730863925
UCID0301,29786166692852435008342836810959756810,L4_5_IT,265,4592.223260449493,-2602.0651601710056
UCID0302,251564993225210993268877927732302561255,L4_5_IT,168,4592.223260449493,-3054.559984223454
UCID0303,239327817623953644774946479559374235798,L4_5_IT,16,4230.227401207534,-3778.551702707372
UCID0304,331541951926366497843803540171294696542,L4_5_IT,343,4411.2253308285135,-2149.570336118557
UCID0305,25129366543559713317798335733323361624,L4_5_IT,332,4592.223260449493,-2240.0693009290467
UCID0306,169630115072734735071825465977246549149,L4_5_IT,16,4230.227401207534,-3778.551702707372
UCID0307,124006632518508737793505439415136457597,L4_5_IT,34,4501.724295639003,-3688.0527378968823
UCID0308,316148391209590486558228405231541422885,L4_5_IT,123,4139.728436397044,-3235.5579138444336
UCID0309,114880787261146580043740643409881539410,L4_5_IT,59,5406.7139437439,-3597.5537730863925
UCID0310,130093257876905031914088375563212636171,L4_5_IT,362,4954.219119691452,-2059.0713713080672
UCID0311,142815914310946334082183548011010573783,L4_5_IT,252,5135.21704931243,-2692.5641249814953
UCID0312,150857957978587921967903619754742640110,L4_5_IT,121,3958.730506776065,-3235.5579138444336
UCID0313,150379153728608454229361251988101889791,L4_5_IT,18,4411.2253308285135,-3778.551702707372
UCID0314,66376840288448492184867105322045232268,L4_5_IT,270,5044.718084501941,-2602.0651601710056
UCID0315,252413665714878378444269972177984252763,L4_5_IT,347,4773.2211900704715,-2149.570336118557
UCID0316,78082452817315974195865639550658215255,L4_5_IT,346,4682.722225259982,-2149.570336118557
UCID0317,178774615590037510950255137960659181616,L4_5_IT,264,4501.724295639003,-2602.0651601710056
UCID0318,329204442395867140668637058943592292471,L4_5_IT,265,4592.223260449493,-2602.0651601710056
UCID0319,195745494466049728972117587478748638461,L4_5_IT,398,5044.718084501941,-1787.574476876598
UCID0320,269166419737790959198910492593856425798,L4_5_IT,264,4501.724295639003,-2602.0651601710056
UCID0321,244405318041644773562076167353477909458,L4_5_IT,116,5316.214978933411,-3326.0568786549234
UCID0322,46854179307853019634940341396885562860,L4_5_IT,105,4320.726366018023,-3326.0568786549234
UCID0323,175965267282931199179587284287238068367,L4_5_IT,270,5044.718084501941,-2602.0651601710056
UCID0324,207238736522445875335190659847268401529,L4_5_IT,259,4049.2294715865546,-2602.0651601710056
UCID0325,78528901472357831349690978635712884615,L4_5_IT,123,4139.728436397044,-3235.5579138444336
UCID0326,198353818216168621315466480238641977001,L4_5_IT,127,4501.724295639003,-3235.5579138444336
UCID0327,136206811681965737973450650626289432726,L4_5_IT,117,5406.7139437439,-3326.0568786549234
UCID0328,187657363980162523861525537898125840113,L4_5_IT,59,5406.7139437439,-3597.5537730863925
UCID0329,70587233256528025037488693975146512062,L4_5_IT,37,4773.2211900704715,-3688.0527378968823
UCID0330,55288359906222412259974955637846876210,L4_5_IT,225,4411.2253308285135,-2783.063089791985
UCID0331,269778481811470817688505875603070050668,L4_5_IT,388,5135.21704931243,-1878.0734416870878
UCID0332,8593106658749914001574293488900458487,L4_5_IT,39,4954.219119691452,-3688.0527378968823
UCID0333,310794474279529370086248646840907380898,L4_5_IT,320,4863.720154880962,-2330.5682657395364
UCID0334,240701162264347045030042637320481426036,L4_5_IT,89,4682.722225259982,-3416.555843465413
UCID0335,78937063160849235931206773762546245663,L4_5_IT,260,4139.728436397044,-2602.0651601710056
UCID0336,262365583773435747938949512678760111125,L4_5_IT,267,4773.2211900704715,-2602.0651601710056
UCID0337,254723534168120834377117798152550541008,L4_5_IT,65,4230.227401207534,-3507.054808275903
UCID0338,331620536662422315469725075083957019705,L4_5_IT,264,4501.724295639003,-2602.0651601710056
UCID0339,133498468533497173484749777318951309861,L4_5_IT,378,5316.214978933411,-1968.5724064975775
UCID0340,191938951075327797616167270654605662134,L4_5_IT,93,5044.718084501941,-3416.555843465413
UCID0341,69104541633382222443827243241072164109,L4_5_IT,33,4411.2253308285135,-3688.0527378968823
UCID0342,217062940689251187452701831368253402436,L4_5_IT,125,4320.726366018023,-3235.5579138444336
UCID0343,127256056688670489653732811199995752975,L4_5_IT,350,5044.718084501941,-2149.570336118557
UCID0344,7631632542996256600794435639731167456,L4_5_IT,143,4139.728436397044,-3145.058949033944
UCID0345,338131349991531604857719975099686844702,L4_5_IT,264,4501.724295639003,-2602.0651601710056
UCID0346,145336212390777520723568164044114634680,L4_5_IT,323,5135.21704931243,-2330.5682657395364
UCID0347,42382825701143768941200644664639177062,L4_5_IT,263,4411.2253308285135,-2602.0651601710056
UCID0348,139446745782746144236895986392810675696,L4_5_IT,110,4773.2211900704715,-3326.0568786549234
UCID0349,60831921275281946016621100010122113146,L4_5_IT,79,3777.7325771550854,-3416.555843465413
UCID0350,60666260394326246761345720373996507106,L4_5_IT,226,4501.724295639003,-2783.063089791985
UCID0351,271873607027846569771428130386843258049,L4_5_IT,144,4230.227401207534,-3145.058949033944
UCID0352,265451734705510901556475893016390885164,L4_5_IT,140,3868.231541965575,-3145.058949033944
UCID0353,79307845833428295075015862820695609412,L4_5_IT,265,4592.223260449493,-2602.0651601710056
UCID0354,211547761903299407710155878714221517741,L4_5_IT,28,3958.730506776065,-3688.0527378968823
UCID0355,127602472693674038895986570451133489950,L4_5_IT,340,5316.214978933411,-2240.0693009290467
UCID0356,26047693985962494685600183143818708759,L4_5_IT,127,4501.724295639003,-3235.5579138444336
UCID0357,254703125027287739261652428714068974314,L4_5_IT,244,4411.2253308285135,-2692.5641249814953
UCID0358,167226945295349989253022656704202433867,L4_5_IT,411,5406.7139437439,-1697.0755120661083
UCID0359,258792354555036354427395210532770739183,L4_5_IT,350,5044.718084501941,-2149.570336118557
UCID0360,128533608773610449705682934431218958281,L4_5_IT,142,4049.2294715865546,-3145.058949033944
UCID0361,77808697649187533003375177924986971154,L4_5_IT,46,4230.227401207534,-3597.5537730863925
UCID0362,20516476066443488024315866749358464835,L4_5_IT,361,4863.720154880962,-2059.0713713080672
UCID0363,187699733079193786433058137888699787396,L4_5_IT,96,5316.214978933411,-3416.555843465413
UCID0364,79505135598090829625766002523537696868,L4_5_IT,177,5406.7139437439,-3054.559984223454
UCID0365,7170742652756561642694696003669506753,L4_5_IT,113,5044.718084501941,-3326.0568786549234
UCID0366,48491219323142582231365679943994231666,L4_5_IT,391,5406.7139437439,-1878.0734416870878
UCID0367,23223810621169256816733228590296990170,L4_5_IT,79,3777.7325771550854,-3416.555843465413
UCID0368,182697672092062300284108493102439691346,L4_5_IT,195,5225.716014122921,-2964.0610194129645
UCID0369,13445710306723713944258354258146099497,L4_5_IT,409,5225.716014122921,-1697.0755120661083
UCID0370,337002778753364237732145551205987164738,L4_5_IT,90,4773.2211900704715,-3416.555843465413
UCID0371,116334507909039426767917408098528132234,L4_5_IT,164,4230.227401207534,-3054.559984223454
UCID0372,40134523265137632477379198931538283587,L4_5_IT,125,4320.726366018023,-3235.5579138444336
UCID0373,104078254148375929483440785584365448099,L4_5_IT,39,4954.219119691452,-3688.0527378968823
UCID0374,47024573109438883932794967384389916633,L4_5_IT,123,4139.728436397044,-3235.5579138444336
UCID0375,291920476814441105898741344889671687956,L4_5_IT,177,5406.7139437439,-3054.559984223454
UCID0376,10572187217408534447623344359384783673,L4_5_IT,50,4592.223260449493,-3597.5537730863925
UCID0377,131322016795736439304702159700264775924,L4_5_IT,84,4230.227401207534,-3416.555843465413
UCID0378,217996127841917271854937983660412219722,L4_5_IT,127,4501.724295639003,-3235.5579138444336
UCID0379,37781176384983051848767084646319389608,L4_5_IT,321,4954.219119691452,-2330.5682657395364
UCID0380,52596842076104876026387686102333897672,L4_5_IT,60,3777.7325771550854,-3507.054808275903
UCID0381,157531702000751093788289318485459754122,L4_5_IT,278,4139.728436397044,-2511.566195360516
UCID0382,170501356485910123607926013999027643180,L4_5_IT,244,4411.2253308285135,-2692.5641249814953
UCID0383,8328698498355625341601602662996667289,L4_5_IT,28,3958.730506776065,-3688.0527378968823
UCID0384,21952302873776832859495404023295767961,L4_5_IT,62,3958.730506776065,-3507.054808275903
UCID0385,148025422283976529634874584537694192913,L4_5_IT,268,4863.720154880962,-2602.0651601710056
UCID0386,137947349575931039321550530191280239569,L4_5_IT,119,3777.7325771550854,-3235.5579138444336
UCID0387,230228666031832069763523773431360884896,L4_5_IT,101,3958.730506776065,-3326.0568786549234
UCID0388,66907913253252566345123396402180938014,L4_5_IT,359,4682.722225259982,-2059.0713713080672
UCID0389,294518933136340462760365342428295471604,L4_5_IT,336,4954.219119691452,-2240.0693009290467
UCID0390,170784990164374690762905822382776530962,L4_5_IT,164,4230.227401207534,-3054.559984223454
UCID0391,147278671546501506438664744529556967580,L4_5_IT,50,4592.223260449493,-3597.5537730863925
UCID0392,323473010901051900382925458211758516788,L4_5_IT,105,4320.726366018023,-3326.0568786549234
UCID0393,133206178745319280391851493148361184519,L4_5_IT,299,4411.2253308285135,-2421.067230550026
UCID0394,93673808520599223780372615496690831670,L4_5_IT,204,4320.726366018023,-2873.5620546024747
UCID0395,7218518933949860194019306174580889966,L4_5_IT,244,4411.2253308285135,-2692.5641249814953
UCID0396,253760895640865787273253502952278255528,L4_5_IT,141,3958.730506776065,-3145.058949033944
UCID0397,187683084432999690919452445344784201655,L4_5_IT,247,4682.722225259982,-2692.5641249814953
UCID0398,42430040029073203501461653847193747209,L4_5_IT,55,5044.718084501941,-3597.5537730863925
UCID0399,174755425732377679514858755642630747506,L4_5_IT,321,4954.219119691452,-2330.5682657395364
UCID0400,309454276556810215059744247272640164556,L4_5_IT,141,3958.730506776065,-3145.058949033944
UCID0401,238997953744717130591212709072976355092,L4_5_IT,94,5135.21704931243,-3416.555843465413
UCID0402,191460933537156104994930141608436844791,L4_5_IT,137,5406.7139437439,-3235.5579138444336
UCID0403,132981648655072408162545066763503520565,L4_5_IT,177,5406.7139437439,-3054.559984223454
UCID0404,86112621779575289484301881914563018647,L4_5_IT,160,3868.231541965575,-3054.559984223454
UCID0405,286489212571012053934765100947419189711,L4_5_IT,323,5135.21704931243,-2330.5682657395364
UCID0406,96043455534533962060963254592790758966,L4_5_IT,232,5044.718084501941,-2783.063089791985
UCID0407,35114476635952616986658881741397480062,L4_5_IT,160,3868.231541965575,-3054.559984223454
UCID0408,110942533161572678019205115639226413620,L4_5_IT,422,5316.214978933411,-1516.0775824451289
UCID0409,101923412293028741557740364778568352912,L4_5_IT,59,5406.7139437439,-3597.5537730863925
UCID0410,34513293354734070386424153937627612723,L4_5_IT,6,3958.730506776065,-3869.0506675178617
UCID0411,69270705207104940817428466163828032940,L4_5_IT,259,4049.2294715865546,-2602.0651601710056
UCID0412,9637593371317331613703614239451532005,L4_5_IT,322,5044.718084501941,-2330.5682657395364
UCID0413,191703224526006030314655090610696440706,L4_5_IT,187,4501.724295639003,-2964.0610194129645
UCID0414,331843859442477440595881606280855363171,L4_5_IT,59,5406.7139437439,-3597.5537730863925
UCID0415,214421060462890165112444480714235134274,L4_5_IT,59,5406.7139437439,-3597.5537730863925
UCID0416,19053368028460531725967541515763115960,L4_5_IT,28,3958.730506776065,-3688.0527378968823
UCID0417,216204803536839960087286306455801652333,L4_5_IT,305,4954.219119691452,-2421.067230550026
UCID0418,123903853436011138112397597154424461780,L4_5_IT,361,4863.720154880962,-2059.0713713080672
UCID0419,325589872935501156044661819393288139707,L4_5_IT,113,5044.718084501941,-3326.0568786549234
UCID0420,321020261052672216364997929920046585857,L4_5_IT,140,3868.231541965575,-3145.058949033944
UCID0421,64021701028083930428705314076264224231,L4_5_IT,28,3958.730506776065,-3688.0527378968823
UCID0422,231874328394178296690056174594885941940,L4_5_IT,39,4954.219119691452,-3688.0527378968823
UCID0423,135515390941662342852849863497404993839,L4_5_IT,390,5316.214978933411,-1878.0734416870878
UCID0424,98662608775129399743486944795923906234,L4_5_IT,37,4773.2211900704715,-3688.0527378968823
UCID0425,163197149980464914580460446622855267415,L4_5_IT,79,3777.7325771550854,-3416.555843465413
UCID0426,272603904616618112966264367040687574331,L4_5_IT,144,4230.227401207534,-3145.058949033944
UCID0427,328431251919596143179830554700612166676,L4_5_IT,409,5225.716014122921,-1697.0755120661083
UCID0428,298858099400434801226093302366940648647,L4_5_IT,317,4592.223260449493,-2330.5682657395364
UCID0429,237033956336032843421856105005399428603,L4_5_IT,200,3958.730506776065,-2873.5620546024747
UCID0430,289789068465464567014897192305976617495,L4_5_IT,32,4320.726366018023,-3688.0527378968823
UCID0431,202986919892986895658568053808027132023,L4_5_IT,177,5406.7139437439,-3054.559984223454
UCID0432,177177309418386522938609683536372305961,L4_5_IT,397,4954.219119691452,-1787.574476876598
UCID0433,156361800638186230541766288387020150637,L4_5_IT,62,3958.730506776065,-3507.054808275903
UCID0434,92453024103736101695861554708314576657,L4_5_IT,349,4954.219119691452,-2149.570336118557
UCID0435,322435714311150208736324600926506890203,L4_5_IT,321,4954.219119691452,-2330.5682657395364
UCID0436,189618028839080533149274111289512235943,L4_5_IT,189,4682.722225259982,-2964.0610194129645
UCID0437,90320655305381395308022160369443714818,L4_5_IT,302,4682.722225259982,-2421.067230550026
UCID0438,172196429499312144315091242970127558872,L4_5_IT,220,3958.730506776065,-2783.063089791985
UCID0439,203033056240908830790011143953787174854,L4_5_IT,101,3958.730506776065,-3326.0568786549234
UCID0440,42098699153094425059135933051397509592,L4_5_IT,341,5406.7139437439,-2240.0693009290467
UCID0441,183041617799798224297462368568574469358,L4_5_IT,348,4863.720154880962,-2149.570336118557
UCID0442,130223741233542037830057985342540570007,L4_5_IT,391,5406.7139437439,-1878.0734416870878
UCID0443,22956951301198329479726547774957937881,L4_5_IT,58,5316.214978933411,-3597.5537730863925
UCID0444,33953078841341692724328947948092749169,L4_5_IT,106,4411.2253308285135,-3326.0568786549234
UCID0445,8769866146770029429350112582622233211,L5_IT,408,5135.21704931243,-1697.0755120661083
UCID0446,49130022169036320308530140058336412646,L5_IT,387,5044.718084501941,-1878.0734416870878
UCID0447,82089311097784335603408031904761658116,L5_IT,341,5406.7139437439,-2240.0693009290467
UCID0448,253260428651841073756532533295568991528,L5_IT,67,4411.2253308285135,-3507.054808275903
UCID0449,200176947480992096613033130067496255135,L5_IT,207,4592.223260449493,-2873.5620546024747
UCID0450,274346942698840517002815891039644376351,L5_IT,149,4682.722225259982,-3145.058949033944
UCID0451,238461896816902500840592737643062845663,L5_IT,110,4773.2211900704715,-3326.0568786549234
UCID0452,115649657957276728000663534863414810348,L5_IT,314,4320.726366018023,-2330.5682657395364
UCID0453,249416685901278024491957511078563602127,L5_IT,39,4954.219119691452,-3688.0527378968823
UCID0454,180997864380540445836885270186792273400,L5_IT,190,4773.2211900704715,-2964.0610194129645
UCID0455,245334794355182897177972886553243718427,L5_IT,145,4320.726366018023,-3145.058949033944
UCID0456,49890306820383459883601426857176729295,L5_IT,198,3777.7325771550854,-2873.5620546024747
UCID0457,236117388510051057031376554655753324764,L5_IT,377,5225.716014122921,-1968.5724064975775
UCID0458,211763599979790354210386447266270630050,L5_IT,71,4773.2211900704715,-3507.054808275903
UCID0459,252170690609478266675745252467363679032,L5_IT,318,4682.722225259982,-2330.5682657395364
UCID0460,142137939059438502412978552510620281516,L5_IT,110,4773.2211900704715,-3326.0568786549234
UCID0461,37778079948914431623344618818081207704,L5_IT,288,5044.718084501941,-2511.566195360516
UCID0462,61635648119675806275321352010216057168,L5_IT,272,5225.716014122921,-2602.0651601710056
UCID0463,89791793735980263757543153993751310471,L5_IT,52,4773.2211900704715,-3597.5537730863925
UCID0464,56630953490414703922020474245698624523,L5_IT,149,4682.722225259982,-3145.058949033944
UCID0465,139435307251601400188706986820495906760,L5_IT,216,5406.7139437439,-2873.5620546024747
UCID0466,89574586904987860288321062601888538642,L5_IT,267,4773.2211900704715,-2602.0651601710056
UCID0467,195010175531864656155115039678806192632,L5_IT,92,4954.219119691452,-3416.555843465413
UCID0468,109954044161674160190207731932603690078,L5_IT,264,4501.724295639003,-2602.0651601710056
UCID0469,210711684655511362465007909350443190511,L5_IT,302,4682.722225259982,-2421.067230550026
UCID0470,279009156995296531101176684095700985525,L5_IT,175,5225.716014122921,-3054.559984223454
UCID0471,127533116073434910547478815955004171081,L5_IT,118,3687.2336123445957,-3235.5579138444336
UCID0472,219568767103261904455672599706383818923,L5_IT,233,5135.21704931243,-2783.063089791985
UCID0473,42011176590816841326008920761075935906,L5_IT,121,3958.730506776065,-3235.5579138444336
UCID0474,126326361039643540186520670197887494165,L5_IT,30,4139.728436397044,-3688.0527378968823
UCID0475,127761794139779112933324032790109575676,L5_IT,164,4230.227401207534,-3054.559984223454
UCID0476,11233221383321075198353264986936722368,L5_IT,109,4682.722225259982,-3326.0568786549234
UCID0477,10551633534698854195667512244395380368,L5_IT,48,4411.2253308285135,-3597.5537730863925
UCID0478,229295307072334541043920109951846971179,L5_IT,318,4682.722225259982,-2330.5682657395364
UCID0479,262710226190923158911334888953881579418,L5_IT,321,4954.219119691452,-2330.5682657395364
UCID0480,318505190281181412941174304091647455926,L5_IT,130,4773.2211900704715,-3235.5579138444336
UCID0481,309483713188744628216166547970939736064,L5_IT,37,4773.2211900704715,-3688.0527378968823
UCID0482,167185509285442532681789995680596718279,L5_IT,388,5135.21704931243,-1878.0734416870878
UCID0483,88329771254635614466144669079839225130,L5_IT,70,4682.722225259982,-3507.054808275903
UCID0484,324845008708937165675675685920038244315,L5_IT,323,5135.21704931243,-2330.5682657395364
UCID0485,9472198472858885964317584696552692996,L5_IT,34,4501.724295639003,-3688.0527378968823
UCID0486,129245815825030201740953982718545610999,L5_IT,410,5316.214978933411,-1697.0755120661083
UCID0487,329615070937448461627667815027158343033,L5_IT,364,5135.21704931243,-2059.0713713080672
UCID0488,174189176613187862521973222864012800746,L5_IT,260,4139.728436397044,-2602.0651601710056
UCID0489,176373849568405544389809219376642488979,L5_IT,58,5316.214978933411,-3597.5537730863925
UCID0490,166827220730885846051975728154507449750,L5_IT,318,4682.722225259982,-2330.5682657395364
UCID0491,164483189052791233946601378514344214641,L5_IT,121,3958.730506776065,-3235.5579138444336
UCID0492,245643280522646936512011568301670863721,L5_IT,289,5135.21704931243,-2511.566195360516
UCID0493,238078589856805351294528836633339300913,L5_IT,185,4320.726366018023,-2964.0610194129645
UCID0494,14794792563487127015954798110009713653,L5_IT,172,4954.219119691452,-3054.559984223454
UCID0495,331922417434676292844945429864133854186,L5_IT,47,4320.726366018023,-3597.5537730863925
UCID0496,233951545743315384053840710074597759372,L5_IT,166,4411.2253308285135,-3054.559984223454
UCID0497,153851362163303761455959489699111105934,L5_IT,298,4320.726366018023,-2421.067230550026
UCID0498,191569564630263649078209134769844339459,L5_IT,220,3958.730506776065,-2783.063089791985
UCID0499,55441073310887532286771565735238859964,L5_IT,245,4501.724295639003,-2692.5641249814953
UCID0500,38687307407584829229846836165958562887,L5_IT,109,4682.722225259982,-3326.0568786549234
UCID0501,113627499829741100720568583033452052117,L5_IT,251,5044.718084501941,-2692.5641249814953
UCID0502,242890438502805682280887905823744918050,L5_IT,31,4230.227401207534,-3688.0527378968823
UCID0503,42523179009011594394547283382447201430,L5_IT,282,4501.724295639003,-2511.566195360516
UCID0504,51592467547545947249117395680622609658,L5_IT,281,4411.2253308285135,-2511.566195360516
UCID0505,58109160643642232293863994137619893834,L5_IT,94,5135.21704931243,-3416.555843465413
UCID0506,234643345323010335334303184307028337132,L5_IT,46,4230.227401207534,-3597.5537730863925
UCID0507,289507027245274556993489286922644826307,L5_IT,348,4863.720154880962,-2149.570336118557
UCID0508,36080109397104648082948071160307625860,L5_IT,280,4320.726366018023,-2511.566195360516
UCID0509,169396367621972724242110705496271832598,L5_IT,340,5316.214978933411,-2240.0693009290467
UCID0510,117358162303137920359039114283065072056,L5_IT,87,4501.724295639003,-3416.555843465413
UCID0511,212249689641002311232112974061331854190,L5_IT,8,4139.728436397044,-3869.0506675178617
UCID0512,214249812150852468931664727663705348987,L5_IT,414,4954.219119691452,-1606.5765472556186
UCID0513,123651558367263274671788797463480479905,L5_IT,205,4411.2253308285135,-2873.5620546024747
UCID0514,297774655361068446318854076771890432941,L5_IT,397,4954.219119691452,-1787.574476876598
UCID0515,28947558125306342782654158603274760479,L5_IT,6,3958.730506776065,-3869.0506675178617
UCID0516,213903262597477129506509918389363056605,L5_IT,126,4411.2253308285135,-3235.5579138444336
UCID0517,3689412218577160422121539388448719173,L5_IT,122,4049.2294715865546,-3235.5579138444336
UCID0518,291970792857598238493120506694546238516,L5_IT,222,4139.728436397044,-2783.063089791985
UCID0519,44098066544434194411228817893344610897,L5_IT,89,4682.722225259982,-3416.555843465413
UCID0520,303431346046111554987883595090871488696,L5_IT,282,4501.724295639003,-2511.566195360516
UCID0521,64415421891455983420054593584732558198,L5_IT,338,5135.21704931243,-2240.0693009290467
UCID0522,276328520180971028159894292041083195210,L5_IT,116,5316.214978933411,-3326.0568786549234
UCID0523,9890426271537929519668897146543189303,L5_IT,22,4773.2211900704715,-3778.551702707372
UCID0524,173514572423783935358105439252593559014,L5_IT,84,4230.227401207534,-3416.555843465413
UCID0525,216128315116734539645486728609757685990,L5_IT,254,5316.214978933411,-2692.5641249814953
UCID0526,313770217456411629932695932321775095178,L5_IT,250,4954.219119691452,-2692.5641249814953
UCID0527,112891032485237215166595891511319366603,L5_IT,96,5316.214978933411,-3416.555843465413
UCID0528,284773233616140150700566645518825814941,L5_IT,383,4682.722225259982,-1878.0734416870878
UCID0529,10960782488090577128700710173478365301,L5_IT,374,4954.219119691452,-1968.5724064975775
UCID0530,122845262684045448769980233419489297862,L5_IT,248,4773.2211900704715,-2692.5641249814953
UCID0531,259482519788064459962622517516272594798,L5_IT,105,4320.726366018023,-3326.0568786549234
UCID0532,164124770668888393301016308676222783999,L5_IT,306,5044.718084501941,-2421.067230550026
UCID0533,51808600815793388536818853921356527631,L5_IT,346,4682.722225259982,-2149.570336118557
UCID0534,5323685214300154986380418259871027495,L5_IT,112,4954.219119691452,-3326.0568786549234
UCID0535,33626765581044283242839941084673217412,L5_IT,351,5135.21704931243,-2149.570336118557
UCID0536,221005898794577785445957976995565596737,L5_IT,345,4592.223260449493,-2149.570336118557
UCID0537,277390731878765980606668007185425779360,L5_IT,103,4139.728436397044,-3326.0568786549234
UCID0538,75347205250215858814137643928231325548,L5_IT,327,4049.2294715865546,-2240.0693009290467
UCID0539,58159711341115589866710514329990057945,L5_IT,228,4682.722225259982,-2783.063089791985
UCID0540,13608072024613191740099826438791010701,L5_IT,55,5044.718084501941,-3597.5537730863925
UCID0541,149556575385234449934194157737411193451,L5_IT,72,4863.720154880962,-3507.054808275903
UCID0542,78122501344136164663820780265752464954,L5_IT,114,5135.21704931243,-3326.0568786549234
UCID0543,100842549546626171241991454564639654183,L5_IT,241,4139.728436397044,-2692.5641249814953
UCID0544,321990379028282531171881058870533271116,L5_IT,277,4049.2294715865546,-2511.566195360516
UCID0545,217856265437842166217265425568474619983,L5_IT,35,4592.223260449493,-3688.0527378968823
UCID0546,170614080300668362674008706970744483855,L5_IT,106,4411.2253308285135,-3326.0568786549234
UCID0547,4971936995887533450516635400962148656,L5_IT,284,4682.722225259982,-2511.566195360516
UCID0548,41985383256629311899122295528889688088,L5_IT,185,4320.726366018023,-2964.0610194129645
UCID0549,24933557670208495956089606555601099091,L5_IT,341,5406.7139437439,-2240.0693009290467
UCID0550,304384338816206816077683744529143206031,L5_IT,120,3868.231541965575,-3235.5579138444336
UCID0551,79193421240958868506875368049432763404,L5_IT,305,4954.219119691452,-2421.067230550026
UCID0552,308115662112139519594180369995286790274,L5_IT,76,5225.716014122921,-3507.054808275903
UCID0553,255191530882942499443859461526023481898,L5_IT,171,4863.720154880962,-3054.559984223454
UCID0554,54640021574003981856382277785603171035,L5_IT,100,3868.231541965575,-3326.0568786549234
UCID0555,263254925507523912085850853294650353730,L5_IT,373,4863.720154880962,-1968.5724064975775
UCID0556,149404488892218434989203654587277276763,L5_IT,30,4139.728436397044,-3688.0527378968823
UCID0557,151298417807920115832726999185190089646,L5_IT,329,4320.726366018023,-2240.0693009290467
UCID0558,4409376406187759634329983380947149122,L5_IT,298,4320.726366018023,-2421.067230550026
UCID0559,42770842213402657535441193729664146629,L5_IT,33,4411.2253308285135,-3688.0527378968823
UCID0560,311350275479981800181512078802714106900,L5_IT,312,4139.728436397044,-2330.5682657395364
UCID0561,210343815576704217582548848765540901624,L5_IT,33,4411.2253308285135,-3688.0527378968823
UCID0562,309444594050540718749557905377624126229,L5_IT,397,4954.219119691452,-1787.574476876598
UCID0563,259749213939449533232357351441275084059,L5_IT,110,4773.2211900704715,-3326.0568786549234
UCID0564,47701150395585206084597684900585728273,L5_IT,302,4682.722225259982,-2421.067230550026
UCID0565,173087680758843794395720535940577092094,L5_IT,80,3868.231541965575,-3416.555843465413
UCID0566,221347126599459228342222180131739395646,L5_IT,341,5406.7139437439,-2240.0693009290467
UCID0567,54593114325743865952527039841082213293,L5_IT,30,4139.728436397044,-3688.0527378968823
UCID0568,263081215183413967777247077384391752182,L5_IT,91,4863.720154880962,-3416.555843465413
UCID0569,60888841489583977469362085025031956210,L5_IT,86,4411.2253308285135,-3416.555843465413
UCID0570,330732869348987914784341108868120678937,L5_IT,106,4411.2253308285135,-3326.0568786549234
UCID0571,24926145834061714853595931246941559654,L5_IT,243,4320.726366018023,-2692.5641249814953
UCID0572,149080017558563002404143940885400451640,L5_IT,29,4049.2294715865546,-3688.0527378968823
UCID0573,335493349365252273128144426273206022263,L5_IT,86,4411.2253308285135,-3416.555843465413
UCID0574,114544211949302988408801432728450858233,L5_IT,301,4592.223260449493,-2421.067230550026
UCID0575,270864153366348395342466869726953245125,L5_IT,31,4230.227401207534,-3688.0527378968823
UCID0576,214800621510754891939192720679552034592,L5_IT,137,5406.7139437439,-3235.5579138444336
UCID0577,88084063613755703710375260080660967787,L5_IT,151,4863.720154880962,-3145.058949033944
UCID0578,180061160595544142233250224247195913171,L5_IT,419,5406.7139437439,-1606.5765472556186
UCID0579,133636846934244141120549413601344497120,L5_IT,91,4863.720154880962,-3416.555843465413
UCID0580,289040157378404666909129007932776138318,L5_IT,281,4411.2253308285135,-2511.566195360516
UCID0581,272982678622663705927085518047341582598,L5_IT,130,4773.2211900704715,-3235.5579138444336
UCID0582,339523602818395528202624862221307103840,L5_IT,46,4230.227401207534,-3597.5537730863925
UCID0583,143137810729911228060445384600442838365,L5_IT,233,5135.21704931243,-2783.063089791985
UCID0584,168140145069130482472952390556698764285,L5_IT,33,4411.2253308285135,-3688.0527378968823
UCID0585,83488360454356116254868061314417875852,L5_IT,164,4230.227401207534,-3054.559984223454
UCID0586,255284310481856433379891395649078983255,L5_IT,288,5044.718084501941,-2511.566195360516
UCID0587,282089317172609349062562755406796822383,L5_IT,70,4682.722225259982,-3507.054808275903
UCID0588,329544511082009062512498310763557609763,L5_IT,137,5406.7139437439,-3235.5579138444336
UCID0589,92251895607024269222344792992337063401,L5_IT,164,4230.227401207534,-3054.559984223454
UCID0590,13454253362200055922835066623048289484,L5_IT,89,4682.722225259982,-3416.555843465413
UCID0591,258518873603687870757667603642829247105,L5_IT,310,5406.7139437439,-2421.067230550026
UCID0592,278688759675084938625700962254755141483,L5_IT,225,4411.2253308285135,-2783.063089791985
UCID0593,263477203460491729721392026028232074909,L5_IT,127,4501.724295639003,-3235.5579138444336
UCID0594,203058629593257707937345105065991902444,L5_IT,71,4773.2211900704715,-3507.054808275903
UCID0595,234607576200354405559442091691298488453,L5_IT,329,4320.726366018023,-2240.0693009290467
UCID0596,94961178682559743724062944064085575905,L5_IT,17,4320.726366018023,-3778.551702707372
UCID0597,334280994019473749044179208646460734114,L5_IT,157,5406.7139437439,-3145.058949033944
UCID0598,89586167578779823113119949524366177057,L5_IT,191,4863.720154880962,-2964.0610194129645
UCID0599,215077905814959101376384517783954121790,L5_IT,73,4954.219119691452,-3507.054808275903
UCID0600,226901076161107747914859279511102230091,L5_IT,321,4954.219119691452,-2330.5682657395364
UCID0601,181265709752889289262222149484739419545,L5_IT,360,4773.2211900704715,-2059.0713713080672
UCID0602,318016418047238305481979446675909293334,L5_IT,211,4954.219119691452,-2873.5620546024747
UCID0603,60603478229093089765818618612838085068,L5_IT,157,5406.7139437439,-3145.058949033944
UCID0604,331513119874718902260048185660830526454,L5_IT,419,5406.7139437439,-1606.5765472556186
UCID0605,192991568080653482277451113208472024681,L5_IT,19,4501.724295639003,-3778.551702707372
UCID0606,148234738732530135462790660177264253253,L5_IT,343,4411.2253308285135,-2149.570336118557
UCID0607,222503690430250984449944532189432034070,L5_IT,85,4320.726366018023,-3416.555843465413
UCID0608,26286157188496008293797044054560338169,L5_IT,304,4863.720154880962,-2421.067230550026
UCID0609,113015584550779531163776348983846463166,L5_IT,111,4863.720154880962,-3326.0568786549234
UCID0610,307379159966975957698001876075669748712,L5_IT,385,4863.720154880962,-1878.0734416870878
UCID0611,253772377763655930048377726310893354279,L5_IT,163,4139.728436397044,-3054.559984223454
UCID0612,185711080572212347097941881535200625758,L5_IT,254,5316.214978933411,-2692.5641249814953
UCID0613,310777139113648534549558499825191796250,L5_IT,338,5135.21704931243,-2240.0693009290467
UCID0614,174206242740627005669149917545950202603,L5_IT,345,4592.223260449493,-2149.570336118557
UCID0615,18492894220532302779708528051787104173,L5_IT,120,3868.231541965575,-3235.5579138444336
UCID0616,285190713687376590388751934006285119551,L5_IT,221,4049.2294715865546,-2783.063089791985
UCID0617,324917029215228031422731649876050373715,L5_IT,359,4682.722225259982,-2059.0713713080672
UCID0618,220508113017511323589400775249131783392,L5_IT,85,4320.726366018023,-3416.555843465413
UCID0619,78834237792458997245198332724795615585,L5_IT,310,5406.7139437439,-2421.067230550026
UCID0620,21766128367326914613636765945459738230,L5_IT,318,4682.722225259982,-2330.5682657395364
UCID0621,116360534608654145303047179988853011553,L5_IT,270,5044.718084501941,-2602.0651601710056
UCID0622,15416358669947428976165703367751273980,L5_IT,352,5225.716014122921,-2149.570336118557
UCID0623,24124141855877966325494764543636712201,L5_IT,175,5225.716014122921,-3054.559984223454
UCID0624,11753332869989170644041445786886323639,L5_IT,320,4863.720154880962,-2330.5682657395364
UCID0625,159584741646485200126598075678142167166,L5_IT,117,5406.7139437439,-3326.0568786549234
UCID0626,9671416807543251361327700808716091660,L5_IT,19,4501.724295639003,-3778.551702707372
UCID0627,126055755338493046961450301455901234449,L5_IT,47,4320.726366018023,-3597.5537730863925
UCID0628,95994547841134185659662009148535110708,L5_IT,377,5225.716014122921,-1968.5724064975775
UCID0629,115468292279693937639580468097605500356,L5_IT,314,4320.726366018023,-2330.5682657395364
UCID0630,195243874804471375587866540597553127365,L5_IT,106,4411.2253308285135,-3326.0568786549234
UCID0631,311815067743428830479763947676263550425,L5_IT,85,4320.726366018023,-3416.555843465413
UCID0632,183629860394319650573000167965230444019,L5_IT,362,4954.219119691452,-2059.0713713080672
UCID0633,193154757483980202434543513399051762694,L5_IT,239,3958.730506776065,-2692.5641249814953
UCID0634,187651327731484490191113341972572266008,L5_IT,58,5316.214978933411,-3597.5537730863925
UCID0635,258154299060284054866204216250804676137,L5_IT,70,4682.722225259982,-3507.054808275903
UCID0636,172104002352391939202679132565587823591,L5_IT,31,4230.227401207534,-3688.0527378968823
UCID0637,312577103238715024230892866171153819411,L5_IT,105,4320.726366018023,-3326.0568786549234
UCID0638,70834109330890638591245123442275292517,L5_IT,292,5406.7139437439,-2511.566195360516
UCID0639,320006507451111303691289940459921788406,L5_IT,288,5044.718084501941,-2511.566195360516
UCID0640,54126213983426896073026141762667417024,L5_IT,242,4230.227401207534,-2692.5641249814953
UCID0641,122513491340778558614368482693808757593,L5_IT,241,4139.728436397044,-2692.5641249814953
UCID0642,90877613297369494448010823899945539737,L5_IT,192,4954.219119691452,-2964.0610194129645
UCID0643,218930187745883548942751413933534943472,L5_IT,384,4773.2211900704715,-1878.0734416870878
UCID0644,257605778693459187102071064318582120351,L2_3_IT,332,4592.223260449493,-2240.0693009290467
UCID0645,143355025948092430141548479951644198776,L2_3_IT,260,4139.728436397044,-2602.0651601710056
UCID0646,54680964005424698441250040837868532982,L2_3_IT,14,4049.2294715865546,-3778.551702707372
UCID0647,212814191384639393836309933583902639344,L2_3_IT,305,4954.219119691452,-2421.067230550026
UCID0648,205724933000034666461818397748412863978,L2_3_IT,335,4863.720154880962,-2240.0693009290467
UCID0649,193772624790458269608991994099609764307,L2_3_IT,316,4501.724295639003,-2330.5682657395364
UCID0650,246760955577265923629934290723033534518,L2_3_IT,35,4592.223260449493,-3688.0527378968823
UCID0651,87851031610139112736791838816574356900,L2_3_IT,200,3958.730506776065,-2873.5620546024747
UCID0652,318249282451788959157496120297108178665,L2_3_IT,231,4954.219119691452,-2783.063089791985
UCID0653,103205043405221891887187035103989199675,L2_3_IT,99,3777.7325771550854,-3326.0568786549234
UCID0654,168547962433238919565843946530873271572,L2_3_IT,188,4592.223260449493,-2964.0610194129645
UCID0655,304330190355318963200812316588404751002,L2_3_IT,100,3868.231541965575,-3326.0568786549234
UCID0656,2681149072328060831325302187255465994,L2_3_IT,119,3777.7325771550854,-3235.5579138444336
UCID0657,326760582360418790084712180229730039600,L2_3_IT,369,4501.724295639003,-1968.5724064975775
UCID0658,113391787935580272578030166452825052154,L2_3_IT,99,3777.7325771550854,-3326.0568786549234
UCID0659,115858128044703910013460208017632998901,L2_3_IT,299,4411.2253308285135,-2421.067230550026
UCID0660,41052860405522796550087474009677880281,L2_3_IT,201,4049.2294715865546,-2873.5620546024747
UCID0661,338990954624100774824522074855139356607,L2_3_IT,32,4320.726366018023,-3688.0527378968823
UCID0662,190425607568654755591632525883896979324,L2_3_IT,146,4411.2253308285135,-3145.058949033944
UCID0663,199294613784218956558582767360536083288,L2_3_IT,282,4501.724295639003,-2511.566195360516
UCID0664,173287906276786955869217704441799004863,L2_3_IT,119,3777.7325771550854,-3235.5579138444336
UCID0665,161139322288714107603589966585134442283,L2_3_IT,346,4682.722225259982,-2149.570336118557
UCID0666,208944798729872857410187219023942296058,L2_3_IT,161,3958.730506776065,-3054.559984223454
UCID0667,153269543778675948188991428610203101461,L2_3_IT,370,4592.223260449493,-1968.5724064975775
UCID0668,309390994726615369673677833407016869321,L2_3_IT,306,5044.718084501941,-2421.067230550026
UCID0669,171298099021088610807467841909493923888,L2_3_IT,396,4863.720154880962,-1787.574476876598
UCID0670,204174289447641514460709195431279988646,L2_3_IT,410,5316.214978933411,-1697.0755120661083
UCID0671,218542620642993450663185722369595269808,L2_3_IT,202,4139.728436397044,-2873.5620546024747
UCID0672,329465445689661282836786352684401009930,L2_3_IT,400,5225.716014122921,-1787.574476876598
UCID0673,196252796145617413921798632468458172006,L2_3_IT,370,4592.223260449493,-1968.5724064975775
UCID0674,61696593403209919684187089797023931310,L2_3_IT,271,5135.21704931243,-2602.0651601710056
UCID0675,271078034034675416098079420229194886984,L2_3_IT,220,3958.730506776065,-2783.063089791985
UCID0676,160270891851298688926063222318406118482,L2_3_IT,370,4592.223260449493,-1968.5724064975775
UCID0677,310999536924716895366496116999910654699,L2_3_IT,313,4230.227401207534,-2330.5682657395364
UCID0678,237176218821375447597182048693599082909,L2_3_IT,357,4501.724295639003,-2059.0713713080672
UCID0679,291440178102714992086306682754571109963,L2_3_IT,300,4501.724295639003,-2421.067230550026
UCID0680,26256028149336013788998903792312097491,L2_3_IT,74,5044.718084501941,-3507.054808275903
UCID0681,145155615789639917071218523721046218317,L2_3_IT,140,3868.231541965575,-3145.058949033944
UCID0682,174438512273544351874334500073302815711,L2_3_IT,229,4773.2211900704715,-2783.063089791985
UCID0683,322858185923341934726134977889663967972,L2_3_IT,140,3868.231541965575,-3145.058949033944
UCID0684,248005005111144516756520761809261536314,L2_3_IT,377,5225.716014122921,-1968.5724064975775
UCID0685,173046491719852806632962401562505731453,L2_3_IT,160,3868.231541965575,-3054.559984223454
UCID0686,208776376626168026403817460914058478046,L2_3_IT,402,5406.7139437439,-1787.574476876598
UCID0687,140573606855541448353510539599334320747,L2_3_IT,107,4501.724295639003,-3326.0568786549234
UCID0688,113582173057573032061386619115107523837,L2_3_IT,14,4049.2294715865546,-3778.551702707372
UCID0689,98628947833683939713505147295739651457,L2_3_IT,344,4501.724295639003,-2149.570336118557
UCID0690,322120815124313545723217559574299309180,L2_3_IT,239,3958.730506776065,-2692.5641249814953
UCID0691,108756868308262204405703984776985604348,L2_3_IT,370,4592.223260449493,-1968.5724064975775
UCID0692,85945676628378174900594903749843970330,L2_3_IT,345,4592.223260449493,-2149.570336118557
UCID0693,213540868501000653382753358737182718269,L2_3_IT,345,4592.223260449493,-2149.570336118557
UCID0694,58985182980727090902038111916210040265,L2_3_IT,346,4682.722225259982,-2149.570336118557
UCID0695,79191958456097048018909308215835261415,L2_3_IT,408,5135.21704931243,-1697.0755120661083
UCID0696,50572739533140977148945863167417810113,L2_3_IT,44,4049.2294715865546,-3597.5537730863925
UCID0697,149736735152191545990270851197500219765,L2_3_IT,266,4682.722225259982,-2602.0651601710056
UCID0698,131160286661907426220240420924415825751,L2_3_IT,20,4592.223260449493,-3778.551702707372
UCID0699,296839585596796825688390052784177543908,L2_3_IT,232,5044.718084501941,-2783.063089791985
UCID0700,244190540634113818295234244885095711249,L2_3_IT,226,4501.724295639003,-2783.063089791985
UCID0701,323593684365110614586551519124073183911,L2_3_IT,333,4682.722225259982,-2240.0693009290467
UCID0702,88303538117006728796696293384450383676,L2_3_IT,237,3777.7325771550854,-2692.5641249814953
UCID0703,267256085262879978774248893212522964613,L2_3_IT,23,4863.720154880962,-3778.551702707372
UCID0704,297606390543250200271974037166384613810,L2_3_IT,128,4592.223260449493,-3235.5579138444336
UCID0705,59359891046453340260742988255376316138,L2_3_IT,258,3958.730506776065,-2602.0651601710056
UCID0706,85822073435860827978766511494947663013,L2_3_IT,272,5225.716014122921,-2602.0651601710056
UCID0707,94578690438557605215226513620223835797,L2_3_IT,202,4139.728436397044,-2873.5620546024747
UCID0708,223385310820566026885991414946600915276,L2_3_IT,82,4049.2294715865546,-3416.555843465413
UCID0709,100710098199264639646181147670539642555,L2_3_IT,400,5225.716014122921,-1787.574476876598
UCID0710,146050488192793020217548783125293575835,L2_3_IT,204,4320.726366018023,-2873.5620546024747
UCID0711,270116339285282280960830778920251100918,L2_3_IT,262,4320.726366018023,-2602.0651601710056
UCID0712,273380175469521837384544766207790550131,L2_3_IT,317,4592.223260449493,-2330.5682657395364
UCID0713,233963019274108983854201202644863171259,L2_3_IT,134,5135.21704931243,-3235.5579138444336
UCID0714,217287685540695614844518899801566633133,L2_3_IT,200,3958.730506776065,-2873.5620546024747
UCID0715,308934374726635883650216482517023997655,L2_3_IT,400,5225.716014122921,-1787.574476876598
UCID0716,252555738398232657630097886838219038761,L2_3_IT,307,5135.21704931243,-2421.067230550026
UCID0717,229215305681848895246510687224335846355,L2_3_IT,212,5044.718084501941,-2873.5620546024747
UCID0718,87179693360668948938682015610026921643,L2_3_IT,188,4592.223260449493,-2964.0610194129645
UCID0719,323356801235808005931942191411986786120,L2_3_IT,113,5044.718084501941,-3326.0568786549234
UCID0720,293720763600870689867995992592237710321,L2_3_IT,366,5316.214978933411,-2059.0713713080672
UCID0721,141560096350640332137042735732348167140,L2_3_IT,282,4501.724295639003,-2511.566195360516
UCID0722,50434271039009485082661382989564033224,L2_3_IT,221,4049.2294715865546,-2783.063089791985
UCID0723,245625383313344196686444325606134199295,L2_3_IT,366,5316.214978933411,-2059.0713713080672
UCID0724,247698467271083901036215027896437820375,L2_3_IT,410,5316.214978933411,-1697.0755120661083
UCID0725,173011102441921534044789459271974450927,L2_3_IT,141,3958.730506776065,-3145.058949033944
UCID0726,317830368488346866627381008359942091177,L2_3_IT,291,5316.214978933411,-2511.566195360516
UCID0727,101947708619388374865955767260108748338,L2_3_IT,146,4411.2253308285135,-3145.058949033944
UCID0728,97562253718470471392021469685129593820,L2_3_IT,50,4592.223260449493,-3597.5537730863925
UCID0729,44388139817826663562208361260544378301,L2_3_IT,400,5225.716014122921,-1787.574476876598
UCID0730,334338110128769596475926339391230517675,L2_3_IT,161,3958.730506776065,-3054.559984223454
UCID0731,298960462300819576307383799164814197037,L2_3_IT,259,4049.2294715865546,-2602.0651601710056
UCID0732,170614221256058488425367137101035585961,L2_3_IT,207,4592.223260449493,-2873.5620546024747
UCID0733,278067729279590690852774941772889916762,L2_3_IT,348,4863.720154880962,-2149.570336118557
UCID0734,335621410636869919515921628770220309768,L2_3_IT,408,5135.21704931243,-1697.0755120661083
UCID0735,299978300056647079923966196680340741983,L2_3_IT,374,4954.219119691452,-1968.5724064975775
UCID0736,99504125950471062201252312391570289780,L2_3_IT,291,5316.214978933411,-2511.566195360516
UCID0737,72508052539459566755695655219995275263,L2_3_IT,226,4501.724295639003,-2783.063089791985
UCID0738,160705840486998145145526950289280113300,L2_3_IT,228,4682.722225259982,-2783.063089791985
UCID0739,72785012760744129287917990744686678303,L2_3_IT,226,4501.724295639003,-2783.063089791985
UCID0740,38086359544417720368582623308702846791,L2_3_IT,141,3958.730506776065,-3145.058949033944
UCID0741,56498197087676944013311647105425124829,L2_3_IT,260,4139.728436397044,-2602.0651601710056
UCID0742,304546320029623361054615610492894172523,L2_3_IT,319,4773.2211900704715,-2330.5682657395364
UCID0743,170379741723653408250361818919336742211,L2_3_IT,121,3958.730506776065,-3235.5579138444336
UCID0744,238261595770288703990586599168762904084,L2_3_IT,306,5044.718084501941,-2421.067230550026
UCID0745,302371909674141670771762823283835367868,L2_3_IT,318,4682.722225259982,-2330.5682657395364
UCID0746,67780315843296030562229607791361052740,L2_3_IT,226,4501.724295639003,-2783.063089791985
UCID0747,248938655075912611246299136679514229105,L2_3_IT,259,4049.2294715865546,-2602.0651601710056
UCID0748,326872599324240102909348559460908413430,L2_3_IT,200,3958.730506776065,-2873.5620546024747
UCID0749,264301394577228427108960414138638738121,L2_3_IT,307,5135.21704931243,-2421.067230550026
UCID0750,254623786068380760773287148177943622574,L2_3_IT,319,4773.2211900704715,-2330.5682657395364
UCID0751,22810321854587372667055356700603271852,L2_3_IT,44,4049.2294715865546,-3597.5537730863925
UCID0752,38318419973673325911673337583174572886,L2_3_IT,376,5135.21704931243,-1968.5724064975775
UCID0753,328944211284959441393787951080407015236,L2_3_IT,378,5316.214978933411,-1968.5724064975775
UCID0754,128350473805523542145584715775355751895,L2_3_IT,181,3958.730506776065,-2964.0610194129645
UCID0755,70801899354090389261932171526968565437,L2_3_IT,176,5316.214978933411,-3054.559984223454
UCID0756,193558501578143957911126747318604946817,L2_3_IT,411,5406.7139437439,-1697.0755120661083
UCID0757,46568694150640342655729452643117732660,L2_3_IT,348,4863.720154880962,-2149.570336118557
UCID0758,7992021029505778932260382182604828495,L2_3_IT,119,3777.7325771550854,-3235.5579138444336
UCID0759,210087461660625957064707183716382873359,L2_3_IT,400,5225.716014122921,-1787.574476876598
UCID0760,41892094892483730379253833930567225964,L2_3_IT,66,4320.726366018023,-3507.054808275903
UCID0761,93578421351619875355623214786574779266,L2_3_IT,299,4411.2253308285135,-2421.067230550026
UCID0762,255322208040051425766915460710808753388,L2_3_IT,345,4592.223260449493,-2149.570336118557
UCID0763,55556557797935855254906619263710340050,L2_3_IT,99,3777.7325771550854,-3326.0568786549234
UCID0764,155704507223254830187078998553977908856,L2_3_IT,317,4592.223260449493,-2330.5682657395364
UCID0765,43142353263433793960523889638034420421,L2_3_IT,181,3958.730506776065,-2964.0610194129645
UCID0766,251419218979514092768976646330882459035,L2_3_IT,240,4049.2294715865546,-2692.5641249814953
UCID0767,203108310568484147369488374664314999810,L2_3_IT,245,4501.724295639003,-2692.5641249814953
UCID0768,163567126453696587319896042168977668542,L2_3_IT,229,4773.2211900704715,-2783.063089791985
UCID0769,131144822827193624688177738577876375939,L2_3_IT,366,5316.214978933411,-2059.0713713080672
UCID0770,338231797585771712105627035705914062498,L2_3_IT,389,5225.716014122921,-1878.0734416870878
UCID0771,107811399342642680792197384207607904351,L2_3_IT,359,4682.722225259982,-2059.0713713080672
UCID0772,233928152131412067892409033630640277666,L2_3_IT,204,4320.726366018023,-2873.5620546024747
UCID0773,200164432920488714736511694371379073941,L2_3_IT,202,4139.728436397044,-2873.5620546024747
UCID0774,259941628059983347723063344564634124219,L2_3_IT,364,5135.21704931243,-2059.0713713080672
UCID0775,310088350707351713044141633362975013881,L2_3_IT,189,4682.722225259982,-2964.0610194129645
UCID0776,216661847927208537543977118417313930514,L2_3_IT,258,3958.730506776065,-2602.0651601710056
UCID0777,153689135091746948952937983254683340774,L2_3_IT,336,4954.219119691452,-2240.0693009290467
UCID0778,278399841908703361276780928350735527794,L2_3_IT,319,4773.2211900704715,-2330.5682657395364
UCID0779,199261253767595916367400050703060799135,L2_3_IT,160,3868.231541965575,-3054.559984223454
UCID0780,289749465905511064723226023190534107138,L2_3_IT,44,4049.2294715865546,-3597.5537730863925
UCID0781,160537649442091311254257265523625312396,L2_3_IT,124,4230.227401207534,-3235.5579138444336
UCID0782,280685043293212127095906424818437994138,L2_3_IT,329,4320.726366018023,-2240.0693009290467
UCID0783,298626746814055414694742899588757872754,L2_3_IT,160,3868.231541965575,-3054.559984223454
UCID0784,120923977259076516344672987644105875215,L2_3_IT,192,4954.219119691452,-2964.0610194129645
UCID0785,203292210565944782022945295650487938895,L2_3_IT,370,4592.223260449493,-1968.5724064975775
UCID0786,47773548692535328376883775097971156677,L2_3_IT,81,3958.730506776065,-3416.555843465413
UCID0787,138859252589333254203359838872261589501,L2_3_IT,266,4682.722225259982,-2602.0651601710056
UCID0788,33112120014918058977539853806499033282,L2_3_IT,330,4411.2253308285135,-2240.0693009290467
UCID0789,262810630133348372133589494696142780452,L2_3_IT,357,4501.724295639003,-2059.0713713080672
UCID0790,128949228518103574069249273873216541992,L2_3_IT,20,4592.223260449493,-3778.551702707372
UCID0791,236366012408799442211188006006012522132,L2_3_IT,231,4954.219119691452,-2783.063089791985
UCID0792,128148822532275968047867531663433246595,L2_3_IT,105,4320.726366018023,-3326.0568786549234
UCID0793,27012371679054419742613980957645631352,L2_3_IT,303,4773.2211900704715,-2421.067230550026
UCID0794,112819892159876621851755213304826206155,L2_3_IT,100,3868.231541965575,-3326.0568786549234
UCID0795,158925780555936113414126388127599846019,L2_3_IT,134,5135.21704931243,-3235.5579138444336
UCID0796,298471959442459711358720758615929685512,L2_3_IT,148,4592.223260449493,-3145.058949033944
UCID0797,157413687929730110491080456905142829292,L2_3_IT,322,5044.718084501941,-2330.5682657395364
UCID0798,137289132424726872250806104164043382304,L2_3_IT,369,4501.724295639003,-1968.5724064975775
UCID0799,253219918286660293267876246797352506601,L2_3_IT,181,3958.730506776065,-2964.0610194129645
UCID0800,205084089798241204306581613181649344570,L2_3_IT,119,3777.7325771550854,-3235.5579138444336
UCID0801,51827905262073580095698524817495308299,L2_3_IT,146,4411.2253308285135,-3145.058949033944
UCID0802,217175589110101384118498444794622166682,L2_3_IT,396,4863.720154880962,-1787.574476876598
UCID0803,84582624606207203564050042962942066053,L2_3_IT,305,4954.219119691452,-2421.067230550026
UCID0804,304092638100442579602328881315536548957,L2_3_IT,377,5225.716014122921,-1968.5724064975775
UCID0805,173774193578546254205737738490582341975,L2_3_IT,405,4863.720154880962,-1697.0755120661083
UCID0806,188050060449336788699555687299121931150,L2_3_IT,204,4320.726366018023,-2873.5620546024747
UCID0807,226458463065511826253701958669305244423,L2_3_IT,165,4320.726366018023,-3054.559984223454
UCID0808,201395694304419800698975011056576370151,L2_3_IT,146,4411.2253308285135,-3145.058949033944
UCID0809,128895439225780069205572845256628639402,L2_3_IT,263,4411.2253308285135,-2602.0651601710056
UCID0810,79730314242071748758043428288727596155,L2_3_IT,160,3868.231541965575,-3054.559984223454
UCID0811,301541690444015626604123284755930262395,L2_3_IT,228,4682.722225259982,-2783.063089791985
UCID0812,242512352053164719198309980445810496380,L2_3_IT,263,4411.2253308285135,-2602.0651601710056
UCID0813,281718386866940060962558065134368273281,L2_3_IT,16,4230.227401207534,-3778.551702707372
UCID0814,67020745725562266308791393316984508672,L2_3_IT,369,4501.724295639003,-1968.5724064975775
UCID0815,318225944692184755749437382324820609677,L2_3_IT,240,4049.2294715865546,-2692.5641249814953
UCID0816,123690551734546672113390226933663794691,L2_3_IT,81,3958.730506776065,-3416.555843465413
UCID0817,86747560606272402871353149049549228534,L2_3_IT,366,5316.214978933411,-2059.0713713080672
UCID0818,214054275022868103875822534224954320365,L2_3_IT,62,3958.730506776065,-3507.054808275903
UCID0819,317794137125910240359661376454280348499,L2_3_IT,198,3777.7325771550854,-2873.5620546024747
UCID0820,53216775206945859454882463625018421029,L2_3_IT,14,4049.2294715865546,-3778.551702707372
UCID0821,236798361316688162996812461031145317154,L2_3_IT,374,4954.219119691452,-1968.5724064975775
UCID0822,187185698904182467448785804344749973997,L2_3_IT,23,4863.720154880962,-3778.551702707372
UCID0823,25066424435478525240819006723857415654,L2_3_IT,106,4411.2253308285135,-3326.0568786549234
UCID0824,318422465143878214217635906524809536235,L2_3_IT,252,5135.21704931243,-2692.5641249814953
UCID0825,252909173554285990170230591032493509020,L2_3_IT,211,4954.219119691452,-2873.5620546024747
UCID0826,161135214896979562575082481900227787423,L2_3_IT,262,4320.726366018023,-2602.0651601710056
UCID0827,289599717694676375731180823945312218536,L2_3_IT,237,3777.7325771550854,-2692.5641249814953
UCID0828,48761651496216071629496459073802461640,L2_3_IT,345,4592.223260449493,-2149.570336118557
UCID0829,225365743485942347858154463261357307312,L2_3_IT,270,5044.718084501941,-2602.0651601710056
UCID0830,181469649687832053144556881233970012939,L2_3_IT,319,4773.2211900704715,-2330.5682657395364
UCID0831,199178872096861761211300264535655151995,L2_3_IT,101,3958.730506776065,-3326.0568786549234
UCID0832,191597227327816881410076386161212349416,L2_3_IT,360,4773.2211900704715,-2059.0713713080672
UCID0833,93161345876173051045269143678734284584,L2_3_IT,19,4501.724295639003,-3778.551702707372
UCID0834,253359980926044970190805961695706861534,L2_3_IT,172,4954.219119691452,-3054.559984223454
UCID0835,2201340343603051067307180304875142027,L2_3_IT,366,5316.214978933411,-2059.0713713080672
UCID0836,265923019684888939448123941614860976707,L2_3_IT,396,4863.720154880962,-1787.574476876598
UCID0837,97353491943751090886741515183116674109,L2_3_IT,28,3958.730506776065,-3688.0527378968823
UCID0838,36461652443774855672376998223112783292,L2_3_IT,44,4049.2294715865546,-3597.5537730863925
UCID0839,94647796997566013454088630542213372335,L2_3_IT,222,4139.728436397044,-2783.063089791985
UCID0840,129761531825981135232086292516201913799,L2_3_IT,141,3958.730506776065,-3145.058949033944
UCID0841,159243855812976968549212623884181313380,L2_3_IT,323,5135.21704931243,-2330.5682657395364
UCID0842,59287452538059125458697747291078082130,L2_3_IT,82,4049.2294715865546,-3416.555843465413
UCID0843,270150263748861571193935500937066722108,L2_3_IT,49,4501.724295639003,-3597.5537730863925
UCID0844,328430359376885659634914294317036115384,L2_3_IT,226,4501.724295639003,-2783.063089791985
UCID0845,8990728273654431114397837209291861861,L2_3_IT,366,5316.214978933411,-2059.0713713080672
UCID0846,199998562414308036788607811869616110518,L2_3_IT,227,4592.223260449493,-2783.063089791985
UCID0847,277490317373818554124311994648482192833,L2_3_IT,231,4954.219119691452,-2783.063089791985
UCID0848,302566370397217112202209526383029018551,L2_3_IT,161,3958.730506776065,-3054.559984223454
UCID0849,15781672030450796094495356936880004753,L2_3_IT,223,4230.227401207534,-2783.063089791985
UCID0850,150226494654285793659367348716471372631,L2_3_IT,81,3958.730506776065,-3416.555843465413
UCID0851,325062290081350265573882061497088748940,L2_3_IT,182,4049.2294715865546,-2964.0610194129645
UCID0852,26995648327062035245602576252545889866,L2_3_IT,265,4592.223260449493,-2602.0651601710056
UCID0853,238286113181483127556979060855559744537,L2_3_IT,188,4592.223260449493,-2964.0610194129645
UCID0854,218530715156511364410818548390884320640,L2_3_IT,240,4049.2294715865546,-2692.5641249814953
UCID0855,252955999213627108032678523148016277571,L2_3_IT,226,4501.724295639003,-2783.063089791985
UCID0856,190191326902612676733885702119362389564,L2_3_IT,324,5225.716014122921,-2330.5682657395364
UCID0857,142831254306962246659197951402559463600,L2_3_IT,197,3687.2336123445957,-2873.5620546024747
UCID0858,9172055369279926440147069570851566140,L2_3_IT,79,3777.7325771550854,-3416.555843465413
UCID0859,62975847516071757718090019233349930092,L2_3_IT,313,4230.227401207534,-2330.5682657395364
UCID0860,56773637341850392204113997415544469813,L2_3_IT,86,4411.2253308285135,-3416.555843465413
UCID0861,140320144017055839647620566970327569783,L2_3_IT,204,4320.726366018023,-2873.5620546024747
UCID0862,185976860185897231194980878432994114745,L2_3_IT,201,4049.2294715865546,-2873.5620546024747
UCID0863,53851391045705474716965804392149496493,L2_3_IT,306,5044.718084501941,-2421.067230550026
UCID0864,222607352023992102038206250406572619185,L2_3_IT,402,5406.7139437439,-1787.574476876598
UCID0865,56640887761620184227958507507554636882,L2_3_IT,141,3958.730506776065,-3145.058949033944
UCID0866,139125871641802736682163375317257166843,L2_3_IT,281,4411.2253308285135,-2511.566195360516
UCID0867,166496052673911528239212648496533160388,L2_3_IT,343,4411.2253308285135,-2149.570336118557
UCID0868,46789358995126556724142913253492004597,L2_3_IT,99,3777.7325771550854,-3326.0568786549234
UCID0869,125451478007804373728386002434013409810,L2_3_IT,347,4773.2211900704715,-2149.570336118557
UCID0870,113439209728530555386514806437955109942,L2_3_IT,134,5135.21704931243,-3235.5579138444336
UCID0871,178078999759883984354417661817549306241,L2_3_IT,181,3958.730506776065,-2964.0610194129645
UCID0872,11646532548157018745018409254212479212,L2_3_IT,396,4863.720154880962,-1787.574476876598
UCID0873,294377170599240995999583638047954051457,L2_3_IT,375,5044.718084501941,-1968.5724064975775
UCID0874,75013177125443662061892926958507790258,L2_3_IT,377,5225.716014122921,-1968.5724064975775
UCID0875,73156159375114670110424620346953980202,L2_3_IT,44,4049.2294715865546,-3597.5537730863925
UCID0876,230319562722546210960869064930274064320,L2_3_IT,72,4863.720154880962,-3507.054808275903
UCID0877,204911601306701675119638688472589254927,L2_3_IT,200,3958.730506776065,-2873.5620546024747
UCID0878,8112254646531772425738811836883278458,L2_3_IT,307,5135.21704931243,-2421.067230550026
UCID0879,335469249810829072842345205403075866410,L2_3_IT,188,4592.223260449493,-2964.0610194129645
UCID0880,138149667521237400394369153543513203175,L2_3_IT,313,4230.227401207534,-2330.5682657395364
UCID0881,213395964318164444516058518381270060049,Endo,395,4773.2211900704715,-1787.574476876598
UCID0882,287491984357585785748522227499062152733,Endo,284,4682.722225259982,-2511.566195360516
UCID0883,218408858856444223754439728627129090285,Endo,223,4230.227401207534,-2783.063089791985
UCID0884,334952709754252753371888849065341894557,Endo,48,4411.2253308285135,-3597.5537730863925
UCID0885,311330731194369189451864051228369474590,Endo,61,3868.231541965575,-3507.054808275903
UCID0886,274245898515141578553644918741927287113,Endo,421,5225.716014122921,-1516.0775824451289
UCID0887,184180313808287683471602552659767468940,Endo,21,4682.722225259982,-3778.551702707372
UCID0888,215832850829977784445825462263382397603,Endo,13,3958.730506776065,-3778.551702707372
UCID0889,219129970804565126718470277538041578387,Endo,422,5316.214978933411,-1516.0775824451289
UCID0890,241243823921148432307643426252604835209,Endo,325,5316.214978933411,-2330.5682657395364
UCID0891,315603458387408158758517451351820101586,Endo,40,5044.718084501941,-3688.0527378968823
UCID0892,51066623871767018716915796547117314519,Endo,37,4773.2211900704715,-3688.0527378968823
UCID0893,62880368439879109100609746951839780765,Endo,115,5225.716014122921,-3326.0568786549234
UCID0894,280503178067119983492246621615607033189,Endo,11,4411.2253308285135,-3869.0506675178617
UCID0895,208231499720966006456184765922875498471,Endo,186,4411.2253308285135,-2964.0610194129645
UCID0896,312223181741362243513086384995568348260,Endo,168,4592.223260449493,-3054.559984223454
UCID0897,225749842661313945887303388187091145617,Endo,409,5225.716014122921,-1697.0755120661083
UCID0898,258002013954395027122580890389399558730,Endo,421,5225.716014122921,-1516.0775824451289
UCID0899,335162525492296124596607587443329770966,Endo,395,4773.2211900704715,-1787.574476876598
UCID0900,70788532694521458617503912445460051113,Endo,115,5225.716014122921,-3326.0568786549234
UCID0901,15709070125236144567944186434674037939,Endo,199,3868.231541965575,-2873.5620546024747
UCID0902,208340983824218247369558115244048382234,Endo,236,5406.7139437439,-2783.063089791985
UCID0903,14201041016478385318891646438166260606,Endo,280,4320.726366018023,-2511.566195360516
UCID0904,12418151544569410378904533121899765167,Endo,45,4139.728436397044,-3597.5537730863925
UCID0905,109382406811910134529184041547678153290,Endo,252,5135.21704931243,-2692.5641249814953
UCID0906,103703910702192779099450553160452984331,Endo,274,5406.7139437439,-2602.0651601710056
UCID0907,328218389814552869624892786479155251016,Endo,404,4773.2211900704715,-1697.0755120661083
UCID0908,253613481799626646877895114276727109095,Endo,381,4501.724295639003,-1878.0734416870878
UCID0909,276324227104011655780654119919748863254,Endo,296,4139.728436397044,-2421.067230550026
UCID0910,63279835092758189724193350070293810578,Endo,168,4592.223260449493,-3054.559984223454
UCID0911,242178680939166814431114948449251385859,Endo,111,4863.720154880962,-3326.0568786549234
UCID0912,201247109035124585862934629145722365435,Endo,21,4682.722225259982,-3778.551702707372
UCID0913,93900822881678626267683024419438054249,Endo,347,4773.2211900704715,-2149.570336118557
UCID0914,180640455273787425705238493047661649224,Endo,159,3777.7325771550854,-3054.559984223454
UCID0915,173586914561174342920452395547758602262,Endo,349,4954.219119691452,-2149.570336118557
UCID0916,115207245798983393520041199638992234484,Endo,162,4049.2294715865546,-3054.559984223454
UCID0917,75408334422055300300917859154442936723,Endo,236,5406.7139437439,-2783.063089791985
UCID0918,279979416282968822179318731926486693005,Endo,98,3687.2336123445957,-3326.0568786549234
UCID0919,170228977601036858881605752172636775132,Endo,342,4320.726366018023,-2149.570336118557
UCID0920,48286280350719361737785190270714541488,Endo,49,4501.724295639003,-3597.5537730863925
UCID0921,12835320469296718020590254016360469913,Endo,109,4682.722225259982,-3326.0568786549234
UCID0922,5876912759483530851771988597941947829,Endo,50,4592.223260449493,-3597.5537730863925
UCID0923,27466517342085052320462626029382603688,Endo,234,5225.716014122921,-2783.063089791985
UCID0924,224189319080822916303464218325020674846,Endo,88,4592.223260449493,-3416.555843465413
UCID0925,165551918544673864055630452992100348297,Endo,314,4320.726366018023,-2330.5682657395364
UCID0926,76715736342052163236953604769923845015,Endo,148,4592.223260449493,-3145.058949033944
UCID0927,86841685104812916219280199568749983859,Endo,379,5406.7139437439,-1968.5724064975775
UCID0928,250840081896112867927265216325476078990,Endo,45,4139.728436397044,-3597.5537730863925
UCID0929,70942292763404686094600311632141273527,Endo,200,3958.730506776065,-2873.5620546024747
UCID0930,118706987756990618876474764884671471212,Endo,186,4411.2253308285135,-2964.0610194129645
UCID0931,45992141345549724408935557328546357942,Endo,168,4592.223260449493,-3054.559984223454
UCID0932,132544656397985574932049726542079949989,Endo,261,4230.227401207534,-2602.0651601710056
UCID0933,39968333228440872087830461588417352727,Endo,167,4501.724295639003,-3054.559984223454
UCID0934,60460795759250428239083794072742833588,Endo,255,5406.7139437439,-2692.5641249814953
UCID0935,121637746521075695239197511690585557064,Endo,358,4592.223260449493,-2059.0713713080672
UCID0936,235179261387429186353097086080758562106,Endo,392,4501.724295639003,-1787.574476876598
UCID0937,160450920158094192212434831005373129755,Endo,108,4592.223260449493,-3326.0568786549234
UCID0938,301763911348283020309089169989980052765,Endo,15,4139.728436397044,-3778.551702707372
UCID0939,148251941362464931817088648863994266071,Endo,61,3868.231541965575,-3507.054808275903
UCID0940,198735278659404991997368165229289458314,Endo,108,4592.223260449493,-3326.0568786549234
UCID0941,114954114160031191155250063507531424616,Endo,294,3958.730506776065,-2421.067230550026
UCID0942,336298522699928668702378665821125387247,Endo,29,4049.2294715865546,-3688.0527378968823
UCID0943,8615315012369758870431631047863196539,Endo,1,3777.7325771550854,-3959.5496323283514
UCID0944,23721245685845181367112225343254547106,Endo,235,5316.214978933411,-2783.063089791985
UCID0945,198890784367098031691676795836731533801,Endo,75,5135.21704931243,-3507.054808275903
UCID0946,310240098786577865043187119300914727547,Endo,138,3687.2336123445957,-3145.058949033944
UCID0947,8589110829399230462386761163445569194,Endo,186,4411.2253308285135,-2964.0610194129645
UCID0948,257969625995596887266873555960935940794,Endo,260,4139.728436397044,-2602.0651601710056
UCID0949,233402111620024832097826343821252827295,Endo,213,5135.21704931243,-2873.5620546024747
UCID0950,228113516253457842504898550472199586557,Endo,170,4773.2211900704715,-3054.559984223454
UCID0951,220880648475338271384213185180650692724,Endo,347,4773.2211900704715,-2149.570336118557
UCID0952,221287263377554000188346545076614450309,Endo,78,5406.7139437439,-3507.054808275903
UCID0953,131095127329615219991672306389093138258,Endo,167,4501.724295639003,-3054.559984223454
UCID0954,189997075325166878170449514783438824730,Endo,143,4139.728436397044,-3145.058949033944
UCID0955,262469642952090022952746938203740630169,Endo,48,4411.2253308285135,-3597.5537730863925
UCID0956,300568424884585728545256251488686292584,Endo,395,4773.2211900704715,-1787.574476876598
UCID0957,51420915387624064759526835013060427562,Endo,210,4863.720154880962,-2873.5620546024747
UCID0958,262839955849246306869973379229866379100,Endo,170,4773.2211900704715,-3054.559984223454
UCID0959,292490070617045832373451305767992737084,Endo,394,4682.722225259982,-1787.574476876598
UCID0960,36127497459277715547960418483498628537,Endo,68,4501.724295639003,-3507.054808275903
UCID0961,151482363565431761197260568380330558177,Endo,174,5135.21704931243,-3054.559984223454
UCID0962,266111039009987702750430474342244560245,Endo,404,4773.2211900704715,-1697.0755120661083
UCID0963,305992938988787265072038127886708488528,Endo,159,3777.7325771550854,-3054.559984223454
UCID0964,83242851673025742514814174394077284532,Endo,108,4592.223260449493,-3326.0568786549234
UCID0965,85829600109325487652960643786906079142,Endo,408,5135.21704931243,-1697.0755120661083
UCID0966,315594954164691620481635618685244050728,Endo,45,4139.728436397044,-3597.5537730863925
UCID0967,83575675244206056972028986175819036629,Endo,236,5406.7139437439,-2783.063089791985
UCID0968,116983241286801700543547386877475573556,Endo,171,4863.720154880962,-3054.559984223454
UCID0969,334318697460245615522550178574056441099,Endo,48,4411.2253308285135,-3597.5537730863925
UCID0970,166621261118498141965590493893580590179,Endo,15,4139.728436397044,-3778.551702707372
UCID0971,273507613964489287608158375662699043941,Endo,387,5044.718084501941,-1878.0734416870878
UCID0972,251289450639375330052491307675293591428,Endo,243,4320.726366018023,-2692.5641249814953
UCID0973,267982373376885475342999886587117811519,Endo,358,4592.223260449493,-2059.0713713080672
UCID0974,273713996206082330949245030884500789325,Endo,45,4139.728436397044,-3597.5537730863925
UCID0975,51931704285670065392534724845630933105,Endo,129,4682.722225259982,-3235.5579138444336
UCID0976,162905199865858550220380318262052177172,Endo,253,5225.716014122921,-2692.5641249814953
UCID0977,147833190640958185205249684031057179627,Endo,219,3868.231541965575,-2783.063089791985
UCID0978,124338234653438447210079096085062716176,Endo,142,4049.2294715865546,-3145.058949033944
UCID0979,139665327729831356473344016215073920568,Endo,42,3868.231541965575,-3597.5537730863925
UCID0980,63364078792618240578188186949606446965,Endo,402,5406.7139437439,-1787.574476876598
UCID0981,152202880394483730470094936720339834712,Endo,376,5135.21704931243,-1968.5724064975775
UCID0982,299945493493757233519050731778320049647,Endo,387,5044.718084501941,-1878.0734416870878
UCID0983,77096847598558803714521214220405175008,Endo,330,4411.2253308285135,-2240.0693009290467
UCID0984,312628602986422503759470887351809847747,Endo,49,4501.724295639003,-3597.5537730863925
UCID0985,112755223110812635317903390075300828323,Endo,286,4863.720154880962,-2511.566195360516
UCID0986,114151134694758258360988203476491586583,Endo,243,4320.726366018023,-2692.5641249814953
UCID0987,72039055564499499943602451890126961714,Endo,334,4773.2211900704715,-2240.0693009290467
UCID0988,76313775297691169455159680913210029075,Endo,405,4863.720154880962,-1697.0755120661083
UCID0989,290213033972584748292311437516354026662,Endo,192,4954.219119691452,-2964.0610194129645
UCID0990,224214144429845098744699287965438638273,Endo,422,5316.214978933411,-1516.0775824451289
UCID0991,8946334352239013791729718638297861805,Endo,358,4592.223260449493,-2059.0713713080672
UCID0992,223709049141247281642973185960473875462,Endo,167,4501.724295639003,-3054.559984223454
UCID0993,194154344107903921784826968028782716295,Endo,299,4411.2253308285135,-2421.067230550026
UCID0994,124786785583974390716060308010417960540,Endo,159,3777.7325771550854,-3054.559984223454
UCID0995,178724595871406428054557696719455396499,Endo,180,3868.231541965575,-2964.0610194129645
UCID0996,112313649661708605822521386746740287770,Endo,358,4592.223260449493,-2059.0713713080672
UCID0997,132622909422972733242202622727261771701,Endo,115,5225.716014122921,-3326.0568786549234
UCID0998,230032870817219677532302135997060307300,Endo,248,4773.2211900704715,-2692.5641249814953
UCID0999,111184577057130200324216658656041801044,Endo,29,4049.2294715865546,-3688.0527378968823
UCID1000,98216088586577108491455502912952609560,Endo,197,3687.2336123445957,-2873.5620546024747
UCID1001,259530709553628451855015711706154177428,Endo,0,3687.2336123445957,-3959.5496323283514
UCID1002,298744185796351169139432523602288927269,Endo,300,4501.724295639003,-2421.067230550026
UCID1003,204142754575369218457141593176909446914,Endo,171,4863.720154880962,-3054.559984223454
UCID1004,276285561422233499410271616977901682690,Endo,395,4773.2211900704715,-1787.574476876598
UCID1005,264786303566596559582215132716848054049,Endo,274,5406.7139437439,-2602.0651601710056
UCID1006,213597311681871331428056655394414929317,Endo,270,5044.718084501941,-2602.0651601710056
UCID1007,108130648943528456533306131182053429367,Endo,120,3868.231541965575,-3235.5579138444336
UCID1008,271555973661006562470339208339163527213,Endo,61,3868.231541965575,-3507.054808275903
UCID1009,228116355723390213054229029184108428294,Endo,170,4773.2211900704715,-3054.559984223454
UCID1010,198213625043257959596914570610640865659,L6_IT,19,4501.724295639003,-3778.551702707372
UCID1011,131173521670707026289422285992546564355,L6_IT,131,4863.720154880962,-3235.5579138444336
UCID1012,186734366997824387844791207403605919305,L6_IT,246,4592.223260449493,-2692.5641249814953
UCID1013,78065369659146422370699319561944718792,L6_IT,65,4230.227401207534,-3507.054808275903
UCID1014,214693493892429160817300210073810872628,L6_IT,78,5406.7139437439,-3507.054808275903
UCID1015,128177390045670731645928011077779114911,L6_IT,280,4320.726366018023,-2511.566195360516
UCID1016,211113645107184388479762430063405984937,L6_IT,301,4592.223260449493,-2421.067230550026
UCID1017,108247769055600468603420402873711784184,L6_IT,326,5406.7139437439,-2330.5682657395364
UCID1018,231984703913300024603294746858875156742,L6_IT,306,5044.718084501941,-2421.067230550026
UCID1019,119080383610612892008204002763244643534,L6_IT,196,5406.7139437439,-2964.0610194129645
UCID1020,54251051293314135473163341287493081797,L6_IT,35,4592.223260449493,-3688.0527378968823
UCID1021,191720279299462916022077097245038763861,L6_IT,196,5406.7139437439,-2964.0610194129645
UCID1022,21159812161172051557102091077481060900,L6_IT,83,4139.728436397044,-3416.555843465413
UCID1023,55925060926892433601062215652656330079,L6_IT,322,5044.718084501941,-2330.5682657395364
UCID1024,140816985478972499605993204218464799509,L6_IT,287,4954.219119691452,-2511.566195360516
UCID1025,88033232737921621944592743287489192313,L6_IT,237,3777.7325771550854,-2692.5641249814953
UCID1026,76051071152643147956826838982974290303,L6_IT,151,4863.720154880962,-3145.058949033944
UCID1027,230270330120468777438605033062928657704,L6_IT,90,4773.2211900704715,-3416.555843465413
UCID1028,79191325420242394150060588310922124348,L6_IT,29,4049.2294715865546,-3688.0527378968823
UCID1029,138287141698054808167638614914838410455,L6_IT,87,4501.724295639003,-3416.555843465413
UCID1030,38821315108230545687537938290766076975,L6_IT,239,3958.730506776065,-2692.5641249814953
UCID1031,93015357153518766280845729581974833342,L6_IT,298,4320.726366018023,-2421.067230550026
UCID1032,132356559347640334850146422386818142617,L6_IT,163,4139.728436397044,-3054.559984223454
UCID1033,249437330310484278828813402948521920624,L6_IT,351,5135.21704931243,-2149.570336118557
UCID1034,184926217177507947632480922079846164355,L6_IT,60,3777.7325771550854,-3507.054808275903
UCID1035,28145554636502990659999474516407890074,L6_IT,385,4863.720154880962,-1878.0734416870878
UCID1036,300224330881332225619705765934303555824,L6_IT,284,4682.722225259982,-2511.566195360516
UCID1037,167972599284621293278076646649643337963,L6_IT,113,5044.718084501941,-3326.0568786549234
UCID1038,215133026438058914197782421312595367010,L6_IT,250,4954.219119691452,-2692.5641249814953
UCID1039,217947253558182290866508739281026411746,L6_IT,254,5316.214978933411,-2692.5641249814953
UCID1040,284582639580979683626268482197759582129,L6_IT,307,5135.21704931243,-2421.067230550026
UCID1041,235974904872121963210086047062946277671,L6_IT,182,4049.2294715865546,-2964.0610194129645
UCID1042,312732679723884152085714121451360083963,L6_IT,272,5225.716014122921,-2602.0651601710056
UCID1043,273955815259728454979786113558395759922,L6_IT,299,4411.2253308285135,-2421.067230550026
UCID1044,134070245838579574964018942956326334547,L6_IT,73,4954.219119691452,-3507.054808275903
UCID1045,83249408615813980678666663382404587175,L6_IT,250,4954.219119691452,-2692.5641249814953
UCID1046,337571029875769301777104816773112431906,L6_IT,357,4501.724295639003,-2059.0713713080672
UCID1047,261152720309007448297973604103576121610,L6_IT,346,4682.722225259982,-2149.570336118557
UCID1048,291734188121006371521205060951652788097,L6_IT,34,4501.724295639003,-3688.0527378968823
UCID1049,301373572180622328183479670718868429225,L6_IT,280,4320.726366018023,-2511.566195360516
UCID1050,51465575480785529099805657596851154856,L6_IT,341,5406.7139437439,-2240.0693009290467
UCID1051,311800760096723421912307659827730964924,L6_IT,190,4773.2211900704715,-2964.0610194129645
UCID1052,45695190155157529328513834005018605684,L6_IT,367,5406.7139437439,-2059.0713713080672
UCID1053,291660058548935402229311462097571587542,L6_IT,188,4592.223260449493,-2964.0610194129645
UCID1054,294821800702651936752488521826665323729,L6_IT,212,5044.718084501941,-2873.5620546024747
UCID1055,107802237776262924622108783783453539430,L6_IT,182,4049.2294715865546,-2964.0610194129645
UCID1056,207587095599700590747410972254990085129,L6_IT,140,3868.231541965575,-3145.058949033944
UCID1057,151420631058538969954800395926267940205,L6_IT,212,5044.718084501941,-2873.5620546024747
UCID1058,163880578164653317451016455770981164615,L6_IT,369,4501.724295639003,-1968.5724064975775
UCID1059,227945792312821911975742933884403329669,L6_IT,364,5135.21704931243,-2059.0713713080672
UCID1060,233947640191834885986481604772351681180,L6_IT,254,5316.214978933411,-2692.5641249814953
UCID1061,50280593810005486681834027688063666078,L6_IT,107,4501.724295639003,-3326.0568786549234
UCID1062,94876635415898612122883727881631621221,L6_IT,92,4954.219119691452,-3416.555843465413
UCID1063,81852874967837550190161655554667358128,L6_IT,112,4954.219119691452,-3326.0568786549234
UCID1064,242330981076303939800066078596910906916,L6_IT,215,5316.214978933411,-2873.5620546024747
UCID1065,221067078950676701346024772494307314705,L6_IT,128,4592.223260449493,-3235.5579138444336
UCID1066,140088214501355637828178979569039522166,L6_IT,80,3868.231541965575,-3416.555843465413
UCID1067,308653787516734210803394793367859927636,L6_IT,375,5044.718084501941,-1968.5724064975775
UCID1068,12166885478489247987572197996870595112,L6_IT,166,4411.2253308285135,-3054.559984223454
UCID1069,114331788353756305922838715143844698387,L6_IT,195,5225.716014122921,-2964.0610194129645
UCID1070,210056027000065219195417921920578984123,L6_IT,90,4773.2211900704715,-3416.555843465413
UCID1071,293935255372176129837992885638438032851,L6_IT,304,4863.720154880962,-2421.067230550026
UCID1072,85383805187674871104038893663248370414,L6_IT,227,4592.223260449493,-2783.063089791985
UCID1073,248984141029010454230533233453483750754,L6_IT,262,4320.726366018023,-2602.0651601710056
UCID1074,336745312878757122264736632214515402711,L6_IT,242,4230.227401207534,-2692.5641249814953
UCID1075,213835195353110468570082390828093111488,L6_IT,411,5406.7139437439,-1697.0755120661083
UCID1076,221922546847349187943983874364753097482,L6_IT,184,4230.227401207534,-2964.0610194129645
UCID1077,98610578107576463609855385546787853666,L6_IT,308,5225.716014122921,-2421.067230550026
UCID1078,78316608495914626679815160798135348252,L6_IT,329,4320.726366018023,-2240.0693009290467
UCID1079,40864215757036182758767523690698407035,L6_IT,175,5225.716014122921,-3054.559984223454
UCID1080,66457520728060092105493853692873852151,L6_IT,75,5135.21704931243,-3507.054808275903
UCID1081,103384017201440493716854958896156052945,L6_IT,70,4682.722225259982,-3507.054808275903
UCID1082,88921457040482781341968534156566904966,L6_IT,189,4682.722225259982,-2964.0610194129645
UCID1083,139929584725955040142905611052409253990,L6_IT,271,5135.21704931243,-2602.0651601710056
UCID1084,149746335147921050340015368952495285959,L6_IT,361,4863.720154880962,-2059.0713713080672
UCID1085,328771595223177814881967966055139728883,L6_IT,332,4592.223260449493,-2240.0693009290467
UCID1086,324744532239545026025730663033670944262,L6_IT,318,4682.722225259982,-2330.5682657395364
UCID1087,59001510294681348999005278802979928467,L6_IT,399,5135.21704931243,-1787.574476876598
UCID1088,302459778732112774006775385059922442949,L6_IT,151,4863.720154880962,-3145.058949033944
UCID1089,12174550406232682908867923831494201640,L6_IT,410,5316.214978933411,-1697.0755120661083
UCID1090,261684568127439963435115954830982324244,L6_IT,91,4863.720154880962,-3416.555843465413
UCID1091,200081192254340263185863934094503691128,L6_IT,268,4863.720154880962,-2602.0651601710056
UCID1092,27085943953448190440231171619730034906,L6_IT,357,4501.724295639003,-2059.0713713080672
UCID1093,26249406474856550920722480046987247111,L6_IT,66,4320.726366018023,-3507.054808275903
UCID1094,225544501205292915195021777220066993953,L6_IT,353,5316.214978933411,-2149.570336118557
UCID1095,80355141737723280157129063774398600734,L6_IT,24,4954.219119691452,-3778.551702707372
UCID1096,127094053287676404695599174449456918095,L6_IT,100,3868.231541965575,-3326.0568786549234
UCID1097,89339368926080589301196552799497153967,L6_IT,116,5316.214978933411,-3326.0568786549234
UCID1098,140819131600611544530604592964842154145,L6_IT,196,5406.7139437439,-2964.0610194129645
UCID1099,117728794824014836263669457382888967555,L6_IT,182,4049.2294715865546,-2964.0610194129645
UCID1100,320346160518300421190005591092198193054,L6_IT,46,4230.227401207534,-3597.5537730863925
UCID1101,275852314834663115091461856107096680818,L6_IT,282,4501.724295639003,-2511.566195360516
UCID1102,95652336785810522488001563115627752491,L6_IT,388,5135.21704931243,-1878.0734416870878
UCID1103,67826780197371452970953188621853119692,L6_IT,80,3868.231541965575,-3416.555843465413
UCID1104,62167500454756673711891516924610509336,L6_IT,126,4411.2253308285135,-3235.5579138444336
UCID1105,224717509936687511578334361637925215823,L6_IT,398,5044.718084501941,-1787.574476876598
UCID1106,43589869345378068773814457859505862108,L6_IT,128,4592.223260449493,-3235.5579138444336
UCID1107,240838428695791274952619776797830247398,L6_IT,90,4773.2211900704715,-3416.555843465413
UCID1108,211157546209164943244152141370106753746,L6_IT,136,5316.214978933411,-3235.5579138444336
UCID1109,180386200082036859557614918386114388584,L6_IT,193,5044.718084501941,-2964.0610194129645
UCID1110,329437879853134165621284851553148489923,L6_IT,205,4411.2253308285135,-2873.5620546024747
UCID1111,15543515469745209968374455812638222384,L6_IT,352,5225.716014122921,-2149.570336118557
UCID1112,198101368468756760025832154825229003840,L6_IT,196,5406.7139437439,-2964.0610194129645
UCID1113,324389328945279955741012189265264447862,L6_IT,52,4773.2211900704715,-3597.5537730863925
UCID1114,94776655755704746313257172287367611424,L6_IT,302,4682.722225259982,-2421.067230550026
UCID1115,105152267502956405986163481251877765161,L6_IT,149,4682.722225259982,-3145.058949033944
UCID1116,122204043600856347361635064268004173390,L6_IT,351,5135.21704931243,-2149.570336118557
UCID1117,339749271312795885174477466062328391565,L6_IT,357,4501.724295639003,-2059.0713713080672
UCID1118,21845482283247894564227581426492103612,L6_IT,102,4049.2294715865546,-3326.0568786549234
UCID1119,135861144701718812801630008340538058841,L6_IT,154,5135.21704931243,-3145.058949033944
UCID1120,203149058877563763102685255560189139756,L6_IT,53,4863.720154880962,-3597.5537730863925
UCID1121,338279874147970402311020272607661217788,L6_IT,222,4139.728436397044,-2783.063089791985
UCID1122,296329591428298353481026936338248956675,L6_IT,140,3868.231541965575,-3145.058949033944
UCID1123,98529274344877757705333613558886053423,L6_IT,300,4501.724295639003,-2421.067230550026
UCID1124,90116950998178256964090902079006834856,L6_IT,314,4320.726366018023,-2330.5682657395364
UCID1125,63948169881689838995804684330474647734,L6_IT,163,4139.728436397044,-3054.559984223454
UCID1126,299896025876829258288328794165822081240,L6_IT,67,4411.2253308285135,-3507.054808275903
UCID1127,211272710546064638022840462906617114902,L6_IT,64,4139.728436397044,-3507.054808275903
UCID1128,107624669841857750247431772682217706748,L6_IT,166,4411.2253308285135,-3054.559984223454
UCID1129,322454473907844694895633224900768982635,L6_IT,385,4863.720154880962,-1878.0734416870878
UCID1130,333964878271387050559510441946593592970,L6_IT,118,3687.2336123445957,-3235.5579138444336
UCID1131,326497703193587419597696026707875019940,L6_IT,55,5044.718084501941,-3597.5537730863925
UCID1132,263089893791774833628409505156449936414,L6_IT,126,4411.2253308285135,-3235.5579138444336
UCID1133,47657558672574819601749976742281547207,L6_IT,32,4320.726366018023,-3688.0527378968823
UCID1134,223908599423532678811057473210073613207,L6_IT,333,4682.722225259982,-2240.0693009290467
UCID1135,118003785217998921016596528015473403147,L6_IT,241,4139.728436397044,-2692.5641249814953
UCID1136,57649356934609308165063085376432594981,L6_IT,357,4501.724295639003,-2059.0713713080672
UCID1137,56750478732583834719576012760799211737,L6_IT,354,5406.7139437439,-2149.570336118557
UCID1138,90760042430234664537801834942423973249,L6_IT,245,4501.724295639003,-2692.5641249814953
UCID1139,33166114168583182681174519809116681527,L6_IT,101,3958.730506776065,-3326.0568786549234
UCID1140,207535518960334888801102785139325249120,L6_IT,332,4592.223260449493,-2240.0693009290467
UCID1141,195626776614757307326640499452801305288,L6_IT,71,4773.2211900704715,-3507.054808275903
UCID1142,214445285775570238218486684621394568582,L6_IT,165,4320.726366018023,-3054.559984223454
UCID1143,111328249218611628153323535990705879541,L6_IT,309,5316.214978933411,-2421.067230550026
UCID1144,109617165670180072518073072269912764174,L6_IT,383,4682.722225259982,-1878.0734416870878
UCID1145,135801044878645608910953902482812496426,L6_IT,135,5225.716014122921,-3235.5579138444336
UCID1146,249511231695679123239189531729218730693,L6_IT,92,4954.219119691452,-3416.555843465413
UCID1147,128360801960150645011371818924366018263,L6_IT,131,4863.720154880962,-3235.5579138444336
UCID1148,189099241724823160680287295458422188020,L6_IT,402,5406.7139437439,-1787.574476876598
UCID1149,175923486649405069463163666172073687998,L6_IT,14,4049.2294715865546,-3778.551702707372
UCID1150,321670291181375887888849487745453784611,L6_IT,239,3958.730506776065,-2692.5641249814953
UCID1151,209541188594982688027608829642693552412,L6_IT,271,5135.21704931243,-2602.0651601710056
UCID1152,16121711737401734719241511694564471367,L6_IT,82,4049.2294715865546,-3416.555843465413
UCID1153,287300892240472326478221208137625604492,L6_IT,190,4773.2211900704715,-2964.0610194129645
UCID1154,144656016884135430462435691655077747887,L6_IT,73,4954.219119691452,-3507.054808275903
UCID1155,64627648917852529854653472909503784920,L6_IT,182,4049.2294715865546,-2964.0610194129645
UCID1156,133108411206281597105888584651835104020,L6_IT,151,4863.720154880962,-3145.058949033944
UCID1157,292041221267415814616543848152101003870,L6_IT,308,5225.716014122921,-2421.067230550026
UCID1158,186713512719224090301182787622569373320,L6_IT,52,4773.2211900704715,-3597.5537730863925
UCID1159,139209117985135755856051719096187961538,L6_IT,239,3958.730506776065,-2692.5641249814953
UCID1160,171933787837892598448669903471638926133,L6_IT,228,4682.722225259982,-2783.063089791985
UCID1161,179121537071072111152381053326650176605,L6_IT,72,4863.720154880962,-3507.054808275903
UCID1162,159137671286382559420641183854654839849,L6_IT,287,4954.219119691452,-2511.566195360516
UCID1163,37197830761931438027541823991447602340,L6_IT,385,4863.720154880962,-1878.0734416870878
UCID1164,37554856667165669508130985073729968528,L6_IT,254,5316.214978933411,-2692.5641249814953
UCID1165,182467940712223182865256247332589477140,L6_IT,163,4139.728436397044,-3054.559984223454
UCID1166,23637984200108223663468102262480343413,L6_IT,24,4954.219119691452,-3778.551702707372
UCID1167,264644324638626412256901243971132841416,L6_IT,310,5406.7139437439,-2421.067230550026
UCID1168,255491895498279862840733689938960694433,L6_IT,151,4863.720154880962,-3145.058949033944
UCID1169,70545131201123808446212593506281441593,L6_IT,352,5225.716014122921,-2149.570336118557
UCID1170,102500510899266198503869053721430715211,L6_IT,399,5135.21704931243,-1787.574476876598
UCID1171,161412301727857468026043637602289047796,L6_IT,343,4411.2253308285135,-2149.570336118557
UCID1172,221478355784733527080821371426436380101,L6_IT,411,5406.7139437439,-1697.0755120661083
UCID1173,105525767171112837661148829982548287983,L6_IT,180,3868.231541965575,-2964.0610194129645
UCID1174,82176978096059561385591866615507158122,L6_IT,176,5316.214978933411,-3054.559984223454
UCID1175,150093349949505953578593464003578865155,L6_IT,195,5225.716014122921,-2964.0610194129645
UCID1176,17854142999585242835240171087359128500,L6_IT,120,3868.231541965575,-3235.5579138444336
UCID1177,58052824627518515696963422403369833723,L6_IT,239,3958.730506776065,-2692.5641249814953
UCID1178,163203005756551159184045162471167638296,L6_IT,175,5225.716014122921,-3054.559984223454
UCID1179,145327556901793179283296565635943085690,L6_IT,288,5044.718084501941,-2511.566195360516
UCID1180,279224213807879448694406246530583802973,L6_IT,112,4954.219119691452,-3326.0568786549234
UCID1181,256914870052186642253707393891321893349,Sst,343,4411.2253308285135,-2149.570336118557
UCID1182,116822605181254088930411411515437326892,Sst,365,5225.716014122921,-2059.0713713080672
UCID1183,230693205028515022710299550628060390817,Sst,253,5225.716014122921,-2692.5641249814953
UCID1184,93119081411334935341259672959433804264,Sst,117,5406.7139437439,-3326.0568786549234
UCID1185,277658330092115990293249642369926906587,Sst,74,5044.718084501941,-3507.054808275903
UCID1186,101514388755449993173560206320331861974,Sst,269,4954.219119691452,-2602.0651601710056
UCID1187,174151588219799364818621068793576448369,Sst,243,4320.726366018023,-2692.5641249814953
UCID1188,214930216991578803163892348439274895832,Sst,57,5225.716014122921,-3597.5537730863925
UCID1189,335480852102711146748718048869773250837,Sst,33,4411.2253308285135,-3688.0527378968823
UCID1190,334251161003811280904711009226813039135,Sst,7,4049.2294715865546,-3869.0506675178617
UCID1191,325769396487629197216855454824542533413,Sst,365,5225.716014122921,-2059.0713713080672
UCID1192,86121827312104042479298548186204818825,Sst,88,4592.223260449493,-3416.555843465413
UCID1193,303710976367169354434144367816433026256,Sst,249,4863.720154880962,-2692.5641249814953
UCID1194,14875063427411396832594584258365770278,Sst,65,4230.227401207534,-3507.054808275903
UCID1195,82438644630937538106766842687517831262,Sst,53,4863.720154880962,-3597.5537730863925
UCID1196,295306553286479321734977984642071705198,Sst,25,5044.718084501941,-3778.551702707372
UCID1197,49471701974759353799840271410210820529,Sst,122,4049.2294715865546,-3235.5579138444336
UCID1198,220307121597002948096002730123888006614,Sst,249,4863.720154880962,-2692.5641249814953
UCID1199,70889030316176832518674411673924677981,Sst,122,4049.2294715865546,-3235.5579138444336
UCID1200,75855752473931223170900509180785388444,Sst,25,5044.718084501941,-3778.551702707372
UCID1201,311055107651035232356643149119085799091,Sst,283,4592.223260449493,-2511.566195360516
UCID1202,304464456051670615398987457263084516530,Sst,7,4049.2294715865546,-3869.0506675178617
UCID1203,207935688956550537031031900467415002100,Sst,173,5044.718084501941,-3054.559984223454
UCID1204,297216878879383288851750935497133674232,Sst,324,5225.716014122921,-2330.5682657395364
UCID1205,251442854108499607526991094318932521207,Sst,249,4863.720154880962,-2692.5641249814953
UCID1206,49185521603949705040761727099809140078,Sst,249,4863.720154880962,-2692.5641249814953
UCID1207,297146823971783170717261275453081915061,Sst,41,3777.7325771550854,-3597.5537730863925
UCID1208,8003916518477230270989905396902042571,Sst,283,4592.223260449493,-2511.566195360516
UCID1209,317804637553361253671336425701013875137,Sst,303,4773.2211900704715,-2421.067230550026
UCID1210,324469615723027345805448913684726947594,Sst,386,4954.219119691452,-1878.0734416870878
UCID1211,31252905070203151062365630603901020099,Sst,301,4592.223260449493,-2421.067230550026
UCID1212,217033356160606974628699973411024640807,Sst,277,4049.2294715865546,-2511.566195360516
UCID1213,273581048790800710889803730909905423265,Sst,269,4954.219119691452,-2602.0651601710056
UCID1214,60099018099229619112324925120950650270,Sst,25,5044.718084501941,-3778.551702707372
UCID1215,149066921067390942831188720337426613769,Sst,90,4773.2211900704715,-3416.555843465413
UCID1216,291808328942876871577495855328702604360,Sst,208,4682.722225259982,-2873.5620546024747
UCID1217,260525610771320133779146256885304829416,Sst,79,3777.7325771550854,-3416.555843465413
UCID1218,313959042986598934470494321653759247587,Sst,205,4411.2253308285135,-2873.5620546024747
UCID1219,150545603145631256867174203963228198496,Sst,117,5406.7139437439,-3326.0568786549234
UCID1220,34249626295807468056873808923396723994,Sst,183,4139.728436397044,-2964.0610194129645
UCID1221,162849485866403490962525325411640330650,Sst,206,4501.724295639003,-2873.5620546024747
UCID1222,199069983525784173133884734336398473641,Sst,364,5135.21704931243,-2059.0713713080672
UCID1223,105018458557167169914316082564072308694,Sst,124,4230.227401207534,-3235.5579138444336
UCID1224,99778991571303589367487716650245967462,Sst,139,3777.7325771550854,-3145.058949033944
UCID1225,108204360339405890312590214638901529689,Sst,25,5044.718084501941,-3778.551702707372
UCID1226,244625827504251768614672821690212670479,Sst,7,4049.2294715865546,-3869.0506675178617
UCID1227,256505509771725176392364417238242712617,Sst,184,4230.227401207534,-2964.0610194129645
UCID1228,250841668429572516494481990838496695245,Sst,247,4682.722225259982,-2692.5641249814953
UCID1229,339451430064988362340489186278672623189,Sst,290,5225.716014122921,-2511.566195360516
UCID1230,105263668150168837112863311590313411862,Sst,53,4863.720154880962,-3597.5537730863925
UCID1231,330647656899991482525139806464133169756,Sst,73,4954.219119691452,-3507.054808275903
UCID1232,99311240725809494571618850030181466325,Sst,303,4773.2211900704715,-2421.067230550026
UCID1233,284544957295596105329724527109444940761,Sst,386,4954.219119691452,-1878.0734416870878
UCID1234,286050467231111105355962048953981439260,Sst,386,4954.219119691452,-1878.0734416870878
UCID1235,33260383032633677065157851324497170665,Sst,185,4320.726366018023,-2964.0610194129645
UCID1236,74474569179184043742610000891553286467,Sst,365,5225.716014122921,-2059.0713713080672
UCID1237,83875671317225851252029500465398783885,Sst,157,5406.7139437439,-3145.058949033944
UCID1238,48375062369893337622353199010532457899,Sst,237,3777.7325771550854,-2692.5641249814953
UCID1239,191117536559668570057755097079764166502,Sst,122,4049.2294715865546,-3235.5579138444336
UCID1240,257132415861351162266276828374522024844,Sst,93,5044.718084501941,-3416.555843465413
UCID1241,250614604468139370963450244912545739575,Sst,390,5316.214978933411,-1878.0734416870878
UCID1242,332285504202232408926947034601651706022,Sst,337,5044.718084501941,-2240.0693009290467
UCID1243,170170137721097253672522112448135292416,Sst,340,5316.214978933411,-2240.0693009290467
UCID1244,51576056118893052001897165803081760317,Sst,94,5135.21704931243,-3416.555843465413
UCID1245,80630075919359923364501449824553582977,Sst,201,4049.2294715865546,-2873.5620546024747
UCID1246,195012438597967270486388054062790342369,Sst,269,4954.219119691452,-2602.0651601710056
UCID1247,168216847524838670721601255290069053850,Sst,363,5044.718084501941,-2059.0713713080672
UCID1248,315516358443167933285512358211553889027,Sst,261,4230.227401207534,-2602.0651601710056
UCID1249,95480479382363631283332114070004604908,Sst,337,5044.718084501941,-2240.0693009290467
UCID1250,121343170040678040297090279110370185827,Sst,390,5316.214978933411,-1878.0734416870878
UCID1251,24532937870705196536845692362634650251,Sst,38,4863.720154880962,-3688.0527378968823
UCID1252,168426586339755414157528292525946146214,Sst,303,4773.2211900704715,-2421.067230550026
UCID1253,146527831841678074952447720312486355264,L5_ET,248,4773.2211900704715,-2692.5641249814953
UCID1254,265836698952083559255003528371106899756,L5_ET,229,4773.2211900704715,-2783.063089791985
UCID1255,99702068459277783182220371956699162352,L5_ET,315,4411.2253308285135,-2330.5682657395364
UCID1256,108782742060644928554004549985743390995,L5_ET,18,4411.2253308285135,-3778.551702707372
UCID1257,164828819319219504310623981690497679505,L5_ET,176,5316.214978933411,-3054.559984223454
UCID1258,206611320507661359258959764641991390692,L5_ET,286,4863.720154880962,-2511.566195360516
UCID1259,242672293992217987263489363454953556624,L5_ET,23,4863.720154880962,-3778.551702707372
UCID1260,14316679271120027461336997607589733902,L5_ET,208,4682.722225259982,-2873.5620546024747
UCID1261,320216916350253433547542052889889035493,L5_ET,18,4411.2253308285135,-3778.551702707372
UCID1262,212346586398861039258685650586644771314,L5_ET,399,5135.21704931243,-1787.574476876598
UCID1263,263058920978993430714500398157994229506,L5_ET,362,4954.219119691452,-2059.0713713080672
UCID1264,94849343877546017163712582311780075752,L5_ET,229,4773.2211900704715,-2783.063089791985
UCID1265,304234787501892091453007328329457735466,L5_ET,286,4863.720154880962,-2511.566195360516
UCID1266,90275151271898516735885280214115977411,L5_ET,100,3868.231541965575,-3326.0568786549234
UCID1267,74243479981089799760580205656163404436,L5_ET,63,4049.2294715865546,-3507.054808275903
UCID1268,268702476440468597229195090908436288511,L5_ET,100,3868.231541965575,-3326.0568786549234
UCID1269,55176366993199345377496120870412095081,L5_ET,229,4773.2211900704715,-2783.063089791985
UCID1270,208673460404334391009290563936722309668,L5_ET,72,4863.720154880962,-3507.054808275903
UCID1271,270219062805630226006084924021733131063,L5_ET,399,5135.21704931243,-1787.574476876598
UCID1272,227513020987063833395375986505103877609,L5_ET,340,5316.214978933411,-2240.0693009290467
UCID1273,293918390529609353553298375910037761513,L5_ET,149,4682.722225259982,-3145.058949033944
UCID1274,182073356577364618027682750903422327689,L5_ET,288,5044.718084501941,-2511.566195360516
UCID1275,66548833774373938183081902524943898645,L5_ET,38,4863.720154880962,-3688.0527378968823
UCID1276,293999290843482143396750877509853030488,L5_ET,333,4682.722225259982,-2240.0693009290467
UCID1277,251068001391129990706221095297946402906,L5_ET,207,4592.223260449493,-2873.5620546024747
UCID1278,269607585936624699104990991654528388905,L5_ET,267,4773.2211900704715,-2602.0651601710056
UCID1279,131010652159681855672504000993960072643,L5_ET,88,4592.223260449493,-3416.555843465413
UCID1280,120200893727308348722274953865537821375,L5_ET,182,4049.2294715865546,-2964.0610194129645
UCID1281,14330037537399860890833645318010266798,L5_ET,315,4411.2253308285135,-2330.5682657395364
UCID1282,179013369165523842464141951030780228677,L5_ET,29,4049.2294715865546,-3688.0527378968823
UCID1283,147955137545097545957416543086447680576,L5_ET,362,4954.219119691452,-2059.0713713080672
UCID1284,186196559555102886893011303204372502248,L5_ET,315,4411.2253308285135,-2330.5682657395364
UCID1285,111247311577848571039673957183754398916,L5_ET,389,5225.716014122921,-1878.0734416870878
UCID1286,135139352225274944404543935452200206268,L5_ET,89,4682.722225259982,-3416.555843465413
UCID1287,201725832123495542861903891434452607968,L5_ET,103,4139.728436397044,-3326.0568786549234
UCID1288,152202305000543428341875978587616408357,L5_ET,353,5316.214978933411,-2149.570336118557
UCID1289,289475426922926206316742483362316927016,L5_ET,177,5406.7139437439,-3054.559984223454
UCID1290,132060707501643028845118959908812774304,L5_ET,266,4682.722225259982,-2602.0651601710056
UCID1291,70849265665178159914188725688490607276,L5_ET,57,5225.716014122921,-3597.5537730863925
UCID1292,38512528722094565433687243475556685312,L5_ET,63,4049.2294715865546,-3507.054808275903
UCID1293,167829176528000042939844735154425792627,L5_ET,354,5406.7139437439,-2149.570336118557
UCID1294,101731390169942732810880467783376149464,L5_ET,383,4682.722225259982,-1878.0734416870878
UCID1295,129076825306891057768444959560570418581,L5_ET,131,4863.720154880962,-3235.5579138444336
UCID1296,269949179685075754800992100860380554808,L5_ET,103,4139.728436397044,-3326.0568786549234
UCID1297,324528421296287716341015082775297681492,L5_ET,88,4592.223260449493,-3416.555843465413
UCID1298,115018433378914725172416438497394718996,L5_ET,376,5135.21704931243,-1968.5724064975775
UCID1299,313109930287904099996503199723210259560,L5_ET,245,4501.724295639003,-2692.5641249814953
UCID1300,71377805251147943201351614303923303900,L5_ET,340,5316.214978933411,-2240.0693009290467
UCID1301,30881223146202201253136520380660215125,L5_ET,389,5225.716014122921,-1878.0734416870878
UCID1302,66475461732550250902072875320969739562,L5_ET,315,4411.2253308285135,-2330.5682657395364
UCID1303,2310993969596643432947283499507217489,L5_ET,23,4863.720154880962,-3778.551702707372
UCID1304,114985983811133912950238330229256012889,L5_ET,32,4320.726366018023,-3688.0527378968823
UCID1305,49005085154058346030288577258238791777,L5_ET,55,5044.718084501941,-3597.5537730863925
UCID1306,313201904038318954007375951880080983090,L5_ET,235,5316.214978933411,-2783.063089791985
UCID1307,76505855740238791389094364422797848606,L5_ET,54,4954.219119691452,-3597.5537730863925
UCID1308,140370821343257446512468367072340037078,L5_ET,172,4954.219119691452,-3054.559984223454
UCID1309,207169961982299929256037664174996913984,L5_ET,156,5316.214978933411,-3145.058949033944
UCID1310,210115444828658049942673924377734749887,L5_ET,72,4863.720154880962,-3507.054808275903
UCID1311,166236130703533799935161791423762629861,L5_ET,379,5406.7139437439,-1968.5724064975775
UCID1312,44293220986038917682805209595298582310,L5_ET,110,4773.2211900704715,-3326.0568786549234
UCID1313,33865093579132356231005640949447772015,L5_ET,297,4230.227401207534,-2421.067230550026
UCID1314,180794178761621023352264601753905331336,L5_ET,211,4954.219119691452,-2873.5620546024747
UCID1315,36373767317377068323720586575078798431,L5_ET,36,4682.722225259982,-3688.0527378968823
UCID1316,246086446812415912718115554565410355207,L5_ET,56,5135.21704931243,-3597.5537730863925
UCID1317,143131885450433423573258596297792016300,L5_ET,211,4954.219119691452,-2873.5620546024747
UCID1318,27378900167342141795816959569340143718,L5_ET,23,4863.720154880962,-3778.551702707372
UCID1319,217992959076285928615286989560326671657,L5_ET,278,4139.728436397044,-2511.566195360516
UCID1320,30402638718851878992440171358819598728,L5_ET,124,4230.227401207534,-3235.5579138444336
UCID1321,298838832035634261563736144656929618847,L5_ET,68,4501.724295639003,-3507.054808275903
UCID1322,247602459474158082341906678004497930372,L5_ET,376,5135.21704931243,-1968.5724064975775
UCID1323,139682608837126527973214708026738559770,L5_ET,308,5225.716014122921,-2421.067230550026
UCID1324,318739030299563883822017843146893701903,L5_ET,172,4954.219119691452,-3054.559984223454
UCID1325,135363593594618055681923533178089829248,L5_ET,36,4682.722225259982,-3688.0527378968823
UCID1326,56119389863602940432023293698269854296,L5_ET,18,4411.2253308285135,-3778.551702707372
UCID1327,24600295954941486750475974850547839009,L5_ET,286,4863.720154880962,-2511.566195360516
UCID1328,178137590642641009810093068009728509037,L5_ET,156,5316.214978933411,-3145.058949033944
UCID1329,162180498642746242823086724030811954061,L5_ET,212,5044.718084501941,-2873.5620546024747
UCID1330,20440997286120936729367043653786239237,L5_ET,23,4863.720154880962,-3778.551702707372
UCID1331,98080453667286948441363111266814045680,L5_ET,53,4863.720154880962,-3597.5537730863925
UCID1332,84467154031181071498770724904504242917,L5_ET,54,4954.219119691452,-3597.5537730863925
UCID1333,295340055415995458225464781131532888471,L5_ET,335,4863.720154880962,-2240.0693009290467
UCID1334,223619288449851395296821702413250043272,L5_ET,297,4230.227401207534,-2421.067230550026
UCID1335,315123468372886949294513383353368942585,L5_ET,173,5044.718084501941,-3054.559984223454
UCID1336,252426989197858713524767728020855627890,L5_ET,284,4682.722225259982,-2511.566195360516
UCID1337,208485723607438633108929435159151586790,L5_ET,354,5406.7139437439,-2149.570336118557
UCID1338,280799531065188165564913114718390399883,L5_ET,86,4411.2253308285135,-3416.555843465413
UCID1339,30698985250986399123697984564735429580,L5_ET,216,5406.7139437439,-2873.5620546024747
UCID1340,3097956688612534549222273955042396088,L5_ET,379,5406.7139437439,-1968.5724064975775
UCID1341,24437704143455627899947146553456351161,L5_ET,169,4682.722225259982,-3054.559984223454
UCID1342,221230380648851275524857840643752564443,L5_ET,108,4592.223260449493,-3326.0568786549234
UCID1343,164559990579701933140794697751617732948,L5_ET,114,5135.21704931243,-3326.0568786549234
UCID1344,81799165248324348172228974521415282017,L5_ET,19,4501.724295639003,-3778.551702707372
UCID1345,195005276266641946229787634619150276507,L5_ET,38,4863.720154880962,-3688.0527378968823
UCID1346,336771711697887610349523986795996368120,L5_ET,37,4773.2211900704715,-3688.0527378968823
UCID1347,102329940502936964350965875998000187692,L5_ET,127,4501.724295639003,-3235.5579138444336
UCID1348,242739817030015755836987459247747537740,L5_ET,323,5135.21704931243,-2330.5682657395364
UCID1349,241806519348459550733055343950769070242,L5_ET,353,5316.214978933411,-2149.570336118557
UCID1350,227511309921462758811291975696186214486,L5_ET,268,4863.720154880962,-2602.0651601710056
UCID1351,95695683636409879791595837624238156414,L5_ET,335,4863.720154880962,-2240.0693009290467
UCID1352,238135142540003030998951575374848085672,L5_ET,131,4863.720154880962,-3235.5579138444336
UCID1353,143864507874009764946986615924453693827,L5_ET,131,4863.720154880962,-3235.5579138444336
UCID1354,111381175956987253332893088900191030679,L5_ET,87,4501.724295639003,-3416.555843465413
UCID1355,290426966510838776163747693666301870054,L5_ET,195,5225.716014122921,-2964.0610194129645
UCID1356,222975017202539231019879834435371104998,L5_ET,298,4320.726366018023,-2421.067230550026
UCID1357,184390923282518826707152928441913912630,L5_ET,271,5135.21704931243,-2602.0651601710056
UCID1358,306978308624333130990742620962426112617,L5_ET,60,3777.7325771550854,-3507.054808275903
UCID1359,283578945518942212403230303409725574086,L5_ET,289,5135.21704931243,-2511.566195360516
UCID1360,316955433356413310760094421843767080746,L5_ET,288,5044.718084501941,-2511.566195360516
UCID1361,30892011602199098328549435272220997437,L5_ET,83,4139.728436397044,-3416.555843465413
UCID1362,333412264857235383633576886799791864019,L5_ET,371,4682.722225259982,-1968.5724064975775
UCID1363,143939462237917823012893261885101554725,L5_ET,221,4049.2294715865546,-2783.063089791985
UCID1364,320574005265487253024847309670954418063,L5_ET,36,4682.722225259982,-3688.0527378968823
UCID1365,325799600778901120849912408283178698879,L5_ET,22,4773.2211900704715,-3778.551702707372
UCID1366,315399991349956030717428565415334866759,L5_ET,245,4501.724295639003,-2692.5641249814953
UCID1367,57410764079982463261310586680234744578,L5_ET,88,4592.223260449493,-3416.555843465413
UCID1368,121683842169379476994977231025023883323,L5_ET,114,5135.21704931243,-3326.0568786549234
UCID1369,60244296547102208198927444949968158087,L5_ET,229,4773.2211900704715,-2783.063089791985
UCID1370,90906183618238187875011492499706545158,L5_ET,390,5316.214978933411,-1878.0734416870878
UCID1371,131169909272954117484570203855470868840,L5_ET,354,5406.7139437439,-2149.570336118557
UCID1372,271716783377307202264457350826415786387,L5_ET,324,5225.716014122921,-2330.5682657395364
UCID1373,90784054134420618179990827553004239762,L5_ET,172,4954.219119691452,-3054.559984223454
UCID1374,261313915814855288738108458287582794744,L5_ET,125,4320.726366018023,-3235.5579138444336
UCID1375,144002104148787905215958134640847377749,L6_CT,208,4682.722225259982,-2873.5620546024747
UCID1376,72407151119578113140244512720494985516,L6_CT,280,4320.726366018023,-2511.566195360516
UCID1377,53197244456402641971612893065434142109,L6_CT,112,4954.219119691452,-3326.0568786549234
UCID1378,186356438352942185681224885104976362581,L6_CT,76,5225.716014122921,-3507.054808275903
UCID1379,311182554525636902161060227405440960025,L6_CT,111,4863.720154880962,-3326.0568786549234
UCID1380,24761488867578150485815083201852295814,L6_CT,277,4049.2294715865546,-2511.566195360516
UCID1381,25115205143810719350462142851476647314,L6_CT,135,5225.716014122921,-3235.5579138444336
UCID1382,36694970462453147148169501216959538236,L6_CT,169,4682.722225259982,-3054.559984223454
UCID1383,263113253226162866794525824000203181132,L6_CT,22,4773.2211900704715,-3778.551702707372
UCID1384,245006032172971379468641226557790359352,L6_CT,103,4139.728436397044,-3326.0568786549234
UCID1385,46642122016475533183530646676340259372,L6_CT,287,4954.219119691452,-2511.566195360516
UCID1386,214379598771909389633466621804640925801,L6_CT,251,5044.718084501941,-2692.5641249814953
UCID1387,50608258750168196683967492236859076650,L6_CT,100,3868.231541965575,-3326.0568786549234
UCID1388,292449149516638789967449234269532643966,L6_CT,64,4139.728436397044,-3507.054808275903
UCID1389,33755780077342305666723224363365679770,L6_CT,64,4139.728436397044,-3507.054808275903
UCID1390,234875929811226486020670703266079537965,L6_CT,267,4773.2211900704715,-2602.0651601710056
UCID1391,276235462367214455240728095048789859147,L6_CT,357,4501.724295639003,-2059.0713713080672
UCID1392,200239669685385721675121367576598554921,L6_CT,52,4773.2211900704715,-3597.5537730863925
UCID1393,201652682198226785304745298095575630593,L6_CT,312,4139.728436397044,-2330.5682657395364
UCID1394,329569727010453811038899287368951521908,L6_CT,149,4682.722225259982,-3145.058949033944
UCID1395,72649066836090633545198512021602484370,L6_CT,155,5225.716014122921,-3145.058949033944
UCID1396,96731653150710000312238863360117886025,L6_CT,217,3687.2336123445957,-2783.063089791985
UCID1397,99488129778717041117129540625347059990,L6_CT,113,5044.718084501941,-3326.0568786549234
UCID1398,52653624819167534517641303193107519866,L6_CT,310,5406.7139437439,-2421.067230550026
UCID1399,271217728709575191558321071336289938072,L6_CT,290,5225.716014122921,-2511.566195360516
UCID1400,70097532819288778417580021179354918596,L6_CT,410,5316.214978933411,-1697.0755120661083
UCID1401,177284807789311267943271988312720742940,L6_CT,130,4773.2211900704715,-3235.5579138444336
UCID1402,93675134680825116911664363964089583035,L6_CT,130,4773.2211900704715,-3235.5579138444336
UCID1403,267329918867213995362900036261780564117,L6_CT,208,4682.722225259982,-2873.5620546024747
UCID1404,46665582676548400077142808303182921969,L6_CT,52,4773.2211900704715,-3597.5537730863925
UCID1405,9533533236419708291197261532451314226,L6_CT,372,4773.2211900704715,-1968.5724064975775
UCID1406,27335014701078698050288099561034665919,L6_CT,312,4139.728436397044,-2330.5682657395364
UCID1407,173094550888094592612279421183555309696,L6_CT,142,4049.2294715865546,-3145.058949033944
UCID1408,175762756878477929017110983900531414670,L6_CT,214,5225.716014122921,-2873.5620546024747
UCID1409,179545775346625849312417203259103892950,L6_CT,214,5225.716014122921,-2873.5620546024747
UCID1410,240764983498707288449700508694545453561,L6_CT,268,4863.720154880962,-2602.0651601710056
UCID1411,220862347595631612448486095175134609187,L6_CT,174,5135.21704931243,-3054.559984223454
UCID1412,160135693422806951830649568779459349336,L6_CT,214,5225.716014122921,-2873.5620546024747
UCID1413,138503686887017987234960816811317225624,L6_CT,97,5406.7139437439,-3416.555843465413
UCID1414,197366314512086537171483585260618300722,L6_CT,262,4320.726366018023,-2602.0651601710056
UCID1415,172786992076119027017544097554287130746,L6_CT,54,4954.219119691452,-3597.5537730863925
UCID1416,66217539403812988692980728480408553495,L6_CT,93,5044.718084501941,-3416.555843465413
UCID1417,207932185363391997490331790602654225580,L6_CT,67,4411.2253308285135,-3507.054808275903
UCID1418,51750077728340258844229310436797495337,L6_CT,64,4139.728436397044,-3507.054808275903
UCID1419,264445019609906964141328401319480085321,L6_CT,309,5316.214978933411,-2421.067230550026
UCID1420,314257183612545041818918909579271555127,L6_CT,150,4773.2211900704715,-3145.058949033944
UCID1421,272240981271796860897587475238325118715,L6_CT,9,4230.227401207534,-3869.0506675178617
UCID1422,104365014135643894222330683479992207738,L6_CT,71,4773.2211900704715,-3507.054808275903
UCID1423,116249030683438358714530541768119007434,L6_CT,308,5225.716014122921,-2421.067230550026
UCID1424,95151643681882876381063140536507572719,L6_CT,216,5406.7139437439,-2873.5620546024747
UCID1425,216033904980066836621481784219496072191,L6_CT,268,4863.720154880962,-2602.0651601710056
UCID1426,136167951586748042364680415473305838320,L6_CT,147,4501.724295639003,-3145.058949033944
UCID1427,293915232870927125968895133499285926011,L6_CT,308,5225.716014122921,-2421.067230550026
UCID1428,172364820879644582126599274760798403954,L6_CT,111,4863.720154880962,-3326.0568786549234
UCID1429,71238501635495797214405206037449811399,L6_CT,95,5225.716014122921,-3416.555843465413
UCID1430,278397679376798127756904986551656303826,L6_CT,134,5135.21704931243,-3235.5579138444336
UCID1431,266304973024663054344400827310858689312,L6_CT,133,5044.718084501941,-3235.5579138444336
UCID1432,316230660457343993967047424446437202124,L6_CT,146,4411.2253308285135,-3145.058949033944
UCID1433,196077909758613623543346136544702392422,L6_CT,150,4773.2211900704715,-3145.058949033944
UCID1434,176888355714479826119434829987568533336,L6_CT,184,4230.227401207534,-2964.0610194129645
UCID1435,259059841906936535442404084450707156816,L6_CT,12,3868.231541965575,-3778.551702707372
UCID1436,287432976075566995843902466389595883757,L6_CT,212,5044.718084501941,-2873.5620546024747
UCID1437,241904322454415214963462888552073833779,L6_CT,112,4954.219119691452,-3326.0568786549234
UCID1438,203108780781173001172599101161667884635,L6_CT,409,5225.716014122921,-1697.0755120661083
UCID1439,110329557137328021474077787977707872221,L6_CT,326,5406.7139437439,-2330.5682657395364
UCID1440,144709854483595787295689663496399107931,L6_CT,133,5044.718084501941,-3235.5579138444336
UCID1441,193121539418238596190649639027859111404,L6_CT,315,4411.2253308285135,-2330.5682657395364
UCID1442,6235855280358888845448613902660555392,L6_CT,410,5316.214978933411,-1697.0755120661083
UCID1443,151490276104134482398551426146899601026,L6_CT,214,5225.716014122921,-2873.5620546024747
UCID1444,84809573080298715742031101551874664578,L6_CT,310,5406.7139437439,-2421.067230550026
UCID1445,174889125153876026129344407942071528090,L6_CT,290,5225.716014122921,-2511.566195360516
UCID1446,86888288496775915850367839671991644287,L6_CT,277,4049.2294715865546,-2511.566195360516
UCID1447,296624604018443431974649194757264945132,L6_CT,343,4411.2253308285135,-2149.570336118557
UCID1448,151812622386562510396699131037963908880,L6_CT,95,5225.716014122921,-3416.555843465413
UCID1449,45745186825732745770663602910453028121,L6_CT,24,4954.219119691452,-3778.551702707372
UCID1450,253530239266393775674573999526307905755,L6_CT,332,4592.223260449493,-2240.0693009290467
UCID1451,54344740770383429118877576996363790041,L6_CT,207,4592.223260449493,-2873.5620546024747
UCID1452,33671051994647434161340967416478302875,L6_CT,214,5225.716014122921,-2873.5620546024747
UCID1453,134365405188834992499400335434773201767,L6_CT,253,5225.716014122921,-2692.5641249814953
UCID1454,137892169048964695860281869236372498636,L6_CT,150,4773.2211900704715,-3145.058949033944
UCID1455,287802890180128325908518071378594761966,L6_CT,304,4863.720154880962,-2421.067230550026
UCID1456,1400172257028099142812581695216429783,L6_CT,384,4773.2211900704715,-1878.0734416870878
UCID1457,85357072148495231209987862000462354180,L6_CT,216,5406.7139437439,-2873.5620546024747
UCID1458,189342792002001708469299464469570716118,L6_CT,155,5225.716014122921,-3145.058949033944
UCID1459,174468979632680426729428247510570703677,L6_CT,343,4411.2253308285135,-2149.570336118557
UCID1460,37242010025502659419729084764159648607,L6_CT,35,4592.223260449493,-3688.0527378968823
UCID1461,243912119598928791665707096162470469105,L6_CT,133,5044.718084501941,-3235.5579138444336
UCID1462,11912971989406466443825455052738830019,L6_CT,216,5406.7139437439,-2873.5620546024747
UCID1463,87173632575457260668241221667145107306,L6_CT,192,4954.219119691452,-2964.0610194129645
UCID1464,113771535345651287144793427582389591028,L6_CT,207,4592.223260449493,-2873.5620546024747
UCID1465,134853793967617098741207307709883834115,L6_CT,150,4773.2211900704715,-3145.058949033944
UCID1466,33661859126410898898945582818456453583,L6_CT,287,4954.219119691452,-2511.566195360516
UCID1467,57778166858505092917589792569304778848,L6_CT,372,4773.2211900704715,-1968.5724064975775
UCID1468,202748593133043231793067154414919400536,L6_CT,154,5135.21704931243,-3145.058949033944
UCID1469,35800379926459970914606027899093655521,L6_CT,128,4592.223260449493,-3235.5579138444336
UCID1470,269001250244577924130471180673245005096,L6_CT,155,5225.716014122921,-3145.058949033944
UCID1471,280825294560597236601337949046722210680,L6_CT,351,5135.21704931243,-2149.570336118557
UCID1472,173612044621048289517461966999308777186,L6_CT,298,4320.726366018023,-2421.067230550026
UCID1473,138109687274017997671992725780890907246,L6_CT,14,4049.2294715865546,-3778.551702707372
UCID1474,88102108960858214648753585000944112149,L6_CT,274,5406.7139437439,-2602.0651601710056
UCID1475,336942917503944714523653208161183040214,L6_CT,133,5044.718084501941,-3235.5579138444336
UCID1476,179401026068763258640990310299728562847,L6_CT,127,4501.724295639003,-3235.5579138444336
UCID1477,83756248490443033549412011445516290011,L6_CT,223,4230.227401207534,-2783.063089791985
UCID1478,8297105906829134449405222287165506778,L6_CT,48,4411.2253308285135,-3597.5537730863925
UCID1479,83803676344853137832691228201227110684,Peri,255,5406.7139437439,-2692.5641249814953
UCID1480,202691145434627882971349694753781219317,Peri,328,4230.227401207534,-2240.0693009290467
UCID1481,130175839280803182271530556302907702679,Peri,124,4230.227401207534,-3235.5579138444336
UCID1482,209656267391196472053345091304388281542,Peri,211,4954.219119691452,-2873.5620546024747
UCID1483,64415041801487424671359296884989434203,Peri,180,3868.231541965575,-2964.0610194129645
UCID1484,60625244999534450344053120748605499264,Peri,273,5316.214978933411,-2602.0651601710056
UCID1485,295686275876752012573915118115620879707,Peri,55,5044.718084501941,-3597.5537730863925
UCID1486,40939547012830077241889026574318594315,Peri,186,4411.2253308285135,-2964.0610194129645
UCID1487,7530935365806719726381768738621792133,Peri,129,4682.722225259982,-3235.5579138444336
UCID1488,13156812993643060427792605389373299025,Peri,120,3868.231541965575,-3235.5579138444336
UCID1489,286512088136918473212816924196943626394,Peri,246,4592.223260449493,-2692.5641249814953
UCID1490,188706094954040828825584481916784091124,Peri,161,3958.730506776065,-3054.559984223454
UCID1491,234455434157378342636971045477053546138,Peri,4,3777.7325771550854,-3869.0506675178617
UCID1492,128533535551004541340315263198450660290,Peri,148,4592.223260449493,-3145.058949033944
UCID1493,307854474200163271910729931868702097893,Peri,389,5225.716014122921,-1878.0734416870878
UCID1494,281498143050988294901533599788024128892,Peri,191,4863.720154880962,-2964.0610194129645
UCID1495,288556242824600529448927895916737177123,Peri,373,4863.720154880962,-1968.5724064975775
UCID1496,9943842365084414804865460677331437376,Peri,240,4049.2294715865546,-2692.5641249814953
UCID1497,263741322743095206497640159161849325385,Peri,367,5406.7139437439,-2059.0713713080672
UCID1498,250286003615858701405690732376374382766,Peri,193,5044.718084501941,-2964.0610194129645
UCID1499,28107645328554852957466985651762052507,Peri,392,4501.724295639003,-1787.574476876598
UCID1500,238397425938800754960642803384959635735,Peri,74,5044.718084501941,-3507.054808275903
UCID1501,271323427623810101820045189172513538334,Peri,246,4592.223260449493,-2692.5641249814953
UCID1502,233220479328670390189444371734329411267,Peri,246,4592.223260449493,-2692.5641249814953
UCID1503,19790104977098741541634900130574223828,Peri,162,4049.2294715865546,-3054.559984223454
UCID1504,168814410108571593212593938132936103674,Peri,43,3958.730506776065,-3597.5537730863925
UCID1505,294526670439514475204505551949507183135,Peri,272,5225.716014122921,-2602.0651601710056
UCID1506,54421317362592889426312689144075014664,Peri,61,3868.231541965575,-3507.054808275903
UCID1507,27773798485376753274853216521541760098,Peri,155,5225.716014122921,-3145.058949033944
UCID1508,131655857685712984814022685317350785328,Peri,217,3687.2336123445957,-2783.063089791985
UCID1509,117054015489946180158936379965129450223,Peri,289,5135.21704931243,-2511.566195360516
UCID1510,285697311798888931935191726803915164987,Peri,372,4773.2211900704715,-1968.5724064975775
UCID1511,260577020005825482096244519014793827683,Peri,417,5225.716014122921,-1606.5765472556186
UCID1512,96277957976332362148963282616866034248,Peri,162,4049.2294715865546,-3054.559984223454
UCID1513,145600829526577452256705364602858532664,Peri,380,4411.2253308285135,-1878.0734416870878
UCID1514,170605850280908842539667742518014380103,Peri,371,4682.722225259982,-1968.5724064975775
UCID1515,164416351372586922485897808187840094304,Peri,162,4049.2294715865546,-3054.559984223454
UCID1516,239491300830499809489401025015215105809,Peri,294,3958.730506776065,-2421.067230550026
UCID1517,191736474772766694059951363237368894426,Peri,255,5406.7139437439,-2692.5641249814953
UCID1518,274434342849752946460237106665651505862,Peri,21,4682.722225259982,-3778.551702707372
UCID1519,106561992046978215401519618966084432396,Peri,71,4773.2211900704715,-3507.054808275903
UCID1520,179531694328942156879327578514719397057,Peri,379,5406.7139437439,-1968.5724064975775
UCID1521,57475391599127333995629948001422928318,Peri,358,4592.223260449493,-2059.0713713080672
UCID1522,75876808710417741320482391855620990040,Peri,330,4411.2253308285135,-2240.0693009290467
UCID1523,90723786651140104045644331957060885957,Peri,180,3868.231541965575,-2964.0610194129645
UCID1524,185734474369058285616190269265425555608,Peri,162,4049.2294715865546,-3054.559984223454
UCID1525,89040393236683489941092788373568744752,Peri,284,4682.722225259982,-2511.566195360516
UCID1526,79935874462595021628089480594031255053,Peri,203,4230.227401207534,-2873.5620546024747
UCID1527,75433828420190644020521096900867529079,Peri,135,5225.716014122921,-3235.5579138444336
UCID1528,130058670392381271925317528367366033815,Peri,217,3687.2336123445957,-2783.063089791985
UCID1529,220906679794576421111116458300975550811,Peri,358,4592.223260449493,-2059.0713713080672
UCID1530,123458279894428214305958433170649293611,Peri,373,4863.720154880962,-1968.5724064975775
UCID1531,220572937447929853418832892489473417960,Peri,421,5225.716014122921,-1516.0775824451289
UCID1532,256717849138593207733189867685494186285,Peri,296,4139.728436397044,-2421.067230550026
UCID1533,108703577816104806852870033412891377482,Peri,51,4682.722225259982,-3597.5537730863925
UCID1534,200092528348248536094299317354463061949,Peri,83,4139.728436397044,-3416.555843465413
UCID1535,244395566015769667356414013895672232289,Peri,40,5044.718084501941,-3688.0527378968823
UCID1536,70994845946352009462845148931169229734,Peri,401,5316.214978933411,-1787.574476876598
UCID1537,125216299177960182366312333910626727331,Peri,109,4682.722225259982,-3326.0568786549234
UCID1538,111863034687314380190981430959510957302,Peri,21,4682.722225259982,-3778.551702707372
UCID1539,244823747920127755073953614364155990789,Peri,83,4139.728436397044,-3416.555843465413
UCID1540,195956357458721458006178520316271772578,Peri,205,4411.2253308285135,-2873.5620546024747
UCID1541,252470737404270761970546931457890015278,Peri,324,5225.716014122921,-2330.5682657395364
UCID1542,206575212605417617403255162759832263551,Peri,28,3958.730506776065,-3688.0527378968823
UCID1543,24119647009244008100754839353320869989,Peri,157,5406.7139437439,-3145.058949033944
UCID1544,23454933930377315485693174370040351486,Peri,135,5225.716014122921,-3235.5579138444336
UCID1545,279135997699083372723837160792666471789,Peri,11,4411.2253308285135,-3869.0506675178617
UCID1546,302034860684065024215652551021453679392,Peri,384,4773.2211900704715,-1878.0734416870878
UCID1547,57772175224458305824413171264193840149,Peri,379,5406.7139437439,-1968.5724064975775
UCID1548,229274936044368886429376847081292135965,Peri,107,4501.724295639003,-3326.0568786549234
UCID1549,140471254238717303501713590942706407435,Peri,217,3687.2336123445957,-2783.063089791985
UCID1550,152168232052716480753721270977049732393,Peri,203,4230.227401207534,-2873.5620546024747
UCID1551,133001913177930617402896076675974280015,Peri,206,4501.724295639003,-2873.5620546024747
UCID1552,127289681978743655336889874311831522699,Peri,234,5225.716014122921,-2783.063089791985
UCID1553,2819032666694449244551186674170649559,Peri,328,4230.227401207534,-2240.0693009290467
UCID1554,157106437423495945340787877886370765306,Peri,380,4411.2253308285135,-1878.0734416870878
UCID1555,51000318836133112674929307143956375541,Peri,143,4139.728436397044,-3145.058949033944
UCID1556,158120508359929113381191597967004028177,Peri,10,4320.726366018023,-3869.0506675178617
UCID1557,119006573990147352612998306505593368836,Peri,404,4773.2211900704715,-1697.0755120661083
UCID1558,44210997699650395145749907385804422554,Peri,155,5225.716014122921,-3145.058949033944
UCID1559,181035599953120736360021976948996141964,PVM,21,4682.722225259982,-3778.551702707372
UCID1560,226844975540717472804244409808305582656,PVM,4,3777.7325771550854,-3869.0506675178617
UCID1561,227252976042673635413882516660779399225,PVM,263,4411.2253308285135,-2602.0651601710056
UCID1562,66553786119294617105209922533232133183,PVM,4,3777.7325771550854,-3869.0506675178617
UCID1563,66831924957978080302493380555753570024,PVM,15,4139.728436397044,-3778.551702707372
UCID1564,5905252785615981959830149670173262961,PVM,393,4592.223260449493,-1787.574476876598
UCID1565,55851938203364998796946482411125242078,PVM,159,3777.7325771550854,-3054.559984223454
UCID1566,105071344348029652741587405638132693436,Micro,334,4773.2211900704715,-2240.0693009290467
UCID1567,56549572557830715557910772407362834874,Micro,331,4501.724295639003,-2240.0693009290467
UCID1568,9703000385709328315257559304424166909,Micro,220,3958.730506776065,-2783.063089791985
UCID1569,137395170235539739565765503306651721992,Micro,407,5044.718084501941,-1697.0755120661083
UCID1570,269531226463170631466099401563226291192,Micro,51,4682.722225259982,-3597.5537730863925
UCID1571,69256611597258360939646640248105913210,Micro,314,4320.726366018023,-2330.5682657395364
UCID1572,127319693859349027673228788757570606268,Micro,422,5316.214978933411,-1516.0775824451289
UCID1573,31211115247243810398582212878805977343,Micro,185,4320.726366018023,-2964.0610194129645
UCID1574,10894046309796222217074306139929823512,Micro,111,4863.720154880962,-3326.0568786549234
UCID1575,292994935853339306493337106061313698440,Micro,257,3868.231541965575,-2602.0651601710056
UCID1576,288749887918887299746928492877681229403,Micro,222,4139.728436397044,-2783.063089791985
UCID1577,218344740751698869532279722887897268227,Micro,392,4501.724295639003,-1787.574476876598
UCID1578,268094147132828120959533134335828954469,Micro,160,3868.231541965575,-3054.559984223454
UCID1579,285190784476210480004066246749715558680,Micro,416,5135.21704931243,-1606.5765472556186
UCID1580,277147134340022787151582608030431018015,Micro,185,4320.726366018023,-2964.0610194129645
UCID1581,313780664006931414497142977687392413554,Micro,26,3777.7325771550854,-3688.0527378968823
UCID1582,69028226719270303351487779637313330177,Micro,408,5135.21704931243,-1697.0755120661083
UCID1583,174965084917815707259856203120476676135,SMC,189,4682.722225259982,-2964.0610194129645
UCID1584,72974898381276527675719558623813303808,SMC,167,4501.724295639003,-3054.559984223454
UCID1585,133481582668632805973291811639524214023,SMC,384,4773.2211900704715,-1878.0734416870878
UCID1586,103411609474924234227396703721662557657,SMC,43,3958.730506776065,-3597.5537730863925
UCID1587,139627803086369017737351452959111434648,SMC,293,3868.231541965575,-2421.067230550026
UCID1588,189277985185268497439297336436907703484,SMC,379,5406.7139437439,-1968.5724064975775
UCID1589,208557818667895739839858635780829998353,SMC,371,4682.722225259982,-1968.5724064975775
UCID1590,291239305137759791951925808689340502937,SMC,276,3958.730506776065,-2511.566195360516
UCID1591,284605620048474386616827953507882150035,SMC,5,3868.231541965575,-3869.0506675178617
UCID1592,46901831447165543460535582806852574996,SMC,307,5135.21704931243,-2421.067230550026
UCID1593,22479236356427863350753397354657293091,SMC,256,3777.7325771550854,-2602.0651601710056
UCID1594,294294635413343287337867510515529700699,SMC,332,4592.223260449493,-2240.0693009290467
UCID1595,8461544462435731293762675232842210333,SMC,331,4501.724295639003,-2240.0693009290467
UCID1596,51957416224342544018678248884775468862,SMC,307,5135.21704931243,-2421.067230550026
UCID1597,298662570646859663081684742588811016419,SMC,95,5225.716014122921,-3416.555843465413
UCID1598,325097850881635743359117340912340575536,SMC,281,4411.2253308285135,-2511.566195360516
UCID1599,71573597578405374189216322561599122466,SMC,213,5135.21704931243,-2873.5620546024747
UCID1600,52159294734564865382319344413974601996,SMC,63,4049.2294715865546,-3507.054808275903
UCID1601,268096592449545275062552535523042932840,SMC,420,5135.21704931243,-1516.0775824451289
UCID1602,339569493869024498989285031080035430507,SMC,83,4139.728436397044,-3416.555843465413
UCID1603,194535269474444462937035978065253854135,SMC,401,5316.214978933411,-1787.574476876598
UCID1604,304303417940143983608686615473356951026,SMC,330,4411.2253308285135,-2240.0693009290467
UCID1605,48104178721447500962543947916103402332,SMC,236,5406.7139437439,-2783.063089791985
UCID1606,14021378680652757179742957708491748719,SMC,213,5135.21704931243,-2873.5620546024747
UCID1607,70209735213405083786083486335471551552,SMC,403,4682.722225259982,-1697.0755120661083
UCID1608,55840775943301212286745492802644421380,SMC,423,5406.7139437439,-1516.0775824451289
UCID1609,172340395511838082312050977216151514083,SMC,213,5135.21704931243,-2873.5620546024747
UCID1610,155891009864451782687663289817755804891,SMC,47,4320.726366018023,-3597.5537730863925
UCID1611,10913448097453515035186611880054082367,SMC,65,4230.227401207534,-3507.054808275903
UCID1612,223771291382978572062858994790667082086,SMC,0,3687.2336123445957,-3959.5496323283514
UCID1613,246974460382055650051223989358678729659,SMC,376,5135.21704931243,-1968.5724064975775
UCID1614,694338038619692542949402389723528225,SMC,180,3868.231541965575,-2964.0610194129645
UCID1615,199425019955523013149939393494295662463,SMC,135,5225.716014122921,-3235.5579138444336
UCID1616,131700159818679897774022841772106663704,SMC,327,4049.2294715865546,-2240.0693009290467
UCID1617,9665811103507642968782398310973293988,SMC,193,5044.718084501941,-2964.0610194129645
UCID1618,242454008537474623490310307575516603687,SMC,334,4773.2211900704715,-2240.0693009290467
UCID1619,233483273624686413908805503145856820969,SMC,155,5225.716014122921,-3145.058949033944
UCID1620,301904078200801645176687813281196745432,SMC,236,5406.7139437439,-2783.063089791985
UCID1621,215242765151845808241763342012238466475,SMC,43,3958.730506776065,-3597.5537730863925
UCID1622,77038363835045914906878941408787448296,SMC,213,5135.21704931243,-2873.5620546024747
UCID1623,26121303167210242649417819738574001023,L5_6_NP,289,5135.21704931243,-2511.566195360516
UCID1624,286590735254857135393406317824694620392,L5_6_NP,65,4230.227401207534,-3507.054808275903
UCID1625,92727352091027365915665486993686853076,L5_6_NP,301,4592.223260449493,-2421.067230550026
UCID1626,211326796842372932268831353486589430307,L5_6_NP,50,4592.223260449493,-3597.5537730863925
UCID1627,69143009763279217993445375020222064374,L5_6_NP,69,4592.223260449493,-3507.054808275903
UCID1628,56189931105461731021666102643596818048,L5_6_NP,12,3868.231541965575,-3778.551702707372
UCID1629,308357476884266102102529769657580184588,L5_6_NP,145,4320.726366018023,-3145.058949033944
UCID1630,16601433863406615071320079391392421455,L5_6_NP,411,5406.7139437439,-1697.0755120661083
UCID1631,128880734612115938559857949373359075198,L5_6_NP,76,5225.716014122921,-3507.054808275903
UCID1632,93730154392896842061356673376873634746,L5_6_NP,12,3868.231541965575,-3778.551702707372
UCID1633,151526153313547564862311818624500171689,L5_6_NP,360,4773.2211900704715,-2059.0713713080672
UCID1634,308178943353630952405472736921986696675,L5_6_NP,309,5316.214978933411,-2421.067230550026
UCID1635,177038923891880173666241817251536226526,L5_6_NP,289,5135.21704931243,-2511.566195360516
UCID1636,327065954644307808396564633029479389192,L5_6_NP,248,4773.2211900704715,-2692.5641249814953
UCID1637,300928099507312546152937354353455724604,L5_6_NP,235,5316.214978933411,-2783.063089791985
UCID1638,72588880290601694082565457366172732339,L5_6_NP,227,4592.223260449493,-2783.063089791985
UCID1639,158738448984278840776178038866233927754,L5_6_NP,169,4682.722225259982,-3054.559984223454
UCID1640,47113163910759547946085082853431472461,L5_6_NP,69,4592.223260449493,-3507.054808275903
UCID1641,113285416571275146828539177577933106308,L5_6_NP,108,4592.223260449493,-3326.0568786549234
UCID1642,293923484203288421590898415747248288807,L5_6_NP,170,4773.2211900704715,-3054.559984223454
UCID1643,197563923282009885569827232107543601961,L5_6_NP,290,5225.716014122921,-2511.566195360516
UCID1644,27164198192483428083119037269766010045,L5_6_NP,150,4773.2211900704715,-3145.058949033944
UCID1645,57760013983607985409344317813461553897,L5_6_NP,69,4592.223260449493,-3507.054808275903
UCID1646,273513843109282804352102185441174146641,L5_6_NP,204,4320.726366018023,-2873.5620546024747
UCID1647,211236516271718004545331415611752946271,L5_6_NP,337,5044.718084501941,-2240.0693009290467
UCID1648,149771338505919399061347736983789064525,L5_6_NP,80,3868.231541965575,-3416.555843465413
UCID1649,211571906498818128502568680581237806018,L5_6_NP,31,4230.227401207534,-3688.0527378968823
UCID1650,260998586763033126766968879541286128363,L5_6_NP,339,5225.716014122921,-2240.0693009290467
UCID1651,307112292030258216926801618289201682135,L5_6_NP,153,5044.718084501941,-3145.058949033944
UCID1652,306295811757990304159703566812995425604,L5_6_NP,91,4863.720154880962,-3416.555843465413
UCID1653,50211849200828151729229930154161940190,L5_6_NP,35,4592.223260449493,-3688.0527378968823
UCID1654,325815854075445939106232098327816246404,L5_6_NP,138,3687.2336123445957,-3145.058949033944
UCID1655,55059225773231713470753187778577721133,L5_6_NP,235,5316.214978933411,-2783.063089791985
UCID1656,322819546553275779136260215350983624820,L5_6_NP,108,4592.223260449493,-3326.0568786549234
UCID1657,267194125767851671109406001667050359328,L5_6_NP,289,5135.21704931243,-2511.566195360516
UCID1658,92528306080435009218806458288298839546,L5_6_NP,253,5225.716014122921,-2692.5641249814953
UCID1659,182323552533556354021782264444885743666,L5_6_NP,267,4773.2211900704715,-2602.0651601710056
UCID1660,58153248140513604586751284172767787571,L5_6_NP,93,5044.718084501941,-3416.555843465413
UCID1661,251376581773490688464509089807618397151,L5_6_NP,383,4682.722225259982,-1878.0734416870878
UCID1662,330299712135454867966962821750458660374,L5_6_NP,184,4230.227401207534,-2964.0610194129645
UCID1663,55185647821910154704443515894378944665,L5_6_NP,46,4230.227401207534,-3597.5537730863925
UCID1664,266240468776394574803203560678894429149,L5_6_NP,266,4682.722225259982,-2602.0651601710056
UCID1665,78041915785808985096415374064007419684,L5_6_NP,333,4682.722225259982,-2240.0693009290467
UCID1666,207559710311500919974028011621450278887,L5_6_NP,42,3868.231541965575,-3597.5537730863925
UCID1667,20908184038415861148371223804129126705,L5_6_NP,104,4230.227401207534,-3326.0568786549234
UCID1668,196101718509452442452237247016683263917,L5_6_NP,46,4230.227401207534,-3597.5537730863925
UCID1669,215770567566588682347459153933640221161,L5_6_NP,167,4501.724295639003,-3054.559984223454
UCID1670,76847107737262504068581226800108531949,L5_6_NP,154,5135.21704931243,-3145.058949033944
UCID1671,226776730500243507908135975184942583712,L5_6_NP,12,3868.231541965575,-3778.551702707372
UCID1672,281837578865872077687014474022354036047,L5_6_NP,145,4320.726366018023,-3145.058949033944
UCID1673,162933219048994926545076878584462082601,L5_6_NP,36,4682.722225259982,-3688.0527378968823
UCID1674,134009011824297408119086176760255935488,L5_6_NP,154,5135.21704931243,-3145.058949033944
UCID1675,134096677038907797358265218772819095536,L5_6_NP,258,3958.730506776065,-2602.0651601710056
UCID1676,104199012032694181036259463212136800428,L5_6_NP,200,3958.730506776065,-2873.5620546024747
UCID1677,192728001937942358921564396900698085619,L5_6_NP,62,3958.730506776065,-3507.054808275903
UCID1678,339005245576218884271228390121153916730,L5_6_NP,218,3777.7325771550854,-2783.063089791985
UCID1679,125852761948185261775149542595164252950,L5_6_NP,360,4773.2211900704715,-2059.0713713080672
UCID1680,107347919257492114702939360010276165731,L5_6_NP,128,4592.223260449493,-3235.5579138444336
UCID1681,116708724866964250800245851028038123893,L5_6_NP,56,5135.21704931243,-3597.5537730863925
UCID1682,141483870871056874494063945207332449623,L5_6_NP,326,5406.7139437439,-2330.5682657395364
UCID1683,288807821357084196310722291510149207660,L5_6_NP,69,4592.223260449493,-3507.054808275903
UCID1684,227036030980039513675751379296107202959,L5_6_NP,145,4320.726366018023,-3145.058949033944
UCID1685,278352434919535694883769213280126305523,L5_6_NP,184,4230.227401207534,-2964.0610194129645
UCID1686,174126106996998511590569758637364421042,L5_6_NP,154,5135.21704931243,-3145.058949033944
UCID1687,160125243625417062082847386256076725105,L5_6_NP,266,4682.722225259982,-2602.0651601710056
UCID1688,292048788788646368464431368171207208019,L5_6_NP,235,5316.214978933411,-2783.063089791985
UCID1689,244938885213564837667268905847531166381,L5_6_NP,36,4682.722225259982,-3688.0527378968823
UCID1690,212699862674392977409607416206196945040,L5_6_NP,63,4049.2294715865546,-3507.054808275903
UCID1691,93056663531734698678947921959522437700,L5_6_NP,251,5044.718084501941,-2692.5641249814953
UCID1692,268383401237536267189918483481177769435,L5_6_NP,401,5316.214978933411,-1787.574476876598
UCID1693,115677051175008268560888143637885450209,L5_6_NP,153,5044.718084501941,-3145.058949033944
UCID1694,250533391173287573518684729908898741407,L5_6_NP,266,4682.722225259982,-2602.0651601710056
UCID1695,234517907223732656921506917948718105484,L5_6_NP,258,3958.730506776065,-2602.0651601710056
UCID1696,92107678595465148034699207629594049407,L5_6_NP,383,4682.722225259982,-1878.0734416870878
UCID1697,273671212183346622290445545084474685318,L5_6_NP,69,4592.223260449493,-3507.054808275903
UCID1698,261400176737277955217600998398763065287,L5_6_NP,324,5225.716014122921,-2330.5682657395364
UCID1699,279629043061548056654505706080268258894,L5_6_NP,144,4230.227401207534,-3145.058949033944
UCID1700,171034223386701734544907971873546126949,L5_6_NP,153,5044.718084501941,-3145.058949033944
UCID1701,171724966371908384415719583685037441878,L5_6_NP,305,4954.219119691452,-2421.067230550026
UCID1702,34496774111866618197612856628738083116,L5_6_NP,208,4682.722225259982,-2873.5620546024747
UCID1703,288320749174089606835977361119950794348,L5_6_NP,176,5316.214978933411,-3054.559984223454
UCID1704,220621975046830786709757059105683301601,L5_6_NP,153,5044.718084501941,-3145.058949033944
UCID1705,154718808048112866244195635078792383169,Vip,241,4139.728436397044,-2692.5641249814953
UCID1706,316573632571100783154515964175810614220,Vip,185,4320.726366018023,-2964.0610194129645
UCID1707,15568788675139193467757116271502048580,Vip,197,3687.2336123445957,-2873.5620546024747
UCID1708,212402056498755425322620279315796019641,Vip,51,4682.722225259982,-3597.5537730863925
UCID1709,69936950586492020552081098924613351774,Vip,132,4954.219119691452,-3235.5579138444336
UCID1710,193866241595108737593139499202890361548,Vip,234,5225.716014122921,-2783.063089791985
UCID1711,125736105364940206263588131254682604168,Vip,73,4954.219119691452,-3507.054808275903
UCID1712,289387526633711698179023310372201483730,Vip,419,5406.7139437439,-1606.5765472556186
UCID1713,289401196172438129190552085074479265775,Vip,361,4863.720154880962,-2059.0713713080672
UCID1714,96076625223103334311120773836470334373,Vip,384,4773.2211900704715,-1878.0734416870878
UCID1715,68586389151136334330213899568515589007,Vip,132,4954.219119691452,-3235.5579138444336
UCID1716,246283927444982779054357405016626007818,Vip,136,5316.214978933411,-3235.5579138444336
UCID1717,296097084252264129732412965046926632434,Vip,136,5316.214978933411,-3235.5579138444336
UCID1718,107128566224022179178369526310840085013,Vip,170,4773.2211900704715,-3054.559984223454
UCID1719,280814663061023268528861632484301053949,Vip,221,4049.2294715865546,-2783.063089791985
UCID1720,166207520420008243227008421269296865018,Vip,60,3777.7325771550854,-3507.054808275903
UCID1721,253139931544042182628110986404644438606,Vip,405,4863.720154880962,-1697.0755120661083
UCID1722,59467710565621883252937499762890461367,Vip,8,4139.728436397044,-3869.0506675178617
UCID1723,109960218986561813962517001588108066410,Vip,295,4049.2294715865546,-2421.067230550026
UCID1724,283285266022769970220059589297236510561,Vip,339,5225.716014122921,-2240.0693009290467
UCID1725,159636698303632076765549639953708406452,Vip,60,3777.7325771550854,-3507.054808275903
UCID1726,52337031225948782315781615855283015109,Vip,309,5316.214978933411,-2421.067230550026
UCID1727,141547277750399873230170253460896358084,Vip,224,4320.726366018023,-2783.063089791985
UCID1728,299917445789610221023344198803398662077,Vip,210,4863.720154880962,-2873.5620546024747
UCID1729,31356706333019235063944968049391552520,Vip,359,4682.722225259982,-2059.0713713080672
UCID1730,169311515437891262125879941126345728734,Vip,223,4230.227401207534,-2783.063089791985
UCID1731,119898752466573680982676473443950877160,Vip,224,4320.726366018023,-2783.063089791985
UCID1732,204074997334235334841921087842787483022,Vip,31,4230.227401207534,-3688.0527378968823
UCID1733,211576623229344465767888225531869419422,Vip,104,4230.227401207534,-3326.0568786549234
UCID1734,308389956167067545803010676448511929450,Vip,363,5044.718084501941,-2059.0713713080672
UCID1735,270838823460469291424128195797244934916,Vip,177,5406.7139437439,-3054.559984223454
UCID1736,332278449457129071767160899216029066341,Vip,132,4954.219119691452,-3235.5579138444336
UCID1737,20088504561553729701053139157209311864,Vip,279,4230.227401207534,-2511.566195360516
UCID1738,252797203559332734668755591355637409460,Vip,99,3777.7325771550854,-3326.0568786549234
UCID1739,328062427544790777424625981320246958146,Vip,259,4049.2294715865546,-2602.0651601710056
UCID1740,24586832786719230511356528636889452098,Vip,394,4682.722225259982,-1787.574476876598
UCID1741,198463197907965022781487295552759102427,Vip,33,4411.2253308285135,-3688.0527378968823
UCID1742,272948238617469339186265784918145686660,Vip,363,5044.718084501941,-2059.0713713080672
UCID1743,75190986565639661786173562525479263538,OPC,328,4230.227401207534,-2240.0693009290467
UCID1744,109979375552010212879865523379737278773,OPC,411,5406.7139437439,-1697.0755120661083
UCID1745,113538169522222240596213452626921152187,OPC,191,4863.720154880962,-2964.0610194129645
UCID1746,233150688481221936255630695291008956702,OPC,238,3868.231541965575,-2692.5641249814953
UCID1747,290734455146583036709203480861646599423,OPC,227,4592.223260449493,-2783.063089791985
UCID1748,220278513526971037391221672210509300531,OPC,5,3868.231541965575,-3869.0506675178617
UCID1749,56882086705467774678789323234060261116,OPC,389,5225.716014122921,-1878.0734416870878
UCID1750,27935208788722628681723885254027870864,OPC,117,5406.7139437439,-3326.0568786549234
UCID1751,189725758459584952663119297392401587723,OPC,315,4411.2253308285135,-2330.5682657395364
UCID1752,32605632250473291914599906714144867621,OPC,272,5225.716014122921,-2602.0651601710056
UCID1753,18616280749705228983877738261910003861,OPC,97,5406.7139437439,-3416.555843465413
UCID1754,30962654740135641500219904945576101233,OPC,365,5225.716014122921,-2059.0713713080672
UCID1755,53102869902203284919209444725957205964,OPC,103,4139.728436397044,-3326.0568786549234
UCID1756,98588265551439478692594404242652264977,OPC,152,4954.219119691452,-3145.058949033944
UCID1757,239901667763265978890069216535007289749,OPC,328,4230.227401207534,-2240.0693009290467
UCID1758,54758718559687658226966836866011760267,Pvalb,93,5044.718084501941,-3416.555843465413
UCID1759,295782885883243046771032648485890778966,Pvalb,347,4773.2211900704715,-2149.570336118557
UCID1760,321818068753913184736829339425340746479,Pvalb,54,4954.219119691452,-3597.5537730863925
UCID1761,269922893241422443529657014314060695766,Pvalb,206,4501.724295639003,-2873.5620546024747
UCID1762,283142509569759672554085222620445867987,Pvalb,292,5406.7139437439,-2511.566195360516
UCID1763,60314886070518182240131259105087614567,Pvalb,210,4863.720154880962,-2873.5620546024747
UCID1764,248132267570258597678382748154222788039,Pvalb,183,4139.728436397044,-2964.0610194129645
UCID1765,29775310950590441136425733896771151462,Pvalb,252,5135.21704931243,-2692.5641249814953
UCID1766,164591697559259904331492058662192564322,Pvalb,269,4954.219119691452,-2602.0651601710056
UCID1767,338449190833633224925719141423722246610,Pvalb,325,5316.214978933411,-2330.5682657395364
UCID1768,241345360477345949470514299703860015956,Pvalb,269,4954.219119691452,-2602.0651601710056
UCID1769,81800593522808885678859557649836867615,Pvalb,56,5135.21704931243,-3597.5537730863925
UCID1770,240867860101581644280761153617669390145,Pvalb,368,4411.2253308285135,-1968.5724064975775
UCID1771,64245765336727414187994212808127290200,Pvalb,157,5406.7139437439,-3145.058949033944
UCID1772,178217512389262866291289035951328822616,Pvalb,32,4320.726366018023,-3688.0527378968823
UCID1773,279483226765491868287249972635348441741,Pvalb,283,4592.223260449493,-2511.566195360516
UCID1774,200339140521603772420630925411227336738,Pvalb,283,4592.223260449493,-2511.566195360516
UCID1775,222982856434239778672923092201037818441,Pvalb,191,4863.720154880962,-2964.0610194129645
UCID1776,162566063178710879634856024808055523420,Pvalb,209,4773.2211900704715,-2873.5620546024747
UCID1777,195457300262102859463331293956268822668,Pvalb,210,4863.720154880962,-2873.5620546024747
UCID1778,299579675364052698451626216865472962841,Pvalb,222,4139.728436397044,-2783.063089791985
UCID1779,72392062773815909501265457769164734169,Pvalb,58,5316.214978933411,-3597.5537730863925
UCID1780,166566693004840718211670606336457366456,Pvalb,317,4592.223260449493,-2330.5682657395364
UCID1781,46908506632624688884848422255792305833,Pvalb,54,4954.219119691452,-3597.5537730863925
UCID1782,31187777156888449305074442727837193145,Pvalb,292,5406.7139437439,-2511.566195360516
UCID1783,140042406421343869493474268354607597299,Pvalb,325,5316.214978933411,-2330.5682657395364
UCID1784,4717831418368859458184716359851466361,Pvalb,316,4501.724295639003,-2330.5682657395364
UCID1785,86306776559031877597025627063291105828,Pvalb,93,5044.718084501941,-3416.555843465413
UCID1786,215625930539017696886273714960905647107,Pvalb,56,5135.21704931243,-3597.5537730863925
UCID1787,162240904390649022898001971149742379002,Pvalb,269,4954.219119691452,-2602.0651601710056
UCID1788,58133206969225959868023603028308285448,Pvalb,6,3958.730506776065,-3869.0506675178617
UCID1789,192269949099635943153846876796858476977,Pvalb,78,5406.7139437439,-3507.054808275903
UCID1790,333329045260565257355573706579725375120,Pvalb,363,5044.718084501941,-2059.0713713080672
UCID1791,217858379046731777897612720382158897630,Pvalb,316,4501.724295639003,-2330.5682657395364
UCID1792,72437425655883677890242500789840078691,Pvalb,269,4954.219119691452,-2602.0651601710056
UCID1793,99345346601115168045856425152410749974,Pvalb,34,4501.724295639003,-3688.0527378968823
UCID1794,5639592606786639952823624788610551029,Pvalb,152,4954.219119691452,-3145.058949033944
UCID1795,272104219261991265951755453149182543715,Pvalb,269,4954.219119691452,-2602.0651601710056
UCID1796,117052171560025895233546683318472174965,Pvalb,152,4954.219119691452,-3145.058949033944
UCID1797,59675427810981078472921335083459757717,Pvalb,121,3958.730506776065,-3235.5579138444336
UCID1798,161724547442850522073352906280087264446,Pvalb,139,3777.7325771550854,-3145.058949033944
UCID1799,332459251094214587756841296293109553315,Pvalb,152,4954.219119691452,-3145.058949033944
UCID1800,181280583643439021935834186321758435032,Pvalb,337,5044.718084501941,-2240.0693009290467
UCID1801,7198949164819253169581482772946437739,Pvalb,183,4139.728436397044,-2964.0610194129645
UCID1802,134651493064205552192592769404294276043,Pvalb,152,4954.219119691452,-3145.058949033944
UCID1803,303448278684614476442180067146361017106,Pvalb,407,5044.718084501941,-1697.0755120661083
UCID1804,9395467100224202867868594833147593894,Pvalb,317,4592.223260449493,-2330.5682657395364
UCID1805,307578697294160893058358485557959703093,Pvalb,35,4592.223260449493,-3688.0527378968823
UCID1806,297452537882934317256568390595465450814,Pvalb,244,4411.2253308285135,-2692.5641249814953
UCID1807,248882042988775469043352465129490698724,Pvalb,372,4773.2211900704715,-1968.5724064975775
UCID1808,183650056791258197364020083360591769141,Pvalb,107,4501.724295639003,-3326.0568786549234
UCID1809,161925118622011653251935135475475464319,Pvalb,363,5044.718084501941,-2059.0713713080672
UCID1810,270857224970198738296754577912173055,Pvalb,292,5406.7139437439,-2511.566195360516
UCID1811,79105179966267054430258667837809452668,Pvalb,173,5044.718084501941,-3054.559984223454
UCID1812,324656142509205081150964576777915457565,Pvalb,20,4592.223260449493,-3778.551702707372
UCID1813,47409054515151972369509252610118320941,Pvalb,372,4773.2211900704715,-1968.5724064975775
UCID1814,30419111442959742871502918219838246565,Pvalb,259,4049.2294715865546,-2602.0651601710056
UCID1815,71902538439535134454637622059539240579,Pvalb,402,5406.7139437439,-1787.574476876598
UCID1816,292530834538602092211111811294633680809,Pvalb,205,4411.2253308285135,-2873.5620546024747
UCID1817,2144325761571881969149706548926526739,Pvalb,292,5406.7139437439,-2511.566195360516
UCID1818,120341624126938560367774085111840120572,Pvalb,312,4139.728436397044,-2330.5682657395364
UCID1819,92249961499584237843705479490312388656,Pvalb,316,4501.724295639003,-2330.5682657395364
UCID1820,227143740538531266551482496041027538248,Pvalb,78,5406.7139437439,-3507.054808275903
UCID1821,285542291054828869801420482045222593047,Pvalb,7,4049.2294715865546,-3869.0506675178617
UCID1822,176406484765153833608521531999066854182,Pvalb,316,4501.724295639003,-2330.5682657395364
UCID1823,180556628187535950441879765999606531810,Pvalb,7,4049.2294715865546,-3869.0506675178617
UCID1824,36855625558826714347664802281087840440,Pvalb,62,3958.730506776065,-3507.054808275903
UCID1825,182489696011253228867402614854789282034,Lamp5,337,5044.718084501941,-2240.0693009290467
UCID1826,168716974186057380499272591762279831835,Lamp5,198,3777.7325771550854,-2873.5620546024747
UCID1827,70743537852925606320744139038884635299,Lamp5,117,5406.7139437439,-3326.0568786549234
UCID1828,72933694622200544348794994793328163906,Lamp5,218,3777.7325771550854,-2783.063089791985
UCID1829,148698551563174038060340615389181882932,Lamp5,174,5135.21704931243,-3054.559984223454
UCID1830,235148905600713484745233958398877522751,Lamp5,102,4049.2294715865546,-3326.0568786549234
UCID1831,318495371336953586104443894796033297256,Lamp5,142,4049.2294715865546,-3145.058949033944
UCID1832,96582216923402228849120451450397864115,Lamp5,132,4954.219119691452,-3235.5579138444336
UCID1833,259768759274360231171301307931499126070,Lamp5,8,4139.728436397044,-3869.0506675178617
UCID1834,228394367228493324898273150499083070908,Lamp5,8,4139.728436397044,-3869.0506675178617
UCID1835,320063166893321119084936091144335976914,Lamp5,374,4954.219119691452,-1968.5724064975775
UCID1836,209523505296376558283256321298259487003,Lamp5,158,3687.2336123445957,-3054.559984223454
UCID1837,317011020408577230479968209632647720122,Lamp5,342,4320.726366018023,-2149.570336118557
UCID1838,328437214634536716180022886628995530797,Lamp5,201,4049.2294715865546,-2873.5620546024747
UCID1839,156484053853434903722260903324689355622,Lamp5,238,3868.231541965575,-2692.5641249814953
UCID1840,160754041219590177999682801690402830264,Lamp5,7,4049.2294715865546,-3869.0506675178617
UCID1841,192988505206105212728017214407082060087,Lamp5,383,4682.722225259982,-1878.0734416870878
UCID1842,308903571677510544246112853210892867198,Lamp5,158,3687.2336123445957,-3054.559984223454
UCID1843,87304819610553597140563218968382259124,Lamp5,102,4049.2294715865546,-3326.0568786549234
UCID1844,42441501352139960238162467147339945974,Lamp5,407,5044.718084501941,-1697.0755120661083
UCID1845,237238748936415677300066536710386837361,Lamp5,41,3777.7325771550854,-3597.5537730863925
UCID1846,256001272734162518196235307994554892709,Lamp5,386,4954.219119691452,-1878.0734416870878
UCID1847,192394610189140610064855085206399865234,Lamp5,326,5406.7139437439,-2330.5682657395364
UCID1848,131404916097972687915456919572455600457,Lamp5,363,5044.718084501941,-2059.0713713080672
UCID1849,240614353734777649634597688893540662611,Lamp5,68,4501.724295639003,-3507.054808275903
UCID1850,332642175621178530244342730798538795085,Lamp5,102,4049.2294715865546,-3326.0568786549234
UCID1851,157261884477954957404766812249272565369,Lamp5,386,4954.219119691452,-1878.0734416870878
UCID1852,331804677351302687813030763749029575814,Lamp5,221,4049.2294715865546,-2783.063089791985
UCID1853,233831157210723154425109531505253107966,Lamp5,210,4863.720154880962,-2873.5620546024747
UCID1854,114533529546409491175981967916333148587,Lamp5,41,3777.7325771550854,-3597.5537730863925
UCID1855,320436281583539023775971455521035393434,Lamp5,104,4230.227401207534,-3326.0568786549234
UCID1856,267057402921485751717433048214679378493,Lamp5,362,4954.219119691452,-2059.0713713080672
UCID1857,263208287224838660936733348247645378974,Lamp5,224,4320.726366018023,-2783.063089791985
UCID1858,132986524808513127414803410466485328053,Lamp5,297,4230.227401207534,-2421.067230550026
UCID1859,282663825823507552465731794552641604268,Lamp5,218,3777.7325771550854,-2783.063089791985
UCID1860,215404485830073633699191988196962543634,Lamp5,297,4230.227401207534,-2421.067230550026
UCID1861,231726785131160651476208268217198183495,Lamp5,201,4049.2294715865546,-2873.5620546024747
UCID1862,92464414393215841108542876056787782594,Lamp5,279,4230.227401207534,-2511.566195360516
UCID1863,126316014218464306546442117665181339316,Lamp5,313,4230.227401207534,-2330.5682657395364
UCID1864,2585950548642927137044068393372536449,Lamp5,296,4139.728436397044,-2421.067230550026
UCID1865,200978328464888757650760056010470538005,Lamp5,297,4230.227401207534,-2421.067230550026
UCID1866,148985468305407001273846493894579623342,Lamp5,330,4411.2253308285135,-2240.0693009290467
UCID1867,147952248556863638468382504635848441583,Lamp5,223,4230.227401207534,-2783.063089791985
UCID1868,91974425673592639631440158029483373284,Lamp5,407,5044.718084501941,-1697.0755120661083
UCID1869,311201643589214281980911616005635659562,Lamp5,51,4682.722225259982,-3597.5537730863925
UCID1870,246546345046106278401664384917665822433,Lamp5,368,4411.2253308285135,-1968.5724064975775
UCID1871,228579935902488529333709836000895649427,Lamp5,218,3777.7325771550854,-2783.063089791985
UCID1872,326797128327419538492114812253511441375,Lamp5,251,5044.718084501941,-2692.5641249814953
UCID1873,230238280421697271999909532750192175954,Lamp5,22,4773.2211900704715,-3778.551702707372
UCID1874,36042420785519849510332841594723995805,Lamp5,326,5406.7139437439,-2330.5682657395364
UCID1875,27018345936390725270046528769990362558,Lamp5,8,4139.728436397044,-3869.0506675178617
UCID1876,291688959246406057253376661228179476430,Lamp5,68,4501.724295639003,-3507.054808275903
UCID1877,134549613688011130340336375864965464628,Lamp5,398,5044.718084501941,-1787.574476876598
UCID1878,269637565808794889737225201075711151437,Lamp5,238,3868.231541965575,-2692.5641249814953
UCID1879,60812077788475195959144877613362639861,Lamp5,224,4320.726366018023,-2783.063089791985
UCID1880,67810175048244956196752118379020804833,Lamp5,419,5406.7139437439,-1606.5765472556186
UCID1881,156548388677779717170100971955479362831,Lamp5,296,4139.728436397044,-2421.067230550026
UCID1882,50777904660864666124889378588287216687,Lamp5,41,3777.7325771550854,-3597.5537730863925
UCID1883,265898121795978774265760484978635703557,Lamp5,252,5135.21704931243,-2692.5641249814953
UCID1884,218243610784391222674182501483653746650,Lamp5,381,4501.724295639003,-1878.0734416870878
UCID1885,164458519640366238720926676210469000528,Lamp5,174,5135.21704931243,-3054.559984223454
UCID1886,319874613008383454438878200955923727827,Lamp5,22,4773.2211900704715,-3778.551702707372
UCID1887,340034306149793933322428059568699182207,Lamp5,297,4230.227401207534,-2421.067230550026
UCID1888,124232951662982208680814357459370963705,Lamp5,102,4049.2294715865546,-3326.0568786549234
UCID1889,331633375842678520825581271462562607537,Lamp5,251,5044.718084501941,-2692.5641249814953
UCID1890,288015243877852018202991143651536016096,L6_IT_Car3,278,4139.728436397044,-2511.566195360516
UCID1891,122562712481270925141481512124385234770,L6_IT_Car3,57,5225.716014122921,-3597.5537730863925
UCID1892,184764236795491424123660605717329874445,L6_IT_Car3,77,5316.214978933411,-3507.054808275903
UCID1893,56143055507925301042595257956339694596,L6_IT_Car3,77,5316.214978933411,-3507.054808275903
UCID1894,174031218942004429981866068378457257616,L6_IT_Car3,77,5316.214978933411,-3507.054808275903
UCID1895,45667993986506346934604364487905525683,L6_IT_Car3,333,4682.722225259982,-2240.0693009290467
UCID1896,291701330163170449149684624380072963905,L6_IT_Car3,192,4954.219119691452,-2964.0610194129645
UCID1897,24805350986174046791183298909094862578,L6_IT_Car3,333,4682.722225259982,-2240.0693009290467
UCID1898,306135623527361887007677401423819982935,L6_IT_Car3,91,4863.720154880962,-3416.555843465413
UCID1899,2758102793355810541703117262052720006,L6_IT_Car3,207,4592.223260449493,-2873.5620546024747
UCID1900,288249800495611925439316598872848037525,L6_IT_Car3,77,5316.214978933411,-3507.054808275903
UCID1901,296927420650450639669502352571268926975,L6_IT_Car3,95,5225.716014122921,-3416.555843465413
UCID1902,88746601377997461198516882445729492668,L6_IT_Car3,77,5316.214978933411,-3507.054808275903
UCID1903,205847718188757291403501635193316009956,L6_IT_Car3,77,5316.214978933411,-3507.054808275903
UCID1904,134025348672407663229349262409322561884,L6_IT_Car3,45,4139.728436397044,-3597.5537730863925
UCID1905,168731667498036097758583211078170469183,L6_IT_Car3,74,5044.718084501941,-3507.054808275903
UCID1906,3914957488183005535854873919643221113,L6_IT_Car3,225,4411.2253308285135,-2783.063089791985
UCID1907,94279254603645439631029096018676891024,L6_IT_Car3,20,4592.223260449493,-3778.551702707372
UCID1908,87563680062251174113386505883736198236,L6_IT_Car3,91,4863.720154880962,-3416.555843465413
UCID1909,162706994072542159716552166485767071278,L6b,261,4230.227401207534,-2602.0651601710056
UCID1910,260596857216380209026017588663623796575,Sncg,104,4230.227401207534,-3326.0568786549234
