,spot,cell,value,spot_type,cell_type,x,y,Cell_xcoord,Cell_ycoord
743,0,60460795759250428239083794072742833588,0.00023820867079561692,1,Endo,3669.484129939351,-3977.299114733596,3657.462139171728,-3977.299114733602
940,0,28937714887785532255949098101182192245,0.00023820867079561692,1,Endo,3669.484129939351,-3977.299114733596,3717.6561543806574,-3977.299114733602
1044,0,63364078792618240578188186949606446965,0.00023820867079561692,1,Endo,3669.484129939351,-3977.299114733596,3672.7314053230916,-3977.299114733602
3380,0,89090734157339777538646571460500045568,0.00023820867079561692,1,Oligo,3669.484129939351,-3977.299114733596,3619.4177495607655,-3977.299114733602
1661,0,338622681189373154898955437287150445148,0.00023820867079561692,1,Endo,3669.484129939351,-3977.299114733596,3680.1532012605308,-3977.299114733602
1110,1,87340807916730302880629923244133991904,0.00023820867079561692,1,PVM,3769.484129939351,-3977.299114733596,3723.115607199801,-3958.4151918581697
2129,1,92499690165916746285344805091481356091,0.00023820867079561692,1,SMC,3769.484129939351,-3977.299114733596,3765.1991407356622,-3990.0775926017636
311,1,283235147438301449245196389841716153788,0.00023820867079561692,1,VLMC,3769.484129939351,-3977.299114733596,3797.159153308256,-3971.6568573376226
1970,1,173927465298573240890327052850633079446,0.00023820867079561692,1,VLMC,3769.484129939351,-3977.299114733596,3798.094111437983,-3984.177908102174
1233,1,2819032666694449244551186674170649559,0.00023820867079561692,1,Peri,3769.484129939351,-3977.299114733596,3763.8526370150566,-3982.168023768273
2687,10,98588265551439478692594404242652264977,0.00023820867079561692,3,OPC,4469.484129939351,-3777.299114733596,4482.812643470775,-3778.3856412507853
322,10,40243963211080738611633840264554523379,0.00023820867079561692,3,Endo,4469.484129939351,-3777.299114733596,4448.366695770941,-3788.1776269898
1216,10,275530937115904074276590175679860761953,0.00023820867079561692,3,L6_CT,4469.484129939351,-3777.299114733596,4468.541422499748,-3782.959359917687
1332,10,204531512369598051830228787643194460595,0.00023820867079561692,3,Endo,4469.484129939351,-3777.299114733596,4432.275881514685,-3779.5778552752713
1410,10,308357476884266102102529769657580184588,0.00023820867079561692,3,L5_6_NP,4469.484129939351,-3777.299114733596,4515.424006440604,-3757.395090234444
69,100,207169961982299929256037664174996913984,0.00023820867079561692,1,L5_ET,4569.484129939351,-3177.299114733596,4566.373744851269,-3213.166491738462
1717,100,81799165248324348172228974521415282017,0.00023820867079561692,1,L5_ET,4569.484129939351,-3177.299114733596,4582.498099933131,-3214.594203136909
1307,100,255148736012116488128413279972897611841,0.00023820867079561692,1,L6_CT,4569.484129939351,-3177.299114733596,4608.539332560362,-3145.9728702659777
2009,100,131811987919826395571579835512476306799,0.00023820867079561692,1,L6_CT,4569.484129939351,-3177.299114733596,4534.8774755542645,-3174.28997178701
787,100,240701162264347045030042637320481426036,0.00023820867079561692,1,L4_5_IT,4569.484129939351,-3177.299114733596,4555.131996797733,-3138.4720367396194
1375,101,194262285201766612515950132879706706299,0.00023820867079561692,4,L5_ET,4669.484129939351,-3177.299114733596,4630.54557683979,-3145.8279926257683
3233,101,263020584743489652837042564809497179473,0.00023820867079561692,4,OPC,4669.484129939351,-3177.299114733596,4694.947654580633,-3196.124697846822
633,101,186916690108586801241356996125895087673,0.00023820867079561692,4,Sst,4669.484129939351,-3177.299114733596,4683.060576683656,-3199.5904432785915
1609,101,286590735254857135393406317824694620392,0.00023820867079561692,4,L5_6_NP,4669.484129939351,-3177.299114733596,4646.596509081519,-3197.272036829757
1725,101,5905252785615981959830149670173262961,0.00023820867079561692,4,PVM,4669.484129939351,-3177.299114733596,4692.270332511153,-3147.6804030870426
68,102,192070405320363113926689599732884375308,0.00023820867079561692,1,L6_CT,4769.484129939351,-3177.299114733596,4760.367583410334,-3133.654044894465
396,102,31643454240108065483809196697217553656,0.00023820867079561692,1,L6_CT,4769.484129939351,-3177.299114733596,4739.22294672622,-3190.9794322292346
503,102,252696273219947336269515166759878062016,0.00023820867079561692,1,L6_CT,4769.484129939351,-3177.299114733596,4748.167178641389,-3211.0999289156366
631,102,201652682198226785304745298095575630593,0.00023820867079561692,1,L6_CT,4769.484129939351,-3177.299114733596,4792.527182147015,-3206.46301184163
886,102,214379598771909389633466621804640925801,0.00023820867079561692,1,L6_CT,4769.484129939351,-3177.299114733596,4807.13575877181,-3144.2991557870173
966,103,166709651166843606395749557846276692009,0.00023820867079561692,1,L5_IT,4869.484129939351,-3177.299114733596,4902.42171293992,-3180.992631086674
103,103,92911575595726868431407323560402215660,0.00023820867079561692,1,L2_3_IT,4869.484129939351,-3177.299114733596,4913.5686855667755,-3156.448811439904
449,103,146404237307007454085979855341274940715,0.00023820867079561692,1,L5_ET,4869.484129939351,-3177.299114733596,4834.234286658078,-3188.5070805106257
854,103,74243479981089799760580205656163404436,0.00023820867079561692,1,L5_ET,4869.484129939351,-3177.299114733596,4826.881170049296,-3203.5979788311115
1211,103,77326312606020872755323448920248821709,0.00023820867079561692,1,L4_5_IT,4869.484129939351,-3177.299114733596,4870.314794482671,-3156.949071799653
1182,104,293945353968010263963111501403977035298,0.00023820867079561692,3,L6_CT,4969.484129939351,-3177.299114733596,4978.930904104749,-3187.517213782648
1896,104,261684568127439963435115954830982324244,0.00023820867079561692,3,L6_IT,4969.484129939351,-3177.299114733596,4979.7071784296095,-3201.425255742436
561,104,259482519788064459962622517516272594798,0.00023820867079561692,3,L5_IT,4969.484129939351,-3177.299114733596,4968.725409515893,-3173.1779571532734
1229,104,100711744188560459860855719622720771969,0.00023820867079561692,3,L4_5_IT,4969.484129939351,-3177.299114733596,4929.2897476190965,-3147.4485858587764
1506,104,236576857221502095983981451447059813300,0.00023820867079561692,3,L6_CT,4969.484129939351,-3177.299114733596,4990.767410027385,-3176.9265611308506
344,105,170784990164374690762905822382776530962,0.00023820867079561692,1,L4_5_IT,5069.484129939351,-3177.299114733596,5078.811781833266,-3176.656183257967
1634,105,34784737839503819674779264849917815059,0.00023820867079561692,1,L6_CT,5069.484129939351,-3177.299114733596,5074.603886666866,-3146.900045933013
3008,105,278397679376798127756904986551656303826,0.00023820867079561692,1,L6_CT,5069.484129939351,-3177.299114733596,5077.04328231196,-3160.7652804222957
293,105,211251559217927247983825344289979966104,0.00023820867079561692,1,L2_3_IT,5069.484129939351,-3177.299114733596,5046.87292380253,-3221.9687442513277
4088,105,40874281926294332421118501769046944202,0.0001297931860104334,1,L6_IT,5069.484129939351,-3177.299114733596,5070.08877508211,-3180.205319803379
2555,106,227172631898915382694759019176349041875,0.00023820867079561692,1,L5_ET,5169.484129939351,-3177.299114733596,5185.459198462733,-3150.44488217365
2494,106,262513366284392704051059994100828791627,0.00023820867079561692,1,L6_IT_Car3,5169.484129939351,-3177.299114733596,5139.847904251044,-3188.8487957515736
3444,106,17208155434086394386838775854637260967,0.00023820867079561692,1,Pvalb,5169.484129939351,-3177.299114733596,5218.872161615187,-3169.085420595159
1996,106,52056929538784196792486171958480935281,0.00023820867079561692,1,L6_IT,5169.484129939351,-3177.299114733596,5148.929981109896,-3184.553752134162
2115,106,301710539794160425807539208666374666198,0.00023820867079561692,1,L6_IT,5169.484129939351,-3177.299114733596,5154.3114042578945,-3193.562723013433
3269,107,124181157945990675303084340971216308,0.00023820867079561692,2,L5_6_NP,5269.484129939351,-3177.299114733596,5266.36605391968,-3200.5991595933233
3394,107,187400988558980306737672775916524376643,0.00023820867079561692,2,OPC,5269.484129939351,-3177.299114733596,5268.411643285382,-3202.431950319489
520,107,288220116457608169910468934814891177079,0.00023820867079561692,2,VLMC,5269.484129939351,-3177.299114733596,5285.26993755967,-3129.7864772359
447,107,79191325420242394150060588310922124348,0.00023820867079561692,2,L6_IT,5269.484129939351,-3177.299114733596,5270.277471157527,-3160.509268168975
896,107,214585818789751062566341682800275903316,0.00023820867079561692,2,L6_CT,5269.484129939351,-3177.299114733596,5257.09554377447,-3193.168718350285
3886,108,215770567566588682347459153933640221161,0.00023820867079561692,3,L5_6_NP,5369.484129939351,-3177.299114733596,5334.824397557463,-3213.428678741886
1511,108,134025348672407663229349262409322561884,0.00023820867079561692,3,L6_IT_Car3,5369.484129939351,-3177.299114733596,5404.724735741869,-3191.7299707567995
226,108,60296505421016345497352471570108016890,0.00023820867079561692,3,Oligo,5369.484129939351,-3177.299114733596,5348.661065321608,-3135.4689856505493
624,108,336483046324212948647988689901319333121,0.00023820867079561692,3,Oligo,5369.484129939351,-3177.299114733596,5381.155710193965,-3157.113220622304
840,108,18028341673102596875495426146024365102,0.00023820867079561692,3,Oligo,5369.484129939351,-3177.299114733596,5378.054740881865,-3188.7547178964383
2114,109,263992929537335331342744896790883409728,0.00023820867079561692,3,Astro,3769.484129939351,-3077.299114733596,3770.9741992467475,-3098.1210969491904
2751,109,197676449490908413977466164460275595093,0.00023820867079561692,3,Astro,3769.484129939351,-3077.299114733596,3811.9876167200073,-3103.758443064069
1124,109,294435974280099576138647970022679976605,0.00023820867079561692,3,VLMC,3769.484129939351,-3077.299114733596,3748.0511718327966,-3050.715642659636
649,109,57465655201287743231226723612346376508,0.00023820867079561692,3,Endo,3769.484129939351,-3077.299114733596,3766.7987907316483,-3080.9499825328066
741,109,74251438631939516965678102803304835930,0.00023820867079561692,3,PVM,3769.484129939351,-3077.299114733596,3749.6088711655552,-3052.9504084622813
214,11,174126106996998511590569758637364421042,0.00023820867079561692,3,L5_6_NP,4569.484129939351,-3777.299114733596,4586.264667445127,-3774.315314049223
104,11,109818677104076638046081540588581960205,0.00023820867079561692,3,L5_ET,4569.484129939351,-3777.299114733596,4565.487912954823,-3791.3541518486586
1415,11,36373767317377068323720586575078798431,0.00023820867079561692,3,L5_ET,4569.484129939351,-3777.299114733596,4576.911765872192,-3748.5357559528447
46,11,43613443500918048734160935163017795402,0.00023820867079561692,3,Endo,4569.484129939351,-3777.299114733596,4524.206881599648,-3798.667624906233
4099,11,16601433863406615071320079391392421455,0.00012979318601043298,3,L5_6_NP,4569.484129939351,-3777.299114733596,4594.549421824958,-3773.6227269110227
138,110,18766048344253459172497780524947077395,0.00023820867079561692,1,L2_3_IT,3869.484129939351,-3077.299114733596,3900.1882954719554,-3059.0404650067635
681,110,50068700387253413552788140885586713321,0.00023820867079561692,1,Oligo,3869.484129939351,-3077.299114733596,3832.729279860326,-3111.2950474297527
763,110,54074365587182847805090352485262872508,0.00023820867079561692,1,Oligo,3869.484129939351,-3077.299114733596,3845.1407488273953,-3091.1549440296617
2695,110,117052171560025895233546683318472174965,0.00023820867079561692,1,Pvalb,3869.484129939351,-3077.299114733596,3902.165406153808,-3052.576931877089
89,110,340010804472373084887023060325749851212,0.00023820867079561692,1,Micro,3869.484129939351,-3077.299114733596,3867.1969193832674,-3072.4281853247116
44,111,147411116213954295296447356083098281031,0.00023820867079561692,1,L2_3_IT,3969.484129939351,-3077.299114733596,3966.7255114133545,-3075.098776561319
126,111,141117970588375142247434670363170180624,0.00023820867079561692,1,L2_3_IT,3969.484129939351,-3077.299114733596,3963.10093450048,-3063.6640393153016
277,111,14634284487931265539315728715956196408,0.00023820867079561692,1,L2_3_IT,3969.484129939351,-3077.299114733596,3963.4400286597706,-3080.9226099169996
300,111,259996002230123963953050925470057360120,0.00023820867079561692,1,L2_3_IT,3969.484129939351,-3077.299114733596,3976.5875154738515,-3040.1013664984785
469,111,309454276556810215059744247272640164556,0.00023820867079561692,1,L4_5_IT,3969.484129939351,-3077.299114733596,3977.566659649309,-3126.708781375872
1157,112,294185546214488060815849722493272673560,0.00023820867079561692,1,VLMC,4069.484129939351,-3077.299114733596,4069.9946194136774,-3104.2721403252153
1648,112,225391518245496016529806994639819546647,0.00023820867079561692,1,VLMC,4069.484129939351,-3077.299114733596,4084.299843068987,-3029.475092645596
2308,112,81582046565866775525638167066291066970,0.00023820867079561692,1,VLMC,4069.484129939351,-3077.299114733596,4058.3715707692254,-3099.304825362813
3358,112,305520164983425831317567348109082458289,0.00023820867079561692,1,VLMC,4069.484129939351,-3077.299114733596,4077.405239185249,-3056.5705905355426
1059,112,6296986595541602291925438231811284582,0.00023820867079561692,1,PVM,4069.484129939351,-3077.299114733596,4057.3493772596244,-3096.8729247988044
703,113,44256896331785651768516462331803051909,0.00023820867079561692,4,L4_5_IT,4169.484129939351,-3077.299114733596,4157.2303330543555,-3098.4549623618313
2719,113,133206178745319280391851493148361184519,0.00023820867079561692,4,L4_5_IT,4169.484129939351,-3077.299114733596,4158.915204604304,-3123.3944182766336
368,113,109617165670180072518073072269912764174,0.00023820867079561692,4,L6_IT,4169.484129939351,-3077.299114733596,4178.490871756516,-3047.8727065715398
488,113,57878868990327205930426043679113128236,0.00023820867079561692,4,L6_CT,4169.484129939351,-3077.299114733596,4194.418548023424,-3033.883481155104
1382,113,55698555218226570559180238933169257368,0.00023820867079561692,4,L2_3_IT,4169.484129939351,-3077.299114733596,4158.3656922581695,-3082.8900053028756
2279,114,255056484096457483246893866926965182462,0.00023820867079561692,2,Oligo,4269.484129939351,-3077.299114733596,4267.19415614717,-3070.417666737384
217,114,133001913177930617402896076675974280015,0.00023820867079561692,2,Peri,4269.484129939351,-3077.299114733596,4275.477995087511,-3067.8356749762606
2508,114,271323427623810101820045189172513538334,0.00023820867079561692,2,Peri,4269.484129939351,-3077.299114733596,4266.676716880342,-3127.2867219590808
548,114,132812334611156711321668262342121734981,0.00023820867079561692,2,VLMC,4269.484129939351,-3077.299114733596,4267.484120263688,-3081.075264124357
3952,114,44098066544434194411228817893344610897,0.00021683096957036746,2,L5_IT,4269.484129939351,-3077.299114733596,4270.587661318058,-3039.8802458708874
2732,115,267140241149718037121760412801767113672,0.00023820867079561692,1,PVM,4369.484129939351,-3077.299114733596,4360.617224409499,-3094.4801741774795
66,115,9671416807543251361327700808716091660,0.00023820867079561692,1,L5_IT,4369.484129939351,-3077.299114733596,4385.668074709979,-3038.8705646550166
1499,115,168216847524838670721601255290069053850,0.00023820867079561692,1,Sst,4369.484129939351,-3077.299114733596,4361.818770265857,-3046.5268548026247
1618,115,66073457787709655415828168178373542814,0.00023820867079561692,1,Astro,4369.484129939351,-3077.299114733596,4382.579396273922,-3125.6225711894404
1834,115,246546345046106278401664384917665822433,0.00023820867079561692,1,Lamp5,4369.484129939351,-3077.299114733596,4356.737184037482,-3080.9954088434242
85,116,174189176613187862521973222864012800746,0.00023820867079561692,2,L5_IT,4469.484129939351,-3077.299114733596,4470.41965261036,-3086.6930219500705
666,116,53102869902203284919209444725957205964,0.00023820867079561692,2,OPC,4469.484129939351,-3077.299114733596,4433.946826737717,-3066.060993911749
116,116,127423199456926727996585516457285760643,0.00023820867079561692,2,L4_5_IT,4469.484129939351,-3077.299114733596,4471.273808029219,-3081.454988621285
202,116,316940531981215450818357932099598306732,0.00023820867079561692,2,L6_IT,4469.484129939351,-3077.299114733596,4517.922614742984,-3064.6359542220375
692,116,79505135598090829625766002523537696868,0.00023820867079561692,2,L4_5_IT,4469.484129939351,-3077.299114733596,4453.857747576466,-3087.650614962839
821,117,277490317373818554124311994648482192833,0.00023820867079561692,3,L2_3_IT,4569.484129939351,-3077.299114733596,4551.798043443185,-3030.4606178676277
709,117,57410764079982463261310586680234744578,0.00023820867079561692,3,L5_ET,4569.484129939351,-3077.299114733596,4583.659049759331,-3111.7050861381135
960,117,170205725039557421503162990042073991189,0.00023820867079561692,3,L5_ET,4569.484129939351,-3077.299114733596,4590.200661706904,-3104.0662620683574
458,117,301373572180622328183479670718868429225,0.00023820867079561692,3,L6_IT,4569.484129939351,-3077.299114733596,4570.547012787739,-3063.886289660602
192,117,166827220730885846051975728154507449750,0.00023820867079561692,3,L5_IT,4569.484129939351,-3077.299114733596,4551.215881999589,-3076.3773179332798
903,118,34496774111866618197612856628738083116,0.00023820867079561692,3,L5_6_NP,4669.484129939351,-3077.299114733596,4690.907011788284,-3122.5506625248026
392,118,211157546209164943244152141370106753746,0.00023820867079561692,3,L6_IT,4669.484129939351,-3077.299114733596,4658.016696387955,-3045.9645908967614
1936,118,59001510294681348999005278802979928467,0.00023820867079561692,3,L6_IT,4669.484129939351,-3077.299114733596,4675.871910022407,-3085.8129079455543
2812,118,287300892240472326478221208137625604492,0.00023820867079561692,3,L6_IT,4669.484129939351,-3077.299114733596,4671.201264685256,-3063.34356425326
249,118,310777139113648534549558499825191796250,0.00023820867079561692,3,L5_IT,4669.484129939351,-3077.299114733596,4651.423766812853,-3068.8238480476016
74,119,306406741004403338371023366793705926776,0.00023820867079561692,1,Endo,4769.484129939351,-3077.299114733596,4737.271057906197,-3038.972095094704
1524,119,72407151119578113140244512720494985516,0.00023820867079561692,1,L6_CT,4769.484129939351,-3077.299114733596,4768.244249582332,-3098.4488565072984
2266,119,276235462367214455240728095048789859147,0.00023820867079561692,1,L6_CT,4769.484129939351,-3077.299114733596,4775.316195282701,-3087.905681495911
976,119,332692615931654635531500696428802111239,0.00023820867079561692,1,Oligo,4769.484129939351,-3077.299114733596,4784.561564735976,-3104.9455838339427
1380,119,303596985174272598708340701414807530632,0.00023820867079561692,1,L5_IT,4769.484129939351,-3077.299114733596,4782.0275821895375,-3056.2233567361186
2779,12,23487182633481780020965332987661454880,0.00023820867079561692,1,Endo,4669.484129939351,-3777.299114733596,4660.728028909633,-3823.601262144581
2967,12,234002661016830460047431996698677472215,0.00023820867079561692,1,Endo,4669.484129939351,-3777.299114733596,4699.273998584752,-3813.571017421585
201,12,80362880647773685615317957097812440691,0.00023820867079561692,1,L2_3_IT,4669.484129939351,-3777.299114733596,4671.235227509891,-3747.023371768253
1024,12,303532175610340079238968099646722003320,0.00023820867079561692,1,L4_5_IT,4669.484129939351,-3777.299114733596,4668.953960803578,-3769.8491180242736
3025,12,214373110457255291585745313311637740499,0.00023820867079561692,1,L6_CT,4669.484129939351,-3777.299114733596,4647.229433888885,-3732.450804309294
2613,120,110919467324821368433815224957325890818,0.00023820867079561692,1,Astro,4869.484129939351,-3077.299114733596,4894.75834590028,-3066.862589144009
289,120,253530239266393775674573999526307905755,0.00023820867079561692,1,L6_CT,4869.484129939351,-3077.299114733596,4830.042217151338,-3108.1370452711017
195,120,277618573633223082449447437511096146997,0.00023820867079561692,1,L2_3_IT,4869.484129939351,-3077.299114733596,4880.90697356551,-3057.7746554405517
683,120,191674114683149986893472706948628063834,0.00023820867079561692,1,Endo,4869.484129939351,-3077.299114733596,4872.478478348368,-3101.775385669628
4043,120,334468224133640703812139607423465622015,0.0001526978658946208,1,Astro,4869.484129939351,-3077.299114733596,4869.234634731263,-3051.9458981426937
2774,121,209695147573571350119628610052000732403,0.00023820867079561692,1,Endo,4969.484129939351,-3077.299114733596,4957.963901826717,-3074.6895238061193
3045,121,336298522699928668702378665821125387247,0.00023820867079561692,1,Endo,4969.484129939351,-3077.299114733596,4921.099831548646,-3073.844592280436
3850,121,230032870817219677532302135997060307300,0.00023820867079561692,1,Endo,4969.484129939351,-3077.299114733596,4952.384632563138,-3064.0576813127223
1143,121,95461899412422645495879125977132828807,0.00023820867079561692,1,L6_CT,4969.484129939351,-3077.299114733596,5014.602219114645,-3099.001660053983
1462,121,51536778315669728419218118983472600627,0.00023820867079561692,1,L6_CT,4969.484129939351,-3077.299114733596,5001.370064643616,-3074.902116214718
14,122,249777327009286241305273309519864847519,0.00023820867079561692,4,L6_CT,5169.484129939351,-3077.299114733596,5119.499270093233,-3080.155026212811
524,122,218850266073139083002978933568085322011,0.00023820867079561692,4,Oligo,5169.484129939351,-3077.299114733596,5189.123409497484,-3080.5059777198585
576,122,233848984383097859084415100023670020387,0.00023820867079561692,4,Oligo,5169.484129939351,-3077.299114733596,5188.743766336062,-3061.0443306010707
1137,122,63836049314446696127386179603050402148,0.00023820867079561692,4,Oligo,5169.484129939351,-3077.299114733596,5204.977774988922,-3077.271132479321
362,122,24855054419709643916539938050475000229,0.00023820867079561692,4,L6_CT,5169.484129939351,-3077.299114733596,5145.076428781052,-3087.519106654922
923,123,304794847043339882027486311623445917933,0.00023820867079561692,2,L6_CT,5269.484129939351,-3077.299114733596,5250.086978052018,-3050.917616450498
248,123,123325726171217048300571699688146796333,0.00023820867079561692,2,Oligo,5269.484129939351,-3077.299114733596,5285.178350943497,-3072.566168872193
795,123,174127381495909637649151610408690617534,0.00023820867079561692,2,Oligo,5269.484129939351,-3077.299114733596,5297.406946038554,-3088.525800212992
647,123,181204767637469724348627057129661201419,0.00023820867079561692,2,L6_IT,5269.484129939351,-3077.299114733596,5225.0995215678095,-3100.4648002170447
817,123,321421115578972863187294023821742542853,0.00023820867079561692,2,Oligo,5269.484129939351,-3077.299114733596,5289.648853094874,-3074.0211879152516
733,124,113901548165428430444607298087403700638,0.00023820867079561692,1,L2_3_IT,5369.484129939351,-3077.299114733596,5387.513201789209,-3059.250999229248
427,124,197366314512086537171483585260618300722,0.00023820867079561692,1,L6_CT,5369.484129939351,-3077.299114733596,5364.8466464674175,-3105.5334414525073
1046,124,313513520888080967354677858400872053964,0.00023820867079561692,1,L5_IT,5369.484129939351,-3077.299114733596,5338.011520211871,-3101.274650655013
1268,124,69104541633382222443827243241072164109,0.00023820867079561692,1,L4_5_IT,5369.484129939351,-3077.299114733596,5353.927284972877,-3080.2201991226743
1402,124,178249963499105942146149682050865000148,0.00023820867079561692,1,L2_3_IT,5369.484129939351,-3077.299114733596,5403.121996255407,-3040.216283208531
1930,125,33400492745164709526364883128358764070,0.00023820867079561692,1,Endo,3669.484129939351,-2977.299114733596,3706.249065548864,-3011.284140168949
94,125,196080740839110978493556465149939612686,0.00023820867079561692,1,VLMC,3669.484129939351,-2977.299114733596,3641.438457270078,-2968.010622687619
113,125,977349651480707274233588501665106653,0.00023820867079561692,1,VLMC,3669.484129939351,-2977.299114733596,3662.6174413684644,-2971.076201029431
689,125,292068010149223082567150341565302564540,0.00023820867079561692,1,VLMC,3669.484129939351,-2977.299114733596,3687.209899969504,-2935.462653668658
1522,125,112469422406181309407922110486425116786,0.00023820867079561692,1,L5_ET,3669.484129939351,-2977.299114733596,3649.90578553984,-3000.661956113326
858,126,300896006220218861948003103259311132016,0.00023820867079561692,1,Endo,3769.484129939351,-2977.299114733596,3748.073253362331,-2967.0767148390246
877,126,65626611904138736795643781398253308345,0.00023820867079561692,1,Endo,3769.484129939351,-2977.299114733596,3770.2926898989176,-2977.7106772147445
970,126,205540853448059918805493164401701829452,0.00023820867079561692,1,Endo,3769.484129939351,-2977.299114733596,3751.9147536322407,-2973.0190609406595
1119,126,9172055369279926440147069570851566140,0.00023820867079561692,1,L2_3_IT,3769.484129939351,-2977.299114733596,3814.803554598026,-2998.578029010877
4155,126,244395566015769667356414013895672232289,0.00012979318601043298,1,Peri,3769.484129939351,-2977.299114733596,3762.336398205241,-2970.111091662674
1109,127,55678577633417103385964899159485862455,0.00023820867079561692,1,L2_3_IT,3869.484129939351,-2977.299114733596,3879.418498142269,-2980.539900750467
1189,127,313459210494639463251921123382356311230,0.00023820867079561692,1,L2_3_IT,3869.484129939351,-2977.299114733596,3884.1482731902815,-2975.8030105601856
2230,127,2378341676799331868831273455131866030,0.00023820867079561692,1,Micro,3869.484129939351,-2977.299114733596,3819.4185833324477,-2977.588056189976
1198,127,72725738724322214891186038865438878930,0.00023820867079561692,1,L2_3_IT,3869.484129939351,-2977.299114733596,3874.2522462650395,-2976.464596957185
1404,127,168547962433238919565843946530873271572,0.00023820867079561692,1,L2_3_IT,3869.484129939351,-2977.299114733596,3890.1830487667216,-2976.1000092101654
27,128,70641743554905078489422880833824955355,0.00023820867079561692,1,L2_3_IT,3969.484129939351,-2977.299114733596,3962.596382214033,-2988.1632082329256
152,128,24076990450149794748755074850945120772,0.00023820867079561692,1,L2_3_IT,3969.484129939351,-2977.299114733596,3962.1077058408837,-2993.2069767927933
323,128,141483870871056874494063945207332449623,0.00023820867079561692,1,L5_6_NP,3969.484129939351,-2977.299114733596,3976.4620360944796,-2927.721385157672
486,128,161839445833494185087153110030548337555,0.00023820867079561692,1,L4_5_IT,3969.484129939351,-2977.299114733596,3966.5624186246505,-2987.2906295010007
578,128,196841347781036466884573172568388634496,0.00023820867079561692,1,L2_3_IT,3969.484129939351,-2977.299114733596,3979.692106922721,-2990.11337398358
383,129,165428748899353571127000897223695359038,0.00023820867079561692,2,L2_3_IT,4069.484129939351,-2977.299114733596,4058.3581054866977,-2987.028117686828
986,129,298238301012742143814861292204263679558,0.00023820867079561692,2,L2_3_IT,4069.484129939351,-2977.299114733596,4062.639803091242,-2989.7133458041258
1169,129,285701337116509359712896145991968202313,0.00023820867079561692,2,L2_3_IT,4069.484129939351,-2977.299114733596,4081.2776214240134,-2986.9557972293255
1259,129,313049070041547936784416687744591379273,0.00023820867079561692,2,L6_CT,4069.484129939351,-2977.299114733596,4085.8703831176263,-2929.9902027719936
1367,129,131144822827193624688177738577876375939,0.00023820867079561692,2,L2_3_IT,4069.484129939351,-2977.299114733596,4059.274736577187,-2992.8081101756993
2216,13,227036030980039513675751379296107202959,0.00023820867079561692,1,L5_6_NP,4769.484129939351,-3777.299114733596,4784.817323754435,-3729.63848515695
471,13,197287871120850954988718369617799853716,0.00023820867079561692,1,OPC,4769.484129939351,-3777.299114733596,4759.75989386978,-3787.4618749899746
1008,13,91504319865829847560997510769699446617,0.00023820867079561692,1,OPC,4769.484129939351,-3777.299114733596,4767.650191754466,-3790.331676429674
1687,13,265826346138771634543323709096657134343,0.00023820867079561692,1,OPC,4769.484129939351,-3777.299114733596,4760.207394514019,-3792.014738732103
1925,13,289976676509918206718848034718443247342,0.00023820867079561692,1,OPC,4769.484129939351,-3777.299114733596,4774.98584580406,-3787.0487983592743
437,130,53851391045705474716965804392149496493,0.00023820867079561692,3,L2_3_IT,4169.484129939351,-2977.299114733596,4172.148812876509,-2968.5727720816058
664,130,174755425732377679514858755642630747506,0.00023820867079561692,3,L4_5_IT,4169.484129939351,-2977.299114733596,4189.670029335889,-2974.46245570884
1091,130,8297105906829134449405222287165506778,0.00023820867079561692,3,L6_CT,4169.484129939351,-2977.299114733596,4181.412248625876,-2978.80720801292
2498,130,16720355717526749406606697596217065374,0.00023820867079561692,3,L6_CT,4169.484129939351,-2977.299114733596,4182.207178575511,-2971.5354826232515
2387,130,164330455881423643779829995953505450092,0.00023820867079561692,3,SMC,4169.484129939351,-2977.299114733596,4121.982380282971,-2993.1176552413604
926,131,124437525886880767565814528650317668962,0.00023820867079561692,1,L4_5_IT,4269.484129939351,-2977.299114733596,4292.479977318679,-2958.886083326864
281,131,306497615721465426105447075507909101588,0.00023820867079561692,1,L5_ET,4269.484129939351,-2977.299114733596,4243.328612762026,-2978.994905731736
3104,131,74106864463396252968687281128478955333,0.00023820867079561692,1,Pvalb,4269.484129939351,-2977.299114733596,4281.52022660564,-3025.897209565111
1102,131,177421653172895205992830819478083220357,0.00023820867079561692,1,L4_5_IT,4269.484129939351,-2977.299114733596,4276.85890900093,-2961.1182101671766
1223,131,153308733154099008478345613869212528708,0.00023820867079561692,1,L2_3_IT,4269.484129939351,-2977.299114733596,4253.23292400949,-2961.5991648770896
419,132,146494932507975109573428938962693341688,0.00023820867079561692,3,L4_5_IT,4369.484129939351,-2977.299114733596,4353.489812426545,-2985.6241274939266
2898,132,285190784476210480004066246749715558680,0.00023820867079561692,3,Micro,4369.484129939351,-2977.299114733596,4393.034159340984,-2967.4973692316125
645,132,283993340595973875381082442255982235254,0.00023820867079561692,3,OPC,4369.484129939351,-2977.299114733596,4382.708003876452,-2962.662462733652
2752,132,218179056797747119851350336436387649872,0.00023820867079561692,3,OPC,4369.484129939351,-2977.299114733596,4393.235187736557,-2970.528788615261
489,132,61162768297928345846923787709677572893,0.00023820867079561692,3,Endo,4369.484129939351,-2977.299114733596,4324.953486316201,-3000.182825593532
150,133,31500002316269139311842758310139348448,0.00023820867079561692,3,L2_3_IT,4469.484129939351,-2977.299114733596,4485.256661691525,-2977.644381863685
170,133,245255529497847031721476683626720850782,0.00023820867079561692,3,L2_3_IT,4469.484129939351,-2977.299114733596,4474.80754012579,-2975.5428465258337
1509,133,76879498597286780847218416558819915748,0.00023820867079561692,3,L5_6_NP,4469.484129939351,-2977.299114733596,4482.831193072652,-2988.4707225850334
54,133,115207245798983393520041199638992234484,0.00023820867079561692,3,Endo,4469.484129939351,-2977.299114733596,4421.601134449116,-2962.675121192317
630,133,218930187745883548942751413933534943472,0.00023820867079561692,3,L5_IT,4469.484129939351,-2977.299114733596,4482.924120357675,-2982.1625015011127
1066,134,131010652159681855672504000993960072643,0.00023820867079561692,1,L5_ET,4569.484129939351,-2977.299114733596,4535.08118724921,-2940.924948372398
314,134,291660058548935402229311462097571587542,0.00023820867079561692,1,L6_IT,4569.484129939351,-2977.299114733596,4595.132481822673,-2970.080854267806
691,134,259040989848278068281814311564629143368,0.00023820867079561692,1,L6_IT,4569.484129939351,-2977.299114733596,4591.484430176692,-2993.884693124785
813,134,238736384291876331290187422226403213260,0.00023820867079561692,1,L4_5_IT,4569.484129939351,-2977.299114733596,4523.907713679741,-2969.1123605888583
941,134,50307253681512770670511588579714763592,0.00023820867079561692,1,L6_IT,4569.484129939351,-2977.299114733596,4601.814836768463,-3012.4927173141164
3275,135,124022895501606826854536917535172182400,0.00023820867079561692,1,Oligo,4669.484129939351,-2977.299114733596,4703.081497364135,-2987.3433981164076
101,135,284605620048474386616827953507882150035,0.00023820867079561692,1,SMC,4669.484129939351,-2977.299114733596,4686.341897547146,-2952.4839811960246
411,135,135861144701718812801630008340538058841,0.00023820867079561692,1,L6_IT,4669.484129939351,-2977.299114733596,4651.5258876798025,-3005.4025682664997
460,135,205724933000034666461818397748412863978,0.00023820867079561692,1,L2_3_IT,4669.484129939351,-2977.299114733596,4619.872141894445,-2970.5691008818053
951,135,19096302458032550571542836194244365102,0.00023820867079561692,1,Endo,4669.484129939351,-2977.299114733596,4686.599225211226,-2970.6965252072405
989,136,167972599284621293278076646649643337963,0.00023820867079561692,3,L6_IT,4769.484129939351,-2977.299114733596,4777.904504098821,-2984.61855876661
1116,136,293935255372176129837992885638438032851,0.00023820867079561692,3,L6_IT,4769.484129939351,-2977.299114733596,4725.545939502025,-2953.2974925945305
2729,136,38821315108230545687537938290766076975,0.00023820867079561692,3,L6_IT,4769.484129939351,-2977.299114733596,4731.887058378717,-2987.1617376540057
130,136,164828819319219504310623981690497679505,0.00023820867079561692,3,L5_ET,4769.484129939351,-2977.299114733596,4797.735460603195,-2975.8661384046545
148,136,295340055415995458225464781131532888471,0.00023820867079561692,3,L5_ET,4769.484129939351,-2977.299114733596,4814.347687114011,-2985.5516462481773
1450,137,307578697294160893058358485557959703093,0.00023820867079561692,1,Pvalb,4869.484129939351,-2977.299114733596,4877.264897692395,-2932.24013716894
2002,137,162240904390649022898001971149742379002,0.00023820867079561692,1,Pvalb,4869.484129939351,-2977.299114733596,4883.333705798449,-2941.470751671391
3,137,297249811449804529618196347167709481308,0.00023820867079561692,1,L2_3_IT,4869.484129939351,-2977.299114733596,4862.099470888333,-2991.4442806438515
159,137,329938696822994496467860909899540547261,0.00023820867079561692,1,L6_CT,4869.484129939351,-2977.299114733596,4835.631908995431,-3014.186369732813
1972,137,339725983261769717643823151436330473000,0.00023820867079561692,1,Astro,4869.484129939351,-2977.299114733596,4889.090666322143,-3007.1540344509863
33,138,291440178102714992086306682754571109963,0.00023820867079561692,3,L2_3_IT,4969.484129939351,-2977.299114733596,4941.5149487617045,-2971.2579616636353
713,138,165683193310447038269007328792459156659,0.00023820867079561692,3,VLMC,4969.484129939351,-2977.299114733596,4948.5131097298145,-3010.587681798083
501,138,300928099507312546152937354353455724604,0.00023820867079561692,3,L5_6_NP,4969.484129939351,-2977.299114733596,4972.71687935202,-2958.197161592903
723,138,88850962966851107050671673256164759850,0.00023820867079561692,3,L2_3_IT,4969.484129939351,-2977.299114733596,4966.423900869219,-2957.8242351065674
1413,138,36694970462453147148169501216959538236,0.00023820867079561692,3,L6_CT,4969.484129939351,-2977.299114733596,5018.251810984021,-2988.628533506795
50,139,248340418219879813172881766654385114188,0.00023820867079561692,1,L6_CT,5069.484129939351,-2977.299114733596,5052.2088203681815,-2988.9646405141402
1142,139,261605560369050557975278773818342163899,0.00023820867079561692,1,L6_CT,5069.484129939351,-2977.299114733596,5066.774703660705,-2958.549641567205
1258,139,323988595127200135005341966653097969703,0.00023820867079561692,1,L6_CT,5069.484129939351,-2977.299114733596,5054.011839938884,-2999.665648938409
1799,139,116310571979909186949134411620929773896,0.00023820867079561692,1,OPC,5069.484129939351,-2977.299114733596,5118.301383508041,-2966.1852406015296
1933,139,204627903646198337694071409127801136537,0.00023820867079561692,1,L6_CT,5069.484129939351,-2977.299114733596,5056.123902220948,-2973.1304020467032
3650,14,162933219048994926545076878584462082601,0.00023820867079561692,3,L5_6_NP,4869.484129939351,-3777.299114733596,4865.538792327975,-3789.168776791638
435,14,186517429680814373005689332590091096560,0.00023820867079561692,3,L5_ET,4869.484129939351,-3777.299114733596,4863.949478157699,-3805.8484641515993
1310,14,23044327192105566599359426758755226758,0.00023820867079561692,3,L5_ET,4869.484129939351,-3777.299114733596,4867.819209595871,-3785.7881035126484
6,14,215133026438058914197782421312595367010,0.00023820867079561692,3,L6_IT,4869.484129939351,-3777.299114733596,4885.80412407826,-3729.967304758494
1323,14,121683842169379476994977231025023883323,0.00023820867079561692,3,L5_ET,4869.484129939351,-3777.299114733596,4864.309045536954,-3775.7229244536093
678,140,44293220986038917682805209595298582310,0.00023820867079561692,4,L5_ET,5169.484129939351,-2977.299114733596,5154.431297099215,-2990.6491542433646
207,140,104688916223698180762689830356491784092,0.00023820867079561692,4,Peri,5169.484129939351,-2977.299114733596,5158.595280264198,-2965.459537402196
222,140,253772377763655930048377726310893354279,0.00023820867079561692,4,L5_IT,5169.484129939351,-2977.299114733596,5206.951420782846,-2951.240218940575
670,140,109081429709921968706565985046875319820,0.00023820867079561692,4,L5_IT,5169.484129939351,-2977.299114733596,5183.6854564916475,-2958.896794386674
833,140,214988397585215312022765775640579145034,0.00023820867079561692,4,L6_CT,5169.484129939351,-2977.299114733596,5143.757195058822,-3020.249868695153
280,141,10443051352889986513007462453736025395,0.00023820867079561692,1,VLMC,3669.484129939351,-2877.299114733596,3666.809302078071,-2871.9659551255395
530,141,170508085715627990516321875194265763259,0.00023820867079561692,1,VLMC,3669.484129939351,-2877.299114733596,3668.5214329019495,-2872.727485740051
848,141,304805112488095454795060719646394281577,0.00023820867079561692,1,VLMC,3669.484129939351,-2877.299114733596,3691.41044907897,-2865.8975543524666
963,141,49094672334633452705078519567271410177,0.00023820867079561692,1,VLMC,3669.484129939351,-2877.299114733596,3692.796410203626,-2870.7488120111325
1294,141,242229384272380325338530746818515777766,0.00023820867079561692,1,VLMC,3669.484129939351,-2877.299114733596,3627.883055434145,-2905.1557664388083
416,142,202649067822954166757392362700898638654,0.00023820867079561692,1,Astro,3769.484129939351,-2877.299114733596,3784.185442586417,-2882.2807448834
669,142,97248871741632369337180127899591927014,0.00023820867079561692,1,Astro,3769.484129939351,-2877.299114733596,3774.550528949758,-2865.9911181799325
694,142,309839076613678744917848663276054965933,0.00023820867079561692,1,Astro,3769.484129939351,-2877.299114733596,3779.7879305621245,-2865.3966183270904
1860,142,99975236811446463664882595554107570635,0.00023820867079561692,1,Astro,3769.484129939351,-2877.299114733596,3782.6098929464247,-2870.217152745769
2333,142,318916309336691471278715941696816083746,0.00023820867079561692,1,VLMC,3769.484129939351,-2877.299114733596,3726.286854652031,-2902.609939531786
1745,143,55176366993199345377496120870412095081,0.00023820867079561692,3,L5_ET,3969.484129939351,-2877.299114733596,3979.9413174721367,-2926.261239617197
327,143,309444594050540718749557905377624126229,0.00023820867079561692,3,L5_IT,3969.484129939351,-2877.299114733596,3926.734226837916,-2868.352659937184
410,143,258518873603687870757667603642829247105,0.00023820867079561692,3,L5_IT,3969.484129939351,-2877.299114733596,3968.958992165065,-2856.9367344104635
755,143,29550638677967443334165597784044632229,0.00023820867079561692,3,L6_CT,3969.484129939351,-2877.299114733596,4008.497066864343,-2850.8826795093564
1160,143,255191530882942499443859461526023481898,0.00023820867079561692,3,L5_IT,3969.484129939351,-2877.299114733596,3963.289046357283,-2884.062260193809
568,144,288556242824600529448927895916737177123,0.00023820867079561692,1,Peri,4069.484129939351,-2877.299114733596,4118.8052162032245,-2885.9056758334054
673,144,279135997699083372723837160792666471789,0.00023820867079561692,1,Peri,4069.484129939351,-2877.299114733596,4047.932161019308,-2872.036565527416
1864,144,106561992046978215401519618966084432396,0.00023820867079561692,1,Peri,4069.484129939351,-2877.299114733596,4085.5500868342997,-2876.12873678851
1901,144,28107645328554852957466985651762052507,0.00023820867079561692,1,Peri,4069.484129939351,-2877.299114733596,4040.1936716454684,-2864.6695163873183
4112,144,96277957976332362148963282616866034248,0.00012979318601043298,1,Peri,4069.484129939351,-2877.299114733596,4054.9395139944454,-2887.755079131333
8,145,123043977749917971475203360417543800108,0.00023820867079561692,1,L4_5_IT,4169.484129939351,-2877.299114733596,4164.219184905375,-2887.3785319930134
2340,145,116704774954951803988641760551615708613,0.00023820867079561692,1,VLMC,4169.484129939351,-2877.299114733596,4154.828802401204,-2829.4257002014906
30,145,88102108960858214648753585000944112149,0.00023820867079561692,1,L6_CT,4169.484129939351,-2877.299114733596,4172.6947403154445,-2886.837554748056
141,145,132060707501643028845118959908812774304,0.00023820867079561692,1,L5_ET,4169.484129939351,-2877.299114733596,4162.3913341513135,-2904.8634209455095
1018,145,100437568120019600927652936190009214346,0.00023820867079561692,1,L5_IT,4169.484129939351,-2877.299114733596,4193.286587923433,-2877.990365779917
1140,146,153061514598075488988166392470485009021,0.00023820867079561692,3,Astro,4269.484129939351,-2877.299114733596,4279.8191531667535,-2877.777122026797
1467,146,303899320940499226268727646323121961199,0.00023820867079561692,3,Astro,4269.484129939351,-2877.299114733596,4317.899401265718,-2864.5474894800254
250,146,143136697672530444113886764810790049632,0.00023820867079561692,3,L2_3_IT,4269.484129939351,-2877.299114733596,4249.251877278762,-2878.306910472833
259,146,28466866115426194139404549998085498718,0.00023820867079561692,3,L2_3_IT,4269.484129939351,-2877.299114733596,4244.9089925828075,-2884.250826058692
498,146,137126427776210438369528614004314413350,0.00023820867079561692,3,L2_3_IT,4269.484129939351,-2877.299114733596,4255.541225402719,-2881.6132256296337
107,147,263234508297021492453074022842053799354,0.00023820867079561692,3,Astro,4369.484129939351,-2877.299114733596,4357.439020137503,-2829.4117286266764
2291,147,245936789006131169458767499273299679395,0.00023820867079561692,3,L4_5_IT,4369.484129939351,-2877.299114733596,4352.374246593277,-2917.3929018280646
771,147,325095820891238775081969339400757315064,0.00023820867079561692,3,OPC,4369.484129939351,-2877.299114733596,4413.664959357064,-2899.200650799703
526,147,262984720180873201228365640018460056810,0.00023820867079561692,3,Astro,4369.484129939351,-2877.299114733596,4367.75157623623,-2827.2627209598736
4168,147,239053440471115759487636807252117411559,0.00012979318601043254,3,L4_5_IT,4369.484129939351,-2877.299114733596,4356.190847372678,-2913.227571453656
225,148,289382397480189968180495803025608805591,0.00023820867079561692,4,OPC,4469.484129939351,-2877.299114733596,4457.807738642345,-2872.676968471707
395,148,336086475285898214960412737445807490913,0.00023820867079561692,4,OPC,4469.484129939351,-2877.299114733596,4442.433025145717,-2881.401531448482
575,148,272907503406049253692797528669022153360,0.00023820867079561692,4,OPC,4469.484129939351,-2877.299114733596,4473.144368303046,-2872.281679949874
892,148,239901667763265978890069216535007289749,0.00023820867079561692,4,OPC,4469.484129939351,-2877.299114733596,4454.642102318245,-2878.8732397939275
398,148,166566693004840718211670606336457366456,0.00023820867079561692,4,Pvalb,4469.484129939351,-2877.299114733596,4519.393415287416,-2881.262154003985
785,149,108699052808880052053105607706562350138,0.00023820867079561692,1,L2_3_IT,4569.484129939351,-2877.299114733596,4549.516343285368,-2890.992316021897
831,149,56718606901399789182500136688873307117,0.00023820867079561692,1,L4_5_IT,4569.484129939351,-2877.299114733596,4552.757806709111,-2830.10936420013
865,149,340034306149793933322428059568699182207,0.00023820867079561692,1,Lamp5,4569.484129939351,-2877.299114733596,4566.662722190639,-2874.256156758316
987,149,62975847516071757718090019233349930092,0.00023820867079561692,1,L2_3_IT,4569.484129939351,-2877.299114733596,4588.324150953442,-2922.326003795514
1231,149,4717831418368859458184716359851466361,0.00023820867079561692,1,Pvalb,4569.484129939351,-2877.299114733596,4590.159626558177,-2868.8117328921276
296,15,278067729279590690852774941772889916762,0.00023820867079561692,2,L2_3_IT,4969.484129939351,-3777.299114733596,4984.506798100148,-3810.7844015199257
1180,15,307602517993784386990541357355980632202,0.00023820867079561692,2,L5_IT,4969.484129939351,-3777.299114733596,4975.669329690082,-3771.800860290347
1228,15,126055755338493046961450301455901234449,0.00023820867079561692,2,L5_IT,4969.484129939351,-3777.299114733596,4930.215772408262,-3763.4433250460415
1175,15,23637984200108223663468102262480343413,0.00023820867079561692,2,L6_IT,4969.484129939351,-3777.299114733596,4948.179860214018,-3732.231515377062
397,15,187454445937396802112761720437475086419,0.00023820867079561692,2,L2_3_IT,4969.484129939351,-3777.299114733596,5008.848889284246,-3808.2354714345993
32,150,113771535345651287144793427582389591028,0.00023820867079561692,4,L6_CT,4669.484129939351,-2877.299114733596,4664.502075924998,-2869.1617221281563
64,150,310658604771768388188616907176000593514,0.00023820867079561692,4,L6_CT,4669.484129939351,-2877.299114733596,4656.055202969629,-2857.3364052975426
806,150,78849378527743317617441156876264328371,0.00023820867079561692,4,L6_CT,4669.484129939351,-2877.299114733596,4678.724274281168,-2873.219510946681
132,150,284857388187082251454954371908595192778,0.00023820867079561692,4,L5_6_NP,4669.484129939351,-2877.299114733596,4671.6488420950955,-2859.9050708158675
1286,150,290095930497877988798308926118258463079,0.00023820867079561692,4,Oligo,4669.484129939351,-2877.299114733596,4676.490254425844,-2926.8728644797366
231,151,263741322743095206497640159161849325385,0.00023820867079561692,1,Peri,4769.484129939351,-2877.299114733596,4737.633449580149,-2899.6242862661616
1100,151,111513884375716029201069632124289148728,0.00023820867079561692,1,L5_ET,4769.484129939351,-2877.299114733596,4816.532369942601,-2860.178788895289
1748,151,42093594976081701343804389479104081656,0.00023820867079561692,1,L5_ET,4769.484129939351,-2877.299114733596,4774.748430561751,-2862.0648561611188
2071,151,319487548314855620482772570267439032925,0.00023820867079561692,1,Endo,4769.484129939351,-2877.299114733596,4732.01974003247,-2900.925621668027
2236,151,302459778732112774006775385059922442949,0.00023820867079561692,1,L6_IT,4769.484129939351,-2877.299114733596,4786.486659579778,-2863.7020206773805
939,152,123116595857578470560087083536059184191,0.00023820867079561692,1,Pvalb,4869.484129939351,-2877.299114733596,4885.985090793359,-2870.53502023161
432,152,214930216991578803163892348439274895832,0.00023820867079561692,1,Sst,4869.484129939351,-2877.299114733596,4886.050208919094,-2885.2939585835084
480,152,8003916518477230270989905396902042571,0.00023820867079561692,1,Sst,4869.484129939351,-2877.299114733596,4871.4781970486565,-2884.9466897328552
717,152,326096294017924869711307667296887198513,0.00023820867079561692,1,OPC,4869.484129939351,-2877.299114733596,4884.489379882926,-2868.4692910463204
820,152,45745186825732745770663602910453028121,0.00023820867079561692,1,L6_CT,4869.484129939351,-2877.299114733596,4819.4177730527235,-2877.2506140736864
1446,153,208485723607438633108929435159151586790,0.00023820867079561692,1,L5_ET,4969.484129939351,-2877.299114733596,4976.047143940855,-2903.8891121125444
36,153,218326498062623466318951088864783450076,0.00023820867079561692,1,L6_CT,4969.484129939351,-2877.299114733596,5000.2484476791815,-2916.7984716678043
210,153,60314886070518182240131259105087614567,0.00023820867079561692,1,Pvalb,4969.484129939351,-2877.299114733596,4950.178152641807,-2864.681068026174
451,153,19225191829134905751851574393067240877,0.00023820867079561692,1,Pvalb,4969.484129939351,-2877.299114733596,4962.366939089345,-2843.0785248163443
496,153,49488126646435415973225982208209678830,0.00023820867079561692,1,Pvalb,4969.484129939351,-2877.299114733596,4958.57996634557,-2858.0483970451123
310,154,128177390045670731645928011077779114911,0.00023820867079561692,2,L6_IT,5069.484129939351,-2877.299114733596,5075.029467636943,-2895.5331579947087
945,154,80355141737723280157129063774398600734,0.00023820867079561692,2,L6_IT,5069.484129939351,-2877.299114733596,5089.606103204337,-2880.0765529563637
1055,154,328771595223177814881967966055139728883,0.00023820867079561692,2,L6_IT,5069.484129939351,-2877.299114733596,5084.64311001675,-2897.059463549094
1659,154,2758102793355810541703117262052720006,0.00023820867079561692,2,L6_IT_Car3,5069.484129939351,-2877.299114733596,5043.632798922141,-2884.3016815160236
1754,154,7273574521407910378476047225480063466,0.00023820867079561692,2,Oligo,5069.484129939351,-2877.299114733596,5054.50916991659,-2829.524717651792
2675,155,173612044621048289517461966999308777186,0.00023820867079561692,1,L6_CT,5169.484129939351,-2877.299114733596,5216.550229756037,-2889.8587679047555
1081,155,198861163654364721697530936733115097946,0.00023820867079561692,1,OPC,5169.484129939351,-2877.299114733596,5175.6986443856285,-2847.2716208263114
1443,155,68449679887067626961228019691248685321,0.00023820867079561692,1,OPC,5169.484129939351,-2877.299114733596,5181.1118193201155,-2884.176775011408
1581,155,302757397228466575724516882793355347398,0.00023820867079561692,1,OPC,5169.484129939351,-2877.299114733596,5132.663864757071,-2911.224186820767
106,155,244664636358761690595724232683694291234,0.00023820867079561692,1,Endo,5169.484129939351,-2877.299114733596,5141.3960914778345,-2853.964223104743
330,156,154983501958939945598939269889862560586,0.00023820867079561692,3,L6_IT_Car3,5269.484129939351,-2877.299114733596,5288.171929728957,-2889.988738306881
3212,156,205847718188757291403501635193316009956,0.00023820867079561692,3,L6_IT_Car3,5269.484129939351,-2877.299114733596,5285.300962035248,-2891.5141356961844
3219,156,288015243877852018202991143651536016096,0.00023820867079561692,3,L6_IT_Car3,5269.484129939351,-2877.299114733596,5275.092313384356,-2895.938818250395
234,156,45695190155157529328513834005018605684,0.00023820867079561692,3,L6_IT,5269.484129939351,-2877.299114733596,5240.5185172014135,-2836.462418945016
390,156,284582639580979683626268482197759582129,0.00023820867079561692,3,L6_IT,5269.484129939351,-2877.299114733596,5258.336927346765,-2872.591462469504
200,157,160450920158094192212434831005373129755,0.00023820867079561692,1,Endo,5369.484129939351,-2877.299114733596,5365.741788569013,-2899.329672305934
639,157,70788532694521458617503912445460051113,0.00023820867079561692,1,Endo,5369.484129939351,-2877.299114733596,5378.062605442783,-2886.1130242034073
772,157,233402111620024832097826343821252827295,0.00023820867079561692,1,Endo,5369.484129939351,-2877.299114733596,5350.94460153969,-2886.3857208123572
852,157,113786640974909752538494903309487516494,0.00023820867079561692,1,Endo,5369.484129939351,-2877.299114733596,5371.18216977243,-2885.9737399323953
1186,157,105800546334780003599145862547236550829,0.00023820867079561692,1,Endo,5369.484129939351,-2877.299114733596,5381.489484372742,-2828.693416413935
1147,158,230238280421697271999909532750192175954,0.00023820867079561692,1,Lamp5,3769.484129939351,-2777.299114733596,3764.106606448117,-2776.3889887056503
3208,158,214266423612408130768166226110215095068,0.00023820867079561692,1,OPC,3769.484129939351,-2777.299114733596,3756.7014647562323,-2799.795132030275
1503,158,189707180461433439737182233422376056908,0.00023820867079561692,1,PVM,3769.484129939351,-2777.299114733596,3787.293348666166,-2730.507297366094
802,158,197462493672140225266271227412037227228,0.00023820867079561692,1,Astro,3769.484129939351,-2777.299114733596,3761.6007812379235,-2805.849254414632
968,158,109960218986561813962517001588108066410,0.00023820867079561692,1,Vip,3769.484129939351,-2777.299114733596,3777.7184485883195,-2773.954901151328
114,159,181733955838317420253043230683326089567,0.00023820867079561692,2,L2_3_IT,3969.484129939351,-2777.299114733596,3974.734539604596,-2749.869038841371
1595,159,70587233256528025037488693975146512062,0.00023820867079561692,2,L4_5_IT,3969.484129939351,-2777.299114733596,3962.012652095324,-2791.887952486192
1679,159,189570470904253423863867160385471579578,0.00023820867079561692,2,L4_5_IT,3969.484129939351,-2777.299114733596,3968.920278179979,-2811.9927421262864
2101,159,200628532299049012595719290285959827917,0.00023820867079561692,2,L4_5_IT,3969.484129939351,-2777.299114733596,3973.357940733182,-2805.5012633459187
454,159,273380175469521837384544766207790550131,0.00023820867079561692,2,L2_3_IT,3969.484129939351,-2777.299114733596,3968.3952390836844,-2727.2445768682073
309,16,331577154287694990238217679830535951296,0.00023820867079561692,1,VLMC,3869.484129939351,-3677.299114733596,3878.799073544866,-3694.750134214253
768,16,132988663934496141921985139246909458350,0.00023820867079561692,1,VLMC,3869.484129939351,-3677.299114733596,3869.584903837069,-3673.1718054898315
1794,16,270585128427936633318778665743603231050,0.00023820867079561692,1,VLMC,3869.484129939351,-3677.299114733596,3908.57443177362,-3648.34518076305
1615,16,320172137965255231535979562921910584126,0.00023820867079561692,1,Endo,3869.484129939351,-3677.299114733596,3869.782668517036,-3681.7598456000687
3978,16,199815513571448123301512172628897377470,0.00019545326834511973,1,PVM,3869.484129939351,-3677.299114733596,3820.6795720241034,-3688.468607600797
1791,160,230371819587952649416175662598297008722,0.00023820867079561692,2,L2_3_IT,4069.484129939351,-2777.299114733596,4091.353114846186,-2732.2614644467767
2338,160,54858249412377576790602140916199357574,0.00023820867079561692,2,L2_3_IT,4069.484129939351,-2777.299114733596,4051.706242555242,-2734.9454819615676
429,160,306346660193853903333414009052636904893,0.00023820867079561692,2,L6_CT,4069.484129939351,-2777.299114733596,4074.0059991984344,-2801.697164860692
1158,160,25115205143810719350462142851476647314,0.00023820867079561692,2,L6_CT,4069.484129939351,-2777.299114733596,4067.40669664514,-2810.392147970279
1420,160,37242010025502659419729084764159648607,0.00023820867079561692,2,L6_CT,4069.484129939351,-2777.299114733596,4062.9485964517626,-2807.1993144286675
240,161,295381369265308898488572846203897029130,0.00023820867079561692,1,L2_3_IT,4169.484129939351,-2777.299114733596,4216.951177967216,-2793.2214825139745
1302,161,250890052514090064696083074578150126940,0.00023820867079561692,1,L2_3_IT,4169.484129939351,-2777.299114733596,4165.674333273369,-2781.6456097752025
1777,161,27563746833986206724443874113924488994,0.00023820867079561692,1,L4_5_IT,4169.484129939351,-2777.299114733596,4142.637413590448,-2792.468161167333
2477,161,58063209638256958461652779884756201248,0.00023820867079561692,1,L4_5_IT,4169.484129939351,-2777.299114733596,4146.531345550251,-2760.821720348609
1354,161,270793516712003153713463803051600299309,0.00023820867079561692,1,L2_3_IT,4169.484129939351,-2777.299114733596,4175.626379315443,-2758.3385998628737
809,162,6720811975280549354161855446216834165,0.00023820867079561692,1,Peri,4269.484129939351,-2777.299114733596,4255.865246279249,-2751.491869051749
2185,162,19790104977098741541634900130574223828,0.00023820867079561692,1,Peri,4269.484129939351,-2777.299114733596,4264.184306849307,-2758.5347767528206
952,162,291444618000650579810789287150039753076,0.00023820867079561692,1,VLMC,4269.484129939351,-2777.299114733596,4279.526845136733,-2800.9255184841386
1060,162,18864118366982315730286444180171020645,0.00023820867079561692,1,Oligo,4269.484129939351,-2777.299114733596,4259.128987591067,-2826.282922988569
1812,162,42094805773753692571331391913764598980,0.00023820867079561692,1,Oligo,4269.484129939351,-2777.299114733596,4288.71526384036,-2749.2604863907027
254,163,202691145434627882971349694753781219317,0.00023820867079561692,1,Peri,4369.484129939351,-2777.299114733596,4405.333268457202,-2812.248817332347
353,163,27773798485376753274853216521541760098,0.00023820867079561692,1,Peri,4369.484129939351,-2777.299114733596,4354.338783137566,-2802.521911578435
1308,163,281498143050988294901533599788024128892,0.00023820867079561692,1,Peri,4369.484129939351,-2777.299114733596,4368.831511082083,-2745.9529213166193
1376,163,91255514059708694283029990568989057009,0.00023820867079561692,1,Peri,4369.484129939351,-2777.299114733596,4364.796943475343,-2782.211060042266
1391,163,256717849138593207733189867685494186285,0.00023820867079561692,1,Peri,4369.484129939351,-2777.299114733596,4354.120143544571,-2743.5608633983084
87,164,66911846531213419940546889745164496405,0.00023820867079561692,1,Astro,4469.484129939351,-2777.299114733596,4469.696682272762,-2778.338459199675
274,164,248489909484071069238301213150690882907,0.00023820867079561692,1,Astro,4469.484129939351,-2777.299114733596,4460.537142728519,-2788.774541887887
668,164,196521311271683416928941460925972818408,0.00023820867079561692,1,Astro,4469.484129939351,-2777.299114733596,4445.556707210237,-2821.277755978585
577,164,151949426268333605548968350915098608217,0.00023820867079561692,1,L4_5_IT,4469.484129939351,-2777.299114733596,4484.703314230465,-2753.100290480569
1050,164,90328001536542773217663561854159947743,0.00023820867079561692,1,L4_5_IT,4469.484129939351,-2777.299114733596,4486.926803254773,-2745.0045261212676
102,165,228189611914510292932186249495147640646,0.00023820867079561692,3,L4_5_IT,4569.484129939351,-2777.299114733596,4551.970923874228,-2752.969051353183
2509,165,324744532239545026025730663033670944262,0.00023820867079561692,3,L6_IT,4569.484129939351,-2777.299114733596,4586.365884878281,-2790.755876072671
357,165,336831717341111978320424782115771440289,0.00023820867079561692,3,L4_5_IT,4569.484129939351,-2777.299114733596,4543.511390629427,-2761.7864187334053
570,165,70834109330890638591245123442275292517,0.00023820867079561692,3,L5_IT,4569.484129939351,-2777.299114733596,4557.388246665134,-2771.921190803274
845,165,52465667117096673177889487321176028150,0.00023820867079561692,3,L5_IT,4569.484129939351,-2777.299114733596,4608.184203649612,-2809.0630367054428
332,166,143131885450433423573258596297792016300,0.00023820867079561692,3,L5_ET,4769.484129939351,-2777.299114733596,4761.171979221382,-2819.2192935924686
1077,166,94849343877546017163712582311780075752,0.00023820867079561692,3,L5_ET,4769.484129939351,-2777.299114733596,4772.548044075313,-2797.5677530409403
632,166,142137939059438502412978552510620281516,0.00023820867079561692,3,L5_IT,4769.484129939351,-2777.299114733596,4765.323432795278,-2727.405918368876
1126,166,250947770980180110557841990330544070680,0.00023820867079561692,3,L5_ET,4769.484129939351,-2777.299114733596,4771.159114391153,-2803.123056304392
1349,166,121641932357974465919283625648163466105,0.00023820867079561692,3,L2_3_IT,4769.484129939351,-2777.299114733596,4777.2180792136,-2739.179552361305
1459,167,163386829374294880320919955899149076634,0.00023820867079561692,1,Pvalb,4869.484129939351,-2777.299114733596,4907.461942012664,-2808.7143795439233
3765,167,31187777156888449305074442727837193145,0.00023820867079561692,1,Pvalb,4869.484129939351,-2777.299114733596,4905.165435842035,-2811.433007091653
282,167,56750478732583834719576012760799211737,0.00023820867079561692,1,L6_IT,4869.484129939351,-2777.299114733596,4844.474002261623,-2765.0622139314614
538,167,44388139817826663562208361260544378301,0.00023820867079561692,1,L2_3_IT,4869.484129939351,-2777.299114733596,4856.200552357442,-2759.425961454389
1759,167,139446745782746144236895986392810675696,0.00023820867079561692,1,L4_5_IT,4869.484129939351,-2777.299114733596,4834.118717222982,-2741.8600116465527
516,168,20687667856064813362545735612607454481,0.00023820867079561692,1,Endo,4969.484129939351,-2777.299114733596,5019.423075263117,-2780.8690144749103
714,168,300568424884585728545256251488686292584,0.00023820867079561692,1,Endo,4969.484129939351,-2777.299114733596,4975.8590903554505,-2779.6450175194386
1056,168,36127497459277715547960418483498628537,0.00023820867079561692,1,Endo,4969.484129939351,-2777.299114733596,4976.433825157929,-2785.23530410572
378,168,180556628187535950441879765999606531810,0.00023820867079561692,1,Pvalb,4969.484129939351,-2777.299114733596,4922.542702675443,-2793.011480883572
204,168,78834237792458997245198332724795615585,0.00023820867079561692,1,L5_IT,4969.484129939351,-2777.299114733596,4953.161956244807,-2747.7347566843387
1285,169,298560724754712891577320601066637821838,0.00023820867079561692,1,L2_3_IT,5069.484129939351,-2777.299114733596,5084.995515223167,-2755.6491854756487
425,169,234212123708294203468201714123438069011,0.00023820867079561692,1,Oligo,5069.484129939351,-2777.299114733596,5084.380901410345,-2825.0979499072087
1262,169,13061121516982722317857922470725065201,0.00023820867079561692,1,Pvalb,5069.484129939351,-2777.299114733596,5068.231837343688,-2761.152936267759
1641,169,292530834538602092211111811294633680809,0.00023820867079561692,1,Pvalb,5069.484129939351,-2777.299114733596,5044.942896940114,-2771.428478005533
2103,169,150399941455819539954900797351571812538,0.00023820867079561692,1,Astro,5069.484129939351,-2777.299114733596,5064.869498779449,-2773.167024011836
2576,17,211571906498818128502568680581237806018,0.00023820867079561692,1,L5_6_NP,3969.484129939351,-3677.299114733596,3968.447424572522,-3669.330814518901
1084,17,106569373328368630914122973686464728989,0.00023820867079561692,1,SMC,3969.484129939351,-3677.299114733596,3919.517630024213,-3674.1382081478655
446,17,273279077118499200360108337824081338672,0.00023820867079561692,1,L4_5_IT,3969.484129939351,-3677.299114733596,3988.685930754566,-3677.8706978905143
980,17,55215075563751010380656060561761116807,0.00023820867079561692,1,L2_3_IT,3969.484129939351,-3677.299114733596,3980.0968855983015,-3686.694860151676
1207,17,13445710306723713944258354258146099497,0.00023820867079561692,1,L4_5_IT,3969.484129939351,-3677.299114733596,3990.672778747143,-3678.4609929590274
20,170,109955090882981293480942450367470058497,0.00023820867079561692,2,L2_3_IT,5169.484129939351,-2777.299114733596,5184.571304362766,-2751.9383910126403
3287,170,249107598391968666900768472270001407170,0.00023820867079561692,2,L6_IT,5169.484129939351,-2777.299114733596,5160.355436823997,-2803.494723951424
2990,170,268094147132828120959533134335828954469,0.00023820867079561692,2,Micro,5169.484129939351,-2777.299114733596,5160.944417374872,-2816.7513544579647
121,170,321405396412410366026830762505450940462,0.00023820867079561692,2,L2_3_IT,5169.484129939351,-2777.299114733596,5137.4135915009665,-2773.1491905831667
404,170,40211959625258928620191551771352102944,0.00023820867079561692,2,L2_3_IT,5169.484129939351,-2777.299114733596,5204.135899634133,-2741.161913662774
299,171,289207735900706019084421383575684865170,0.00023820867079561692,1,L4_5_IT,5269.484129939351,-2777.299114733596,5276.486777060309,-2790.2500987845265
26,171,336771711697887610349523986795996368120,0.00023820867079561692,1,L5_ET,5269.484129939351,-2777.299114733596,5229.998961167452,-2746.516588988169
658,171,315845083214525570397685595091310615014,0.00023820867079561692,1,L5_ET,5269.484129939351,-2777.299114733596,5259.329466562509,-2746.688286371794
2981,171,13608072024613191740099826438791010701,0.00023820867079561692,1,L5_IT,5269.484129939351,-2777.299114733596,5295.9651657931045,-2793.514269641585
235,171,146239974353496506659443728222462028137,0.00023820867079561692,1,L6_CT,5269.484129939351,-2777.299114733596,5285.640279113387,-2809.5263298819054
1379,172,25066424435478525240819006723857415654,0.00023820867079561692,2,L2_3_IT,5369.484129939351,-2777.299114733596,5365.80657634166,-2790.987834457453
229,172,154730345341719759029059507666035220379,0.00023820867079561692,2,L5_IT,5369.484129939351,-2777.299114733596,5366.086840103093,-2794.8821486868324
2757,172,331804677351302687813030763749029575814,0.00023820867079561692,2,Lamp5,5369.484129939351,-2777.299114733596,5365.043243435923,-2727.4300765307503
701,172,283850806002608427830446500992070505352,0.00023820867079561692,2,L5_IT,5369.484129939351,-2777.299114733596,5378.541896543775,-2793.114205427574
912,172,233951545743315384053840710074597759372,0.00023820867079561692,2,L5_IT,5369.484129939351,-2777.299114733596,5371.942093272323,-2780.0813085653685
481,173,175588196437497191308619594660853631101,0.00023820867079561692,1,Astro,3769.484129939351,-2677.299114733596,3770.7303669479625,-2727.349982233886
139,173,336968071145720520410634249777962625153,0.00023820867079561692,1,Micro,3769.484129939351,-2677.299114733596,3743.922746195425,-2692.201889782523
595,173,243867109150728036199633891704755091461,0.00023820867079561692,1,Micro,3769.484129939351,-2677.299114733596,3794.767715293597,-2639.60538733293
455,173,154941918853297647826511671754387207534,0.00023820867079561692,1,Oligo,3769.484129939351,-2677.299114733596,3779.9786855924294,-2647.6297681168803
1521,173,189206202989877371060340579881815201784,0.00023820867079561692,1,Micro,3769.484129939351,-2677.299114733596,3758.02113566734,-2679.7085462017576
1587,174,233525214989352769090792578915039066442,0.00023820867079561692,4,Oligo,3869.484129939351,-2677.299114733596,3830.399126522956,-2694.286954253699
140,174,156807103141365193755792232754519828717,0.00023820867079561692,4,PVM,3869.484129939351,-2677.299114733596,3861.429933699821,-2682.1924310459126
338,174,127289681978743655336889874311831522699,0.00023820867079561692,4,Peri,3869.484129939351,-2677.299114733596,3845.5594955994884,-2667.4341236340947
339,174,23454933930377315485693174370040351486,0.00023820867079561692,4,Peri,3869.484129939351,-2677.299114733596,3918.9031514875924,-2669.2739821223768
468,174,229274936044368886429376847081292135965,0.00023820867079561692,4,Peri,3869.484129939351,-2677.299114733596,3891.1289423869302,-2673.308082611901
165,175,311033788322327096053073052437443972951,0.00023820867079561692,1,L2_3_IT,3969.484129939351,-2677.299114733596,3951.8748344472283,-2640.380612239843
337,175,8564595973269547106291127313913845680,0.00023820867079561692,1,L2_3_IT,3969.484129939351,-2677.299114733596,4011.616501425107,-2704.3454770989765
514,175,57491154361996888191766741446765249841,0.00023820867079561692,1,L2_3_IT,3969.484129939351,-2677.299114733596,3941.3255684522715,-2698.164373028811
978,175,199178872096861761211300264535655151995,0.00023820867079561692,1,L2_3_IT,3969.484129939351,-2677.299114733596,3928.752242584925,-2650.212265954577
1080,175,242537180046330102543361350177131230962,0.00023820867079561692,1,L2_3_IT,3969.484129939351,-2677.299114733596,4013.8515027872522,-2693.3928453457825
1846,176,120908500276873697147862088000589729798,0.00023820867079561692,3,L2_3_IT,4069.484129939351,-2677.299114733596,4104.494351681574,-2687.10264689815
1297,176,25129366543559713317798335733323361624,0.00023820867079561692,3,L4_5_IT,4069.484129939351,-2677.299114733596,4062.3804702035286,-2695.3704572371425
2383,176,251376581773490688464509089807618397151,0.00023820867079561692,3,L5_6_NP,4069.484129939351,-2677.299114733596,4056.1609650016057,-2667.7877329982725
1350,176,221005898794577785445957976995565596737,0.00023820867079561692,3,L5_IT,4069.484129939351,-2677.299114733596,4092.3266844591158,-2692.1913069075044
2052,176,319662000033393366596780800437352315454,0.00023820867079561692,3,L2_3_IT,4069.484129939351,-2677.299114733596,4032.0581783509388,-2644.043429626911
752,177,267501697760387566742962928378678259337,0.00023820867079561692,2,L2_3_IT,4169.484129939351,-2677.299114733596,4144.906973200128,-2671.7567148722455
1291,177,216661847927208537543977118417313930514,0.00023820867079561692,2,L2_3_IT,4169.484129939351,-2677.299114733596,4154.618734422949,-2672.2624323407576
1469,177,276037733461481068390610579919553363971,0.00023820867079561692,2,L5_IT,4169.484129939351,-2677.299114733596,4164.7245436981,-2674.4416717104637
301,177,102500510899266198503869053721430715211,0.00023820867079561692,2,L6_IT,4169.484129939351,-2677.299114733596,4166.524418918272,-2673.930807543476
1577,177,121637746521075695239197511690585557064,0.00023820867079561692,2,Endo,4169.484129939351,-2677.299114733596,4216.6459794573075,-2694.103947201039
145,178,271761832168811135992208200236681240813,0.00023820867079561692,1,Astro,4269.484129939351,-2677.299114733596,4262.712574384802,-2720.095932334138
625,178,296329591428298353481026936338248956675,0.00023820867079561692,1,L6_IT,4269.484129939351,-2677.299114733596,4241.05586554279,-2649.639843934677
740,178,123176591505978412200337305119344087385,0.00023820867079561692,1,Astro,4269.484129939351,-2677.299114733596,4296.443453415477,-2689.1441033848223
754,178,186346788173993534420026413411983801105,0.00023820867079561692,1,Astro,4269.484129939351,-2677.299114733596,4272.958862375372,-2700.1556195738467
1167,178,37197830761931438027541823991447602340,0.00023820867079561692,1,L6_IT,4269.484129939351,-2677.299114733596,4274.249893978292,-2627.460074440485
243,179,118666354592397654012968462968321076445,0.00023820867079561692,1,L2_3_IT,4369.484129939351,-2677.299114733596,4330.629600074407,-2683.4324582890904
276,179,301527863277350414341892329984094939784,0.00023820867079561692,1,L4_5_IT,4369.484129939351,-2677.299114733596,4382.613391137143,-2659.8940497454814
303,179,331620536662422315469725075083957019705,0.00023820867079561692,1,L4_5_IT,4369.484129939351,-2677.299114733596,4400.530317146533,-2698.698085550709
365,179,252264625622565919957457954471883311745,0.00023820867079561692,1,L4_5_IT,4369.484129939351,-2677.299114733596,4405.401625189507,-2695.5626327265777
675,179,283756761938942749131843692270094867212,0.00023820867079561692,1,L2_3_IT,4369.484129939351,-2677.299114733596,4328.245716149158,-2648.908347356118
2763,18,309216255992658767410844905314883573748,0.00023820867079561692,3,L2_3_IT,4069.484129939351,-3677.299114733596,4081.5044979072723,-3711.1482698831574
57,18,326916784874011592373110702193472733445,0.00023820867079561692,3,L5_IT,4069.484129939351,-3677.299114733596,4097.565863527579,-3665.0986276801814
212,18,219568767103261904455672599706383818923,0.00023820867079561692,3,L5_IT,4069.484129939351,-3677.299114733596,4066.8383023057418,-3650.8934213309503
262,18,117358162303137920359039114283065072056,0.00023820867079561692,3,L5_IT,4069.484129939351,-3677.299114733596,4020.3291627048484,-3686.80866994865
1654,18,126326361039643540186520670197887494165,0.00023820867079561692,3,L5_IT,4069.484129939351,-3677.299114733596,4081.182823251268,-3672.546584825023
373,180,3926382353440455005159595359502740821,0.00023820867079561692,1,L4_5_IT,4469.484129939351,-2677.299114733596,4470.272159333843,-2677.373548837122
565,180,124006632518508737793505439415136457597,0.00023820867079561692,1,L4_5_IT,4469.484129939351,-2677.299114733596,4439.53262896299,-2637.1799169166375
776,180,96555185505285503655652874085117622289,0.00023820867079561692,1,L4_5_IT,4469.484129939351,-2677.299114733596,4475.529262496927,-2681.4799842827424
1185,180,129663210993227391512486656089553512875,0.00023820867079561692,1,L4_5_IT,4469.484129939351,-2677.299114733596,4478.783313665283,-2694.3672597126256
1309,180,46854179307853019634940341396885562860,0.00023820867079561692,1,L4_5_IT,4469.484129939351,-2677.299114733596,4483.303285237708,-2696.0948639188605
3367,181,49423108087719461802649899480893755818,0.00023820867079561692,4,OPC,4569.484129939351,-2677.299114733596,4586.224777620033,-2663.775342632804
3550,181,189725758459584952663119297392401587723,0.00023820867079561692,4,OPC,4569.484129939351,-2677.299114733596,4601.697005520174,-2638.9719299814174
1086,181,294526670439514475204505551949507183135,0.00023820867079561692,4,Peri,4569.484129939351,-2677.299114733596,4558.640442950578,-2686.3760135449097
1580,181,82928718199457026618959828887313453085,0.00023820867079561692,4,Peri,4569.484129939351,-2677.299114733596,4549.883823975954,-2698.774924301097
2054,181,128533535551004541340315263198450660290,0.00023820867079561692,4,Peri,4569.484129939351,-2677.299114733596,4550.974599630021,-2698.597363207756
552,182,252909173554285990170230591032493509020,0.00023820867079561692,3,L2_3_IT,4669.484129939351,-2677.299114733596,4680.420593813316,-2693.113455139823
325,182,211236516271718004545331415611752946271,0.00023820867079561692,3,L5_6_NP,4669.484129939351,-2677.299114733596,4648.2597332158,-2701.0984885691832
590,182,305898754230419262852035600841537319492,0.00023820867079561692,3,L2_3_IT,4669.484129939351,-2677.299114733596,4684.2573967470635,-2640.6285341972452
1251,182,212699862674392977409607416206196945040,0.00023820867079561692,3,L5_6_NP,4669.484129939351,-2677.299114733596,4633.573482108391,-2712.185613792314
1257,182,72508052539459566755695655219995275263,0.00023820867079561692,3,L2_3_IT,4669.484129939351,-2677.299114733596,4700.909443812169,-2639.4694819694178
1802,183,286059391333703719044670283069168437521,0.00023820867079561692,1,L4_5_IT,4769.484129939351,-2677.299114733596,4777.856166362415,-2703.126813121937
1275,183,313090174651437220322867159995275073600,0.00023820867079561692,1,L5_IT,4769.484129939351,-2677.299114733596,4766.87961368167,-2693.745576957925
3350,183,249416685901278024491957511078563602127,0.00023820867079561692,1,L5_IT,4769.484129939351,-2677.299114733596,4775.69672237839,-2691.273756821716
949,183,336834958280962721958269910363918278056,0.00023820867079561692,1,Oligo,4769.484129939351,-2677.299114733596,4791.3961357617245,-2657.9009124723934
1606,183,108703577816104806852870033412891377482,0.00023820867079561692,1,Peri,4769.484129939351,-2677.299114733596,4735.592011512564,-2640.448514294013
187,184,141205000092141915245900645335748849814,0.00023820867079561692,1,L5_6_NP,4869.484129939351,-2677.299114733596,4867.2870570439,-2694.5761367812715
2927,184,325769396487629197216855454824542533413,0.00023820867079561692,1,Sst,4869.484129939351,-2677.299114733596,4896.057898486576,-2655.4934819997206
80,184,331541951926366497843803540171294696542,0.00023820867079561692,1,L4_5_IT,4869.484129939351,-2677.299114733596,4822.376474982591,-2694.255272573393
389,184,57760013983607985409344317813461553897,0.00023820867079561692,1,L5_6_NP,4869.484129939351,-2677.299114733596,4874.951631846919,-2680.6402587897946
584,184,174986382709528496570486972853802459258,0.00023820867079561692,1,Astro,4869.484129939351,-2677.299114733596,4886.747587336771,-2661.5304235238004
549,185,252955999213627108032678523148016277571,0.00023820867079561692,3,L2_3_IT,4969.484129939351,-2677.299114733596,4964.50822300703,-2673.138725322109
546,185,283578945518942212403230303409725574086,0.00023820867079561692,3,L5_ET,4969.484129939351,-2677.299114733596,4976.671005066081,-2665.2346213030646
3063,185,320574005265487253024847309670954418063,0.00023820867079561692,3,L5_ET,4969.484129939351,-2677.299114733596,4966.231335672422,-2651.5491091734502
1954,185,76051071152643147956826838982974290303,0.00023820867079561692,3,L6_IT,4969.484129939351,-2677.299114733596,4971.049502285971,-2669.2103602048683
635,185,248977462404048508072057213936611989129,0.00023820867079561692,3,Astro,4969.484129939351,-2677.299114733596,4968.960583665255,-2727.3627576644903
412,186,4925626277336253162663132190214548415,0.00023820867079561692,1,L4_5_IT,5069.484129939351,-2677.299114733596,5046.81549026559,-2678.949573853297
326,186,210242860872937307395887664576353729175,0.00023820867079561692,1,L6_CT,5069.484129939351,-2677.299114733596,5072.840027039368,-2648.2064884460574
822,186,187626437529576306839057794499572312968,0.00023820867079561692,1,L6_CT,5069.484129939351,-2677.299114733596,5058.817636935345,-2641.6524913323215
873,186,283038205805952019140643910591092261151,0.00023820867079561692,1,L4_5_IT,5069.484129939351,-2677.299114733596,5073.549959089861,-2697.5493967905104
1093,186,163030400434919741151153796284785251054,0.00023820867079561692,1,Micro,5069.484129939351,-2677.299114733596,5095.397536366594,-2720.1376232457947
1048,187,91772253331315626916806462539391059229,0.00023820867079561692,1,L5_ET,5169.484129939351,-2677.299114733596,5179.398410629423,-2726.3740521519126
155,187,150545603145631256867174203963228198496,0.00023820867079561692,1,Sst,5169.484129939351,-2677.299114733596,5135.435685230618,-2649.2855533774095
529,187,93119081411334935341259672959433804264,0.00023820867079561692,1,Sst,5169.484129939351,-2677.299114733596,5184.694433572223,-2645.56115130743
319,187,181995002834573220729074359093393843196,0.00023820867079561692,1,Pvalb,5169.484129939351,-2677.299114733596,5145.800254040046,-2716.3678085777865
721,187,34249626295807468056873808923396723994,0.00023820867079561692,1,Sst,5169.484129939351,-2677.299114733596,5202.091866224411,-2648.907008253446
589,188,136975755642501563811410761509626092821,0.00023820867079561692,3,L2_3_IT,5269.484129939351,-2677.299114733596,5254.398981446728,-2717.966889778528
805,188,207217917919299630655479175205122345225,0.00023820867079561692,3,Lamp5,5269.484129939351,-2677.299114733596,5268.1354390864035,-2643.6812146111215
3378,188,228394367228493324898273150499083070908,0.00023820867079561692,3,Lamp5,5269.484129939351,-2677.299114733596,5272.236904936444,-2662.20941804235
3720,188,67810175048244956196752118379020804833,0.00023820867079561692,3,Lamp5,5269.484129939351,-2677.299114733596,5266.108252967354,-2638.267679911945
241,188,102295861303286750533722509490935319871,0.00023820867079561692,3,L5_IT,5269.484129939351,-2677.299114733596,5286.541071259831,-2724.3703713240347
646,189,210839720453074475179953542007368156855,0.00023820867079561692,1,L6_CT,5369.484129939351,-2677.299114733596,5372.22334067346,-2698.147335261682
1366,189,250730303321264835439323898152966765754,0.00023820867079561692,1,L6_CT,5369.484129939351,-2677.299114733596,5375.393582103954,-2681.8516318848874
3716,189,24586832786719230511356528636889452098,0.00023820867079561692,1,Vip,5369.484129939351,-2677.299114733596,5376.07769164866,-2645.49464471388
133,189,138287141698054808167638614914838410455,0.00023820867079561692,1,L6_IT,5369.484129939351,-2677.299114733596,5367.17395753564,-2727.3121685063697
605,189,114533529546409491175981967916333148587,0.00023820867079561692,1,Lamp5,5369.484129939351,-2677.299114733596,5356.5520777350275,-2633.689793301164
56,19,117093272091426213853223801925808708627,0.00023820867079561692,2,L2_3_IT,4169.484129939351,-3677.299114733596,4157.014019228119,-3711.4970776782548
264,19,330247913268898091267677273537589496632,0.00023820867079561692,2,L2_3_IT,4169.484129939351,-3677.299114733596,4158.374836296412,-3710.6345993304517
862,19,155564931060122047964349006697499900227,0.00023820867079561692,2,L4_5_IT,4169.484129939351,-3677.299114733596,4174.504049381134,-3663.1602657818767
3123,19,340175909371780053481800198373629121453,0.00023820867079561692,2,L4_5_IT,4169.484129939351,-3677.299114733596,4190.091584340167,-3631.670447567751
3229,19,201481939003141399842758094028734299038,0.00023820867079561692,2,L4_5_IT,4169.484129939351,-3677.299114733596,4167.436160450904,-3669.5331833096466
470,190,32529837457340412016088023916564572365,0.00023820867079561692,1,Astro,3869.484129939351,-2577.299114733596,3869.4028941842876,-2581.2507706492347
2434,190,162905199865858550220380318262052177172,0.00023820867079561692,1,Endo,3869.484129939351,-2577.299114733596,3885.8479524268237,-2563.9649436869413
3379,190,136032088826130238925325419295301011669,0.00023820867079561692,1,Endo,3869.484129939351,-2577.299114733596,3883.0013125176433,-2555.323484111882
3761,190,241262938190616348017507416524042077638,0.00023820867079561692,1,Oligo,3869.484129939351,-2577.299114733596,3842.5969498714267,-2619.5332477566403
895,190,228759005422536726424176433641237715306,0.00023820867079561692,1,SMC,3869.484129939351,-2577.299114733596,3866.5715406965705,-2566.423127463278
879,191,135663612377688980529835436854912122964,0.00023820867079561692,1,L2_3_IT,3969.484129939351,-2577.299114733596,3995.1389153973323,-2613.64672338176
1409,191,203911739186224332313670793968931848999,0.00023820867079561692,1,L2_3_IT,3969.484129939351,-2577.299114733596,3966.086351600784,-2583.9521480596886
1170,191,204158079915376688006460280027731300593,0.00023820867079561692,1,Sst,3969.484129939351,-2577.299114733596,3975.8561481597185,-2591.331537580832
975,191,325815854075445939106232098327816246404,0.00023820867079561692,1,L5_6_NP,3969.484129939351,-2577.299114733596,3946.720705744138,-2532.7068624567487
1168,191,116360534608654145303047179988853011553,0.00023820867079561692,1,L5_IT,3969.484129939351,-2577.299114733596,3963.6185287947733,-2564.858302188951
72,192,295600290160793951059666502632024611662,0.00023820867079561692,3,L2_3_IT,4069.484129939351,-2577.299114733596,4079.5598775760022,-2604.1199189865356
86,192,13296653986512781091306756251611162717,0.00023820867079561692,3,L2_3_IT,4069.484129939351,-2577.299114733596,4048.859854455027,-2587.7612090409275
236,192,96528483729040031580939712087752988631,0.00023820867079561692,3,L2_3_IT,4069.484129939351,-2577.299114733596,4074.6487207379646,-2558.4309840568094
699,192,40056520620394975134877892838403046681,0.00023820867079561692,3,L2_3_IT,4069.484129939351,-2577.299114733596,4044.2671283027976,-2598.510411451272
2170,192,306963153863075739468955962296135397073,0.00023820867079561692,3,L5_ET,4069.484129939351,-2577.299114733596,4100.085068624929,-2537.673050132443
358,193,325159494428347531100719903862696109416,0.00023820867079561692,1,L2_3_IT,4269.484129939351,-2577.299114733596,4270.017179682021,-2594.7080571206347
463,193,15508121764045717732483764009791296050,0.00023820867079561692,1,L2_3_IT,4269.484129939351,-2577.299114733596,4236.180095007267,-2539.916181442378
316,193,263254925507523912085850853294650353730,0.00023820867079561692,1,L5_IT,4269.484129939351,-2577.299114733596,4281.04976811,-2600.434911112768
899,193,57216368856359316089166058894265495191,0.00023820867079561692,1,L2_3_IT,4269.484129939351,-2577.299114733596,4275.282678296963,-2571.3781298787985
1535,193,212772825594368516490883998163624897803,0.00023820867079561692,1,L4_5_IT,4269.484129939351,-2577.299114733596,4284.8909286005,-2580.0582941133957
190,194,205460142099355829726395334171440412900,0.00023820867079561692,1,Sst,4369.484129939351,-2577.299114733596,4360.391132972094,-2584.8359387163027
1261,194,55885374813769353547034334065360830237,0.00023820867079561692,1,Sst,4369.484129939351,-2577.299114733596,4382.699534662354,-2618.127664997305
1461,194,121343170040678040297090279110370185827,0.00023820867079561692,1,Sst,4369.484129939351,-2577.299114733596,4371.423972180759,-2557.62077042136
213,194,118862187207103176499888358426014253257,0.00023820867079561692,1,L5_ET,4369.484129939351,-2577.299114733596,4330.755134052733,-2545.570463299481
3908,194,256667632834015189360429396468126921395,0.000233627734818796,1,OPC,4369.484129939351,-2577.299114733596,4402.1508758288,-2580.340736233531
738,195,169970315490913636347948942263909932634,0.00023820867079561692,1,L4_5_IT,4469.484129939351,-2577.299114733596,4465.441167532418,-2564.6798070117547
1210,195,55288359906222412259974955637846876210,0.00023820867079561692,1,L4_5_IT,4469.484129939351,-2577.299114733596,4471.245090423157,-2588.20862156162
1372,195,69028226719270303351487779637313330177,0.00023820867079561692,1,Micro,4469.484129939351,-2577.299114733596,4439.711885498894,-2537.046712256342
2154,195,203019543766845304992877954172309223456,0.00023820867079561692,1,L4_5_IT,4469.484129939351,-2577.299114733596,4485.5241561955845,-2599.358929213206
2276,195,28568991677690397873291650200388968698,0.00023820867079561692,1,L4_5_IT,4469.484129939351,-2577.299114733596,4485.498350046702,-2597.20150362505
3102,196,21159812161172051557102091077481060900,0.00023820867079561692,3,L6_IT,4569.484129939351,-2577.299114733596,4570.312781673585,-2561.105793555354
1424,196,298237325326257541714844585731176194176,0.00023820867079561692,3,OPC,4569.484129939351,-2577.299114733596,4570.620728628165,-2627.3525920117413
333,196,84467154031181071498770724904504242917,0.00023820867079561692,3,L5_ET,4569.484129939351,-2577.299114733596,4576.476003379643,-2544.766644846405
861,196,210666441767429764989289344359775418938,0.00023820867079561692,3,L2_3_IT,4569.484129939351,-2577.299114733596,4538.962648690076,-2574.1992889717058
1154,196,33865093579132356231005640949447772015,0.00023820867079561692,3,L5_ET,4569.484129939351,-2577.299114733596,4591.048487325281,-2579.07125428278
160,197,89586167578779823113119949524366177057,0.00023820867079561692,2,L5_IT,4669.484129939351,-2577.299114733596,4703.378033603629,-2540.4501562868522
31,197,109979375552010212879865523379737278773,0.00023820867079561692,2,OPC,4669.484129939351,-2577.299114733596,4680.641881689726,-2552.3793768005303
662,197,39788832222597991406613320490977748168,0.00023820867079561692,2,OPC,4669.484129939351,-2577.299114733596,4652.641315161285,-2591.3506026769187
1892,197,86341700288057459842023725115746151081,0.00023820867079561692,2,OPC,4669.484129939351,-2577.299114733596,4643.054006214853,-2594.9232299329733
3724,197,257132415861351162266276828374522024844,0.00023820867079561692,2,Sst,4669.484129939351,-2577.299114733596,4667.70541302726,-2607.3922079707054
581,198,326132781743503726021864756981851494109,0.00023820867079561692,4,Pvalb,4769.484129939351,-2577.299114733596,4819.515649122771,-2579.1671437516657
537,198,52942337375679085626517804908455581315,0.00023820867079561692,4,L2_3_IT,4769.484129939351,-2577.299114733596,4737.499601390413,-2587.6580950045013
571,198,214534534094892168470028943326250800424,0.00023820867079561692,4,L5_ET,4769.484129939351,-2577.299114733596,4747.842430748989,-2591.1826484206754
1049,198,116349266390926889663599346750366752580,0.00023820867079561692,4,Micro,4769.484129939351,-2577.299114733596,4811.537813988046,-2551.124932333875
1122,198,298626746814055414694742899588757872754,0.00023820867079561692,4,L2_3_IT,4769.484129939351,-2577.299114733596,4731.025154446528,-2577.362754157264
18,199,297216878879383288851750935497133674232,0.00023820867079561692,4,Sst,4869.484129939351,-2577.299114733596,4883.029381827148,-2596.276138506636
366,199,49185521603949705040761727099809140078,0.00023820867079561692,4,Sst,4869.484129939351,-2577.299114733596,4863.362585361574,-2578.2480788137136
386,199,74474569179184043742610000891553286467,0.00023820867079561692,4,Sst,4869.484129939351,-2577.299114733596,4877.362747847382,-2595.6978881237014
42,199,253760895640865787273253502952278255528,0.00023820867079561692,4,L4_5_IT,4869.484129939351,-2577.299114733596,4826.476912190779,-2551.666680870614
1468,199,51531869743369577311689016591731245647,0.00023820867079561692,4,Pvalb,4869.484129939351,-2577.299114733596,4897.189022469874,-2564.6067873533207
3206,2,53771060035959106273047806331189456324,0.00023820867079561692,1,Astro,3869.484129939351,-3977.299114733596,3878.718343879464,-3983.613369862332
3261,2,320441263060659624833297526969188659611,0.00023820867079561692,1,Astro,3869.484129939351,-3977.299114733596,3876.4436678587313,-3980.1349508172434
950,2,258154299060284054866204216250804676137,0.00023820867079561692,1,L5_IT,3869.484129939351,-3977.299114733596,3882.2204329885913,-3977.0333042180405
253,2,132185712924019711754739267361400323008,0.00023820867079561692,1,VLMC,3869.484129939351,-3977.299114733596,3822.003574670324,-3961.4170709243745
1215,2,323356801235808005931942191411986786120,0.00023820867079561692,1,L2_3_IT,3869.484129939351,-3977.299114733596,3888.0346302996436,-3984.296877845991
1097,20,95383135095927218909503446623820808202,0.00023820867079561692,1,L4_5_IT,4269.484129939351,-3677.299114733596,4247.937978547466,-3701.917017756782
1204,20,158881998004051526230496051364751434629,0.00023820867079561692,1,L4_5_IT,4269.484129939351,-3677.299114733596,4277.436156042368,-3688.9572145396655
3155,20,288096151203091949205477890448320545708,0.00023820867079561692,1,L4_5_IT,4269.484129939351,-3677.299114733596,4261.8769366873985,-3674.557639089027
441,20,89339368926080589301196552799497153967,0.00023820867079561692,1,L6_IT,4269.484129939351,-3677.299114733596,4265.145728424129,-3627.42105626591
136,20,50434271039009485082661382989564033224,0.00023820867079561692,1,L2_3_IT,4269.484129939351,-3677.299114733596,4295.023849995425,-3693.642646016596
2462,200,227511309921462758811291975696186214486,0.00023820867079561692,1,L5_ET,4969.484129939351,-2577.299114733596,4984.127137790854,-2577.4544658935897
1171,200,63153961598262675396504569804626657381,0.00023820867079561692,1,Vip,4969.484129939351,-2577.299114733596,4919.754425662157,-2583.095575439577
442,200,262810630133348372133589494696142780452,0.00023820867079561692,1,L2_3_IT,4969.484129939351,-2577.299114733596,4969.740281869514,-2561.4505859945457
780,200,280154603844091336592590460097781263243,0.00023820867079561692,1,L5_IT,4969.484129939351,-2577.299114733596,4981.946432818037,-2570.2914902421326
1494,200,189099241724823160680287295458422188020,0.00023820867079561692,1,L6_IT,4969.484129939351,-2577.299114733596,4991.8523715562,-2594.2034560981356
891,201,239470426389144540347028391092123493379,0.00023820867079561692,1,L5_ET,5069.484129939351,-2577.299114733596,5042.858142874642,-2566.208214513763
1534,201,90906183618238187875011492499706545158,0.00023820867079561692,1,L5_ET,5069.484129939351,-2577.299114733596,5053.36974682767,-2576.902827337229
3634,201,140370821343257446512468367072340037078,0.00023820867079561692,1,L5_ET,5069.484129939351,-2577.299114733596,5056.858454405763,-2580.6869977175593
40,201,214024757233371475288440029647876386604,0.00023820867079561692,1,Pvalb,5069.484129939351,-2577.299114733596,5119.505270856866,-2575.1712271606193
129,201,179932606914371889094940989169456774610,0.00023820867079561692,1,L6_IT,5069.484129939351,-2577.299114733596,5074.829034731803,-2587.5263069388166
1252,202,275030724322753716457173668080939412644,0.00023820867079561692,1,L6_IT,5169.484129939351,-2577.299114733596,5182.811136010536,-2602.901054889747
2273,202,105525767171112837661148829982548287983,0.00023820867079561692,1,L6_IT,5169.484129939351,-2577.299114733596,5139.614452372338,-2546.8960273317384
2380,202,148247942976544369203228330130907003961,0.00023820867079561692,1,Oligo,5169.484129939351,-2577.299114733596,5194.599221054359,-2533.9877462202594
3596,202,250614604468139370963450244912545739575,0.00023820867079561692,1,Sst,5169.484129939351,-2577.299114733596,5177.796869497588,-2611.427624037744
10,202,92528306080435009218806458288298839546,0.00023820867079561692,1,L5_6_NP,5169.484129939351,-2577.299114733596,5152.59897076194,-2591.283121188492
531,203,146906637731122102517577363317345132851,0.00023820867079561692,3,Pvalb,5269.484129939351,-2577.299114733596,5241.9633844173395,-2603.744659640045
876,203,192269949099635943153846876796858476977,0.00023820867079561692,3,Pvalb,5269.484129939351,-2577.299114733596,5265.405918559023,-2594.1601652838367
1573,203,134651493064205552192592769404294276043,0.00023820867079561692,3,Pvalb,5269.484129939351,-2577.299114733596,5254.4248006499565,-2613.909617367312
609,203,88647519160286800473685764422173916390,0.00023820867079561692,3,L5_IT,5269.484129939351,-2577.299114733596,5299.802429791535,-2544.7069285885595
3915,203,80210897743146618991411525086202387696,0.0002183579482294086,3,L4_5_IT,5269.484129939351,-2577.299114733596,5285.8241162789045,-2529.9742027882326
364,204,5407034634330924122343080537754452952,0.00023820867079561692,1,L6_CT,5369.484129939351,-2577.299114733596,5402.214854296662,-2559.788665747503
602,204,248882042988775469043352465129490698724,0.00023820867079561692,1,Pvalb,5369.484129939351,-2577.299114733596,5340.879240516253,-2588.741363845044
2025,204,299863044365977840226201483474106273709,0.00023820867079561692,1,Pvalb,5369.484129939351,-2577.299114733596,5371.964147328842,-2586.4521096809253
186,204,40864215757036182758767523690698407035,0.00023820867079561692,1,L6_IT,5369.484129939351,-2577.299114733596,5351.205162636415,-2530.688796149066
482,204,141547277750399873230170253460896358084,0.00023820867079561692,1,Vip,5369.484129939351,-2577.299114733596,5381.157244918588,-2620.824638245435
178,205,186288069062507006928943122920490206989,0.00023820867079561692,1,VLMC,3869.484129939351,-2477.299114733596,3845.8797636655977,-2486.4073259338534
2662,205,190431391455060438680789522517230962152,0.00023820867079561692,1,VLMC,3869.484129939351,-2477.299114733596,3884.1664171538964,-2451.815397265674
2715,205,7143959258857116768668838420408276424,0.00023820867079561692,1,VLMC,3869.484129939351,-2477.299114733596,3884.133470514752,-2452.906816046462
400,205,234455434157378342636971045477053546138,0.00023820867079561692,1,Peri,3869.484129939351,-2477.299114733596,3826.8701471635527,-2503.5801138812158
544,205,66553786119294617105209922533232133183,0.00023820867079561692,1,PVM,3869.484129939351,-2477.299114733596,3906.370851198965,-2491.7859205407754
37,206,28751694384236617342578172053895745354,0.00023820867079561692,1,Endo,3969.484129939351,-2477.299114733596,3966.896103316198,-2470.3546984770464
863,206,103789311555996607474821057762334121557,0.00023820867079561692,1,Endo,3969.484129939351,-2477.299114733596,3968.004238216054,-2495.8507298352843
1586,206,55851938203364998796946482411125242078,0.00023820867079561692,1,PVM,3969.484129939351,-2477.299114733596,3970.8235003791992,-2433.665515679307
355,206,754627584202817917903917368960802045,0.00023820867079561692,1,SMC,3969.484129939351,-2477.299114733596,3966.948029439854,-2459.536701727592
997,206,32250544322183458661870205085943212598,0.00023820867079561692,1,Endo,3969.484129939351,-2477.299114733596,3974.7487783454535,-2527.0879279487485
328,207,175592294073369630404220731364795232647,0.00023820867079561692,4,OPC,4069.484129939351,-2477.299114733596,4111.968586693332,-2487.670598187314
545,207,53198251420468685673461895252529300582,0.00023820867079561692,4,OPC,4069.484129939351,-2477.299114733596,4098.050511431971,-2473.4430693245495
1298,207,285843013147407027347822065777401296096,0.00023820867079561692,4,OPC,4069.484129939351,-2477.299114733596,4023.796272259945,-2466.051064412215
169,207,75855752473931223170900509180785388444,0.00023820867079561692,4,Sst,4069.484129939351,-2477.299114733596,4078.0584962174908,-2518.8406788197935
1387,207,276083234474942705872030219017496963456,0.00023820867079561692,4,OPC,4069.484129939351,-2477.299114733596,4035.5467830940083,-2440.490162924123
76,208,123382764247081025984080635522779187003,0.00023820867079561692,1,L2_3_IT,4169.484129939351,-2477.299114733596,4195.2144239966465,-2469.5423001976314
329,208,262710226190923158911334888953881579418,0.00023820867079561692,1,L5_IT,4169.484129939351,-2477.299114733596,4180.507824900808,-2496.922369271402
220,208,124444904463190927536581497141715891127,0.00023820867079561692,1,L2_3_IT,4169.484129939351,-2477.299114733596,4171.600256884007,-2465.7979710817895
237,208,22810321854587372667055356700603271852,0.00023820867079561692,1,L2_3_IT,4169.484129939351,-2477.299114733596,4178.936273834302,-2490.033499539864
350,208,223908599423532678811057473210073613207,0.00023820867079561692,1,L6_IT,4169.484129939351,-2477.299114733596,4121.161870081018,-2464.1994335772897
13,209,325062290081350265573882061497088748940,0.00023820867079561692,3,L2_3_IT,4269.484129939351,-2477.299114733596,4278.0490669974,-2484.440342528236
808,209,147372623427744354274977655642154122702,0.00023820867079561692,3,L2_3_IT,4269.484129939351,-2477.299114733596,4306.353158764717,-2510.4213485825653
1263,209,81766691715852303686729726384365565790,0.00023820867079561692,3,L2_3_IT,4269.484129939351,-2477.299114733596,4288.403213444537,-2453.1344190898094
252,209,271873607027846569771428130386843258049,0.00023820867079561692,3,L4_5_IT,4269.484129939351,-2477.299114733596,4231.280770356663,-2503.8950342024464
1622,209,271902764838860250967872220894443206933,0.00023820867079561692,3,L2_3_IT,4269.484129939351,-2477.299114733596,4243.334440133461,-2434.604429264923
1770,21,212814191384639393836309933583902639344,0.00023820867079561692,1,L2_3_IT,4369.484129939351,-3677.299114733596,4409.970244823949,-3667.39675052598
109,21,88391014084941621043541472896807484972,0.00023820867079561692,1,L4_5_IT,4369.484129939351,-3677.299114733596,4341.590779877846,-3680.347620842786
239,21,169630115072734735071825465977246549149,0.00023820867079561692,1,L4_5_IT,4369.484129939351,-3677.299114733596,4351.298276340503,-3706.456837585885
620,21,272603904616618112966264367040687574331,0.00023820867079561692,1,L4_5_IT,4369.484129939351,-3677.299114733596,4363.4893477012965,-3703.702166219443
1279,21,1532780456051889465204599782237545840,0.00023820867079561692,1,L4_5_IT,4369.484129939351,-3677.299114733596,4381.072000953154,-3628.592198493901
2318,210,207764299149548795433392947159455681214,0.00023820867079561692,3,L5_ET,4369.484129939351,-2477.299114733596,4350.256378408992,-2466.3633505188377
2419,210,10551633534698854195667512244395380368,0.00023820867079561692,3,L5_IT,4369.484129939351,-2477.299114733596,4371.448561562408,-2480.1391207742495
22,210,33594695617263162071200131837962548326,0.00023820867079561692,3,PVM,4369.484129939351,-2477.299114733596,4406.666969378111,-2510.8264005689357
23,210,1653823529064591265580443651208419417,0.00023820867079561692,3,L6_CT,4369.484129939351,-2477.299114733596,4340.71053963427,-2448.612110315758
306,210,316576545710939216369594957886563798336,0.00023820867079561692,3,VLMC,4369.484129939351,-2477.299114733596,4378.338200712981,-2480.5545914902
1386,211,270159660547275405979699750236660091482,0.00023820867079561692,3,L4_5_IT,4469.484129939351,-2477.299114733596,4485.433606634643,-2470.808830444179
123,211,291396113674832057900400026083851220552,0.00023820867079561692,3,OPC,4469.484129939351,-2477.299114733596,4436.793530467906,-2515.2196520506063
1711,211,69082725686220086375283969750693146987,0.00023820867079561692,3,Oligo,4469.484129939351,-2477.299114733596,4489.97103424969,-2458.5371080434293
878,211,92584246152588325295328306954127739058,0.00023820867079561692,3,Micro,4469.484129939351,-2477.299114733596,4467.130240479478,-2481.848323898582
1356,211,125494262970178858946725616888930684937,0.00023820867079561692,3,Endo,4469.484129939351,-2477.299114733596,4468.092237865047,-2460.081659231183
2599,212,154211006143235535925369699557203812798,0.00023820867079561692,2,Astro,4569.484129939351,-2477.299114733596,4590.320046916221,-2457.445863875391
839,212,146326030467151409296173249773754138948,0.00023820867079561692,2,L4_5_IT,4569.484129939351,-2477.299114733596,4586.354603124885,-2476.931993232913
1130,212,256064711062215271619286519608830130510,0.00023820867079561692,2,L4_5_IT,4569.484129939351,-2477.299114733596,4547.517164773854,-2466.2607050031206
491,212,210602163180267369301761408276106234698,0.00023820867079561692,2,L5_IT,4569.484129939351,-2477.299114733596,4593.627738070667,-2478.2926343475633
60,212,170614221256058488425367137101035585961,0.00023820867079561692,2,L2_3_IT,4569.484129939351,-2477.299114733596,4529.601096811111,-2507.564377208997
3077,213,56994687519134775655013711391194196586,0.00023820867079561692,1,Astro,4669.484129939351,-2477.299114733596,4662.749875025111,-2427.6877021860455
2518,213,167226945295349989253022656704202433867,0.00023820867079561692,1,L4_5_IT,4669.484129939351,-2477.299114733596,4672.763946756081,-2459.048942050961
90,213,186383465974421405692671844642841829774,0.00023820867079561692,1,L2_3_IT,4669.484129939351,-2477.299114733596,4671.512256189297,-2486.4866812550254
158,213,9642677558036904821813981619639586064,0.00023820867079561692,1,L5_ET,4669.484129939351,-2477.299114733596,4671.733845062779,-2510.055713665539
1333,213,8682210774300358831968231749144065850,0.00023820867079561692,1,L2_3_IT,4669.484129939351,-2477.299114733596,4668.660726663477,-2503.216534510411
994,214,308261825526698832110612540117054155566,0.00023820867079561692,1,L4_5_IT,4769.484129939351,-2477.299114733596,4755.758039494458,-2476.117197744988
1148,214,236814098010555812345399630221111773057,0.00023820867079561692,1,L4_5_IT,4769.484129939351,-2477.299114733596,4772.31277340152,-2446.6302598153998
2015,214,85834103142660006482523113393383288323,0.00023820867079561692,1,L4_5_IT,4769.484129939351,-2477.299114733596,4778.186656291797,-2526.60335876287
2158,214,108274124250724938136099916916004956980,0.00023820867079561692,1,L5_IT,4769.484129939351,-2477.299114733596,4745.290292915306,-2490.0608889154464
2172,214,9637593371317331613703614239451532005,0.00023820867079561692,1,L4_5_IT,4769.484129939351,-2477.299114733596,4795.872887593654,-2447.0838684292635
1,215,214150373739754931405533046224140650719,0.00023820867079561692,1,L4_5_IT,4869.484129939351,-2477.299114733596,4868.574300615366,-2427.2410019564004
430,215,320201776984786017795571975402807659216,0.00023820867079561692,1,L4_5_IT,4869.484129939351,-2477.299114733596,4876.105364460242,-2476.4906505744275
1071,215,130223741233542037830057985342540570007,0.00023820867079561692,1,L4_5_IT,4869.484129939351,-2477.299114733596,4852.530421169087,-2467.2269657677175
1987,215,5639592606786639952823624788610551029,0.00023820867079561692,1,Pvalb,4869.484129939351,-2477.299114733596,4867.5050481202015,-2509.426085759166
542,215,146581575483627974664122492203304659759,0.00023820867079561692,1,Sst,4869.484129939351,-2477.299114733596,4882.705515331862,-2506.1108696102638
592,216,66548833774373938183081902524943898645,0.00023820867079561692,1,L5_ET,4969.484129939351,-2477.299114733596,4997.199676080892,-2482.459417589136
2078,216,74066123389575590259764264072575923777,0.00023820867079561692,1,L5_ET,4969.484129939351,-2477.299114733596,4982.6733115063935,-2493.1208684220737
816,216,102138401151297659614140192164977221559,0.00023820867079561692,1,Oligo,4969.484129939351,-2477.299114733596,4965.6218408195755,-2508.252996232297
1296,216,184986996915010340944250009386401666418,0.00023820867079561692,1,L5_IT,4969.484129939351,-2477.299114733596,4966.213588123281,-2462.3239861055044
1412,216,112743589380899270196906487894629775124,0.00023820867079561692,1,L4_5_IT,4969.484129939351,-2477.299114733596,4935.712233166606,-2440.3383053189705
205,217,234643345323010335334303184307028337132,0.00023820867079561692,4,L5_IT,5069.484129939351,-2477.299114733596,5030.183883947114,-2471.0397399025205
38,217,304699828795295619969028222885016667714,0.00023820867079561692,4,L6_CT,5069.484129939351,-2477.299114733596,5042.372020340703,-2463.435448203082
518,217,151500807850605339410539160372080624012,0.00023820867079561692,4,Micro,5069.484129939351,-2477.299114733596,5045.374191937151,-2484.502313495798
535,217,206331705663825642969602443362240100747,0.00023820867079561692,4,Astro,5069.484129939351,-2477.299114733596,5117.082163261318,-2492.8255331259397
1373,217,261842105324759888753957281413601259643,0.00023820867079561692,4,Endo,5069.484129939351,-2477.299114733596,5112.408390210471,-2474.6925389406374
1065,218,90539482398712716555069522958869992249,0.00023820867079561692,1,Endo,5169.484129939351,-2477.299114733596,5139.137056375112,-2473.7298225684353
1873,218,208776376626168026403817460914058478046,0.00023820867079561692,1,L2_3_IT,5169.484129939351,-2477.299114733596,5177.964575606461,-2455.1436493840756
1617,218,11410240857297922811928798357920798109,0.00023820867079561692,1,VLMC,5169.484129939351,-2477.299114733596,5190.400215181235,-2475.2488350993294
49,218,233220479328670390189444371734329411267,0.00023820867079561692,1,Peri,5169.484129939351,-2477.299114733596,5139.951251286487,-2465.3576128897685
2004,218,287355014956573993393778998560433863575,0.00023820867079561692,1,Astro,5169.484129939351,-2477.299114733596,5199.967551247475,-2517.015653726371
144,219,316955433356413310760094421843767080746,0.00023820867079561692,3,L5_ET,5269.484129939351,-2477.299114733596,5273.092372464039,-2501.1728762861585
369,219,161545735180891807147517637281437332339,0.00023820867079561692,3,L6_IT,5269.484129939351,-2477.299114733596,5281.37244431341,-2457.778478944714
29,219,243110163639148088365467863095290975420,0.00023820867079561692,3,L6_CT,5269.484129939351,-2477.299114733596,5260.404800275484,-2523.630824202275
1292,219,145327556901793179283296565635943085690,0.00023820867079561692,3,L6_IT,5269.484129939351,-2477.299114733596,5280.077150533472,-2473.7024299534364
3918,219,254531815001463226483103885532856849140,0.0002183579482293069,3,OPC,5269.484129939351,-2477.299114733596,5252.473882110346,-2430.210964281396
528,22,14206378958753643797575564656631850020,0.00023820867079561692,1,L5_IT,4469.484129939351,-3677.299114733596,4477.131788560358,-3660.6590120322344
1236,22,153054382360013502804528184740000704271,0.00023820867079561692,1,L5_IT,4469.484129939351,-3677.299114733596,4462.9630204804835,-3683.8904907631363
2740,22,190777399882425047828197828812820540116,0.00023820867079561692,1,VLMC,4469.484129939351,-3677.299114733596,4463.959094328521,-3727.059705824461
45,22,164919339296395808024982903814132456053,0.00023820867079561692,1,L2_3_IT,4469.484129939351,-3677.299114733596,4482.318929152791,-3647.7584177109647
1978,22,254485401646300724549367821220948932715,0.00023820867079561692,1,L2_3_IT,4469.484129939351,-3677.299114733596,4461.0478171746045,-3667.127947337188
1123,220,338222998020180358382562683706219222716,0.00023820867079561692,3,L4_5_IT,5369.484129939351,-2477.299114733596,5367.29939717116,-2445.293326022062
1853,220,134419990687415089144070171947426798775,0.00023820867079561692,3,L4_5_IT,5369.484129939351,-2477.299114733596,5366.21776153713,-2478.20701130204
1893,220,106119827410635762079443969807896489563,0.00023820867079561692,3,L4_5_IT,5369.484129939351,-2477.299114733596,5370.444851214986,-2470.2008398224457
2019,220,200546705927347566834645026787674394707,0.00023820867079561692,3,L4_5_IT,5369.484129939351,-2477.299114733596,5416.65528723642,-2494.077802509115
2829,220,147955137545097545957416543086447680576,0.00023820867079561692,3,L5_ET,5369.484129939351,-2477.299114733596,5326.8033525370765,-2498.716594012313
157,221,122958873317688024419407348628467665004,0.00023820867079561692,1,VLMC,3969.484129939351,-2377.299114733596,3923.8513447679866,-2358.947599197365
251,221,147287140875970397785553464128776509410,0.00023820867079561692,1,VLMC,3969.484129939351,-2377.299114733596,3979.1688511947614,-2380.2084789918176
1267,221,294506292288552979716096341515100614377,0.00023820867079561692,1,VLMC,3969.484129939351,-2377.299114733596,3956.9431139780586,-2420.7001962485747
91,221,191229629108175921537537457447878946460,0.00023820867079561692,1,Astro,3969.484129939351,-2377.299114733596,3974.151047654729,-2373.553002334957
261,221,65718991021729643104361189558677603062,0.00023820867079561692,1,SMC,3969.484129939351,-2377.299114733596,4013.3062921012283,-2353.0862968952833
2012,222,143289088436584947082475622857530211287,0.00023820867079561692,1,VLMC,4069.484129939351,-2377.299114733596,4102.3633815355115,-2376.452913834708
2316,222,327086052338970522794865936917452690129,0.00023820867079561692,1,VLMC,4069.484129939351,-2377.299114733596,4093.94622744702,-2398.803243288972
2363,222,12010664396951653709724612044939959635,0.00023820867079561692,1,VLMC,4069.484129939351,-2377.299114733596,4027.1504406411873,-2390.9882125171007
2590,222,179573465528914216296207819281584789557,0.00023820867079561692,1,VLMC,4069.484129939351,-2377.299114733596,4061.401499915104,-2327.889464501032
41,222,174097562218499547098084416961026392817,0.00023820867079561692,1,SMC,4069.484129939351,-2377.299114733596,4062.5591001579514,-2392.361739526164
3051,223,29674525047497700311915116509559738672,0.00023820867079561692,1,Astro,4169.484129939351,-2377.299114733596,4166.9198682396545,-2337.707466331351
3069,223,93050353262399580709799914575692289951,0.00023820867079561692,1,Astro,4169.484129939351,-2377.299114733596,4150.112231273463,-2336.219683797683
710,223,117874731443505239298987395966214480684,0.00023820867079561692,1,L4_5_IT,4169.484129939351,-2377.299114733596,4206.622796583654,-2394.6018449613894
92,223,218530715156511364410818548390884320640,0.00023820867079561692,1,L2_3_IT,4169.484129939351,-2377.299114733596,4196.182876921311,-2413.26440891576
1010,223,270838823460469291424128195797244934916,0.00023820867079561692,1,Vip,4169.484129939351,-2377.299114733596,4127.582876678674,-2404.702169661795
35,224,267256085262879978774248893212522964613,0.00023820867079561692,3,L2_3_IT,4269.484129939351,-2377.299114733596,4281.835277359936,-2380.5036135596056
445,224,166496052673911528239212648496533160388,0.00023820867079561692,3,L2_3_IT,4269.484129939351,-2377.299114733596,4283.627234375094,-2392.8177975579965
532,224,305854109857033872920515019328333888962,0.00023820867079561692,3,Astro,4269.484129939351,-2377.299114733596,4232.37738281898,-2343.687632136751
790,224,271840747860042707275787052826086394887,0.00023820867079561692,3,L2_3_IT,4269.484129939351,-2377.299114733596,4282.724284117857,-2391.447883987026
1612,224,226740368786222915388410591335090574789,0.00023820867079561692,3,L2_3_IT,4269.484129939351,-2377.299114733596,4266.856471024883,-2378.0386464266016
428,225,223619288449851395296821702413250043272,0.00023820867079561692,1,L5_ET,4369.484129939351,-2377.299114733596,4389.244517481117,-2413.630791793642
1747,225,246086446812415912718115554565410355207,0.00023820867079561692,1,L5_ET,4369.484129939351,-2377.299114733596,4394.119981437042,-2420.884860857724
71,225,243207153461579160277457239314669060185,0.00023820867079561692,1,L2_3_IT,4369.484129939351,-2377.299114733596,4356.277576547233,-2350.2137954576874
897,225,170308608645801933003443498917755558684,0.00023820867079561692,1,L2_3_IT,4369.484129939351,-2377.299114733596,4362.609692085802,-2364.1105565662297
1115,225,173046491719852806632962401562505731453,0.00023820867079561692,1,L2_3_IT,4369.484129939351,-2377.299114733596,4345.168882145557,-2337.655568992692
3105,226,182174270856846254988816328371513642513,0.00023820867079561692,2,Endo,4469.484129939351,-2377.299114733596,4444.752245630123,-2420.830440726818
497,226,79307845833428295075015862820695609412,0.00023820867079561692,2,L4_5_IT,4469.484129939351,-2377.299114733596,4468.755106777539,-2383.1686459600874
2526,226,224717509936687511578334361637925215823,0.00023820867079561692,2,L6_IT,4469.484129939351,-2377.299114733596,4458.622779973318,-2373.986096523155
260,226,182002436928549412887357792173855001973,0.00023820867079561692,2,L2_3_IT,4469.484129939351,-2377.299114733596,4476.8744826647435,-2342.9411029635003
779,226,218359578575137600283279117886940761181,0.00023820867079561692,2,L4_5_IT,4469.484129939351,-2377.299114733596,4498.41603465103,-2365.569287494422
77,227,92806270015815926070984413774676102758,0.00023820867079561692,1,Endo,4569.484129939351,-2377.299114733596,4555.027028825286,-2399.8369900649895
1637,227,214965008520339579987606387548420283763,0.00023820867079561692,1,Endo,4569.484129939351,-2377.299114733596,4553.628159455575,-2411.773137016286
3216,227,170228977601036858881605752172636775132,0.00023820867079561692,1,Endo,4569.484129939351,-2377.299114733596,4552.105201398475,-2401.6611471519545
142,227,135515390941662342852849863497404993839,0.00023820867079561692,1,L4_5_IT,4569.484129939351,-2377.299114733596,4586.139854681503,-2335.2112134355634
2350,227,187699733079193786433058137888699787396,0.00023820867079561692,1,L4_5_IT,4569.484129939351,-2377.299114733596,4600.520405335928,-2338.0130859991846
3728,228,307249066901088124554656649903182428329,0.00023820867079561692,2,Astro,4669.484129939351,-2377.299114733596,4715.889592695251,-2358.5061514062227
461,228,283250111070559202842808521452148960886,0.00023820867079561692,2,L4_5_IT,4669.484129939351,-2377.299114733596,4670.737730063425,-2391.7582153361113
936,228,330143282133492407850611536024076501229,0.00023820867079561692,2,L4_5_IT,4669.484129939351,-2377.299114733596,4640.9338185732895,-2364.4995363735316
1166,228,17768311088919584190895701184763156301,0.00023820867079561692,2,L4_5_IT,4669.484129939351,-2377.299114733596,4652.3675748402675,-2380.6435184381776
1681,228,237033956336032843421856105005399428603,0.00023820867079561692,2,L4_5_IT,4669.484129939351,-2377.299114733596,4667.491933524522,-2391.088152113937
536,229,186713512719224090301182787622569373320,0.00023820867079561692,1,L6_IT,4769.484129939351,-2377.299114733596,4750.074943416303,-2394.379209120349
753,229,325097850881635743359117340912340575536,0.00023820867079561692,1,SMC,4769.484129939351,-2377.299114733596,4775.229187889128,-2381.3988610039596
793,229,315603458387408158758517451351820101586,0.00023820867079561692,1,Endo,4769.484129939351,-2377.299114733596,4797.355950377624,-2335.7082014270836
797,229,156439248017753418544219030004324663487,0.00023820867079561692,1,L5_ET,4769.484129939351,-2377.299114733596,4762.711503274582,-2394.1594662734856
1107,229,99494524642456242156029918873490781817,0.00023820867079561692,1,SMC,4769.484129939351,-2377.299114733596,4762.049064739125,-2380.8498358430993
2596,23,128880734612115938559857949373359075198,0.00023820867079561692,3,L5_6_NP,4569.484129939351,-3677.299114733596,4568.621578940333,-3688.208401856634
3089,23,215871180258959600516728430791437798521,0.00023820867079561692,3,OPC,4569.484129939351,-3677.299114733596,4544.445131043998,-3720.6545178401493
391,23,252426989197858713524767728020855627890,0.00023820867079561692,3,L5_ET,4569.484129939351,-3677.299114733596,4598.70743518616,-3642.3331531657464
436,23,320917520884644524740830905510509046352,0.00023820867079561692,3,L5_ET,4569.484129939351,-3677.299114733596,4598.46107333519,-3648.32117564056
4137,23,232354921826202787945041022130420710188,0.00012979318601043298,3,OPC,4569.484129939351,-3677.299114733596,4537.185431191055,-3686.978325164901
1265,230,106006173380424869565806252890172824256,0.00023820867079561692,1,Astro,4869.484129939351,-2377.299114733596,4856.6914857256925,-2365.463203472425
2983,230,57152427143821154014011258264897830235,0.00023820867079561692,1,Astro,4869.484129939351,-2377.299114733596,4861.027873876767,-2344.4028845795387
3474,230,337246287727677978372712499787357037206,0.00023820867079561692,1,Astro,4869.484129939351,-2377.299114733596,4860.427541744275,-2357.564594942893
360,230,127319693859349027673228788757570606268,0.00023820867079561692,1,Micro,4869.484129939351,-2377.299114733596,4868.489203088626,-2402.6898697455526
363,230,156361800638186230541766288387020150637,0.00023820867079561692,1,L4_5_IT,4869.484129939351,-2377.299114733596,4900.7845452613965,-2416.375020927575
39,231,127210495951084221732220461641101864170,0.00023820867079561692,3,L2_3_IT,4969.484129939351,-2377.299114733596,4981.165757522725,-2378.660492057519
2794,231,205420716523699111849108506570441123588,0.00023820867079561692,3,L2_3_IT,4969.484129939351,-2377.299114733596,4960.955007877739,-2353.6397436528014
728,231,330740734280589600802138405927303963984,0.00023820867079561692,3,L4_5_IT,4969.484129939351,-2377.299114733596,4926.752625467615,-2366.035977557013
3370,231,24933557670208495956089606555601099091,0.00023820867079561692,3,L5_IT,4969.484129939351,-2377.299114733596,4965.9970636715325,-2385.326807377778
3395,231,93675134680825116911664363964089583035,0.00023820867079561692,3,L6_CT,4969.484129939351,-2377.299114733596,5012.5501951571205,-2402.832553022868
47,232,108639315282581529705131958957100736248,0.00023820867079561692,3,L5_ET,5069.484129939351,-2377.299114733596,5076.923943552318,-2409.032552319429
643,232,315699224528663034987588831594220731762,0.00023820867079561692,3,L5_ET,5069.484129939351,-2377.299114733596,5071.6672434501825,-2397.196094261807
348,232,26328962053775317813970598589769102084,0.00023820867079561692,3,L2_3_IT,5069.484129939351,-2377.299114733596,5080.9737625564,-2393.5537331675655
1395,232,338613633565222611509339319050636822956,0.00023820867079561692,3,Endo,5069.484129939351,-2377.299114733596,5045.243604192067,-2333.4922733077583
1531,232,242178680939166814431114948449251385859,0.00023820867079561692,3,Endo,5069.484129939351,-2377.299114733596,5072.612095945788,-2353.220920611433
2167,233,171034223386701734544907971873546126949,0.00023820867079561692,2,L5_6_NP,5169.484129939351,-2377.299114733596,5189.898433406657,-2390.079396586149
2691,233,240838428695791274952619776797830247398,0.00023820867079561692,2,L6_IT,5169.484129939351,-2377.299114733596,5192.980284949913,-2343.7956990337975
499,233,233963019274108983854201202644863171259,0.00023820867079561692,2,L2_3_IT,5169.484129939351,-2377.299114733596,5122.240764156028,-2393.8733970310673
563,233,13684257990646035141971384488747614421,0.00023820867079561692,2,L5_ET,5169.484129939351,-2377.299114733596,5180.21060817544,-2351.958547950405
650,233,49777213983331490680581206460189293381,0.00023820867079561692,2,L6_CT,5169.484129939351,-2377.299114733596,5162.090559008729,-2406.7885330665445
1626,234,214144504492807695060877458281801688345,0.00023820867079561692,1,Astro,5269.484129939351,-2377.299114733596,5236.221709690845,-2343.398890580198
1156,234,265893915637461271122619765595869584160,0.00023820867079561692,1,L4_5_IT,5269.484129939351,-2377.299114733596,5276.021885526458,-2327.66142546328
2865,234,203058629593257707937345105065991902444,0.00023820867079561692,1,L5_IT,5269.484129939351,-2377.299114733596,5275.598665305814,-2408.2574206232266
2370,234,294821800702651936752488521826665323729,0.00023820867079561692,1,L6_IT,5269.484129939351,-2377.299114733596,5298.703787661954,-2397.160435716893
475,234,75408334422055300300917859154442936723,0.00023820867079561692,1,Endo,5269.484129939351,-2377.299114733596,5260.874601511694,-2410.0174012843845
519,235,288163130931451397763156952525566357200,0.00023820867079561692,3,L2_3_IT,5369.484129939351,-2377.299114733596,5375.747973661254,-2387.6895095178347
869,235,128350473805523542145584715775355751895,0.00023820867079561692,3,L2_3_IT,5369.484129939351,-2377.299114733596,5382.084853392429,-2377.9967731853167
1723,235,217175589110101384118498444794622166682,0.00023820867079561692,3,L2_3_IT,5369.484129939351,-2377.299114733596,5363.999360808416,-2395.5017165827007
2631,235,248132267570258597678382748154222788039,0.00023820867079561692,3,Pvalb,5369.484129939351,-2377.299114733596,5378.695881612137,-2328.087469004845
462,235,117378899224829162214207471941576758487,0.00023820867079561692,3,L6_CT,5369.484129939351,-2377.299114733596,5346.892580222527,-2397.220105377281
773,236,56661725714703732341650042901725970659,0.00023820867079561692,1,PVM,4069.484129939351,-2277.299114733596,4084.115626081045,-2249.331685832146
1187,236,318716206975904562914333488892805224593,0.00023820867079561692,1,PVM,4069.484129939351,-2277.299114733596,4072.063681453347,-2299.5065890297824
3418,236,287073457044344680278062418638192508837,0.00023820867079561692,1,PVM,4069.484129939351,-2277.299114733596,4066.076738890859,-2266.23873322203
3509,236,113217926220827161949323025284333574300,0.00023820867079561692,1,PVM,4069.484129939351,-2277.299114733596,4045.55470496547,-2321.27666655987
511,236,132544656397985574932049726542079949989,0.00023820867079561692,1,Endo,4069.484129939351,-2277.299114733596,4079.609898306036,-2250.1418990241505
1000,237,77508471766757179783461029266024002010,0.00023820867079561692,1,Micro,4169.484129939351,-2277.299114733596,4182.198696086377,-2278.709102128578
1829,237,15785077542571409747339535502725850703,0.00023820867079561692,1,Micro,4169.484129939351,-2277.299114733596,4181.647926600218,-2271.467931872312
2375,237,213484649979974815966705742261535741395,0.00023820867079561692,1,Micro,4169.484129939351,-2277.299114733596,4177.332547590907,-2266.7686357852212
3718,237,27638264403499565224143349481790624529,0.00023820867079561692,1,Micro,4169.484129939351,-2277.299114733596,4183.035422789377,-2273.1462772472946
137,237,143200134419300966738870731797755380223,0.00023820867079561692,1,Endo,4169.484129939351,-2277.299114733596,4123.206056629862,-2296.403626634579
28,238,278306533163058554386347463428517328262,0.00023820867079561692,1,Astro,4269.484129939351,-2277.299114733596,4260.41659569681,-2274.9659792700004
485,238,222429648547894829387674432920245379434,0.00023820867079561692,1,Astro,4269.484129939351,-2277.299114733596,4241.700859887909,-2298.772114199211
3825,238,266862022451937249509589172754193405261,0.00023820867079561692,1,VLMC,4269.484129939351,-2277.299114733596,4258.561046891027,-2245.4839440676487
788,238,45341109923558531517316600908725176229,0.00023820867079561692,1,Astro,4269.484129939351,-2277.299114733596,4267.930865720612,-2281.40269093712
1663,238,100380418078413692631351412383892166094,0.00023820867079561692,1,L4_5_IT,4269.484129939351,-2277.299114733596,4318.811281500404,-2285.8708451940156
515,239,263080570186978023990952423352220212130,0.00023820867079561692,1,L2_3_IT,4369.484129939351,-2277.299114733596,4379.357557791956,-2291.3989279313787
2151,239,227513020987063833395375986505103877609,0.00023820867079561692,1,L5_ET,4369.484129939351,-2277.299114733596,4370.053289466943,-2311.0780057573925
2257,239,237337379192840862284779401521040831302,0.00023820867079561692,1,Micro,4369.484129939351,-2277.299114733596,4342.531892737004,-2235.10646899999
556,239,34295769795547078676475314508550436794,0.00023820867079561692,1,L2_3_IT,4369.484129939351,-2277.299114733596,4392.0546249042645,-2287.9586552474593
1038,239,334338110128769596475926339391230517675,0.00023820867079561692,1,L2_3_IT,4369.484129939351,-2277.299114733596,4363.423284796599,-2260.9535157317564
2233,24,116708724866964250800245851028038123893,0.00023820867079561692,4,L5_6_NP,4669.484129939351,-3677.299114733596,4652.678128971725,-3703.224270474868
1208,24,312468060211764015386827721894679215149,0.00023820867079561692,4,L5_ET,4669.484129939351,-3677.299114733596,4654.024074058369,-3646.6466509496495
3153,24,146527831841678074952447720312486355264,0.00023820867079561692,4,L5_ET,4669.484129939351,-3677.299114733596,4646.813246066949,-3686.3581763804145
256,24,57804611170900764515752338926235927647,0.00023820867079561692,4,OPC,4669.484129939351,-3677.299114733596,4705.528544537375,-3712.0473898058776
336,24,109954044161674160190207731932603690078,0.00023820867079561692,4,L5_IT,4669.484129939351,-3677.299114733596,4688.3766560623435,-3638.2190860571723
15,240,704076923888206196347917919768552408,0.00023820867079561692,3,L2_3_IT,4469.484129939351,-2277.299114733596,4472.132377825622,-2271.622001747472
53,240,56640887761620184227958507507554636882,0.00023820867079561692,3,L2_3_IT,4469.484129939351,-2277.299114733596,4471.092436656498,-2291.159204405791
539,240,114778085452445099195207979068655420329,0.00023820867079561692,3,L2_3_IT,4469.484129939351,-2277.299114733596,4453.526778092315,-2244.4347097093773
731,240,336317631400130462227964606507193904318,0.00023820867079561692,3,L2_3_IT,4469.484129939351,-2277.299114733596,4440.740872985788,-2272.4691736641757
927,240,280173379144114487925697019509588874026,0.00023820867079561692,3,L4_5_IT,4469.484129939351,-2277.299114733596,4509.928184136519,-2306.8104841411605
540,241,127812969755025132776276816580147539619,0.00023820867079561692,3,L2_3_IT,4569.484129939351,-2277.299114733596,4557.305792039548,-2248.728451599306
1303,241,224907516399375213057781316608058015664,0.00023820867079561692,3,L2_3_IT,4569.484129939351,-2277.299114733596,4598.8476454065585,-2287.80645428524
1442,241,139893093057957818245907155686898785879,0.00023820867079561692,3,L2_3_IT,4569.484129939351,-2277.299114733596,4607.909213371544,-2280.8587133829483
1724,241,26186433690786817575545776710315993842,0.00023820867079561692,3,L2_3_IT,4569.484129939351,-2277.299114733596,4557.722785445674,-2267.6385071605696
2149,241,138532602482537270654789613487821610161,0.00023820867079561692,3,L2_3_IT,4569.484129939351,-2277.299114733596,4525.635213433511,-2301.463447239939
196,242,271798182826887072915833373962976150053,0.00023820867079561692,3,L4_5_IT,4669.484129939351,-2277.299114733596,4648.175237211311,-2322.6044514492423
559,242,268339130741418197785835601128771657239,0.00023820867079561692,3,L4_5_IT,4669.484129939351,-2277.299114733596,4673.154863812073,-2314.4066185568145
730,242,132806199561986092647153618431676787687,0.00023820867079561692,3,L2_3_IT,4669.484129939351,-2277.299114733596,4671.179616901872,-2240.741090965232
1419,242,328430359376885659634914294317036115384,0.00023820867079561692,3,L2_3_IT,4669.484129939351,-2277.299114733596,4690.51767099468,-2242.461137175594
1928,242,163197149980464914580460446622855267415,0.00023820867079561692,3,L4_5_IT,4669.484129939351,-2277.299114733596,4664.393260776819,-2266.282275521094
874,243,175901454657626709596964128153292105786,0.00023820867079561692,1,Astro,4769.484129939351,-2277.299114733596,4774.397348964857,-2308.759143389979
992,243,62931599552968413356113934569449381334,0.00023820867079561692,1,Astro,4769.484129939351,-2277.299114733596,4779.939348965185,-2301.455584943801
1624,243,259971664039018570867600826732558675566,0.00023820867079561692,1,Astro,4769.484129939351,-2277.299114733596,4768.972200659463,-2238.3387574749863
1727,243,172169726843315635905353513952496275383,0.00023820867079561692,1,Astro,4769.484129939351,-2277.299114733596,4719.54573509882,-2273.721522671272
1731,243,4225540512996765088319663865953331825,0.00023820867079561692,1,Astro,4769.484129939351,-2277.299114733596,4804.566016008479,-2264.2205651879244
1243,244,298858099400434801226093302366940648647,0.00023820867079561692,2,L4_5_IT,4869.484129939351,-2277.299114733596,4838.955499461588,-2274.848119305453
1406,244,266209253946710254560552761673706677529,0.00023820867079561692,2,L4_5_IT,4869.484129939351,-2277.299114733596,4875.78985181499,-2284.6672386424016
1549,244,290660211374439364063393704191219848491,0.00023820867079561692,2,L4_5_IT,4869.484129939351,-2277.299114733596,4883.693137255798,-2289.698166700207
1248,244,212402056498755425322620279315796019641,0.00023820867079561692,2,Vip,4869.484129939351,-2277.299114733596,4907.095465623977,-2301.7564194032166
1866,244,125736105364940206263588131254682604168,0.00023820867079561692,2,Vip,4869.484129939351,-2277.299114733596,4841.886695540436,-2235.525629616709
287,245,228116355723390213054229029184108428294,0.00023820867079561692,1,Endo,4969.484129939351,-2277.299114733596,4959.168159766134,-2276.54867246433
399,245,305332606437067785640073659625407358946,0.00023820867079561692,1,Endo,4969.484129939351,-2277.299114733596,5005.044192706861,-2252.4313428842443
1837,245,246652689134431164688147290766147821711,0.00023820867079561692,1,PVM,4969.484129939351,-2277.299114733596,4940.976436119373,-2318.4567851885618
474,245,84493185896124744285090232005307309542,0.00023820867079561692,1,Endo,4969.484129939351,-2277.299114733596,4967.744768670353,-2269.0831756662114
904,245,306135254674104986927080640283881222091,0.00023820867079561692,1,Endo,4969.484129939351,-2277.299114733596,4974.487092434026,-2269.9755974646328
1767,246,270219062805630226006084924021733131063,0.00023820867079561692,1,L5_ET,5069.484129939351,-2277.299114733596,5080.615693932968,-2318.787858136367
95,246,52596842076104876026387686102333897672,0.00023820867079561692,1,L4_5_IT,5069.484129939351,-2277.299114733596,5054.513375357778,-2267.971479227604
124,246,218243610784391222674182501483653746650,0.00023820867079561692,1,Lamp5,5069.484129939351,-2277.299114733596,5090.698592171424,-2231.9494836830886
494,246,85351536941614794346366445298635313076,0.00023820867079561692,1,L4_5_IT,5069.484129939351,-2277.299114733596,5066.3381202251185,-2266.048743100251
857,246,75237676957020795680365146621222990458,0.00023820867079561692,1,L2_3_IT,5069.484129939351,-2277.299114733596,5055.254868009478,-2301.738009520666
1475,247,47792164389971095990927565372144691961,0.00023820867079561692,1,Endo,5169.484129939351,-2277.299114733596,5171.705757788936,-2275.796732292184
180,247,9395467100224202867868594833147593894,0.00023820867079561692,1,Pvalb,5169.484129939351,-2277.299114733596,5180.108025322803,-2294.285932169544
1491,247,153064133042417834737973279347364971846,0.00023820867079561692,1,Pvalb,5169.484129939351,-2277.299114733596,5162.558342062942,-2255.750553967187
902,247,210946471460091546449431499554259364288,0.00023820867079561692,1,Astro,5169.484129939351,-2277.299114733596,5167.456008477074,-2233.4483350611954
1995,247,14330037537399860890833645318010266798,0.00023820867079561692,1,L5_ET,5169.484129939351,-2277.299114733596,5165.592516044994,-2327.2140201778666
381,248,40203058003392709651845566217129463639,0.00023820867079561692,1,L5_ET,5269.484129939351,-2277.299114733596,5247.629593148143,-2255.833696886486
65,248,205714856251373659912972087190821483509,0.00023820867079561692,1,Sst,5269.484129939351,-2277.299114733596,5262.639336216453,-2311.433715351374
96,248,239151607023655471078210231229210399860,0.00023820867079561692,1,L5_IT,5269.484129939351,-2277.299114733596,5314.006874856348,-2254.4000398774097
267,248,141257191130812127704560562729455811134,0.00023820867079561692,1,Sst,5269.484129939351,-2277.299114733596,5269.835471811371,-2272.6413572205997
278,248,191117536559668570057755097079764166502,0.00023820867079561692,1,Sst,5269.484129939351,-2277.299114733596,5253.309373664447,-2292.1867643321143
829,249,243126552767708659469325360512496364089,0.00023820867079561692,1,Endo,5369.484129939351,-2277.299114733596,5349.507138841328,-2283.475639698452
1835,249,220737428052903132349880923765286281833,0.00023820867079561692,1,Endo,5369.484129939351,-2277.299114733596,5354.259422972234,-2296.219282073002
34,249,135615468695376228062388019142397110909,0.00023820867079561692,1,Vip,5369.484129939351,-2277.299114733596,5373.47845776964,-2227.3923237187714
408,249,152160126441976494716165905730956136255,0.00023820867079561692,1,Vip,5369.484129939351,-2277.299114733596,5388.2333390999165,-2287.6981547830214
686,249,219120602344409770184008394787782511640,0.00023820867079561692,1,Vip,5369.484129939351,-2277.299114733596,5381.942291013649,-2291.7101733947443
189,25,197582814293031932504994470112641352894,0.00023820867079561692,1,Astro,4769.484129939351,-3677.299114733596,4755.303322310099,-3693.6386060483665
198,25,267329918867213995362900036261780564117,0.00023820867079561692,1,L6_CT,4769.484129939351,-3677.299114733596,4786.1009185603725,-3686.261075400007
269,25,301535452633043374025009941994709678381,0.00023820867079561692,1,L6_IT,4769.484129939351,-3677.299114733596,4775.979327353072,-3647.75594538088
640,25,248984141029010454230533233453483750754,0.00023820867079561692,1,L6_IT,4769.484129939351,-3677.299114733596,4793.767570840705,-3644.07843084048
931,25,132134673865490904758943446118298219705,0.00023820867079561692,1,VLMC,4769.484129939351,-3677.299114733596,4736.269510632487,-3714.7615159982415
206,250,52337031225948782315781615855283015109,0.00023820867079561692,1,Vip,4369.484129939351,-2177.299114733596,4394.826864225516,-2192.107134271244
302,250,166584180678958667347811536470910080431,0.00023820867079561692,1,L5_IT,4369.484129939351,-2177.299114733596,4401.500795531245,-2215.7903548875593
1284,250,107128566224022179178369526310840085013,0.00023820867079561692,1,Vip,4369.484129939351,-2177.299114733596,4348.123633887084,-2162.165149155248
1539,250,308389956167067545803010676448511929450,0.00023820867079561692,1,Vip,4369.484129939351,-2177.299114733596,4360.433266746351,-2170.4327926115484
1557,250,42187538756653561921218225970567522235,0.00023820867079561692,1,SMC,4369.484129939351,-2177.299114733596,4342.536089306565,-2146.000142742373
916,251,150596284671765730645425607474088521486,0.00023820867079561692,1,L2_3_IT,4469.484129939351,-2177.299114733596,4478.578444269713,-2192.1674714739224
147,251,195745494466049728972117587478748638461,0.00023820867079561692,1,L4_5_IT,4469.484129939351,-2177.299114733596,4476.813973982832,-2183.769961401772
509,251,222982856434239778672923092201037818441,0.00023820867079561692,1,Pvalb,4469.484129939351,-2177.299114733596,4435.652613019347,-2140.3928699083003
1150,251,338231797585771712105627035705914062498,0.00023820867079561692,1,L2_3_IT,4469.484129939351,-2177.299114733596,4477.90043074118,-2191.744809150217
1658,251,294518933136340462760365342428295471604,0.00023820867079561692,1,L4_5_IT,4469.484129939351,-2177.299114733596,4478.475187683684,-2178.4204617337705
308,252,74347703569415824165214140174637520789,0.00023820867079561692,3,L2_3_IT,4569.484129939351,-2177.299114733596,4571.427953193166,-2210.2739212046263
1497,252,266240468776394574803203560678894429149,0.00023820867079561692,3,L5_6_NP,4569.484129939351,-2177.299114733596,4550.518710064302,-2130.963865806065
232,252,21952302873776832859495404023295767961,0.00023820867079561692,3,L4_5_IT,4569.484129939351,-2177.299114733596,4605.036830123656,-2191.5497059731424
819,252,280182177185071419725056224141033059270,0.00023820867079561692,3,L2_3_IT,4569.484129939351,-2177.299114733596,4570.504206647421,-2217.441877232282
893,252,180794178761621023352264601753905331336,0.00023820867079561692,3,L5_ET,4569.484129939351,-2177.299114733596,4549.932949668214,-2136.266203451864
43,253,160270891851298688926063222318406118482,0.00023820867079561692,2,L2_3_IT,4669.484129939351,-2177.299114733596,4650.797152716076,-2195.4307926895913
7,253,12835320469296718020590254016360469913,0.00023820867079561692,2,Endo,4669.484129939351,-2177.299114733596,4706.448564633306,-2143.531185985011
586,253,161135214896979562575082481900227787423,0.00023820867079561692,2,L2_3_IT,4669.484129939351,-2177.299114733596,4645.252545552805,-2191.622663188118
1011,253,144656016884135430462435691655077747887,0.00023820867079561692,2,L6_IT,4669.484129939351,-2177.299114733596,4646.6173031478265,-2190.7401778902017
1502,253,72974898381276527675719558623813303808,0.00023820867079561692,2,SMC,4669.484129939351,-2177.299114733596,4698.305083646735,-2165.170753915057
957,254,141229709623189721626783467025422935382,0.00023820867079561692,1,L2_3_IT,4769.484129939351,-2177.299114733596,4767.029687251131,-2158.682177698505
1096,254,193772624790458269608991994099609764307,0.00023820867079561692,1,L2_3_IT,4769.484129939351,-2177.299114733596,4746.79969066868,-2163.8769962025785
2021,254,242930158179979414377793728312547611225,0.00023820867079561692,1,L2_3_IT,4769.484129939351,-2177.299114733596,4760.875352767449,-2183.2626319885435
25,254,180471828837501021571031663564484485573,0.00023820867079561692,1,L4_5_IT,4769.484129939351,-2177.299114733596,4791.874675721083,-2222.079756799218
2814,254,105018458557167169914316082564072308694,0.00023820867079561692,1,Sst,4769.484129939351,-2177.299114733596,4780.841243288402,-2158.5940109791327
622,255,136206811681965737973450650626289432726,0.00023820867079561692,1,L4_5_IT,4869.484129939351,-2177.299114733596,4873.642819004587,-2193.94748540663
1589,255,253444288460938401708328683570438882319,0.00023820867079561692,1,L4_5_IT,4869.484129939351,-2177.299114733596,4893.196157619715,-2195.761241075904
1836,255,42098699153094425059135933051397509592,0.00023820867079561692,1,L4_5_IT,4869.484129939351,-2177.299114733596,4905.8924753464,-2188.619729272039
722,255,291970792857598238493120506694546238516,0.00023820867079561692,1,L5_IT,4869.484129939351,-2177.299114733596,4819.601785056874,-2173.0102788497147
1867,255,178346398943111075149645784650552952703,0.00023820867079561692,1,L4_5_IT,4869.484129939351,-2177.299114733596,4855.087412669191,-2135.1568390637035
288,256,124363288842125229567986413361839187414,0.00023820867079561692,1,Astro,4969.484129939351,-2177.299114733596,4986.726280219045,-2172.207413323033
342,256,61583507988870666918661559334189308622,0.00023820867079561692,1,Astro,4969.484129939351,-2177.299114733596,5019.288157061963,-2172.1803915936557
238,256,207238736522445875335190659847268401529,0.00023820867079561692,1,L4_5_IT,4969.484129939351,-2177.299114733596,4952.072123799695,-2183.1074030156
1068,256,17809229509449992690610352360106246447,0.00023820867079561692,1,L4_5_IT,4969.484129939351,-2177.299114733596,4933.286438250945,-2191.2465696067807
284,256,98045066771476326041493800969525067523,0.00023820867079561692,1,L2_3_IT,4969.484129939351,-2177.299114733596,4956.047650365095,-2167.7537961289127
972,257,292589574705360931845513116568648500633,0.00023820867079561692,1,L4_5_IT,5069.484129939351,-2177.299114733596,5050.1017848248175,-2155.442954862376
872,257,321337500658238082953746557868039631028,0.00023820867079561692,1,L5_IT,5069.484129939351,-2177.299114733596,5063.1618597765755,-2157.108439943658
1559,257,111499834433472937796043295287764604862,0.00023820867079561692,1,L6_CT,5069.484129939351,-2177.299114733596,5088.587723959882,-2166.9585551958658
1584,257,27018345936390725270046528769990362558,0.00023820867079561692,1,Lamp5,5069.484129939351,-2177.299114733596,5113.419740687053,-2196.328288479991
1638,257,309443099957788557918420528232968267125,0.00023820867079561692,1,Astro,5069.484129939351,-2177.299114733596,5032.149540448418,-2210.6573351860825
2634,258,61847811922675613207001868256445260130,0.00023820867079561692,1,Astro,5169.484129939351,-2177.299114733596,5169.437081391605,-2155.8870322442713
2739,258,35318975132151531809629292393394949969,0.00023820867079561692,1,Astro,5169.484129939351,-2177.299114733596,5155.955333857523,-2183.1008238850004
1240,258,236796927012320996593978803481529345423,0.00023820867079561692,1,L6_IT,5169.484129939351,-2177.299114733596,5191.293958364065,-2189.9642585438924
16,258,98216088586577108491455502912952609560,0.00023820867079561692,1,Endo,5169.484129939351,-2177.299114733596,5204.916125969819,-2155.750984955412
387,258,160817374905796063197536536118317148958,0.00023820867079561692,1,L4_5_IT,5169.484129939351,-2177.299114733596,5125.8181501137515,-2201.792474039406
1815,259,212249689641002311232112974061331854190,0.00023820867079561692,4,L5_IT,5269.484129939351,-2177.299114733596,5260.541590050891,-2172.5556979379217
2870,259,176373849568405544389809219376642488979,0.00023820867079561692,4,L5_IT,5269.484129939351,-2177.299114733596,5263.184945686473,-2159.041655393192
409,259,117368163771522761170733739457521215401,0.00023820867079561692,4,OPC,5269.484129939351,-2177.299114733596,5240.476820740446,-2170.2331869931118
1548,259,208328389796023073395269833303170433459,0.00023820867079561692,4,OPC,5269.484129939351,-2177.299114733596,5284.650561805275,-2225.0130727403416
2126,259,295338156695562275248492490868278072656,0.00023820867079561692,4,OPC,5269.484129939351,-2177.299114733596,5298.566731413684,-2159.6519606034103
421,26,196101718509452442452237247016683263917,0.00023820867079561692,3,L5_6_NP,4869.484129939351,-3677.299114733596,4904.174108605117,-3686.611052298618
128,26,175923486649405069463163666172073687998,0.00023820867079561692,3,L6_IT,4869.484129939351,-3677.299114733596,4874.43393678415,-3693.6046303681214
849,26,135801044878645608910953902482812496426,0.00023820867079561692,3,L6_IT,4869.484129939351,-3677.299114733596,4876.703048886037,-3701.5224846950673
1334,26,236102075780288372751186416282450163540,0.00023820867079561692,3,L6_CT,4869.484129939351,-3677.299114733596,4828.892617960593,-3677.1308669301447
2568,26,28947558125306342782654158603274760479,0.00023820867079561692,3,L5_IT,4869.484129939351,-3677.299114733596,4863.216937460848,-3627.626539376055
2710,260,301762333905290312298064319974367157270,0.00023820867079561692,1,Astro,5369.484129939351,-2177.299114733596,5388.273001482854,-2206.065962453343
3615,260,241614975698905148724423399091858564151,0.00023820867079561692,1,Astro,5369.484129939351,-2177.299114733596,5406.514149171419,-2201.4639944772985
3213,260,191569564630263649078209134769844339459,0.00023820867079561692,1,L5_IT,5369.484129939351,-2177.299114733596,5333.06716023876,-2142.9414844014636
1803,260,100542677892296141453580613270127987555,0.00023820867079561692,1,L4_5_IT,5369.484129939351,-2177.299114733596,5343.1360137133415,-2161.5102261488046
2448,260,257405241119592480998301058765904409966,0.00023820867079561692,1,Oligo,5369.484129939351,-2177.299114733596,5376.430325090399,-2174.5139061870764
174,261,117054015489946180158936379965129450223,0.00023820867079561692,1,Peri,4369.484129939351,-2077.299114733596,4336.892009301901,-2039.2939030308949
1591,261,75433828420190644020521096900867529079,0.00023820867079561692,1,Peri,4369.484129939351,-2077.299114733596,4342.465434973302,-2091.4501526322074
826,261,228113516253457842504898550472199586557,0.00023820867079561692,1,Endo,4369.484129939351,-2077.299114733596,4392.439505419344,-2079.174130129724
983,261,139665327729831356473344016215073920568,0.00023820867079561692,1,Endo,4369.484129939351,-2077.299114733596,4398.516909752611,-2108.546597149181
1614,261,223771291382978572062858994790667082086,0.00023820867079561692,1,SMC,4369.484129939351,-2077.299114733596,4377.106790249564,-2068.0307907259735
382,262,315399991349956030717428565415334866759,0.00023820867079561692,1,L5_ET,4469.484129939351,-2077.299114733596,4490.1029090061365,-2093.184178848915
1023,262,250841668429572516494481990838496695245,0.00023820867079561692,1,Sst,4469.484129939351,-2077.299114733596,4443.371551421639,-2058.0162673764366
2344,262,99311240725809494571618850030181466325,0.00023820867079561692,1,Sst,4469.484129939351,-2077.299114733596,4446.072706686034,-2049.4882381681737
119,262,74417696886723262091860746381523887824,0.00023820867079561692,1,Micro,4469.484129939351,-2077.299114733596,4453.608374469366,-2086.117900982189
1128,262,221230380648851275524857840643752564443,0.00023820867079561692,1,L5_ET,4469.484129939351,-2077.299114733596,4514.265108113569,-2099.688988292271
737,263,154892373211322944854892198834847348095,0.00023820867079561692,3,L6_IT,4569.484129939351,-2077.299114733596,4562.062772713604,-2112.7511946006694
183,263,132121229613057657432176695403412303977,0.00023820867079561692,3,L4_5_IT,4569.484129939351,-2077.299114733596,4591.4246061628755,-2098.964383785258
208,263,20088504561553729701053139157209311864,0.00023820867079561692,3,Vip,4569.484129939351,-2077.299114733596,4554.328652400711,-2029.5816761519939
610,263,284773233616140150700566645518825814941,0.00023820867079561692,3,L5_IT,4569.484129939351,-2077.299114733596,4567.244238089202,-2109.0020286127815
698,263,187048617261693285335133435850090661324,0.00023820867079561692,3,L2_3_IT,4569.484129939351,-2077.299114733596,4572.360380330364,-2036.1962905172793
1520,264,68841822669921143840453236515037028749,0.00023820867079561692,1,L2_3_IT,4669.484129939351,-2077.299114733596,4659.844057413479,-2070.0341396689378
1533,264,86747560606272402871353149049549228534,0.00023820867079561692,1,L2_3_IT,4669.484129939351,-2077.299114733596,4667.585910640927,-2061.27111085636
1222,264,298940741564175772778984183411980154249,0.00023820867079561692,1,Pvalb,4669.484129939351,-2077.299114733596,4718.321798485121,-2066.275296192514
48,264,339880202466578241889568728179329879759,0.00023820867079561692,1,L4_5_IT,4669.484129939351,-2077.299114733596,4645.2847672464595,-2077.408382352586
258,264,118745106734353639898852478923721352651,0.00023820867079561692,1,L5_IT,4669.484129939351,-2077.299114733596,4656.384115910776,-2111.506644597591
1902,265,121330168576756147439980174773451197974,0.00023820867079561692,1,Micro,4769.484129939351,-2077.299114733596,4732.297558364362,-2101.7521957762297
2337,265,31211115247243810398582212878805977343,0.00023820867079561692,1,Micro,4769.484129939351,-2077.299114733596,4814.869945714387,-2098.436053268959
2711,265,56549572557830715557910772407362834874,0.00023820867079561692,1,Micro,4769.484129939351,-2077.299114733596,4803.915205774476,-2089.049459350099
266,265,102369133092169646929318332475012764060,0.00023820867079561692,1,PVM,4769.484129939351,-2077.299114733596,4760.887040082038,-2038.8376414145052
440,265,11828046386226249017844445835274367339,0.00023820867079561692,1,PVM,4769.484129939351,-2077.299114733596,4735.450899761463,-2058.4202238581856
1381,266,36949337127826990762300257012807218398,0.00023820867079561692,3,L2_3_IT,4869.484129939351,-2077.299114733596,4823.348737521306,-2096.745657116401
19,266,89436715601887557520400360609769658423,0.00023820867079561692,3,L6_CT,4869.484129939351,-2077.299114733596,4880.822980725433,-2072.284801643279
1012,266,167838817617585494600429755636469022551,0.00023820867079561692,3,L6_CT,4869.484129939351,-2077.299114733596,4878.7728415878755,-2075.7723131380194
1755,266,121050831073917632442624601571390763986,0.00023820867079561692,3,L6_CT,4869.484129939351,-2077.299114733596,4875.379481045273,-2063.1149272401217
1838,266,236824658412872348102850104199185441806,0.00023820867079561692,3,L6_CT,4869.484129939351,-2077.299114733596,4889.096608816856,-2078.5778745301554
1540,267,285909174381122463538595813946406150086,0.00023820867079561692,3,L2_3_IT,4969.484129939351,-2077.299114733596,4964.715805585525,-2059.878820214666
318,267,165119460723904957414268527141573904228,0.00023820867079561692,3,L4_5_IT,4969.484129939351,-2077.299114733596,4958.437149135357,-2096.0357947047705
547,267,93623438586813625724867334511135584416,0.00023820867079561692,3,L4_5_IT,4969.484129939351,-2077.299114733596,5017.03910009798,-2092.9569325070015
868,267,335643138351435797935472376112297181384,0.00023820867079561692,3,L5_IT,4969.484129939351,-2077.299114733596,4926.772160236101,-2082.362442368642
905,267,75029702736678447431079794163674521247,0.00023820867079561692,3,L4_5_IT,4969.484129939351,-2077.299114733596,4980.456434641804,-2055.261583872897
1256,268,216333085276228727098241254288702499297,0.00023820867079561692,1,Astro,5069.484129939351,-2077.299114733596,5098.786864794099,-2085.31119805252
3372,268,66831924957978080302493380555753570024,0.00023820867079561692,1,PVM,5069.484129939351,-2077.299114733596,5093.334770926392,-2075.9239552529457
351,268,239106385169193052743593199019223918588,0.00023820867079561692,1,L4_5_IT,5069.484129939351,-2077.299114733596,5026.002527492708,-2088.3082455021995
352,268,137981098199247793342070190605019902961,0.00023820867079561692,1,L2_3_IT,5069.484129939351,-2077.299114733596,5047.836746066052,-2032.1545334900486
815,268,202901672451966295848079902703426283589,0.00023820867079561692,1,OPC,5069.484129939351,-2077.299114733596,5081.459740417506,-2104.7976413702713
1078,269,231377291197518094539425057510973594150,0.00023820867079561692,3,L4_5_IT,5169.484129939351,-2077.299114733596,5136.94559564352,-2039.2480144854792
3827,269,71573597578405374189216322561599122466,0.00023820867079561692,3,SMC,5169.484129939351,-2077.299114733596,5192.582153381676,-2096.1001597819386
184,269,50324170612214040779833648105595615577,0.00023820867079561692,3,Lamp5,5169.484129939351,-2077.299114733596,5159.472862651312,-2079.597921049992
523,269,295931870531091176326771444085568069449,0.00023820867079561692,3,Lamp5,5169.484129939351,-2077.299114733596,5183.879104180066,-2098.9071507953627
591,269,151526153313547564862311818624500171689,0.00023820867079561692,3,L5_6_NP,5169.484129939351,-2077.299114733596,5174.540933840183,-2072.642327555207
1043,27,62901391602836649883826403427300932588,0.00023820867079561692,1,L6_IT_Car3,4969.484129939351,-3677.299114733596,4961.174321273125,-3694.328805816221
2085,27,174031218942004429981866068378457257616,0.00023820867079561692,1,L6_IT_Car3,4969.484129939351,-3677.299114733596,4974.958658772563,-3697.02297083404
374,27,22243121494929625282294789812878496636,0.00023820867079561692,1,Pvalb,4969.484129939351,-3677.299114733596,4952.893318595514,-3659.010846235353
182,27,20982288219572614639594434061770019086,0.00023820867079561692,1,VLMC,4969.484129939351,-3677.299114733596,5010.822739416027,-3649.054437168644
1003,27,120688366385858004572784664838891602481,0.00023820867079561692,1,L6_CT,4969.484129939351,-3677.299114733596,4947.571611639521,-3687.0785136137215
2,270,169469335442083636269014020045897241339,0.00023820867079561692,1,Endo,5269.484129939351,-2077.299114733596,5251.400833422662,-2110.6415957961303
1843,270,323814798465359503265540262840096649048,0.00023820867079561692,1,Endo,5269.484129939351,-2077.299114733596,5250.265777231902,-2095.694577410877
345,270,214054275022868103875822534224954320365,0.00023820867079561692,1,L2_3_IT,5269.484129939351,-2077.299114733596,5264.418902018893,-2040.9055866829385
1329,270,241806519348459550733055343950769070242,0.00023820867079561692,1,L5_ET,5269.484129939351,-2077.299114733596,5308.077600456015,-2045.4057537051215
3485,270,125012324077963305082609341987213164293,0.00023820867079561692,1,Sst,5269.484129939351,-2077.299114733596,5273.257536567289,-2093.8480600729113
1437,271,82271225653297855987525786896230490770,0.00023820867079561692,2,L4_5_IT,5369.484129939351,-2077.299114733596,5367.693240609074,-2055.2045554367282
2250,271,265216383865444471104385416017488283264,0.00023820867079561692,2,L4_5_IT,5369.484129939351,-2077.299114733596,5350.997847952799,-2123.827598724877
2813,271,282663825823507552465731794552641604268,0.00023820867079561692,2,Lamp5,5369.484129939351,-2077.299114733596,5367.291871690091,-2077.1839666365104
908,271,325799600778901120849912408283178698879,0.00023820867079561692,2,L5_ET,5369.484129939351,-2077.299114733596,5370.865074638127,-2059.7020586923545
962,271,245006032172971379468641226557790359352,0.00023820867079561692,2,L6_CT,5369.484129939351,-2077.299114733596,5390.572614806702,-2070.577394177514
279,272,335840450646540589042342100940220029678,0.00023820867079561692,3,Lamp5,4469.484129939351,-1977.299114733596,4454.710562108041,-1996.4134569142484
517,272,228579935902488529333709836000895649427,0.00023820867079561692,3,Lamp5,4469.484129939351,-1977.299114733596,4438.58844127162,-1953.185036998488
555,272,320436281583539023775971455521035393434,0.00023820867079561692,3,Lamp5,4469.484129939351,-1977.299114733596,4435.860934177074,-2003.0427584634147
875,272,339941663725151623962571471691133173009,0.00023820867079561692,3,Lamp5,4469.484129939351,-1977.299114733596,4519.0897503584265,-1984.0759035787498
1361,272,198569902835251231452333841695311700531,0.00023820867079561692,3,Astro,4469.484129939351,-1977.299114733596,4499.170961781583,-1949.7784177130748
216,273,331689957988096051048387130659761588358,0.00023820867079561692,1,L2_3_IT,4569.484129939351,-1977.299114733596,4585.885728178761,-1944.2260297752541
224,273,224025605695945555195317564494247626764,0.00023820867079561692,1,L2_3_IT,4569.484129939351,-1977.299114733596,4543.37017160767,-1994.679113296375
644,273,146589899840976964339258946674460971234,0.00023820867079561692,1,L2_3_IT,4569.484129939351,-1977.299114733596,4557.632285669242,-1967.424730780897
718,273,93161345876173051045269143678734284584,0.00023820867079561692,1,L2_3_IT,4569.484129939351,-1977.299114733596,4554.90394053851,-1968.2223179702414
745,273,210087461660625957064707183716382873359,0.00023820867079561692,1,L2_3_IT,4569.484129939351,-1977.299114733596,4605.628523702621,-2011.9433818451816
1365,274,266269876582476839706709180499338932897,0.00023820867079561692,2,Astro,4669.484129939351,-1977.299114733596,4696.2070970569885,-1986.5981345237706
1525,274,77182007026739263823608576405104671038,0.00023820867079561692,2,Astro,4669.484129939351,-1977.299114733596,4622.939568858754,-1958.8533488772339
197,274,229469263489403941888037607228556497776,0.00023820867079561692,2,L2_3_IT,4669.484129939351,-1977.299114733596,4671.960247351654,-1974.1445420043226
2994,274,310210778105703626598460024906116687657,0.00023820867079561692,2,Sst,4669.484129939351,-1977.299114733596,4684.258847042782,-1992.992502743444
272,274,92678185758055110639119595251936960075,0.00023820867079561692,2,L2_3_IT,4669.484129939351,-1977.299114733596,4672.054889386574,-1973.9070455192104
161,275,146106884006979298995320323673527470691,0.00023820867079561692,1,L2_3_IT,4769.484129939351,-1977.299114733596,4775.132657791962,-1965.5860140382194
1226,275,46908506632624688884848422255792305833,0.00023820867079561692,1,Pvalb,4769.484129939351,-1977.299114733596,4786.160846020508,-2022.4306308227822
2817,275,101514388755449993173560206320331861974,0.00023820867079561692,1,Sst,4769.484129939351,-1977.299114733596,4750.9247957451435,-2023.798507831581
166,275,85733885260530103967349197159973718434,0.00023820867079561692,1,L2_3_IT,4769.484129939351,-1977.299114733596,4775.173500473895,-1940.61790315729
1162,275,178078999759883984354417661817549306241,0.00023820867079561692,1,L2_3_IT,4769.484129939351,-1977.299114733596,4760.028849665223,-1934.062517818116
1813,276,312223181741362243513086384995568348260,0.00023820867079561692,1,Endo,4869.484129939351,-1977.299114733596,4852.251037888654,-2015.6191726486522
185,276,245136422712283126702535275219046396445,0.00023820867079561692,1,L2_3_IT,4869.484129939351,-1977.299114733596,4875.304831415076,-1960.2359706331943
999,276,274906184032831930433419131495222241441,0.00023820867079561692,1,L2_3_IT,4869.484129939351,-1977.299114733596,4866.405505061187,-1939.3649195129474
566,276,1179026474262019881140433996186168963,0.00023820867079561692,1,Pvalb,4869.484129939351,-1977.299114733596,4880.263713177044,-2026.1912718698368
1132,276,275754199613295038597858669670913679510,0.00023820867079561692,1,L2_3_IT,4869.484129939351,-1977.299114733596,4873.195562154788,-1945.084239003345
230,277,65546576192663752583802934844450685509,0.00023820867079561692,2,Endo,4969.484129939351,-1977.299114733596,4937.869872407194,-1944.807082591536
2871,277,26249406474856550920722480046987247111,0.00023820867079561692,2,L6_IT,4969.484129939351,-1977.299114733596,4971.201858761596,-1991.2547988447748
438,277,19718034023801164276248859736327196868,0.00023820867079561692,2,Pvalb,4969.484129939351,-1977.299114733596,4949.1972414117545,-2001.4522660677974
611,277,259081610139553183885329636466423232314,0.00023820867079561692,2,L4_5_IT,4969.484129939351,-1977.299114733596,5002.700179446807,-2014.7602479162888
638,277,309759485370683121495795098454720452751,0.00023820867079561692,2,Pvalb,4969.484129939351,-1977.299114733596,4986.451497669401,-1934.2211782475842
98,278,259941628059983347723063344564634124219,0.00023820867079561692,2,L2_3_IT,5069.484129939351,-1977.299114733596,5079.459819426486,-1928.2366233224432
637,278,93387653248704678648614033035855828240,0.00023820867079561692,2,L4_5_IT,5069.484129939351,-1977.299114733596,5070.8818660117095,-2006.915863195189
1183,278,213165409516318405249480135083505027896,0.00023820867079561692,2,L4_5_IT,5069.484129939351,-1977.299114733596,5050.493455928574,-2005.9461497973982
3128,278,114331788353756305922838715143844698387,0.00023820867079561692,2,L6_IT,5069.484129939351,-1977.299114733596,5056.441771133343,-1955.0107051930313
487,278,234826917020716491809872781213270598053,0.00023820867079561692,2,L2_3_IT,5069.484129939351,-1977.299114733596,5090.143737196662,-1990.386232159916
1064,279,116241530072418429140702092354641985918,0.00023820867079561692,1,L2_3_IT,5169.484129939351,-1977.299114733596,5156.59232985668,-1955.300803661393
1826,279,193796225148071511287163381646736658352,0.00023820867079561692,1,L2_3_IT,5169.484129939351,-1977.299114733596,5180.280091502929,-1975.058531567856
2237,279,31195290404044726837634673149388465467,0.00023820867079561692,1,L2_3_IT,5169.484129939351,-1977.299114733596,5182.891969058398,-1953.238638618526
3385,279,96846224649984442575957355982024167263,0.00023820867079561692,1,Oligo,5169.484129939351,-1977.299114733596,5122.542700386733,-1994.7101639773873
167,279,138172596933491700884161822979868611622,0.00023820867079561692,1,L4_5_IT,5169.484129939351,-1977.299114733596,5205.113558892009,-2008.1874358428142
2436,28,124507870511445182744541255293558835732,0.00023820867079561692,1,Astro,3769.484129939351,-3577.299114733596,3777.1827040451317,-3527.828169715828
1633,28,244938885213564837667268905847531166381,0.00023820867079561692,1,L5_6_NP,3769.484129939351,-3577.299114733596,3770.817018711874,-3582.030359943123
747,28,132986524808513127414803410466485328053,0.00023820867079561692,1,Lamp5,3769.484129939351,-3577.299114733596,3766.7889885750246,-3591.769111582098
803,28,200978328464888757650760056010470538005,0.00023820867079561692,1,Lamp5,3769.484129939351,-3577.299114733596,3774.954304228217,-3583.9519661197114
953,28,156484053853434903722260903324689355622,0.00023820867079561692,1,Lamp5,3769.484129939351,-3577.299114733596,3757.677634136501,-3600.9159663072073
748,280,128185198012738649007690653447135590707,0.00023820867079561692,1,L4_5_IT,5269.484129939351,-1977.299114733596,5267.736405998516,-1966.6164771951844
597,280,4971936995887533450516635400962148656,0.00023820867079561692,1,L5_IT,5269.484129939351,-1977.299114733596,5284.620995657091,-1976.9452038148108
1827,280,37778079948914431623344618818081207704,0.00023820867079561692,1,L5_IT,5269.484129939351,-1977.299114733596,5286.901029976773,-1976.7858264383551
2411,280,48135393178353482317447314553350652082,0.00023820867079561692,1,L5_IT,5269.484129939351,-1977.299114733596,5284.985186010687,-1969.8148996414814
1178,280,177284807789311267943271988312720742940,0.00023820867079561692,1,L6_CT,5269.484129939351,-1977.299114733596,5223.177032053691,-1996.333166578147
2917,281,264644324638626412256901243971132841416,0.00023820867079561692,3,L6_IT,5369.484129939351,-1977.299114733596,5361.140860797263,-1968.9869597840736
812,281,228001330197318788530854515227161853966,0.00023820867079561692,3,OPC,5369.484129939351,-1977.299114733596,5400.115902061979,-2016.9013492771242
938,281,309274318281068522357537385898756478941,0.00023820867079561692,3,L2_3_IT,5369.484129939351,-1977.299114733596,5367.266332534797,-1953.8578901949284
1076,281,164124770668888393301016308676222783999,0.00023820867079561692,3,L5_IT,5369.484129939351,-1977.299114733596,5358.635035337923,-1980.7684377748483
1344,281,112066982874350986562643714528120098141,0.00023820867079561692,3,L4_5_IT,5369.484129939351,-1977.299114733596,5360.262518964801,-1965.9809366370048
472,282,102630798889479537592018189193151183545,0.00023820867079561692,1,VLMC,4369.484129939351,-1877.299114733596,4334.081852864193,-1841.8968376584285
2061,282,71366909310892320496564477496314655221,0.00023820867079561692,1,VLMC,4369.484129939351,-1877.299114733596,4392.473337475322,-1900.2883222695534
2511,282,122324795173636487649321089398308937733,0.00023820867079561692,1,VLMC,4369.484129939351,-1877.299114733596,4389.7824472736,-1897.5974320678392
3813,282,169000776273950157962145806870808958090,0.00023820867079561692,1,VLMC,4369.484129939351,-1877.299114733596,4347.209030088016,-1855.0240148822593
367,282,155891009864451782687663289817755804891,0.00023820867079561692,1,SMC,4369.484129939351,-1877.299114733596,4383.873981995663,-1891.688966789898
120,283,38941322478331580322037196761723834653,0.00023820867079561692,1,OPC,4569.484129939351,-1877.299114733596,4560.926564137716,-1911.0663373044767
3075,283,123763962632019916745819676800493501454,0.00023820867079561692,1,OPC,4569.484129939351,-1877.299114733596,4538.973553067693,-1909.022910661139
444,283,56822199429431315675651208403799598173,0.00023820867079561692,1,VLMC,4569.484129939351,-1877.299114733596,4593.59909476771,-1833.4230288149522
533,283,268133585462933894604854882292028070336,0.00023820867079561692,1,VLMC,4569.484129939351,-1877.299114733596,4591.5884205411585,-1865.5528482338505
982,283,199222328444745757138217208151849390007,0.00023820867079561692,1,VLMC,4569.484129939351,-1877.299114733596,4562.333017182455,-1867.4304486535618
1830,284,173011102441921534044789459271974450927,0.00023820867079561692,1,L2_3_IT,4669.484129939351,-1877.299114733596,4691.349859947376,-1910.6514965999472
603,284,136118276331655705521115521810150450924,0.00023820867079561692,1,Peri,4669.484129939351,-1877.299114733596,4640.046993220281,-1836.80099840708
706,284,296279564483557434201895961091896515306,0.00023820867079561692,1,Peri,4669.484129939351,-1877.299114733596,4660.153765958552,-1872.0313235865267
245,284,132981648655072408162545066763503520565,0.00023820867079561692,1,L4_5_IT,4669.484129939351,-1877.299114733596,4683.585396993741,-1900.254958431455
505,284,155310521296085752863661973878644252554,0.00023820867079561692,1,Endo,4669.484129939351,-1877.299114733596,4672.28463357681,-1866.7567966429735
2043,285,45824360862668672747659709317829836696,0.00023820867079561692,3,L2_3_IT,4769.484129939351,-1877.299114733596,4755.588977889244,-1897.7688908851862
2376,285,119788270894644785814703205255518907518,0.00023820867079561692,3,L2_3_IT,4769.484129939351,-1877.299114733596,4770.368074971126,-1885.3866129454573
1713,285,63948169881689838995804684330474647734,0.00023820867079561692,3,L6_IT,4769.484129939351,-1877.299114733596,4779.224653680633,-1869.5548423446326
371,285,252413665714878378444269972177984252763,0.00023820867079561692,3,L4_5_IT,4769.484129939351,-1877.299114733596,4742.048457581695,-1896.030545589127
2152,285,58052824627518515696963422403369833723,0.00023820867079561692,3,L6_IT,4769.484129939351,-1877.299114733596,4800.190485574063,-1837.754681903578
2851,286,135105555693834556977418455679912024619,0.00023820867079561692,1,Astro,4869.484129939351,-1877.299114733596,4858.089588204869,-1828.5466085121272
292,286,45218884426043572732351958897516545123,0.00023820867079561692,1,L2_3_IT,4869.484129939351,-1877.299114733596,4870.185432903308,-1877.4315029579534
331,286,214942494181389408829292736351267015882,0.00023820867079561692,1,Micro,4869.484129939351,-1877.299114733596,4897.593302187735,-1899.7671157939683
582,286,201395694304419800698975011056576370151,0.00023820867079561692,1,L2_3_IT,4869.484129939351,-1877.299114733596,4864.452004216891,-1873.4493793057156
4192,286,119080383610612892008204002763244643534,0.00010841548478518395,1,L6_IT,4869.484129939351,-1877.299114733596,4857.100322183941,-1907.3009670982149
375,287,50200756673773251191343849971646858260,0.00023820867079561692,1,L2_3_IT,4969.484129939351,-1877.299114733596,4954.928122903495,-1881.8651485320183
1120,287,303942160919612836512444328420411458140,0.00023820867079561692,1,VLMC,4969.484129939351,-1877.299114733596,4962.087173742214,-1864.095817009885
1470,287,328944211284959441393787951080407015236,0.00023820867079561692,1,L2_3_IT,4969.484129939351,-1877.299114733596,4962.099974757187,-1890.3124690751442
2084,287,224043646218009918471897570797113552433,0.00023820867079561692,1,L4_5_IT,4969.484129939351,-1877.299114733596,4962.395780353239,-1907.2716447423038
4134,287,188161096884300538560446666597070782095,0.00012979318601043298,1,Micro,4969.484129939351,-1877.299114733596,5005.909597940658,-1842.950494308622
356,288,207204883360818229751097784481424409889,0.00023820867079561692,2,OPC,5069.484129939351,-1877.299114733596,5098.88450052859,-1871.2686912108827
1740,288,261263286942284410031516612927725820170,0.00023820867079561692,2,Oligo,5069.484129939351,-1877.299114733596,5090.188035206035,-1871.9478729865918
525,288,229076159365186861878378795565583836871,0.00023820867079561692,2,Pvalb,5069.484129939351,-1877.299114733596,5046.980537108739,-1903.8467998011502
459,288,108756868308262204405703984776985604348,0.00023820867079561692,2,L2_3_IT,5069.484129939351,-1877.299114733596,5030.310527580058,-1846.1210563846669
653,288,151667559744034416271020439537878616939,0.00023820867079561692,2,Astro,5069.484129939351,-1877.299114733596,5081.057049273344,-1893.3111532846888
349,289,187462132656502004739574423528042618268,0.00023820867079561692,3,L6_CT,5169.484129939351,-1877.299114733596,5182.511547161084,-1893.8841628881999
3851,289,29775310950590441136425733896771151462,0.00023820867079561692,3,Pvalb,5169.484129939351,-1877.299114733596,5119.51609158282,-1874.1626219449215
890,289,330899555868198531174964596020165457636,0.00023820867079561692,3,L2_3_IT,5169.484129939351,-1877.299114733596,5156.59612699227,-1893.455789089681
1052,289,90784054134420618179990827553004239762,0.00023820867079561692,3,L5_ET,5169.484129939351,-1877.299114733596,5201.311349533502,-1858.4515853128391
1144,289,51246225027493424036827518999002603353,0.00023820867079561692,3,L5_ET,5169.484129939351,-1877.299114733596,5187.485534427078,-1866.5414144323347
414,29,147278671546501506438664744529556967580,0.00023820867079561692,1,L4_5_IT,3869.484129939351,-3577.299114733596,3894.939582985588,-3568.5199921214194
3747,29,69462657528292667527630339816219689484,0.00023820867079561692,1,SMC,3869.484129939351,-3577.299114733596,3864.130735758853,-3627.0784640158176
52,29,190938409160309270828889476813302242755,0.00023820867079561692,1,Sncg,3869.484129939351,-3577.299114733596,3851.5840029127403,-3563.9993413600505
203,29,192394610189140610064855085206399865234,0.00023820867079561692,1,Lamp5,3869.484129939351,-3577.299114733596,3845.676049338637,-3566.1869659943504
1242,29,246760955577265923629934290723033534518,0.00023820867079561692,1,L2_3_IT,3869.484129939351,-3577.299114733596,3891.0902787009254,-3560.710810176349
500,290,33112120014918058977539853806499033282,0.00023820867079561692,3,L2_3_IT,5269.484129939351,-1877.299114733596,5260.895498790183,-1886.4006388709145
1213,290,265923019684888939448123941614860976707,0.00023820867079561692,3,L2_3_IT,5269.484129939351,-1877.299114733596,5265.7638067044045,-1869.7674684607764
1795,290,303448278684614476442180067146361017106,0.00023820867079561692,3,Pvalb,5269.484129939351,-1877.299114733596,5300.203678004615,-1837.7649293887687
359,290,170632657282727419232486260438336320836,0.00023820867079561692,3,L5_IT,5269.484129939351,-1877.299114733596,5256.510399299618,-1884.7482739031489
598,290,161412301727857468026043637602289047796,0.00023820867079561692,3,L6_IT,5269.484129939351,-1877.299114733596,5264.0472668979155,-1907.8142630443683
464,291,272008496838966134326415460508787462715,0.00023820867079561692,2,L4_5_IT,5369.484129939351,-1877.299114733596,5369.395661077393,-1894.632358140309
619,291,60831921275281946016621100010122113146,0.00023820867079561692,2,L4_5_IT,5369.484129939351,-1877.299114733596,5399.539267628712,-1873.9277171708088
2303,291,189746118944931729235517719605665848233,0.00023820867079561692,2,L4_5_IT,5369.484129939351,-1877.299114733596,5395.960274319943,-1875.3462132062969
2309,291,236005543979179615182348390856531781829,0.00023820867079561692,2,L4_5_IT,5369.484129939351,-1877.299114733596,5351.558916437708,-1833.3052215022994
1460,291,199284367621356315456168575523532963989,0.00023820867079561692,2,L5_IT,5369.484129939351,-1877.299114733596,5330.966530232993,-1909.2840636482647
1598,292,97740631149945292443914379180971910631,0.00023820867079561692,1,Astro,4569.484129939351,-1777.299114733596,4551.101242608212,-1783.2817489093786
2261,292,125484736148711591212642203069951142981,0.00023820867079561692,1,Astro,4569.484129939351,-1777.299114733596,4611.571148572859,-1750.1822324136103
1552,292,261335247650430505606880987070138312175,0.00023820867079561692,1,VLMC,4569.484129939351,-1777.299114733596,4542.003749829458,-1778.8530487709854
3026,292,196236920726310258956019044811895894614,0.00023820867079561692,1,VLMC,4569.484129939351,-1777.299114733596,4536.066530553403,-1790.6276282194565
1004,292,225749842661313945887303388187091145617,0.00023820867079561692,1,Endo,4569.484129939351,-1777.299114733596,4606.677978132812,-1783.5509153545565
541,293,14201041016478385318891646438166260606,0.00023820867079561692,3,Endo,4669.484129939351,-1777.299114733596,4691.714878633425,-1736.8540676338544
1877,293,42109656847304688816486603980422761804,0.00023820867079561692,3,L2_3_IT,4669.484129939351,-1777.299114733596,4675.585566208344,-1779.4324497423797
2188,293,154369685361816171763796941800890776192,0.00023820867079561692,3,L2_3_IT,4669.484129939351,-1777.299114733596,4704.24955917629,-1793.7300321804641
2728,293,156964637034157740196419554893014851822,0.00023820867079561692,3,L2_3_IT,4669.484129939351,-1777.299114733596,4650.302354467055,-1775.1374146432563
626,293,32605632250473291914599906714144867621,0.00023820867079561692,3,OPC,4669.484129939351,-1777.299114733596,4625.568291211642,-1801.3416094680251
1707,294,153297524489782813911129466410782478654,0.00023820867079561692,1,L2_3_IT,4769.484129939351,-1777.299114733596,4773.041708428228,-1787.0723842021266
3817,294,90076708094963604992750536753257779618,0.00023820867079561692,1,L2_3_IT,4769.484129939351,-1777.299114733596,4746.096558850443,-1821.5672066596603
1926,294,106099584344502602441591320617159624141,0.00023820867079561692,1,L4_5_IT,4769.484129939351,-1777.299114733596,4766.377650237098,-1803.8414478701975
313,294,315169174312216590578917291566996689894,0.00023820867079561692,1,Endo,4769.484129939351,-1777.299114733596,4760.962894706462,-1729.4553094170249
712,294,155361426372255372140505825105333204817,0.00023820867079561692,1,Astro,4769.484129939351,-1777.299114733596,4800.941837474522,-1744.559225518971
21,295,292457844811840174891365902755716175263,0.00023820867079561692,1,Astro,4869.484129939351,-1777.299114733596,4865.284887148896,-1727.4091477642744
149,295,214002853650723325809852089767045093440,0.00023820867079561692,1,Sncg,4869.484129939351,-1777.299114733596,4871.798575532634,-1791.573947490354
118,295,160754041219590177999682801690402830264,0.00023820867079561692,1,Lamp5,4869.484129939351,-1777.299114733596,4873.991605276347,-1783.3253315508948
510,295,88921457040482781341968534156566904966,0.00023820867079561692,1,L6_IT,4869.484129939351,-1777.299114733596,4869.202829054962,-1793.253891663047
600,295,97267956358074556828854842725843590263,0.00023820867079561692,1,L4_5_IT,4869.484129939351,-1777.299114733596,4867.142752683918,-1790.9332551994098
97,296,142831254306962246659197951402559463600,0.00023820867079561692,2,L2_3_IT,4969.484129939351,-1777.299114733596,4942.86358944892,-1791.5311821659102
522,296,114511580986065505779132969392098325683,0.00023820867079561692,2,L2_3_IT,4969.484129939351,-1777.299114733596,4977.493134580628,-1784.8385802062048
934,296,61666586762159224201942648481894724967,0.00023820867079561692,2,L2_3_IT,4969.484129939351,-1777.299114733596,4958.47162699996,-1779.2691973076064
965,296,248370054881410513936536920317182670885,0.00023820867079561692,2,L2_3_IT,4969.484129939351,-1777.299114733596,5017.085067855635,-1761.7816035380704
1149,296,318249282451788959157496120297108178665,0.00023820867079561692,2,L2_3_IT,4969.484129939351,-1777.299114733596,4951.507230811643,-1769.075010450208
75,297,253413592686058481024818514394803273681,0.00023820867079561692,1,Endo,5069.484129939351,-1777.299114733596,5055.348429282504,-1753.4774074973611
172,297,61692554902472215082967072190039456268,0.00023820867079561692,1,Endo,5069.484129939351,-1777.299114733596,5039.802334362944,-1769.5573310182413
223,297,17592009006144884183292869235164022044,0.00023820867079561692,1,Endo,5069.484129939351,-1777.299114733596,5104.194082228136,-1810.1688639510603
434,297,170196380321268922779451565184118234123,0.00023820867079561692,1,Endo,5069.484129939351,-1777.299114733596,5052.605343000345,-1733.198545497362
1377,297,212346586398861039258685650586644771314,0.00023820867079561692,1,L5_ET,5069.484129939351,-1777.299114733596,5095.470460822824,-1820.0934257039557
985,298,59023636353063604242095853577381582681,0.00023820867079561692,3,L2_3_IT,5169.484129939351,-1777.299114733596,5159.133106178955,-1768.9952400169052
1032,298,221252245489525185746817530920570606904,0.00023820867079561692,3,L5_IT,5169.484129939351,-1777.299114733596,5175.566936093846,-1774.507797099506
270,298,161639326819846032527093775039550167329,0.00023820867079561692,3,L6_CT,5169.484129939351,-1777.299114733596,5147.658656779715,-1822.35786710837
1644,298,163865996290595919308654998393883619945,0.00023820867079561692,3,L4_5_IT,5169.484129939351,-1777.299114733596,5198.31276968996,-1751.5636747447131
1796,298,157913463008488339987016486079471102393,0.00023820867079561692,3,L2_3_IT,5169.484129939351,-1777.299114733596,5166.74918095426,-1769.070994698486
1623,299,49142857675343989490934056032157927071,0.00023820867079561692,3,L4_5_IT,5269.484129939351,-1777.299114733596,5318.814861683101,-1785.8502169923302
1946,299,10572187217408534447623344359384783673,0.00023820867079561692,3,L4_5_IT,5269.484129939351,-1777.299114733596,5299.344841250675,-1762.7386703757757
2231,299,307251606280543070493698161612483920752,0.00023820867079561692,3,L4_5_IT,5269.484129939351,-1777.299114733596,5231.129757882582,-1755.4572785085388
125,299,325039079360039033140713347616390127134,0.00023820867079561692,3,L5_ET,5269.484129939351,-1777.299114733596,5247.139157518023,-1815.4404343219442
484,299,288979510079981891654962017926751910621,0.00023820867079561692,3,L5_ET,5269.484129939351,-1777.299114733596,5250.992031362386,-1767.008973469395
1163,3,86795693504795135278225385622611105366,0.00023820867079561692,1,Astro,3769.484129939351,-3877.299114733596,3818.0599914628233,-3869.173423483806
242,3,295612826343472366861123886877999676972,0.00023820867079561692,1,VLMC,3769.484129939351,-3877.299114733596,3739.6923998715747,-3861.755442814343
834,3,38989042776838273800582033503202671704,0.00023820867079561692,1,VLMC,3769.484129939351,-3877.299114733596,3801.4456656691377,-3871.1572540947677
1994,3,176320931078315599559396578011313843955,0.00023820867079561692,1,VLMC,3769.484129939351,-3877.299114733596,3764.596321756574,-3887.018071076051
271,3,253570602651803623770898244449401098329,0.00023820867079561692,1,PVM,3769.484129939351,-3877.299114733596,3723.626270936654,-3897.3913821990154
1484,30,69143009763279217993445375020222064374,0.00023820867079561692,3,L5_6_NP,3969.484129939351,-3577.299114733596,4015.0298540589824,-3558.803520089427
1784,30,107347919257492114702939360010276165731,0.00023820867079561692,3,L5_6_NP,3969.484129939351,-3577.299114733596,4018.2053896312646,-3565.7716996614167
656,30,124148607971247573580994722354726590740,0.00023820867079561692,3,VLMC,3969.484129939351,-3577.299114733596,3929.7284845088498,-3575.77705387951
1602,30,102605093498008395642273795715434976140,0.00023820867079561692,3,VLMC,3969.484129939351,-3577.299114733596,3932.296354405351,-3603.5955820245626
1923,30,157738828637832380116435705528947419696,0.00023820867079561692,3,VLMC,3969.484129939351,-3577.299114733596,3952.1605670923072,-3582.5477180130856
786,300,21496998368143374969535349799096364783,0.00023820867079561692,1,L2_3_IT,5369.484129939351,-1777.299114733596,5319.461263147013,-1779.3860364113705
1103,300,148698551563174038060340615389181882932,0.00023820867079561692,1,Lamp5,5369.484129939351,-1777.299114733596,5399.611329987161,-1783.9377047929754
1501,300,246283927444982779054357405016626007818,0.00023820867079561692,1,Vip,5369.484129939351,-1777.299114733596,5405.19806807115,-1769.3657251356663
842,300,102329940502936964350965875998000187692,0.00023820867079561692,1,L5_ET,5369.484129939351,-1777.299114733596,5354.407727274768,-1799.1604808323414
2649,300,20518605757254991515704713311652275499,0.00023820867079561692,1,Astro,5369.484129939351,-1777.299114733596,5368.74226121667,-1754.6456264956241
193,301,118796082919695869924307029956345529362,0.00023820867079561692,1,Endo,4769.484129939351,-1677.299114733596,4787.649260822646,-1650.9150352116487
307,301,124338234653438447210079096085062716176,0.00023820867079561692,1,Endo,4769.484129939351,-1677.299114733596,4800.150599785646,-1664.6511872394992
652,301,305992938988787265072038127886708488528,0.00023820867079561692,1,Endo,4769.484129939351,-1677.299114733596,4755.621726018361,-1686.1791665932276
811,301,257969625995596887266873555960935940794,0.00023820867079561692,1,Endo,4769.484129939351,-1677.299114733596,4759.58297167547,-1664.1124509949177
933,301,93900822881678626267683024419438054249,0.00023820867079561692,1,Endo,4769.484129939351,-1677.299114733596,4744.416091394645,-1720.6377336286919
146,302,207261541533973863870232018151570191533,0.00023820867079561692,1,Astro,4869.484129939351,-1677.299114733596,4877.334347089799,-1691.0305837712435
283,302,219406772111896716638428124227552578906,0.00023820867079561692,1,Astro,4869.484129939351,-1677.299114733596,4858.954863906067,-1659.1319698534187
716,302,79513723219221216930990552979036675005,0.00023820867079561692,1,Astro,4869.484129939351,-1677.299114733596,4917.550355294373,-1663.2891031585318
370,302,268940929971757505429345409032193678662,0.00023820867079561692,1,Oligo,4869.484129939351,-1677.299114733596,4825.936813695616,-1695.9619127022022
291,302,49130022169036320308530140058336412646,0.00023820867079561692,1,L5_IT,4869.484129939351,-1677.299114733596,4867.644269710909,-1677.0820041825818
1570,303,168280814197746580053582342489351364579,0.00023820867079561692,1,Astro,4969.484129939351,-1677.299114733596,4930.840214106045,-1686.3778762833067
1728,303,86231173019897899136153607517310490342,0.00023820867079561692,1,Astro,4969.484129939351,-1677.299114733596,4948.69229907824,-1652.8302604227051
1811,303,5560219026382758234104923934888381779,0.00023820867079561692,1,Astro,4969.484129939351,-1677.299114733596,4946.952377983515,-1722.0088742723576
1910,303,241995230658767171055342908629375429945,0.00023820867079561692,1,Astro,4969.484129939351,-1677.299114733596,5013.968776187689,-1662.1923277431727
84,303,335901127215538133730447889436913329038,0.00023820867079561692,1,Oligo,4969.484129939351,-1677.299114733596,5006.9669823413315,-1663.086234946425
4,304,223984829258489005901393620895289818044,0.00023820867079561692,3,Micro,5069.484129939351,-1677.299114733596,5023.511554552145,-1672.5045089409716
688,304,117908222721967988542859836999577234968,0.00023820867079561692,3,Micro,5069.484129939351,-1677.299114733596,5114.829122432941,-1656.0747395962824
907,304,103059365527586362447650942647026521319,0.00023820867079561692,3,Micro,5069.484129939351,-1677.299114733596,5076.439254395033,-1663.2294876614453
958,304,222375128515538405014593137794013598726,0.00023820867079561692,3,Micro,5069.484129939351,-1677.299114733596,5087.832317034899,-1691.2391586236965
1276,304,69256611597258360939646640248105913210,0.00023820867079561692,3,Micro,5069.484129939351,-1677.299114733596,5044.808401281775,-1703.4476788455656
2689,305,45768923814585032043993141834271464186,0.00023820867079561692,1,Astro,5169.484129939351,-1677.299114733596,5164.787682139505,-1627.4534948430125
5,305,222295901867601410589929340513308260335,0.00023820867079561692,1,Sst,5169.484129939351,-1677.299114733596,5169.9155098355495,-1688.619041431148
122,305,170170137721097253672522112448135292416,0.00023820867079561692,1,Sst,5169.484129939351,-1677.299114733596,5156.980095463137,-1688.9906200674195
554,305,127761794139779112933324032790109575676,0.00023820867079561692,1,L5_IT,5169.484129939351,-1677.299114733596,5185.5605039073625,-1701.890082545857
4040,305,259387535290701197639442974209851793322,0.00015269786589462253,1,OPC,5169.484129939351,-1677.299114733596,5170.176858351201,-1679.542334780542
244,306,326760582360418790084712180229730039600,0.00023820867079561692,1,L2_3_IT,5269.484129939351,-1677.299114733596,5261.072727803603,-1652.7234277629916
492,306,75013177125443662061892926958507790258,0.00023820867079561692,1,L2_3_IT,5269.484129939351,-1677.299114733596,5283.131639103287,-1693.8191444868307
553,306,219079513087740543126827128433214596804,0.00023820867079561692,1,L2_3_IT,5269.484129939351,-1677.299114733596,5261.7428495491495,-1669.6436901308196
837,306,3481468923443477044619763465568447317,0.00023820867079561692,1,L2_3_IT,5269.484129939351,-1677.299114733596,5305.3753702870745,-1712.205579901458
1201,306,144740284021897348146477588624079314795,0.00023820867079561692,1,L4_5_IT,5269.484129939351,-1677.299114733596,5236.09806295368,-1658.1037313858844
295,307,297146823971783170717261275453081915061,0.00023820867079561692,1,Sst,5369.484129939351,-1677.299114733596,5413.193849411968,-1673.0788750048753
422,307,181469649687832053144556881233970012939,0.00023820867079561692,1,L2_3_IT,5369.484129939351,-1677.299114733596,5346.052075557686,-1671.337081548181
1105,307,14875063427411396832594584258365770278,0.00023820867079561692,1,Sst,5369.484129939351,-1677.299114733596,5416.613621179393,-1660.4037455553841
1348,307,19376473485700554380174795300914350230,0.00023820867079561692,1,L4_5_IT,5369.484129939351,-1677.299114733596,5332.5199732726705,-1690.7922848520802
1562,307,323992757908620253475632419212656870260,0.00023820867079561692,1,L2_3_IT,5369.484129939351,-1677.299114733596,5339.041130275039,-1690.8835867074565
732,308,165913852658802808322629804080781629887,0.00023820867079561692,4,Endo,5069.484129939351,-1577.299114733596,5111.166729823983,-1576.546938993228
164,308,83803676344853137832691228201227110684,0.00023820867079561692,4,Peri,5069.484129939351,-1577.299114733596,5056.725238713862,-1565.8995688968248
607,308,88909384164689480029340318799107272813,0.00023820867079561692,4,Peri,5069.484129939351,-1577.299114733596,5066.014726431777,-1568.368218732501
824,308,93874547035906642441733764785916539003,0.00023820867079561692,4,VLMC,5069.484129939351,-1577.299114733596,5048.4153887583,-1548.5077985099504
937,308,315050194989939873586787426438107744843,0.00023820867079561692,4,VLMC,5069.484129939351,-1577.299114733596,5065.098565968852,-1627.1730485354717
1239,309,250885675365640166577474659717634554807,0.00023820867079561692,1,Astro,5169.484129939351,-1577.299114733596,5176.5062870514585,-1549.1182513759425
79,309,279979416282968822179318731926486693005,0.00023820867079561692,1,Endo,5169.484129939351,-1577.299114733596,5119.50014473247,-1580.170293420389
1422,309,29017357265684898146476792722386539900,0.00023820867079561692,1,Endo,5169.484129939351,-1577.299114733596,5152.783795646055,-1541.9595859533865
1513,309,261400176737277955217600998398763065287,0.00023820867079561692,1,L5_6_NP,5169.484129939351,-1577.299114733596,5196.069868189018,-1608.4304440490555
562,309,30962654740135641500219904945576101233,0.00023820867079561692,1,OPC,5169.484129939351,-1577.299114733596,5202.560554077751,-1606.816998869205
426,31,45057974588102408841683372985127190750,0.00023820867079561692,1,Astro,4069.484129939351,-3577.299114733596,4048.0478043148446,-3560.6811726439737
2705,31,179916331363063373006534316489325561539,0.00023820867079561692,1,Astro,4069.484129939351,-3577.299114733596,4072.80336396246,-3553.48882474885
604,31,165551918544673864055630452992100348297,0.00023820867079561692,1,Endo,4069.484129939351,-3577.299114733596,4060.2026159321254,-3543.39861782548
702,31,79614208103851728725832990388402931679,0.00023820867079561692,1,L4_5_IT,4069.484129939351,-3577.299114733596,4097.068789767757,-3601.5618090414555
1037,31,242423043365980941268563954619890918407,0.00023820867079561692,1,L4_5_IT,4069.484129939351,-3577.299114733596,4069.2980757195746,-3627.3651494082187
3786,310,64626541430961401090995198974801400406,0.00023820867079561692,1,Micro,5269.484129939351,-1577.299114733596,5268.203865410402,-1566.5818131037158
285,310,233483273624686413908805503145856820969,0.00023820867079561692,1,SMC,5269.484129939351,-1577.299114733596,5269.30477064429,-1567.134015250508
1370,310,318337307927217168573610897982980098670,0.00023820867079561692,1,VLMC,5269.484129939351,-1577.299114733596,5266.727837899047,-1559.6951730143123
864,310,239182309675363636488314428853283188197,0.00023820867079561692,1,L4_5_IT,5269.484129939351,-1577.299114733596,5280.030602446698,-1626.2420852387154
915,310,211547941291930810288612106853812089125,0.00023820867079561692,1,Astro,5269.484129939351,-1577.299114733596,5263.1535732963175,-1566.8424870607294
298,311,196007888576171652815738944461464534705,0.00023820867079561692,1,Oligo,5369.484129939351,-1577.299114733596,5402.297847911795,-1594.7107387924032
534,311,170300623199946701724825750385235168766,0.00023820867079561692,1,Oligo,5369.484129939351,-1577.299114733596,5377.883632619055,-1557.2902504783435
846,311,200952275202126087713540687366316015212,0.00023820867079561692,1,Oligo,5369.484129939351,-1577.299114733596,5371.668115387147,-1613.9244328883524
911,311,222520496161568992565412446317460762777,0.00023820867079561692,1,Oligo,5369.484129939351,-1577.299114733596,5358.498776447675,-1581.4301019461943
1408,311,149346979155628824221049720458300449793,0.00023820867079561692,1,Oligo,5369.484129939351,-1577.299114733596,5337.072277331149,-1539.1400495626908
294,32,229295307072334541043920109951846971179,0.00023820867079561692,1,L5_IT,4169.484129939351,-3577.299114733596,4165.635914983063,-3565.3243081740216
1230,32,42523179009011594394547283382447201430,0.00023820867079561692,1,L5_IT,4169.484129939351,-3577.299114733596,4200.779904099084,-3538.2194913480494
1343,32,11233221383321075198353264986936722368,0.00023820867079561692,1,L5_IT,4169.484129939351,-3577.299114733596,4129.696692966164,-3592.319875562983
3470,32,99251468401452935313158719077740209430,0.00023820867079561692,1,L5_IT,4169.484129939351,-3577.299114733596,4170.294892394572,-3569.9219981641972
801,32,70545131201123808446212593506281441593,0.00023820867079561692,1,L6_IT,4169.484129939351,-3577.299114733596,4181.013245253862,-3620.709900418715
1646,33,100267747580756240041023704492842942950,0.00023820867079561692,1,Astro,4269.484129939351,-3577.299114733596,4257.456796853081,-3547.8568974846194
3204,33,114985983811133912950238330229256012889,0.00023820867079561692,1,L5_ET,4269.484129939351,-3577.299114733596,4297.39671215063,-3590.659717927321
61,33,180061160595544142233250224247195913171,0.00023820867079561692,1,L5_IT,4269.484129939351,-3577.299114733596,4264.495534032546,-3581.7740001099387
63,33,289040157378404666909129007932776138318,0.00023820867079561692,1,L5_IT,4269.484129939351,-3577.299114733596,4235.463969159869,-3544.499246579641
739,33,150857957978587921967903619754742640110,0.00023820867079561692,1,L4_5_IT,4269.484129939351,-3577.299114733596,4292.607637500637,-3621.7057115664584
163,34,61696593403209919684187089797023931310,0.00023820867079561692,1,L2_3_IT,4369.484129939351,-3577.299114733596,4386.882690802517,-3598.150647606972
420,34,66203195875479559774319258947431334748,0.00023820867079561692,1,L5_IT,4369.484129939351,-3577.299114733596,4354.981328297978,-3574.785259938974
3276,34,114544211949302988408801432728450858233,0.00023820867079561692,1,L5_IT,4369.484129939351,-3577.299114733596,4364.224342881688,-3576.610140129444
2144,34,234875929811226486020670703266079537965,0.00023820867079561692,1,L6_CT,4369.484129939351,-3577.299114733596,4398.626251540165,-3536.5881924544756
347,34,4378085019167579513781902149817839008,0.00023820867079561692,1,L4_5_IT,4369.484129939351,-3577.299114733596,4342.706036174394,-3600.361333538116
2210,35,171933787837892598448669903471638926133,0.00023820867079561692,3,L6_IT,4469.484129939351,-3577.299114733596,4493.535181125848,-3533.387961468876
574,35,97353491943751090886741515183116674109,0.00023820867079561692,3,L2_3_IT,4469.484129939351,-3577.299114733596,4485.220503109695,-3576.62586150037
744,35,180349571309263172155817781925893711265,0.00023820867079561692,3,L2_3_IT,4469.484129939351,-3577.299114733596,4463.47631919033,-3599.316117292325
2415,35,256914870052186642253707393891321893349,0.00023820867079561692,3,Sst,4469.484129939351,-3577.299114733596,4462.733177473142,-3595.3005888047164
2422,35,322260454034433225220522397183495971410,0.00023820867079561692,3,L2_3_IT,4469.484129939351,-3577.299114733596,4442.455468797738,-3581.8650446016914
394,36,207096311562860110895021800943372564619,0.00023820867079561692,3,L2_3_IT,4569.484129939351,-3577.299114733596,4565.253988300685,-3590.3540299386964
727,36,259364304756157202559473539690691530693,0.00023820867079561692,3,L2_3_IT,4569.484129939351,-3577.299114733596,4545.786975545118,-3574.398786615109
67,36,210340786420941862061240084964686235518,0.00023820867079561692,3,L6_CT,4569.484129939351,-3577.299114733596,4611.340573605753,-3549.8276646842346
73,36,310753899509657238589356805910947902723,0.00023820867079561692,3,L4_5_IT,4569.484129939351,-3577.299114733596,4550.0607391429385,-3586.341426268793
1234,36,266015222806938212336380434823028974878,0.00023820867079561692,3,L2_3_IT,4569.484129939351,-3577.299114733596,4574.978373102258,-3585.57366616115
257,37,88303538117006728796696293384450383676,0.00023820867079561692,1,L2_3_IT,4669.484129939351,-3577.299114733596,4673.284262407136,-3594.2974562254826
3525,37,324528421296287716341015082775297681492,0.00023820867079561692,1,L5_ET,4669.484129939351,-3577.299114733596,4630.844925275887,-3609.137052907859
265,37,205698209752450653501734928642037042735,0.00023820867079561692,1,L5_IT,4669.484129939351,-3577.299114733596,4686.493940327624,-3576.412867827638
334,37,88329771254635614466144669079839225130,0.00023820867079561692,1,L5_IT,4669.484129939351,-3577.299114733596,4678.954235335313,-3556.15119307421
456,37,135890966195005321943096737938038700214,0.00023820867079561692,1,L5_IT,4669.484129939351,-3577.299114733596,4677.8432863507915,-3550.4970036327923
81,38,137947349575931039321550530191280239569,0.00023820867079561692,1,L4_5_IT,4769.484129939351,-3577.299114733596,4813.447248890347,-3591.0946334739488
247,38,249590865034876593930863704728456520980,0.00023820867079561692,1,L4_5_IT,4769.484129939351,-3577.299114733596,4727.274376478136,-3550.373677746303
601,38,191703224526006030314655090610696440706,0.00023820867079561692,1,L4_5_IT,4769.484129939351,-3577.299114733596,4753.9993246677295,-3587.54721206126
751,38,310794474279529370086248646840907380898,0.00023820867079561692,1,L4_5_IT,4769.484129939351,-3577.299114733596,4770.478973206637,-3554.651781003918
1164,38,134070245838579574964018942956326334547,0.00023820867079561692,1,L6_IT,4769.484129939351,-3577.299114733596,4782.220726453877,-3602.828269382548
12,39,252170690609478266675745252467363679032,0.00023820867079561692,3,L5_IT,4869.484129939351,-3577.299114733596,4860.905197332317,-3596.9159366072945
783,39,143137810729911228060445384600442838365,0.00023820867079561692,3,L5_IT,4869.484129939351,-3577.299114733596,4854.0362779166035,-3535.2467415753827
1041,39,51465575480785529099805657596851154856,0.00023820867079561692,3,L6_IT,4869.484129939351,-3577.299114733596,4845.143389730417,-3621.0503525480212
1550,39,303634369895522994830785886409704155764,0.00023820867079561692,3,L5_IT,4869.484129939351,-3577.299114733596,4913.656211315209,-3579.330931695343
2028,39,38687307407584829229846836165958562887,0.00023820867079561692,3,L5_IT,4869.484129939351,-3577.299114733596,4873.679573402193,-3553.9516112419137
1917,4,130768366027254951782135406301375486897,0.00023820867079561692,1,Micro,3869.484129939351,-3877.299114733596,3879.1282068224505,-3866.4616937744518
2142,4,292994935853339306493337106061313698440,0.00023820867079561692,1,Micro,3869.484129939351,-3877.299114733596,3874.092478281784,-3866.3111360661296
794,4,243166653676702005308315527968808271277,0.00023820867079561692,1,PVM,3869.484129939351,-3877.299114733596,3831.1349909527835,-3909.4858508713614
17,4,67313058400854204311594241210135356353,0.00023820867079561692,1,Oligo,3869.484129939351,-3877.299114733596,3881.908401362749,-3873.047435976969
1306,4,100047181052654346224529175853339022386,0.00023820867079561692,1,Oligo,3869.484129939351,-3877.299114733596,3881.1565722769906,-3871.189456979064
843,40,115127732488658085396809397357161752818,0.00023820867079561692,1,L6_CT,4969.484129939351,-3577.299114733596,4926.964368421332,-3550.8659476009198
1177,40,148985468305407001273846493894579623342,0.00023820867079561692,1,Lamp5,4969.484129939351,-3577.299114733596,4982.92650497842,-3582.5049456417337
1235,40,42441501352139960238162467147339945974,0.00023820867079561692,1,Lamp5,4969.484129939351,-3577.299114733596,4981.289046572063,-3588.094843873628
1482,40,86306776559031877597025627063291105828,0.00023820867079561692,1,Pvalb,4969.484129939351,-3577.299114733596,4991.227641305677,-3595.0181355061754
2065,40,297452537882934317256568390595465450814,0.00023820867079561692,1,Pvalb,4969.484129939351,-3577.299114733596,4965.013088419248,-3570.0117010455183
1783,41,16808654077918130684760279244168870523,0.00023820867079561692,1,Astro,5069.484129939351,-3577.299114733596,5104.423985737687,-3541.440379103283
796,41,7558643431566691060339214605928227161,0.00023820867079561692,1,Oligo,5069.484129939351,-3577.299114733596,5080.374469695913,-3584.606424748301
1273,41,294431335959517840011881700087904064278,0.00023820867079561692,1,Oligo,5069.484129939351,-3577.299114733596,5098.272654571005,-3568.2712546779244
221,41,319897019900019587789937767794814147563,0.00023820867079561692,1,VLMC,5069.484129939351,-3577.299114733596,5032.60958097027,-3606.079597374432
588,41,27935208788722628681723885254027870864,0.00023820867079561692,1,OPC,5069.484129939351,-3577.299114733596,5031.7399587218815,-3586.097917764032
407,42,161619216271830849637917030889913493218,0.00023820867079561692,1,Peri,5169.484129939351,-3577.299114733596,5163.683714232504,-3592.500401089294
1416,42,20412369700126259876450951845622773712,0.00023820867079561692,1,Peri,5169.484129939351,-3577.299114733596,5149.781222237342,-3623.325605717586
228,42,234848034864805099255583742599138951180,0.00023820867079561692,1,L5_ET,5169.484129939351,-3577.299114733596,5170.017658721086,-3530.4542914377034
477,42,7102876876113441964035711834658102282,0.00023820867079561692,1,L4_5_IT,5169.484129939351,-3577.299114733596,5176.8028179123085,-3567.0129639110346
1125,42,163880578164653317451016455770981164615,0.00023820867079561692,1,L6_IT,5169.484129939351,-3577.299114733596,5187.135236593505,-3573.2023115123716
2034,43,273685243327535519801042854435013500692,0.00023820867079561692,3,L5_ET,5269.484129939351,-3577.299114733596,5294.072820533574,-3533.686745627174
1652,43,140042406421343869493474268354607597299,0.00023820867079561692,3,Pvalb,5269.484129939351,-3577.299114733596,5251.489827034362,-3596.648213754169
405,43,34723182058924265408073791811691302037,0.00023820867079561692,3,L6_IT,5269.484129939351,-3577.299114733596,5251.220510543299,-3565.201315831013
465,43,156325206479206187605365720255160232231,0.00023820867079561692,3,L5_IT,5269.484129939351,-3577.299114733596,5264.234476345292,-3595.3512487766384
1255,43,72785012760744129287917990744686678303,0.00023820867079561692,3,L2_3_IT,5269.484129939351,-3577.299114733596,5286.403015240224,-3595.6080496789946
341,44,152202305000543428341875978587616408357,0.00023820867079561692,3,L5_ET,5369.484129939351,-3577.299114733596,5363.252717164963,-3559.21587179274
894,44,70849265665178159914188725688490607276,0.00023820867079561692,3,L5_ET,5369.484129939351,-3577.299114733596,5354.734376262576,-3556.480660045818
2334,44,194891441023079667440233786220288991567,0.00023820867079561692,3,PVM,5369.484129939351,-3577.299114733596,5417.514130004631,-3591.432816935865
188,44,187657363980162523861525537898125840113,0.00023820867079561692,3,L4_5_IT,5369.484129939351,-3577.299114733596,5372.090643664297,-3590.266884838383
909,44,180997864380540445836885270186792273400,0.00023820867079561692,3,L5_IT,5369.484129939351,-3577.299114733596,5339.8287826002925,-3589.099340055182
648,45,132650323004003159589812525330250023814,0.00023820867079561692,1,Astro,3769.484129939351,-3477.299114733596,3766.1768483018836,-3509.172781523253
3048,45,141964471521138622233549189372978052827,0.00023820867079561692,1,Astro,3769.484129939351,-3477.299114733596,3755.003195840842,-3465.721727273661
321,45,132268382465267730698207479739701740714,0.00023820867079561692,1,Micro,3769.484129939351,-3477.299114733596,3817.4737580588167,-3463.028934735832
127,45,48981113046792927588250242719943043257,0.00023820867079561692,1,VLMC,3769.484129939351,-3477.299114733596,3752.019863464914,-3469.5858564319233
1025,45,99461758348276171282164065674893881464,0.00023820867079561692,1,VLMC,3769.484129939351,-3477.299114733596,3756.7469840302874,-3478.9862737033154
551,46,12418151544569410378904533121899765167,0.00023820867079561692,3,Endo,3869.484129939351,-3477.299114733596,3879.326616934783,-3474.0243558768366
1719,46,318225944692184755749437382324820609677,0.00023820867079561692,3,L2_3_IT,3869.484129939351,-3477.299114733596,3916.18131267954,-3495.3550159390916
100,46,287829962905060620466244168740837518008,0.00023820867079561692,3,Micro,3869.484129939351,-3477.299114733596,3841.9674380086476,-3467.7628404118927
1743,46,208131472362261810358514268580367777937,0.00023820867079561692,3,Micro,3869.484129939351,-3477.299114733596,3851.3510072812073,-3438.127451554227
1742,46,131095127329615219991672306389093138258,0.00023820867079561692,3,Endo,3869.484129939351,-3477.299114733596,3858.5942747925733,-3511.2259098859213
988,47,318422465143878214217635906524809536235,0.00023820867079561692,1,L2_3_IT,3969.484129939351,-3477.299114733596,3956.6797008809904,-3459.393571457369
1311,47,47023534548456017450049473057729166500,0.00023820867079561692,1,L5_IT,3969.484129939351,-3477.299114733596,3966.325472015388,-3471.609272280125
1362,47,111957213714728414706532385407794477404,0.00023820867079561692,1,Astro,3969.484129939351,-3477.299114733596,4001.457924291708,-3515.825974441161
1385,47,149746335147921050340015368952495285959,0.00023820867079561692,1,L6_IT,3969.484129939351,-3477.299114733596,3967.9706211790613,-3479.2417978045582
1486,47,178874410211162929014629152719755851647,0.00023820867079561692,1,L2_3_IT,3969.484129939351,-3477.299114733596,3954.9869313296117,-3460.424957684762
2159,48,179617470556826617343630562828255886925,0.00023820867079561692,1,Astro,4069.484129939351,-3477.299114733596,4055.2768825887056,-3472.980346715485
1197,48,112798317270481081999445651799264173044,0.00023820867079561692,1,L2_3_IT,4069.484129939351,-3477.299114733596,4051.077745815009,-3487.702049653115
1771,48,261955623410805458552157988186048745567,0.00023820867079561692,1,L2_3_IT,4069.484129939351,-3477.299114733596,4107.295757883105,-3444.4826061372155
346,48,287676319208265404672049415672236793130,0.00023820867079561692,1,VLMC,4069.484129939351,-3477.299114733596,4107.147303587417,-3494.1900790581763
1568,48,6904561393982350497968551202314006810,0.00023820867079561692,1,VLMC,4069.484129939351,-3477.299114733596,4026.622959822549,-3487.1404921039807
88,49,244823747920127755073953614364155990789,0.00023820867079561692,1,Peri,4169.484129939351,-3477.299114733596,4141.812896535426,-3519.023751174417
1493,49,188706094954040828825584481916784091124,0.00023820867079561692,1,Peri,4169.484129939351,-3477.299114733596,4130.952818153001,-3447.8485586660895
111,49,268085772236976031787318102933101110675,0.00023820867079561692,1,Astro,4169.484129939351,-3477.299114733596,4176.6652357866,-3454.6781052149104
423,49,115005267831297008919031650952261325485,0.00023820867079561692,1,Micro,4169.484129939351,-3477.299114733596,4202.6761756893975,-3485.0384323764824
756,49,16056703252605361028456577753253969472,0.00023820867079561692,1,Oligo,4169.484129939351,-3477.299114733596,4195.31352353232,-3479.906726236073
135,5,28297407995708696957634693540514139774,0.00023820867079561692,1,L2_3_IT,4069.484129939351,-3877.299114733596,4054.5959693868467,-3884.896791519841
401,5,123458279894428214305958433170649293611,0.00023820867079561692,1,Peri,4069.484129939351,-3877.299114733596,4108.720208265671,-3846.1997159968996
218,5,147625617840708302048908637347555976294,0.00023820867079561692,1,L2_3_IT,4069.484129939351,-3877.299114733596,4054.5959693868467,-3879.440295365154
850,5,262707286997386595282481325661058274051,0.00023820867079561692,1,L2_3_IT,4069.484129939351,-3877.299114733596,4054.5959693868467,-3881.975280690061
4073,5,226471771009686270051081376771916834376,0.00013742807930512842,1,Astro,4069.484129939351,-3877.299114733596,4074.91253327054,-3893.983490096025
134,50,215221506380746518511351723376973763872,0.00023820867079561692,3,Astro,4269.484129939351,-3477.299114733596,4241.541098170156,-3435.7560115784518
1188,50,286035533672953991676428473550612589190,0.00023820867079561692,3,L4_5_IT,4269.484129939351,-3477.299114733596,4279.060789801567,-3500.319224071211
705,50,336553787442607144480749440039331203692,0.00023820867079561692,3,L5_IT,4269.484129939351,-3477.299114733596,4285.430136721416,-3504.9450578331393
1700,50,14021378680652757179742957708491748719,0.00023820867079561692,3,SMC,4269.484129939351,-3477.299114733596,4262.63908199459,-3446.0254531183523
1850,50,158557062289997026097415798748314582113,0.00023820867079561692,3,L4_5_IT,4269.484129939351,-3477.299114733596,4278.7495430090285,-3499.4498270668273
1089,51,247189832195318050958736672919190496552,0.00023820867079561692,3,L2_3_IT,4369.484129939351,-3477.299114733596,4387.164410628633,-3505.293229037291
2181,51,195457300262102859463331293956268822668,0.00023820867079561692,3,Pvalb,4369.484129939351,-3477.299114733596,4359.535867440274,-3435.9944954900825
944,51,182073356577364618027682750903422327689,0.00023820867079561692,3,L5_ET,4369.484129939351,-3477.299114733596,4369.280616756386,-3499.0471187606595
1479,51,157776863373208886948607501985392252681,0.00023820867079561692,3,Sst,4369.484129939351,-3477.299114733596,4343.561951798418,-3434.4659135382276
1686,51,298239347137548300192557692562294677147,0.00023820867079561692,3,L2_3_IT,4369.484129939351,-3477.299114733596,4387.877803073049,-3511.694816841715
782,52,263477203460491729721392026028232074909,0.00023820867079561692,2,L5_IT,4469.484129939351,-3477.299114733596,4452.735401024989,-3501.5427503933615
1400,52,266281285962532142577179931462281832890,0.00023820867079561692,2,L5_IT,4469.484129939351,-3477.299114733596,4471.2630583675655,-3492.774792849762
1526,52,13454253362200055922835066623048289484,0.00023820867079561692,2,L5_IT,4469.484129939351,-3477.299114733596,4463.897300601183,-3470.1573281098777
83,52,249511231695679123239189531729218730693,0.00023820867079561692,2,L6_IT,4469.484129939351,-3477.299114733596,4471.957939149895,-3491.4083527602043
263,52,40843132531471723182691878094140452031,0.00023820867079561692,2,L5_ET,4469.484129939351,-3477.299114733596,4487.566950553123,-3430.6123495547645
1324,53,255284310481856433379891395649078983255,0.00023820867079561692,3,L5_IT,4569.484129939351,-3477.299114733596,4539.5337096385065,-3510.2107020011435
297,53,32132173007113805268300036360149878777,0.00023820867079561692,3,L6_CT,4569.484129939351,-3477.299114733596,4589.449860544423,-3443.29950951262
393,53,93015357153518766280845729581974833342,0.00023820867079561692,3,L6_IT,4569.484129939351,-3477.299114733596,4577.476339909265,-3457.3372560412818
901,53,300343916859421949552111843658308715001,0.00023820867079561692,3,L5_ET,4569.484129939351,-3477.299114733596,4605.241364430102,-3461.381657422425
1368,53,90877613297369494448010823899945539737,0.00023820867079561692,3,L5_IT,4569.484129939351,-3477.299114733596,4535.7193751744735,-3514.2664486904946
115,54,114214704143893024559727924241642765146,0.00023820867079561692,1,L5_ET,4669.484129939351,-3477.299114733596,4639.4693280429,-3492.3612448368326
2460,54,122562712481270925141481512124385234770,0.00023820867079561692,1,L6_IT_Car3,4669.484129939351,-3477.299114733596,4700.698981401915,-3453.0624665627943
789,54,234607576200354405559442091691298488453,0.00023820867079561692,1,L5_IT,4669.484129939351,-3477.299114733596,4664.9761394841635,-3485.3574313357212
859,54,249131881833376982914430301772631720876,0.00023820867079561692,1,Sst,4669.484129939351,-3477.299114733596,4677.977447128675,-3428.6181845864817
1161,54,265836698952083559255003528371106899756,0.00023820867079561692,1,L5_ET,4669.484129939351,-3477.299114733596,4664.298753639107,-3527.0962463461506
3126,55,118150545225261831207720952643191279224,0.00023820867079561692,3,Astro,4769.484129939351,-3477.299114733596,4805.437790940427,-3512.141283219971
1619,55,268030594011163740807460920100678865134,0.00023820867079561692,3,L6_IT_Car3,4769.484129939351,-3477.299114733596,4755.560955539397,-3457.483684040129
273,55,186356438352942185681224885104976362581,0.00023820867079561692,3,L6_CT,4769.484129939351,-3477.299114733596,4747.46092499046,-3445.987606174227
708,55,279009156995296531101176684095700985525,0.00023820867079561692,3,L5_IT,4769.484129939351,-3477.299114733596,4781.4419976082845,-3504.950315134058
1337,55,82176978096059561385591866615507158122,0.00023820867079561692,3,L6_IT,4769.484129939351,-3477.299114733596,4757.5189806181925,-3465.9326850995903
1017,56,323025506300633908494349227532710475501,0.00023820867079561692,1,L4_5_IT,4869.484129939351,-3477.299114733596,4857.241825154191,-3496.667244808399
3860,56,139074341336865529207578471877250071507,0.00023820867079561692,1,L4_5_IT,4869.484129939351,-3477.299114733596,4845.863194718274,-3506.203650040749
572,56,228833840638239971179959415907651576708,0.00023820867079561692,1,L5_IT,4869.484129939351,-3477.299114733596,4908.048222443339,-3452.5565453898485
176,56,128360801960150645011371818924366018263,0.00023820867079561692,1,L6_IT,4869.484129939351,-3477.299114733596,4882.941394535985,-3429.0752153289504
910,56,268675715980188136991221840085443058936,0.00023820867079561692,1,L5_IT,4869.484129939351,-3477.299114733596,4853.326012844975,-3501.992918100042
385,57,291701330163170449149684624380072963905,0.00023820867079561692,1,L6_IT_Car3,4969.484129939351,-3477.299114733596,4969.49389794329,-3464.82897984839
1547,57,58801999608212743458307412987183695223,0.00023820867079561692,1,L6_IT_Car3,4969.484129939351,-3477.299114733596,4935.741138164291,-3488.9608665367364
1884,57,216368363397795112907451062255842152246,0.00023820867079561692,1,L6_IT_Car3,4969.484129939351,-3477.299114733596,4968.541696611708,-3458.448942886832
870,57,253613481799626646877895114276727109095,0.00023820867079561692,1,Endo,4969.484129939351,-3477.299114733596,5009.646584032171,-3507.192587691006
1111,57,199973393081905884233919182412458440221,0.00023820867079561692,1,L6_IT,4969.484129939351,-3477.299114733596,4963.997332945297,-3467.0641967050174
376,58,93730154392896842061356673376873634746,0.00023820867079561692,4,L5_6_NP,5069.484129939351,-3477.299114733596,5027.597922100155,-3504.7251614240126
810,58,336942917503944714523653208161183040214,0.00023820867079561692,4,L6_CT,5069.484129939351,-3477.299114733596,5068.654719499455,-3452.302471575513
1113,58,281126728873616810857828267497648260358,0.00023820867079561692,4,L6_CT,5069.484129939351,-3477.299114733596,5100.276854308647,-3468.042514580928
1342,58,120688341171884572556526597109195212613,0.00023820867079561692,4,L6_CT,5069.484129939351,-3477.299114733596,5056.882064483363,-3451.43459652971
655,58,288347559418742904692721746174461790231,0.00023820867079561692,4,L4_5_IT,5069.484129939351,-3477.299114733596,5094.00908930512,-3509.9908295578316
82,59,27335014701078698050288099561034665919,0.00023820867079561692,3,L6_CT,5169.484129939351,-3477.299114733596,5148.986676914828,-3473.426925007254
564,59,288249800495611925439316598872848037525,0.00023820867079561692,3,L6_IT_Car3,5169.484129939351,-3477.299114733596,5219.5502727266885,-3477.4533567874346
156,59,166865343867872397179335949272081334988,0.00023820867079561692,3,L5_ET,5169.484129939351,-3477.299114733596,5174.73516912466,-3483.6804343687127
417,59,137892169048964695860281869236372498636,0.00023820867079561692,3,L6_CT,5169.484129939351,-3477.299114733596,5158.214166455714,-3474.3286353294466
617,59,233930754952473555582148055520234921772,0.00023820867079561692,3,L6_CT,5169.484129939351,-3477.299114733596,5145.934364474861,-3477.606222175136
3623,6,168716974186057380499272591762279831835,0.00023820867079561692,1,Lamp5,3869.484129939351,-3777.299114733596,3861.563018784522,-3788.593721756718
1428,6,55840775943301212286745492802644421380,0.00023820867079561692,1,SMC,3869.484129939351,-3777.299114733596,3833.6142411202823,-3796.4497822617077
153,6,83868649345620261881175827210750129819,0.00023820867079561692,1,VLMC,3869.484129939351,-3777.299114733596,3830.516969939266,-3771.916244345103
696,6,109294887134324184397256923588072409364,0.00023820867079561692,1,L2_3_IT,3869.484129939351,-3777.299114733596,3918.101503929826,-3765.3411303514554
1009,6,157746453950983265557262119626916652525,0.00023820867079561692,1,L6_CT,3869.484129939351,-3777.299114733596,3903.6249159228564,-3764.1946949529993
78,60,10439354818870026981613212500868313457,0.00023820867079561692,1,Astro,5269.484129939351,-3477.299114733596,5247.875615537198,-3467.1045169343333
305,60,115097853774735235894323792699398055202,0.00023820867079561692,1,Astro,5269.484129939351,-3477.299114733596,5244.756945872135,-3433.7651186808653
726,60,15541126250602431839340203182707519720,0.00023820867079561692,1,Astro,5269.484129939351,-3477.299114733596,5294.956125629569,-3484.1327469975745
1092,60,338296331810737666821987253948767403091,0.00023820867079561692,1,Astro,5269.484129939351,-3477.299114733596,5280.675711316997,-3490.89867166662
1886,60,33354070082165499090249497063876894564,0.00023820867079561692,1,Astro,5269.484129939351,-3477.299114733596,5279.1562513408635,-3510.59451938859
3101,61,260998586763033126766968879541286128363,0.00023820867079561692,1,L5_6_NP,5369.484129939351,-3477.299114733596,5396.7647430852885,-3442.360203322476
439,61,52641155625671612124793130449446388202,0.00023820867079561692,1,L6_IT,5369.484129939351,-3477.299114733596,5341.684704488759,-3512.8488377191297
199,61,70502356411746438585605904142348127433,0.00023820867079561692,1,L6_IT_Car3,5369.484129939351,-3477.299114733596,5383.441359395188,-3443.312210925624
467,61,297031301798074233752642013244189741376,0.00023820867079561692,1,L6_IT_Car3,5369.484129939351,-3477.299114733596,5375.6631955471885,-3464.6122412092454
1706,61,131169909272954117484570203855470868840,0.00023820867079561692,1,L5_ET,5369.484129939351,-3477.299114733596,5349.866647180318,-3523.3620804914826
1104,62,266210993543062230267161359255194491136,0.00023820867079561692,2,L2_3_IT,3869.484129939351,-3377.299114733596,3819.9412799999495,-3384.520504080194
1270,62,255322208040051425766915460710808753388,0.00023820867079561692,2,L2_3_IT,3869.484129939351,-3377.299114733596,3875.7297284875235,-3377.041497980049
3171,62,132356559347640334850146422386818142617,0.00023820867079561692,2,L6_IT,3869.484129939351,-3377.299114733596,3899.199883854873,-3354.0504643134896
1374,62,237176218821375447597182048693599082909,0.00023820867079561692,2,L2_3_IT,3869.484129939351,-3377.299114733596,3851.839167707742,-3391.330211853341
1571,62,163567126453696587319896042168977668542,0.00023820867079561692,2,L2_3_IT,3869.484129939351,-3377.299114733596,3900.7105896466796,-3379.5528954409006
151,63,35114476635952616986658881741397480062,0.00023820867079561692,1,L4_5_IT,4069.484129939351,-3377.299114733596,4042.967271967797,-3372.839827705365
179,63,257983038205013603462415652969143609307,0.00023820867079561692,1,L4_5_IT,4069.484129939351,-3377.299114733596,4099.3456211352695,-3395.689176697135
1579,63,328431251919596143179830554700612166676,0.00023820867079561692,1,L4_5_IT,4069.484129939351,-3377.299114733596,4118.720169101249,-3386.3795823350642
1680,63,15851019873128024963691621580892236831,0.00023820867079561692,1,L4_5_IT,4069.484129939351,-3377.299114733596,4066.1477167708276,-3349.9596490308004
2550,63,162706994072542159716552166485767071278,0.00023820867079561692,1,L6b,4069.484129939351,-3377.299114733596,4020.239870721561,-3381.6273378996084
1090,64,68832796732115393504919904006095662349,0.00023820867079561692,1,Astro,4169.484129939351,-3377.299114733596,4198.520822347735,-3367.3158579408237
1136,64,82768921644800080472972526062719101830,0.00023820867079561692,1,Astro,4169.484129939351,-3377.299114733596,4189.792113697707,-3370.7516343634666
1665,64,199953173485021987568561405929410467599,0.00023820867079561692,1,Astro,4169.484129939351,-3377.299114733596,4123.455734396191,-3357.600656724513
2109,64,78787303812616071910813914640544152298,0.00023820867079561692,1,Astro,4169.484129939351,-3377.299114733596,4186.452619260425,-3390.6701068990033
384,64,253390795114032647194277416850246524382,0.00023820867079561692,1,Micro,4169.484129939351,-3377.299114733596,4149.199359994713,-3400.1573177401656
3115,65,248675424337312573957106441778100430944,0.00023820867079561692,1,Astro,4269.484129939351,-3377.299114733596,4228.188899945852,-3405.6071776132294
181,65,273581048790800710889803730909905423265,0.00023820867079561692,1,Sst,4269.484129939351,-3377.299114733596,4277.649627795843,-3373.2566506429766
191,65,306819932334883283244291322877581732292,0.00023820867079561692,1,Sst,4269.484129939351,-3377.299114733596,4271.780896481608,-3376.4913338649435
616,65,127695094551558938999161727895105471312,0.00023820867079561692,1,Sst,4269.484129939351,-3377.299114733596,4296.327835688177,-3366.957862583805
725,65,44222272939324101132014642925190450861,0.00023820867079561692,1,Sst,4269.484129939351,-3377.299114733596,4273.473389785271,-3364.182548963025
93,66,57772175224458305824413171264193840149,0.00023820867079561692,1,Peri,4369.484129939351,-3377.299114733596,4397.425726012087,-3364.2189093106977
676,66,206575212605417617403255162759832263551,0.00023820867079561692,1,Peri,4369.484129939351,-3377.299114733596,4380.055710672575,-3390.3604661042928
684,66,7530935365806719726381768738621792133,0.00023820867079561692,1,Peri,4369.484129939351,-3377.299114733596,4380.830268293867,-3356.8998184498532
685,66,44210997699650395145749907385804422554,0.00023820867079561692,1,Peri,4369.484129939351,-3377.299114733596,4365.947832769698,-3416.712539440937
1488,66,139627803086369017737351452959111434648,0.00023820867079561692,1,SMC,4369.484129939351,-3377.299114733596,4323.1611119486215,-3358.3038403622227
925,67,197563923282009885569827232107543601961,0.00023820867079561692,1,L5_6_NP,4569.484129939351,-3377.299114733596,4589.229234945271,-3366.9281357976984
887,67,202146921738438206086818383310906149374,0.00023820867079561692,1,L6_CT,4569.484129939351,-3377.299114733596,4566.009969413737,-3355.77630659484
9,67,301665402294908927053831964077020879312,0.00023820867079561692,1,L4_5_IT,4569.484129939351,-3377.299114733596,4521.94451928663,-3393.0035046676517
219,67,297297354768927553276372660997782875747,0.00023820867079561692,1,L6_IT,4569.484129939351,-3377.299114733596,4600.717189861253,-3396.973199133891
478,67,174206242740627005669149917545950202603,0.00023820867079561692,1,L5_IT,4569.484129939351,-3377.299114733596,4569.519736189896,-3373.814427473889
3201,68,239300795362510629912706113389155720128,0.00023820867079561692,3,L6_IT_Car3,4669.484129939351,-3377.299114733596,4699.805622414168,-3385.896972367196
1718,68,144944538402667441797423405548265858467,0.00023820867079561692,3,L6b,4669.484129939351,-3377.299114733596,4650.67423769392,-3391.9073375730795
2390,68,90280107426579611144250834141528828881,0.00023820867079561692,3,L6b,4669.484129939351,-3377.299114733596,4645.5686581241225,-3411.210072616651
105,68,330299712135454867966962821750458660374,0.00023820867079561692,3,L5_6_NP,4669.484129939351,-3377.299114733596,4638.767876814223,-3337.7623693166265
117,68,243231692246239935420319262517114174835,0.00023820867079561692,3,L4_5_IT,4669.484129939351,-3377.299114733596,4712.604254650324,-3359.718821794423
2182,69,88033232737921621944592743287489192313,0.00023820867079561692,3,L6_IT,4769.484129939351,-3377.299114733596,4770.161023865115,-3397.275034560534
112,69,300090037367938402809916929159813342823,0.00023820867079561692,3,L2_3_IT,4769.484129939351,-3377.299114733596,4752.563756611127,-3368.264906041022
343,69,84408063879056791627850454434767272783,0.00023820867079561692,3,L4_5_IT,4769.484129939351,-3377.299114733596,4791.154288766161,-3369.0097125506645
413,69,316573632571100783154515964175810614220,0.00023820867079561692,3,Vip,4769.484129939351,-3377.299114733596,4743.107548394533,-3334.7442279375678
928,69,292602350368121362690536382558056925098,0.00023820867079561692,3,L5_IT,4769.484129939351,-3377.299114733596,4790.434032059819,-3417.201692578197
211,7,171016913393098498599278921098282178004,0.00023820867079561692,1,L2_3_IT,4069.484129939351,-3777.299114733596,4056.4534960806054,-3780.240089292949
424,7,147259876535861643505945469734321408407,0.00023820867079561692,1,L2_3_IT,4069.484129939351,-3777.299114733596,4061.9529836867473,-3786.6566008103114
1371,7,199294613784218956558582767360536083288,0.00023820867079561692,1,L2_3_IT,4069.484129939351,-3777.299114733596,4057.0449324164056,-3755.2024990927775
1401,7,129761531825981135232086292516201913799,0.00023820867079561692,1,L2_3_IT,4069.484129939351,-3777.299114733596,4055.7360567440874,-3769.176089789801
317,7,114151134694758258360988203476491586583,0.00023820867079561692,1,Endo,4069.484129939351,-3777.299114733596,4116.233180768918,-3795.220294682131
2342,70,224800464897413985313385711771497185612,0.00023820867079561692,3,L2_3_IT,4869.484129939351,-3377.299114733596,4861.102317422978,-3387.6252432263914
765,70,240764983498707288449700508694545453561,0.00023820867079561692,3,L6_CT,4869.484129939351,-3377.299114733596,4882.077177522107,-3363.553499993666
1856,70,312732679723884152085714121451360083963,0.00023820867079561692,3,L6_IT,4869.484129939351,-3377.299114733596,4854.556575049303,-3425.088345206767
844,70,202748593133043231793067154414919400536,0.00023820867079561692,3,L6_CT,4869.484129939351,-3377.299114733596,4872.520221377483,-3347.6205771439213
918,70,161805974168118072266097540514708211477,0.00023820867079561692,3,Endo,4869.484129939351,-3377.299114733596,4877.16435832489,-3362.6079080972304
2761,71,267194125767851671109406001667050359328,0.00023820867079561692,3,L5_6_NP,4969.484129939351,-3377.299114733596,4956.192707105838,-3380.209211498322
3689,71,78041915785808985096415374064007419684,0.00023820867079561692,3,L5_6_NP,4969.484129939351,-3377.299114733596,4950.529022407572,-3354.2010370597527
991,71,68396078767135494230582705566235525468,0.00023820867079561692,3,Vip,4969.484129939351,-3377.299114733596,4993.162074286607,-3407.236275069268
55,71,71238501635495797214405206037449811399,0.00023820867079561692,3,L6_CT,4969.484129939351,-3377.299114733596,4990.763641231844,-3331.9799703973904
1139,71,94961178682559743724062944064085575905,0.00023820867079561692,3,L5_IT,4969.484129939351,-3377.299114733596,4956.77320466489,-3412.8690796432497
2869,72,264777463268106715554932015035068642091,0.00023820867079561692,3,L6_CT,5069.484129939351,-3377.299114733596,5041.433783253748,-3409.325295980127
2360,72,62179116722031549924954572524533105089,0.00023820867079561692,3,OPC,5069.484129939351,-3377.299114733596,5086.4097965707915,-3371.3261390040575
24,72,219402402412561257505758581652937611736,0.00023820867079561692,3,L5_ET,5069.484129939351,-3377.299114733596,5099.0405337528,-3374.913202682786
1304,72,208673460404334391009290563936722309668,0.00023820867079561692,3,L5_ET,5069.484129939351,-3377.299114733596,5090.927454385413,-3383.907603252959
2047,72,122845262684045448769980233419489297862,0.00023820867079561692,3,L5_IT,5069.484129939351,-3377.299114733596,5029.609081734017,-3347.0233327480637
168,73,179975415275786128480279043354964911718,0.00023820867079561692,1,Oligo,5169.484129939351,-3377.299114733596,5164.4689036524505,-3375.3842120757304
209,73,108671465482834575293679855122371039873,0.00023820867079561692,1,Oligo,5169.484129939351,-3377.299114733596,5188.8605698006,-3376.3681426356097
1752,73,24719179995333249692618441640306202410,0.00023820867079561692,1,Pvalb,5169.484129939351,-3377.299114733596,5119.727867974297,-3382.863001817106
361,73,60526758582873181558648365571590891218,0.00023820867079561692,1,Oligo,5169.484129939351,-3377.299114733596,5185.468280295654,-3376.102823594729
613,73,292011232315990266290854445382242988758,0.00023820867079561692,1,Oligo,5169.484129939351,-3377.299114733596,5188.8950279737555,-3375.7773935448013
3013,74,20246142223922899420588992723451657393,0.00023820867079561692,4,OPC,5269.484129939351,-3377.299114733596,5245.090144962461,-3370.616315017583
674,74,155424944364792489851330123812120337597,0.00023820867079561692,4,Oligo,5269.484129939351,-3377.299114733596,5300.371462837054,-3384.0488842074274
680,74,88961457676996577825784720318365584537,0.00023820867079561692,4,L6_IT_Car3,5269.484129939351,-3377.299114733596,5281.7759673937935,-3425.833156149975
832,74,335730569340152719494405333294344136944,0.00023820867079561692,4,Oligo,5269.484129939351,-3377.299114733596,5261.92011032632,-3349.167250373479
1656,74,242221390534313173942108315123223580093,0.00023820867079561692,4,Oligo,5269.484129939351,-3377.299114733596,5258.262964177135,-3356.829967919512
1691,75,125604900601761552563168719004013020349,0.00023820867079561692,3,L4_5_IT,5369.484129939351,-3377.299114733596,5374.710622069009,-3397.323744196602
3002,75,300134781156664075934110474580191478049,0.00023820867079561692,3,L4_5_IT,5369.484129939351,-3377.299114733596,5352.022720289111,-3411.8691306773994
2626,75,104992503200761093134034073696813050482,0.00023820867079561692,3,L6_CT,5369.484129939351,-3377.299114733596,5372.900073687168,-3345.0105509285927
3401,75,102870537692237395622163702944556475667,0.00023820867079561692,3,L6_CT,5369.484129939351,-3377.299114733596,5356.426345650202,-3328.9655165469176
59,75,66151916089489357851015861232835484004,0.00023820867079561692,3,L2_3_IT,5369.484129939351,-3377.299114733596,5391.360888001275,-3403.3266313184704
453,76,65934511827859014809547906712463289643,0.00023820867079561692,1,Sncg,3769.484129939351,-3277.299114733596,3754.1834119329183,-3272.035563138435
171,76,299917445789610221023344198803398662077,0.00023820867079561692,1,Vip,3769.484129939351,-3277.299114733596,3755.955178449546,-3276.3392865046794
99,76,291688959246406057253376661228179476430,0.00023820867079561692,1,Lamp5,3769.484129939351,-3277.299114733596,3762.8725561531105,-3283.4840298518984
476,76,61509507386163002470307043911534348995,0.00023820867079561692,1,Lamp5,3769.484129939351,-3277.299114733596,3755.739460394541,-3286.685756992219
1006,76,250802555995983050415745808419954516418,0.00023820867079561692,1,L5_IT,3769.484129939351,-3277.299114733596,3818.6700427666397,-3267.9509371807485
177,77,260487463081844479686442999177297818900,0.00023820867079561692,1,L2_3_IT,3869.484129939351,-3277.299114733596,3901.8175129071537,-3246.933515779898
883,77,296097084252264129732412965046926632434,0.00023820867079561692,1,Vip,3869.484129939351,-3277.299114733596,3821.9139055262094,-3292.9105270174528
1512,77,208401036963732372616311598620971426200,0.00023820867079561692,1,Vip,3869.484129939351,-3277.299114733596,3838.146405655043,-3307.1342510241116
1872,77,139681088223189351988356093122697372855,0.00023820867079561692,1,Vip,3869.484129939351,-3277.299114733596,3894.136768129604,-3271.7668749716204
1039,77,204551298559904814376901700996851434704,0.00023820867079561692,1,L2_3_IT,3869.484129939351,-3277.299114733596,3891.4060574787773,-3267.75040487489
3753,78,56119389863602940432023293698269854296,0.00023820867079561692,4,L5_ET,3969.484129939351,-3277.299114733596,3984.4947099388437,-3294.0806768576913
504,78,330647656899991482525139806464133169756,0.00023820867079561692,4,Sst,3969.484129939351,-3277.299114733596,3933.2343995291126,-3242.7650809495412
506,78,229096218540488130450606121565233995112,0.00023820867079561692,4,Sst,3969.484129939351,-3277.299114733596,3976.9513473624534,-3268.572677265017
508,78,174468979632680426729428247510570703677,0.00023820867079561692,4,L6_CT,3969.484129939351,-3277.299114733596,4005.2348687919184,-3280.136276459381
1249,78,163203005756551159184045162471167638296,0.00023820867079561692,4,L6_IT,3969.484129939351,-3277.299114733596,3947.5053240744305,-3300.940862136347
1712,79,59287452538059125458697747291078082130,0.00023820867079561692,2,L2_3_IT,4069.484129939351,-3277.299114733596,4094.6437456270173,-3260.4526081066424
853,79,263577140480852842754482988765395125288,0.00023820867079561692,2,L4_5_IT,4069.484129939351,-3277.299114733596,4119.522838186069,-3278.963482845849
2758,79,88084063613755703710375260080660967787,0.00023820867079561692,2,L5_IT,4069.484129939351,-3277.299114733596,4066.4726120700425,-3286.924035338349
2027,79,50608258750168196683967492236859076650,0.00023820867079561692,2,L6_CT,4069.484129939351,-3277.299114733596,4036.0706680414346,-3281.0965207448453
784,79,320063166893321119084936091144335976914,0.00023820867079561692,2,Lamp5,4069.484129939351,-3277.299114733596,4030.710785772201,-3279.058926632299
882,8,5783568765776184103290668291015590634,0.00023820867079561692,1,Astro,4169.484129939351,-3777.299114733596,4158.75452741327,-3728.395964795729
268,8,218408858856444223754439728627129090285,0.00023820867079561692,1,Endo,4169.484129939351,-3777.299114733596,4189.546592160725,-3798.0337070467367
433,8,56882086705467774678789323234060261116,0.00023820867079561692,1,OPC,4169.484129939351,-3777.299114733596,4198.429457048761,-3761.716161595788
315,8,201119487970661791162504602907912475175,0.00023820867079561692,1,Peri,4169.484129939351,-3777.299114733596,4158.936745390401,-3805.0058756947515
450,8,5246716211959196357140305518439740328,0.00023820867079561692,1,Endo,4169.484129939351,-3777.299114733596,4141.753327683622,-3793.343864534975
1405,80,318363192350807476820874015862133620773,0.00023820867079561692,3,L2_3_IT,4169.484129939351,-3277.299114733596,4176.915630987988,-3257.6559792305106
1677,80,216455222976044054568755217022953665694,0.00023820867079561692,3,L2_3_IT,4169.484129939351,-3277.299114733596,4211.0613418547655,-3305.1913698154995
11,80,22956951301198329479726547774957937881,0.00023820867079561692,3,L4_5_IT,4169.484129939351,-3277.299114733596,4178.096974155714,-3281.4924145326904
512,80,123903853436011138112397597154424461780,0.00023820867079561692,3,L4_5_IT,4169.484129939351,-3277.299114733596,4153.869596371045,-3269.8686006786356
623,80,306020601254924488867686139206180379663,0.00023820867079561692,3,L4_5_IT,4169.484129939351,-3277.299114733596,4127.477106327211,-3272.2872094106565
1818,81,212105498307285084783625753670942010459,0.00023820867079561692,2,Astro,4269.484129939351,-3277.299114733596,4225.003816166991,-3277.028492517743
1312,81,76804826178895157471957702093152352082,0.00023820867079561692,2,L4_5_IT,4269.484129939351,-3277.299114733596,4239.091590390517,-3237.5129866989937
495,81,27235076320142939777201454485685753284,0.00023820867079561692,2,Pvalb,4269.484129939351,-3277.299114733596,4278.8752501678355,-3279.5894441020287
661,81,2144325761571881969149706548926526739,0.00023820867079561692,2,Pvalb,4269.484129939351,-3277.299114733596,4312.171547438953,-3296.06726405966
1271,81,246318231456112102588719807114827366549,0.00023820867079561692,2,Pvalb,4269.484129939351,-3277.299114733596,4292.27844553248,-3296.2973862895656
1351,82,73131895259530470997969648522837785775,0.00023820867079561692,3,L4_5_IT,4369.484129939351,-3277.299114733596,4328.215969342853,-3248.9516039928835
406,82,45120978013317060835382029989090649274,0.00023820867079561692,3,L5_ET,4369.484129939351,-3277.299114733596,4388.257359235412,-3289.4634992495903
596,82,33661859126410898898945582818456453583,0.00023820867079561692,3,L6_CT,4369.484129939351,-3277.299114733596,4395.17061587478,-3282.895027343226
1695,82,256225141694472730823956396622881139658,0.00023820867079561692,3,L6_CT,4369.484129939351,-3277.299114733596,4360.527500400398,-3285.859113882905
2030,82,11912971989406466443825455052738830019,0.00023820867079561692,3,L6_CT,4369.484129939351,-3277.299114733596,4375.249204843298,-3279.3263291993712
340,83,210115444828658049942673924377734749887,0.00023820867079561692,2,L5_ET,4469.484129939351,-3277.299114733596,4500.447256981047,-3263.544291631437
402,83,240463675622543716763000427601542793569,0.00023820867079561692,2,L5_ET,4469.484129939351,-3277.299114733596,4475.791918482552,-3271.001167028296
919,83,83875671317225851252029500465398783885,0.00023820867079561692,2,Sst,4469.484129939351,-3277.299114733596,4423.815185216533,-3274.854600764177
62,83,13226946188640165856735244720631591667,0.00023820867079561692,2,L4_5_IT,4469.484129939351,-3277.299114733596,4497.880298309829,-3318.533809665033
719,83,66475461732550250902072875320969739562,0.00023820867079561692,2,L5_ET,4469.484129939351,-3277.299114733596,4449.48599070687,-3258.561704579048
246,84,267982373376885475342999886587117811519,0.00023820867079561692,1,Endo,4569.484129939351,-3277.299114733596,4537.158447797132,-3239.0670245703127
443,84,278352434919535694883769213280126305523,0.00023820867079561692,1,L5_6_NP,4569.484129939351,-3277.299114733596,4588.232986340232,-3314.604495042548
3460,84,26121303167210242649417819738574001023,0.00023820867079561692,1,L5_6_NP,4569.484129939351,-3277.299114733596,4595.222294531438,-3289.7897126578287
507,84,24437704143455627899947146553456351161,0.00023820867079561692,1,L5_ET,4569.484129939351,-3277.299114733596,4558.209538405886,-3275.4298304419794
1805,84,225917013557515416388145162193143768595,0.00023820867079561692,1,L5_ET,4569.484129939351,-3277.299114733596,4568.597382622081,-3267.6045109552924
996,85,11646532548157018745018409254212479212,0.00023820867079561692,3,L2_3_IT,4669.484129939351,-3277.299114733596,4676.889053793721,-3284.369838156725
792,85,260091372934275855837706633209055206667,0.00023820867079561692,3,L6_IT,4669.484129939351,-3277.299114733596,4651.211513211957,-3308.4508816523107
1191,85,285930780681811551610524228425086364810,0.00023820867079561692,3,L2_3_IT,4669.484129939351,-3277.299114733596,4667.672804436603,-3227.2655105846216
1283,85,236798361316688162996812461031145317154,0.00023820867079561692,3,L2_3_IT,4669.484129939351,-3277.299114733596,4689.670574161836,-3277.3413962368654
1808,85,42483029353463608217094827228587817262,0.00023820867079561692,3,L2_3_IT,4669.484129939351,-3277.299114733596,4661.976704092654,-3289.0679470374553
1880,86,265898121795978774265760484978635703557,0.00023820867079561692,1,Lamp5,4769.484129939351,-3277.299114733596,4719.693074158448,-3282.542511384261
851,86,132153595056912045534790010739408635052,0.00023820867079561692,1,Pvalb,4769.484129939351,-3277.299114733596,4776.334982757943,-3266.8162197032384
657,86,75190986565639661786173562525479263538,0.00023820867079561692,1,OPC,4769.484129939351,-3277.299114733596,4778.768217766157,-3241.6045095848585
1098,86,134096677038907797358265218772819095536,0.00023820867079561692,1,L5_6_NP,4769.484129939351,-3277.299114733596,4803.857005072238,-3290.4802859329234
1445,86,308178943353630952405472736921986696675,0.00023820867079561692,1,L5_6_NP,4769.484129939351,-3277.299114733596,4768.7673699419565,-3305.0520470626966
1966,87,179881338892530697019508932296846891015,0.00023820867079561692,4,L5_ET,4869.484129939351,-3277.299114733596,4863.067239786305,-3252.994305857986
162,87,110329557137328021474077787977707872221,0.00023820867079561692,4,L6_CT,4869.484129939351,-3277.299114733596,4863.99676735589,-3268.06882320969
108,87,50211849200828151729229930154161940190,0.00023820867079561692,4,L5_6_NP,4869.484129939351,-3277.299114733596,4880.576180624481,-3326.121331559665
618,87,239869706692212371337434540226025928884,0.00023820867079561692,4,L6_CT,4869.484129939351,-3277.299114733596,4875.840017359996,-3278.827422108639
791,87,138109687274017997671992725780890907246,0.00023820867079561692,4,L6_CT,4869.484129939351,-3277.299114733596,4863.9404445700675,-3260.483690931997
2901,88,24805350986174046791183298909094862578,0.00023820867079561692,1,L6_IT_Car3,4969.484129939351,-3277.299114733596,4989.020430640994,-3294.9551572066703
3243,88,142134651808197732711993456089743296429,0.00023820867079561692,1,L6_IT_Car3,4969.484129939351,-3277.299114733596,4982.583518013985,-3258.695058708152
1192,88,91247351785016170352500560122467898330,0.00023820867079561692,1,Pvalb,4969.484129939351,-3277.299114733596,4958.694415441411,-3300.9185402505295
70,88,233595952532013976977922718191005235328,0.00023820867079561692,1,L2_3_IT,4969.484129939351,-3277.299114733596,4994.558997666837,-3237.161248358433
1082,88,328702738589290794391086459068111122296,0.00023820867079561692,1,SMC,4969.484129939351,-3277.299114733596,4922.563287933525,-3294.765569144195
290,89,39079481306161504183302457030506463284,0.00023820867079561692,3,L6_CT,5069.484129939351,-3277.299114733596,5095.612622581382,-3296.484239545313
479,89,269001250244577924130471180673245005096,0.00023820867079561692,3,L6_CT,5069.484129939351,-3277.299114733596,5072.444542714206,-3293.432877628106
671,89,296624604018443431974649194757264945132,0.00023820867079561692,3,L6_CT,5069.484129939351,-3277.299114733596,5101.219610160424,-3245.7403071989665
1458,89,225544501205292915195021777220066993953,0.00023820867079561692,3,L6_IT,5069.484129939351,-3277.299114733596,5049.400406173868,-3244.43850339149
665,89,49890306820383459883601426857176729295,0.00023820867079561692,3,L5_IT,5069.484129939351,-3277.299114733596,5028.743468066875,-3306.399645904105
2988,9,214295659253263392555999486908176991625,0.00023820867079561692,2,Endo,4369.484129939351,-3777.299114733596,4388.471167087731,-3807.8916424859885
3795,9,169053185044226079144966400920048818458,0.00023820867079561692,2,Endo,4369.484129939351,-3777.299114733596,4403.432015807972,-3793.5149962446276
888,9,108994371364937615578426176957915465926,0.00023820867079561692,2,L2_3_IT,4369.484129939351,-3777.299114733596,4360.750685034406,-3755.0696477040055
1005,9,333843123404663149390958461406916119423,0.00023820867079561692,2,L5_IT,4369.484129939351,-3777.299114733596,4358.526433022415,-3790.15669819412
1022,9,51254050610537451552122151709428991765,0.00023820867079561692,2,L4_5_IT,4369.484129939351,-3777.299114733596,4336.2403487442325,-3739.862589039239
286,90,92727352091027365915665486993686853076,0.00023820867079561692,4,L5_6_NP,5169.484129939351,-3277.299114733596,5214.136646719261,-3270.0316002828527
2285,90,20908184038415861148371223804129126705,0.00023820867079561692,4,L5_6_NP,5169.484129939351,-3277.299114733596,5175.002660635705,-3227.5378018171687
2211,90,242672293992217987263489363454953556624,0.00023820867079561692,4,L5_ET,5169.484129939351,-3277.299114733596,5149.657430519237,-3317.466675168911
3515,90,242739817030015755836987459247747537740,0.00023820867079561692,4,L5_ET,5169.484129939351,-3277.299114733596,5165.47610396372,-3310.5567432246403
0,90,95151643681882876381063140536507572719,0.00023820867079561692,4,L6_CT,5169.484129939351,-3277.299114733596,5143.147807858822,-3260.9027531744127
154,91,2626387249473878009634533700900985132,0.00023820867079561692,1,Peri,5269.484129939351,-3277.299114733596,5219.5101736784845,-3274.258368139387
569,91,57345633717857931032282976288713332923,0.00023820867079561692,1,Peri,5269.484129939351,-3277.299114733596,5289.749602663185,-3284.982603721396
1203,91,274434342849752946460237106665651505862,0.00023820867079561692,1,Peri,5269.484129939351,-3277.299114733596,5300.292003473425,-3299.0296368279955
1345,91,256485092091888796053575683505454660494,0.00023820867079561692,1,L6_CT,5269.484129939351,-3277.299114733596,5289.927340845369,-3262.3660996551216
1384,91,99702068459277783182220371956699162352,0.00023820867079561692,1,L5_ET,5269.484129939351,-3277.299114733596,5247.941529036299,-3265.8588653240763
58,92,273563748299673577879677377106205408736,0.00023820867079561692,4,L6_CT,5369.484129939351,-3277.299114733596,5361.4839258548345,-3273.7270680228316
143,92,200792426705393496475825558774636708129,0.00023820867079561692,4,L6_CT,5369.484129939351,-3277.299114733596,5364.533908040474,-3261.3103000072
304,92,258165749640073160110849297625434384990,0.00023820867079561692,4,L6_CT,5369.484129939351,-3277.299114733596,5398.574082063293,-3273.2382553592383
860,92,316091570557215704463804098686404832693,0.00023820867079561692,4,L6_CT,5369.484129939351,-3277.299114733596,5338.103269638926,-3253.230750860319
2189,92,264445019609906964141328401319480085321,0.00023820867079561692,4,L6_CT,5369.484129939351,-3277.299114733596,5384.725464099246,-3324.9891994183567
1083,93,134219128257564111901502299111026605508,0.00023820867079561692,1,Astro,3769.484129939351,-3177.299114733596,3746.018201571807,-3159.70090791444
2082,93,40893033754415771974914137276723100500,0.00023820867079561692,1,Astro,3769.484129939351,-3177.299114733596,3784.39064648979,-3208.72148963295
110,93,60550597961088498464038794645886511078,0.00023820867079561692,1,L2_3_IT,3769.484129939351,-3177.299114733596,3816.077784191731,-3195.6205182721596
320,93,252295184058536701947426006070567618851,0.00023820867079561692,1,Endo,3769.484129939351,-3177.299114733596,3745.527017704002,-3167.936133634686
608,93,15535186643760313436924752056859048793,0.00023820867079561692,1,Endo,3769.484129939351,-3177.299114733596,3755.4069997394267,-3154.5165242137477
51,94,335621410636869919515921628770220309768,0.00023820867079561692,2,L2_3_IT,3869.484129939351,-3177.299114733596,3886.894782017084,-3162.7353015165786
3675,94,322120815124313545723217559574299309180,0.00023820867079561692,2,L2_3_IT,3869.484129939351,-3177.299114733596,3864.2871875369487,-3155.248695974255
964,94,170928492876181032297626656986148336784,0.00023820867079561692,2,L4_5_IT,3869.484129939351,-3177.299114733596,3889.27932648895,-3169.1284037733803
924,94,33166114168583182681174519809116681527,0.00023820867079561692,2,L6_IT,3869.484129939351,-3177.299114733596,3887.4525897334147,-3219.099877712992
3715,94,171621845615004118876245751164072392414,0.00023820867079561692,2,VLMC,3869.484129939351,-3177.299114733596,3819.506763920358,-3180.2832946907743
693,95,259530709553628451855015711706154177428,0.00023820867079561692,1,Endo,3969.484129939351,-3177.299114733596,3995.9746134384395,-3165.5791500307964
807,95,182055276160108642892943548356110689417,0.00023820867079561692,1,Endo,3969.484129939351,-3177.299114733596,3999.2255546554525,-3165.529899971737
1749,95,111938728686679002702930544368720196742,0.00023820867079561692,1,Endo,3969.484129939351,-3177.299114733596,3970.2672261774987,-3172.976325650685
2252,95,164367049104128100941352587882159430018,0.00023820867079561692,1,Endo,3969.484129939351,-3177.299114733596,3927.6574214877573,-3204.8158170127317
1029,95,32361680079831708014295752060101704434,0.00023820867079561692,1,Astro,3969.484129939351,-3177.299114733596,3954.2958339376178,-3177.594381002027
490,96,124213766751185189169263477806296981088,0.00023820867079561692,2,Astro,4069.484129939351,-3177.299114733596,4028.2708935771475,-3169.8270290777996
1988,96,116983241286801700543547386877475573556,0.00023820867079561692,2,Endo,4069.484129939351,-3177.299114733596,4030.603345360544,-3155.552455682032
946,96,249677653937878605000144676145079002201,0.00023820867079561692,2,L4_5_IT,4069.484129939351,-3177.299114733596,4116.600433771555,-3194.231224980244
312,96,50218512965326941403568439882386054031,0.00023820867079561692,2,OPC,4069.484129939351,-3177.299114733596,4066.3627259173795,-3219.897933549922
580,96,272483057807166767226844671163031584350,0.00023820867079561692,2,Astro,4069.484129939351,-3177.299114733596,4105.583251070121,-3146.9869303779847
762,97,67036987577606523668074068250683888716,0.00023820867079561692,1,L2_3_IT,4169.484129939351,-3177.299114733596,4203.239286818363,-3189.9361007298835
855,97,301541690444015626604123284755930262395,0.00023820867079561692,1,L2_3_IT,4169.484129939351,-3177.299114733596,4195.185146371241,-3162.5035872917006
2602,97,176336287059217794177796819520808672860,0.00023820867079561692,1,L2_3_IT,4169.484129939351,-3177.299114733596,4119.515978126903,-3180.4337995122205
3310,97,79958672979505124864633742237969017980,0.00023820867079561692,1,L2_3_IT,4169.484129939351,-3177.299114733596,4127.857683866193,-3154.587424280016
1079,97,247232021509590393590238845424380438783,0.00023820867079561692,1,L4_5_IT,4169.484129939351,-3177.299114733596,4201.62255451397,-3199.034661854127
415,98,292490070617045832373451305767992737084,0.00023820867079561692,1,Endo,4269.484129939351,-3177.299114733596,4291.241672902768,-3154.644431874816
1608,98,175762756878477929017110983900531414670,0.00023820867079561692,1,L6_CT,4269.484129939351,-3177.299114733596,4305.798087462117,-3207.4450917763616
466,98,8554321644276528976306950430821284326,0.00023820867079561692,1,Endo,4269.484129939351,-3177.299114733596,4279.252716703819,-3149.5874865377414
579,98,39601336630107878723871276224115734498,0.00023820867079561692,1,Astro,4269.484129939351,-3177.299114733596,4246.226133295875,-3174.7361293800595
881,98,315063910797697960213882951230705533046,0.00023820867079561692,1,L4_5_IT,4269.484129939351,-3177.299114733596,4224.902039332162,-3200.0824340989902
215,99,252116504921224928818065923339616197567,0.00023820867079561692,1,Astro,4469.484129939351,-3177.299114733596,4473.679549205163,-3173.9152077244935
558,99,309824130800616480100365378778036354860,0.00023820867079561692,1,Astro,4469.484129939351,-3177.299114733596,4455.777523188727,-3171.7157534849034
1879,99,212262462789475096119430843019668859816,0.00023820867079561692,1,Astro,4469.484129939351,-3177.299114733596,4453.01187244747,-3172.24890026918
1209,99,294294635413343287337867510515529700699,0.00023820867079561692,1,SMC,4469.484129939351,-3177.299114733596,4456.319032395881,-3160.1070786713008
560,99,53197244456402641971612893065434142109,0.00023820867079561692,1,L6_CT,4469.484129939351,-3177.299114733596,4508.632672459509,-3208.508633518104
