,spot,cell,value,spot_type,cell_type,x,y,Cell_xcoord,Cell_ycoord
438,0,206575212605417617403255162759832263551,0.00023820867079561695,,Peri,3687.233612344596,-3959.549632328352,3688.645390948989,-3965.8952303110013
1077,0,102961153274706937193126587656972162038,0.00023820867079561695,,VLMC,3687.233612344596,-3959.549632328352,3719.3181833711974,-3934.136026310723
1326,0,196236920726310258956019044811895894614,0.00023820867079561695,,VLMC,3687.233612344596,-3959.549632328352,3694.1451496873733,-3953.0486095608876
612,0,104688916223698180762689830356491784092,0.00023820867079561695,,Peri,3687.233612344596,-3959.549632328352,3687.7503138243474,-3965.813386187601
1078,0,191736474772766694059951363237368894426,0.00023820867079561695,,Peri,3687.233612344596,-3959.549632328352,3646.3090238910845,-3978.854909271541
544,1,29333328774678975103150929140409693923,0.00023820867079561695,,Astro,3777.732577155085,-3959.549632328352,3801.5395723050337,-3953.388978765379
921,1,334952709754252753371888849065341894557,0.00023820867079561695,,Endo,3777.732577155085,-3959.549632328352,3758.488795792818,-3940.290584975298
3762,1,115771809665452235846243557264627690454,0.00023820867079561695,,VLMC,3777.732577155085,-3959.549632328352,3819.143643076405,-3974.348451353049
1828,1,303899320940499226268727646323121961199,0.00023820867079561695,,Astro,3777.732577155085,-3959.549632328352,3776.9899081108792,-3968.8988795984374
2001,1,251488352623926388863286371147603420254,0.00023820867079561695,,Endo,3777.732577155085,-3959.549632328352,3732.500966490279,-3960.821266949601
2708,10,50996008582836640148197127761750979760,0.00023820867079561695,,Astro,4320.726366018023,-3869.0506675178617,4327.163953752339,-3865.362623972143
403,10,313959042986598934470494321653759247587,0.00023820867079561695,,Sst,4320.726366018023,-3869.0506675178617,4309.225429963518,-3890.6913930176656
510,10,299877003245530626678768285245870352206,0.00023820867079561695,,L2_3_IT,4320.726366018023,-3869.0506675178617,4286.158568047213,-3839.8516435377396
901,10,223908599423532678811057473210073613207,0.00023820867079561695,,L6_IT,4320.726366018023,-3869.0506675178617,4356.518300985379,-3871.358979634719
1584,10,100144987682981782100923292757524648699,0.00023820867079561695,,VLMC,4320.726366018023,-3869.0506675178617,4324.565577341687,-3877.9886974270435
567,100,299208212461667167524820228738276132565,0.00023820867079561695,,L2_3_IT,3868.231541965575,-3326.056878654924,3835.34187584323,-3310.743660219035
968,100,116097160640140001460589637490414212513,0.00023820867079561695,,L2_3_IT,3868.231541965575,-3326.056878654924,3876.2133444776805,-3342.545591337439
1165,100,225571422649017567702729601564731523358,0.00023820867079561695,,L2_3_IT,3868.231541965575,-3326.056878654924,3851.915333360173,-3327.6511194373616
1838,100,278399841908703361276780928350735527794,0.00023820867079561695,,L2_3_IT,3868.231541965575,-3326.056878654924,3909.2312759249517,-3306.9117102513064
2261,100,127933119252962776003246307671583250676,0.00023820867079561695,,L2_3_IT,3868.231541965575,-3326.056878654924,3868.4558802218407,-3342.432312029477
551,101,132981648655072408162545066763503520565,0.00023820867079561695,,L4_5_IT,3958.730506776065,-3326.056878654924,3974.9239176619767,-3283.80419706165
1941,101,90280107426579611144250834141528828881,0.00023820867079561695,,L6b,3958.730506776065,-3326.056878654924,3970.897755870358,-3336.4039199340004
575,101,33166114168583182681174519809116681527,0.00023820867079561695,,L6_IT,3958.730506776065,-3326.056878654924,3958.810847024299,-3342.5963880698564
753,101,7170742652756561642694696003669506753,0.00023820867079561695,,L4_5_IT,3958.730506776065,-3326.056878654924,3939.7337835790836,-3334.134290764935
863,101,35713134404527003130219799452616898640,0.00023820867079561695,,L4_5_IT,3958.730506776065,-3326.056878654924,3949.28622974461,-3333.3455974441636
1931,102,124232951662982208680814357459370963705,0.00023820867079561695,,Lamp5,4049.2294715865546,-3326.056878654924,4051.2594275571632,-3303.0077674086288
2533,102,326797128327419538492114812253511441375,0.00023820867079561695,,Lamp5,4049.2294715865546,-3326.056878654924,4010.7641204621636,-3326.3497307463545
1064,102,76879498597286780847218416558819915748,0.00023820867079561695,,L5_6_NP,4049.2294715865546,-3326.056878654924,4036.471260321422,-3338.920730533945
2152,102,62968170056325147305963230427382873349,0.00023820867079561695,,Oligo,4049.2294715865546,-3326.056878654924,4085.1875148796903,-3353.525675142421
4042,102,308903571677510544246112853210892867198,0.00019101638695874862,,Lamp5,4049.2294715865546,-3326.056878654924,4062.465034712338,-3308.48048944327
2428,103,280799531065188165564913114718390399883,0.00023820867079561695,,L5_ET,4139.728436397044,-3326.056878654924,4123.062303440019,-3304.996614283629
3183,103,190488554161497701019188903422175044566,0.00023820867079561695,,L6_CT,4139.728436397044,-3326.056878654924,4150.986478042236,-3359.0442258933626
268,103,53102869902203284919209444725957205964,0.00023820867079561695,,OPC,4139.728436397044,-3326.056878654924,4122.753298540555,-3284.1121489180937
2026,103,117368163771522761170733739457521215401,0.00023820867079561695,,OPC,4139.728436397044,-3326.056878654924,4152.99523351989,-3322.998072447137
186,103,266862022451937249509589172754193405261,0.00023820867079561695,,VLMC,4139.728436397044,-3326.056878654924,4148.844868442516,-3359.1333317324024
3289,104,214002853650723325809852089767045093440,0.00023820867079561695,,Sncg,4230.227401207534,-3326.056878654924,4242.602059763814,-3304.8280179902754
43,104,332208464942581156577778916408272794893,0.00023820867079561695,,Sst,4230.227401207534,-3326.056878654924,4229.294874647661,-3293.5684542884583
220,104,211576623229344465767888225531869419422,0.00023820867079561695,,Vip,4230.227401207534,-3326.056878654924,4263.5471289883,-3310.1196287306648
610,104,48934629902193695309650854816127258132,0.00023820867079561695,,Endo,4230.227401207534,-3326.056878654924,4212.117183836241,-3359.143591484672
730,104,317534203769435172772759844149231721682,0.00023820867079561695,,Vip,4230.227401207534,-3326.056878654924,4203.575758801654,-3362.6247007805528
597,105,321770350211376037913432385851114861773,0.00023820867079561695,,L4_5_IT,4320.726366018023,-3326.056878654924,4284.967608885173,-3353.7846074882846
952,105,303490383180667065330166394480332568507,0.00023820867079561695,,L4_5_IT,4320.726366018023,-3326.056878654924,4316.644715837397,-3306.930872423881
314,105,312577103238715024230892866171153819411,0.00023820867079561695,,L5_IT,4320.726366018023,-3326.056878654924,4312.942321227038,-3330.9878179982384
2120,105,51808600815793388536818853921356527631,0.00023820867079561695,,L5_IT,4320.726366018023,-3326.056878654924,4355.584765715638,-3320.46911059567
2351,105,34569022309266435079977652190840907586,0.00023820867079561695,,L5_IT,4320.726366018023,-3326.056878654924,4333.492418424915,-3318.1119847685673
3642,106,320006507451111303691289940459921788406,0.00023820867079561695,,L5_IT,4411.2253308285135,-3326.056878654924,4407.553863645815,-3326.7992618889803
3727,106,46856761343796126296200960024518081575,0.00023820867079561695,,L5_IT,4411.2253308285135,-3326.056878654924,4416.347560168755,-3305.442205037292
2891,106,88033232737921621944592743287489192313,0.00023820867079561695,,L6_IT,4411.2253308285135,-3326.056878654924,4383.347139108596,-3325.7798247478095
109,106,33953078841341692724328947948092749169,0.00023820867079561695,,L4_5_IT,4411.2253308285135,-3326.056878654924,4396.152042602515,-3364.2396940753997
229,106,28297407995708696957634693540514139774,0.00023820867079561695,,L2_3_IT,4411.2253308285135,-3326.056878654924,4452.726048616928,-3308.0234075251346
1113,107,53198251420468685673461895252529300582,0.00023820867079561695,,OPC,4501.724295639003,-3326.056878654924,4526.742975351466,-3360.965524489728
868,107,195956357458721458006178520316271772578,0.00023820867079561695,,Peri,4501.724295639003,-3326.056878654924,4525.379390493892,-3362.8291273965156
1405,107,157776863373208886948607501985392252681,0.00023820867079561695,,Sst,4501.724295639003,-3326.056878654924,4519.0233259253,-3308.4580281097615
83,107,207587095599700590747410972254990085129,0.00023820867079561695,,L6_IT,4501.724295639003,-3326.056878654924,4467.543494468835,-3296.4057658712863
389,107,50280593810005486681834027688063666078,0.00023820867079561695,,L6_IT,4501.724295639003,-3326.056878654924,4469.932291955528,-3301.625947407327
2161,108,30402638718851878992440171358819598728,0.00023820867079561695,,L5_ET,4592.223260449493,-3326.056878654924,4594.256975893565,-3361.5558374760994
26,108,167226945295349989253022656704202433867,0.00023820867079561695,,L4_5_IT,4592.223260449493,-3326.056878654924,4567.7157173466085,-3291.416051175287
997,108,63918060447118924449826127209498767994,0.00023820867079561695,,L4_5_IT,4592.223260449493,-3326.056878654924,4583.385061386304,-3297.299120515744
1528,108,134549613688011130340336375864965464628,0.00023820867079561695,,Lamp5,4592.223260449493,-3326.056878654924,4603.226502430806,-3369.9481571034175
1871,108,194162801828169364471134383154880400145,0.00023820867079561695,,L5_IT,4592.223260449493,-3326.056878654924,4612.532045190172,-3310.0652270040728
1667,109,90972413628001039557221001523069065268,0.00023820867079561695,,L4_5_IT,4682.722225259982,-3326.056878654924,4701.565940433591,-3339.7567609013004
3018,109,67601860561699900803648840492934141638,0.00023820867079561695,,L4_5_IT,4682.722225259982,-3326.056878654924,4694.581320687791,-3314.0488445201495
541,109,198148579541746598743357569353370756878,0.00023820867079561695,,L6_CT,4682.722225259982,-3326.056878654924,4699.63414095961,-3298.7825063477
582,109,315123468372886949294513383353368942585,0.00023820867079561695,,L5_ET,4682.722225259982,-3326.056878654924,4677.5003704777055,-3335.816631211657
1164,109,188911274573611637935164471142571415485,0.00023820867079561695,,L2_3_IT,4682.722225259982,-3326.056878654924,4640.329353741221,-3341.8796502938103
486,11,76429852182908108751869651522278521266,0.00023820867079561695,,Astro,4411.2253308285135,-3869.0506675178617,4401.034425883722,-3872.320257111215
3365,11,56994687519134775655013711391194196586,0.00023820867079561695,,Astro,4411.2253308285135,-3869.0506675178617,4391.943493194992,-3871.489634054483
461,11,280503178067119983492246621615607033189,0.00023820867079561695,,Endo,4411.2253308285135,-3869.0506675178617,4403.879962868427,-3886.3598615123587
665,11,222286271824697744492177845371915210635,0.00023820867079561695,,Endo,4411.2253308285135,-3869.0506675178617,4417.233347454451,-3879.1728294489126
3583,11,186383465974421405692671844642841829774,0.00023820867079561695,,L2_3_IT,4411.2253308285135,-3869.0506675178617,4442.035424740971,-3835.9107554623342
3191,110,48927897805270154282775529324529899147,0.00023820867079561695,,L4_5_IT,4773.221190070472,-3326.056878654924,4736.806856772999,-3317.179574032235
550,110,30892011602199098328549435272220997437,0.00023820867079561695,,L5_ET,4773.221190070472,-3326.056878654924,4772.929029597938,-3316.2116580084244
858,110,115405697012975582255642143277709310510,0.00023820867079561695,,L5_ET,4773.221190070472,-3326.056878654924,4781.079837842545,-3325.920563271688
2339,110,313513520888080967354677858400872053964,0.00023820867079561695,,L5_IT,4773.221190070472,-3326.056878654924,4756.914866177597,-3341.9803148353876
255,110,69143009763279217993445375020222064374,0.00023820867079561695,,L5_6_NP,4773.221190070472,-3326.056878654924,4818.375359961287,-3328.992283126873
951,111,15541126250602431839340203182707519720,0.00023820867079561695,,Astro,4863.720154880962,-3326.056878654924,4822.221775925253,-3344.0957312235028
824,111,6235855280358888845448613902660555392,0.00023820867079561695,,L6_CT,4863.720154880962,-3326.056878654924,4875.779431323306,-3304.7196560336056
1973,111,214373110457255291585745313311637740499,0.00023820867079561695,,L6_CT,4863.720154880962,-3326.056878654924,4876.180445721688,-3308.0129047542564
511,111,60360692812905478934113205912882497239,0.00023820867079561695,,L6_IT,4863.720154880962,-3326.056878654924,4868.073555233603,-3369.1072652435596
3206,111,311182554525636902161060227405440960025,0.00023820867079561695,,L6_CT,4863.720154880962,-3326.056878654924,4876.345566200954,-3304.34883601969
249,112,241904322454415214963462888552073833779,0.00023820867079561695,,L6_CT,4954.219119691452,-3326.056878654924,4958.89822369194,-3281.049972032771
1374,112,306135623527361887007677401423819982935,0.00023820867079561695,,L6_IT_Car3,4954.219119691452,-3326.056878654924,4931.237840560575,-3349.653792746256
1536,112,5323685214300154986380418259871027495,0.00023820867079561695,,L5_IT,4954.219119691452,-3326.056878654924,4973.234731961074,-3321.2983709318373
2410,112,307379159966975957698001876075669748712,0.00023820867079561695,,L5_IT,4954.219119691452,-3326.056878654924,4956.80081224731,-3338.650600450292
2841,112,40864215757036182758767523690698407035,0.00023820867079561695,,L6_IT,4954.219119691452,-3326.056878654924,4950.923989996354,-3339.631657113461
108,113,335643138351435797935472376112297181384,0.00023820867079561695,,L5_IT,5044.718084501941,-3326.056878654924,5064.781393363247,-3335.0998820290806
252,113,177893981711806573681871134252202831822,0.00023820867079561695,,L5_IT,5044.718084501941,-3326.056878654924,5038.30525708476,-3329.230397613064
56,113,119192589181742676847292861424552790395,0.00023820867079561695,,L6_IT,5044.718084501941,-3326.056878654924,5019.900325785544,-3323.485424558418
595,113,43168863453575150092481356291077752690,0.00023820867079561695,,L5_IT,5044.718084501941,-3326.056878654924,5089.463334232358,-3332.793219242005
1464,113,233947640191834885986481604772351681180,0.00023820867079561695,,L6_IT,5044.718084501941,-3326.056878654924,5011.1401120437895,-3309.675469832052
721,114,98080453667286948441363111266814045680,0.00023820867079561695,,L5_ET,5135.21704931243,-3326.056878654924,5131.970328616315,-3322.383099328019
2321,114,97687889020088861806045271787899800178,0.00023820867079561695,,L5_ET,5135.21704931243,-3326.056878654924,5123.8270866546945,-3326.9537782179623
1844,114,91504319865829847560997510769699446617,0.00023820867079561695,,OPC,5135.21704931243,-3326.056878654924,5180.320658660235,-3329.6873168851143
660,114,119091361988120994390285975375655193520,0.00023820867079561695,,L5_IT,5135.21704931243,-3326.056878654924,5114.075924770297,-3326.03268579124
2353,114,121683842169379476994977231025023883323,0.00023820867079561695,,L5_ET,5135.21704931243,-3326.056878654924,5125.891247860611,-3325.227513052288
177,115,73631212473274467332202774110416577451,0.00023820867079561695,,Endo,5225.716014122921,-3326.056878654924,5212.835961168177,-3324.616355966151
791,115,124786785583974390716060308010417960540,0.00023820867079561695,,Endo,5225.716014122921,-3326.056878654924,5226.715336389639,-3321.3064196902587
301,115,186945370494058825054596224771835493362,0.00023820867079561695,,Micro,5225.716014122921,-3326.056878654924,5221.722894690997,-3280.983930502568
801,115,5783568765776184103290668291015590634,0.00023820867079561695,,Astro,5225.716014122921,-3326.056878654924,5228.525626118885,-3366.9303948994743
1605,115,165913852658802808322629804080781629887,0.00023820867079561695,,Endo,5225.716014122921,-3326.056878654924,5238.780252246919,-3336.4472922161503
474,116,276328520180971028159894292041083195210,0.00023820867079561695,,L5_IT,5316.214978933411,-3326.056878654924,5346.49409896474,-3313.9380585173285
1318,116,183982103708335070153125393031451539762,0.00023820867079561695,,Sst,5316.214978933411,-3326.056878654924,5324.268671748872,-3319.8389876699607
1296,116,320487553533726706766051393348848472219,0.00023820867079561695,,L5_ET,5316.214978933411,-3326.056878654924,5324.304231983281,-3342.550328198897
1447,116,308178943353630952405472736921986696675,0.00023820867079561695,,L5_6_NP,5316.214978933411,-3326.056878654924,5300.139516630217,-3361.464992509128
1697,116,57649356934609308165063085376432594981,0.00023820867079561695,,L6_IT,5316.214978933411,-3326.056878654924,5285.868375339942,-3292.4920263793156
3076,117,119148581944526785023106517533595723307,0.00023820867079561695,,L4_5_IT,5406.7139437439,-3326.056878654924,5402.024292586142,-3281.051069808053
443,117,150545603145631256867174203963228198496,0.00023820867079561695,,Sst,5406.7139437439,-3326.056878654924,5439.066760415733,-3353.22375150455
286,117,333964878271387050559510441946593592970,0.00023820867079561695,,L6_IT,5406.7139437439,-3326.056878654924,5395.591151718526,-3320.5599994806535
413,117,159584741646485200126598075678142167166,0.00023820867079561695,,L5_IT,5406.7139437439,-3326.056878654924,5412.688720764008,-3320.2672286012307
1771,117,97229695532470480472812269588202738787,0.00023820867079561695,,Sst,5406.7139437439,-3326.056878654924,5384.1987932350785,-3355.1823438801143
905,118,119789506044598118478763760927525501007,0.00023820867079561695,,Astro,3687.233612344596,-3235.5579138444336,3676.0400284318894,-3232.6079075583607
1345,118,338296331810737666821987253948767403091,0.00023820867079561695,,Astro,3687.233612344596,-3235.5579138444336,3674.9831225739676,-3235.381810359241
3539,118,213484649979974815966705742261535741395,0.00023820867079561695,,Micro,3687.233612344596,-3235.5579138444336,3682.47495450032,-3223.8080311287085
771,118,250431336411276775221785699759986041969,0.00023820867079561695,,L2_3_IT,3687.233612344596,-3235.5579138444336,3723.7074231742213,-3262.3380703321627
2180,118,248675424337312573957106441778100430944,0.00023820867079561695,,Astro,3687.233612344596,-3235.5579138444336,3678.9625330425833,-3223.6537498436983
1151,119,33112120014918058977539853806499033282,0.00023820867079561695,,L2_3_IT,3777.732577155085,-3235.5579138444336,3806.7968341363185,-3230.829270274389
1169,119,174711466812227443758483819881247724615,0.00023820867079561695,,L2_3_IT,3777.732577155085,-3235.5579138444336,3734.8064763179345,-3249.8710380617854
1262,119,7992021029505778932260382182604828495,0.00023820867079561695,,L2_3_IT,3777.732577155085,-3235.5579138444336,3793.5821027313186,-3214.841506725963
1289,119,121641932357974465919283625648163466105,0.00023820867079561695,,L2_3_IT,3777.732577155085,-3235.5579138444336,3779.3564073034677,-3230.896255562963
1350,119,32080288945540461163094291284245815131,0.00023820867079561695,,L2_3_IT,3777.732577155085,-3235.5579138444336,3774.1210652863797,-3251.3514985970683
3749,12,226776730500243507908135975184942583712,0.00023820867079561695,,L5_6_NP,3868.231541965575,-3778.551702707372,3885.698718218757,-3772.393337384376
350,12,199222328444745757138217208151849390007,0.00023820867079561695,,VLMC,3868.231541965575,-3778.551702707372,3829.6971881990316,-3802.2712987776554
248,12,157746453950983265557262119626916652525,0.00023820867079561695,,L6_CT,3868.231541965575,-3778.551702707372,3870.817691908229,-3770.500364143245
709,12,127256056688670489653732811199995752975,0.00023820867079561695,,L4_5_IT,3868.231541965575,-3778.551702707372,3890.0876659501682,-3774.4264940257485
2229,12,283365647712463811098410645903600366397,0.00023820867079561695,,L6_CT,3868.231541965575,-3778.551702707372,3864.8564455516903,-3773.1670192058327
18,120,80475293898218445587400235442067458903,0.00023820867079561695,,L2_3_IT,3868.231541965575,-3235.5579138444336,3823.1789752049413,-3239.7747712312985
870,120,304384338816206816077683744529143206031,0.00023820867079561695,,L5_IT,3868.231541965575,-3235.5579138444336,3906.6115358836933,-3225.797790525105
645,120,131762225449722135497317387470642051409,0.00023820867079561695,,L2_3_IT,3868.231541965575,-3235.5579138444336,3834.3192533157985,-3246.2460914192834
1516,120,42211563631087789430058017520010608177,0.00023820867079561695,,L4_5_IT,3868.231541965575,-3235.5579138444336,3909.389800183502,-3221.912011900343
1563,120,170308608645801933003443498917755558684,0.00023820867079561695,,L2_3_IT,3868.231541965575,-3235.5579138444336,3867.658145239933,-3244.0589041461362
137,121,85733885260530103967349197159973718434,0.00023820867079561695,,L2_3_IT,3958.730506776065,-3235.5579138444336,3948.9871790292063,-3228.444360275169
373,121,169161652497405346414209403189768105,0.00023820867079561695,,L2_3_IT,3958.730506776065,-3235.5579138444336,3944.706992074915,-3233.2025520101333
593,121,58109160643642232293863994137619893834,0.00023820867079561695,,L5_IT,3958.730506776065,-3235.5579138444336,3952.077907372231,-3241.350305007345
2341,121,175402937955309111850087563178391995591,0.00023820867079561695,,L2_3_IT,3958.730506776065,-3235.5579138444336,3944.848382321151,-3230.021030425031
3078,121,154602257647205279457537764528867462332,0.00023820867079561695,,OPC,3958.730506776065,-3235.5579138444336,4003.0320730828234,-3244.771321504491
3,122,43059862219998412118220341694754378794,0.00023820867079561695,,Endo,4049.2294715865546,-3235.5579138444336,4014.2403313344303,-3224.370823882921
175,122,15709070125236144567944186434674037939,0.00023820867079561695,,Endo,4049.2294715865546,-3235.5579138444336,4056.5764154405524,-3250.8854146327076
406,122,248388264403674958426068222251790365775,0.00023820867079561695,,Endo,4049.2294715865546,-3235.5579138444336,4047.6337423160962,-3249.332196039672
742,122,93900822881678626267683024419438054249,0.00023820867079561695,,Endo,4049.2294715865546,-3235.5579138444336,4091.6060329765637,-3219.6915121508755
1742,122,315603458387408158758517451351820101586,0.00023820867079561695,,Endo,4049.2294715865546,-3235.5579138444336,4036.090835865119,-3233.509622515998
919,123,325176712638306543397161034444498045346,0.00023820867079561695,,L4_5_IT,4139.728436397044,-3235.5579138444336,4129.167802922838,-3212.3170740013175
2182,123,208848154307949972677049250820659546737,0.00023820867079561695,,L4_5_IT,4139.728436397044,-3235.5579138444336,4145.605473263381,-3216.518072105759
8,123,108204360339405890312590214638901529689,0.00023820867079561695,,Sst,4139.728436397044,-3235.5579138444336,4154.876837532415,-3278.1964128914733
247,123,183629860394319650573000167965230444019,0.00023820867079561695,,L5_IT,4139.728436397044,-3235.5579138444336,4137.263160341785,-3236.2431019832065
1040,123,68841822669921143840453236515037028749,0.00023820867079561695,,L2_3_IT,4139.728436397044,-3235.5579138444336,4131.728907924799,-3234.5149082404146
2092,124,128148822532275968047867531663433246595,0.00023820867079561695,,L2_3_IT,4230.227401207534,-3235.5579138444336,4197.985936163752,-3224.9434199503644
938,124,8328698498355625341601602662996667289,0.00023820867079561695,,L4_5_IT,4230.227401207534,-3235.5579138444336,4242.600643630895,-3219.1928915085155
584,124,79191325420242394150060588310922124348,0.00023820867079561695,,L6_IT,4230.227401207534,-3235.5579138444336,4267.413812962508,-3261.339427351831
992,124,255256753523326357702160488497120201554,0.00023820867079561695,,L4_5_IT,4230.227401207534,-3235.5579138444336,4222.01683090859,-3239.3875385052183
1887,124,17768311088919584190895701184763156301,0.00023820867079561695,,L4_5_IT,4230.227401207534,-3235.5579138444336,4221.119782371925,-3232.926291906237
688,125,19053368028460531725967541515763115960,0.00023820867079561695,,L4_5_IT,4320.726366018023,-3235.5579138444336,4282.456008812722,-3217.0680590449715
1582,125,217062940689251187452701831368253402436,0.00023820867079561695,,L4_5_IT,4320.726366018023,-3235.5579138444336,4364.047107870349,-3248.6280700526345
2556,125,115649657957276728000663534863414810348,0.00023820867079561695,,L5_IT,4320.726366018023,-3235.5579138444336,4280.4797484712835,-3225.307503952398
2134,125,191460933537156104994930141608436844791,0.00023820867079561695,,L4_5_IT,4320.726366018023,-3235.5579138444336,4315.815092611978,-3268.446164090977
2307,125,73131895259530470997969648522837785775,0.00023820867079561695,,L4_5_IT,4320.726366018023,-3235.5579138444336,4360.833872323785,-3218.339772081198
396,126,198101368468756760025832154825229003840,0.00023820867079561695,,L6_IT,4411.2253308285135,-3235.5579138444336,4422.40611829044,-3231.4161269284245
1179,126,221067078950676701346024772494307314705,0.00023820867079561695,,L6_IT,4411.2253308285135,-3235.5579138444336,4424.0899820462955,-3192.1757008189625
2500,126,302459778732112774006775385059922442949,0.00023820867079561695,,L6_IT,4411.2253308285135,-3235.5579138444336,4399.038551480911,-3229.741540381887
3487,126,37554856667165669508130985073729968528,0.00023820867079561695,,L6_IT,4411.2253308285135,-3235.5579138444336,4416.6864128352345,-3261.717356002045
519,126,99251468401452935313158719077740209430,0.00023820867079561695,,L5_IT,4411.2253308285135,-3235.5579138444336,4393.905589489701,-3262.7388450908493
399,127,292589574705360931845513116568648500633,0.00023820867079561695,,L4_5_IT,4501.724295639003,-3235.5579138444336,4544.247942739643,-3251.0257868463286
963,127,248856473882122064399858835780086916827,0.00023820867079561695,,L4_5_IT,4501.724295639003,-3235.5579138444336,4521.251074202492,-3231.2363517256917
227,127,229469263489403941888037607228556497776,0.00023820867079561695,,L2_3_IT,4501.724295639003,-3235.5579138444336,4477.52126200349,-3213.6644871921453
502,127,67780315843296030562229607791361052740,0.00023820867079561695,,L2_3_IT,4501.724295639003,-3235.5579138444336,4468.937174449252,-3225.3346698993832
1177,127,114544211949302988408801432728450858233,0.00023820867079561695,,L5_IT,4501.724295639003,-3235.5579138444336,4496.664024800133,-3256.5282735586193
1631,128,81852874967837550190161655554667358128,0.00023820867079561695,,L6_IT,4592.223260449493,-3235.5579138444336,4590.6458567243335,-3256.875280261165
1949,128,67826780197371452970953188621853119692,0.00023820867079561695,,L6_IT,4592.223260449493,-3235.5579138444336,4586.205842587386,-3247.3248568506065
70,128,40843132531471723182691878094140452031,0.00023820867079561695,,L5_ET,4592.223260449493,-3235.5579138444336,4637.080311046974,-3229.6114300399045
521,128,15456557923433745569624725409515752662,0.00023820867079561695,,L6_CT,4592.223260449493,-3235.5579138444336,4573.993501901804,-3214.8711668753463
4167,128,107347919257492114702939360010276165731,0.00012809334184293124,,L5_6_NP,4592.223260449493,-3235.5579138444336,4573.190789986979,-3229.1068351951462
545,129,113177446500339444021018053322865475313,0.00023820867079561695,,L5_IT,4682.722225259982,-3235.5579138444336,4692.498520163587,-3279.7386756746723
2885,129,73784403356225495553909001392487504057,0.00023820867079561695,,Peri,4682.722225259982,-3235.5579138444336,4679.950050655835,-3207.4944839909667
2298,129,146963940521369692319856574974245769981,0.00023820867079561695,,VLMC,4682.722225259982,-3235.5579138444336,4678.468015914487,-3193.8266968141997
806,129,51931704285670065392534724845630933105,0.00023820867079561695,,Endo,4682.722225259982,-3235.5579138444336,4667.41024389397,-3220.845930257483
988,129,328742395005917596052127732797962532548,0.00023820867079561695,,L6_IT,4682.722225259982,-3235.5579138444336,4695.284295672034,-3275.8837824848442
1732,13,268383401237536267189918483481177769435,0.00023820867079561695,,L5_6_NP,3958.730506776065,-3778.551702707372,3953.7961174273287,-3819.660862826203
72,13,295109330490819905773982341169423036663,0.00023820867079561695,,Endo,3958.730506776065,-3778.551702707372,3929.840847312221,-3770.491163784039
340,13,323965300532920958192652192952930384449,0.00023820867079561695,,Endo,3958.730506776065,-3778.551702707372,3963.4166314292343,-3744.9145203298663
1011,13,208231499720966006456184765922875498471,0.00023820867079561695,,Endo,3958.730506776065,-3778.551702707372,4003.871967593573,-3775.4269350033805
1276,13,309824130800616480100365378778036354860,0.00023820867079561695,,Astro,3958.730506776065,-3778.551702707372,3942.7269701179735,-3782.2650315933743
1386,130,237231108706223987504257948641665907165,0.00023820867079561695,,L6_CT,4773.221190070472,-3235.5579138444336,4809.553639237617,-3252.638063234079
1764,130,163699633684769966345433713886663286724,0.00023820867079561695,,L6_CT,4773.221190070472,-3235.5579138444336,4796.779014722576,-3246.386753981074
2316,130,198569902835251231452333841695311700531,0.00023820867079561695,,Astro,4773.221190070472,-3235.5579138444336,4735.464613579698,-3226.295072770874
2630,130,282107404920588318390467493186979934044,0.00023820867079561695,,Astro,4773.221190070472,-3235.5579138444336,4737.276352388627,-3208.0718391525406
2868,130,14794792563487127015954798110009713653,0.00023820867079561695,,L5_IT,4773.221190070472,-3235.5579138444336,4787.032330423841,-3244.3978400835986
943,131,238135142540003030998951575374848085672,0.00023820867079561695,,L5_ET,4863.720154880962,-3235.5579138444336,4834.039455783071,-3223.9589865955895
1424,131,194262285201766612515950132879706706299,0.00023820867079561695,,L5_ET,4863.720154880962,-3235.5579138444336,4846.19625561518,-3253.5471473574426
534,131,2626387249473878009634533700900985132,0.00023820867079561695,,Peri,4863.720154880962,-3235.5579138444336,4884.9425870902505,-3195.593879650365
2382,131,276235462367214455240728095048789859147,0.00023820867079561695,,L6_CT,4863.720154880962,-3235.5579138444336,4883.720546815297,-3243.3715767477706
2757,131,131173521670707026289422285992546564355,0.00023820867079561695,,L6_IT,4863.720154880962,-3235.5579138444336,4869.7019291010065,-3261.317978870998
290,132,95461899412422645495879125977132828807,0.00023820867079561695,,L6_CT,4954.219119691452,-3235.5579138444336,4935.694113171386,-3252.684488453554
761,132,96000201504308816266259111318432313397,0.00023820867079561695,,L6_CT,4954.219119691452,-3235.5579138444336,4962.461339092755,-3244.7691794404545
1230,132,1179026474262019881140433996186168963,0.00023820867079561695,,Pvalb,4954.219119691452,-3235.5579138444336,4952.499997814991,-3190.341099738214
1480,132,134365405188834992499400335434773201767,0.00023820867079561695,,L6_CT,4954.219119691452,-3235.5579138444336,4949.317047752489,-3243.192856948635
1657,132,233930754952473555582148055520234921772,0.00023820867079561695,,L6_CT,4954.219119691452,-3235.5579138444336,4971.123100625632,-3246.8019446413073
367,133,161639326819846032527093775039550167329,0.00023820867079561695,,L6_CT,5044.718084501941,-3235.5579138444336,5034.447498417536,-3249.4274869608766
861,133,113771535345651287144793427582389591028,0.00023820867079561695,,L6_CT,5044.718084501941,-3235.5579138444336,5044.3024559479845,-3242.2833009737224
1451,133,93675134680825116911664363964089583035,0.00023820867079561695,,L6_CT,5044.718084501941,-3235.5579138444336,5063.622380940498,-3231.033825259895
2444,133,266304973024663054344400827310858689312,0.00023820867079561695,,L6_CT,5044.718084501941,-3235.5579138444336,4999.783405785761,-3230.2296583497905
2469,133,137631081588155574942506686539388021448,0.00023820867079561695,,L6_CT,5044.718084501941,-3235.5579138444336,5081.4346814179125,-3224.815297677882
559,134,245136422712283126702535275219046396445,0.00023820867079561695,,L2_3_IT,5135.21704931243,-3235.5579138444336,5125.095586156825,-3256.6444318947465
1328,134,212489244893278348643552444740169664640,0.00023820867079561695,,L2_3_IT,5135.21704931243,-3235.5579138444336,5130.41669952721,-3224.8202853937487
3087,134,101923412293028741557740364778568352912,0.00023820867079561695,,L4_5_IT,5135.21704931243,-3235.5579138444336,5148.291568709013,-3266.2191290214337
382,134,187858705492622438584548828471218548104,0.00023820867079561695,,L6_CT,5135.21704931243,-3235.5579138444336,5154.7130719423685,-3194.723850128518
1630,134,132723345051884045511505066823248510378,0.00023820867079561695,,L2_3_IT,5135.21704931243,-3235.5579138444336,5117.568320226727,-3235.381872783725
214,135,115385639294674185042203622230526858212,0.00023820867079561695,,L6_CT,5225.716014122921,-3235.5579138444336,5193.605491047128,-3220.8309285440005
839,135,135801044878645608910953902482812496426,0.00023820867079561695,,L6_IT,5225.716014122921,-3235.5579138444336,5208.901996830025,-3226.6037952934216
142,135,24119647009244008100754839353320869989,0.00023820867079561695,,Peri,5225.716014122921,-3235.5579138444336,5260.924509741417,-3263.981099700788
1914,135,23454933930377315485693174370040351486,0.00023820867079561695,,Peri,5225.716014122921,-3235.5579138444336,5263.984312890775,-3244.670009368087
1693,135,25115205143810719350462142851476647314,0.00023820867079561695,,L6_CT,5225.716014122921,-3235.5579138444336,5201.163760105253,-3221.703736315873
2010,136,34723182058924265408073791811691302037,0.00023820867079561695,,L6_IT,5316.214978933411,-3235.5579138444336,5321.918807554174,-3221.2036200875277
3155,136,266906561464068192011445046165689478071,0.00023820867079561695,,PVM,5316.214978933411,-3235.5579138444336,5271.111198947978,-3239.186231494287
1255,136,246283927444982779054357405016626007818,0.00023820867079561695,,Vip,5316.214978933411,-3235.5579138444336,5333.871720190255,-3252.6245332286903
2214,136,68396078767135494230582705566235525468,0.00023820867079561695,,Vip,5316.214978933411,-3235.5579138444336,5329.727188082285,-3248.8800018892316
560,136,24124141855877966325494764543636712201,0.00023820867079561695,,L5_IT,5316.214978933411,-3235.5579138444336,5324.445979892366,-3215.8951825224276
309,137,51335653574879995960446194683482669232,0.00023820867079561695,,L2_3_IT,5406.7139437439,-3235.5579138444336,5401.5601211639705,-3237.738221786893
388,137,67036987577606523668074068250683888716,0.00023820867079561695,,L2_3_IT,5406.7139437439,-3235.5579138444336,5435.204281621147,-3237.464613596657
1018,137,116353805407910584387571737551737340600,0.00023820867079561695,,L5_IT,5406.7139437439,-3235.5579138444336,5418.998920377311,-3200.0065047222856
1029,137,28145554636502990659999474516407890074,0.00023820867079561695,,L6_IT,5406.7139437439,-3235.5579138444336,5370.508560558455,-3221.7766002378185
1707,137,55833478429335831704510786802251639299,0.00023820867079561695,,L4_5_IT,5406.7139437439,-3235.5579138444336,5407.2978349986215,-3280.803628878514
1662,138,325815854075445939106232098327816246404,0.00023820867079561695,,L5_6_NP,3687.233612344596,-3145.058949033944,3685.787584892804,-3152.9192909381923
166,138,56368239374118767196427650646003716638,0.00023820867079561695,,Oligo,3687.233612344596,-3145.058949033944,3651.809731198744,-3152.132406472633
433,138,215267650948196203724536166676810775720,0.00023820867079561695,,Endo,3687.233612344596,-3145.058949033944,3708.6715041086995,-3144.1165598205544
967,138,91422579413395470232211321097957789528,0.00023820867079561695,,Oligo,3687.233612344596,-3145.058949033944,3659.120284761151,-3143.368702977302
3855,138,232425093587078377094264647228150802992,0.00021461252887718327,,PVM,3687.233612344596,-3145.058949033944,3730.7789567615823,-3132.7577849610357
1553,139,155564931060122047964349006697499900227,0.00023820867079561695,,L4_5_IT,3777.732577155085,-3145.058949033944,3818.644754026694,-3164.3905149707407
87,139,92727352091027365915665486993686853076,0.00023820867079561695,,L5_6_NP,3777.732577155085,-3145.058949033944,3766.233445503048,-3129.974988357599
869,139,48375062369893337622353199010532457899,0.00023820867079561695,,Sst,3777.732577155085,-3145.058949033944,3780.3835973573146,-3172.2612096528223
410,139,65626611904138736795643781398253308345,0.00023820867079561695,,Endo,3777.732577155085,-3145.058949033944,3765.963578650479,-3131.1122419004887
971,139,125494262970178858946725616888930684937,0.00023820867079561695,,Endo,3777.732577155085,-3145.058949033944,3757.437510237894,-3127.555790288068
119,14,171359764180227897268629748737278526233,0.00023820867079561695,,L2_3_IT,4049.2294715865546,-3778.551702707372,4020.3035499225143,-3747.7296627373003
275,14,53216775206945859454882463625018421029,0.00023820867079561695,,L2_3_IT,4049.2294715865546,-3778.551702707372,4020.557653614964,-3800.1935297020277
2732,14,247602459474158082341906678004497930372,0.00023820867079561695,,L5_ET,4049.2294715865546,-3778.551702707372,4093.7170361497165,-3786.820454558834
711,14,54680964005424698441250040837868532982,0.00023820867079561695,,L2_3_IT,4049.2294715865546,-3778.551702707372,4034.396393309618,-3785.3663556716924
4097,14,115207245798983393520041199638992234484,0.00016517299342903705,,Endo,4049.2294715865546,-3778.551702707372,4077.1727249359697,-3772.6485108670227
880,140,124691453822339428349384949291239953608,0.00023820867079561695,,L2_3_IT,3868.231541965575,-3145.058949033944,3860.3385073056916,-3123.9240597293283
1066,140,79916728096106650384992053822837567939,0.00023820867079561695,,L2_3_IT,3868.231541965575,-3145.058949033944,3881.5770866429343,-3126.298824428443
341,140,144744014373820703633183785949638845688,0.00023820867079561695,,Sst,3868.231541965575,-3145.058949033944,3869.276286825859,-3152.7015242650596
1117,140,270535831321073679817064057079063937882,0.00023820867079561695,,L5_IT,3868.231541965575,-3145.058949033944,3857.1743031142832,-3188.9366555251454
1247,140,146790776748199333241376845190569525645,0.00023820867079561695,,L2_3_IT,3868.231541965575,-3145.058949033944,3872.791525939076,-3133.4336812217184
365,141,215696621684657025702582362857637797988,0.00023820867079561695,,L2_3_IT,3958.730506776065,-3145.058949033944,3928.6913143542674,-3114.030707999138
1024,141,218765490346024823404881384744037801411,0.00023820867079561695,,L2_3_IT,3958.730506776065,-3145.058949033944,3926.1708916016705,-3113.6362324480424
57,141,92436906967359044375118367788474376663,0.00023820867079561695,,L4_5_IT,3958.730506776065,-3145.058949033944,3968.546236929572,-3180.6137741513558
1708,141,61224604084827559338456705902702284701,0.00023820867079561695,,L4_5_IT,3958.730506776065,-3145.058949033944,3974.05760303167,-3169.2274594575188
1882,141,163197149980464914580460446622855267415,0.00023820867079561695,,L4_5_IT,3958.730506776065,-3145.058949033944,3996.1864879631476,-3147.7865711136774
102,142,76415022108801111839780951765602322280,0.00023820867079561695,,L2_3_IT,4049.2294715865546,-3145.058949033944,4019.4614080585393,-3152.7248030372834
696,142,245506303464549202568900574525656325923,0.00023820867079561695,,L2_3_IT,4049.2294715865546,-3145.058949033944,4025.825953248754,-3151.0114807373
703,142,71366909310892320496564477496314655221,0.00023820867079561695,,VLMC,4049.2294715865546,-3145.058949033944,4046.386108834327,-3099.8988898422003
2378,142,221568764741870656675556945895548728637,0.00023820867079561695,,L5_IT,4049.2294715865546,-3145.058949033944,4084.2776647268884,-3147.5627631374646
3955,142,226471771009686270051081376771916834376,0.0002146125288771827,,Astro,4049.2294715865546,-3145.058949033944,4070.1962230642625,-3174.096808415476
2992,143,271387598770208367718591946467930810862,0.00023820867079561695,,Endo,4139.728436397044,-3145.058949033944,4094.580511463694,-3142.029009735017
192,143,94117037689040928594296036405522643685,0.00023820867079561695,,L2_3_IT,4139.728436397044,-3145.058949033944,4145.908302525214,-3154.974309903976
23,143,7631632542996256600794435639731167456,0.00023820867079561695,,L4_5_IT,4139.728436397044,-3145.058949033944,4161.3745657905065,-3130.773957150764
2016,143,296927420650450639669502352571268926975,0.00023820867079561695,,L6_IT_Car3,4139.728436397044,-3145.058949033944,4127.005288034893,-3161.737908356948
2364,143,270094882792562746991041569190640865404,0.00023820867079561695,,L4_5_IT,4139.728436397044,-3145.058949033944,4169.773514170901,-3135.779560023015
299,144,117874731443505239298987395966214480684,0.00023820867079561695,,L4_5_IT,4230.227401207534,-3145.058949033944,4225.914157552177,-3171.4931271361324
615,144,276819872221217155732645990166792774741,0.00023820867079561695,,L4_5_IT,4230.227401207534,-3145.058949033944,4274.678535746766,-3136.5965441678513
3251,144,25788439681710725349924744424132661958,0.00023820867079561695,,OPC,4230.227401207534,-3145.058949033944,4211.298050176783,-3132.953869033325
498,144,228113516253457842504898550472199586557,0.00023820867079561695,,Endo,4230.227401207534,-3145.058949033944,4233.282656127743,-3132.3444840446004
708,144,89791793735980263757543153993751310471,0.00023820867079561695,,L5_IT,4230.227401207534,-3145.058949033944,4205.963606434201,-3151.90672078781
701,145,61776072095044963343146122786344521176,0.00023820867079561695,,L4_5_IT,4320.726366018023,-3145.058949033944,4308.492427217694,-3101.494670096122
1152,145,125852761948185261775149542595164252950,0.00023820867079561695,,L5_6_NP,4320.726366018023,-3145.058949033944,4308.433814440777,-3152.936749525849
181,145,33715225581071570569645900486125371368,0.00023820867079561695,,L2_3_IT,4320.726366018023,-3145.058949033944,4308.984401952675,-3153.765351583837
513,145,245334794355182897177972886553243718427,0.00023820867079561695,,L5_IT,4320.726366018023,-3145.058949033944,4348.875166141328,-3162.9809736059105
1932,145,227036030980039513675751379296107202959,0.00023820867079561695,,L5_6_NP,4320.726366018023,-3145.058949033944,4328.846020337647,-3154.1170003579964
208,146,234826917020716491809872781213270598053,0.00023820867079561695,,L2_3_IT,4411.2253308285135,-3145.058949033944,4434.577489258544,-3183.8170753380014
2498,146,313618298733650281187306869791859936354,0.00023820867079561695,,L2_3_IT,4411.2253308285135,-3145.058949033944,4411.800455272998,-3165.5990206095344
2895,146,132060707501643028845118959908812774304,0.00023820867079561695,,L5_ET,4411.2253308285135,-3145.058949033944,4409.353625626233,-3119.0813069354153
266,146,312923626344571391558770393215627494682,0.00023820867079561695,,L6_CT,4411.2253308285135,-3145.058949033944,4416.124516391292,-3127.101492949533
1646,146,275600243081933717322557291970055902574,0.00023820867079561695,,L5_IT,4411.2253308285135,-3145.058949033944,4384.270567593513,-3129.6958493372235
1273,147,136167951586748042364680415473305838320,0.00023820867079561695,,L6_CT,4501.724295639003,-3145.058949033944,4492.588657506518,-3158.986746856306
277,147,112313649661708605822521386746740287770,0.00023820867079561695,,Endo,4501.724295639003,-3145.058949033944,4526.406807197635,-3122.5410275227136
1072,147,68937998182938106936518164168021340305,0.00023820867079561695,,Endo,4501.724295639003,-3145.058949033944,4524.289792862323,-3126.8982480420154
1559,147,278519943330560132086063333163056020400,0.00023820867079561695,,L6_CT,4501.724295639003,-3145.058949033944,4467.370561658903,-3174.5095283078235
1581,147,307892950431230526237831122936104762176,0.00023820867079561695,,Micro,4501.724295639003,-3145.058949033944,4497.965658969632,-3142.359194440865
45,148,28751694384236617342578172053895745354,0.00023820867079561695,,Endo,4592.223260449493,-3145.058949033944,4580.6840922565425,-3151.61323557006
950,148,212795221943783435016916443212971339973,0.00023820867079561695,,Endo,4592.223260449493,-3145.058949033944,4592.255708299867,-3150.4210797479154
1316,148,70942292763404686094600311632141273527,0.00023820867079561695,,Endo,4592.223260449493,-3145.058949033944,4564.541456301196,-3109.2646285761134
1407,148,57410764079982463261310586680234744578,0.00023820867079561695,,L5_ET,4592.223260449493,-3145.058949033944,4610.779627607662,-3155.783723461515
1426,148,259387535290701197639442974209851793322,0.00023820867079561695,,OPC,4592.223260449493,-3145.058949033944,4612.855417782204,-3158.212077814134
183,149,252255993231922805624016702577400896003,0.00023820867079561695,,Astro,4682.722225259982,-3145.058949033944,4696.049193569939,-3157.4414600095183
2048,149,105152267502956405986163481251877765161,0.00023820867079561695,,L6_IT,4682.722225259982,-3145.058949033944,4666.584788334981,-3163.061249636695
114,149,329569727010453811038899287368951521908,0.00023820867079561695,,L6_CT,4682.722225259982,-3145.058949033944,4706.9029426367015,-3135.2055339558083
1549,149,132439279943776887033394625474111032596,0.00023820867079561695,,Astro,4682.722225259982,-3145.058949033944,4704.244484343926,-3138.941033329737
2175,149,28175894632577844196193212828870503561,0.00023820867079561695,,Endo,4682.722225259982,-3145.058949033944,4639.8297174143645,-3130.645468237961
58,15,250417395326535410785332293304225164230,0.00023820867079561695,,Endo,4139.728436397044,-3778.551702707372,4128.403480334728,-3791.8388148696936
3236,15,267140241149718037121760412801767113672,0.00023820867079561695,,PVM,4139.728436397044,-3778.551702707372,4130.923153275837,-3776.0243913348445
342,15,130175839280803182271530556302907702679,0.00023820867079561695,,Peri,4139.728436397044,-3778.551702707372,4163.958029727937,-3746.250211051239
608,15,143200134419300966738870731797755380223,0.00023820867079561695,,Endo,4139.728436397044,-3778.551702707372,4145.853475283129,-3756.0141757376327
917,15,166621261118498141965590493893580590179,0.00023820867079561695,,Endo,4139.728436397044,-3778.551702707372,4129.504043363586,-3822.6309205434445
2133,150,212249689641002311232112974061331854190,0.00023820867079561695,,L5_IT,4773.221190070472,-3145.058949033944,4786.802670033255,-3158.628193241404
20,150,321904043773667953741930894473922679657,0.00023820867079561695,,L6_CT,4773.221190070472,-3145.058949033944,4769.148417822022,-3099.993128458315
592,150,284857388187082251454954371908595192778,0.00023820867079561695,,L5_6_NP,4773.221190070472,-3145.058949033944,4771.071893915491,-3146.465244717374
2258,150,55185647821910154704443515894378944665,0.00023820867079561695,,L5_6_NP,4773.221190070472,-3145.058949033944,4778.712782035379,-3186.5795077631487
2577,150,176888355714479826119434829987568533336,0.00023820867079561695,,L6_CT,4773.221190070472,-3145.058949033944,4760.370186546228,-3133.628670989467
1995,151,48239463152633146946865780580461147451,0.00023820867079561695,,L5_ET,4863.720154880962,-3145.058949033944,4893.25491242505,-3125.09060142003
224,151,3172925773044529578617908949431744845,0.00023820867079561695,,L6_IT,4863.720154880962,-3145.058949033944,4848.660263937587,-3179.6368858949277
230,151,25033819793490159380158010299276948964,0.00023820867079561695,,L5_IT,4863.720154880962,-3145.058949033944,4827.7147028059635,-3169.2843402839967
1349,151,255491895498279862840733689938960694433,0.00023820867079561695,,L6_IT,4863.720154880962,-3145.058949033944,4868.41283160141,-3148.2239743313417
1677,151,178249963499105942146149682050865000148,0.00023820867079561695,,L2_3_IT,4863.720154880962,-3145.058949033944,4880.558063634801,-3103.0589432394218
1307,152,290417916867990073532979549126687576116,0.00023820867079561695,,OPC,4954.219119691452,-3145.058949033944,4961.936423474122,-3112.49151909673
942,152,324656142509205081150964576777915457565,0.00023820867079561695,,Pvalb,4954.219119691452,-3145.058949033944,4958.555662149791,-3141.6709159509255
2842,152,5639592606786639952823624788610551029,0.00023820867079561695,,Pvalb,4954.219119691452,-3145.058949033944,4965.309607792196,-3125.6074521321293
636,152,78849378527743317617441156876264328371,0.00023820867079561695,,L6_CT,4954.219119691452,-3145.058949033944,4952.039386391038,-3190.2559004873506
3809,152,326096294017924869711307667296887198513,0.00021461252887718365,,OPC,4954.219119691452,-3145.058949033944,4933.254518650118,-3155.268957502592
280,153,47113163910759547946085082853431472461,0.00023820867079561695,,L5_6_NP,5044.718084501941,-3145.058949033944,5034.875893944731,-3141.7461429299065
849,153,307112292030258216926801618289201682135,0.00023820867079561695,,L5_6_NP,5044.718084501941,-3145.058949033944,5058.430731154728,-3156.82229973043
2611,153,149771338505919399061347736983789064525,0.00023820867079561695,,L5_6_NP,5044.718084501941,-3145.058949033944,5045.260373010785,-3126.4966296443504
530,153,297031301798074233752642013244189741376,0.00023820867079561695,,L6_IT_Car3,5044.718084501941,-3145.058949033944,5072.300621340055,-3123.1735735930615
1286,153,281126728873616810857828267497648260358,0.00023820867079561695,,L6_CT,5044.718084501941,-3145.058949033944,5012.722803059403,-3177.056099271978
122,154,113285416571275146828539177577933106308,0.00023820867079561695,,L5_6_NP,5135.21704931243,-3145.058949033944,5098.518649017113,-3134.0396241984054
1217,154,76847107737262504068581226800108531949,0.00023820867079561695,,L5_6_NP,5135.21704931243,-3145.058949033944,5114.9618054582415,-3145.6476347058037
666,154,202748593133043231793067154414919400536,0.00023820867079561695,,L6_CT,5135.21704931243,-3145.058949033944,5141.832196519727,-3122.4334955490226
1005,154,127883307036473784626165955953186819380,0.00023820867079561695,,L2_3_IT,5135.21704931243,-3145.058949033944,5144.189710885622,-3159.7742859138975
1568,154,249107598391968666900768472270001407170,0.00023820867079561695,,L6_IT,5135.21704931243,-3145.058949033944,5176.582884681454,-3163.3997048025976
1337,155,72649066836090633545198512021602484370,0.00023820867079561695,,L6_CT,5225.716014122921,-3145.058949033944,5205.144180452724,-3158.9725107790337
540,155,109954044161674160190207731932603690078,0.00023820867079561695,,L5_IT,5225.716014122921,-3145.058949033944,5210.8255820824825,-3153.2827235550535
1766,155,189342792002001708469299464469570716118,0.00023820867079561695,,L6_CT,5225.716014122921,-3145.058949033944,5201.763473175055,-3140.08286520335
2047,155,200952275202126087713540687366316015212,0.00023820867079561695,,Oligo,5225.716014122921,-3145.058949033944,5268.692335583868,-3159.2205679960484
2627,155,96731653150710000312238863360117886025,0.00023820867079561695,,L6_CT,5225.716014122921,-3145.058949033944,5242.154499320487,-3113.736077636225
1689,156,178137590642641009810093068009728509037,0.00023820867079561695,,L5_ET,5316.214978933411,-3145.058949033944,5320.305710039786,-3132.8540570602545
2802,156,336771711697887610349523986795996368120,0.00023820867079561695,,L5_ET,5316.214978933411,-3145.058949033944,5311.426452700672,-3116.927759248588
1059,156,75190986565639661786173562525479263538,0.00023820867079561695,,OPC,5316.214978933411,-3145.058949033944,5327.114261610965,-3108.134212910472
1412,156,97381167955930987176504300563496389707,0.00023820867079561695,,Peri,5316.214978933411,-3145.058949033944,5308.729206577591,-3189.684937764496
2540,156,64415041801487424671359296884989434203,0.00023820867079561695,,Peri,5316.214978933411,-3145.058949033944,5313.499263738031,-3177.6937781859124
2728,157,132268382465267730698207479739701740714,0.00023820867079561695,,Micro,5406.7139437439,-3145.058949033944,5406.659384614259,-3177.063809331967
1770,157,222520496161568992565412446317460762777,0.00023820867079561695,,Oligo,5406.7139437439,-3145.058949033944,5370.055609575928,-3118.5319402698206
245,157,134165775345181660761552125904454753211,0.00023820867079561695,,L5_IT,5406.7139437439,-3145.058949033944,5422.191095404129,-3153.2136042918155
1290,157,334280994019473749044179208646460734114,0.00023820867079561695,,L5_IT,5406.7139437439,-3145.058949033944,5411.321419253595,-3137.869345391864
2015,157,179121537071072111152381053326650176605,0.00023820867079561695,,L6_IT,5406.7139437439,-3145.058949033944,5423.342209871599,-3138.6160458842573
700,158,262517943315537465393023696521571274310,0.00023820867079561695,,L6_CT,3687.233612344596,-3054.559984223454,3721.210854323728,-3061.3613705882217
135,158,195929707522009371712384137881299060902,0.00023820867079561695,,OPC,3687.233612344596,-3054.559984223454,3645.5809649228304,-3036.8802607895136
573,158,337241050534269143030577283022501833230,0.00023820867079561695,,OPC,3687.233612344596,-3054.559984223454,3660.280175271099,-3047.749905183163
74,158,211268099770593017841494490851096293928,0.00023820867079561695,,Astro,3687.233612344596,-3054.559984223454,3721.3807029216664,-3067.0951031688605
929,158,304794847043339882027486311623445917933,0.00023820867079561695,,L6_CT,3687.233612344596,-3054.559984223454,3687.7153642836515,-3059.7132813874955
1207,159,72933694622200544348794994793328163906,0.00023820867079561695,,Lamp5,3777.732577155085,-3054.559984223454,3811.2303386507815,-3084.980629067375
1413,159,55851938203364998796946482411125242078,0.00023820867079561695,,PVM,3777.732577155085,-3054.559984223454,3767.53280935278,-3037.535623483154
2493,159,285603263683389839683037325433426609384,0.00023820867079561695,,PVM,3777.732577155085,-3054.559984223454,3758.4135685617352,-3043.2735533574582
507,159,179573465528914216296207819281584789557,0.00023820867079561695,,VLMC,3777.732577155085,-3054.559984223454,3764.6624999148644,-3040.692648495927
171,159,269531226463170631466099401563226291192,0.00023820867079561695,,Micro,3777.732577155085,-3054.559984223454,3786.8236692952646,-3066.3174667133594
637,16,215505913343211357955778647325901767768,0.00023820867079561695,,L4_5_IT,4230.227401207534,-3778.551702707372,4243.096089437622,-3739.210950136287
1714,16,258792354555036354427395210532770739183,0.00023820867079561695,,L4_5_IT,4230.227401207534,-3778.551702707372,4250.584026747559,-3784.7347016718713
2724,16,66907913253252566345123396402180938014,0.00023820867079561695,,L4_5_IT,4230.227401207534,-3778.551702707372,4195.704434807235,-3770.364238707295
572,16,264777463268106715554932015035068642091,0.00023820867079561695,,L6_CT,4230.227401207534,-3778.551702707372,4226.061514476554,-3823.6090111676785
3854,16,2144325761571881969149706548926526739,0.00021461252887718327,,Pvalb,4230.227401207534,-3778.551702707372,4235.690940568684,-3774.8396118537344
84,160,141117970588375142247434670363170180624,0.00023820867079561695,,L2_3_IT,3868.231541965575,-3054.559984223454,3882.574470228055,-3054.492025671653
3159,160,169311515437891262125879941126345728734,0.00023820867079561695,,Vip,3868.231541965575,-3054.559984223454,3823.0354283067136,-3052.362948020333
543,160,42953553521115140785418619251306947990,0.00023820867079561695,,L2_3_IT,3868.231541965575,-3054.559984223454,3880.6285654660337,-3054.9856277349886
1116,160,298626746814055414694742899588757872754,0.00023820867079561695,,L2_3_IT,3868.231541965575,-3054.559984223454,3877.3818313842467,-3053.858103439895
1160,160,338231797585771712105627035705914062498,0.00023820867079561695,,L2_3_IT,3868.231541965575,-3054.559984223454,3877.537414442831,-3057.1012162504003
397,161,273723089612613906194458708401834420448,0.00023820867079561695,,L2_3_IT,3958.730506776065,-3054.559984223454,3992.4057716862294,-3024.335950886178
2206,161,199827204995914820258408069445270838330,0.00023820867079561695,,L2_3_IT,3958.730506776065,-3054.559984223454,3977.0069996959746,-3072.7374164822927
2361,161,334338110128769596475926339391230517675,0.00023820867079561695,,L2_3_IT,3958.730506776065,-3054.559984223454,3943.785196493348,-3046.702338382544
2595,161,180349571309263172155817781925893711265,0.00023820867079561695,,L2_3_IT,3958.730506776065,-3054.559984223454,3930.295053205333,-3054.8799079670925
2719,161,31195290404044726837634673149388465467,0.00023820867079561695,,L2_3_IT,3958.730506776065,-3054.559984223454,3950.1595127994906,-3074.144307399062
312,162,188706094954040828825584481916784091124,0.00023820867079561695,,Peri,4049.2294715865546,-3054.559984223454,4047.4260626121513,-3055.9627973456354
516,162,285101511552553507825937195105614475297,0.00023820867079561695,,Peri,4049.2294715865546,-3054.559984223454,4010.1180215927593,-3031.8045422957443
548,162,192919102744230786255640963613681530542,0.00023820867079561695,,Peri,4049.2294715865546,-3054.559984223454,4068.0370732340457,-3062.919210943804
800,162,13156812993643060427792605389373299025,0.00023820867079561695,,Peri,4049.2294715865546,-3054.559984223454,4066.409808400161,-3060.9669559835615
348,162,33400492745164709526364883128358764070,0.00023820867079561695,,Endo,4049.2294715865546,-3054.559984223454,4054.15639209366,-3061.146414548526
254,163,161412301727857468026043637602289047796,0.00023820867079561695,,L6_IT,4139.728436397044,-3054.559984223454,4137.966605391305,-3045.1788365837847
2289,163,312219926540677956629916378440581718166,0.00023820867079561695,,VLMC,4139.728436397044,-3054.559984223454,4101.102443949995,-3078.1300577367692
351,163,258768304533291307243393601987007847661,0.00023820867079561695,,L5_IT,4139.728436397044,-3054.559984223454,4156.304354120949,-3052.429121869338
964,163,13608072024613191740099826438791010701,0.00023820867079561695,,L5_IT,4139.728436397044,-3054.559984223454,4150.398924250645,-3045.973381701136
1106,163,333843123404663149390958461406916119423,0.00023820867079561695,,L5_IT,4139.728436397044,-3054.559984223454,4152.869854272326,-3051.0885232262467
1142,164,100416591302420540942373170232872783233,0.00023820867079561695,,L4_5_IT,4230.227401207534,-3054.559984223454,4239.545704004437,-3044.0933800609864
1564,164,77326312606020872755323448920248821709,0.00023820867079561695,,L4_5_IT,4230.227401207534,-3054.559984223454,4219.801382388617,-3010.5280209520974
1862,164,116334507909039426767917408098528132234,0.00023820867079561695,,L4_5_IT,4230.227401207534,-3054.559984223454,4230.314294514361,-3073.0893661710656
2326,164,144972704494554029513656146521127615946,0.00023820867079561695,,L4_5_IT,4230.227401207534,-3054.559984223454,4225.532022380311,-3060.4697835629813
2497,164,131322016795736439304702159700264775924,0.00023820867079561695,,L4_5_IT,4230.227401207534,-3054.559984223454,4235.9436027499505,-3084.619370370142
265,165,286059391333703719044670283069168437521,0.00023820867079561695,,L4_5_IT,4320.726366018023,-3054.559984223454,4305.72411854824,-3060.2948554360237
752,165,138970724710511753472121636195110376208,0.00023820867079561695,,L4_5_IT,4320.726366018023,-3054.559984223454,4298.133595943027,-3082.896604737292
931,165,336798555642535270257382824589874792385,0.00023820867079561695,,Endo,4320.726366018023,-3054.559984223454,4363.181742289558,-3038.905697794973
946,165,338449190833633224925719141423722246610,0.00023820867079561695,,Pvalb,4320.726366018023,-3054.559984223454,4354.360766180927,-3029.5762160886566
1043,165,70729869927750101891444624691791223227,0.00023820867079561695,,L4_5_IT,4320.726366018023,-3054.559984223454,4282.231607128357,-3061.126547060332
126,166,98271388580920339235371961934725691028,0.00023820867079561695,,L5_IT,4411.2253308285135,-3054.559984223454,4455.673930119447,-3063.035695345042
750,166,238078589856805351294528836633339300913,0.00023820867079561695,,L5_IT,4411.2253308285135,-3054.559984223454,4388.13092476467,-3056.974204872921
1092,166,233951545743315384053840710074597759372,0.00023820867079561695,,L5_IT,4411.2253308285135,-3054.559984223454,4406.804098113819,-3050.758106685804
1180,166,146651653335421555198090115818377048448,0.00023820867079561695,,L5_IT,4411.2253308285135,-3054.559984223454,4410.08252662068,-3042.3624440106987
820,166,214988397585215312022765775640579145034,0.00023820867079561695,,L6_CT,4411.2253308285135,-3054.559984223454,4395.435174523936,-3059.6694702028058
194,167,58153248140513604586751284172767787571,0.00023820867079561695,,L5_6_NP,4501.724295639003,-3054.559984223454,4457.254138725722,-3061.712744514886
2060,167,102369133092169646929318332475012764060,0.00023820867079561695,,PVM,4501.724295639003,-3054.559984223454,4544.006081593302,-3070.677249328223
28,167,233483273624686413908805503145856820969,0.00023820867079561695,,SMC,4501.724295639003,-3054.559984223454,4524.1302246847035,-3078.5168353548725
854,167,215770567566588682347459153933640221161,0.00023820867079561695,,L5_6_NP,4501.724295639003,-3054.559984223454,4460.570324119964,-3046.083037560671
1749,167,206331705663825642969602443362240100747,0.00023820867079561695,,Astro,4501.724295639003,-3054.559984223454,4522.660709071323,-3015.810054358612
123,168,248370054881410513936536920317182670885,0.00023820867079561695,,L2_3_IT,4592.223260449493,-3054.559984223454,4601.560306901822,-3040.6271339778477
710,168,251564993225210993268877927732302561255,0.00023820867079561695,,L4_5_IT,4592.223260449493,-3054.559984223454,4597.354494121594,-3018.446693744001
904,168,116785726937556100281186516461051364828,0.00023820867079561695,,L2_3_IT,4592.223260449493,-3054.559984223454,4575.489747809256,-3030.38923709714
975,168,252909173554285990170230591032493509020,0.00023820867079561695,,L2_3_IT,4592.223260449493,-3054.559984223454,4577.672377851406,-3097.4060747517537
1211,168,7788353546611057992034000678669511230,0.00023820867079561695,,L2_3_IT,4592.223260449493,-3054.559984223454,4609.039375563393,-3085.9307815465254
144,169,335022570506749879853234620150404694050,0.00023820867079561695,,L6_CT,4682.722225259982,-3054.559984223454,4659.409153631151,-3088.083684560091
744,169,194928749698777108275692222690521274274,0.00023820867079561695,,L6_CT,4682.722225259982,-3054.559984223454,4706.639842079075,-3031.0452841277092
1172,169,261605560369050557975278773818342163899,0.00023820867079561695,,L6_CT,4682.722225259982,-3054.559984223454,4678.042112152257,-3030.16180542526
1272,169,102870537692237395622163702944556475667,0.00023820867079561695,,L6_CT,4682.722225259982,-3054.559984223454,4709.196438594431,-3029.6322918291266
881,169,27638264403499565224143349481790624529,0.00023820867079561695,,Micro,4682.722225259982,-3054.559984223454,4660.323579843007,-3093.876855175084
444,17,170928492876181032297626656986148336784,0.00023820867079561695,,L4_5_IT,4320.726366018023,-3778.551702707372,4299.498263769778,-3766.0434067054216
1607,17,108897306588365799411710906316405962594,0.00023820867079561695,,L4_5_IT,4320.726366018023,-3778.551702707372,4321.011675918277,-3755.4043277402916
3528,17,100542677892296141453580613270127987555,0.00023820867079561695,,L4_5_IT,4320.726366018023,-3778.551702707372,4299.4029210837925,-3768.349938523284
1030,17,111957213714728414706532385407794477404,0.00023820867079561695,,Astro,4320.726366018023,-3778.551702707372,4335.327738368914,-3821.380613310062
1048,17,173087680758843794395720535940577092094,0.00023820867079561695,,L5_IT,4320.726366018023,-3778.551702707372,4348.39123094935,-3781.5802272578035
2235,170,124181157945990675303084340971216308,0.00023820867079561695,,L5_6_NP,4773.221190070472,-3054.559984223454,4765.382807011551,-3086.6070462933035
147,170,217858379046731777897612720382158897630,0.00023820867079561695,,Pvalb,4773.221190070472,-3054.559984223454,4766.11877182468,-3010.0090294982283
272,170,46908506632624688884848422255792305833,0.00023820867079561695,,Pvalb,4773.221190070472,-3054.559984223454,4794.102472688146,-3060.7912059378186
1786,170,107128566224022179178369526310840085013,0.00023820867079561695,,Vip,4773.221190070472,-3054.559984223454,4800.221927839401,-3090.870806547881
1793,170,49488126646435415973225982208209678830,0.00023820867079561695,,Pvalb,4773.221190070472,-3054.559984223454,4740.279970988615,-3024.521832840038
3492,171,45057974588102408841683372985127190750,0.00023820867079561695,,Astro,4863.720154880962,-3054.559984223454,4845.35010276346,-3027.972093837967
167,171,87995555780090400676444943187231083515,0.00023820867079561695,,Endo,4863.720154880962,-3054.559984223454,4872.614608664844,-3049.226939976801
1915,171,19096302458032550571542836194244365102,0.00023820867079561695,,Endo,4863.720154880962,-3054.559984223454,4855.845805111169,-3025.4003514728
307,171,95151643681882876381063140536507572719,0.00023820867079561695,,L6_CT,4863.720154880962,-3054.559984223454,4862.111394589476,-3099.780859361681
1654,171,112469422406181309407922110486425116786,0.00023820867079561695,,L5_ET,4863.720154880962,-3054.559984223454,4882.678863275859,-3070.4196764680223
2272,172,127439803895180655467986187466773056933,0.00023820867079561695,,L5_ET,4954.219119691452,-3054.559984223454,4956.879391897812,-3067.6202844985273
2274,172,318739030299563883822017843146893701903,0.00023820867079561695,,L5_ET,4954.219119691452,-3054.559984223454,4939.808189342238,-3057.7170870264217
2368,172,230044753823692333915951915958118829798,0.00023820867079561695,,L5_ET,4954.219119691452,-3054.559984223454,4948.840882699734,-3074.613379218937
318,172,323988595127200135005341966653097969703,0.00023820867079561695,,L6_CT,4954.219119691452,-3054.559984223454,4992.533939098706,-3058.272586088596
1124,172,95080792994819345341245463026188822273,0.00023820867079561695,,L6_CT,4954.219119691452,-3054.559984223454,4933.033195418787,-3014.5765842847863
1365,173,125629030869662067549908075185258176556,0.00023820867079561695,,Pvalb,5044.718084501941,-3054.559984223454,5037.105540899862,-3039.795711062536
532,173,257132415861351162266276828374522024844,0.00023820867079561695,,Sst,5044.718084501941,-3054.559984223454,5040.63833252477,-3061.4770071087473
903,173,116822605181254088930411411515437326892,0.00023820867079561695,,Sst,5044.718084501941,-3054.559984223454,5031.194538260287,-3081.40729911146
797,173,224719653563291074292996397172628136982,0.00023820867079561695,,L6_CT,5044.718084501941,-3054.559984223454,5075.681464868458,-3021.5632459873655
1225,173,93119081411334935341259672959433804264,0.00023820867079561695,,Sst,5044.718084501941,-3054.559984223454,5038.9705459563365,-3068.556657847158
974,174,294105624123804698185081775492339351274,0.00023820867079561695,,L6_CT,5135.21704931243,-3054.559984223454,5170.192275544994,-3069.1967985476153
3111,174,50324170612214040779833648105595615577,0.00023820867079561695,,Lamp5,5135.21704931243,-3054.559984223454,5100.438275003427,-3025.6125747451265
1087,174,124006632518508737793505439415136457597,0.00023820867079561695,,L4_5_IT,5135.21704931243,-3054.559984223454,5112.576836329659,-3048.126613778906
1627,174,181012374184480342892519765184970987569,0.00023820867079561695,,L6_CT,5135.21704931243,-3054.559984223454,5174.497135070133,-3064.766219761954
1788,174,174986382709528496570486972853802459258,0.00023820867079561695,,Astro,5135.21704931243,-3054.559984223454,5118.380724613951,-3065.0977142836755
491,175,295037749000692520983051304079697010560,0.00023820867079561695,,L6_CT,5225.716014122921,-3054.559984223454,5180.5904720421395,-3057.906790142265
1068,175,141767465838160779066983486235249191907,0.00023820867079561695,,L6_CT,5225.716014122921,-3054.559984223454,5228.219019280856,-3024.8577387323826
1395,175,1400172257028099142812581695216429783,0.00023820867079561695,,L6_CT,5225.716014122921,-3054.559984223454,5235.998001877407,-3084.2439607393408
1476,175,163203005756551159184045162471167638296,0.00023820867079561695,,L6_IT,5225.716014122921,-3054.559984223454,5230.42977687597,-3069.376746859591
1499,175,172364820879644582126599274760798403954,0.00023820867079561695,,L6_CT,5225.716014122921,-3054.559984223454,5253.342800538231,-3036.414684643709
439,176,288320749174089606835977361119950794348,0.00023820867079561695,,L5_6_NP,5316.214978933411,-3054.559984223454,5327.370665113702,-3031.233458835383
2358,176,108782742060644928554004549985743390995,0.00023820867079561695,,L5_ET,5316.214978933411,-3054.559984223454,5319.761717141493,-3085.031608129228
2471,176,83135844185605570853091543415388887951,0.00023820867079561695,,OPC,5316.214978933411,-3054.559984223454,5310.529956987329,-3058.940897569586
77,176,98216088586577108491455502912952609560,0.00023820867079561695,,Endo,5316.214978933411,-3054.559984223454,5282.615461725539,-3024.2517658439383
3961,176,197287871120850954988718369617799853716,0.00021461252887718257,,OPC,5316.214978933411,-3054.559984223454,5340.797093698995,-3073.342190739138
143,177,7842141559414758223677007614096004400,0.00023820867079561695,,L4_5_IT,5406.7139437439,-3054.559984223454,5422.89942866545,-3073.6621645689384
381,177,266814253359749431832062937049348625551,0.00023820867079561695,,L4_5_IT,5406.7139437439,-3054.559984223454,5392.780487665645,-3088.857362646608
2628,177,162849485866403490962525325411640330650,0.00023820867079561695,,Sst,5406.7139437439,-3054.559984223454,5385.162257269962,-3046.1461429036885
638,177,160135693422806951830649568779459349336,0.00023820867079561695,,L6_CT,5406.7139437439,-3054.559984223454,5401.315073300571,-3009.6337351492357
1807,177,259040989848278068281814311564629143368,0.00023820867079561695,,L6_IT,5406.7139437439,-3054.559984223454,5431.412471817891,-3054.500515848791
291,178,116349266390926889663599346750366752580,0.00023820867079561695,,Micro,3687.233612344596,-2964.0610194129645,3678.756857555364,-2937.546980902233
182,178,143289088436584947082475622857530211287,0.00023820867079561695,,VLMC,3687.233612344596,-2964.0610194129645,3690.1181926402687,-2933.9282528836934
1529,178,261335247650430505606880987070138312175,0.00023820867079561695,,VLMC,3687.233612344596,-2964.0610194129645,3702.3841707798492,-2980.773982872991
3246,178,219765736095814982756835976357821816088,0.00023820867079561695,,VLMC,3687.233612344596,-2964.0610194129645,3663.2926789673247,-3002.4582506538704
3428,178,118172850475291908371050810603671227943,0.00023820867079561695,,VLMC,3687.233612344596,-2964.0610194129645,3701.616161780182,-2965.5976297520347
1860,179,44636953269207925160887644162541936661,0.00023820867079561695,,Astro,3777.732577155085,-2964.0610194129645,3779.5619911839717,-3009.2735055451544
3398,179,124213766751185189169263477806296981088,0.00023820867079561695,,Astro,3777.732577155085,-2964.0610194129645,3783.128046200715,-2942.35434346097
226,179,35009704067730176945390472745852891097,0.00023820867079561695,,Endo,3777.732577155085,-2964.0610194129645,3768.313137181255,-2959.7689835137508
326,179,300896006220218861948003103259311132016,0.00023820867079561695,,Endo,3777.732577155085,-2964.0610194129645,3782.038753395806,-2953.584097769536
568,179,320172137965255231535979562921910584126,0.00023820867079561695,,Endo,3777.732577155085,-2964.0610194129645,3775.6209578136786,-2955.324166775412
1583,18,75337291616971144589237382911723539520,0.00023820867079561695,,L5_ET,4411.2253308285135,-3778.551702707372,4401.180078134456,-3799.424559234076
2036,18,56119389863602940432023293698269854296,0.00023820867079561695,,L5_ET,4411.2253308285135,-3778.551702707372,4407.796906739523,-3768.183387326769
1114,18,14875063427411396832594584258365770278,0.00023820867079561695,,Sst,4411.2253308285135,-3778.551702707372,4383.237103816571,-3814.1069387025177
728,18,263254925507523912085850853294650353730,0.00023820867079561695,,L5_IT,4411.2253308285135,-3778.551702707372,4424.70384579817,-3751.841137774389
749,18,262705991403438000237170990739958286256,0.00023820867079561695,,L4_5_IT,4411.2253308285135,-3778.551702707372,4439.208719653852,-3759.202490499119
211,180,276569772317067509030644345553555912683,0.00023820867079561695,,L2_3_IT,3868.231541965575,-2964.0610194129645,3882.8719060163,-2968.3957161468625
188,180,203019543766845304992877954172309223456,0.00023820867079561695,,L4_5_IT,3868.231541965575,-2964.0610194129645,3877.679704200289,-2962.8110324876648
217,180,271798182826887072915833373962976150053,0.00023820867079561695,,L4_5_IT,3868.231541965575,-2964.0610194129645,3879.044946664006,-2961.0467764575833
720,180,330299712135454867966962821750458660374,0.00023820867079561695,,L5_6_NP,3868.231541965575,-2964.0610194129645,3878.544925981096,-2962.2324435049595
1408,180,157738828637832380116435705528947419696,0.00023820867079561695,,VLMC,3868.231541965575,-2964.0610194129645,3823.0162269661855,-2965.819128467753
723,181,124307940257317766077973142098396821412,0.00023820867079561695,,L2_3_IT,3958.730506776065,-2964.0610194129645,3960.9227195719723,-2978.430513048857
1032,181,178078999759883984354417661817549306241,0.00023820867079561695,,L2_3_IT,3958.730506776065,-2964.0610194129645,3949.7093940089594,-2972.2176458076647
1119,181,108994371364937615578426176957915465926,0.00023820867079561695,,L2_3_IT,3958.730506776065,-2964.0610194129645,3964.586196602165,-2964.9078743416712
1748,181,55556557797935855254906619263710340050,0.00023820867079561695,,L2_3_IT,3958.730506776065,-2964.0610194129645,3943.7932233292895,-2921.348103085778
1858,181,259364304756157202559473539690691530693,0.00023820867079561695,,L2_3_IT,3958.730506776065,-2964.0610194129645,3974.641000367943,-2983.400960780847
445,182,209472812522025135907972701927806553146,0.00023820867079561695,,L2_3_IT,4049.2294715865546,-2964.0610194129645,4046.656406327964,-2948.3218250151203
493,182,143355025948092430141548479951644198776,0.00023820867079561695,,L2_3_IT,4049.2294715865546,-2964.0610194129645,4036.951448101508,-2952.315824160678
958,182,117728794824014836263669457382888967555,0.00023820867079561695,,L6_IT,4049.2294715865546,-2964.0610194129645,4060.158886419593,-2964.679519669899
737,182,28067970494837839748229934795603092225,0.00023820867079561695,,L2_3_IT,4049.2294715865546,-2964.0610194129645,4012.36624255449,-2971.3282519669733
1506,182,34264636844506951564331213663018944859,0.00023820867079561695,,L4_5_IT,4049.2294715865546,-2964.0610194129645,4090.014374529211,-2983.6596762521617
374,183,221710308438233008943881046301419213610,0.00023820867079561695,,L4_5_IT,4139.728436397044,-2964.0610194129645,4136.8857091384,-2960.619667047533
415,183,189482334864549855810625171365531712492,0.00023820867079561695,,L4_5_IT,4139.728436397044,-2964.0610194129645,4120.725586004165,-2951.4107495172125
758,183,239053440471115759487636807252117411559,0.00023820867079561695,,L4_5_IT,4139.728436397044,-2964.0610194129645,4153.660409463934,-2967.3211116964635
983,183,298557634373992847245911112956311566945,0.00023820867079561695,,L2_3_IT,4139.728436397044,-2964.0610194129645,4122.949996782042,-2938.973970683296
985,183,193960689677983729893475526501139578344,0.00023820867079561695,,L4_5_IT,4139.728436397044,-2964.0610194129645,4164.420480596677,-3001.979598120319
2144,184,278352434919535694883769213280126305523,0.00023820867079561695,,L5_6_NP,4230.227401207534,-2964.0610194129645,4191.88478230725,-2981.528845222649
613,184,9637593371317331613703614239451532005,0.00023820867079561695,,L4_5_IT,4230.227401207534,-2964.0610194129645,4229.003902154725,-2918.828081104578
1373,184,239327817623953644774946479559374235798,0.00023820867079561695,,L4_5_IT,4230.227401207534,-2964.0610194129645,4255.738568642452,-2966.3096740721744
1666,184,115999603884816744753430464928476512481,0.00023820867079561695,,L4_5_IT,4230.227401207534,-2964.0610194129645,4227.90762463485,-2978.4334492989083
2005,184,146326030467151409296173249773754138948,0.00023820867079561695,,L4_5_IT,4230.227401207534,-2964.0610194129645,4246.6021282983875,-2975.2050473665054
263,185,88921457040482781341968534156566904966,0.00023820867079561695,,L6_IT,4320.726366018023,-2964.0610194129645,4349.6951876322555,-2961.1705368462763
662,185,117052171560025895233546683318472174965,0.00023820867079561695,,Pvalb,4320.726366018023,-2964.0610194129645,4318.54339564692,-2969.9434097959493
664,185,161925118622011653251935135475475464319,0.00023820867079561695,,Pvalb,4320.726366018023,-2964.0610194129645,4335.754292523842,-2967.667511953614
1153,185,309759485370683121495795098454720452751,0.00023820867079561695,,Pvalb,4320.726366018023,-2964.0610194129645,4322.827397575509,-2968.37156866278
1208,185,255200170125539055159973155026768125893,0.00023820867079561695,,L4_5_IT,4320.726366018023,-2964.0610194129645,4276.811556711598,-2953.1520698062013
384,186,49005085154058346030288577258238791777,0.00023820867079561695,,L5_ET,4411.2253308285135,-2964.0610194129645,4390.3826315369315,-2930.7399000013643
462,186,62200948461666133145822915084923853301,0.00023820867079561695,,L6_IT,4411.2253308285135,-2964.0610194129645,4396.970297399249,-2948.6116638391377
676,186,40939547012830077241889026574318594315,0.00023820867079561695,,Peri,4411.2253308285135,-2964.0610194129645,4428.457358253054,-3005.900867509993
2073,186,254799496896529144406822432467435270151,0.00023820867079561695,,Peri,4411.2253308285135,-2964.0610194129645,4439.43195991469,-2992.05432523966
2155,186,201725832123495542861903891434452607968,0.00023820867079561695,,L5_ET,4411.2253308285135,-2964.0610194129645,4400.884407038649,-2942.998340474673
1492,187,4225540512996765088319663865953331825,0.00023820867079561695,,Astro,4501.724295639003,-2964.0610194129645,4478.611649249596,-2989.9402047902713
1798,187,121500964151967952948386852758082417550,0.00023820867079561695,,Astro,4501.724295639003,-2964.0610194129645,4515.179962104435,-2968.9685631437846
150,187,200232678939698199677760681633284565800,0.00023820867079561695,,L4_5_IT,4501.724295639003,-2964.0610194129645,4545.498899579277,-2952.602410954054
1108,187,193746905104281990284598740941595210851,0.00023820867079561695,,L4_5_IT,4501.724295639003,-2964.0610194129645,4458.817686795126,-2962.1835854981073
1565,187,114331788353756305922838715143844698387,0.00023820867079561695,,L6_IT,4501.724295639003,-2964.0610194129645,4510.5132804665745,-2946.610332678611
392,188,128895439225780069205572845256628639402,0.00023820867079561695,,L2_3_IT,4592.223260449493,-2964.0610194129645,4562.346547465465,-2974.5504596308538
986,188,236366012408799442211188006006012522132,0.00023820867079561695,,L2_3_IT,4592.223260449493,-2964.0610194129645,4565.840221707575,-2975.4921052183727
1167,188,263050539819766790672557163048423832866,0.00023820867079561695,,L2_3_IT,4592.223260449493,-2964.0610194129645,4584.732232349157,-2961.9432226399877
1402,188,146589899840976964339258946674460971234,0.00023820867079561695,,L2_3_IT,4592.223260449493,-2964.0610194129645,4616.3983092585595,-2966.1963204387466
2209,188,331428573995583582451551598071411651099,0.00023820867079561695,,L2_3_IT,4592.223260449493,-2964.0610194129645,4631.798991466708,-2942.122989136853
2640,189,98066885232680676224218719444364845931,0.00023820867079561695,,L2_3_IT,4682.722225259982,-2964.0610194129645,4638.37810536628,-2973.0673887589023
328,189,139682608837126527973214708026738559770,0.00023820867079561695,,L5_ET,4682.722225259982,-2964.0610194129645,4699.551178956478,-2965.9011284063195
68,189,200792426705393496475825558774636708129,0.00023820867079561695,,L6_CT,4682.722225259982,-2964.0610194129645,4702.768707048563,-2969.3108493967916
1496,189,23044327192105566599359426758755226758,0.00023820867079561695,,L5_ET,4682.722225259982,-2964.0610194129645,4684.2679825557,-2942.350602151896
1900,189,86079373224668850872954679641925077593,0.00023820867079561695,,Endo,4682.722225259982,-2964.0610194129645,4688.645152372888,-2969.6751283509116
691,19,306963153863075739468955962296135397073,0.00023820867079561695,,L5_ET,4501.724295639003,-3778.551702707372,4493.501431323082,-3780.817768279005
3220,19,262513366284392704051059994100828791627,0.00023820867079561695,,L6_IT_Car3,4501.724295639003,-3778.551702707372,4506.319273775582,-3765.147371306573
475,19,9671416807543251361327700808716091660,0.00023820867079561695,,L5_IT,4501.724295639003,-3778.551702707372,4495.895533940708,-3744.721579969052
790,19,74347703569415824165214140174637520789,0.00023820867079561695,,L2_3_IT,4501.724295639003,-3778.551702707372,4514.02722954595,-3778.360216233161
1450,19,218850266073139083002978933568085322011,0.00023820867079561695,,Oligo,4501.724295639003,-3778.551702707372,4498.878009609677,-3823.7115777490703
2022,190,171724966371908384415719583685037441878,0.00023820867079561695,,L5_6_NP,4773.221190070472,-2964.0610194129645,4751.991549747813,-3001.26091717023
3229,190,287300892240472326478221208137625604492,0.00023820867079561695,,L6_IT,4773.221190070472,-2964.0610194129645,4757.699623256557,-2921.5569417075994
1540,190,32605632250473291914599906714144867621,0.00023820867079561695,,OPC,4773.221190070472,-2964.0610194129645,4757.779363046328,-2965.8016172955713
1361,190,272703850843569468165518297821728857911,0.00023820867079561695,,Pvalb,4773.221190070472,-2964.0610194129645,4781.813849038341,-2959.5222382477723
1769,190,106561992046978215401519618966084432396,0.00023820867079561695,,Peri,4773.221190070472,-2964.0610194129645,4816.821565263312,-2972.1633826436437
1109,191,196521311271683416928941460925972818408,0.00023820867079561695,,Astro,4863.720154880962,-2964.0610194129645,4849.302359443442,-2975.8948226148837
1086,191,308357476884266102102529769657580184588,0.00023820867079561695,,L5_6_NP,4863.720154880962,-2964.0610194129645,4868.067852341513,-2983.6786622900718
97,191,89586167578779823113119949524366177057,0.00023820867079561695,,L5_IT,4863.720154880962,-2964.0610194129645,4891.915442403103,-2950.3170617477604
769,191,150596284671765730645425607474088521486,0.00023820867079561695,,L2_3_IT,4863.720154880962,-2964.0610194129645,4890.49609457845,-2951.9574805595644
1082,191,222982856434239778672923092201037818441,0.00023820867079561695,,Pvalb,4863.720154880962,-2964.0610194129645,4818.819025638293,-2958.4570698525436
1246,192,18668118204741381250906606862948760955,0.00023820867079561695,,L5_ET,4954.219119691452,-2964.0610194129645,4959.01210968242,-3009.0559402917597
936,192,162706994072542159716552166485767071278,0.00023820867079561695,,L6b,4954.219119691452,-2964.0610194129645,4956.300019286851,-2955.5117846936582
1281,192,87173632575457260668241221667145107306,0.00023820867079561695,,L6_CT,4954.219119691452,-2964.0610194129645,4983.467044635048,-2979.288956000481
1577,192,120923977259076516344672987644105875215,0.00023820867079561695,,L2_3_IT,4954.219119691452,-2964.0610194129645,4927.501244159187,-2932.732390190436
1683,192,90877613297369494448010823899945539737,0.00023820867079561695,,L5_IT,4954.219119691452,-2964.0610194129645,4944.815180693759,-2943.716025888486
1485,193,255319129547906650632313833997518829061,0.00023820867079561695,,L4_5_IT,5044.718084501941,-2964.0610194129645,5028.3694273585525,-2948.571623558474
322,193,316091570557215704463804098686404832693,0.00023820867079561695,,L6_CT,5044.718084501941,-2964.0610194129645,5021.956133287028,-3002.5259835679617
357,193,271248208122234762994613273881251664509,0.00023820867079561695,,Endo,5044.718084501941,-2964.0610194129645,5084.141240643451,-2941.849976713787
1055,193,338622681189373154898955437287150445148,0.00023820867079561695,,Endo,5044.718084501941,-2964.0610194129645,5080.536843769376,-2937.5675559735823
1893,193,71380617468287360791734143477668824041,0.00023820867079561695,,L2_3_IT,5044.718084501941,-2964.0610194129645,5008.586777451286,-2989.7899572510173
278,194,2810528343801394890909255403314203182,0.00023820867079561695,,Oligo,5135.21704931243,-2964.0610194129645,5119.458513877108,-2982.744156058096
589,194,152841910027478383754425129082913106228,0.00023820867079561695,,Oligo,5135.21704931243,-2964.0610194129645,5164.188826765301,-2949.6066139974223
1249,194,178504609741514738351722289087853275041,0.00023820867079561695,,Oligo,5135.21704931243,-2964.0610194129645,5105.405861866823,-2930.0197391634583
402,194,138109687274017997671992725780890907246,0.00023820867079561695,,L6_CT,5135.21704931243,-2964.0610194129645,5147.581559588231,-2977.7824680240083
788,194,90200107922681986280448029978386929900,0.00023820867079561695,,L6_CT,5135.21704931243,-2964.0610194129645,5139.450484464691,-2980.1521198218393
130,195,269029782338420348585609473738708893226,0.00023820867079561695,,L6_CT,5225.716014122921,-2964.0610194129645,5225.7025870113785,-2975.8030508670004
1868,195,103384017201440493716854958896156052945,0.00023820867079561695,,L6_IT,5225.716014122921,-2964.0610194129645,5233.7091412969885,-2968.5479045598395
3039,195,229727955394046817067235487955526353441,0.00023820867079561695,,L6_IT,5225.716014122921,-2964.0610194129645,5233.104469193576,-2979.059512308455
851,195,197366314512086537171483585260618300722,0.00023820867079561695,,L6_CT,5225.716014122921,-2964.0610194129645,5221.905606505426,-2976.5821428097515
1625,195,305992938988787265072038127886708488528,0.00023820867079561695,,Endo,5225.716014122921,-2964.0610194129645,5214.158266607231,-2920.312486519779
832,196,229826975150420475566230648608214866541,0.00023820867079561695,,L6_IT,5406.7139437439,-2964.0610194129645,5416.816997006275,-2962.6983007622775
2283,196,279224213807879448694406246530583802973,0.00023820867079561695,,L6_IT,5406.7139437439,-2964.0610194129645,5404.724552028062,-2994.180292422455
674,196,339719725696016303244645842534370206046,0.00023820867079561695,,L6_CT,5406.7139437439,-2964.0610194129645,5398.271235971534,-2945.3629790602345
1260,196,57491154361996888191766741446765249841,0.00023820867079561695,,L2_3_IT,5406.7139437439,-2964.0610194129645,5423.081443360039,-2996.3142492942284
1448,196,214585818789751062566341682800275903316,0.00023820867079561695,,L6_CT,5406.7139437439,-2964.0610194129645,5390.675490353557,-2921.749275525619
499,197,259941628059983347723063344564634124219,0.00023820867079561695,,L2_3_IT,3687.233612344596,-2873.5620546024747,3685.7392687908255,-2860.7136803527
522,197,271555973661006562470339208339163527213,0.00023820867079561695,,Endo,3687.233612344596,-2873.5620546024747,3692.638512792558,-2901.58283648196
614,197,140761686253127695098823455643083101369,0.00023820867079561695,,L2_3_IT,3687.233612344596,-2873.5620546024747,3664.405141738446,-2866.1170175701436
1403,197,208776376626168026403817460914058478046,0.00023820867079561695,,L2_3_IT,3687.233612344596,-2873.5620546024747,3660.904949443469,-2865.3218850801977
1428,197,151482363565431761197260568380330558177,0.00023820867079561695,,Endo,3687.233612344596,-2873.5620546024747,3732.4801889576966,-2874.074853527374
1168,198,239879967377135579801658784895399744477,0.00023820867079561695,,Astro,3777.732577155085,-2873.5620546024747,3751.008609923251,-2910.077054716598
199,198,209523505296376558283256321298259487003,0.00023820867079561695,,Lamp5,3777.732577155085,-2873.5620546024747,3761.16575089122,-2872.6271969568133
364,198,16245742333439647413559644066524008432,0.00023820867079561695,,Endo,3777.732577155085,-2873.5620546024747,3820.334533335278,-2864.152965418426
1675,198,148698551563174038060340615389181882932,0.00023820867079561695,,Lamp5,3777.732577155085,-2873.5620546024747,3758.0725299241826,-2845.96273787207
1863,198,85351536941614794346366445298635313076,0.00023820867079561695,,L4_5_IT,3777.732577155085,-2873.5620546024747,3798.081461701487,-2874.990318048466
745,199,8594839873122072259184640382937986751,0.00023820867079561695,,PVM,3868.231541965575,-2873.5620546024747,3868.3675111207776,-2866.8231921478136
2703,199,51000318836133112674929307143956375541,0.00023820867079561695,,Peri,3868.231541965575,-2873.5620546024747,3854.321742912932,-2881.4539786770615
1935,199,33926415722825268156034148194597994123,0.00023820867079561695,,PVM,3868.231541965575,-2873.5620546024747,3867.571052256686,-2854.1700313518927
2458,199,62880368439879109100609746951839780765,0.00023820867079561695,,Endo,3868.231541965575,-2873.5620546024747,3862.832598787604,-2851.1296830207616
2864,199,7143959258857116768668838420408276424,0.00023820867079561695,,VLMC,3868.231541965575,-2873.5620546024747,3888.0648047498717,-2914.2333878148443
241,2,320441263060659624833297526969188659611,0.00023820867079561695,,Astro,3868.231541965575,-3959.549632328352,3880.497571690784,-3944.1362864138573
1291,2,151539140003703281379559268540780337424,0.00023820867079561695,,Astro,3868.231541965575,-3959.549632328352,3872.1135511059215,-3963.87608461141
1331,2,97248871741632369337180127899591927014,0.00023820867079561695,,Astro,3868.231541965575,-3959.549632328352,3882.658476416696,-3974.331447169589
1539,2,278475742754239587300667698969986549545,0.00023820867079561695,,Astro,3868.231541965575,-3959.549632328352,3873.6875145228482,-3983.227811004602
1854,2,165561460020027881435633933261305575355,0.00023820867079561695,,Astro,3868.231541965575,-3959.549632328352,3832.200596091631,-3932.176532442306
355,20,117739163785431269766644133221035549892,0.00023820867079561695,,L2_3_IT,4592.223260449493,-3778.551702707372,4559.839301002149,-3759.2450046678055
2785,20,19718034023801164276248859736327196868,0.00023820867079561695,,Pvalb,4592.223260449493,-3778.551702707372,4583.752697196697,-3757.045312198511
59,20,259971664039018570867600826732558675566,0.00023820867079561695,,Astro,4592.223260449493,-3778.551702707372,4617.7653761374295,-3808.1653407618555
908,20,49130022169036320308530140058336412646,0.00023820867079561695,,L5_IT,4592.223260449493,-3778.551702707372,4634.69841201385,-3794.152252618429
1530,20,274906184032831930433419131495222241441,0.00023820867079561695,,L2_3_IT,4592.223260449493,-3778.551702707372,4565.0605158973285,-3774.150603290259
784,200,137981098199247793342070190605019902961,0.00023820867079561695,,L2_3_IT,3958.730506776065,-2873.5620546024747,4002.848938245323,-2863.5082163983407
793,200,87851031610139112736791838816574356900,0.00023820867079561695,,L2_3_IT,3958.730506776065,-2873.5620546024747,3930.7807862605587,-2861.6109600821774
201,200,89713040953526944717766063850524857216,0.00023820867079561695,,L4_5_IT,3958.730506776065,-2873.5620546024747,3936.2858373246845,-2834.727227580769
1182,200,123651558367263274671788797463480479905,0.00023820867079561695,,L5_IT,3958.730506776065,-2873.5620546024747,3958.534725212465,-2899.2219496461244
1201,200,212772825594368516490883998163624897803,0.00023820867079561695,,L4_5_IT,3958.730506776065,-2873.5620546024747,3965.202246837293,-2908.7419193049445
285,201,129761531825981135232086292516201913799,0.00023820867079561695,,L2_3_IT,4049.2294715865546,-2873.5620546024747,4040.4143125981136,-2883.3403925103544
362,201,264525498074360542572315233035240818522,0.00023820867079561695,,L2_3_IT,4049.2294715865546,-2873.5620546024747,4014.708775309368,-2877.2032568754657
906,201,271078034034675416098079420229194886984,0.00023820867079561695,,L2_3_IT,4049.2294715865546,-2873.5620546024747,4052.6726399062272,-2869.0998733440338
1338,201,236798361316688162996812461031145317154,0.00023820867079561695,,L2_3_IT,4049.2294715865546,-2873.5620546024747,4093.9509333976525,-2866.6695578544836
1381,201,72508052539459566755695655219995275263,0.00023820867079561695,,L2_3_IT,4049.2294715865546,-2873.5620546024747,4044.4006967214145,-2871.4971924280335
569,202,32209903254951173941393365186683949305,0.00023820867079561695,,L2_3_IT,4139.728436397044,-2873.5620546024747,4128.568424192402,-2871.3286201679894
479,202,326890972353965807565520761163385598335,0.00023820867079561695,,L4_5_IT,4139.728436397044,-2873.5620546024747,4164.183928577172,-2876.2028998663263
767,202,200164432920488714736511694371379073941,0.00023820867079561695,,L2_3_IT,4139.728436397044,-2873.5620546024747,4136.295776985627,-2878.957531179222
1238,202,27878964393745302684518993057061412234,0.00023820867079561695,,L2_3_IT,4139.728436397044,-2873.5620546024747,4099.177790024694,-2853.483191668354
1507,202,130209873725301473081264639784196379244,0.00023820867079561695,,L4_5_IT,4139.728436397044,-2873.5620546024747,4170.416262205337,-2887.8380301304787
454,203,173586914561174342920452395547758602262,0.00023820867079561695,,Endo,4230.227401207534,-2873.5620546024747,4204.131867481689,-2899.560246356117
2646,203,62359484477170957851618921805658862814,0.00023820867079561695,,Oligo,4230.227401207534,-2873.5620546024747,4259.937918114743,-2841.8150367873777
533,203,302034860684065024215652551021453679392,0.00023820867079561695,,Peri,4230.227401207534,-2873.5620546024747,4203.315652291497,-2901.414070059539
912,203,221632646971661995423735249555443633311,0.00023820867079561695,,Astro,4230.227401207534,-2873.5620546024747,4213.820603333846,-2873.1646868853627
1135,203,272907503406049253692797528669022153360,0.00023820867079561695,,OPC,4230.227401207534,-2873.5620546024747,4269.930964815902,-2851.8562329239753
222,204,205084089798241204306581613181649344570,0.00023820867079561695,,L2_3_IT,4320.726366018023,-2873.5620546024747,4340.723224512623,-2896.929408511337
706,204,250137743695765190033689656363005093471,0.00023820867079561695,,L2_3_IT,4320.726366018023,-2873.5620546024747,4275.5460878068025,-2876.0636778153485
651,204,135423778899640351287078292154986610170,0.00023820867079561695,,L4_5_IT,4320.726366018023,-2873.5620546024747,4327.98035856815,-2880.76856004971
2809,204,322435714311150208736324600926506890203,0.00023820867079561695,,L4_5_IT,4320.726366018023,-2873.5620546024747,4340.440610390432,-2866.901571580454
1815,204,132806199561986092647153618431676787687,0.00023820867079561695,,L2_3_IT,4320.726366018023,-2873.5620546024747,4318.941548812117,-2847.147055055504
786,205,31187777156888449305074442727837193145,0.00023820867079561695,,Pvalb,4411.2253308285135,-2873.5620546024747,4367.223173210177,-2884.1131579985017
657,205,122513491340778558614368482693808757593,0.00023820867079561695,,L5_IT,4411.2253308285135,-2873.5620546024747,4423.858814205349,-2871.6536200945193
1039,205,129663210993227391512486656089553512875,0.00023820867079561695,,L4_5_IT,4411.2253308285135,-2873.5620546024747,4409.685770884467,-2855.654162338047
1206,205,184832658757847788184018792219676932721,0.00023820867079561695,,L4_5_IT,4411.2253308285135,-2873.5620546024747,4415.267026039586,-2864.530078469892
1310,205,250802555995983050415745808419954516418,0.00023820867079561695,,L5_IT,4411.2253308285135,-2873.5620546024747,4440.091869802976,-2891.8592541114126
1866,206,206611320507661359258959764641991390692,0.00023820867079561695,,L5_ET,4501.724295639003,-2873.5620546024747,4502.856923799196,-2861.0068864096934
2405,206,694338038619692542949402389723528225,0.00023820867079561695,,SMC,4501.724295639003,-2873.5620546024747,4533.458592107376,-2879.875953696547
831,206,179400534792812387251480705983608581547,0.00023820867079561695,,VLMC,4501.724295639003,-2873.5620546024747,4514.441080582537,-2916.9878423171776
425,206,54126213983426896073026141762667417024,0.00023820867079561695,,L5_IT,4501.724295639003,-2873.5620546024747,4469.739910064816,-2858.2768335067008
1542,206,284036125205419384407218254915385613389,0.00023820867079561695,,L6_CT,4501.724295639003,-2873.5620546024747,4488.124971641105,-2851.66275708225
1665,207,251068001391129990706221095297946402906,0.00023820867079561695,,L5_ET,4592.223260449493,-2873.5620546024747,4636.549724799465,-2882.6549208267843
585,207,292543313084206700419685662824777867134,0.00023820867079561695,,L5_IT,4592.223260449493,-2873.5620546024747,4577.619819726653,-2866.760250087837
3067,207,69936950586492020552081098924613351774,0.00023820867079561695,,Vip,4592.223260449493,-2873.5620546024747,4560.809758070947,-2869.866969743881
1401,207,228412621229560199999378188370931653330,0.00023820867079561695,,L2_3_IT,4592.223260449493,-2873.5620546024747,4595.42023494223,-2861.9239738858073
2029,207,170614221256058488425367137101035585961,0.00023820867079561695,,L2_3_IT,4592.223260449493,-2873.5620546024747,4590.716764708179,-2886.6041584680643
1594,208,174468979632680426729428247510570703677,0.00023820867079561695,,L6_CT,4682.722225259982,-2873.5620546024747,4710.166399941593,-2879.9292762666955
2608,208,267329918867213995362900036261780564117,0.00023820867079561695,,L6_CT,4682.722225259982,-2873.5620546024747,4694.278600388809,-2892.8939548161397
288,208,24719179995333249692618441640306202410,0.00023820867079561695,,Pvalb,4682.722225259982,-2873.5620546024747,4700.401947096574,-2882.6225718921737
1901,208,258154299060284054866204216250804676137,0.00023820867079561695,,L5_IT,4682.722225259982,-2873.5620546024747,4647.326442648548,-2845.372442486188
2121,208,102500510899266198503869053721430715211,0.00023820867079561695,,L6_IT,4682.722225259982,-2873.5620546024747,4661.437736224395,-2866.9920275511695
2623,209,213677563216580434189280147829689294708,0.00023820867079561695,,L6_CT,4773.221190070472,-2873.5620546024747,4728.09473531909,-2876.896531999911
1735,209,170300623199946701724825750385235168766,0.00023820867079561695,,Oligo,4773.221190070472,-2873.5620546024747,4796.584983820687,-2843.3118370134425
1867,209,149346979155628824221049720458300449793,0.00023820867079561695,,Oligo,4773.221190070472,-2873.5620546024747,4789.662774449504,-2838.900310715243
92,209,9395467100224202867868594833147593894,0.00023820867079561695,,Pvalb,4773.221190070472,-2873.5620546024747,4781.354976300488,-2913.2690400851216
1090,209,27235076320142939777201454485685753284,0.00023820867079561695,,Pvalb,4773.221190070472,-2873.5620546024747,4770.4084804625845,-2895.4325531986647
1297,21,318716206975904562914333488892805224593,0.00023820867079561695,,PVM,4682.722225259982,-3778.551702707372,4711.354604690378,-3784.4565205458916
1848,21,181035599953120736360021976948996141964,0.00023820867079561695,,PVM,4682.722225259982,-3778.551702707372,4684.604932041328,-3799.943364453212
317,21,111863034687314380190981430959510957302,0.00023820867079561695,,Peri,4682.722225259982,-3778.551702707372,4691.000710098059,-3817.1574465357244
853,21,73619529895011178816649053990700415392,0.00023820867079561695,,L5_IT,4682.722225259982,-3778.551702707372,4658.218626990973,-3740.511075349066
3985,21,322819546553275779136260215350983624820,0.00019101638695875032,,L5_6_NP,4682.722225259982,-3778.551702707372,4668.432252479164,-3750.690106652964
1799,210,256064711062215271619286519608830130510,0.00023820867079561695,,L4_5_IT,4863.720154880962,-2873.5620546024747,4880.908377549046,-2862.782193646352
2982,210,254516999685319419960628816957255635375,0.00023820867079561695,,Pvalb,4863.720154880962,-2873.5620546024747,4825.341759941323,-2897.533171802131
1466,210,146522578791024958217160711706172964556,0.00023820867079561695,,L2_3_IT,4863.720154880962,-2873.5620546024747,4878.443875033749,-2857.9265112147195
2123,210,98045066771476326041493800969525067523,0.00023820867079561695,,L2_3_IT,4863.720154880962,-2873.5620546024747,4892.391370383534,-2863.4713527936387
4041,210,65934511827859014809547906712463289643,0.00019101638695874878,,Sncg,4863.720154880962,-2873.5620546024747,4841.515391497154,-2886.0970435555305
1234,211,180794178761621023352264601753905331336,0.00023820867079561695,,L5_ET,4954.219119691452,-2873.5620546024747,4941.591496859073,-2867.9465954272728
576,211,185711080572212347097941881535200625758,0.00023820867079561695,,L5_IT,4954.219119691452,-2873.5620546024747,4930.303280559397,-2879.0961931361235
1199,211,112285502060035374571848108221936600403,0.00023820867079561695,,L4_5_IT,4954.219119691452,-2873.5620546024747,4954.832989565957,-2868.872265709398
2031,211,280755749704251490041175884654487706381,0.00023820867079561695,,L5_IT,4954.219119691452,-2873.5620546024747,4998.623271296807,-2882.2676262753284
2279,211,318016418047238305481979446675909293334,0.00023820867079561695,,L5_IT,4954.219119691452,-2873.5620546024747,4945.744560176029,-2869.627592464241
1907,212,294821800702651936752488521826665323729,0.00023820867079561695,,L6_IT,5044.718084501941,-2873.5620546024747,5029.960415164493,-2876.59808985882
1396,212,270720369525756505524730763674877428886,0.00023820867079561695,,L5_IT,5044.718084501941,-2873.5620546024747,5034.207058429661,-2856.8498049124673
2371,212,89436715601887557520400360609769658423,0.00023820867079561695,,L6_CT,5044.718084501941,-2873.5620546024747,5068.16415628466,-2891.921083544419
2633,212,28685329259980853150232337008874910045,0.00023820867079561695,,L2_3_IT,5044.718084501941,-2873.5620546024747,5020.1944322902345,-2835.5343523297656
2685,212,253530239266393775674573999526307905755,0.00023820867079561695,,L6_CT,5044.718084501941,-2873.5620546024747,5071.064360340664,-2906.9069423669034
755,213,140471254238717303501713590942706407435,0.00023820867079561695,,Peri,5135.21704931243,-2873.5620546024747,5149.624328869986,-2902.564756848519
3627,213,10211118390275140178218693553065860949,0.00023820867079561695,,Peri,5135.21704931243,-2873.5620546024747,5120.937835331925,-2902.0222176783477
145,213,71573597578405374189216322561599122466,0.00023820867079561695,,SMC,5135.21704931243,-2873.5620546024747,5153.143222562851,-2868.2131511681646
865,213,221674964025880593116345721665163322969,0.00023820867079561695,,Endo,5135.21704931243,-2873.5620546024747,5129.493655525812,-2864.985041603355
890,213,69462657528292667527630339816219689484,0.00023820867079561695,,SMC,5135.21704931243,-2873.5620546024747,5122.886204271568,-2830.025105713964
725,214,126553059120144034437824759091430653236,0.00023820867079561695,,L6_CT,5225.716014122921,-2873.5620546024747,5233.132895806699,-2860.0053403071356
1362,214,85357072148495231209987862000462354180,0.00023820867079561695,,L6_CT,5225.716014122921,-2873.5620546024747,5237.413416914139,-2873.265780464532
1410,214,256485092091888796053575683505454660494,0.00023820867079561695,,L6_CT,5225.716014122921,-2873.5620546024747,5188.869151875575,-2899.8265629829425
1785,214,151490276104134482398551426146899601026,0.00023820867079561695,,L6_CT,5225.716014122921,-2873.5620546024747,5233.985202755271,-2872.672075315736
2100,214,196077909758613623543346136544702392422,0.00023820867079561695,,L6_CT,5225.716014122921,-2873.5620546024747,5235.17940326292,-2862.040513942046
353,215,177968811221713704248601447527659599047,0.00023820867079561695,,Oligo,5316.214978933411,-2873.5620546024747,5297.997033374927,-2886.8450456128758
366,215,60526758582873181558648365571590891218,0.00023820867079561695,,Oligo,5316.214978933411,-2873.5620546024747,5346.123179393999,-2871.4673497457875
773,215,335730569340152719494405333294344136944,0.00023820867079561695,,Oligo,5316.214978933411,-2873.5620546024747,5311.633435851296,-2893.85175479187
1336,215,292011232315990266290854445382242988758,0.00023820867079561695,,Oligo,5316.214978933411,-2873.5620546024747,5288.271256359396,-2837.9718308514352
1430,215,36865418986234255221808864655749000247,0.00023820867079561695,,Oligo,5316.214978933411,-2873.5620546024747,5337.049989687384,-2877.674292010399
273,216,172457194374532387736423755737218590938,0.00023820867079561695,,L6_CT,5406.7139437439,-2873.5620546024747,5394.23558582235,-2890.041427146545
893,216,104365014135643894222330683479992207738,0.00023820867079561695,,L6_CT,5406.7139437439,-2873.5620546024747,5406.245050749436,-2852.847458733672
1308,216,293945353968010263963111501403977035298,0.00023820867079561695,,L6_CT,5406.7139437439,-2873.5620546024747,5378.509181277883,-2850.8758493016367
3038,216,228001330197318788530854515227161853966,0.00023820867079561695,,OPC,5406.7139437439,-2873.5620546024747,5437.12503190699,-2907.068492411936
3025,216,309085442420406308733202070007507089596,0.00023820867079561695,,L6_CT,5406.7139437439,-2873.5620546024747,5417.454868962883,-2866.977045418558
2440,217,306333004144773985343115242854142439703,0.00023820867079561695,,PVM,3687.233612344596,-2783.063089791985,3650.60071027919,-2809.62520838612
2957,217,317023097530068487610875241698811588125,0.00023820867079561695,,SMC,3687.233612344596,-2783.063089791985,3679.9026521997944,-2774.6302529843333
22,217,122320279961254459155016281280681076832,0.00023820867079561695,,L5_IT,3687.233612344596,-2783.063089791985,3721.251266850925,-2769.945939489225
1812,217,170508085715627990516321875194265763259,0.00023820867079561695,,VLMC,3687.233612344596,-2783.063089791985,3671.659294554689,-2775.0698584958186
2505,217,330433784444463300614118559364805976266,0.00023820867079561695,,VLMC,3687.233612344596,-2783.063089791985,3712.754137838371,-2786.0441896044163
146,218,186260741215641449637347558484565344475,0.00023820867079561695,,OPC,3777.732577155085,-2783.063089791985,3783.6860772702858,-2768.5752992944144
206,218,62179116722031549924954572524533105089,0.00023820867079561695,,OPC,3777.732577155085,-2783.063089791985,3794.175072380566,-2773.2747762277304
704,218,70097532819288778417580021179354918596,0.00023820867079561695,,L6_CT,3777.732577155085,-2783.063089791985,3755.2452107974254,-2776.707021379899
1455,218,225596799735968710328680938654860737406,0.00023820867079561695,,L6_CT,3777.732577155085,-2783.063089791985,3761.578999883334,-2771.4623685331767
1928,218,230032870817219677532302135997060307300,0.00023820867079561695,,Endo,3777.732577155085,-2783.063089791985,3793.9775254438096,-2825.2959835247048
448,219,229823854454411832419871134590757731841,0.00023820867079561695,,Endo,3868.231541965575,-2783.063089791985,3912.146386734554,-2772.154282943433
476,219,61692554902472215082967072190039456268,0.00023820867079561695,,Endo,3868.231541965575,-2783.063089791985,3851.4770869214867,-2798.7025681189075
1487,219,105800546334780003599145862547236550829,0.00023820867079561695,,Endo,3868.231541965575,-2783.063089791985,3860.789075576978,-2776.088591951141
2050,219,256970017598600057297786742794117500537,0.00023820867079561695,,Endo,3868.231541965575,-2783.063089791985,3868.4591151896293,-2790.390615058737
2094,219,167537874458981122237810682610136715720,0.00023820867079561695,,Endo,3868.231541965575,-2783.063089791985,3848.2860454052175,-2777.97939088771
161,22,152202305000543428341875978587616408357,0.00023820867079561695,,L5_ET,4773.221190070472,-3778.551702707372,4805.345371713462,-3746.6839664885756
632,22,287355014956573993393778998560433863575,0.00023820867079561695,,Astro,4773.221190070472,-3778.551702707372,4746.147352900825,-3784.134407374244
859,22,232618042533944300301843875368436677407,0.00023820867079561695,,Astro,4773.221190070472,-3778.551702707372,4740.5879507902455,-3778.9037492232706
1726,22,151526153313547564862311818624500171689,0.00023820867079561695,,L5_6_NP,4773.221190070472,-3778.551702707372,4783.534094662321,-3785.3402354772825
1991,22,334698906494976594394505671292622692956,0.00023820867079561695,,L2_3_IT,4773.221190070472,-3778.551702707372,4790.491180285498,-3797.6961549734856
1302,220,3097956688612534549222273955042396088,0.00023820867079561695,,L5_ET,3958.730506776065,-2783.063089791985,3946.734995494226,-2791.535471598665
900,220,105071344348029652741587405638132693436,0.00023820867079561695,,Micro,3958.730506776065,-2783.063089791985,3925.2184066187074,-2752.658241478175
2135,220,9703000385709328315257559304424166909,0.00023820867079561695,,Micro,3958.730506776065,-2783.063089791985,3962.1894753130755,-2782.724873235778
251,220,53103240081708652169208526160240383497,0.00023820867079561695,,L2_3_IT,3958.730506776065,-2783.063089791985,3982.4798442608567,-2797.291032518053
295,220,95083447133767562742376620489786959999,0.00023820867079561695,,L2_3_IT,3958.730506776065,-2783.063089791985,3977.029812193464,-2791.105830129261
1653,221,114681559891705002088039073640521713147,0.00023820867079561695,,L4_5_IT,4049.2294715865546,-2783.063089791985,4065.3299677828227,-2793.2190827338763
428,221,96076625223103334311120773836470334373,0.00023820867079561695,,Vip,4049.2294715865546,-2783.063089791985,4063.516445462377,-2819.8011340048365
1515,221,8682210774300358831968231749144065850,0.00023820867079561695,,L2_3_IT,4049.2294715865546,-2783.063089791985,4045.7343784634877,-2753.5059485069633
1905,221,157261884477954957404766812249272565369,0.00023820867079561695,,Lamp5,4049.2294715865546,-2783.063089791985,4043.8757541923173,-2805.5206885481007
1967,221,141547277750399873230170253460896358084,0.00023820867079561695,,Vip,4049.2294715865546,-2783.063089791985,4027.6908120317726,-2743.2685951661483
3172,222,71377805251147943201351614303923303900,0.00023820867079561695,,L5_ET,4139.728436397044,-2783.063089791985,4146.156643105457,-2778.597960488684
1750,222,140042406421343869493474268354607597299,0.00023820867079561695,,Pvalb,4139.728436397044,-2783.063089791985,4141.629233368979,-2794.4368202312144
54,222,301875000971154348219354431743339324782,0.00023820867079561695,,L2_3_IT,4139.728436397044,-2783.063089791985,4103.792517839411,-2778.557454192494
279,222,338279874147970402311020272607661217788,0.00023820867079561695,,L6_IT,4139.728436397044,-2783.063089791985,4182.808071366386,-2769.2189318598166
926,222,4378085019167579513781902149817839008,0.00023820867079561695,,L4_5_IT,4139.728436397044,-2783.063089791985,4124.2557163049905,-2794.5042821877237
3697,223,256667632834015189360429396468126921395,0.00023820867079561695,,OPC,4230.227401207534,-2783.063089791985,4248.3357437416325,-2807.457899742767
305,223,268433026936347507096352516163194843440,0.00023820867079561695,,L6_CT,4230.227401207534,-2783.063089791985,4217.158812639698,-2771.928673642573
449,223,147952248556863638468382504635848441583,0.00023820867079561695,,Lamp5,4230.227401207534,-2783.063089791985,4275.383406159568,-2780.156050969669
777,223,154071538597013780681000933290958602101,0.00023820867079561695,,L6_IT,4230.227401207534,-2783.063089791985,4195.816606360406,-2773.446644705313
1239,223,243912119598928791665707096162470469105,0.00023820867079561695,,L6_CT,4230.227401207534,-2783.063089791985,4214.4424371363775,-2782.3261798996105
1319,224,280949910209816665364886732718050959691,0.00023820867079561695,,Sncg,4320.726366018023,-2783.063089791985,4326.253253495984,-2795.404053745614
320,224,44222272939324101132014642925190450861,0.00023820867079561695,,Sst,4320.726366018023,-2783.063089791985,4326.202522372346,-2794.761690575371
51,224,328062427544790777424625981320246958146,0.00023820867079561695,,Vip,4320.726366018023,-2783.063089791985,4322.305018277619,-2793.8780906043403
94,224,309443099957788557918420528232968267125,0.00023820867079561695,,Astro,4320.726366018023,-2783.063089791985,4301.632434518903,-2742.0394693051308
768,224,176561717180064625313724397075311353084,0.00023820867079561695,,Sst,4320.726366018023,-2783.063089791985,4327.238601425269,-2789.2321447294726
46,225,35583919152370577434935462546452806626,0.00023820867079561695,,L4_5_IT,4411.2253308285135,-2783.063089791985,4415.9906271776545,-2800.098920938556
369,225,254616659948378041227713098635832411093,0.00023820867079561695,,L4_5_IT,4411.2253308285135,-2783.063089791985,4394.7665290937175,-2759.995119781996
998,225,27563746833986206724443874113924488994,0.00023820867079561695,,L4_5_IT,4411.2253308285135,-2783.063089791985,4422.472282654556,-2767.7659788999313
1596,225,268339130741418197785835601128771657239,0.00023820867079561695,,L4_5_IT,4411.2253308285135,-2783.063089791985,4396.010263822655,-2761.939668262745
1611,225,109081429709921968706565985046875319820,0.00023820867079561695,,L5_IT,4411.2253308285135,-2783.063089791985,4426.886951393966,-2825.5157610766796
554,226,254623786068380760773287148177943622574,0.00023820867079561695,,L2_3_IT,4501.724295639003,-2783.063089791985,4532.945728317884,-2788.325094293485
1056,226,253219918286660293267876246797352506601,0.00023820867079561695,,L2_3_IT,4501.724295639003,-2783.063089791985,4513.610713921038,-2788.4598400050913
1767,226,323025506300633908494349227532710475501,0.00023820867079561695,,L4_5_IT,4501.724295639003,-2783.063089791985,4469.822842067057,-2815.153788100677
1204,226,170379741723653408250361818919336742211,0.00023820867079561695,,L2_3_IT,4501.724295639003,-2783.063089791985,4497.291642113641,-2770.420854350344
1816,226,244190540634113818295234244885095711249,0.00023820867079561695,,L2_3_IT,4501.724295639003,-2783.063089791985,4494.950551775388,-2752.9558722103316
693,227,316980677019592934818096255603922398550,0.00023820867079561695,,OPC,4592.223260449493,-2783.063089791985,4593.266364028736,-2737.825631940493
1944,227,115593486210689719145044257805350476558,0.00023820867079561695,,OPC,4592.223260449493,-2783.063089791985,4605.0313735439,-2771.6515404933066
2150,227,64001310590964087683175527417103193887,0.00023820867079561695,,OPC,4592.223260449493,-2783.063089791985,4601.2755413130735,-2800.5080440353413
2051,227,285542291054828869801420482045222593047,0.00023820867079561695,,Pvalb,4592.223260449493,-2783.063089791985,4583.654901936985,-2805.0382650321317
2281,227,85383805187674871104038893663248370414,0.00023820867079561695,,L6_IT,4592.223260449493,-2783.063089791985,4577.88812142477,-2800.291967458644
1065,228,97353491943751090886741515183116674109,0.00023820867079561695,,L2_3_IT,4682.722225259982,-2783.063089791985,4679.343516828328,-2768.038594478897
1906,228,92911575595726868431407323560402215660,0.00023820867079561695,,L2_3_IT,4682.722225259982,-2783.063089791985,4687.416412259235,-2781.517989892534
3312,228,48761651496216071629496459073802461640,0.00023820867079561695,,L2_3_IT,4682.722225259982,-2783.063089791985,4678.344897960743,-2802.5332527189503
101,228,81430060183966465945873325191954689219,0.00023820867079561695,,L4_5_IT,4682.722225259982,-2783.063089791985,4652.016218565848,-2810.283073166241
1089,228,163183656103729113004227521107275180896,0.00023820867079561695,,L4_5_IT,4682.722225259982,-2783.063089791985,4716.490080685798,-2752.9425387033384
49,229,282652194156721630608541487986936474076,0.00023820867079561695,,L5_ET,4773.221190070472,-2783.063089791985,4750.813345079756,-2776.2685918488
61,229,31932120148923322089391272685966664368,0.00023820867079561695,,L6_IT,4773.221190070472,-2783.063089791985,4807.759286437756,-2812.297240322944
923,229,147955137545097545957416543086447680576,0.00023820867079561695,,L5_ET,4773.221190070472,-2783.063089791985,4748.456998863441,-2788.5428958928264
1560,229,49777213983331490680581206460189293381,0.00023820867079561695,,L6_CT,4773.221190070472,-2783.063089791985,4769.058335952858,-2791.1543784346895
2224,229,174438512273544351874334500073302815711,0.00023820867079561695,,L2_3_IT,4773.221190070472,-2783.063089791985,4790.01798401854,-2747.0523424606754
1323,23,315699224528663034987588831594220731762,0.00023820867079561695,,L5_ET,4863.720154880962,-3778.551702707372,4844.128397064597,-3748.0823876668323
1773,23,13684257990646035141971384488747614421,0.00023820867079561695,,L5_ET,4863.720154880962,-3778.551702707372,4858.779704942147,-3780.415883129683
1971,23,218636120599135185910233351360917122523,0.00023820867079561695,,L5_ET,4863.720154880962,-3778.551702707372,4888.575224917037,-3772.562903891982
37,23,273513843109282804352102185441174146641,0.00023820867079561695,,L5_6_NP,4863.720154880962,-3778.551702707372,4850.999736648695,-3769.627636826061
566,23,267256085262879978774248893212522964613,0.00023820867079561695,,L2_3_IT,4863.720154880962,-3778.551702707372,4876.117710832391,-3822.069702022296
2385,230,219352604044322342342672169036369485400,0.00023820867079561695,,L5_ET,4863.720154880962,-2783.063089791985,4861.072966566716,-2782.1762140015194
661,230,115219035780843464570754438909888868504,0.00023820867079561695,,Oligo,4863.720154880962,-2783.063089791985,4867.29035887702,-2791.663348989763
673,230,257405241119592480998301058765904409966,0.00023820867079561695,,Oligo,4863.720154880962,-2783.063089791985,4865.689238805426,-2796.1464873743957
609,230,327341738159547501366813177028189507933,0.00023820867079561695,,L6_CT,4863.720154880962,-2783.063089791985,4828.900452783082,-2754.1649236951985
1483,230,63836049314446696127386179603050402148,0.00023820867079561695,,Oligo,4863.720154880962,-2783.063089791985,4895.647757372556,-2791.1644748990416
198,231,176336287059217794177796819520808672860,0.00023820867079561695,,L2_3_IT,4954.219119691452,-2783.063089791985,4983.716605393875,-2807.8911460588133
1102,231,318249282451788959157496120297108178665,0.00023820867079561695,,L2_3_IT,4954.219119691452,-2783.063089791985,4949.125869511093,-2767.2280569630802
1131,231,242273115222799158396337704620371794868,0.00023820867079561695,,L2_3_IT,4954.219119691452,-2783.063089791985,4984.7334180988055,-2776.197570249741
1163,231,216455222976044054568755217022953665694,0.00023820867079561695,,L2_3_IT,4954.219119691452,-2783.063089791985,4942.955857210523,-2769.0304217772587
1614,231,261712558462667411485022988835070330906,0.00023820867079561695,,Endo,4954.219119691452,-2783.063089791985,4910.563848242962,-2794.9682539110217
1166,232,15535186643760313436924752056859048793,0.00023820867079561695,,Endo,5044.718084501941,-2783.063089791985,5079.3478990507,-2807.0676050638313
1187,232,223234086610004632401116867544009918883,0.00023820867079561695,,L4_5_IT,5044.718084501941,-2783.063089791985,5023.9267942638835,-2768.1067616699847
1763,232,323473010901051900382925458211758516788,0.00023820867079561695,,L4_5_IT,5044.718084501941,-2783.063089791985,5029.302306783016,-2762.7645544741645
2187,232,167972599284621293278076646649643337963,0.00023820867079561695,,L6_IT,5044.718084501941,-2783.063089791985,5013.9172426572295,-2762.70371468159
2259,232,170228977601036858881605752172636775132,0.00023820867079561695,,Endo,5044.718084501941,-2783.063089791985,5077.096179754872,-2814.6728130703486
34,233,179916331363063373006534316489325561539,0.00023820867079561695,,Astro,5135.21704931243,-2783.063089791985,5174.990980075647,-2804.6396995716836
310,233,112066982874350986562643714528120098141,0.00023820867079561695,,L4_5_IT,5135.21704931243,-2783.063089791985,5114.042557637191,-2774.6473344189917
808,233,295381369265308898488572846203897029130,0.00023820867079561695,,L2_3_IT,5135.21704931243,-2783.063089791985,5114.279455866922,-2770.471062558653
883,233,71650478039384451099752625218844906412,0.00023820867079561695,,Astro,5135.21704931243,-2783.063089791985,5156.072921756537,-2785.5600051174
3921,233,313090174651437220322867159995275073600,0.00021461252887718316,,L5_IT,5135.21704931243,-2783.063089791985,5116.699331225837,-2779.997347293195
2667,234,307249066901088124554656649903182428329,0.00023820867079561695,,Astro,5225.716014122921,-2783.063089791985,5225.871837415525,-2776.748171308672
3108,234,179607617273590405412610490704902071651,0.00023820867079561695,,Micro,5225.716014122921,-2783.063089791985,5220.136283009455,-2768.6041338157843
282,234,109089342460834729727639665534555379538,0.00023820867079561695,,Pvalb,5225.716014122921,-2783.063089791985,5261.097122731868,-2754.855062361049
423,234,92408840158662549880108359766564995307,0.00023820867079561695,,SMC,5225.716014122921,-2783.063089791985,5205.9597374313935,-2808.7046724519855
3813,234,243867109150728036199633891704755091461,0.0002146125288771836,,Micro,5225.716014122921,-2783.063089791985,5215.515090026367,-2806.403409022433
2154,235,26121303167210242649417819738574001023,0.00023820867079561695,,L5_6_NP,5316.214978933411,-2783.063089791985,5294.278202548439,-2774.263258032209
756,235,21159812161172051557102091077481060900,0.00023820867079561695,,L6_IT,5316.214978933411,-2783.063089791985,5325.027069112933,-2773.0133544966725
885,235,138857097134129236094278311488556021934,0.00023820867079561695,,L5_IT,5316.214978933411,-2783.063089791985,5335.038669763801,-2778.4806429773225
1154,235,291970792857598238493120506694546238516,0.00023820867079561695,,L5_IT,5316.214978933411,-2783.063089791985,5307.935941469396,-2761.3192352307697
1644,235,214379598771909389633466621804640925801,0.00023820867079561695,,L6_CT,5316.214978933411,-2783.063089791985,5318.795011772484,-2828.23895822295
82,236,99147840848792512176467407183157009829,0.00023820867079561695,,L6_CT,5406.7139437439,-2783.063089791985,5397.991937483963,-2794.3331119419618
293,236,17809229509449992690610352360106246447,0.00023820867079561695,,L4_5_IT,5406.7139437439,-2783.063089791985,5381.642737502971,-2745.3941334012466
375,236,304699828795295619969028222885016667714,0.00023820867079561695,,L6_CT,5406.7139437439,-2783.063089791985,5403.855490197589,-2792.270925257549
538,236,81438287055120962761012442352160810986,0.00023820867079561695,,L6_CT,5406.7139437439,-2783.063089791985,5418.407048301735,-2790.7714005232365
2000,236,142722738993581089613043452557535300934,0.00023820867079561695,,Micro,5406.7139437439,-2783.063089791985,5431.672505233232,-2792.545877835933
2416,237,88528204377283846185625919905091577543,0.00023820867079561695,,L2_3_IT,3777.732577155085,-2692.564124981496,3768.436681965063,-2722.4148592428805
1567,237,124148607971247573580994722354726590740,0.00023820867079561695,,VLMC,3777.732577155085,-2692.564124981496,3779.4455850633567,-2658.1987969877177
370,237,224541962963324832054125151220722718488,0.00023820867079561695,,Astro,3777.732577155085,-2692.564124981496,3787.7784908093677,-2667.181043629406
616,237,101832018081624702142421097643353058000,0.00023820867079561695,,L6_CT,3777.732577155085,-2692.564124981496,3771.193877270793,-2737.338683178822
2147,237,69229013964636690518997699629039059578,0.00023820867079561695,,Astro,3777.732577155085,-2692.564124981496,3781.8082506668493,-2677.687241868655
386,238,156484053853434903722260903324689355622,0.00023820867079561695,,Lamp5,3868.231541965575,-2692.564124981496,3886.3257754350307,-2685.088772845074
458,238,339941663725151623962571471691133173009,0.00023820867079561695,,Lamp5,3868.231541965575,-2692.564124981496,3912.9671019864854,-2687.539920039335
941,238,269637565808794889737225201075711151437,0.00023820867079561695,,Lamp5,3868.231541965575,-2692.564124981496,3847.9813857427325,-2685.2054863069343
1110,238,27018345936390725270046528769990362558,0.00023820867079561695,,Lamp5,3868.231541965575,-2692.564124981496,3868.627194949298,-2698.2575727395583
3868,238,265826346138771634543323709096657134343,0.00021461252887718322,,OPC,3868.231541965575,-2692.564124981496,3825.2562517143338,-2706.7288729765746
509,239,24076990450149794748755074850945120772,0.00023820867079561695,,L2_3_IT,3958.730506776065,-2692.564124981496,3984.6152833241163,-2687.4276269869297
1796,239,130768366027254951782135406301375486897,0.00023820867079561695,,Micro,3958.730506776065,-2692.564124981496,3927.590104031258,-2694.391451811299
2894,239,223984829258489005901393620895289818044,0.00023820867079561695,,Micro,3958.730506776065,-2692.564124981496,3913.97223622373,-2699.213401265913
527,239,277490317373818554124311994648482192833,0.00023820867079561695,,L2_3_IT,3958.730506776065,-2692.564124981496,3981.9628757778282,-2689.4484348665023
1282,239,16544448589104163299582320916756466017,0.00023820867079561695,,L2_3_IT,3958.730506776065,-2692.564124981496,3985.5120345233954,-2692.3397099768395
2113,24,1653823529064591265580443651208419417,0.00023820867079561695,,L6_CT,4954.219119691452,-3778.551702707372,4954.169479105519,-3786.8042266253865
3476,24,256641092942398032882342740079302290631,0.00023820867079561695,,L6_CT,4954.219119691452,-3778.551702707372,4952.616355716598,-3774.837971397658
1176,24,79951642086169678540729660999589127635,0.00023820867079561695,,L6_IT,4954.219119691452,-3778.551702707372,4967.860082808929,-3773.1157920150977
1776,24,23637984200108223663468102262480343413,0.00023820867079561695,,L6_IT,4954.219119691452,-3778.551702707372,4977.852839993104,-3807.3516684395754
2502,24,143864507874009764946986615924453693827,0.00023820867079561695,,L5_ET,4954.219119691452,-3778.551702707372,4918.596840833114,-3750.6488550591243
368,240,117093272091426213853223801925808708627,0.00023820867079561695,,L2_3_IT,4049.2294715865546,-2692.564124981496,4030.947961099876,-2664.3888651717707
53,240,122885311403082418979408065944191906346,0.00023820867079561695,,L4_5_IT,4049.2294715865546,-2692.564124981496,4093.1827055576728,-2694.2130243321712
3686,240,9943842365084414804865460677331437376,0.00023820867079561695,,Peri,4049.2294715865546,-2692.564124981496,4016.408762420352,-2723.714032008165
398,240,169053185044226079144966400920048818458,0.00023820867079561695,,Endo,4049.2294715865546,-2692.564124981496,4029.7217799496943,-2703.4984130547164
982,240,298239347137548300192557692562294677147,0.00023820867079561695,,L2_3_IT,4049.2294715865546,-2692.564124981496,4075.886148905174,-2677.0062903406574
1305,241,118003785217998921016596528015473403147,0.00023820867079561695,,L6_IT,4139.728436397044,-2692.564124981496,4176.926609552947,-2718.328665959476
1423,241,127439909612843379461602285775888452781,0.00023820867079561695,,L2_3_IT,4139.728436397044,-2692.564124981496,4135.517926458796,-2692.285913394217
1800,241,218928460437058472577065644203330369787,0.00023820867079561695,,L2_3_IT,4139.728436397044,-2692.564124981496,4129.533965904075,-2681.6069888928864
1873,241,328794480950210952918827086838865771107,0.00023820867079561695,,L2_3_IT,4139.728436397044,-2692.564124981496,4119.704046946957,-2674.0140330628105
2025,241,152897005402059648266715688663074594626,0.00023820867079561695,,L2_3_IT,4139.728436397044,-2692.564124981496,4136.959633122437,-2696.5850235980874
1626,242,99494524642456242156029918873490781817,0.00023820867079561695,,SMC,4230.227401207534,-2692.564124981496,4229.439404853381,-2658.906272679788
3259,242,327086052338970522794865936917452690129,0.00023820867079561695,,VLMC,4230.227401207534,-2692.564124981496,4249.871998138777,-2731.915815498575
488,242,200164742158582728759826283849559225243,0.00023820867079561695,,Micro,4230.227401207534,-2692.564124981496,4226.691735683433,-2685.707822799733
717,242,81461077643490542572639392415513335990,0.00023820867079561695,,L2_3_IT,4230.227401207534,-2692.564124981496,4185.302772250884,-2697.9764600644226
1737,242,315594954164691620481635618685244050728,0.00023820867079561695,,Endo,4230.227401207534,-2692.564124981496,4259.83109511119,-2688.31425386496
2244,243,251289450639375330052491307675293591428,0.00023820867079561695,,Endo,4320.726366018023,-2692.564124981496,4286.158191611817,-2663.365546657122
2082,243,161472452737968109068712553562364046387,0.00023820867079561695,,L4_5_IT,4320.726366018023,-2692.564124981496,4364.434315979897,-2704.015433221259
1209,243,221280655622318889294618738981405537211,0.00023820867079561695,,SMC,4320.726366018023,-2692.564124981496,4279.5303506149485,-2684.3970520369367
1406,243,82105026704583731799587622045497302308,0.00023820867079561695,,L5_IT,4320.726366018023,-2692.564124981496,4344.131517657672,-2709.134188500075
1418,243,151500807850605339410539160372080624012,0.00023820867079561695,,Micro,4320.726366018023,-2692.564124981496,4329.377454225783,-2701.908404492087
733,244,254703125027287739261652428714068974314,0.00023820867079561695,,L4_5_IT,4411.2253308285135,-2692.564124981496,4396.704626559135,-2702.732439456371
1181,244,130223741233542037830057985342540570007,0.00023820867079561695,,L4_5_IT,4411.2253308285135,-2692.564124981496,4382.350258560742,-2676.8047951775084
1897,244,189746118944931729235517719605665848233,0.00023820867079561695,,L4_5_IT,4411.2253308285135,-2692.564124981496,4389.708127314502,-2683.6354772869677
2254,244,132318997534218317067461918484007593872,0.00023820867079561695,,L4_5_IT,4411.2253308285135,-2692.564124981496,4432.877499747929,-2693.816615052065
2681,244,156424003153429153227201317953424810220,0.00023820867079561695,,L2_3_IT,4411.2253308285135,-2692.564124981496,4454.4861419602485,-2705.8312979345746
577,245,73345207614032379086108881221970282619,0.00023820867079561695,,L4_5_IT,4501.724295639003,-2692.564124981496,4482.491170216568,-2655.7272709238587
90,245,181733955838317420253043230683326089567,0.00023820867079561695,,L2_3_IT,4501.724295639003,-2692.564124981496,4518.892829027519,-2721.6976247369444
518,245,124444904463190927536581497141715891127,0.00023820867079561695,,L2_3_IT,4501.724295639003,-2692.564124981496,4519.629719552495,-2725.776221857694
796,245,249590865034876593930863704728456520980,0.00023820867079561695,,L4_5_IT,4501.724295639003,-2692.564124981496,4515.915114221215,-2700.902326560272
866,245,21377346016960339915611118641456176897,0.00023820867079561695,,L4_5_IT,4501.724295639003,-2692.564124981496,4471.6926451772,-2658.7171808286985
324,246,239491300830499809489401025015215105809,0.00023820867079561695,,Peri,4592.223260449493,-2692.564124981496,4571.803784803742,-2697.3698522682034
760,246,227037682601587786710545225321467041585,0.00023820867079561695,,Peri,4592.223260449493,-2692.564124981496,4631.39596461432,-2692.972245640554
1525,246,57475391599127333995629948001422928318,0.00023820867079561695,,Peri,4592.223260449493,-2692.564124981496,4615.129466308357,-2674.493442135222
1734,246,198861163654364721697530936733115097946,0.00023820867079561695,,OPC,4592.223260449493,-2692.564124981496,4566.435077563289,-2729.7459119392292
2020,246,116704774954951803988641760551615708613,0.00023820867079561695,,VLMC,4592.223260449493,-2692.564124981496,4576.352008957726,-2668.2391729242727
3154,247,108331432487438395354063840556328662299,0.00023820867079561695,,L2_3_IT,4682.722225259982,-2692.564124981496,4710.203662093538,-2690.1339456889027
3486,247,247233267332940669417704306324992380232,0.00023820867079561695,,Oligo,4682.722225259982,-2692.564124981496,4637.593102355344,-2689.2659552162195
41,247,138753786933580325478591751940289778985,0.00023820867079561695,,L4_5_IT,4682.722225259982,-2692.564124981496,4706.677981415351,-2685.773411491759
1886,247,153061514598075488988166392470485009021,0.00023820867079561695,,Astro,4682.722225259982,-2692.564124981496,4694.077266302556,-2703.2845193746007
3923,247,213784909913725449964469288877494836962,0.00021461252887718313,,Oligo,4682.722225259982,-2692.564124981496,4665.059114133128,-2694.3627931359997
250,248,255238669559470077550583545955431207820,0.00023820867079561695,,L5_IT,4773.221190070472,-2692.564124981496,4728.3914992213395,-2698.7134726146783
95,248,152632047485131972901385478371678497122,0.00023820867079561695,,L6_CT,4773.221190070472,-2692.564124981496,4812.577902928779,-2688.2439073742125
231,248,1014011257225273380454238515543761957,0.00023820867079561695,,L4_5_IT,4773.221190070472,-2692.564124981496,4741.889215276215,-2680.335072622987
264,248,315995284400035192116263162600418778491,0.00023820867079561695,,L6_CT,4773.221190070472,-2692.564124981496,4802.985504483264,-2704.187885167955
2304,248,280825294560597236601337949046722210680,0.00023820867079561695,,L6_CT,4773.221190070472,-2692.564124981496,4780.2618284427845,-2691.340287127641
363,249,192070405320363113926689599732884375308,0.00023820867079561695,,L6_CT,4863.720154880962,-2692.564124981496,4820.183174345802,-2704.8948582858748
1618,249,34249626295807468056873808923396723994,0.00023820867079561695,,Sst,4863.720154880962,-2692.564124981496,4860.455897958565,-2680.7157459969235
1951,249,220307121597002948096002730123888006614,0.00023820867079561695,,Sst,4863.720154880962,-2692.564124981496,4886.149722577172,-2681.267638625186
15,249,330247913268898091267677273537589496632,0.00023820867079561695,,L2_3_IT,4863.720154880962,-2692.564124981496,4863.409165988681,-2720.8291782324845
3843,249,303710976367169354434144367816433026256,0.00021461252887718327,,Sst,4863.720154880962,-2692.564124981496,4888.402813534585,-2675.1132037670122
892,25,17671962521440500354273320220927314580,0.00023820867079561695,,L6_CT,5044.718084501941,-3778.551702707372,5004.918054366619,-3781.9254664900213
1896,25,22474413725184511306190994631000291962,0.00023820867079561695,,Sst,5044.718084501941,-3778.551702707372,5072.669549325337,-3772.050802031415
1104,25,246898790527605406643228895127655696153,0.00023820867079561695,,Vip,5044.718084501941,-3778.551702707372,5077.938905708207,-3788.86746195936
1227,25,139681088223189351988356093122697372855,0.00023820867079561695,,Vip,5044.718084501941,-3778.551702707372,5064.729905842962,-3789.6626379750596
1458,25,320454851274380307788268855060697606087,0.00023820867079561695,,L5_ET,5044.718084501941,-3778.551702707372,5003.334007266581,-3760.2521450810173
2857,250,215133026438058914197782421312595367010,0.00023820867079561695,,L6_IT,4954.219119691452,-2692.564124981496,4977.189666469242,-2682.542981855044
627,250,234856844557077147125606167694783531239,0.00023820867079561695,,Oligo,4954.219119691452,-2692.564124981496,4927.209606715734,-2714.881879905874
1990,250,85629905791167891341095771642601729416,0.00023820867079561695,,Oligo,4954.219119691452,-2692.564124981496,4917.8622273137535,-2719.502796711539
748,250,189885327147525607070121758656828913775,0.00023820867079561695,,L4_5_IT,4954.219119691452,-2692.564124981496,4957.998053757558,-2658.127633808299
2266,250,328993035838599907448719384993318749133,0.00023820867079561695,,L4_5_IT,4954.219119691452,-2692.564124981496,4990.836044200972,-2687.7653326267236
1650,251,9533533236419708291197261532451314226,0.00023820867079561695,,L6_CT,5044.718084501941,-2692.564124981496,5048.94725671246,-2652.3819409475786
62,251,38423658359677449096149035485560599994,0.00023820867079561695,,L2_3_IT,5044.718084501941,-2692.564124981496,5042.2857529168605,-2705.3064000037243
372,251,113627499829741100720568583033452052117,0.00023820867079561695,,L5_IT,5044.718084501941,-2692.564124981496,5028.129737393566,-2674.6371308685525
1556,251,2681149072328060831325302187255465994,0.00023820867079561695,,L2_3_IT,5044.718084501941,-2692.564124981496,5039.286918926239,-2737.4864813136373
2017,251,205698209752450653501734928642037042735,0.00023820867079561695,,L5_IT,5044.718084501941,-2692.564124981496,5064.940756560588,-2693.0086717739923
2291,252,201204736238305937063107853667771802426,0.00023820867079561695,,L2_3_IT,5135.21704931243,-2692.564124981496,5130.694630044178,-2681.005184327376
1687,252,265898121795978774265760484978635703557,0.00023820867079561695,,Lamp5,5135.21704931243,-2692.564124981496,5133.780584989091,-2674.7595564930034
200,252,146092978862756334207746888528080111562,0.00023820867079561695,,OPC,5135.21704931243,-2692.564124981496,5126.394105053706,-2684.2518159800757
162,252,243126552767708659469325360512496364089,0.00023820867079561695,,Endo,5135.21704931243,-2692.564124981496,5161.375215918359,-2729.4865568862215
1610,252,59368008928426318905552410549871254371,0.00023820867079561695,,L4_5_IT,5135.21704931243,-2692.564124981496,5123.840710556823,-2693.3175112208064
191,253,169469335442083636269014020045897241339,0.00023820867079561695,,Endo,5225.716014122921,-2692.564124981496,5211.421196018356,-2695.297319540866
766,253,262185356901727676859667624701053964397,0.00023820867079561695,,Endo,5225.716014122921,-2692.564124981496,5226.625937777211,-2720.256990516765
2447,253,260998586763033126766968879541286128363,0.00023820867079561695,,L5_6_NP,5225.716014122921,-2692.564124981496,5269.137327035716,-2705.2961807020624
3570,253,115677051175008268560888143637885450209,0.00023820867079561695,,L5_6_NP,5225.716014122921,-2692.564124981496,5231.899456373031,-2671.0971380778337
1422,253,230693205028515022710299550628060390817,0.00023820867079561695,,Sst,5225.716014122921,-2692.564124981496,5189.496153410249,-2670.872996069954
1648,254,275030724322753716457173668080939412644,0.00023820867079561695,,L6_IT,5316.214978933411,-2692.564124981496,5293.347805029383,-2727.647005301442
1960,254,105525767171112837661148829982548287983,0.00023820867079561695,,L6_IT,5316.214978933411,-2692.564124981496,5322.088869347012,-2698.3739639293976
3753,254,120178463177844948136779235689631793769,0.00023820867079561695,,Oligo,5316.214978933411,-2692.564124981496,5314.981993206647,-2647.3314442722994
178,254,329615070937448461627667815027158343033,0.00023820867079561695,,L5_IT,5316.214978933411,-2692.564124981496,5331.508019200471,-2679.837961936775
1265,254,61080215156922969274477596842208093816,0.00023820867079561695,,L5_IT,5316.214978933411,-2692.564124981496,5319.148207883547,-2709.6302494675715
1736,255,6647034476073159612277535311227907759,0.00023820867079561695,,L5_ET,5406.7139437439,-2692.564124981496,5445.309074187165,-2668.9435499671167
989,255,177940971773366464612377803322877517021,0.00023820867079561695,,L2_3_IT,5406.7139437439,-2692.564124981496,5413.995142692993,-2688.9870187886145
1058,255,4717831418368859458184716359851466361,0.00023820867079561695,,Pvalb,5406.7139437439,-2692.564124981496,5371.341955790061,-2698.4019864847996
1143,255,62975847516071757718090019233349930092,0.00023820867079561695,,L2_3_IT,5406.7139437439,-2692.564124981496,5400.892751393282,-2707.4364717490644
1489,255,199261253767595916367400050703060799135,0.00023820867079561695,,L2_3_IT,5406.7139437439,-2692.564124981496,5402.030794655966,-2699.0515979178886
197,256,254602481952017801190724068353638865709,0.00023820867079561695,,Endo,3777.732577155085,-2602.0651601710056,3785.8751689962332,-2618.003341766256
371,256,257969625995596887266873555960935940794,0.00023820867079561695,,Endo,3777.732577155085,-2602.0651601710056,3738.902391949461,-2625.2973011579984
407,256,152168232052716480753721270977049732393,0.00023820867079561695,,Peri,3777.732577155085,-2602.0651601710056,3791.7060152273543,-2571.0613159377776
1138,256,250840081896112867927265216325476078990,0.00023820867079561695,,Endo,3777.732577155085,-2602.0651601710056,3786.940948100858,-2605.630978131738
1341,256,208340983824218247369558115244048382234,0.00023820867079561695,,Endo,3777.732577155085,-2602.0651601710056,3785.238361501521,-2590.3328638612525
1115,257,281520579154149239914326729233892683864,0.00023820867079561695,,Astro,3868.231541965575,-2602.0651601710056,3858.6739990502538,-2620.8273159773826
2700,257,124960227704235398863873839171535196038,0.00023820867079561695,,Astro,3868.231541965575,-2602.0651601710056,3883.6336005422913,-2644.6126894710947
1128,257,165683193310447038269007328792459156659,0.00023820867079561695,,VLMC,3868.231541965575,-2602.0651601710056,3854.4058269178045,-2560.345135169698
648,257,147826449600712104282252132712548109195,0.00023820867079561695,,Micro,3868.231541965575,-2602.0651601710056,3849.3101080285905,-2566.831301493692
3857,257,59827149660821824806492405503921481662,0.00021461252887718327,,Astro,3868.231541965575,-2602.0651601710056,3895.1341752889357,-2617.709358743145
477,258,262261870578613371839758588511064610108,0.00023820867079561695,,L2_3_IT,3958.730506776065,-2602.0651601710056,3942.0487036642526,-2617.182315984323
795,258,71650751377410735863499214868307291624,0.00023820867079561695,,Endo,3958.730506776065,-2602.0651601710056,3947.473310446642,-2571.6381090166
1824,258,72725738724322214891186038865438878930,0.00023820867079561695,,L2_3_IT,3958.730506776065,-2602.0651601710056,3977.127600629419,-2608.3273582651796
1835,258,59359891046453340260742988255376316138,0.00023820867079561695,,L2_3_IT,3958.730506776065,-2602.0651601710056,3955.0357972391994,-2647.163550157575
2240,258,189570470904253423863867160385471579578,0.00023820867079561695,,L4_5_IT,3958.730506776065,-2602.0651601710056,3971.9671219008255,-2566.014467431336
1253,259,70801899354090389261932171526968565437,0.00023820867079561695,,L2_3_IT,4049.2294715865546,-2602.0651601710056,4021.3884347891726,-2637.7357689125083
335,259,120544063360178350184140203699478390862,0.00023820867079561695,,L4_5_IT,4049.2294715865546,-2602.0651601710056,4074.2987870843453,-2566.9759732580164
1257,259,210666441767429764989289344359775418938,0.00023820867079561695,,L2_3_IT,4049.2294715865546,-2602.0651601710056,4044.0321662804513,-2624.67466363305
1953,259,109617165670180072518073072269912764174,0.00023820867079561695,,L6_IT,4049.2294715865546,-2602.0651601710056,4062.2290765909174,-2581.743063235991
2053,259,247672474625959372437690433261795124747,0.00023820867079561695,,L2_3_IT,4049.2294715865546,-2602.0651601710056,4044.1988931878986,-2599.196331815464
153,26,42964213728859607066583121391642202381,0.00023820867079561695,,Micro,3777.732577155085,-3688.052737896882,3743.0314371811437,-3686.315573200659
899,26,253570602651803623770898244449401098329,0.00023820867079561695,,PVM,3777.732577155085,-3688.052737896882,3814.4452173344225,-3714.504537627808
1585,26,208127685439560184272989088087911127634,0.00023820867079561695,,PVM,3777.732577155085,-3688.052737896882,3788.0138273447997,-3709.998481608545
16,26,124363288842125229567986413361839187414,0.00023820867079561695,,Astro,3777.732577155085,-3688.052737896882,3781.353088267135,-3656.9030503279246
570,26,313780664006931414497142977687392413554,0.00023820867079561695,,Micro,3777.732577155085,-3688.052737896882,3761.81931564792,-3672.542046719454
622,260,325062290081350265573882061497088748940,0.00023820867079561695,,L2_3_IT,4139.728436397044,-2602.0651601710056,4135.04890393992,-2605.038967928837
103,260,169630115072734735071825465977246549149,0.00023820867079561695,,L4_5_IT,4139.728436397044,-2602.0651601710056,4165.5743827897895,-2564.9235027900286
204,260,78937063160849235931206773762546245663,0.00023820867079561695,,L4_5_IT,4139.728436397044,-2602.0651601710056,4137.700160633866,-2596.441454752317
643,260,224025605695945555195317564494247626764,0.00023820867079561695,,L2_3_IT,4139.728436397044,-2602.0651601710056,4134.738610503277,-2638.434045878209
2383,260,143825888781215246011293238376707095360,0.00023820867079561695,,L2_3_IT,4139.728436397044,-2602.0651601710056,4125.580124118416,-2605.4878295056324
1324,261,274412479452275423862137959758523017528,0.00023820867079561695,,Astro,4230.227401207534,-2602.0651601710056,4236.413229479839,-2578.898057028066
359,261,166709651166843606395749557846276692009,0.00023820867079561695,,L5_IT,4230.227401207534,-2602.0651601710056,4203.168670871707,-2565.7975331386842
670,261,98588265551439478692594404242652264977,0.00023820867079561695,,OPC,4230.227401207534,-2602.0651601710056,4226.493354878059,-2615.784038258332
1012,261,132544656397985574932049726542079949989,0.00023820867079561695,,Endo,4230.227401207534,-2602.0651601710056,4250.774749773603,-2622.0523012390922
1360,261,244232679568041938357921219512938955457,0.00023820867079561695,,Endo,4230.227401207534,-2602.0651601710056,4234.287001034467,-2627.793871190854
649,262,11343915353454591594399648137182084731,0.00023820867079561695,,L2_3_IT,4320.726366018023,-2602.0651601710056,4327.311170912379,-2579.462116689013
1638,262,93161345876173051045269143678734284584,0.00023820867079561695,,L2_3_IT,4320.726366018023,-2602.0651601710056,4333.903367651594,-2589.0841771701334
2205,262,100520046493178546699313517559503591662,0.00023820867079561695,,VLMC,4320.726366018023,-2602.0651601710056,4287.441655522181,-2632.7187685254958
668,262,35114476635952616986658881741397480062,0.00023820867079561695,,L4_5_IT,4320.726366018023,-2602.0651601710056,4332.933252548292,-2622.4448165566782
3867,262,182513091494690971183590194938779507648,0.00021461252887718322,,L6_CT,4320.726366018023,-2602.0651601710056,4322.042383455674,-2586.6159219137103
2847,263,50615463327946691032527033486522189724,0.00023820867079561695,,L2_3_IT,4411.2253308285135,-2602.0651601710056,4433.138715795125,-2608.7128006911926
3131,263,6528887306018727025824480084422177784,0.00023820867079561695,,L2_3_IT,4411.2253308285135,-2602.0651601710056,4431.245554444325,-2600.851599460527
3179,263,169375405677620021080500149262845400854,0.00023820867079561695,,Peri,4411.2253308285135,-2602.0651601710056,4373.714517028832,-2579.003422113905
298,263,42382825701143768941200644664639177062,0.00023820867079561695,,L4_5_IT,4411.2253308285135,-2602.0651601710056,4440.11075095088,-2636.8954366886696
1329,263,246974460382055650051223989358678729659,0.00023820867079561695,,SMC,4411.2253308285135,-2602.0651601710056,4377.9171159233965,-2584.862541900733
605,264,248176466867556158662084279116669803706,0.00023820867079561695,,L4_5_IT,4501.724295639003,-2602.0651601710056,4496.836195918072,-2603.7343342381487
1794,264,170501356485910123607926013999027643180,0.00023820867079561695,,L4_5_IT,4501.724295639003,-2602.0651601710056,4544.518842124784,-2616.7669440430004
1945,264,331620536662422315469725075083957019705,0.00023820867079561695,,L4_5_IT,4501.724295639003,-2602.0651601710056,4505.128592373798,-2631.9219598672075
2064,264,218359578575137600283279117886940761181,0.00023820867079561695,,L4_5_IT,4501.724295639003,-2602.0651601710056,4471.169115557117,-2599.6402098319186
2391,264,236005543979179615182348390856531781829,0.00023820867079561695,,L4_5_IT,4501.724295639003,-2602.0651601710056,4490.968732221227,-2558.26235287479
891,265,310794474279529370086248646840907380898,0.00023820867079561695,,L4_5_IT,4592.223260449493,-2602.0651601710056,4550.390466573076,-2619.3143054957973
1924,265,182777635601559723317953951517811344644,0.00023820867079561695,,L4_5_IT,4592.223260449493,-2602.0651601710056,4584.656442340658,-2629.7617517632366
799,265,92251895607024269222344792992337063401,0.00023820867079561695,,L5_IT,4592.223260449493,-2602.0651601710056,4623.86135260742,-2584.974905861213
944,265,309444594050540718749557905377624126229,0.00023820867079561695,,L5_IT,4592.223260449493,-2602.0651601710056,4606.646976728388,-2596.938387654543
2609,265,9472198472858885964317584696552692996,0.00023820867079561695,,L5_IT,4592.223260449493,-2602.0651601710056,4595.561063997904,-2579.3364500802286
2406,266,26206964522696174597885534295202291358,0.00023820867079561695,,L5_6_NP,4682.722225259982,-2602.0651601710056,4697.683878470855,-2618.9583343661516
464,266,22810321854587372667055356700603271852,0.00023820867079561695,,L2_3_IT,4682.722225259982,-2602.0651601710056,4693.481109189152,-2591.698132889052
1602,266,221230380648851275524857840643752564443,0.00023820867079561695,,L5_ET,4682.722225259982,-2602.0651601710056,4687.149203006509,-2610.2581746706846
1621,266,178217512389262866291289035951328822616,0.00023820867079561695,,Pvalb,4682.722225259982,-2602.0651601710056,4642.046863174992,-2582.2401613766187
2790,266,15734661029864175384226647089272351298,0.00023820867079561695,,L4_5_IT,4682.722225259982,-2602.0651601710056,4693.250072458409,-2607.170997552526
1023,267,55498362251500839678348263771784600059,0.00023820867079561695,,L4_5_IT,4773.221190070472,-2602.0651601710056,4756.028935365302,-2643.9213668325638
1703,267,184763520985345531528440120267267508853,0.00023820867079561695,,L5_ET,4773.221190070472,-2602.0651601710056,4800.358669577262,-2613.326498010239
321,267,275754199613295038597858669670913679510,0.00023820867079561695,,L2_3_IT,4773.221190070472,-2602.0651601710056,4769.927802145922,-2587.319588846135
565,267,48312227166047597723934569297970245783,0.00023820867079561695,,L2_3_IT,4773.221190070472,-2602.0651601710056,4758.817035855975,-2575.8972748310493
932,267,89574586904987860288321062601888538642,0.00023820867079561695,,L5_IT,4773.221190070472,-2602.0651601710056,4780.973507407893,-2589.8610723350375
571,268,219402402412561257505758581652937611736,0.00023820867079561695,,L5_ET,4863.720154880962,-2602.0651601710056,4862.973407089402,-2577.1160788617954
2915,268,181995002834573220729074359093393843196,0.00023820867079561695,,Pvalb,4863.720154880962,-2602.0651601710056,4897.8996303754775,-2631.71780107974
620,268,122563652066754654340532923841174484601,0.00023820867079561695,,OPC,4863.720154880962,-2602.0651601710056,4869.906596111583,-2628.3880890513574
640,268,227511309921462758811291975696186214486,0.00023820867079561695,,L5_ET,4863.720154880962,-2602.0651601710056,4856.317456264539,-2566.9760758676657
907,268,148025422283976529634874584537694192913,0.00023820867079561695,,L4_5_IT,4863.720154880962,-2602.0651601710056,4831.503684563804,-2606.127755994469
953,269,82438644630937538106766842687517831262,0.00023820867079561695,,Sst,4954.219119691452,-2602.0651601710056,4914.880196459007,-2624.425052318651
1874,269,303164733617020267478940986450022112737,0.00023820867079561695,,Sst,4954.219119691452,-2602.0651601710056,4923.252793029732,-2625.5039714963746
219,269,81256368967804430122066662194812380926,0.00023820867079561695,,L6_CT,4954.219119691452,-2602.0651601710056,4972.532937723921,-2583.306219823199
732,269,328137112860400784324348071461369743735,0.00023820867079561695,,L2_3_IT,4954.219119691452,-2602.0651601710056,4995.505447743448,-2593.055407533577
1052,269,218846374612002114668565251746940929236,0.00023820867079561695,,L6_CT,4954.219119691452,-2602.0651601710056,4964.924223501156,-2584.0351496832236
3266,27,127054572525542427644775682165598968955,0.00023820867079561695,,PVM,3868.231541965575,-3688.052737896882,3889.244203585081,-3708.9047859276434
327,27,320461572066245663791025041577598420185,0.00023820867079561695,,VLMC,3868.231541965575,-3688.052737896882,3872.4859035308973,-3688.964008722352
531,27,171563343034200582542047758365948415527,0.00023820867079561695,,VLMC,3868.231541965575,-3688.052737896882,3889.18166428596,-3701.5467449107587
889,27,304805112488095454795060719646394281577,0.00023820867079561695,,VLMC,3868.231541965575,-3688.052737896882,3840.956179822999,-3693.8895052882576
1671,27,59017470786181836669450572407795010327,0.00023820867079561695,,VLMC,3868.231541965575,-3688.052737896882,3849.2897586029485,-3646.9586446353696
549,270,38946835221677779596936553798298473746,0.00023820867079561695,,L4_5_IT,5044.718084501941,-2602.0651601710056,5035.825865010078,-2599.6274745757555
2517,270,71902538439535134454637622059539240579,0.00023820867079561695,,Pvalb,5044.718084501941,-2602.0651601710056,5007.389023910633,-2593.033829573055
480,270,80362880647773685615317957097812440691,0.00023820867079561695,,L2_3_IT,5044.718084501941,-2602.0651601710056,5074.579451769647,-2636.06243069153
999,270,300343916859421949552111843658308715001,0.00023820867079561695,,L5_ET,5044.718084501941,-2602.0651601710056,5032.604308924339,-2562.1793717966816
1014,270,44256896331785651768516462331803051909,0.00023820867079561695,,L4_5_IT,5044.718084501941,-2602.0651601710056,5073.191772895006,-2619.422694218007
269,271,144312193681345162143042165904903504548,0.00023820867079561695,,L2_3_IT,5135.21704931243,-2602.0651601710056,5124.15693039472,-2619.9673758525923
47,271,38512528722094565433687243475556685312,0.00023820867079561695,,L5_ET,5135.21704931243,-2602.0651601710056,5123.238944414494,-2590.110838946123
1242,271,184390923282518826707152928441913912630,0.00023820867079561695,,L5_ET,5135.21704931243,-2602.0651601710056,5125.244290498038,-2593.894305769198
1354,271,338556856814453456071997431176843611530,0.00023820867079561695,,Endo,5135.21704931243,-2602.0651601710056,5179.453553528498,-2611.5860505014525
2085,271,30881223146202201253136520380660215125,0.00023820867079561695,,L5_ET,5135.21704931243,-2602.0651601710056,5123.9915277263935,-2594.7672297856616
1020,272,51254050610537451552122151709428991765,0.00023820867079561695,,L4_5_IT,5225.716014122921,-2602.0651601710056,5214.010658183728,-2639.368210638445
391,272,154892373211322944854892198834847348095,0.00023820867079561695,,L6_IT,5225.716014122921,-2602.0651601710056,5235.75847165602,-2619.982733248589
412,272,88303538117006728796696293384450383676,0.00023820867079561695,,L2_3_IT,5225.716014122921,-2602.0651601710056,5238.946068298083,-2558.79298291512
623,272,242930158179979414377793728312547611225,0.00023820867079561695,,L2_3_IT,5225.716014122921,-2602.0651601710056,5224.9935957386415,-2594.662234726588
1184,272,196724692157323026937781804315885089982,0.00023820867079561695,,L2_3_IT,5225.716014122921,-2602.0651601710056,5214.8712767381185,-2597.5196393262913
642,273,291396113674832057900400026083851220552,0.00023820867079561695,,OPC,5316.214978933411,-2602.0651601710056,5348.931959213805,-2583.5919330880965
221,273,321421115578972863187294023821742542853,0.00023820867079561695,,Oligo,5316.214978933411,-2602.0651601710056,5291.386339377396,-2602.2971878325275
909,273,154941918853297647826511671754387207534,0.00023820867079561695,,Oligo,5316.214978933411,-2602.0651601710056,5328.218487848506,-2645.6934930714015
928,273,173559150359116796817142803323263191937,0.00023820867079561695,,Oligo,5316.214978933411,-2602.0651601710056,5309.443446908321,-2581.3792191999087
1210,273,18864118366982315730286444180171020645,0.00023820867079561695,,Oligo,5316.214978933411,-2602.0651601710056,5303.094661319024,-2597.3639676630914
1729,274,144014728082347949497911843265532452186,0.00023820867079561695,,Astro,5406.7139437439,-2602.0651601710056,5435.614595774271,-2587.9675349191184
267,274,291167878541580720111085331265078320950,0.00023820867079561695,,Oligo,5406.7139437439,-2602.0651601710056,5367.592078982985,-2610.2408765631785
447,274,179401026068763258640990310299728562847,0.00023820867079561695,,L6_CT,5406.7139437439,-2602.0651601710056,5374.36331339307,-2633.702991541795
707,274,21965054970228174762515511984445209797,0.00023820867079561695,,Endo,5406.7139437439,-2602.0651601710056,5421.902222870309,-2590.944349185043
4169,274,248489909484071069238301213150690882907,0.0001269697160372851,,Astro,5406.7139437439,-2602.0651601710056,5434.097507698869,-2587.470048645891
3741,275,255056484096457483246893866926965182462,0.00023820867079561695,,Oligo,3868.231541965575,-2511.566195360516,3900.5139427032777,-2522.403794077972
598,275,304548308011182718569445358187190898376,0.00023820867079561695,,VLMC,3868.231541965575,-2511.566195360516,3885.4941022852367,-2531.56037303
785,275,132134673865490904758943446118298219705,0.00023820867079561695,,VLMC,3868.231541965575,-2511.566195360516,3824.2886451930713,-2522.36144807565
930,275,186288069062507006928943122920490206989,0.00023820867079561695,,VLMC,3868.231541965575,-2511.566195360516,3850.4445869750034,-2477.0033931393564
2420,275,331577154287694990238217679830535951296,0.00023820867079561695,,VLMC,3868.231541965575,-2511.566195360516,3880.416432671301,-2504.5019684796002
552,276,98838976033888960570552608177283649527,0.00023820867079561695,,Astro,3958.730506776065,-2511.566195360516,3948.003363582359,-2507.9054866450388
141,276,46444669266396036186523514498825195108,0.00023820867079561695,,SMC,3958.730506776065,-2511.566195360516,3952.937471974717,-2486.32622008995
871,276,9665811103507642968782398310973293988,0.00023820867079561695,,SMC,3958.730506776065,-2511.566195360516,3952.7524892029082,-2485.488782199939
954,276,39601336630107878723871276224115734498,0.00023820867079561695,,Astro,3958.730506776065,-2511.566195360516,3959.8862279285067,-2526.644236821023
1739,276,204158079915376688006460280027731300593,0.00023820867079561695,,Sst,3958.730506776065,-2511.566195360516,3980.0729811918345,-2551.466251046627
1635,277,51420915387624064759526835013060427562,0.00023820867079561695,,Endo,4049.2294715865546,-2511.566195360516,4062.641469175889,-2468.35006436055
553,277,245768734584446914214188729446796616492,0.00023820867079561695,,OPC,4049.2294715865546,-2511.566195360516,4042.6737234898037,-2510.375995123289
644,277,45768923814585032043993141834271464186,0.00023820867079561695,,Astro,4049.2294715865546,-2511.566195360516,4027.455230120298,-2501.6915362632853
1619,277,220851684290227519036893532079847059702,0.00023820867079561695,,L5_IT,4049.2294715865546,-2511.566195360516,4059.922868952522,-2550.307401172973
1847,277,51398866551156921661788747192926153835,0.00023820867079561695,,Micro,4049.2294715865546,-2511.566195360516,4053.4540661942665,-2527.1059798824767
401,278,41216569122407555765714464118438951913,0.00023820867079561695,,L2_3_IT,4139.728436397044,-2511.566195360516,4148.164626558162,-2521.020547102195
897,278,123043977749917971475203360417543800108,0.00023820867079561695,,L4_5_IT,4139.728436397044,-2511.566195360516,4140.6985236354385,-2522.8942636823167
1258,278,27466517342085052320462626029382603688,0.00023820867079561695,,Endo,4139.728436397044,-2511.566195360516,4123.678552117569,-2469.258786168295
1760,278,199284367621356315456168575523532963989,0.00023820867079561695,,L5_IT,4139.728436397044,-2511.566195360516,4143.6953892471865,-2522.0017214717623
1888,278,167981212931998758700840459818927921245,0.00023820867079561695,,L4_5_IT,4139.728436397044,-2511.566195360516,4142.405090426868,-2522.655658378009
734,279,157157973387452363019594196799162293811,0.00023820867079561695,,Astro,4230.227401207534,-2511.566195360516,4252.324158193991,-2525.534324623711
1233,279,79513723219221216930990552979036675005,0.00023820867079561695,,Astro,4230.227401207534,-2511.566195360516,4212.074253108341,-2553.014704043354
811,279,46568694150640342655729452643117732660,0.00023820867079561695,,L2_3_IT,4230.227401207534,-2511.566195360516,4225.094292946366,-2497.3535350451248
1129,279,59023636353063604242095853577381582681,0.00023820867079561695,,L2_3_IT,4230.227401207534,-2511.566195360516,4227.667794669619,-2486.8875222758606
1384,279,193796225148071511287163381646736658352,0.00023820867079561695,,L2_3_IT,4230.227401207534,-2511.566195360516,4233.976507119322,-2495.0408908145373
690,28,110460407290874235022410898514118194251,0.00023820867079561695,,L2_3_IT,3958.730506776065,-3688.052737896882,3978.015311514416,-3686.1026374019834
628,28,54534658745238007404565187229313918446,0.00023820867079561695,,L4_5_IT,3958.730506776065,-3688.052737896882,3964.2092605847947,-3687.5241898218706
827,28,293384843486600413605675427509134914746,0.00023820867079561695,,SMC,3958.730506776065,-3688.052737896882,3913.7234470587723,-3692.730369086554
1060,28,116241530072418429140702092354641985918,0.00023820867079561695,,L2_3_IT,3958.730506776065,-3688.052737896882,3973.782939595242,-3676.6843916540706
2158,28,64021701028083930428705314076264224231,0.00023820867079561695,,L4_5_IT,3958.730506776065,-3688.052737896882,3963.921575127097,-3697.2221015199366
1755,280,180640455273787425705238493047661649224,0.00023820867079561695,,Endo,4320.726366018023,-2511.566195360516,4331.711442542256,-2555.462023769367
1976,280,259482519788064459962622517516272594798,0.00023820867079561695,,L5_IT,4320.726366018023,-2511.566195360516,4324.324058973915,-2483.068588559707
441,280,72407151119578113140244512720494985516,0.00023820867079561695,,L6_CT,4320.726366018023,-2511.566195360516,4325.533209569806,-2496.4145247841743
1196,280,97505681187474349327322612327271699397,0.00023820867079561695,,L4_5_IT,4320.726366018023,-2511.566195360516,4317.277528091172,-2491.946001770979
2148,280,19623526319060910415387832887044749430,0.00023820867079561695,,Astro,4320.726366018023,-2511.566195360516,4304.785590912968,-2530.9398379183526
36,281,232806147633437347985162556079587311645,0.00023820867079561695,,PVM,4411.2253308285135,-2511.566195360516,4391.987616152549,-2532.955239759906
233,281,4369207583264798827327753410596812028,0.00023820867079561695,,L6_IT,4411.2253308285135,-2511.566195360516,4416.240061516792,-2489.9739187832847
759,281,252295184058536701947426006070567618851,0.00023820867079561695,,Endo,4411.2253308285135,-2511.566195360516,4373.370144467643,-2536.3553164325967
802,281,211251559217927247983825344289979966104,0.00023820867079561695,,L2_3_IT,4411.2253308285135,-2511.566195360516,4429.529140999918,-2506.804002153639
1280,281,270219062805630226006084924021733131063,0.00023820867079561695,,L5_ET,4411.2253308285135,-2511.566195360516,4444.999691005669,-2491.7424996731497
3163,282,152202880394483730470094936720339834712,0.00023820867079561695,,Endo,4501.724295639003,-2511.566195360516,4472.91484708832,-2531.2185111513427
1223,282,199294613784218956558582767360536083288,0.00023820867079561695,,L2_3_IT,4501.724295639003,-2511.566195360516,4501.69753544431,-2488.131556329825
3228,282,135302794711924507440611556432116572944,0.00023820867079561695,,L5_IT,4501.724295639003,-2511.566195360516,4541.2171201429455,-2533.653125220579
694,282,336970070930109674294125764299078444905,0.00023820867079561695,,L6_IT,4501.724295639003,-2511.566195360516,4500.395021432665,-2508.940337979196
1295,282,39693316101769074617171245233800489778,0.00023820867079561695,,L2_3_IT,4501.724295639003,-2511.566195360516,4492.396954086774,-2495.8874461216374
262,283,203662373315014693205350496754245951213,0.00023820867079561695,,Pvalb,4592.223260449493,-2511.566195360516,4593.8251868292955,-2531.267318592273
346,283,326273497284817873066557298660941713343,0.00023820867079561695,,Pvalb,4592.223260449493,-2511.566195360516,4598.741589175663,-2535.269147034239
1076,283,70889030316176832518674411673924677981,0.00023820867079561695,,Sst,4592.223260449493,-2511.566195360516,4587.926055190311,-2495.4365736573964
1688,283,266111039009987702750430474342244560245,0.00023820867079561695,,Endo,4592.223260449493,-2511.566195360516,4583.696470469002,-2467.1273664991345
1836,283,146581575483627974664122492203304659759,0.00023820867079561695,,Sst,4592.223260449493,-2511.566195360516,4596.9270005831895,-2528.7305710195324
842,284,224717509936687511578334361637925215823,0.00023820867079561695,,L6_IT,4682.722225259982,-2511.566195360516,4701.809438156163,-2521.183608145123
933,284,188027171770743867944838518557659697099,0.00023820867079561695,,L4_5_IT,4682.722225259982,-2511.566195360516,4669.657123341048,-2529.0565632405956
1192,284,106097468183846234145120636695421460523,0.00023820867079561695,,L2_3_IT,4682.722225259982,-2511.566195360516,4724.43402123996,-2494.9666806879027
1806,284,4971936995887533450516635400962148656,0.00023820867079561695,,L5_IT,4682.722225259982,-2511.566195360516,4664.012701211755,-2535.7724919422853
3812,284,69256611597258360939646640248105913210,0.0002146125288771836,,Micro,4682.722225259982,-2511.566195360516,4653.697842350976,-2476.8516327866632
656,285,13305806725526620574664273849389075787,0.00023820867079561695,,Astro,4773.221190070472,-2511.566195360516,4787.374841129077,-2504.309437552579
3193,285,215242765151845808241763342012238466475,0.00023820867079561695,,SMC,4773.221190070472,-2511.566195360516,4766.2851543823845,-2466.851465495782
80,285,266790303415672703091824575837392623706,0.00023820867079561695,,L5_IT,4773.221190070472,-2511.566195360516,4777.900204577713,-2525.0949518834123
816,285,181469649687832053144556881233970012939,0.00023820867079561695,,L2_3_IT,4773.221190070472,-2511.566195360516,4767.910436451844,-2530.6559709952935
1411,285,163112121924518435847200298199637020492,0.00023820867079561695,,L2_3_IT,4773.221190070472,-2511.566195360516,4766.635313811335,-2530.91915087551
3759,286,167829176528000042939844735154425792627,0.00023820867079561695,,L5_ET,4863.720154880962,-2511.566195360516,4908.134052446233,-2520.2219079830643
1636,286,230571970203224003023041979059862816395,0.00023820867079561695,,OPC,4863.720154880962,-2511.566195360516,4834.54068506324,-2491.9543938420434
75,286,179932606914371889094940989169456774610,0.00023820867079561695,,L6_IT,4863.720154880962,-2511.566195360516,4887.082710011128,-2517.432849891583
121,286,41052860405522796550087474009677880281,0.00023820867079561695,,L2_3_IT,4863.720154880962,-2511.566195360516,4845.231487165646,-2513.6810947045333
139,286,116823938027545776124856387752048614390,0.00023820867079561695,,L2_3_IT,4863.720154880962,-2511.566195360516,4843.611839718554,-2514.5407303813613
2110,287,33755780077342305666723224363365679770,0.00023820867079561695,,L6_CT,4954.219119691452,-2511.566195360516,4953.600813478523,-2512.2307378072933
379,287,74243479981089799760580205656163404436,0.00023820867079561695,,L5_ET,4954.219119691452,-2511.566195360516,4933.791260488175,-2507.3558550810217
886,287,108060076456404007973051775505538747490,0.00023820867079561695,,L5_ET,4954.219119691452,-2511.566195360516,4929.37197000144,-2521.99298598614
1686,287,72437425655883677890242500789840078691,0.00023820867079561695,,Pvalb,4954.219119691452,-2511.566195360516,4960.234659654769,-2526.0692785961514
1746,287,55441073310887532286771565735238859964,0.00023820867079561695,,L5_IT,4954.219119691452,-2511.566195360516,4994.096894834356,-2490.182119331972
76,288,234643345323010335334303184307028337132,0.00023820867079561695,,L5_IT,5044.718084501941,-2511.566195360516,5029.777084522268,-2532.7554470373043
1543,288,11753332869989170644041445786886323639,0.00023820867079561695,,L5_IT,5044.718084501941,-2511.566195360516,5039.868575589511,-2517.4725665335327
669,288,301665402294908927053831964077020879312,0.00023820867079561695,,L4_5_IT,5044.718084501941,-2511.566195360516,5012.129323828769,-2508.4403184407465
687,288,40874281926294332421118501769046944202,0.00023820867079561695,,L6_IT,5044.718084501941,-2511.566195360516,5063.1898877902595,-2517.559750126804
1224,288,265753212203412244017149262881872207488,0.00023820867079561695,,L2_3_IT,5044.718084501941,-2511.566195360516,5078.625550778911,-2481.602894664186
561,289,64627648917852529854653472909503784920,0.00023820867079561695,,L6_IT,5135.21704931243,-2511.566195360516,5136.904016165715,-2515.5838220097094
180,289,52465667117096673177889487321176028150,0.00023820867079561695,,L5_IT,5135.21704931243,-2511.566195360516,5124.307303397706,-2525.419013533898
939,289,128177390045670731645928011077779114911,0.00023820867079561695,,L6_IT,5135.21704931243,-2511.566195360516,5114.114083444764,-2508.9508453899225
1802,289,294431335959517840011881700087904064278,0.00023820867079561695,,Oligo,5135.21704931243,-2511.566195360516,5177.440100958423,-2495.2956831484685
1830,289,191720279299462916022077097245038763861,0.00023820867079561695,,L6_IT,5135.21704931243,-2511.566195360516,5123.319742595542,-2512.581612720583
2478,29,93017258670540724287671995081173795121,0.00023820867079561695,,Endo,4049.2294715865546,-3688.052737896882,4050.2481334102245,-3733.2907527298908
564,29,70587233256528025037488693975146512062,0.00023820867079561695,,L4_5_IT,4049.2294715865546,-3688.052737896882,4057.66740813982,-3674.4872942797197
1193,29,161417360262126175686545139062522241607,0.00023820867079561695,,L5_ET,4049.2294715865546,-3688.052737896882,4034.276949646069,-3672.977170611623
1566,29,173011102441921534044789459271974450927,0.00023820867079561695,,L2_3_IT,4049.2294715865546,-3688.052737896882,4049.736497991585,-3677.321908005308
2761,29,281951791265167021210165644017125107715,0.00023820867079561695,,L5_IT,4049.2294715865546,-3688.052737896882,4054.2183687450733,-3682.1865638578724
1028,290,120688366385858004572784664838891602481,0.00023820867079561695,,L6_CT,5225.716014122921,-2511.566195360516,5213.202405809735,-2475.0492063192996
1676,290,174889125153876026129344407942071528090,0.00023820867079561695,,L6_CT,5225.716014122921,-2511.566195360516,5216.632820661855,-2484.534722145993
215,290,108130648943528456533306131182053429367,0.00023820867079561695,,Endo,5225.716014122921,-2511.566195360516,5209.630653701962,-2532.3733131180998
1961,290,39294267675373757032634463314686522533,0.00023820867079561695,,Endo,5225.716014122921,-2511.566195360516,5265.242855405868,-2533.5921908234964
2024,290,31902670678006905027063485628952451000,0.00023820867079561695,,L5_ET,5225.716014122921,-2511.566195360516,5223.871335035197,-2532.2815443956883
159,291,26328962053775317813970598589769102084,0.00023820867079561695,,L2_3_IT,5316.214978933411,-2511.566195360516,5335.376155258165,-2549.780081223929
898,291,329465445689661282836786352684401009930,0.00023820867079561695,,L2_3_IT,5316.214978933411,-2511.566195360516,5303.809481110501,-2532.0044463198847
2483,291,133956340037553601175543842713259668345,0.00023820867079561695,,L2_3_IT,5316.214978933411,-2511.566195360516,5328.894684571647,-2537.5356504642295
826,291,102329940502936964350965875998000187692,0.00023820867079561695,,L5_ET,5316.214978933411,-2511.566195360516,5295.96349831421,-2472.186725891737
2605,291,207169961982299929256037664174996913984,0.00023820867079561695,,L5_ET,5316.214978933411,-2511.566195360516,5317.0310754125485,-2466.3240729027966
236,292,79105179966267054430258667837809452668,0.00023820867079561695,,Pvalb,5406.7139437439,-2511.566195360516,5400.693261115663,-2466.7190434037575
812,292,65718991021729643104361189558677603062,0.00023820867079561695,,SMC,5406.7139437439,-2511.566195360516,5401.894915179133,-2540.9091726978722
852,292,12212021688682561516770904562913719454,0.00023820867079561695,,Endo,5406.7139437439,-2511.566195360516,5398.798953584676,-2541.5394911814788
1277,292,210970793013695036294747078418548472442,0.00023820867079561695,,Pvalb,5406.7139437439,-2511.566195360516,5391.114026350773,-2473.8461164077107
1299,292,5560219026382758234104923934888381779,0.00023820867079561695,,Astro,5406.7139437439,-2511.566195360516,5441.068562489264,-2534.8171531117573
1071,293,28107645328554852957466985651762052507,0.00023820867079561695,,Peri,3868.231541965575,-2421.067230550026,3883.62405243461,-2446.9350454590235
481,293,243166653676702005308315527968808271277,0.00023820867079561695,,PVM,3868.231541965575,-2421.067230550026,3881.674516324508,-2425.219372284577
987,293,132622909422972733242202622727261771701,0.00023820867079561695,,Endo,3868.231541965575,-2421.067230550026,3847.305205480648,-2406.958195566223
2521,293,93850485811522358800267245501141053463,0.00023820867079561695,,Endo,3868.231541965575,-2421.067230550026,3857.948795076152,-2377.0015888963453
2576,293,84493185896124744285090232005307309542,0.00023820867079561695,,Endo,3868.231541965575,-2421.067230550026,3870.605140511914,-2449.2219505439552
739,294,229293327534095675145645175841958583551,0.00023820867079561695,,VLMC,3958.730506776065,-2421.067230550026,3984.6869921194125,-2433.933226034094
1865,294,292068010149223082567150341565302564540,0.00023820867079561695,,VLMC,3958.730506776065,-2421.067230550026,3946.2415806063923,-2399.5290867190747
1869,294,294506292288552979716096341515100614377,0.00023820867079561695,,VLMC,3958.730506776065,-2421.067230550026,3918.0790738449505,-2409.80000648095
422,294,113217926220827161949323025284333574300,0.00023820867079561695,,PVM,3958.730506776065,-2421.067230550026,3957.0267007787083,-2406.1782005288082
689,294,169396367621972724242110705496271832598,0.00023820867079561695,,L5_IT,3958.730506776065,-2421.067230550026,3987.6181865308636,-2455.8956329872144
3780,295,111332517517322211885738730301261569123,0.00023820867079561695,,Astro,4049.2294715865546,-2421.067230550026,4006.7548983786437,-2436.669355044734
209,295,124338234653438447210079096085062716176,0.00023820867079561695,,Endo,4049.2294715865546,-2421.067230550026,4064.798065146349,-2431.4923173678717
434,295,4750474866653585747238438627446128616,0.00023820867079561695,,Endo,4049.2294715865546,-2421.067230550026,4062.0685482492913,-2435.5166316456034
1062,295,63364078792618240578188186949606446965,0.00023820867079561695,,Endo,4049.2294715865546,-2421.067230550026,4052.5005492244436,-2395.4755148857544
1511,295,23721245685845181367112225343254547106,0.00023820867079561695,,Endo,4049.2294715865546,-2421.067230550026,4060.0252969340377,-2406.18233380617
1251,296,126171588873143083898393999337065436078,0.00023820867079561695,,PVM,4139.728436397044,-2421.067230550026,4120.430183785366,-2421.4438088009106
719,296,276324227104011655780654119919748863254,0.00023820867079561695,,Endo,4139.728436397044,-2421.067230550026,4180.933037367235,-2439.767404796003
1462,296,300568424884585728545256251488686292584,0.00023820867079561695,,Endo,4139.728436397044,-2421.067230550026,4149.115369286578,-2422.4179272246406
1488,296,86841685104812916219280199568749983859,0.00023820867079561695,,Endo,4139.728436397044,-2421.067230550026,4136.694062208031,-2432.865609298643
1623,296,5905252785615981959830149670173262961,0.00023820867079561695,,PVM,4139.728436397044,-2421.067230550026,4111.469529338021,-2388.8414026299365
2041,297,92249961499584237843705479490312388656,0.00023820867079561695,,Pvalb,4230.227401207534,-2421.067230550026,4218.991633844451,-2411.7924460355634
846,297,22704445548131474291292440802837084819,0.00023820867079561695,,L2_3_IT,4230.227401207534,-2421.067230550026,4243.4020542210155,-2447.76583742267
1191,297,125736105364940206263588131254682604168,0.00023820867079561695,,Vip,4230.227401207534,-2421.067230550026,4199.282386723748,-2388.053267798778
1554,297,288163130931451397763156952525566357200,0.00023820867079561695,,L2_3_IT,4230.227401207534,-2421.067230550026,4240.277279549437,-2421.80292874896
2733,297,295306553286479321734977984642071705198,0.00023820867079561695,,Sst,4230.227401207534,-2421.067230550026,4249.183651699022,-2435.921672744156
698,298,262506739300904686754981861782878574659,0.00023820867079561695,,L2_3_IT,4320.726366018023,-2421.067230550026,4277.865721449443,-2406.55927393621
1069,298,225389326624417729832082995237165160232,0.00023820867079561695,,L2_3_IT,4320.726366018023,-2421.067230550026,4331.250431812994,-2443.3828865674977
2355,298,183328686191986590102572326008727252499,0.00023820867079561695,,L6_CT,4320.726366018023,-2421.067230550026,4337.081011021318,-2408.3757134153852
470,298,311800760096723421912307659827730964924,0.00023820867079561695,,L6_IT,4320.726366018023,-2421.067230550026,4337.081219485461,-2423.250766353195
2672,298,147259876535861643505945469734321408407,0.00023820867079561695,,L2_3_IT,4320.726366018023,-2421.067230550026,4320.353446320907,-2423.7675124778434
333,299,127812969755025132776276816580147539619,0.00023820867079561695,,L2_3_IT,4411.2253308285135,-2421.067230550026,4419.88485235681,-2380.848732460609
2156,299,82928718199457026618959828887313453085,0.00023820867079561695,,Peri,4411.2253308285135,-2421.067230550026,4394.471131628716,-2439.371231559548
3553,299,220572937447929853418832892489473417960,0.00023820867079561695,,Peri,4411.2253308285135,-2421.067230550026,4394.573103953874,-2463.141201102591
505,299,94406726164865337328453908930341057486,0.00023820867079561695,,L4_5_IT,4411.2253308285135,-2421.067230550026,4414.5898506763215,-2438.2708450572795
1044,299,115858128044703910013460208017632998901,0.00023820867079561695,,L2_3_IT,4411.2253308285135,-2421.067230550026,4432.607715526843,-2383.7041425701086
138,3,32485689600347917795441678286085371191,0.00023820867079561695,,Astro,3687.233612344596,-3869.0506675178617,3685.217671522378,-3865.131805623195
313,3,102908585387146366434436973489258714022,0.00023820867079561695,,Astro,3687.233612344596,-3869.0506675178617,3662.5917739289625,-3843.990580429424
1213,3,136338037670501590897863249222072395319,0.00023820867079561695,,Astro,3687.233612344596,-3869.0506675178617,3698.4129049012304,-3885.1286226130433
2003,3,153930469426972548931087509314627783621,0.00023820867079561695,,Astro,3687.233612344596,-3869.0506675178617,3658.624719459939,-3871.762519098633
2170,3,240149345888160233013819033326288913860,0.00023820867079561695,,Endo,3687.233612344596,-3869.0506675178617,3731.3209919104906,-3879.2398098250083
30,30,167334399873025238058733490667724036272,0.00023820867079561695,,Astro,4139.728436397044,-3688.052737896882,4133.534867911676,-3732.876340690049
1285,30,114645685928948092456182227846714102440,0.00023820867079561695,,L5_IT,4139.728436397044,-3688.052737896882,4156.98500017126,-3656.6382348197435
1977,30,153054382360013502804528184740000704271,0.00023820867079561695,,L5_IT,4139.728436397044,-3688.052737896882,4150.907276309395,-3682.4368890837204
3169,30,108797534421156438692942660118952470682,0.00023820867079561695,,L5_IT,4139.728436397044,-3688.052737896882,4139.503382751997,-3682.7040853818717
33,30,164919339296395808024982903814132456053,0.00023820867079561695,,L2_3_IT,4139.728436397044,-3688.052737896882,4117.711654840876,-3685.6081395090227
1311,300,172981984204501005353041962771088430953,0.00023820867079561695,,L2_3_IT,4501.724295639003,-2421.067230550026,4507.880576775185,-2397.44558294185
2485,300,145327556901793179283296565635943085690,0.00023820867079561695,,L6_IT,4501.724295639003,-2421.067230550026,4499.228562503588,-2424.234005748138
303,300,142137939059438502412978552510620281516,0.00023820867079561695,,L5_IT,4501.724295639003,-2421.067230550026,4489.597296048717,-2423.203430189798
1021,300,217121945586352573944091923333183450629,0.00023820867079561695,,L4_5_IT,4501.724295639003,-2421.067230550026,4467.818618548781,-2451.032555827689
1673,300,158220428435258089132268232232631374667,0.00023820867079561695,,L4_5_IT,4501.724295639003,-2421.067230550026,4544.0964243187545,-2409.4205780426505
520,301,252116504921224928818065923339616197567,0.00023820867079561695,,Astro,4592.223260449493,-2421.067230550026,4629.388875377581,-2395.2557461882225
2040,301,57804611170900764515752338926235927647,0.00023820867079561695,,OPC,4592.223260449493,-2421.067230550026,4549.296952212847,-2411.220937113926
3128,301,211369646285649415030386195870013463450,0.00023820867079561695,,Pvalb,4592.223260449493,-2421.067230550026,4580.819819302024,-2437.5585525215956
1218,301,306020601254924488867686139206180379663,0.00023820867079561695,,L4_5_IT,4592.223260449493,-2421.067230550026,4612.900408968489,-2440.6804631710866
1344,301,318363192350807476820874015862133620773,0.00023820867079561695,,L2_3_IT,4592.223260449493,-2421.067230550026,4588.710246386544,-2420.62045375529
1186,302,330740734280589600802138405927303963984,0.00023820867079561695,,L4_5_IT,4682.722225259982,-2421.067230550026,4693.439809720039,-2416.797542815594
981,302,141663462893562695849984572782797534467,0.00023820867079561695,,L2_3_IT,4682.722225259982,-2421.067230550026,4656.926188529762,-2422.664814372639
2271,302,285697311798888931935191726803915164987,0.00023820867079561695,,Peri,4682.722225259982,-2421.067230550026,4727.883890309889,-2418.2494889254963
2308,302,81766691715852303686729726384365565790,0.00023820867079561695,,L2_3_IT,4682.722225259982,-2421.067230550026,4667.5956601780945,-2429.9714282915734
3849,302,10423246898564792607150667089393732968,0.00021461252887718327,,Oligo,4682.722225259982,-2421.067230550026,4667.765577562132,-2417.6528783448257
112,303,126620931991182152062590824645132858677,0.00023820867079561695,,OPC,4773.221190070472,-2421.067230550026,4769.947607343455,-2375.9363174851223
156,303,75855752473931223170900509180785388444,0.00023820867079561695,,Sst,4773.221190070472,-2421.067230550026,4803.352947211243,-2428.9403445700286
459,303,205460142099355829726395334171440412900,0.00023820867079561695,,Sst,4773.221190070472,-2421.067230550026,4777.906530891713,-2406.8640772730423
1063,303,286342465078279655884603648995944753530,0.00023820867079561695,,Sst,4773.221190070472,-2421.067230550026,4771.578117177066,-2461.2512431263526
1454,303,313201720911843675414859322398582445404,0.00023820867079561695,,OPC,4773.221190070472,-2421.067230550026,4743.320747728874,-2432.3441702955824
2707,304,222377669228281294123866390931188770066,0.00023820867079561695,,L4_5_IT,4863.720154880962,-2421.067230550026,4886.099629284795,-2407.5978189468874
956,304,333028431508543779090236976312693754726,0.00023820867079561695,,L6_CT,4863.720154880962,-2421.067230550026,4882.183387992604,-2446.0321083644203
302,304,336285881260141128369814322332029672798,0.00023820867079561695,,Oligo,4863.720154880962,-2421.067230550026,4820.137635557152,-2421.135924087865
1389,304,132650323004003159589812525330250023814,0.00023820867079561695,,Astro,4863.720154880962,-2421.067230550026,4835.328488733332,-2385.8333129236244
3864,304,214534534094892168470028943326250800424,0.00021461252887718322,,L5_ET,4863.720154880962,-2421.067230550026,4894.851632836932,-2444.7369884273357
12,305,162240904390649022898001971149742379002,0.00023820867079561695,,Pvalb,4954.219119691452,-2421.067230550026,4918.214090387672,-2438.1866406912964
523,305,48662721553879300331439035420496854833,0.00023820867079561695,,L4_5_IT,4954.219119691452,-2421.067230550026,4960.746523261392,-2376.291024138834
783,305,234607576200354405559442091691298488453,0.00023820867079561695,,L5_IT,4954.219119691452,-2421.067230550026,4961.180424741861,-2424.146352987321
1378,305,44388139817826663562208361260544378301,0.00023820867079561695,,L2_3_IT,4954.219119691452,-2421.067230550026,4961.339077776774,-2432.2652841762233
1937,305,301373572180622328183479670718868429225,0.00023820867079561695,,L6_IT,4954.219119691452,-2421.067230550026,4969.6154822895405,-2434.446850756456
955,306,222834499606317738261572468309433113571,0.00023820867079561695,,L2_3_IT,5044.718084501941,-2421.067230550026,5059.434157676415,-2409.852296746812
2388,306,248597249282460370247282417026057971127,0.00023820867079561695,,L2_3_IT,5044.718084501941,-2421.067230550026,5076.6995771074035,-2417.190452166375
1240,306,261313915814855288738108458287582794744,0.00023820867079561695,,L5_ET,5044.718084501941,-2421.067230550026,5004.572894672344,-2441.944955318021
129,306,85928924538701825768673829010199023922,0.00023820867079561695,,L4_5_IT,5044.718084501941,-2421.067230550026,5055.876415828964,-2416.508892632793
334,306,3416126655017681439692189890686309352,0.00023820867079561695,,L4_5_IT,5044.718084501941,-2421.067230550026,5027.007377224603,-2419.8395558861307
377,307,92678185758055110639119595251936960075,0.00023820867079561695,,L2_3_IT,5135.21704931243,-2421.067230550026,5123.771535028797,-2425.7322467975405
380,307,51957416224342544018678248884775468862,0.00023820867079561695,,SMC,5135.21704931243,-2421.067230550026,5179.9225633682945,-2414.072041421527
360,307,122204043600856347361635064268004173390,0.00023820867079561695,,L6_IT,5135.21704931243,-2421.067230550026,5134.746341683697,-2451.3039427143776
1368,307,175320745869254039901285233464205699653,0.00023820867079561695,,L2_3_IT,5135.21704931243,-2421.067230550026,5125.304459946688,-2400.5313687192115
1435,307,95071566823953912623116638746238359559,0.00023820867079561695,,L2_3_IT,5135.21704931243,-2421.067230550026,5112.340346534668,-2413.696553097474
1725,308,90784054134420618179990827553004239762,0.00023820867079561695,,L5_ET,5225.716014122921,-2421.067230550026,5241.514969077661,-2423.639483530535
804,308,319249315972164732406010217352688971466,0.00023820867079561695,,L6_CT,5225.716014122921,-2421.067230550026,5213.798108507249,-2464.7190252860787
937,308,207654983382477233327824999133111787880,0.00023820867079561695,,L6_CT,5225.716014122921,-2421.067230550026,5240.221498307312,-2412.905552268073
1904,308,187412525983979362642047610521146489618,0.00023820867079561695,,L6_CT,5225.716014122921,-2421.067230550026,5249.922637165251,-2393.733337006352
1126,308,292041221267415814616543848152101003870,0.00023820867079561695,,L6_IT,5225.716014122921,-2421.067230550026,5183.122857557135,-2410.338754659079
3409,309,220508113017511323589400775249131783392,0.00023820867079561695,,L5_IT,5316.214978933411,-2421.067230550026,5332.792062733313,-2432.347287650753
948,309,7273574521407910378476047225480063466,0.00023820867079561695,,Oligo,5316.214978933411,-2421.067230550026,5279.3101866898005,-2394.8841832216776
404,309,131655857685712984814022685317350785328,0.00023820867079561695,,Peri,5316.214978933411,-2421.067230550026,5330.073627555136,-2440.907912286454
680,309,269286821096047683395320890022963282285,0.00023820867079561695,,L6_IT,5316.214978933411,-2421.067230550026,5335.714704860171,-2424.84424316236
1813,309,161074454408586502821965755630089690044,0.00023820867079561695,,L6_CT,5316.214978933411,-2421.067230550026,5303.184312828647,-2412.3525264288833
1231,31,229096218540488130450606121565233995112,0.00023820867079561695,,Sst,4230.227401207534,-3688.052737896882,4197.642948632256,-3693.6105314245583
39,31,242890438502805682280887905823744918050,0.00023820867079561695,,L5_IT,4230.227401207534,-3688.052737896882,4263.921757955546,-3682.6204393421203
170,31,132121229613057657432176695403412303977,0.00023820867079561695,,L4_5_IT,4230.227401207534,-3688.052737896882,4203.56321189667,-3724.6114121936466
2196,31,17854142999585242835240171087359128500,0.00023820867079561695,,L6_IT,4230.227401207534,-3688.052737896882,4268.48020319128,-3687.0793961993736
2225,31,90760042430234664537801834942423973249,0.00023820867079561695,,L6_IT,4230.227401207534,-3688.052737896882,4217.528884361896,-3652.341910324702
1392,310,84809573080298715742031101551874664578,0.00023820867079561695,,L6_CT,5406.7139437439,-2421.067230550026,5437.12000710401,-2407.057839386891
2604,310,210340786420941862061240084964686235518,0.00023820867079561695,,L6_CT,5406.7139437439,-2421.067230550026,5406.87094538313,-2402.3215413675443
3331,310,52653624819167534517641303193107519866,0.00023820867079561695,,L6_CT,5406.7139437439,-2421.067230550026,5402.038543710409,-2386.8480653748115
115,310,210056027000065219195417921920578984123,0.00023820867079561695,,L6_IT,5406.7139437439,-2421.067230550026,5387.293178610024,-2443.256491260035
494,310,264644324638626412256901243971132841416,0.00023820867079561695,,L6_IT,5406.7139437439,-2421.067230550026,5400.247043911915,-2465.8522153608487
358,311,190777399882425047828197828812820540116,0.00023820867079561695,,VLMC,4049.2294715865546,-2330.5682657395364,4017.023160605278,-2360.3012343842947
641,311,132988663934496141921985139246909458350,0.00023820867079561695,,VLMC,4049.2294715865546,-2330.5682657395364,4067.8561409451386,-2334.4790750008733
1524,311,270585128427936633318778665743603231050,0.00023820867079561695,,VLMC,4049.2294715865546,-2330.5682657395364,4061.4684413294844,-2336.1797631979157
1861,311,288220116457608169910468934814891177079,0.00023820867079561695,,VLMC,4049.2294715865546,-2330.5682657395364,4075.6229189709284,-2293.8136525173727
2379,311,133905108268584591779280270639970757232,0.00023820867079561695,,VLMC,4049.2294715865546,-2330.5682657395364,4024.1766960819537,-2328.0676035972256
496,312,175791191643477328182736199012626566415,0.00023820867079561695,,SMC,4139.728436397044,-2330.5682657395364,4131.779463086898,-2338.3192084546704
100,312,135105555693834556977418455679912024619,0.00023820867079561695,,Astro,4139.728436397044,-2330.5682657395364,4141.3916747303565,-2331.197586696897
1148,312,103411609474924234227396703721662557657,0.00023820867079561695,,SMC,4139.728436397044,-2330.5682657395364,4127.324464714956,-2328.516365776571
1913,312,60048783719286020964719844609444228686,0.00023820867079561695,,SMC,4139.728436397044,-2330.5682657395364,4114.953991299975,-2336.824939577606
3972,312,175592294073369630404220731364795232647,0.00020787077404334542,,OPC,4139.728436397044,-2330.5682657395364,4183.192588153039,-2317.9832281919394
205,313,138149667521237400394369153543513203175,0.00023820867079561695,,L2_3_IT,4230.227401207534,-2330.5682657395364,4257.360164702335,-2335.1154273119855
276,313,153308733154099008478345613869212528708,0.00023820867079561695,,L2_3_IT,4230.227401207534,-2330.5682657395364,4272.819519337487,-2345.846588001705
2475,313,125146603728684488599135778213455873097,0.00023820867079561695,,Micro,4230.227401207534,-2330.5682657395364,4209.779552877023,-2347.7570388158715
3399,313,14254852112225201597025903808571890133,0.00023820867079561695,,Micro,4230.227401207534,-2330.5682657395364,4195.12160899403,-2310.185941281854
240,313,63153961598262675396504569804626657381,0.00023820867079561695,,Vip,4230.227401207534,-2330.5682657395364,4216.056160126798,-2313.9363332862627
203,314,285190713687376590388751934006285119551,0.00023820867079561695,,L5_IT,4320.726366018023,-2330.5682657395364,4328.5923312629075,-2336.318319201533
633,314,94194290090796053131867362394112946200,0.00023820867079561695,,L2_3_IT,4320.726366018023,-2330.5682657395364,4312.825968216769,-2356.1376137560337
838,314,90116950998178256964090902079006834856,0.00023820867079561695,,L6_IT,4320.726366018023,-2330.5682657395364,4321.503660097572,-2343.741402472063
1266,314,7503723995416267772913758497431012403,0.00023820867079561695,,VLMC,4320.726366018023,-2330.5682657395364,4312.575436347874,-2286.058963302239
1711,314,16548283312143935816439491141117965083,0.00023820867079561695,,L5_IT,4320.726366018023,-2330.5682657395364,4328.134434165001,-2330.5850299658164
339,315,250947770980180110557841990330544070680,0.00023820867079561695,,L5_ET,4411.2253308285135,-2330.5682657395364,4398.149217353876,-2363.9647749174865
1495,315,99702068459277783182220371956699162352,0.00023820867079561695,,L5_ET,4411.2253308285135,-2330.5682657395364,4369.391068632928,-2346.9413219348103
3150,315,109979375552010212879865523379737278773,0.00023820867079561695,,OPC,4411.2253308285135,-2330.5682657395364,4440.783726206476,-2296.3072540699636
69,315,170784990164374690762905822382776530962,0.00023820867079561695,,L4_5_IT,4411.2253308285135,-2330.5682657395364,4417.456244325342,-2314.030115486231
1639,315,219079513087740543126827128433214596804,0.00023820867079561695,,L2_3_IT,4411.2253308285135,-2330.5682657395364,4430.346397623927,-2331.597862289191
1827,316,136975755642501563811410761509626092821,0.00023820867079561695,,L2_3_IT,4501.724295639003,-2330.5682657395364,4485.501581063072,-2343.492447424592
2185,316,250730303321264835439323898152966765754,0.00023820867079561695,,L6_CT,4501.724295639003,-2330.5682657395364,4456.907497930101,-2336.8108854670204
3107,316,195457300262102859463331293956268822668,0.00023820867079561695,,Pvalb,4501.724295639003,-2330.5682657395364,4516.246422978106,-2344.035891491143
3393,316,83107594143228630718501009971094220412,0.00023820867079561695,,Pvalb,4501.724295639003,-2330.5682657395364,4513.02466444782,-2323.7970884747165
1503,316,69082725686220086375283969750693146987,0.00023820867079561695,,Oligo,4501.724295639003,-2330.5682657395364,4536.94131177592,-2304.7050158402035
2804,317,196007888576171652815738944461464534705,0.00023820867079561695,,Oligo,4592.223260449493,-2330.5682657395364,4613.931705781021,-2342.4252693470603
417,317,197984653454715243935876216326702334914,0.00023820867079561695,,L4_5_IT,4592.223260449493,-2330.5682657395364,4621.408687872726,-2365.1475439862807
526,317,284757436173891549236613160269278899903,0.00023820867079561695,,L2_3_IT,4592.223260449493,-2330.5682657395364,4580.701771695633,-2342.5993948732075
1356,317,183403223834359224406265050032730689777,0.00023820867079561695,,L2_3_IT,4592.223260449493,-2330.5682657395364,4564.877434543421,-2299.5727388893215
4002,317,327273330690814167938924471423064092550,0.00019101638695874956,,Oligo,4592.223260449493,-2330.5682657395364,4580.196702354668,-2303.0963816018166
10,318,154730345341719759029059507666035220379,0.00023820867079561695,,L5_IT,4682.722225259982,-2330.5682657395364,4692.116042570407,-2329.424004564982
536,318,62246662980915200892470969131875487690,0.00023820867079561695,,L5_IT,4682.722225259982,-2330.5682657395364,4663.539340112993,-2337.6431351166343
607,318,207379361541594920953655456308528949347,0.00023820867079561695,,Astro,4682.722225259982,-2330.5682657395364,4640.938254779035,-2313.2011857089187
1139,318,191569564630263649078209134769844339459,0.00023820867079561695,,L5_IT,4682.722225259982,-2330.5682657395364,4701.250109277282,-2319.453374075174
1875,318,163537701544655397927664615557892670574,0.00023820867079561695,,L5_IT,4682.722225259982,-2330.5682657395364,4715.767379560194,-2353.1196292319546
140,319,61696593403209919684187089797023931310,0.00023820867079561695,,L2_3_IT,4773.221190070472,-2330.5682657395364,4764.737579187255,-2342.0680142507554
1981,319,132812334611156711321668262342121734981,0.00023820867079561695,,VLMC,4773.221190070472,-2330.5682657395364,4793.434867171206,-2294.135830683283
1130,319,336553787442607144480749440039331203692,0.00023820867079561695,,L5_IT,4773.221190070472,-2330.5682657395364,4762.170083702514,-2341.920591992757
1490,319,174965084917815707259856203120476676135,0.00023820867079561695,,SMC,4773.221190070472,-2330.5682657395364,4799.442879030557,-2307.763591311526
4040,319,254531815001463226483103885532856849140,0.00019101638695874897,,OPC,4773.221190070472,-2330.5682657395364,4746.320541260827,-2366.9533004593586
695,32,146050488192793020217548783125293575835,0.00023820867079561695,,L2_3_IT,4320.726366018023,-3688.052737896882,4319.00945293361,-3665.5054224437467
809,32,310999536924716895366496116999910654699,0.00023820867079561695,,L2_3_IT,4320.726366018023,-3688.052737896882,4317.268156472154,-3688.274754339553
1600,32,114511580986065505779132969392098325683,0.00023820867079561695,,L2_3_IT,4320.726366018023,-3688.052737896882,4315.872375869427,-3690.157475087677
1709,32,168216847524838670721601255290069053850,0.00023820867079561695,,Sst,4320.726366018023,-3688.052737896882,4285.78544116023,-3713.294392515841
2195,32,177421653172895205992830819478083220357,0.00023820867079561695,,L4_5_IT,4320.726366018023,-3688.052737896882,4365.696403654693,-3683.031645097595
555,320,202649067822954166757392362700898638654,0.00023820867079561695,,Astro,4863.720154880962,-2330.5682657395364,4900.6794136801755,-2326.008709284496
1964,320,84588723406065994130195542891925907493,0.00023820867079561695,,Astro,4863.720154880962,-2330.5682657395364,4878.927321438715,-2322.212043872555
3756,320,3926382353440455005159595359502740821,0.00023820867079561695,,L4_5_IT,4863.720154880962,-2330.5682657395364,4894.942962554544,-2345.432519870586
940,320,101040309230617229467963033777200410268,0.00023820867079561695,,Endo,4863.720154880962,-2330.5682657395364,4825.388970314815,-2324.4619146890586
1008,320,191674114683149986893472706948628063834,0.00023820867079561695,,Endo,4863.720154880962,-2330.5682657395364,4818.662106416575,-2334.726140980987
105,321,60206671507083520671701328809692300331,0.00023820867079561695,,L4_5_IT,4954.219119691452,-2330.5682657395364,4937.118617881228,-2343.4800285352735
173,321,336831717341111978320424782115771440289,0.00023820867079561695,,L4_5_IT,4954.219119691452,-2330.5682657395364,4954.706668465673,-2347.7620750310994
466,321,235443347364086460759814732904990133211,0.00023820867079561695,,L4_5_IT,4954.219119691452,-2330.5682657395364,4916.812527019793,-2351.68247072659
618,321,335227220227275297001542604377120302086,0.00023820867079561695,,L4_5_IT,4954.219119691452,-2330.5682657395364,4979.52389334923,-2314.3195842166037
789,321,251533420772024020908509141381337347391,0.00023820867079561695,,L5_IT,4954.219119691452,-2330.5682657395364,4982.933891741329,-2295.5971701881217
2539,322,61583507988870666918661559334189308622,0.00023820867079561695,,Astro,5044.718084501941,-2330.5682657395364,5060.221687508104,-2308.8240134013276
2680,322,266458669980595764862044517948205045288,0.00023820867079561695,,Micro,5044.718084501941,-2330.5682657395364,5058.220615932416,-2370.7894023125277
1149,322,194154344107903921784826968028782716295,0.00023820867079561695,,Endo,5044.718084501941,-2330.5682657395364,5063.9463095390865,-2289.60741833786
1643,322,117607232881972138490164727389308453710,0.00023820867079561695,,L5_IT,5044.718084501941,-2330.5682657395364,5012.287907636252,-2344.4670594071654
3937,322,16808654077918130684760279244168870523,0.00021461252887718305,,Astro,5044.718084501941,-2330.5682657395364,5028.913901893841,-2339.153435238806
914,323,159243855812976968549212623884181313380,0.00023820867079561695,,L2_3_IT,5135.21704931243,-2330.5682657395364,5125.847429338979,-2335.1692147435692
3184,323,45824360862668672747659709317829836696,0.00023820867079561695,,L2_3_IT,5135.21704931243,-2330.5682657395364,5129.875444214973,-2348.3104753703496
736,323,242739817030015755836987459247747537740,0.00023820867079561695,,L5_ET,5135.21704931243,-2330.5682657395364,5180.247031507997,-2335.0198229288244
98,323,324845008708937165675675685920038244315,0.00023820867079561695,,L5_IT,5135.21704931243,-2330.5682657395364,5129.233847976923,-2321.170106965533
319,323,115887505881922530441351324828087663437,0.00023820867079561695,,L4_5_IT,5135.21704931243,-2330.5682657395364,5110.881493523284,-2313.171708689405
1637,324,261400176737277955217600998398763065287,0.00023820867079561695,,L5_6_NP,5225.716014122921,-2330.5682657395364,5232.683521393493,-2345.6733062459466
2439,324,86121827312104042479298548186204818825,0.00023820867079561695,,Sst,5225.716014122921,-2330.5682657395364,5233.930993060177,-2294.4828029364185
344,324,157754923679649106902342475969025481832,0.00023820867079561695,,L6_CT,5225.716014122921,-2330.5682657395364,5211.724032681688,-2373.6001157263863
414,324,64733334141639626930254520785654487655,0.00023820867079561695,,Oligo,5225.716014122921,-2330.5682657395364,5206.005172177198,-2304.6585926327775
655,324,56549572557830715557910772407362834874,0.00023820867079561695,,Micro,5225.716014122921,-2330.5682657395364,5244.236351302047,-2334.4265111561563
603,325,152486784525216667612655104026151818000,0.00023820867079561695,,Pvalb,5316.214978933411,-2330.5682657395364,5314.12965570033,-2333.4206547286844
2212,325,322720017687137435253648301881292073703,0.00023820867079561695,,Sst,5316.214978933411,-2330.5682657395364,5298.562126667625,-2313.7449804312705
2480,325,49185521603949705040761727099809140078,0.00023820867079561695,,Sst,5316.214978933411,-2330.5682657395364,5305.515151582806,-2311.1461035004604
879,325,102295861303286750533722509490935319871,0.00023820867079561695,,L5_IT,5316.214978933411,-2330.5682657395364,5351.96724085131,-2358.304369029229
1314,325,81800593522808885678859557649836867615,0.00023820867079561695,,Pvalb,5316.214978933411,-2330.5682657395364,5310.900719864986,-2336.225221008037
35,326,157088440507529691055599447119343731787,0.00023820867079561695,,L6_CT,5406.7139437439,-2330.5682657395364,5440.982881785607,-2301.019060277524
96,326,218326498062623466318951088864783450076,0.00023820867079561695,,L6_CT,5406.7139437439,-2330.5682657395364,5405.72024344616,-2319.0501496508764
650,326,243039165451797221181184042039723694626,0.00023820867079561695,,L6_CT,5406.7139437439,-2330.5682657395364,5381.271592085104,-2358.135120670846
1690,326,14466038359969632109748286428072896778,0.00023820867079561695,,L6_CT,5406.7139437439,-2330.5682657395364,5440.726993023873,-2356.0010894389984
2008,326,178874410211162929014629152719755851647,0.00023820867079561695,,L2_3_IT,5406.7139437439,-2330.5682657395364,5364.8680083787785,-2318.635908659437
875,327,84030415685037974381684956689442314087,0.00023820867079561695,,VLMC,4049.2294715865546,-2240.0693009290467,4036.6159359678636,-2283.5251909456897
2275,327,193257313562254573913292790261336083884,0.00023820867079561695,,VLMC,4049.2294715865546,-2240.0693009290467,4036.6159359678636,-2262.4766773932724
500,327,287560456206448676105491544752053505682,0.00023820867079561695,,L5_IT,4049.2294715865546,-2240.0693009290467,4036.6159359678636,-2202.113333907178
1300,327,189044510760435296889622519974782672490,0.00023820867079561695,,L5_IT,4049.2294715865546,-2240.0693009290467,4059.269467387037,-2217.235343571997
1909,327,322170954556784077948712453166213284945,0.00023820867079561695,,Endo,4049.2294715865546,-2240.0693009290467,4077.0300826421353,-2234.9959588270954
2,328,295338156695562275248492490868278072656,0.00023820867079561695,,OPC,4230.227401207534,-2240.0693009290467,4227.944137124331,-2242.90073225896
189,328,273688277702317692765831557309729808195,0.00023820867079561695,,OPC,4230.227401207534,-2240.0693009290467,4258.429565677332,-2208.4740391092037
3664,328,202691145434627882971349694753781219317,0.00023820867079561695,,Peri,4230.227401207534,-2240.0693009290467,4201.884030821325,-2258.1031671787177
304,328,263020584743489652837042564809497179473,0.00023820867079561695,,OPC,4230.227401207534,-2240.0693009290467,4274.638115669925,-2233.927071066179
1706,328,30564465469398918621758561013850339299,0.00023820867079561695,,OPC,4230.227401207534,-2240.0693009290467,4188.241156744756,-2256.941495032198
85,329,273380175469521837384544766207790550131,0.00023820867079561695,,L2_3_IT,4320.726366018023,-2240.0693009290467,4330.9271512016285,-2234.992607763977
3340,329,148234738732530135462790660177264253253,0.00023820867079561695,,L5_IT,4320.726366018023,-2240.0693009290467,4322.790740848747,-2244.45592664671
3568,329,270838823460469291424128195797244934916,0.00023820867079561695,,Vip,4320.726366018023,-2240.0693009290467,4275.665545952383,-2244.1970306869716
104,329,78316608495914626679815160798135348252,0.00023820867079561695,,L6_IT,4320.726366018023,-2240.0693009290467,4331.547751119742,-2238.774486576567
2752,329,240268186845183635702063743058442448011,0.00023820867079561695,,L2_3_IT,4320.726366018023,-2240.0693009290467,4342.700640967614,-2237.926452971009
2762,33,379723268488897347999752659151952000,0.00023820867079561695,,Astro,4411.2253308285135,-3688.052737896882,4374.628179420596,-3661.4413838019
1728,33,49890306820383459883601426857176729295,0.00023820867079561695,,L5_IT,4411.2253308285135,-3688.052737896882,4432.580049697697,-3703.9684071037987
1171,33,69104541633382222443827243241072164109,0.00023820867079561695,,L4_5_IT,4411.2253308285135,-3688.052737896882,4397.76230164031,-3688.4366174428055
1998,33,200096980402473586590024467820397767718,0.00023820867079561695,,L2_3_IT,4411.2253308285135,-3688.052737896882,4412.704365429946,-3680.5612496828844
2077,33,67976815143879605351616023147528024441,0.00023820867079561695,,L4_5_IT,4411.2253308285135,-3688.052737896882,4438.451757954029,-3705.856031453025
2091,330,204691037066458103807113889513648763889,0.00023820867079561695,,Astro,4411.2253308285135,-2240.0693009290467,4404.704246515812,-2235.5683208148735
2421,330,209092096106906277807134504174463589471,0.00023820867079561695,,L2_3_IT,4411.2253308285135,-2240.0693009290467,4430.178249632478,-2281.1582596254275
684,330,138515668863978752517858361548172563308,0.00023820867079561695,,Endo,4411.2253308285135,-2240.0693009290467,4391.586933015621,-2221.776460549924
715,330,304303417940143983608686615473356951026,0.00023820867079561695,,SMC,4411.2253308285135,-2240.0693009290467,4435.727071101103,-2223.9743392539795
972,330,196931030023005384112567142991560953773,0.00023820867079561695,,Endo,4411.2253308285135,-2240.0693009290467,4393.930153877558,-2237.8691244010297
2652,331,233595952532013976977922718191005235328,0.00023820867079561695,,L2_3_IT,4501.724295639003,-2240.0693009290467,4487.468378596923,-2243.220338975514
965,331,8461544462435731293762675232842210333,0.00023820867079561695,,SMC,4501.724295639003,-2240.0693009290467,4522.795804397755,-2243.095270594979
727,331,49094672334633452705078519567271410177,0.00023820867079561695,,VLMC,4501.724295639003,-2240.0693009290467,4539.830705569576,-2215.6681292328826
1409,331,292091871078333955989651982556820281362,0.00023820867079561695,,L4_5_IT,4501.724295639003,-2240.0693009290467,4469.0111235839295,-2246.527140058445
2663,331,243207153461579160277457239314669060185,0.00023820867079561695,,L2_3_IT,4501.724295639003,-2240.0693009290467,4489.515466046841,-2251.8356257834107
1158,332,283704710124119426630872870950200407450,0.00023820867079561695,,L2_3_IT,4592.223260449493,-2240.0693009290467,4634.821195395718,-2255.3313976480354
306,332,268096592449545275062552535523042932840,0.00023820867079561695,,SMC,4592.223260449493,-2240.0693009290467,4579.577788828564,-2231.9968035156717
1397,332,294294635413343287337867510515529700699,0.00023820867079561695,,SMC,4592.223260449493,-2240.0693009290467,4579.104007875031,-2236.0075552499056
93,332,262607730235322447149755584900671522560,0.00023820867079561695,,VLMC,4592.223260449493,-2240.0693009290467,4582.644504920556,-2230.820298903804
489,332,169000776273950157962145806870808958090,0.00023820867079561695,,VLMC,4592.223260449493,-2240.0693009290467,4584.968805227588,-2246.190449327818
336,333,336298522699928668702378665821125387247,0.00023820867079561695,,Endo,4682.722225259982,-2240.0693009290467,4724.050879689372,-2258.493686427582
844,333,146106884006979298995320323673527470691,0.00023820867079561695,,L2_3_IT,4682.722225259982,-2240.0693009290467,4660.050137211138,-2222.16895868694
803,333,78041915785808985096415374064007419684,0.00023820867079561695,,L5_6_NP,4682.722225259982,-2240.0693009290467,4679.914203438283,-2255.9381666004956
1498,333,146527831841678074952447720312486355264,0.00023820867079561695,,L5_ET,4682.722225259982,-2240.0693009290467,4687.492844659273,-2248.7564401837085
1523,333,323593684365110614586551519124073183911,0.00023820867079561695,,L2_3_IT,4682.722225259982,-2240.0693009290467,4662.103061301833,-2214.989252746497
128,334,48458365171464501767986369139896098457,0.00023820867079561695,,PVM,4773.221190070472,-2240.0693009290467,4738.27261808783,-2211.3271198302396
1304,334,315702332849902612378244452886460629466,0.00023820867079561695,,PVM,4773.221190070472,-2240.0693009290467,4769.202660125778,-2272.727605770967
977,334,148634350416808848504384818550277769776,0.00023820867079561695,,VLMC,4773.221190070472,-2240.0693009290467,4789.906491089223,-2257.042525145764
1118,334,234002661016830460047431996698677472215,0.00023820867079561695,,Endo,4773.221190070472,-2240.0693009290467,4807.971882244373,-2212.5384210634074
1325,334,242454008537474623490310307575516603687,0.00023820867079561695,,SMC,4773.221190070472,-2240.0693009290467,4760.752298805198,-2246.7108328348577
976,335,293999290843482143396750877509853030488,0.00023820867079561695,,L5_ET,4863.720154880962,-2240.0693009290467,4888.153601970939,-2229.2168507031033
529,335,105018458557167169914316082564072308694,0.00023820867079561695,,Sst,4863.720154880962,-2240.0693009290467,4852.443542640339,-2239.985568880246
1079,335,49471701974759353799840271410210820529,0.00023820867079561695,,Sst,4863.720154880962,-2240.0693009290467,4834.891880200177,-2234.333640123238
1532,335,208096836029947923084407581768555794620,0.00023820867079561695,,L5_IT,4863.720154880962,-2240.0693009290467,4908.219588676118,-2231.864665053337
1658,335,161084667074316048000496152313396049035,0.00023820867079561695,,L2_3_IT,4863.720154880962,-2240.0693009290467,4834.89216091722,-2264.945779885314
1348,336,123903853436011138112397597154424461780,0.00023820867079561695,,L4_5_IT,4954.219119691452,-2240.0693009290467,4955.437146720388,-2194.8362149399245
2282,336,325589872935501156044661819393288139707,0.00023820867079561695,,L4_5_IT,4954.219119691452,-2240.0693009290467,4967.15879512962,-2266.2082722028636
601,336,118862187207103176499888358426014253257,0.00023820867079561695,,L5_ET,4954.219119691452,-2240.0693009290467,4941.749396740462,-2237.56982638145
821,336,207204883360818229751097784481424409889,0.00023820867079561695,,OPC,4954.219119691452,-2240.0693009290467,4934.937610569457,-2246.813142697704
1952,336,8769866146770029429350112582622233211,0.00023820867079561695,,L5_IT,4954.219119691452,-2240.0693009290467,4971.812649297329,-2254.919048423285
1094,337,300224330881332225619705765934303555824,0.00023820867079561695,,L6_IT,5044.718084501941,-2240.0693009290467,5046.897281410454,-2220.088301348718
1550,337,248984141029010454230533233453483750754,0.00023820867079561695,,L6_IT,5044.718084501941,-2240.0693009290467,5048.557176468256,-2237.20152051515
106,337,35644848519888559979056734037398056625,0.00023820867079561695,,Peri,5044.718084501941,-2240.0693009290467,5033.431543596287,-2283.888584952494
418,337,287093236305424610765603370034505732534,0.00023820867079561695,,L5_IT,5044.718084501941,-2240.0693009290467,5048.444440095417,-2228.889874491343
429,337,200176947480992096613033130067496255135,0.00023820867079561695,,L5_IT,5044.718084501941,-2240.0693009290467,5046.259980939301,-2230.2782233375196
468,338,10439354818870026981613212500868313457,0.00023820867079561695,,Astro,5135.21704931243,-2240.0693009290467,5099.813513957067,-2268.249175703148
157,338,215625930539017696886273714960905647107,0.00023820867079561695,,Pvalb,5135.21704931243,-2240.0693009290467,5132.386904971129,-2238.602695011893
845,338,176406484765153833608521531999066854182,0.00023820867079561695,,Pvalb,5135.21704931243,-2240.0693009290467,5153.168586219759,-2259.8506720193895
2111,338,283142509569759672554085222620445867987,0.00023820867079561695,,Pvalb,5135.21704931243,-2240.0693009290467,5131.074107553906,-2209.497052921043
2137,338,180556628187535950441879765999606531810,0.00023820867079561695,,Pvalb,5135.21704931243,-2240.0693009290467,5159.64213386029,-2224.1469089897596
1269,339,217043779973720016586589326478526208130,0.00023820867079561695,,Oligo,5225.716014122921,-2240.0693009290467,5208.546052007174,-2261.541785517744
3445,339,283285266022769970220059589297236510561,0.00023820867079561695,,Vip,5225.716014122921,-2240.0693009290467,5269.153158762011,-2227.391362471029
300,339,82768921644800080472972526062719101830,0.00023820867079561695,,Astro,5225.716014122921,-2240.0693009290467,5206.773155464405,-2233.3709472030782
1442,339,242221390534313173942108315123223580093,0.00023820867079561695,,Oligo,5225.716014122921,-2240.0693009290467,5222.864108810233,-2249.7963767712126
2741,339,188264520251471748190527100634998993343,0.00023820867079561695,,Oligo,5225.716014122921,-2240.0693009290467,5221.2435955707815,-2228.2460326821733
960,34,216885013693428880730203561462726650977,0.00023820867079561695,,L4_5_IT,4501.724295639003,-3688.052737896882,4514.856355464816,-3673.0884102900804
1248,34,123864903374358328629741588662557351770,0.00023820867079561695,,Micro,4501.724295639003,-3688.052737896882,4523.789258162998,-3727.557839931394
1421,34,201436102879677449838225326286871226838,0.00023820867079561695,,L4_5_IT,4501.724295639003,-3688.052737896882,4485.942607753257,-3654.91734773932
1593,34,231377291197518094539425057510973594150,0.00023820867079561695,,L4_5_IT,4501.724295639003,-3688.052737896882,4482.49420206484,-3676.7348632832227
1701,34,39557731501915038008334317635375340790,0.00023820867079561695,,Micro,4501.724295639003,-3688.052737896882,4501.539054749108,-3707.965228240394
3109,340,227513020987063833395375986505103877609,0.00023820867079561695,,L5_ET,5316.214978933411,-2240.0693009290467,5330.871171459724,-2210.2317983004177
1041,340,168426586339755414157528292525946146214,0.00023820867079561695,,Sst,5316.214978933411,-2240.0693009290467,5317.652790994503,-2256.830063963367
1061,340,250841668429572516494481990838496695245,0.00023820867079561695,,Sst,5316.214978933411,-2240.0693009290467,5308.797871574329,-2269.0026801661165
1363,340,167988055475975353201689639757552858555,0.00023820867079561695,,L4_5_IT,5316.214978933411,-2240.0693009290467,5313.398845127291,-2194.907535592331
1857,340,186916690108586801241356996125895087673,0.00023820867079561695,,Sst,5316.214978933411,-2240.0693009290467,5310.354215511209,-2269.3744266230024
980,341,82089311097784335603408031904761658116,0.00023820867079561695,,L5_IT,5406.7139437439,-2240.0693009290467,5409.286525350882,-2219.490718784911
483,341,56189931105461731021666102643596818048,0.00023820867079561695,,L5_6_NP,5406.7139437439,-2240.0693009290467,5396.620287735887,-2284.1786396946013
994,341,278688759675084938625700962254755141483,0.00023820867079561695,,L5_IT,5406.7139437439,-2240.0693009290467,5405.380735155957,-2234.393195075082
1822,341,42098699153094425059135933051397509592,0.00023820867079561695,,L4_5_IT,5406.7139437439,-2240.0693009290467,5416.128757280063,-2240.1503044533006
1930,341,21766128367326914613636765945459738230,0.00023820867079561695,,L5_IT,5406.7139437439,-2240.0693009290467,5406.1534131967155,-2222.133646637331
450,342,273713996206082330949245030884500789325,0.00023820867079561695,,Endo,4320.726366018023,-2149.570336118557,4328.348042716089,-2120.0771832546143
1927,342,266362468321944251969341774478647207124,0.00023820867079561695,,Endo,4320.726366018023,-2149.570336118557,4314.375455480039,-2129.4346186910907
134,342,262365583773435747938949512678760111125,0.00023820867079561695,,L4_5_IT,4320.726366018023,-2149.570336118557,4323.963571249048,-2173.800711729291
862,342,122958873317688024419407348628467665004,0.00023820867079561695,,VLMC,4320.726366018023,-2149.570336118557,4300.806618553501,-2132.424820454575
55,342,311033788322327096053073052437443972951,0.00023820867079561695,,L2_3_IT,4320.726366018023,-2149.570336118557,4336.138142091425,-2192.114346463209
639,343,122500308068052513382386271937103790926,0.00023820867079561695,,L2_3_IT,4411.2253308285135,-2149.570336118557,4409.413616909273,-2132.9699833950126
292,343,290538786927413253520880297365218490615,0.00023820867079561695,,L4_5_IT,4411.2253308285135,-2149.570336118557,4417.424387218243,-2149.395230259701
911,343,289507027245274556993489286922644826307,0.00023820867079561695,,L5_IT,4411.2253308285135,-2149.570336118557,4369.551683285476,-2167.2005022664207
1096,343,196841347781036466884573172568388634496,0.00023820867079561695,,L2_3_IT,4411.2253308285135,-2149.570336118557,4437.806267026356,-2129.749350876098
1205,343,251155797618031163678692156897547984781,0.00023820867079561695,,L2_3_IT,4411.2253308285135,-2149.570336118557,4421.930699703209,-2168.536613795557
1170,344,30993248290128149588434657327024013699,0.00023820867079561695,,Astro,4501.724295639003,-2149.570336118557,4484.497286763511,-2122.8004653396956
528,344,293317253369794592877046090353860298299,0.00023820867079561695,,VLMC,4501.724295639003,-2149.570336118557,4514.562278401984,-2166.713491684164
2855,344,96152894481442551508885095243737580474,0.00023820867079561695,,VLMC,4501.724295639003,-2149.570336118557,4506.071286589821,-2164.8067225498316
64,344,140573606855541448353510539599334320747,0.00023820867079561695,,L2_3_IT,4501.724295639003,-2149.570336118557,4512.280836783661,-2105.5694827517905
163,344,69587240225947889461884174154102054064,0.00023820867079561695,,Peri,4501.724295639003,-2149.570336118557,4491.209789656035,-2187.9615182673037
1243,345,34295769795547078676475314508550436794,0.00023820867079561695,,L2_3_IT,4592.223260449493,-2149.570336118557,4590.722193778003,-2136.230726190913
1371,345,86747560606272402871353149049549228534,0.00023820867079561695,,L2_3_IT,4592.223260449493,-2149.570336118557,4601.19951120931,-2138.4732098142904
1782,345,328920488379253926442796327607157760227,0.00023820867079561695,,L2_3_IT,4592.223260449493,-2149.570336118557,4594.982039222213,-2131.7411500298567
1859,345,30075158048290758052521727339937425973,0.00023820867079561695,,L2_3_IT,4592.223260449493,-2149.570336118557,4583.406731678827,-2146.6089819509493
1818,345,99576957710400794105941222351708881383,0.00023820867079561695,,L5_IT,4592.223260449493,-2149.570336118557,4590.80582635909,-2194.797612606777
261,346,161139322288714107603589966585134442283,0.00023820867079561695,,L2_3_IT,4682.722225259982,-2149.570336118557,4670.4221408728345,-2149.7424444410512
395,346,128185198012738649007690653447135590707,0.00023820867079561695,,L4_5_IT,4682.722225259982,-2149.570336118557,4725.136885221176,-2133.8060639083083
625,346,306976580642397533431663765366549931769,0.00023820867079561695,,L2_3_IT,4682.722225259982,-2149.570336118557,4663.761369302928,-2150.390325940114
738,346,21368488430844577531148546092006794863,0.00023820867079561695,,L4_5_IT,4682.722225259982,-2149.570336118557,4694.112921104202,-2162.073494064733
1509,346,161135214896979562575082481900227787423,0.00023820867079561695,,L2_3_IT,4682.722225259982,-2149.570336118557,4660.177809798795,-2151.8393522385813
2324,347,148251941362464931817088648863994266071,0.00023820867079561695,,Endo,4773.221190070472,-2149.570336118557,4758.897177207335,-2192.4928047502563
2856,347,314075380689569255795007977001515022108,0.00023820867079561695,,L4_5_IT,4773.221190070472,-2149.570336118557,4780.437356715583,-2125.7710683516325
287,347,180763570558591662440728901716219584762,0.00023820867079561695,,Pvalb,4773.221190070472,-2149.570336118557,4780.555426937975,-2131.4413003427285
1694,347,47409054515151972369509252610118320941,0.00023820867079561695,,Pvalb,4773.221190070472,-2149.570336118557,4779.418264222561,-2155.5944872140303
1112,347,93135749805503952338181903768483035146,0.00023820867079561695,,L2_3_IT,4773.221190070472,-2149.570336118557,4766.797725268906,-2142.5520199341404
296,348,57216368856359316089166058894265495191,0.00023820867079561695,,L2_3_IT,4863.720154880962,-2149.570336118557,4847.890166051882,-2135.2827455064303
1502,348,330899555868198531174964596020165457636,0.00023820867079561695,,L2_3_IT,4863.720154880962,-2149.570336118557,4899.012475045803,-2177.889372036556
1174,348,95439509059106920831111706813951704208,0.00023820867079561695,,L4_5_IT,4863.720154880962,-2149.570336118557,4860.811960995689,-2150.9192092964495
1633,348,13445710306723713944258354258146099497,0.00023820867079561695,,L4_5_IT,4863.720154880962,-2149.570336118557,4859.311440382714,-2147.8319994761023
1432,348,283850806002608427830446500992070505352,0.00023820867079561695,,L5_IT,4863.720154880962,-2149.570336118557,4851.574731928708,-2135.9283542772464
4,349,197462493672140225266271227412037227228,0.00023820867079561695,,Astro,4954.219119691452,-2149.570336118557,4936.3475791724995,-2138.8246808506874
3300,349,78787303812616071910813914640544152298,0.00023820867079561695,,Astro,4954.219119691452,-2149.570336118557,4974.037323816415,-2112.28141149378
3698,349,28568991677690397873291650200388968698,0.00023820867079561695,,L4_5_IT,4954.219119691452,-2149.570336118557,4950.067622988837,-2110.0575897637887
743,349,80355141737723280157129063774398600734,0.00023820867079561695,,L6_IT,4954.219119691452,-2149.570336118557,4956.599999315042,-2194.757138065149
2058,349,15722387441574088893235919421264286960,0.00023820867079561695,,L6_CT,4954.219119691452,-2149.570336118557,4954.043073164467,-2191.9308604193893
400,35,217856265437842166217265425568474619983,0.00023820867079561695,,L5_IT,4592.223260449493,-3688.052737896882,4600.306458441405,-3670.08639188316
1002,35,77808697649187533003375177924986971154,0.00023820867079561695,,L4_5_IT,4592.223260449493,-3688.052737896882,4547.539603697498,-3680.9192620812323
1095,35,37242010025502659419729084764159648607,0.00023820867079561695,,L6_CT,4592.223260449493,-3688.052737896882,4620.134014903359,-3698.6872034641247
1622,35,72588880290601694082565457366172732339,0.00023820867079561695,,L5_6_NP,4592.223260449493,-3688.052737896882,4631.3353165433045,-3700.255434863595
1634,35,36461652443774855672376998223112783292,0.00023820867079561695,,L2_3_IT,4592.223260449493,-3688.052737896882,4561.800908661902,-3690.3153971922966
116,350,159498649268999187520288678178436431079,0.00023820867079561695,,L4_5_IT,5044.718084501941,-2149.570336118557,5047.749534047604,-2146.3570127078374
1751,350,100380418078413692631351412383892166094,0.00023820867079561695,,L4_5_IT,5044.718084501941,-2149.570336118557,5022.993564506049,-2189.263671691303
1843,350,66376840288448492184867105322045232268,0.00023820867079561695,,L4_5_IT,5044.718084501941,-2149.570336118557,5062.148007295912,-2126.4762556478186
588,350,60126623627796764031243176885884182809,0.00023820867079561695,,L2_3_IT,5044.718084501941,-2149.570336118557,5065.159610258861,-2116.0003319473553
1175,350,70788532694521458617503912445460051113,0.00023820867079561695,,Endo,5044.718084501941,-2149.570336118557,5025.539706401266,-2169.7544085984705
1470,351,66475461732550250902072875320969739562,0.00023820867079561695,,L5_ET,5135.21704931243,-2149.570336118557,5163.50949011594,-2137.806335970633
1640,351,125650361972231717279111946571509380626,0.00023820867079561695,,L5_IT,5135.21704931243,-2149.570336118557,5151.898275700914,-2147.1215268105657
1700,351,218930187745883548942751413933534943472,0.00023820867079561695,,L5_IT,5135.21704931243,-2149.570336118557,5115.96096235281,-2170.2175095514876
2509,351,211763599979790354210386447266270630050,0.00023820867079561695,,L5_IT,5135.21704931243,-2149.570336118557,5137.840057178974,-2178.410987721283
456,351,90095652390953136451650011227042320168,0.00023820867079561695,,L4_5_IT,5135.21704931243,-2149.570336118557,5106.876461213526,-2114.2953205388185
469,352,176373849568405544389809219376642488979,0.00023820867079561695,,L5_IT,5225.716014122921,-2149.570336118557,5225.1916037778865,-2141.621819366768
547,352,16439499798731730329724243684206883044,0.00023820867079561695,,L5_IT,5225.716014122921,-2149.570336118557,5229.248465631465,-2157.4220173617655
557,352,329544511082009062512498310763557609763,0.00023820867079561695,,L5_IT,5225.716014122921,-2149.570336118557,5183.755160073705,-2154.2682394641943
1194,352,15543515469745209968374455812638222384,0.00023820867079561695,,L6_IT,5225.716014122921,-2149.570336118557,5256.618599403813,-2116.5166543130504
1919,352,282089317172609349062562755406796822383,0.00023820867079561695,,L5_IT,5225.716014122921,-2149.570336118557,5233.766241727743,-2178.022950086996
671,353,54251051293314135473163341287493081797,0.00023820867079561695,,L6_IT,5316.214978933411,-2149.570336118557,5344.3989063025365,-2179.898742251313
1522,353,261652614037517018670380287967611154309,0.00023820867079561695,,L4_5_IT,5316.214978933411,-2149.570336118557,5317.947763057328,-2152.004178988854
1609,353,283756761938942749131843692270094867212,0.00023820867079561695,,L2_3_IT,5316.214978933411,-2149.570336118557,5286.941718332675,-2115.065381811328
1808,353,144548110034671843640331948537227048764,0.00023820867079561695,,L4_5_IT,5316.214978933411,-2149.570336118557,5299.193039419899,-2144.607736510681
1985,353,334568166890995509433503586443262352428,0.00023820867079561695,,L5_IT,5316.214978933411,-2149.570336118557,5332.593467554615,-2156.2756410305997
337,354,208673460404334391009290563936722309668,0.00023820867079561695,,L5_ET,5406.7139437439,-2149.570336118557,5407.747703027536,-2165.9877528676298
3394,354,131169909272954117484570203855470868840,0.00023820867079561695,,L5_ET,5406.7139437439,-2149.570336118557,5403.498919576278,-2169.951353631215
959,354,132356559347640334850146422386818142617,0.00023820867079561695,,L6_IT,5406.7139437439,-2149.570336118557,5395.495109066644,-2105.733668744919
1067,354,155424944364792489851330123812120337597,0.00023820867079561695,,Oligo,5406.7139437439,-2149.570336118557,5405.66871438878,-2147.3901635899647
3952,354,271716783377307202264457350826415786387,0.00021461252887718278,,L5_ET,5406.7139437439,-2149.570336118557,5421.159272660258,-2158.7887417590523
238,355,59115056283708007282822628429147919307,0.00023820867079561695,,Endo,4320.726366018023,-2059.0713713080672,4319.926044562371,-2041.6678610086067
2243,355,220737428052903132349880923765286281833,0.00023820867079561695,,Endo,4320.726366018023,-2059.0713713080672,4330.214444369218,-2057.972322372634
2306,355,72039055564499499943602451890126961714,0.00023820867079561695,,Endo,4320.726366018023,-2059.0713713080672,4317.938191731561,-2048.0324496718
2429,355,244664636358761690595724232683694291234,0.00023820867079561695,,Endo,4320.726366018023,-2059.0713713080672,4295.270906538721,-2047.807419479909
2456,355,184941568684442842294054169419585066289,0.00023820867079561695,,VLMC,4320.726366018023,-2059.0713713080672,4340.282242888233,-2099.8768040073996
2270,356,175325537730068826598510574568640331404,0.00023820867079561695,,Astro,4411.2253308285135,-2059.0713713080672,4399.317876487188,-2056.0550809527276
2415,356,176862436752109751742535778363727153101,0.00023820867079561695,,Astro,4411.2253308285135,-2059.0713713080672,4402.685245488828,-2063.360469058161
2620,356,132901124485014248441689085090610313670,0.00023820867079561695,,Astro,4411.2253308285135,-2059.0713713080672,4434.303300402931,-2063.546052173722
1680,356,220906679794576421111116458300975550811,0.00023820867079561695,,Peri,4411.2253308285135,-2059.0713713080672,4366.057938842157,-2056.3469706229075
235,356,289207735900706019084421383575684865170,0.00023820867079561695,,L4_5_IT,4411.2253308285135,-2059.0713713080672,4453.762292921478,-2056.048283732812
5,357,115330680229046752475120828935465632597,0.00023820867079561695,,L2_3_IT,4501.724295639003,-2059.0713713080672,4518.726706417456,-2022.7128052185674
774,357,128949228518103574069249273873216541992,0.00023820867079561695,,L2_3_IT,4501.724295639003,-2059.0713713080672,4518.249654024587,-2069.32492881343
823,357,301408858446771533498627404621339356242,0.00023820867079561695,,L2_3_IT,4501.724295639003,-2059.0713713080672,4511.425569418173,-2067.642628472227
1775,357,153061034921713449607891523920072721265,0.00023820867079561695,,L4_5_IT,4501.724295639003,-2059.0713713080672,4459.175568929523,-2043.6726209255012
2280,357,42483029353463608217094827228587817262,0.00023820867079561695,,L2_3_IT,4501.724295639003,-2059.0713713080672,4501.04397940531,-2092.0038731106074
970,358,295631463592485520869299039011821051433,0.00023820867079561695,,Astro,4592.223260449493,-2059.0713713080672,4590.841359171004,-2082.1700399193937
3654,358,219705935112552902633401048149187200594,0.00023820867079561695,,Endo,4592.223260449493,-2059.0713713080672,4627.682217179316,-2030.96126555275
472,358,197356635756287059894788965256481910767,0.00023820867079561695,,L2_3_IT,4592.223260449493,-2059.0713713080672,4584.941875321641,-2059.1141209183675
1603,358,212814191384639393836309933583902639344,0.00023820867079561695,,L2_3_IT,4592.223260449493,-2059.0713713080672,4580.311973940083,-2061.31469771162
2374,358,207096311562860110895021800943372564619,0.00023820867079561695,,L2_3_IT,4592.223260449493,-2059.0713713080672,4577.338876635409,-2061.796732438198
31,359,190191326902612676733885702119362389564,0.00023820867079561695,,L2_3_IT,4682.722225259982,-2059.0713713080672,4661.575220720816,-2059.0491895878945
1088,359,199178872096861761211300264535655151995,0.00023820867079561695,,L2_3_IT,4682.722225259982,-2059.0713713080672,4663.3233265583485,-2066.3782731655742
2833,359,31356706333019235063944968049391552520,0.00023820867079561695,,Vip,4682.722225259982,-2059.0713713080672,4680.816491365423,-2061.095540800489
361,359,257148313117145655445905883151239457627,0.00023820867079561695,,OPC,4682.722225259982,-2059.0713713080672,4727.860947684784,-2055.90729232687
1321,359,42109656847304688816486603980422761804,0.00023820867079561695,,L2_3_IT,4682.722225259982,-2059.0713713080672,4680.0351399705405,-2052.9265606595045
1478,36,36373767317377068323720586575078798431,0.00023820867079561695,,L5_ET,4682.722225259982,-3688.052737896882,4647.070852924902,-3679.984087475237
1664,36,320574005265487253024847309670954418063,0.00023820867079561695,,L5_ET,4682.722225259982,-3688.052737896882,4656.6244225455575,-3673.5076774939344
602,36,289382397480189968180495803025608805591,0.00023820867079561695,,OPC,4682.722225259982,-3688.052737896882,4678.378250519183,-3695.7606505178974
762,36,41857637557756104698813463633431601350,0.00023820867079561695,,OPC,4682.722225259982,-3688.052737896882,4718.825681498404,-3715.330129736698
1552,36,116310571979909186949134411620929773896,0.00023820867079561695,,OPC,4682.722225259982,-3688.052737896882,4712.711918811863,-3675.6811442606454
501,360,222375128515538405014593137794013598726,0.00023820867079561695,,Micro,4773.221190070472,-2059.0713713080672,4788.981870726011,-2023.4190632585999
819,360,313770217456411629932695932321775095178,0.00023820867079561695,,L5_IT,4773.221190070472,-2059.0713713080672,4764.562471426518,-2088.208411422427
1035,360,139741893588468412658109088385934167044,0.00023820867079561695,,Micro,4773.221190070472,-2059.0713713080672,4777.776038440458,-2014.051719884839
1203,360,18871536111297041961728123046458738088,0.00023820867079561695,,Micro,4773.221190070472,-2059.0713713080672,4767.794372321339,-2074.8659629556128
1387,360,303532175610340079238968099646722003320,0.00023820867079561695,,L4_5_IT,4773.221190070472,-2059.0713713080672,4766.991197438035,-2094.8116990188564
1809,361,338222998020180358382562683706219222716,0.00023820867079561695,,L4_5_IT,4863.720154880962,-2059.0713713080672,4897.365555536605,-2075.541623621565
621,361,291252615277790760263720159115048773665,0.00023820867079561695,,Vip,4863.720154880962,-2059.0713713080672,4872.618385283574,-2080.963104416015
1098,361,193866241595108737593139499202890361548,0.00023820867079561695,,Vip,4863.720154880962,-2059.0713713080672,4864.528791387123,-2074.6680738293503
1221,361,107278285871335692350184372553950385956,0.00023820867079561695,,Endo,4863.720154880962,-2059.0713713080672,4862.869184795249,-2020.6418614044169
1287,361,15568788675139193467757116271502048580,0.00023820867079561695,,Vip,4863.720154880962,-2059.0713713080672,4821.218857402255,-2043.5421932690015
148,362,331689957988096051048387130659761588358,0.00023820867079561695,,L2_3_IT,4954.219119691452,-2059.0713713080672,4952.307955382178,-2076.355811293555
1306,362,263058920978993430714500398157994229506,0.00023820867079561695,,L5_ET,4954.219119691452,-2059.0713713080672,4946.112890354188,-2067.6168345961178
630,362,267057402921485751717433048214679378493,0.00023820867079561695,,Lamp5,4954.219119691452,-2059.0713713080672,4945.627475443254,-2052.8063466036347
127,362,140593325696012872952303977905167901782,0.00023820867079561695,,OPC,4954.219119691452,-2059.0713713080672,4975.942447512173,-2019.3773832703805
283,362,216661847927208537543977118417313930514,0.00023820867079561695,,L2_3_IT,4954.219119691452,-2059.0713713080672,4951.104829765466,-2079.200480776657
512,363,263577140480852842754482988765395125288,0.00023820867079561695,,L4_5_IT,5044.718084501941,-2059.0713713080672,5056.059763071777,-2091.4873826730995
3320,363,334409099218781962214495712635236901589,0.00023820867079561695,,Oligo,5044.718084501941,-2059.0713713080672,5045.889426893619,-2014.588438640608
2702,363,190938409160309270828889476813302242755,0.00023820867079561695,,Sncg,5044.718084501941,-2059.0713713080672,5011.789978360858,-2028.0350138558124
558,363,339523602818395528202624862221307103840,0.00023820867079561695,,L5_IT,5044.718084501941,-2059.0713713080672,5042.995274616527,-2099.7277884374284
1416,363,55215075563751010380656060561761116807,0.00023820867079561695,,L2_3_IT,5044.718084501941,-2059.0713713080672,5066.855979566934,-2061.5182329333984
1317,364,10572187217408534447623344359384783673,0.00023820867079561695,,L4_5_IT,5135.21704931243,-2059.0713713080672,5143.764912514976,-2080.9392820722824
1513,364,216368363397795112907451062255842152246,0.00023820867079561695,,L6_IT_Car3,5135.21704931243,-2059.0713713080672,5121.37709950632,-2063.4777853503692
1123,364,313109930287904099996503199723210259560,0.00023820867079561695,,L5_ET,5135.21704931243,-2059.0713713080672,5148.782263573204,-2054.2038660233648
1569,364,55698555218226570559180238933169257368,0.00023820867079561695,,L2_3_IT,5135.21704931243,-2059.0713713080672,5125.047258862669,-2014.9795237605842
1628,364,291969115497564730025962960052495358398,0.00023820867079561695,,L4_5_IT,5135.21704931243,-2059.0713713080672,5137.113712104989,-2081.7563993337317
3646,365,269350178522593508582359750244119978678,0.00023820867079561695,,Endo,5225.716014122921,-2059.0713713080672,5253.7777380386615,-2072.5911684823673
619,365,218162904552650639071070056629897228542,0.00023820867079561695,,OPC,5225.716014122921,-2059.0713713080672,5213.704599916937,-2036.6039399585413
2151,365,95480479382363631283332114070004604908,0.00023820867079561695,,Sst,5225.716014122921,-2059.0713713080672,5196.7556059532435,-2070.058834663454
2454,365,74474569179184043742610000891553286467,0.00023820867079561695,,Sst,5225.716014122921,-2059.0713713080672,5252.424810518812,-2022.5452730627665
685,365,185957795284373143409146988327693769588,0.00023820867079561695,,OPC,5225.716014122921,-2059.0713713080672,5211.917316186946,-2093.5576403731993
653,366,88075384547696752931875752892641852264,0.00023820867079561695,,L2_3_IT,5316.214978933411,-2059.0713713080672,5304.157698623733,-2035.0429536572285
1031,366,132718196819682518421060359470864723151,0.00023820867079561695,,L2_3_IT,5316.214978933411,-2059.0713713080672,5330.709072553473,-2055.534385860781
682,366,182073356577364618027682750903422327689,0.00023820867079561695,,L5_ET,5316.214978933411,-2059.0713713080672,5333.039374642852,-2101.0767919934347
1679,366,270418209926040321099414023074418999951,0.00023820867079561695,,L4_5_IT,5316.214978933411,-2059.0713713080672,5304.617178978087,-2055.904749973518
2080,366,73198105722868092521059748748450716197,0.00023820867079561695,,L2_3_IT,5316.214978933411,-2059.0713713080672,5308.551569868912,-2047.797975055375
133,367,45695190155157529328513834005018605684,0.00023820867079561695,,L6_IT,5406.7139437439,-2059.0713713080672,5364.162626232043,-2074.462961087804
1436,367,66457520728060092105493853692873852151,0.00023820867079561695,,L6_IT,5406.7139437439,-2059.0713713080672,5394.253855235572,-2077.372963736803
3114,367,263741322743095206497640159161849325385,0.00023820867079561695,,Peri,5406.7139437439,-2059.0713713080672,5442.177250617465,-2032.749942286722
65,367,229295307072334541043920109951846971179,0.00023820867079561695,,L5_IT,5406.7139437439,-2059.0713713080672,5433.244069224503,-2041.482385158619
3789,367,135861144701718812801630008340538058841,0.0002337141675730577,,L6_IT,5406.7139437439,-2059.0713713080672,5399.731917409897,-2069.2886042704013
770,368,131404916097972687915456919572455600457,0.00023820867079561695,,Lamp5,4411.2253308285135,-1968.5724064975773,4383.225801856684,-1960.6579487713477
1429,368,246546345046106278401664384917665822433,0.00023820867079561695,,Lamp5,4411.2253308285135,-1968.5724064975773,4385.8926664586925,-1955.6429930252673
2668,368,50907822365688934986006367080843377865,0.00023820867079561695,,Pvalb,4411.2253308285135,-1968.5724064975773,4422.387534418533,-1972.4745798457348
212,368,215077905814959101376384517783954121790,0.00023820867079561695,,L5_IT,4411.2253308285135,-1968.5724064975773,4451.4258974576505,-1989.3433020160385
1434,368,320436281583539023775971455521035393434,0.00023820867079561695,,Lamp5,4411.2253308285135,-1968.5724064975773,4413.194753951008,-1964.7432088294997
490,369,67020745725562266308791393316984508672,0.00023820867079561695,,L2_3_IT,4501.724295639003,-1968.5724064975773,4515.128934440246,-1976.7264309199943
617,369,171016913393098498599278921098282178004,0.00023820867079561695,,L2_3_IT,4501.724295639003,-1968.5724064975773,4514.6500365481925,-1960.8876702057087
922,369,289484082088175875396165287428572450562,0.00023820867079561695,,L2_3_IT,4501.724295639003,-1968.5724064975773,4510.959047997053,-1972.144782184823
1084,369,127602472693674038895986570451133489950,0.00023820867079561695,,L4_5_IT,4501.724295639003,-1968.5724064975773,4458.521352284009,-1955.1179892523844
1437,369,148727439577527084014703026607503102744,0.00023820867079561695,,L2_3_IT,4501.724295639003,-1968.5724064975773,4509.362106925522,-1977.9851599249791
672,37,98662608775129399743486944795923906234,0.00023820867079561695,,L4_5_IT,4773.221190070472,-3688.052737896882,4799.161424696138,-3680.0060664431844
14,37,325097850881635743359117340912340575536,0.00023820867079561695,,SMC,4773.221190070472,-3688.052737896882,4756.031869584494,-3696.1891872550977
120,37,195012438597967270486388054062790342369,0.00023820867079561695,,Sst,4773.221190070472,-3688.052737896882,4783.419024683767,-3671.98468433465
1015,37,236290822323735645808944758517793678007,0.00023820867079561695,,L4_5_IT,4773.221190070472,-3688.052737896882,4785.179423049307,-3670.981442631928
1034,37,268573696509975269370012178464594356149,0.00023820867079561695,,SMC,4773.221190070472,-3688.052737896882,4742.314208338674,-3721.1023088195548
910,370,51827905262073580095698524817495308299,0.00023820867079561695,,L2_3_IT,4592.223260449493,-1968.5724064975773,4617.224781513,-2004.6401827914947
1183,370,196252796145617413921798632468458172006,0.00023820867079561695,,L2_3_IT,4592.223260449493,-1968.5724064975773,4574.413264435061,-1929.0441587455655
1236,370,40056520620394975134877892838403046681,0.00023820867079561695,,L2_3_IT,4592.223260449493,-1968.5724064975773,4629.598585210273,-1963.2129537786768
873,370,118745106734353639898852478923721352651,0.00023820867079561695,,L5_IT,4592.223260449493,-1968.5724064975773,4547.2900236606865,-1963.2320048625327
1642,370,116231061991054400070104339313016838184,0.00023820867079561695,,L2_3_IT,4592.223260449493,-1968.5724064975773,4592.5896474285,-1982.7327323096165
1684,371,86341700288057459842023725115746151081,0.00023820867079561695,,OPC,4682.722225259982,-1968.5724064975773,4725.986415743635,-1981.8285552496386
855,371,287073457044344680278062418638192508837,0.00023820867079561695,,PVM,4682.722225259982,-1968.5724064975773,4661.325107189328,-1961.2980529241377
1918,371,56822199429431315675651208403799598173,0.00023820867079561695,,VLMC,4682.722225259982,-1968.5724064975773,4680.797027034065,-1961.0985515961877
244,371,255691974655448691902206902346035943304,0.00023820867079561695,,Endo,4682.722225259982,-1968.5724064975773,4689.649856936882,-1954.461967460507
775,371,306406741004403338371023366793705926776,0.00023820867079561695,,Endo,4682.722225259982,-1968.5724064975773,4655.852719396014,-1984.1749052574146
712,372,13296653986512781091306756251611162717,0.00023820867079561695,,L2_3_IT,4773.221190070472,-1968.5724064975773,4755.7241805141175,-1970.6267867295385
1575,372,248882042988775469043352465129490698724,0.00023820867079561695,,Pvalb,4773.221190070472,-1968.5724064975773,4813.432305114351,-1947.8219393975214
729,372,257070154321396687293476986837987019219,0.00023820867079561695,,L4_5_IT,4773.221190070472,-1968.5724064975773,4770.688027052115,-1975.210982542954
2160,372,196982591219852562087069267587012610323,0.00023820867079561695,,L2_3_IT,4773.221190070472,-1968.5724064975773,4764.2550581067935,-1977.123353844032
2669,372,35714285791603244364572656055850356428,0.00023820867079561695,,L4_5_IT,4773.221190070472,-1968.5724064975773,4762.006379564996,-1972.0789699738393
692,373,171202581620228445753656055296349980182,0.00023820867079561695,,Peri,4863.720154880962,-1968.5724064975773,4866.828253727496,-1923.4297949259953
1599,373,288556242824600529448927895916737177123,0.00023820867079561695,,Peri,4863.720154880962,-1968.5724064975773,4864.046893927688,-1981.2458738553687
587,373,160450920158094192212434831005373129755,0.00023820867079561695,,Endo,4863.720154880962,-1968.5724064975773,4839.091277181618,-1999.1415438218014
895,373,26072300136831033846078245102967525256,0.00023820867079561695,,Endo,4863.720154880962,-1968.5724064975773,4889.0270708393045,-1949.9617987987128
1898,373,83242851673025742514814174394077284532,0.00023820867079561695,,Endo,4863.720154880962,-1968.5724064975773,4859.607278728701,-1989.083021086008
185,374,257167863142094904852466080846432022907,0.00023820867079561695,,L2_3_IT,4954.219119691452,-1968.5724064975773,4940.846962630333,-2003.0765970074774
435,374,210711684655511362465007909350443190511,0.00023820867079561695,,L5_IT,4954.219119691452,-1968.5724064975773,4969.6030452476425,-2011.1264955187762
1572,374,221252245489525185746817530920570606904,0.00023820867079561695,,L5_IT,4954.219119691452,-1968.5724064975773,4972.069989551197,-1967.9393198020975
1715,374,330732869348987914784341108868120678937,0.00023820867079561695,,L5_IT,4954.219119691452,-1968.5724064975773,4935.977914341233,-1932.187822983281
1999,374,80210897743146618991411525086202387696,0.00023820867079561695,,L4_5_IT,4954.219119691452,-1968.5724064975773,4952.597686686908,-1928.5317971762202
817,375,209382549540357135205690590666369636783,0.00023820867079561695,,Oligo,5044.718084501941,-1968.5724064975773,5028.007395749499,-1986.891002702406
830,375,174127381495909637649151610408690617534,0.00023820867079561695,,Oligo,5044.718084501941,-1968.5724064975773,5030.602432460131,-1971.7733705407882
1752,375,124022895501606826854536917535172182400,0.00023820867079561695,,Oligo,5044.718084501941,-1968.5724064975773,5046.635767996307,-1991.4500928713828
1789,375,295824704093343833151555142703257574423,0.00023820867079561695,,Oligo,5044.718084501941,-1968.5724064975773,5053.83395118747,-1964.8662043160007
2460,375,194438958687120632667444919629142616986,0.00023820867079561695,,L6_CT,5044.718084501941,-1968.5724064975773,5064.510875116291,-1927.8813620573194
2486,376,32529837457340412016088023916564572365,0.00023820867079561695,,Astro,5135.21704931243,-1968.5724064975773,5117.568507041314,-2010.2382751870352
155,376,321405396412410366026830762505450940462,0.00023820867079561695,,L2_3_IT,5135.21704931243,-1968.5724064975773,5147.052386390002,-1954.5204983248946
1377,376,246760955577265923629934290723033534518,0.00023820867079561695,,L2_3_IT,5135.21704931243,-1968.5724064975773,5155.2313990674065,-1950.142709867657
1504,376,201458559516431329671382814201467772568,0.00023820867079561695,,Pvalb,5135.21704931243,-1968.5724064975773,5139.622181916285,-1985.6661638212927
2335,376,180471828837501021571031663564484485573,0.00023820867079561695,,L4_5_IT,5135.21704931243,-1968.5724064975773,5116.610772147133,-1942.2943852870053
1369,377,139670283580368496083127938920088518658,0.00023820867079561695,,L2_3_IT,5225.716014122921,-1968.5724064975773,5180.498386433119,-1966.874818782906
1457,377,75013177125443662061892926958507790258,0.00023820867079561695,,L2_3_IT,5225.716014122921,-1968.5724064975773,5238.413986660152,-1983.8774920226795
187,377,326916784874011592373110702193472733445,0.00023820867079561695,,L5_IT,5225.716014122921,-1968.5724064975773,5228.883777060142,-1965.1238427923267
1660,377,336317631400130462227964606507193904318,0.00023820867079561695,,L2_3_IT,5225.716014122921,-1968.5724064975773,5235.176791847182,-1992.6253590277827
1691,377,79614208103851728725832990388402931679,0.00023820867079561695,,L4_5_IT,5225.716014122921,-1968.5724064975773,5245.607128613997,-1934.360519862199
27,378,83289803685310159160506780400185506959,0.00023820867079561695,,L2_3_IT,5316.214978933411,-1968.5724064975773,5319.632034773552,-1988.3413382765718
829,378,54121119098225161955700306537676848225,0.00023820867079561695,,L4_5_IT,5316.214978933411,-1968.5724064975773,5360.83371999993,-1976.1012579094147
2215,378,109294887134324184397256923588072409364,0.00023820867079561695,,L2_3_IT,5316.214978933411,-1968.5724064975773,5303.7891175546465,-1975.02860170418
2768,378,66151916089489357851015861232835484004,0.00023820867079561695,,L2_3_IT,5316.214978933411,-1968.5724064975773,5275.4027440847785,-1955.1471439001305
2782,378,133498468533497173484749777318951309861,0.00023820867079561695,,L4_5_IT,5316.214978933411,-1968.5724064975773,5321.417278254148,-1948.2436906975895
256,379,189277985185268497439297336436907703484,0.00023820867079561695,,SMC,5406.7139437439,-1968.5724064975773,5442.683459825485,-1963.9419911077036
311,379,93673808520599223780372615496690831670,0.00023820867079561695,,L4_5_IT,5406.7139437439,-1968.5724064975773,5413.2082862488805,-1957.3069646779204
1713,379,308369739205941705301539993856651348704,0.00023820867079561695,,L2_3_IT,5406.7139437439,-1968.5724064975773,5377.844159542954,-2003.4156442652322
1716,379,303448278684614476442180067146361017106,0.00023820867079561695,,Pvalb,5406.7139437439,-1968.5724064975773,5414.332796570527,-1942.322611597517
2851,379,65084213061848135409204956664905846778,0.00023820867079561695,,L4_5_IT,5406.7139437439,-1968.5724064975773,5385.501016531664,-1975.8748208395132
815,38,195005276266641946229787634619150276507,0.00023820867079561695,,L5_ET,4863.720154880962,-3688.052737896882,4873.2140952313275,-3706.2790925914055
2090,38,304234787501892091453007328329457735466,0.00023820867079561695,,L5_ET,4863.720154880962,-3688.052737896882,4871.731820562827,-3712.707089121591
508,38,273671212183346622290445545084474685318,0.00023820867079561695,,L5_6_NP,4863.720154880962,-3688.052737896882,4872.301240578971,-3657.9622324541942
581,38,141205000092141915245900645335748849814,0.00023820867079561695,,L5_6_NP,4863.720154880962,-3688.052737896882,4867.715454225961,-3709.0647484558835
1608,38,130058670392381271925317528367366033815,0.00023820867079561695,,Peri,4863.720154880962,-3688.052737896882,4833.638163805719,-3654.2505268613363
2278,380,29214834587495926027035856513503890697,0.00023820867079561695,,Astro,4411.2253308285135,-1878.073441687088,4391.706589865531,-1902.060123056274
924,380,157106437423495945340787877886370765306,0.00023820867079561695,,Peri,4411.2253308285135,-1878.073441687088,4436.960642013375,-1840.8550401072127
1548,380,251087912284045032636828433792778335822,0.00023820867079561695,,Peri,4411.2253308285135,-1878.073441687088,4427.607553379404,-1853.48018768789
1101,380,294185546214488060815849722493272673560,0.00023820867079561695,,VLMC,4411.2253308285135,-1878.073441687088,4387.736601436769,-1910.0474359259524
1185,380,294435974280099576138647970022679976605,0.00023820867079561695,,VLMC,4411.2253308285135,-1878.073441687088,4412.115267447481,-1883.92442165811
1604,381,323814798465359503265540262840096649048,0.00023820867079561695,,Endo,4501.724295639003,-1878.073441687088,4530.7749295916665,-1844.4244133504485
2865,381,321818068753913184736829339425340746479,0.00023820867079561695,,Pvalb,4501.724295639003,-1878.073441687088,4476.140879464883,-1915.3964168472269
2973,381,214024757233371475288440029647876386604,0.00023820867079561695,,Pvalb,4501.724295639003,-1878.073441687088,4480.589364894112,-1917.3659061712879
1989,381,324495687557029180113547853402930630899,0.00023820867079561695,,Endo,4501.724295639003,-1878.073441687088,4508.681612527467,-1861.071596975441
2714,381,299945493493757233519050731778320049647,0.00023820867079561695,,Endo,4501.724295639003,-1878.073441687088,4512.434691716883,-1852.1088750910371
722,382,117106867123286632571207946335580814685,0.00023820867079561695,,VLMC,4592.223260449493,-1878.073441687088,4582.6173406335565,-1867.5746531398604
920,382,316576545710939216369594957886563798336,0.00023820867079561695,,VLMC,4592.223260449493,-1878.073441687088,4590.05567579508,-1923.2709774020857
1629,382,328801478963329441057575677487221487135,0.00023820867079561695,,VLMC,4592.223260449493,-1878.073441687088,4608.646943500153,-1839.3814749824933
332,382,6296986595541602291925438231811284582,0.00023820867079561695,,PVM,4592.223260449493,-1878.073441687088,4551.6218213993125,-1880.432174024747
1546,382,246348973066061777745456660332603448888,0.00023820867079561695,,PVM,4592.223260449493,-1878.073441687088,4628.1745209193505,-1879.7079288862315
1555,383,188706624773329788992967971511666597577,0.00023820867079561695,,OPC,4682.722225259982,-1878.073441687088,4675.140375161346,-1833.4636758613817
2853,383,295133360545078097466810123413356098424,0.00023820867079561695,,OPC,4682.722225259982,-1878.073441687088,4680.916405392072,-1897.3440593997898
383,383,185716335112755288749164412171555839168,0.00023820867079561695,,L2_3_IT,4682.722225259982,-1878.073441687088,4675.922006807393,-1910.9476566977432
3787,383,288807821357084196310722291510149207660,0.0002359614191843373,,L5_6_NP,4682.722225259982,-1878.073441687088,4685.537708696461,-1851.9122239428273
3799,383,210115444828658049942673924377734749887,0.00021910703209974098,,L5_ET,4682.722225259982,-1878.073441687088,4696.094630242626,-1896.699592533694
1200,384,123763962632019916745819676800493501454,0.00023820867079561695,,OPC,4773.221190070472,-1878.073441687088,4732.178537614805,-1897.1264293096583
409,384,94584113432108181105239568089424432080,0.00023820867079561695,,L6_CT,4773.221190070472,-1878.073441687088,4774.948723420715,-1876.3341745184593
427,384,282485899999032841764331233925264113958,0.00023820867079561695,,L2_3_IT,4773.221190070472,-1878.073441687088,4787.747794466136,-1865.8693996709728
600,384,295284199737998646404589156891982124995,0.00023820867079561695,,L2_3_IT,4773.221190070472,-1878.073441687088,4786.665715585804,-1869.6828868473679
1259,384,76818821188400065011763524067709959272,0.00023820867079561695,,L2_3_IT,4773.221190070472,-1878.073441687088,4784.565179264876,-1881.3543180889856
798,385,331633375842678520825581271462562607537,0.00023820867079561695,,Lamp5,4863.720154880962,-1878.073441687088,4872.775630178317,-1879.721014764873
2310,385,280814663061023268528861632484301053949,0.00023820867079561695,,Vip,4863.720154880962,-1878.073441687088,4880.315329490367,-1874.9790577547305
81,385,145428253599814138464866103935135767607,0.00023820867079561695,,Astro,4863.720154880962,-1878.073441687088,4818.52371429965,-1875.8831410861337
1717,385,228579935902488529333709836000895649427,0.00023820867079561695,,Lamp5,4863.720154880962,-1878.073441687088,4873.548819871649,-1877.8645609561738
2032,385,129225821031178654596633763365886280464,0.00023820867079561695,,Lamp5,4863.720154880962,-1878.073441687088,4873.437280564822,-1881.9194338735322
1592,386,318495371336953586104443894796033297256,0.00023820867079561695,,Lamp5,4954.219119691452,-1878.073441687088,4925.31902731387,-1863.706601928557
2902,386,331804677351302687813030763749029575814,0.00023820867079561695,,Lamp5,4954.219119691452,-1878.073441687088,4909.9475226124305,-1887.4297951442509
2553,386,241345360477345949470514299703860015956,0.00023820867079561695,,Pvalb,4954.219119691452,-1878.073441687088,4972.723579945008,-1883.5190505600574
2756,386,284544957295596105329724527109444940761,0.00023820867079561695,,Sst,4954.219119691452,-1878.073441687088,4976.962064177122,-1867.5895489232919
1616,386,212402056498755425322620279315796019641,0.00023820867079561695,,Vip,4954.219119691452,-1878.073441687088,4986.143404408812,-1888.1222118792787
934,387,24586832786719230511356528636889452098,0.00023820867079561695,,Vip,5044.718084501941,-1878.073441687088,5043.379129563927,-1832.8437737951333
117,387,202655125185435779350480340865588461851,0.00023820867079561695,,L4_5_IT,5044.718084501941,-1878.073441687088,5047.486938974468,-1884.0469742745286
1157,387,255615504441213635922627805217624202602,0.00023820867079561695,,Micro,5044.718084501941,-1878.073441687088,5016.081124173053,-1912.0281818546198
1471,387,172196429499312144315091242970127558872,0.00023820867079561695,,L4_5_IT,5044.718084501941,-1878.073441687088,5036.0072948876905,-1886.9246338125567
1576,387,153137012014445390805674923716710734839,0.00023820867079561695,,L2_3_IT,5044.718084501941,-1878.073441687088,5080.635934910572,-1874.523644698598
837,388,334915228304538539231331105894250984358,0.00023820867079561695,,L4_5_IT,5135.21704931243,-1878.073441687088,5132.221005395811,-1896.0917716455247
1790,388,8473985657461140968230655337855143526,0.00023820867079561695,,L4_5_IT,5135.21704931243,-1878.073441687088,5099.541255930083,-1889.0555356060736
735,388,119788270894644785814703205255518907518,0.00023820867079561695,,L2_3_IT,5135.21704931243,-1878.073441687088,5164.5167053694695,-1862.80741698641
834,388,56750478732583834719576012760799211737,0.00023820867079561695,,L6_IT,5135.21704931243,-1878.073441687088,5175.400139469966,-1857.268756557679
3080,388,224043646218009918471897570797113552433,0.00023820867079561695,,L4_5_IT,5135.21704931243,-1878.073441687088,5104.406140396823,-1885.143727639745
2536,389,286609914121166620367320582982096935916,0.00023820867079561695,,L5_ET,5225.716014122921,-1878.073441687088,5233.354779017627,-1842.0338672097962
3495,389,166236130703533799935161791423762629861,0.00023820867079561695,,L5_ET,5225.716014122921,-1878.073441687088,5201.790686082431,-1898.2433397545897
1376,389,10913448097453515035186611880054082367,0.00023820867079561695,,SMC,5225.716014122921,-1878.073441687088,5243.624475002181,-1836.5186262395546
596,389,314925749576977026837427519721173845933,0.00023820867079561695,,L2_3_IT,5225.716014122921,-1878.073441687088,5229.872038144376,-1907.920777515205
874,389,127210495951084221732220461641101864170,0.00023820867079561695,,L2_3_IT,5225.716014122921,-1878.073441687088,5219.938092367977,-1905.6505977162897
179,39,154211006143235535925369699557203812798,0.00023820867079561695,,Astro,4954.219119691452,-3688.052737896882,4990.7672387145,-3661.374082499362
216,39,8593106658749914001574293488900458487,0.00023820867079561695,,L4_5_IT,4954.219119691452,-3688.052737896882,4949.793260638285,-3684.7309540719434
242,39,288347559418742904692721746174461790231,0.00023820867079561695,,L4_5_IT,4954.219119691452,-3688.052737896882,4947.005817782713,-3715.934728525913
297,39,196441159195161209842102026041461281320,0.00023820867079561695,,L4_5_IT,4954.219119691452,-3688.052737896882,4930.21537385595,-3698.031761940419
1120,39,214631579258847603841628506299641068164,0.00023820867079561695,,L4_5_IT,4954.219119691452,-3688.052737896882,4953.3139074657765,-3680.1921624467673
1595,390,90906183618238187875011492499706545158,0.00023820867079561695,,L5_ET,5316.214978933411,-1878.073441687088,5290.108988085829,-1910.7178645467045
1911,390,251442854108499607526991094318932521207,0.00023820867079561695,,Sst,5316.214978933411,-1878.073441687088,5297.85174250626,-1837.6970856734206
19,390,242866281388023530918126427945060426355,0.00023820867079561695,,L4_5_IT,5316.214978933411,-1878.073441687088,5360.620642912277,-1886.771295706248
426,390,9890426271537929519668897146543189303,0.00023820867079561695,,L5_IT,5316.214978933411,-1878.073441687088,5322.717686740239,-1900.9177231056565
482,390,299917445789610221023344198803398662077,0.00023820867079561695,,Vip,5316.214978933411,-1878.073441687088,5309.77583442245,-1854.2632394034133
1598,391,286035533672953991676428473550612589190,0.00023820867079561695,,L4_5_IT,5406.7139437439,-1878.073441687088,5399.088001467378,-1880.8868804825788
2649,391,203087153228335632358669721321108118967,0.00023820867079561695,,L4_5_IT,5406.7139437439,-1878.073441687088,5397.7522514633865,-1907.2066799412603
2655,391,159144400588646783156115357449478770635,0.00023820867079561695,,L4_5_IT,5406.7139437439,-1878.073441687088,5415.80960338515,-1892.5405712288768
1724,391,26286157188496008293797044054560338169,0.00023820867079561695,,L5_IT,5406.7139437439,-1878.073441687088,5438.3751438555255,-1845.7456817053921
2781,391,152135226472741932390044557697501744321,0.00023820867079561695,,L4_5_IT,5406.7139437439,-1878.073441687088,5382.544718548034,-1863.9873950773479
825,392,218344740751698869532279722887897268227,0.00023820867079561695,,Micro,4501.724295639003,-1787.574476876598,4524.430431284992,-1782.5689351007659
2675,392,294944154380196019066720812045843098127,0.00023820867079561695,,Peri,4501.724295639003,-1787.574476876598,4492.029132279895,-1787.286778455959
2284,392,72974898381276527675719558623813303808,0.00023820867079561695,,SMC,4501.724295639003,-1787.574476876598,4532.382392064526,-1808.580864585242
1283,392,121330168576756147439980174773451197974,0.00023820867079561695,,Micro,4501.724295639003,-1787.574476876598,4467.691652403662,-1757.7534297394072
3899,392,139627803086369017737351452959111434648,0.00021461252887718322,,SMC,4501.724295639003,-1787.574476876598,4492.0878701619295,-1801.6823765016165
888,393,205540853448059918805493164401701829452,0.00023820867079561695,,Endo,4592.223260449493,-1787.574476876598,4576.776793221664,-1804.5023285884743
1019,393,290213033972584748292311437516354026662,0.00023820867079561695,,Endo,4592.223260449493,-1787.574476876598,4598.812352776528,-1775.2307027711554
1805,393,228877485662971141696849481889429086555,0.00023820867079561695,,VLMC,4592.223260449493,-1787.574476876598,4633.247407198666,-1768.4816761013099
1574,393,246830118158900181171646954767416361758,0.00023820867079561695,,Endo,4592.223260449493,-1787.574476876598,4594.2964926818495,-1776.4879110765953
1757,393,201247109035124585862934629145722365435,0.00023820867079561695,,Endo,4592.223260449493,-1787.574476876598,4557.983256368743,-1813.1697658454473
270,394,174729303872416159569508132760331103157,0.00023820867079561695,,VLMC,4682.722225259982,-1787.574476876598,4654.892129979195,-1751.8953309422454
78,394,332278449457129071767160899216029066341,0.00023820867079561695,,Vip,4682.722225259982,-1787.574476876598,4689.003701856865,-1803.726786224387
184,394,135615468695376228062388019142397110909,0.00023820867079561695,,Vip,4682.722225259982,-1787.574476876598,4686.74057430461,-1791.8871786155285
176,394,222295901867601410589929340513308260335,0.00023820867079561695,,Sst,4682.722225259982,-1787.574476876598,4696.419651517167,-1799.4087998719883
635,394,179617470556826617343630562828255886925,0.00023820867079561695,,Astro,4682.722225259982,-1787.574476876598,4686.555068642088,-1790.9542887288383
202,395,60460795759250428239083794072742833588,0.00023820867079561695,,Endo,4773.221190070472,-1787.574476876598,4776.343896240608,-1770.8977226945588
841,395,40243963211080738611633840264554523379,0.00023820867079561695,,Endo,4773.221190070472,-1787.574476876598,4778.94849172349,-1780.6299458280864
1274,395,148815427890387035513913918893530803651,0.00023820867079561695,,Endo,4773.221190070472,-1787.574476876598,4774.230158881218,-1779.3218176787138
1832,395,31252905070203151062365630603901020099,0.00023820867079561695,,Sst,4773.221190070472,-1787.574476876598,4766.583895466433,-1832.334525784991
562,395,115005267831297008919031650952261325485,0.00023820867079561695,,Micro,4773.221190070472,-1787.574476876598,4769.999508040615,-1774.688372396641
714,396,339944710108594105970482649049927454915,0.00023820867079561695,,Astro,4863.720154880962,-1787.574476876598,4858.6908328760355,-1742.6053588275045
679,396,96528483729040031580939712087752988631,0.00023820867079561695,,L2_3_IT,4863.720154880962,-1787.574476876598,4872.154283071235,-1803.080910445769
913,396,16511346513047956142503370085949156957,0.00023820867079561695,,L2_3_IT,4863.720154880962,-1787.574476876598,4860.30937384312,-1797.4001908373223
1026,396,5137558386772310614839091707550529730,0.00023820867079561695,,L2_3_IT,4863.720154880962,-1787.574476876598,4857.261118087031,-1794.0548220321675
1049,396,47773548692535328376883775097971156677,0.00023820867079561695,,L2_3_IT,4863.720154880962,-1787.574476876598,4870.185166527398,-1800.7311022402243
556,397,147278671546501506438664744529556967580,0.00023820867079561695,,L4_5_IT,4954.219119691452,-1787.574476876598,4974.076601647699,-1751.8463899080173
966,397,136206811681965737973450650626289432726,0.00023820867079561695,,L4_5_IT,4954.219119691452,-1787.574476876598,4955.457173209334,-1782.2295301656118
88,397,50738859874531625664049060568098510756,0.00023820867079561695,,L2_3_IT,4954.219119691452,-1787.574476876598,4962.7167363612825,-1788.3841211876322
160,397,187701576239218135284124652318825224311,0.00023820867079561695,,L2_3_IT,4954.219119691452,-1787.574476876598,4950.203067470332,-1790.5105623312295
1036,397,295931870531091176326771444085568069449,0.00023820867079561695,,Lamp5,4954.219119691452,-1787.574476876598,4928.642019768612,-1824.9017807904843
473,398,85945676628378174900594903749843970330,0.00023820867079561695,,L2_3_IT,5044.718084501941,-1787.574476876598,5086.641117649311,-1785.7745550789784
1645,398,148590710591811498279542896467701591856,0.00023820867079561695,,Vip,5044.718084501941,-1787.574476876598,5022.394095098591,-1777.7553642595983
2971,398,104930837473195784129626300048275722903,0.00023820867079561695,,Vip,5044.718084501941,-1787.574476876598,5010.283473360097,-1786.6041818923059
405,398,240614353734777649634597688893540662611,0.00023820867079561695,,Lamp5,5044.718084501941,-1787.574476876598,5020.697242927892,-1776.975551926518
4193,398,89873506918194976428088181544805300595,0.00012022796120344801,,L5_ET,5044.718084501941,-1787.574476876598,5083.574493473803,-1810.762731225599
3754,399,96889932407865111174115039257058896990,0.00023820867079561695,,Astro,5135.21704931243,-1787.574476876598,5150.6496889166265,-1755.7847754014754
2105,399,140370821343257446512468367072340037078,0.00023820867079561695,,L5_ET,5135.21704931243,-1787.574476876598,5145.640158357658,-1823.8964679423125
2938,399,164828819319219504310623981690497679505,0.00023820867079561695,,L5_ET,5135.21704931243,-1787.574476876598,5133.623258246055,-1832.7958820734657
25,399,227143740538531266551482496041027538248,0.00023820867079561695,,Pvalb,5135.21704931243,-1787.574476876598,5107.988106855103,-1770.0236166125455
646,399,164591697559259904331492058662192564322,0.00023820867079561695,,Pvalb,5135.21704931243,-1787.574476876598,5138.184034186699,-1755.371642353193
3024,4,19790104977098741541634900130574223828,0.00023820867079561695,,Peri,3777.732577155085,-3869.0506675178617,3744.7944099893066,-3900.076347231637
1,4,291444618000650579810789287150039753076,0.00023820867079561695,,VLMC,3777.732577155085,-3869.0506675178617,3775.7910028109372,-3853.434359265369
2792,4,12010664396951653709724612044939959635,0.00023820867079561695,,VLMC,3777.732577155085,-3869.0506675178617,3798.627010200503,-3829.704053727267
2965,4,159685625477502952795839824720504344337,0.00023820867079561695,,VLMC,3777.732577155085,-3869.0506675178617,3808.179276224428,-3881.97253573866
4179,4,226844975540717472804244409808305582656,0.00012247521281472738,,PVM,3777.732577155085,-3869.0506675178617,3761.2711865502692,-3880.066041626356
818,40,92806270015815926070984413774676102758,0.00023820867079561695,,Endo,5044.718084501941,-3688.052737896882,5038.881806348802,-3682.5612682560472
2108,40,276285561422233499410271616977901682690,0.00023820867079561695,,Endo,5044.718084501941,-3688.052737896882,5058.414493838181,-3678.3357744100517
2697,40,111184577057130200324216658656041801044,0.00023820867079561695,,Endo,5044.718084501941,-3688.052737896882,5059.789856903788,-3670.0460102881934
3591,40,134009011824297408119086176760255935488,0.00023820867079561695,,L5_6_NP,5044.718084501941,-3688.052737896882,5023.869353209824,-3728.212992645223
3166,40,273581048790800710889803730909905423265,0.00023820867079561695,,Sst,5044.718084501941,-3688.052737896882,5042.634912209132,-3681.1076438848845
724,400,149776975174384866876571587520578902640,0.00023820867079561695,,L2_3_IT,5225.716014122921,-1787.574476876598,5190.271877494128,-1783.9635602686078
779,400,210087461660625957064707183716382873359,0.00023820867079561695,,L2_3_IT,5225.716014122921,-1787.574476876598,5223.702080209607,-1799.4744043237824
2146,400,146906637731122102517577363317345132851,0.00023820867079561695,,Pvalb,5225.716014122921,-1787.574476876598,5236.266401899651,-1781.3952053708947
165,400,219406772111896716638428124227552578906,0.00023820867079561695,,Astro,5225.716014122921,-1787.574476876598,5268.299545399176,-1772.2722377598311
1474,400,55678577633417103385964899159485862455,0.00023820867079561695,,L2_3_IT,5225.716014122921,-1787.574476876598,5210.0401656120475,-1800.766976659881
517,401,20518605757254991515704713311652275499,0.00023820867079561695,,Astro,5316.214978933411,-1787.574476876598,5322.193370050916,-1777.2970105772383
1783,401,212699862674392977409607416206196945040,0.00023820867079561695,,L5_6_NP,5316.214978933411,-1787.574476876598,5279.574686092907,-1784.5935918428152
525,401,38938357050825411786365752884657669411,0.00023820867079561695,,Astro,5316.214978933411,-1787.574476876598,5318.4031466066135,-1802.2513642461272
1159,401,242423043365980941268563954619890918407,0.00023820867079561695,,L4_5_IT,5316.214978933411,-1787.574476876598,5359.050190091378,-1802.1573552959949
1222,401,236127331591976809077415813044871386862,0.00023820867079561695,,Sst,5316.214978933411,-1787.574476876598,5301.853501825248,-1771.5730624208136
349,402,1679740621855038741587972382170300344,0.00023820867079561695,,L2_3_IT,5406.7139437439,-1787.574476876598,5418.878528652009,-1800.566379009121
13,402,245643280522646936512011568301670863721,0.00023820867079561695,,L5_IT,5406.7139437439,-1787.574476876598,5367.812828208388,-1764.461301672068
1493,402,93623438586813625724867334511135584416,0.00023820867079561695,,L4_5_IT,5406.7139437439,-1787.574476876598,5421.635079864823,-1808.9206663772552
1978,402,250728622192916427275550725930304341459,0.00023820867079561695,,L2_3_IT,5406.7139437439,-1787.574476876598,5411.495383088556,-1762.1400686782001
4103,402,176796174087339570997599952427966667218,0.00016517299342903475,,Endo,5406.7139437439,-1787.574476876598,5413.74789890573,-1801.7839686463453
50,403,48981113046792927588250242719943043257,0.00023820867079561695,,VLMC,4682.722225259982,-1697.0755120661083,4683.310653678561,-1690.149535684041
1229,403,268133585462933894604854882292028070336,0.00023820867079561695,,VLMC,4682.722225259982,-1697.0755120661083,4659.468133519204,-1697.3826760563802
1425,403,318337307927217168573610897982980098670,0.00023820867079561695,,VLMC,4682.722225259982,-1697.0755120661083,4680.089101479005,-1685.086136525852
2288,403,324109388891157703882723241120860679186,0.00023820867079561695,,VLMC,4682.722225259982,-1697.0755120661083,4699.789848928228,-1671.1891654298624
3170,403,309172886831212497665199898342966275203,0.00023820867079561695,,VLMC,4682.722225259982,-1697.0755120661083,4690.953388694914,-1741.5700466344122
1795,404,262839955849246306869973379229866379100,0.00023820867079561695,,Endo,4773.221190070472,-1697.0755120661083,4764.412912219228,-1698.2470458438934
1917,404,315169174312216590578917291566996689894,0.00023820867079561695,,Endo,4773.221190070472,-1697.0755120661083,4770.436496670221,-1698.3011496777422
2431,404,78000523916421123416271422406873003754,0.00023820867079561695,,Endo,4773.221190070472,-1697.0755120661083,4765.145514277818,-1704.464478550471
857,404,67749975799167600707785901951410668482,0.00023820867079561695,,PVM,4773.221190070472,-1697.0755120661083,4754.012557219145,-1710.4426194480563
1009,404,262984720180873201228365640018460056810,0.00023820867079561695,,Astro,4773.221190070472,-1697.0755120661083,4812.098469965938,-1673.9222668103755
2054,405,284605620048474386616827953507882150035,0.00023820867079561695,,SMC,4863.720154880962,-1697.0755120661083,4851.606433766129,-1697.5514971305013
3432,405,48104178721447500962543947916103402332,0.00023820867079561695,,SMC,4863.720154880962,-1697.0755120661083,4850.863106571948,-1712.0000039951944
17,405,6022288958388708097906028597101595360,0.00023820867079561695,,Astro,4863.720154880962,-1697.0755120661083,4900.578880453467,-1670.827654875219
843,405,101290319453327493294362411320830756503,0.00023820867079561695,,Oligo,4863.720154880962,-1697.0755120661083,4874.913760962255,-1717.8233211708225
1022,405,66553786119294617105209922533232133183,0.00023820867079561695,,PVM,4863.720154880962,-1697.0755120661083,4840.638592651017,-1687.175083158805
67,406,154082805786133703500757863956477444233,0.00023820867079561695,,Astro,4954.219119691452,-1697.0755120661083,4919.208205567729,-1680.6804317188244
451,406,13875899806080738370193609928013921070,0.00023820867079561695,,Astro,4954.219119691452,-1697.0755120661083,4993.351314781464,-1691.7215272631572
1256,406,203652454701376439907355478435317098533,0.00023820867079561695,,Astro,4954.219119691452,-1697.0755120661083,4970.514859461048,-1739.2888336992628
1459,406,77182007026739263823608576405104671038,0.00023820867079561695,,Astro,4954.219119691452,-1697.0755120661083,4937.678862341333,-1657.657889706158
1580,406,32361680079831708014295752060101704434,0.00023820867079561695,,Astro,4954.219119691452,-1697.0755120661083,4950.342356305685,-1716.0288779431426
1294,407,42441501352139960238162467147339945974,0.00023820867079561695,,Lamp5,5044.718084501941,-1697.0755120661083,5045.195865493201,-1713.0846281392896
580,407,64626541430961401090995198974801400406,0.00023820867079561695,,Micro,5044.718084501941,-1697.0755120661083,5042.670058892534,-1677.990813526302
124,407,316604349141775200223615600689776006162,0.00023820867079561695,,Endo,5044.718084501941,-1697.0755120661083,5041.0679130967965,-1651.973495407697
1417,407,60812077788475195959144877613362639861,0.00023820867079561695,,Lamp5,5044.718084501941,-1697.0755120661083,5045.492212832646,-1717.1556637816857
2554,407,91974425673592639631440158029483373284,0.00023820867079561695,,Lamp5,5044.718084501941,-1697.0755120661083,5049.164372194527,-1725.1729594755664
606,408,143136697672530444113886764810790049632,0.00023820867079561695,,L2_3_IT,5135.21704931243,-1697.0755120661083,5141.43309948829,-1707.3565880542214
497,408,11093642159337986252552060358834314192,0.00023820867079561695,,L4_5_IT,5135.21704931243,-1697.0755120661083,5159.0628114001665,-1676.5239410707259
2438,408,3914957488183005535854873919643221113,0.00023820867079561695,,L6_IT_Car3,5135.21704931243,-1697.0755120661083,5132.0097801526135,-1723.0379643434155
253,408,69028226719270303351487779637313330177,0.00023820867079561695,,Micro,5135.21704931243,-1697.0755120661083,5101.643729064583,-1666.7382770985314
754,408,332337646053191567490842692056351859358,0.00023820867079561695,,L2_3_IT,5135.21704931243,-1697.0755120661083,5141.935826456503,-1711.720789763649
63,409,242831836429864890093820536927870056416,0.00023820867079561695,,L4_5_IT,5225.716014122921,-1697.0755120661083,5217.053110919224,-1715.8397944367239
765,409,169970315490913636347948942263909932634,0.00023820867079561695,,L4_5_IT,5225.716014122921,-1697.0755120661083,5248.817190920078,-1669.2706104223628
485,409,78122501344136164663820780265752464954,0.00023820867079561695,,L5_IT,5225.716014122921,-1697.0755120661083,5218.189216410559,-1721.750232446733
813,409,162566063178710879634856024808055523420,0.00023820867079561695,,Pvalb,5225.716014122921,-1697.0755120661083,5211.859906180765,-1726.1548065295046
1494,409,225749842661313945887303388187091145617,0.00023820867079561695,,Endo,5225.716014122921,-1697.0755120661083,5232.660646183973,-1652.3621164952153
1959,41,151436910383908344494554020120640464133,0.00023820867079561695,,Astro,3777.732577155085,-3597.5537730863925,3767.39371291544,-3641.6062820294337
1051,41,286132622390620100333238644665070448020,0.00023820867079561695,,Sst,3777.732577155085,-3597.5537730863925,3781.6094376472442,-3583.501717690557
2995,41,304464456051670615398987457263084516530,0.00023820867079561695,,Sst,3777.732577155085,-3597.5537730863925,3781.7545903150362,-3585.347261667016
218,41,132986524808513127414803410466485328053,0.00023820867079561695,,Lamp5,3777.732577155085,-3597.5537730863925,3788.6267969538235,-3583.039020016215
393,41,50777904660864666124889378588287216687,0.00023820867079561695,,Lamp5,3777.732577155085,-3597.5537730863925,3769.2783479438767,-3594.274584028738
814,410,247698467271083901036215027896437820375,0.00023820867079561695,,L2_3_IT,5316.214978933411,-1697.0755120661083,5308.49694783727,-1683.746650804909
3383,410,298960462300819576307383799164814197037,0.00023820867079561695,,L2_3_IT,5316.214978933411,-1697.0755120661083,5309.7732306442995,-1726.1789664567495
996,410,149080017558563002404143940885400451640,0.00023820867079561695,,L5_IT,5316.214978933411,-1697.0755120661083,5271.360452850432,-1703.041008509316
2468,410,61517632700182700066120784702159610901,0.00023820867079561695,,L5_IT,5316.214978933411,-1697.0755120661083,5333.119413271695,-1683.6890384969995
2522,410,157267908376625218611602261936543281419,0.00023820867079561695,,L6_IT,5316.214978933411,-1697.0755120661083,5358.324850063309,-1688.7218960625676
542,411,94647796997566013454088630542213372335,0.00023820867079561695,,L2_3_IT,5406.7139437439,-1697.0755120661083,5396.1915667113235,-1707.019553393085
281,411,112466368834522770708432519201262821574,0.00023820867079561695,,Micro,5406.7139437439,-1697.0755120661083,5433.217671272409,-1660.4003421955113
257,411,27508861729323381954983634956578907124,0.00023820867079561695,,Pvalb,5406.7139437439,-1697.0755120661083,5410.71853277391,-1689.9112565233422
2021,411,48236119700394262113966842651130440776,0.00023820867079561695,,L5_IT,5406.7139437439,-1697.0755120661083,5389.9644118723,-1715.1070886870461
2445,411,127940096131337857614968039018360505390,0.00023820867079561695,,L2_3_IT,5406.7139437439,-1697.0755120661083,5403.477536089556,-1712.9393195315595
3711,412,244625827504251768614672821690212670479,0.00023820867079561695,,Sst,4773.221190070472,-1606.5765472556186,4778.902830530303,-1574.6972743104463
478,412,285310557097589010317993934413150689842,0.00023820867079561695,,VLMC,4773.221190070472,-1606.5765472556186,4730.74404143599,-1619.2520868926874
2889,412,10443051352889986513007462453736025395,0.00023820867079561695,,VLMC,4773.221190070472,-1606.5765472556186,4741.090072580817,-1617.325748954039
792,412,263234508297021492453074022842053799354,0.00023820867079561695,,Astro,4773.221190070472,-1606.5765472556186,4813.861763242328,-1586.6803297707409
1212,412,336405384473915589986989166408616782592,0.00023820867079561695,,Endo,4773.221190070472,-1606.5765472556186,4801.507242562938,-1634.9272963501794
118,413,337052590744939835955871219400362885783,0.00023820867079561695,,Astro,4863.720154880962,-1606.5765472556186,4870.377293772923,-1606.7729336855898
460,413,56272695675299405423732403778292734850,0.00023820867079561695,,Astro,4863.720154880962,-1606.5765472556186,4876.779524344145,-1599.9567984896394
514,413,263992929537335331342744896790883409728,0.00023820867079561695,,Astro,4863.720154880962,-1606.5765472556186,4874.467913417627,-1603.824491496111
894,413,5843622369437948906049518508237806026,0.00023820867079561695,,Astro,4863.720154880962,-1606.5765472556186,4877.25165012066,-1605.1742258756826
149,413,251747284975851301068931140511466847010,0.00023820867079561695,,Endo,4863.720154880962,-1606.5765472556186,4819.7243927494565,-1617.1542867310704
1001,414,258924305321828535725723629092278474084,0.00023820867079561695,,L4_5_IT,4954.219119691452,-1606.5765472556186,4998.986005808873,-1599.9855256889462
991,414,212262462789475096119430843019668859816,0.00023820867079561695,,Astro,4954.219119691452,-1606.5765472556186,4919.312837451779,-1621.267393058103
995,414,82161856184099582053933041527143718131,0.00023820867079561695,,Astro,4954.219119691452,-1606.5765472556186,4937.253101393042,-1611.574132939015
1133,414,32847611338579908433104344453801968525,0.00023820867079561695,,Endo,4954.219119691452,-1606.5765472556186,4974.106993795716,-1604.1551314149692
2056,414,100955601535943672754469769793722395470,0.00023820867079561695,,Astro,4954.219119691452,-1606.5765472556186,4941.4366600078565,-1595.9005531770586
3782,415,191850506127882572442463102871312933850,0.00023820867079561695,,Astro,5044.718084501941,-1606.5765472556186,5022.379212354065,-1645.927410640091
430,415,67687554647047498302135954274634414264,0.00023820867079561695,,Oligo,5044.718084501941,-1606.5765472556186,5038.097687128663,-1604.2852774576268
631,415,248146818305712656310890488483940930425,0.00023820867079561695,,VLMC,5044.718084501941,-1606.5765472556186,5044.2882279250725,-1604.1965513710202
1761,415,285869482386669591220661190919097370605,0.00023820867079561695,,VLMC,5044.718084501941,-1606.5765472556186,5072.884896237596,-1573.1036793550272
713,415,108671465482834575293679855122371039873,0.00023820867079561695,,Oligo,5044.718084501941,-1606.5765472556186,5045.9403988643,-1605.3698174543276
113,416,133470383562027258718990262940147222662,0.00023820867079561695,,Astro,5135.21704931243,-1606.5765472556186,5130.37680235648,-1632.1122670781085
408,416,110919467324821368433815224957325890818,0.00023820867079561695,,Astro,5135.21704931243,-1606.5765472556186,5125.96488155762,-1620.5026009343553
836,416,337207643440539367838424851949780120344,0.00023820867079561695,,Astro,5135.21704931243,-1606.5765472556186,5132.7577171725825,-1603.318596490103
1829,416,283993340595973875381082442255982235254,0.00023820867079561695,,OPC,5135.21704931243,-1606.5765472556186,5126.234521424057,-1607.729336672193
3458,416,57729123046784453242319613014585775571,0.00023820867079561695,,Peri,5135.21704931243,-1606.5765472556186,5160.751324051419,-1569.2199351033314
1197,417,44213958458681461077520822571514656963,0.00023820867079561695,,Oligo,5225.716014122921,-1606.5765472556186,5236.53769813034,-1638.7208984904737
2236,417,89090734157339777538646571460500045568,0.00023820867079561695,,Oligo,5225.716014122921,-1606.5765472556186,5259.89981870489,-1618.03527421495
1155,417,228897751505370710510993445862581202937,0.00023820867079561695,,PVM,5225.716014122921,-1606.5765472556186,5200.950584357583,-1568.7058574483196
453,417,260577020005825482096244519014793827683,0.00023820867079561695,,Peri,5225.716014122921,-1606.5765472556186,5237.307922471126,-1571.669903680837
1268,417,241995230658767171055342908629375429945,0.00023820867079561695,,Astro,5225.716014122921,-1606.5765472556186,5193.884046950655,-1635.7508024435149
243,418,158120508359929113381191597967004028177,0.00023820867079561695,,Peri,5316.214978933411,-1606.5765472556186,5304.102314705758,-1588.963719825584
234,418,279979416282968822179318731926486693005,0.00023820867079561695,,Endo,5316.214978933411,-1606.5765472556186,5298.17821166158,-1648.0758326027706
675,418,54421317362592889426312689144075014664,0.00023820867079561695,,Peri,5316.214978933411,-1606.5765472556186,5316.073039897628,-1599.908517194883
949,418,139665327729831356473344016215073920568,0.00023820867079561695,,Endo,5316.214978933411,-1606.5765472556186,5349.3712880316425,-1597.5823169569635
1042,418,114415275003756360228342223761147916690,0.00023820867079561695,,Peri,5316.214978933411,-1606.5765472556186,5313.350040370469,-1598.3523496978908
686,419,289387526633711698179023310372201483730,0.00023820867079561695,,Vip,5406.7139437439,-1606.5765472556186,5402.769064149795,-1583.2287711014471
3688,419,198463197907965022781487295552759102427,0.00023820867079561695,,Vip,5406.7139437439,-1606.5765472556186,5361.737962325989,-1611.5441174300934
3739,419,308640047535937430184664356878845739483,0.00023820867079561695,,Vip,5406.7139437439,-1606.5765472556186,5447.672678463965,-1594.205382475238
195,419,260525610771320133779146256885304829416,0.00023820867079561695,,Sst,5406.7139437439,-1606.5765472556186,5411.307217800438,-1630.42960556644
4043,419,308389956167067545803010676448511929450,0.0001910163869587486,,Vip,5406.7139437439,-1606.5765472556186,5410.082795979313,-1613.474859704872
1695,42,49991873712950868447571670855407696049,0.00023820867079561695,,L4_5_IT,3868.231541965575,-3597.5537730863925,3881.0220080635045,-3597.9792615909905
158,42,173612044621048289517461966999308777186,0.00023820867079561695,,L6_CT,3868.231541965575,-3597.5537730863925,3862.985305481395,-3598.5931103531198
315,42,39788832222597991406613320490977748168,0.00023820867079561695,,OPC,3868.231541965575,-3597.5537730863925,3901.1695430744094,-3594.8502798615755
1347,42,66548833774373938183081902524943898645,0.00023820867079561695,,L5_ET,3868.231541965575,-3597.5537730863925,3872.2509449564805,-3590.5997453317623
2228,42,144005562917495232869052244297356351879,0.00023820867079561695,,Micro,3868.231541965575,-3597.5537730863925,3823.729908252088,-3605.746468294514
3110,420,52159294734564865382319344413974601996,0.00023820867079561695,,SMC,5135.21704931243,-1516.0775824451289,5126.219854929538,-1506.310938149701
29,420,110820884352138624434222962280690742743,0.00023820867079561695,,VLMC,5135.21704931243,-1516.0775824451289,5123.677990052573,-1508.8764481168623
1313,420,226129374382645111590503630759893638268,0.00023820867079561695,,VLMC,5135.21704931243,-1516.0775824451289,5130.9196651749035,-1515.2651574591378
3569,420,32553701133671172010852163524949516652,0.00023820867079561695,,VLMC,5135.21704931243,-1516.0775824451289,5118.40306632891,-1516.1662247145075
1145,420,274434342849752946460237106665651505862,0.00023820867079561695,,Peri,5135.21704931243,-1516.0775824451289,5176.864670076223,-1533.7691437854369
594,421,128533535551004541340315263198450660290,0.00023820867079561695,,Peri,5225.716014122921,-1516.0775824451289,5224.406651888529,-1514.651725702628
624,421,83803676344853137832691228201227110684,0.00023820867079561695,,Peri,5225.716014122921,-1516.0775824451289,5224.1207958435125,-1552.8694222627803
48,421,20982288219572614639594434061770019086,0.00023820867079561695,,VLMC,5225.716014122921,-1516.0775824451289,5194.45413916533,-1483.4997294174038
1254,421,300255493583021375152295897500516178864,0.00023820867079561695,,VLMC,5225.716014122921,-1516.0775824451289,5215.3127630560475,-1505.4755598315487
3835,421,296349918070123453221553514989626368054,0.00021461252887718332,,Astro,5225.716014122921,-1516.0775824451289,5270.285720661187,-1523.8914750112788
223,422,150399941455819539954900797351571812538,0.00023820867079561695,,Astro,5316.214978933411,-1516.0775824451289,5335.363337854762,-1515.6045260335075
7,422,108431661401948518024264266720082511794,0.00023820867079561695,,Micro,5316.214978933411,-1516.0775824451289,5299.830123842761,-1503.272316877435
246,422,279009156995296531101176684095700985525,0.00023820867079561695,,L5_IT,5316.214978933411,-1516.0775824451289,5337.858765343754,-1515.3015690391137
546,422,31747305733350682079999331176781517935,0.00023820867079561695,,L4_5_IT,5316.214978933411,-1516.0775824451289,5326.48227390514,-1501.059786875444
1649,422,72817493773362474531082157353200110804,0.00023820867079561695,,VLMC,5316.214978933411,-1516.0775824451289,5281.540393720651,-1545.1497134001452
681,423,329892703231036891065775369711399557155,0.00023820867079561695,,Astro,5406.7139437439,-1516.0775824451289,5417.600458683109,-1487.849260298008
969,423,216333085276228727098241254288702499297,0.00023820867079561695,,Astro,5406.7139437439,-1516.0775824451289,5433.384154572162,-1479.5233007216618
1986,423,329396310467292468303910374934942070682,0.00023820867079561695,,Lamp5,5406.7139437439,-1516.0775824451289,5435.305232241122,-1541.2220239273593
1768,423,168209105111009305949822561782653658682,0.00023820867079561695,,VLMC,5406.7139437439,-1516.0775824451289,5370.5319699668335,-1538.0914033101235
683,423,23298773255000377356112361896184306702,0.00023820867079561695,,PVM,5406.7139437439,-1516.0775824451289,5376.747903256288,-1533.70192396849
2706,43,279629043061548056654505706080268258894,0.00023820867079561695,,L5_6_NP,3958.730506776065,-3597.5537730863925,3945.6506325217742,-3566.2110420246318
1479,43,228759005422536726424176433641237715306,0.00023820867079561695,,SMC,3958.730506776065,-3597.5537730863925,3952.8589397731675,-3610.012294288922
2414,43,164330455881423643779829995953505450092,0.00023820867079561695,,SMC,3958.730506776065,-3597.5537730863925,3948.7799370988646,-3595.71756962233
1391,43,100047181052654346224529175853339022386,0.00023820867079561695,,Oligo,3958.730506776065,-3597.5537730863925,3944.794719305704,-3603.6989098847966
2315,43,197073333921769007550052412270676314928,0.00023820867079561695,,L2_3_IT,3958.730506776065,-3597.5537730863925,4001.5683051808105,-3612.1290496112792
110,44,299322482950695259758527729815098821180,0.00023820867079561695,,L2_3_IT,4049.2294715865546,-3597.5537730863925,4071.4861923310345,-3585.836287678663
125,44,124606030430477128073260513762828371813,0.00023820867079561695,,L2_3_IT,4049.2294715865546,-3597.5537730863925,4056.3818520298287,-3593.6087621612883
260,44,153269543778675948188991428610203101461,0.00023820867079561695,,L2_3_IT,4049.2294715865546,-3597.5537730863925,4005.328204368805,-3586.5904526669988
387,44,319476077643842488757656292485925301483,0.00023820867079561695,,L2_3_IT,4049.2294715865546,-3597.5537730863925,4067.3756913173443,-3626.0051882209614
503,44,142831254306962246659197951402559463600,0.00023820867079561695,,L2_3_IT,4049.2294715865546,-3597.5537730863925,4045.5754178857487,-3595.7281747040333
1718,45,4975803155747233639798468835234313981,0.00023820867079561695,,Endo,4139.728436397044,-3597.5537730863925,4094.7688404180867,-3602.6675180303127
586,45,96043455534533962060963254592790758966,0.00023820867079561695,,L4_5_IT,4139.728436397044,-3597.5537730863925,4153.715629100106,-3613.9563086924686
957,45,221005898794577785445957976995565596737,0.00023820867079561695,,L5_IT,4139.728436397044,-3597.5537730863925,4172.385755628101,-3590.9939362155833
1508,45,298238301012742143814861292204263679558,0.00023820867079561695,,L2_3_IT,4139.728436397044,-3597.5537730863925,4139.012512568863,-3564.6296449744423
1571,45,611716203986655418913949135540277048,0.00023820867079561695,,L4_5_IT,4139.728436397044,-3597.5537730863925,4138.759444270041,-3615.5214575191612
152,46,23251194516563105483308142159935144801,0.00023820867079561695,,L2_3_IT,4230.227401207534,-3597.5537730863925,4242.771899984117,-3631.4671586086947
1146,46,312732679723884152085714121451360083963,0.00023820867079561695,,L6_IT,4230.227401207534,-3597.5537730863925,4204.978403001415,-3560.0037564748122
2296,46,298940741564175772778984183411980154249,0.00023820867079561695,,Pvalb,4230.227401207534,-3597.5537730863925,4236.771044336436,-3632.355216092158
432,46,107279375333689316343066771703935286682,0.00023820867079561695,,L2_3_IT,4230.227401207534,-3597.5537730863925,4236.067905321438,-3586.416524414847
654,46,147411116213954295296447356083098281031,0.00023820867079561695,,L2_3_IT,4230.227401207534,-3597.5537730863925,4230.547753394277,-3577.526209841461
1173,47,266209253946710254560552761673706677529,0.00023820867079561695,,L4_5_IT,4320.726366018023,-3597.5537730863925,4335.643189015252,-3579.2781810810993
524,47,30441803959624348094889588768977195215,0.00023820867079561695,,OPC,4320.726366018023,-3597.5537730863925,4327.955075146785,-3605.67468372874
3133,47,202901672451966295848079902703426283589,0.00023820867079561695,,OPC,4320.726366018023,-3597.5537730863925,4315.160121418234,-3615.4287411892246
190,47,214054275022868103875822534224954320365,0.00023820867079561695,,L2_3_IT,4320.726366018023,-3597.5537730863925,4279.835292031502,-3616.929936952632
3976,47,143137810729911228060445384600442838365,0.00020449989662642132,,L5_IT,4320.726366018023,-3597.5537730863925,4345.038152478345,-3570.457322480259
330,48,100437568120019600927652936190009214346,0.00023820867079561695,,L5_IT,4411.2253308285135,-3597.5537730863925,4425.847101958831,-3554.731822325654
331,48,163865996290595919308654998393883619945,0.00023820867079561695,,L4_5_IT,4411.2253308285135,-3597.5537730863925,4405.8418108641035,-3611.1010674537442
378,48,207238736522445875335190659847268401529,0.00023820867079561695,,L4_5_IT,4411.2253308285135,-3597.5537730863925,4385.819229847309,-3615.544554440074
1100,48,178346398943111075149645784650552952703,0.00023820867079561695,,L4_5_IT,4411.2253308285135,-3597.5537730863925,4419.889878264708,-3599.5980091783326
1219,48,242178680939166814431114948449251385859,0.00023820867079561695,,Endo,4411.2253308285135,-3597.5537730863925,4418.728633207607,-3606.793412034152
239,49,281718386866940060962558065134368273281,0.00023820867079561695,,L2_3_IT,4501.724295639003,-3597.5537730863925,4514.271235432731,-3605.0748070211184
918,49,26651793837296905072728894954507083566,0.00023820867079561695,,L2_3_IT,4501.724295639003,-3597.5537730863925,4527.976001626512,-3560.697788624057
776,49,182697672092062300284108493102439691346,0.00023820867079561695,,L4_5_IT,4501.724295639003,-3597.5537730863925,4474.163369491867,-3617.77146865801
1366,49,163567126453696587319896042168977668542,0.00023820867079561695,,L2_3_IT,4501.724295639003,-3597.5537730863925,4496.350097614448,-3584.469492341661
2129,49,265451734705510901556475893016390885164,0.00023820867079561695,,L4_5_IT,4501.724295639003,-3597.5537730863925,4495.860774029459,-3619.7553087871115
32,5,38941322478331580322037196761723834653,0.00023820867079561695,,OPC,3868.231541965575,-3869.0506675178617,3882.927445923011,-3863.185661344016
896,5,220278513526971037391221672210509300531,0.00023820867079561695,,OPC,3868.231541965575,-3869.0506675178617,3882.0357791832457,-3856.7612932398556
52,5,285190784476210480004066246749715558680,0.00023820867079561695,,Micro,3868.231541965575,-3869.0506675178617,3874.1663547202256,-3871.331940813268
210,5,301904078200801645176687813281196745432,0.00023820867079561695,,SMC,3868.231541965575,-3869.0506675178617,3825.175553110334,-3882.968191781893
1420,5,189206202989877371060340579881815201784,0.00023820867079561695,,Micro,3868.231541965575,-3869.0506675178617,3876.8525768910513,-3871.0062504102734
1083,50,59169507610410356373669093934910288602,0.00023820867079561695,,L4_5_IT,4592.223260449493,-3597.5537730863925,4576.663547416718,-3593.7642497625893
1132,50,16601433863406615071320079391392421455,0.00023820867079561695,,L5_6_NP,4592.223260449493,-3597.5537730863925,4632.950574655902,-3594.6682385450154
604,50,175923486649405069463163666172073687998,0.00023820867079561695,,L6_IT,4592.223260449493,-3597.5537730863925,4586.599872470162,-3581.745816371256
1215,50,290229710568483706443209117125624272980,0.00023820867079561695,,L5_6_NP,4592.223260449493,-3597.5537730863925,4615.724201074942,-3606.0857880402973
1385,50,298471959442459711358720758615929685512,0.00023820867079561695,,L2_3_IT,4592.223260449493,-3597.5537730863925,4549.178106629738,-3611.504772712805
6,51,109960218986561813962517001588108066410,0.00023820867079561695,,Vip,4682.722225259982,-3597.5537730863925,4709.863988547916,-3561.3482439014147
40,51,6023029883094486660283898505992692473,0.00023820867079561695,,L5_IT,4682.722225259982,-3597.5537730863925,4679.944734104238,-3613.078995922147
699,51,46028855152969942884029741600450149572,0.00023820867079561695,,OPC,4682.722225259982,-3597.5537730863925,4669.358912596368,-3619.313699837661
1779,51,47701150395585206084597684900585728273,0.00023820867079561695,,L5_IT,4682.722225259982,-3597.5537730863925,4654.52935878568,-3622.030914966336
1880,51,163386829374294880320919955899149076634,0.00023820867079561695,,Pvalb,4682.722225259982,-3597.5537730863925,4699.914132265678,-3571.9970108044095
71,52,57878868990327205930426043679113128236,0.00023820867079561695,,L6_CT,4773.221190070472,-3597.5537730863925,4774.8299534147145,-3586.8384375491187
207,52,293131091323329573433475401619705826137,0.00023820867079561695,,L6_CT,4773.221190070472,-3597.5537730863925,4789.288327751987,-3609.9799828600885
284,52,8224181756281413686295960713937025298,0.00023820867079561695,,L6_CT,4773.221190070472,-3597.5537730863925,4768.766628973877,-3602.1823085178557
356,52,281456461901354474078177290663195037733,0.00023820867079561695,,L6_IT,4773.221190070472,-3597.5537730863925,4768.614374518408,-3552.5394097296617
506,52,224189319080822916303464218325020674846,0.00023820867079561695,,Endo,4773.221190070472,-3597.5537730863925,4764.606665693366,-3636.2287267752367
726,53,297584393102796616671615551828358592826,0.00023820867079561695,,L6_CT,4863.720154880962,-3597.5537730863925,4843.595171870788,-3610.867968821844
1921,53,216033904980066836621481784219496072191,0.00023820867079561695,,L6_CT,4863.720154880962,-3597.5537730863925,4861.066500906854,-3601.211484774587
136,53,207559710311500919974028011621450278887,0.00023820867079561695,,L5_6_NP,4863.720154880962,-3597.5537730863925,4887.492875138076,-3606.4808318069645
1355,53,16121711737401734719241511694564471367,0.00023820867079561695,,L6_IT,4863.720154880962,-3597.5537730863925,4881.951350660615,-3556.139534491599
3205,53,282821517487467577198349003007082138476,0.00023820867079561695,,L6_CT,4863.720154880962,-3597.5537730863925,4844.494875828466,-3613.0690455369695
757,54,84467154031181071498770724904504242917,0.00023820867079561695,,L5_ET,4954.219119691452,-3597.5537730863925,4929.526374241819,-3591.3284506937425
168,54,104992503200761093134034073696813050482,0.00023820867079561695,,L6_CT,4954.219119691452,-3597.5537730863925,4918.14791666632,-3624.8738018247063
2562,54,127319693859349027673228788757570606268,0.00023820867079561695,,Micro,4954.219119691452,-3597.5537730863925,4963.785312336741,-3580.2952945539478
1721,54,153064133042417834737973279347364971846,0.00023820867079561695,,Pvalb,4954.219119691452,-3597.5537730863925,4969.574626131455,-3601.363907630085
4049,54,20492823209462740995949871095170490911,0.0001887691353474686,,Pvalb,4954.219119691452,-3597.5537730863925,4990.061369080922,-3589.9074107294805
1632,55,139893093057957818245907155686898785879,0.00023820867079561695,,L2_3_IT,5044.718084501941,-3597.5537730863925,5024.074872827464,-3611.912313801338
833,55,87854043295974382742939075718834886112,0.00023820867079561695,,L5_ET,5044.718084501941,-3597.5537730863925,5071.92952387971,-3599.282272666876
1747,55,126154497339103893129065155208816709448,0.00023820867079561695,,L6_IT,5044.718084501941,-3597.5537730863925,5010.984595254825,-3584.9741258311083
1810,55,193772624790458269608991994099609764307,0.00023820867079561695,,L2_3_IT,5044.718084501941,-3597.5537730863925,5027.561167760349,-3603.1601152837034
2143,55,315577296422889662601610815121605771423,0.00023820867079561695,,L5_ET,5044.718084501941,-3597.5537730863925,5089.040262787358,-3588.4400378489454
193,56,295340055415995458225464781131532888471,0.00023820867079561695,,L5_ET,5135.21704931243,-3597.5537730863925,5156.055889175297,-3593.860776938794
840,56,115018433378914725172416438497394718996,0.00023820867079561695,,L5_ET,5135.21704931243,-3597.5537730863925,5165.241906895936,-3573.555266452972
1351,56,86321942839183554236385179876573139605,0.00023820867079561695,,Pvalb,5135.21704931243,-3597.5537730863925,5106.901189161997,-3599.8077829950644
1431,56,91247351785016170352500560122467898330,0.00023820867079561695,,Pvalb,5135.21704931243,-3597.5537730863925,5094.718467026188,-3617.737441998336
667,56,202949074591072300102212021599748602640,0.00023820867079561695,,L6_CT,5135.21704931243,-3597.5537730863925,5153.167794302755,-3602.8075970467808
2538,57,168731667498036097758583211078170469183,0.00023820867079561695,,L6_IT_Car3,5225.716014122921,-3597.5537730863925,5253.199033067311,-3561.606598960394
343,57,20440997286120936729367043653786239237,0.00023820867079561695,,L5_ET,5225.716014122921,-3597.5537730863925,5213.851251607999,-3616.6385659391212
663,57,227945792312821911975742933884403329669,0.00023820867079561695,,L6_IT,5225.716014122921,-3597.5537730863925,5227.485289208201,-3591.3174557945395
916,57,291124175909301336193888274030597283929,0.00023820867079561695,,L2_3_IT,5225.716014122921,-3597.5537730863925,5234.175669470874,-3596.688198722616
1284,57,168260334256172885163656691864119079029,0.00023820867079561695,,L5_ET,5225.716014122921,-3597.5537730863925,5199.868827260214,-3621.518046015303
1390,58,312468060211764015386827721894679215149,0.00023820867079561695,,L5_ET,5316.214978933411,-3597.5537730863925,5274.896851290522,-3616.0017536270498
2027,58,315270777555940630541255897558059611239,0.00023820867079561695,,Pvalb,5316.214978933411,-3597.5537730863925,5321.40460334818,-3589.5232475570842
2253,58,134651493064205552192592769404294276043,0.00023820867079561695,,Pvalb,5316.214978933411,-3597.5537730863925,5318.762219862564,-3589.0397716285224
1979,58,42523179009011594394547283382447201430,0.00023820867079561695,,L5_IT,5316.214978933411,-3597.5537730863925,5320.777354395034,-3584.4215502780353
2598,58,84568239752697062920787019298969924772,0.00023820867079561695,,L4_5_IT,5316.214978933411,-3597.5537730863925,5345.233865770764,-3608.782542341271
1161,59,214421060462890165112444480714235134274,0.00023820867079561695,,L4_5_IT,5406.7139437439,-3597.5537730863925,5427.748663649445,-3637.616925938331
1433,59,75029702736678447431079794163674521247,0.00023820867079561695,,L4_5_IT,5406.7139437439,-3597.5537730863925,5397.67845950819,-3581.550548630447
1589,59,261274976043441148508324402410834281890,0.00023820867079561695,,L4_5_IT,5406.7139437439,-3597.5537730863925,5401.356343289588,-3575.2436409357283
154,59,187872111092171988759329954662268587892,0.00023820867079561695,,L2_3_IT,5406.7139437439,-3597.5537730863925,5401.4577116383,-3596.1579438695103
2679,59,224737882813595278017840673981300553046,0.00023820867079561695,,L4_5_IT,5406.7139437439,-3597.5537730863925,5405.328540633994,-3597.1998060579663
1876,6,82271225653297855987525786896230490770,0.00023820867079561695,,L4_5_IT,3958.730506776065,-3869.0506675178617,3968.532988595713,-3854.1731186408047
2670,6,50218512965326941403568439882386054031,0.00023820867079561695,,OPC,3958.730506776065,-3869.0506675178617,3937.073593725962,-3879.045074483184
11,6,135663612377688980529835436854912122964,0.00023820867079561695,,L2_3_IT,3958.730506776065,-3869.0506675178617,4000.345268768234,-3851.281952249794
172,6,179531694328942156879327578514719397057,0.00023820867079561695,,Peri,3958.730506776065,-3869.0506675178617,3946.6425692833254,-3877.942537589561
258,6,170382150204322321862057519121399303331,0.00023820867079561695,,VLMC,3958.730506776065,-3869.0506675178617,3941.0581135070875,-3882.8106546259687
539,60,324744532239545026025730663033670944262,0.00023820867079561695,,L6_IT,3777.732577155085,-3507.054808275903,3799.470429606742,-3546.7408439652045
73,60,325159494428347531100719903862696109416,0.00023820867079561695,,L2_3_IT,3777.732577155085,-3507.054808275903,3759.567060705323,-3467.8190099522953
132,60,150127005761133450682473544857667066955,0.00023820867079561695,,L4_5_IT,3777.732577155085,-3507.054808275903,3757.686243147747,-3494.172191537924
196,60,159636698303632076765549639953708406452,0.00023820867079561695,,Vip,3777.732577155085,-3507.054808275903,3788.1911423123693,-3545.4761202745476
1198,60,285930780681811551610524228425086364810,0.00023820867079561695,,L2_3_IT,3777.732577155085,-3507.054808275903,3783.7480100032403,-3481.0658756495454
652,61,311330731194369189451864051228369474590,0.00023820867079561695,,Endo,3868.231541965575,-3507.054808275903,3893.563674253015,-3537.0079839596874
2345,61,2585950548642927137044068393372536449,0.00023820867079561695,,Lamp5,3868.231541965575,-3507.054808275903,3845.4425609007953,-3485.6099497572814
390,61,223935985758819341337585818481573536822,0.00023820867079561695,,SMC,3868.231541965575,-3507.054808275903,3902.9314746678974,-3536.096680260967
2136,61,120507897711650051556662533855043416132,0.00023820867079561695,,Sst,3868.231541965575,-3507.054808275903,3859.3776016649726,-3487.5918067725333
294,61,68586389151136334330213899568515589007,0.00023820867079561695,,Vip,3868.231541965575,-3507.054808275903,3839.8423983412004,-3488.9676206290414
457,62,252264625622565919957457954471883311745,0.00023820867079561695,,L4_5_IT,3958.730506776065,-3507.054808275903,3971.140164033261,-3494.6440201215732
1456,62,1532780456051889465204599782237545840,0.00023820867079561695,,L4_5_IT,3958.730506776065,-3507.054808275903,3968.1499355022174,-3492.4552287692336
259,62,36855625558826714347664802281087840440,0.00023820867079561695,,Pvalb,3958.730506776065,-3507.054808275903,3924.5531351528693,-3508.923193552997
24,62,320063166893321119084936091144335976914,0.00023820867079561695,,Lamp5,3958.730506776065,-3507.054808275903,3928.0209259383087,-3540.2878837085477
973,62,59287452538059125458697747291078082130,0.00023820867079561695,,L2_3_IT,3958.730506776065,-3507.054808275903,4001.7883732536643,-3498.9637152271703
1781,63,186828490806952062133397350466518156725,0.00023820867079561695,,Astro,4049.2294715865546,-3507.054808275903,4061.591859814836,-3492.4780751568373
394,63,147287140875970397785553464128776509410,0.00023820867079561695,,VLMC,4049.2294715865546,-3507.054808275903,4028.027606491433,-3502.7746388123705
2523,63,11410240857297922811928798357920798109,0.00023820867079561695,,VLMC,4049.2294715865546,-3507.054808275903,4031.429802771157,-3523.6618275955234
515,63,269166419737790959198910492593856425798,0.00023820867079561695,,L4_5_IT,4049.2294715865546,-3507.054808275903,4093.39891420849,-3497.227499569544
1754,63,334209531672120660812875952350086382735,0.00023820867079561695,,SMC,4049.2294715865546,-3507.054808275903,4031.699174646868,-3519.1320002452476
590,64,56773637341850392204113997415544469813,0.00023820867079561695,,L2_3_IT,4139.728436397044,-3507.054808275903,4114.700832534024,-3544.7527485753185
537,64,92271055184358974785919292117011751677,0.00023820867079561695,,L4_5_IT,4139.728436397044,-3507.054808275903,4156.9608004839965,-3494.022358792435
1037,64,265929549577891812910103980839534684763,0.00023820867079561695,,L6_CT,4139.728436397044,-3507.054808275903,4130.130781139979,-3539.783763651439
574,64,150093349949505953578593464003578865155,0.00023820867079561695,,L6_IT,4139.728436397044,-3507.054808275903,4136.091828986222,-3484.646790950436
599,64,280211826590509343125692388674370801804,0.00023820867079561695,,L4_5_IT,4139.728436397044,-3507.054808275903,4160.757938840979,-3472.0683794098977
1535,65,59008131918824717796472768653755107715,0.00023820867079561695,,L5_ET,4230.227401207534,-3507.054808275903,4234.177408534147,-3472.222615074499
1655,65,2758102793355810541703117262052720006,0.00023820867079561695,,L6_IT_Car3,4230.227401207534,-3507.054808275903,4224.36737950824,-3517.449003185664
961,65,155704507223254830187078998553977908856,0.00023820867079561695,,L2_3_IT,4230.227401207534,-3507.054808275903,4234.426264456567,-3535.793594769742
1298,65,206416329318897732181413359674626236961,0.00023820867079561695,,L2_3_IT,4230.227401207534,-3507.054808275903,4250.712388070528,-3541.854762568737
1339,65,134070245838579574964018942956326334547,0.00023820867079561695,,L6_IT,4230.227401207534,-3507.054808275903,4207.453565468196,-3467.9540657809043
111,66,171530440923641009101501921422730542448,0.00023820867079561695,,L4_5_IT,4320.726366018023,-3507.054808275903,4337.486715900492,-3507.609711706043
1463,66,174755425732377679514858755642630747506,0.00023820867079561695,,L4_5_IT,4320.726366018023,-3507.054808275903,4317.002090046489,-3532.556688319309
2013,66,139074341336865529207578471877250071507,0.00023820867079561695,,L4_5_IT,4320.726366018023,-3507.054808275903,4343.139255222043,-3525.334017988623
38,66,28947558125306342782654158603274760479,0.00023820867079561695,,L5_IT,4320.726366018023,-3507.054808275903,4282.77132331733,-3482.418850987194
979,66,255284310481856433379891395649078983255,0.00023820867079561695,,L5_IT,4320.726366018023,-3507.054808275903,4323.232445603762,-3487.3547723783386
1473,67,236814098010555812345399630221111773057,0.00023820867079561695,,L4_5_IT,4411.2253308285135,-3507.054808275903,4382.077182779964,-3541.6655164929034
3283,67,88084063613755703710375260080660967787,0.00023820867079561695,,L5_IT,4411.2253308285135,-3507.054808275903,4426.77951485357,-3501.2812392389615
99,67,150109920196368600898637986853077992558,0.00023820867079561695,,L6_CT,4411.2253308285135,-3507.054808275903,4415.804175277399,-3486.2850635315585
1541,67,34496774111866618197612856628738083116,0.00023820867079561695,,L5_6_NP,4411.2253308285135,-3507.054808275903,4423.992769898563,-3470.533216262384
1962,67,136062466063109325091050592045289497613,0.00023820867079561695,,L2_3_IT,4411.2253308285135,-3507.054808275903,4407.473011333061,-3535.509005853716
1054,68,308261825526698832110612540117054155566,0.00023820867079561695,,L4_5_IT,4501.724295639003,-3507.054808275903,4473.375135585744,-3518.422265025815
1481,68,52964436648287256754004205103427720851,0.00023820867079561695,,L6_CT,4501.724295639003,-3507.054808275903,4546.953995513258,-3508.3926824207156
856,68,60550597961088498464038794645886511078,0.00023820867079561695,,L2_3_IT,4501.724295639003,-3507.054808275903,4497.945969743559,-3509.657987680118
1427,68,84716313629316357111194807361286264585,0.00023820867079561695,,L5_IT,4501.724295639003,-3507.054808275903,4495.087589775645,-3498.936317415441
1590,68,72785012760744129287917990744686678303,0.00023820867079561695,,L2_3_IT,4501.724295639003,-3507.054808275903,4495.258787576811,-3499.864788837417
1190,69,37297157676460254395387941579680959684,0.00023820867079561695,,L5_6_NP,4592.223260449493,-3507.054808275903,4582.4249017701095,-3531.7252119195623
2844,69,197563923282009885569827232107543601961,0.00023820867079561695,,L5_6_NP,4592.223260449493,-3507.054808275903,4611.168756785967,-3524.735883020412
44,69,249777327009286241305273309519864847519,0.00023820867079561695,,L6_CT,4592.223260449493,-3507.054808275903,4600.445043309072,-3510.0922980876576
1357,69,68449679887067626961228019691248685321,0.00023820867079561695,,OPC,4592.223260449493,-3507.054808275903,4598.30846510003,-3462.2163655921563
1162,69,158496584697275602325994408386758453657,0.00023820867079561695,,L6_IT,4592.223260449493,-3507.054808275903,4568.769135282286,-3506.504282759726
659,7,309274318281068522357537385898756478941,0.00023820867079561695,,L2_3_IT,4049.2294715865546,-3869.0506675178617,4026.6314889267496,-3854.3260773026213
3207,7,215404485830073633699191988196962543634,0.00023820867079561695,,Lamp5,4049.2294715865546,-3869.0506675178617,4080.2058314777814,-3890.812062612327
3217,7,74106864463396252968687281128478955333,0.00023820867079561695,,Pvalb,4049.2294715865546,-3869.0506675178617,4063.9193465943636,-3911.849303362915
705,7,131800609530538526629727643367775380229,0.00023820867079561695,,L2_3_IT,4049.2294715865546,-3869.0506675178617,4028.846184142669,-3854.1413078252103
850,7,220271584610157698980324398518662902885,0.00023820867079561695,,L2_3_IT,4049.2294715865546,-3869.0506675178617,4046.5445067911946,-3834.1245864862385
718,70,122048444358939016025513727864162100945,0.00023820867079561695,,L4_5_IT,4682.722225259982,-3507.054808275903,4682.25234270903,-3499.6415088792137
535,70,306497615721465426105447075507909101588,0.00023820867079561695,,L5_ET,4682.722225259982,-3507.054808275903,4648.055863376587,-3480.3329424699386
860,70,88329771254635614466144669079839225130,0.00023820867079561695,,L5_IT,4682.722225259982,-3507.054808275903,4718.933105141848,-3534.189432579984
289,70,79730314242071748758043428288727596155,0.00023820867079561695,,L2_3_IT,4682.722225259982,-3507.054808275903,4676.0498140387435,-3509.2061529060306
876,70,71231753794404851499213073607290000439,0.00023820867079561695,,L2_3_IT,4682.722225259982,-3507.054808275903,4688.320001033709,-3511.9040045443417
1972,71,158738448984278840776178038866233927754,0.00023820867079561695,,L5_6_NP,4773.221190070472,-3507.054808275903,4792.221566496137,-3465.987773398454
452,71,289343122383658514498136765909048820765,0.00023820867079561695,,L6_CT,4773.221190070472,-3507.054808275903,4778.280656408987,-3542.8192585618453
42,71,335621410636869919515921628770220309768,0.00023820867079561695,,L2_3_IT,4773.221190070472,-3507.054808275903,4743.3692193157685,-3477.490187212104
329,71,24437704143455627899947146553456351161,0.00023820867079561695,,L5_ET,4773.221190070472,-3507.054808275903,4785.24073652622,-3525.1542038431935
4083,71,195626776614757307326640499452801305288,0.0001674202450403157,,L6_IT,4773.221190070472,-3507.054808275903,4766.993771605244,-3523.8226183639194
471,72,119687811692899776940888075660334247761,0.00023820867079561695,,L2_3_IT,4863.720154880962,-3507.054808275903,4870.985086898577,-3489.6052472485294
1327,72,27012371679054419742613980957645631352,0.00023820867079561695,,L2_3_IT,4863.720154880962,-3507.054808275903,4838.906925281139,-3515.426260893191
3493,72,170205725039557421503162990042073991189,0.00023820867079561695,,L5_ET,4863.720154880962,-3507.054808275903,4882.179987614934,-3548.367642037051
446,72,58159711341115589866710514329990057945,0.00023820867079561695,,L5_IT,4863.720154880962,-3507.054808275903,4862.654608822149,-3487.6490413133533
740,72,192011918206508207090533677664741045752,0.00023820867079561695,,L5_IT,4863.720154880962,-3507.054808275903,4863.874165788029,-3494.225849887394
3607,73,211326796842372932268831353486589430307,0.00023820867079561695,,L5_6_NP,4954.219119691452,-3507.054808275903,4930.061650730443,-3496.405279219563
864,73,10133650427379796965274679508791717579,0.00023820867079561695,,L6_IT,4954.219119691452,-3507.054808275903,4934.480082529448,-3500.0133971958207
1004,73,249131881833376982914430301772631720876,0.00023820867079561695,,Sst,4954.219119691452,-3507.054808275903,4995.8494173573345,-3524.787094484753
1375,73,291920476814441105898741344889671687956,0.00023820867079561695,,L4_5_IT,4954.219119691452,-3507.054808275903,4972.2014556807035,-3512.9903525063123
1505,73,308115662112139519594180369995286790274,0.00023820867079561695,,L5_IT,4954.219119691452,-3507.054808275903,4938.502992159319,-3501.077917973067
86,74,175901454657626709596964128153292105786,0.00023820867079561695,,Astro,5044.718084501941,-3507.054808275903,5040.105482961474,-3462.041037438842
1784,74,51576056118893052001897165803081760317,0.00023820867079561695,,Sst,5044.718084501941,-3507.054808275903,5016.779886485426,-3509.706740180181
0,74,296097084252264129732412965046926632434,0.00023820867079561695,,Vip,5044.718084501941,-3507.054808275903,5009.411916983534,-3522.330668094292
1730,74,106006173380424869565806252890172824256,0.00023820867079561695,,Astro,5044.718084501941,-3507.054808275903,5077.076278849092,-3529.410095284638
2311,74,212105498307285084783625753670942010459,0.00023820867079561695,,Astro,5044.718084501941,-3507.054808275903,5080.21685723018,-3511.7855003815607
1013,75,50068700387253413552788140885586713321,0.00023820867079561695,,Oligo,5135.21704931243,-3507.054808275903,5094.5895413123,-3487.1319256621373
1271,75,261263286942284410031516612927725820170,0.00023820867079561695,,Oligo,5135.21704931243,-3507.054808275903,5157.86065954559,-3543.000639795802
21,75,6720811975280549354161855446216834165,0.00023820867079561695,,Peri,5135.21704931243,-3507.054808275903,5155.017625605322,-3524.669331267
1400,75,33112744015303394698882667975529006658,0.00023820867079561695,,Oligo,5135.21704931243,-3507.054808275903,5154.97074012681,-3479.0496773540785
1702,75,198890784367098031691676795836731533801,0.00023820867079561695,,Endo,5135.21704931243,-3507.054808275903,5113.64667997213,-3501.4224673004937
2297,76,134025348672407663229349262409322561884,0.00023820867079561695,,L6_IT_Car3,5225.716014122921,-3507.054808275903,5270.563086763077,-3501.0335348598355
583,76,285412931012562282621329420746593185128,0.00023820867079561695,,L2_3_IT,5225.716014122921,-3507.054808275903,5227.359120491127,-3476.719230420847
935,76,277618573633223082449447437511096146997,0.00023820867079561695,,L2_3_IT,5225.716014122921,-3507.054808275903,5206.035796042526,-3531.8230705981905
962,76,1613011644159817683926707471494300762,0.00023820867079561695,,L6_CT,5225.716014122921,-3507.054808275903,5212.874420530313,-3502.2842006644905
1335,76,103205043405221891887187035103989199675,0.00023820867079561695,,L2_3_IT,5225.716014122921,-3507.054808275903,5211.747646787569,-3523.4140048361432
325,77,288249800495611925439316598872848037525,0.00023820867079561695,,L6_IT_Car3,5316.214978933411,-3507.054808275903,5314.74307727306,-3520.10018028396
437,77,88746601377997461198516882445729492668,0.00023820867079561695,,L6_IT_Car3,5316.214978933411,-3507.054808275903,5316.077794145506,-3529.7106787159473
1107,77,88961457676996577825784720318365584537,0.00023820867079561695,,L6_IT_Car3,5316.214978933411,-3507.054808275903,5297.354766469843,-3498.0850069852436
1531,77,142134651808197732711993456089743296429,0.00023820867079561695,,L6_IT_Car3,5316.214978933411,-3507.054808275903,5306.730512994421,-3514.2392576302113
3929,77,292245543484678990600896923099331809541,0.0002146125288771831,,Oligo,5316.214978933411,-3507.054808275903,5346.168743784222,-3473.138917764155
3363,78,64245765336727414187994212808127290200,0.00023820867079561695,,Pvalb,5406.7139437439,-3507.054808275903,5412.223257814806,-3489.0103738641883
3460,78,262812390304395515976854350183327971064,0.00023820867079561695,,Pvalb,5406.7139437439,-3507.054808275903,5406.041210067577,-3519.8455014878846
697,78,335480852102711146748718048869773250837,0.00023820867079561695,,Sst,5406.7139437439,-3507.054808275903,5386.72967948781,-3539.5013741765215
1121,78,172786992076119027017544097554287130746,0.00023820867079561695,,L6_CT,5406.7139437439,-3507.054808275903,5425.103753152512,-3465.7107570973176
4091,78,52056929538784196792486171958480935281,0.000167420245040315,,L6_IT,5406.7139437439,-3507.054808275903,5403.471818196826,-3521.2060347535953
3164,79,80868290332348661632568527111790201290,0.00023820867079561695,,Astro,3777.732577155085,-3416.555843465413,3753.1691401045546,-3399.939477188258
411,79,182489696011253228867402614854789282034,0.00023820867079561695,,Lamp5,3777.732577155085,-3416.555843465413,3798.030959187824,-3456.9970519636213
2127,79,121917365169063737849310354357470209755,0.00023820867079561695,,OPC,3777.732577155085,-3416.555843465413,3778.589544756879,-3397.233716005302
66,79,260596857216380209026017588663623796575,0.00023820867079561695,,Sncg,3777.732577155085,-3416.555843465413,3765.6962178023127,-3436.792159605434
376,79,238261595770288703990586599168762904084,0.00023820867079561695,,L2_3_IT,3777.732577155085,-3416.555843465413,3793.177023923856,-3391.816812564453
902,8,67810175048244956196752118379020804833,0.00023820867079561695,,Lamp5,4139.728436397044,-3869.0506675178617,4135.181007941254,-3890.0060404336623
1333,8,332692615931654635531500696428802111239,0.00023820867079561695,,Oligo,4139.728436397044,-3869.0506675178617,4165.422613898921,-3874.876445783742
780,8,159482385437264195444292925489087716433,0.00023820867079561695,,L2_3_IT,4139.728436397044,-3869.0506675178617,4117.3965670896505,-3829.6958295537684
1091,8,70743537852925606320744139038884635299,0.00023820867079561695,,Lamp5,4139.728436397044,-3869.0506675178617,4123.357341718985,-3894.9863470856103
2183,8,59001510294681348999005278802979928467,0.00023820867079561695,,L6_IT,4139.728436397044,-3869.0506675178617,4157.284651336427,-3855.6886747325257
591,80,113439209728530555386514806437955109942,0.00023820867079561695,,L2_3_IT,3868.231541965575,-3416.555843465413,3874.3516025012277,-3383.974693254992
2931,80,101731390169942732810880467783376149464,0.00023820867079561695,,L5_ET,3868.231541965575,-3416.555843465413,3844.1282929173917,-3428.9067505026364
91,80,145545142121539228518908232546375289604,0.00023820867079561695,,L4_5_IT,3868.231541965575,-3416.555843465413,3898.037821369403,-3410.0767373952
751,80,192988505206105212728017214407082060087,0.00023820867079561695,,Lamp5,3868.231541965575,-3416.555843465413,3854.3120577162313,-3459.611198720884
1275,80,168140145069130482472952390556698764285,0.00023820867079561695,,L5_IT,3868.231541965575,-3416.555843465413,3870.3279353236207,-3400.2098374533534
352,81,266210993543062230267161359255194491136,0.00023820867079561695,,L2_3_IT,3958.730506776065,-3416.555843465413,3955.171524837824,-3403.521889701506
1512,81,318225944692184755749437382324820609677,0.00023820867079561695,,L2_3_IT,3958.730506776065,-3416.555843465413,3946.37979139183,-3411.1416160584176
1613,81,123690551734546672113390226933663794691,0.00023820867079561695,,L2_3_IT,3958.730506776065,-3416.555843465413,3958.001236050941,-3408.6211321638166
626,81,295293792578091328192881360134717809288,0.00023820867079561695,,Astro,3958.730506776065,-3416.555843465413,3990.593617717891,-3448.684612801499
2116,81,191968516775139763481588364712009228260,0.00023820867079561695,,L2_3_IT,3958.730506776065,-3416.555843465413,3943.5063638818374,-3410.8099666018247
504,82,140561592775050251705238331930148094294,0.00023820867079561695,,L2_3_IT,4049.2294715865546,-3416.555843465413,4029.4157253566627,-3422.926252339409
947,82,140077955263982049859417342498222174290,0.00023820867079561695,,L2_3_IT,4049.2294715865546,-3416.555843465413,4041.0335868856873,-3402.1836491314693
1125,82,204174289447641514460709195431279988646,0.00023820867079561695,,L2_3_IT,4049.2294715865546,-3416.555843465413,4034.252432973587,-3428.9194723290907
1359,82,328771595223177814881967966055139728883,0.00023820867079561695,,L6_IT,4049.2294715865546,-3416.555843465413,4091.833044652015,-3401.3094924266065
4182,82,225987527126907497269374859043131139712,0.00012022796120344967,,L4_5_IT,4049.2294715865546,-3416.555843465413,4049.6125680648192,-3427.4403511004866
169,83,185734474369058285616190269265425555608,0.00023820867079561695,,Peri,4139.728436397044,-3416.555843465413,4164.5592563954,-3403.148092998261
2723,83,244823747920127755073953614364155990789,0.00023820867079561695,,Peri,4139.728436397044,-3416.555843465413,4110.711666463613,-3433.724954053585
1332,83,86795693504795135278225385622611105366,0.00023820867079561695,,Astro,4139.728436397044,-3416.555843465413,4153.327082434123,-3421.899340126508
1696,83,216756513942485799514384983659972763669,0.00023820867079561695,,L4_5_IT,4139.728436397044,-3416.555843465413,4135.923313430418,-3452.351663532034
1884,83,246652689134431164688147290766147821711,0.00023820867079561695,,PVM,4139.728436397044,-3416.555843465413,4134.120863261673,-3371.655166616684
225,84,287163682725323378823426516749430713217,0.00023820867079561695,,Astro,4230.227401207534,-3416.555843465413,4221.500012358142,-3418.044129104689
431,84,131669339246995635020933699927046720158,0.00023820867079561695,,Astro,4230.227401207534,-3416.555843465413,4190.638620180099,-3404.992021055351
634,84,200449177731732574198599921163369581584,0.00023820867079561695,,L5_IT,4230.227401207534,-3416.555843465413,4272.903799696005,-3431.5971422788734
828,84,111004482624504163754682529205864799118,0.00023820867079561695,,Astro,4230.227401207534,-3416.555843465413,4241.41737892398,-3423.6909876101035
1445,84,155361426372255372140505825105333204817,0.00023820867079561695,,Astro,4230.227401207534,-3416.555843465413,4224.677194879447,-3404.454937278056
465,85,330273084430442559627955937251902656939,0.00023820867079561695,,L4_5_IT,4320.726366018023,-3416.555843465413,4337.963070433462,-3419.836063945288
79,85,311815067743428830479763947676263550425,0.00023820867079561695,,L5_IT,4320.726366018023,-3416.555843465413,4336.4046525453705,-3424.1200347511317
416,85,328136444898632080377460848527792141396,0.00023820867079561695,,Oligo,4320.726366018023,-3416.555843465413,4279.659916800733,-3397.554201256743
440,85,333412264857235383633576886799791864019,0.00023820867079561695,,L5_ET,4320.726366018023,-3416.555843465413,4318.811550842349,-3413.9638241592456
3784,85,308934374726635883650216482517023997655,0.00023596141918433825,,L2_3_IT,4320.726366018023,-3416.555843465413,4330.7926394682045,-3427.305093214653
778,86,302244254175438614669604336180544179932,0.00023820867079561695,,L4_5_IT,4411.2253308285135,-3416.555843465413,4413.394398502121,-3404.57447155671
347,86,303596985174272598708340701414807530632,0.00023820867079561695,,L5_IT,4411.2253308285135,-3416.555843465413,4393.314453569239,-3393.037235593875
424,86,192870551187319813157208460143199762963,0.00023820867079561695,,L5_IT,4411.2253308285135,-3416.555843465413,4401.867025979412,-3410.862485471203
764,86,294983081051072165371588857110321429452,0.00023820867079561695,,L2_3_IT,4411.2253308285135,-3416.555843465413,4453.247890118935,-3433.3373859638104
2319,86,288785537513611234132646430634538637262,0.00023820867079561695,,L4_5_IT,4411.2253308285135,-3416.555843465413,4394.30288597285,-3440.967638741466
2947,87,277253438252806181592724589434028256667,0.00023820867079561695,,L5_ET,4501.724295639003,-3416.555843465413,4521.797620233894,-3440.0745401830304
1279,87,268094147132828120959533134335828954469,0.00023820867079561695,,Micro,4501.724295639003,-3416.555843465413,4514.12995109602,-3431.8483988973403
1846,87,68832796732115393504919904006095662349,0.00023820867079561695,,Astro,4501.724295639003,-3416.555843465413,4503.0397180620175,-3390.0710993840903
2038,87,167185509285442532681789995680596718279,0.00023820867079561695,,L5_IT,4501.724295639003,-3416.555843465413,4457.3007858386445,-3407.94959951349
2168,87,91871487529528534479864898387933190196,0.00023820867079561695,,Astro,4501.724295639003,-3416.555843465413,4512.353402964443,-3412.8355793491223
1228,88,272512489602664142080047833073918404725,0.00023820867079561695,,L5_ET,4592.223260449493,-3416.555843465413,4631.337166334681,-3428.0297781014974
1288,88,225917013557515416388145162193143768595,0.00023820867079561695,,L5_ET,4592.223260449493,-3416.555843465413,4636.074848277612,-3421.773504114424
9,88,2201340343603051067307180304875142027,0.00023820867079561695,,L2_3_IT,4592.223260449493,-3416.555843465413,4588.457018124829,-3425.7274153956882
1003,88,111938728686679002702930544368720196742,0.00023820867079561695,,Endo,4592.223260449493,-3416.555843465413,4547.209400864538,-3411.9441080861334
4147,88,235428805473439533564672078941331034467,0.00014382410312188044,,SMC,4592.223260449493,-3416.555843465413,4558.037868645797,-3395.304411629325
419,89,54640021574003981856382277785603171035,0.00023820867079561695,,L5_IT,4682.722225259982,-3416.555843465413,4704.896208833479,-3408.267596421215
2208,89,288015243877852018202991143651536016096,0.00023820867079561695,,L6_IT_Car3,4682.722225259982,-3416.555843465413,4715.948832725189,-3445.264915942261
354,89,77776777833907446620716171715488780287,0.00023820867079561695,,L6_CT,4682.722225259982,-3416.555843465413,4674.729158069642,-3443.1674398237924
385,89,135139352225274944404543935452200206268,0.00023820867079561695,,L5_ET,4682.722225259982,-3416.555843465413,4664.389927170817,-3404.1954118825306
4001,89,246318231456112102588719807114827366549,0.0001910163869587496,,Pvalb,4682.722225259982,-3416.555843465413,4653.646999500776,-3381.8838532572677
763,9,135067766034344693298045512887205204636,0.00023820867079561695,,L2_3_IT,4230.227401207534,-3869.0506675178617,4221.212844656354,-3887.681283481822
1267,9,61425470457824641290517825441616286284,0.00023820867079561695,,L2_3_IT,4230.227401207534,-3869.0506675178617,4235.744235319987,-3875.9194505053947
164,9,262469642952090022952746938203740630169,0.00023820867079561695,,Endo,4230.227401207534,-3869.0506675178617,4198.513588088803,-3836.7745197394675
822,9,43890803323477100822966854060890976160,0.00023820867079561695,,L4_5_IT,4230.227401207534,-3869.0506675178617,4243.447337303809,-3883.0232794425146
1070,9,265893915637461271122619765595869584160,0.00023820867079561695,,L4_5_IT,4230.227401207534,-3869.0506675178617,4252.21900066873,-3861.8548044201166
3589,90,268030594011163740807460920100678865134,0.00023820867079561695,,L6_IT_Car3,4773.221190070472,-3416.555843465413,4818.338106299437,-3420.0169889306017
316,90,214614796462043238342346671189483547815,0.00023820867079561695,,L4_5_IT,4773.221190070472,-3416.555843465413,4775.626983104319,-3461.6258168407207
647,90,337002778753364237732145551205987164738,0.00023820867079561695,,L4_5_IT,4773.221190070472,-3416.555843465413,4750.110542052525,-3420.9121867276685
1141,90,228833840638239971179959415907651576708,0.00023820867079561695,,L5_IT,4773.221190070472,-3416.555843465413,4781.383798903501,-3389.3423788394875
2186,90,230270330120468777438605033062928657704,0.00023820867079561695,,L6_IT,4773.221190070472,-3416.555843465413,4740.646519992568,-3390.8818459885883
805,91,45667993986506346934604364487905525683,0.00023820867079561695,,L6_IT_Car3,4863.720154880962,-3416.555843465413,4832.217775666474,-3445.0642879729257
1080,91,184764236795491424123660605717329874445,0.00023820867079561695,,L6_IT_Car3,4863.720154880962,-3416.555843465413,4888.2107994891985,-3413.7981694868213
2049,91,56143055507925301042595257956339694596,0.00023820867079561695,,L6_IT_Car3,4863.720154880962,-3416.555843465413,4866.898806989465,-3438.5479989966607
2313,91,205847718188757291403501635193316009956,0.00023820867079561695,,L6_IT_Car3,4863.720154880962,-3416.555843465413,4875.680963709188,-3413.326462789081
1320,91,16345252257703923755333056757007239308,0.00023820867079561695,,L6_CT,4863.720154880962,-3416.555843465413,4855.592428550479,-3372.0422980815715
1105,92,23946397336878421774383033366439242432,0.00023820867079561695,,L6_CT,4954.219119691452,-3416.555843465413,4909.248144348349,-3421.568530831744
60,92,195010175531864656155115039678806192632,0.00023820867079561695,,L5_IT,4954.219119691452,-3416.555843465413,4980.063970365462,-3424.4367712437447
1587,92,82176978096059561385591866615507158122,0.00023820867079561695,,L6_IT,4954.219119691452,-3416.555843465413,4978.704467623388,-3432.9059016967085
1839,92,313049070041547936784416687744591379273,0.00023820867079561695,,L6_CT,4954.219119691452,-3416.555843465413,4935.819555151003,-3404.825707663218
2204,92,211113645107184388479762430063405984937,0.00023820867079561695,,L6_IT,4954.219119691452,-3416.555843465413,4967.259460969016,-3399.0423058916404
1188,93,13061121516982722317857922470725065201,0.00023820867079561695,,Pvalb,5044.718084501941,-3416.555843465413,5068.563073981232,-3445.4989858260496
2065,93,123116595857578470560087083536059184191,0.00023820867079561695,,Pvalb,5044.718084501941,-3416.555843465413,5064.452393052811,-3447.1888132858517
89,93,109955090882981293480942450367470058497,0.00023820867079561695,,L2_3_IT,5044.718084501941,-3416.555843465413,5038.153609185049,-3408.1028952469037
495,93,85729255528787240844669437687658449547,0.00023820867079561695,,L6_CT,5044.718084501941,-3416.555843465413,5018.192755255041,-3379.8962940098327
1712,93,263039881481507639475209857844058908213,0.00023820867079561695,,L5_IT,5044.718084501941,-3416.555843465413,5034.228591035562,-3402.092228958432
1235,94,66306038518999076742024434825578750194,0.00023820867079561695,,Astro,5135.21704931243,-3416.555843465413,5135.835960530121,-3461.801093015473
463,94,315063910797697960213882951230705533046,0.00023820867079561695,,L4_5_IT,5135.21704931243,-3416.555843465413,5117.447865765374,-3407.959255793948
420,94,70545131201123808446212593506281441593,0.00023820867079561695,,L6_IT,5135.21704931243,-3416.555843465413,5144.175988110063,-3392.0764560987864
442,94,323479886158567209504125668567765433473,0.00023820867079561695,,Pvalb,5135.21704931243,-3416.555843465413,5140.116667618306,-3421.1691006537926
1241,94,323992757908620253475632419212656870260,0.00023820867079561695,,L2_3_IT,5135.21704931243,-3416.555843465413,5138.50876453828,-3399.773311765071
228,95,30649991932312066137495038478735467768,0.00023820867079561695,,L6_CT,5225.716014122921,-3416.555843465413,5234.119539368358,-3461.018146840203
1074,95,47085993381371043430316564346175788732,0.00023820867079561695,,L6_CT,5225.716014122921,-3416.555843465413,5222.617276123536,-3426.841264917017
1103,95,151812622386562510396699131037963908880,0.00023820867079561695,,L6_CT,5225.716014122921,-3416.555843465413,5238.882263657964,-3397.369953311744
1948,95,39079481306161504183302457030506463284,0.00023820867079561695,,L6_CT,5225.716014122921,-3416.555843465413,5208.144560661253,-3406.6045114518624
2023,95,46665582676548400077142808303182921969,0.00023820867079561695,,L6_CT,5225.716014122921,-3416.555843465413,5224.8164308034875,-3390.945340806246
878,96,214144504492807695060877458281801688345,0.00023820867079561695,,Astro,5316.214978933411,-3416.555843465413,5296.84406328229,-3388.057713516359
308,96,95208297613749544903712348582708658371,0.00023820867079561695,,L6_IT,5316.214978933411,-3416.555843465413,5332.183678644763,-3458.8939620758474
810,96,235476356612825638920622399140993773823,0.00023820867079561695,,Micro,5316.214978933411,-3416.555843465413,5292.927517232193,-3404.2191575039465
1966,96,57152427143821154014011258264897830235,0.00023820867079561695,,Astro,5316.214978933411,-3416.555843465413,5327.188840103688,-3387.2495996910425
3974,96,336483046324212948647988689901319333121,0.00020562352243206668,,Oligo,5316.214978933411,-3416.555843465413,5331.930795404102,-3444.358784539867
232,97,297509220166943962776864103761950081955,0.00023820867079561695,,L6_CT,5406.7139437439,-3416.555843465413,5402.900798960157,-3405.7844099784156
1293,97,259059841906936535442404084450707156816,0.00023820867079561695,,L6_CT,5406.7139437439,-3416.555843465413,5429.479777795774,-3425.031544168199
1264,97,233848984383097859084415100023670020387,0.00023820867079561695,,Oligo,5406.7139437439,-3416.555843465413,5362.107072175512,-3424.1547030393167
274,97,290689763507718448704379100803571785514,0.00023820867079561695,,Endo,5406.7139437439,-3416.555843465413,5416.572872903817,-3400.8398396925445
611,97,161805974168118072266097540514708211477,0.00023820867079561695,,Endo,5406.7139437439,-3416.555843465413,5422.509196884235,-3426.968720448592
484,98,69470189191904501743866231216908644880,0.00023820867079561695,,Astro,3687.233612344596,-3326.056878654924,3672.745414815741,-3318.901905292294
2072,98,186346788173993534420026413411983801105,0.00023820867079561695,,Astro,3687.233612344596,-3326.056878654924,3683.3836178264332,-3333.2444407063117
131,98,160270891851298688926063222318406118482,0.00023820867079561695,,L2_3_IT,3687.233612344596,-3326.056878654924,3731.8014752531058,-3318.2324774822564
151,98,241243823921148432307643426252604835209,0.00023820867079561695,,Endo,3687.233612344596,-3326.056878654924,3672.0254523058843,-3325.962198793509
1144,98,93387653248704678648614033035855828240,0.00023820867079561695,,L4_5_IT,3687.233612344596,-3326.056878654924,3676.2121015218117,-3333.943371000251
1388,99,225661536030981380348361562634982540622,0.00023820867079561695,,L2_3_IT,3777.732577155085,-3326.056878654924,3808.882118109259,-3312.6226966704858
2234,99,298237325326257541714844585731176194176,0.00023820867079561695,,OPC,3777.732577155085,-3326.056878654924,3772.253347345388,-3339.2020116294757
1534,99,252797203559332734668755591355637409460,0.00023820867079561695,,Vip,3777.732577155085,-3326.056878654924,3778.6740045236893,-3339.26183530334
782,99,71231739788682529022862519088913112716,0.00023820867079561695,,Micro,3777.732577155085,-3326.056878654924,3732.6212898066774,-3322.523125450191
2692,99,38318273759106443681112043043527534279,0.00023820867079561695,,L2_3_IT,3777.732577155085,-3326.056878654924,3796.232125990413,-3316.6747242211295
