Cell IDs	CellType
ADsum_NCF60_TGGCCTGCACGAACAG-1	Microglia
ADsum_NCF71_TTCGCAACACCTATAG-1	Microglia
ADsum_NCF64_CGTGCACAGCCTCTGT-1	Microglia
ADsum_NCF71_AGTGCCGGTTATGTGG-1	Microglia
ADsum_NCF64_GACCTAGTCCTACCTA-1	Microglia
ADsum_NCF82_CGAATCTAGGCGCTAC-1	Microglia
ADsum_NCF60_AATCATGTCATGGTGT-1	Microglia
ADsum_NCF60_CCACATTGTATGGTGC-1	Microglia
ADsum_NCF216_AGGTTTGGTTATTGCC-1	Microglia
ADsum_NCF349_AACCTCACAGTAATAG-1	Microglia
ADsum_NCF160_TTGGCTTGTTATTGCC-1	Microglia
ADsum_NCF71_TGGCTAAGTAGCTGCG-1	Microglia
ADsum_NCF71_AGGCGGATCCTGGTGA-1	Microglia
ADsum_NCF71_TCCATCATCATCCTGC-1	Microglia
ADsum_NCF60_CTCAATAAGTGAACGA-1	Microglia
ADsum_NCF71_GTCCAAGTCCGGTTAG-1	Microglia
ADsum_NCF140_CTCATGACAATTATGC-1	Microglia
ADsum_NCF200_ATTACCGCATTTAAGC-1	Microglia
ADsum_NCF71_AGGTTTGGTCCTCCAA-1	Microglia
ADsum_NCF221_AGTGTTTCAACCTGGT-1	Microglia
ADsum_NCF340_TGAAGCAAGAAGCTAG-1	Microglia
ADsum_NCF95_AAGTGCAAGCTGTACG-1	Microglia
ADsum_NCF71_AGCTACGTCCTCACTA-1	Microglia
ADsum_NCF340_AGTGCCGGTGATGAGG-1	Microglia
ADsum_NCF221_CGCTGTGCATGGCCTG-1	Microglia
ADsum_NCF216_GAGGCAAGTAAGTCGC-1	Microglia
ADsum_NCF60_GTAGTTTCACTCGCTC-1	Microglia
ADsum_NCF71_GCTGATCCAAAGGTAC-1	Microglia
ADsum_NCF115_GCTAGCCAGCCAGGTC-1	Microglia
ADsum_NCF200_GGCGGTTTCAAGCTAC-1	Microglia
ADsum_NCF71_TACCAGGTCATCAGTA-1	Microglia
ADsum_NCF140_CGGGACAAGTCATCCC-1	Microglia
ADsum_NCF71_CAAGTATGTTAGGACC-1	Microglia
ADsum_NCF71_TATAGCTCACACAATT-1	Microglia
ADsum_NCF200_AGTCCTGAGGTTTGCG-1	Microglia
ADsum_NCF216_ATGACAACAGCAAATA-1	Microglia
ADsum_NCF60_GGTTGCGGTTAGGTGC-1	Microglia
ADsum_NCF140_AAGCAAGTCCGCAAAT-1	Microglia
ADsum_NCF60_CGGTAACGTTGGTTGA-1	Microglia
ADsum_NCF115_CCTGGTAAGAAAGCAT-1	Microglia
ADsum_NCF60_CTAAGGTTCGCTAGCA-1	Microglia
ADsum_NCF71_GGCCTTCGTACAATGT-1	Microglia
ADsum_NCF216_GGCAAATCAGGCATGA-1	Microglia
ADsum_NCF71_TGCTCAACAATAATCC-1	Microglia
ADsum_NCF216_TGGCCTGCATGTCAAT-1	Microglia
ADsum_NCF140_GAGCAAGGTCATCCTG-1	Microglia
ADsum_NCF340_AACCTTAAGTAGGCGG-1	Microglia
ADsum_NCF64_GCCACTAAGTTAGAGG-1	Microglia
ADsum_NCF71_GTTTCAGCAGGTATTT-1	Microglia
ADsum_NCF60_GTTAACCAGCTCAATA-1	Microglia
ADsum_NCF349_TTTGTGAAGTCACCTC-1	Microglia
ADsum_NCF64_CTCATGCTCCGTTATT-1	Microglia
ADsum_NCF82_CAGATTCAGGCAAGTA-1	Microglia
ADsum_NCF95_CATTCATTCTTGCAAA-1	Microglia
ADsum_NCF349_CAATCTAAGTTATCTC-1	Microglia
ADsum_NCF71_AAACCGCGTTACAAAC-1	Microglia
ADsum_NCF71_TCGGTTTGTTGTTGCT-1	Microglia
ADsum_NCF71_GGTTAATGTTGCTGGG-1	Microglia
ADsum_NCF221_CATAATGTCCATAAGC-1	Microglia
ADsum_NCF140_GGTCGGTTCGTTATAG-1	Microglia
ADsum_NCF221_GCACATTAGCGGCTGT-1	Microglia
ADsum_NCF71_GCCTGCTGTTAGGTGC-1	Microglia
ADsum_NCF200_GCTGTGCAGGACCTCA-1	Microglia
ADsum_NCF161_GCAGCCAGTCCTTCAG-1	Microglia
ADsum_NCF71_TGCCTGTTCCACCTGT-1	Microglia
ADsum_NCF216_TCATGCCTCCGTGACA-1	Microglia
ADsum_NCF140_CCAATATCACACAATT-1	Microglia
ADsum_NCF82_GCAATAGAGCAATAGG-1	Microglia
ADsum_NCF161_AGATGAAGTCCTAATC-1	Microglia
ADsum_NCF71_CGCAATAGTTCGCGCT-1	Microglia
ADsum_NCF340_GCAGGTTGTACCCACC-1	Microglia
ADsum_NCF161_AGACAATAGAGGAAGG-1	Microglia
ADsum_NCF221_GCAGGATAGGCGCACT-1	Microglia
ADsum_NCF140_TTATTGCTCTAAGGTC-1	Microglia
ADsum_NCF71_GCCCAAATCACTAAGC-1	Microglia
ADsum_NCF60_TCATTACTCTGCAACG-1	Microglia
ADsum_NCF60_CGCATTTGTGAGGTGA-1	Microglia
ADsum_NCF216_TGGGCATGTTCAAGCA-1	Microglia
ADsum_NCF340_CATTCCTCATAGCTGC-1	Microglia
ADsum_NCF60_CTTGCAACAACATAAG-1	Microglia
ADsum_NCF95_CTTAAGGGTGAGGTGA-1	Microglia
ADsum_NCF221_CGGAGCAAGTGAAGTG-1	Microglia
ADsum_NCF349_ACTTGCACAGCAATAA-1	Microglia
ADsum_NCF60_CGACAAGCACAGAAAC-1	Microglia
ADsum_NCF115_CAGATTCAGCACAGGG-1	Microglia
ADsum_NCF115_TGATTCAAGCTTTGTT-1	Microglia
ADsum_NCF64_AGCTACTAGCCATCAG-1	Microglia
ADsum_NCF340_AGGTTAACAGTAATAG-1	Microglia
ADsum_NCF340_CCTACTGGTCTATCGT-1	Microglia
ADsum_NCF60_GTAAGGTCAGCACGAA-1	Microglia
ADsum_NCF60_GGGCCTAGTTACGCGG-1	Microglia
ADsum_NCF161_TCCATGCTCGCTTGCT-1	Microglia
ADsum_NCF71_CTAGGACGTCACGAAC-1	Microglia
ADsum_NCF200_TCATTGTTCAAGGACA-1	Microglia
ADsum_NCF115_AAAGGAGCATCCTGAA-1	Microglia
ADsum_NCF115_CCCTCAGTCATAACTG-1	Microglia
ADsum_NCF115_TGATCCTGTGAAACAA-1	Microglia
ADsum_NCF140_CTTTGTCCATAGGCGA-1	Microglia
ADsum_NCF71_GTTTGTAAGGCTGTCA-1	Microglia
ADsum_NCF221_CCGTGCTGTACCGTTT-1	Microglia
ADsum_NCF216_TCGTTACGTAACTACG-1	Microglia
ADsum_NCF160_TGTTCATTCGGTTAGT-1	Microglia
ADsum_NCF216_ATATGTCCATTCAGCA-1	Microglia
ADsum_NCF71_GTAATAGCAGCCAGAA-1	Microglia
ADsum_NCF115_CGGTAACGTTCATTTG-1	Microglia
ADsum_NCF82_GTTACCTGTGTCCAAA-1	Microglia
ADsum_NCF200_GATTCAGGTAGGTTTG-1	Microglia
ADsum_NCF60_GTGCTCAAGAAGGTGC-1	Microglia
ADsum_NCF340_TATCACGCAGAAACGT-1	Microglia
ADsum_NCF160_GATGAGGGTGCGCAAT-1	Microglia
ADsum_NCF60_ACCTTCATCTTTGAGA-1	Microglia
ADsum_NCF71_AGCACTAGTTGGTTGA-1	Microglia
ADsum_NCF140_AGGCAGGTCGGTAACT-1	Microglia
ADsum_NCF349_TATGACTCAATTGAGA-1	Microglia
ADsum_NCF71_TAATCACCATGTGGGA-1	Microglia
ADsum_NCF71_ACTTAGTCAGATAGAC-1	Microglia
ADsum_NCF115_CGTATTGCACAGCCAT-1	Microglia
ADsum_NCF95_CAGGTTAGTCATCATC-1	Microglia
ADsum_NCF60_TGAGCTTAGGAAGTAT-1	Microglia
ADsum_NCF340_GAAAGCCAGTCTATGA-1	Microglia
ADsum_NCF71_TTGGATATCGTTAGCG-1	Microglia
ADsum_NCF71_ATAGGTACAATAATCC-1	Microglia
ADsum_NCF216_GAGTTTGGTGCTAGAC-1	Microglia
ADsum_NCF340_TTTGACCGTAGACAAA-1	Microglia
ADsum_NCF71_GCCACACAGCGCCTTT-1	Microglia
ADsum_NCF216_TTGTCCATCCTTCTAG-1	Microglia
ADsum_NCF216_CAAGGTTTCTTGCAAA-1	Microglia
ADsum_NCF140_ACAGTATGTAAGCACC-1	Microglia
ADsum_NCF115_CGTTAGGTCCTTGCAC-1	Microglia
ADsum_NCF340_CTTACCTCATGGCCTG-1	Microglia
ADsum_NCF216_GCTAGTGTCGTTACTT-1	Microglia
ADsum_NCF60_GCCAGGTTCCTGATGG-1	Microglia
ADsum_NCF60_AAAGCTTGTTGAGCCG-1	Microglia
ADsum_NCF340_AGAAACCCAATGAATG-1	Microglia
ADsum_NCF200_ATTATGGTCATCACTT-1	Microglia
ADsum_NCF71_GGTCATTAGTGAGCAA-1	Microglia
ADsum_NCF71_GTGCTTCTCATGACCG-1	Microglia
ADsum_NCF140_GCGAGTGAGCTTACTT-1	Microglia
ADsum_NCF60_GTACTAATCACCAATA-1	Microglia
ADsum_NCF71_ACGGTACGTAAGGTCC-1	Microglia
ADsum_NCF60_ATAGGTACAATTTAGC-1	Microglia
ADsum_NCF140_GGTTGCTCAGTAAGTA-1	Microglia
ADsum_NCF71_ATCCTTAGTTGTTGCT-1	Microglia
ADsum_NCF95_AATAGAGGTGCACGCA-1	Microglia
ADsum_NCF140_TTAGAAGCATAGACCC-1	Microglia
ADsum_NCF216_GGACCGAAGTTAGTTG-1	Microglia
ADsum_NCF349_CGGTTATAGCAGGTGG-1	Microglia
ADsum_NCF140_CAAGGGAGTCAATAGT-1	Microglia
ADsum_NCF82_AGCGCTCAGAAGGTGC-1	Microglia
ADsum_NCF340_TTTCGTCCATTGTGAT-1	Microglia
ADsum_NCF340_TGTCAGTAGCGCCTAA-1	Microglia
ADsum_NCF71_CTTGCTCAGTAAGAAC-1	Microglia
ADsum_NCF160_TACCGTTGTGAGCACT-1	Microglia
ADsum_NCF71_GCAAGTGCAATGCCTA-1	Microglia
ADsum_NCF60_GGCGCTAGTCAATGTG-1	Microglia
ADsum_NCF64_CTAGCGGGTCAAGTAT-1	Microglia
ADsum_NCF140_CAGGTGGAGAGCAAGC-1	Microglia
ADsum_NCF71_GTTCTTGTCGCTAGAT-1	Microglia
ADsum_NCF60_GCTAAGCGTCCGCTGT-1	Microglia
ADsum_NCF200_ACTATGTCAAGGTCCT-1	Microglia
ADsum_NCF216_CCACAGGGTTAACACG-1	Microglia
ADsum_NCF140_AGTGATGAGACACCGC-1	Microglia
ADsum_NCF82_GTGGCTTCAGCAAGGC-1	Microglia
ADsum_NCF71_TTTCCGGGTCCGGTTC-1	Microglia
ADsum_NCF349_TTGTAAGTCCCATAAA-1	Microglia
ADsum_NCF64_ATTAGCTCATGCTCCC-1	Microglia
ADsum_NCF71_TATGCATCATCACTTC-1	Microglia
ADsum_NCF71_TCAGCAAGTCGTTACT-1	Microglia
ADsum_NCF115_TTAGGCCCAGCTAACC-1	Microglia
ADsum_NCF216_TACTAAGTCGTTCACC-1	Microglia
ADsum_NCF64_CTAGGACGTGCTAGAC-1	Microglia
ADsum_NCF221_AAGCGTTTCTAAGGAG-1	Microglia
ADsum_NCF60_CTTTAGGCACAACAAA-1	Microglia
ADsum_NCF200_AGTTTGCAGGTGAAAT-1	Microglia
ADsum_NCF200_TGGTCATAGTAAGTCC-1	Microglia
ADsum_NCF71_CTACGAAGTTTGGCGG-1	Microglia
ADsum_NCF115_CCCAAATAGACACTTA-1	Microglia
ADsum_NCF115_TGCTCACTCAAGCCTG-1	Microglia
ADsum_NCF60_AGCCGCTAGCGGCTGT-1	Microglia
ADsum_NCF340_GCTCAACCATGTCGCG-1	Microglia
ADsum_NCF216_CCCTCAGTCACACAGT-1	Microglia
ADsum_NCF349_AGCTTAATCTTTGTAC-1	Microglia
ADsum_NCF71_TCGTTAAAGAGCCGGA-1	Microglia
ADsum_NCF340_GTCTAGCCAGCCAGAA-1	Microglia
ADsum_NCF60_CAGCTAAGTATTGTCC-1	Microglia
ADsum_NCF71_AGGTGAGGTTCCTGAT-1	Microglia
ADsum_NCF216_GCGGTTGGTTACCGGG-1	Microglia
ADsum_NCF95_TACCCGGCATTAGCCA-1	Microglia
ADsum_NCF71_AGAGATTAGGCGCTTA-1	Microglia
ADsum_NCF60_GGCCTCTGTTACATCC-1	Microglia
ADsum_NCF71_ATGACCAGTGCTTAGA-1	Microglia
ADsum_NCF349_GCTAACAGTGACCTGG-1	Microglia
ADsum_NCF200_CTCACTCAGGTAAGGC-1	Microglia
ADsum_NCF71_GGTCAAGCATTGACAT-1	Microglia
ADsum_NCF71_TGGTTCCTCGTAATCA-1	Microglia
ADsum_NCF71_GAGCCACTCGGGCCAT-1	Microglia
ADsum_NCF349_CAGGACACAAGTGTTT-1	Microglia
ADsum_NCF140_GGCTCACAGGCTAAGA-1	Microglia
ADsum_NCF64_GGTTTGTAGCAGGTTT-1	Microglia
ADsum_NCF349_GCCGTGAGTGAGCACT-1	Microglia
ADsum_NCF140_GCTATCCTCATCACTT-1	Microglia
ADsum_NCF60_ACCAGCTCACACAATT-1	Microglia
ADsum_NCF60_ATTATGGTCGGTTAGT-1	Microglia
ADsum_NCF340_CTCTAGCTCGGTTTGG-1	Microglia
ADsum_NCF140_AAACCGGCATAGCGAG-1	Microglia
ADsum_NCF221_ACTTATGAGCTCATAA-1	Microglia
ADsum_NCF349_AACGACAAGGCTCATG-1	Microglia
ADsum_NCF71_ATGGTTATCAGGAACA-1	Microglia
ADsum_NCF200_CGCATGATCAGCACGC-1	Microglia
ADsum_NCF60_GAGTGATCATAATCAC-1	Microglia
ADsum_NCF349_TTTGCGGAGCTGTACG-1	Microglia
ADsum_NCF340_ATGACTCAGCTGTAAC-1	Microglia
ADsum_NCF71_CGTAGCGGTGGATGTC-1	Microglia
ADsum_NCF115_CATAGGTTCGGTCAGC-1	Microglia
ADsum_NCF221_GTTAGGCGTGGTTATG-1	Microglia
ADsum_NCF216_CCGGTTAAGCTATTAG-1	Microglia
ADsum_NCF224_CGTGTTACAATGAGGT-1	Microglia
ADsum_NCF60_ACTGAAACAGTACCGT-1	Microglia
ADsum_NCF71_CATGCATAGCACTAGT-1	Microglia
ADsum_NCF71_CGTTATTTCAACCAAC-1	Microglia
ADsum_NCF94_ATGGCTGTCATCGTTT-1	Microglia
ADsum_NCF71_GCTAAGCGTGCTGTAA-1	Microglia
ADsum_NCF71_TAGCTAGGTCACAGAC-1	Microglia
ADsum_NCF71_GTTCGCTTCATCCACC-1	Microglia
ADsum_NCF161_GCATATATCTAGCGTG-1	Microglia
ADsum_NCF221_TCACCGGCATTGTCCT-1	Microglia
ADsum_NCF64_TGGATTCAGCGGATTT-1	Microglia
ADsum_NCF60_GGTGCTTCAGGCCATT-1	Microglia
ADsum_NCF71_AGCAATTGTTCAAGCA-1	Microglia
ADsum_NCF60_AGGTCCGGTCAAAGAA-1	Microglia
ADsum_NCF221_CGCATGATCTTTAGGA-1	Microglia
ADsum_NCF115_AGCCTAGTCCAAGTTA-1	Microglia
ADsum_NCF161_CAGGGCTTCCTGGTGA-1	Microglia
ADsum_NCF71_GTAGTTTCAACAGGAT-1	Microglia
ADsum_NCF349_GGTTACTAGTTAGTGC-1	Microglia
ADsum_NCF71_CAGCTAAGTTGGTTCT-1	Microglia
ADsum_NCF82_TTGCATTTCAGGTCCA-1	Microglia
ADsum_NCF60_CGAGTCGGTAGTAAGA-1	Microglia
ADsum_NCF221_AGGATCCGTCTTTGAC-1	Microglia
ADsum_NCF161_TATTTGCTCGCTTGCT-1	Microglia
ADsum_NCF60_GATGACTTCCTTAATC-1	Microglia
ADsum_NCF60_ACCAAGTTCGAGCAAA-1	Microglia
ADsum_NCF200_CAATGTCAGTCACCTC-1	Microglia
ADsum_NCF60_AACCGGCTCTTGACCC-1	Microglia
ADsum_NCF71_GATGCATTCCTAAGTA-1	Microglia
ADsum_NCF349_CAAAGTGAGACAACAG-1	Microglia
ADsum_NCF60_TGCTCACTCCCTGGTT-1	Microglia
ADsum_NCF200_GAGGACTAGTTAGGCT-1	Microglia
ADsum_NCF200_CACCAACCATAGCTGC-1	Microglia
ADsum_NCF115_GAAGGCTAGTCTTGAA-1	Microglia
ADsum_NCF71_GCTGACATCTTGCTAT-1	Microglia
ADsum_NCF200_TCTATGTTCAAAGGCA-1	Microglia
ADsum_NCF115_GTCTTTAGTAACGAGG-1	Microglia
ADsum_NCF349_GCGGATACACTAAATC-1	Microglia
ADsum_NCF140_TCAAGACTCCTCGATC-1	Microglia
ADsum_NCF216_CCTATAGCACAGCCAT-1	Microglia
ADsum_NCF221_ACAGCCGGTCCCGGAA-1	Microglia
ADsum_NCF71_GGTGATTTCATGTTTC-1	Microglia
ADsum_NCF60_TGTTGTGCAAACCCTA-1	Microglia
ADsum_NCF60_GCGTGCTAGTGCACGC-1	Microglia
ADsum_NCF221_GGTGAGTAGGTAAGCA-1	Microglia
ADsum_NCF60_TAGGCTGTCCCGCCTA-1	Microglia
ADsum_NCF71_CAATGTGGTCGAAGTC-1	Microglia
ADsum_NCF82_TAGCCTGAGTAGCGCC-1	Microglia
ADsum_NCF216_GCCTGACAGTAACCCG-1	Microglia
ADsum_NCF71_CCAAGTTAGGAAGCTA-1	Microglia
ADsum_NCF60_CGAGGTGAGCAAGGGT-1	Microglia
ADsum_NCF60_GAGGCCTTCAATGTCA-1	Microglia
ADsum_NCF224_CCTTACTCAAACCTTG-1	Microglia
ADsum_NCF71_TGTTATGAGCTAATCA-1	Microglia
ADsum_NCF140_GCAGGAAGTAGGATTT-1	Microglia
ADsum_NCF140_TGGTAAACAGCAATAA-1	Microglia
ADsum_NCF71_TGATTGCAGCTAAAGG-1	Microglia
ADsum_NCF216_AGTAATCGTGATTACG-1	Microglia
ADsum_NCF60_AACAAGCCACTTAACG-1	Microglia
ADsum_NCF60_CATAGGTTCCCTGATC-1	Microglia
ADsum_NCF340_AGCGCTCAGCACTAAC-1	Microglia
ADsum_NCF95_AGAACCAAGGCGTAAA-1	Microglia
ADsum_NCF60_GATTGCAGTACCCACC-1	Microglia
ADsum_NCF200_AGCACTAGTTGCGTAA-1	Microglia
ADsum_NCF340_AGTTTGATCCACCCTG-1	Microglia
ADsum_NCF71_TATGAAGCATGCATAT-1	Microglia
ADsum_NCF340_CTCTATGTCCTCATGC-1	Microglia
ADsum_NCF60_TCGTTATTCCTACCTA-1	Microglia
ADsum_NCF160_CTCGCTCCAAGACTCC-1	Microglia
ADsum_NCF71_GAGCTTAGTGAAACAA-1	Microglia
ADsum_NCF160_CACATTAAGCTTTGGG-1	Microglia
ADsum_NCF340_ATCACACAGGTCCTAG-1	Microglia
ADsum_NCF64_CCCAAACCACCTACGG-1	Microglia
ADsum_NCF340_GTACACCCACATTAAC-1	Microglia
ADsum_NCF71_ATGGCTAGTTAAGCGC-1	Microglia
ADsum_NCF60_GGCATGGAGTTTGGTA-1	Microglia
ADsum_NCF71_GTAATAGCAGCACGTT-1	Microglia
ADsum_NCF71_AGGATCCGTTTATGGG-1	Microglia
ADsum_NCF82_GCGTGCTAGTTTGCGG-1	Microglia
ADsum_NCF200_TCCTCAATCAGTTCCC-1	Microglia
ADsum_NCF200_TTCCTTGAGGAGCATA-1	Microglia
ADsum_NCF200_GTGCATTAGTTTGTCT-1	Microglia
ADsum_NCF200_CTTGACGAGTTAACCA-1	Microglia
ADsum_NCF71_CTGATCACAAGCTTAT-1	Microglia
ADsum_NCF200_GTCCTCAGTTAACGAT-1	Microglia
ADsum_NCF60_GATTGATGTTTGCGCC-1	Microglia
ADsum_NCF160_CCGCTTAGTCTTGCTG-1	Microglia
ADsum_NCF200_TGTGCGCAGGCTACAT-1	Microglia
ADsum_NCF224_AGGTAACCAAGCTAAA-1	Microglia
ADsum_NCF216_AGTCAGGCAGGTTAAA-1	Microglia
ADsum_NCF140_AGCCGCTAGACTATTG-1	Microglia
ADsum_NCF115_ACCCGGTAGGTGTCCA-1	Microglia
ADsum_NCF71_GAGAACCAGTAACTCA-1	Microglia
ADsum_NCF140_GGCCTAATCAAACCGT-1	Microglia
ADsum_NCF60_GATTGTTCAGCCTTGG-1	Microglia
ADsum_NCF349_AGGACGTAGGGTGGAT-1	Microglia
ADsum_NCF349_GTATTGTCAACTAGAA-1	Microglia
ADsum_NCF95_CCAGCTAAGTTGTCAA-1	Microglia
ADsum_NCF140_CATAGACTCGGTTCCT-1	Microglia
ADsum_NCF60_TAGGTTATCTCACATT-1	Microglia
ADsum_NCF224_AAACCGAAGCTTAGCG-1	Microglia
ADsum_NCF71_TGCGCAGGTCAACAAT-1	Microglia
ADsum_NCF60_TGATCGAGTTGGTTCT-1	Microglia
ADsum_NCF216_AAGCTAGAGTTCCTCA-1	Microglia
ADsum_NCF71_GCTTCGCGTCACGAAC-1	Microglia
ADsum_NCF60_GATGCTTAGTATTGTG-1	Microglia
ADsum_NCF64_CTGGTCAAGAAAGCAT-1	Microglia
ADsum_NCF60_GCTAATATCAAGCTAC-1	Microglia
ADsum_NCF340_AAACGGATCACAGACT-1	Microglia
ADsum_NCF71_GAGGTGAGTGATGGCT-1	Microglia
ADsum_NCF221_GTCAAACTCCTCCATA-1	Microglia
ADsum_NCF71_GGCATGGAGTTACTTC-1	Microglia
ADsum_NCF60_GTGGATGCAGCAAGAT-1	Microglia
ADsum_NCF64_ACAACAGAGATAGACG-1	Microglia
ADsum_NCF71_ACTCGCGCATTATGCG-1	Microglia
ADsum_NCF161_GAGTCAAAGCTACTGG-1	Microglia
ADsum_NCF216_AGTAATGCACCTGCCT-1	Microglia
ADsum_NCF60_ACTAACTCATAATTGC-1	Microglia
ADsum_NCF71_ACTTATCTCAAGCGCC-1	Microglia
ADsum_NCF200_TACAGGTTCCATAAGC-1	Microglia
ADsum_NCF71_TTGCATTTCCCTCAAC-1	Microglia
ADsum_NCF95_GGCCTCTGTATTGAGT-1	Microglia
ADsum_NCF216_ATCGCCCGTGTTCCCA-1	Microglia
ADsum_NCF221_ACAGGCTGTGTCCAGG-1	Microglia
ADsum_NCF340_CGCTGTGCAGCAAGTG-1	Microglia
ADsum_NCF221_CTTCAAGCACTAGCGT-1	Microglia
ADsum_NCF224_TCTTGTCCAGCTAACC-1	Microglia
ADsum_NCF71_GGCCATCAGGTTACAC-1	Microglia
ADsum_NCF71_CGTAGTTAGTTTGCGG-1	Microglia
ADsum_NCF60_CTAGCTTGTCCAAATG-1	Microglia
ADsum_NCF221_TTGCGTCTCATGCTCC-1	Microglia
ADsum_NCF60_CCCGCTTCAATTAGGA-1	Microglia
ADsum_NCF71_GTCTTTAGTTGTAACG-1	Microglia
ADsum_NCF64_ATCCGTGAGACACTTA-1	Microglia
ADsum_NCF71_TGGTCAGTCTGTAAGC-1	Microglia
ADsum_NCF216_CATAGTCAGTGCTGTG-1	Microglia
ADsum_NCF200_GGCATGGAGTGGCGGA-1	Microglia
ADsum_NCF224_AGTAACACACAAAGAC-1	Microglia
ADsum_NCF340_CAACAGGCACTGGCTG-1	Microglia
ADsum_NCF71_CTAGATTCAACCCTAA-1	Microglia
ADsum_NCF71_CCCTCACCATCCCTCA-1	Microglia
ADsum_NCF71_ACCGGTTCAAGCTTTG-1	Microglia
ADsum_NCF115_CTATTGAAGCTCCTTA-1	Microglia
ADsum_NCF140_GTCTATCGTAGTTACG-1	Microglia
ADsum_NCF160_AGGATATAGGCTAATC-1	Microglia
ADsum_NCF221_CGTAACCCAATTAGCT-1	Microglia
ADsum_NCF71_AAACCGAAGGCCGGAA-1	Microglia
ADsum_NCF71_AAATGCCTCCAGGTCA-1	Microglia
ADsum_NCF216_TAGCAGGCACTTACAG-1	Microglia
ADsum_NCF71_ACACTAGGTCACAGCG-1	Microglia
ADsum_NCF140_TGAGCAAAGCTGGACC-1	Microglia
ADsum_NCF64_CTGCAATAGCCTGGTA-1	Microglia
ADsum_NCF340_GATTGCAGTCTTGCTG-1	Microglia
ADsum_NCF60_TGAGCCGGTAATCGTG-1	Microglia
ADsum_NCF340_AGGTATTGTGGATTGC-1	Microglia
ADsum_NCF161_ATTCACTTCACTCAAA-1	Microglia
ADsum_NCF216_CCTTTAGTCATTAGGC-1	Microglia
ADsum_NCF71_CATAAGCTCAAGCCTG-1	Microglia
ADsum_NCF140_GTTGCCCGTAAGCTCA-1	Microglia
ADsum_NCF216_GTGCAAGCAGTAAAGC-1	Microglia
ADsum_NCF340_CTCCCTGAGCCTCTGT-1	Microglia
ADsum_NCF221_GTCATTAAGTTGGGCC-1	Microglia
ADsum_NCF60_TGGGCATGTACTTAGG-1	Microglia
ADsum_NCF221_GTTCCTTCACCCACCT-1	Microglia
ADsum_NCF160_AGAAACTAGGCCTTAG-1	Microglia
ADsum_NCF60_GCTTACCTCACTTTAC-1	Microglia
ADsum_NCF60_CTGAAACTCCCGAACA-1	Microglia
ADsum_NCF160_CCTCCTGAGGAGGGTT-1	Microglia
ADsum_NCF216_TGGTTCTGTAGCTAAT-1	Microglia
ADsum_NCF140_AGGCCCAGTCTCAGCC-1	Microglia
ADsum_NCF340_TAGCCGGGTAGGATTT-1	Microglia
ADsum_NCF115_TAGGTTGGTATTGGTG-1	Microglia
ADsum_NCF71_CGGGTATGTAAGGTCC-1	Microglia
ADsum_NCF71_ATGGTGCGTTGTCCAT-1	Microglia
ADsum_NCF71_TATTGACCACCTCGCT-1	Microglia
ADsum_NCF216_ACCAGGCTCGATCAGT-1	Microglia
ADsum_NCF82_ACCAAGCGTATTTGCC-1	Microglia
ADsum_NCF60_TACCCGGCATCAATCG-1	Microglia
ADsum_NCF60_AAACCAACAGCACGAA-1	Microglia
ADsum_NCF216_AGGTTAACATTAGGTT-1	Microglia
ADsum_NCF221_GCTTGTTGTCAAACTG-1	Microglia
ADsum_NCF82_TGTTGTGCATAAGTTC-1	Microglia
ADsum_NCF60_GTGTGTTAGTTATGGC-1	Microglia
ADsum_NCF349_TACAATGTCGTTATCT-1	Microglia
ADsum_NCF140_ATAAGCCTCATGACCG-1	Microglia
ADsum_NCF71_TCCATTGTCCCTCGCA-1	Microglia
ADsum_NCF71_AAGCGAATCGATCAGT-1	Microglia
ADsum_NCF115_TCCTTAGTCGCTCACT-1	Microglia
ADsum_NCF60_GTCCTCAGTTGCATCT-1	Microglia
ADsum_NCF71_TACCAGGTCCCGCATT-1	Microglia
ADsum_NCF140_GAGTCATTCACGCCAA-1	Microglia
ADsum_NCF60_GATTCATCAATAATGG-1	Microglia
ADsum_NCF221_CGCTAATAGCTTTGTT-1	Microglia
ADsum_NCF216_CCTAGTTGTGAGGTAG-1	Microglia
ADsum_NCF71_AGGCTAGCACCTACTT-1	Microglia
ADsum_NCF60_TTTCAGTTCCGTGACA-1	Microglia
ADsum_NCF71_GCAAGTCGTAATCGGC-1	Microglia
ADsum_NCF140_TCCCGGACAAGGGTTG-1	Microglia
ADsum_NCF71_GTATCGCCATCGTTCT-1	Microglia
ADsum_NCF71_TCCTTAGTCATGGTGT-1	Microglia
ADsum_NCF200_CGAACAAAGCTAAGTC-1	Microglia
ADsum_NCF95_TCATGCCTCTATCGCC-1	Microglia
ADsum_NCF71_GCTAACAGTAAGGTTT-1	Microglia
ADsum_NCF71_GACACTAGTTCCTGAT-1	Microglia
ADsum_NCF60_CACAGGGAGGCAGGTG-1	Microglia
ADsum_NCF221_AAGGTGCAGTCACCAG-1	Microglia
ADsum_NCF60_CATTATCTCAGCATTA-1	Microglia
ADsum_NCF71_CGGGACAAGACTTACA-1	Microglia
ADsum_NCF216_TCGGTTCTCGACCTGA-1	Microglia
ADsum_NCF71_AGTTTGATCTAAGGAG-1	Microglia
ADsum_NCF216_GGATTGCGTGGGTACT-1	Microglia
ADsum_NCF60_CAAGTGAAGTAGCGCC-1	Microglia
ADsum_NCF200_TTGGATATCCTTAGGG-1	Microglia
ADsum_NCF60_ACGTACCCACTTACAG-1	Microglia
ADsum_NCF71_GGTTATATCGTTAACA-1	Microglia
ADsum_NCF115_GGTTCCCGTTGAAGCC-1	Microglia
ADsum_NCF60_TAATCCGCACAGGAAT-1	Microglia
ADsum_NCF82_CTATGGCCACCTCACC-1	Microglia
ADsum_NCF71_ATCCTTAGTGAGCAAG-1	Microglia
ADsum_NCF140_TAGCCGGGTGATGGCT-1	Microglia
ADsum_NCF71_TGAGCAAAGGCTACTG-1	Microglia
ADsum_NCF60_CAATCCCTCCGGTATG-1	Microglia
ADsum_NCF71_TAAACAGCAATCTCTC-1	Microglia
ADsum_NCF60_GTTTAACCAGCAAGAT-1	Microglia
ADsum_NCF340_CCATAATCAATGAGGT-1	Microglia
ADsum_NCF200_CAAGTAACATTATGAC-1	Microglia
ADsum_NCF160_CCTAAGGTCACTAGGT-1	Microglia
ADsum_NCF60_CTTCATCCACCTACGG-1	Microglia
ADsum_NCF71_GCACGGTTCCTCAGTC-1	Microglia
ADsum_NCF160_TTGACATCAAAGCCTC-1	Microglia
ADsum_NCF64_CGGAGTCTCCTGATTT-1	Microglia
ADsum_NCF60_GAGTCAAAGAGGCTAA-1	Microglia
ADsum_NCF71_CAACAGGCATAAAGCA-1	Microglia
ADsum_NCF60_GGTACTTAGCTAGAAG-1	Microglia
ADsum_NCF140_GATGCAGCAAGCTAAA-1	Microglia
ADsum_NCF71_GAAAGCCAGAGGAGGA-1	Microglia
ADsum_NCF340_GCAAGCCTCTAGCTTT-1	Microglia
ADsum_NCF71_TGCACACCACCTCAGG-1	Microglia
ADsum_NCF140_TTGGCTGAGCTTAGTA-1	Microglia
ADsum_NCF82_CTTTGAGCACAAAGCG-1	Microglia
ADsum_NCF60_CGCACCACAGCCAGAA-1	Microglia
ADsum_NCF71_TAGACCAGTGAGAAAC-1	Microglia
ADsum_NCF221_GTTCTTAGTCATGAGC-1	Microglia
ADsum_NCF71_CACAGGCTCATTGACA-1	Microglia
ADsum_NCF200_GTAATAGCATCCCTCA-1	Microglia
ADsum_NCF115_GTAATAGCAAGCTTTG-1	Microglia
ADsum_NCF200_AGAGGATGTGCGCAAT-1	Microglia
ADsum_NCF224_TCCCGTTAGACAAACG-1	Microglia
ADsum_NCF71_CGATTGAGTCATAACG-1	Microglia
ADsum_NCF349_AACATAGCATTAGGTT-1	Microglia
ADsum_NCF71_GCTCGATCAAACAACA-1	Microglia
ADsum_NCF71_GAGTGATCACAATACT-1	Microglia
ADsum_NCF140_AAGACAAGTTAACGGC-1	Microglia
ADsum_NCF216_GACCTGATCTTCAATC-1	Microglia
ADsum_NCF71_TCTAACCGTTTATCTG-1	Microglia
ADsum_NCF221_TGCTTGTGTCGTTATC-1	Microglia
ADsum_NCF95_AGTAAACAGCGCTAAT-1	Microglia
ADsum_NCF349_TTTGACCGTGATGGCT-1	Microglia
ADsum_NCF71_ACAGGCTGTGCATTAG-1	Microglia
ADsum_NCF60_TAGTAACGTGTCCAGG-1	Microglia
ADsum_NCF71_AGATGAAGTTCGCTTG-1	Microglia
ADsum_NCF64_AACATAGCAGGAACTG-1	Microglia
ADsum_NCF340_AAGCTTGGTTGCGGAT-1	Microglia
ADsum_NCF71_TGGCTTTGTTAGCCAA-1	Microglia
ADsum_NCF60_GCAAGTCGTGAGGTAG-1	Microglia
ADsum_NCF340_CTCTAGCTCGGTTTCC-1	Microglia
ADsum_NCF60_TGGACGGAGCCGCAAC-1	Microglia
ADsum_NCF200_GGGTCAACACCAGGTT-1	Microglia
ADsum_NCF216_GGTGCTTCAATAGCAA-1	Microglia
ADsum_NCF71_TACTAAGTCAAGCCTG-1	Microglia
ADsum_NCF200_TTGTGTGCAACTCGCG-1	Microglia
ADsum_NCF60_CGAATCTAGCGGATTT-1	Microglia
ADsum_NCF221_TCAATCGCAAGCTACC-1	Microglia
ADsum_NCF216_GTGCCTTTCATCAGTA-1	Microglia
ADsum_NCF95_GACTATTCAGGCATGA-1	Microglia
ADsum_NCF200_CGTGGTTCAGTCTATG-1	Microglia
ADsum_NCF60_GTGAATCTCCAGGTTG-1	Microglia
ADsum_NCF71_AGTAACGAGTTAGTGC-1	Microglia
ADsum_NCF140_ATGGCTGTCTTGACCC-1	Microglia
ADsum_NCF71_TGGCTATAGCTCATAA-1	Microglia
ADsum_NCF340_CAAACTGGTTTGACCT-1	Microglia
ADsum_NCF200_GAAGCCTGTTTAACCC-1	Microglia
ADsum_NCF216_GCTCCTTAGCTAGAAG-1	Microglia
ADsum_NCF71_TGGCCATCAATATGGA-1	Microglia
ADsum_NCF60_GGCCTAATCCTAACGG-1	Microglia
ADsum_NCF60_GGTTATATCCTGATGG-1	Microglia
ADsum_NCF140_GTTACGCCACAACAAA-1	Microglia
ADsum_NCF71_CTATTACTCGTTACAA-1	Microglia
ADsum_NCF71_TAGGTTGGTGTGAGGA-1	Microglia
ADsum_NCF82_AAAGCGGGTATTGGAT-1	Microglia
ADsum_NCF216_CCTTTAGTCATGGCTG-1	Microglia
ADsum_NCF71_TGCTTGCTCATCCTCA-1	Microglia
ADsum_NCF200_TTGGCTACACGTGCTG-1	Microglia
ADsum_NCF200_AGTAGCTTCACGTTAA-1	Microglia
ADsum_NCF60_TATTTGCTCAAACCTA-1	Microglia
ADsum_NCF71_TTCGGTACAACGTGCT-1	Microglia
ADsum_NCF140_GGACAGCCAGGAATCG-1	Microglia
ADsum_NCF60_ATAGCATGTTGGCCGA-1	Microglia
ADsum_NCF71_TAACCGGTCAATAGCC-1	Microglia
ADsum_NCF221_CTAGTCGAGCTAAAGG-1	Microglia
ADsum_NCF115_AATTTCCTCAATCTCT-1	Microglia
ADsum_NCF60_AAGGCCCTCAATGTGC-1	Microglia
ADsum_NCF60_CGTATTGCACCCACCT-1	Microglia
ADsum_NCF95_GCGTAACGTTGACTTC-1	Microglia
ADsum_NCF95_AGCTACTAGCATCCAG-1	Microglia
ADsum_NCF340_TATTAGGTCGTGCCTT-1	Microglia
ADsum_NCF60_TTGTCCCAGCAGGCCT-1	Microglia
ADsum_NCF71_ACCCAGGGTTCCTGTG-1	Microglia
ADsum_NCF221_TTGCAATCACAAAGCG-1	Microglia
ADsum_NCF60_GGATGTAAGCGTGCGT-1	Microglia
ADsum_NCF115_CCGCCAACATCACTTC-1	Microglia
ADsum_NCF221_GCCTTACTCATCACTT-1	Microglia
ADsum_NCF200_TTAAGTGTCCCTGACT-1	Microglia
ADsum_NCF95_CTCACAACAGCTTAAT-1	Microglia
ADsum_NCF95_CTAATAGTCATGCGTG-1	Microglia
ADsum_NCF71_CTACGAAGTAACGGGA-1	Microglia
ADsum_NCF71_TAATCCGCAAGCCACT-1	Microglia
ADsum_NCF71_TACATCAAGGATCCGC-1	Microglia
ADsum_NCF94_TTGCGAGTCAATCATG-1	Microglia
ADsum_NCF60_CTCATGACATAAAGCA-1	Microglia
ADsum_NCF71_TAGGTTGGTAGCCTCC-1	Microglia
ADsum_NCF60_ACGCACGGTGACATGC-1	Microglia
ADsum_NCF160_AGGCTAAAGCTTAGCG-1	Microglia
ADsum_NCF115_TGGCCTGCACAGACTC-1	Microglia
ADsum_NCF115_GTGAACAAGCCTAATA-1	Microglia
ADsum_NCF71_GTTACGCCAAAGCTCC-1	Microglia
ADsum_NCF71_AAACCGAAGCAAGATG-1	Microglia
ADsum_NCF64_GCCTGCTGTTGGTTAG-1	Microglia
ADsum_NCF82_TGGATTCAGACCATAC-1	Microglia
ADsum_NCF160_GATTAGCTCATGACCG-1	Microglia
ADsum_NCF216_GATGGCTGTTGTTGGA-1	Microglia
ADsum_NCF140_CGGAGCAAGTAAGAAC-1	Microglia
ADsum_NCF82_GTCTTTAGTATTGAGT-1	Microglia
ADsum_NCF221_CCAAGTTAGGTTAGCT-1	Microglia
ADsum_NCF82_ACAACAACAGGACCAA-1	Microglia
ADsum_NCF140_CGATTATCAATAATCC-1	Microglia
ADsum_NCF221_CGAAGCGAGCTCGCTT-1	Microglia
ADsum_NCF71_TACTCGCTCAAACCGT-1	Microglia
ADsum_NCF60_ACCTAAATCGGCCAGT-1	Microglia
ADsum_NCF216_TGTGCACCAAGCTTTG-1	Microglia
ADsum_NCF71_ATGATGGAGGCAACAA-1	Microglia
ADsum_NCF60_CTCGACAAGTTTAACG-1	Microglia
ADsum_NCF60_GAGGCAAGTTTAAAGC-1	Microglia
ADsum_NCF140_CAACCCGCAAGGATTA-1	Microglia
ADsum_NCF224_TACTTCGTCATCCTAT-1	Microglia
ADsum_NCF349_ATTTGCGCAATTAACC-1	Microglia
ADsum_NCF60_CATTATGAGTTAACCA-1	Microglia
ADsum_NCF140_TCAGGTCCAAATACCT-1	Microglia
ADsum_NCF200_CTAAGGTTCTCTAGCC-1	Microglia
ADsum_NCF221_GGGTTTGTCAGCACGC-1	Microglia
ADsum_NCF60_ATCGCTTGTTTGGGCG-1	Microglia
ADsum_NCF60_AATTTGCCACCACAAC-1	Microglia
ADsum_NCF161_GTCATTAAGGGATGAC-1	Microglia
ADsum_NCF71_GCAATAGAGCAAGGTA-1	Microglia
ADsum_NCF95_AAACGGATCTAGCGAT-1	Microglia
ADsum_NCF71_GCAACAGCAACGTGCT-1	Microglia
ADsum_NCF200_TTTCCACCAATTGAGA-1	Microglia
ADsum_NCF216_TTCAACCGTCGCGCAA-1	Microglia
ADsum_NCF221_GTTTAGCAGCAACATC-1	Microglia
ADsum_NCF71_GTTCTCATCGCTATGG-1	Microglia
ADsum_NCF349_GTTACGTAGTATTGGC-1	Microglia
ADsum_NCF221_CTTGCTCAGTAAACCC-1	Microglia
ADsum_NCF160_AGTAGGATCTGGCATG-1	Microglia
ADsum_NCF71_TCATTGTTCCTAGTCC-1	Microglia
ADsum_NCF95_TTCAGCACATAGCTTG-1	Microglia
ADsum_NCF60_ATGTCATCAATCCTAG-1	Microglia
ADsum_NCF161_TTGGATTCACCCACAG-1	Microglia
ADsum_NCF64_GTGCATTAGCAAGATG-1	Microglia
ADsum_NCF71_CTGGCTAAGCTCCTTA-1	Microglia
ADsum_NCF216_GAGGTACAGCTATTGA-1	Microglia
ADsum_NCF71_GCCATTACACTTAGGC-1	Microglia
ADsum_NCF71_TCGGTAAGTGGGAACA-1	Microglia
ADsum_NCF221_GGCAGGATCTATCGCC-1	Microglia
ADsum_NCF115_GCAATCTAGCCGCAAC-1	Microglia
ADsum_NCF64_TTGGAGGCACGTAATT-1	Microglia
ADsum_NCF60_TAGGCTGTCGATATTG-1	Microglia
ADsum_NCF115_CGCAATCCATAATGAG-1	Microglia
ADsum_NCF216_TGATGAACATAGGCGA-1	Microglia
ADsum_NCF71_CAATGTGGTTACTTGC-1	Microglia
ADsum_NCF60_GGATGAATCCACCCTG-1	Microglia
ADsum_NCF160_TCAGGTTAGGCAACAA-1	Microglia
ADsum_NCF71_CGGTTATAGGTATTGC-1	Microglia
ADsum_NCF200_TCTAAGGGTACCTTAC-1	Microglia
ADsum_NCF71_ACGAAGTCAAACGGGC-1	Microglia
ADsum_NCF161_ACTAACGGTAGCTGGT-1	Microglia
ADsum_NCF221_AAGGTATAGCCTGTGA-1	Microglia
ADsum_NCF71_TAAGGCTTCCCGTTTA-1	Microglia
ADsum_NCF160_AGTTACTCAAGCTACC-1	Microglia
ADsum_NCF64_TGTGGCGGTGTTTGTC-1	Microglia
ADsum_NCF349_TTGTTTGGTGGAAGGC-1	Microglia
ADsum_NCF71_AAGCCTCCAGAGAGCC-1	Microglia
ADsum_NCF82_ATCACAATCCTCCCTC-1	Microglia
ADsum_NCF60_AGCAGGTAGGTCGAGG-1	Microglia
ADsum_NCF140_CAAAGCGCACCTGCCT-1	Microglia
ADsum_NCF340_TTGTTCCCACTTGTTC-1	Microglia
ADsum_NCF221_CCACATTGTTAGGACC-1	Microglia
ADsum_NCF160_GGCTCACAGTAACCAC-1	Microglia
ADsum_NCF64_TAAGCTGGTGCTCACC-1	Microglia
ADsum_NCF221_CTATTACTCTAAGTCA-1	Microglia
ADsum_NCF71_GCTATAGGTGAAGCCT-1	Microglia
ADsum_NCF340_TCACGGATCTTAGGGT-1	Microglia
ADsum_NCF64_TGAAGTGAGCTGTACG-1	Microglia
ADsum_NCF161_TGAGGTGCAATTTAGC-1	Microglia
ADsum_NCF224_AGCACAGCAATACTGT-1	Microglia
ADsum_NCF216_CTTCACTCAAGGTCGA-1	Microglia
ADsum_NCF161_ATGGCCCAGCGAGTAA-1	Microglia
ADsum_NCF64_TTATAGCCAGTAAAGC-1	Microglia
ADsum_NCF340_GGACCGAAGGCGCATC-1	Microglia
ADsum_NCF71_TTCTTAGGTTTGGTTC-1	Microglia
ADsum_NCF216_CCTCAATGTTTGCTGT-1	Microglia
ADsum_NCF71_GGGAGTAGTTAATCGG-1	Microglia
ADsum_NCF160_CTCACAACAACAGCCT-1	Microglia
ADsum_NCF216_GTCGGTTCACCTAATG-1	Microglia
ADsum_NCF161_TTTGGTGCATTGGGAG-1	Microglia
ADsum_NCF140_AAGTGTTGTGCAATAT-1	Microglia
ADsum_NCF71_AAGGATGTCCATAATG-1	Microglia
ADsum_NCF60_AGGTCTTAGTGTTGTA-1	Microglia
ADsum_NCF224_TACGCACCAGTCTATG-1	Microglia
ADsum_NCF71_GTGGATGCACCTCGCT-1	Microglia
ADsum_NCF216_GTTACGTAGGAAACTG-1	Microglia
ADsum_NCF82_CGGTGAGAGGCAGGTG-1	Microglia
ADsum_NCF71_CAAACAACAGTAGGAT-1	Microglia
ADsum_NCF64_CGGTTTCTCGGCTATG-1	Microglia
ADsum_NCF60_GCCCGTTGTTGTCCAT-1	Microglia
ADsum_NCF60_TAGGAGTCAAACTCAT-1	Microglia
ADsum_NCF160_CTTGTTCCATGAGCAG-1	Microglia
ADsum_NCF71_GCCAATTAGCTGGCTA-1	Microglia
ADsum_NCF95_TACGCTTGTCATGCAA-1	Microglia
ADsum_NCF115_ATTGTGATCATCCTGC-1	Microglia
ADsum_NCF71_TTGGTGAGTGCTAGCG-1	Microglia
ADsum_NCF200_CATAACGGTATTGGTG-1	Microglia
ADsum_NCF221_CTGTTCATCACAGGAA-1	Microglia
ADsum_NCF64_GACCTTTGTCCGTGAG-1	Microglia
ADsum_NCF140_TTGCATTTCTCAATAG-1	Microglia
ADsum_NCF200_TTGGAGGCAGCATTAT-1	Microglia
ADsum_NCF60_CAACAATGTTTCAGGA-1	Microglia
ADsum_NCF60_GCTGTGCAGCTATTAG-1	Microglia
ADsum_NCF71_CTATTACTCTTTAGGA-1	Microglia
ADsum_NCF161_GATTCCTGTAATCCCT-1	Microglia
ADsum_NCF60_TACATCAAGACTAAGG-1	Microglia
ADsum_NCF200_TCCAGCAAGTAAGTGG-1	Microglia
ADsum_NCF340_TGCTAGCCAGCCAGTT-1	Microglia
ADsum_NCF115_GTGCTTCTCCTTGCAC-1	Microglia
ADsum_NCF160_AGAGATTAGCTCCCTG-1	Microglia
ADsum_NCF221_CACCGGTAGCAACATC-1	Microglia
ADsum_NCF160_CGAAGGCCAACCTGGT-1	Microglia
ADsum_NCF82_GCCTAATAGCCTGTGA-1	Microglia
ADsum_NCF60_GCTAACCCATTAAGCT-1	Microglia
ADsum_NCF216_GGTTGCGGTTAACGGC-1	Microglia
ADsum_NCF161_TAGGTTATCAATCATG-1	Microglia
ADsum_NCF71_TCAACAATCAAGCTAC-1	Microglia
ADsum_NCF340_CCTTTAGTCTAGCGAT-1	Microglia
ADsum_NCF340_GATCAGTTCGGTAACT-1	Microglia
ADsum_NCF71_TTCGGTACATTCAGCA-1	Microglia
ADsum_NCF60_GTTTGTCGTAACCAGC-1	Microglia
ADsum_NCF60_CTGCAATAGGCTTAAC-1	Microglia
ADsum_NCF216_GCAGCTATCACCTGCT-1	Microglia
ADsum_NCF115_TATATCCTCCTCCATA-1	Microglia
ADsum_NCF71_CTTTAGTTCCCTTGCG-1	Microglia
ADsum_NCF115_GATTCAGGTTAAATGC-1	Microglia
ADsum_NCF340_TAGGAGGGTGCAATGC-1	Microglia
ADsum_NCF221_GTGCAAGCACTTGTTC-1	Microglia
ADsum_NCF60_ATGTTCAAGGCGCTTA-1	Microglia
ADsum_NCF60_CTCAGGATCACCATTT-1	Microglia
ADsum_NCF340_CTTAATGAGATGCCTG-1	Microglia
ADsum_NCF216_TGATGAACAAAGCCTC-1	Microglia
ADsum_NCF71_GAAACCCGTAATGGCC-1	Microglia
ADsum_NCF115_GGTTTCCTCTGTTCAT-1	Microglia
ADsum_NCF82_GGAAGTATCGAGGAGT-1	Microglia
ADsum_NCF71_ATCGCCCGTTTATCTG-1	Microglia
ADsum_NCF140_ATCAATCCAACCCTAA-1	Microglia
ADsum_NCF71_CGTAACCCAGGGAGGA-1	Microglia
ADsum_NCF71_CGTAGTTAGCGATACT-1	Microglia
ADsum_NCF60_GTACTTCGTGATGAGG-1	Microglia
ADsum_NCF115_AAGCTAGAGCTTATGA-1	Microglia
ADsum_NCF60_CTCATTTAGAGAAGGG-1	Microglia
ADsum_NCF60_GCATATATCTAAATCG-1	Microglia
ADsum_NCF60_AGTCGCATCGGGACTC-1	Microglia
ADsum_NCF71_CCGCTAAAGCTTACTT-1	Microglia
ADsum_NCF60_GCAGCTATCAAACCGT-1	Microglia
ADsum_NCF60_GCTGGTTCACTCGCTC-1	Microglia
ADsum_NCF60_TTAGAAGCAAACTAAG-1	Microglia
ADsum_NCF161_AGTTGTCAGTTTGGTA-1	Microglia
ADsum_NCF224_GTGGTTAGTGTTTGTC-1	Microglia
ADsum_NCF71_TGGCCTGCACGAACAG-1	Microglia
ADsum_NCF64_CCCTGGACAGCAAGTG-1	Microglia
ADsum_NCF160_TAGTAACGTGGTTAGC-1	Microglia
ADsum_NCF140_TAATGGTGTATTGTGG-1	Microglia
ADsum_NCF71_GAACCTTAGAATCGCT-1	Microglia
ADsum_NCF60_TAGTGAGAGTGGCGGA-1	Microglia
ADsum_NCF200_AGTTGCAGTACTGAAT-1	Microglia
ADsum_NCF216_GAGTTGCGTGTTTGAG-1	Microglia
ADsum_NCF221_TTTGTGTTCCGGTATG-1	Microglia
ADsum_NCF60_CAATCCCTCTTGATGA-1	Microglia
ADsum_NCF71_ATTTGTGAGAATCGCT-1	Microglia
ADsum_NCF71_CAGGACCTCAGGTTTA-1	Microglia
ADsum_NCF71_ATGGCTGTCACAGCCA-1	Microglia
ADsum_NCF60_ATTTAGCCAGGACCAA-1	Microglia
ADsum_NCF60_CCTGCTCCACTAGCGT-1	Microglia
ADsum_NCF60_CATATCGCAGTAGGAT-1	Microglia
ADsum_NCF340_CTTACCTCAACATAAG-1	Microglia
ADsum_NCF200_ATGAATGCAGTTTACG-1	Microglia
ADsum_NCF340_CTTGACGAGCTGCACA-1	Microglia
ADsum_NCF160_CGAGGTGAGGGCCACT-1	Microglia
ADsum_NCF82_TGCGCAGGTACCTTAC-1	Microglia
ADsum_NCF71_CGCACACAGTCAATTG-1	Microglia
ADsum_NCF221_GTTACGCCAATTATGC-1	Microglia
ADsum_NCF71_GAGCGATAGGCTTAAC-1	Microglia
ADsum_NCF71_AATGAAGGTGCTTAGA-1	Microglia
ADsum_NCF71_GTCTTTAGTAGGTGTC-1	Microglia
ADsum_NCF224_CCCGTAAAGCTATATG-1	Microglia
ADsum_NCF340_GATGCGACACCTCGCT-1	Microglia
ADsum_NCF95_AATTTCCTCACCGGTA-1	Microglia
ADsum_NCF340_AGTAATCGTCTCACTG-1	Microglia
ADsum_NCF216_TGGTAAACATGCTCCC-1	Microglia
ADsum_NCF71_TCGCGCACAACTAGCC-1	Microglia
ADsum_NCF64_GTCATCACAGGCCATT-1	Microglia
ADsum_NCF140_CCAATATCAGAAACGT-1	Microglia
ADsum_NCF60_ACCTTCATCCTGGTGA-1	Microglia
ADsum_NCF60_AGACCCGGTGAATCGC-1	Microglia
ADsum_NCF71_AGGATTGAGAGGGACT-1	Microglia
ADsum_NCF140_GATTGCAGTCATAACG-1	Microglia
ADsum_NCF60_TGTGGCGGTTAACGGC-1	Microglia
ADsum_NCF216_TTGTGTGCACCCTCAC-1	Microglia
ADsum_NCF140_GATCGATTCGCAACAT-1	Microglia
ADsum_NCF224_CGGGCTTAGGATTGAG-1	Microglia
ADsum_NCF71_TCATGTTTCGGTACGC-1	Microglia
ADsum_NCF216_GCAAACCGTTGTTGGA-1	Microglia
ADsum_NCF161_CGAGTCGGTAACGAGG-1	Microglia
ADsum_NCF349_AGCTACGTCATGTGGT-1	Microglia
ADsum_NCF71_CCTTAGTGTCCGCTGT-1	Microglia
ADsum_NCF71_CTTGCTCAGCTCATAA-1	Microglia
ADsum_NCF71_GGTCCATCACCTAAGC-1	Microglia
ADsum_NCF161_GTTCATTTCCTGAGTG-1	Microglia
ADsum_NCF140_TGAGTTTCACATGCTA-1	Microglia
ADsum_NCF221_GTCTTTGTCCTAAGGT-1	Microglia
ADsum_NCF349_GGAACCTGTTACTTGC-1	Microglia
ADsum_NCF60_AGTAGCTTCAATTGGC-1	Microglia
ADsum_NCF200_GTGTCCAAGGTCCTAG-1	Microglia
ADsum_NCF64_GACTTACAGCACTTGG-1	Microglia
ADsum_NCF71_TGCAATATCGGTAACT-1	Microglia
ADsum_NCF71_GTATTGCAGGAATAAC-1	Microglia
ADsum_NCF349_ACTAAAGCAAACGGGC-1	Microglia
ADsum_NCF349_AACATAGCATCCGTAA-1	Microglia
ADsum_NCF60_CCATTGTGTCCACAAA-1	Microglia
ADsum_NCF340_TACGCACCACAGAAAC-1	Microglia
ADsum_NCF82_TTTGTGAAGGCCCAGT-1	Microglia
ADsum_NCF160_ACTATGTCAATTGACT-1	Microglia
ADsum_NCF60_AACTAGCTCTGTGCCT-1	Microglia
ADsum_NCF82_ATTGAAGCAAGCCAGA-1	Microglia
ADsum_NCF82_GTTTCAGCAGGAATCG-1	Microglia
ADsum_NCF71_GCTCATTGTGCGCATG-1	Microglia
ADsum_NCF71_TTAGGATGTTCACTGT-1	Microglia
ADsum_NCF115_AATTGCCAGCGGATAA-1	Microglia
ADsum_NCF71_TATATCCTCATGCTTT-1	Microglia
ADsum_NCF94_ATCCGTGAGTCGCAAT-1	Microglia
ADsum_NCF221_AGTCAATGTTTGGGTA-1	Microglia
ADsum_NCF216_GTCTAACAGTTAGTTG-1	Microglia
ADsum_NCF64_CAATGAACAGGCGATA-1	Microglia
ADsum_NCF95_GGTTGCGGTATTTGCC-1	Microglia
ADsum_NCF71_TGGTGCATCTTAGTGA-1	Microglia
ADsum_NCF224_TGGAACAAGCTAATCA-1	Microglia
ADsum_NCF71_AAGAACAGTGAAACAA-1	Microglia
ADsum_NCF71_TCTAGCGAGCAAGGAC-1	Microglia
ADsum_NCF71_CATAACGGTTGTAACG-1	Microglia
ADsum_NCF60_CGCACAATCATTTGCT-1	Microglia
ADsum_NCF340_TAAGGCTTCTCACTAT-1	Microglia
ADsum_NCF340_GACGCAACAAACGGGC-1	Microglia
ADsum_NCF60_CGATTATCAACTGGGA-1	Microglia
ADsum_NCF71_CGTGGTTCATAGACTT-1	Microglia
ADsum_NCF340_TTGGCTACACCTAATG-1	Microglia
ADsum_NCF71_TGTAACTCAGTAAGTA-1	Microglia
ADsum_NCF140_TGAAGTGAGCTCCTTA-1	Microglia
ADsum_NCF71_ACTTAGGGTTTATGGG-1	Microglia
ADsum_NCF71_CTATGGCCAAGGTAAC-1	Microglia
ADsum_NCF340_CCTATAGCAAGTAAGC-1	Microglia
ADsum_NCF60_AGATGCTTCGGCCAGT-1	Microglia
ADsum_NCF60_CAAAGGATCAGTATTG-1	Microglia
ADsum_NCF71_CTAAGGTTCGTCCTTA-1	Microglia
ADsum_NCF60_GCTAACCCAGCCAGAA-1	Microglia
ADsum_NCF60_ATGTGAGAGTTAGCCG-1	Microglia
ADsum_NCF60_ATCGAGGCATAGCGAG-1	Microglia
ADsum_NCF71_TGGAACAAGCTCATAA-1	Microglia
ADsum_NCF160_AACCTCACATGTTTGG-1	Microglia
ADsum_NCF340_GCTGTACCAACCTAAT-1	Microglia
ADsum_NCF115_CAAACTGGTTTACGTC-1	Microglia
ADsum_NCF60_CATCATGCACGTTACA-1	Microglia
ADsum_NCF161_GATTGGTTCGATAACC-1	Microglia
ADsum_NCF160_GGTACAAAGGAGGCAT-1	Microglia
ADsum_NCF216_GATTTGCAGAAAGCAT-1	Microglia
ADsum_NCF221_AAATCCGGTTTAGTCC-1	Microglia
ADsum_NCF200_CATGCGGGTAAGCTCA-1	Microglia
ADsum_NCF349_ACACTTAAGTGGCGGA-1	Microglia
ADsum_NCF160_TCAAGTATCAAGCTTA-1	Microglia
ADsum_NCF71_CTACTTAGTGATGATT-1	Microglia
ADsum_NCF71_AACTCACAGGTTTGCG-1	Microglia
ADsum_NCF221_CCTGAATAGGCAGGTG-1	Microglia
ADsum_NCF71_AAGACATAGTTTGAGC-1	Microglia
ADsum_NCF160_GCTCACAAGCGGGCAA-1	Microglia
ADsum_NCF60_TGATCCTGTGCATTAG-1	Microglia
ADsum_NCF161_GGTATTTCACAATTAC-1	Microglia
ADsum_NCF60_TTTCGTCCATAGCTGC-1	Microglia
ADsum_NCF221_TGCATGAGTCCAAGAC-1	Microglia
ADsum_NCF160_TCCATAAAGCTGAGGG-1	Microglia
ADsum_NCF200_ATGGCCGGTTAAGTGT-1	Microglia
ADsum_NCF140_GCCTGTGCATAGGCGA-1	Microglia
ADsum_NCF216_ACTCACCTCTAAGGTC-1	Microglia
ADsum_NCF60_TGGTTGAGTGTTAGCA-1	Microglia
ADsum_NCF349_ACCTTCATCGTTAACA-1	Microglia
ADsum_NCF140_CCGTTATGTGGAGCAA-1	Microglia
ADsum_NCF95_CGGAATCGTTTAACCC-1	Microglia
ADsum_NCF216_CAATCTAAGCTATATG-1	Microglia
ADsum_NCF216_CCAGCTAAGCCATCAG-1	Microglia
ADsum_NCF60_GAAACTGAGACACCGC-1	Microglia
ADsum_NCF160_GTTCTTAGTCAATACG-1	Microglia
ADsum_NCF60_GATTCGCCAGGCCAAA-1	Microglia
ADsum_NCF221_GACGCCTAGTGTTGTA-1	Microglia
ADsum_NCF71_TCATTACTCAGGTCCA-1	Microglia
ADsum_NCF161_CTGTAACAGACTAAGG-1	Microglia
ADsum_NCF200_GTATGTTCACCTGTAA-1	Microglia
ADsum_NCF71_ACTATGTCAGGAACTG-1	Microglia
ADsum_NCF71_AGTCAAGAGGAAGCTA-1	Microglia
ADsum_NCF71_CCATAGCCAGCAAGTG-1	Microglia
ADsum_NCF340_GCCAGGTTCCTGTTCA-1	Microglia
ADsum_NCF71_TTCAACCGTCCCGGAA-1	Microglia
ADsum_NCF340_GATTCAGGTTAGCCAA-1	Microglia
ADsum_NCF71_TACCGAAGTTGGTTCT-1	Microglia
ADsum_NCF60_CATCGCTTCCTGATGG-1	Microglia
ADsum_NCF94_GATAATCGTATTCGCT-1	Microglia
ADsum_NCF71_TACCTTTAGTCTGGGC-1	Microglia
ADsum_NCF60_ATTTGCAAGTTGCCTC-1	Microglia
ADsum_NCF115_ATGTCAATCAGGAACA-1	Microglia
ADsum_NCF115_TTGCTTTAGTAAGAAC-1	Microglia
ADsum_NCF60_GAACCTTAGACTTATG-1	Microglia
ADsum_NCF60_CCCAGCACAGCAAGTG-1	Microglia
ADsum_NCF60_GTTCGCTTCCGCCAAA-1	Microglia
ADsum_NCF221_GTTGCCCGTTCATTTG-1	Microglia
ADsum_NCF200_AGGAGCTAGTTGGATC-1	Microglia
ADsum_NCF60_GACTAATGTAGCTAAT-1	Microglia
ADsum_NCF340_CGTTTCTCAGGAAGCC-1	Microglia
ADsum_NCF95_AGACCCGGTGATGATT-1	Microglia
ADsum_NCF115_AACTGTTCAATAATCC-1	Microglia
ADsum_NCF140_ATCCATAAGCGAGCGA-1	Microglia
ADsum_NCF94_CTGTAACAGCTTGCTC-1	Microglia
ADsum_NCF115_TCAACAATCAGCACGC-1	Microglia
ADsum_NCF82_TCCCTGGTCTAGCGTG-1	Microglia
ADsum_NCF71_GCTTTATTCCAGGTTG-1	Microglia
ADsum_NCF216_GCATGAGCATAGCGGA-1	Microglia
ADsum_NCF60_TATGACTCAGCGCTTG-1	Microglia
ADsum_NCF60_AGAAAGGCACGGTTTA-1	Microglia
ADsum_NCF140_ATCCTCATCTCCATAT-1	Microglia
ADsum_NCF140_GGTTTCTGTTACAACG-1	Microglia
ADsum_NCF60_ACATCAATCCGCAAGC-1	Microglia
ADsum_NCF82_TATTTGCTCCTGTTCA-1	Microglia
ADsum_NCF161_TACGCTTGTTACAACG-1	Microglia
ADsum_NCF60_CAGCTATAGACAGGTA-1	Microglia
ADsum_NCF115_GCATTAGGTTTGAGGC-1	Microglia
ADsum_NCF349_AGGTTTGGTGTTAAAC-1	Microglia
ADsum_NCF140_AGTCCTTGTACCGGAT-1	Microglia
ADsum_NCF140_AGCTAAACATTGTGAT-1	Microglia
ADsum_NCF200_GTCATGCCAATTGAAG-1	Microglia
ADsum_NCF115_TATCCGGAGGACTAAG-1	Microglia
ADsum_NCF60_GCTTGTTGTCCGGTTC-1	Microglia
ADsum_NCF60_AGCTTCCTCGCATTAA-1	Microglia
ADsum_NCF60_CTTATTGGTTACGCAA-1	Microglia
ADsum_NCF60_GCCTTAACAGGTTTGC-1	Microglia
ADsum_NCF200_GTAGCTGTCTTTGTAC-1	Microglia
ADsum_NCF71_GGAAGTATCTTGATGA-1	Microglia
ADsum_NCF340_ACCTTGCTCGGTCATG-1	Microglia
ADsum_NCF64_CCTCCTCTCCCGTTGT-1	Microglia
ADsum_NCF340_CTTAATGAGCTTTGTT-1	Microglia
ADsum_NCF349_TCCATGCTCCTTGTTG-1	Microglia
ADsum_NCF216_GCCTCGACAAACTGTT-1	Microglia
ADsum_NCF60_TGACTTCGTTTAGTCC-1	Microglia
ADsum_NCF216_ATGTCAATCATCCTAT-1	Microglia
ADsum_NCF60_GCGCAATGTTTGACCT-1	Microglia
ADsum_NCF160_GGTCCTGCATAGCTTG-1	Microglia
ADsum_NCF71_CGCCAAATCTAAATCG-1	Microglia
ADsum_NCF60_GCGCAATGTGAAGCCT-1	Microglia
ADsum_NCF71_TCCTCTAAGCTGAGGG-1	Microglia
ADsum_NCF71_ATCGCTTGTTCCGGGA-1	Microglia
ADsum_NCF60_GCAGGCAAGGGATGCG-1	Microglia
ADsum_NCF71_CGGACCTAGAGAGCCG-1	Microglia
ADsum_NCF349_ACCTAAGGTCCTAATC-1	Microglia
ADsum_NCF71_CGTGGTTCATTATGAC-1	Microglia
ADsum_NCF71_TTGGGTTAGTGAGGTA-1	Microglia
ADsum_NCF140_CTAGTAGGTTGCACGG-1	Microglia
ADsum_NCF60_AAAGCGGGTCCCGAAG-1	Microglia
ADsum_NCF82_TCATGCCTCAAGCCTG-1	Microglia
ADsum_NCF71_GGCCTTAAGTTTGCGG-1	Microglia
ADsum_NCF64_TGTGCGCAGGAACGCG-1	Microglia
ADsum_NCF64_GTTGCGGGTTTATCTG-1	Microglia
ADsum_NCF71_AATCCGTAGTAAGTGG-1	Microglia
ADsum_NCF71_TAGTAGGAGGAGCACG-1	Microglia
ADsum_NCF71_AAGCTATGTCAAGACC-1	Microglia
ADsum_NCF71_CATTATGAGGCATGTT-1	Microglia
ADsum_NCF64_GATTACTCAAACCTTG-1	Microglia
ADsum_NCF60_TTAACCAAGGCAACAA-1	Microglia
ADsum_NCF115_CTTAGTTTCACAGCCA-1	Microglia
ADsum_NCF340_AAGCGGGTCCTAATAG-1	Microglia
ADsum_NCF340_CTTAATGAGCTATATG-1	Microglia
ADsum_NCF71_ATTACGTCACATACTG-1	Microglia
ADsum_NCF60_AACAAGCCAGTTATCG-1	Microglia
ADsum_NCF60_GCTTGTTGTCTTTATG-1	Microglia
ADsum_NCF71_TATTACCTCGATATTG-1	Microglia
ADsum_NCF115_ATCTATGAGAATCGCT-1	Microglia
ADsum_NCF140_CAGGCTATCGCTCCAT-1	Microglia
ADsum_NCF71_CTTGTCCAGTTACCGG-1	Microglia
ADsum_NCF60_GACCTGCAGTCCTTCA-1	Microglia
ADsum_NCF60_GTAGGCGAGATAGACG-1	Microglia
ADsum_NCF64_ATGACGAAGGAGCATA-1	Microglia
ADsum_NCF64_TCAGGTTAGGTCGATT-1	Microglia
ADsum_NCF216_TTACCGTGTTTGCAGA-1	Microglia
ADsum_NCF71_TAAGCCTAGCAGCTAT-1	Microglia
ADsum_NCF60_CTGGCTAAGGACCGCT-1	Microglia
ADsum_NCF95_TCCGGTTTCGCTAGAT-1	Microglia
ADsum_NCF82_TAGCTTGCAGGCTTCG-1	Microglia
ADsum_NCF216_CTTACTAGTTGTCATC-1	Microglia
ADsum_NCF71_ATTTGTGAGCAAGATG-1	Microglia
ADsum_NCF95_CTAGCTTGTACTGAAT-1	Microglia
ADsum_NCF60_ACACTAGGTAATCACG-1	Microglia
ADsum_NCF200_TGTTGTGCAGCAACCT-1	Microglia
ADsum_NCF71_AGAACCAAGGCATGAA-1	Microglia
ADsum_NCF340_GCTCAACCACTGACTA-1	Microglia
ADsum_NCF200_CTTTGAGCATGTTTGG-1	Microglia
ADsum_NCF216_GACCGTTCAGCTCATA-1	Microglia
ADsum_NCF115_AGAGGAACACTTAACG-1	Microglia
ADsum_NCF216_ACGCAAGCAAGCCACT-1	Microglia
ADsum_NCF340_CAAGGTTTCAATACGC-1	Microglia
ADsum_NCF115_AGCTGCTCATGGCCTG-1	Microglia
ADsum_NCF71_TAGCATATCATTGTCT-1	Microglia
ADsum_NCF64_GGTACTAGTGAACAAA-1	Microglia
ADsum_NCF160_TTGACATCAAGCTTTG-1	Microglia
ADsum_NCF115_TTAAGGACAACTAGCC-1	Microglia
ADsum_NCF64_CCCAGCACAAACAACA-1	Microglia
ADsum_NCF60_GATTGTTCAATGAGGT-1	Microglia
ADsum_NCF60_GTCCAGGGTGGAGCAA-1	Microglia
ADsum_NCF71_GTTGCATAGCAAGGAC-1	Microglia
ADsum_NCF200_AGCTTTAAGCACAGAA-1	Microglia
ADsum_NCF200_ACTATGTCAGTATGTT-1	Microglia
ADsum_NCF64_GATTATGTCCTAAGTA-1	Microglia
ADsum_NCF140_CAACCCGCACGTTACA-1	Microglia
ADsum_NCF71_GATAATCGTTGCGTAA-1	Microglia
ADsum_NCF349_AAGCGCTGTTTGACCT-1	Microglia
ADsum_NCF224_TTTGTCCCACAGAACG-1	Microglia
ADsum_NCF64_ACTTACTTCGTGCTTC-1	Microglia
ADsum_NCF340_GCGCTTGCATTGTGGC-1	Microglia
ADsum_NCF60_TTTGTCTAGTAGCGGG-1	Microglia
ADsum_NCF64_GTGGATGCACGTAAGG-1	Microglia
ADsum_NCF71_CCCTAATGTTGGGTTA-1	Microglia
ADsum_NCF349_TCTCAAGCAAACCTAT-1	Microglia
ADsum_NCF60_CCAGGAACAGTAGGTG-1	Microglia
ADsum_NCF82_ACCACATAGCTGTCAG-1	Microglia
ADsum_NCF71_ACCCGTAAGTGAGCGG-1	Microglia
ADsum_NCF216_ACCACATAGGTCATTA-1	Microglia
ADsum_NCF60_GGTTGCATCTCACATT-1	Microglia
ADsum_NCF60_GATCGCTCATAAGTTC-1	Microglia
ADsum_NCF221_CCTGGATCACAGGATG-1	Microglia
ADsum_NCF71_CCATCATGTGTTGCTT-1	Microglia
ADsum_NCF349_GCCATGATCTCTAGCC-1	Microglia
ADsum_NCF60_TTAGTCAAGTAGCTTA-1	Microglia
ADsum_NCF216_ACTAACTCAATAGCCC-1	Microglia
ADsum_NCF94_TTATTGCTCCTGGTCT-1	Microglia
ADsum_NCF60_TTGTGAGGTAGCAGCT-1	Microglia
ADsum_NCF340_CCTGCTCCATCGCTCC-1	Microglia
ADsum_NCF71_CTCATTAGTGCTGGTG-1	Microglia
ADsum_NCF115_GCCTCGACAATTGCGC-1	Microglia
ADsum_NCF71_AGGTTAACAGCAAGAT-1	Microglia
ADsum_NCF221_CTAGTAATCACTAAGC-1	Microglia
ADsum_NCF64_GCCTGTGCAGCTAATT-1	Microglia
ADsum_NCF71_TGCGGTTCAGTACCGT-1	Microglia
ADsum_NCF200_GCACCTAAGGATCACT-1	Microglia
ADsum_NCF200_TATGTGATCCTTAAGA-1	Microglia
ADsum_NCF216_TACAACATCCGTAAAC-1	Microglia
ADsum_NCF60_TTACCTGTCGGTTTCC-1	Microglia
ADsum_NCF94_AGTCGCATCGGGATTT-1	Microglia
ADsum_NCF200_GGCTTAAGTTGGGTTA-1	Microglia
ADsum_NCF60_GGAGTGAGTTGACTTC-1	Microglia
ADsum_NCF115_ATCCATAAGGGTGAAC-1	Microglia
ADsum_NCF60_GTTACAGGTCTTGCAT-1	Microglia
ADsum_NCF115_AGTGCCGGTTGCAATG-1	Microglia
ADsum_NCF60_ATGGCTGTCCTCGATC-1	Microglia
ADsum_NCF64_ACTTGAATCCTTGCAC-1	Microglia
ADsum_NCF71_CCACTTGGTCTTTGAC-1	Microglia
ADsum_NCF60_CGCTGTGCAATATACC-1	Microglia
ADsum_NCF71_GACATTATCGGTTCCT-1	Microglia
ADsum_NCF71_TGTTACTTCAGCACGC-1	Microglia
ADsum_NCF60_GTCCAAGTCCTTGTTG-1	Microglia
ADsum_NCF60_TAGGAGGGTGACCTGG-1	Microglia
ADsum_NCF140_GTTCTTAGTTGCATCT-1	Microglia
ADsum_NCF82_AAGCCTCCACTTACAG-1	Microglia
ADsum_NCF340_GCAAACTTCAGCATTA-1	Microglia
ADsum_NCF160_TACAATGTCAATACGC-1	Microglia
ADsum_NCF71_CTCTAGCTCCGCAAAT-1	Microglia
ADsum_NCF71_TCTACCTCAATCCTAG-1	Microglia
ADsum_NCF216_ATTCACTTCCCTCACG-1	Microglia
ADsum_NCF94_ATGTTTGAGCATCCAG-1	Microglia
ADsum_NCF224_GTTTGTTTCAATGACC-1	Microglia
ADsum_NCF71_GATAACGAGCTTGCTC-1	Microglia
ADsum_NCF221_CCAGCTAAGCGATAGA-1	Microglia
ADsum_NCF224_TGCGCGAGTGTGCACG-1	Microglia
ADsum_NCF71_ATTGACTCACAAACTT-1	Microglia
ADsum_NCF115_GCTAGTGTCACGCGGT-1	Microglia
ADsum_NCF340_ACCTGGATCAAGTGAG-1	Microglia
ADsum_NCF340_TTGTTCCCAGTTATGT-1	Microglia
ADsum_NCF216_CAACTAGGTTCATTTG-1	Microglia
ADsum_NCF60_TCCTCACAGCAAACCT-1	Microglia
ADsum_NCF95_GAAACCCGTGGGTGAA-1	Microglia
ADsum_NCF71_CTGGCTAAGGCTGTGC-1	Microglia
ADsum_NCF94_CAGGGCTTCGCTTCTA-1	Microglia
ADsum_NCF340_GGACCGAAGTAACGAG-1	Microglia
ADsum_NCF71_GTCCTCCCAACTGGCT-1	Microglia
ADsum_NCF161_CCAGGATGTTTCCGGC-1	Microglia
ADsum_NCF95_CTCTAGCTCCTGGCTT-1	Microglia
ADsum_NCF60_CGTACGGGTAGCTAGC-1	Microglia
ADsum_NCF64_CGGTTCCGTACAATGT-1	Microglia
ADsum_NCF71_AGGGTTGCAACACTTG-1	Microglia
ADsum_NCF340_GTTCGCTTCTGTTCAT-1	Microglia
ADsum_NCF60_GGAGCGATCTGTAATG-1	Microglia
ADsum_NCF200_ACCAGCTCAGTAAGTA-1	Microglia
ADsum_NCF115_TAGTACGGTTACGCGG-1	Microglia
ADsum_NCF60_GGCTCACAGTCTATGA-1	Microglia
ADsum_NCF82_CCTAAATCATCCTAGA-1	Microglia
ADsum_NCF115_CCTATTTAGCAAGACA-1	Microglia
ADsum_NCF71_ATGGCCGGTTAGTGAT-1	Microglia
ADsum_NCF221_AAACCAACACTAAGCC-1	Microglia
ADsum_NCF115_GGTAACCGTTACTTCA-1	Microglia
ADsum_NCF224_AGCACAGCAGGTATTT-1	Microglia
ADsum_NCF140_ATGGCTTAGCAATAGG-1	Microglia
ADsum_NCF224_CTCATGCTCCTTCTAG-1	Microglia
ADsum_NCF160_GGCTGAGAGGCCTGGT-1	Microglia
ADsum_NCF71_AACAGATAGTTCCTGC-1	Microglia
ADsum_NCF60_TCTGGCTTCATGGTGT-1	Microglia
ADsum_NCF140_ACGTCAAGTTTACCGT-1	Microglia
ADsum_NCF95_TCACATAAGCCTGGTA-1	Microglia
ADsum_NCF216_TCAAGCTAGAAAGCAT-1	Microglia
ADsum_NCF140_ATGGCCCAGGACTAAG-1	Microglia
ADsum_NCF71_TTTGTCTAGCTGAGGG-1	Microglia
ADsum_NCF60_ATATGTCCAATCCTAG-1	Microglia
ADsum_NCF224_GTAAGCTTCACAGGAA-1	Microglia
ADsum_NCF221_CTACAACAGGAGGGTT-1	Microglia
ADsum_NCF71_TATCCGGAGGAAGCAC-1	Microglia
ADsum_NCF140_ATAATGGCACTTACAG-1	Microglia
ADsum_NCF160_AGGATTGAGCAAGGGT-1	Microglia
ADsum_NCF200_AAGAATCAGCTTTGTT-1	Microglia
ADsum_NCF200_GAAGTGATCCGCCTCA-1	Microglia
ADsum_NCF95_GCGCTTGCACCTCACC-1	Microglia
ADsum_NCF60_CGGAGTCTCAGGATGA-1	Microglia
ADsum_NCF200_GCCTCCATCAGCTAAC-1	Microglia
ADsum_NCF71_GCGATATTCCCGCCTA-1	Microglia
ADsum_NCF71_CGTATTGCATAACGGG-1	Microglia
ADsum_NCF340_TCGCCCATCAAGCGCC-1	Microglia
ADsum_NCF349_AAAGGAGCAACACTTG-1	Microglia
ADsum_NCF216_CCTGAGTCAATTAGGA-1	Microglia
ADsum_NCF221_AGTCAAGAGCCAGTAT-1	Microglia
ADsum_NCF221_GAGCGAAGTGCTCCGT-1	Microglia
ADsum_NCF60_AGACACGCAGCATTAT-1	Microglia
ADsum_NCF82_GGATGAATCCCTCGCA-1	Microglia
ADsum_NCF60_CACCTGTTCTAAGTCA-1	Microglia
ADsum_NCF340_TCTCACCAGGCGCATC-1	Microglia
ADsum_NCF340_CACAGGCTCTTGCATT-1	Microglia
ADsum_NCF60_TTAGTCAAGTGGCGGA-1	Microglia
ADsum_NCF200_ATGGCCCAGGACGTAA-1	Microglia
ADsum_NCF161_TCAGTAGGTGTCCTGC-1	Microglia
ADsum_NCF60_GGTTAGCGTGCTAGAC-1	Microglia
ADsum_NCF60_GTGCACGGTTTAGTCC-1	Microglia
ADsum_NCF224_GCGTGCTAGGATCACT-1	Microglia
ADsum_NCF216_ACGAATCTCAGCACCA-1	Microglia
ADsum_NCF200_GAGCGATAGACACCGC-1	Microglia
ADsum_NCF140_GAACCAGCAATTTAGC-1	Microglia
ADsum_NCF340_AATGTCCAGGTGAAAT-1	Microglia
ADsum_NCF115_CCTGTTGGTTTGAGCA-1	Microglia
ADsum_NCF115_CACAGGGAGTCAATCA-1	Microglia
ADsum_NCF60_TCCTTTACACAAACTT-1	Microglia
ADsum_NCF216_GGGTCAACACCTGGTG-1	Microglia
ADsum_NCF82_AACCTTAAGTAGCCAT-1	Microglia
ADsum_NCF224_GTTGCGGGTCCAAGAC-1	Microglia
ADsum_NCF221_GGGTTTCCATAATGTC-1	Microglia
ADsum_NCF60_TCCGGAATCGCACAAT-1	Microglia
ADsum_NCF82_CACATACAGTTGCCTC-1	Microglia
ADsum_NCF95_GGATACTTCCTTAAGA-1	Microglia
ADsum_NCF349_AAACATGCATTGTCAG-1	Microglia
ADsum_NCF60_GTTTCAGCATGCATAT-1	Microglia
ADsum_NCF71_GATCAGTTCTGTGCCT-1	Microglia
ADsum_NCF60_GGCGGTTTCGGGACTC-1	Microglia
ADsum_NCF60_ACACTAATCTTGTCCA-1	Microglia
ADsum_NCF340_TGGTAAACAAATTCGT-1	Microglia
ADsum_NCF115_ACTTGAATCTTGCATT-1	Microglia
ADsum_NCF82_GGCTCAATCCGCAAAT-1	Microglia
ADsum_NCF71_TTAGGAACAGGCAAGC-1	Microglia
ADsum_NCF216_AGTTGTCAGCAAGGTA-1	Microglia
ADsum_NCF200_TGCACTTGTTACAACG-1	Microglia
ADsum_NCF71_AATAACCGTTCACCAT-1	Microglia
ADsum_NCF60_GCGATATTCCGCACAA-1	Microglia
ADsum_NCF140_GGAACCTGTTTATGGG-1	Microglia
ADsum_NCF340_GCATATATCACTCAAA-1	Microglia
ADsum_NCF64_AACGCCCAGCAAGATG-1	Microglia
ADsum_NCF340_GTCTATGCATGTGGGA-1	Microglia
ADsum_NCF60_GCTGGTTCACTGGCCA-1	Microglia
ADsum_NCF221_GACCTGATCACATTGA-1	Microglia
ADsum_NCF71_TTGCACACAGGCGAGT-1	Microglia
ADsum_NCF200_CATAAGCTCTTTGAGA-1	Microglia
ADsum_NCF71_AGGCAATCACACTAAT-1	Microglia
ADsum_NCF71_ACTCACCTCAAAGGCA-1	Microglia
ADsum_NCF71_TTCCCGCCAAAGGTAC-1	Microglia
ADsum_NCF340_GAGTGAGGTTTGTCTA-1	Microglia
ADsum_NCF340_AAATGCCTCCTTGAGG-1	Microglia
ADsum_NCF216_ATCGCCCGTTAACACG-1	Microglia
ADsum_NCF161_TATGAAGCAAACCTAT-1	Microglia
ADsum_NCF140_CCATATTTCTTGCAAA-1	Microglia
ADsum_NCF60_GTTGCATAGCTTATGA-1	Microglia
ADsum_NCF71_GCTGTGCAGTGAACGA-1	Microglia
ADsum_NCF349_CGCTCCATCTAGCTTT-1	Microglia
ADsum_NCF71_TTTCCTGAGTTGCGTG-1	Microglia
ADsum_NCF340_ACAACACTCCGTAAAC-1	Microglia
ADsum_NCF71_ATCTATGAGATGCCTG-1	Microglia
ADsum_NCF140_GATGCAGCATTAGGCC-1	Microglia
ADsum_NCF71_ACAACAGAGTAGGCGG-1	Microglia
ADsum_NCF71_GCCAACATCGTTACTT-1	Microglia
ADsum_NCF200_TGAGGTGCATGGCCCA-1	Microglia
ADsum_NCF216_CTTTAGGCAAACGGGC-1	Microglia
ADsum_NCF349_AGTAACGAGTTATCTC-1	Microglia
ADsum_NCF60_CATAATGTCATGGTTA-1	Microglia
ADsum_NCF140_TTGATGTCATGTCAAT-1	Microglia
ADsum_NCF71_CAACCCGCACGTAAGG-1	Microglia
ADsum_NCF216_TCCTCTAAGCCTTAAA-1	Microglia
ADsum_NCF160_ACTTACAAGGCCTTAG-1	Microglia
ADsum_NCF216_GGATGGCCAAGACTCC-1	Microglia
ADsum_NCF340_CAGCTATAGGTCCAAT-1	Microglia
ADsum_NCF64_TAGGCTAGTCACAAAT-1	Microglia
ADsum_NCF60_GTAGCGCTCCAAACAC-1	Microglia
ADsum_NCF71_ATAATGGCATGTTGGC-1	Microglia
ADsum_NCF60_CGTATTGCACAGAAAC-1	Microglia
ADsum_NCF60_CGACCTGCAGCAACCT-1	Microglia
ADsum_NCF71_TTCCCACAGCATGCAT-1	Microglia
ADsum_NCF60_TCCAGGTCAAACTGTT-1	Microglia
ADsum_NCF224_CCCTCATAGATACTTG-1	Microglia
ADsum_NCF82_AACCTTAAGGCGCACT-1	Microglia
ADsum_NCF221_CGCTGTGCATAACGGG-1	Microglia
ADsum_NCF216_GAATTTGTCTAGCGTG-1	Microglia
ADsum_NCF349_CTAATCGCATTGGGAG-1	Microglia
ADsum_NCF71_ACTTGTCGTGGAAGGC-1	Microglia
ADsum_NCF60_TTAAGTGTCCCGAACA-1	Microglia
ADsum_NCF216_GCAGGACCATCCCTCA-1	Microglia
ADsum_NCF160_TCCAGGTCAGGCCTTG-1	Microglia
ADsum_NCF60_TGCTTCCAGCTACTGG-1	Microglia
ADsum_NCF349_TATGACATCCTCATGC-1	Microglia
ADsum_NCF71_AGGGCTACAATCATGT-1	Microglia
ADsum_NCF71_TCGTGCTTCTTAGGGT-1	Microglia
ADsum_NCF64_GATGGACAGCCGGTAC-1	Microglia
ADsum_NCF140_TACTCGCTCGAGGAAC-1	Microglia
ADsum_NCF71_TGCTCTCAGCCAGTAT-1	Microglia
ADsum_NCF140_TGAGCACGTTATCCGT-1	Microglia
ADsum_NCF349_CATCCTGGTCACACCC-1	Microglia
ADsum_NCF60_GTCCAGGGTTAGCGTA-1	Microglia
ADsum_NCF71_AGCCGGTTCGGTCAAT-1	Microglia
ADsum_NCF340_GCAGGCAAGCGAGCGA-1	Microglia
ADsum_NCF160_TAGCTTAAGACACTTA-1	Microglia
ADsum_NCF82_GTATTGTCAGTAGGTG-1	Microglia
ADsum_NCF200_GCCTACTTCACGAATC-1	Microglia
ADsum_NCF115_CAGGCTATCACCTGTC-1	Microglia
ADsum_NCF71_AACGCTAGTAGTTACG-1	Microglia
ADsum_NCF95_GGTATTGGTTAGCGTA-1	Microglia
ADsum_NCF71_GGTTGACGTTAGTTGG-1	Microglia
ADsum_NCF140_CGTAGCGGTTCACTGT-1	Microglia
ADsum_NCF349_GGTCTTTGTGAGACTC-1	Microglia
ADsum_NCF340_TTATTGCTCCACCTGT-1	Microglia
ADsum_NCF71_TAGGCTAGTTTATGGG-1	Microglia
ADsum_NCF71_TGATCACAGAACCTAC-1	Microglia
ADsum_NCF340_TTGCAGCCAACACCTA-1	Microglia
ADsum_NCF71_TTTCATCAGCCTCTGT-1	Microglia
ADsum_NCF71_ACCTTGTGTCATGCCC-1	Microglia
ADsum_NCF349_ATCCACCTCTTACTCG-1	Microglia
ADsum_NCF60_CATAAGCTCATCCTGC-1	Microglia
ADsum_NCF216_TTTGACCGTAACGTGC-1	Microglia
ADsum_NCF115_ACGCTTGAGTTGGATC-1	Microglia
ADsum_NCF71_TTAGCGGTCCCGTTAC-1	Microglia
ADsum_NCF71_AGAGGAACATTGTGTG-1	Microglia
ADsum_NCF71_TCGGTTCTCTTGCAAA-1	Microglia
ADsum_NCF64_GGAAGTATCCAAATCA-1	Microglia
ADsum_NCF115_AGTTGCAGTCTTTGAC-1	Microglia
ADsum_NCF221_GTCATCCTCTCACTAT-1	Microglia
ADsum_NCF71_ACCAGCTCAGCCAGAA-1	Microglia
ADsum_NCF64_CCTGAATAGCTATATG-1	Microglia
ADsum_NCF60_CACCAACCATTAAACC-1	Microglia
ADsum_NCF82_CGGTGAGAGTTAACCA-1	Microglia
ADsum_NCF64_TAGTGAGAGTCAGGCC-1	Microglia
ADsum_NCF71_CGCGGATTCTGGCAAT-1	Microglia
ADsum_NCF60_GGATTGCGTACTGATG-1	Microglia
ADsum_NCF60_ATGGTTATCTCACATT-1	Microglia
ADsum_NCF71_GCCAATTAGCCTAATA-1	Microglia
ADsum_NCF71_TTAGCGGTCCGTCCAT-1	Microglia
ADsum_NCF64_ACGCCTAAGCTATGAC-1	Microglia
ADsum_NCF140_GCCAACATCAGCACGC-1	Microglia
ADsum_NCF216_AACTACTCAGCAGGTA-1	Microglia
ADsum_NCF140_TTAGACTCAATATAGG-1	Microglia
ADsum_NCF221_CTTGCGCGTTTGGCTT-1	Microglia
ADsum_NCF60_AGTCAAGAGCTGTACG-1	Microglia
ADsum_NCF224_TCTACTAGTGTGTCCC-1	Microglia
ADsum_NCF349_CTTCATCCAATCTCTC-1	Microglia
ADsum_NCF140_GGATGAATCGTTACAA-1	Microglia
ADsum_NCF71_GTCCAGGGTCAAGACC-1	Microglia
ADsum_NCF216_GTTTAACCAAACTGTT-1	Microglia
ADsum_NCF349_ACTATGTCATGGCCTG-1	Microglia
ADsum_NCF115_TATGAAGCACAAACTT-1	Microglia
ADsum_NCF60_TTGCAAGGTTGGATAT-1	Microglia
ADsum_NCF60_CTGATCACATTGTGAT-1	Microglia
ADsum_NCF71_AGGTTGCGTAATTAGC-1	Microglia
ADsum_NCF60_AATTGTGTCCTTCAAT-1	Microglia
ADsum_NCF60_GTTCTTAGTGGATTCA-1	Microglia
ADsum_NCF216_ATTACCCGTCGACTAA-1	Microglia
ADsum_NCF200_ACCAGGGAGAGCAAGC-1	Microglia
ADsum_NCF71_CGCATTACAAGGTACG-1	Microglia
ADsum_NCF340_GGTTGCGGTATTCGTC-1	Microglia
ADsum_NCF221_AAGGCCCTCATTGACA-1	Microglia
ADsum_NCF160_ATCACACAGGTTACGT-1	Microglia
ADsum_NCF60_ATTGAAGCATCTAGCA-1	Microglia
ADsum_NCF161_GTATCGCCAAGGGTTG-1	Microglia
ADsum_NCF60_AGGTTGCGTGAGCAAG-1	Microglia
ADsum_NCF64_CTAAAGCTCGGTACGC-1	Microglia
ADsum_NCF95_TAACCAGGTTTGGTTC-1	Microglia
ADsum_NCF60_TGCTCCGTCATGGCCA-1	Microglia
ADsum_NCF140_GCCACACAGCAAGGTA-1	Microglia
ADsum_NCF216_TAGGCTTAGGAGCACG-1	Microglia
ADsum_NCF71_GTGAGCGAGCTCCCTG-1	Microglia
ADsum_NCF60_GCTCATTGTACTTCAC-1	Microglia
ADsum_NCF60_TCCATTGTCCTTAGGG-1	Microglia
ADsum_NCF94_GCCATTACACGTAATT-1	Microglia
ADsum_NCF60_GCTGACATCGGGACCT-1	Microglia
ADsum_NCF60_AGCGATTTCGGTTTCC-1	Microglia
ADsum_NCF95_CTGGCTAAGCGATAGA-1	Microglia
ADsum_NCF161_AGCATCCCAATTGCGC-1	Microglia
ADsum_NCF60_CTTGAACAGCACGATT-1	Microglia
ADsum_NCF71_GAGGCTACAGGCCAAA-1	Microglia
ADsum_NCF160_CAGGGCTTCCGCAAGC-1	Microglia
ADsum_NCF95_TAGGAACCACTAAATC-1	Microglia
ADsum_NCF71_CGCTTAACAGAGGCTA-1	Microglia
ADsum_NCF60_CGACAAGCAGTAATAG-1	Microglia
ADsum_NCF140_ATCAATCCAGGCTGTT-1	Microglia
ADsum_NCF60_CTACCTCAGTTATCCT-1	Microglia
ADsum_NCF94_ATAACGACATTCCTGT-1	Microglia
ADsum_NCF140_GCTGAGGAGGCATTGT-1	Microglia
ADsum_NCF71_AGAATCGAGCTCCTAC-1	Microglia
ADsum_NCF115_TACTGAGGTAACCAGC-1	Microglia
ADsum_NCF160_CCGTTACTCATTAGGC-1	Microglia
ADsum_NCF224_GTTCTTGTCCTAAGAC-1	Microglia
ADsum_NCF340_CTTGCATGTGAGCAAG-1	Microglia
ADsum_NCF71_ACCCAACCAAAGGTAC-1	Microglia
ADsum_NCF115_TATTGACCACGTAATT-1	Microglia
ADsum_NCF216_TAAGGACCAGCATGGA-1	Microglia
ADsum_NCF60_GTCTAGCCAGTTAGCC-1	Microglia
ADsum_NCF71_TACCTTTAGTAAGAAC-1	Microglia
ADsum_NCF224_CAGATTCAGATGCCTG-1	Microglia
ADsum_NCF71_AATGTCATCAAGCTTA-1	Microglia
ADsum_NCF60_TTACACCGTCAATAGT-1	Microglia
ADsum_NCF224_GGTGCTGGTTAGCAGC-1	Microglia
ADsum_NCF64_GGTATTTCAGGAACTG-1	Microglia
ADsum_NCF216_TATGGCCCATTGTCAG-1	Microglia
ADsum_NCF216_CCATCACTCCTAATTC-1	Microglia
ADsum_NCF216_CCAGTTTGTCGCATAA-1	Microglia
ADsum_NCF71_GCATGAAAGTTATGGC-1	Microglia
ADsum_NCF160_CAAACACTCAGGTCCA-1	Microglia
ADsum_NCF140_GGATACTTCCAATTAG-1	Microglia
ADsum_NCF224_GGCCTCTGTTAACAGT-1	Microglia
ADsum_NCF216_GGGTGTTGTTATCCTA-1	Microglia
ADsum_NCF60_GGCGCTAGTGCGCGTA-1	Microglia
ADsum_NCF200_TCCGGAATCCTAAGAC-1	Microglia
ADsum_NCF71_GTTACGCCAGGAAGCC-1	Microglia
ADsum_NCF161_ATTCCGGAGGAAGCTA-1	Microglia
ADsum_NCF216_CTTGCAACACCCACCT-1	Microglia
ADsum_NCF200_TCCTTTACAATCTCTC-1	Microglia
ADsum_NCF140_CCTGAGTCATCTTGAG-1	Microglia
ADsum_NCF71_GAACCTGTCGCCTAAG-1	Microglia
ADsum_NCF200_CACTTTGTCTAGCGTG-1	Microglia
ADsum_NCF221_CTGCAATAGCATGCAT-1	Microglia
ADsum_NCF94_CCTATTGTCCCTCGCA-1	Microglia
ADsum_NCF64_TCAAACCAGAGGGACT-1	Microglia
ADsum_NCF60_GGCGCTAGTTACCGGG-1	Microglia
ADsum_NCF349_GCTATTGCAAAGCGCA-1	Microglia
ADsum_NCF160_TACGTTAAGTAGCTTA-1	Microglia
ADsum_NCF216_ACTTAGTCAGCACGTT-1	Microglia
ADsum_NCF200_TACGGTTAGTGAGCAA-1	Microglia
ADsum_NCF64_GTAAGCAAGATACTTG-1	Microglia
ADsum_NCF115_TCCTCAATCCGGAACC-1	Microglia
ADsum_NCF60_AATCATGTCAATAGCC-1	Microglia
ADsum_NCF60_GCTTGACCAAGCTAAA-1	Microglia
ADsum_NCF216_TCTTGTCCACTGACCG-1	Microglia
ADsum_NCF71_CGGAGCAAGCTGCACA-1	Microglia
ADsum_NCF200_TCAGTAGGTTCCAGGG-1	Microglia
ADsum_NCF160_AAGTGAAGTATTTGGG-1	Microglia
ADsum_NCF224_ATCACACAGTCATCCC-1	Microglia
ADsum_NCF60_GAAGCCTGTCCTAAGA-1	Microglia
ADsum_NCF200_GACCTAAGTAAAGCGG-1	Microglia
ADsum_NCF60_CTCCATCAGGTTACAC-1	Microglia
ADsum_NCF160_TGATGAACAAACGGGC-1	Microglia
ADsum_NCF71_TCCTGGTTCTGGTCCT-1	Microglia
ADsum_NCF60_ATATGTCCATAGTCAT-1	Microglia
ADsum_NCF60_TAGCATATCTAGCGTG-1	Microglia
ADsum_NCF340_ATCACCCTCCCGTTAC-1	Microglia
ADsum_NCF71_GGGATAATCACACAGT-1	Microglia
ADsum_NCF161_TTAGGCTAGGGTGGAT-1	Microglia
ADsum_NCF71_CTAGTTGCAAGGAATC-1	Microglia
ADsum_NCF115_TAACAAGCACCTCACC-1	Microglia
ADsum_NCF221_GTCATCACAGCTCATA-1	Microglia
ADsum_NCF200_TAGCCTGAGCTTACTT-1	Microglia
ADsum_NCF60_CGTTTGGAGTTAACCA-1	Microglia
ADsum_NCF60_ACGCCTAAGCTTCCCG-1	Microglia
ADsum_NCF349_TCACCTGGTGTTTGAG-1	Microglia
ADsum_NCF160_AACAAGCCAACTCGCG-1	Microglia
ADsum_NCF71_AGCCTGGGTCCTTCTC-1	Microglia
ADsum_NCF60_CGTTAAATCTCATCAT-1	Microglia
ADsum_NCF221_GGTCTTTGTCATAAGT-1	Microglia
ADsum_NCF349_CGTATTGCAACACCTA-1	Microglia
ADsum_NCF340_ACGCCACAGGGTCTAT-1	Microglia
ADsum_NCF200_CAATCGCCAGATAGAC-1	Microglia
ADsum_NCF115_ATGGCCCAGTTGGGCC-1	Microglia
ADsum_NCF60_GGTTGCTCATGTCGCG-1	Microglia
ADsum_NCF60_CTTTGGGAGCTTACTT-1	Microglia
ADsum_NCF115_GATCCGTCACACAATT-1	Microglia
ADsum_NCF216_GAGTGAGGTGGTTATG-1	Microglia
ADsum_NCF71_TCAACAATCCCATAAA-1	Microglia
ADsum_NCF115_CTCTAGCTCCTTCAAT-1	Microglia
ADsum_NCF82_TCCACAACATCACTTC-1	Microglia
ADsum_NCF60_GAGGCCTTCCATTACT-1	Microglia
ADsum_NCF82_AGGATCCGTTTAGCTC-1	Microglia
ADsum_NCF115_TATGACTCATCAGTAT-1	Microglia
ADsum_NCF71_TACTCGCTCCGGAACC-1	Microglia
ADsum_NCF71_GACTAATGTTGTTGTC-1	Microglia
ADsum_NCF140_ACTCGCGCAGCTACGT-1	Microglia
ADsum_NCF340_CTGAAACTCAGCACCA-1	Microglia
ADsum_NCF340_AATTGGACATGAGTTT-1	Microglia
ADsum_NCF349_AGGAGCTAGTTCCCAC-1	Microglia
ADsum_NCF115_GCTGCACAGACAGGCG-1	Microglia
ADsum_NCF140_TGCTCAACATAATCCG-1	Microglia
ADsum_NCF221_ACCAGCTCACAGAAAC-1	Microglia
ADsum_NCF60_GGTTGCTCAGTTTGTG-1	Microglia
ADsum_NCF221_GTACCTTGTAAGCACC-1	Microglia
ADsum_NCF82_CAATAGCTCGCATTAA-1	Microglia
ADsum_NCF60_GTCTATGCAGTTTACG-1	Microglia
ADsum_NCF71_TTGCAACAGGCTACAT-1	Microglia
ADsum_NCF60_GAGTTACTCCTGGCTT-1	Microglia
ADsum_NCF71_ATCCTGACACACTAAT-1	Microglia
ADsum_NCF216_TTAAAGGCAGTCTATG-1	Microglia
ADsum_NCF140_TCGTAATCATGTTGGC-1	Microglia
ADsum_NCF340_TGTTGTAAGGATCCGC-1	Microglia
ADsum_NCF71_CTTTGGTGTATTTGCC-1	Microglia
ADsum_NCF216_GTCATCCTCCTAATGA-1	Microglia
ADsum_NCF216_TGCTTGCTCATAAGCC-1	Microglia
ADsum_NCF60_GGAACGGTCCTGATTT-1	Microglia
ADsum_NCF224_CATCACACATTCAGCA-1	Microglia
ADsum_NCF160_TTTGCGACAAGCTTTG-1	Microglia
ADsum_NCF160_ACCTGGATCAAACTCA-1	Microglia
ADsum_NCF64_ACGCCACAGGGCTAAA-1	Microglia
ADsum_NCF349_TACCGAAGTGTAATAC-1	Microglia
ADsum_NCF200_TGTTCATTCTTGCATT-1	Microglia
ADsum_NCF140_GGGCCTAGTCTATCGT-1	Microglia
ADsum_NCF71_ATCGAGGCATGCTTAG-1	Microglia
ADsum_NCF200_TAGTTGTCACCTATAG-1	Microglia
ADsum_NCF115_TTTACGAAGGATAAAC-1	Microglia
ADsum_NCF60_TACTGGCCACCGTTCC-1	Microglia
ADsum_NCF216_TCAGGTTAGGGTTATC-1	Microglia
ADsum_NCF216_AGGCCCAGTTGGATAT-1	Microglia
ADsum_NCF340_GCTTTCATCTTGATGA-1	Microglia
ADsum_NCF349_GGTCCGTAGCAAGGGT-1	Microglia
ADsum_NCF71_TCCATTGTCATGAGCT-1	Microglia
ADsum_NCF82_TCACCTGGTCTCAGCC-1	Microglia
ADsum_NCF140_GACCTCAAGCGGATTT-1	Microglia
ADsum_NCF71_AAAGCGGGTTTATGGG-1	Microglia
ADsum_NCF200_AGCTAACTCGGCTATG-1	Microglia
ADsum_NCF60_TTTCCTGAGTCAATTG-1	Microglia
ADsum_NCF71_GATCGAGCATTGTCAG-1	Microglia
ADsum_NCF221_AGAGAGGAGGGTGAAC-1	Microglia
ADsum_NCF160_ACCTAAATCTTGATGA-1	Microglia
ADsum_NCF82_TTCCCACAGCGTGCGT-1	Microglia
ADsum_NCF60_TGTTGTAAGCCTGTTC-1	Microglia
ADsum_NCF115_GCAGGATAGAACCTGT-1	Microglia
ADsum_NCF340_TGAGGTGCAAACAACA-1	Microglia
ADsum_NCF200_ACCTTGTGTAGGATTT-1	Microglia
ADsum_NCF71_CGTGAGGAGTTATTCC-1	Microglia
ADsum_NCF216_TAGCCTCTCAAGTGTC-1	Microglia
ADsum_NCF216_GACCTAGTCGAGGTGG-1	Microglia
ADsum_NCF221_GGTAACTTCGGCTATG-1	Microglia
ADsum_NCF340_TGTTGGCCAAGGATTA-1	Microglia
ADsum_NCF71_AACTCACAGTTAACCA-1	Microglia
ADsum_NCF140_TGACTTAAGCGATAAG-1	Microglia
ADsum_NCF71_GAGTGTTTCCATCAGG-1	Microglia
ADsum_NCF60_CTCTAGCTCCCTCAAC-1	Microglia
ADsum_NCF115_TCTCGCCCATTGCGAC-1	Microglia
ADsum_NCF95_CCAATATCACTGGCTG-1	Microglia
ADsum_NCF71_AGTTGCAGTGAGCGAA-1	Microglia
ADsum_NCF115_CCTGGATCACTAAGTT-1	Microglia
ADsum_NCF94_ATGCTTAAGGACAATG-1	Microglia
ADsum_NCF71_AGGTATTGTAGCTGGT-1	Microglia
ADsum_NCF160_GCGATTTAGGATTGCT-1	Microglia
ADsum_NCF115_GTGATGAAGGCGTAAA-1	Microglia
ADsum_NCF216_AAGTGCAAGCTGTCAG-1	Microglia
ADsum_NCF200_AGCATTTCAGTTTACG-1	Microglia
ADsum_NCF60_TATTAGCCAACACTTG-1	Microglia
ADsum_NCF71_ATGACCAGTAATTAGC-1	Microglia
ADsum_NCF216_CACATAATCATTAGCA-1	Microglia
ADsum_NCF71_CCTTACTCAGAATGAC-1	Microglia
ADsum_NCF71_TACATCAAGGGTTATC-1	Microglia
ADsum_NCF71_CGCCAAATCTCACTAT-1	Microglia
ADsum_NCF71_TGGTCAAGTCGTTACT-1	Microglia
ADsum_NCF95_CGGTTATAGCTGCACA-1	Microglia
ADsum_NCF200_CAATGAACACTAGCGT-1	Microglia
ADsum_NCF82_TTAGACTCAACCCTCC-1	Microglia
ADsum_NCF221_TGTAAAGCAAGGTGGC-1	Microglia
ADsum_NCF95_TTGACATCACTTGTTC-1	Microglia
ADsum_NCF71_AGGACTAAGTCATGCG-1	Microglia
ADsum_NCF60_TCTTAGCGTGCGCAAT-1	Microglia
ADsum_NCF340_GTATGTGGTATTGCAG-1	Microglia
ADsum_NCF71_GCTGACCAGCCTGACA-1	Microglia
ADsum_NCF216_GGCAATCGTCTTTGAC-1	Microglia
ADsum_NCF71_TCAGGTTAGGGCCATC-1	Microglia
ADsum_NCF221_CTAATCTTCTTTGAGA-1	Microglia
ADsum_NCF216_TGTCAATCACTTAGGC-1	Microglia
ADsum_NCF200_TCCTCTAAGGTTAGAG-1	Microglia
ADsum_NCF140_TACGCTTGTTTGCGCC-1	Microglia
ADsum_NCF216_TCATTGTTCTTGAGGT-1	Microglia
ADsum_NCF82_GTTGGCGGTCCTTAGT-1	Microglia
ADsum_NCF71_TCAGCCTTCGTTCACC-1	Microglia
ADsum_NCF216_GCACGCTAGATGCCTG-1	Microglia
ADsum_NCF60_ACCTGGATCCTAAATG-1	Microglia
ADsum_NCF140_GTTGCCCGTCATTGTC-1	Microglia
ADsum_NCF115_ACAGGAATCTCACACC-1	Microglia
ADsum_NCF200_GGGATTAAGGAAACTG-1	Microglia
ADsum_NCF94_TAGGTTATCGGCTATG-1	Microglia
ADsum_NCF60_CCTCAATGTACCGTAA-1	Microglia
ADsum_NCF71_CTCTAGCTCATGGCTG-1	Microglia
ADsum_NCF71_CCCAACCGTGAGAAAC-1	Microglia
ADsum_NCF160_AAAGGAGCAAGCGAGC-1	Microglia
ADsum_NCF71_CGCGATTCAAATGCCC-1	Microglia
ADsum_NCF216_CAATGCCCAAACATAG-1	Microglia
ADsum_NCF71_GGCAGGATCAGCACGC-1	Microglia
ADsum_NCF200_GCAAGCCTCTAACCAA-1	Microglia
ADsum_NCF224_TGCTCCGTCGCTCACT-1	Microglia
ADsum_NCF60_AATTCGTCAAGTAAGC-1	Microglia
ADsum_NCF216_GCTTGTTGTAGCAGCT-1	Microglia
ADsum_NCF140_CCAACATAGTTCCCGT-1	Microglia
ADsum_NCF140_TGATGATGTTAAGGCC-1	Microglia
ADsum_NCF94_CTATGGCCAATCCTGA-1	Microglia
ADsum_NCF60_CCCGCAACATTAGGTT-1	Microglia
ADsum_NCF60_GTCGAAGCATGCATAT-1	Microglia
ADsum_NCF221_GAACGAATCTCCTCTT-1	Microglia
ADsum_NCF71_GATGGCTGTCGACTAA-1	Microglia
ADsum_NCF95_CGATATTCACAGACTC-1	Microglia
ADsum_NCF140_GCCATGATCTTTGAGA-1	Microglia
ADsum_NCF71_ATTAGCTCAACTAGAA-1	Microglia
ADsum_NCF216_TGGCCATCAGTCTAGC-1	Microglia
ADsum_NCF161_TCGCATTGTCACGGAT-1	Microglia
ADsum_NCF221_AGACCCGGTATACTGG-1	Microglia
ADsum_NCF71_GGTTGCGGTTACTAGG-1	Microglia
ADsum_NCF60_GTAAGCTTCCGCAACA-1	Microglia
ADsum_NCF221_CAGGACCTCAAGCGCC-1	Microglia
ADsum_NCF340_TAATCCGCATAGTCAT-1	Microglia
ADsum_NCF221_TGCTTGCTCATGTCAA-1	Microglia
ADsum_NCF60_CTTATGTTCTGGCATG-1	Microglia
ADsum_NCF60_TTTCTCACACTATGGC-1	Microglia
ADsum_NCF71_CAATCCTGTAACGGGA-1	Microglia
ADsum_NCF216_TGCACCTTCCAGGTCA-1	Microglia
ADsum_NCF140_CATCGCTTCGCTCACT-1	Microglia
ADsum_NCF161_AGGCGGATCGCCTGTT-1	Microglia
ADsum_NCF221_TCTACTAGTGATGATT-1	Microglia
ADsum_NCF60_GCACGAACATAAGCAA-1	Microglia
ADsum_NCF95_ACACTTAAGGACAACA-1	Microglia
ADsum_NCF221_GAGTTTGGTTAGAGGG-1	Microglia
ADsum_NCF140_GCCTTACTCCTTCGTA-1	Microglia
ADsum_NCF60_AGTTACTCAGGCATCT-1	Microglia
ADsum_NCF340_TCCTCACAGAACAAGT-1	Microglia
ADsum_NCF71_GCCACTAAGTTTAACG-1	Microglia
ADsum_NCF216_CGCAAATTCGTTCACC-1	Microglia
ADsum_NCF349_TACTGACAGCAAGACA-1	Microglia
ADsum_NCF94_TCTTCAAGTATTGAGT-1	Microglia
ADsum_NCF94_GTCCAGGGTTTGTCTA-1	Microglia
ADsum_NCF71_AATACCGGTTGGTTCT-1	Microglia
ADsum_NCF71_GCAGCAACACGAATCC-1	Microglia
ADsum_NCF115_AGTTGCAGTTCGGGAT-1	Microglia
ADsum_NCF71_AGTTACATCACTTTAC-1	Microglia
ADsum_NCF71_AAGTTTGTCGATTCTT-1	Microglia
ADsum_NCF115_GTAAGCGCATGAAATG-1	Microglia
ADsum_NCF340_GTTGGCGGTAACGGGA-1	Microglia
ADsum_NCF216_TCCGGAATCCGCATGA-1	Microglia
ADsum_NCF340_CTACTAAAGAACCTAC-1	Microglia
ADsum_NCF161_CGGTTATAGCAAGGAC-1	Microglia
ADsum_NCF160_CAAACATGTCGCAATA-1	Microglia
ADsum_NCF60_GCTAATATCTATCGCC-1	Microglia
ADsum_NCF200_GCCACAATCCCTGGAA-1	Microglia
ADsum_NCF71_CAATGCCCAGGAACAT-1	Microglia
ADsum_NCF161_AGTTTGATCCTGATTT-1	Microglia
ADsum_NCF60_AGGCGGATCAGTATTG-1	Microglia
ADsum_NCF71_AATGTCATCACGTTAA-1	Microglia
ADsum_NCF349_GTGAATCTCGCTAGAT-1	Microglia
ADsum_NCF71_CATTTGTTCATCCACC-1	Microglia
ADsum_NCF71_CCGTTATGTCAAACTG-1	Microglia
ADsum_NCF200_AGGAACCAGGCAATAG-1	Microglia
ADsum_NCF140_TGTGCGCAGAACCTGT-1	Microglia
ADsum_NCF71_AGGTAACCATACCCGG-1	Microglia
ADsum_NCF71_TTGAGGCGTCCGGTTC-1	Microglia
ADsum_NCF71_TTCCTCAAGAAAGGAA-1	Microglia
ADsum_NCF64_CTGTTAAAGCTGGCTA-1	Microglia
ADsum_NCF71_GGGCGAATCCCTCACG-1	Microglia
ADsum_NCF71_CAGCATGTCACAGCGC-1	Microglia
ADsum_NCF71_CGGCCATAGCCTCTCG-1	Microglia
ADsum_NCF349_CGAACAAAGTAACCAC-1	Microglia
ADsum_NCF115_TATGGTCAGCTTTGGG-1	Microglia
ADsum_NCF71_AGTGGACAGGCCCAGT-1	Microglia
ADsum_NCF71_CTAACCTGTTTGAGGC-1	Microglia
ADsum_NCF60_TTAGGCTAGCCACATG-1	Microglia
ADsum_NCF60_GGGTTTCCATGAGTTT-1	Microglia
ADsum_NCF60_TTCTTAGGTTACGCAA-1	Microglia
ADsum_NCF221_TCTCAATTCGTAACGT-1	Microglia
ADsum_NCF216_AGGGTTGCAATACTGT-1	Microglia
ADsum_NCF71_ACACTTAAGGCAAGTA-1	Microglia
ADsum_NCF60_GTGGATGCAGGCATCT-1	Microglia
ADsum_NCF140_TTAAAGGCATCAGTAT-1	Microglia
ADsum_NCF71_GACCTAGTCAAGTGTC-1	Microglia
ADsum_NCF71_GAGTATCTCTTGGATA-1	Microglia
ADsum_NCF216_TACCGTTGTGCTTAGA-1	Microglia
ADsum_NCF115_CCTGTAACAACTCGCG-1	Microglia
ADsum_NCF340_CTACCGGCATAGACTT-1	Microglia
ADsum_NCF160_TCAGTAATCAAACCGT-1	Microglia
ADsum_NCF349_GTCCTAGAGTGACCTG-1	Microglia
ADsum_NCF71_GTGTGAGCATTATGCG-1	Microglia
ADsum_NCF71_GCTTACCTCATTGTCT-1	Microglia
ADsum_NCF340_GACTTAGGTCCTAACT-1	Microglia
ADsum_NCF140_GTATGTTCAGCCAGTT-1	Microglia
ADsum_NCF71_TGAGGCACACGAATCC-1	Microglia
ADsum_NCF115_GTAAGCTTCGGGCCAT-1	Microglia
ADsum_NCF60_CCTAAATCAAATATCC-1	Microglia
ADsum_NCF60_GAGCATGCATGCTTAG-1	Microglia
ADsum_NCF140_GTAAGGTCACCTACTT-1	Microglia
ADsum_NCF161_ATATGTCCATCACTTC-1	Microglia
ADsum_NCF71_TAGCTTAAGCTTAGCG-1	Microglia
ADsum_NCF71_ATCCGTGAGCAACATC-1	Microglia
ADsum_NCF60_ATCAAGCTCATTATGG-1	Microglia
ADsum_NCF115_AGTAACACACAGCCAT-1	Microglia
ADsum_NCF340_CGAGTCGGTCCTAACT-1	Microglia
ADsum_NCF115_TGCAAGCGTTCGGGAT-1	Microglia
ADsum_NCF60_GTACTAGGTTAGACCA-1	Microglia
ADsum_NCF216_TTGCGTCTCACAGCCA-1	Microglia
ADsum_NCF71_CCGATGCAGTCCTGAG-1	Microglia
ADsum_NCF200_CGTTTGGAGGCTGGCT-1	Microglia
ADsum_NCF160_CCCTCACCAGCATGTC-1	Microglia
ADsum_NCF216_TAAGCCTAGTAACGGA-1	Microglia
ADsum_NCF349_TGAAGCAAGCTCATAA-1	Microglia
ADsum_NCF94_AAGTTTGTCAGGATGA-1	Microglia
ADsum_NCF200_GCTTTGTGTGCAATGC-1	Microglia
ADsum_NCF140_CTCATTGTCAAGCGCC-1	Microglia
ADsum_NCF140_CATTGTGCAATGAGGT-1	Microglia
ADsum_NCF115_CTGGATGTCAGGTTTA-1	Microglia
ADsum_NCF200_TAAGCCAGTCCACAAA-1	Microglia
ADsum_NCF71_AATTGACGTGGTGAGA-1	Microglia
ADsum_NCF71_CATGCATAGAAGCTAG-1	Microglia
ADsum_NCF160_AGGATCCGTCAGGCCA-1	Microglia
ADsum_NCF60_GAGGACTAGACAAGTG-1	Microglia
ADsum_NCF221_GTACGTAGTCACCTAT-1	Microglia
ADsum_NCF140_TTTCACCCACAGCCTG-1	Microglia
ADsum_NCF140_GCGGATACATAATGTC-1	Microglia
ADsum_NCF216_TACAATGTCTCTAGCC-1	Microglia
ADsum_NCF64_AGTCCTGAGAGCCGCT-1	Microglia
ADsum_NCF216_CTTATTGGTTTAGTCC-1	Microglia
ADsum_NCF200_TTGCTTTAGGGTCTAT-1	Microglia
ADsum_NCF60_ATGAATGCAGCGCTTG-1	Microglia
ADsum_NCF216_TCAATCGCAGACAAAC-1	Microglia
ADsum_NCF200_AACATCATCTTTGTAC-1	Microglia
ADsum_NCF71_CTTTAGGCATGTGGGA-1	Microglia
ADsum_NCF60_CGGCCATAGGCTGTGC-1	Microglia
ADsum_NCF94_GGAACGGTCCAGGGAG-1	Microglia
ADsum_NCF140_GCTGACCAGGGTTATC-1	Microglia
ADsum_NCF160_CATCAGCCACATACTG-1	Microglia
ADsum_NCF82_TTAGGCGTCAGCAAAG-1	Microglia
ADsum_NCF71_GTTGCATAGGGCTTAT-1	Microglia
ADsum_NCF71_CACCTCAGTCTAACAG-1	Microglia
ADsum_NCF115_ACGTACCCACCATATG-1	Microglia
ADsum_NCF340_CTGCAATAGTAGCGCC-1	Microglia
ADsum_NCF60_TAGTGGCGTTCCGGCT-1	Microglia
ADsum_NCF200_CCTGATGAGCTCCTTA-1	Microglia
ADsum_NCF221_AACATAGCAGCTCAAC-1	Microglia
ADsum_NCF60_GAAGGAACACCTGCCT-1	Microglia
ADsum_NCF349_CGGTGAGAGGACGTAA-1	Microglia
ADsum_NCF224_CGATTTGCATTCCTGT-1	Microglia
ADsum_NCF115_TTTCACCCAACTAGCC-1	Microglia
ADsum_NCF200_CCGCCAACAGTTAGCC-1	Microglia
ADsum_NCF60_TCGATTAAGGAGCATA-1	Microglia
ADsum_NCF71_CTTTGTCCACATAACT-1	Microglia
ADsum_NCF82_CTGAATATCCATCAGG-1	Microglia
ADsum_NCF160_ACCACATAGCTCAAAC-1	Microglia
ADsum_NCF340_AATTGCCAGCGCAATT-1	Microglia
ADsum_NCF160_TACTGAGGTGGATTAT-1	Microglia
ADsum_NCF160_CTCTATGTCATGTTTC-1	Microglia
ADsum_NCF71_TTCGCAACACCTACGG-1	Microglia
ADsum_NCF60_GGCGCTAGTCCGCTGT-1	Microglia
ADsum_NCF200_ATGTAACGTTGAGGTC-1	Microglia
ADsum_NCF349_CGTTATCGTGTTTGAG-1	Microglia
ADsum_NCF340_TGAGCAAAGGAGTCTT-1	Microglia
ADsum_NCF140_ATGACGAAGCTCGCTT-1	Microglia
ADsum_NCF60_TTTCAGTTCACCAATA-1	Microglia
ADsum_NCF60_GCCACAATCGATTATG-1	Microglia
ADsum_NCF71_TTTACGCGTTGCGTAA-1	Microglia
ADsum_NCF340_AATAACCGTGTGCAAC-1	Microglia
ADsum_NCF216_CTGGCTTTCTCAATTC-1	Microglia
ADsum_NCF60_CATAATCCAGGAACCA-1	Microglia
ADsum_NCF115_ACCTGGTCAAACAACA-1	Microglia
ADsum_NCF60_GTTGTGAGTTAGGCTA-1	Microglia
ADsum_NCF60_AAGCAAGTCCGTAAAC-1	Microglia
ADsum_NCF71_GGAAGCTAGGACAACA-1	Microglia
ADsum_NCF216_AACTGTTCATAGCTGC-1	Microglia
ADsum_NCF82_CTATTCAGTGGATTCA-1	Microglia
ADsum_NCF71_AAAGGTTAGGCAGGTG-1	Microglia
ADsum_NCF94_GTCGAAGCATTCAGCA-1	Microglia
ADsum_NCF60_GTTGGCCAGTTATTCC-1	Microglia
ADsum_NCF140_TGCACTTGTTATCCGT-1	Microglia
ADsum_NCF71_TTCAGCACAAGGCCAA-1	Microglia
ADsum_NCF349_TACGCACCACTTCATC-1	Microglia
ADsum_NCF140_CGGCTCACACAAAGAC-1	Microglia
ADsum_NCF140_ACGCTTGAGACAAGTG-1	Microglia
ADsum_NCF95_AAACCGGCATTGTGCA-1	Microglia
ADsum_NCF115_CCCTCACCACTTGTTC-1	Microglia
ADsum_NCF115_GGATTCAGTCACCAAA-1	Microglia
ADsum_NCF115_ATTCCGGAGTTATCTC-1	Microglia
ADsum_NCF221_CAGGTTAGTCCTTAGT-1	Microglia
ADsum_NCF71_ATCCAACAGTTAACCA-1	Microglia
ADsum_NCF340_TTGGCTTGTTGAAGCC-1	Microglia
ADsum_NCF160_ATTGCTCGTGGATTCA-1	Microglia
ADsum_NCF216_CACGCTAAGTTATGTG-1	Microglia
ADsum_NCF221_ATGACGAAGGTAACGA-1	Microglia
ADsum_NCF71_CCTGTTGGTGGTTAGC-1	Microglia
ADsum_NCF60_GTCTATGCATCAATCG-1	Microglia
ADsum_NCF115_TGGTGCATCACAGCGC-1	Microglia
ADsum_NCF340_CCCTCAGTCCCGTTTA-1	Microglia
ADsum_NCF71_GCTGCATCAGGAACCA-1	Microglia
ADsum_NCF224_CCAGGAACAGGTTCAC-1	Microglia
ADsum_NCF60_GCCTTACTCCTGATTT-1	Microglia
ADsum_NCF340_TGTTAGCAGTCATTGA-1	Microglia
ADsum_NCF115_CCAAACCCAGTCTAGC-1	Microglia
ADsum_NCF60_AACTTAGTCACTTCAT-1	Microglia
ADsum_NCF200_ATGAAGCCAGGCTTCG-1	Microglia
ADsum_NCF71_GTACCGGGTCCTAAGA-1	Microglia
ADsum_NCF140_TCACCGGCATTTAAGC-1	Microglia
ADsum_NCF71_TGGATTGGTTGTTCAC-1	Microglia
ADsum_NCF60_CAGGAAGGTCCGTGAG-1	Microglia
ADsum_NCF221_TAATGGTGTTCAAGAT-1	Microglia
ADsum_NCF64_ATATAGGCAAGCTTTG-1	Microglia
ADsum_NCF71_ACGCCTTTCAGGTTTA-1	Microglia
ADsum_NCF340_GGTTTAATCTTGTCTG-1	Microglia
ADsum_NCF224_AGGTCCGGTGGATTCA-1	Microglia
ADsum_NCF71_AGCGATTTCAAAGGCA-1	Microglia
ADsum_NCF60_TGTGCTGAGCACTTGG-1	Microglia
ADsum_NCF71_TAGTAAGCAGCAAGTG-1	Microglia
ADsum_NCF60_GCTGCAATCTTTAAGG-1	Microglia
ADsum_NCF216_AGCTGCTCAGCAAGAT-1	Microglia
ADsum_NCF71_TTGCGAGTCCAAGTTA-1	Microglia
ADsum_NCF216_GTTTGTTTCATTACGA-1	Microglia
ADsum_NCF60_CTAGCTGAGCGCCTTT-1	Microglia
ADsum_NCF349_CGCCTGTGTCGCAAAC-1	Microglia
ADsum_NCF82_TCAGGTTAGAGGAGGA-1	Microglia
ADsum_NCF216_CCTCAAACAGAAACGT-1	Microglia
ADsum_NCF115_GGGTCACTCACGAATC-1	Microglia
ADsum_NCF71_TGCATTAAGCTTGCTC-1	Microglia
ADsum_NCF140_TATGACTCAACAGGAT-1	Microglia
ADsum_NCF71_CCCAGTTTCCTGTTCA-1	Microglia
ADsum_NCF60_CAAACACTCCCGTTAC-1	Microglia
ADsum_NCF71_AACCTTAAGCAAACCT-1	Microglia
ADsum_NCF82_GTATTCAAGTTATGTG-1	Microglia
ADsum_NCF221_ACCAAGCGTTAGGATT-1	Microglia
ADsum_NCF71_GCCCGTTGTTAACACG-1	Microglia
ADsum_NCF71_TCAATCGCAGCTACGT-1	Microglia
ADsum_NCF71_AGAACCGCACCTCGCT-1	Microglia
ADsum_NCF82_TCGACAAGTTTGGGCG-1	Microglia
ADsum_NCF60_GTTCACCTCGGCCAGT-1	Microglia
ADsum_NCF349_TTGTTGTTCTACCTAT-1	Microglia
ADsum_NCF82_CTACTTAGTGTAATAC-1	Microglia
ADsum_NCF216_CAATAAGCACTTGTTC-1	Microglia
ADsum_NCF140_CAGCTAAGTCTTGCAT-1	Microglia
ADsum_NCF224_TGAACAACATAGTCAT-1	Microglia
ADsum_NCF221_GCCTATTGTGTGAGAG-1	Microglia
ADsum_NCF60_TCTACTAGTGGACATC-1	Microglia
ADsum_NCF64_CTAATCGCAGATTCAT-1	Microglia
ADsum_NCF115_CACCAACCAAGGAATC-1	Microglia
ADsum_NCF221_TCTACCTCACAAGCCT-1	Microglia
ADsum_NCF60_ACCCAACCAGCAATAA-1	Microglia
ADsum_NCF71_GGTGTTGTCGATTCTT-1	Microglia
ADsum_NCF115_AATAACCGTCGCATAA-1	Microglia
ADsum_NCF160_CGCACACAGGTTACAC-1	Microglia
ADsum_NCF340_CCTAAATCAGCCTAAC-1	Microglia
ADsum_NCF140_TTATCCGTCCTAAATG-1	Microglia
ADsum_NCF60_ACCTGGATCTCACACC-1	Microglia
ADsum_NCF60_CCAGTTTGTGCAACTA-1	Microglia
ADsum_NCF60_CCATAGCCAGAATGAC-1	Microglia
ADsum_NCF71_CTTTGAGCAAATACCT-1	Microglia
ADsum_NCF71_TAACCAGGTAGGTGTC-1	Microglia
ADsum_NCF64_CTTATGTTCAAGTGAG-1	Microglia
ADsum_NCF60_GAGCTAGCATAATCGT-1	Microglia
ADsum_NCF221_CTAGTAGGTCGCATAA-1	Microglia
ADsum_NCF349_GTTCGCTTCTGCAACG-1	Microglia
ADsum_NCF71_GACTTAGGTAGTTACG-1	Microglia
ADsum_NCF60_CGCACAATCAAGCCTG-1	Microglia
ADsum_NCF216_TAGCGCGGTCGCGCAA-1	Microglia
ADsum_NCF60_AGATGCTTCCACCTTA-1	Microglia
ADsum_NCF349_CGATTGAGTACTTAGG-1	Microglia
ADsum_NCF221_CCCAATTGTCATAGAT-1	Microglia
ADsum_NCF64_AGAATCTGTTGCGCGA-1	Microglia
ADsum_NCF140_TGTCCTTCATTAAGCT-1	Microglia
ADsum_NCF221_TGGTTCTGTAATCCCT-1	Microglia
ADsum_NCF95_CGCAATCCAGAACCGA-1	Microglia
ADsum_NCF340_GCTAGCCAGGCAACAA-1	Microglia
ADsum_NCF71_GATTCGCCACCCACCT-1	Microglia
ADsum_NCF71_AGTCTTGCACGAATTT-1	Microglia
ADsum_NCF60_CAACAATGTAATCCCT-1	Microglia
ADsum_NCF216_ACCAAACTCATTTGCT-1	Microglia
ADsum_NCF60_CAAATCATCCCATAAA-1	Microglia
ADsum_NCF94_CGAATCTAGACTTACA-1	Microglia
ADsum_NCF216_GATCGCTCACTTCATC-1	Microglia
ADsum_NCF60_GCTGCACAGCACGATT-1	Microglia
ADsum_NCF115_GCTGACATCTCCTCAA-1	Microglia
ADsum_NCF60_ACCATAATCGGTCAAT-1	Microglia
ADsum_NCF95_GTTAACGGTCCTTAGT-1	Microglia
ADsum_NCF71_CGGCTAATCCCAGTAG-1	Microglia
ADsum_NCF340_GGTGAGTAGCATGCAT-1	Microglia
ADsum_NCF349_GGCAAATCAGGCTAAG-1	Microglia
ADsum_NCF71_TGCTAACAGCCTCTGT-1	Microglia
ADsum_NCF340_TTGTTGTTCGCTAGTG-1	Microglia
ADsum_NCF161_TATGGGCGTACTGATG-1	Microglia
ADsum_NCF216_CTACCGGCAGGAACTG-1	Microglia
ADsum_NCF60_TGTGCAAGTAATCGTG-1	Microglia
ADsum_NCF221_GCTCTGTTCCAAGTTA-1	Microglia
ADsum_NCF71_GTACACCCAGCGCTTG-1	Microglia
ADsum_NCF82_CTAGGACGTAGCCTCC-1	Microglia
ADsum_NCF60_CCGTTACTCCCAGTAG-1	Microglia
ADsum_NCF115_CCGCTAGCACCTGCTC-1	Microglia
ADsum_NCF216_CCGCAAGGTTCCGGGA-1	Microglia
ADsum_NCF71_TTGATGTCAGGTCCTG-1	Microglia
ADsum_NCF60_CGATGTCCAATTGAAG-1	Microglia
ADsum_NCF140_GGTCTTGAGTAGCGCC-1	Microglia
ADsum_NCF71_CCTGCTCCAGCCTAAC-1	Microglia
ADsum_NCF71_GGTCCGTAGTTGGATC-1	Microglia
ADsum_NCF160_ATCAAGCTCAGCAAAG-1	Microglia
ADsum_NCF60_TATCCAGCACGAACAG-1	Microglia
ADsum_NCF349_TGACCTTGTACAAAGA-1	Microglia
ADsum_NCF60_AGTTACATCGCTAAAC-1	Microglia
ADsum_NCF200_AAACCGAAGCCTCTCG-1	Microglia
ADsum_NCF115_GTTTATCTCTAATTGG-1	Microglia
ADsum_NCF200_AAGGTATAGCAAACCT-1	Microglia
ADsum_NCF221_ATTGCTCGTTGAGCCG-1	Microglia
ADsum_NCF64_GGTTTCTGTTGCAGTA-1	Microglia
ADsum_NCF71_CTTGACGAGCGCTCAA-1	Microglia
ADsum_NCF200_GGCTATGTCCTTGAGG-1	Microglia
ADsum_NCF160_TGATGATGTTAAGTGT-1	Microglia
ADsum_NCF216_ACAAACTGTGAATCGC-1	Microglia
ADsum_NCF60_GTGTTCCTCGCTAAGT-1	Microglia
ADsum_NCF71_TGCGGTTCAGGCATCT-1	Microglia
ADsum_NCF221_TGCAGGCTCTGGTCCT-1	Microglia
ADsum_NCF71_CTAATCCGTAACAGGG-1	Microglia
ADsum_NCF200_CTAACCCTCGCTTCTA-1	Microglia
ADsum_NCF71_AAGCGTTTCTAACCAA-1	Microglia
ADsum_NCF71_CACATAATCCTGGCTT-1	Microglia
ADsum_NCF71_GTAGTTTCATGAATAG-1	Microglia
ADsum_NCF221_CCGCACACATTAGGTT-1	Microglia
ADsum_NCF216_GGTCAATTCATTAGGC-1	Microglia
ADsum_NCF60_AGTTACATCCCTCAAC-1	Microglia
ADsum_NCF115_GGTGATTTCCTCATCA-1	Microglia
ADsum_NCF82_TCAAGGTTCATGAAGG-1	Microglia
ADsum_NCF140_TGATGAACATTGTGTG-1	Microglia
ADsum_NCF71_ATCATCAAGGGATGCG-1	Microglia
ADsum_NCF224_CGTGAGGAGGGTTATC-1	Microglia
ADsum_NCF340_CACATTAAGCAGCTCA-1	Microglia
ADsum_NCF340_TTGTTTGGTGGGTACT-1	Microglia
ADsum_NCF115_GCGATATTCACAAGCT-1	Microglia
ADsum_NCF140_CTATGGCCACAATTAC-1	Microglia
ADsum_NCF160_ACAGGCTGTTTCCTCC-1	Microglia
ADsum_NCF200_CAAGTTATCAAGACTC-1	Microglia
ADsum_NCF71_CTAGCGGGTCATGCCC-1	Microglia
ADsum_NCF60_TTTGTTGGTATTGTGG-1	Microglia
ADsum_NCF60_GATGCATTCGCAGGCT-1	Microglia
ADsum_NCF160_TAACCGGTCCTGCGAA-1	Microglia
ADsum_NCF71_AGGACTAAGCTTATGA-1	Microglia
ADsum_NCF161_TATGGATGTTGTTGCT-1	Microglia
ADsum_NCF160_GAGCGGTCAGCCGCTA-1	Microglia
ADsum_NCF71_CCACAGGGTGAGACTC-1	Microglia
ADsum_NCF71_GATTGCAGTGAGAAAC-1	Microglia
ADsum_NCF82_GACTTGGTCTTTGACT-1	Microglia
ADsum_NCF200_AGCGGATAGGGTGAAC-1	Microglia
ADsum_NCF115_CTGTTTAGTTCCAGGG-1	Microglia
ADsum_NCF200_GCAGGTGAGCGCCTTT-1	Microglia
ADsum_NCF216_TCTAACCGTCCAAGAC-1	Microglia
ADsum_NCF71_AAATGGCCAAAGGCCA-1	Microglia
ADsum_NCF216_GCATTGCCATGATTGT-1	Microglia
ADsum_NCF221_CCGCACACAAAGGTAC-1	Microglia
ADsum_NCF140_ACTTAGTCATAACGGG-1	Microglia
ADsum_NCF60_TAATTGCCATTGCGAC-1	Microglia
ADsum_NCF340_GGGTGTTGTTGGTTGA-1	Microglia
ADsum_NCF140_GGCCAACTCCAGGTTG-1	Microglia
ADsum_NCF60_GAGTATCTCACAAGCT-1	Microglia
ADsum_NCF221_CTTGAACAGCAGGCCT-1	Microglia
ADsum_NCF200_TCTCACCAGCATGGTT-1	Microglia
ADsum_NCF71_CTTACCGGTCATTACC-1	Microglia
ADsum_NCF64_GCGTAACGTTGTGACA-1	Microglia
ADsum_NCF200_GAGGCTTGTTTGCGCC-1	Microglia
ADsum_NCF95_GATGCATTCAGGAAGC-1	Microglia
ADsum_NCF60_ATTGCACAGCAGGTTT-1	Microglia
ADsum_NCF71_CGGAGCAAGGCGGGTA-1	Microglia
ADsum_NCF71_GCGATTAGTTGCGGAT-1	Microglia
ADsum_NCF71_CGTCATTGTGACATAT-1	Microglia
ADsum_NCF64_GCACGCTAGCGTGCGT-1	Microglia
ADsum_NCF60_GTACCGGGTAGGATCC-1	Microglia
ADsum_NCF71_GATTACTCATAATTGC-1	Microglia
ADsum_NCF140_TAGCGGACATAAGTTC-1	Microglia
ADsum_NCF60_GTTGCCCGTTTGGGTA-1	Microglia
ADsum_NCF216_AGTGAGTCACCTGGTG-1	Microglia
ADsum_NCF200_ATAACGACAGTAGGAT-1	Microglia
ADsum_NCF160_AATCCCTGTAGCTGCG-1	Microglia
ADsum_NCF60_CTTCGCGTCCGCCTAT-1	Microglia
ADsum_NCF64_TAGTTGTCAACACCTA-1	Microglia
ADsum_NCF71_GTCTTTGTCCGCAAGC-1	Microglia
ADsum_NCF94_ACGAATCTCAATAGCC-1	Microglia
ADsum_NCF71_GCTTAGTAGCTGAGGG-1	Microglia
ADsum_NCF221_CCGCCAACATAAGGAC-1	Microglia
ADsum_NCF71_GAGGTTAAGCTTACTT-1	Microglia
ADsum_NCF60_GTCTTTGTCTGCAACG-1	Microglia
ADsum_NCF71_GCAATATGTTTATTCG-1	Microglia
ADsum_NCF200_AATCTCAAGTTATGTG-1	Microglia
ADsum_NCF200_CCTGAGTCAATTAACC-1	Microglia
ADsum_NCF60_CAGGGTGAGTACTGGT-1	Microglia
ADsum_NCF200_AATGCAACATGCAACC-1	Microglia
ADsum_NCF224_GTCTATGCACAAACTT-1	Microglia
ADsum_NCF71_GGGTTTGTCTAATTGG-1	Microglia
ADsum_NCF64_GCCTGTGCACGAACAG-1	Microglia
ADsum_NCF71_GTGAACAAGAGGCTAA-1	Microglia
ADsum_NCF71_TATCGCGAGGTAAGCA-1	Microglia
ADsum_NCF60_GTTAATGTCCTTGCAC-1	Microglia
ADsum_NCF71_AATACCGGTTGAAGCC-1	Microglia
ADsum_NCF200_GCAGCCAGTGCCGCAA-1	Microglia
ADsum_NCF95_CCAGACTCAATCCCTT-1	Microglia
ADsum_NCF60_TTCATCCCAGTTGCGT-1	Microglia
ADsum_NCF200_TCCTTTACAATATACC-1	Microglia
ADsum_NCF71_CCTATTTAGCAAGATG-1	Microglia
ADsum_NCF60_TCAGCAAGTTTGACCT-1	Microglia
ADsum_NCF160_AATTTGGTCACCGGTA-1	Microglia
ADsum_NCF60_AGTATAGCATAGCAGG-1	Microglia
ADsum_NCF221_TGGCCATCAAAGGCCA-1	Microglia
ADsum_NCF82_TTTGAGTCAGGCCTTG-1	Microglia
ADsum_NCF221_GCTGATCCACCATATG-1	Microglia
ADsum_NCF71_TGCACTTGTTATCGAG-1	Microglia
ADsum_NCF115_CGCCACACATCCGTAA-1	Microglia
ADsum_NCF349_AAGTAGCCACCGTTCC-1	Microglia
ADsum_NCF221_ATGTAACGTTATGTGG-1	Microglia
ADsum_NCF160_GTCTAACAGGATGATG-1	Microglia
ADsum_NCF216_GTCATTAAGTTAGCCG-1	Microglia
ADsum_NCF71_ATGAAGCCATTGTCAG-1	Microglia
ADsum_NCF71_TCTCAAGCAGGTTCAC-1	Microglia
ADsum_NCF60_CTACCTCAGAGGAGTC-1	Microglia
ADsum_NCF60_TACCTGCTCTCGCCCA-1	Microglia
ADsum_NCF140_GTAAGCAAGGTCCACA-1	Microglia
ADsum_NCF60_CCTGACTTCAAATCGC-1	Microglia
ADsum_NCF64_TGCGCAGGTGTGTCCC-1	Microglia
ADsum_NCF82_GGCGTTATCCTTCTAG-1	Microglia
ADsum_NCF71_GCTTTGTGTTTGGGTA-1	Microglia
ADsum_NCF71_ACCTTGTGTTTGAGGC-1	Microglia
ADsum_NCF216_TAGTGGCGTCATAGAT-1	Microglia
ADsum_NCF60_ATGGCCCAGCCATCAG-1	Microglia
ADsum_NCF115_CCGCTTAGTTGGATAT-1	Microglia
ADsum_NCF340_AAGGTCAAGGCCGGAA-1	Microglia
ADsum_NCF60_CTTGCAACAGGCCAAA-1	Microglia
ADsum_NCF216_AACGGTAAGTCAATTG-1	Microglia
ADsum_NCF60_TGTCCTTCATGTTGTG-1	Microglia
ADsum_NCF71_TGAAACTGTGCTCCAC-1	Microglia
ADsum_NCF71_ATCATGTCATAAAGCA-1	Microglia
ADsum_NCF200_AGCCGCTAGGCTATGT-1	Microglia
ADsum_NCF221_AGATGCTTCTTACTCG-1	Microglia
ADsum_NCF60_ATTACCGCAGCACGTT-1	Microglia
ADsum_NCF200_TAGCCTCTCACAGACT-1	Microglia
ADsum_NCF349_GCTCTGTTCGTCAAGT-1	Microglia
ADsum_NCF140_CGCCACACACAACCTA-1	Microglia
ADsum_NCF71_GTAGTTATCTGTGCAG-1	Microglia
ADsum_NCF340_AATACCGGTTGTTGGA-1	Microglia
ADsum_NCF60_ATAGATGCACAAAGCG-1	Microglia
ADsum_NCF216_TATGAAGCAGTATGTT-1	Microglia
ADsum_NCF71_AAAGGTTAGGATCACT-1	Microglia
ADsum_NCF71_TAAGCTATCGCTTCTA-1	Microglia
ADsum_NCF115_CCTTCGGTCAATACGC-1	Microglia
ADsum_NCF71_CCTAAGCCAATTAGCT-1	Microglia
ADsum_NCF71_TTCGTTAGTATACTGG-1	Microglia
ADsum_NCF71_AGGCAGGTCGGTTACG-1	Microglia
ADsum_NCF71_TTGGGCGGTAGGTTAT-1	Microglia
ADsum_NCF216_CCTAAAGGTTAACAGT-1	Microglia
ADsum_NCF60_ATTGCAGGTAACCAGC-1	Microglia
ADsum_NCF64_GGGATTAAGGCTGTGC-1	Microglia
ADsum_NCF224_TGTTGGCCAGGCAAGC-1	Microglia
ADsum_NCF60_ATGCTTAAGGCCCAGT-1	Microglia
ADsum_NCF60_TAAGCCTAGTTGGATC-1	Microglia
ADsum_NCF60_CTACGAAGTATTGGTG-1	Microglia
ADsum_NCF221_TAGGCTTAGGAAGCAC-1	Microglia
ADsum_NCF60_CGGCTAATCTGCAACG-1	Microglia
ADsum_NCF60_GCAATAGAGGCGCATC-1	Microglia
ADsum_NCF160_GCATCCTTCTCTAGCC-1	Microglia
ADsum_NCF115_TGACTTAAGGAAACTG-1	Microglia
ADsum_NCF221_CTTTGGGAGTTCCCGT-1	Microglia
ADsum_NCF161_TTTGACTTCCTTAAGA-1	Microglia
ADsum_NCF60_CTTCAGGAGCGCTAAT-1	Microglia
ADsum_NCF71_AAGCGGGTCACTTTAC-1	Microglia
ADsum_NCF216_TCTGGCTTCACTTTAC-1	Microglia
ADsum_NCF140_AGCAATACAAGGTGCA-1	Microglia
ADsum_NCF115_TTGCTCTCATAAGTTC-1	Microglia
ADsum_NCF140_TCAAACCAGGACCGCT-1	Microglia
ADsum_NCF60_CCCTCACCATTGTCCT-1	Microglia
ADsum_NCF140_AAAGCTTGTAGGTTTG-1	Microglia
ADsum_NCF60_ATACCTGCACAATGTT-1	Microglia
ADsum_NCF221_GGAAGTATCCGCCTCA-1	Microglia
ADsum_NCF60_AAGCTCCCAGGATGGC-1	Microglia
ADsum_NCF60_GCGATTTAGTCTCACC-1	Microglia
ADsum_NCF71_GGCTCACAGGCTGGCT-1	Microglia
ADsum_NCF71_GGACGAAGTTAGGCTA-1	Microglia
ADsum_NCF140_AAACATGCAGCTCAAC-1	Microglia
ADsum_NCF60_GTGCTGATCTTACTCG-1	Microglia
ADsum_NCF349_GTTTCCTCAGAAACGT-1	Microglia
ADsum_NCF71_GACTTAGGTGGTTATG-1	Microglia
ADsum_NCF161_AGTATAGCACAATGTT-1	Microglia
ADsum_NCF64_GGCCTTCGTTTCCGGC-1	Microglia
ADsum_NCF94_ACCTTCATCCGTGACA-1	Microglia
ADsum_NCF216_CGAGTCGGTGTTGCAA-1	Microglia
ADsum_NCF140_AAGTGTTGTAAGCTTG-1	Microglia
ADsum_NCF71_GGAATCTTCGGTTAGT-1	Microglia
ADsum_NCF60_CCTGTATGTCCTTAGT-1	Microglia
ADsum_NCF216_CCGTGCTGTGATGATT-1	Microglia
ADsum_NCF64_CTATGAGGTTACATCC-1	Microglia
ADsum_NCF161_TGGTCCTTCCCGCAAA-1	Microglia
ADsum_NCF60_GACGCCTAGGCAGGTG-1	Microglia
ADsum_NCF140_GTACTTAAGCGAGTAA-1	Microglia
ADsum_NCF115_GTTTAGCAGGTCCACA-1	Microglia
ADsum_NCF340_ATGTCATCAGGACACA-1	Microglia
ADsum_NCF140_GTCCTCCCATCATGTG-1	Microglia
ADsum_NCF349_GACGTAAAGGTTACAC-1	Microglia
ADsum_NCF71_GCGCAATGTTCGCTTG-1	Microglia
ADsum_NCF160_CGTGCTGCACAGGATG-1	Microglia
ADsum_NCF71_TTAGCTGCAATTGCGC-1	Microglia
ADsum_NCF71_TTGCTCTCAGCAACCT-1	Microglia
ADsum_NCF115_TGACCTTGTTGGTTCT-1	Microglia
ADsum_NCF221_GCAACAGCATGTGGGA-1	Microglia
ADsum_NCF60_CTAGGCGGTACCTTAC-1	Microglia
ADsum_NCF340_CCTGTTGGTCACCTAT-1	Microglia
ADsum_NCF71_TTGACATCACTAAGTT-1	Microglia
ADsum_NCF224_GTCATGCCAAGTTATC-1	Microglia
ADsum_NCF349_TTGAGGCGTCAAGTGC-1	Microglia
ADsum_NCF71_AGGGCCTTCATGTGGT-1	Microglia
ADsum_NCF200_CGTGTGTCAGGTCCTG-1	Microglia
ADsum_NCF200_GTTAGACTCATTTAGG-1	Microglia
ADsum_NCF216_CCTTCGGTCATGCAAC-1	Microglia
ADsum_NCF216_TGAGGTGCATAGCTTG-1	Microglia
ADsum_NCF71_TTGTTTGGTTCACCCA-1	Microglia
ADsum_NCF140_ACTAGGCGTTCACCAT-1	Microglia
ADsum_NCF224_GTGCTCCGTTGGTGAC-1	Microglia
ADsum_NCF349_ACCTGGTCACCACAAC-1	Microglia
ADsum_NCF200_CAGCTATAGACTATTG-1	Microglia
ADsum_NCF82_TCCATATTCGGCCATA-1	Microglia
ADsum_NCF64_TTGGCGGGTTGTGATG-1	Microglia
ADsum_NCF95_GATTGCGTCAGGAACA-1	Microglia
ADsum_NCF340_TTGGCTTGTAATGACT-1	Microglia
ADsum_NCF71_AGGCAGGTCCCGCAAA-1	Microglia
ADsum_NCF140_TGTTCCTCACATAGCC-1	Microglia
ADsum_NCF71_GTGGTTAGTCATCAAG-1	Microglia
ADsum_NCF216_CGAGCGAAGCGATACT-1	Microglia
ADsum_NCF60_CTGAAACTCGCACAAT-1	Microglia
ADsum_NCF60_GTTCCTTCATAAGGAC-1	Microglia
ADsum_NCF221_GCTGTGCAGTTGTCCC-1	Microglia
ADsum_NCF71_GCTCCTTAGCAATAGG-1	Microglia
ADsum_NCF140_TGGACCGGTCGCAAAC-1	Microglia
ADsum_NCF71_TGGATTCAGGTATTGC-1	Microglia
ADsum_NCF71_TTAAAGGCATTTGCTC-1	Microglia
ADsum_NCF140_GCAATAGAGGAGGTTA-1	Microglia
ADsum_NCF216_GTGGATGCAATGCCCG-1	Microglia
ADsum_NCF60_ACCCGGTAGAACCTGT-1	Microglia
ADsum_NCF60_TTTGTGGCATGAAGTA-1	Microglia
ADsum_NCF216_TGTGCGCAGGACCTTG-1	Microglia
ADsum_NCF340_AGCCGGTTCCATTACT-1	Microglia
ADsum_NCF224_TGCGCAGGTTGCAGTA-1	Microglia
ADsum_NCF60_TACTGCACATATTGAC-1	Microglia
ADsum_NCF216_TGATGACTCTGGCATG-1	Microglia
ADsum_NCF140_ATGCGATTCTTAGTGA-1	Microglia
ADsum_NCF71_CTTTGGGAGCTAATCA-1	Microglia
ADsum_NCF140_TCTTAGCGTCAGGCAT-1	Microglia
ADsum_NCF71_GATTACTCACTTAGGC-1	Microglia
ADsum_NCF71_AAAGGCTCAGTTGCGT-1	Microglia
ADsum_NCF160_CAGGATGCACCTGCCT-1	Microglia
ADsum_NCF200_GGTCAGGAGCGCTCAA-1	Microglia
ADsum_NCF221_GCCAGGAAGCTATTAG-1	Microglia
ADsum_NCF71_ATAATGGCAGCCTAAC-1	Microglia
ADsum_NCF349_CGTTATTTCTTGAGCG-1	Microglia
ADsum_NCF60_TGCTGGATCCATTACT-1	Microglia
ADsum_NCF71_GAGGTAGGTAGCCTCC-1	Microglia
ADsum_NCF64_GAAGTGATCAAATCGC-1	Microglia
ADsum_NCF60_AAGGCCCTCAGCAAGA-1	Microglia
ADsum_NCF140_ATGTCCACACACTAAT-1	Microglia
ADsum_NCF60_TGCTCTCAGTACTGGT-1	Microglia
ADsum_NCF64_GCATTAGGTACAATGT-1	Microglia
ADsum_NCF60_TCAGCAAGTTCCGGGA-1	Microglia
ADsum_NCF349_TCCACAACATGTCAGC-1	Microglia
ADsum_NCF340_ATGTTCAAGATACTTG-1	Microglia
ADsum_NCF115_TGACCAAGTAGTTAAC-1	Microglia
ADsum_NCF221_TCGTCAACAGAGGCTA-1	Microglia
ADsum_NCF82_TACCTTTAGTTGGCCA-1	Microglia
ADsum_NCF60_CGATCCTTCATGCTAA-1	Microglia
ADsum_NCF340_CTCATTGTCATCCACC-1	Microglia
ADsum_NCF60_GGTATGTTCTCAATTC-1	Microglia
ADsum_NCF200_TGAGCACGTACCGGAT-1	Microglia
ADsum_NCF60_CTTATTGGTGTCCAGG-1	Microglia
ADsum_NCF60_GCTGCACAGACAGGTA-1	Microglia
ADsum_NCF115_TAGACCAGTCGCAAAC-1	Microglia
ADsum_NCF161_TTTAACCTCGGTCAAT-1	Microglia
ADsum_NCF140_CTTATGTTCGTTAACA-1	Microglia
ADsum_NCF115_CGGACAACAAGTAAGC-1	Microglia
ADsum_NCF71_CACATTAAGGTCAAAG-1	Microglia
ADsum_NCF71_CGTAGTTAGCATGTCG-1	Microglia
ADsum_NCF60_AGTTGCAGTGAAACAA-1	Microglia
ADsum_NCF82_GTGTTACAGTTGTCTT-1	Microglia
ADsum_NCF71_GGGTCAACATAAACCT-1	Microglia
ADsum_NCF349_GTACTGGTCCCTGTTA-1	Microglia
ADsum_NCF71_TCAAGAACATTGTCCT-1	Microglia
ADsum_NCF340_CTGGACCAGCAGGCCT-1	Microglia
ADsum_NCF82_GGATTTATCTTACTCG-1	Microglia
ADsum_NCF60_TCCTGTTCAACCTAAT-1	Microglia
ADsum_NCF71_CGCGATTCAGCTCATA-1	Microglia
ADsum_NCF60_CCTGGTAAGGCCCAGT-1	Microglia
ADsum_NCF200_AACATTGTCCGCCAAA-1	Microglia
ADsum_NCF340_GTAATAGCACCTCACC-1	Microglia
ADsum_NCF60_TAGCATATCGATTTGA-1	Microglia
ADsum_NCF140_AGTCCTGAGGACGTAA-1	Microglia
ADsum_NCF71_ACTGAAACATGGCCCA-1	Microglia
ADsum_NCF60_ATGCTTAAGAGGAAGG-1	Microglia
ADsum_NCF200_ACTAACTCAAGTGAAC-1	Microglia
ADsum_NCF115_ATTGAAGCAGTACCGT-1	Microglia
ADsum_NCF60_TTGAGGCGTTGCCTCA-1	Microglia
ADsum_NCF71_GGCCAACTCTTGTCTG-1	Microglia
ADsum_NCF71_TATAGCCAGCCTGAGC-1	Microglia
ADsum_NCF115_CATGGCGGTAATCGTG-1	Microglia
ADsum_NCF60_GGTCTTGAGGCTGGCT-1	Microglia
ADsum_NCF200_ATTATGGTCGGTAACT-1	Microglia
ADsum_NCF340_TGTAATGTCAATGTGC-1	Microglia
ADsum_NCF60_TGAGCCGGTTGTTGGA-1	Microglia
ADsum_NCF221_TAGTTGTCAATTAGCT-1	Microglia
ADsum_NCF71_ACCAATATCACTTCAT-1	Microglia
ADsum_NCF216_TTGCATTTCACTAATG-1	Microglia
ADsum_NCF64_CACCTGTTCTTCAATC-1	Microglia
ADsum_NCF349_TTCCCACAGGCTGGCT-1	Microglia
ADsum_NCF71_CTGACATAGGACCAGG-1	Microglia
ADsum_NCF140_CCTACTGGTTTGCGCC-1	Microglia
ADsum_NCF60_TGCATCCTCCTTAGTT-1	Microglia
ADsum_NCF216_CCAAGGCTCGATTCTT-1	Microglia
ADsum_NCF64_CCTACTGGTTACAACG-1	Microglia
ADsum_NCF224_AAGCCTGTCTGTTGCC-1	Microglia
ADsum_NCF115_ACAGCGCTCCAAGTTA-1	Microglia
ADsum_NCF94_AGGTATTGTATTTGGG-1	Microglia
ADsum_NCF71_TAATGGTGTAGCCTCC-1	Microglia
ADsum_NCF200_GCTTGTTGTGATTTGG-1	Microglia
ADsum_NCF224_GTGCTCAAGGTGAGAC-1	Microglia
ADsum_NCF60_GCTTAGTAGACTAAGG-1	Microglia
ADsum_NCF340_CCTAAATCACTGACTA-1	Microglia
ADsum_NCF60_ACTAACTCAGTAGCCT-1	Microglia
ADsum_NCF60_CATGCAAGTCAAGTGC-1	Microglia
ADsum_NCF115_TAGTAAGCAATTGAAG-1	Microglia
ADsum_NCF71_CATTGTGCACAGCCTG-1	Microglia
ADsum_NCF71_GTTAATGTCCGCACAA-1	Microglia
ADsum_NCF140_GGTTGACGTTGTAACG-1	Microglia
ADsum_NCF140_AAGAATCAGGCGCATC-1	Microglia
ADsum_NCF115_AAACGGATCCGCTAGA-1	Microglia
ADsum_NCF64_CGTTTCTCAGCACGTT-1	Microglia
ADsum_NCF340_TACAACATCCTAAATG-1	Microglia
ADsum_NCF71_ACCCAACCACCCACAG-1	Microglia
ADsum_NCF216_GATTGGCGTTAAGCGC-1	Microglia
ADsum_NCF60_GTCCATTGTGATTTGG-1	Microglia
ADsum_NCF160_AGTCAAGAGCCTGGTA-1	Microglia
ADsum_NCF71_CGATTCCTCGGTTACG-1	Microglia
ADsum_NCF140_AATTACCCATAAGGAC-1	Microglia
ADsum_NCF161_GATAAGCCAAACCCTA-1	Microglia
ADsum_NCF71_CAAGCTAGTCGCAAAC-1	Microglia
ADsum_NCF71_CCAGCTAAGGAGGTTA-1	Microglia
ADsum_NCF60_AACAAAGGTACAATGT-1	Microglia
ADsum_NCF161_ACTTATCTCTAATCCT-1	Microglia
ADsum_NCF160_ACGAGTAAGTTACTTC-1	Microglia
ADsum_NCF140_CAGCTAAGTCCTGATT-1	Microglia
ADsum_NCF60_ATATGCTCATAGACCC-1	Microglia
ADsum_NCF224_AGCATTTCATTAAGCT-1	Microglia
ADsum_NCF95_TTGAGGCGTCAAAGGG-1	Microglia
ADsum_NCF200_CGTAACCCATAATCCG-1	Microglia
ADsum_NCF340_AACCGGCTCCGCACAA-1	Microglia
ADsum_NCF221_CCTTCGTAGGAGTCTT-1	Microglia
ADsum_NCF340_ATATGTCCAATCCTAG-1	Microglia
ADsum_NCF64_GCTCACAAGCACGTTG-1	Microglia
ADsum_NCF71_TCTTAGCGTTATCCGT-1	Microglia
ADsum_NCF221_ATGGCTGTCATTTGCT-1	Microglia
ADsum_NCF71_CCTGAATAGCATGAAG-1	Microglia
ADsum_NCF221_ACGCCTAAGTGATTCA-1	Microglia
ADsum_NCF140_AGCAATTGTGCGCAAT-1	Microglia
ADsum_NCF71_CGAAGTAAGTATTGTG-1	Microglia
ADsum_NCF71_ATTGGTTCACTAGGTC-1	Microglia
ADsum_NCF221_AATTGCTCATTAAGCT-1	Microglia
ADsum_NCF216_CGTTAGTAGACTATTG-1	Microglia
ADsum_NCF64_CAGCTATAGTTGGCCA-1	Microglia
ADsum_NCF161_GGGATAATCCAACTGG-1	Microglia
ADsum_NCF60_CACTAGCCATCCATCT-1	Microglia
ADsum_NCF71_AGCAATACACACTAAT-1	Microglia
ADsum_NCF340_TAATCCGCATTAAACC-1	Microglia
ADsum_NCF71_AGGATTGAGTGAGGTA-1	Microglia
ADsum_NCF216_GTTCCTGGTTTAGTCC-1	Microglia
ADsum_NCF71_ATAAGCCTCTAAATCG-1	Microglia
ADsum_NCF115_CTACTAAAGCGGTTAT-1	Microglia
ADsum_NCF60_ACTGAATGTTAATCGG-1	Microglia
ADsum_NCF95_GCGGATACAGACAAAC-1	Microglia
ADsum_NCF216_GTCTTTGTCCTTGTTG-1	Microglia
ADsum_NCF349_CTTTGAGCACTGACCG-1	Microglia
ADsum_NCF340_ACAGGTAAGGCTTAGT-1	Microglia
ADsum_NCF82_GTGAGGAGTCCAAATG-1	Microglia
ADsum_NCF160_TTGGGTTAGCTCAAAC-1	Microglia
ADsum_NCF64_GGAACTAAGTATTGTG-1	Microglia
ADsum_NCF340_TCATTTGGTTCCATTA-1	Microglia
ADsum_NCF60_CCTTGTTCACCGGTAT-1	Microglia
ADsum_NCF216_TAGCCGGGTTAGCGTA-1	Microglia
ADsum_NCF95_TTTAGCTTCCAGGAAA-1	Microglia
ADsum_NCF340_CTAGTGAGTCTTACTA-1	Microglia
ADsum_NCF64_CCAAATCAGCCGCAGT-1	Microglia
ADsum_NCF60_AGTCTTGCAAGCCACT-1	Microglia
ADsum_NCF60_CAAACGCGTAATTAGC-1	Microglia
ADsum_NCF140_GAAGTAAGTTCGCGCT-1	Microglia
ADsum_NCF115_TTATGCGCAGCTCAAC-1	Microglia
ADsum_NCF71_GTTAACCAGGGATGCG-1	Microglia
ADsum_NCF160_TACATCAAGTTGTCTT-1	Microglia
ADsum_NCF349_GCCATTACATAATTGC-1	Microglia
ADsum_NCF71_CTCGTTATCATAGACC-1	Microglia
ADsum_NCF60_CCTGTATGTGGTTAGC-1	Microglia
ADsum_NCF82_TACGCACCATTAAACC-1	Microglia
ADsum_NCF60_GTGCTTCTCCGCATGA-1	Microglia
ADsum_NCF60_AGTAATGCATGTGGGA-1	Microglia
ADsum_NCF340_TGCAGGCTCTACTAAG-1	Microglia
ADsum_NCF71_CTCATCATCGGTTTGG-1	Microglia
ADsum_NCF71_CAACAATGTGCTTTAC-1	Microglia
ADsum_NCF60_CATTATGAGCTTTGGG-1	Microglia
ADsum_NCF71_GGTACTAGTTCCTGAT-1	Microglia
ADsum_NCF161_GCAACAGCATTGCAGC-1	Microglia
ADsum_NCF216_GTACCGGGTCACAGAC-1	Microglia
ADsum_NCF216_AGCGGATAGCTTAGTA-1	Microglia
ADsum_NCF160_TGTCAGTAGTGTTGTA-1	Microglia
ADsum_NCF71_ACGCAAGCAGTTGCGT-1	Microglia
ADsum_NCF200_GCTCCTTAGCACCACA-1	Microglia
ADsum_NCF71_CGCTAACCAGCAGGTA-1	Microglia
ADsum_NCF95_CTGCTATGTTACATCC-1	Microglia
ADsum_NCF140_GGTTTAATCATAGACC-1	Microglia
ADsum_NCF340_CGTAATGGTTTGTTGC-1	Microglia
ADsum_NCF216_TGAGGGCCATCCTAGA-1	Microglia
ADsum_NCF200_AAAGCGGGTATTGAGT-1	Microglia
ADsum_NCF340_GATCCGTCACTGACTA-1	Microglia
ADsum_NCF71_GACCTCAAGTTCCTCA-1	Microglia
ADsum_NCF71_CCAGTTTGTGGAAGGC-1	Microglia
ADsum_NCF60_ACCTGTTGTTAGGTTG-1	Microglia
ADsum_NCF60_ATGGTCTAGGAACCGG-1	Microglia
ADsum_NCF71_GGTTTCTGTTTGGCTT-1	Microglia
ADsum_NCF60_GCTGTACCAGGAATCG-1	Microglia
ADsum_NCF64_TTTATGGAGCATGCAT-1	Microglia
ADsum_NCF95_GCGCTTGCAGTAAGTA-1	Microglia
ADsum_NCF349_GAGTCATTCAGGCCTA-1	Microglia
ADsum_NCF224_GAAGTGATCACCGGTA-1	Microglia
ADsum_NCF60_TACAACATCATGTGGT-1	Microglia
ADsum_NCF216_ATCCTCATCGCAACAT-1	Microglia
ADsum_NCF71_GGAATCTTCAAGCTTA-1	Microglia
ADsum_NCF340_CGCAATGTCGGTTAGT-1	Microglia
ADsum_NCF340_AACCGCTCATTCCTGT-1	Microglia
ADsum_NCF115_CGTTTGGAGGACAACA-1	Microglia
ADsum_NCF224_GAAGGAACATGAATAG-1	Microglia
ADsum_NCF60_TGCACCTTCGTTCACC-1	Microglia
ADsum_NCF340_TGAAACTGTCGTTACT-1	Microglia
ADsum_NCF60_ACGATTCAGTCTCACC-1	Microglia
ADsum_NCF71_TCTAGCGAGGACGTAA-1	Microglia
ADsum_NCF140_TTGCAAGGTTATCCGT-1	Microglia
ADsum_NCF60_CGATTCCTCGTTAGTA-1	Microglia
ADsum_NCF71_ACGTCCAAGGTCAAAG-1	Microglia
ADsum_NCF60_CTTGCGCGTAGTCAAT-1	Microglia
ADsum_NCF71_ACTAAAGCAGTAAGTA-1	Microglia
ADsum_NCF71_CGTTGCGCAAGCTACC-1	Microglia
ADsum_NCF95_CAGTACCCACGTTACA-1	Microglia
ADsum_NCF221_CCTGGTAAGGATCCGC-1	Microglia
ADsum_NCF71_GAGGTGAGTTGACTTC-1	Microglia
ADsum_NCF71_CTGTATTTCGACAAAG-1	Microglia
ADsum_NCF221_TATAACCCATTCCTCG-1	Microglia
ADsum_NCF224_GATGACTTCTCACTAT-1	Microglia
ADsum_NCF200_CAATCCCTCATCGTTT-1	Microglia
ADsum_NCF140_GCCCAAATCCTAAGAC-1	Microglia
ADsum_NCF221_CCTTACTCAATTAGGA-1	Microglia
ADsum_NCF200_GTTTGTCGTTTCCACG-1	Microglia
ADsum_NCF60_AAGGATTAGTTTGAGC-1	Microglia
ADsum_NCF221_CTTCAATTCGGTTTGG-1	Microglia
ADsum_NCF340_GCCCATAAGACAACGA-1	Microglia
ADsum_NCF71_CTATGACAGCTGAGGG-1	Microglia
ADsum_NCF340_ATGAAGCCAGCTTAGC-1	Microglia
ADsum_NCF115_CCGTTATGTGTTGCTT-1	Microglia
ADsum_NCF60_GTTCATTTCGCTAGAT-1	Microglia
ADsum_NCF82_TGCGCAGGTCAAACTG-1	Microglia
ADsum_NCF71_ATCGGCCAGGTAAGGC-1	Microglia
ADsum_NCF224_TCACGGATCATGTGGT-1	Microglia
ADsum_NCF71_GGTTACCCACGAATTT-1	Microglia
ADsum_NCF60_AAACCAACAATAGCCC-1	Microglia
ADsum_NCF95_TCGGTAAGTGACCTGG-1	Microglia
ADsum_NCF60_CATAGGTTCATTACAG-1	Microglia
ADsum_NCF200_GTTCACCTCAACAAGG-1	Microglia
ADsum_NCF60_CCTGAGTCACAGAACG-1	Microglia
ADsum_NCF216_AATGGCGCATAAGCAA-1	Microglia
ADsum_NCF71_ATGTGAGAGCGGTTAT-1	Microglia
ADsum_NCF60_TCTTAGCGTTCACTGT-1	Microglia
ADsum_NCF71_CCATAGCCATATAACC-1	Microglia
ADsum_NCF115_CTCTGTTCAGGCTTGT-1	Microglia
ADsum_NCF71_GATTCAATCCATTACT-1	Microglia
ADsum_NCF340_GCTAGCGGTAATGACT-1	Microglia
ADsum_NCF221_CCACAGGGTTTGGCTT-1	Microglia
ADsum_NCF71_TCCGGAATCACGCGGT-1	Microglia
ADsum_NCF64_TTGGAGGCAGGCGATA-1	Microglia
ADsum_NCF161_ACGCAAGCAGTTTACG-1	Microglia
ADsum_NCF71_GGAGGTTAGGAGCAAC-1	Microglia
ADsum_NCF349_TTTGGTGCATGAGTTT-1	Microglia
ADsum_NCF60_ATTGTGATCCTCATCA-1	Microglia
ADsum_NCF71_TGTGGAGCACCCACCT-1	Microglia
ADsum_NCF71_GAGTAACCAGTAGGTG-1	Microglia
ADsum_NCF216_GCCCAAATCTGTTGCC-1	Microglia
ADsum_NCF95_GTCCGTAAGTAATCCA-1	Microglia
ADsum_NCF82_TCACCGGCAATAAGCA-1	Microglia
ADsum_NCF71_ACCACATAGTCAGTAC-1	Microglia
ADsum_NCF60_TCCGCCATCCTAGTAA-1	Microglia
ADsum_NCF60_TTAGGCGTCTTGCATT-1	Microglia
ADsum_NCF216_ATGTCATCAAGGAATC-1	Microglia
ADsum_NCF71_ATTACGTCAGCAATAA-1	Microglia
ADsum_NCF60_ATTACCGCATAACGGG-1	Microglia
ADsum_NCF60_TGAGTGAAGTTGTCTT-1	Microglia
ADsum_NCF71_CGACAAGCAAATTCGT-1	Microglia
ADsum_NCF60_ACGCCTAAGCATCCAG-1	Microglia
ADsum_NCF71_AGTATAGCAACAGGAT-1	Microglia
ADsum_NCF71_GCCATTACACACTAAT-1	Microglia
ADsum_NCF71_ACAGGAATCATGCTTT-1	Microglia
ADsum_NCF349_GTTCGCTTCGGTTAGT-1	Microglia
ADsum_NCF340_CTCTAAGCAAACTGCC-1	Microglia
ADsum_NCF216_ACTCCTCAGGATAAAC-1	Microglia
ADsum_NCF71_GTAAGCGCACGCAACT-1	Microglia
ADsum_NCF71_TACTCAAAGCTTAGCG-1	Microglia
ADsum_NCF221_AGTTACTCACGTGCTG-1	Microglia
ADsum_NCF340_AGAGAGGAGGTAACGA-1	Microglia
ADsum_NCF60_GACATAGAGTGGACAA-1	Microglia
ADsum_NCF64_CTGGATGTCCAGGTTG-1	Microglia
ADsum_NCF64_CGTAATGGTAGGATCC-1	Microglia
ADsum_NCF71_AGCTACTAGATAACCC-1	Microglia
ADsum_NCF71_GCGCTTAAGTCCTGAG-1	Microglia
ADsum_NCF95_GTTACTAAGCTTCTCA-1	Microglia
ADsum_NCF340_TATGGGCGTGTTGTAG-1	Microglia
ADsum_NCF60_GTAAGGTCAGGAACTG-1	Microglia
ADsum_NCF60_ATAACGACATTAGCCA-1	Microglia
ADsum_NCF95_GTCATTAAGCAAGGTA-1	Microglia
ADsum_NCF71_ATCCAACAGGATAAAC-1	Microglia
ADsum_NCF71_AGTCCTGAGGCGCTAC-1	Microglia
ADsum_NCF224_TGTAACTCAATGCGCT-1	Microglia
ADsum_NCF349_GGAGGTTAGCGAGTAA-1	Microglia
ADsum_NCF71_ATTAGCGGTATTCGTC-1	Microglia
ADsum_NCF71_CCCTCAGTCGCTATAA-1	Microglia
ADsum_NCF140_CCGCCAACATTGTGCA-1	Microglia
ADsum_NCF71_GAGGTAGGTTGGCGTG-1	Microglia
ADsum_NCF82_ATGACCAGTGTCCAGG-1	Microglia
ADsum_NCF60_GGTACTAGTATGGTGC-1	Microglia
ADsum_NCF71_GACCGAACATCAGCAC-1	Microglia
ADsum_NCF140_CCTCAATGTAGGTGTC-1	Microglia
ADsum_NCF71_CAACAGGCATAAGCAA-1	Microglia
ADsum_NCF216_TGTGTTAAGTTAGTTG-1	Microglia
ADsum_NCF64_ATTACGTCATCAGCAC-1	Microglia
ADsum_NCF140_CAGGTTAGTAATCACG-1	Microglia
ADsum_NCF60_GGAAGTATCTCCATGC-1	Microglia
ADsum_NCF340_TGTAAGTGTAGGTGTC-1	Microglia
ADsum_NCF140_CACCTCAGTTGTTGCT-1	Microglia
ADsum_NCF60_GTAGCGCTCCCTGGTT-1	Microglia
ADsum_NCF60_ACGCAAGCATGAGCAG-1	Microglia
ADsum_NCF115_ATTTGCAAGGGATTAG-1	Microglia
ADsum_NCF115_CTCCTCACACAAAGGT-1	Microglia
ADsum_NCF340_CTTCACTCAGGCTAGA-1	Microglia
ADsum_NCF224_AAATGCCTCCACCTGT-1	Microglia
ADsum_NCF71_AAGTTACGTTCAAGAT-1	Microglia
ADsum_NCF60_AATGGCGCAAAGCGCA-1	Microglia
ADsum_NCF115_AGTCAGGCAATAACGA-1	Microglia
ADsum_NCF221_TAGTGAGAGTTCCCAC-1	Microglia
ADsum_NCF340_CGCGATTCATAAACCT-1	Microglia
ADsum_NCF95_CATCAATCACCTACGG-1	Microglia
ADsum_NCF224_AATTGACGTCTTGCAT-1	Microglia
ADsum_NCF160_ACATTGCAGGATTGCT-1	Microglia
ADsum_NCF140_GTTTCTAGTTAGGCTA-1	Microglia
ADsum_NCF140_GATGGACAGACAAAGT-1	Microglia
ADsum_NCF60_ATGGTCTAGACTAAGG-1	Microglia
ADsum_NCF95_TAGCTAGGTTAGTTGG-1	Microglia
ADsum_NCF161_CCTCAATGTTTGGCGG-1	Microglia
ADsum_NCF60_CCGCACACATCTAGCA-1	Microglia
ADsum_NCF60_TGCTTGCTCATGCAAC-1	Microglia
ADsum_NCF60_GTCCAAGTCTAATCCT-1	Microglia
ADsum_NCF64_CGTAGCGGTCATCATC-1	Microglia
ADsum_NCF71_TCGCTAACAAGCCACT-1	Microglia
ADsum_NCF71_ACCTGGTCATGTTGTG-1	Microglia
ADsum_NCF349_CTAGCTGAGCCTGACA-1	Microglia
ADsum_NCF216_GCTCAACCATGAATAG-1	Microglia
ADsum_NCF71_TAAGCTATCTCGCCTG-1	Microglia
ADsum_NCF71_AATCAGGAGGAGCATA-1	Microglia
ADsum_NCF95_TAGCAGGCATAATGTC-1	Microglia
ADsum_NCF71_CTAGCTGAGTCTTGAA-1	Microglia
ADsum_NCF60_GCAAACTTCCAAGTGT-1	Microglia
ADsum_NCF224_AACTGTTCAGGGAGCT-1	Microglia
ADsum_NCF140_ACCCAGGGTGGATGTC-1	Microglia
ADsum_NCF200_ATTTGCGCAATCCTAG-1	Microglia
ADsum_NCF216_CCCTCATAGTCATCCC-1	Microglia
ADsum_NCF71_GGTTAATGTCATAACG-1	Microglia
ADsum_NCF82_ACCCAGGGTTGTTGCT-1	Microglia
ADsum_NCF200_TTGTCAAAGCGGATAA-1	Microglia
ADsum_NCF71_GTCGCAATCCTCCCTC-1	Microglia
ADsum_NCF161_CATCGCTTCCCTCATA-1	Microglia
ADsum_NCF64_AATTGGGAGTATGTGC-1	Microglia
ADsum_NCF60_TAGCAGGCACCAAAGG-1	Microglia
ADsum_NCF340_TGCTATGCACTAAGAA-1	Microglia
ADsum_NCF64_AGAAACCCACTTCATC-1	Microglia
ADsum_NCF95_CGCATTTGTTTGGCTT-1	Microglia
ADsum_NCF64_ACGGTTTAGTGTTGTA-1	Microglia
ADsum_NCF71_CGCTATGAGTAATCCA-1	Microglia
ADsum_NCF60_TTAACCAAGGAACCGG-1	Microglia
ADsum_NCF71_GCAAGCCTCAAACCTA-1	Microglia
ADsum_NCF60_ACACAATGTGAGGTGA-1	Microglia
ADsum_NCF71_GTTCCTTCATTAAACC-1	Microglia
ADsum_NCF71_CACCAACCAAGCTAAA-1	Microglia
ADsum_NCF115_AGCCGGTTCCTCACAC-1	Microglia
ADsum_NCF340_CTGGCTAAGGCATTGT-1	Microglia
ADsum_NCF200_GGGTATTTCACCGGTA-1	Microglia
ADsum_NCF60_TGAGCTTAGTAAGTCC-1	Microglia
ADsum_NCF200_CAGGAAGGTAATCACG-1	Microglia
ADsum_NCF200_ATGACAACATCATGTG-1	Microglia
ADsum_NCF160_CAAGGCCTCCTCGATC-1	Microglia
ADsum_NCF115_GATTGATGTATTGGAT-1	Microglia
ADsum_NCF160_TTCAGCACAGGCGAGT-1	Microglia
ADsum_NCF71_GGTACAAAGGTATTGC-1	Microglia
ADsum_NCF71_CGTGACATCTGTGCCT-1	Microglia
ADsum_NCF82_TTGGTGAGTGCCGCAA-1	Microglia
ADsum_NCF71_AGGTATTGTCCGTAGG-1	Microglia
ADsum_NCF94_AACGCCCAGCATTAGC-1	Microglia
ADsum_NCF60_GCGTAACGTTCCTGTG-1	Microglia
ADsum_NCF60_CTAAAGCTCCTGGTGA-1	Microglia
ADsum_NCF71_TGTAACTCAAGCTAAA-1	Microglia
ADsum_NCF71_CAGGACCTCGATATTG-1	Microglia
ADsum_NCF200_ATTGCTCGTTCACCCA-1	Microglia
ADsum_NCF349_TCGTTATTCTCCATAT-1	Microglia
ADsum_NCF340_ATCCGTGAGTCACCTC-1	Microglia
ADsum_NCF60_GATAGACCATAGTCAT-1	Microglia
ADsum_NCF95_CCTTTAGTCGGTTACG-1	Microglia
ADsum_NCF71_AGGTTAGAGCGCTCAA-1	Microglia
ADsum_NCF200_CAATCCCTCCTGGTCT-1	Microglia
ADsum_NCF160_GGTCATTAGCTGGACC-1	Microglia
ADsum_NCF95_ACACCTTGTGAGGTAG-1	Microglia
ADsum_NCF60_TAGGTTGGTAGGATTT-1	Microglia
ADsum_NCF340_AATATCCCAAAGCTAA-1	Microglia
ADsum_NCF71_CAATAAGCATGGCCTG-1	Microglia
ADsum_NCF71_TCTTCAAGTGGTTAGC-1	Microglia
ADsum_NCF200_CGCCTCATCAGCATTA-1	Microglia
ADsum_NCF221_GCTGACATCCCATAAA-1	Microglia
ADsum_NCF216_CCACAATAGTTAACCA-1	Microglia
ADsum_NCF60_GCTATCCTCGAGCTAT-1	Microglia
ADsum_NCF71_TGGCCATCACCAGGTT-1	Microglia
ADsum_NCF221_GTGAATCTCCTAAGAC-1	Microglia
ADsum_NCF60_TTGCAGCCATTCCTGT-1	Microglia
ADsum_NCF200_GGCTAGTGTATTCGTC-1	Microglia
ADsum_NCF340_GCTGCAATCGCTAAAC-1	Microglia
ADsum_NCF340_GCACGCTAGCACAGGG-1	Microglia
ADsum_NCF60_TGGTCAGTCACGAATC-1	Microglia
ADsum_NCF115_GCAGGTGAGGCCTGGT-1	Microglia
ADsum_NCF60_AGGCTAAAGTGTGATC-1	Microglia
ADsum_NCF221_ATTGCTCGTTGTCCAT-1	Microglia
ADsum_NCF200_CAACAATGTTCATTTG-1	Microglia
ADsum_NCF349_GAGTATCTCGCTAGAT-1	Microglia
ADsum_NCF60_CGCTCCATCGTTATAG-1	Microglia
ADsum_NCF140_GAGTGTTTCACGCATG-1	Microglia
ADsum_NCF140_TCTACTAGTTAGAGCC-1	Microglia
ADsum_NCF115_TCTAACCGTACCGGAT-1	Microglia
ADsum_NCF161_GTTCCTGGTTTCGCCA-1	Microglia
ADsum_NCF71_TCTCGCCCAGGACCTT-1	Microglia
ADsum_NCF160_AAGTGTTGTTCCAGGG-1	Microglia
ADsum_NCF340_TTGGCTGAGCTTAGTA-1	Microglia
ADsum_NCF349_GAAAGCCAGGGACTAA-1	Microglia
ADsum_NCF140_GTCTATGCAGATTCAT-1	Microglia
ADsum_NCF160_AAGGTGCAGGTCGATT-1	Microglia
ADsum_NCF115_TTACAGCAGGAACGCG-1	Microglia
ADsum_NCF60_GCACCTAAGGCGCACT-1	Microglia
ADsum_NCF115_GCCATTACACAGCCAT-1	Microglia
ADsum_NCF200_GTATCGCCAGTAATAG-1	Microglia
ADsum_NCF115_GCATCCTTCTATGACA-1	Microglia
ADsum_NCF71_CCCAACCGTTAAGTGT-1	Microglia
ADsum_NCF221_TGATGACTCCTCAGTC-1	Microglia
ADsum_NCF60_CGCCTGTGTCAAACTG-1	Microglia
ADsum_NCF71_GGGTTTCCAGTTGCGT-1	Microglia
ADsum_NCF224_CTATTCAGTACCAGGT-1	Microglia
ADsum_NCF60_CGTATTGCAAGTCGCT-1	Microglia
ADsum_NCF60_TCCCTCACATAATGTC-1	Microglia
ADsum_NCF216_AGTTGGCGTACAAAGA-1	Microglia
ADsum_NCF60_CAGGGCTTCTGCAAGT-1	Microglia
ADsum_NCF94_GACGCAACAAGACTCC-1	Microglia
ADsum_NCF349_GAGGAGGCAAACTAAG-1	Microglia
ADsum_NCF160_TCATAACCATCGCTCC-1	Microglia
ADsum_NCF94_TTAGGCTAGGCCTGGT-1	Microglia
ADsum_NCF115_TGGACGGAGCAGGTGG-1	Microglia
ADsum_NCF160_GGACAGCCAAGCGAGC-1	Microglia
ADsum_NCF224_CCTTCGGTCACAGGAA-1	Microglia
ADsum_NCF200_AGAACAAGTTCACCAT-1	Microglia
ADsum_NCF60_GCCCAAATCCAATTAG-1	Microglia
ADsum_NCF115_TCATACTTCAAGCGCC-1	Microglia
ADsum_NCF71_TTGACATCATCCGTAA-1	Microglia
ADsum_NCF71_TTTCAGTTCGATTCTT-1	Microglia
ADsum_NCF71_GTTTGTTTCCCTTGCG-1	Microglia
ADsum_NCF60_TTAGCGGTCGTCCTTA-1	Microglia
ADsum_NCF60_GTGTTCCTCATTCATC-1	Microglia
ADsum_NCF60_TTAGACTCATCGCTTT-1	Microglia
ADsum_NCF71_CAATAAGCACAAAGAC-1	Microglia
ADsum_NCF340_CAGGATGCAAGCTACC-1	Microglia
ADsum_NCF71_AATACCGGTCATTGAG-1	Microglia
ADsum_NCF349_GCAAACCGTGCCGCAA-1	Microglia
ADsum_NCF95_TTGCATTTCGACAAAG-1	Microglia
ADsum_NCF71_CCATATTTCGCAATCG-1	Microglia
ADsum_NCF200_TCAACAATCGCGCTAA-1	Microglia
ADsum_NCF340_AGAGAAGCATGCAACC-1	Microglia
ADsum_NCF94_GCTTGACCAAACGGGC-1	Microglia
ADsum_NCF71_GTCGCAATCTTTAGGA-1	Microglia
ADsum_NCF221_TGGGCCTAGTTAGAGG-1	Microglia
ADsum_NCF71_AAGAACAGTTAAATGC-1	Microglia
ADsum_NCF160_GTTTGCTGTTTGTCTA-1	Microglia
ADsum_NCF60_GGCTAGACAGGCTTCG-1	Microglia
ADsum_NCF71_TCCTTCAAGGATCACT-1	Microglia
ADsum_NCF60_GAACACAAGATTCCTT-1	Microglia
ADsum_NCF224_GAGGCCTTCGGGCCAT-1	Microglia
ADsum_NCF221_CATAGTCAGCCAGGTC-1	Microglia
ADsum_NCF71_ATGGCTAGTAGCCTAA-1	Microglia
ADsum_NCF140_AAACGTACAACCCTAA-1	Microglia
ADsum_NCF60_ACTTCGCTCCTTGCGT-1	Microglia
ADsum_NCF71_GCTGCACAGCTTACTT-1	Microglia
ADsum_NCF71_CCTCAAACAGAGGCTA-1	Microglia
ADsum_NCF340_GGGCGAATCGTTAGTA-1	Microglia
ADsum_NCF349_TCCATGCTCTTAAGTG-1	Microglia
ADsum_NCF71_ATCCAACAGGAGCAAC-1	Microglia
ADsum_NCF115_GTTCTTAGTGCTTACT-1	Microglia
ADsum_NCF349_GTTGCATAGCCTGAGC-1	Microglia
ADsum_NCF140_GAGTGATCACCTACTT-1	Microglia
ADsum_NCF71_GCGCTTGCAAACTAAG-1	Microglia
ADsum_NCF340_ATTATGGTCTAAGTCA-1	Microglia
ADsum_NCF82_CCCTCAGTCCGCCTAT-1	Microglia
ADsum_NCF140_GCAGGCTTCACTCGCT-1	Microglia
ADsum_NCF60_CTTAAGATCTTGCTAT-1	Microglia
ADsum_NCF340_CCAATATCAGTAAAGC-1	Microglia
ADsum_NCF221_CATGAGGCAGCATGAG-1	Microglia
ADsum_NCF221_AGCGTGCTCGGGACCT-1	Microglia
ADsum_NCF71_GTGCCTTTCCCGCATT-1	Microglia
ADsum_NCF161_GCAAGCCTCCACCTGT-1	Microglia
ADsum_NCF340_ATGACAACAATTTAGC-1	Microglia
ADsum_NCF64_CATTGTGCACCTCACC-1	Microglia
ADsum_NCF71_AAATGGCCAAGGTGCA-1	Microglia
ADsum_NCF60_CTTTGAGCACTAAGCC-1	Microglia
ADsum_NCF64_GGCGCTAGTTTGAGCA-1	Microglia
ADsum_NCF95_GGTACCGGTTAAGCTG-1	Microglia
ADsum_NCF140_GATTGCGTCGCTATGG-1	Microglia
ADsum_NCF64_TGCTGGATCAAAGGCA-1	Microglia
ADsum_NCF95_TTAGAAGCAGGCCATT-1	Microglia
ADsum_NCF216_TTCCACGGTCAAAGGG-1	Microglia
ADsum_NCF71_GTGAGCGAGCACAGCC-1	Microglia
ADsum_NCF115_ACGAAGTCATAATGAG-1	Microglia
ADsum_NCF60_TTGTGCCTCTAGCTTT-1	Microglia
ADsum_NCF115_TCAAGCTAGCTACTGG-1	Microglia
ADsum_NCF161_CAGGACACACATTGCA-1	Microglia
ADsum_NCF71_CTACTAAAGTAAACCC-1	Microglia
ADsum_NCF200_ACAGCCGGTCCTTCTC-1	Microglia
ADsum_NCF115_TTCATCCCATGAGTTT-1	Microglia
ADsum_NCF221_GTTCTTAGTTCACCAT-1	Microglia
ADsum_NCF64_CGATTATCAGTTGCGT-1	Microglia
ADsum_NCF71_GCTATTGCACTCAACA-1	Microglia
ADsum_NCF160_GCCTGCTGTGGTTCTT-1	Microglia
ADsum_NCF160_TTAAGGTGTCAAGTAT-1	Microglia
ADsum_NCF64_CTGTTGGAGCCTGATG-1	Microglia
ADsum_NCF340_GATGCATTCATGCTCC-1	Microglia
ADsum_NCF60_AGGTTACTCAAGCTTA-1	Microglia
ADsum_NCF60_AAAGCGGGTCAATAGT-1	Microglia
ADsum_NCF94_GCTTAACAGTTAGAGG-1	Microglia
ADsum_NCF71_TTTAGGATCATTATGG-1	Microglia
ADsum_NCF95_ATGAAGTAGGTCAAAG-1	Microglia
ADsum_NCF200_GCAGCCAGTTGGCCGA-1	Microglia
ADsum_NCF60_CATAAGCTCCTAATTC-1	Microglia
ADsum_NCF115_TTAGCTGCAACTAACT-1	Microglia
ADsum_NCF64_ACGCTTGAGCAACATC-1	Microglia
ADsum_NCF216_GCTTAACAGTAAGAAC-1	Microglia
ADsum_NCF71_TCTAGCCTCCGGCTAA-1	Microglia
ADsum_NCF60_GATGGCTGTGTTGTAG-1	Microglia
ADsum_NCF64_TTCCTCAAGCGATAAG-1	Microglia
ADsum_NCF140_CCAGACTCAGTCTATG-1	Microglia
ADsum_NCF221_ATGCAGGCAATACTGT-1	Microglia
ADsum_NCF71_ACGACAAAGGGACTAA-1	Microglia
ADsum_NCF64_TCAGGAGCATTATCCC-1	Microglia
ADsum_NCF60_ATGTAAGCAATGCCTA-1	Microglia
ADsum_NCF221_GCTGTGCAGTCAATCA-1	Microglia
ADsum_NCF224_TAGAGCCGTCCACAAA-1	Microglia
ADsum_NCF216_TCTTCAAGTATCTGGA-1	Microglia
ADsum_NCF94_GAGGCAAGTTTGGCGG-1	Microglia
ADsum_NCF71_TGAGCCGGTTGTAACG-1	Microglia
ADsum_NCF200_CACCGGTAGTCACCAG-1	Microglia
ADsum_NCF60_AAACGGATCAAGCTAC-1	Microglia
ADsum_NCF349_ACGAACAAGCCGCTTT-1	Microglia
ADsum_NCF221_CCTCAGTTCTCACTCA-1	Microglia
ADsum_NCF71_ACCTGGATCGGTCATG-1	Microglia
ADsum_NCF60_GGTTCTTGTTGCTTCG-1	Microglia
ADsum_NCF115_TGCAAGCGTTCCAGGG-1	Microglia
ADsum_NCF340_ATGACCAGTCAATAGT-1	Microglia
ADsum_NCF221_GGACATAAGCCGGTAC-1	Microglia
ADsum_NCF200_GATAAGCCAAGTGAAC-1	Microglia
ADsum_NCF95_ATTCACTTCGAGGTGG-1	Microglia
ADsum_NCF60_CGCTTCTAGCTTTGGG-1	Microglia
ADsum_NCF60_CCCAATTGTTTATCGC-1	Microglia
ADsum_NCF60_CAAGGCTGTAGCTGGT-1	Microglia
ADsum_NCF71_AAGGATGTCGCTATGG-1	Microglia
ADsum_NCF349_AAGTTACGTCGCATAA-1	Microglia
ADsum_NCF140_TATTTGCTCTGTGCAG-1	Microglia
ADsum_NCF140_TTAAGTGTCGCGCTAA-1	Microglia
ADsum_NCF349_GGTTTCTGTGTCCAAA-1	Microglia
ADsum_NCF71_TGGCTTTGTATTACCC-1	Microglia
ADsum_NCF60_TTGGTGAGTGTGTGGT-1	Microglia
ADsum_NCF200_CTTACCTCAAAGGTAC-1	Microglia
ADsum_NCF340_ACTAAAGCAACCCTCC-1	Microglia
ADsum_NCF216_GACTATTCATCCTAGA-1	Microglia
ADsum_NCF160_GGAACCTGTTTATCTG-1	Microglia
ADsum_NCF71_GCTGCATCAACAGGTG-1	Microglia
ADsum_NCF349_CACCAACCACAATTAC-1	Microglia
ADsum_NCF64_TACGTAATCCGGTTAG-1	Microglia
ADsum_NCF221_CTGAATATCTGTAATG-1	Microglia
ADsum_NCF221_CATGAGGCATACTCCT-1	Microglia
ADsum_NCF95_TGATGAACACAATGTT-1	Microglia
ADsum_NCF115_ACTTATGAGTTACTTC-1	Microglia
ADsum_NCF340_TGGATTGGTTGCGGAT-1	Microglia
ADsum_NCF349_AGACACGCATTATCCC-1	Microglia
ADsum_NCF71_TGACCTTGTAGGTGTC-1	Microglia
ADsum_NCF71_TTTCCACCACATTGCA-1	Microglia
ADsum_NCF71_AAACATGCATTAGGTT-1	Microglia
ADsum_NCF64_GAGCTAGCATGACTAT-1	Microglia
ADsum_NCF60_GTAAGCAAGGGTTATC-1	Microglia
ADsum_NCF71_TATCGCGAGCAGGCCT-1	Microglia
ADsum_NCF221_GGAGCAAGTAAGGTCC-1	Microglia
ADsum_NCF160_GGAACCACAATAAGCA-1	Microglia
ADsum_NCF224_GCAGGACCAGGAACTG-1	Microglia
ADsum_NCF349_CCCAAATAGAGGCTAA-1	Microglia
ADsum_NCF140_ACGACTTAGACTTATG-1	Microglia
ADsum_NCF60_TCCAGGTCATCTAGCA-1	Microglia
ADsum_NCF60_GCCCGTTGTTAGGACC-1	Microglia
ADsum_NCF71_CTTGCGCGTAATGACT-1	Microglia
ADsum_NCF140_TTGTTTGGTGGGTACT-1	Microglia
ADsum_NCF71_CCGCAAGGTCAAACTG-1	Microglia
ADsum_NCF71_TACCTCATCCTCACAC-1	Microglia
ADsum_NCF60_CATCATGCACCTGTAA-1	Microglia
ADsum_NCF60_TAGGGTTTCAAGGACA-1	Microglia
ADsum_NCF60_TCGGTAAGTGTTGCAA-1	Microglia
ADsum_NCF71_AACTAGTGTCCTTCTC-1	Microglia
ADsum_NCF340_CTCCAAACAATGAAGC-1	Microglia
ADsum_NCF82_AAGCATGAGGTCCACA-1	Microglia
ADsum_NCF200_GGAATCTTCGCTAAGT-1	Microglia
ADsum_NCF71_GTCCGTAAGGAACACA-1	Microglia
ADsum_NCF60_TGAAGGATCCTCAGTC-1	Microglia
ADsum_NCF71_GCCTGAGGTTACCTGT-1	Microglia
ADsum_NCF71_CCGATGCAGAGGAGGA-1	Microglia
ADsum_NCF160_ATGCAAACACAGCCAT-1	Microglia
ADsum_NCF71_TCAGCGATCCCGCATT-1	Microglia
ADsum_NCF340_CCCGTTGTCGGTTCCT-1	Microglia
ADsum_NCF60_TAGCCGGGTCACTCGC-1	Microglia
ADsum_NCF60_GATGCTTAGCAGCTAT-1	Microglia
ADsum_NCF95_TTGTCCCAGTAGCGCC-1	Microglia
ADsum_NCF224_GCTTACCTCCATTACT-1	Microglia
ADsum_NCF340_GATTCATCAATAATCC-1	Microglia
ADsum_NCF71_TGAGCACGTGGACCTG-1	Microglia
ADsum_NCF64_GGGTGAAGTTGCTGGG-1	Microglia
ADsum_NCF60_GCCTTTGGTAGGTTTG-1	Microglia
ADsum_NCF340_CGAGGTGAGCATGGTT-1	Microglia
ADsum_NCF349_GATGCAGCATTTAAGC-1	Microglia
ADsum_NCF216_CAACCCTTCCCGCATT-1	Microglia
ADsum_NCF216_ATCCTGACATGTGGGA-1	Microglia
ADsum_NCF224_TGCTCACTCAGGCTAT-1	Microglia
ADsum_NCF200_GTTACCTGTCAGGAAG-1	Microglia
ADsum_NCF95_CAGCTATAGGCCTAAT-1	Microglia
ADsum_NCF115_CAGCTATAGGTCAAAG-1	Microglia
ADsum_NCF221_AAAGCCGCATTTGCTC-1	Microglia
ADsum_NCF221_GATAATCGTGGTGAGA-1	Microglia
ADsum_NCF140_TGAACAGAGTCATTGA-1	Microglia
ADsum_NCF64_TTAGCCTGTAAGGTTT-1	Microglia
ADsum_NCF140_TCCGCCATCACAGACT-1	Microglia
ADsum_NCF71_ACCTACCTCATCCTGC-1	Microglia
ADsum_NCF349_GAGGGAGCACAATACT-1	Microglia
ADsum_NCF216_GAGGGAGCACATGCTA-1	Microglia
ADsum_NCF60_ACAAACTGTAGTAAGA-1	Microglia
ADsum_NCF94_CATTTGTTCCTTTACG-1	Microglia
ADsum_NCF140_AATTAGGCAACCCTAA-1	Microglia
ADsum_NCF71_GAACTTATCTTGTTCG-1	Microglia
ADsum_NCF71_GATTCCTGTGCTAGCG-1	Microglia
ADsum_NCF340_TCCATTGTCTTGCAGG-1	Microglia
ADsum_NCF71_CGCTCCATCTCGACCT-1	Microglia
ADsum_NCF349_CAAGCTAGTTCCGGCT-1	Microglia
ADsum_NCF115_TTAAGGTGTGTCCTGC-1	Microglia
ADsum_NCF221_GCACCTAAGCTAATCA-1	Microglia
ADsum_NCF221_AAGACCAAGAATCGCT-1	Microglia
ADsum_NCF200_CAATAGCTCCTTCTAG-1	Microglia
ADsum_NCF349_CTGTTGGAGGTCTTGG-1	Microglia
ADsum_NCF115_CGCTATGAGGTGAGAC-1	Microglia
ADsum_NCF340_TTTCCGGGTCAACAAT-1	Microglia
ADsum_NCF95_TCCATAAAGCTCGCTT-1	Microglia
ADsum_NCF160_GCTTGTTGTCTTGCAT-1	Microglia
ADsum_NCF200_GGCCTTAAGCAACATC-1	Microglia
ADsum_NCF115_GTGGCTTCATCACAGC-1	Microglia
ADsum_NCF340_GGAACTAAGCGGATAA-1	Microglia
ADsum_NCF216_GCGGAACCAATGAAGC-1	Microglia
ADsum_NCF71_TTCACTGTCGTTAACA-1	Microglia
ADsum_NCF60_AAGCATGAGTTATCCT-1	Microglia
ADsum_NCF349_GAGCTTAGTGGGTACT-1	Microglia
ADsum_NCF60_AAGTGCAAGGAAGCTA-1	Microglia
ADsum_NCF71_CGCTCAGCAAGGGTTG-1	Microglia
ADsum_NCF71_GCTTGTTGTACCGTTT-1	Microglia
ADsum_NCF64_ATAGCATGTAGTCAAT-1	Microglia
ADsum_NCF60_TTAAGGTGTACGATTG-1	Microglia
ADsum_NCF60_GTTCACCTCTAGCGTG-1	Microglia
ADsum_NCF200_GCAGGCTTCATTGCAA-1	Microglia
ADsum_NCF71_CGATCCTTCCAACTGG-1	Microglia
ADsum_NCF71_GTTACTCGTGCATTTC-1	Microglia
ADsum_NCF160_TAGGCTAGTAATAACC-1	Microglia
ADsum_NCF95_GTTTGTAAGGACCTCA-1	Microglia
ADsum_NCF71_AGGTTACTCTACTAAG-1	Microglia
ADsum_NCF71_CTGCTATGTATTACCC-1	Microglia
ADsum_NCF71_CATTGCGAGGGATTAG-1	Microglia
ADsum_NCF349_GATCAGGCATCATGGC-1	Microglia
ADsum_NCF60_CTCTGTTCACCTGCCT-1	Microglia
ADsum_NCF200_GCGCCTTGTAATTAGC-1	Microglia
ADsum_NCF71_GATTGATGTTCGCTCA-1	Microglia
ADsum_NCF71_AACTACTCAGTTAGCC-1	Microglia
ADsum_NCF200_ACTTATCTCGGCTATG-1	Microglia
ADsum_NCF95_CTGAAACTCCTTCTAG-1	Microglia
ADsum_NCF60_TTATGACCACAATGCC-1	Microglia
ADsum_NCF95_ACTATCCGTAGCCTCC-1	Microglia
ADsum_NCF115_GAAGGCCCAACACCTA-1	Microglia
ADsum_NCF71_AAGACAAGTTCCGGGA-1	Microglia
ADsum_NCF71_GCATTAGGTAGCTAAT-1	Microglia
ADsum_NCF71_TGGACAAAGGCGCATC-1	Microglia
ADsum_NCF71_ACTCGCTTCCAGGTCA-1	Microglia
ADsum_NCF349_CAACCCTTCAGTTCCC-1	Microglia
ADsum_NCF60_ATAACGACATTAGGCC-1	Microglia
ADsum_NCF71_TATTGACCAGCATGGA-1	Microglia
ADsum_NCF161_AAGTGCAAGCTGGAAA-1	Microglia
ADsum_NCF60_TGTGCGGGTAGTTGGC-1	Microglia
ADsum_NCF160_GCAAGCCTCTTAATGG-1	Microglia
ADsum_NCF71_GATTCGCCACCTAAGC-1	Microglia
ADsum_NCF216_CTTAGGAGTGGCTTCC-1	Microglia
ADsum_NCF349_GGCAAATCATCGTTCT-1	Microglia
ADsum_NCF82_ACCTTGTGTTAGCCAA-1	Microglia
ADsum_NCF340_TATTACCTCCGCATGA-1	Microglia
ADsum_NCF224_TCACCTCAGCCACATG-1	Microglia
ADsum_NCF200_CGACAAGCAACCGCCA-1	Microglia
ADsum_NCF221_GCGAAGCCAAGCTAAA-1	Microglia
ADsum_NCF200_ACTTGTCGTTTGCGAA-1	Microglia
ADsum_NCF71_ATTGTCCGTACAATGT-1	Microglia
ADsum_NCF216_GATCAAGAGTGAAGTG-1	Microglia
ADsum_NCF82_TTGTTGTTCATGGCTG-1	Microglia
ADsum_NCF349_AAATGGCCAGTAGCCT-1	Microglia
ADsum_NCF71_CCAAACTAGACTATTG-1	Microglia
ADsum_NCF71_TCATGCCTCAATACGC-1	Microglia
ADsum_NCF71_GGCTCAATCTTGTTCG-1	Microglia
ADsum_NCF95_GAGAGGCGTTTGGGTA-1	Microglia
ADsum_NCF340_ATGTAAGCATCCTAGA-1	Microglia
ADsum_NCF340_ATCATGTCAAGGTACG-1	Microglia
ADsum_NCF349_CTAGTAGGTTCCAGGG-1	Microglia
ADsum_NCF71_CACTAAGGTGATGATT-1	Microglia
ADsum_NCF71_AACTACTCAGCTAATT-1	Microglia
ADsum_NCF71_TCTTGTCCAGGATGGC-1	Microglia
ADsum_NCF71_AGTTGCAGTCTTGCAT-1	Microglia
ADsum_NCF60_GTTAAACGTAGCCTCC-1	Microglia
ADsum_NCF349_CATAGACTCGTGCCTT-1	Microglia
ADsum_NCF216_GTGCAAGCAAGCTTTG-1	Microglia
ADsum_NCF60_TAAACAGCAGAGAGCC-1	Microglia
ADsum_NCF64_CAAATCATCTTTAAGG-1	Microglia
ADsum_NCF71_TAGTGTGGTAGTAAGA-1	Microglia
ADsum_NCF340_TATAACCCAGGTATTT-1	Microglia
ADsum_NCF71_AACAAGCCAGGCTACT-1	Microglia
ADsum_NCF60_TATTCGTTCGGTTTCC-1	Microglia
ADsum_NCF60_AACAAAGGTTTACGTC-1	Microglia
ADsum_NCF216_GACCTAAGTCAACAAT-1	Microglia
ADsum_NCF140_CTTGTAAAGTAGCTTA-1	Microglia
ADsum_NCF71_AGACAATAGTAACCCG-1	Microglia
ADsum_NCF60_TACAACATCTCGACCT-1	Microglia
ADsum_NCF115_GAGGCAAGTGTCACGG-1	Microglia
ADsum_NCF60_TAGGGTTTCCCAGTAG-1	Microglia
ADsum_NCF216_AGCAACAAGTAGGCGG-1	Microglia
ADsum_NCF340_AAAGCTTGTCATGCAA-1	Microglia
ADsum_NCF340_CAGTACCCAGCTACGT-1	Microglia
ADsum_NCF216_AAAGCGGGTCTTTGAC-1	Microglia
ADsum_NCF140_AGTGCACGTTTCGCGC-1	Microglia
ADsum_NCF60_TTATTGCTCCCGAAGC-1	Microglia
ADsum_NCF60_TGCTTGCTCAGGTTTA-1	Microglia
ADsum_NCF82_GTCTTTAGTTGGCGTG-1	Microglia
ADsum_NCF221_GGTGCTTCACCAGCAT-1	Microglia
ADsum_NCF340_CAGGAAGGTCATGAGC-1	Microglia
ADsum_NCF340_TAATGCATCGCATTAA-1	Microglia
ADsum_NCF340_GTTCTTAGTACGGGTT-1	Microglia
ADsum_NCF60_TGTTACTTCCCGTTGT-1	Microglia
ADsum_NCF340_TTGTCAAAGCAGGTTT-1	Microglia
ADsum_NCF200_ACATAGCTCCGCTAGA-1	Microglia
ADsum_NCF71_AGGTTTGGTAAGGTCC-1	Microglia
ADsum_NCF71_ATATGCATCGGGACTC-1	Microglia
ADsum_NCF71_AAGCAAGTCCCGAACA-1	Microglia
ADsum_NCF71_TTACGTTTCAATTACG-1	Microglia
ADsum_NCF64_AGAGAAGCAATCATGT-1	Microglia
ADsum_NCF71_CATTATCTCCATAATG-1	Microglia
ADsum_NCF140_TTGGATCAGCGGGCAA-1	Microglia
ADsum_NCF115_GGTCATTAGATGCCTG-1	Microglia
ADsum_NCF71_GGTTGACGTTCGGTAA-1	Microglia
ADsum_NCF71_ATGTAAGCATTGTGCA-1	Microglia
ADsum_NCF140_AATTACCCAATGAAGC-1	Microglia
ADsum_NCF200_ACCAGCTCACAATTAC-1	Microglia
ADsum_NCF60_GATCAGTTCTCGACCT-1	Microglia
ADsum_NCF71_ACTTACTTCCCTCAGT-1	Microglia
ADsum_NCF64_TATAACCCATTGTCAG-1	Microglia
ADsum_NCF71_GTGCATTAGTCAGTAC-1	Microglia
ADsum_NCF60_CCTTATGTCGACAAAG-1	Microglia
ADsum_NCF216_GTTTGCTGTATTCGTC-1	Microglia
ADsum_NCF349_GGAACTAAGCTTTGGG-1	Microglia
ADsum_NCF60_CACAATATCATTGCAA-1	Microglia
ADsum_NCF71_CTACCGGCACACCAAC-1	Microglia
ADsum_NCF340_GTGGATGCAAACAACA-1	Microglia
ADsum_NCF115_GACCTAGTCACTAAGC-1	Microglia
ADsum_NCF115_CTAACCCTCTCACAAA-1	Microglia
ADsum_NCF160_TCAGCAAGTAAGCACC-1	Microglia
ADsum_NCF71_ACTTATCTCGAAGTAG-1	Microglia
ADsum_NCF71_TTCCTTGAGCTATTAG-1	Microglia
ADsum_NCF60_GAGATAAGTCCGTAGG-1	Microglia
ADsum_NCF340_TTGCACACATTAAGCT-1	Microglia
ADsum_NCF200_CTGTGTGAGGCAGGTG-1	Microglia
ADsum_NCF200_ATCATGTCAATAAGCA-1	Microglia
ADsum_NCF60_CAGCCTTTCAGTGAAG-1	Microglia
ADsum_NCF221_GAGTAACCAATTTGGT-1	Microglia
ADsum_NCF71_AGCTAAACATGTTGTG-1	Microglia
ADsum_NCF60_AGGTTGCGTAGCCTAA-1	Microglia
ADsum_NCF349_GTATTCAAGTCATTAG-1	Microglia
ADsum_NCF71_TGGGCCTAGCGAGGTG-1	Microglia
ADsum_NCF71_GCCAGGTTCCCTCATA-1	Microglia
ADsum_NCF71_GGGTTACGTTTGTCTA-1	Microglia
ADsum_NCF349_GGCAATCGTTTCCTCC-1	Microglia
ADsum_NCF71_TTCAGGTAGCGCTAAT-1	Microglia
ADsum_NCF340_CGTAGCGGTACGGTAC-1	Microglia
ADsum_NCF340_CTCCTAATCGAAGCGG-1	Microglia
ADsum_NCF200_AATCCCTGTTCCTGAT-1	Microglia
ADsum_NCF216_GTGTTCCTCGTTTCCA-1	Microglia
ADsum_NCF71_CACCGGTAGTACTGGT-1	Microglia
ADsum_NCF60_CGGTAACGTCCGTAGG-1	Microglia
ADsum_NCF82_ACCCGGTAGTAAGTGG-1	Microglia
ADsum_NCF216_GCGTGCTAGTAGCTTA-1	Microglia
ADsum_NCF115_ATCATCAAGGTTTGAC-1	Microglia
ADsum_NCF71_ACGTTGTAGCTTAGTA-1	Microglia
ADsum_NCF60_GAGCCTTCAACTGGCT-1	Microglia
ADsum_NCF340_CTAAGGTTCCGCATGA-1	Microglia
ADsum_NCF115_AGGTTTATCAGGCCTA-1	Microglia
ADsum_NCF71_ATCATGTCAGGTATTT-1	Microglia
ADsum_NCF60_CGATATTCATCGCTTT-1	Microglia
ADsum_NCF115_AGTGAGTCAGTTAGCC-1	Microglia
ADsum_NCF140_AATTTCCTCTCGCCCA-1	Microglia
ADsum_NCF60_TCAGCAAGTAACGTGC-1	Microglia
ADsum_NCF71_CAACCCGCAATTTAGC-1	Microglia
ADsum_NCF71_GTGCTGATCGGTTAGT-1	Microglia
ADsum_NCF340_TACCAAATCTCATCAT-1	Microglia
ADsum_NCF340_CTCCATCAGTTAGTTG-1	Microglia
ADsum_NCF71_ATTAGGTGTCACAGCG-1	Microglia
ADsum_NCF71_GTCCGTAAGCGCCTAA-1	Microglia
ADsum_NCF115_GAGGCTACATTCCTGT-1	Microglia
ADsum_NCF349_GAACCTTAGGTGCGGA-1	Microglia
ADsum_NCF60_TGTGGCCAGAGGATAT-1	Microglia
ADsum_NCF140_ATGTTTGAGCAAGGTA-1	Microglia
ADsum_NCF82_AGGATCCGTTAAGTGT-1	Microglia
ADsum_NCF71_TAATGGACACAAAGGT-1	Microglia
ADsum_NCF115_ATATGGTGTAGTTAAC-1	Microglia
ADsum_NCF71_CTTGAACAGGTACCGC-1	Microglia
ADsum_NCF340_CTAGGCGGTATTTGCC-1	Microglia
ADsum_NCF71_GATTGTTCACATTAAC-1	Microglia
ADsum_NCF82_TCCATAAAGTAAACCC-1	Microglia
ADsum_NCF140_CGCCACACAGGTTTGC-1	Microglia
ADsum_NCF340_TGCAGGCTCGGTAACT-1	Microglia
ADsum_NCF200_GCTCCTTAGAGGATAT-1	Microglia
ADsum_NCF140_TATGCATCAAACTCAT-1	Microglia
ADsum_NCF115_AAACAGCCACTTAGGC-1	Microglia
ADsum_NCF200_CGCTCCATCACGCATG-1	Microglia
ADsum_NCF71_GACGTAAAGCCGCAAC-1	Microglia
ADsum_NCF221_TTGTTCCCAGCTTAAT-1	Microglia
ADsum_NCF94_CGGTGAACACTATGGC-1	Microglia
ADsum_NCF221_GGATGAATCGCAAACT-1	Microglia
ADsum_NCF71_CCTCAATGTGTGTGGT-1	Microglia
ADsum_NCF200_ACAACACTCTTTGAGA-1	Microglia
ADsum_NCF221_CTTCATCCAGAGGCTA-1	Microglia
ADsum_NCF60_ACGTTGTAGTTTGGTA-1	Microglia
ADsum_NCF115_CGAGGTGAGCTGTCAG-1	Microglia
ADsum_NCF340_CTAAGTCAGCTACTGG-1	Microglia
ADsum_NCF60_ACTAAAGCACAAAGAC-1	Microglia
ADsum_NCF140_AGGTAACCAGTTTGTG-1	Microglia
ADsum_NCF349_CTCTATGTCCTTGCGT-1	Microglia
ADsum_NCF349_CAGCCTAAGGTAAGGC-1	Microglia
ADsum_NCF340_CGCCTCATCTTACTCG-1	Microglia
ADsum_NCF349_AAAGCACCAAAGGTAC-1	Microglia
ADsum_NCF71_TCAGCGATCTATTGTC-1	Microglia
ADsum_NCF71_CAATGAACAATGAGGT-1	Microglia
ADsum_NCF221_CCTGATGAGGTGAGAC-1	Microglia
ADsum_NCF71_TACGCTTGTACGGGTT-1	Microglia
ADsum_NCF221_TTATAGCCACCTCGCT-1	Microglia
ADsum_NCF95_ACTGAATGTTACTAGG-1	Microglia
ADsum_NCF60_AAATGGCCAAACTGTT-1	Microglia
ADsum_NCF340_ATTATCCTCAGCAAAG-1	Microglia
ADsum_NCF340_CACGCAATCAGGTTTA-1	Microglia
ADsum_NCF60_TCAGCCTTCGGTAACT-1	Microglia
ADsum_NCF224_CACTGACCAATAACGA-1	Microglia
ADsum_NCF64_AGTCCTTGTGTTGCTT-1	Microglia
ADsum_NCF71_GCTGTACCATCAATCG-1	Microglia
ADsum_NCF71_CACGCTAAGCCTCTCG-1	Microglia
ADsum_NCF60_CTATGTTTCATGAGCT-1	Microglia
ADsum_NCF64_GAGTTTGGTTTCGCGC-1	Microglia
ADsum_NCF71_CATAACGGTAACCACA-1	Microglia
ADsum_NCF221_TCATTTGGTGATCAGC-1	Microglia
ADsum_NCF115_ACGCCTAAGGTCCACA-1	Microglia
ADsum_NCF60_AGTTACATCAAGCGCC-1	Microglia
ADsum_NCF71_TGATGAACATGATTGT-1	Microglia
ADsum_NCF200_TCAGTAGGTTCCTGAT-1	Microglia
ADsum_NCF71_AAGCAAGTCCATCAGG-1	Microglia
ADsum_NCF64_TGGATTGGTAGGTGTC-1	Microglia
ADsum_NCF140_CAATGAACATATAACC-1	Microglia
ADsum_NCF349_GTGCTCCGTTTAGTCC-1	Microglia
ADsum_NCF221_CCTTATGTCGCTATGG-1	Microglia
ADsum_NCF82_CCCGCTTCAGCACGAA-1	Microglia
ADsum_NCF200_TCCTTAGTCACCTGTC-1	Microglia
ADsum_NCF340_GGCCTCTGTCACTCGC-1	Microglia
ADsum_NCF71_GAAGTAAGTCCTAAGA-1	Microglia
ADsum_NCF340_TATAGCCAGACTAAGG-1	Microglia
ADsum_NCF349_CTATTGAAGAGAAGGG-1	Microglia
ADsum_NCF60_GCACTTACAGGCTAAG-1	Microglia
ADsum_NCF71_TCCGGTAAGTACTGGT-1	Microglia
ADsum_NCF200_ACGCCTTTCCGCAACA-1	Microglia
ADsum_NCF216_CGAACAAAGACAGGCG-1	Microglia
ADsum_NCF140_CGTTAACAGCCTGGTA-1	Microglia
ADsum_NCF82_ACTTACAAGCATTAGC-1	Microglia
ADsum_NCF140_TTTAGGATCGCTATGG-1	Microglia
ADsum_NCF160_GCAGGATAGTGAACAG-1	Microglia
ADsum_NCF160_TTTCTCACAGTGAACG-1	Microglia
ADsum_NCF60_ACCTTCCAGAACCTGT-1	Microglia
ADsum_NCF60_GGTCTTTGTTTAACCC-1	Microglia
ADsum_NCF200_TCTTTGTAGGACACTT-1	Microglia
ADsum_NCF200_CAAGACAAGTCCTTTG-1	Microglia
ADsum_NCF140_TCTTTGTAGGAAGCTA-1	Microglia
ADsum_NCF224_TACCTGCTCTCATCAT-1	Microglia
ADsum_NCF224_CCAACCAAGACAAGTG-1	Microglia
ADsum_NCF71_AGTGCGGAGGTAGCTT-1	Microglia
ADsum_NCF200_TCATTGTTCTTGACCC-1	Microglia
ADsum_NCF71_TCTAACTTCGAAGTAG-1	Microglia
ADsum_NCF60_AAGCGCTGTCGCAAAC-1	Microglia
ADsum_NCF60_TCCATAAAGGACACTT-1	Microglia
ADsum_NCF349_GAACTTATCCAGGAAA-1	Microglia
ADsum_NCF349_ATACCGGTCTCATCAT-1	Microglia
ADsum_NCF60_ACTAACGGTTTGGCGG-1	Microglia
ADsum_NCF71_GAACACAAGCACTTGG-1	Microglia
ADsum_NCF340_GCCTATTGTGTGAGGA-1	Microglia
ADsum_NCF60_CGGCTCACAACTGGCT-1	Microglia
ADsum_NCF82_CTTTATGGTGGCTTCC-1	Microglia
ADsum_NCF216_TCCAGGTCAAGGAATC-1	Microglia
ADsum_NCF200_GTAGGAGGTTTCGCCA-1	Microglia
ADsum_NCF60_TATGGATGTTACTAGG-1	Microglia
ADsum_NCF60_GGTGCTTCATCCGTAA-1	Microglia
ADsum_NCF64_ACCATTAAGATAAAGC-1	Microglia
ADsum_NCF340_GCCAATTAGGACAATG-1	Microglia
ADsum_NCF60_CATCATGCAGGATTAA-1	Microglia
ADsum_NCF160_ACCAAGTTCCTAAGAC-1	Microglia
ADsum_NCF60_GCTCATTGTGGGTACT-1	Microglia
ADsum_NCF60_GTCATTAAGTTAGACC-1	Microglia
ADsum_NCF349_CCAACCCGTACCAGGT-1	Microglia
ADsum_NCF71_AGCGATTTCTAGCGTG-1	Microglia
ADsum_NCF71_AAGTTAGCACCTCGCT-1	Microglia
ADsum_NCF60_AATCTTGAGCTATATG-1	Microglia
ADsum_NCF95_TGTGGAGCATTCAGCA-1	Microglia
ADsum_NCF71_ACCCGTAAGGAATAAC-1	Microglia
ADsum_NCF60_ACGTCCTTCCTTAATC-1	Microglia
ADsum_NCF64_GCCCGTTGTATTGGTG-1	Microglia
ADsum_NCF349_CGATTCCTCCAGGAAA-1	Microglia
ADsum_NCF82_TAACAAGCATGAGCAG-1	Microglia
ADsum_NCF200_ATAGGTACAATTAACC-1	Microglia
ADsum_NCF140_GCGATTTAGCGCCTAA-1	Microglia
ADsum_NCF60_CTGTGTGAGGCTAAGA-1	Microglia
ADsum_NCF160_AACAGCAAGTTACTTC-1	Microglia
ADsum_NCF60_GCTTGTTGTAATGACT-1	Microglia
ADsum_NCF115_CAAGTATGTGGTTCCC-1	Microglia
ADsum_NCF340_CCCAAACCAACTAGCC-1	Microglia
ADsum_NCF71_ATAACGACAGACAAAC-1	Microglia
ADsum_NCF161_ATCCAACAGCATGTCG-1	Microglia
ADsum_NCF64_CCCGTTGTCCATCAGG-1	Microglia
ADsum_NCF60_ACATCATCAGAGGCTA-1	Microglia
ADsum_NCF82_CTCACAACACCTACTT-1	Microglia
ADsum_NCF200_GTTTAACCAAGCCAGA-1	Microglia
ADsum_NCF71_AGCAGGTAGTTAGAGG-1	Microglia
ADsum_NCF216_CCTCCTGAGTTGCCTC-1	Microglia
ADsum_NCF71_CAATGACTCCCGTTTA-1	Microglia
ADsum_NCF94_CTAAAGCTCATGGCTG-1	Microglia
ADsum_NCF216_AAGACCAAGTGAGGTA-1	Microglia
ADsum_NCF200_CCTTGTTCATGGAGGC-1	Microglia
ADsum_NCF64_ATCACACAGCTAATTG-1	Microglia
ADsum_NCF71_TACTGCACATTGTGGC-1	Microglia
ADsum_NCF71_TCTCACCAGTCATTGA-1	Microglia
ADsum_NCF216_GGATGAATCCGCCTCA-1	Microglia
ADsum_NCF64_TATCACAAGCGTGCAC-1	Microglia
ADsum_NCF140_ATCAGGTTCCTGCGAA-1	Microglia
ADsum_NCF160_GATTAGTGTAATTAGC-1	Microglia
ADsum_NCF161_AGTGCGGAGCAGCTCA-1	Microglia
ADsum_NCF95_AGTAGGATCGGTACGC-1	Microglia
ADsum_NCF160_CCTACTGGTTTAGCTC-1	Microglia
ADsum_NCF60_TACTCAAAGGTCCACA-1	Microglia
ADsum_NCF60_CTCATTGTCCCTCAAC-1	Microglia
ADsum_NCF216_TTCGCAACATATTGAC-1	Microglia
ADsum_NCF60_CGGAGCAAGGTAAGCA-1	Microglia
ADsum_NCF60_ACCAGGGAGGACACTT-1	Microglia
ADsum_NCF340_TACCGAAGTGTTGTAG-1	Microglia
ADsum_NCF71_ACGCCACAGGCTACTG-1	Microglia
ADsum_NCF95_TGAAGTGAGTTGGCCA-1	Microglia
ADsum_NCF224_CTTTAGTTCTTAATGG-1	Microglia
ADsum_NCF64_CCAACATAGCAATAGG-1	Microglia
ADsum_NCF115_ACCGAAGCACTAAGAA-1	Microglia
ADsum_NCF60_CATAGCTAGGACCAGG-1	Microglia
ADsum_NCF71_CTGCAATAGTAAACCC-1	Microglia
ADsum_NCF340_AAGTCTATCTAAATCG-1	Microglia
ADsum_NCF349_TAACAAGCATTATGAC-1	Microglia
ADsum_NCF140_ATTCCGGAGACTAAGG-1	Microglia
ADsum_NCF60_GCGGATACATGCTTAG-1	Microglia
ADsum_NCF140_TATGAAGCATCCATCT-1	Microglia
ADsum_NCF94_ATATAGGCAGGCATCT-1	Microglia
ADsum_NCF115_TTCGCAACAAGATTCT-1	Microglia
ADsum_NCF200_AACAAGCCAATCCTAG-1	Microglia
ADsum_NCF64_CTTCAATTCCTTAGTT-1	Microglia
ADsum_NCF71_CAGCCAATCTGGCAAT-1	Microglia
ADsum_NCF140_GAAGGATGTTGCAGTA-1	Microglia
ADsum_NCF221_CATGCATAGAAAGGAA-1	Microglia
ADsum_NCF64_GTTTGTTTCTTAGCGG-1	Microglia
ADsum_NCF71_ATATGCTCAATCCTGA-1	Microglia
ADsum_NCF60_TACTCAAAGCTACTGG-1	Microglia
ADsum_NCF60_CCGATGCAGGCAAGTA-1	Microglia
ADsum_NCF115_TACCGCAAGTAAGTCC-1	Microglia
ADsum_NCF71_GTACTAATCGCGACAC-1	Microglia
ADsum_NCF60_AATGTCATCGTTACTT-1	Microglia
ADsum_NCF71_CTTACCTCAGCTCATA-1	Microglia
ADsum_NCF71_TACGTTAAGAGAAGGG-1	Microglia
ADsum_NCF60_GTACTAGGTTTAGTCC-1	Microglia
ADsum_NCF60_CACTTAAAGCCAGTAT-1	Microglia
ADsum_NCF71_GGCCATCAGCATTAGC-1	Microglia
ADsum_NCF71_GTTACTCGTAAGCTCA-1	Microglia
ADsum_NCF221_GCCAGGAAGAGAGCCG-1	Microglia
ADsum_NCF216_AAGTCTATCATGGTGT-1	Microglia
ADsum_NCF200_GCACGAACAAACGGGC-1	Microglia
ADsum_NCF200_GCCACTAAGCTATTGA-1	Microglia
ADsum_NCF95_ATCTTTGGTAAGTCGC-1	Microglia
ADsum_NCF140_ACAACATGTGGGTGAA-1	Microglia
ADsum_NCF71_GGATTATGTTTACGTC-1	Microglia
ADsum_NCF224_GTTACCTGTGCTCACC-1	Microglia
ADsum_NCF160_CTGCTACTCGTAACGT-1	Microglia
ADsum_NCF60_GCTGTAAGTACCGTAA-1	Microglia
ADsum_NCF60_CGCTGTGCACAAAGAC-1	Microglia
ADsum_NCF94_TCAAGAACACCGGTAT-1	Microglia
ADsum_NCF95_CGGTTTGAGGTCGAGG-1	Microglia
ADsum_NCF349_AACGACAAGGCTGGCT-1	Microglia
ADsum_NCF161_GGTCCATCAACCTAAT-1	Microglia
ADsum_NCF71_GACATTATCCTCACAC-1	Microglia
ADsum_NCF60_AGCGTGCTCCTAATTC-1	Microglia
ADsum_NCF160_TTGCACACAGTTATCG-1	Microglia
ADsum_NCF71_AGCAACAAGTTATCTC-1	Microglia
ADsum_NCF60_TATTAGGTCACATTGA-1	Microglia
ADsum_NCF64_CCTGATGAGATAGACG-1	Microglia
ADsum_NCF216_TGATCGAGTACGTTTC-1	Microglia
ADsum_NCF115_TTACCTGTCCTCACTA-1	Microglia
ADsum_NCF200_AGGCGGATCCCTCAGT-1	Microglia
ADsum_NCF349_TGGATTCAGCGTGCGT-1	Microglia
ADsum_NCF216_TGGGCATGTGGACATC-1	Microglia
ADsum_NCF71_TTAAGCCAGCTTAGCG-1	Microglia
ADsum_NCF71_CTACAACAGACTTACA-1	Microglia
ADsum_NCF340_GGCCTAATCGCACAAT-1	Microglia
ADsum_NCF340_GCGAAGTAGGCTTAGT-1	Microglia
ADsum_NCF115_TATCACAAGCGGATTT-1	Microglia
ADsum_NCF200_GTGGACACAAACATAG-1	Microglia
ADsum_NCF71_GAGCTGCTCCGGGACT-1	Microglia
ADsum_NCF340_GTTTGTAAGCACGTTG-1	Microglia
ADsum_NCF71_GATCGAGCACATACTG-1	Microglia
ADsum_NCF95_TACAATGTCACGCCAA-1	Microglia
ADsum_NCF140_ACTCCTCAGGTGTCCA-1	Microglia
ADsum_NCF216_CAATCTAAGTAGCGGG-1	Microglia
ADsum_NCF71_AGGATATAGGTTTACA-1	Microglia
ADsum_NCF60_CGTGCTGCATTGTCCT-1	Microglia
ADsum_NCF60_AAACATGCAAGCCAGA-1	Microglia
ADsum_NCF60_CAGATTCAGTGCTGTG-1	Microglia
ADsum_NCF140_AAGAATCAGTAAAGGT-1	Microglia
ADsum_NCF216_ATCACACAGTCACTCC-1	Microglia
ADsum_NCF340_CTGTTTAGTGGTGAGA-1	Microglia
ADsum_NCF82_GGGCCTAGTCTATCGT-1	Microglia
ADsum_NCF71_ACCTGGATCCTAAGGT-1	Microglia
ADsum_NCF140_TCTAGCACAAGTGAAC-1	Microglia
ADsum_NCF216_GGTGAGCCACTAGGTC-1	Microglia
ADsum_NCF115_CCTAAGCCACGCAACT-1	Microglia
ADsum_NCF60_TCAGGTCCAGTCTAGC-1	Microglia
ADsum_NCF71_GCCTCGACAAACCTTG-1	Microglia
ADsum_NCF82_ACCACATAGGCAGGTG-1	Microglia
ADsum_NCF60_TTTCAGTTCCTGATGG-1	Microglia
ADsum_NCF60_CTTTAGGCAGCCTTGG-1	Microglia
ADsum_NCF64_AACAGCAAGCTATTGA-1	Microglia
ADsum_NCF60_GCTTGACCAAGCTTTG-1	Microglia
ADsum_NCF60_CAGGACACATGGCCCA-1	Microglia
ADsum_NCF140_CTTCTCAAGAGGCTAA-1	Microglia
ADsum_NCF115_TGGTGATTCCTCCTAA-1	Microglia
ADsum_NCF71_ACCCGGTAGTCACTCC-1	Microglia
ADsum_NCF71_GCCACACAGTGCTGTG-1	Microglia
ADsum_NCF71_AGTTTGCAGTTATGGC-1	Microglia
ADsum_NCF71_AGTTTGCAGCTGAGGG-1	Microglia
ADsum_NCF71_GTTAAGTGTTACAACG-1	Microglia
ADsum_NCF94_GTCTTGCTCGGCTAGC-1	Microglia
ADsum_NCF60_CCCGCTTCAGCTAATT-1	Microglia
ADsum_NCF60_TACTGAGGTGGTTAGC-1	Microglia
ADsum_NCF95_GGTGTGACAGTAGCCT-1	Microglia
ADsum_NCF60_GGCTATTAGGCGTAAA-1	Microglia
ADsum_NCF64_TACTTCGTCAAGCGCC-1	Microglia
ADsum_NCF60_CTTGTCCAGCTCAATA-1	Microglia
ADsum_NCF140_CCGTTTGGTGGTGAGA-1	Microglia
ADsum_NCF71_GTCAATATCTTTAAGG-1	Microglia
ADsum_NCF340_CAGGACCTCTTACTCG-1	Microglia
ADsum_NCF60_AGACACGCATGAAATG-1	Microglia
ADsum_NCF200_TTACACCGTACAAAGA-1	Microglia
ADsum_NCF200_AACTACTCAGCCAGAA-1	Microglia
ADsum_NCF71_AGTGTTTCATCGTTCT-1	Microglia
ADsum_NCF71_ACTCACTGTGATGATT-1	Microglia
ADsum_NCF60_TGCTAGCCATAATCCG-1	Microglia
ADsum_NCF160_CAATGCCCACCTGCTC-1	Microglia
ADsum_NCF71_CGAGCGAAGCTCGCTT-1	Microglia
ADsum_NCF95_CGTTAGTAGGCTGGCT-1	Microglia
ADsum_NCF161_CTCCTCACATCATGGC-1	Microglia
ADsum_NCF200_TACGTTAAGTAGCGGG-1	Microglia
ADsum_NCF221_ATCATGTCAGGGAGGA-1	Microglia
ADsum_NCF200_TGATCAATCTTAGCCC-1	Microglia
ADsum_NCF60_ACTCACTGTTCGCTTG-1	Microglia
ADsum_NCF60_ACATTAGTCATGTCAA-1	Microglia
ADsum_NCF200_ACATTAGTCCTTCTAG-1	Microglia
ADsum_NCF64_GGAGCAAGTTAGTTGG-1	Microglia
ADsum_NCF82_GGTCAGGAGGAGCACG-1	Microglia
ADsum_NCF216_CTATGTTTCTCACATT-1	Microglia
ADsum_NCF115_CACAAGCGTGCTAGAC-1	Microglia
ADsum_NCF115_CCGTTGCGTTTGTCTA-1	Microglia
ADsum_NCF161_TCGGTTTGTAATAACC-1	Microglia
ADsum_NCF82_CTAATCCGTTGGATAT-1	Microglia
ADsum_NCF140_CAGCCTTTCAAACTCA-1	Microglia
ADsum_NCF115_AGTAATCGTTCACCCA-1	Microglia
ADsum_NCF60_CATGCGCAGTTAGCTA-1	Microglia
ADsum_NCF71_ATGCATTCAAGCCACT-1	Microglia
ADsum_NCF60_GCCTTTGGTTGGGTTA-1	Microglia
ADsum_NCF60_GCAAGTGCATGATTGT-1	Microglia
ADsum_NCF71_TAGGGTTTCCAGCACA-1	Microglia
ADsum_NCF140_AACAGCAAGGAACCGG-1	Microglia
ADsum_NCF349_AATTTGGTCGTCCTTA-1	Microglia
ADsum_NCF71_TTGGCTACACTAAGCC-1	Microglia
ADsum_NCF340_TGACTTCGTAGGTTTG-1	Microglia
ADsum_NCF71_TTGCCCGTCGCTATGG-1	Microglia
ADsum_NCF161_ATCGCCCGTACGATTG-1	Microglia
ADsum_NCF71_ATGTTTGAGCACTTGG-1	Microglia
ADsum_NCF71_AGTAGGATCATGCTCC-1	Microglia
ADsum_NCF71_GGATACTTCCCTCGCA-1	Microglia
ADsum_NCF216_TCACCGGCATGAAATG-1	Microglia
ADsum_NCF200_TGTTCCTCAAGTAAGC-1	Microglia
ADsum_NCF161_AGAACAAGTAAGCTCA-1	Microglia
ADsum_NCF64_CGCTACTTCCCTCATA-1	Microglia
ADsum_NCF60_ATGTTGTCAGGTCCTG-1	Microglia
ADsum_NCF60_GATTGCGTCCTTAGGG-1	Microglia
ADsum_NCF140_CTTGAATCATAATGAG-1	Microglia
ADsum_NCF82_TTTGTCTAGCCAGGTC-1	Microglia
ADsum_NCF71_TCATCCATCAAGGACA-1	Microglia
ADsum_NCF140_GTCTAGCCAATATGGA-1	Microglia
ADsum_NCF140_TTCGCAACAAACTCAT-1	Microglia
ADsum_NCF71_TATTTGGAGTTTGGGT-1	Microglia
ADsum_NCF60_GGTACTTAGCGCCTTT-1	Microglia
ADsum_NCF160_CAATGAACACAACCTA-1	Microglia
ADsum_NCF71_AACCGGCTCAAACCTA-1	Microglia
ADsum_NCF216_TACTCAAAGTGCTGTG-1	Microglia
ADsum_NCF60_AGTTGCAGTGCTCCGT-1	Microglia
ADsum_NCF200_ACTTACTTCCATAAGC-1	Microglia
ADsum_NCF64_GTCCAGGGTTATCGAG-1	Microglia
ADsum_NCF140_CGATTATCATAATTGC-1	Microglia
ADsum_NCF71_ACCATTAAGACTAAGG-1	Microglia
ADsum_NCF71_ATCAAGACACTGACCG-1	Microglia
ADsum_NCF60_CACGCAATCGTTATCT-1	Microglia
ADsum_NCF349_TCGTTAGCAATAGTCT-1	Microglia
ADsum_NCF140_TATAACCCAGGTTCAC-1	Microglia
ADsum_NCF115_ATTGTCCGTCTCACTG-1	Microglia
ADsum_NCF71_GATTAGCTCGCACACA-1	Microglia
ADsum_NCF60_ATGGTCTAGCGAGCGA-1	Microglia
ADsum_NCF71_CCTAGTTGTTGAGCCG-1	Microglia
ADsum_NCF349_GGCATTGTCAAAGGCA-1	Microglia
ADsum_NCF95_CTAATCCGTTAAGCTG-1	Microglia
ADsum_NCF71_GGATATTGTTGCAATG-1	Microglia
ADsum_NCF140_GGATTATGTCATGCCC-1	Microglia
ADsum_NCF115_CTAATCGCATCCTAGA-1	Microglia
ADsum_NCF71_TGAGGGAGTAGTTAAC-1	Microglia
ADsum_NCF71_CATTGTGCAATCCCTT-1	Microglia
ADsum_NCF60_CCTAAATCAATTGCGC-1	Microglia
ADsum_NCF71_GCATCCTTCCCGAACA-1	Microglia
ADsum_NCF71_TGACTCCTCTTTGACT-1	Microglia
ADsum_NCF64_GCTGGATGTTTATTCG-1	Microglia
ADsum_NCF224_TTGCAACAGTATGTGC-1	Microglia
ADsum_NCF340_ATTAGGTGTAGGATTT-1	Microglia
ADsum_NCF115_CTCTAGCTCTTAGTCT-1	Microglia
ADsum_NCF60_GTTGGCCAGCTGTACG-1	Microglia
ADsum_NCF60_TCTTAGCGTGGTGAGA-1	Microglia
ADsum_NCF115_GGGCCTAGTTGTAACG-1	Microglia
ADsum_NCF216_GTTCCTTCATTGTCAG-1	Microglia
ADsum_NCF71_AGTTTGATCACAGGAA-1	Microglia
ADsum_NCF115_ACAAACTGTAATCGCA-1	Microglia
ADsum_NCF95_AACATTGTCCTTGCGT-1	Microglia
ADsum_NCF71_TGGACTAGTCACCAAA-1	Microglia
ADsum_NCF161_TTTAAGGTCAAATCGC-1	Microglia
ADsum_NCF71_AAACCGCGTACCGTTT-1	Microglia
ADsum_NCF224_AAGCTATGTGTCACGG-1	Microglia
ADsum_NCF115_AACTCACAGTAATCCA-1	Microglia
ADsum_NCF340_TTTACGCGTTTAGTCC-1	Microglia
ADsum_NCF140_TAGGAGGGTTGAGCCG-1	Microglia
ADsum_NCF115_GGTAGGAGTGTTGTGA-1	Microglia
ADsum_NCF60_GGAACAATCCAGGGAG-1	Microglia
ADsum_NCF60_TCTAGCACATGTCAAT-1	Microglia
ADsum_NCF340_AGCCTCCGTTTGGGTA-1	Microglia
ADsum_NCF71_TAGTTGTCAGCTAATT-1	Microglia
ADsum_NCF160_GGACCTCAGTAACGGA-1	Microglia
ADsum_NCF71_CGTAATGGTACGGGTT-1	Microglia
ADsum_NCF71_ATTTGTGAGTATTGCA-1	Microglia
ADsum_NCF216_GGTCATTAGCCTCTCG-1	Microglia
ADsum_NCF200_TTCATTCAGTAAGGGC-1	Microglia
ADsum_NCF60_TGACCAAGTAGTTACG-1	Microglia
ADsum_NCF60_GAGTTACTCACTTTAC-1	Microglia
ADsum_NCF60_GTTCACCTCGCTAAGT-1	Microglia
ADsum_NCF160_GAGGTACAGGCTTAAC-1	Microglia
ADsum_NCF60_TCTAACTTCCTCCTAA-1	Microglia
ADsum_NCF71_CTTGTCCAGCTTCCCG-1	Microglia
ADsum_NCF71_CGTTAAATCTATTGTC-1	Microglia
ADsum_NCF340_TGCGATTAGGATTGCT-1	Microglia
ADsum_NCF140_CGCCTCATCCAGGTTG-1	Microglia
ADsum_NCF161_GGTTGGTGTTAACGAT-1	Microglia
ADsum_NCF340_ATTGCAGGTTCACCCA-1	Microglia
ADsum_NCF64_GAGAACCAGCTTATGA-1	Microglia
ADsum_NCF216_ACCCGGTAGGATCCGC-1	Microglia
ADsum_NCF200_AGTAGGATCTTGTTCG-1	Microglia
ADsum_NCF64_CCCAAACCAATGAGGT-1	Microglia
ADsum_NCF216_CCTACTTCAGGATTAA-1	Microglia
ADsum_NCF95_ACCTACCTCTCACTAT-1	Microglia
ADsum_NCF71_GACGTAAAGCGCCTAA-1	Microglia
ADsum_NCF82_TATGGTCAGCAAGGTA-1	Microglia
ADsum_NCF64_TGATCAGGTGCCGCAA-1	Microglia
ADsum_NCF221_TTATCCTAGAGCCGGA-1	Microglia
ADsum_NCF200_GATGCAGCAGGAACTG-1	Microglia
ADsum_NCF71_AGGTGAGGTTCCATTA-1	Microglia
ADsum_NCF64_GAAAGCCAGTTTGGTA-1	Microglia
ADsum_NCF115_GCTGAGGAGCGCCTTT-1	Microglia
ADsum_NCF71_TATCACAAGCGCTCAA-1	Microglia
ADsum_NCF340_AGACCCGGTTAGGCTA-1	Microglia
ADsum_NCF216_GGTAAACCATTAAGTC-1	Microglia
ADsum_NCF60_TAAACAGCACTAAGAA-1	Microglia
ADsum_NCF140_GGTTGCTCAATGAATG-1	Microglia
ADsum_NCF71_AGCGTGCTCACTCGCT-1	Microglia
ADsum_NCF221_GGCTTCAAGGCCCAGT-1	Microglia
ADsum_NCF216_GTAGCGCTCAATGAGG-1	Microglia
ADsum_NCF115_AGGTTAGAGTGTTGTA-1	Microglia
ADsum_NCF71_GGGTTACGTGGGTGAA-1	Microglia
ADsum_NCF349_ACTATGTCAGGACCAA-1	Microglia
ADsum_NCF340_ATGCGATTCTCAATTC-1	Microglia
ADsum_NCF60_GGTTACTAGAGAGGCT-1	Microglia
ADsum_NCF71_GAACACAAGCGCATTG-1	Microglia
ADsum_NCF82_GGCCAACTCATGACCG-1	Microglia
ADsum_NCF71_ACCAATATCGAGGAGT-1	Microglia
ADsum_NCF64_CCATATTTCTTGCATT-1	Microglia
ADsum_NCF349_TGCTTGCTCCTACCTA-1	Microglia
ADsum_NCF340_CTCCAACTCTGTGCCT-1	Microglia
ADsum_NCF64_ATGTAACGTCCAAATG-1	Microglia
ADsum_NCF60_AAGCTATGTAATGGAA-1	Microglia
ADsum_NCF160_GCGTTTCTCTGTGCAG-1	Microglia
ADsum_NCF349_TGGTTCTGTCATTGAG-1	Microglia
ADsum_NCF140_GAACCAAAGCGTGCGT-1	Microglia
ADsum_NCF82_TAATCACCATCACTTC-1	Microglia
ADsum_NCF216_TTTCCTGAGTCCTTCA-1	Microglia
ADsum_NCF60_GAAGGCCCAGCACGTT-1	Microglia
ADsum_NCF71_ATCCGTGAGCTATATG-1	Microglia
ADsum_NCF340_GATTGGCGTTACATCC-1	Microglia
ADsum_NCF60_TGACCTTGTTGGATCA-1	Microglia
ADsum_NCF82_TAATCCGCATAGCAGG-1	Microglia
ADsum_NCF60_GTGCCTTTCAACAAGG-1	Microglia
ADsum_NCF60_TTTGACTTCCGTTATT-1	Microglia
ADsum_NCF221_TTTCCACCAGCAAATA-1	Microglia
ADsum_NCF71_TCTCCTCGTTGTAAAC-1	Microglia
ADsum_NCF221_CGTTAAATCTACTAAG-1	Microglia
ADsum_NCF71_ACCCAACCATGTGGGA-1	Microglia
ADsum_NCF60_CGTTAACAGCAGCTAT-1	Microglia
ADsum_NCF200_TCTAACTTCGTTAACA-1	Microglia
ADsum_NCF140_CGTAATGGTTCTTTAG-1	Microglia
ADsum_NCF216_GCTGTACCATGGAGGC-1	Microglia
ADsum_NCF60_AGGTTAGAGGGCTTTG-1	Microglia
ADsum_NCF71_GAACCTTAGCGCTAAT-1	Microglia
ADsum_NCF71_GAGTTTGGTTGTTGGA-1	Microglia
ADsum_NCF71_TTTCATCAGTTTCCTG-1	Microglia
ADsum_NCF60_CCATCACTCCAGGAAA-1	Microglia
ADsum_NCF216_CGTGGTTCAATCCTGA-1	Microglia
ADsum_NCF200_TTTGACTTCATGCGTG-1	Microglia
ADsum_NCF60_CCTTTAGTCGCTATAA-1	Microglia
ADsum_NCF71_CGTCCTAGTGCTAGCG-1	Microglia
ADsum_NCF161_CCCGCTTCACCTATAG-1	Microglia
ADsum_NCF216_CCTGTATGTTGCGTAA-1	Microglia
ADsum_NCF95_ATAGCATGTGCATTTC-1	Microglia
ADsum_NCF71_GCACTTACATGAATAG-1	Microglia
ADsum_NCF71_CGTTAAATCGCTTGCT-1	Microglia
ADsum_NCF200_CGGCTCACATTAGCCA-1	Microglia
ADsum_NCF340_AGCTAGTTCAGGGCCT-1	Microglia
ADsum_NCF71_AAAGGTTAGGCAAGTA-1	Microglia
ADsum_NCF82_CGGGCTTAGACAGGTA-1	Microglia
ADsum_NCF115_GACCGTTCACAATGTT-1	Microglia
ADsum_NCF221_CGATTGAGTCACCAAA-1	Microglia
ADsum_NCF140_CTTTGGTGTGCATTTC-1	Microglia
ADsum_NCF64_TGCGCGAGTATTTGGG-1	Microglia
ADsum_NCF71_TGCTAACAGCCGCTAA-1	Microglia
ADsum_NCF221_GCCACACAGTTAGGCT-1	Microglia
ADsum_NCF95_ATAACGACATAATGAG-1	Microglia
ADsum_NCF71_TTAGCAGGTGTCCAGG-1	Microglia
ADsum_NCF349_GCTCATTGTGATGAAA-1	Microglia
ADsum_NCF71_AGGTTTATCCATCAGG-1	Microglia
ADsum_NCF60_AGCTACGTCTAATTGG-1	Microglia
ADsum_NCF60_GCCATTACAATAGCAA-1	Microglia
ADsum_NCF115_ATGCAGGCATTGACAT-1	Microglia
ADsum_NCF115_TTATAGCCAGAAATTG-1	Microglia
ADsum_NCF115_GTCGAAGCATCACAGC-1	Microglia
ADsum_NCF221_CTTTCTTGTCATTACC-1	Microglia
ADsum_NCF95_GTGATGAAGGCTACAT-1	Microglia
ADsum_NCF71_CCTTCAGGTTTACGTC-1	Microglia
ADsum_NCF71_AAGCGAATCATTGTCT-1	Microglia
ADsum_NCF82_TCCACAACACGTAAGG-1	Microglia
ADsum_NCF71_TGTGATCAGGTTTACA-1	Microglia
ADsum_NCF71_ATGTGAGAGACAACGA-1	Microglia
ADsum_NCF349_AGCAATACATTGCGAC-1	Microglia
ADsum_NCF224_TTATGACCATCAATCG-1	Microglia
ADsum_NCF71_TTTCAGTTCCTAACGG-1	Microglia
ADsum_NCF216_GAACGAATCCCTGATC-1	Microglia
ADsum_NCF221_TGAGCAAAGGTCCAAT-1	Microglia
ADsum_NCF340_CAGTATGGTCAAAGAA-1	Microglia
ADsum_NCF60_GGTATGTTCGTCCTTA-1	Microglia
ADsum_NCF71_GATTCCTGTGAGAAAC-1	Microglia
ADsum_NCF60_TAGGAACCAAGGTAAC-1	Microglia
ADsum_NCF200_TTCCCGCCATATTGAC-1	Microglia
ADsum_NCF60_CCAAACCCACCTCGCT-1	Microglia
ADsum_NCF216_CATAAGCTCTTAAGTG-1	Microglia
ADsum_NCF71_GTTCGCTTCGTTACAA-1	Microglia
ADsum_NCF340_AAACAGCCAGAACCGA-1	Microglia
ADsum_NCF140_GGCGGTAAGCGATAAG-1	Microglia
ADsum_NCF221_CTCATTGTCATGCTAA-1	Microglia
ADsum_NCF60_CTAGCTGAGGAACACA-1	Microglia
ADsum_NCF71_TTTGTTGGTCTTGCAT-1	Microglia
ADsum_NCF82_TAGCGGACATGAATCT-1	Microglia
ADsum_NCF140_TTTGGTGCAGGCTAAG-1	Microglia
ADsum_NCF71_AGTGCACGTAAAGCAA-1	Microglia
ADsum_NCF71_ACTAACCAGACAAAGT-1	Microglia
ADsum_NCF216_AGCCTAGTCATCACTT-1	Microglia
ADsum_NCF200_CGCCTGTGTTAGAGCC-1	Microglia
ADsum_NCF221_CTCCATCAGGAAGTAT-1	Microglia
ADsum_NCF340_TTTCTCACACAAAGCG-1	Microglia
ADsum_NCF140_CCGATGCAGGCCTGGT-1	Microglia
ADsum_NCF64_GTGGTTAGTGTGTGGT-1	Microglia
ADsum_NCF60_ATTGCTCGTAGGTTTG-1	Microglia
ADsum_NCF71_CGGTTATAGCGAGGTG-1	Microglia
ADsum_NCF60_TTGCAATCATCCCGCT-1	Microglia
ADsum_NCF71_GACACCGGTAGGTGTC-1	Microglia
ADsum_NCF60_TTGGCTACAGTTTCTC-1	Microglia
ADsum_NCF216_TTTAGCTTCGGCTATG-1	Microglia
ADsum_NCF60_TGATTGCAGGGACTAA-1	Microglia
ADsum_NCF71_TAGGTTATCATGACCG-1	Microglia
ADsum_NCF216_GCATTGCCAATATAGG-1	Microglia
ADsum_NCF221_GCCCGTTGTAATCCCT-1	Microglia
ADsum_NCF71_GGAACCTGTCTTACTA-1	Microglia
ADsum_NCF60_GTCATGAGTGGTTAGC-1	Microglia
ADsum_NCF71_TGGCCTTTCCTGATTT-1	Microglia
ADsum_NCF115_TGAGGGAGTAAATTGC-1	Microglia
ADsum_NCF95_ATTCCTAGTTTCCGGC-1	Microglia
ADsum_NCF60_TGTTTGTTCTTGCAAA-1	Microglia
ADsum_NCF140_TACCTGCTCTTGCAAA-1	Microglia
ADsum_NCF71_TATGTGATCTTAGCCC-1	Microglia
ADsum_NCF221_TTAGCTGCATTGCAGC-1	Microglia
ADsum_NCF64_TCAAACCAGGTATTGC-1	Microglia
ADsum_NCF60_AATCCTAAGGCTAATC-1	Microglia
ADsum_NCF140_AGTGTTTCACAATTAC-1	Microglia
ADsum_NCF64_TCAAGCTAGCACGTTG-1	Microglia
ADsum_NCF349_CTAGGACGTCGTTACT-1	Microglia
ADsum_NCF161_TTGCACACACTAAGCC-1	Microglia
ADsum_NCF161_CAAACACTCGTTAGTA-1	Microglia
ADsum_NCF115_TTGGCGGGTAATAGCT-1	Microglia
ADsum_NCF60_CAGCCTAAGGACAATG-1	Microglia
ADsum_NCF140_CAGGGTGAGGATTTGC-1	Microglia
ADsum_NCF71_AGCATTTCAGTTTGTG-1	Microglia
ADsum_NCF200_TCCTTCAAGGTGAAGC-1	Microglia
ADsum_NCF200_TATGGATGTGTTAGCA-1	Microglia
ADsum_NCF340_ATGTCCACAATCGCAC-1	Microglia
ADsum_NCF140_AGCTACTAGGCGAAAC-1	Microglia
ADsum_NCF115_AGAAAGGCAATAACCT-1	Microglia
ADsum_NCF71_TGTTGTAAGTTCCTGC-1	Microglia
ADsum_NCF71_ATTTAGGTCAAGCGCC-1	Microglia
ADsum_NCF216_GCGCTTGCAGGACCAA-1	Microglia
ADsum_NCF95_CCATTGTGTCTTACTA-1	Microglia
ADsum_NCF64_GCTCGATCACGTAAGG-1	Microglia
ADsum_NCF71_AAGAATCAGGACTTAC-1	Microglia
ADsum_NCF71_GTATCGCCAATTTGGT-1	Microglia
ADsum_NCF340_TTGCAAGGTTAGCCAA-1	Microglia
ADsum_NCF140_CTGTTGGAGGGACCTC-1	Microglia
ADsum_NCF71_CGTTAAATCTTACTCG-1	Microglia
ADsum_NCF221_TATGGTCAGTCAATTG-1	Microglia
ADsum_NCF340_ACGTTACAGGCCGGAA-1	Microglia
ADsum_NCF71_CCTTGTTCACTAAGTT-1	Microglia
ADsum_NCF115_TACCTCATCAGCAAAG-1	Microglia
ADsum_NCF60_GTGCTTACATGAGCAG-1	Microglia
ADsum_NCF216_GTTTCCTCATCTAGCA-1	Microglia
ADsum_NCF60_AGAAGGTGTTTGCAGA-1	Microglia
ADsum_NCF82_GTGTGCGGTTTAACCC-1	Microglia
ADsum_NCF71_TGCATGAGTTTGCTGT-1	Microglia
ADsum_NCF200_TCCAGGATCAGGAAGC-1	Microglia
ADsum_NCF60_AAAGCACCATGCAACC-1	Microglia
ADsum_NCF60_AGTTGCGTCATTTGCT-1	Microglia
ADsum_NCF71_TACCTCATCGGTTTGG-1	Microglia
ADsum_NCF60_ATGTTCAAGGTCATTA-1	Microglia
ADsum_NCF340_AGCCGCTAGTTCCCGT-1	Microglia
ADsum_NCF160_TGCGCAGGTTGTGACA-1	Microglia
ADsum_NCF60_CTATTGAAGGTGCGGA-1	Microglia
ADsum_NCF115_CCTATAGCAGCCGCTA-1	Microglia
ADsum_NCF221_CCTTACTCAGCTAATT-1	Microglia
ADsum_NCF95_CCTTGTTCAACTAACT-1	Microglia
ADsum_NCF160_GGGTTTGTCCAGGAAA-1	Microglia
ADsum_NCF71_GGGTTTCCAAGCTACC-1	Microglia
ADsum_NCF71_GTCGCAATCAACAAGG-1	Microglia
ADsum_NCF71_CTTTGAGCACCAACCG-1	Microglia
ADsum_NCF71_GAGTCAAAGGAATAAC-1	Microglia
ADsum_NCF71_CTAATGTCAGGCCTTG-1	Microglia
ADsum_NCF200_CAAACCGTCGCTCCAT-1	Microglia
ADsum_NCF64_CTCTTGATCTTAGCGG-1	Microglia
ADsum_NCF200_TTAACCAAGACAACGA-1	Microglia
ADsum_NCF140_AAGCGTTTCTTGACCC-1	Microglia
ADsum_NCF216_CTTATTGGTCAATACG-1	Microglia
ADsum_NCF140_AAGCCTCCATCCATCT-1	Microglia
ADsum_NCF71_GCTTTACGTTTCAGGA-1	Microglia
ADsum_NCF71_GTCAAACTCACCGGTA-1	Microglia
ADsum_NCF82_GCTTTACGTTGTTGGA-1	Microglia
ADsum_NCF64_TGAGCTTAGCAGGTGG-1	Microglia
ADsum_NCF71_GTCCATTGTCAGGAAG-1	Microglia
ADsum_NCF95_GTTCACCTCCATTACT-1	Microglia
ADsum_NCF95_GCGGAACCATGACTAT-1	Microglia
ADsum_NCF71_ATCCTCATCGTGCCTT-1	Microglia
ADsum_NCF349_CGAGGTGAGCACCACA-1	Microglia
ADsum_NCF60_AGTGCACGTTGGATCA-1	Microglia
ADsum_NCF95_ACCCTGTTCACGCATG-1	Microglia
ADsum_NCF95_AGACTATGTTAACAGT-1	Microglia
ADsum_NCF60_CCCTGTTAGCAAGATG-1	Microglia
ADsum_NCF221_GCTTAACAGCCTGAGC-1	Microglia
ADsum_NCF349_CTATGGCCAGGCTAAG-1	Microglia
ADsum_NCF60_CTCCGGACATGTTTGG-1	Microglia
ADsum_NCF64_TGGACTAGTTATCGAG-1	Microglia
ADsum_NCF60_ACTTTGTTCCAAATCA-1	Microglia
ADsum_NCF221_TCCGGAATCTTTGAGA-1	Microglia
ADsum_NCF71_GTACCGGGTAGGATCC-1	Microglia
ADsum_NCF64_GTAAGCTTCATTAGGC-1	Microglia
ADsum_NCF60_TAGCCGGGTTGAGCCG-1	Microglia
ADsum_NCF161_ACTCGCGCAGCCAGTT-1	Microglia
ADsum_NCF95_TAAAGCCTCCTACCTA-1	Microglia
ADsum_NCF224_GGCATTAGTGATGATT-1	Microglia
ADsum_NCF60_GTAAGCTTCCACCTGT-1	Microglia
ADsum_NCF82_TGTTGGCCAATTAAGG-1	Microglia
ADsum_NCF221_TATGAAGCATCAATCG-1	Microglia
ADsum_NCF161_TTTACGAAGGTGTTAC-1	Microglia
ADsum_NCF71_ATTAGGTGTCACCAAA-1	Microglia
ADsum_NCF71_TCAAGGTTCCTTGCAC-1	Microglia
ADsum_NCF64_GTTAAACGTGTTGTGA-1	Microglia
ADsum_NCF71_CCCTGTTAGGACCTGC-1	Microglia
ADsum_NCF71_CACATACAGCATTATG-1	Microglia
ADsum_NCF71_TTTAGCTTCAGGATGA-1	Microglia
ADsum_NCF71_ATTGCTCGTAGCTGGT-1	Microglia
ADsum_NCF71_CAACTAATCCCGAACA-1	Microglia
ADsum_NCF60_TCTATGTTCCGGCTAA-1	Microglia
ADsum_NCF115_CTTGGACCATAAAGCA-1	Microglia
ADsum_NCF216_TGGATTGGTTAGGACC-1	Microglia
ADsum_NCF71_CTAATCTTCATTTGCT-1	Microglia
ADsum_NCF60_GCGGTTATCCGCAAGC-1	Microglia
ADsum_NCF71_CATAACGGTTAGCAGC-1	Microglia
ADsum_NCF161_TTTCTTGCAGGCTTGT-1	Microglia
ADsum_NCF64_ACTCAGTAGTTCCTGC-1	Microglia
ADsum_NCF71_CAGCCTTTCAGGCCTA-1	Microglia
ADsum_NCF64_GGTGATTTCCAAACAC-1	Microglia
ADsum_NCF160_CGACTAAGTCACCTAT-1	Microglia
ADsum_NCF71_GTTCGCGCACATTGCA-1	Microglia
ADsum_NCF340_TCGCGAGGTTGTGATG-1	Microglia
ADsum_NCF71_TGGTAAACAGGTTTGC-1	Microglia
ADsum_NCF64_CTGTAACAGGTATTGC-1	Microglia
ADsum_NCF71_GGTTAGCGTCTTTATG-1	Microglia
ADsum_NCF60_TAATGGACACCTGCCT-1	Microglia
ADsum_NCF71_CACCAACCATGCATAT-1	Microglia
ADsum_NCF71_CATAGTCAGTATCGCG-1	Microglia
ADsum_NCF71_CCATCACTCCTTGCAC-1	Microglia
ADsum_NCF71_AGTTTGCAGGGTCTAT-1	Microglia
ADsum_NCF60_AGACTATGTAATCACG-1	Microglia
ADsum_NCF71_GCTTTACGTGCTTTAC-1	Microglia
ADsum_NCF340_GTTTGTTTCGGTTACG-1	Microglia
ADsum_NCF71_CAGCATGTCTTTGTAC-1	Microglia
ADsum_NCF71_GATCGAGCAGCCTGCA-1	Microglia
ADsum_NCF115_TGAACAGAGCAGCTAT-1	Microglia
ADsum_NCF71_GACGCAACATAGCTGC-1	Microglia
ADsum_NCF60_CTCTAGCTCACTCAAA-1	Microglia
ADsum_NCF71_GCAATAGAGCTCAAAC-1	Microglia
ADsum_NCF340_GAAGGCCCAAAGCGGC-1	Microglia
ADsum_NCF349_ATGTTTGAGTCCTTTG-1	Microglia
ADsum_NCF60_ATTAGCGGTTTGCTGT-1	Microglia
ADsum_NCF160_CGTTTCTCATTAGCGC-1	Microglia
ADsum_NCF140_CCGTTACTCAAAGGCA-1	Microglia
ADsum_NCF200_TTCAGCACAATTTAGC-1	Microglia
ADsum_NCF60_ATTTAGGTCTTGCAGG-1	Microglia
ADsum_NCF60_AAAGCGGGTACCGTTT-1	Microglia
ADsum_NCF60_CAGCCTAAGTTTGTCT-1	Microglia
ADsum_NCF71_AATTACCCAATTGCGC-1	Microglia
ADsum_NCF115_GTTACAGGTTTATCTG-1	Microglia
ADsum_NCF161_CCGTTGCGTTCTTTAG-1	Microglia
ADsum_NCF60_CCACACAAGCATGTTA-1	Microglia
ADsum_NCF71_CAGCAAGCAACTAGCC-1	Microglia
ADsum_NCF95_CCATCACTCAGCATTA-1	Microglia
ADsum_NCF115_TATATCCTCAATCTAG-1	Microglia
ADsum_NCF71_AAGTCTATCCTAATAG-1	Microglia
ADsum_NCF200_CAAGACAAGAATCGCT-1	Microglia
ADsum_NCF71_AATTGTGTCACACAGT-1	Microglia
ADsum_NCF140_ATCCATAAGCAATAGG-1	Microglia
ADsum_NCF349_TGCATGAGTAACCTAG-1	Microglia
ADsum_NCF216_CTATTCAGTTAAGCCA-1	Microglia
ADsum_NCF349_GTCTATGCACACCAAC-1	Microglia
ADsum_NCF115_CGTTTGGAGCTCATAA-1	Microglia
ADsum_NCF71_GTGCTTCTCCACCTGT-1	Microglia
ADsum_NCF60_TGTTGTGCACCTATAG-1	Microglia
ADsum_NCF82_TCTAGCACAGCAACCT-1	Microglia
ADsum_NCF71_TAGTGTGGTGTTTGCT-1	Microglia
ADsum_NCF340_GTAAGCGCATTGTTGG-1	Microglia
ADsum_NCF60_AATTAGCGTACCAGGT-1	Microglia
ADsum_NCF221_CGTATTGCAATACTGT-1	Microglia
ADsum_NCF340_TTTGTGAAGTTAGTGC-1	Microglia
ADsum_NCF64_CGAAGAATCACAGCCA-1	Microglia
ADsum_NCF216_GGTTACCCATCAGTAT-1	Microglia
ADsum_NCF82_ATCCACCTCCATAATG-1	Microglia
ADsum_NCF71_CGCATTACATGTCAGC-1	Microglia
ADsum_NCF200_TGTATCCGTGTTTGTC-1	Microglia
ADsum_NCF60_AACCTTAAGGTCGATT-1	Microglia
ADsum_NCF221_GAAGGCCCATGGTTAT-1	Microglia
ADsum_NCF140_TGCTTAAAGGATTGCT-1	Microglia
ADsum_NCF216_TGCACCTTCCGCATGA-1	Microglia
ADsum_NCF140_CGCAATTAGTCAGGCC-1	Microglia
ADsum_NCF71_CTAATGTCAGCACGTT-1	Microglia
ADsum_NCF60_GACTCACCATTGCGAC-1	Microglia
ADsum_NCF349_GCGATATTCATTGTTC-1	Microglia
ADsum_NCF160_AGCTACTAGGACTAAG-1	Microglia
ADsum_NCF160_TATCGCGAGGCCTAAT-1	Microglia
ADsum_NCF94_AAAGCGGGTTAAGCCA-1	Microglia
ADsum_NCF71_CACTGACCAGCCAGTT-1	Microglia
ADsum_NCF60_CCATTGTGTTGGTTCT-1	Microglia
ADsum_NCF200_CTTGCAACACCCACAG-1	Microglia
ADsum_NCF60_AAGCCACGTCTAACAG-1	Microglia
ADsum_NCF60_GACTTGGTCTCGCCCA-1	Microglia
ADsum_NCF340_CAGGCTGGTATTGCAG-1	Microglia
ADsum_NCF95_CCTAAAGGTTAACGAT-1	Microglia
ADsum_NCF95_TACCAAATCTGTGCAG-1	Oligo
ADsum_NCF71_GGCGGTAAGTAGGATG-1	Oligo
ADsum_NCF71_ATCATCAAGGCGCACT-1	Oligo
TGTATTCTCCCTCTTT-L8TX_180712_01_A06	Oligo
ADsum_NCF71_TTTAAGGTCGCTAAGT-1	Oligo
ATTATCCAGACAGACC-L8TX_190312_01_H02	Oligo
ACGAGGAAGGCGTACA-L8TX_180221_01_D09	Oligo
CAGCCGATCAGAGCTT-L8TX_180221_01_D10	Oligo
AGCAGCCTCTTCGAGA-L8TX_171120_01_F07	Oligo
CGTCACTTCTGTCTAT-L8TX_171120_01_F07	Oligo
CTAGAGTGTATTACCG-L8TX_180712_01_A06	Oligo
ADsum_NCF224_TGTCCTTCAATTGCGC-1	Oligo
ADsum_NCF340_TGACTTCGTTAGGCTA-1	Oligo
ADsum_NCF95_GTAGGTGCACTATGGC-1	Oligo
TCTGAGAAGAGCAATT-L8TX_180712_01_C06	Oligo
AACGTTGAGGTGTTAA-L8TX_180221_01_C09	Oligo
ADsum_NCF95_AGCCTGGGTTCAAGAT-1	Oligo
CATATGGCATAAAGGT-L8TX_180907_01_G11	Oligo
GTAACTGTCGAGCCCA-L8TX_171026_01_C05	Oligo
ADsum_NCF140_GGCCATCAGCGAAGTA-1	Oligo
ADsum_NCF221_CCATCATGTCCTAAGA-1	Oligo
GACTACAAGTACGTTC-L8TX_180221_01_D09	Oligo
AGATCTGCACCGTTGG-L8TX_181012_01_H04	Oligo
ADsum_NCF340_CATTGTGCAACACCTA-1	Oligo
ADsum_NCF216_CGTTAAATCGATTATG-1	Oligo
TCTCTAAGTTAGAACA-L8TX_180221_01_F12	Oligo
ACACTGAGTAGAAGGA-L8TX_180221_01_F10	Oligo
GTCTTCGCAATAAGCA-L8TX_180907_01_F11	Oligo
CTCAGAACAGTATCTG-L8TX_180607_01_C05	Oligo
ADsum_NCF60_ACTAATCCATGATTGT-1	Oligo
ADsum_NCF340_ACCCGGTAGATACTTG-1	Oligo
ADsum_NCF224_TCTAACCGTGTAACCA-1	Oligo
GCAATCAGTCTCTCGT-L8TX_180712_01_A06	Oligo
CATCCACTCCTACAGA-L8TX_180907_01_E11	Oligo
GTCCTCAGTAAACCTC-L8TX_180221_01_C11	Oligo
GATCGTACATTTGCCC-L8TX_180907_01_G11	Oligo
ADsum_NCF95_AACAGCAAGTAGGATG-1	Oligo
AACGTTGAGTGTTGAA-L8TX_180221_01_G11	Oligo
ATCATGGTCCAAATGC-L8TX_180504_01_E01	Oligo
ACTGAACCACTGCCAG-L8TX_180907_01_G11	Oligo
CAGCTAAGTAAGTGGC-L8TX_180221_01_F10	Oligo
ADsum_NCF349_GAGCTTGTCTGTGCCT-1	Oligo
CGATCGGTCACTTCAT-L8TX_180221_01_C11	Oligo
TTCTACATCTCGTTTA-L8TX_181012_01_G04	Oligo
CTAGTGAGTCTGCGGT-L8TX_180712_01_E05	Oligo
AAGACCTCATGGTAGG-L8TX_180712_01_A06	Oligo
AGATCTGCACACCGCA-L8TX_180712_01_H05	Oligo
ADsum_NCF71_GAGCTTAGTTGCAGTA-1	Oligo
CGTAGGCTCTTTACGT-L8TX_180504_01_E01	Oligo
AGAATAGGTCTCCATC-L8TX_171026_01_A04	Oligo
TGCCCTAAGCCAACAG-L8TX_180221_01_F10	Oligo
ADsum_NCF349_GGCATGGAGGCGCATC-1	Oligo
GGGCATCGTTGCTCCT-L8TX_180907_01_G10	Oligo
ADsum_NCF340_GTGCACGGTCACAGAC-1	Oligo
ACGAGGAGTTATCCGA-L8TX_180221_01_C12	Oligo
ADsum_NCF64_TACCTTAGTGAGCACT-1	Oligo
CGTCCATTCAACACAC-L8TX_180926_01_B01	Oligo
AATCGGTTCATAACCG-L8TX_190312_01_H01	Oligo
TACTTGTGTAGGCTGA-L8TX_190312_01_D01	Oligo
CGACCTTAGAACAACT-L8TX_190312_01_C02	Oligo
AAGGCAGAGCGTCAAG-L8TX_180221_01_D09	Oligo
TGTTCCGGTTACGCGC-L8TX_180907_01_A12	Oligo
AGCTCTCGTGTGAAAT-L8TX_200625_02_E11	Oligo
ADsum_NCF95_CCACAGGGTAGCTAAT-1	Oligo
GGGAATGGTGTTAAGA-L8TX_180907_01_B11	Oligo
ADsum_NCF340_GGGCTAACAACTAGGG-1	Oligo
GCGCGATAGGCGTACA-L8TX_180907_01_G11	Oligo
ADsum_NCF95_ACACTAGGTACAAAGA-1	Oligo
TGCGTGGCAGACAAGC-L8TX_180712_01_A06	Oligo
ADsum_NCF224_ATGTGAGAGTGAAGTG-1	Oligo
ADsum_NCF349_ACACTTGCAGGATTAA-1	Oligo
CACACAACAGGCAGTA-L8TX_181206_01_A12	Oligo
ACGGCCACACCTGGTG-L8TX_180115_01_E11	Oligo
ADsum_NCF95_GCCTTTGGTTTACCGT-1	Oligo
ADsum_NCF71_TTATCCTAGCGAGGTG-1	Oligo
ADsum_NCF161_CCAAACTAGAATCGCT-1	Oligo
AATCCAGTCCGCATAA-L8TX_180406_01_F07	Oligo
ADsum_NCF340_AAATGGCCAAACGCGA-1	Oligo
ADsum_NCF340_CAAGCTAGTAACGGGA-1	Oligo
AGATCTGCACGGACAA-L8TX_171026_01_A05	Oligo
ADsum_NCF94_GACTTACAGGAACCAA-1	Oligo
ADsum_NCF221_GCTGACATCCATCAGG-1	Oligo
ADsum_NCF71_CCTTATGTCGCTATGG-1	Oligo
CTACCCAAGGGCATGT-L8TX_190312_01_E01	Oligo
TGACAACAGATTACCC-L8TX_180115_01_H10	Oligo
ADsum_NCF64_ACTTCGCTCCATTACT-1	Oligo
CCTCAGTAGTGTTAGA-L8TX_181206_01_A12	Oligo
ADsum_NCF200_ACTTGCACAGTTATGT-1	Oligo
CGATCGGTCCATGAGT-L8TX_171026_01_F05	Oligo
TAGGCATAGGTGCAAC-L8TX_180406_01_F02	Oligo
ADsum_NCF340_GTAGCCATCTGGCAAT-1	Oligo
ADsum_NCF95_AAGCGAATCGGTCATG-1	Oligo
TCCCGATTCGTCACGG-L8TX_180712_01_H05	Oligo
ADsum_NCF161_TACCGCAAGGACCTGC-1	Oligo
GAAACTCCACCTCGTT-L8TX_180926_01_F01	Oligo
GTATTCTGTGTCTGAT-L8TX_171026_01_A05	Oligo
TCTCATAAGCTGCGAA-L8TX_180907_01_F11	Oligo
TGGTTCCCAGACAAGC-L8TX_190312_01_B02	Oligo
AGTCTTTGTGTTGGGA-L8TX_180907_01_G10	Oligo
CTCATTAAGTGTACCT-L8TX_181012_01_E05	Oligo
ADsum_NCF160_GCTGCACAGGTCATTA-1	Oligo
ADsum_NCF161_ACTTACAAGCATGTCG-1	Oligo
CCTATTACAGTCAGAG-L8TX_180829_01_E10	Oligo
CAGGTGCCAATAAGCA-L8TX_180907_01_B12	Oligo
ADsum_NCF71_TTGTGCGAGGCATTGT-1	Oligo
TCAGCTCAGTTTCCTT-L8TX_180221_01_A12	Oligo
GGACGTCCAAAGAATC-L8TX_180115_01_D11	Oligo
CCCATACAGAACTCGG-L8TX_180221_01_D09	Oligo
CGGAGTCAGTTCGCAT-L8TX_181011_01_C03	Oligo
ADsum_NCF60_ACCAAGTTCTGCAACG-1	Oligo
AACCGCGTCGCGGATC-L8TX_190312_01_B02	Oligo
CCATGTCAGCCCTAAT-L8TX_180221_01_E11	Oligo
AGGGATGAGGAATGGA-L8TX_181011_01_G02	Oligo
ADsum_NCF160_GGGCCTAGTCCGGTTC-1	Oligo
GCATGTAGTCGGATCC-L8TX_200611_02_A05	Oligo
AGCATACCAAGAGTCG-L8TX_180221_01_E12	Oligo
ATCACGAGTTGCCTCT-L8TX_180712_01_B06	Oligo
TGCACCTGTTGTACAC-L8TX_200611_02_A05	Oligo
ACGGAGATCTTCATGT-L8TX_180221_01_C09	Oligo
ADsum_NCF340_GCAGGTGAGCACAGAA-1	Oligo
AGTAGTCCACACGCTG-L8TX_181011_01_H02	Oligo
TGGCCAGTCCAAGCCG-L8TX_171026_01_D05	Oligo
CATATTCGTCTCCATC-L8TX_181011_01_C03	Oligo
GTCGGGTAGGATTCGG-L8TX_171120_01_D07	Oligo
TCAGCTCAGCCCAATT-L8TX_190312_01_G01	Oligo
ADsum_NCF340_GCTTAGTAGTACCGCA-1	Oligo
TAGGCATCACCCTATC-L8TX_190312_01_C02	Oligo
ADsum_NCF95_ACCAATATCGCAATCG-1	Oligo
ATGTGTGGTGATGTCT-L8TX_180221_01_D10	Oligo
ADsum_NCF340_ACGGTTAGTACGGTAC-1	Oligo
GGGCACTCAACTGGCC-L8TX_181206_01_H11	Oligo
ADsum_NCF160_GCATATATCATGGCCA-1	Oligo
CCATTCGGTCCAAGTT-L8TX_180406_01_F06	Oligo
ADsum_NCF64_ATCATGTCACCCTCAC-1	Oligo
GGAACTTGTTCCGGCA-L8TX_180221_01_F11	Oligo
CGATGGCCAATTGCTG-L8TX_180907_01_G10	Oligo
ADsum_NCF200_GGAAGTATCTGTTGCC-1	Oligo
ADsum_NCF60_GCGGGTTTCACCTGTC-1	Oligo
ADsum_NCF95_CTTAGTTTCATTACTC-1	Oligo
ADsum_NCF115_AAAGGCTCAAAGCCTC-1	Oligo
GCTCTGTGTAAGGGCT-L8TX_180712_01_B06	Oligo
CGTGTCTCAACGATCT-L8TX_190312_01_D01	Oligo
ADsum_NCF115_ACGTTACAGCTGGCTA-1	Oligo
ACGCCGACAGGTGGAT-L8TX_190312_01_F01	Oligo
ADsum_NCF82_ATTACGTCATGAGCAG-1	Oligo
ADsum_NCF95_TTGTGCGAGTAACCAC-1	Oligo
ADsum_NCF95_CAACAATGTGATCAGC-1	Oligo
ADsum_NCF200_GACTATTCAGTTATCG-1	Oligo
CGAATGTCATAACCTG-L8TX_180221_01_B10	Oligo
ADsum_NCF64_GCAAACAAGTACCGCA-1	Oligo
GGTATTGAGAGAACAG-L8TX_180406_01_C06	Oligo
ADsum_NCF140_CGTTTGGAGAGCAAGC-1	Oligo
TCAGCTCTCACCTTAT-L8TX_180907_01_F10	Oligo
CAACTAGAGCTACCGC-L8TX_180115_01_F11	Oligo
AGAGCTTAGATGAGAG-L8TX_180907_01_B12	Oligo
ACGTCAATCGGCGCTA-L8TX_180221_01_E10	Oligo
ADsum_NCF82_GTACTAGGTTGAATCG-1	Oligo
ADsum_NCF94_ATAAGTCGTGCTTACT-1	Oligo
GCTCTGTCATGCTGGC-L8TX_180221_01_A11	Oligo
ADsum_NCF349_CGGATAAAGGTAACGA-1	Oligo
ADsum_NCF349_GCCTTAGAGGAGCATA-1	Oligo
CTGTGCTGTATAATGG-L8TX_180712_01_B06	Oligo
ADsum_NCF95_GTCTTGCTCATTGACA-1	Oligo
CCACGGACAAAGCGGT-L8TX_180829_01_D10	Oligo
ACTGTCCGTTGCCTCT-L8TX_180221_01_D10	Oligo
ADsum_NCF216_TTCAACCGTAACTACG-1	Oligo
ADsum_NCF64_TGATCAGGTAGCCTCC-1	Oligo
ADsum_NCF216_TAGCTTAAGGGTGAGT-1	Oligo
ADsum_NCF349_CCTCAGTTCCGCAACA-1	Oligo
CAAGAAAAGGATGGAA-L8TX_181011_01_H03	Oligo
ADsum_NCF71_TTGCTCTCAGATAGAC-1	Oligo
GCAGTTAAGAAACCAT-L8TX_180406_01_C08	Oligo
ADsum_NCF95_TAGCCTCTCGTACCGA-1	Oligo
TCGGTAACACGACGAA-L8TX_180712_01_G05	Oligo
GATGAAAGTGTGAAAT-L8TX_190312_01_E02	Oligo
ADsum_NCF115_CCTAAAGGTGAGAAAC-1	Oligo
TGCGGGTAGAGGTTAT-L8TX_180829_01_D09	Oligo
CACCAGGCACAGGTTT-L8TX_180221_01_G10	Oligo
ADsum_NCF221_GCCTCAAAGACAAACG-1	Oligo
ADsum_NCF340_GGAACAATCATTACTC-1	Oligo
GTGGGTCCAACGCACC-L8TX_181012_01_H04	Oligo
CGTCCATCAGACAAGC-L8TX_171120_01_H07	Oligo
CGGAGCTTCAGCTCGG-L8TX_171026_01_G04	Oligo
GTAGTCAGTCCGTCAG-L8TX_180115_01_H10	Oligo
CGAGAAGAGGCTCTTA-L8TX_180221_01_C09	Oligo
ADsum_NCF64_GATTATGTCGGCCATA-1	Oligo
AGCGGTCCAGCTGTGC-L8TX_180907_01_G11	Oligo
TGGTTAGGTCCAGTTA-L8TX_180907_01_G11	Oligo
CTAGTGAAGAGTAAGG-L8TX_180221_01_H10	Oligo
CGACTTCGTCCAGTTA-L8TX_171026_01_B05	Oligo
TTTACTGGTTTGCATG-L8TX_181012_01_B05	Oligo
TCTGGAACACCGCTAG-L8TX_181011_01_C03	Oligo
ADsum_NCF349_TTGGCTACAGCTTAGC-1	Oligo
CGTAGGCCACCAGCAC-L8TX_180115_01_H08	Oligo
AGAGCGATCGGCGCTA-L8TX_180221_01_F11	Oligo
ADsum_NCF340_TCAACAATCGCTATAA-1	Oligo
ADsum_NCF224_GTCATGCCAGAACCGA-1	Oligo
ADsum_NCF221_AGTTACATCATTGCGG-1	Oligo
ACCTTTAAGACAGACC-L8TX_190312_01_E01	Oligo
ADsum_NCF140_CAAACTGGTTGTTCAC-1	Oligo
ATCACGACAATGCCAT-L8TX_180221_01_E09	Oligo
TGACTTTCATGGTAGG-L8TX_181011_01_H03	Oligo
ADsum_NCF82_CCGTTTGGTTAAGGCC-1	Oligo
ADsum_NCF115_AGTACGCGTTTGGGCG-1	Oligo
AAATGCCGTCACCTAA-L8TX_171120_01_F07	Oligo
ADsum_NCF95_AATTGTGTCTGGCATG-1	Oligo
TAAGTGCAGAAGGGTA-L8TX_180221_01_F12	Oligo
CGCCAAGCAGATTGCT-L8TX_180712_01_C06	Oligo
ADsum_NCF200_CATAACGGTTGCGTAA-1	Oligo
TGCTGCTCAGTCCTTC-L8TX_180115_01_H11	Oligo
ADsum_NCF95_GTTTAACCATCATGTG-1	Oligo
CGTGTCTTCCAATGGT-L8TX_190312_01_B01	Oligo
ADsum_NCF340_GGTCAAGCACCTCACC-1	Oligo
ADsum_NCF349_AGTTGCAGTCAAACTG-1	Oligo
AGCTCTCTCACAGTAC-L8TX_180907_01_E11	Oligo
ADsum_NCF160_AAACAGCCAGGTTATT-1	Oligo
TACGGATCATCACGTA-L8TX_180907_01_E11	Oligo
CTACATTGTGCATCTA-L8TX_180221_01_A11	Oligo
ADsum_NCF95_GGTTACTAGGTGAAGC-1	Oligo
ADsum_NCF349_GCGCAAACAGGATTAA-1	Oligo
ACCTTTATCTGTACGA-L8TX_180926_01_D01	Oligo
GACGGCTCAGCCAGAA-L8TX_181011_01_H03	Oligo
ADsum_NCF64_ATGATGGAGCCACAAT-1	Oligo
ADsum_NCF340_CAATCGCCACAGACTC-1	Oligo
TAGTGGTGTCAATACC-L8TX_180926_01_E01	Oligo
GCTTGAAGTAACGCGA-L8TX_180221_01_B12	Oligo
ACACCCTGTTACTGAC-L8TX_181012_01_E05	Oligo
GGCCGATCATTCTTAC-L8TX_180829_01_E10	Oligo
ADsum_NCF64_CCTAAAGGTGGAAGGC-1	Oligo
ADsum_NCF340_CCTTGTTCACTTACAG-1	Oligo
ADsum_NCF340_CGGCTAATCTCGCCCA-1	Oligo
ADsum_NCF340_CGAACCGGTTTCGCCA-1	Oligo
GGTGTTACACGACGAA-L8TX_181011_01_G02	Oligo
CTTAGGAAGTCGCCGT-L8TX_180221_01_G11	Oligo
TACTTGTTCACCATAG-L8TX_180221_01_A11	Oligo
ADsum_NCF340_GCCAATTAGGTAGCTT-1	Oligo
GCGCAGTCATGTAAGA-L8TX_180907_01_E11	Oligo
ADsum_NCF95_TTCAGTTTCGGTCAGC-1	Oligo
ADsum_NCF95_AAGGTATAGTTTGCGG-1	Oligo
ADsum_NCF71_ACATAGCTCTGTAATG-1	Oligo
ADsum_NCF200_AGCCAGTGTCCGGTTC-1	Oligo
ADsum_NCF60_GGTCCTGCAGCCTAAC-1	Oligo
CGCGGTACATTTGCCC-L8TX_180115_01_A11	Oligo
GGACATTTCCTTTCTC-L8TX_181011_01_B03	Oligo
ADsum_NCF95_GGTACCGGTGTTGCAA-1	Oligo
AAAGATGCAGGACGTA-L8TX_190312_01_C01	Oligo
ADsum_NCF95_CATCCTGGTAATGGCC-1	Oligo
GCATGTAGTTAGGGTG-L8TX_180221_01_B11	Oligo
AACTTTCAGAGTAATC-L8TX_180712_01_F05	Oligo
ATGAGGGGTATCTGCA-L8TX_180406_01_F06	Oligo
ADsum_NCF115_TGATCACAGAAACTGG-1	Oligo
AACACGTGTGATAAGT-L8TX_180221_01_F11	Oligo
CATGCCTGTAGATTAG-L8TX_180221_01_C10	Oligo
ADsum_NCF160_CGTTAGTAGGGACTAA-1	Oligo
CCACGGAAGGGCTCTC-L8TX_180221_01_G10	Oligo
ADsum_NCF115_GCTAACAGTTTATCTG-1	Oligo
GCATGCGCAGCTCGAC-L8TX_180712_01_F05	Oligo
ADsum_NCF95_ACCTTCCAGCCTCTCG-1	Oligo
GGAGCAAGTAAATGAC-L8TX_180712_01_F05	Oligo
ADsum_NCF160_GATAACGAGCCTAATA-1	Oligo
ACACCGGGTTAAAGAC-L8TX_190312_01_F01	Oligo
TCACAAGAGAGCTGGT-L8TX_180829_01_E10	Oligo
GACTACATCATGCATG-L8TX_180926_01_C12	Oligo
CACTCCAAGCGTAGTG-L8TX_180115_01_A09	Oligo
TATCAGGAGATGGCGT-L8TX_171026_01_F05	Oligo
GCATACACAAGTTCTG-L8TX_180406_01_E01	Oligo
GTATTCTCATCACGAT-L8TX_181206_01_B12	Oligo
ADsum_NCF95_CCGATGCAGTTTGGTA-1	Oligo
ADsum_NCF340_CTAGGCGGTAATGACT-1	Oligo
ADsum_NCF349_GCTATCCTCATTGTTC-1	Oligo
ADsum_NCF94_ATTGTCCGTGTTGCTT-1	Oligo
ADsum_NCF349_GTCGAGGAGGCCTTAG-1	Oligo
ADsum_NCF200_CATGCGGGTTGTGATG-1	Oligo
ADsum_NCF95_GTCTCACTCAATTACG-1	Oligo
ADsum_NCF340_CGATTCCTCTTGATGA-1	Oligo
AGAGCGAAGGCTACGA-L8TX_171120_01_D07	Oligo
ADsum_NCF161_CAATATGTCTCACTAT-1	Oligo
ADsum_NCF349_TCTTCAAGTGTCACGG-1	Oligo
ADsum_NCF95_TTGTCCATCCTTCTAG-1	Oligo
ADsum_NCF95_CTCACAACATAGCGGA-1	Oligo
ADsum_NCF115_GCATATATCATCAGTA-1	Oligo
ADsum_NCF140_GCGGATACAGGATGGC-1	Oligo
GACACGCTCAACACAC-L8TX_180907_01_A12	Oligo
ADsum_NCF140_TAAGGACCACAATGCC-1	Oligo
CTTTGCGTCTCGTATT-L8TX_180406_01_F06	Oligo
ADsum_NCF340_TTTGAGTCAGCAAGTG-1	Oligo
ADsum_NCF95_GTCGAGGAGCCAGGTC-1	Oligo
ADsum_NCF160_TAATGGACATTAGGTT-1	Oligo
ADsum_NCF216_TGAACAACACGTTACA-1	Oligo
ADsum_NCF95_GTCATGCCAAGGTGGC-1	Oligo
ADsum_NCF95_CTGTAACAGGCTAGAA-1	Oligo
AACTCTTGTCTGATTG-L8TX_180926_01_F01	Oligo
CCACTACAGGTAAACT-L8TX_180907_01_B12	Oligo
ADsum_NCF95_TCGTTAGCAAGCCAGA-1	Oligo
ADsum_NCF115_GTGAACAAGTTAGACC-1	Oligo
GCACATATCACCGGGT-L8TX_180829_01_D10	Oligo
ADsum_NCF221_AGTCAAGAGGCTGTGC-1	Oligo
ADsum_NCF340_CTGTATTTCTTGCATT-1	Oligo
TAAACCGTCAACCATG-L8TX_190312_01_D02	Oligo
ADsum_NCF95_ACGTTACAGGAGTCGG-1	Oligo
ADsum_NCF340_AAACATGCAATTAACC-1	Oligo
CGCTGGATCTGCGGCA-L8TX_190312_01_B01	Oligo
ADsum_NCF60_CCAGGAACATGCTCCC-1	Oligo
GTATCTTCAAGAGTCG-L8TX_180712_01_G05	Oligo
ADsum_NCF95_ACCCTCCCAGGAACAT-1	Oligo
CATCGGGGTAGGACAC-L8TX_180115_01_H08	Oligo
TGCGTGGAGGGAGTAA-L8TX_190312_01_F01	Oligo
GAGTCCGAGTACGTAA-L8TX_180406_01_F07	Oligo
TACTCGCCACGAAACG-L8TX_181206_01_B12	Oligo
CGGCTAGCACCGTTGG-L8TX_180221_01_D10	Oligo
ADsum_NCF71_TGCACTTGTTGTTCAC-1	Oligo
ADsum_NCF95_TTAAAGGCAGGCCATT-1	Oligo
TCAGCTCTCAATACCG-L8TX_171026_01_B05	Oligo
TCAACGAGTCACTTCC-L8TX_180926_01_B01	Oligo
CACACAAGTCCATGAT-L8TX_180907_01_F11	Oligo
ADsum_NCF95_TTGCAAGGTTTATCGC-1	Oligo
GTCATTTCATAAAGGT-L8TX_180115_01_E10	Oligo
ADsum_NCF160_GTCTAATCAATTGAAG-1	Oligo
ADsum_NCF71_GCATGAGCAACTAACT-1	Oligo
CGATCGGGTAGCCTCG-L8TX_190312_01_C02	Oligo
GGAATAACAATGAATG-L8TX_180907_01_G10	Oligo
CACAGGCTCCCTCTTT-L8TX_190312_01_C01	Oligo
CCTTTCTAGAGCTATA-L8TX_180221_01_H10	Oligo
AGGTCCGTCCTAGGGC-L8TX_180406_01_H01	Oligo
ADsum_NCF160_TGGACCGGTGAGACTC-1	Oligo
CATCAGAGTCTACCTC-L8TX_180907_01_B12	Oligo
ADsum_NCF71_ACACGGACACCTATAG-1	Oligo
ADsum_NCF115_GACAATACAGGCCATT-1	Oligo
ADsum_NCF349_CTCCGTCCATATAACC-1	Oligo
ADsum_NCF349_GCAATATGTCTCACTG-1	Oligo
AGTGTCACATCGGACC-L8TX_180115_01_E11	Oligo
ADsum_NCF340_TCTCACCAGATAACCC-1	Oligo
AAGTCTGCACTAAGTC-L8TX_181011_01_C03	Oligo
ADsum_NCF60_CCTAAGGTCAATCTAG-1	Oligo
GAAGCAGGTCGCGAAA-L8TX_181206_01_A12	Oligo
AACCATGGTAAGGGAA-L8TX_171120_01_E07	Oligo
AGAGCTTCATTCTTAC-L8TX_190312_01_G01	Oligo
GGGTTGCAGTGTACGG-L8TX_180926_01_F01	Oligo
ADsum_NCF160_AACCCGCAGCGATAAG-1	Oligo
GACGTTAGTTCACGGC-L8TX_171026_01_E05	Oligo
TGTTCCGGTAGGCATG-L8TX_181011_01_G02	Oligo
ADsum_NCF340_GGAACGGTCAGCAAGA-1	Oligo
ADsum_NCF95_TAGTGAGAGCGAGCGA-1	Oligo
CTAAGACTCTGCCCTA-L8TX_180115_01_F09	Oligo
CTCAGAAAGGTCATCT-L8TX_180221_01_A11	Oligo
ADsum_NCF60_CTATGGCCATTAGGCC-1	Oligo
TTTCCTCGTAGCGCTC-L8TX_180926_01_D01	Oligo
TGCGCAGTCGTACCGG-L8TX_180907_01_G11	Oligo
ADsum_NCF160_GCGGATACAGGCTTCG-1	Oligo
CCTAAAGTCCAATGGT-L8TX_181011_01_C04	Oligo
AAGGCAGTCATGGTCA-L8TX_181206_01_A12	Oligo
ADsum_NCF95_AGCTACTAGGACCTCA-1	Oligo
ADsum_NCF349_CTTGTTTAGGTCAAAG-1	Oligo
ADsum_NCF349_GCTTACCTCATTTGTC-1	Oligo
TTCGAAGCAGACGCAA-L8TX_180221_01_B11	Oligo
CTGATCCCATCCTTGC-L8TX_180221_01_H12	Oligo
ADsum_NCF349_AGGATATAGCTTACTT-1	Oligo
ATCACGAAGCCTTGAT-L8TX_180406_01_F06	Oligo
ADsum_NCF95_AGCACTTAGCCTGACA-1	Oligo
ADsum_NCF95_CGCTTAACAGCACGTT-1	Oligo
ADsum_NCF349_TGATGACTCGCTTCTA-1	Oligo
CACAGGCCAATGGTCT-L8TX_180907_01_B12	Oligo
ADsum_NCF64_CCTTCGTAGACACCGC-1	Oligo
ADsum_NCF161_TCATTACTCCTAATTC-1	Oligo
ADsum_NCF95_GCAGGCAAGCCGCTTT-1	Oligo
GGGCACTAGTCTCGGC-L8TX_180221_01_E09	Oligo
AAGCCGCCAAGAGTCG-L8TX_181011_01_A03	Oligo
GTGCTTCTCACTGGGC-L8TX_180712_01_A06	Oligo
ADsum_NCF340_AGTAAGTAGCACAGAA-1	Oligo
TCTGGAAGTTAAGATG-L8TX_180712_01_H05	Oligo
ADsum_NCF82_ACCCAGGGTCATGCAA-1	Oligo
GACAGAGAGTCATGCT-L8TX_171120_01_C07	Oligo
GTCATTTAGTGCCATT-L8TX_180221_01_A11	Oligo
ADsum_NCF64_CTCCTAATCTTAAGTG-1	Oligo
GGAACTTAGAAGAAGC-L8TX_190312_01_E01	Oligo
GTTACAGTCACCTCGT-L8TX_180406_01_D02	Oligo
ACTTTCACATGGTCTA-L8TX_180221_01_E12	Oligo
TGCACCTAGAACTGTA-L8TX_180907_01_B12	Oligo
TCCACACCATCAGTCA-L8TX_180712_01_A06	Oligo
TGCCCTAGTTTGTTTC-L8TX_180907_01_F11	Oligo
ADsum_NCF340_AGCTTAATCATGGTGT-1	Oligo
TCTTCGGTCAAGAAGT-L8TX_180926_01_C12	Oligo
CAGCCGACAGACTCGC-L8TX_180406_01_H01	Oligo
ADsum_NCF64_GATAACGAGCCTGACA-1	Oligo
CCGTTCATCTTTACGT-L8TX_180406_01_G02	Oligo
ADsum_NCF115_TTTGCATTCCTTTACG-1	Oligo
TTAGGCATCATCGATG-L8TX_180907_01_F10	Oligo
CTTTGCGGTGTAACGG-L8TX_180221_01_D11	Oligo
CTCAGAACAAATACAG-L8TX_200611_02_A05	Oligo
TGGACGCCATGGGAAC-L8TX_181011_01_C03	Oligo
CAGTCCTCATGCTGGC-L8TX_180907_01_E11	Oligo
ADsum_NCF115_CGGTTCCGTGCTTACT-1	Oligo
CGCTGGAGTAGAGGAA-L8TX_180221_01_A11	Oligo
TACACGAGTTTGACTG-L8TX_190312_01_D02	Oligo
CTCGGGAAGCAACGGT-L8TX_180907_01_G11	Oligo
AGTTGGTCACCTCGTT-L8TX_180829_01_E10	Oligo
CCGGGATGTCTGGAGA-L8TX_190312_01_F02	Oligo
ADsum_NCF95_AGCAACAAGCCTAATA-1	Oligo
CTTAGGACAGCTGTAT-L8TX_181011_01_H03	Oligo
AACTCCCGTAGGGTAC-L8TX_190312_01_A02	Oligo
ACGTCAACAATGCCAT-L8TX_180221_01_D09	Oligo
GCTGGGTTCACCCGAG-L8TX_180221_01_A11	Oligo
ADsum_NCF200_GGACAGCCAAGCTTAT-1	Oligo
ADsum_NCF60_GTTTCCTCAGGAACCA-1	Oligo
GGACATTCACTGAAGG-L8TX_180712_01_A06	Oligo
AGGGTGACACTGCCAG-L8TX_181012_01_B05	Oligo
TAAGAGACATCGATTG-L8TX_180907_01_F11	Oligo
ADsum_NCF340_GGATACTTCATAACCA-1	Oligo
CACATTTGTAGGACAC-L8TX_180926_01_F01	Oligo
TTGGAACGTTCGCGAC-L8TX_171120_01_H07	Oligo
TGCGCAGTCATGCATG-L8TX_181012_01_G04	Oligo
ADsum_NCF95_TTGCAGCCAGCTTAGC-1	Oligo
TAAACCGTCCAGTATG-L8TX_171026_01_H03	Oligo
ADsum_NCF216_CTAAGGTTCGTTTCCA-1	Oligo
GGCCGATTCCACGTGG-L8TX_180829_01_D10	Oligo
ADsum_NCF95_GACCTGATCATTGTCT-1	Oligo
ADsum_NCF95_ATGAGCCGTAGGTTGC-1	Oligo
CAAGAAACAGTGGAGT-L8TX_180406_01_C02	Oligo
ADsum_NCF95_CGCGGATTCGGTCATG-1	Oligo
TAAGCGTGTGCAACGA-L8TX_180221_01_D09	Oligo
ADsum_NCF64_TTTGGCTGTGATCATG-1	Oligo
ADsum_NCF82_TAAAGCCTCAATGACC-1	Oligo
ADsum_NCF340_GCAAGCCTCCCTCGCA-1	Oligo
ADsum_NCF349_TCAGTAGGTGCTCCGT-1	Oligo
CATTCGCAGCTCTCGG-L8TX_180221_01_G11	Oligo
ACGGAGAAGTCTTGCA-L8TX_181011_01_G02	Oligo
ADsum_NCF115_ATTAGTCCATGTTGTG-1	Oligo
ADsum_NCF340_TGGTCCTTCCTCATGC-1	Oligo
TGCTGCTAGGGTGTTG-L8TX_180221_01_E09	Oligo
ADsum_NCF340_TTTCTTGCACGAACAG-1	Oligo
GCTGGGTAGGCCCGTT-L8TX_180907_01_F10	Oligo
CTAATGGAGGATGGTC-L8TX_180221_01_H10	Oligo
ADsum_NCF200_AGTCGCATCCTCGATC-1	Oligo
AGGCCACCAAAGAATC-L8TX_180115_01_F10	Oligo
AACTTTCAGCCACTAT-L8TX_180907_01_E11	Oligo
ATCATGGGTCAGAAGC-L8TX_180406_01_E02	Oligo
ADsum_NCF349_AGCGCCTAGCTTATGA-1	Oligo
CGGACTGCATTACGAC-L8TX_180221_01_D09	Oligo
CGTTAGAGTGATAAGT-L8TX_171026_01_F05	Oligo
ACTTTCAGTGCGCTTG-L8TX_181012_01_G04	Oligo
GTAACGTTCCTCAACC-L8TX_180115_01_C11	Oligo
GATCGCGCAGGCTGAA-L8TX_190312_01_B01	Oligo
CGGTTAATCCTTCAAT-L8TX_200611_02_A05	Oligo
ADsum_NCF200_TCCGGTTTCATTAGGC-1	Oligo
ACCGTAACACAGAGGT-L8TX_180907_01_E11	Oligo
ADsum_NCF64_TGATGATGTTATTGCC-1	Oligo
ADsum_NCF115_TACTTCGTCCTCATCA-1	Oligo
AGTCTTTTCGAGCCCA-L8TX_180406_01_B07	Oligo
ADsum_NCF60_CATCAGCCAGGCATGA-1	Oligo
ADsum_NCF82_GATCGAGCACAACAAA-1	Oligo
ADsum_NCF349_CGTGCACAGAACAAGT-1	Oligo
GCTGCGAAGTTTGCGT-L8TX_180406_01_C02	Oligo
GCATGATTCACTCCTG-L8TX_181011_01_C03	Oligo
CCTTCGATCTGGTATG-L8TX_180712_01_A06	Oligo
ADsum_NCF95_CTCTGTTCACCAGCAT-1	Oligo
ADsum_NCF340_AAATCCGGTTAGCTGA-1	Oligo
ADsum_NCF349_TGGAACAAGTCTCACC-1	Oligo
ADsum_NCF349_ATCAATCCAAACTGTT-1	Oligo
CTGATAGAGAAGGTGA-L8TX_180406_01_C08	Oligo
GCATGTATCAGTTCGA-L8TX_171026_01_G03	Oligo
ADsum_NCF95_AGGTTGCGTAGGTTGC-1	Oligo
GTGCAGCCAGGCTGAA-L8TX_180907_01_G10	Oligo
ADsum_NCF64_CAAACAACAGGCGATA-1	Oligo
AAACCTGGTGGTCCGT-L8TX_190312_01_B02	Oligo
GCATGTAGTCCGTTAA-L8TX_180221_01_H10	Oligo
ADsum_NCF160_TGAGAACCATAGCGAG-1	Oligo
ADsum_NCF340_CTTAACAAGGTCCTGA-1	Oligo
AAACGGGGTCTTGATG-L8TX_180829_01_D09	Oligo
ACAGCTAGTGATGTGG-L8TX_180907_01_F11	Oligo
TAGTGGTTCTGCGTAA-L8TX_180406_01_F06	Oligo
ADsum_NCF340_CTCCCTGAGGACTTAC-1	Oligo
TACGGGCAGCGTAGTG-L8TX_180829_01_E10	Oligo
ADsum_NCF71_CATTATCTCGCACAAT-1	Oligo
ACCAGTACACAAGACG-L8TX_180221_01_C09	Oligo
ADsum_NCF60_CTTTGGTGTAGGATCC-1	Oligo
ADsum_NCF94_AATAACCGTCATCAAG-1	Oligo
CGTAGGCTCGGCCGAT-L8TX_180712_01_H05	Oligo
TTAGGCAAGTTCCACA-L8TX_180926_01_E12	Oligo
ADsum_NCF95_ATGAGCCGTAGGTTAT-1	Oligo
GATCGTAGTGGTACAG-L8TX_180926_01_F01	Oligo
ACATGGTGTGGTTTCA-L8TX_181011_01_H03	Oligo
AGATTGCTCTTGCCGT-L8TX_190312_01_G02	Oligo
TAGTTGGCATTTCACT-L8TX_181011_01_B03	Oligo
TGTGTTTAGAGTTGGC-L8TX_190312_01_F01	Oligo
ADsum_NCF340_GCTCTGTTCCATAAGC-1	Oligo
ADsum_NCF115_GTTTGCTGTCAATACG-1	Oligo
ATCACGAAGATGAGAG-L8TX_190312_01_C01	Oligo
CATTATCGTGCAGGTA-L8TX_190312_01_F01	Oligo
CGCGTTTGTGAACCTT-L8TX_181011_01_A03	Oligo
CGCGGTAGTCTCCCTA-L8TX_180221_01_B10	Oligo
TACTTGTGTACGCACC-L8TX_171026_01_E05	Oligo
GCGAGAAGTACCGGCT-L8TX_180907_01_B11	Oligo
ADsum_NCF140_ATTACGTCACAGAAAC-1	Oligo
TTCTTAGCATTGCGGC-L8TX_181011_01_C03	Oligo
CCCAGTTAGTACGCCC-L8TX_190312_01_D01	Oligo
GTGGGTCTCACAAACC-L8TX_181012_01_B05	Oligo
AGCTTGAAGTGTGGCA-L8TX_180221_01_G12	Oligo
CATATTCAGTAGGTGC-L8TX_180221_01_A11	Oligo
ADsum_NCF95_GCACTAAGTTTGCTGT-1	Oligo
CACCTTGAGAATTGTG-L8TX_180406_01_B02	Oligo
CATATTCTCCAGATCA-L8TX_180221_01_G12	Oligo
TCACGAATCGCAAACT-L8TX_180406_01_E01	Oligo
AGCAGCCTCGAGCCCA-L8TX_180221_01_F10	Oligo
ADsum_NCF115_TGTGCGGGTGCTAGAC-1	Oligo
TGAAAGATCCAAACTG-L8TX_180926_01_E12	Oligo
ADsum_NCF95_GTGAGCGAGATGGACA-1	Oligo
ADsum_NCF115_AGGTCTTAGAGCAAGC-1	Oligo
ADsum_NCF340_CACTAGCCAAATGCCC-1	Oligo
TCGTAGAGTGAGCGAT-L8TX_180907_01_F11	Oligo
ADsum_NCF71_AATTCGTCACCTGCCT-1	Oligo
ADsum_NCF160_AACATTGTCATGGCTG-1	Oligo
ACACCCTTCTTTAGGG-L8TX_181011_01_B03	Oligo
ADsum_NCF340_ATGTTGTCAATACTGT-1	Oligo
GAGTCCGAGCCACCTG-L8TX_171026_01_C05	Oligo
AAAGATGGTATAGGGC-L8TX_180829_01_D09	Oligo
CTACATTAGGCTACGA-L8TX_180221_01_G11	Oligo
CGAGCACTCACCACCT-L8TX_190312_01_C02	Oligo
ADsum_NCF160_AGTGATGAGGTCCACA-1	Oligo
GCTCTGTAGAGCTTCT-L8TX_180907_01_B12	Oligo
ADsum_NCF95_CGTTGCAAGGATCCGC-1	Oligo
ADsum_NCF340_CAATCTAAGACAACGA-1	Oligo
ADsum_NCF349_GCCACTAAGTTGGCCA-1	Oligo
GGCTGGTCAGATTGCT-L8TX_180907_01_G11	Oligo
TTTACTGAGATCCCAT-L8TX_180926_01_D01	Oligo
ATGAGGGAGTGTACCT-L8TX_180115_01_D09	Oligo
ACGGGCTAGATATGGT-L8TX_200611_02_A05	Oligo
AGGGATGGTTATGTGC-L8TX_180115_01_D11	Oligo
CGTAGCGCAGCTATTG-L8TX_190312_01_G02	Oligo
ADsum_NCF71_AGGTTACTCACCATTT-1	Oligo
CTCGGGAGTATAGGTA-L8TX_200625_02_G11	Oligo
ADsum_NCF95_GCTAAGTTCGCGACAC-1	Oligo
CATATTCAGCGTGAGT-L8TX_181012_01_G04	Oligo
ADsum_NCF349_TGCTCAACAAGCTACC-1	Oligo
CTAGTGATCGACGGAA-L8TX_180115_01_A11	Oligo
ADsum_NCF349_GTCCTCCCATTGGGAG-1	Oligo
ADsum_NCF160_TTACGTTTCTACCTGC-1	Oligo
ADsum_NCF349_GCGAAGTAGTCTTGAA-1	Oligo
TCAATCTCACGAGGTA-L8TX_180115_01_D09	Oligo
CCGTGGAAGTTTAGGA-L8TX_180829_01_E10	Oligo
ACTGAGTTCTCTTATG-L8TX_180406_01_G02	Oligo
ATCACGAGTAATCACC-L8TX_180221_01_A12	Oligo
ADsum_NCF95_CTTGTTCCAATTGCGC-1	Oligo
ADsum_NCF82_ACCAAGCGTTAAGTGT-1	Oligo
ADsum_NCF82_GCACTTACATGTTGCA-1	Oligo
AGAGCTTGTTGGTGGA-L8TX_171120_01_D07	Oligo
CCAGCGAGTCCAGTTA-L8TX_180115_01_H11	Oligo
GATCAGTCAACAACCT-L8TX_181011_01_A03	Oligo
GCATGCGCAGACACTT-L8TX_180907_01_G10	Oligo
CTTACCGAGCCTTGAT-L8TX_180221_01_E11	Oligo
GGGTCTGAGTGAACAT-L8TX_200611_02_A05	Oligo
TGAGCATGTGTTTGTG-L8TX_180221_01_A11	Oligo
ADsum_NCF340_AGCTACTAGTTTGGGT-1	Oligo
ADsum_NCF95_TGCTTGCTCAATCTCT-1	Oligo
TTGAACGGTCGGATCC-L8TX_180221_01_D10	Oligo
GGCTGGTTCGTCTGAA-L8TX_180907_01_G10	Oligo
ADsum_NCF349_CAAGACAAGCATTATG-1	Oligo
ADsum_NCF349_AAGCCTGTCTTTGTAC-1	Oligo
ADsum_NCF64_CATTTGTTCGTCAAGT-1	Oligo
GTCTTCGAGGGCTTGA-L8TX_180221_01_D11	Oligo
ADsum_NCF216_TTGTTTGGTTCCTGAT-1	Oligo
ADsum_NCF224_ACTAACCAGGCTAAGA-1	Oligo
ADsum_NCF71_AATGTCCAGCTCATAA-1	Oligo
ADsum_NCF71_GGAACCTGTGAACAAA-1	Oligo
TTTACTGTCTGGCGTG-L8TX_180221_01_F10	Oligo
GGACATTCAGGCAGTA-L8TX_190312_01_E02	Oligo
ADsum_NCF95_GTAGCCATCCTTAGGG-1	Oligo
ADsum_NCF82_GGATATTGTTAACAGT-1	Oligo
CGATGTAGTACGCACC-L8TX_180406_01_D01	Oligo
ADsum_NCF82_AATGGCGCAATTAGGA-1	Oligo
CTTAACTCACGACGAA-L8TX_171026_01_H04	Oligo
AGGTCCGTCTCTGTCG-L8TX_190312_01_H01	Oligo
ACATGGTTCTCCTATA-L8TX_180221_01_C11	Oligo
ADsum_NCF140_AGGATTGAGCTACTGG-1	Oligo
ACAGCTATCGGATGGA-L8TX_190312_01_E02	Oligo
CAGTCCTTCCAAGTAC-L8TX_180406_01_C01	Oligo
ADsum_NCF95_CAGCCAATCCTGTTCA-1	Oligo
AGGGTGATCTGCGACG-L8TX_180712_01_F05	Oligo
AAGGTTCCACGGTGTC-L8TX_200625_02_E11	Oligo
TTAGGCAAGGGTTTCT-L8TX_180221_01_H10	Oligo
TCAGCAAAGGTGTGGT-L8TX_180406_01_H01	Oligo
AGCTCCTTCTGCGTAA-L8TX_180926_01_C12	Oligo
ADsum_NCF82_GTAAGCGCAAGGACCA-1	Oligo
ACCAGTACATTCCTCG-L8TX_180907_01_G10	Oligo
GCATACAAGACAAGCC-L8TX_180115_01_H11	Oligo
ADsum_NCF349_CGAATCTAGTAAGGGC-1	Oligo
GCAGCCACAATTGCTG-L8TX_181011_01_C03	Oligo
TATGCCCGTTATCGGT-L8TX_180221_01_B12	Oligo
AACCATGTCTCTAGGA-L8TX_180221_01_E12	Oligo
ADsum_NCF95_CCAGCTAAGTCATTTC-1	Oligo
CTTCTCTAGATGCCTT-L8TX_190312_01_B02	Oligo
AAACCTGCAGTAAGAT-L8TX_180907_01_G10	Oligo
ADsum_NCF340_GTCTTTAGTTAGTGAT-1	Oligo
ADsum_NCF95_AACCTAATCCTTAATC-1	Oligo
TGGCCAGGTTATCACG-L8TX_180406_01_G01	Oligo
CTACCCAGTAGGACAC-L8TX_181011_01_H03	Oligo
GTTCATTGTCTCTCTG-L8TX_180221_01_H10	Oligo
ADsum_NCF115_GGACGGATCCAAGTTA-1	Oligo
TGTTCCGTCCTTAATC-L8TX_180406_01_C07	Oligo
ADsum_NCF349_ATGTAACGTGCATTTC-1	Oligo
ADsum_NCF160_GTCATTAAGTATTGTG-1	Oligo
CCTAAAGCAAACCCAT-L8TX_190312_01_F01	Oligo
CTCGGAGAGTACGACG-L8TX_180115_01_E11	Oligo
ADsum_NCF95_CCCGCAACACACTAAT-1	Oligo
ADsum_NCF349_CAGGGTGAGTAACAGG-1	Oligo
ADsum_NCF95_CTTAAGATCGGCTAGC-1	Oligo
ADsum_NCF349_AATTTGGTCCAATAGC-1	Oligo
ADsum_NCF95_GTGGATGCAGCTAATT-1	Oligo
ADsum_NCF95_GTAGCTGTCCCTGTTA-1	Oligo
ADsum_NCF349_ACTTACAAGCGGCTGT-1	Oligo
ADsum_NCF60_CTAACCACATTGGGAG-1	Oligo
ADsum_NCF160_GGAAGCTAGCGATAGA-1	Oligo
ADsum_NCF349_GACTTGGTCAAGCCTG-1	Oligo
ACAGCCGGTTTCGCTC-L8TX_180221_01_F11	Oligo
GTACTCCGTCTAAAGA-L8TX_180926_01_E01	Oligo
ADsum_NCF340_TATTTGCTCTCAATGA-1	Oligo
CCTAAAGAGCTCCTCT-L8TX_180221_01_H10	Oligo
AGTGTCAGTACCAGTT-L8TX_180221_01_C11	Oligo
ADsum_NCF349_TGGTCATAGGCATTGT-1	Oligo
ADsum_NCF340_GCCTCAAAGTTACCGG-1	Oligo
CGATTGAGTGTTGAGG-L8TX_180926_01_B01	Oligo
CATTCGCGTAGAAAGG-L8TX_180907_01_F11	Oligo
ADsum_NCF64_GGCCTCTGTTTCAGGA-1	Oligo
ADsum_NCF200_ATCCTCATCAATCATG-1	Oligo
TACTTGTCAGTGGGAT-L8TX_180115_01_G11	Oligo
ADsum_NCF224_ATTGCACAGTGTTGCG-1	Oligo
ADsum_NCF140_TCGCCCATCTACCTAT-1	Oligo
TGGCTGGTCATCATTC-L8TX_180406_01_D06	Oligo
GCTCCTATCACCCGAG-L8TX_180221_01_C09	Oligo
CATTCGCAGCGCTTAT-L8TX_180829_01_D10	Oligo
CATCGGGAGTAATCCC-L8TX_180115_01_E10	Oligo
ADsum_NCF82_TCTCGCCCAATAACCT-1	Oligo
ACCGTAATCAGAAATG-L8TX_180221_01_H10	Oligo
TCGAGGCAGAGAGCTC-L8TX_190312_01_G02	Oligo
CCTACACTCGCCATAA-L8TX_190312_01_H01	Oligo
ADsum_NCF95_TTGCACACAGTAATAG-1	Oligo
CACATAGCAGCTCGCA-L8TX_180221_01_D10	Oligo
ADsum_NCF95_GTCGCAATCCTAATAG-1	Oligo
TTTACTGCAGGACCCT-L8TX_190312_01_C02	Oligo
GTTAAGCGTAGAGCTG-L8TX_190312_01_E01	Oligo
GACTGCGAGAGGTTAT-L8TX_171026_01_A04	Oligo
ADsum_NCF71_GACCTTTGTAGTTGGC-1	Oligo
ADsum_NCF95_CCACATTGTCATTACC-1	Oligo
ACCAGTAGTCCAACTA-L8TX_180115_01_F10	Oligo
AGAGCTTCAAACTGTC-L8TX_180829_01_E10	Oligo
GCCAAATGTACTTCTT-L8TX_181206_01_A12	Oligo
GACTAACCAATGGATA-L8TX_180221_01_C11	Oligo
ADsum_NCF140_CCACAATAGGCATTGT-1	Oligo
CTAGAGTGTAAGCACG-L8TX_180406_01_E01	Oligo
TCCACACCACCTTGTC-L8TX_190312_01_D01	Oligo
GACGGCTTCGGCCGAT-L8TX_180406_01_F01	Oligo
ADsum_NCF64_GCACGGTTCCGGTTGA-1	Oligo
CGAGCCAAGTACTTGC-L8TX_180115_01_D11	Oligo
CTAAGACGTGTTAAGA-L8TX_181011_01_C03	Oligo
ADsum_NCF95_AATTGGGAGCTCAAAC-1	Oligo
ADsum_NCF340_CCGATGCAGAGGGACT-1	Oligo
ACGTCAATCTCAAACG-L8TX_181012_01_C05	Oligo
CACATTTAGATGCCTT-L8TX_180406_01_G07	Oligo
ADsum_NCF95_TTGTAAGTCGCAAACT-1	Oligo
TCACGAACAGGTGGAT-L8TX_180907_01_G11	Oligo
ATTGGACCACTGTCGG-L8TX_171026_01_G05	Oligo
ADsum_NCF340_GTTTGTCGTCGCAAAC-1	Oligo
CTTGGCTTCGTGACAT-L8TX_180221_01_A10	Oligo
ADsum_NCF82_TGATGACTCGCATCCT-1	Oligo
ADsum_NCF115_CTAAGGTTCCACCTGT-1	Oligo
TAGACCATCATGTGGT-L8TX_180712_01_B06	Oligo
ACATCAGTCGCGTAGC-L8TX_180907_01_G11	Oligo
TAGAGCTGTGGTAACG-L8TX_180221_01_A12	Oligo
ADsum_NCF64_ATCACCCTCGTTTCGC-1	Oligo
AAATGCCTCGGAATCT-L8TX_181011_01_C04	Oligo
GAAATGAAGTGTACCT-L8TX_180221_01_C11	Oligo
ADsum_NCF95_GGTACAAAGCACAGCC-1	Oligo
ADsum_NCF200_GATTAAGCAGCCGCTA-1	Oligo
TCCACACCAGACAAAT-L8TX_180829_01_E10	Oligo
GTCGTAACACACGCTG-L8TX_180907_01_G10	Oligo
CTAGAGTCAGGGTTAG-L8TX_180221_01_E09	Oligo
GGGCACTAGGGCTCTC-L8TX_180907_01_G11	Oligo
TACTTGTGTCCCGACA-L8TX_180221_01_E12	Oligo
CGTCCATAGAAACCTA-L8TX_190312_01_C01	Oligo
AAACCTGTCAACCATG-L8TX_190312_01_E02	Oligo
TACACGAGTTACGTCA-L8TX_190312_01_A02	Oligo
ADsum_NCF340_TGCATCCTCTCCTCTT-1	Oligo
ADsum_NCF349_CCCTGGACAATCCTAG-1	Oligo
GCGGGTTCAGGCTCAC-L8TX_180926_01_C12	Oligo
TCAGATGAGTCGATAA-L8TX_180221_01_F09	Oligo
GTTCATTAGGTACTCT-L8TX_180406_01_D02	Oligo
GAAATGATCGAATCCA-L8TX_180829_01_E10	Oligo
TGGGAAGCACGAAATA-L8TX_180712_01_H05	Oligo
GCTGCAGAGAGACTTA-L8TX_171120_01_H07	Oligo
ADsum_NCF71_ATTGCTCGTTCAAGCA-1	Oligo
CAGATCAAGTCCGGTC-L8TX_180221_01_G10	Oligo
GTAACGTGTCGCGTGT-L8TX_190312_01_A02	Oligo
ACGCAGCGTCATGCCG-L8TX_190312_01_E02	Oligo
ADsum_NCF216_CACCTGTTCTTGCATT-1	Oligo
ACTTACTCAGATTGCT-L8TX_180221_01_F12	Oligo
CATATGGAGACAAAGG-L8TX_180115_01_A11	Oligo
CGAATGTGTAGGCTGA-L8TX_171120_01_E07	Oligo
ADsum_NCF216_GACCTAGTCAATAGCC-1	Oligo
CTGAAACCATATACGC-L8TX_171120_01_E07	Oligo
TGACAACGTTAAGAAC-L8TX_180907_01_F10	Oligo
GCTTCCATCGGAAATA-L8TX_180115_01_H10	Oligo
ADsum_NCF95_ACTTAGGGTGACCTGG-1	Oligo
TCGTACCTCACCTCGT-L8TX_190312_01_C01	Oligo
ADsum_NCF349_AACCGCTCAATGCCTA-1	Oligo
AAAGCAAGTATATGGA-L8TX_180907_01_G10	Oligo
ADsum_NCF71_TGACCTTGTATTTGCC-1	Oligo
ADsum_NCF82_AGAATCGAGGACGTAA-1	Oligo
CGTTAGAAGAGTAATC-L8TX_171026_01_H04	Oligo
CCCATACCACTAAGTC-L8TX_180221_01_C11	Oligo
CTAGTGAGTATAGTAG-L8TX_180406_01_D07	Oligo
GTGTGCGGTCTCTCTG-L8TX_180406_01_F01	Oligo
GTAACGTAGTGATCGG-L8TX_171026_01_D05	Oligo
ADsum_NCF95_GGATTCAGTACCTTAC-1	Oligo
ADsum_NCF349_CGGTTCCGTAGACAAA-1	Oligo
ADsum_NCF71_AGCTACGTCAAGCTTA-1	Oligo
TTAGGACGTGTGACCC-L8TX_180406_01_D07	Oligo
ADsum_NCF95_CTGTTGGAGCAAGATG-1	Oligo
ATCTGCCCATTGGGCC-L8TX_190312_01_A02	Oligo
ADsum_NCF340_CAATCCTGTCGCGCAA-1	Oligo
ADsum_NCF95_ACATCAATCACGCGGT-1	Oligo
GGGTTGCAGGCGCTCT-L8TX_181011_01_C03	Oligo
ADsum_NCF349_GGTAAGGGTAGGTGTC-1	Oligo
ADsum_NCF95_TGAAGTGAGGGCCATC-1	Oligo
GTCCTCAGTCCCTACT-L8TX_180926_01_E01	Oligo
ADsum_NCF349_TTATTGCTCCTTGTTG-1	Oligo
AGCGTCGTCTTGACGA-L8TX_171026_01_H04	Oligo
CCAGCGAAGTCGTTTG-L8TX_180406_01_E01	Oligo
ADsum_NCF340_AACCTTAAGCTGTACG-1	Oligo
GCAGTTACAGTATCTG-L8TX_171026_01_F03	Oligo
ADsum_NCF95_CGGCTAATCGCTAAAC-1	Oligo
CATGGCGAGTCGCCGT-L8TX_180221_01_D11	Oligo
CGAGAAGCATCCTTGC-L8TX_171120_01_F07	Oligo
ACATGGTAGCCGGTAA-L8TX_181012_01_E05	Oligo
CACCACTTCTTGCATT-L8TX_180221_01_H10	Oligo
ADsum_NCF340_CGAGGAAGTAATAGCT-1	Oligo
TGTCCCACACGACTCG-L8TX_181012_01_E05	Oligo
GCATGATCAGCCAATT-L8TX_180926_01_F01	Oligo
ADsum_NCF349_GGTTAGCGTACCGTTT-1	Oligo
ADsum_NCF82_GAGATAAGTGCAATGC-1	Oligo
GGCTCGAAGTGCGATG-L8TX_180712_01_A06	Oligo
ADsum_NCF95_TTGTGTGCAAACTGTT-1	Oligo
GACGTTAGTGAAAGAG-L8TX_190312_01_C02	Oligo
GTTACAGAGAAGCCCA-L8TX_180221_01_F12	Oligo
CGAATGTTCATGTCTT-L8TX_180406_01_F06	Oligo
ATGGGAGGTTATCCGA-L8TX_180115_01_C11	Oligo
AAAGATGGTTAGAACA-L8TX_180221_01_E11	Oligo
ADsum_NCF94_TTTGCGGAGTCACTAA-1	Oligo
GCGGGTTCAGACTCGC-L8TX_180115_01_A11	Oligo
ADsum_NCF340_GGTGATTTCAATCTAG-1	Oligo
ADsum_NCF160_AGTAGGATCTCAATTC-1	Oligo
ADsum_NCF95_GCAGCCAGTGTCCAGG-1	Oligo
CCATGTCGTCCGAAGA-L8TX_180221_01_A11	Oligo
ADsum_NCF200_CTATGATCAATATGGA-1	Oligo
TGAGCATTCGTATCAG-L8TX_180221_01_C11	Oligo
TGCCCTATCCTCATTA-L8TX_190312_01_B01	Oligo
ATAACGCGTACTTCTT-L8TX_181206_01_H11	Oligo
GTTCTCGAGATGCGAC-L8TX_181011_01_B03	Oligo
GGCGTGTCATCAGTAC-L8TX_171026_01_F03	Oligo
CAGAATCGTGATAAGT-L8TX_180406_01_B08	Oligo
ADsum_NCF140_CCTGTAACATGTTGTG-1	Oligo
ADsum_NCF340_TTTCCTGAGCGCATTG-1	Oligo
ADsum_NCF340_TAATGGTGTGTTCCCA-1	Oligo
CACACTCGTCGAGATG-L8TX_171026_01_E05	Oligo
CCATGTCGTGCACTTA-L8TX_171120_01_H07	Oligo
GGATTACAGCTACCTA-L8TX_181011_01_B03	Oligo
GTGAAGGCAAACAACA-L8TX_180926_01_C12	Oligo
ADsum_NCF340_GCGCTTGCAGTAGGTG-1	Oligo
GTATCTTTCATGCTCC-L8TX_190312_01_D01	Oligo
GGTGAAGGTCTCCCTA-L8TX_181011_01_B03	Oligo
CGTTGGGAGCGGATCA-L8TX_180712_01_C06	Oligo
ADsum_NCF95_GCCTTAGAGACAACGA-1	Oligo
ADsum_NCF71_GCTGTACCAGCAACCT-1	Oligo
GGGAGATAGCCAACAG-L8TX_180221_01_E11	Oligo
ADsum_NCF340_AATTCGTCATGCTATG-1	Oligo
GTCTCGTAGTGTTTGC-L8TX_180712_01_G05	Oligo
CATATGGCATGGGAAC-L8TX_171026_01_G05	Oligo
CATCGGGAGTTAAGTG-L8TX_181206_01_D12	Oligo
ADsum_NCF349_AGTCAGGCAGGTATTT-1	Oligo
ADsum_NCF115_TCAACAATCGCTAGTG-1	Oligo
GTTCGGGGTCGAGTTT-L8TX_190312_01_A03	Oligo
ADsum_NCF340_CTTCTAAGTATTCGTC-1	Oligo
ADsum_NCF64_AGTGAACCAGGACACA-1	Oligo
ACGCCAGAGGCATTGG-L8TX_180115_01_F11	Oligo
ADsum_NCF200_CGGCTCACATTCCTCG-1	Oligo
ADsum_NCF95_TTAACTGAGGACGTAA-1	Oligo
ADsum_NCF60_TTTGTGGCAACAGGTG-1	Oligo
ADsum_NCF349_TGCTTTAGTTACATCC-1	Oligo
CCCAATCAGCAGATCG-L8TX_190312_01_B02	Oligo
GACAGAGTCCGCGTTT-L8TX_180221_01_C11	Oligo
CTACCCACATGCGCAC-L8TX_190312_01_B01	Oligo
ADsum_NCF349_ACTTGTCGTGATGAGG-1	Oligo
GTGAAGGCATGAACCT-L8TX_190312_01_C01	Oligo
ADsum_NCF349_TTGCGTCTCCAAGTTA-1	Oligo
CCTTACGTCTCTGTCG-L8TX_180406_01_B02	Oligo
ATCCACCAGGTGCTTT-L8TX_180406_01_F01	Oligo
CATCAGATCGAACTGT-L8TX_181012_01_B05	Oligo
GCTCCTAGTGGCTCCA-L8TX_190312_01_B01	Oligo
GTAGTCACAGATCTGT-L8TX_181011_01_A03	Oligo
ADsum_NCF71_ATGAGCCGTCCCGGAA-1	Oligo
ADsum_NCF340_CTATGACAGCGCTCAA-1	Oligo
ADsum_NCF140_CCAACCCGTAACAGGG-1	Oligo
GTTAAGCTCTCCCTGA-L8TX_181012_01_E05	Oligo
CTGCTGTAGAGAGCTC-L8TX_180907_01_A12	Oligo
GAATGAATCCGCGTTT-L8TX_181206_01_D12	Oligo
ADsum_NCF340_GCGGTTATCGAGCTAT-1	Oligo
ADsum_NCF95_ATTGCGCCATCCTAGA-1	Oligo
ATGGGAGGTGAGGGAG-L8TX_171120_01_G07	Oligo
GCTTGAAAGTTGTAGA-L8TX_180926_01_E01	Oligo
ADsum_NCF82_GTTACGTAGGATGATG-1	Oligo
ADsum_NCF64_GGGCATGAGTGAGAGC-1	Oligo
GGACATTAGCAGATCG-L8TX_180115_01_F08	Oligo
ADsum_NCF95_AACGCCCAGCCTGACA-1	Oligo
ADsum_NCF82_TGCTTTAGTGTAATAC-1	Oligo
CTACGTCCAAGCTGGA-L8TX_180829_01_E10	Oligo
CTTTGCGCACGACGAA-L8TX_180221_01_H10	Oligo
ADsum_NCF71_TGGTTCTGTTAAGCCA-1	Oligo
ADsum_NCF71_AAGGTATAGTTAGTTG-1	Oligo
ACCTTTAGTTGGTTTG-L8TX_190312_01_H01	Oligo
ADsum_NCF349_GAAGCCTGTGTAATAC-1	Oligo
GACACGCGTCTCATCC-L8TX_180115_01_A11	Oligo
ACGGGCTCAGGCTCAC-L8TX_200611_02_A05	Oligo
ADsum_NCF95_ATTACCCGTTCCGGGA-1	Oligo
ADsum_NCF115_GGTCTTTGTCCAAATG-1	Oligo
GTAGGCCGTCTGCGGT-L8TX_180221_01_H10	Oligo
GAGTCCGTCTTGTACT-L8TX_180406_01_E06	Oligo
TACTCATTCCAACCAA-L8TX_180504_01_E01	Oligo
GCTGCAGAGGAGTTGC-L8TX_180221_01_D09	Oligo
ATCTACTCACAGCCCA-L8TX_180221_01_F11	Oligo
ADsum_NCF95_CGGTTGGGTCGTTATC-1	Oligo
ATTGGTGCAACTTGAC-L8TX_180221_01_A11	Oligo
GAAATGATCGAATGGG-L8TX_181011_01_H03	Oligo
ADsum_NCF115_CTCAATAAGTGAGGGT-1	Oligo
TTAGGACTCGGGAGTA-L8TX_180926_01_E12	Oligo
GTCTCGTGTTACTGAC-L8TX_181012_01_G04	Oligo
GCATGTACACGGTGTC-L8TX_180907_01_H11	Oligo
GCTTGAAAGCAGCCTC-L8TX_180907_01_H11	Oligo
ADsum_NCF160_CCCTCACCATAAGCAA-1	Oligo
CGCGTTTTCAATAAGG-L8TX_171120_01_G07	Oligo
CAACCTCGTGCACGAA-L8TX_180221_01_F12	Oligo
CTCTAATTCACTTATC-L8TX_180907_01_F10	Oligo
GAGCAGAGTATCACCA-L8TX_180712_01_B06	Oligo
ADsum_NCF115_ATGTCCACACTCAACA-1	Oligo
CATCGGGTCACTGGGC-L8TX_180221_01_B11	Oligo
ADsum_NCF160_CAAGGCTGTGCAACTA-1	Oligo
ADsum_NCF115_GTTTAACCAAACATAG-1	Oligo
ADsum_NCF95_GGTAACCGTACCTTAC-1	Oligo
CAGCAGCTCACTCCTG-L8TX_180926_01_B01	Oligo
ACTTTCACAGCTCCGA-L8TX_180221_01_E09	Oligo
ADsum_NCF95_CATTGTGCAGCAGGTA-1	Oligo
ADsum_NCF60_GCTCATTGTGTCACGG-1	Oligo
ADsum_NCF95_GTTAAACGTAACAGGG-1	Oligo
ADsum_NCF95_GTACCTTGTTAAGCTG-1	Oligo
ADsum_NCF71_AAGGTATAGCATTATG-1	Oligo
ADsum_NCF71_AATGAAGGTCATTAGG-1	Oligo
ADsum_NCF216_ATACCTGCACATACTG-1	Oligo
GATCGTATCTGCAAGT-L8TX_180221_01_D11	Oligo
CATATGGAGCAACGGT-L8TX_180406_01_G02	Oligo
ATTTCTGCAAGGACTG-L8TX_180829_01_E10	Oligo
TCCCGATCACAAGACG-L8TX_180221_01_C09	Oligo
CTAAGACAGGACCACA-L8TX_180115_01_F11	Oligo
TTCTACAGTCCTCTTG-L8TX_180221_01_A11	Oligo
ADsum_NCF221_TCAAGTATCAATTGGC-1	Oligo
TGAGCATGTTCAGACT-L8TX_180712_01_B06	Oligo
CATCCACCACCGCTAG-L8TX_180926_01_F01	Oligo
ADsum_NCF161_GACCTCAAGGGACGCA-1	Oligo
ADsum_NCF340_TATTCGTTCGGGATTT-1	Oligo
CGGCTAGCACGCATCG-L8TX_180115_01_H11	Oligo
CTAACTTAGCTCCTTC-L8TX_180221_01_D11	Oligo
ADsum_NCF95_AATGGCGCACATAACT-1	Oligo
ADsum_NCF82_AGTTTGCAGCTTTGTT-1	Oligo
CGAACATTCGCCCTTA-L8TX_180221_01_H09	Oligo
ADsum_NCF200_AACATCATCTCCTCAA-1	Oligo
ADsum_NCF200_TTGCTCTCACAGGGAC-1	Oligo
AGTGTCACAGGCGATA-L8TX_181206_01_E12	Oligo
ADsum_NCF340_CATGCAAGTTGCGGAT-1	Oligo
AGTAGTCTCTTCGAGA-L8TX_181012_01_C05	Oligo
GGACATTTCCAAACTG-L8TX_180115_01_H10	Oligo
CCAGCGACATCCAACA-L8TX_180221_01_A10	Oligo
CACAGGCCACATGTGT-L8TX_181012_01_H04	Oligo
CTGATAGGTACAGACG-L8TX_180907_01_F10	Oligo
ADsum_NCF60_AATGCGCGTCACGAAC-1	Oligo
TCCCGATCAGGTCGTC-L8TX_190312_01_A02	Oligo
TCGTACCAGTCTTGCA-L8TX_171120_01_H07	Oligo
ADsum_NCF160_GTGCGCAGTAGGTGTC-1	Oligo
ADsum_NCF160_CACATTAAGTCATTGA-1	Oligo
CATATGGGTCGCGGTT-L8TX_171026_01_E05	Oligo
AGAATAGAGATTACCC-L8TX_181011_01_H03	Oligo
GCATGATTCCTCGCAT-L8TX_180406_01_C02	Oligo
GATCGATTCTTTAGTC-L8TX_180907_01_B12	Oligo
GCGACCACAGGACCCT-L8TX_180907_01_B11	Oligo
ADsum_NCF349_ACAGTATGTTAAATGC-1	Oligo
ADsum_NCF95_TTTAGCTTCCAAGTTA-1	Oligo
ADsum_NCF95_GCTAATATCATAACCA-1	Oligo
GCAGTTACAGGAATCG-L8TX_180406_01_D02	Oligo
GTCTCGTGTACCGCTG-L8TX_180221_01_D09	Oligo
TCTCATATCAGGCCCA-L8TX_181011_01_A03	Oligo
ATCACGATCTTGCAAG-L8TX_180712_01_C06	Oligo
AGGGATGGTCGTTGTA-L8TX_190312_01_E02	Oligo
TTGGAACCACATGTGT-L8TX_190312_01_D01	Oligo
ATTGGACGTTATGCGT-L8TX_180115_01_D11	Oligo
ADsum_NCF340_TGGCTATAGTGAGCAA-1	Oligo
AGGGTGACAAATTGCC-L8TX_181206_01_A12	Oligo
CTCGGGACAGATCTGT-L8TX_181011_01_A03	Oligo
TTAGTTCAGGAACTGC-L8TX_180712_01_A06	Oligo
TTCTACACACGGATAG-L8TX_181206_01_H11	Oligo
ADsum_NCF95_AATCCCTGTAAGCTTG-1	Oligo
CAGTAACAGCTAACAA-L8TX_180712_01_B06	Oligo
ADsum_NCF340_ACACTTAAGGACCTCA-1	Oligo
ADsum_NCF349_AGGTTAGAGCTCATAA-1	Oligo
TCATTACGTAGTAGTA-L8TX_180221_01_E10	Oligo
GTTACAGGTACTTAGC-L8TX_180406_01_C08	Oligo
TACAGTGTCCATGAGT-L8TX_171120_01_H07	Oligo
GATGCTATCAAACGGG-L8TX_171026_01_G04	Oligo
GGGATGATCTTCGAGA-L8TX_200611_02_A05	Oligo
AACTCTTCAAGCCCAC-L8TX_200625_02_E11	Oligo
ACCGTAATCCTAGGGC-L8TX_190312_01_D02	Oligo
GTTCATTCAGCGATCC-L8TX_180221_01_D09	Oligo
AGATCTGAGATCCTGT-L8TX_180926_01_F01	Oligo
ADsum_NCF71_TACGTACAGTCTCACC-1	Oligo
ADsum_NCF349_GTTCCTGGTCCTCCAA-1	Oligo
ACTGAACCAGCCACCA-L8TX_180907_01_H11	Oligo
GTGCAGCAGAGGGCTT-L8TX_180712_01_A06	Oligo
ACGGGTCTCCGAATGT-L8TX_190312_01_G01	Oligo
GTTACAGGTCGCATAT-L8TX_180712_01_F05	Oligo
GGAACTTAGCGATTCT-L8TX_180907_01_A12	Oligo
ADsum_NCF224_AGGCGGATCTACCTCA-1	Oligo
ADsum_NCF71_GTCAAACTCGCAACAT-1	Oligo
ADsum_NCF349_GGTCAGGAGCCACATG-1	Oligo
ADsum_NCF200_GTCCTCAGTTTCCGGC-1	Oligo
TGGGCGTCAGTTTACG-L8TX_180907_01_F11	Oligo
ACCTTTACACACTGCG-L8TX_180115_01_C11	Oligo
ADsum_NCF64_CTCTGTTCACTTGTTC-1	Oligo
ADsum_NCF60_AAGCTAGAGAATGACG-1	Oligo
GATTCAGAGCCGGTAA-L8TX_181206_01_B12	Oligo
GGCTCGACAGTGAGTG-L8TX_180221_01_F10	Oligo
ADsum_NCF64_TAAGCCAGTAGGTTAT-1	Oligo
CTGTGCTAGACTGTAA-L8TX_180907_01_E11	Oligo
ADsum_NCF349_CTTGAATCAGCACCAT-1	Oligo
CATGACAAGATCCGAG-L8TX_180907_01_G11	Oligo
CTACATTGTATAGGTA-L8TX_180221_01_D09	Oligo
ADsum_NCF340_TTGTTCCCAGCCGCTA-1	Oligo
CTTCTCTGTCTGCGGT-L8TX_180406_01_D06	Oligo
GCATGATCATGCCTTC-L8TX_171026_01_F05	Oligo
ADsum_NCF349_CTCAATAAGCATGTTA-1	Oligo
ADsum_NCF64_GTGCTTACATCCCGCT-1	Oligo
ADsum_NCF349_ATCCTCATCAGAAACG-1	Oligo
ADsum_NCF349_GATCAAGAGTTAGTGC-1	Oligo
TGTTCCGGTCGAAAGC-L8TX_180221_01_F11	Oligo
GAACCTAAGAGTAAGG-L8TX_180712_01_B06	Oligo
TAAGAGACAGATTGCT-L8TX_180712_01_E05	Oligo
ADsum_NCF140_ATGACGAAGGTGAAGC-1	Oligo
ADsum_NCF95_ACCGGCTAGCATGGTT-1	Oligo
GATCGTACACCGGAAA-L8TX_180907_01_E11	Oligo
TCAATCTGTAGTACCT-L8TX_190312_01_C02	Oligo
CTCGAGGAGACCTTTG-L8TX_180221_01_G11	Oligo
ADsum_NCF95_TCAAGGTTCATGTTTC-1	Oligo
ADsum_NCF200_GCAGGCAAGATAAAGC-1	Oligo
ADsum_NCF95_ACTATGTCAATCGCAC-1	Oligo
GAACATCTCTTCAACT-L8TX_171120_01_H07	Oligo
ADsum_NCF340_ATTATCCTCATAACTG-1	Oligo
CAGATCATCAGGTAAA-L8TX_180221_01_C09	Oligo
ADsum_NCF115_AAAGGACGTTTGGGTA-1	Oligo
GTCTCGTCAGCTATTG-L8TX_180115_01_A09	Oligo
ADsum_NCF82_CAACCCGCACATGCTA-1	Oligo
ADsum_NCF340_TAAGCCTAGGGTTATC-1	Oligo
AAGGTTCAGAGCTATA-L8TX_181206_01_H11	Oligo
GCTCCTACAGGTCCAC-L8TX_180221_01_A11	Oligo
ADsum_NCF200_AGTAACACAAACGCGA-1	Oligo
ATCATCTTCTCAAACG-L8TX_180221_01_E09	Oligo
CTGCCTAAGTCTCGGC-L8TX_180829_01_D10	Oligo
CTCAGAACACGAGAGT-L8TX_180221_01_H10	Oligo
CATTCGCGTACGCACC-L8TX_190312_01_H01	Oligo
ADsum_NCF349_GTTAACGGTGGTTCCC-1	Oligo
CGGCTAGGTCTACCTC-L8TX_180907_01_F11	Oligo
ADsum_NCF64_GCTTTATTCGGGATTT-1	Oligo
ADsum_NCF115_CGAATCTAGTAGCGCC-1	Oligo
ADsum_NCF95_GAAGGCTAGCTATATG-1	Oligo
AGGGATGGTCCGTGAC-L8TX_181011_01_H03	Oligo
ADsum_NCF64_TCCCGTTAGGAGTAAT-1	Oligo
ADsum_NCF216_AGCAAATAGGCGGATG-1	Oligo
GTTCTCGCAATGCCAT-L8TX_171120_01_C07	Oligo
GTATTCTTCTCATTCA-L8TX_180926_01_B01	Oligo
ADsum_NCF71_TGTGCTGAGATTCCTT-1	Oligo
CTACCCACATCGGTTA-L8TX_171026_01_D05	Oligo
ADsum_NCF71_AAGACATAGCTAATCA-1	Oligo
AACGTTGTCAGTTAGC-L8TX_190312_01_B01	Oligo
CTACACCCAGTGGGAT-L8TX_181206_01_H11	Oligo
CATATGGAGATCCCGC-L8TX_180907_01_G11	Oligo
ADsum_NCF160_AAGCCTCCAGCATGAG-1	Oligo
ADsum_NCF340_TCACCGGCAGGAACCA-1	Oligo
ADsum_NCF349_CTGGTTTGTTGTAACG-1	Oligo
AGAGTGGCATGTCCTC-L8TX_190312_01_D01	Oligo
TCAGGTATCCGATATG-L8TX_181011_01_C04	Oligo
AACTCCCCAGGAATCG-L8TX_181011_01_H03	Oligo
ADsum_NCF340_TAGGTTATCATTAGTG-1	Oligo
ATCACGAAGAACAACT-L8TX_180712_01_G05	Oligo
TAAACCGGTACAAGTA-L8TX_200611_02_A05	Oligo
TCTTCGGTCACTTATC-L8TX_190312_01_A03	Oligo
CTAAGACTCGGTGTCG-L8TX_180221_01_D09	Oligo
TTGAACGCATTTCAGG-L8TX_190312_01_F02	Oligo
AACACGTTCCTTTCGG-L8TX_180926_01_D01	Oligo
ADsum_NCF340_CCGGTAGGTTTATTCG-1	Oligo
ADsum_NCF71_TATCGCACATTAGGCC-1	Oligo
CCACGGAAGCTGAACG-L8TX_180829_01_D09	Oligo
TCTTCGGAGAGGTTAT-L8TX_190312_01_A02	Oligo
GGCGTGTAGAAGATTC-L8TX_180221_01_D10	Oligo
ADsum_NCF95_CATGAGGCACCTGCTC-1	Oligo
TGATTTCCATTCACTT-L8TX_190312_01_F01	Oligo
ADsum_NCF216_ATATAGGCACCACAAC-1	Oligo
CCCATACGTGTGAATA-L8TX_180115_01_D11	Oligo
GGCAATTAGGCACATG-L8TX_181012_01_C05	Oligo
TGACTTTGTTCCACAA-L8TX_180907_01_G11	Oligo
TGCGCAGGTCCTGCTT-L8TX_190312_01_E02	Oligo
ACGATGTAGTGAAGTT-L8TX_180907_01_F10	Oligo
ADsum_NCF95_AATCCGTAGGTCGATT-1	Oligo
ADsum_NCF340_GACTAATGTGTTAAAC-1	Oligo
TTCGAAGAGGCTAGAC-L8TX_181206_01_H11	Oligo
ADsum_NCF200_ATGTAAGCACATTAAC-1	Oligo
CCTTACGCAGATCGGA-L8TX_180406_01_C06	Oligo
ADsum_NCF340_AGCACTAGTTTGGGCG-1	Oligo
ADsum_NCF115_GAGTGAGGTTTGTTGC-1	Oligo
CAACCAAGTTGATTGC-L8TX_180926_01_F01	Oligo
ACTGCTCTCGACGGAA-L8TX_190312_01_C01	Oligo
ADsum_NCF340_GCGATTTAGGCGCTTA-1	Oligo
ADsum_NCF200_CTCTCACAGTTGCGTG-1	Oligo
ADsum_NCF349_TCGGTTCTCCTGATGG-1	Oligo
ADsum_NCF95_TGTCAGTAGAGAGGCT-1	Oligo
CCCAGTTCAAGGACTG-L8TX_180115_01_F11	Oligo
GGGCATCCAGCCTATA-L8TX_180221_01_H09	Oligo
AAGCCGCCACGGATAG-L8TX_180221_01_G12	Oligo
GCGCCAAGTATAAACG-L8TX_180907_01_E11	Oligo
ACGCCAGAGTGTGAAT-L8TX_180907_01_E11	Oligo
GCTCTGTCAAGAAAGG-L8TX_180712_01_B06	Oligo
AGCTTGATCTCGTATT-L8TX_180907_01_F11	Oligo
CCCAATCGTTCGCGAC-L8TX_180221_01_F11	Oligo
GACCTGGGTGGCAAAC-L8TX_180221_01_H11	Oligo
AGCGTATAGCCGCCTA-L8TX_180221_01_D09	Oligo
CGTAGCGCAATGGTCT-L8TX_180406_01_B08	Oligo
CAACTAGGTTCACGGC-L8TX_180406_01_G07	Oligo
ATGGGAGCAGCTGTGC-L8TX_171026_01_G03	Oligo
ADsum_NCF160_GGTGTCCAGTGAGGGT-1	Oligo
ADsum_NCF224_CGTTTGGAGGAACGGT-1	Oligo
TGCCCTACAAAGCGGT-L8TX_180907_01_H11	Oligo
ACTGCTCCATGGTCTA-L8TX_171026_01_H05	Oligo
TTTACTGGTGAGCGAT-L8TX_180221_01_A11	Oligo
GCAGCCACATCGATGT-L8TX_180712_01_E05	Oligo
TGTATTCTCACTTATC-L8TX_180115_01_F11	Oligo
ADsum_NCF340_GGCCATCAGTTTCCGC-1	Oligo
TTGAACGGTTCCCGAG-L8TX_200611_02_A05	Oligo
GTGTGCGTCGCGGATC-L8TX_200611_02_A05	Oligo
ADsum_NCF94_CAATATGTCTCGCCTG-1	Oligo
ADsum_NCF64_TCAAGACTCGCCTGTT-1	Oligo
ADsum_NCF349_TAATGGACAAAGCGGC-1	Oligo
GACACGCGTGACAAAT-L8TX_200611_02_A05	Oligo
CGTGTCTTCCGTCAAA-L8TX_180406_01_B02	Oligo
ADsum_NCF64_TACAGCTAGTTGTCCC-1	Oligo
GAAGCAGCATAGGATA-L8TX_180115_01_F09	Oligo
CTCTGGTTCCTACAGA-L8TX_180907_01_G11	Oligo
CAACCAACACTTCGAA-L8TX_181206_01_B12	Oligo
TCGGTAACACATCCGG-L8TX_190312_01_F01	Oligo
ADsum_NCF349_GTCAATATCTACCTAT-1	Oligo
GACCAATTCCGTAGGC-L8TX_171026_01_H04	Oligo
ADsum_NCF161_TTTATGGAGATTGAGG-1	Oligo
GACGCGTCACAGACAG-L8TX_181011_01_B03	Oligo
TACCTTACAGACTCGC-L8TX_171026_01_G05	Oligo
ADsum_NCF340_AGAAACTAGCTTTGGG-1	Oligo
ADsum_NCF340_ACGCACGGTGCTTACT-1	Oligo
CGACCTTTCGGTTAAC-L8TX_180221_01_F10	Oligo
GTCTCGTCAACGATGG-L8TX_180221_01_C12	Oligo
CGGTTAAGTCACAAGG-L8TX_180406_01_F02	Oligo
TTGGCAAAGTCGTACT-L8TX_171026_01_G04	Oligo
ADsum_NCF221_TGTTGTTTCTCGACCT-1	Oligo
ATGGGAGAGCCACCTG-L8TX_171120_01_C07	Oligo
ADsum_NCF71_GAGGCAAGTGCTGTAA-1	Oligo
ADsum_NCF64_GAGGTACAGGTGTCCA-1	Oligo
ADsum_NCF95_TGGCCTTTCCATAATG-1	Oligo
TCGAGGCAGATCTGCT-L8TX_180907_01_G10	Oligo
GTCGTAATCACGACTA-L8TX_181011_01_H03	Oligo
TCTGGAAAGAGGTACC-L8TX_180907_01_B12	Oligo
GTTCATTGTTGGACCC-L8TX_171026_01_F04	Oligo
ADsum_NCF340_ATGCGATTCCTTCGTA-1	Oligo
CGTGTAATCCAAGTAC-L8TX_180829_01_D09	Oligo
CCCTCCTCAATGAAAC-L8TX_180115_01_D11	Oligo
ADsum_NCF95_CCAGCTAAGTTGTCTT-1	Oligo
TACGGTAGTAAACCTC-L8TX_180115_01_E10	Oligo
GGGCACTTCCTTGACC-L8TX_180712_01_C06	Oligo
GACTAACGTGACGCCT-L8TX_190312_01_E01	Oligo
AGATCTGCAGCTGCAC-L8TX_180221_01_F10	Oligo
ADsum_NCF94_CATCATAAGGCTTAAC-1	Oligo
ADsum_NCF340_AGGTCCGGTAGGTTTG-1	Oligo
AAGCCGCGTCTCGTTC-L8TX_180406_01_F06	Oligo
ADsum_NCF95_CCTAAATCAATTTGGT-1	Oligo
ACTGTCCCAGTACACT-L8TX_190312_01_C01	Oligo
TGAGAGGCACCTCGGA-L8TX_171120_01_F07	Oligo
GCCTCTACACACAGAG-L8TX_180115_01_D11	Oligo
CACACAAGTAGTACCT-L8TX_180712_01_F05	Oligo
ADsum_NCF82_GCAGCAACATTCCTCG-1	Oligo
CAGAATCAGGACATTA-L8TX_180406_01_D01	Oligo
ADsum_NCF340_ACCCTCCCAATAACCT-1	Oligo
TCGGGACTCCCAAGTA-L8TX_180504_01_E01	Oligo
GACTAACGTTCGTTGA-L8TX_171026_01_G03	Oligo
CGTAGCGAGGGAAACA-L8TX_180712_01_B06	Oligo
CGTCTACCACAGAGGT-L8TX_180907_01_H11	Oligo
CGGCTAGGTGTATGGG-L8TX_180907_01_A12	Oligo
ADsum_NCF95_ATTTGCAAGCATGACT-1	Oligo
GAACGGAGTCGAGATG-L8TX_190312_01_D01	Oligo
ADsum_NCF140_CTCACACTCGAAGTGA-1	Oligo
GTTTCTATCCGTTGCT-L8TX_171026_01_G04	Oligo
CTAATGGTCGGTGTTA-L8TX_180926_01_B01	Oligo
ADsum_NCF95_TTCATTCAGACAAACG-1	Oligo
ADsum_NCF71_TTGGGTTAGCTCCTTA-1	Oligo
AAATGCCGTCTTGCGG-L8TX_180115_01_A09	Oligo
TTTGTCAGTCCGTCAG-L8TX_171120_01_E07	Oligo
AAGTCTGCAATCCGAT-L8TX_181011_01_A03	Oligo
ADsum_NCF95_AGCTAACTCATGCTTT-1	Oligo
ADsum_NCF140_TTGTCCATCGATATTG-1	Oligo
GGACAAGCAAGCTGTT-L8TX_180115_01_C11	Oligo
TAGCCGGGTCTAGCGC-L8TX_171026_01_E05	Oligo
ADsum_NCF349_CTTAAGATCCAGGTTG-1	Oligo
GGGATGAAGCTCCTCT-L8TX_180221_01_C10	Oligo
GGGAGATGTGTGAAAT-L8TX_181011_01_H02	Oligo
GGTATTGAGGTGCTTT-L8TX_200611_02_A05	Oligo
GCACTCTGTAAGGGAA-L8TX_180115_01_F11	Oligo
GCGAGAAGTCTCTTAT-L8TX_180406_01_C01	Oligo
CCCATACAGCATCATC-L8TX_180221_01_E09	Oligo
ADsum_NCF340_CAAACACTCATGAGCT-1	Oligo
CAGATCATCAACGGGA-L8TX_190312_01_C01	Oligo
CTACCCATCCTTTACA-L8TX_180221_01_D11	Oligo
ADsum_NCF82_ACACGGACAGTTGCGT-1	Oligo
GACTACAGTAGCGTAG-L8TX_180406_01_G02	Oligo
TGACTAGAGCCTATGT-L8TX_180221_01_D10	Oligo
ADsum_NCF160_TATCCAGCACCCTCAC-1	Oligo
TGTGGTATCATGTCCC-L8TX_180406_01_D01	Oligo
TTTACTGTCGCTTGTC-L8TX_171026_01_G04	Oligo
CTCGTCATCGTTTATC-L8TX_190312_01_E01	Oligo
ADsum_NCF95_ACCGAAGCACAAAGAC-1	Oligo
ADsum_NCF340_AAACAGCCAAGCTTTG-1	Oligo
CTCTACGTCTGGCGTG-L8TX_180607_01_C05	Oligo
ADsum_NCF71_TCACCTCAGGAGCATA-1	Oligo
ADsum_NCF349_ATGTTGTCAATATACC-1	Oligo
TGGGAAGCATCTACGA-L8TX_180907_01_H11	Oligo
ADsum_NCF95_GTCGGTTCAAGCTTTG-1	Oligo
GAACGGAGTTTGACTG-L8TX_180829_01_E10	Oligo
ADsum_NCF340_GTACACCCAGGTTACC-1	Oligo
ADsum_NCF95_TCTCCTCGTTAATGCG-1	Oligo
ADsum_NCF224_TGCTAACAGCTCGCTT-1	Oligo
ADsum_NCF224_GATCAAGAGCTACTGG-1	Oligo
CACTCCAAGCTACCTA-L8TX_171026_01_B04	Oligo
ADsum_NCF221_ATGTCCACATTGCGAC-1	Oligo
CAAGATCAGTTGAGAT-L8TX_180406_01_C08	Oligo
ADsum_NCF95_CCTGTTGGTGTTTGTC-1	Oligo
CGATTGAAGTAGGCCA-L8TX_190312_01_E01	Oligo
GACGTGCCACTGTTAG-L8TX_180907_01_H11	Oligo
TCGTACCGTTGGTGGA-L8TX_180221_01_C09	Oligo
CGACCTTAGCTGATAA-L8TX_180406_01_G01	Oligo
ADsum_NCF160_GACTTACAGCTAATTG-1	Oligo
GCATGATAGTGCCATT-L8TX_180406_01_E01	Oligo
CGATCGGCACAGCCCA-L8TX_180907_01_B12	Oligo
ADsum_NCF349_ATTCACTTCAAGCTAC-1	Oligo
ADsum_NCF95_TAGCATATCCTGGTCT-1	Oligo
TCTGAGATCCCGGATG-L8TX_180406_01_C01	Oligo
ADsum_NCF216_GGAAGTATCCATAAGC-1	Oligo
ATCACGATCAACTCTT-L8TX_180406_01_B06	Oligo
ATCGAGTGTCGATTGT-L8TX_180221_01_C12	Oligo
TCTATTGCACCCTATC-L8TX_171026_01_H04	Oligo
ADsum_NCF349_CCTAATAAGCTAAAGG-1	Oligo
GAAGCAGGTTTAGCTG-L8TX_181011_01_A03	Oligo
ADsum_NCF340_GGGTCACTCTAATTGG-1	Oligo
CAGCGACTCTTTACGT-L8TX_190312_01_F01	Oligo
ADsum_NCF71_CCCATAACATGATTGT-1	Oligo
CTGCCTACAAGGACAC-L8TX_190312_01_G01	Oligo
TGACAACTCATCGGAT-L8TX_180712_01_B06	Oligo
TCTATTGTCAGTTTGG-L8TX_181011_01_C04	Oligo
ADsum_NCF64_GTAAGCAAGAGGAGTC-1	Oligo
CAGCAGCTCGTACGGC-L8TX_181206_01_H11	Oligo
ADsum_NCF140_CCCGCAACAAACATAG-1	Oligo
ACGGGTCCACCGTTGG-L8TX_181206_01_H11	Oligo
TGTTCCGGTGCGGTAA-L8TX_180221_01_A11	Oligo
GAACATCAGCTATGCT-L8TX_180907_01_G10	Oligo
ADsum_NCF340_ATTACGTCACCACAAC-1	Oligo
ACGGCCAGTGGCCCTA-L8TX_181012_01_B05	Oligo
ADsum_NCF60_TAAGCCTAGGAGCAAC-1	Oligo
GTGCTTCAGAGCTTCT-L8TX_181012_01_E05	Oligo
ADsum_NCF60_AACGGTAAGTCAGTAC-1	Oligo
AGCTCTCCAGCCACCA-L8TX_180712_01_B06	Oligo
ACCAGTACACCCATGG-L8TX_180221_01_E10	Oligo
CAGCTAAGTGTCCTCT-L8TX_180406_01_F07	Oligo
ADsum_NCF95_GATTCCTGTCCTGATT-1	Oligo
GGGCATCGTCCAAGTT-L8TX_180907_01_E11	Oligo
ADsum_NCF200_TAAACAGCATCTAGCA-1	Oligo
TTTATGCGTTTGACTG-L8TX_190312_01_E01	Oligo
CGAGCACCAGGGCATA-L8TX_180829_01_E10	Oligo
CGCGTTTTCCGCTGTT-L8TX_180406_01_F01	Oligo
TCTCTAACAAGCCCAC-L8TX_180221_01_G10	Oligo
AACTCAGCAGAGTGTG-L8TX_180406_01_B02	Oligo
TCGTAGAAGTTGTCGT-L8TX_180221_01_D10	Oligo
ATTTCTGCATCGATTG-L8TX_180221_01_C11	Oligo
TTCTTAGTCCGAGCCA-L8TX_180115_01_D11	Oligo
ADsum_NCF160_ACCGGTTCAGGTTTGC-1	Oligo
TGCCAAACAAGCTGGA-L8TX_180115_01_E11	Oligo
ACACCAATCAAGGTAA-L8TX_180712_01_E05	Oligo
ADsum_NCF340_TTGCAACAGTAGCGCC-1	Oligo
CGTCACTTCTTCATGT-L8TX_190312_01_A02	Oligo
TGCGCAGGTCGAGATG-L8TX_171120_01_C07	Oligo
ATTGGACAGTCGAGTG-L8TX_180221_01_F10	Oligo
CGCTTCACATACGCTA-L8TX_180115_01_D11	Oligo
TTAACTCAGCTCCTTC-L8TX_180115_01_E08	Oligo
AGAGTGGTCATGGTCA-L8TX_180907_01_F11	Oligo
TGACAACAGGTACTCT-L8TX_180115_01_C11	Oligo
ADsum_NCF82_ACCTTGCTCAAGCGCC-1	Oligo
CACATTTAGGTGCTTT-L8TX_190312_01_D01	Oligo
ADsum_NCF82_GTTCCTGGTTGGTTGA-1	Oligo
ADsum_NCF71_CCAGACTCAAACAACA-1	Oligo
ADsum_NCF82_AATTTGGTCAATTGGC-1	Oligo
ADsum_NCF115_TGCTTGCTCTTAGTGA-1	Oligo
ADsum_NCF140_TGTGATCAGTAGGCGG-1	Oligo
GATTCAGCAGTAACGG-L8TX_181011_01_C03	Oligo
ADsum_NCF115_GCTGTACCACAAAGGT-1	Oligo
ADsum_NCF95_GTGCTCAAGTTTGTCT-1	Oligo
TGACTTTAGTCCGGTC-L8TX_180926_01_F01	Oligo
ADsum_NCF340_TACGTAATCACACAGT-1	Oligo
ADsum_NCF115_TGATCACAGTTGCCTC-1	Oligo
ADsum_NCF340_AGGAACGGTTAACAGT-1	Oligo
ADsum_NCF349_GTACTAGGTACGGGTT-1	Oligo
ADsum_NCF140_CCTAAATCACTTACAG-1	Oligo
ADsum_NCF94_AGCATCCCAACATAAG-1	Oligo
CGGCTAGCACTTAAGC-L8TX_180115_01_B11	Oligo
ATCCGAACACATGGGA-L8TX_181206_01_H11	Oligo
ACCAGTATCTAACTTC-L8TX_181011_01_C04	Oligo
CAGCTAAAGACAGAGA-L8TX_190312_01_A02	Oligo
GTACTCCAGTTTAGGA-L8TX_180115_01_D09	Oligo
CCTACACCACCCATGG-L8TX_180406_01_G01	Oligo
ADsum_NCF64_TCTTGACGTATTGTGG-1	Oligo
CGTTGGGGTCATATGC-L8TX_171026_01_B05	Oligo
ADsum_NCF95_GCAATATGTTTACTTG-1	Oligo
CATTCGCGTACAGTGG-L8TX_180221_01_G11	Oligo
ADsum_NCF64_GTTCCCAGTTGCAATG-1	Oligo
ADsum_NCF115_GAGCTTAGTCCAAATG-1	Oligo
ADsum_NCF340_AGCTTTAAGCGCTCAA-1	Oligo
TAAGTGCTCTGTCCGT-L8TX_180907_01_G10	Oligo
ADsum_NCF115_CAACAGGCAGGACACA-1	Oligo
ADsum_NCF340_CAAGACAAGTTTGGTA-1	Oligo
TGCACCTTCTAACTGG-L8TX_180926_01_E12	Oligo
ADsum_NCF221_CTTGCATGTTAAGTGT-1	Oligo
CGAGCACAGGAGCGAG-L8TX_171026_01_H03	Oligo
ADsum_NCF349_TGCACCTTCAAACACC-1	Oligo
ADsum_NCF71_CTTATTGGTCAGGCCA-1	Oligo
TGGCTGGGTAGCTTGT-L8TX_180115_01_B11	Oligo
ACGAGGATCTTCATGT-L8TX_180406_01_D07	Oligo
GCTCCTATCCACGCAG-L8TX_180221_01_A10	Oligo
ADsum_NCF95_AGTTGTCAGGGTCCAC-1	Oligo
TCGAGGCTCCGAGCCA-L8TX_180221_01_A11	Oligo
CCGTGGACAGCCAATT-L8TX_200611_02_A05	Oligo
ADsum_NCF64_CGCCTGTGTTCAAGAT-1	Oligo
CGGACTGTCTTCTGGC-L8TX_180221_01_A10	Oligo
GGTGCGTAGTAGGTGC-L8TX_181206_01_A12	Oligo
ADsum_NCF340_TGAAGGATCTTAGTGA-1	Oligo
ADsum_NCF95_AGTTACTCAAGATTCT-1	Oligo
ADsum_NCF349_GCCTAATAGGATTGCT-1	Oligo
CGGACGTCACAAGTAA-L8TX_180221_01_F11	Oligo
ADsum_NCF140_TGTTACTTCCTGGTGA-1	Oligo
ADsum_NCF340_AAATGCCTCCAGCACA-1	Oligo
ADsum_NCF95_GCGTAACGTTGTGACA-1	Oligo
GTGTGCGTCAGGCAAG-L8TX_180406_01_B02	Oligo
GAACCTATCCTGTAGA-L8TX_180115_01_F10	Oligo
AGAATAGGTATAATGG-L8TX_171120_01_C07	Oligo
ADsum_NCF115_CTTCAATTCGTTATCT-1	Oligo
ADsum_NCF340_CTCACACTCATCCTGC-1	Oligo
TTCTCAAAGTAACCCT-L8TX_181206_01_H11	Oligo
ADsum_NCF140_GGTAACTTCCTAATGA-1	Oligo
GCATGCGCACCAACCG-L8TX_180221_01_A11	Oligo
GGACAGATCCAGGGCT-L8TX_190312_01_A02	Oligo
ADsum_NCF60_AGCGCCTAGTAACCCG-1	Oligo
ADsum_NCF349_ACACTTGCATCAGCAC-1	Oligo
ACAGCTAAGCCGATTT-L8TX_190312_01_E01	Oligo
ADsum_NCF64_GCGTAACGTTTAACCC-1	Oligo
ADsum_NCF140_CTAATGTCAATTAACC-1	Oligo
AGGTCATGTCGGCATC-L8TX_180221_01_H10	Oligo
ADsum_NCF160_GCCTTTGGTAATAACC-1	Oligo
ADsum_NCF71_CTTTCTTGTGCTGTAA-1	Oligo
GTAGGCCTCAGTGCAT-L8TX_180504_01_E01	Oligo
CCGTACTAGGTGTTAA-L8TX_180406_01_B02	Oligo
ATCCACCGTTACCAGT-L8TX_180907_01_F11	Oligo
GCTGCGAGTATGCTTG-L8TX_200611_02_A05	Oligo
CGGCTAGGTAAGGGCT-L8TX_180712_01_E05	Oligo
GGTGCGTGTATGCTTG-L8TX_190312_01_G02	Oligo
ADsum_NCF95_ATCACACAGCAGCTAT-1	Oligo
ADsum_NCF64_GCTCCTTAGCGAAGTA-1	Oligo
ADsum_NCF64_ACTTCGCTCGTAATCA-1	Oligo
TCAGCAAAGCTAGTGG-L8TX_180829_01_E10	Oligo
GATCGTAAGTACGCGA-L8TX_180221_01_E10	Oligo
AGTCTTTCACTTCGAA-L8TX_171120_01_C07	Oligo
TATTACCAGAGTCTGG-L8TX_180406_01_G02	Oligo
TACAGTGAGCGCTTAT-L8TX_181011_01_A03	Oligo
ADsum_NCF349_ATTCAACCAATAAGCA-1	Oligo
ADsum_NCF340_GCAAACAAGTATTGTG-1	Oligo
ACCAGTAGTGGTTTCA-L8TX_180406_01_D01	Oligo
ADsum_NCF224_CGCATGATCAAGTGTC-1	Oligo
ADsum_NCF349_ATAGCATGTCCAAGAC-1	Oligo
CCTATTAAGACGACGT-L8TX_181206_01_H11	Oligo
TACGGTAAGCGATCCC-L8TX_180907_01_G11	Oligo
CTTGGCTCAGGGTACA-L8TX_180221_01_D09	Oligo
AGTGGGAAGTGAAGTT-L8TX_180406_01_D07	Oligo
ACTTTCACATCGGTTA-L8TX_181012_01_E05	Oligo
CTCTACGGTAGATTAG-L8TX_180926_01_E01	Oligo
CTAACTTCAGCTGCTG-L8TX_180926_01_F01	Oligo
CCCATACTCGAATCCA-L8TX_181011_01_H03	Oligo
TTTATGCGTAGGAGTC-L8TX_181011_01_H03	Oligo
GGCTGGTAGGGATCTG-L8TX_180221_01_D10	Oligo
CCTACCACATCCCATC-L8TX_180829_01_D10	Oligo
ADsum_NCF95_CGGAGTCTCATGCAAC-1	Oligo
ADsum_NCF94_AATTCGTCACTGGCCA-1	Oligo
TTTATGCAGCTTCGCG-L8TX_180221_01_B11	Oligo
ADsum_NCF82_TGATTAGTCCTTCGTA-1	Oligo
ADsum_NCF64_TCCTGGTTCCCTCACG-1	Oligo
ATTACTCGTTTGACTG-L8TX_180712_01_B06	Oligo
GTATCTTAGGCTAGAC-L8TX_180221_01_B11	Oligo
CTGCCTAGTAAGTGTA-L8TX_180907_01_E11	Oligo
CTGATAGTCACGGTTA-L8TX_180907_01_G10	Oligo
GTGTTAGAGTGAACGC-L8TX_180712_01_H05	Oligo
ADsum_NCF71_TACGGTTAGCTTACTT-1	Oligo
ADsum_NCF161_TGAGCCGGTGAGCGAA-1	Oligo
GACGTTACACCATCCT-L8TX_180926_01_E01	Oligo
AAGACCTCATGTTGAC-L8TX_180221_01_F11	Oligo
TTTGGTTCATACTCTT-L8TX_180907_01_E11	Oligo
GAGCAGAAGATCTGCT-L8TX_181011_01_H03	Oligo
TTGCGTCTCGAATCCA-L8TX_180221_01_E12	Oligo
GATGAGGCACGACGAA-L8TX_180907_01_G11	Oligo
TCCACACTCGCCAAAT-L8TX_180406_01_E07	Oligo
ADsum_NCF71_CAAACTGGTGCCGCAA-1	Oligo
ADsum_NCF95_GAGTTACTCGCAATCG-1	Oligo
TACCTATTCTTGTTTG-L8TX_180607_01_C05	Oligo
CGGACACCATGCAACT-L8TX_190312_01_A02	Oligo
ADsum_NCF349_GTCTCACTCCTGGCTT-1	Oligo
ADsum_NCF140_GAGGGAGCATGCAACC-1	Oligo
GAATAAGCATACAGCT-L8TX_180221_01_C09	Oligo
TCTCTAATCTAACGGT-L8TX_190312_01_A02	Oligo
CGCGTTTTCATCTGTT-L8TX_180221_01_F10	Oligo
GAACCTAAGCACCGTC-L8TX_171120_01_G07	Oligo
ADsum_NCF95_CCTGCTCCAGATTCAT-1	Oligo
GATCGATTCTGGCGTG-L8TX_180829_01_E10	Oligo
ADsum_NCF340_TGCAGGCTCATGCTCC-1	Oligo
CCCAATCAGTGGTCCC-L8TX_181011_01_A03	Oligo
CGATGGCCAGCTCGCA-L8TX_190312_01_H02	Oligo
AGTTGGTCAACCGCCA-L8TX_180221_01_H10	Oligo
GGGTCTGTCCGTTGTC-L8TX_180221_01_E11	Oligo
TCATTTGTCCTATGTT-L8TX_171120_01_F07	Oligo
CAGATCACAGTCAGCC-L8TX_190312_01_C01	Oligo
ADsum_NCF95_TACCTCATCGGTAACT-1	Oligo
CGTGTAATCTGTACGA-L8TX_171120_01_G07	Oligo
ADsum_NCF349_CCTTATGTCGTGCCTT-1	Oligo
TCAGGTACACGAAACG-L8TX_180907_01_G11	Oligo
GCGAGAAGTCCAGTTA-L8TX_171026_01_F03	Oligo
GCATGCGAGTGCGTGA-L8TX_180712_01_C06	Oligo
ADsum_NCF349_AAACGTACATCATGGC-1	Oligo
GTAACTGAGGGTATCG-L8TX_180406_01_E06	Oligo
AAGGAGCGTACCGCTG-L8TX_180221_01_D10	Oligo
CACAGTATCCCGGATG-L8TX_180907_01_B12	Oligo
CCACTACAGCTACCGC-L8TX_180221_01_C12	Oligo
CGATGGCCACCAGTTA-L8TX_180829_01_E10	Oligo
ADsum_NCF94_GTGTAACTCAGCAAGA-1	Oligo
ACGGGCTTCACATAGC-L8TX_180829_01_D10	Oligo
ADsum_NCF349_GGCCATCAGTCACTCC-1	Oligo
ADsum_NCF71_CGGTTGGGTCGACTAA-1	Oligo
ADsum_NCF95_ACAGGTAAGCCTCTCG-1	Oligo
GTTCATTAGAAGGGTA-L8TX_190312_01_E01	Oligo
GGCTCGAGTGTCCTCT-L8TX_180607_01_C05	Oligo
ADsum_NCF82_CGGATAAAGGATTGCT-1	Oligo
GATCAGTCATAGTAAG-L8TX_190312_01_C02	Oligo
ADsum_NCF71_AGCTATATCTTAGTGA-1	Oligo
ACATGGTGTCAACTGT-L8TX_180221_01_E10	Oligo
ADsum_NCF95_TTTCACCCATGCATAT-1	Oligo
GTGCTTCCACATCCGG-L8TX_180221_01_H12	Oligo
GCTTCCATCTTCAACT-L8TX_180221_01_H10	Oligo
CATGCCTGTGGTCCGT-L8TX_180221_01_A11	Oligo
CTAGCCTTCGCCAAAT-L8TX_180907_01_F11	Oligo
ADsum_NCF349_TGATCGAGTCGACTCC-1	Oligo
TCTGGAAAGTGAACAT-L8TX_180115_01_D11	Oligo
ADsum_NCF82_AGTAAGTAGGCTTAAC-1	Oligo
TTCGGTCAGAGCCCAA-L8TX_181011_01_B03	Oligo
TTATGCTAGTTACGGG-L8TX_180221_01_E11	Oligo
ATAACGCAGAAACGAG-L8TX_180221_01_B12	Oligo
ADsum_NCF140_AAGCGAGGTGTAACCA-1	Oligo
ADsum_NCF160_CAACTAATCGTTAGTA-1	Oligo
ADsum_NCF340_GTATCGCCAAGATTCT-1	Oligo
ADsum_NCF95_ATTATGGTCGTTAGTA-1	Oligo
ADsum_NCF60_GAGTTTGGTAACGTGC-1	Oligo
ADsum_NCF349_TGGATTGGTTATAGCG-1	Oligo
GGCGTGTCATCTACGA-L8TX_181206_01_B12	Oligo
ATGAGGGTCAGCAACT-L8TX_171026_01_A04	Oligo
ACACCAAAGCCACGCT-L8TX_180907_01_F11	Oligo
AGATCTGGTATTCTCT-L8TX_180221_01_H10	Oligo
ADsum_NCF340_GCGCGATTCCTGGTGA-1	Oligo
ATCACGACAGCGTCCA-L8TX_180115_01_E11	Oligo
ADsum_NCF349_AAGGTGCAGTCAATCA-1	Oligo
CTTACCGGTTAAGACA-L8TX_180221_01_E10	Oligo
ADsum_NCF160_CGCTTAACACGTAAGG-1	Oligo
ADsum_NCF64_TGTAATGTCATGCGTG-1	Oligo
AGCGGTCAGTAAGTAC-L8TX_190312_01_G02	Oligo
GGGCATCCATTTGCTT-L8TX_200611_02_A05	Oligo
CATCGAAGTTACAGAA-L8TX_180221_01_E12	Oligo
CATCAAGTCTTTACAC-L8TX_180829_01_D09	Oligo
CACAGTAAGAGCCTAG-L8TX_180406_01_D06	Oligo
ADsum_NCF340_ATGTCCACATAGCGAG-1	Oligo
ADsum_NCF200_GTTACTAAGTAGGCGG-1	Oligo
ACCGTAAAGTAGCGGT-L8TX_180221_01_D09	Oligo
ADsum_NCF160_ACAACAGAGGTGTTAC-1	Oligo
CAACCAAAGTGGTAAT-L8TX_180115_01_F10	Oligo
CCACCTAAGGTACTCT-L8TX_180221_01_B11	Oligo
GACCAATGTTGGTGGA-L8TX_180926_01_E12	Oligo
CTAACTTTCATGCATG-L8TX_180221_01_F10	Oligo
ADsum_NCF340_GATTACTCATAGCTGC-1	Oligo
GACTACAAGACCTAGG-L8TX_180712_01_F05	Oligo
ADsum_NCF349_ACAACAGAGTTGGATC-1	Oligo
TCTCATAGTAGGCTGA-L8TX_180221_01_D11	Oligo
TGAGCATAGTCGTACT-L8TX_180712_01_A06	Oligo
ADsum_NCF349_ACAACACTCTTGATGA-1	Oligo
CAGCGACAGGATATAC-L8TX_180406_01_B01	Oligo
GCGCAGTTCTCTTGAT-L8TX_180406_01_D07	Oligo
ADsum_NCF160_TGTCCTGGTTAGCAGC-1	Oligo
ADsum_NCF221_CATAAGCTCGACCTGA-1	Oligo
ADsum_NCF140_GGAACAATCCTGAATA-1	Oligo
GTCTTCGAGGGCATGT-L8TX_180221_01_A11	Oligo
GTGCTTCTCCATGAGT-L8TX_180907_01_G11	Oligo
ADsum_NCF349_ATGGCCGGTCACAAAT-1	Oligo
TGGCTGGGTCTCTCTG-L8TX_180221_01_E11	Oligo
TTCGGTCGTGGCCCTA-L8TX_190312_01_C01	Oligo
TGAAAGAAGCCCAGCT-L8TX_181206_01_B12	Oligo
TTCTCAACAGTGAGTG-L8TX_180221_01_G10	Oligo
ADsum_NCF95_ACACTAGGTCGTAATG-1	Oligo
ADsum_NCF95_TGTCAATCATAGTCAT-1	Oligo
ADsum_NCF95_GACCTTTGTGCTGGTG-1	Oligo
GCTGCAGGTTAGATGA-L8TX_181011_01_C03	Oligo
GCTTGAACAGCCTTGG-L8TX_180115_01_E08	Oligo
TTTGGTTGTAGCACGA-L8TX_181011_01_B03	Oligo
TTTGTCAAGATCTGAA-L8TX_190312_01_F02	Oligo
GCATGTATCTGCTGCT-L8TX_180907_01_F10	Oligo
GGATGTTTCCGCGTTT-L8TX_180115_01_F08	Oligo
ADsum_NCF224_GATGCAGCACCAAAGG-1	Oligo
GGAGCAATCGTCTGCT-L8TX_190312_01_G01	Oligo
GAAATGACATCGATGT-L8TX_180926_01_B01	Oligo
TGTATTCCAAGGCTCC-L8TX_181011_01_B03	Oligo
ADsum_NCF349_TCTACCTCATGGCCCA-1	Oligo
ADsum_NCF349_TATTACCTCCTCCATA-1	Oligo
TGGCGCAAGGTTCCTA-L8TX_180907_01_B11	Oligo
ADsum_NCF349_GCTTTACGTTAGTTGG-1	Oligo
TCAGCAACATCGGAAG-L8TX_180829_01_D09	Oligo
ATCACGACACGCTTTC-L8TX_180221_01_D10	Oligo
CCTCTGATCAACGCTA-L8TX_180221_01_D09	Oligo
CGCTATCAGCCAGTTT-L8TX_180115_01_F10	Oligo
CATCGGGCAAAGTGCG-L8TX_171026_01_F04	Oligo
TGGGCGTAGACCGGAT-L8TX_180406_01_C07	Oligo
ADsum_NCF71_ATCCATAAGGTCTTGG-1	Oligo
ADsum_NCF95_GATTCCTGTGCTCCAC-1	Oligo
TACTTACAGATCGATA-L8TX_180221_01_E09	Oligo
TCATTACCACACAGAG-L8TX_180829_01_E10	Oligo
CTGTTTACATGGTAGG-L8TX_180829_01_D10	Oligo
AGCGTCGGTCATATCG-L8TX_200625_02_E11	Oligo
ADsum_NCF95_TATGGTCAGGATGATG-1	Oligo
ADsum_NCF140_AGAAACTAGTTATTCC-1	Oligo
TACTTACCAGGTCTCG-L8TX_190312_01_F02	Oligo
CCTCTGAAGAATGTGT-L8TX_190312_01_G01	Oligo
CGATGTACAGGCAGTA-L8TX_190312_01_E02	Oligo
ADsum_NCF95_AACTAGCTCCACCCTG-1	Oligo
CAGCGACAGGTGATTA-L8TX_180115_01_A11	Oligo
ADsum_NCF95_GGTATTTCAGTCTATG-1	Oligo
CACCAGGCACCCTATC-L8TX_180221_01_F10	Oligo
ADsum_NCF221_CATCATAAGTTAGCTA-1	Oligo
ADsum_NCF349_CCGTTGCGTCGCGCAA-1	Oligo
ADsum_NCF349_GATTGATGTCCGGTTC-1	Oligo
GATTCAGGTTCTCATT-L8TX_180115_01_G11	Oligo
GAGCAGAAGCCATCGC-L8TX_180504_01_E01	Oligo
TGCTACCTCGTATCAG-L8TX_180907_01_G10	Oligo
GCGCCAAAGAGTTGGC-L8TX_180115_01_C11	Oligo
TCTGGAAGTCACCCAG-L8TX_180712_01_H05	Oligo
CATATTCGTTCAGACT-L8TX_200611_02_A05	Oligo
ADsum_NCF340_TTTCCGGGTCTCACTG-1	Oligo
GAAACTCCAAGACACG-L8TX_190312_01_F02	Oligo
ACTTACTGTGAAATCA-L8TX_171026_01_F03	Oligo
ADsum_NCF115_ATTGTGATCCTGCGAA-1	Oligo
ADsum_NCF95_GCTTGTTGTTGCGCGA-1	Oligo
ADsum_NCF140_CGGTTTGAGGTAACGA-1	Oligo
CAGAGAGTCAAAGTAG-L8TX_200611_02_A05	Oligo
CGATTGAGTCGAGTTT-L8TX_180712_01_F05	Oligo
GGCGTGTCAGCTCGAC-L8TX_180115_01_C11	Oligo
TCGTACCCACACTGCG-L8TX_180221_01_G10	Oligo
ADsum_NCF200_TTGGCTGAGCCTCTCG-1	Oligo
ADsum_NCF340_CACATACAGGAGTCGG-1	Oligo
ADsum_NCF349_GTCTAACAGCCTGAGC-1	Oligo
AATCGGTCATGTTCCC-L8TX_200625_02_G11	Oligo
TGCACCTAGCGCTCCA-L8TX_180221_01_B12	Oligo
AACTTTCTCGCGTAGC-L8TX_180907_01_F11	Oligo
ADsum_NCF200_TATGGATGTAATAGCT-1	Oligo
GGTATTGTCAGTGTTG-L8TX_190312_01_E01	Oligo
GACCTGGTCATGCATG-L8TX_180221_01_E09	Oligo
ADsum_NCF161_GGATAACCACGAATCC-1	Oligo
CGATGGCAGCACGCCT-L8TX_180712_01_E05	Oligo
ADsum_NCF340_GCACTAAGTTTAAAGC-1	Oligo
AAGTCTGCACCGGAAA-L8TX_180221_01_G10	Oligo
ADsum_NCF224_GTTAACCAGGCACAGG-1	Oligo
CTAAGACTCTGCAGTA-L8TX_171026_01_F03	Oligo
ADsum_NCF340_GTACCGGGTCACAAAT-1	Oligo
GAACGGAGTGCGGTAA-L8TX_190312_01_A02	Oligo
TAGCCGGCATCGGTTA-L8TX_180115_01_F10	Oligo
ACATACGGTCGCGTGT-L8TX_180829_01_E10	Oligo
TGGCGCAGTTAGGGTG-L8TX_180504_01_E01	Oligo
CCTTTCTTCTTGTACT-L8TX_180115_01_C11	Oligo
TGCCAAAAGCCTCGTG-L8TX_180406_01_B08	Oligo
GGAAAGCAGTATTGGA-L8TX_180406_01_F01	Oligo
TATCTCACACGGTAGA-L8TX_190312_01_F01	Oligo
ADsum_NCF95_TGGTCAAGTTCCTGTG-1	Oligo
CTGATCCGTAAATGAC-L8TX_171120_01_E07	Oligo
GTGCATACAAAGTCAA-L8TX_180221_01_B11	Oligo
ADsum_NCF349_TGCACACCACACCAAC-1	Oligo
TCATTTGGTACAGACG-L8TX_181011_01_H03	Oligo
ADsum_NCF82_ATGGCCCAGGAGTCGG-1	Oligo
CCTTCCCGTCTAAAGA-L8TX_180221_01_F11	Oligo
AACTGGTTCGCAAGCC-L8TX_171120_01_E07	Oligo
ADsum_NCF161_GTGCCTTTCCTGAGTG-1	Oligo
ADsum_NCF82_ATACCGGTCACACAGT-1	Oligo
TCACGAATCGCGTAGC-L8TX_180115_01_E11	Oligo
ACTTGTTTCTGCTTGC-L8TX_180926_01_D01	Oligo
TTGTAGGTCTCAAACG-L8TX_180115_01_F10	Oligo
CCTACACCAATAACGA-L8TX_171026_01_B04	Oligo
CCACTACGTAGCTTGT-L8TX_181011_01_C03	Oligo
CACCTTGTCTTGGGTA-L8TX_180221_01_F10	Oligo
CAGTAACCATCGATTG-L8TX_180221_01_E10	Oligo
ATAAGAGTCTTGACGA-L8TX_180712_01_G05	Oligo
TGCACCTTCCAGAGGA-L8TX_181011_01_A03	Oligo
ADsum_NCF340_GTTCTTAGTTTGACCT-1	Oligo
TCCACACTCCGCATCT-L8TX_190312_01_F01	Oligo
TGCCCATGTGTTTGGT-L8TX_180406_01_B07	Oligo
ADsum_NCF71_ATTGCACAGCGCTAAT-1	Oligo
ADsum_NCF349_TGACCAAGTCCTAACT-1	Oligo
ADsum_NCF71_TCCGGTAAGCCGCTAA-1	Oligo
ACGGGCTAGCTACCTA-L8TX_171026_01_A05	Oligo
GCTGCAGTCTGTCAAG-L8TX_180829_01_E10	Oligo
CAAGGCCTCAGGCGAA-L8TX_200625_02_G11	Oligo
ADsum_NCF340_AAACCAACATTAGCCA-1	Oligo
ADsum_NCF161_CAGGTTAGTGACATGC-1	Oligo
CATCGAATCTTAGCCC-L8TX_180926_01_C12	Oligo
AGAGTGGGTTCAGACT-L8TX_180712_01_A06	Oligo
GGGTTGCAGAGTTGGC-L8TX_190312_01_B02	Oligo
ATAGACCCACGGCCAT-L8TX_180907_01_F11	Oligo
AGTCTTTCACTAGTAC-L8TX_180907_01_H11	Oligo
TGTATTCCAGTCGATT-L8TX_180221_01_G10	Oligo
ADsum_NCF95_AAAGCCCGTGGTTATG-1	Oligo
ADsum_NCF216_ACGTCAAGTCCTTCAG-1	Oligo
ATAAGAGAGTCGCCGT-L8TX_171026_01_G04	Oligo
GGCCGATTCAAGCCTA-L8TX_200625_02_F11	Oligo
ADsum_NCF224_TTCGTGCTCCCAGTAG-1	Oligo
CATTCGCTCAGCTTAG-L8TX_181011_01_H03	Oligo
TACAGTGGTTTCCACC-L8TX_180115_01_B10	Oligo
GTCCTCACAGGCGATA-L8TX_180221_01_E11	Oligo
GTATCTTCACGGTTTA-L8TX_180907_01_H11	Oligo
TACAGTGTCAACGGCC-L8TX_171120_01_H07	Oligo
ACGGGTCGTCTCTTTA-L8TX_181206_01_H11	Oligo
ADsum_NCF95_GTTTACCGTCACCTAT-1	Oligo
ADsum_NCF340_CTTTCTTGTCGCGCAA-1	Oligo
AAGCCGCCACCATGTA-L8TX_190312_01_E01	Oligo
GTAACGTCAGGACCCT-L8TX_180221_01_B10	Oligo
AAGCCGCTCCAAACAC-L8TX_190312_01_B02	Oligo
ADsum_NCF95_GCTAACCCAGGCGAGT-1	Oligo
CCTTCGAGTTAGAACA-L8TX_181011_01_H03	Oligo
TACTCATAGTTGAGTA-L8TX_190312_01_F01	Oligo
ADsum_NCF71_ACCGGCTAGAGGCTAA-1	Oligo
GGAGCAAAGCTGTTCA-L8TX_190312_01_E01	Oligo
GTGTTAGCATGAGCGA-L8TX_180221_01_H10	Oligo
ADsum_NCF140_TGCCATTGTGAACAAA-1	Oligo
ADsum_NCF340_TAAACAGCAGCCTGCA-1	Oligo
CTGAAACAGGAATTAC-L8TX_171120_01_E07	Oligo
GGCTGGTAGAGTGAGA-L8TX_180907_01_F11	Oligo
ADsum_NCF349_ACGCTTGAGGCACAGG-1	Oligo
GGACATTCAATGGAAT-L8TX_180221_01_A11	Oligo
GCGCAACCAAGCCATT-L8TX_180907_01_F11	Oligo
CTAGAGTCAGCCTTTC-L8TX_180406_01_B07	Oligo
ADsum_NCF60_GCTTTATTCACATTGA-1	Oligo
GCATGATCAGTTAACC-L8TX_171026_01_D05	Oligo
CCCTCCTAGGTGCAAC-L8TX_190312_01_E01	Oligo
AATCGGTTCGGATGTT-L8TX_171026_01_A04	Oligo
TCAATCTTCTCCAGGG-L8TX_180221_01_E10	Oligo
CCAGCGATCGAGCCCA-L8TX_181011_01_H03	Oligo
ADsum_NCF60_TGAGCCGGTGTTCCCA-1	Oligo
ACGATGTGTAGGCATG-L8TX_181011_01_B03	Oligo
CAGTCCTCATACTACG-L8TX_180115_01_F08	Oligo
CGTGTCTGTAGCGTGA-L8TX_180115_01_F11	Oligo
ADsum_NCF94_CTATGAGGTCCGCTGT-1	Oligo
TACACGAAGGCTCTTA-L8TX_171026_01_H04	Oligo
GTTCTCGAGTAAGTAC-L8TX_181206_01_A12	Oligo
GAACATCAGACTTTCG-L8TX_180115_01_B11	Oligo
GCGCAACTCATATCGG-L8TX_180829_01_E10	Oligo
ADsum_NCF349_CCTCAGTTCTGGCATG-1	Oligo
ADsum_NCF349_AGTAATCGTAGCCTAA-1	Oligo
CACATTTTCGACCAGC-L8TX_180406_01_B01	Oligo
AACGTTGCATGTAAGA-L8TX_180115_01_E08	Oligo
TAAGTGCAGTGCTGCC-L8TX_180712_01_E05	Oligo
ADsum_NCF94_CCTGCTCCAAACTGTT-1	Oligo
TGGCCAGCATCGTCGG-L8TX_180406_01_F06	Oligo
AGCTTGAAGACTACAA-L8TX_180907_01_F11	Oligo
AACCGCGTCAAACCGT-L8TX_200611_02_A05	Oligo
ADsum_NCF160_GAGGTGAGTCAGGCAT-1	Oligo
ADsum_NCF82_CATTCATTCCCTCGCA-1	Oligo
TACTCATAGGAGTTGC-L8TX_190312_01_F01	Oligo
ADsum_NCF115_CAATGTCAGAACAAGT-1	Oligo
ADsum_NCF160_GACACCGGTAACCTAG-1	Oligo
ADsum_NCF60_GACTCACCAGAAACGT-1	Oligo
ADsum_NCF349_CCTGCTCCAAAGCTCC-1	Oligo
AGTAGTCAGAAGGTTT-L8TX_181206_01_A12	Oligo
ADsum_NCF95_CAGGTGGAGGCTTAAC-1	Oligo
ADsum_NCF64_ATATAGGCACTGACTA-1	Oligo
ADsum_NCF216_CAAGTATGTCATTGAG-1	Oligo
ADsum_NCF349_TTTAACCTCAAAGGCA-1	Oligo
ADsum_NCF349_CATCAATCATACCCGG-1	Oligo
TGAGAGGAGCATGGCA-L8TX_180712_01_H05	Oligo
AGCTCTCAGCATGGCA-L8TX_181011_01_C03	Oligo
TAGGCATGTAGCGTAG-L8TX_171026_01_A04	Oligo
GGGAATGTCAAACGGG-L8TX_180712_01_G05	Oligo
ADsum_NCF95_AATTGCCAGGCTATGT-1	Oligo
CCACTACCAATCACAC-L8TX_190312_01_H01	Oligo
CCCTCCTCAAAGGCGT-L8TX_180221_01_C09	Oligo
CAACCTCTCAAAGACA-L8TX_180221_01_A12	Oligo
CTCACACTCTGGTATG-L8TX_180907_01_G10	Oligo
ADsum_NCF340_CGCTTAACATCCATCT-1	Oligo
CGTTGGGTCGAACTGT-L8TX_180406_01_H02	Oligo
GCACATACACCCAGTG-L8TX_190312_01_A03	Oligo
ADsum_NCF115_TGAGGAGGTCTAACAG-1	Oligo
TGGCGCAGTCATGCAT-L8TX_180221_01_E12	Oligo
CTCATTACAGATCCAT-L8TX_180221_01_C11	Oligo
ADsum_NCF95_CCACTTGGTGCAACTA-1	Oligo
GAGGTGAGTCGCTTCT-L8TX_171120_01_F07	Oligo
GGGAATGGTACGCACC-L8TX_180712_01_G05	Oligo
ATCACGACATTTCAGG-L8TX_180221_01_C09	Oligo
CCTCTGACATAGAAAC-L8TX_181011_01_H03	Oligo
TGCTGCTAGTTCCACA-L8TX_190312_01_A02	Oligo
CCCTCCTCATTACCTT-L8TX_180829_01_E10	Oligo
ADsum_NCF200_AGCGGACCAGGGAGCT-1	Oligo
ADsum_NCF60_GCATCCTTCCCTGGTT-1	Oligo
ADsum_NCF200_GGCCTCTGTACTGATG-1	Oligo
ADsum_NCF115_ATGAGCCGTGCTCCAC-1	Oligo
ADsum_NCF60_GGAATCTTCAGGTTTA-1	Oligo
ADsum_NCF340_TATGGCCCAGCAAGTG-1	Oligo
ACTGAACCAGTCGTGC-L8TX_180907_01_F11	Oligo
TGACGGCCAATGGACG-L8TX_180115_01_F08	Oligo
AGGGATGCATCCGTGG-L8TX_180221_01_E12	Oligo
GATCTAGCAGCCACCA-L8TX_180115_01_E08	Oligo
ADsum_NCF340_GGTAACCGTTACGCGG-1	Oligo
ADsum_NCF349_GATGACTTCGGTAACT-1	Oligo
CACCTTGTCAGTTAGC-L8TX_180907_01_G11	Oligo
GTGAAGGCACTGCCAG-L8TX_190312_01_C02	Oligo
ADsum_NCF340_GTTTGCTGTTTGGGTA-1	Oligo
ADsum_NCF64_AGGAAACGTGACCTGG-1	Oligo
ADsum_NCF64_AAGCCTGTCAGTTCCC-1	Oligo
ADsum_NCF200_TTAGCCTGTTCCTGTG-1	Oligo
ADsum_NCF349_TCAAGGAAGGTAACGA-1	Oligo
GGCTGGTTCGAATCCA-L8TX_200625_02_E11	Oligo
ADsum_NCF160_CGACTAAGTGGGTGAA-1	Oligo
CCGGTAGCACCATCCT-L8TX_180907_01_F11	Oligo
CCTTCGATCATAAAGG-L8TX_180221_01_C09	Oligo
ADsum_NCF115_TCAAACCAGGTTAGAG-1	Oligo
TACTCGCCAGTGGGAT-L8TX_180926_01_D01	Oligo
GATGAAAAGACTAAGT-L8TX_180221_01_F11	Oligo
ADsum_NCF160_TACATCAAGTTACCGG-1	Oligo
ADsum_NCF95_CTATGGCCACAATTAC-1	Oligo
ADsum_NCF216_TGTCCTTCATCCAGGT-1	Oligo
ADsum_NCF95_GCTAAGAAGGATTGCT-1	Oligo
CACCTTGAGAGGACGG-L8TX_180115_01_G10	Oligo
CATTATCAGCCAGTAG-L8TX_180926_01_E01	Oligo
ADsum_NCF94_GCGATTAGTTATCGAG-1	Oligo
ADsum_NCF349_TGCATGAGTTTGCAGA-1	Oligo
ADsum_NCF340_TGACCTTGTGGATTCA-1	Oligo
CCACGGACAGCTGTGC-L8TX_180907_01_F11	Oligo
ADsum_NCF160_AAAGCTTGTAATGGAA-1	Oligo
GGTATTGAGATAGTCA-L8TX_171026_01_F04	Oligo
ADsum_NCF216_CGCTCCATCGGCTAGC-1	Oligo
ADsum_NCF340_ACGTCAAGTTAGCATG-1	Oligo
CGACCTTAGGGTATCG-L8TX_190312_01_H01	Oligo
GCAAACTCAAACGTGG-L8TX_180221_01_H10	Oligo
ADsum_NCF115_TGGTTCCTCATCGTTT-1	Oligo
ADsum_NCF60_AATCTCAAGAAGCTAG-1	Oligo
ATCTACTTCTGTGCAA-L8TX_180115_01_A11	Oligo
ADsum_NCF160_ATTGTGATCACATTGA-1	Oligo
ADsum_NCF71_CATGGATTCATCAGTA-1	Oligo
ADsum_NCF349_GATTGCAGTTTACGTC-1	Oligo
ADsum_NCF95_ACACAATGTTAGGACC-1	Oligo
ADsum_NCF349_AACTAGTGTGAATCGC-1	Oligo
ATCATGGGTTGAACTC-L8TX_171026_01_H03	Oligo
CCGTACTTCCGTCATC-L8TX_180926_01_C12	Oligo
CTCCTAGGTGGGTATG-L8TX_180221_01_D10	Oligo
GCAGTTAAGTAGGTGC-L8TX_190312_01_G01	Oligo
GGTATTGCAATCAGAA-L8TX_180926_01_E01	Oligo
ADsum_NCF95_GTTTATCTCGGTCAAT-1	Oligo
ADsum_NCF95_ATTTAGCCACTTCACT-1	Oligo
ADsum_NCF95_GGGCATGAGCCGCTTT-1	Oligo
ADsum_NCF340_AGCTGCTCATTGTGCA-1	Oligo
ADsum_NCF60_CGCATTTGTGTTTGCT-1	Oligo
ATCACGATCCATGCTC-L8TX_180406_01_B01	Oligo
ADsum_NCF95_AGGCCCAGTTGGCGTG-1	Oligo
CCTCAGTGTAATCACC-L8TX_180221_01_C11	Oligo
CTCATTACAAATCCGT-L8TX_180221_01_E09	Oligo
ADsum_NCF140_CGTACGGGTATTGGTG-1	Oligo
AGTGGGAAGATCCCGC-L8TX_180115_01_E08	Oligo
ADsum_NCF71_TTCATTCAGTCTATGA-1	Oligo
AAGCCGCTCGCCCTTA-L8TX_190312_01_B01	Oligo
ADsum_NCF64_GAGTCATTCCTGTTCA-1	Oligo
ADsum_NCF349_GTGAATCTCGTAATCA-1	Oligo
ADsum_NCF349_TAGCGCGGTTCGGGAT-1	Oligo
CTCGTACAGGACATTA-L8TX_180115_01_A11	Oligo
GACGTTAAGGGAACGG-L8TX_180406_01_D01	Oligo
ADsum_NCF349_AGAACCAAGTAGGATG-1	Oligo
CTACCCAAGGGCACTA-L8TX_180926_01_D01	Oligo
TTGCGTCCATTTGCCC-L8TX_180406_01_D06	Oligo
CTGCGGACATGATCCA-L8TX_180712_01_G05	Oligo
ADsum_NCF95_GAAGGAACAGCTTAAT-1	Oligo
AACTGGTAGTACGTAA-L8TX_180829_01_D10	Oligo
CTCACACGTGTAATGA-L8TX_180926_01_E01	Oligo
ADsum_NCF140_ACGGTACGTAGGTTGC-1	Oligo
CAAGTTGCAAACGTGG-L8TX_180221_01_E12	Oligo
CGAGCACCACCAGTTA-L8TX_190312_01_D02	Oligo
ADsum_NCF64_CATAGCTAGCACCACA-1	Oligo
GTCATTTCAAGCTGGA-L8TX_180406_01_G01	Oligo
ADsum_NCF82_ATGCCTGAGGTGAGAC-1	Oligo
GGAGCAACATTTGCCC-L8TX_180115_01_H10	Oligo
ADsum_NCF340_CCCAGTTTCATTGTTC-1	Oligo
TGAGGGACAGGAACGT-L8TX_180221_01_D09	Oligo
GCCTCTAAGAATTCCC-L8TX_190312_01_F01	Oligo
ADsum_NCF160_GACGCAACACTGACTA-1	Oligo
ACTTACTGTATCACCA-L8TX_180115_01_E11	Oligo
CGTAGCGAGTTACCCA-L8TX_180115_01_G10	Oligo
CCATTCGGTGGGTATG-L8TX_180907_01_H11	Oligo
ADsum_NCF60_TGAGGTGCATTATGCG-1	Oligo
TCACGAACACACGCTG-L8TX_180221_01_D11	Oligo
ADsum_NCF95_TTGTGAGGTGCTCACC-1	Oligo
TTCTACACATTACCTT-L8TX_190312_01_B01	Oligo
GACTAACAGAAGGTGA-L8TX_180907_01_B12	Oligo
GCGCGATAGTCTCAAC-L8TX_180221_01_B10	Oligo
ADsum_NCF64_CTAACCACAGGCCATT-1	Oligo
TATCTCAAGTGGGTTG-L8TX_171026_01_G05	Oligo
AACACGTAGGGCATGT-L8TX_181011_01_H03	Oligo
GTAGGCCAGTTGTCGT-L8TX_180829_01_E10	Oligo
CTTAGGACAGTAACGG-L8TX_171026_01_B04	Oligo
TTAGGCAGTCGCATAT-L8TX_180926_01_B01	Oligo
ADsum_NCF60_GTACTTAAGGGTTATC-1	Oligo
TCCCGATTCCCTCTTT-L8TX_180406_01_B07	Oligo
GTCTTCGCACATAACC-L8TX_181206_01_C12	Oligo
ADsum_NCF340_TGCTCCGTCACCTGCT-1	Oligo
ADsum_NCF140_TAGTAACGTGCTAGAC-1	Oligo
ATAAGAGGTGTCAATC-L8TX_180712_01_E05	Oligo
ADsum_NCF340_GGTGCTGGTTGTCCAT-1	Oligo
TCGTACCTCATGTGGT-L8TX_181011_01_B03	Oligo
GGCTGGTAGACAGGCT-L8TX_180221_01_B12	Oligo
ADsum_NCF340_CATCCTGGTATTGTGG-1	Oligo
ADsum_NCF95_GTATGTGGTGGTTCCC-1	Oligo
TGCGGGTGTCTAAAGA-L8TX_180406_01_C01	Oligo
ADsum_NCF349_CAAACATGTTGCGCGA-1	Oligo
ADsum_NCF340_ATGACTCAGCGTGCGT-1	Oligo
ADsum_NCF95_GAGCGATAGTCATTGA-1	Oligo
ADsum_NCF64_TAGGAGTCATTTAAGC-1	Oligo
ADsum_NCF340_CTTGACGAGGTCGAGG-1	Oligo
ADsum_NCF160_AACCTTAAGTAAGGGC-1	Oligo
TCGGGACAGACAGAGA-L8TX_180221_01_F11	Oligo
GTTAAGCAGTTAACGA-L8TX_180406_01_B02	Oligo
AAAGCAACAAACAACA-L8TX_180406_01_C07	Oligo
CACCAGGTCAGTGCAT-L8TX_180221_01_E09	Oligo
CCACTACAGCTACCGC-L8TX_180115_01_G10	Oligo
CCTTCGAAGTTACCCA-L8TX_180406_01_F02	Oligo
GGGCACTAGTCATCCA-L8TX_180221_01_C09	Oligo
CCGGTAGAGGACACCA-L8TX_180115_01_E08	Oligo
ADsum_NCF95_GCCTATTGTTCGCTCA-1	Oligo
CCCATACTCCTCCTAG-L8TX_181011_01_B03	Oligo
ADsum_NCF115_TTGTCCGGTTGCGGAT-1	Oligo
GGCGTGTGTCAAACTC-L8TX_171026_01_A05	Oligo
ADsum_NCF71_CCTATAGCAGTAAAGC-1	Oligo
TATCAGGCACAGGCCT-L8TX_181011_01_A03	Oligo
CTTCTCTCACTTCTGC-L8TX_200611_02_A05	Oligo
TGACTTTCAGCTGTTA-L8TX_180221_01_E10	Oligo
ADsum_NCF340_AGTCTTGCACCAACCG-1	Oligo
ADsum_NCF64_CGCCTGTGTCAAAGGG-1	Oligo
CAGTCCTTCGCCAAAT-L8TX_171120_01_C07	Oligo
TTCCCAGCATTCCTGC-L8TX_180406_01_G01	Oligo
TCCACACGTCGCATAT-L8TX_180406_01_F07	Oligo
ADsum_NCF160_CCTGAGTCATTAAGCT-1	Oligo
ADsum_NCF95_GTAGGCGAGGTCCGTA-1	Oligo
ATAGACCAGTATCGAA-L8TX_180406_01_C02	Oligo
ADsum_NCF64_AGGTATTGTCCTAACT-1	Oligo
AAACGGGCAATCCAAC-L8TX_180712_01_F05	Oligo
ATAAGAGAGGCCCGTT-L8TX_181011_01_B03	Oligo
ADsum_NCF95_CTGGATGTCCAAGTTA-1	Oligo
GCAGTTATCATACGGT-L8TX_180907_01_G10	Oligo
TTAACTCGTTCAGACT-L8TX_180907_01_B11	Oligo
TGGCTGGTCACGCGGT-L8TX_181012_01_G04	Oligo
TTCTCAAAGAAGGTTT-L8TX_180115_01_G11	Oligo
ADsum_NCF95_CAAGCTAGTAATGGAA-1	Oligo
ADsum_NCF95_AGCGTGCTCATGCGTG-1	Oligo
ADsum_NCF349_AATTGACGTGCCTCAC-1	Oligo
CCGGGATTCTGCTGCT-L8TX_180221_01_C09	Oligo
ADsum_NCF349_TAAGCCAGTAAGGTTT-1	Oligo
ADsum_NCF349_ATTATCCTCACCTGTC-1	Oligo
TACTCGCCAGTTCCCT-L8TX_180406_01_F06	Oligo
CGTGAGCGTACCATCA-L8TX_180115_01_D11	Oligo
AGCGTATCAGGTGCCT-L8TX_171026_01_F04	Oligo
ADsum_NCF71_TTAATCGAGTGACCTG-1	Oligo
TTCGAAGCATCCGGGT-L8TX_180907_01_G10	Oligo
CGTTCTGTCGCGATCG-L8TX_181206_01_A12	Oligo
ADsum_NCF95_CCTTACTCAGTTATGT-1	Oligo
CTCTGGTTCTTGTCAT-L8TX_171026_01_H05	Oligo
ADsum_NCF340_GCCCGTTGTTCCGCAC-1	Oligo
TCAGATGTCGGAAATA-L8TX_180907_01_G10	Oligo
ADsum_NCF349_GAGGTAGGTCAAACTG-1	Oligo
ADsum_NCF82_CGCATGATCCTTGAGG-1	Oligo
AAACCTGCAATGGTCT-L8TX_181012_01_G04	Oligo
ADsum_NCF140_TATTGACCATTAGGTT-1	Oligo
CAGCGACAGATCTGAA-L8TX_180406_01_E02	Oligo
ADsum_NCF340_GTTACTCGTCTTACTA-1	Oligo
CATCGAAAGAAGAAGC-L8TX_180221_01_G10	Oligo
ADsum_NCF340_TAGAGCCGTGTAACCA-1	Oligo
ADsum_NCF95_ATCGGCCAGCCTGAGC-1	Oligo
CCACCTAGTGGTTTCA-L8TX_180221_01_E09	Oligo
ADsum_NCF95_TTGACATCACCTGCCT-1	Oligo
ADsum_NCF340_CTGCTATGTGTAACCA-1	Oligo
ATCCGAACACAGATTC-L8TX_180406_01_D01	Oligo
ADsum_NCF349_AGCATCCCATTAGGTT-1	Oligo
ADsum_NCF340_GGGTCAACACCCACAG-1	Oligo
ADsum_NCF340_CTAAATGTCCCATAGG-1	Oligo
ADsum_NCF200_CCTTCGTAGGATAAAC-1	Oligo
CCTCAGTGTAAGCACG-L8TX_180221_01_D09	Oligo
CCGTACTAGTCTCAAC-L8TX_180907_01_H11	Oligo
GGGAGATCATGAAGTA-L8TX_181012_01_C05	Oligo
CTACGTCTCCCTTGCA-L8TX_180115_01_E11	Oligo
CCTCTGACATGCGCAC-L8TX_190312_01_G01	Oligo
ADsum_NCF340_AATCCCTGTAGTAAGA-1	Oligo
CATCCACCAAGCTGGA-L8TX_181011_01_B03	Oligo
CCGTTCAAGACTTGAA-L8TX_190312_01_B02	Oligo
ADsum_NCF349_TACAAGCTCGCTAGCA-1	Oligo
CGAGCACAGCGATGAC-L8TX_180907_01_F10	Oligo
GCTGCAGGTCCCTACT-L8TX_180829_01_D09	Oligo
GGGTCTGAGCGTGTCC-L8TX_190312_01_A03	Oligo
ADsum_NCF71_AGGTGAGGTCCGGTTC-1	Oligo
ADsum_NCF340_ATTTGTGAGGCAAGTA-1	Oligo
ADsum_NCF200_ACGATTCAGCCACAAT-1	Oligo
ADsum_NCF340_GACCTAGTCTAATCAG-1	Oligo
ADsum_NCF349_AGCCAGTGTAGTTAAC-1	Oligo
TGCTGCTGTATCTGCA-L8TX_180907_01_G10	Oligo
CGGAGCTCACAGATTC-L8TX_180221_01_G11	Oligo
CTAACTTCATAGTAAG-L8TX_181011_01_C03	Oligo
ADsum_NCF160_CAACAATGTCACGAAC-1	Oligo
ATCACGACACGGCGTT-L8TX_181011_01_H03	Oligo
ADsum_NCF95_GGCCAGTTCGTGCTTC-1	Oligo
CGTTGGGAGGATGTAT-L8TX_180712_01_A06	Oligo
ADsum_NCF200_CCGCAAATCAATGACC-1	Oligo
GCTGGGTAGATCCCAT-L8TX_181206_01_B12	Oligo
ADsum_NCF340_ATTGAAGCAGGTATTT-1	Oligo
ADsum_NCF340_GAAGTAAGTTAACGGC-1	Oligo
ADsum_NCF115_TTAGACTCACTAGCGT-1	Oligo
GGGTCTGCAACTGGCC-L8TX_180221_01_F11	Oligo
CTAGTGAGTTATGTGC-L8TX_180221_01_C11	Oligo
TCATTTGCACAGGCCT-L8TX_180907_01_H11	Oligo
ADsum_NCF340_TGGACAAAGGACCAGG-1	Oligo
ADsum_NCF340_GGATTATGTCAAAGGG-1	Oligo
CCAATCCAGAGGGCTT-L8TX_180907_01_E11	Oligo
TTAGGCAGTACAAGTA-L8TX_180712_01_B06	Oligo
TGAGCATAGAATTGTG-L8TX_190312_01_D01	Oligo
ADsum_NCF82_CCTAATAAGCAACAAG-1	Oligo
GACGCGTGTCGGGTCT-L8TX_181011_01_A03	Oligo
ADsum_NCF160_AGTCTTGCATAATCGT-1	Oligo
GGACGTCTCAACCAAC-L8TX_180221_01_B11	Oligo
ADsum_NCF95_CAAACAACAAATGCCC-1	Oligo
ADsum_NCF60_GTGCCTTTCATCACTT-1	Oligo
GCACTCTTCAGGCCCA-L8TX_190312_01_G01	Oligo
ADsum_NCF340_AATAGAGGTTTGGCTT-1	Oligo
AAACCTGCATCCGTGG-L8TX_180712_01_A06	Oligo
TTTGTCAGTATGAATG-L8TX_181011_01_H02	Oligo
ADsum_NCF340_CCCAAATAGTCACCTC-1	Oligo
ADsum_NCF115_GACAATACAGCAAATA-1	Oligo
GTACGTAGTGTGGTTT-L8TX_181011_01_A03	Oligo
GGTGAAGTCGACGGAA-L8TX_180712_01_A06	Oligo
AGGTCCGCACAGGTTT-L8TX_180221_01_E12	Oligo
CTAAGACTCTGCGGCA-L8TX_190312_01_B02	Oligo
TCATTTGCAGACAAGC-L8TX_190312_01_H02	Oligo
AGGGAGTGTCTCTTTA-L8TX_171026_01_E05	Oligo
GTGCATAAGCGACGTA-L8TX_180221_01_G12	Oligo
ADsum_NCF349_AATGTCATCTTGTCTG-1	Oligo
ATGTGTGCAGACGCTC-L8TX_171026_01_F04	Oligo
ADsum_NCF160_TTTAACGAGCGCCTTT-1	Oligo
ADsum_NCF71_AATTTCCTCTAAGGAG-1	Oligo
CGTCAGGTCGAATCCA-L8TX_181011_01_A03	Oligo
AGTTGGTAGTTTGCGT-L8TX_180406_01_G07	Oligo
ADsum_NCF340_TATTAGGTCCCTCGCA-1	Oligo
GGACGTCGTTGACGTT-L8TX_180907_01_B12	Oligo
TGACGGCCAATGGACG-L8TX_200625_02_E11	Oligo
ADsum_NCF160_ACCCTGTTCACAAGCT-1	Oligo
ACCCACTGTCTAGTCA-L8TX_180907_01_F11	Oligo
ADsum_NCF160_TTTAAGCCAGCCAGTT-1	Oligo
ADsum_NCF95_TTTACGAAGTGAGAGC-1	Oligo
ADsum_NCF64_CCCAATTGTAATAGCT-1	Oligo
ADsum_NCF95_TACCTTAGTTCATTTG-1	Oligo
ADsum_NCF349_AGTCTTGCAGGCGATA-1	Oligo
GTTTCTACAACAACCT-L8TX_180115_01_D11	Oligo
ADsum_NCF115_ATCGCTTGTCATTGAG-1	Oligo
GTGTGCGAGCTAGTTC-L8TX_180712_01_A06	Oligo
ADsum_NCF349_GCTTTATTCTAAATCG-1	Oligo
CCGTTCAGTGTCCTCT-L8TX_181011_01_H03	Oligo
ADsum_NCF115_TCACCGGCACCGTTCC-1	Oligo
CCTCTGAAGTTTAGGA-L8TX_180907_01_F11	Oligo
ADsum_NCF349_TGCACACCAGTTTCTC-1	Oligo
GCAATCATCGCAAACT-L8TX_190312_01_E02	Oligo
ADsum_NCF60_GGACCGAAGTCATTAG-1	Oligo
TGGTTCCTCATCATTC-L8TX_180907_01_F10	Oligo
ATTGGTGCAACGCACC-L8TX_180907_01_A12	Oligo
GGTATTGGTTGACGTT-L8TX_180115_01_G11	Oligo
ADsum_NCF95_TGTAATGTCCGGCTAA-1	Oligo
CGCGTTTTCGTATCAG-L8TX_180926_01_D01	Oligo
ADsum_NCF71_GGAGGTTAGGGCTTAT-1	Oligo
ADsum_NCF340_TTACACCGTTTGCTGT-1	Oligo
CTCATTACAGTCAGCC-L8TX_180504_01_E01	Oligo
ADsum_NCF161_CATTGCGAGGTCCGTA-1	Oligo
ADsum_NCF224_ATGGTCTAGTCATTGA-1	Oligo
CCACTACAGGGCACTA-L8TX_171026_01_B05	Oligo
TTTGGTTGTGTTGAGG-L8TX_180221_01_A11	Oligo
GCCTCTATCAAACCAC-L8TX_180829_01_D09	Oligo
ADsum_NCF349_TCAGGTCCATAATCCG-1	Oligo
ADsum_NCF95_ACCGAAGCACAGGAAT-1	Oligo
ADsum_NCF200_GAGCTTAGTTCACTGT-1	Oligo
CAACCTCCATCACGAT-L8TX_180829_01_E10	Oligo
ATCGAGTAGTCTCAAC-L8TX_171026_01_G03	Oligo
GGAGCAATCGCCAAAT-L8TX_181011_01_A03	Oligo
GTATTCTGTGTGACGA-L8TX_181012_01_G04	Oligo
CCGTGGAAGAAGGTGA-L8TX_180406_01_C08	Oligo
ADsum_NCF71_TCCATCATCTCCATAT-1	Oligo
ADsum_NCF340_GTAGGAGGTCAGGCCA-1	Oligo
ADsum_NCF160_AATCCCTGTGCTCCGT-1	Oligo
CACATTTAGGCGATAC-L8TX_180221_01_H12	Oligo
ADsum_NCF160_TAATGGACAAAGGTAC-1	Oligo
ADsum_NCF95_GTGCTGATCATTGCAA-1	Oligo
ADsum_NCF200_ATCACCCTCCCTGATC-1	Oligo
CACCACTGTCCTCCAT-L8TX_180406_01_E02	Oligo
TGCTGCTTCTGGAGCC-L8TX_180115_01_E09	Oligo
CTTAGGATCTACTATC-L8TX_180829_01_D09	Oligo
GTGCAGCGTGACTACT-L8TX_180907_01_G11	Oligo
CGTAGCGCACTTAAGC-L8TX_180907_01_B12	Oligo
ADsum_NCF140_CGCCTCATCGCGCTAA-1	Oligo
ADsum_NCF161_TTGTTTGGTATTACCC-1	Oligo
ADsum_NCF115_CTTGCATGTGTGCAAC-1	Oligo
ADsum_NCF60_TGTGATCAGCTAATTG-1	Oligo
ADsum_NCF71_TATCACAAGAGGAAGG-1	Oligo
CGTGTCTTCCAGTAGT-L8TX_180926_01_E01	Oligo
CGAATGTAGCTCCTTC-L8TX_180221_01_C11	Oligo
ADsum_NCF82_GTTTGTAAGTCTATGA-1	Oligo
CAGCCGAAGGACGAAA-L8TX_180907_01_B12	Oligo
CGTGAGCTCGTAGATC-L8TX_180221_01_D10	Oligo
CCCAGTTAGAAACCGC-L8TX_190312_01_H01	Oligo
TCAGCAATCCATGAAC-L8TX_180115_01_D09	Oligo
ADsum_NCF115_GTACAATGTCCTCCAA-1	Oligo
TAGCCGGAGCCGCCTA-L8TX_180406_01_E06	Oligo
AAATGCCGTCTGCGGT-L8TX_190312_01_C01	Oligo
ADsum_NCF64_CAGGGCTTCGGTTTGG-1	Oligo
CACCTTGTCTCGTTTA-L8TX_180221_01_A11	Oligo
ATGGGAGAGTCATCCA-L8TX_180406_01_G07	Oligo
AGGCCGTGTCTACCTC-L8TX_190312_01_E02	Astro
ADsum_NCF340_AACTGTTCAGAGGGAG-1	Astro
ADsum_NCF71_TACAAGCTCTAATCTC-1	Astro
ADsum_NCF221_TAGGCTGTCTTGATGA-1	Astro
GGGAATGGTCCCGACA-L8TX_200625_02_F11	Astro
ADsum_NCF160_TTGTTGTTCCTGATGG-1	Astro
ADsum_NCF64_GAGCCACTCATGGCCA-1	Astro
ADsum_NCF115_TGAAACTGTATTGGTG-1	Astro
ADsum_NCF221_CTAATAGTCTCGACCT-1	Astro
CATGGCGGTCAGCTAT-L8TX_171026_01_F03	Astro
ADsum_NCF140_AACATTGTCCCATAGG-1	Astro
AAGGTTCGTACGAAAT-L8TX_190312_01_F01	Astro
ADsum_NCF140_CGGAGCAAGGACCTGC-1	Astro
ADsum_NCF95_ACTTATCTCGTTAACA-1	Astro
TTATGCTGTGTCGCTG-L8TX_190312_01_G01	Astro
ADsum_NCF140_TACCAAATCCAAACAC-1	Astro
ADsum_NCF64_ATCACCCTCATAAGCC-1	Astro
TCTCTAACATCACGAT-L8TX_171026_01_C05	Astro
CGTCTACGTCGACTGC-L8TX_180406_01_B08	Astro
ADsum_NCF221_ACACCTTGTTAAGTGT-1	Astro
GTCATTTCAGGTGCCT-L8TX_190312_01_C02	Astro
ADsum_NCF349_ACATAGCTCCAAATCA-1	Astro
ADsum_NCF160_TTATAGCCACTAAGTT-1	Astro
ADsum_NCF161_GTACGTAGTTCATTTG-1	Astro
ADsum_NCF64_GCTGGTTCACCTACTT-1	Astro
ADsum_NCF82_CACTAAGGTTGTTGGA-1	Astro
GGGAGATTCTTGTTTG-L8TX_171026_01_G04	Astro
TATCAGGAGGCGATAC-L8TX_180221_01_D11	Astro
ADsum_NCF200_CTTAAGATCAAAGGCA-1	Astro
ADsum_NCF64_ACGCACGGTCAAAGGG-1	Astro
ADsum_NCF200_ACGCCACAGTTTGGGT-1	Astro
ADsum_NCF140_AGCTAACTCTTAAGTG-1	Astro
ADsum_NCF349_AATCGCCCACCTGCCT-1	Astro
ATGTGTGAGAGTACCG-L8TX_180115_01_D11	Astro
ADsum_NCF82_GAGCAAGGTTGCTGGG-1	Astro
ADsum_NCF71_GCCCATAAGTGGACAA-1	Astro
ADsum_NCF340_GTTGGCGGTTAGGTTG-1	Astro
ADsum_NCF115_AGGAAACGTGTGCAAC-1	Astro
ADsum_NCF95_TTTGTGTTCGCTTCTA-1	Astro
GACTGCGTCAACACGT-L8TX_171026_01_F04	Astro
ADsum_NCF224_AGACAATAGAAGCTAG-1	Astro
ADsum_NCF224_ACATTGCAGCCTTAAA-1	Astro
TAGAGCTAGCTGCGAA-L8TX_171026_01_G03	Astro
ADsum_NCF64_TTTAGCTTCGTTAAGC-1	Astro
CGTAGCGGTCTGCAAT-L8TX_190312_01_G01	Astro
ADsum_NCF221_CAAGCTAGTTAATGAC-1	Astro
GATGCTAAGCCACGCT-L8TX_180406_01_B06	Astro
CTCGGAGCATCGGGTC-L8TX_180115_01_E11	Astro
ADsum_NCF95_CATGCAAGTAATAGCT-1	Astro
ADsum_NCF349_ATCCAACAGACAAAGT-1	Astro
ADsum_NCF64_GCGGTTGGTTCACCCA-1	Astro
ADsum_NCF216_CTTAACAAGCACCACA-1	Astro
CATGACACACGAAATA-L8TX_180115_01_B09	Astro
CACAAACCAAAGTCAA-L8TX_180221_01_A11	Astro
ADsum_NCF349_TGATTGCAGCCATCAG-1	Astro
ADsum_NCF216_CCTTTAGTCATAAGCC-1	Astro
GGGTCTGCAGCTGGCT-L8TX_180406_01_F06	Astro
CGACTTCTCGTCACGG-L8TX_190312_01_F02	Astro
ADsum_NCF95_CGTGCACAGTTAGCCG-1	Astro
ADsum_NCF82_AGCTTGGTCTCACTCA-1	Astro
ADsum_NCF82_ACGAGTAAGGACACTT-1	Astro
AGCATACGTAAGCACG-L8TX_190312_01_C01	Astro
ADsum_NCF64_TTAGGAACAAGGAATC-1	Astro
ADsum_NCF95_ACATTGCAGGCCTTAG-1	Astro
ADsum_NCF71_TATGTGATCTTTGAGA-1	Astro
ADsum_NCF161_GTATTGTCAAGCTTTG-1	Astro
GCATGATAGACATAAC-L8TX_180221_01_C11	Astro
ADsum_NCF95_GTAGGATCAACCCTAA-1	Astro
ADsum_NCF140_TCAAGTATCCTTGCGT-1	Astro
TTGTAGGAGATCACGG-L8TX_190312_01_B02	Astro
TACTTGTTCATCGGAT-L8TX_180115_01_E08	Astro
ADsum_NCF216_TATGGTCAGCGCAATT-1	Astro
ACATACGCAAGCGCTC-L8TX_181011_01_B03	Astro
CCCTCCTGTTCCCGAG-L8TX_180712_01_B06	Astro
CGTTCTGTCGACCAGC-L8TX_181012_01_E05	Astro
ADsum_NCF340_GATTCGCCAGTTATGT-1	Astro
ADsum_NCF340_ACCACATAGTCAGGCC-1	Astro
AGAGCTTGTTGACGTT-L8TX_180115_01_D09	Astro
CATTATCAGGCACATG-L8TX_180406_01_E07	Astro
ADsum_NCF349_ACTCGCGCAATCATGT-1	Astro
GAACCTACATTAGCCA-L8TX_190312_01_E01	Astro
GCGCAACTCTTGTCAT-L8TX_180907_01_B12	Astro
TTGTAGGCATTAACCG-L8TX_181011_01_C03	Astro
ADsum_NCF140_CGGGACAAGCACAGAA-1	Astro
ADsum_NCF64_GGTAATTGTCATTGTC-1	Astro
ADsum_NCF349_CGTTAAATCCTGCGAA-1	Astro
CGACTTCGTGACTACT-L8TX_190312_01_D01	Astro
ADsum_NCF82_TGCTTCCAGTTACTTC-1	Astro
ADsum_NCF94_CCAGGAACATAAGGAC-1	Astro
GCACATAGTCAAAGAT-L8TX_180926_01_B01	Astro
ADsum_NCF340_ACCATTAAGTGAACGA-1	Astro
ADsum_NCF140_TGGAACAAGGGTCTAT-1	Astro
ADsum_NCF224_CCATCATGTTAGCATG-1	Astro
ADsum_NCF349_CCTCAAACACGTAAGG-1	Astro
CGAGAAGGTGAAATCA-L8TX_180406_01_H01	Astro
ADsum_NCF140_CTTGTAAAGCCTGATG-1	Astro
ADsum_NCF115_TATAGCCAGATAACCC-1	Astro
ADsum_NCF161_CCCTAATGTTGCTTCG-1	Astro
ADsum_NCF200_GCCTAATAGCTATATG-1	Astro
ADsum_NCF64_GCTTAACAGTGAGCAA-1	Astro
ADsum_NCF349_GAACCTGTCACACAGT-1	Astro
GGCAATTGTCGCATCG-L8TX_180406_01_B08	Astro
ADsum_NCF95_GATGGCTGTTGCACAA-1	Astro
GGCGACTCATGGATGG-L8TX_180221_01_E10	Astro
ADsum_NCF221_GTGTTCCTCGTTTCTG-1	Astro
ADsum_NCF115_TCAGTGAGTGTCCAGG-1	Astro
CTGAAGTTCTTAACCT-L8TX_180221_01_E12	Astro
ADsum_NCF221_GTCAGGCTCTTTAGGA-1	Astro
ADsum_NCF71_GCTCTGTTCCTTTACG-1	Astro
ADsum_NCF64_CCACAGGGTCCCGGAA-1	Astro
ADsum_NCF216_TCGCATTGTCATAAGT-1	Astro
GTACGTATCCTGCTTG-L8TX_171026_01_H04	Astro
ADsum_NCF115_AAGGATTAGGGCTTAT-1	Astro
GTCCTCACAATGTAAG-L8TX_181012_01_H04	Astro
ATCATGGCAGACGTAG-L8TX_180221_01_A11	Astro
ADsum_NCF349_CCTAGTTGTTGGCCGA-1	Astro
ADsum_NCF94_GTAGGTGCAAATACCT-1	Astro
TTAACTCCACAGCCCA-L8TX_180406_01_G02	Astro
TTCGAAGAGACTTTCG-L8TX_181011_01_C04	Astro
CAGCTAAGTAGCGTGA-L8TX_171026_01_G03	Astro
ADsum_NCF221_AGCTTTAAGCTCCTAC-1	Astro
ADsum_NCF340_AAAGCTTGTGAGCAAG-1	Astro
ATTGGTGTCGGAAACG-L8TX_180221_01_F11	Astro
ACATACGCATAGGATA-L8TX_180221_01_F12	Astro
TCACAAGAGTATCGAA-L8TX_181012_01_H04	Astro
ADsum_NCF160_ATAATGGCATTTGCTC-1	Astro
ADsum_NCF160_CATCCCAGTTGCACAA-1	Astro
ADsum_NCF115_AAACCGCGTCACACCC-1	Astro
ADsum_NCF82_CGCATATAGGATCACT-1	Astro
ADsum_NCF115_TACAAGCTCCTCCCTC-1	Astro
ADsum_NCF200_CCTGAATAGGCATGTT-1	Astro
CGAGCACCACGAAGCA-L8TX_171026_01_F03	Astro
ADsum_NCF216_GCCTTACTCCTCAGCT-1	Astro
ACGCCAGGTCCAACTA-L8TX_190312_01_G02	Astro
ADsum_NCF340_GCGAGTGAGCGAGCGA-1	Astro
TGCTACCAGGAGCGAG-L8TX_180406_01_D06	Astro
GACAGAGGTAAGTAGT-L8TX_180406_01_C06	Astro
ADsum_NCF216_CAACCCGCACCGTTCC-1	Astro
ADsum_NCF64_TTTATGGAGTTACCGG-1	Astro
ADsum_NCF95_AGTTGCAGTGCTCCGT-1	Astro
CACAGTAAGTACGCCC-L8TX_180406_01_F07	Astro
ADsum_NCF60_ACCAATATCGGTAACT-1	Astro
ADsum_NCF71_CAAAGGATCTACTAAG-1	Astro
ADsum_NCF95_TCCTCTAAGTAAACCC-1	Astro
CACACTCTCACTATTC-L8TX_180907_01_E11	Astro
ADsum_NCF95_TTAGCCTGTTAGGCGT-1	Astro
ADsum_NCF95_GCAGGCTTCTCACATT-1	Astro
ADsum_NCF349_GATGGCTGTTGAAGCC-1	Astro
ACTATCTCATCGGAAG-L8TX_180221_01_D11	Astro
GTTTCTAAGATAGTCA-L8TX_190312_01_C01	Astro
ADsum_NCF95_TTTAACGAGACAAAGT-1	Astro
ADsum_NCF71_GGCTGGTTCTTGATGA-1	Astro
ADsum_NCF221_CAAATCATCATGCTAA-1	Astro
TTCCCAGCACGTAAGG-L8TX_180406_01_B06	Astro
ADsum_NCF82_GTACTGGTCGCAGGCT-1	Astro
ADsum_NCF349_TTGGGCGGTATCTGGA-1	Astro
ADsum_NCF95_ATTAGTCCAGGCTTCG-1	Astro
ADsum_NCF200_TTAATCGAGTTATCCT-1	Astro
ADsum_NCF115_CGTAGCGGTTGAAGCC-1	Astro
TTAGTTCCACATAACC-L8TX_180115_01_F11	Astro
ADsum_NCF216_GAGGCTACAATAACGA-1	Astro
ADsum_NCF161_CTGGATGTCTTGATGA-1	Astro
ADsum_NCF160_TACTTCGTCAAGCTAC-1	Astro
ACCTTTAGTAGGGACT-L8TX_171026_01_F04	Astro
ADsum_NCF349_TTATCCTAGTGAGAGC-1	Astro
CCACCTAGTAAACACA-L8TX_180907_01_E11	Astro
ADsum_NCF94_CTAAGGTTCTTTAAGG-1	Astro
CATCCACGTCTGCCAG-L8TX_180712_01_A06	Astro
AGGGTGACACTCAGGC-L8TX_180221_01_D10	Astro
TACCTTATCTGTGCAA-L8TX_180406_01_F07	Astro
ADsum_NCF94_CCCTGGACACAGAACG-1	Astro
CTGATCCAGTGGGCTA-L8TX_171026_01_A04	Astro
ADsum_NCF60_TAACCAGGTTAGTGAT-1	Astro
TGAGGGAAGCGTCAAG-L8TX_180406_01_H02	Astro
ADsum_NCF200_CTGCTATGTACTGAAT-1	Astro
CAAGAAAAGATCTGAA-L8TX_190312_01_A02	Astro
GTGTTAGGTCACTGGC-L8TX_180221_01_F12	Astro
GATGCTAAGCTACCTA-L8TX_180907_01_A12	Astro
ADsum_NCF349_AAACGGATCAGCACGC-1	Astro
ADsum_NCF349_CAAACAACAGGCTAAG-1	Astro
ADsum_NCF340_GGCTAGACAATGCCTA-1	Astro
GTAGGCCTCGGTGTTA-L8TX_200625_02_G11	Astro
TACCTATAGGGTTCCC-L8TX_180406_01_G02	Astro
ADsum_NCF216_ACGAGTAAGTATGTGC-1	Astro
ADsum_NCF60_CGGTTATAGCCATCAG-1	Astro
ADsum_NCF221_TATCCGGAGGTAGCTT-1	Astro
ADsum_NCF140_GGGCAATAGGCCTTAG-1	Astro
ADsum_NCF216_ACCCAACCATAATCAC-1	Astro
ADsum_NCF221_AGGTTGCGTTTGGCGG-1	Astro
ADsum_NCF349_GCTAGCCAGATTGAGG-1	Astro
ADsum_NCF216_ATCCATAAGACAACAG-1	Astro
ADsum_NCF160_ATATGCTCATAGACCC-1	Astro
ADsum_NCF160_ACGCCTAAGGGATGAC-1	Astro
ADsum_NCF340_GAGGTACAGGCGCTAC-1	Astro
CTAGCCTGTGCCTTGG-L8TX_200625_02_F11	Astro
ADsum_NCF221_GTCCTCAGTCTAGCTT-1	Astro
ADsum_NCF64_GATTCATCATGAATAG-1	Astro
ADsum_NCF160_TGCAAGCGTTCCTCCT-1	Astro
TGACTAGTCAGCGACC-L8TX_190312_01_D01	Astro
ADsum_NCF160_CGATTGAGTGTAATAC-1	Astro
TACGGTACAATCGAAA-L8TX_190312_01_H02	Astro
ADsum_NCF115_GAGCCACTCCCGCAAA-1	Astro
ADsum_NCF64_CAAGTTATCCTGATGG-1	Astro
ADsum_NCF349_GGTTTAATCCAGGTCA-1	Astro
ADsum_NCF340_CCAACCCGTAACGAGG-1	Astro
ADsum_NCF160_GCGCTTAAGGTCCTGA-1	Astro
ADsum_NCF115_ATGCAAACAAGGCCAA-1	Astro
CCAGCGACACGTCAGC-L8TX_180907_01_G11	Astro
GCGCGATGTGGTCCGT-L8TX_171026_01_A04	Astro
ADsum_NCF140_AGTTTGCAGCTAAAGG-1	Astro
ADsum_NCF115_CTCGACAAGAGGCTAA-1	Astro
ADsum_NCF160_GACATAGAGGAACCGG-1	Astro
ADsum_NCF71_AAACGCGCATGAGTTT-1	Astro
TGTATTCGTGGGTATG-L8TX_180406_01_C06	Astro
ADsum_NCF115_CCTAATAAGGAATAAC-1	Astro
ADsum_NCF200_TTTGACTTCATTGACA-1	Astro
ADsum_NCF216_CAGCTATAGGCTAATC-1	Astro
ADsum_NCF71_CGCTGTGCAACCGCCA-1	Astro
ADsum_NCF60_GTAAGCGCAACCTGGT-1	Astro
ADsum_NCF115_TGTGCAAGTGGTGAGA-1	Astro
ADsum_NCF221_GATGGACAGTTATCCT-1	Astro
ADsum_NCF94_TTGTGCCTCTATCGCC-1	Astro
ADsum_NCF200_CACAAGCGTCCGTGAG-1	Astro
ADsum_NCF95_TGCTTGTGTTTGCTGT-1	Astro
CTCTGGTTCGTGGTCG-L8TX_190312_01_H02	Astro
ADsum_NCF224_GAGCATGCATTAGCCA-1	Astro
ADsum_NCF349_TTGCTTAGTGAGGTGA-1	Astro
ADsum_NCF340_ATTCAACCAGTTTGGC-1	Astro
GCACATATCATCGGAT-L8TX_180406_01_C02	Astro
ADsum_NCF71_CTTCAGGAGGTAAGGC-1	Astro
GGAACTTAGTGAATTG-L8TX_180907_01_G11	Astro
GCACTCTCAGCTCGAC-L8TX_180907_01_H11	Astro
ADsum_NCF71_CCTATTTAGGAGCAAC-1	Astro
ADsum_NCF221_GAGGCAAGTGTCACGG-1	Astro
GTAGTCACAGTCAGCC-L8TX_180221_01_E12	Astro
ADsum_NCF349_CCGCAAGGTTCCTGAT-1	Astro
ADsum_NCF160_CTGGTCAAGTAAAGGT-1	Astro
ADsum_NCF160_CTTGTTCCAGTAGGTG-1	Astro
AGCGTCGAGCCGCCTA-L8TX_180406_01_F06	Astro
ADsum_NCF115_CGCCACACAGCAGGTA-1	Astro
ADsum_NCF71_TTGTGCGAGCGCCTTT-1	Astro
ADsum_NCF95_GTACTGGTCGGTTTCC-1	Astro
ADsum_NCF115_AATGCAACAGGTCCTG-1	Astro
AGAGCTTGTTCAGTAC-L8TX_190312_01_F02	Astro
ADsum_NCF349_TGTGTTAAGCTGAGGG-1	Astro
ADsum_NCF71_GCTGTGATCAATCTAG-1	Astro
ADsum_NCF140_TTTCCACCACGGTACT-1	Astro
TGGTTAGTCCTCAACC-L8TX_190312_01_A03	Astro
ADsum_NCF216_CTAGCGGGTTCCGGGA-1	Astro
ADsum_NCF82_AAGTGAAGTACAAAGA-1	Astro
ADsum_NCF200_TGGCGGTTCCAAGTGT-1	Astro
ADsum_NCF349_TAGCGGCTCTTAATGG-1	Astro
ADsum_NCF160_TGTGCAAGTTGCGCGA-1	Astro
AGCTCCTGTGCAACGA-L8TX_171026_01_C05	Astro
ADsum_NCF71_AGACCCGGTAATCGTG-1	Astro
ADsum_NCF64_CCGGTAGGTTTAGCGA-1	Astro
ADsum_NCF221_GCCTTAACAGTTAAAG-1	Astro
ADsum_NCF216_TTAGGAACAAGTAAGC-1	Astro
ADsum_NCF160_CTGATCACACAACCTA-1	Astro
GCTCCTAGTAAATGTG-L8TX_180221_01_C11	Astro
ADsum_NCF95_CCGCAAATCAATACGC-1	Astro
ADsum_NCF160_GCCTTACTCTGGTCCT-1	Astro
ADsum_NCF224_AACGACAAGCCGCAGT-1	Astro
ADsum_NCF160_CTTAGTTTCAATGTCA-1	Astro
ADsum_NCF71_TATTCGTTCAGTATTG-1	Astro
ADsum_NCF349_TGCAGGCTCATTAGTG-1	Astro
ADsum_NCF60_AACGCCCAGGTAGCTT-1	Astro
TGAGAGGGTGGTACAG-L8TX_171026_01_F03	Astro
AGCGTATAGAGTTGGC-L8TX_180406_01_B07	Astro
CTGAAGTTCTGTCAAG-L8TX_180221_01_F12	Astro
ADsum_NCF64_GTTACGTAGGGTGAGT-1	Astro
ADsum_NCF340_GGAACAATCAAACCTA-1	Astro
ADsum_NCF224_GGTTGCATCAGGTTTA-1	Astro
ADsum_NCF82_ACTAATCCAAGCTTTG-1	Astro
ADsum_NCF140_AGACTATGTGTTAAAC-1	Astro
AAGACCTCAGCTGTTA-L8TX_180907_01_G11	Astro
ADsum_NCF160_TCGGTTACAATTGACT-1	Astro
ADsum_NCF349_ACGACAAAGGCTAAGA-1	Astro
CATTATCGTGTCCTCT-L8TX_180115_01_E11	Astro
GGAAAGCGTTGGTGGA-L8TX_171026_01_H05	Astro
ADsum_NCF216_CCGGTAGGTCAATGTG-1	Astro
ADsum_NCF115_CCATTGTGTAAGCTTG-1	Astro
ADsum_NCF64_CACGCTAAGTAGGCGG-1	Astro
ADsum_NCF200_TTTATGGAGGTTACAC-1	Astro
ADsum_NCF140_AACTAGTGTTTAGCTC-1	Astro
ADsum_NCF140_TCAGTAATCAGCATTA-1	Astro
ADsum_NCF200_ATGATGGAGTTTCCTG-1	Astro
GTCATTTCATGCTGGC-L8TX_190312_01_B01	Astro
ADsum_NCF340_CGGACAACAGGCATGA-1	Astro
ADsum_NCF349_TGCTCACTCGCTAGAT-1	Astro
ADsum_NCF160_TCTAGCCTCTAATTGG-1	Astro
TACGGATAGCTTTGGT-L8TX_180406_01_F06	Astro
ADsum_NCF95_CCCTGGACACCAGGTT-1	Astro
TCATTACCAAGTTCTG-L8TX_171026_01_G04	Astro
ADsum_NCF200_TTGCGAGTCGAGCTAT-1	Astro
ADsum_NCF82_GTGCCTTTCATAACTG-1	Astro
ADsum_NCF95_AGGCAATCAGGCATGA-1	Astro
GGACAGACATCTCCCA-L8TX_171026_01_G04	Astro
ADsum_NCF71_TCAGCCTTCTTGAGCG-1	Astro
ADsum_NCF221_GGCGTTATCAATAGCC-1	Astro
CTAACTTAGGCGCTCT-L8TX_180221_01_E11	Astro
ADsum_NCF216_CCCAATTGTGCACGCA-1	Astro
ADsum_NCF340_AACTAGTGTCTAGCTT-1	Astro
ADsum_NCF82_GTCCTCCCATGTGGGA-1	Astro
GAAACTCCACCAGCAC-L8TX_190312_01_C01	Astro
ADsum_NCF82_GGATACTTCCGGCTAA-1	Astro
ADsum_NCF71_TGCTTAAAGGAAGCTA-1	Astro
ADsum_NCF160_GCAAACCGTTAACACG-1	Astro
ADsum_NCF115_GGTAGGAGTTCCGCAC-1	Astro
ADsum_NCF221_GTTAAGCTCCATAAGC-1	Astro
ADsum_NCF160_ACGTACCCAATTAGCT-1	Astro
ADsum_NCF349_AGTTTGCAGGAACGGT-1	Astro
ATGTGTGGTTATTCTC-L8TX_180406_01_B07	Astro
GACTGCGAGATAGTCA-L8TX_190312_01_A03	Astro
CGTGTCTGTTGCCTCT-L8TX_180406_01_B08	Astro
GAACGGATCGCTGATA-L8TX_171120_01_G07	Astro
ADsum_NCF140_GTTCCTGGTCATGCAA-1	Astro
ADsum_NCF95_CGTTAGTAGGATCACT-1	Astro
AGACGTTGTCATACTG-L8TX_180221_01_A11	Astro
ADsum_NCF115_ATAATGGCATCCCTCA-1	Astro
GTGAAGGTCCTTTCGG-L8TX_190312_01_G02	Astro
CTACATTTCTTCGGTC-L8TX_180406_01_F01	Astro
ADsum_NCF221_GCAAACTTCTTGCTAT-1	Astro
ADsum_NCF160_TGCAGGCTCAATCATG-1	Astro
ADsum_NCF224_TACAGCTAGTTCCCGT-1	Astro
ADsum_NCF340_TTGTTGTTCCAAGTTA-1	Astro
ADsum_NCF216_TCTAACTTCTCAATTC-1	Astro
ADsum_NCF115_CTCTTGATCGTTTCGC-1	Astro
ADsum_NCF221_AGTGGACAGTATGTGC-1	Astro
ADsum_NCF140_ACTAACGGTGTTGCAA-1	Astro
GTCAAGTCAGGAATCG-L8TX_200625_02_E11	Astro
GTTCTCGCAGCCTTGG-L8TX_180926_01_C12	Astro
ADsum_NCF221_TTGACTAAGATAGACG-1	Astro
ADsum_NCF224_CTTGCGCGTGGAGCAA-1	Astro
ADsum_NCF140_AGAACAAGTTATAGCG-1	Astro
ADsum_NCF95_TGGGCCTAGTCCTGAG-1	Astro
ADsum_NCF349_CAACAATGTCCAAGAC-1	Astro
ADsum_NCF340_GACTCACCATGACTAT-1	Astro
ADsum_NCF216_TTGGGCGGTGTTAGCA-1	Astro
ADsum_NCF71_AGTATAGCAATAATGG-1	Astro
ADsum_NCF64_CGGTAACGTAATAACC-1	Astro
ADsum_NCF115_CTTGCGCGTATTGCAG-1	Astro
ADsum_NCF95_CCACAGGGTTGTTGTC-1	Astro
ACTATCTGTGCCTGGT-L8TX_180406_01_C01	Astro
ACGGCCAGTTGGGACA-L8TX_180115_01_E08	Astro
ADsum_NCF160_CGCCTGTGTTTACGTC-1	Astro
ADsum_NCF60_ATGTCATCAGCTAATT-1	Astro
ADsum_NCF349_GGTTGAGCAACACTTG-1	Astro
ADsum_NCF221_AATGTCCAGCTGTAAC-1	Astro
ADsum_NCF340_ACAGGTAAGCAAGACA-1	Astro
CATCGAAAGAGTGAGA-L8TX_171026_01_C05	Astro
ADsum_NCF349_CGCAAATTCATTGACA-1	Astro
ADsum_NCF340_TGGTGATTCTTGAGCG-1	Astro
ADsum_NCF64_GGGTTATTCAGGAAGC-1	Astro
AGCGGTCTCCTCTAGC-L8TX_180406_01_B08	Astro
ADsum_NCF161_TCAAGGAAGACAACAG-1	Astro
ADsum_NCF221_TTTCCGGGTGCATCGG-1	Astro
ADsum_NCF64_GGCTAGACAAATACCT-1	Astro
ADsum_NCF95_GTCATTAAGTATCGCG-1	Astro
TTGTAGGTCCAGAAGG-L8TX_180221_01_G10	Astro
ADsum_NCF140_CCGGTAGGTGGTTATG-1	Astro
GGACGTCAGCCGGTAA-L8TX_180926_01_E12	Astro
ADsum_NCF216_GGACCTCAGGCTGGCT-1	Astro
ATTGGACGTGGTCTCG-L8TX_180406_01_G02	Astro
AGAGCTTTCCGTTGCT-L8TX_180907_01_H11	Astro
ADsum_NCF200_GCCAACATCCCGTTGT-1	Astro
ADsum_NCF95_TCCATCATCCCATAAA-1	Astro
ADsum_NCF349_CCTTCAATCATTAGTG-1	Astro
ADsum_NCF140_AAGGAAGCAATTAGGA-1	Astro
ADsum_NCF349_CTTACCGGTGCAATGC-1	Astro
ADsum_NCF160_AAAGGTTAGCTCGCTT-1	Astro
TGGGAAGGTTCCGGCA-L8TX_180115_01_F11	Astro
ADsum_NCF340_AATGAAGGTAACGGGA-1	Astro
ADsum_NCF221_ATCACCCTCCTGAATA-1	Astro
ACATACGAGAGCTTCT-L8TX_190312_01_C01	Astro
ADsum_NCF161_AGTGCGGAGGAGGGTT-1	Astro
ADsum_NCF161_AAGTAGCCATAAGTTC-1	Astro
TTGTAGGAGCACAGGT-L8TX_171026_01_D05	Astro
ADsum_NCF221_GTGCTGGGTTAATGAC-1	Astro
ADsum_NCF349_CTAGGCGGTTGCATCT-1	Astro
TCACGAACACGAAAGC-L8TX_190312_01_C02	Astro
ADsum_NCF115_TCGACAAGTCGCATAA-1	Astro
ADsum_NCF64_CAACAGGCAATATACC-1	Astro
ADsum_NCF71_TTGCACACAGGAAGCC-1	Astro
ADsum_NCF349_CGCATTTGTTATCCTA-1	Astro
ADsum_NCF115_TCATAACCAGCATGAG-1	Astro
ADsum_NCF200_CAGGACACATCCCGCT-1	Astro
ADsum_NCF95_CCTAAGCCATGAAATG-1	Astro
ADsum_NCF349_CTTTCTTGTCAACAAT-1	Astro
TAAGCGTGTATCACCA-L8TX_171026_01_F05	Astro
ADsum_NCF216_TGTGCAAGTCACAGCG-1	Astro
ADsum_NCF115_TATATCCTCTCACATT-1	Astro
GATCTAGAGAGCTATA-L8TX_180406_01_B07	Astro
ADsum_NCF60_ATGGTGCGTTTAGCGA-1	Astro
TTGAACGCAAGCCATT-L8TX_180221_01_E12	Astro
ADsum_NCF340_TTTCTCACAGGCTGTT-1	Astro
ADsum_NCF349_GGCTATTAGCACAGGG-1	Astro
CTTACCGCAAATCCGT-L8TX_180115_01_H11	Astro
TCATTACTCCGTCATC-L8TX_190312_01_G01	Astro
ADsum_NCF60_GAAAGGCTCGCACACA-1	Astro
ADsum_NCF82_GGCTGGTTCCTCATCA-1	Astro
GGAACTTCAGTATAAG-L8TX_180406_01_D07	Astro
ADsum_NCF340_TGGCTATAGCACCACA-1	Astro
ADsum_NCF160_ACAGGATCAAACCTAT-1	Astro
ADsum_NCF71_GAACTTATCATGCTCC-1	Astro
ADsum_NCF216_AGCAGGTAGTAAAGGT-1	Astro
ADsum_NCF340_TGACTCCTCTTGTCCA-1	Astro
ADsum_NCF340_ATCTATGAGCATGCAT-1	Astro
TAGCCGGAGATATGCA-L8TX_190312_01_H01	Astro
ADsum_NCF216_GATTACGGTTGGCCGA-1	Astro
ADsum_NCF140_AATCATCCAAGGATTA-1	Astro
CCCAGTTCAGGACCCT-L8TX_180115_01_F10	Astro
CTAACTTCAATGTAAG-L8TX_190312_01_G01	Astro
CCTAGCTAGGCACATG-L8TX_180221_01_B11	Astro
ADsum_NCF115_TAGGTGCGTGAGGTGA-1	Astro
ATTCTACTCAGTCCCT-L8TX_190312_01_E01	Astro
ADsum_NCF221_GTCGAAGCACTCGCTC-1	Astro
ADsum_NCF160_CAGTATGGTGGGTACT-1	Astro
ADsum_NCF349_GTTAGACTCGTGCTTC-1	Astro
GGACATTCAGACACTT-L8TX_180406_01_C01	Astro
GTGCATATCCGTAGGC-L8TX_181011_01_H03	Astro
ADsum_NCF340_ACGACTTAGTTTAACG-1	Astro
ADsum_NCF161_TAGGCTAGTGAACAAA-1	Astro
ATCATCTCACCTATCC-L8TX_181011_01_H03	Astro
ADsum_NCF71_AATGAAGGTTGGTTGA-1	Astro
ADsum_NCF200_TTGGATTCAGCAAGTG-1	Astro
ADsum_NCF115_TTACAGCAGCTCAATA-1	Astro
AAGCCGCTCAGGATCT-L8TX_180221_01_F12	Astro
ADsum_NCF95_AGCAGGTAGGTGAAAT-1	Astro
CACTCCACAAAGTGCG-L8TX_180406_01_E06	Astro
ADsum_NCF95_GTTTGTAAGAGAGGAG-1	Astro
CAACCAACAGGGTATG-L8TX_180221_01_D09	Astro
ADsum_NCF160_CGTGAGGAGTTGGCCA-1	Astro
TATGCCCAGCTTATCG-L8TX_190312_01_F01	Astro
ADsum_NCF95_AATAACCGTGATTACG-1	Astro
ADsum_NCF160_TGCCATTGTCGTAAAT-1	Astro
ADsum_NCF200_GACTTAGGTCCTAATC-1	Astro
ADsum_NCF64_CCAGACTCAAGCTACC-1	Astro
ADsum_NCF224_TACGGTTAGCTTACTT-1	Astro
AGTGGGATCGGCATCG-L8TX_180406_01_B08	Astro
ADsum_NCF71_GAGATAAGTGGAAGGC-1	Astro
GCAGTTAGTCGAATCT-L8TX_180221_01_A10	Astro
ATCCGAACATACCATG-L8TX_171026_01_C05	Astro
GCAGCCACAGCCAATT-L8TX_180406_01_F06	Astro
ADsum_NCF349_AAGGTCAAGGACACTT-1	Astro
ADsum_NCF95_CATAGCTAGGCTATGT-1	Astro
AGCGGTCCATTCACTT-L8TX_180406_01_F06	Astro
ADsum_NCF216_CAGCCTTTCTAACTGA-1	Astro
ADsum_NCF60_ATCAGGTTCTGCAACG-1	Astro
ADsum_NCF340_CAATATGTCTACTAAG-1	Astro
ADsum_NCF216_GAAGCCTGTTCCATTA-1	Astro
ADsum_NCF349_TGGTCAGTCCTAAGGT-1	Astro
TGGTTCCAGCGCTCCA-L8TX_180907_01_H11	Astro
ADsum_NCF349_ACTTACAAGCTGTAAC-1	Astro
AGCTCCTAGCCAACAG-L8TX_171026_01_H05	Astro
ADsum_NCF115_GATTATGTCTCTAGCC-1	Astro
ADsum_NCF349_CATAACGGTCGTTATC-1	Astro
CCGGGATCATCAGTCA-L8TX_171026_01_E05	Astro
ATGTGTGCACTTCGAA-L8TX_180221_01_C11	Astro
ADsum_NCF71_GGTTCCCGTCACAGAC-1	Astro
ADsum_NCF200_GCATGAGCATCCTAGA-1	Astro
TTGACTTCACTTACGA-L8TX_180221_01_F12	Astro
TAGTGGTGTGGCGAAT-L8TX_180221_01_B10	Astro
ADsum_NCF224_CTCGTTATCGTTACTT-1	Astro
CACACAAAGCGGATCA-L8TX_180406_01_E06	Astro
ADsum_NCF160_ATTGTCCGTGTGAGGA-1	Astro
AGCGGTCAGGGTATCG-L8TX_180115_01_H11	Astro
ADsum_NCF95_CGGGCTTAGTAAGAAC-1	Astro
CCTTTCTGTTTAGCTG-L8TX_171026_01_A04	Astro
GCGCCAAGTCACAAGG-L8TX_181012_01_E05	Astro
ADsum_NCF160_GCTAAGAAGGCAAGTA-1	Astro
ADsum_NCF71_GCAGGAAGTTAGAGCC-1	Astro
ADsum_NCF340_CTTCAGGAGAGCAAGC-1	Astro
ADsum_NCF200_GAACCAAAGATGGAGC-1	Astro
ADsum_NCF349_AATGCAACAAGCGATG-1	Astro
CGCTATCAGAGTGAGA-L8TX_171026_01_E05	Astro
ADsum_NCF140_GACGCCTAGTTTGAGC-1	Astro
ADsum_NCF95_ACTAACTCAGGACACA-1	Astro
ADsum_NCF349_GTCGAGGAGCCTAATA-1	Astro
TGGCGCAAGTGTTAGA-L8TX_190312_01_D02	Astro
ADsum_NCF115_TTGCTTTAGTGACCTG-1	Astro
ADsum_NCF216_AGCTAGTTCCTGGCTT-1	Astro
TTGGCAACATATGAGA-L8TX_171026_01_H04	Astro
ADsum_NCF200_CATATCGCATTAAGCT-1	Astro
ADsum_NCF224_CCTAAAGGTGGTTCCC-1	Astro
ADsum_NCF140_CGTGTGTCAGCAGGTA-1	Astro
ADsum_NCF115_TCTATGTTCGGTTTGG-1	Astro
GAAACTCGTTCAGGCC-L8TX_180907_01_F11	Astro
CTCGTCACATACTACG-L8TX_171026_01_G04	Astro
ADsum_NCF60_CGTCCTAGTACTGATG-1	Astro
ADsum_NCF216_CTTTGGGAGCTAAGTC-1	Astro
ADsum_NCF140_AGTAACACACAGCCTG-1	Astro
ATCATGGGTCATTAGC-L8TX_180406_01_C02	Astro
ADsum_NCF71_CTTTGAGCAGCCTAAC-1	Astro
ADsum_NCF115_TTTGCGGAGGAAGCTA-1	Astro
CCCTCCTAGAGGTACC-L8TX_180406_01_C08	Astro
CTACACCCATAGAAAC-L8TX_180221_01_F10	Astro
ADsum_NCF95_GTTACCTGTTTGAGCA-1	Astro
ADsum_NCF60_GAGGTGAGTATTTGGG-1	Astro
ADsum_NCF115_TACCTCATCCGGAACC-1	Astro
ADsum_NCF160_GTAAAGCCAGCAATAA-1	Astro
ADsum_NCF349_CTACCTCAGGAAGTAT-1	Astro
ADsum_NCF221_CGGGTCTAGTAAGTCC-1	Astro
CGTGTCTTCTGCTGCT-L8TX_180907_01_G11	Astro
ADsum_NCF115_GCAATAGAGGGTGGAT-1	Astro
ADsum_NCF95_CTCCTAATCAGCCAAT-1	Astro
ADsum_NCF221_TTCATCCCACTGGCCA-1	Astro
ADsum_NCF340_CGTTAGGTCATGCTCC-1	Astro
ADsum_NCF115_ATTAGTCCAAACGGGC-1	Astro
ADsum_NCF221_TCTCGCCCAATTGCGC-1	Astro
ADsum_NCF95_CGATGTCCATGTCAGC-1	Astro
CATCAAGGTGACCAAG-L8TX_180907_01_H11	Astro
ADsum_NCF349_TTATCCTAGTTGTCAA-1	Astro
ADsum_NCF340_TGCGGTTCATCACTTC-1	Astro
ADsum_NCF115_GTAGTTATCATAAGCC-1	Astro
ADsum_NCF160_TAGTAACGTAATTAGC-1	Astro
ADsum_NCF224_GCAGCTATCGGTTTGG-1	Astro
ADsum_NCF95_GCAATGTTCCAGGTCA-1	Astro
ADsum_NCF161_AATCCCTGTTGAGCCG-1	Astro
GCGCCAATCCTCTAGC-L8TX_180221_01_F10	Astro
ADsum_NCF115_AAGACATAGAAACTGG-1	Astro
AGCGTATTCTACCTGC-L8TX_181011_01_G02	Astro
CGCGTTTTCAGCAACT-L8TX_180115_01_C09	Astro
ACGCCAGCAGTCTTCC-L8TX_181011_01_B03	Astro
CGATGGCTCACAACGT-L8TX_190312_01_F02	Astro
ADsum_NCF349_GATCCGTCATTTGCTC-1	Astro
ADsum_NCF224_ATGCATTCAATCCCTT-1	Astro
ADsum_NCF224_TTGTTGTTCCGTTAAA-1	Astro
ADsum_NCF64_CGTCAATAGGTCAAAG-1	Astro
GCATGCGAGGGTCGAT-L8TX_171026_01_B04	Astro
ADsum_NCF60_TATCGCGAGGTCGAGG-1	Astro
ADsum_NCF140_CAGCTATAGCCGCTTT-1	Astro
ADsum_NCF64_GCAATGAAGGAAGTAT-1	Astro
TCGCGTTGTACGCACC-L8TX_180221_01_D11	Astro
ADsum_NCF140_TCGGTAAGTATTGGAT-1	Astro
ADsum_NCF224_TATGACATCGTAATCA-1	Astro
ADsum_NCF60_GGTGATTTCCCTCATA-1	Astro
ADsum_NCF349_ACCTTGCTCTAGCGTG-1	Astro
ADsum_NCF160_CCAAGGCTCATCAGTA-1	Astro
TAAACCGCACGTGAGA-L8TX_171026_01_C05	Astro
ADsum_NCF224_AAGTGAAGTGCGCGTA-1	Astro
ADsum_NCF71_CCCAAATAGGAGTCTT-1	Astro
ADsum_NCF115_AGCAATACAAACGCGA-1	Astro
ADsum_NCF349_TGTCATAAGACAAACG-1	Astro
ADsum_NCF221_GGCTAGTGTCATCAAG-1	Astro
TGAGAGGGTAGGCATG-L8TX_180907_01_A12	Astro
CCCATACGTCACACGC-L8TX_180926_01_C12	Astro
CACATAGTCTACTTAC-L8TX_180221_01_C10	Astro
ADsum_NCF95_GGTTCCCGTCTTGCAT-1	Astro
ADsum_NCF221_GCAGGTGAGGATTTGC-1	Astro
TAGCCGGTCCTCTAGC-L8TX_171026_01_H04	Astro
CCCTCCTAGGCACATG-L8TX_181011_01_B03	Astro
ADsum_NCF82_CTGTGTGAGGCGCTTA-1	Astro
CACATAGTCGGAATCT-L8TX_190312_01_G01	Astro
TGACAACTCTCTTATG-L8TX_180221_01_E12	Astro
ADsum_NCF115_TTGGAGGCAGAGGGAG-1	Astro
ADsum_NCF64_CGCACACAGGGATGAC-1	Astro
ADsum_NCF340_AGCGTGCTCATAAGCC-1	Astro
ADsum_NCF349_CAATCGCCAAACCTTG-1	Astro
ADsum_NCF115_ATCCCGCGTGGACATC-1	Astro
ADsum_NCF349_GAACACAAGTTAACCA-1	Astro
TTTGTCATCTCAAGTG-L8TX_190312_01_A02	Astro
CGGTTAATCGGAAATA-L8TX_180115_01_E08	Astro
GGACAGAGTGGGTATG-L8TX_190312_01_B01	Astro
AGAGCTTGTAATTGGA-L8TX_180607_01_C05	Astro
ADsum_NCF140_TCGTAATCATGATTGT-1	Astro
ATTACTCAGGAGTACC-L8TX_190312_01_D01	Astro
ADsum_NCF224_AAACCGGCATAGCGGA-1	Astro
ADsum_NCF340_GATCACTAGCGCCTAA-1	Astro
ADsum_NCF140_TACCAGGTCCTCAGCT-1	Astro
ADsum_NCF95_GCCTTTGGTGACATAT-1	Astro
ADsum_NCF140_GCGAGTGAGGAACGGT-1	Astro
TTTATGCCAAGGTTCT-L8TX_171120_01_E07	Astro
CTCATTAAGACACTAA-L8TX_180406_01_F06	Astro
ADsum_NCF140_CTAACCCTCATGCCTC-1	Astro
CTTTGCGGTAAATGTG-L8TX_171026_01_F04	Astro
TGACAACGTACTTAGC-L8TX_171026_01_G04	Astro
TTGGCAAAGAGAGCTC-L8TX_180907_01_G11	Astro
ADsum_NCF216_TTAGTCAAGTCACCAG-1	Astro
ADsum_NCF349_CAGCATGTCAGCAAGA-1	Astro
ADsum_NCF221_GCCATGATCCTGGTGA-1	Astro
ADsum_NCF340_CGGTTATAGTAACGAG-1	Astro
ADsum_NCF161_AACATAGCATAATTGC-1	Astro
ADsum_NCF160_ATTCCGGAGCCTGATG-1	Astro
ADsum_NCF224_GGTAAGGGTGGGAACA-1	Astro
ADsum_NCF82_GCACATTAGTATTGTG-1	Astro
GTCCTCACACTGTTAG-L8TX_181011_01_B03	Astro
ADsum_NCF221_GAAGTAAGTTTGGCTT-1	Astro
ADsum_NCF64_CTAGCTTGTCATTACC-1	Astro
ADsum_NCF340_TTTGTTGGTTGCACAA-1	Astro
CGGGTCAGTCGATTGT-L8TX_190312_01_H01	Astro
ADsum_NCF115_GTTGCGGGTCTTACTA-1	Astro
TAGACCAAGACTAGAT-L8TX_180115_01_E10	Astro
TCAGATGTCAGAGACG-L8TX_180221_01_D10	Astro
ADsum_NCF140_CTAAGTCAGGCGTAAA-1	Astro
ADsum_NCF200_TAGCATATCGGTAACT-1	Astro
CTCGTCAGTATGGTTC-L8TX_190312_01_A02	Astro
AAATGCCCAAATTGCC-L8TX_180406_01_B06	Astro
ADsum_NCF115_TAGGCTAGTCGTTATC-1	Astro
TGGCGCAGTCGCCATG-L8TX_180115_01_E10	Astro
ADsum_NCF160_GCGTGCTAGGTTAGAG-1	Astro
ADsum_NCF221_TCTAGCACACAAACTT-1	Astro
CAACCTCGTGTTGGGA-L8TX_180406_01_B07	Astro
ADsum_NCF221_CTCCCTGAGAGGGACT-1	Astro
GTTCATTAGCTCCCAG-L8TX_180115_01_C11	Astro
ADsum_NCF200_GCGCTAGGTTACATCC-1	Astro
GTCGTAAAGGTGACCA-L8TX_171026_01_F04	Astro
ADsum_NCF160_GGATTCAGTTCACCAT-1	Astro
ADsum_NCF340_AAGGATTAGCATTTCT-1	Astro
ADsum_NCF224_TGAACAGAGCACGATT-1	Astro
ADsum_NCF161_TGAACAACAGTAGGAT-1	Astro
ADsum_NCF216_TGTGGCCAGACTTATG-1	Astro
CCAATCCCATACTACG-L8TX_180406_01_C01	Astro
CCCTCCTAGTGAACGC-L8TX_180406_01_H01	Astro
ADsum_NCF115_CATGAGGCAAGGTCCT-1	Astro
ADsum_NCF64_ACGCACGGTGCTCACC-1	Astro
ADsum_NCF60_GCGAAGCCAGAGGCTA-1	Astro
ADsum_NCF349_TAAAGCCTCTGGCATG-1	Astro
CGTCACTCATGACATC-L8TX_171026_01_A05	Astro
GCTGGGTTCCCATTAT-L8TX_180221_01_C09	Astro
GATGCTAAGGCATGTG-L8TX_180406_01_D06	Astro
CCTTCCCGTACAGACG-L8TX_180406_01_D07	Astro
ADsum_NCF349_GTCTTGCTCCTAAGAC-1	Astro
ADsum_NCF71_TAGCGGACACACAATT-1	Astro
ADsum_NCF340_GTTAGACTCATTAGTG-1	Astro
ADsum_NCF349_GTTGCCCGTGAGGTAG-1	Astro
ADsum_NCF64_GCCAGGAAGTTTGAGC-1	Astro
ADsum_NCF221_CATAGTCAGGTCCAAT-1	Astro
ADsum_NCF340_GTTACCTGTCATCAAG-1	Astro
ADsum_NCF115_CTAAATGTCATTGTCT-1	Astro
ADsum_NCF221_TTACCTGTCATGGCCA-1	Astro
ADsum_NCF140_TTTACGAAGCATTAGC-1	Astro
ADsum_NCF340_AGCATTTCATTATGGT-1	Astro
ACGGGTCCACGTGAGA-L8TX_180115_01_F09	Astro
ADsum_NCF140_GTGTGAGCATGGCCCA-1	Astro
ADsum_NCF224_GGCTAGTGTGTTGCAA-1	Astro
ADsum_NCF82_ATGGTCTAGTTCCTGC-1	Astro
TAGACCACAAAGCAAT-L8TX_180221_01_G12	Astro
ADsum_NCF200_GGACTAAAGTAAACCC-1	Astro
ADsum_NCF216_CGCCACACACAGGGAC-1	Astro
ADsum_NCF60_TGGCCAATCAAGGACA-1	Astro
GATGCTACATGTAGTC-L8TX_180115_01_E11	Astro
TACTCATAGCCAGGAT-L8TX_180221_01_E12	Astro
ADsum_NCF60_TTAGCAGGTTACCGGG-1	Astro
ADsum_NCF224_GTATTCAAGTTACTTC-1	Astro
TTTGTCATCATGTAGC-L8TX_180221_01_E12	Astro
ADsum_NCF82_GGATTGCGTGGATGTC-1	Astro
ADsum_NCF95_CCGCAAGGTCACAGAC-1	Astro
ADsum_NCF115_CTTCAGGAGCTCCCTG-1	Astro
ADsum_NCF349_AGACACGCATGGTTAT-1	Astro
ADsum_NCF349_TGAGTTTCAATGAATG-1	Astro
ADsum_NCF140_AAGGAAGCACAAAGGT-1	Astro
GGCAATTTCACTTACT-L8TX_190312_01_H01	Astro
ADsum_NCF95_AAGGATCCAAGCTAAA-1	Astro
CGTCACTTCACAAACC-L8TX_181011_01_A03	Astro
CTCGGAGTCCAGATCA-L8TX_180907_01_E11	Astro
ADsum_NCF160_GTTGCATAGACAGGTA-1	Astro
CTGTTTATCTGCCAGG-L8TX_190312_01_G02	Astro
GCCTCTAAGGTACTCT-L8TX_180115_01_A11	Astro
ADsum_NCF200_AAGCAAGTCCAAACAC-1	Astro
ADsum_NCF71_GTTTCCTCAGGTTCAC-1	Astro
ADsum_NCF340_TAAGGCTTCAAGGACA-1	Astro
ADsum_NCF340_GGATTCAGTTGCAATG-1	Astro
AGGGTGATCGGACAAG-L8TX_180406_01_F06	Astro
GCTTCCACATACGCCG-L8TX_180406_01_D07	Astro
ADsum_NCF60_CGTTTCTCATTGTGAT-1	Astro
ADsum_NCF95_ATGGCCCAGTGAGGGT-1	Astro
ADsum_NCF221_CACCAACCAACACCTA-1	Astro
GTGTTAGAGAGCTGCA-L8TX_180221_01_F11	Astro
CCATTCGTCGCAAACT-L8TX_180406_01_D02	Astro
ADsum_NCF349_CCACTTGGTTTGGGTA-1	Astro
ADsum_NCF216_CCCTTAATCGACCTGA-1	Astro
GGGACCTAGGTCATCT-L8TX_180406_01_H01	Astro
ADsum_NCF115_GACACCGGTAGTCAAT-1	Astro
ADsum_NCF160_TGGACGGAGGCGAATA-1	Astro
CGGACTGTCTGAGTGT-L8TX_180907_01_A12	Astro
ADsum_NCF340_GGCATTAGTTTAACGG-1	Astro
ADsum_NCF140_TCAGCGATCCTGGTCT-1	Astro
GTGGGTCGTTACTGAC-L8TX_180115_01_A11	Astro
TCAGGATGTTCCTCCA-L8TX_171026_01_H04	Astro
ADsum_NCF115_AACTACTCATCTTGAG-1	Astro
ADsum_NCF349_TTTGTCTAGGTTTGAC-1	Astro
ADsum_NCF160_GTTCTCATCATGAAGG-1	Astro
CGGGTCAAGTATGACA-L8TX_180221_01_E12	Astro
GGTGAAGCACAGCCCA-L8TX_180907_01_H11	Astro
ADsum_NCF161_TTAGCGGTCTAGCTAA-1	Astro
TCAGGTAAGGCATGGT-L8TX_190312_01_F02	Astro
CACCACTTCTCTGAGA-L8TX_190312_01_F01	Astro
ADsum_NCF221_GTCGGTTCATGGCCTG-1	Astro
ADsum_NCF115_ACATCATCACTTGTTC-1	Astro
ADsum_NCF200_CGCATGATCAATTACG-1	Astro
ADsum_NCF224_CTGGTAAGTTTGGGTA-1	Astro
CGTGTCTAGACTAGAT-L8TX_180712_01_C06	Astro
ADsum_NCF349_ACCAGCTCAATGCGCT-1	Astro
GTTCTCGGTCGTCTTC-L8TX_180406_01_B08	Astro
ADsum_NCF340_AGGTACGCACAGACTC-1	Astro
GGGTTGCTCAAACAAG-L8TX_180115_01_B11	Astro
ADsum_NCF140_ACCGAAGCATTGTTGG-1	Astro
GCTGGGTGTGAAGGCT-L8TX_180115_01_H10	Astro
ADsum_NCF115_TCCATTGTCGCTATAA-1	Astro
TACGGTACAAACCTAC-L8TX_180406_01_G07	Astro
ADsum_NCF200_GAGTATCTCACAGGAA-1	Astro
ADsum_NCF340_CCTCCTGAGCTTAGCG-1	Astro
ADsum_NCF115_ATGCATTCATTGCGTA-1	Astro
ADsum_NCF64_CGGTTGGGTTTGACCT-1	Astro
ADsum_NCF64_AATTGACGTAAGTCGC-1	Astro
GTGCGGTTCTTTACAC-L8TX_180115_01_E10	Astro
ADsum_NCF160_GAGTATCTCAATGTCA-1	Astro
ADsum_NCF115_TATGGATGTTCCTGAT-1	Astro
ADsum_NCF140_CGGTTTCTCTAGCTAA-1	Astro
CGCTTCAAGAGAGCTC-L8TX_180406_01_B06	Astro
AGGGATGCACAACTGT-L8TX_171026_01_C05	Astro
CGTGAGCAGAAGGCCT-L8TX_171026_01_H04	Astro
CACATAGAGAAACGCC-L8TX_171120_01_C07	Astro
ADsum_NCF221_GTTCCTTCAATTAGCT-1	Astro
ADsum_NCF340_AGCATCCCACAGCCAT-1	Astro
ADsum_NCF161_CCTACTGGTGGATTCA-1	Astro
ADsum_NCF224_ATGGTCTAGGAGTCTT-1	Astro
TGCTACCTCCCAAGTA-L8TX_180115_01_F10	Astro
GGGCACTCACCAGGTC-L8TX_180607_01_C05	Astro
ADsum_NCF349_GTCTATCGTAATTAGC-1	Astro
GCAAACTGTACCTACA-L8TX_180907_01_B12	Astro
ADsum_NCF160_TGGTCCTTCGCACACA-1	Astro
CGAGAAGTCAGTTAGC-L8TX_180406_01_F07	Astro
ADsum_NCF340_ATCACTAAGTCAATCA-1	Astro
ADsum_NCF161_GGAACCACAACTAGCC-1	Astro
CCGTACTAGCGATCCC-L8TX_180406_01_D02	Astro
ADsum_NCF115_TTGTCCATCCGTGACA-1	Astro
CATCGAACATTGTGCA-L8TX_180926_01_E01	Astro
ACACCCTGTGCCTGTG-L8TX_190312_01_A02	Astro
ADsum_NCF95_CATGCATAGACAAACG-1	Astro
ADsum_NCF64_GATTCAATCAGGTTTA-1	Astro
ADsum_NCF349_CTCGCTCCATCGCTCC-1	Astro
ADsum_NCF160_GCTGGATGTCCTTAGT-1	Astro
TTCGAAGGTACAGTTC-L8TX_190312_01_E01	Astro
ADsum_NCF95_CGTGCTTTCAGTTCCC-1	Astro
ADsum_NCF340_AAGTCTATCGCACACA-1	Astro
ADsum_NCF160_AACAAAGGTGGGTGAA-1	Astro
ADsum_NCF349_TGAGGAGGTAAATTGC-1	Astro
ADsum_NCF64_GCAAGTGCAAGTGTTT-1	Astro
ADsum_NCF140_GTAAGCGCAGGCCTTG-1	Astro
ADsum_NCF221_GTAGCTGTCACAAGCT-1	Astro
GACGGCTGTTGAGGTG-L8TX_180926_01_E01	Astro
ADsum_NCF95_CCCAGTTTCGAGGTGG-1	Astro
ADsum_NCF340_TTCATCCCAGTTTGTG-1	Astro
ADsum_NCF140_AACCCGCAGCATGACT-1	Astro
ADsum_NCF161_ATCCTGACAAGACTCC-1	Astro
CAGATCACACACATGT-L8TX_180221_01_H12	Astro
ADsum_NCF349_CAGGACCTCATGAAGG-1	Astro
TGCGGGTTCATTATCC-L8TX_180221_01_F12	Astro
ADsum_NCF349_TACGTAATCCTAGTAA-1	Astro
ADsum_NCF221_TCATTGCGTTACTTCA-1	Astro
ADsum_NCF349_GACTATTCACAAAGAC-1	Astro
ADsum_NCF200_GCTTTATTCCTGCGAA-1	Astro
GGTATTGGTTTGACTG-L8TX_190312_01_B01	Astro
ADsum_NCF349_CGCTGTGCAGGTTCAC-1	Astro
ADsum_NCF221_CGCTTGCGTCGCAATA-1	Astro
GTCGGGTTCAGGCGAA-L8TX_180221_01_G12	Astro
ADsum_NCF349_TTGTCCGGTCCCGGAA-1	Astro
ADsum_NCF200_AGTACGCGTTAGCGTA-1	Astro
CCTAGCTTCCTTCAAT-L8TX_181011_01_A03	Astro
AAGGAGCGTGCGAAAC-L8TX_200625_02_E11	Astro
ADsum_NCF200_GATGGCTGTGTTTGTC-1	Astro
ADsum_NCF340_TTCAGCACACTAAGAA-1	Astro
ADsum_NCF340_GCAAACTTCCTACCTA-1	Astro
CAGGTGCCAAGGTTCT-L8TX_180907_01_H11	Astro
TCGTACCAGTACTTGC-L8TX_180406_01_C06	Astro
ADsum_NCF349_GTTTCTAGTTACTAGG-1	Astro
ADsum_NCF216_GGTCCTGCAATGCCCG-1	Astro
CATTATCGTCATACTG-L8TX_180406_01_F06	Astro
ADsum_NCF221_CCGCTAAAGCACCACA-1	Astro
ADsum_NCF71_AGCACTAGTTTGCAGA-1	Astro
ADsum_NCF216_TTGGGTTAGGAGGACT-1	Astro
ACCAGTATCTACGAGT-L8TX_180406_01_D02	Astro
CAGCTGGAGTACGTTC-L8TX_190312_01_D01	Astro
ADsum_NCF340_CTGGTAAGTAGGATTT-1	Astro
AGCGTATAGGCCCTTG-L8TX_171026_01_F05	Astro
GTGTTAGAGTCGATAA-L8TX_180406_01_F06	Astro
ADsum_NCF140_AAACCGAAGTGCACGC-1	Astro
TCAATCTAGTTACGGG-L8TX_180406_01_F01	Astro
ADsum_NCF349_TACATCAAGTAAACCC-1	Astro
ADsum_NCF200_ACAGGTAAGCTATTAG-1	Astro
ADsum_NCF161_TTCAGTTTCGCTCCAT-1	Astro
ADsum_NCF161_TAGCATATCCGCACAA-1	Astro
ADsum_NCF216_ACTTGTCGTTCACTGT-1	Astro
AACTCAGGTATAGGTA-L8TX_180406_01_B06	Astro
ADsum_NCF140_TTAAGTGTCCCGTTTA-1	Astro
ADsum_NCF160_GTGAGCGAGTCTTGAA-1	Astro
ADsum_NCF115_ATGTGAGAGGCCTTAG-1	Astro
ADsum_NCF349_CTAGTCGAGCTATTGA-1	Astro
ADsum_NCF161_CGAAGGCCAATGAAGC-1	Astro
ADsum_NCF340_CAATCTAAGACAAGTG-1	Astro
CATCGAACAAGTCATC-L8TX_181011_01_B03	Astro
ADsum_NCF115_GCTTAAATCAAAGGCA-1	Astro
CCTATTACACTCTGTC-L8TX_180221_01_G10	Astro
ADsum_NCF224_ATTGAAGCACCTGCCT-1	Astro
ACACCAAAGCTTATCG-L8TX_180406_01_F01	Astro
ADsum_NCF340_GTGAATCTCCAAATCA-1	Astro
TACTTGTTCCAACCAA-L8TX_180221_01_G10	Astro
TTTGCGCCATCACCCT-L8TX_180926_01_B01	Astro
ADsum_NCF82_CTCACACTCTGTGCAG-1	Astro
CAGAGAGTCCCAAGTA-L8TX_180221_01_F12	Astro
CCTACCACACCAGCAC-L8TX_200625_02_E11	Astro
ADsum_NCF349_TGTGTGAGTGAGCACT-1	Astro
ADsum_NCF160_TATGACTCATCTAGCA-1	Astro
TCGTAGAGTGTAATGA-L8TX_171026_01_E05	Astro
ADsum_NCF200_TGATCGAGTCGCATAA-1	Astro
ADsum_NCF140_GCTAAGAAGGCGGGTA-1	Astro
TGAGGGATCAGTTTGG-L8TX_180907_01_A12	Astro
ADsum_NCF216_AGAACCAAGGACCTGC-1	Astro
ADsum_NCF160_AGGCAGGTCGAGGTGG-1	Astro
ADsum_NCF95_GATTACGGTCTTACTA-1	Astro
ADsum_NCF71_TCCTGTTCATTAAAGG-1	Astro
ATCTACTGTCCATCCT-L8TX_190312_01_D02	Astro
ADsum_NCF115_TTAATCGAGACAAACG-1	Astro
ATGTGTGTCTTCAACT-L8TX_180221_01_D10	Astro
ADsum_NCF161_TGAGGGCCAATTAAGG-1	Astro
CCGTTCATCCAGGGCT-L8TX_180712_01_E05	Astro
ADsum_NCF200_GCAATATGTTGAGCCG-1	Astro
ADsum_NCF349_ATCCTTAGTGCTCACC-1	Astro
GGTGCGTGTTCCCTTG-L8TX_171026_01_D05	Astro
ADsum_NCF64_CACTTTGTCTCCTCAA-1	Astro
ADsum_NCF95_CTGACATAGATGCCTG-1	Astro
ADsum_NCF82_TTAGCGGTCGCTATGG-1	Astro
ADsum_NCF95_CCGTGCTGTGTCCAGG-1	Astro
AAGGTTCAGAATGTTG-L8TX_180907_01_G11	Astro
ADsum_NCF224_CAGGTTTAGGCCTGGT-1	Astro
ADsum_NCF160_AATAACCGTAAGCACC-1	Astro
ADsum_NCF224_TTATGACCACCTCAGG-1	Astro
ADsum_NCF221_TCTTTGTAGCTAATTG-1	Astro
ADsum_NCF160_GAAGGATGTGCTCACC-1	Astro
ADsum_NCF140_GAGCGGTCAACCCTAA-1	Astro
ADsum_NCF216_TTGCTTTAGCCGCTAA-1	Astro
ADsum_NCF71_TTTCACCCATTGGGAG-1	Astro
ADsum_NCF64_TCGTAATCACGAACAG-1	Astro
ADsum_NCF349_CTATTACTCTCCTCAA-1	Astro
ADsum_NCF64_AACCTCCTCAGTTCCC-1	Astro
ADsum_NCF349_TTATGACCATTCCTGT-1	Astro
GTACTCCTCAGGATCT-L8TX_180221_01_F12	Astro
GTGTTAGGTGCATCTA-L8TX_171120_01_H07	Astro
ADsum_NCF95_GTCTAATCATCACAGC-1	Astro
ADsum_NCF221_ATCGCTTGTTCCAGGG-1	Astro
ADsum_NCF64_CATGGCGGTTCCTCCT-1	Astro
ADsum_NCF160_CCTTCAGGTGGATTGC-1	Astro
ADsum_NCF349_TAAAGCCTCTGTAATG-1	Astro
CGGACACGTATATCCG-L8TX_180926_01_E01	Astro
ADsum_NCF115_TACCGCAAGCCACATG-1	Astro
TAGACCAAGAAGCCCA-L8TX_190312_01_G02	Astro
ADsum_NCF95_ACGCCACAGTTCCTCA-1	Astro
CGTTAGACATGCCACG-L8TX_180406_01_E06	Astro
ACTGATGGTACATGTC-L8TX_180907_01_H11	Astro
ADsum_NCF160_GCACTAAGTAATAGCT-1	Astro
AGATCTGCATTTCACT-L8TX_181011_01_G02	Astro
ADsum_NCF349_CGCACAATCCCGAAGC-1	Astro
ADsum_NCF71_GTTACTAAGTTGGCCA-1	Astro
ADsum_NCF349_GAGCTTGTCCTAAGTA-1	Astro
ADsum_NCF115_CTGTGTGAGCTCATAA-1	Astro
GGACATTCAGGACCCT-L8TX_180115_01_A11	Astro
ADsum_NCF224_GGCCGTTAGGTAGCTT-1	Astro
ADsum_NCF60_ACGAAGTCATCATGGC-1	Astro
ADsum_NCF95_TTGCAACAGCTATGAC-1	Astro
GGCTCGAAGGGCATGT-L8TX_180907_01_F11	Astro
ADsum_NCF216_AGTAATGCATGTCAAT-1	Astro
ADsum_NCF224_GATTGCAGTGATTACG-1	Astro
CAGCCGAAGACTAGGC-L8TX_180829_01_D09	Astro
ADsum_NCF95_TCTCAATTCCTCAGCT-1	Astro
ADsum_NCF95_CGTTATTTCATTGTTC-1	Astro
CCAATCCTCAAACCGT-L8TX_190312_01_A02	Astro
CACCAGGGTTGAACTC-L8TX_180221_01_B12	Astro
ADsum_NCF216_CTGATCACATAACGGG-1	Astro
TCTGAGACATATACGC-L8TX_180406_01_D07	Astro
ADsum_NCF64_AAGCAAGTCGTTAGCG-1	Astro
ADsum_NCF94_TTCATCCCACTCAACA-1	Astro
ADsum_NCF216_CCCTCATAGGCTAGAA-1	Astro
ADsum_NCF140_AAAGGCTCATCATGTG-1	Astro
TTGGAACTCGCCGTGA-L8TX_180406_01_G07	Astro
ADsum_NCF115_ACCACATAGTGACCTG-1	Astro
ADsum_NCF95_AAGGTGCAGGTCTTGG-1	Astro
ADsum_NCF224_GGGTTTGTCGAGGTGG-1	Astro
ATCCGAAAGTGCGTGA-L8TX_180115_01_A11	Astro
ADsum_NCF115_GTTTGTTTCATTAGCA-1	Astro
ADsum_NCF140_AACAAAGGTTTGAGCA-1	Astro
ADsum_NCF64_TTGGCGGGTTGCATCT-1	Astro
ADsum_NCF64_GCCTCCATCAAGCTTA-1	Astro
ADsum_NCF221_CAACAATGTTCCGGCT-1	Astro
ADsum_NCF224_CAACTAGGTTCGCTCA-1	Astro
CACACAACACGTTGGC-L8TX_180221_01_A10	Astro
ADsum_NCF349_TTTCATCAGTGAGGGT-1	Astro
ADsum_NCF340_GCATGAGCAGTAAGTA-1	Astro
ADsum_NCF349_GCGCTTAAGAGAGGCT-1	Astro
ADsum_NCF160_CCTCAAACAACAGCCT-1	Astro
ADsum_NCF340_AAGCGGGTCCTGATTT-1	Astro
ADsum_NCF95_CCCTCACCAACACCTA-1	Astro
GAGGTGACACACGCTG-L8TX_190312_01_B01	Astro
ADsum_NCF340_GTATTCAAGGCACAGG-1	Astro
ADsum_NCF349_ACAACATGTGTTTGCT-1	Astro
GTAGTCATCAAACGGG-L8TX_171026_01_F04	Astro
ADsum_NCF95_ACTCACTGTTATCCTA-1	Astro
ADsum_NCF349_CAGAACCGTCAACAAT-1	Astro
ADsum_NCF216_GGTAAACCAGGAACCA-1	Astro
ADsum_NCF160_TATATCCTCTGTGCAG-1	Astro
ADsum_NCF115_TGCTTCCAGGCATTAC-1	Astro
ADsum_NCF115_TTTGCATTCATGGTTA-1	Astro
ADsum_NCF115_TCCGGTAAGCTCCTTA-1	Astro
ADsum_NCF140_CATCATAAGCATGTCG-1	Astro
CGAATGTCATGCTAGT-L8TX_180406_01_E07	Astro
CTGCTGTTCCTAGAAC-L8TX_180406_01_E06	Astro
ADsum_NCF349_AATTGCCAGCTAATTG-1	Astro
ADsum_NCF200_TCAGGAGCACAATGTT-1	Astro
ADsum_NCF161_TAAGTAGCACTGGCTG-1	Astro
ADsum_NCF160_CGCTCAGCATAATCCG-1	Astro
CCCAGTTAGAATGTGT-L8TX_180115_01_E11	Astro
ADsum_NCF115_CGTTAACAGGCTGTCA-1	Astro
ADsum_NCF349_GATAAAGGTAAAGCGG-1	Astro
GAGGTGAGTATAGTAG-L8TX_171026_01_A04	Astro
ADsum_NCF160_TGAACAGAGTAGGCGG-1	Astro
ADsum_NCF349_GGTGAGGTCCACCTGT-1	Astro
ADsum_NCF64_AGAAACCCAATGAGGT-1	Astro
GGGATGAAGTACATGA-L8TX_190312_01_C01	Astro
GGGATGATCCCAAGTA-L8TX_190312_01_B01	Astro
ADsum_NCF349_CGCAAATTCGCATTAA-1	Astro
ADsum_NCF95_CGCCTCATCACCATTT-1	Astro
ADsum_NCF221_CACTAGCCAGAAACGT-1	Astro
AGGGATGAGTCTCAAC-L8TX_190312_01_C01	Astro
TTTCCTCCAGGGTTAG-L8TX_190312_01_F02	Astro
ADsum_NCF115_ATCAATCCATGAATCT-1	Astro
CCTTCCCCATCACCCT-L8TX_180406_01_B08	Astro
CACCAGGGTCTAGTCA-L8TX_190312_01_A02	Astro
GGCTGGTCAAGGGTCA-L8TX_171026_01_A04	Astro
ADsum_NCF216_ATTCCGGAGCAAGGAC-1	Astro
ACATCAGCAAACTGTC-L8TX_180406_01_D06	Astro
ADsum_NCF115_ATACCTGCAGCTTAAT-1	Astro
ADsum_NCF349_TCCGGAATCATTTGCT-1	Astro
TATGCCCAGAGTACAT-L8TX_200625_02_F11	Astro
ADsum_NCF221_GTCCGTAAGTTCCTCA-1	Astro
AACTCCCGTGCAGGTA-L8TX_180907_01_G11	Astro
TGAGGGAAGGATCGCA-L8TX_190312_01_H01	Astro
ADsum_NCF349_AGGTTAACACGTGCTG-1	Astro
ADsum_NCF221_ATGAAGCCATGACTAT-1	Astro
ADsum_NCF200_TTATTGCTCCCTCATA-1	Astro
ADsum_NCF224_CTAGTCGAGCATGTTA-1	Astro
ADsum_NCF71_TTAGCTGCAGTTATGT-1	Astro
ADsum_NCF224_CTACTAAAGGCGTAAA-1	Astro
ADsum_NCF140_GCCTGACAGTGAACAG-1	Astro
ADsum_NCF115_GGCTAGACACATTAAC-1	Astro
GTTAAGCTCTTAGAGC-L8TX_180221_01_F12	Astro
AGCGTATTCACAGTAC-L8TX_180712_01_F05	Astro
ADsum_NCF64_ATCCACCTCGATAACC-1	Astro
ADsum_NCF340_CCGCACACACTAGCGT-1	Astro
ADsum_NCF95_TTTGGCTGTCATCCTG-1	Astro
ADsum_NCF349_CTTATTGGTGGATTGC-1	Astro
ATTCTACAGTGCCATT-L8TX_180221_01_F12	Astro
ADsum_NCF216_CAGCATGTCACGCGGT-1	Astro
ADsum_NCF216_TCAAGGAAGCCTCTGT-1	Astro
TGCGGGTAGCTCAACT-L8TX_190312_01_B02	Astro
ADsum_NCF115_ACGCCTTTCGATTTAG-1	Astro
ACATGGTGTGATAAAC-L8TX_180406_01_F06	Astro
ADsum_NCF140_GAGTTGCGTGCGCGTA-1	Astro
ADsum_NCF160_AGATGCTTCGAAGTGA-1	Astro
AAGGCAGAGGCCCTCA-L8TX_171120_01_D07	Astro
GAATGAATCCAGATCA-L8TX_200625_02_E11	Astro
ADsum_NCF224_CTCCCTGAGCATTTCT-1	Astro
GCCAAATAGGAGTAGA-L8TX_180221_01_B11	Astro
ADsum_NCF340_ACCTAAGGTTACAACG-1	Astro
ADsum_NCF95_TATCCAGCACAATGCC-1	Astro
ADsum_NCF340_TCCGGTAAGAATCTCA-1	Astro
ADsum_NCF221_GCTAGCCAGTTATTCC-1	Astro
ADsum_NCF64_GGGTTATTCGGCTAGC-1	Astro
CGCGGTACACCAACCG-L8TX_180907_01_B12	Astro
ADsum_NCF216_AACTAGCTCGCTATAA-1	Astro
ADsum_NCF224_GCATTAGGTTCATCTA-1	Astro
ADsum_NCF95_AGTGGACAGCGATACT-1	Astro
GGATTACCATTTCAGG-L8TX_180115_01_H11	Astro
ADsum_NCF140_TGTTCATTCATTGCAA-1	Astro
ADsum_NCF340_GATTGGTTCTGTTGCC-1	Astro
ADsum_NCF221_CCTATATTCATCAGTA-1	Astro
ADsum_NCF64_GGTCAATTCGATAACC-1	Astro
ADsum_NCF161_CTCCCTGAGGACTTAC-1	Astro
ADsum_NCF160_GAACCGCTCTTAGGGT-1	Astro
ADsum_NCF340_TCGCTAACATTGTGCA-1	Astro
ADsum_NCF82_ATTTGCAAGCTGGACC-1	Astro
ADsum_NCF64_TGCGGTTCACGTAAGG-1	Astro
ADsum_NCF221_GCTCTGTTCATCGTTT-1	Astro
ADsum_NCF64_GTGCTGATCATTGACA-1	Astro
CGGACACTCAAGGTAA-L8TX_171026_01_G03	Astro
ADsum_NCF221_AACAGATAGTACCGCA-1	Astro
ADsum_NCF94_TTGCTTAGTTGTAAAC-1	Astro
ADsum_NCF221_TTGTCCGGTGCAACTA-1	Astro
ADsum_NCF95_TACATCAAGTAATCCA-1	Astro
ADsum_NCF221_GCTTAGTAGTTTGAGC-1	Astro
ADsum_NCF140_CGCTGTGCATCAGTAT-1	Astro
ADsum_NCF64_CACATAATCTAGCTAA-1	Astro
CGTCCATCAGGATCGA-L8TX_190312_01_B02	Astro
GCTTGAAAGAATTCCC-L8TX_190312_01_G01	Astro
CATATGGGTGTCAATC-L8TX_180406_01_F06	Astro
ADsum_NCF60_CTGTGTGAGAGAGGAG-1	Astro
CTGAAACCATTCCTGC-L8TX_180406_01_F06	Astro
ADsum_NCF221_CAGGTTTAGTCCTGAG-1	Astro
ADsum_NCF224_ATTTGTGAGGATTGAG-1	Astro
ADsum_NCF140_TACAGCTAGTGAGCGG-1	Astro
ADsum_NCF340_GCTTTGTGTGCTTAGA-1	Astro
ADsum_NCF216_TTTGACCGTCCTTTAA-1	Astro
ADsum_NCF115_GCCACAATCGTACCGA-1	Astro
ADsum_NCF95_TAGTTTGAGTGAAGTG-1	Astro
ADsum_NCF200_TCCTCAATCGATTATG-1	Astro
ADsum_NCF95_TCATCCATCCGTCCAT-1	Astro
ADsum_NCF216_GTTAACGGTTTCAGGA-1	Astro
GAAATGAGTAACGCGA-L8TX_180926_01_D01	Astro
ADsum_NCF64_CGAGTCGGTGCATTAG-1	Astro
ADsum_NCF64_GTTACGTAGTTATCCT-1	Astro
ADsum_NCF200_CAGGATGCATAAGTCT-1	Astro
ADsum_NCF224_ACTTAGTCAACTAACT-1	Astro
ADsum_NCF160_AGCGATTTCCCGCATT-1	Astro
ADsum_NCF160_TAGCCTGAGCTTCCCG-1	Astro
ADsum_NCF224_ATTCCGGAGACACTTA-1	Astro
ADsum_NCF115_CACAATATCGCCTAAG-1	Astro
CATGCCTAGTTAGGTA-L8TX_180406_01_F06	Astro
CACAGGCCAGATGAGC-L8TX_190312_01_A02	Astro
ADsum_NCF221_GAGGCTTGTAATCGGC-1	Astro
GGGTTGCAGATAGCAT-L8TX_180907_01_A12	Astro
ADsum_NCF216_GCACGGTTCTTGAGCG-1	Astro
ADsum_NCF349_ATCATCAAGGCGGGTA-1	Astro
ADsum_NCF94_GTTAAGCTCCCATAAA-1	Astro
CGATGGCTCTAACCGA-L8TX_180115_01_A09	Astro
ADsum_NCF115_CCTTATGTCTGGCAAT-1	Astro
ADsum_NCF160_GATTGATGTGCTGGTG-1	Astro
TGTCCCACAGTCTTCC-L8TX_180115_01_D11	Astro
ADsum_NCF64_TTGCCCGTCAGCTAAC-1	Astro
ADsum_NCF95_TTTCGTCCACACTAAT-1	Astro
CCTACACGTTGGTGGA-L8TX_180221_01_E12	Astro
ADsum_NCF349_GTCTAATCAACTCGCG-1	Astro
ADsum_NCF160_GAGTTGCGTTATCCTA-1	Astro
ADsum_NCF94_CCTGAATAGCTTAGCG-1	Astro
ADsum_NCF340_CACATAATCGTCCTTA-1	Astro
CAGCTAAGTTCTGAAC-L8TX_180712_01_C06	Astro
ADsum_NCF160_GGGCAATAGAACCTGT-1	Astro
ADsum_NCF221_CTTCTAAGTGGATTGC-1	Astro
CTTTGCGCAAGCTGAG-L8TX_180221_01_C11	Astro
ADsum_NCF200_TAGGTGCGTAAACAAG-1	Astro
ADsum_NCF82_TAAGGCTTCTCGACCT-1	Astro
ADsum_NCF140_TCAGGTTAGAGAGCCG-1	Astro
ADsum_NCF140_GAGCAAGGTAGCTGGT-1	Astro
GGCGACTTCAGCGACC-L8TX_190312_01_G01	Astro
ADsum_NCF95_CCCGTAAAGCCTGACA-1	Astro
ADsum_NCF224_TTAGCGGTCGATATTG-1	Astro
ADsum_NCF349_CCGCAAATCATCGTTT-1	Astro
ADsum_NCF95_AATCATCCAGTTATCG-1	Astro
ADsum_NCF160_CGCACCACAGCTCATA-1	Astro
CCATTCGAGTGCCATT-L8TX_180406_01_G07	Astro
GAATAAGAGAGCCCAA-L8TX_171026_01_F05	Astro
CCTAAAGGTCGACTAT-L8TX_180406_01_B01	Astro
ADsum_NCF349_GTGAACAAGCAACATC-1	Astro
GTACTTTGTTGGTAAA-L8TX_200625_02_E11	Astro
ADsum_NCF349_GTTCTTGTCGATTATG-1	Astro
ADsum_NCF349_TAGACCAGTTCGCTCA-1	Astro
ADsum_NCF115_TAGCCTTGTTTGCGAA-1	Astro
CCGGGATGTTTGGCGC-L8TX_180406_01_D06	Astro
ADsum_NCF71_CGTACGGGTTGCACAA-1	Astro
ADsum_NCF71_CGTTAAATCCAGGTTG-1	Astro
ADsum_NCF160_AAACCGCGTTTAACGG-1	Astro
ADsum_NCF349_AGGTCATTCGAGCAAA-1	Astro
ADsum_NCF221_GATCGAGCACTGGCCA-1	Astro
ADsum_NCF115_TTGTTTGGTTTGCGAA-1	Astro
ADsum_NCF216_AGTAACCTCTAATCCT-1	Astro
ADsum_NCF200_ACCACACCATGCAACC-1	Astro
CCACGGAGTTGTGGAG-L8TX_190312_01_A03	Astro
TCTCATACACATGGGA-L8TX_180221_01_D11	Astro
GACGTTAGTACCTACA-L8TX_180406_01_B08	Astro
ADsum_NCF140_CACGCAATCAGGTTTA-1	Astro
ADsum_NCF115_ACTGAATGTAAGTCGC-1	Astro
ADsum_NCF82_TGATCGAGTCATGCAA-1	Astro
ADsum_NCF140_ACTTGCACATGGCCCA-1	Astro
ADsum_NCF115_TGATCACAGTAACGGA-1	Astro
TGCGCAGGTCAAACTC-L8TX_180926_01_F01	Astro
ADsum_NCF115_ACTCACTGTTTAAAGC-1	Astro
ADsum_NCF160_CTACCTCAGGCGGGTA-1	Astro
GTGTTAGTCTTTAGGG-L8TX_190312_01_E02	Astro
ADsum_NCF95_GGTAAACCAATAATGG-1	Astro
ADsum_NCF216_AGCCAGTGTTCGCGCT-1	Astro
GTGCAGCAGTTACGGG-L8TX_180406_01_G01	Astro
ADsum_NCF200_TAGGTTGGTTTAACGG-1	Astro
ADsum_NCF64_TTTGCATTCATGGCTG-1	Astro
ADsum_NCF160_CTTCATCCAGTTGCGT-1	Astro
ADsum_NCF160_GGAGCGATCACGTTAA-1	Astro
ATGAGGGTCATGTCCC-L8TX_190312_01_F02	Astro
ADsum_NCF115_GCCTGCTGTGTCCAAA-1	Astro
ADsum_NCF349_CAAACGCGTCCCGAAG-1	Astro
ADsum_NCF224_AATTGCCAGCCTGATG-1	Astro
ADsum_NCF349_CAAGTGAAGTTTAACG-1	Astro
ADsum_NCF95_TTTAAGCCAATGCCCG-1	Astro
ADsum_NCF140_CCTTCAGGTTGAGCCG-1	Astro
TTCTTAGTCTGTTGAG-L8TX_180406_01_E07	Astro
ADsum_NCF221_GGACAGCCACGGTACT-1	Astro
ADsum_NCF140_ACCGGTTCATACCCGG-1	Astro
ADsum_NCF200_AATCAGGAGACTTATG-1	Astro
ADsum_NCF160_TGACTTAAGGATTGAG-1	Astro
ADsum_NCF71_CGATTATCATAAAGCA-1	Astro
ADsum_NCF221_GGCATTAGTGGAGCAA-1	Astro
ADsum_NCF82_TTTCATCAGACTATTG-1	Astro
TAGGCATAGAGCAATT-L8TX_180926_01_F01	Astro
ADsum_NCF349_TCCCTCACACACAATT-1	Astro
ADsum_NCF64_AATCTCAAGAGCCGGA-1	Astro
ADsum_NCF349_CTAGGCGGTTAGCGTA-1	Astro
ADsum_NCF95_GTAAGCTTCCACCCTG-1	Astro
ADsum_NCF64_CATATCGCAACTAGCC-1	Astro
CTCAGAAGTGTGAAAT-L8TX_171026_01_H03	Astro
ADsum_NCF221_GTGAGGAGTCCGTAGG-1	Astro
ADsum_NCF200_CTATGAGGTTAGACCA-1	Astro
CTCATTATCGCAGGCT-L8TX_180712_01_H05	Astro
ADsum_NCF349_TATTAGGTCCGTTAAA-1	Astro
ADsum_NCF160_GTACCTTGTTGAAGCC-1	Astro
ACCTTTAGTCAGTGGA-L8TX_171026_01_F03	Astro
ACATGGTTCGAATCCA-L8TX_180406_01_D07	Astro
ADsum_NCF64_GCGGTTGGTTGGATAT-1	Astro
GTTACAGGTATTCTCT-L8TX_190312_01_E01	Astro
ADsum_NCF140_CCTCCTGAGCACTAGT-1	Astro
TACTTACTCGATAGAA-L8TX_180221_01_E12	Astro
ADsum_NCF95_TGAGTTTCAATAGCCC-1	Astro
ADsum_NCF340_GCTCATTGTCATAGAT-1	Astro
ADsum_NCF71_GAGCATGCACCAGGTT-1	Astro
TCGGTAAGTCGTGGCT-L8TX_180907_01_G11	Astro
ADsum_NCF349_TGTCATAAGAGGATAT-1	Astro
ADsum_NCF115_TTCATCCCAAATTCGT-1	Astro
ADsum_NCF82_GTGTGCGGTTAAGCCA-1	Astro
TACGGTACATGGTAGG-L8TX_190312_01_D01	Astro
ADsum_NCF115_TTCCCACAGACACTTA-1	Astro
TGCACCTGTAGTACCT-L8TX_180907_01_A12	Astro
ADsum_NCF140_TCGTCAACAATAATCC-1	Astro
ADsum_NCF64_TTGAGCTAGGAGTAAT-1	Astro
ADsum_NCF64_TTTACGCGTTCCTGAT-1	Astro
ADsum_NCF64_ATCCGTGAGCCTGTGA-1	Astro
GACGTGCAGGTTCCTA-L8TX_180221_01_E12	Astro
AACCATGTCCCAACGG-L8TX_180406_01_H01	Astro
ADsum_NCF200_CTGGTAAGTCAATGTG-1	Astro
ADsum_NCF200_CCATAGCCACGAATTT-1	Astro
CGCGGTACACCACCAG-L8TX_180406_01_H02	Astro
ADsum_NCF160_CTAATCGCAATTAGCT-1	Astro
ADsum_NCF115_CTAAAGCTCCCATAAA-1	Astro
ADsum_NCF140_GCGTTTCTCTCGCCTG-1	Astro
ADsum_NCF160_AGCCTAAGTTAGCCAA-1	Astro
ADsum_NCF115_GCCTTAACAATTATGC-1	Astro
ADsum_NCF95_CGAGGAAGTACAATGT-1	Astro
ADsum_NCF64_CTAAATGTCGATCAGT-1	Astro
CAAGGCCAGTTGTAGA-L8TX_180907_01_E11	Astro
ADsum_NCF115_AGGTCAAAGGCCTGGT-1	Astro
CGATGGCCAAGTTAAG-L8TX_180907_01_G11	Astro
ADsum_NCF224_TTGGGCGGTTGCTGGG-1	Astro
ADsum_NCF95_TTGTCCGGTTGCGCGA-1	Astro
AAAGATGTCCCAAGAT-L8TX_190312_01_C01	Astro
ADsum_NCF340_AGGAGCTAGCTATATG-1	Astro
ADsum_NCF140_CTAATAGTCCGCAACA-1	Astro
ADsum_NCF224_AAGACCAAGAATCTCA-1	Astro
ADsum_NCF82_AGAGATTAGGACACTT-1	Astro
ADsum_NCF340_CTTAACAAGTGAGGGT-1	Astro
CGAACATTCCAGTATG-L8TX_171026_01_H04	Astro
CGAGCCAGTAGTACCT-L8TX_180406_01_H02	Astro
GCTTCCACATGCAACT-L8TX_180907_01_G11	Astro
ADsum_NCF140_CACCGGTAGGCAATAG-1	Astro
CATGCCTAGCCAGTAG-L8TX_180406_01_D07	Astro
AGCTCCTTCTCGCATC-L8TX_180115_01_E08	Astro
ADsum_NCF60_CCCAAATAGGCATTAC-1	Astro
ADsum_NCF349_TGGCCTTTCCCATAAA-1	Astro
ADsum_NCF115_ACATTGCAGACTCGCA-1	Astro
ADsum_NCF82_ATTGCAGGTCATGCCC-1	Astro
ADsum_NCF200_TGAGCCGGTTTAGCTC-1	Astro
ADsum_NCF115_CTGTTGGAGACACCGC-1	Astro
CCTATTAAGCAGGCTA-L8TX_180406_01_F06	Astro
ADsum_NCF216_GTACTTAAGGAGGACT-1	Astro
AATCGGTCAGGGTACA-L8TX_180221_01_E12	Astro
CAGCGACGTTCTGTTT-L8TX_171026_01_A05	Astro
ADsum_NCF115_TACCGTTGTAACCAGC-1	Astro
ADsum_NCF349_CAGGCTATCCTTGCGT-1	Astro
CCGGGATGTATGGTTC-L8TX_180115_01_E08	Astro
ADsum_NCF221_CGTTTGGAGCGCCTAA-1	Astro
ADsum_NCF71_GTCTATGCAACTAGGG-1	Astro
CAGTCCTTCGATCCCT-L8TX_190312_01_D01	Astro
ADsum_NCF349_TTAGCCTGTGACCTGG-1	Astro
ADsum_NCF160_TTAGGATGTCCTTTAA-1	Astro
CAGAGAGTCGTAGGAG-L8TX_180221_01_F12	Astro
ADsum_NCF200_GCTGACATCACGTTAA-1	Astro
CACCAGGTCGGCGCTA-L8TX_180115_01_G08	Astro
TGATTTCTCTTCGAGA-L8TX_180907_01_H11	Astro
ADsum_NCF349_AATCCTAAGGATTGCT-1	Astro
ADsum_NCF140_CGGAGTCTCATGGTGT-1	Astro
ADsum_NCF340_AGTGCGGAGCAGGTGG-1	Astro
ADsum_NCF200_CAGCAAGCACAAAGCG-1	Astro
ADsum_NCF349_TCTCGCCCATTGTGGC-1	Astro
ADsum_NCF221_GTTTGTTTCTCACAAA-1	Astro
ADsum_NCF140_CTGTACCTCGGGACTC-1	Astro
ADsum_NCF95_CATTGTAAGTAACGGA-1	Astro
ADsum_NCF71_TCAAGGAAGCACAGAA-1	Astro
ADsum_NCF95_AGCCGCTAGTTAGCTA-1	Astro
ADsum_NCF160_GCCTGACAGCTTCCCG-1	Astro
ADsum_NCF340_GGCGCTAGTAGCCATA-1	Astro
ADsum_NCF349_CATAATCCAATCGCAC-1	Astro
ADsum_NCF216_TTAGCCTGTCAGTAAT-1	Astro
ADsum_NCF216_CATAGACTCATGAGCT-1	Astro
ADsum_NCF160_CCTGTAACAAGGTAAC-1	Astro
ADsum_NCF82_GCACTTACAACTGGGA-1	Astro
ADsum_NCF349_GTAGGAGGTAATCCCT-1	Astro
ADsum_NCF160_TTGGCTGAGCGAGGTG-1	Astro
ADsum_NCF161_GTGCTTCTCCAAGTGT-1	Astro
ADsum_NCF160_AAAGCGGGTAGCTGGT-1	Astro
ADsum_NCF200_CGATTGAGTCCTTTAA-1	Astro
TAGACCAAGTGAATTG-L8TX_180406_01_F07	Astro
ADsum_NCF216_CCAGCTAAGCCGCTTT-1	Astro
AGCTTGAGTCTACCTC-L8TX_190312_01_H01	Astro
TTTGGTTGTTCATGGT-L8TX_190312_01_E02	Astro
ADsum_NCF224_ATTCGTTTCGAGGAGT-1	Astro
GTCTTCGGTACTCAAC-L8TX_190312_01_A02	Astro
ADsum_NCF64_CTATGAGGTTGTAAAC-1	Astro
ADsum_NCF82_CCAAACTAGATGGAGC-1	Astro
ADsum_NCF140_CACCAACCAACTAGGG-1	Astro
ATTGGTGGTGTCGCTG-L8TX_200625_02_E11	Astro
ADsum_NCF71_AGTGTTTCACCTAAGC-1	Astro
GCTCCTACAAGGGTCA-L8TX_180221_01_F10	Astro
ADsum_NCF221_ATCCCGCGTTGCCTCA-1	Astro
ADsum_NCF349_GGTTTAATCTCTAGCC-1	Astro
CTAACTTAGATGTCGG-L8TX_180907_01_E11	Astro
TACCTATAGGAATTAC-L8TX_190312_01_G01	Astro
ADsum_NCF340_CCTTGCGTCCTCCATA-1	Astro
ADsum_NCF349_TACGGTTAGCCGCTTT-1	Astro
ADsum_NCF94_ACCAAACTCTTGCAGG-1	Astro
ADsum_NCF161_GTGATGAAGTTTGGTA-1	Astro
ADsum_NCF71_CGTAATGGTCCGCTGT-1	Astro
ADsum_NCF71_GAGTCAAAGACCATAC-1	Astro
GTTAAGCAGCCACGTC-L8TX_190312_01_B02	Astro
ADsum_NCF349_TAGCTAATCAATGAGG-1	Astro
ADsum_NCF349_GAAGTAAGTCATAGAT-1	Astro
GTTTCTAGTCATATCG-L8TX_180115_01_E08	Astro
CTCTAATAGCTAAGAT-L8TX_200625_02_G11	Astro
ADsum_NCF216_AGCTCATAGTGAGGGT-1	Astro
ADsum_NCF71_CCGTTGCGTCTAGCTT-1	Astro
ADsum_NCF71_TTCAGGTAGCATTATG-1	Astro
ADsum_NCF160_TTGTTGCGTTTGGGTA-1	Astro
ADsum_NCF200_ACAGCCGGTGAGGTGA-1	Astro
ADsum_NCF349_ATTTAGCCAGTAGGTG-1	Astro
ADsum_NCF349_TGAGCAAAGTATTGGC-1	Astro
GACGTTAAGGCTAGGT-L8TX_190312_01_G02	Astro
ADsum_NCF216_ACACTTGCACGTAATT-1	Astro
ADsum_NCF140_GTCTCACTCCAGGGAG-1	Astro
AGCATACCACTATCTT-L8TX_180221_01_C09	Astro
AAATGCCTCGATCCCT-L8TX_190312_01_A03	Astro
CATATTCTCCGAATGT-L8TX_181011_01_B03	Astro
ADsum_NCF221_TACTGAGGTTCATTTG-1	Astro
ADsum_NCF161_CCATAAATCTCGCCTG-1	Astro
ADsum_NCF221_AAAGCAAGTAAGGTCC-1	Astro
ADsum_NCF95_AGTATAGCACGAACAG-1	Astro
ADsum_NCF349_AGTAACCTCCCTGATC-1	Astro
ADsum_NCF160_TGATCAATCAATGTGC-1	Astro
TCGCGAGCAGACAAAT-L8TX_171026_01_H05	Astro
ADsum_NCF349_CCCGTAAAGGCGCATC-1	Astro
GTAACGTCACAGGCCT-L8TX_180221_01_E12	Astro
ADsum_NCF161_TTATGCGCATAAGTCT-1	Astro
ADsum_NCF64_GTATGTTCACTCGCTC-1	Astro
CGACTTCCAATCCGAT-L8TX_180406_01_F06	Astro
ADsum_NCF340_GCAGGTGAGCAAACCT-1	Astro
TCTGGAAAGGGAACGG-L8TX_180221_01_G12	Astro
GATCAGTGTAGCGATG-L8TX_180406_01_G07	Astro
GGATTACAGCGATATA-L8TX_180907_01_H11	Astro
CATGACATCGTCACGG-L8TX_180907_01_H11	Astro
ADsum_NCF349_GAGTTGCGTTGTCCAT-1	Astro
ADsum_NCF216_GCTCTGTTCCGCACAA-1	Astro
ADsum_NCF160_CGCTTAACAGGCTTGT-1	Astro
ADsum_NCF216_GTGCAAGCACAGGGAC-1	Astro
ADsum_NCF349_ATGACTCAGGTAACGA-1	Astro
ADsum_NCF94_ACCTTGTGTAATCGCA-1	Astro
TAAACCGAGTGTACTC-L8TX_180221_01_C12	Astro
ADsum_NCF140_TGATCACAGTTAGTTG-1	Astro
ADsum_NCF200_TCCACAACATGTTGTG-1	Astro
ADsum_NCF115_GTGCTTACATTGTTGG-1	Astro
ADsum_NCF340_CTCTAAGCAAATGCCC-1	Astro
ADsum_NCF349_CGGCTAATCACGTTAA-1	Astro
ADsum_NCF95_TAGTAAGCAAGGTACG-1	Astro
ADsum_NCF221_GAACCTGTCTCGACCT-1	Astro
ADsum_NCF64_TTAGGAACACGTAAGG-1	Astro
CTGGTCTTCGTAGATC-L8TX_180406_01_D06	Astro
ADsum_NCF64_CGAACAAAGAGGATAT-1	Astro
ADsum_NCF221_TTTCTTGCAGGACCAA-1	Astro
ADsum_NCF340_CAATAGCTCATAGACC-1	Astro
ADsum_NCF95_AAAGGCTCAGCCGCTA-1	Astro
CGGAGCTTCTGCGACG-L8TX_180926_01_E01	Astro
GACTGCGTCAGTTTGG-L8TX_180907_01_F11	Astro
ADsum_NCF224_ATTGGTTCAAACTGCC-1	Astro
ADsum_NCF82_CAGGGCTTCGGGACCT-1	Astro
ADsum_NCF115_CACTTTGTCTATCGCC-1	Astro
ADsum_NCF340_GAGCAAGGTATACTGG-1	Astro
ADsum_NCF95_TTAGGCGTCACGCATG-1	Astro
ADsum_NCF216_GATTGGTTCACTAGGT-1	Astro
ADsum_NCF95_ATTACGTCAGCTTACA-1	Astro
ADsum_NCF64_TTTAAGCCAACTAGAA-1	Astro
ADsum_NCF349_GTTCTCATCCCGCCTA-1	Astro
ADsum_NCF349_GTAATAGCAGCTCATA-1	Astro
ADsum_NCF140_AGGTCTTAGGACCTCA-1	Astro
ADsum_NCF64_ACACTAGGTTGTAAAC-1	Astro
ADsum_NCF95_TGCTTGTGTTTAACGG-1	Astro
ADsum_NCF349_TGTCCTTCATCCGTAA-1	Astro
ADsum_NCF349_GATTACGGTTGTTGCT-1	Astro
ADsum_NCF160_TATTAGCCAATGAAGC-1	Astro
ADsum_NCF216_TCGGTTACAAATATCC-1	Astro
TACAGTGGTTATGCGT-L8TX_180406_01_D07	Astro
CTCTGGTTCTTCCTTC-L8TX_180115_01_C10	Astro
ADsum_NCF349_TTCCTTCTCCTCCTAA-1	Astro
ADsum_NCF71_CGTAACCCAGCAACCT-1	Astro
ADsum_NCF224_CTGTTAAAGTAAACCC-1	Astro
ADsum_NCF140_GCTGGATGTTCACCCA-1	Astro
ADsum_NCF216_TCCTGGTTCTGTGAGT-1	Astro
ADsum_NCF349_CCTCAAACAGGCTACT-1	Astro
TTAGGCATCAACCATG-L8TX_180907_01_E11	Astro
ADsum_NCF340_TGAAGGATCGGTTTGG-1	Astro
ADsum_NCF221_CCCGCAACAATCGCAC-1	Astro
ADsum_NCF64_CTATGAGGTACTGATG-1	Astro
ADsum_NCF161_CCCAAACCAGCTAATT-1	Astro
ACACCCTAGACAATAC-L8TX_171120_01_H07	Astro
ADsum_NCF221_TAGTTTGAGACAAACG-1	Astro
CAGAGAGTCCGCAAGC-L8TX_180221_01_G12	Astro
ADsum_NCF95_AGTGAACCAGCTTAGC-1	Astro
CAAGATCTCGCCTGAG-L8TX_180926_01_B01	Astro
CGTAGCGGTTGAGGTG-L8TX_180926_01_B01	Astro
ADsum_NCF95_AGGAACCAGGAACGCG-1	Astro
GGGACCTAGATGCCAG-L8TX_180406_01_C06	Astro
ADsum_NCF115_TTGTGAGGTGTCCAGG-1	Astro
ADsum_NCF82_CTATTACTCTCTAGCC-1	Astro
ADsum_NCF161_AAACCAACACCGGCTA-1	Astro
ADsum_NCF349_TGTTCCTCAAACGGGC-1	Astro
TCTCTAAAGAAGCCCA-L8TX_180406_01_B01	Astro
ADsum_NCF221_TTAGCAGGTTTGCAGA-1	Astro
ATTCTACCATGACGGA-L8TX_181011_01_G02	Astro
ADsum_NCF349_TCAGTAGGTCAATAGT-1	Astro
CTCAGAAGTGTCAATC-L8TX_180607_01_C05	Astro
ADsum_NCF200_TTAGCGGTCCTAACGG-1	Astro
ADsum_NCF161_CGCAATGTCTCCATAT-1	Astro
CTCTACGCAAGGCTCC-L8TX_180406_01_F06	Astro
ADsum_NCF60_TGTGGCCAGCGATAGA-1	Astro
ADsum_NCF71_CGCATTACATGAAGTA-1	Astro
ADsum_NCF95_TTGCAACAGTGTTGCG-1	Astro
TGTCCCACACCGATAT-L8TX_190312_01_A03	Astro
ADsum_NCF115_GAGAGGCGTTCATTTG-1	Astro
ADsum_NCF115_GAAGCCTGTTGGCGTG-1	Astro
ADsum_NCF160_TGTCAATCATCACAGC-1	Astro
ADsum_NCF200_CTTAAGATCACCATTT-1	Astro
CTAGAGTGTCTAGTCA-L8TX_190312_01_B01	Astro
CGCGTTTCAAGCGAGT-L8TX_190312_01_C02	Astro
ADsum_NCF71_GCCTACTTCGTCCTTA-1	Astro
ADsum_NCF95_TAGCGCGGTATGGTGC-1	Astro
GATGAGGGTCCTCCAT-L8TX_180406_01_F06	Astro
CCACTACTCAACACGT-L8TX_190312_01_C01	Astro
ADsum_NCF349_CTGCAATAGGACTAAG-1	Astro
TGGCCAGGTCTAGTGT-L8TX_180115_01_E08	Astro
ADsum_NCF216_GTTAACGGTCCTAATC-1	Astro
ADsum_NCF216_TAGGAGGGTCAAAGAA-1	Astro
ADsum_NCF60_AGTTTGCAGTTTAACG-1	Astro
ADsum_NCF71_AATAACCGTCATAAGT-1	Astro
ADsum_NCF95_GCTAAGCGTCAAGTAT-1	Astro
ADsum_NCF340_GTGCTTCTCTTGAGCG-1	Astro
ADsum_NCF349_TCCTTCAAGCATCCAG-1	Astro
ADsum_NCF221_AGCAAATAGTCTATGA-1	Astro
TGCCCATCAGATGGCA-L8TX_190312_01_H01	Astro
ADsum_NCF115_TATGGTCAGTTGTCCC-1	Astro
ADsum_NCF221_GGTACTTAGTCACTAA-1	Astro
ATTATCCGTCTCTCGT-L8TX_180712_01_H05	Astro
ADsum_NCF95_ACCAGGCTCCAAACAC-1	Astro
AAACGGGGTGTCAATC-L8TX_180406_01_D01	Astro
CCACGGACATACGCTA-L8TX_180406_01_F07	Astro
AGGGATGAGTGGCACA-L8TX_190312_01_G01	Astro
ADsum_NCF64_AATCCATCAAGTTATC-1	Astro
ADsum_NCF340_TGGCTTTGTCTCAGCC-1	Astro
ADsum_NCF160_AAGGATCCAATGAGGT-1	Astro
ADsum_NCF349_GTTGCCCGTTGCGGAT-1	Astro
ADsum_NCF349_AGCTAACTCCTGGCTT-1	Astro
CAGCTAAGTAAGTGGC-L8TX_180926_01_F01	Astro
ADsum_NCF216_TACCGTTGTTACGCGG-1	Astro
CTTACCGAGCTAACTC-L8TX_180406_01_G01	Astro
ADsum_NCF224_TGTAAGTGTTAGACCA-1	Astro
ATAACGCGTTCAGACT-L8TX_180926_01_D01	Astro
ADsum_NCF115_CCTTAACGTAGTAAGA-1	Astro
ADsum_NCF115_TCTAGCACAGCAACAG-1	Astro
ADsum_NCF140_CGAGTCGGTCAGGCAT-1	Astro
ADsum_NCF64_GATTAGTGTTACTAGG-1	Astro
ADsum_NCF349_TTCAGCACAGCTCATA-1	Astro
ATGTGTGGTATTAGCC-L8TX_190312_01_G01	Astro
ADsum_NCF161_GTCATGCCAGCTTAAT-1	Astro
ADsum_NCF160_GTGGTTAGTGATGAGG-1	Astro
ADsum_NCF140_GTCGAAGCAGAACCGA-1	Astro
ADsum_NCF200_TCGCGCACACTTACAG-1	Astro
ADsum_NCF95_GATTCGCCATAATGTC-1	Astro
ADsum_NCF216_ATTACCGCAAAGGTAC-1	Astro
ADsum_NCF340_TGTTGTGCAATCATGT-1	Astro
ADsum_NCF349_TAGTTGTCAGGCATGA-1	Astro
ADsum_NCF224_CATTGTGCAAACCTTG-1	Astro
CAACCTCTCGCCTGAG-L8TX_180221_01_D11	Astro
ADsum_NCF216_CTAATTGAGGAACACA-1	Astro
ADsum_NCF140_CCGCAAATCTAAGGAG-1	Astro
ADsum_NCF216_CCAACCAAGTTCCCGT-1	Astro
TGGGCGTTCGTTTGCC-L8TX_200625_02_E11	Astro
ADsum_NCF200_TGGCCAATCATGGCCA-1	Astro
TTGAACGGTCTCATCC-L8TX_190312_01_E02	Astro
ADsum_NCF95_CTTGCAACATCCATCT-1	Astro
CTGATCCGTCTTGTCC-L8TX_180907_01_G11	Astro
ADsum_NCF216_CCTTTAGTCCTAGTAA-1	Astro
ADsum_NCF161_ATGTTGTCATCCCTCA-1	Astro
ADsum_NCF161_TTTGGTGCAGGTTAAA-1	Astro
CTGCGGATCTTAGCCC-L8TX_190312_01_E01	Astro
CCATGTCAGCTAGTCT-L8TX_180221_01_E12	Astro
TCTTTCCTCAGCACAT-L8TX_180907_01_B12	Astro
ADsum_NCF221_TCGTTAAAGTCCTGAG-1	Astro
ADsum_NCF340_GGTGTGACACAGGAAT-1	Astro
AGAGCTTTCTTGGGTA-L8TX_190312_01_F01	Astro
ADsum_NCF64_TAACCTAAGGGTGGAT-1	Astro
ADsum_NCF82_ATTGCGCCAAAGCGCA-1	Astro
ADsum_NCF200_TCCTAGTGTCCCGGAA-1	Astro
TACTCGCTCCGAATGT-L8TX_171026_01_F04	Astro
CATCAGATCTAGAGTC-L8TX_180115_01_C10	Astro
ADsum_NCF71_ATCACACAGATGCCTG-1	Astro
ADsum_NCF200_ATGCTTAAGGCAATAG-1	Astro
ADsum_NCF340_TCATAACCAAGTTATC-1	Astro
ADsum_NCF349_CTCATTTAGAACCTGT-1	Astro
ADsum_NCF60_GTAGCGCTCATTAGCA-1	Astro
ADsum_NCF349_GTACTTCGTATTTGGG-1	Astro
ADsum_NCF340_TCATAACCAGGTATTT-1	Astro
ADsum_NCF140_TTTCATCAGCACTTGG-1	Astro
GGGATGACAAACGTGG-L8TX_181011_01_H03	Astro
TTGAACGTCTTAACCT-L8TX_180221_01_G12	Astro
ADsum_NCF340_AGGTTTGGTAGGATCC-1	Astro
ADsum_NCF140_GCGCTAGGTTCGCGCT-1	Astro
ADsum_NCF221_ATAAGCCTCTTGAGCG-1	Astro
ADsum_NCF216_GATTATGTCCGGGACT-1	Astro
ADsum_NCF94_CTATTGAAGCTGCACA-1	Astro
TGAGGGAGTATTAGCC-L8TX_171026_01_A04	Astro
ADsum_NCF349_TATAGGTGTTCACCCA-1	Astro
ADsum_NCF349_TCGTCAACACTGACCG-1	Astro
TACACGAAGTGTTAGA-L8TX_190312_01_G02	Astro
ADsum_NCF221_GTTAACGGTGTTTGCT-1	Astro
ADsum_NCF71_CTAACCACACAAGCCT-1	Astro
ADsum_NCF71_CGGAATCGTGAGACTC-1	Astro
TTCTCCTGTCGGGTCT-L8TX_181012_01_B05	Astro
ADsum_NCF60_TTGTAAGTCCTGAGTG-1	Astro
ADsum_NCF216_CTTGAATCAAGCTACC-1	Astro
ADsum_NCF340_CGCATATAGTTACTTC-1	Astro
ADsum_NCF64_TGTGGCCAGGATCCGC-1	Astro
GTCAAGTGTAACGTTC-L8TX_171026_01_F05	Astro
ADsum_NCF340_TGCATTAAGTAACGAG-1	Astro
GGGCACTGTTACGCGC-L8TX_180712_01_E05	Astro
TTGGCAACATATACCG-L8TX_180221_01_F12	Astro
ADsum_NCF64_TCATAACCACCTACGG-1	Astro
ADsum_NCF82_ACTAACTCAGAGGGAG-1	Astro
GAGTCCGGTAGCAAAT-L8TX_180406_01_D07	Astro
ADsum_NCF221_AGTCGCATCAATGTCA-1	Astro
TCACAAGCATCAGTAC-L8TX_171026_01_A04	Astro
ADsum_NCF94_TGGTGCATCCCTGGAA-1	Astro
CGTTAGAAGACCACGA-L8TX_180221_01_G12	Astro
ADsum_NCF140_CTGCAATAGTGAACAG-1	Astro
ADsum_NCF64_CCTCCTCTCATGCAAC-1	Astro
ADsum_NCF349_TGTTGGCCATTGTCCT-1	Astro
ADsum_NCF340_GTAGCCATCATGCAAC-1	Astro
ADsum_NCF71_CTTGCATGTGTTTGCT-1	Astro
ADsum_NCF64_GCATTGCCAGCAGGTA-1	Astro
ADsum_NCF115_TCTCCTCGTGAGCACT-1	Astro
CTCGTCAGTAAGAGGA-L8TX_180907_01_H11	Astro
ADsum_NCF340_GCTGTGCAGTGAGCGG-1	Astro
ADsum_NCF140_TTCCCACAGGAAGCTA-1	Astro
ACTGAACGTGTAAGTA-L8TX_171026_01_B04	Astro
CTCATTAAGCACACAG-L8TX_190312_01_E02	Astro
ADsum_NCF200_TGAGGGCCATGAAGTA-1	Astro
ADsum_NCF200_CTAGTTGCACCTAAGC-1	Astro
ADsum_NCF115_TGTCAGTAGAACAAGT-1	Astro
ADsum_NCF340_TGCTTGTGTTAAATGC-1	Astro
ADsum_NCF140_TAACAAGCATGTTGCA-1	Astro
ADsum_NCF160_GAGGCTACAACACTTG-1	Astro
ADsum_NCF82_ATCCAACAGGCGAATA-1	Astro
ADsum_NCF340_GGCTATGTCCTAAGTA-1	Astro
ADsum_NCF349_TAAGCCTAGTAGGATG-1	Astro
ADsum_NCF224_TTGGATCAGTGAACAG-1	Astro
ADsum_NCF221_AGCGGATAGGTCCAAT-1	Astro
ATAAGAGTCATGTGGT-L8TX_180115_01_B11	Astro
TCGTAGATCGTGGACC-L8TX_171026_01_B04	Astro
ADsum_NCF340_ACTGAATGTTACAACG-1	Astro
ADsum_NCF340_GCCGTGAGTATTGAGT-1	Astro
TGACAACAGAAGGTTT-L8TX_180115_01_H10	Astro
ADsum_NCF115_CGTGTTACAATTTGGT-1	Astro
GTACTTTCAGGAATGC-L8TX_180907_01_A12	Astro
ADsum_NCF82_TACTTGTTCATAAGCC-1	Astro
ADsum_NCF221_AATATCCCAGCTAATT-1	Astro
ADsum_NCF71_GTCTTGCTCCATAATG-1	Astro
ADsum_NCF340_CATAGACTCGCTAGTG-1	Astro
ADsum_NCF349_TTCACTGTCTTAGTGA-1	Astro
TCTGAGAGTCTGCGGT-L8TX_180406_01_D07	Astro
ADsum_NCF95_GCAAACTTCTTAGCCC-1	Astro
ADsum_NCF349_CCTTCGGTCCGCATGA-1	Astro
ADsum_NCF94_GATTCAGGTGATGATT-1	Astro
ADsum_NCF60_GGAAGCTAGAAGGTGC-1	Astro
ADsum_NCF216_CGTTGCGCACTAAATC-1	Astro
ADsum_NCF95_TCGCTAACAATAGCCC-1	Astro
ADsum_NCF140_AAGTTTGTCATTAGGC-1	Astro
ADsum_NCF160_GCGGTTATCATTTGCT-1	Astro
ADsum_NCF200_GTCTTTGTCCTGGTCT-1	Astro
ADsum_NCF349_CCGCTAAAGGATTTGC-1	Astro
ADsum_NCF340_GCCTTACTCGTTATAG-1	Astro
ADsum_NCF95_GTTCTTGTCTGTTGCC-1	Astro
ADsum_NCF349_TTACCGTGTACGGGTT-1	Astro
ADsum_NCF349_TCGGTTCTCCTAGTCC-1	Astro
ADsum_NCF340_GTTGGCCAGGGTGAAC-1	Astro
ADsum_NCF349_TCGGTTCTCTCACATT-1	Astro
ADsum_NCF216_GGCAAATCACTGGCTG-1	Astro
ADsum_NCF95_CTAGCGGGTGGGTACT-1	Astro
ADsum_NCF224_TGGGCCTAGGGTTATC-1	Astro
ACGGGCTAGGTGCAAC-L8TX_180221_01_G10	Astro
TTTATGCGTAGCGTGA-L8TX_190312_01_A02	Astro
ADsum_NCF161_AGGTCATTCTTGTTCG-1	Astro
ADsum_NCF140_TGCTTCATCATAACGC-1	Astro
GCGCCAAAGAGAGCTC-L8TX_190312_01_G01	Astro
ADsum_NCF161_TGACTTCGTTTATCGC-1	Astro
ADsum_NCF200_GGGTCAACACATAGCC-1	Astro
ADsum_NCF340_GTTCTTAGTTACATCC-1	Astro
ADsum_NCF140_TGGTCCTTCCTCAGTC-1	Astro
ADsum_NCF349_AAGCTAGAGTCAATCA-1	Astro
ADsum_NCF349_AAAGCTTGTGCTAGCG-1	Astro
ADsum_NCF95_TATTGACCATTGGGAG-1	Astro
ADsum_NCF160_TGTGATCAGGTCGAGG-1	Astro
ADsum_NCF340_CACTAAGGTTTACCGT-1	Astro
ADsum_NCF216_CCTGATGAGCTATGAC-1	Astro
ADsum_NCF82_AAACCGAAGGCCGGAA-1	Astro
ADsum_NCF71_TAGTAGGAGCCTGTGA-1	Astro
ADsum_NCF115_ATAGGTACATAAACCT-1	Astro
ADsum_NCF60_CCTAAGGTCTGGCAAT-1	Astro
ADsum_NCF95_AATTTGGTCATGCATA-1	Astro
ADsum_NCF221_CTTCATCCATGACTAT-1	Astro
ADsum_NCF216_GTAAGCTTCCAGGAAA-1	Astro
ADsum_NCF115_ATGAATGCAATTTGGT-1	Astro
ACACCAATCTGTGCAA-L8TX_171120_01_E07	Astro
ADsum_NCF95_GGAAGTATCAAGCGCC-1	Astro
CGCTATCAGGAGTACC-L8TX_190312_01_E02	Astro
ADsum_NCF340_CCAGTTTGTAACCACA-1	Astro
ADsum_NCF349_AGAAACTAGCTTGCTC-1	Astro
CGACTTCAGATGTGTA-L8TX_180221_01_A11	Astro
ADsum_NCF71_GCCAGGTTCTCTAGCC-1	Astro
ADsum_NCF216_TGTCCTTCATCATGTG-1	Astro
ADsum_NCF216_TCAGGTCCATAATGTC-1	Astro
CCACTACGTACGAAAT-L8TX_180115_01_H10	Astro
CACCAGGTCCAAGTAC-L8TX_190312_01_B02	Astro
GTCCTCACACGCATCG-L8TX_180926_01_B01	Astro
ADsum_NCF95_AATTTGCCATAATCGT-1	Astro
TCAGGTACATCCTAGA-L8TX_180907_01_F11	Astro
ADsum_NCF349_CAGCTATAGGTCTTGG-1	Astro
AACCGCGTCTACTTAC-L8TX_180406_01_D06	Astro
TCAGCAAGTGCTTCTC-L8TX_180406_01_G02	Astro
ADsum_NCF224_TTGTGCCTCGGTCAGC-1	Astro
ADsum_NCF82_TTGCTCTCAATTAAGG-1	Astro
ADsum_NCF82_GACCTAAGTACAATGT-1	Astro
ADsum_NCF140_TTGTTGTTCAATTACG-1	Astro
ADsum_NCF140_CATAATGTCCAAACAC-1	Astro
ADsum_NCF82_TCATTGTTCATAGCCG-1	Astro
ADsum_NCF115_CCATAATCAGGTTTGC-1	Astro
ADsum_NCF221_GATCAGTTCATTTGCT-1	Astro
ADsum_NCF82_TGACTTAAGACTAAGG-1	Astro
ADsum_NCF64_TGTGGCCAGGAGCAAC-1	Astro
ADsum_NCF60_GCTGTAAGTTCGCTCA-1	Astro
ADsum_NCF349_AAGCCTCCAGCTTAAT-1	Astro
ADsum_NCF216_TTAAGGTGTTTGGCGG-1	Astro
ADsum_NCF216_GCGCTAGGTCTAGCTT-1	Astro
ADsum_NCF224_CGTCATTGTATTGCAG-1	Astro
ADsum_NCF221_AGAAACTAGTTCCTGC-1	Astro
ADsum_NCF221_TAGTGAGAGCCACAAT-1	Astro
ADsum_NCF161_CACAATATCCTAATGA-1	Astro
GATCGATGTTCGCGAC-L8TX_180406_01_E01	Astro
ADsum_NCF221_ACGCTTGAGACAACAG-1	Astro
AGCGTCGTCACCGTAA-L8TX_180907_01_E11	Astro
ADsum_NCF64_GTCATCCTCACTCAAA-1	Astro
AGCGTATAGCCACGTC-L8TX_180115_01_F08	Astro
AGGTCATTCCAGTATG-L8TX_180907_01_E11	Astro
ADsum_NCF221_AACATTGTCGGTTAGT-1	Astro
ADsum_NCF60_TTATAGCCACAACAAA-1	Astro
ADsum_NCF340_TAAGTGCTCAGTATTG-1	Astro
TACGGTATCCTGCCAT-L8TX_180115_01_H11	Astro
ADsum_NCF140_CGAATATGTAGCCATA-1	Astro
ADsum_NCF160_CCTTATGTCGCTATGG-1	Astro
ADsum_NCF349_ACTTTGTTCAACCAAC-1	Astro
ADsum_NCF82_GAGTCAAAGGTCGATT-1	Astro
ADsum_NCF200_CGCTACTTCCTCCCTC-1	Astro
GAAATGACACGTCAGC-L8TX_180907_01_F11	Astro
ADsum_NCF216_GGCCTTCGTTAACGAT-1	Astro
ADsum_NCF340_AGAAAGGCAAACCTTG-1	Astro
ADsum_NCF160_CGAAATGAGACACTTA-1	Astro
GCACTCTGTAGGCATG-L8TX_181011_01_G02	Astro
ADsum_NCF95_CTTACCTCACGTGCTG-1	Astro
ADsum_NCF340_TAGAGCCGTTGCATCT-1	Astro
ADsum_NCF71_TGTAAGCTCCCGAACA-1	Astro
ADsum_NCF94_CTGCAATAGGCCTGGT-1	Astro
AGCTCCTGTGGCCCTA-L8TX_180221_01_E10	Astro
ADsum_NCF95_GAACACAAGCTTTGGG-1	Astro
ADsum_NCF60_CCCTCACCAAGGTCCT-1	Astro
ADsum_NCF140_CCGTTTGGTTAAGTGT-1	Astro
ADsum_NCF140_GGTGTCCAGGATTTGC-1	Astro
CCACTACTCTCGTATT-L8TX_181011_01_B03	Astro
CGATTGAGTCTTGCGG-L8TX_190312_01_B01	Astro
ADsum_NCF115_GTACTGGTCGCAGGCT-1	Astro
TAGACCATCCCGGATG-L8TX_181011_01_H03	Astro
ADsum_NCF140_TTAGGCGTCCCTCAAC-1	Astro
ADsum_NCF115_ACCTTGCTCTTAGTCT-1	Astro
ADsum_NCF64_CACAAGCGTGTTGCAA-1	Astro
ADsum_NCF160_ATCGAGGCAAGCGATG-1	Astro
GACTAACAGGCGCTCT-L8TX_180115_01_F08	Astro
CAAGTTGTCCAGTATG-L8TX_180115_01_F10	Astro
CGGAGCTCAACTGGCC-L8TX_171026_01_H04	Astro
ADsum_NCF60_TCAGTGAGTTTGAGGC-1	Astro
ADsum_NCF340_ATAACGACAGTTATGT-1	Astro
ADsum_NCF161_GTTTATCTCACGCATG-1	Astro
ADsum_NCF115_AAACAGCCACGTAAGG-1	Astro
ADsum_NCF160_CTAACCACAGAAATTG-1	Astro
TCGGGACCAATTCCTT-L8TX_180907_01_G11	Astro
GCGCAACCATTCTCAT-L8TX_190312_01_H01	Astro
TTTGTCAAGGATTCGG-L8TX_180926_01_D01	Astro
ADsum_NCF160_ACCCTGTTCTAATCCT-1	Astro
ADsum_NCF140_GGGCTAACACTTCATC-1	Astro
ADsum_NCF115_CACGCTAAGGCTACTG-1	Astro
CACCACTAGACTGTAA-L8TX_180115_01_D11	Astro
ADsum_NCF95_TACTGGCCATGCTATG-1	Astro
ADsum_NCF160_TGGTTAATCGGTCAAT-1	Astro
CACCTTGCACTAAGTC-L8TX_180221_01_H12	Astro
ADsum_NCF95_GTTACAGGTAGCTGGT-1	Astro
CCAATCCTCTGTACGA-L8TX_180221_01_E10	Astro
AGCTCTCAGTGTACCT-L8TX_190312_01_H01	Astro
GTGTTAGTCAGTCCCT-L8TX_190312_01_E01	Astro
ADsum_NCF64_TCTAATCTCGCTAGTG-1	Astro
ADsum_NCF115_CGTCCTAGTTCACCCA-1	Astro
ADsum_NCF349_ATTGCGCCAGTTTCTC-1	Astro
CAGGTGCTCGAGGTAG-L8TX_180115_01_F10	Astro
ADsum_NCF216_TGCTCCGTCGGTTTGG-1	Astro
ADsum_NCF64_TATATCCTCGCACACA-1	Astro
ADsum_NCF60_AACGGTAAGCGATACT-1	Astro
ATTGGACCATATACCG-L8TX_190312_01_E01	Astro
CGGACGTGTAAACGCG-L8TX_180221_01_C09	Astro
ADsum_NCF216_ACCTACCTCATTGACA-1	Astro
GACGGCTTCTGCTGCT-L8TX_190312_01_F02	Astro
ADsum_NCF64_AGCACTAGTTTCAGGA-1	Astro
ADsum_NCF340_AGGTGAATCTAAGTGC-1	Astro
ADsum_NCF115_GCGATTTAGTCAATCA-1	Astro
CTCGTACCACTGCCAG-L8TX_190312_01_G01	Astro
GCAAACTAGGCTAGAC-L8TX_180221_01_G12	Astro
ADsum_NCF115_CATCACACACAATACT-1	Astro
ADsum_NCF200_AGGTAACCAGGATTAA-1	Astro
ADsum_NCF160_AGGTTTATCACTAAGC-1	Astro
CAAGAAAAGTTAGCGG-L8TX_200611_02_A05	Astro
ADsum_NCF82_CGTGTTACAGGACCTT-1	Astro
ADsum_NCF160_GGTAATTGTACCTTAC-1	Astro
ADsum_NCF64_CATATCGCACAACAAA-1	Astro
ADsum_NCF216_CTTTGTCCAGGCTACT-1	Astro
TAAACCGGTTACGTCA-L8TX_171026_01_H03	Astro
ADsum_NCF140_TGTGGCGGTGATTTGG-1	Astro
ADsum_NCF340_ATTAGGTGTATGGTGC-1	Astro
ADsum_NCF161_TCTAACCGTTGAGCCG-1	Astro
ADsum_NCF216_TAATTGCCAACTAGAA-1	Astro
ADsum_NCF221_ATTGCACAGCCTCTCG-1	Astro
ADsum_NCF221_GGACATAAGGCCTGGT-1	Astro
ADsum_NCF200_CAAACTGGTTTAACCC-1	Astro
ADsum_NCF200_CAGTACCCATGAAGTA-1	Astro
ADsum_NCF340_TTGGCTGAGACACTTA-1	Astro
GTAACGTTCAATACCG-L8TX_190312_01_A03	Astro
CTGCTGTCATGTAGTC-L8TX_180221_01_E12	Astro
ADsum_NCF95_GCACGAACATTAGCGC-1	Astro
ADsum_NCF71_TGCACCTTCTGTTCAT-1	Astro
ADsum_NCF340_CGAAGGCCAATTAGCT-1	Astro
TATCTCACACGTTGGC-L8TX_180115_01_F08	Astro
ADsum_NCF160_GCTTGACCAACATAAG-1	Astro
TCTGAGACAAGTTGTC-L8TX_171026_01_F03	Astro
ADsum_NCF64_TGTGAAACATTAAGCT-1	Astro
ADsum_NCF349_CAAGCTAGTTTACCGT-1	Astro
GATTCAGCAGTATCTG-L8TX_180406_01_G02	Astro
ADsum_NCF160_TCATTGTTCCTAAGGT-1	Astro
ADsum_NCF200_GTACGTAGTTAGGATT-1	Astro
ADsum_NCF115_AAGACATAGTATTGGC-1	Astro
ADsum_NCF82_TCGTTAAAGCCTGTGA-1	Astro
ADsum_NCF115_GGAGCAAGTGAAGCCT-1	Astro
CATTCGCCACTGTTAG-L8TX_171026_01_B04	Astro
ADsum_NCF221_CTTAAGGGTGCAATAT-1	Astro
ADsum_NCF340_CGTAGTTAGCTTGCTC-1	Astro
ADsum_NCF200_CAGTATGGTTTGAGGC-1	Astro
ADsum_NCF71_TGGCTAAGTTGGTTCT-1	Astro
ADsum_NCF160_CTTCAGGAGACTCGCA-1	Astro
ADsum_NCF140_GGTCAATTCAATCTCT-1	Astro
ADsum_NCF349_CCAAACCCAACGTGCT-1	Astro
ADsum_NCF115_GGACGAAGTTACATCC-1	Astro
ADsum_NCF349_TTCAGGTAGTGTTGCG-1	Astro
TGGCTGGAGTGCGTGA-L8TX_190312_01_C01	Astro
ADsum_NCF340_TGCTTGCTCTAATTGG-1	Astro
GATGAAATCATTCACT-L8TX_180907_01_E11	Astro
ADsum_NCF216_CAACAATGTCTTTGAC-1	Astro
TTGACTTGTATTACCG-L8TX_181011_01_C03	Astro
CAACCAACAAGCGTAG-L8TX_180221_01_E12	Astro
ADsum_NCF71_AGGAACCAGCTAAAGG-1	Astro
AAAGTAGAGTGCGATG-L8TX_171026_01_A05	Astro
ADsum_NCF221_TAGGCTTAGTTGTCTT-1	Astro
ADsum_NCF95_AGCAACAAGCGCAATT-1	Astro
ADsum_NCF60_ACGCACGGTAATCCCT-1	Astro
ADsum_NCF64_CGCATGATCATTGACA-1	Astro
GCTGCAGCAGGACCCT-L8TX_181011_01_H02	Astro
CCACGGAAGTCCCACG-L8TX_180221_01_E12	Astro
AGGGATGAGGATATAC-L8TX_180907_01_B12	Astro
ADsum_NCF160_GCAGGCTTCATGCGTG-1	Astro
CCAGCGATCCGCGGTA-L8TX_181011_01_C03	Astro
ADsum_NCF349_TATGAAGCAACACCTA-1	Astro
ADsum_NCF95_CCATAATCAATTGAGA-1	Astro
ADsum_NCF160_CTACAACAGCTGTAAC-1	Astro
ADsum_NCF115_TGTTACTTCCGCACAA-1	Astro
ADsum_NCF140_TAAGCTATCGCAATCG-1	Astro
ADsum_NCF140_CATGCGCAGGGACGCA-1	Astro
GCACTCTTCAACCATG-L8TX_190312_01_F01	Astro
CTAACTTAGGTGTGGT-L8TX_180406_01_E07	Astro
GTGCGGTTCTACTCAT-L8TX_190312_01_E01	Astro
ADsum_NCF64_TGTGCAAGTGGAAACG-1	Astro
ADsum_NCF224_CTAGGACGTTAGAGCC-1	Astro
ADsum_NCF95_GTTGCATAGCCTTAAA-1	Astro
TACACGATCGCTTGTC-L8TX_180115_01_E08	Astro
ADsum_NCF200_ACTAAAGCACCCACAG-1	Astro
ADsum_NCF82_GCCTGTGCAAGGCCAA-1	Astro
ADsum_NCF349_ACTTAGTCAACTAACT-1	Astro
ADsum_NCF340_ATGGCCCAGTGGCGGA-1	Astro
ADsum_NCF161_TTTGTGGCATAAGGAC-1	Astro
ADsum_NCF115_ACTCAGTAGGTCCACA-1	Astro
ADsum_NCF95_CGAGGTGAGTAAACCC-1	Astro
TACTCATCACACAGAG-L8TX_180221_01_D09	Astro
ADsum_NCF224_ATGTAAGCATTGACAT-1	Astro
ADsum_NCF221_GGTGAGTAGTCAGGCC-1	Astro
TTAACTCGTGCTAGCC-L8TX_180221_01_A11	Astro
ADsum_NCF71_AATCTCAAGGTATTGC-1	Astro
ADsum_NCF140_TATGTGATCAAGTGTC-1	Astro
ADsum_NCF216_GCAAACAAGACAAAGT-1	Astro
ADsum_NCF221_AAAGCACCAAGCTTTG-1	Astro
ADsum_NCF64_TCAAACCAGTATCGCG-1	Astro
ADsum_NCF140_CGTCAATAGTGAACGA-1	Astro
TTGGAACGTCTTCGTC-L8TX_181011_01_C03	Astro
CTCAGAATCAACACGT-L8TX_180926_01_E01	Astro
ADsum_NCF340_AACCGGCTCGCTTCTA-1	Astro
ADsum_NCF160_CTATTGAAGGCGCTTA-1	Astro
ADsum_NCF200_GGGTTACGTACGGTAC-1	Astro
ATCATGGGTGAAGGCT-L8TX_171026_01_G04	Astro
GTCTCGTGTGATGATA-L8TX_180221_01_G10	Astro
ADsum_NCF140_CAATCTAAGTCCTTTG-1	Astro
ADsum_NCF200_CGAACAAAGAATCTCA-1	Astro
ADsum_NCF349_CTTCAAGCAGGATGGC-1	Astro
ADsum_NCF160_ATCGGCCAGGTTTGCG-1	Astro
ADsum_NCF160_TTTACGAAGTTCCCGT-1	Astro
CGTAGCGAGCCAGAAC-L8TX_180926_01_E12	Astro
ADsum_NCF160_ACCATTAAGCTGTCAG-1	Astro
TGTGTTTCACACATGT-L8TX_171026_01_A05	Astro
ADsum_NCF140_CTTATGTTCAACAAGG-1	Astro
ADsum_NCF161_GTAAGCGCACAGCCTG-1	Astro
ADsum_NCF64_ATCAAGCTCCGCACAA-1	Astro
GCGAGAATCGATAGAA-L8TX_190312_01_D02	Astro
TATTACCCAAGGCTCC-L8TX_180221_01_D12	Astro
TAGACCATCGCATGAT-L8TX_171026_01_H03	Astro
ACTGCTCAGATCCCGC-L8TX_180221_01_E12	Astro
TCTGGAATCACAATGC-L8TX_190312_01_E01	Astro
ADsum_NCF161_ATCACTAAGCAGCTCA-1	Astro
TCAGGATGTCTTGCGG-L8TX_180406_01_F06	Astro
ADsum_NCF140_AGTAAACAGGACCTGC-1	Astro
ADsum_NCF340_TGCTCTCAGGATGATG-1	Astro
ADsum_NCF216_CATTGTGCATAATCAC-1	Astro
ADsum_NCF95_TATTTGCTCATTACTC-1	Astro
ADsum_NCF140_AAAGCGGGTAGTTGGC-1	Astro
ADsum_NCF64_ATTCAACCAGCTTACA-1	TCell
ADsum_NCF340_AATCCTAAGCAAGGAC-1	TCell
ADsum_NCF221_CTTAATGAGTCATTTC-1	TCell
ADsum_NCF216_ATTACCGCATCAGCAC-1	TCell
ADsum_NCF71_ATCCTCATCTTGCATT-1	TCell
ADsum_NCF340_GGGTTATTCGTGCTTC-1	TCell
ADsum_NCF160_TCATTGCGTTACATCC-1	TCell
ADsum_NCF349_GGGTCAACACCTGCTC-1	TCell
ADsum_NCF340_GAATTTGTCCATAATG-1	TCell
ADsum_NCF64_CGCATATAGTACTGGT-1	TCell
ADsum_NCF349_TGATTCAAGGAGTAAT-1	TCell
ADsum_NCF349_CTTACTAGTAGTTAAC-1	TCell
ADsum_NCF340_GTATGTTCAGGTTATT-1	TCell
ADsum_NCF340_TGTGTGAGTTGCATCT-1	TCell
ADsum_NCF349_AAGCAAGTCGTCAAGT-1	TCell
ADsum_NCF349_GCTAACCCACTGGCCA-1	TCell
ADsum_NCF140_AAGCATGAGACTATTG-1	TCell
ADsum_NCF140_CTTGCAACACACCAAC-1	TCell
ADsum_NCF216_AGGTTGCGTAATCACG-1	TCell
ADsum_NCF160_GTCTCACTCTCAATTC-1	TCell
ADsum_NCF216_TCCCTGGTCGGTACGC-1	TCell
ADsum_NCF82_TGCTCAACAGAATGAC-1	TCell
ADsum_NCF82_GGCATTAGTAAACAAG-1	TCell
ADsum_NCF94_GAGCGATAGGTCATTA-1	TCell
ADsum_NCF340_GATCAGGCATTTGCTC-1	TCell
ADsum_NCF71_GCAGCCAGTAAATTGC-1	TCell
ADsum_NCF95_TTAGGAACAAGTGTCC-1	TCell
ADsum_NCF60_GCTGGTTCACCCTCAC-1	TCell
ADsum_NCF161_GTATTCAAGTCATTTC-1	TCell
ADsum_NCF221_CTTCAATTCAAACTCA-1	TCell
ADsum_NCF221_CATTGTAAGTAATCCA-1	TCell
ADsum_NCF160_AGAACCGCAGTTTGTG-1	TCell
ADsum_NCF161_AGGCTAAAGCGCATTG-1	TCell
ADsum_NCF216_TCAACAATCGTTATAG-1	TCell
ADsum_NCF82_ATATGTCCAACCTGGT-1	TCell
ADsum_NCF340_TTGCACACAATTGAGA-1	TCell
ADsum_NCF160_GCACTAAGTTATAGCG-1	TCell
ADsum_NCF221_AGACACGCACCTGGTG-1	TCell
ADsum_NCF216_CGGATTAGTTTAACGG-1	TCell
ADsum_NCF349_GCCAGGAAGGAGGGTT-1	TCell
ADsum_NCF140_CTTGAACAGGCAGGTG-1	TCell
ADsum_NCF71_ATGACCAGTAAGCTTG-1	TCell
ADsum_NCF140_GACTAATGTTTAGCTC-1	TCell
ADsum_NCF161_GTGCAAGCATGTTGGC-1	TCell
ADsum_NCF160_TGAGGCACATCGCTCC-1	TCell
ADsum_NCF161_GTTGGCCAGTCCTTCA-1	TCell
ADsum_NCF161_GCTTGACCATTATCCC-1	TCell
ADsum_NCF64_CTTGAACAGGGTCCAC-1	TCell
ADsum_NCF224_GCCTACTTCCTTGCAC-1	TCell
ADsum_NCF161_TGGTTAATCTAGCTTT-1	TCell
ADsum_NCF340_TAGCCTTGTTGGTTGA-1	TCell
ADsum_NCF340_GTGTCCAAGGCAACAA-1	TCell
ADsum_NCF115_ACAACATGTGATGAAA-1	TCell
ADsum_NCF71_CGCGATTCAACATAAG-1	TCell
ADsum_NCF64_CGCATATAGCTGCACA-1	TCell
ADsum_NCF140_CATAGCTAGCTAGAAG-1	TCell
ADsum_NCF161_GTAAGCTTCCGCAAGC-1	TCell
ADsum_NCF216_CCCTCATAGCACTAAC-1	TCell
ADsum_NCF221_TATGGATGTTAACGAT-1	TCell
ADsum_NCF64_GTGTCCAAGGATCACT-1	TCell
ADsum_NCF64_CCAAACTAGGAGCATA-1	TCell
ADsum_NCF349_ACCTTGCTCAGGCCTA-1	TCell
ADsum_NCF140_TCTAACTTCGGGACTC-1	TCell
ADsum_NCF64_GCACTAAGTCACCAAA-1	TCell
ADsum_NCF64_CGCCAAATCCTCAGTC-1	TCell
ADsum_NCF64_CCCAGCACAGGAAGCC-1	TCell
ADsum_NCF221_TCTAACTTCGTTAGTA-1	TCell
ADsum_NCF140_CGTATTGCACCATATG-1	TCell
ADsum_NCF64_GGTTACCCAGTTTGTG-1	TCell
ADsum_NCF71_AAGGCCCTCCTGGTGA-1	TCell
ADsum_NCF71_TCGTAATCAGCTTAAT-1	TCell
ADsum_NCF71_CATGCAAGTCGTAAAT-1	TCell
ADsum_NCF161_GGTACAAAGCTGGAAA-1	TCell
ADsum_NCF71_AGTCGCATCCCGTTGT-1	TCell
ADsum_NCF221_TCCTAGTGTTTGCTGT-1	TCell
ADsum_NCF349_TTCCCACAGGTTACGT-1	TCell
ADsum_NCF94_ACTTACTTCTCGACCT-1	TCell
ADsum_NCF115_CTTTATGGTCTAACAG-1	TCell
ADsum_NCF140_AATTGCCAGAAAGGAA-1	TCell
ADsum_NCF140_GTCATGAGTAAGCTCA-1	TCell
ADsum_NCF221_CCGCTAAAGGATCCGC-1	TCell
ADsum_NCF140_GAGGCTACAGTAAAGC-1	TCell
ADsum_NCF160_GTAAAGCCAGCAGGTA-1	TCell
ADsum_NCF71_ATTAACCCAAGCTACC-1	TCell
ADsum_NCF221_GTCGCAATCCGGAACC-1	TCell
ADsum_NCF64_ATGTCATCACCAAAGG-1	TCell
ADsum_NCF200_GCTGAGGAGAGAGCCG-1	TCell
ADsum_NCF64_CGAGCGAAGTATTGTG-1	TCell
ADsum_NCF115_AGGATATAGTATTGGC-1	TCell
ADsum_NCF140_GTTGCGGGTTCACCAT-1	TCell
ADsum_NCF64_GCAGGAAGTTGCTGGG-1	TCell
ADsum_NCF140_TTGTAAGTCTTCAATC-1	TCell
ADsum_NCF340_CCAACCAAGTGAGGTA-1	TCell
ADsum_NCF140_GTTAGGCGTAAGCACC-1	TCell
ADsum_NCF140_TGCTGGATCAAAGGCA-1	TCell
ADsum_NCF224_TATTTGGAGGAACCGG-1	TCell
ADsum_NCF160_AGTAATCGTTTGCTGT-1	TCell
ADsum_NCF349_AGCAATTGTCCTTCAG-1	TCell
ADsum_NCF64_TCCTCTAAGCCTGATG-1	TCell
ADsum_NCF140_TGCACCTTCTAATCCT-1	TCell
ADsum_NCF216_GGAACGGTCGCAACAT-1	TCell
ADsum_NCF140_AAGCGGGTCGTTATCT-1	TCell
ADsum_NCF160_TGCTATGCACCATATG-1	TCell
ADsum_NCF160_GTATGTGGTAGTTGGC-1	TCell
ADsum_NCF221_TTAGGCCCATGTTTGG-1	TCell
ADsum_NCF60_GCTAATATCCTCCATA-1	TCell
ADsum_NCF216_TTATAGCCAGCAAATA-1	TCell
ADsum_NCF140_CAACAATGTCCGCTGT-1	TCell
ADsum_NCF160_TTTCTCACAATTAAGG-1	TCell
ADsum_NCF340_CGGTTATAGGCTGTCA-1	TCell
ADsum_NCF140_CGAAGCCTCCTAGTTT-1	TCell
ADsum_NCF160_GACATAGAGAGCCGCT-1	TCell
ADsum_NCF224_TGCTTGCTCTGGCTTC-1	TCell
ADsum_NCF349_GAAAGGCTCAATGACC-1	TCell
ADsum_NCF161_AAGGAAGCATGCATAT-1	TCell
ADsum_NCF60_GCCACAATCTCCTCAA-1	TCell
ADsum_NCF221_AAGTCTATCTGGCTTC-1	TCell
ADsum_NCF140_TAGCAGGCAAGGTCCT-1	TCell
ADsum_NCF82_GACCTCAAGTTCCTCA-1	TCell
ADsum_NCF140_AGAAGGTGTACGGTAC-1	TCell
ADsum_NCF71_AACCCGCAGCCTGGTA-1	TCell
ADsum_NCF200_TCGATTAAGGGTTAGA-1	TCell
ADsum_NCF140_CCGTGCTGTCTTGCTG-1	TCell
ADsum_NCF71_AGCAGGTAGTAAGTGG-1	TCell
ADsum_NCF140_AAGCTCCCATGAAGTA-1	TCell
ADsum_NCF64_ACGCCTAAGCAAGGTA-1	TCell
ADsum_NCF140_TATGACTCATTTAAGC-1	TCell
ADsum_NCF160_CGCAAATTCGGTCAAT-1	TCell
ADsum_NCF340_AATTCGTCAGGCAAGC-1	TCell
ADsum_NCF216_CCGCTAGCATTGTCAG-1	TCell
ADsum_NCF140_ACTGAATGTCATTGAG-1	TCell
ADsum_NCF140_TTGGGCGGTTGAGGTC-1	TCell
ADsum_NCF221_GCTAACCCATATAACC-1	TCell
ADsum_NCF140_AGGATCCGTCATAAGT-1	TCell
ADsum_NCF221_CGCTATGAGTAGGCGG-1	TCell
ADsum_NCF140_GGTTACTAGTTTAACG-1	TCell
ADsum_NCF160_TGTTATGAGGGCTTAT-1	TCell
ADsum_NCF60_CGCAATCCAGTACCGT-1	TCell
ADsum_NCF349_TGGTCCTTCATTGTTC-1	TCell
ADsum_NCF200_TAGGTTGGTTGGGTTA-1	TCell
ADsum_NCF95_CCTTCAGGTTACAAAC-1	TCell
ADsum_NCF71_CGTAGTTAGCTTAGCG-1	TCell
ADsum_NCF216_TTTGGTGCATATTGAC-1	TCell
ADsum_NCF140_AGGTGAGGTTGCTGGG-1	TCell
ADsum_NCF221_GTGAGCGAGTTATCCT-1	TCell
ADsum_NCF71_GCGCTTGCATAACGGG-1	TCell
ADsum_NCF160_ATCGCCCGTCGTTATC-1	TCell
ADsum_NCF200_CGCCACACAACCCTAA-1	TCell
ADsum_NCF221_CAACTAATCATTACGA-1	TCell
ADsum_NCF140_GGTGTTGTCCCTGTTA-1	TCell
ADsum_NCF160_GCTCCTTAGTGAGCAA-1	TCell
ADsum_NCF64_AGTAGCTTCCTAAATG-1	TCell
ADsum_NCF82_AGCCGGTTCTTGATGA-1	TCell
ADsum_NCF115_ATTAACCCACTGACCG-1	TCell
ADsum_NCF140_GCATGAAAGAGCAAGC-1	TCell
ADsum_NCF160_GCGCAATGTTTAACCC-1	TCell
ADsum_NCF71_AATCTTGAGGCCTAAT-1	TCell
ADsum_NCF340_AATCCCTGTAAGCTTG-1	TCell
ADsum_NCF94_TCCATGCTCGGTTCCT-1	TCell
ADsum_NCF161_GCGAAGCCACAGGGAC-1	TCell
ADsum_NCF161_GTTGTTGCAAACGCGA-1	TCell
ADsum_NCF160_ACGGTTAGTTAGCAGC-1	TCell
ADsum_NCF140_CAAGACAAGCGCTCAA-1	TCell
ADsum_NCF140_TTCTTAGGTTTAAAGC-1	TCell
ADsum_NCF221_TACCGTTGTCCTTCTC-1	TCell
ADsum_NCF140_GTTTCCTCACCTACGG-1	TCell
ADsum_NCF160_TAATGGACATCGCTTT-1	TCell
ADsum_NCF64_TAGCTTAAGGTCCACA-1	TCell
ADsum_NCF340_CGTATTGCAATGAGGT-1	TCell
ADsum_NCF140_AAGACAAGTCGACTAA-1	TCell
ADsum_NCF349_ACGACAAAGATAGACG-1	TCell
ADsum_NCF64_AGCTACTAGAGCAAGC-1	TCell
ADsum_NCF160_ATCACACAGGTCCTAG-1	TCell
ADsum_NCF221_CCTCCTCTCGGGCCAT-1	TCell
ADsum_NCF161_CCGTTTGGTAGTTAAC-1	TCell
ADsum_NCF140_GTCGAAGCACTCGCTC-1	TCell
ADsum_NCF221_CACAAGCGTGCTAGAC-1	TCell
ADsum_NCF216_GACCTTTGTAGGTTTG-1	TCell
ADsum_NCF224_CTTCTAAGTTACATCC-1	TCell
ADsum_NCF340_GGACTAAAGCTTTGTT-1	TCell
ADsum_NCF140_GAGGCTACAAACAACA-1	TCell
ADsum_NCF221_GCTGTGATCACCTGTC-1	TCell
ADsum_NCF71_GATCCGTCAAGGTACG-1	TCell
ADsum_NCF71_GGCTCAATCCCTCATA-1	TCell
ADsum_NCF340_GTACTTCGTACCGAAC-1	TCell
ADsum_NCF64_GCACGCTAGACAAAGT-1	TCell
ADsum_NCF340_GTGGCTTCATCGCTCC-1	TCell
ADsum_NCF161_GATAAGCCAGATTCAT-1	TCell
ADsum_NCF140_CGCGATTCATTATGAC-1	TCell
ADsum_NCF161_TCATTACTCATTACTC-1	TCell
ADsum_NCF71_GATTAGTGTGTCACGG-1	TCell
ADsum_NCF140_AGGATCCGTACAAAGA-1	TCell
ADsum_NCF140_CAAAGCGCACTAAATC-1	TCell
ADsum_NCF200_AGGAACGGTGCCGCAA-1	TCell
ADsum_NCF340_CTACAACAGTTATCTC-1	TCell
ADsum_NCF160_AAAGCAAGTTCGCTCA-1	TCell
ADsum_NCF140_TAATGGTGTGCTCACC-1	TCell
ADsum_NCF349_TGTGAAACAACCTAAT-1	TCell
ADsum_NCF64_GATGCTTAGCACCACA-1	TCell
ADsum_NCF140_TGGAACAAGTGGACAA-1	TCell
ADsum_NCF95_TCTTAGTTCCCGAACA-1	TCell
ADsum_NCF64_AGAATCGAGGCGCACT-1	TCell
ADsum_NCF216_TAATGCATCTCAATGA-1	TCell
ADsum_NCF221_TGTCATAAGCCACAAT-1	TCell
ADsum_NCF340_GGACATAAGTTCCCAC-1	TCell
ADsum_NCF349_ATGTCCACAGTTTCTC-1	TCell
ADsum_NCF140_GATGCTTAGTGACCTG-1	TCell
ADsum_NCF71_TTGCAAGGTGGTTCTT-1	TCell
ADsum_NCF140_AGCAAATAGACAGGCG-1	TCell
ADsum_NCF221_AAGCAAGTCCGTTATT-1	TCell
ADsum_NCF349_CTATAACCATAAGTCT-1	TCell
ADsum_NCF161_AGCACAGCACTAGGTC-1	TCell
ADsum_NCF82_AATCCCTGTAATCGTG-1	TCell
ADsum_NCF71_TAGTTTGAGGTATTGC-1	TCell
ADsum_NCF200_CTTTGAGCACGTAAGG-1	TCell
ADsum_NCF221_TTGCCCGTCATTAGTG-1	TCell
ADsum_NCF200_AACTTAGTCATGGCCA-1	TCell
ADsum_NCF64_GCCACAATCGCTAAGT-1	TCell
ADsum_NCF71_CATTCCTCAGCACGTT-1	TCell
ADsum_NCF340_GAGGCAAGTACGGGTT-1	TCell
ADsum_NCF140_TCGTTACGTACTGATG-1	TCell
ADsum_NCF340_TTTAGCAAGTTATGGC-1	TCell
ADsum_NCF160_TACTGAGGTTTACGTC-1	TCell
ADsum_NCF140_CGTGACATCGGCTAGC-1	TCell
ADsum_NCF140_TTCCTTCTCCTTAATC-1	TCell
ADsum_NCF340_TAATCCGCAAAGGTAC-1	TCell
ADsum_NCF340_GTAAAGCCAGCAATAA-1	TCell
ADsum_NCF216_ACTTGAATCTATTGTC-1	TCell
ADsum_NCF60_GCTTTCATCTCATCAT-1	TCell
ADsum_NCF64_AAACAGCCAAATTCGT-1	TCell
ADsum_NCF160_CGCTCAGCAGGGAGCT-1	TCell
ADsum_NCF71_GTCTAATCAAGGTCCT-1	TCell
ADsum_NCF140_CTATGGCCATGAGCAG-1	TCell
ADsum_NCF140_CTCATGCTCCTAGTAA-1	TCell
ADsum_NCF221_GCATTAGGTTCATTTG-1	TCell
ADsum_NCF221_CTCCTCACACCAGCAT-1	TCell
ADsum_NCF95_TTCCTTGAGCCTGAGC-1	TCell
ADsum_NCF64_GACGTAAAGGTGAAGC-1	TCell
ADsum_NCF160_CTGTATTTCCGCCAAA-1	TCell
ADsum_NCF71_AAGCAAGTCAAGCGCC-1	TCell
ADsum_NCF221_CGCGATTCAATAACCT-1	TCell
ADsum_NCF340_GTCCTCCCAGCTTAGC-1	TCell
ADsum_NCF161_GCTGTACCATGAAATG-1	TCell
ADsum_NCF221_CCCTCACCAACCCTAA-1	TCell
ADsum_NCF140_GTATTGATCTTTGAGA-1	TCell
ADsum_NCF140_ACGGTTTAGGCCATCA-1	TCell
ADsum_NCF71_CTTTAGTTCGGTTTCC-1	TCell
ADsum_NCF95_TGTTCCTCAATAGCCC-1	TCell
ADsum_NCF200_AAATCCGGTTAACACG-1	TCell
ADsum_NCF71_TGGCGGTTCCGTTAAA-1	TCell
ADsum_NCF224_GATTAGCTCATTGTCT-1	TCell
ADsum_NCF71_CTCCAAACACAGCCAT-1	TCell
ADsum_NCF64_CTTGTTCCACCAAAGG-1	TCell
ADsum_NCF95_CTGTGTGAGGTGTCCA-1	TCell
ADsum_NCF140_TGATTGCAGCTTTGTT-1	TCell
ADsum_NCF140_GGTTGAGCAGGAACCA-1	TCell
ADsum_NCF221_CTTCAATTCGCGCTAA-1	TCell
ADsum_NCF64_GTGGACACATAAGTTC-1	TCell
ADsum_NCF64_ATAACGACAACTAGCC-1	TCell
ADsum_NCF64_AGTCTTGCAGAAATGC-1	TCell
ADsum_NCF71_CATAATGTCAGCTAAC-1	TCell
ADsum_NCF161_GGTTATGGTGTCCAGG-1	TCell
ADsum_NCF140_GCCACAATCAAGGACA-1	TCell
ADsum_NCF140_ACAAACTGTGATCATG-1	TCell
ADsum_NCF140_CCCGTAAAGGTTAGAG-1	TCell
ADsum_NCF221_TGTGGCCAGGCATTGT-1	TCell
ADsum_NCF115_GTTTAACCATTGTGGC-1	TCell
ADsum_NCF94_CTTGAATCAAAGCTCC-1	TCell
ADsum_NCF140_CCTGATGAGGGATTAG-1	TCell
ADsum_NCF340_CGCTTCTAGTAAAGGT-1	TCell
ADsum_NCF161_TACGTACAGCATCCAG-1	TCell
ADsum_NCF224_GTCGCAATCTATGACA-1	TCell
ADsum_NCF64_TAGGAACCAACATAAG-1	TCell
ADsum_NCF340_ACCTAAGGTAATGACT-1	TCell
ADsum_NCF200_TTAACTGAGTCAGGCC-1	TCell
ADsum_NCF82_AGACAATAGTAGCCAT-1	TCell
ADsum_NCF161_ACCGCAATCGCTAGCA-1	TCell
ADsum_NCF60_CACAGGCTCTAAATCG-1	TCell
ADsum_NCF161_TTCAACCGTCATCATC-1	TCell
ADsum_NCF60_TTGCTTTAGTAGGCGG-1	TCell
ADsum_NCF140_ACGAGTAAGTTGGCCA-1	TCell
ADsum_NCF160_TAGCTAGGTTAGGACC-1	TCell
ADsum_NCF349_CAAAGGATCAAACCGT-1	TCell
ADsum_NCF200_GCCTTGCGTAATAGCT-1	TCell
ADsum_NCF349_CAGGCTGGTCACAGAC-1	TCell
ADsum_NCF161_GAGGTTAAGTTTGTCT-1	TCell
ADsum_NCF60_CATATCGCAACAGGTG-1	TCell
ADsum_NCF140_ATGCCTGAGTTCCCGT-1	TCell
ADsum_NCF349_CAAGTAACATTCCTCG-1	TCell
ADsum_NCF216_AAGACATAGGTGCTGC-1	TCell
ADsum_NCF140_CTCTGTTCAGCTCATA-1	TCell
ADsum_NCF224_CGCCTGTGTTACAAAC-1	TCell
ADsum_NCF200_AGTGCGGAGCCTGTGA-1	TCell
ADsum_NCF64_CGGATAAAGCTATGAC-1	TCell
ADsum_NCF221_AGGTTGCGTATTCGCT-1	TCell
ADsum_NCF340_GACCTAGTCTTGACCC-1	TCell
ADsum_NCF140_TATGACTCACTAGGTC-1	TCell
ADsum_NCF64_ACCCTGTTCCGGCTAA-1	TCell
ADsum_NCF340_CACTTAAAGGACTTAC-1	TCell
ADsum_NCF64_GTACTAGGTAGGTGTC-1	TCell
ADsum_NCF221_CGTAGTTAGACAAGTG-1	TCell
ADsum_NCF224_CGCAATTAGTTGCGTG-1	TCell
ADsum_NCF64_AGGTATTGTCATGCCC-1	TCell
ADsum_NCF140_TAGCCTCTCCACCTTA-1	TCell
ADsum_NCF140_ACCAGGGAGTAAACCC-1	TCell
ADsum_NCF160_ATTAGGTGTTTGAGGC-1	TCell
ADsum_NCF200_TATTAGGTCGATATTG-1	TCell
ADsum_NCF64_CTCACTCAGGAATAAC-1	TCell
ADsum_NCF340_TGGCCTTTCACGCGGT-1	TCell
ADsum_NCF161_GTATGTTCATAATCGT-1	TCell
ADsum_NCF82_ACCCAACCACGAATTT-1	TCell
ADsum_NCF140_GCTGCATCAAAGCTCC-1	TCell
ADsum_NCF82_ATGGCCCAGGTCGAGG-1	TCell
ADsum_NCF221_ATGTCATCACAGCCAT-1	TCell
ADsum_NCF221_ATTGTGATCGGTTCCT-1	TCell
ADsum_NCF115_GTCATGCCAAACCTTG-1	TCell
ADsum_NCF95_TTTACGAAGTCAGTAC-1	TCell
ADsum_NCF161_ACAACACTCATTTAGG-1	TCell
ADsum_NCF221_GTTTCTAGTAATGGAA-1	TCell
ADsum_NCF160_CGAGCGAAGTAAGTGG-1	TCell
ADsum_NCF140_AGAACCGCAGAAATTG-1	TCell
ADsum_NCF160_CTATGACAGGCGAAAC-1	TCell
ADsum_NCF71_AATTACCCACCCTCAC-1	TCell
ADsum_NCF115_CATTATCTCGCTAGTG-1	TCell
ADsum_NCF140_TTATAGCCAGGAACAT-1	TCell
ADsum_NCF160_ACAACACTCTTAATGG-1	TCell
ADsum_NCF221_GACATTATCTAAATCG-1	TCell
ADsum_NCF216_CTGAAACTCTAAGGTC-1	TCell
ADsum_NCF160_AATATCCCATCCGTAA-1	TCell
ADsum_NCF64_AGGAACCAGCACTAAC-1	TCell
ADsum_NCF161_CCATAAATCTCGCCCA-1	TCell
ADsum_NCF71_CTGTATTTCCTAAGTA-1	TCell
ADsum_NCF216_GCTCCTTAGGCCTTAG-1	TCell
ADsum_NCF216_ATGAATGCAGGTTAAA-1	TCell
ADsum_NCF140_CATGCGGGTAGCTGGT-1	TCell
ADsum_NCF140_GGTTTCTGTTGAAGCC-1	TCell
ADsum_NCF340_GCTTATCGTGGTTCTT-1	TCell
ADsum_NCF140_TATGAAGCAATGAATG-1	TCell
ADsum_NCF221_ACACCTTGTAATGACT-1	TCell
ADsum_NCF64_GCAAACTTCATCGTTT-1	TCell
ADsum_NCF340_GCCAACATCATGGTTA-1	TCell
ADsum_NCF340_GACATAGAGGAGCAAC-1	TCell
ADsum_NCF161_AACCTTAAGCGCCTAA-1	TCell
ADsum_NCF224_AGCTGCTCAAGACTCC-1	TCell
ADsum_NCF71_TGGCGGTTCTAGCGAT-1	TCell
ADsum_NCF349_CGATTGAGTTATCGAG-1	TCell
ADsum_NCF140_CACATACAGTACCGCA-1	TCell
ADsum_NCF60_TGAAGTGAGGGTGAAC-1	TCell
ADsum_NCF64_GTACTAGGTGAGCAAG-1	TCell
ADsum_NCF160_TTTACGCGTTAACACG-1	TCell
ADsum_NCF140_CGTTAGGTCCGCACAA-1	TCell
ADsum_NCF221_GCAGGCAAGGAGGCAT-1	TCell
ADsum_NCF140_AATCCATCACCACAAC-1	TCell
ADsum_NCF340_TCGACAAGTCAGGCAT-1	TCell
ADsum_NCF140_GTTAATGTCAATGTCA-1	TCell
ADsum_NCF82_CCAGACTCACCCTCAC-1	TCell
ADsum_NCF140_TTGACGTAGCCGCAAC-1	TCell
ADsum_NCF216_ATAGATGCAAAGGTAC-1	TCell
ADsum_NCF161_GTCTTTAGTTAGAGGG-1	TCell
ADsum_NCF140_TAGACCAGTCCTAGTT-1	TCell
ADsum_NCF160_CCGCTAGCACTAGGTC-1	TCell
ADsum_NCF221_TGCAATATCAAGTGTC-1	TCell
ADsum_NCF140_CACGCTAAGCTTAGCG-1	TCell
ADsum_NCF140_TCCTTGCAGCCTGTGA-1	TCell
ADsum_NCF221_ATCCTGACAAAGCGCA-1	TCell
ADsum_NCF160_AAACAGCCAATGCCCG-1	TCell
ADsum_NCF200_TCCTCACAGCATGAAG-1	TCell
ADsum_NCF160_GTCTTTAGTTGTTCAC-1	TCell
ADsum_NCF216_GCTTTATTCCTGGTCT-1	TCell
ADsum_NCF340_CGAAGCCTCGGTCAAT-1	TCell
ADsum_NCF349_TGCTTGCTCCGCAAAT-1	TCell
ADsum_NCF161_TACAACATCACTAGGT-1	TCell
ADsum_NCF140_CTTGGACCACAATTAC-1	TCell
ADsum_NCF349_GTCAATATCAGCAAAG-1	TCell
ADsum_NCF64_GATTTGCAGCGGGCAA-1	TCell
ADsum_NCF140_CAACCCGCATTGACAT-1	TCell
ADsum_NCF221_GCAGGACCAATTATGC-1	TCell
ADsum_NCF64_AGTAACGAGTCATTAG-1	TCell
ADsum_NCF140_AAAGCTTGTTAACGAT-1	TCell
ADsum_NCF224_CTATTGAAGTCATGCG-1	TCell
ADsum_NCF160_TTTGTCCCAAATACCT-1	TCell
ADsum_NCF160_GAAGGCTAGCTTATGA-1	TCell
ADsum_NCF349_AGGCTAAAGGTTTGCG-1	TCell
ADsum_NCF140_CTCGTTATCAAAGGCA-1	TCell
ADsum_NCF140_TTGCATTTCACTTTAC-1	TCell
ADsum_NCF349_CAAGAACCAGTACCGT-1	TCell
ADsum_NCF161_TTTGCGGAGTTATCTC-1	TCell
ADsum_NCF95_TCACATAAGGAGCATA-1	TCell
ADsum_NCF64_CTTCAAGCACAAAGAC-1	TCell
ADsum_NCF140_ACACTAGGTAGGATTT-1	TCell
ADsum_NCF71_TTTCCGGGTGTAATAC-1	TCell
ADsum_NCF95_CGGTGAGAGGCGAAAC-1	TCell
ADsum_NCF349_ACAGGATCAGGCATGA-1	TCell
ADsum_NCF160_TTGCAGCCAAGGCCAA-1	TCell
ADsum_NCF95_TAGCCTGAGCTCCTTA-1	TCell
ADsum_NCF140_TCGTCAACACTTACAG-1	TCell
ADsum_NCF216_TGCATCCTCTTAGCCC-1	TCell
ADsum_NCF140_CTAGTAGGTGTTCCCA-1	TCell
ADsum_NCF71_GCACCTAAGCGCTAAT-1	TCell
ADsum_NCF340_GCTAGCTCATCGTTCT-1	TCell
ADsum_NCF140_TTGACTAAGTGAGCGG-1	TCell
ADsum_NCF140_AGAGAAGCATTGTTGG-1	TCell
ADsum_NCF160_ATTTGCGCACCATATG-1	TCell
ADsum_NCF221_CCAGGATGTGACATAT-1	TCell
ADsum_NCF161_AATTTGGTCAGGTCCA-1	TCell
ADsum_NCF221_CGCACACAGATACTTG-1	TCell
ADsum_NCF140_ATCATGTCAGGTTATT-1	TCell
ADsum_NCF221_TGTCAGTAGCCGCTTT-1	TCell
ADsum_NCF140_CAAACATGTGCTTAGA-1	TCell
ADsum_NCF94_GAGCGGTCATAGTCAT-1	TCell
ADsum_NCF200_GACCGTTCAAGTTATC-1	TCell
ADsum_NCF71_TGCATCCTCGATAACC-1	TCell
ADsum_NCF140_ATGCTTAAGTGGACAA-1	TCell
ADsum_NCF64_TAACCGGTCGGTCAGC-1	TCell
ADsum_NCF216_ACCTCACTCCCGCCTA-1	TCell
ADsum_NCF140_CCTTGTTCATGTCGCG-1	TCell
ADsum_NCF71_GAGGCAAGTTAGGACC-1	TCell
ADsum_NCF221_ATTATCCTCCGTGACA-1	TCell
ADsum_NCF216_GCCTTAACACAAGCCT-1	TCell
ADsum_NCF160_GGACCGAAGCTATTGA-1	TCell
ADsum_NCF221_CAACCCGCACCAAAGG-1	TCell
ADsum_NCF221_CAGCCTTTCTCACAAA-1	TCell
ADsum_NCF340_GCCTGTGCATAATCAC-1	TCell
ADsum_NCF160_TAGTCAATCGGCCATA-1	TCell
ADsum_NCF224_TGTCAGTAGGTGCTGC-1	TCell
ADsum_NCF115_GCTATTGCACGTGCTG-1	TCell
ADsum_NCF160_CCGATGCAGCTTCCCG-1	TCell
ADsum_NCF140_CGATTTGCAAACTGTT-1	TCell
ADsum_NCF221_CGAATCTAGTAGGCGG-1	TCell
ADsum_NCF140_CTCATGCTCCGTCCAT-1	TCell
ADsum_NCF349_TTGCATTTCATTTGTC-1	TCell
ADsum_NCF82_ACGAACAAGCCACAAT-1	TCell
ADsum_NCF161_GATCAGTTCGCATTAA-1	TCell
ADsum_NCF64_TAGGCTTAGGTTTGAC-1	TCell
ADsum_NCF160_CGCATTACAGTCTAAT-1	TCell
ADsum_NCF82_TGAAGCAAGTTAGAGG-1	TCell
ADsum_NCF221_CACCAACCAGACAAAC-1	TCell
ADsum_NCF140_TAGTTGTCAACTAGCC-1	TCell
ADsum_NCF64_GAGCCTTCACGTAATT-1	TCell
ADsum_NCF221_TTTACGCGTAGACAAA-1	TCell
ADsum_NCF64_CGTGCACAGCCTGTTC-1	TCell
ADsum_NCF161_GCTCACAAGTTGCGTG-1	TCell
ADsum_NCF216_GGACTAAAGTGACCTG-1	TCell
ADsum_NCF140_CATCACACAGTGAACG-1	TCell
ADsum_NCF221_ACGTCCTTCGTGCTTC-1	TCell
ADsum_NCF140_GGTGAGCCAACCCTAA-1	TCell
ADsum_NCF71_AGCCTCCGTGGATTGC-1	TCell
ADsum_NCF340_GATAAAGGTAGCTGGT-1	TCell
ADsum_NCF340_TAGCTTGCACTTGTTC-1	TCell
ADsum_NCF216_TGCATCCTCACGCCAA-1	TCell
ADsum_NCF224_ACCGGCTAGGATTGCT-1	TCell
ADsum_NCF221_GCTTAAATCATTACTC-1	TCell
ADsum_NCF95_TATTACCTCCCGAAGC-1	TCell
ADsum_NCF161_AATCGCCCATTGCAGC-1	TCell
ADsum_NCF161_GCCACAATCATCCACC-1	TCell
ADsum_NCF224_GTTGCCCGTTGAGGTC-1	TCell
ADsum_NCF216_CAACAATGTTGGTTCT-1	TCell
ADsum_NCF140_CATAATCCAATTGAAG-1	TCell
ADsum_NCF64_ACGAACAAGGACGTAA-1	TCell
ADsum_NCF161_GATTCAGGTTTAACCC-1	TCell
ADsum_NCF140_AGATGCTTCTTGCAAA-1	TCell
ADsum_NCF140_TGGTGATTCATGAGCT-1	TCell
ADsum_NCF200_CTGACCAAGTTATGTG-1	TCell
ADsum_NCF140_CGTTATTTCACTAGGT-1	TCell
ADsum_NCF221_TCCCGTTAGGGACTAA-1	TCell
ADsum_NCF340_CTAAAGCTCCTTTACG-1	TCell
ADsum_NCF140_GGTCCGTAGAAAGGAA-1	TCell
ADsum_NCF64_GCAGCAACAGCCAGAA-1	TCell
ADsum_NCF340_TGTAAGTGTCCTTAGT-1	TCell
ADsum_NCF71_TCGGTAAGTAACTACG-1	TCell
ADsum_NCF140_TACGTTAAGGCAACAA-1	TCell
ADsum_NCF95_AGCACAGCATTATGGT-1	TCell
ADsum_NCF221_CCCAGTTTCCGGTATG-1	TCell
ADsum_NCF161_CTTACCTCAACTAGCC-1	TCell
ADsum_NCF216_CTGGTAAGTAACGAGG-1	TCell
ADsum_NCF64_CTATGATCAAACGCGA-1	TCell
ADsum_NCF140_GCATTAGGTCCTTTAA-1	TCell
ADsum_NCF349_CAGCAAGCACAATGCC-1	TCell
ADsum_NCF64_TCACGGATCACGCATG-1	TCell
ADsum_NCF115_GGCTTAAGTTGAGGTC-1	TCell
ADsum_NCF200_ATGACTCAGAATCTCA-1	TCell
ADsum_NCF64_TTTGTGAAGGTCCGTA-1	TCell
ADsum_NCF349_CTCACACTCGATTCTT-1	TCell
ADsum_NCF140_CGGAATCGTAGCTAGC-1	TCell
ADsum_NCF161_AACGCCCAGTATTGTG-1	TCell
ADsum_NCF221_AGCAGGTAGTTTGAGC-1	TCell
ADsum_NCF82_TGTGGCGGTGATGAGG-1	TCell
ADsum_NCF340_TTTGTGTTCATAGCCG-1	TCell
ADsum_NCF140_ATGCATTCAATGCCTA-1	TCell
ADsum_NCF349_AACGCCCAGCTTATGA-1	TCell
ADsum_NCF340_GTGAGCGAGGCCTGGT-1	TCell
ADsum_NCF340_CTTGCATGTAGACAAA-1	TCell
ADsum_NCF349_TTTGAGTCAGTCTATG-1	TCell
ADsum_NCF94_ACCCGTAAGCATGACT-1	TCell
ADsum_NCF64_CCTTGCGTCCTTAGGG-1	TCell
ADsum_NCF94_AAACGGATCATTTAGG-1	TCell
ADsum_NCF115_AGTAATGCAACCGCCA-1	TCell
ADsum_NCF64_GCATTGCCAGTTTACG-1	TCell
ADsum_NCF349_ATTGGTTCAATTGAGA-1	TCell
ADsum_NCF64_GTCATCACAAGTGAAC-1	TCell
ADsum_NCF216_TGCTAGCCAAATATCC-1	TCell
ADsum_NCF60_TGCGCAGGTTGGTTAG-1	TCell
ADsum_NCF349_AGTTTGATCCCGCAAA-1	TCell
ADsum_NCF349_ATTCCTAGTAAGGTTT-1	TCell
ADsum_NCF340_ATATGTCCACTAGCGT-1	TCell
ADsum_NCF71_CCGCAAGGTAACGAGG-1	TCell
ADsum_NCF161_ATCTATGAGGCGCATC-1	TCell
ADsum_NCF64_CCTAAAGGTGTTTGCT-1	TCell
ADsum_NCF95_TTGCAATCATTGTGTG-1	TCell
ADsum_NCF221_TGGACAAAGCGCATTG-1	TCell
ADsum_NCF60_TGATGATGTCATGCCC-1	TCell
ADsum_NCF224_CTTGCTCAGCCGCTAA-1	TCell
ADsum_NCF161_GTTTGTAAGTAAGGGC-1	TCell
ADsum_NCF140_TGCAGGCTCCCTCACG-1	TCell
ADsum_NCF64_TTAGGAACAAGGGTTG-1	TCell
ADsum_NCF94_GAGGCTACACCTCACC-1	TCell
ADsum_NCF221_CGTCAATAGCGCTCAA-1	TCell
ADsum_NCF115_TGCTTCCAGGCGGATG-1	TCell
ADsum_NCF64_CCTCAATGTGTCCAGG-1	TCell
ADsum_NCF71_GCATTAGGTAGCTGGT-1	TCell
ADsum_NCF161_TACGTAATCATGGTGT-1	TCell
ADsum_NCF340_CCATAATCATTAGGCC-1	TCell
ADsum_NCF115_CAATGAACAGCCAGTT-1	TCell
ADsum_NCF115_ACCAGCTCATTGTCCT-1	TCell
ADsum_NCF140_CTCCGGACAGTATGTT-1	TCell
ADsum_NCF71_CGAATCTAGCAAGGAC-1	TCell
ADsum_NCF221_TCAAGCTAGCGCCTAA-1	TCell
ADsum_NCF216_TACGGTTAGACTTACA-1	TCell
ADsum_NCF64_AGCAAGGGTTCCTGAT-1	TCell
ADsum_NCF340_TGAGCAAAGGACAATG-1	TCell
ADsum_NCF161_AGCACTTAGGATGATG-1	TCell
ADsum_NCF349_CATCCTCAGTCTTGAA-1	TCell
ADsum_NCF161_AATACCGGTGTTGCAA-1	TCell
ADsum_NCF82_TGGTAAACAAAGCTCC-1	TCell
ADsum_NCF340_TTTCTTGCATTATGGT-1	TCell
ADsum_NCF64_GGTAATTGTTTGGGTA-1	TCell
ADsum_NCF71_GAGTAATAGTAACGAG-1	TCell
ADsum_NCF161_AGTAAACAGCAAGGAC-1	TCell
ADsum_NCF221_CTTCAGGAGCCTAACG-1	TCell
ADsum_NCF71_GAGAACCAGCTTACTT-1	TCell
ADsum_NCF140_AAGCCACGTTCCATTA-1	TCell
ADsum_NCF224_AAGGATGTCGTTAAGC-1	TCell
ADsum_NCF140_CCAAACCCATAATGTC-1	TCell
ADsum_NCF161_TGTTACTTCGAGCTAT-1	TCell
ADsum_NCF160_CATGAGGCAGCATGTC-1	TCell
ADsum_NCF64_GGGTCAACAAACATAG-1	TCell
ADsum_NCF340_ACCAGGACAGCAAGTG-1	TCell
ADsum_NCF161_GTTCGCGCAGTTATGT-1	TCell
ADsum_NCF221_TGGTCAGTCTTGTCCA-1	TCell
ADsum_NCF140_TCGGTTCTCTAATCCT-1	TCell
ADsum_NCF115_AAGCGCTGTCTAGCTT-1	TCell
ADsum_NCF160_GCAGGAAGTTTATGGG-1	TCell
ADsum_NCF216_CCAGCTGCACCCACAG-1	TCell
ADsum_NCF71_TCAGTAGGTTGCCTCA-1	TCell
ADsum_NCF82_GTCTATGCATCACTTC-1	TCell
ADsum_NCF200_ATGGCCGGTTGTTGGA-1	TCell
ADsum_NCF216_AGACCCGGTTTGGCTT-1	TCell
ADsum_NCF71_TTGTCAAAGGTGTCCA-1	TCell
ADsum_NCF349_ATTCAACCAATAGTCT-1	TCell
ADsum_NCF64_ATGATGACAAACCTAT-1	TCell
ADsum_NCF216_GTGGCTTCAATAGCCC-1	TCell
ADsum_NCF340_ACGCCACAGTAGCGGG-1	TCell
ADsum_NCF140_GCCATGATCATGCTAA-1	TCell
ADsum_NCF221_CTGGCTTTCCATTACT-1	TCell
ADsum_NCF82_GACATAGAGCTGGAAA-1	TCell
ADsum_NCF82_GGACGGATCCATCAGG-1	TCell
ADsum_NCF221_CTCCGGACATTCAGCA-1	TCell
ADsum_NCF349_CGCATGATCCGGTTAG-1	TCell
ADsum_NCF216_GTAGGATCAAGACTCC-1	TCell
ADsum_NCF216_GCGCAAACAATATAGG-1	TCell
ADsum_NCF95_CTAACCTGTTATCGAG-1	TCell
ADsum_NCF95_ACGGTTAGTGATCATG-1	TCell
ADsum_NCF200_ACCAGCTCAGCTTACA-1	TCell
ADsum_NCF140_GCTCTGTTCTCAATAG-1	TCell
ADsum_NCF82_CGCGGATTCGCGACAC-1	TCell
ADsum_NCF160_TCAACAATCGCAGGCT-1	TCell
ADsum_NCF140_ACGTCAAGTGAGCAAG-1	TCell
ADsum_NCF340_CCTTCAGGTGGTTCCC-1	TCell
ADsum_NCF140_CATTTGTTCACTAGGT-1	TCell
ADsum_NCF60_CGTTTGGAGGCTGTCA-1	TCell
ADsum_NCF94_GACCGTTCAAAGGCCA-1	TCell
ADsum_NCF140_ATGGTTATCGCGCTAA-1	TCell
ADsum_NCF71_ACCAGGGAGTTATTCC-1	TCell
ADsum_NCF340_TTGCGAGTCGATTATG-1	TCell
ADsum_NCF160_TACCAAATCTTCAATC-1	TCell
ADsum_NCF71_GCTGACCAGGATCCGC-1	TCell
ADsum_NCF216_GCTCGATCATTGACAT-1	TCell
ADsum_NCF221_CTGGTTACATGAGCAG-1	TCell
ADsum_NCF71_GGAACCACAGTCTAGC-1	TCell
ADsum_NCF71_TTAACTGAGCTCAATA-1	TCell
ADsum_NCF160_GCTGTAAGTAACCACA-1	TCell
ADsum_NCF216_CTCTAAGCAACTAGGG-1	TCell
ADsum_NCF216_GCGATTTAGGTAAGCA-1	TCell
ADsum_NCF340_TATTACCTCAAATCGC-1	TCell
ADsum_NCF71_CCAGCTAAGCCGCTAA-1	TCell
ADsum_NCF140_CAGCTAAGTTGTCCAT-1	TCell
ADsum_NCF64_GCAATAGAGGCTAAGA-1	TCell
ADsum_NCF160_TGATTAGTCCCGCAAA-1	TCell
ADsum_NCF349_GAACCAAAGGGTCCAC-1	TCell
ADsum_NCF349_TTTGACTTCTCAATGA-1	TCell
ADsum_NCF221_AATTAGGCAGTTTGGC-1	TCell
ADsum_NCF140_GTAAGCGCAGTAGGTG-1	TCell
ADsum_NCF216_CCTGGTAAGACTCGCA-1	TCell
ADsum_NCF71_TGACTTAAGAAGGTGC-1	TCell
ADsum_NCF64_ACCACATAGTCAATTG-1	TCell
ADsum_NCF340_GGGCGAATCTCACATT-1	TCell
ADsum_NCF221_CCCAAACCAATTGAGA-1	TCell
ADsum_NCF221_TCTAAGGGTAGTTACG-1	TCell
ADsum_NCF160_ACGCCTAAGCATGTTA-1	TCell
ADsum_NCF221_AATCTTGAGCATGACT-1	TCell
ADsum_NCF71_GTGCCTTTCGTTACTT-1	TCell
ADsum_NCF71_GGCAATCGTTTAACCC-1	TCell
ADsum_NCF140_CAGGTCCAGGGATGCG-1	TCell
ADsum_NCF216_AGCACAGCAGGACCTT-1	TCell
ADsum_NCF221_GCTGCATCAGCCTGCA-1	TCell
ADsum_NCF349_AATCCCTGTTTACTTG-1	TCell
ADsum_NCF221_AAGACAAGTGGTTATG-1	TCell
ADsum_NCF71_GTAATAGCACAAACTT-1	TCell
ADsum_NCF216_TCTTAGCGTTTACGTC-1	TCell
ADsum_NCF216_CCTTCAGGTAGGATCC-1	TCell
ADsum_NCF200_GTAGGATCACCTGCCT-1	TCell
ADsum_NCF221_CAGGAAGGTCGAAGTC-1	TCell
ADsum_NCF140_ACTTTGTTCAATCTCT-1	TCell
ADsum_NCF216_GATGACTTCAAGCTTA-1	TCell
ADsum_NCF140_ACTCACCTCATTACAG-1	TCell
ADsum_NCF340_TATTAGCCATTAGCGC-1	TCell
ADsum_NCF340_AGTAACGAGCATGACT-1	TCell
ADsum_NCF200_GATTCAATCTCCATAT-1	TCell
ADsum_NCF140_GTAAGGTCATAAGTTC-1	TCell
ADsum_NCF64_AATCCGTAGTTATGGC-1	TCell
ADsum_NCF60_TTAGGCTAGGGTTAGA-1	TCell
ADsum_NCF161_TAGAGCCGTTAACGAT-1	TCell
ADsum_NCF140_GGTGTCCAGTAATCCA-1	TCell
ADsum_NCF200_GGTCGGTTCCTGGTGA-1	TCell
ADsum_NCF340_CCGTTATGTCATTGTC-1	TCell
ADsum_NCF349_CGTGAGGAGAAAGGAA-1	TCell
ADsum_NCF221_GCAATGAAGCTTCTCA-1	TCell
ADsum_NCF200_AACGCTAGTGCATCGG-1	TCell
ADsum_NCF340_ATGCGATTCTTAGCGG-1	TCell
ADsum_NCF161_AAAGGTTAGTTCCCGT-1	TCell
ADsum_NCF221_TTAGCTGCAGCCTAAC-1	TCell
ADsum_NCF94_TCTACCTCAGGTTACC-1	TCell
ADsum_NCF95_AGCATTTCACGTAATT-1	TCell
ADsum_NCF64_GCCTATTGTACGGTAC-1	TCell
ADsum_NCF340_GCGATATTCGTTAGTA-1	TCell
ADsum_NCF200_GTCATGAGTAATAACC-1	TCell
ADsum_NCF216_ACCAAGTTCTTTGACT-1	TCell
ADsum_NCF71_TGTTAGCAGGCTCATG-1	TCell
ADsum_NCF140_TGAGTGAAGGACACTT-1	TCell
ADsum_NCF140_CTCATGCTCCCTCAGT-1	TCell
ADsum_NCF216_CAGCCTAAGACCATAC-1	TCell
ADsum_NCF82_TGTATCGCAGGCGAGT-1	TCell
ADsum_NCF340_TGGCCATCATTGTGTG-1	TCell
ADsum_NCF140_CAACTAATCAAACTCA-1	TCell
ADsum_NCF160_GATTCGCCAAATTCGT-1	TCell
ADsum_NCF140_TGCGCAGGTGCACGCA-1	TCell
ADsum_NCF200_CTAAAGCTCACAAGCT-1	TCell
ADsum_NCF64_AGTAACACACGAATCC-1	TCell
ADsum_NCF95_CAAGTTATCTATGACA-1	TCell
ADsum_NCF140_ACCAGGACAGGCTAGA-1	TCell
ADsum_NCF216_CCTATATTCGCTCCAT-1	TCell
ADsum_NCF216_TTGTTGCGTACCAGGT-1	TCell
ADsum_NCF161_CATCATAAGTTAGAGG-1	TCell
ADsum_NCF160_AATCCATCAATTGACT-1	TCell
AGTGAGGTCACCTCGT-L8TX_180221_01_B11	Vip
AATCGGTGTCATTAGC-L8TX_180115_01_D11	Vip
GCTGCTTGTTTGGGCC-L8TX_180221_01_E10	Vip
CGTCTACAGAGGGATA-L8TX_180829_01_D09	Vip
GGGACCTTCAACACTG-L8TX_171026_01_D05	Vip
TAAACCGTCTATCCTA-L8TX_180221_01_F09	Vip
CAGAATCGTATCGCAT-L8TX_180406_01_C01	Vip
TCATTTGAGGAGTTGC-L8TX_180829_01_D09	Vip
CATCCACTCCCTAATT-L8TX_180115_01_G11	Vip
CGCTGGAAGTGGAGTC-L8TX_180115_01_C09	Vip
AACTCAGTCAACACAC-L8TX_181012_01_E05	Vip
TGTGGTAGTCGTTGTA-L8TX_180221_01_G09	Vip
CAGCATAAGGCATGGT-L8TX_171026_01_F04	Vip
CATGACAAGTGGGCTA-L8TX_171026_01_H04	Vip
CACATAGAGCAACGGT-L8TX_200625_02_E11	Vip
GTGCATAAGAGATGAG-L8TX_180115_01_F10	Vip
AACTCCCCAAGCCATT-L8TX_180221_01_F09	Vip
ATCTGCCAGATGTCGG-L8TX_180406_01_F02	Vip
CACATTTAGCATGGCA-L8TX_180221_01_C10	Vip
GTGAAGGGTGTGAATA-L8TX_181011_01_B03	Vip
GGACGTCGTGTATGGG-L8TX_180115_01_G08	Vip
AACTCAGGTACTTAGC-L8TX_180221_01_G11	Vip
ACGATACAGGCGACAT-L8TX_180406_01_F01	Vip
TTTGCGCAGGATTCGG-L8TX_180221_01_B11	Vip
AGTGTCAAGGATGTAT-L8TX_180115_01_D11	Vip
AGCGTATTCCTTGACC-L8TX_180221_01_B10	Vip
GATCGATGTGCAACTT-L8TX_171120_01_F07	Vip
CACACAAAGATCTGCT-L8TX_181206_01_A12	Vip
TCATTACCATCGATTG-L8TX_180221_01_H09	Vip
TGGGAAGCACGGATAG-L8TX_171120_01_C07	Vip
GATCGATCATTCCTCG-L8TX_180115_01_A10	Vip
GGTGCGTTCGTCCGTT-L8TX_181206_01_D12	Vip
ATCTGCCTCGCCGTGA-L8TX_180221_01_D09	Vip
CGGACTGGTCAAAGCG-L8TX_180221_01_F10	Vip
CGAGCCACATAGTAAG-L8TX_180504_01_E01	Vip
GTCACGGTCACTTATC-L8TX_181206_01_B12	Vip
TGGCTGGCAAGTAGTA-L8TX_180115_01_E08	Vip
TCAGCAAGTGTGTGCC-L8TX_180221_01_D10	Vip
TAGAGCTCAGGACCCT-L8TX_180221_01_C09	Vip
ATTACTCTCAAAGTAG-L8TX_180221_01_B10	Vip
GCTCTGTAGCCCAGCT-L8TX_180712_01_B06	Vip
CGATTGAGTGGTCTCG-L8TX_171026_01_H03	Vip
AGCGTCGCATATGCTG-L8TX_180829_01_D10	Vip
CAGATCACATCCCACT-L8TX_181012_01_C05	Vip
CTAGCCTTCCGTACAA-L8TX_180221_01_E09	Vip
CTTAGGACAGCTGTGC-L8TX_180926_01_D01	Vip
AAAGATGTCACCTTAT-L8TX_190312_01_A03	Vip
CTGCCTAAGCTTCGCG-L8TX_181012_01_B05	Vip
GCATGTATCGTTGACA-L8TX_180221_01_D10	Vip
TGGTTCCTCGTCGTTC-L8TX_180115_01_C10	Vip
GTCATTTAGATGGGTC-L8TX_180907_01_B12	Vip
GACCTGGAGCAGATCG-L8TX_171026_01_A04	Vip
GTAACGTTCCAGAAGG-L8TX_180907_01_B11	Vip
ATCCACCGTTGTGGCC-L8TX_180115_01_A11	Vip
CATCAGACATTAACCG-L8TX_171120_01_G07	Vip
AAGTCTGAGGATTCGG-L8TX_180115_01_D09	Vip
GTCTTCGTCAACACCA-L8TX_190312_01_F02	Vip
TGTATTCTCCGAAGAG-L8TX_180907_01_H11	Vip
AAACGGGGTTATGCGT-L8TX_180115_01_G10	Vip
GTCTTCGTCCCTCTTT-L8TX_180115_01_A10	Vip
AGAGCGAAGGAGCGAG-L8TX_171026_01_G03	Vip
TGACTTTGTTAGAACA-L8TX_171026_01_H05	Vip
TGCCAAAAGAACAATC-L8TX_171026_01_B04	Vip
GAGCAGATCCGCAAGC-L8TX_180115_01_B11	Vip
GTGCTTCCATGCTAGT-L8TX_180221_01_A10	Vip
ACAGCCGCATGCCTTC-L8TX_171026_01_H05	Vip
CACATAGAGGGCATGT-L8TX_180221_01_H09	Vip
GAAGCAGGTCGTCTTC-L8TX_180115_01_F09	Vip
CACAAACCATGCAACT-L8TX_180115_01_E11	Vip
TTTCCTCTCGAGAACG-L8TX_180221_01_D09	Vip
CGGACGTGTTGCTCCT-L8TX_180115_01_G11	Vip
CCACTACCACGGCTAC-L8TX_180406_01_H01	Vip
TGCCAAACAGCGTCCA-L8TX_180115_01_G08	Vip
AGTCTTTTCATGTCCC-L8TX_180221_01_E10	Vip
CGAGAAGAGACGCACA-L8TX_180221_01_C10	Vip
TGCGCAGTCGGCTACG-L8TX_171120_01_D07	Vip
TTCTTAGAGCCAGTTT-L8TX_180115_01_F09	Vip
TCATTACTCAGCGACC-L8TX_171026_01_H03	Vip
GCGAGAAAGATAGTCA-L8TX_200625_02_E11	Vip
CATCGAATCTACTTAC-L8TX_180115_01_F10	Vip
TACTTGTCAGTCTTCC-L8TX_180907_01_A12	Vip
ACCTTTACAGCTGCTG-L8TX_180221_01_G11	Vip
CGAGCCAGTTGGTTTG-L8TX_181011_01_H02	Vip
GTACTTTTCCCAAGTA-L8TX_180115_01_G11	Vip
AGGGTGACATTAGGCT-L8TX_181012_01_C05	Vip
GTCACGGAGTGCTGCC-L8TX_180406_01_F01	Vip
CGATGGCAGGTTCCTA-L8TX_180221_01_D11	Vip
GAACATCTCTCTTGAT-L8TX_190312_01_C02	Vip
CTGAAGTTCAGCTGGC-L8TX_180115_01_A11	Vip
GCTGGGTGTTGAGTTC-L8TX_180115_01_E11	Vip
TTTGGTTAGTGTACTC-L8TX_200625_02_E11	Vip
TCTATTGCAGGGCATA-L8TX_180406_01_E02	Vip
CACTCCATCTCCCTGA-L8TX_171026_01_B04	Vip
GCATGCGTCGCCAGCA-L8TX_180115_01_E08	Vip
GTGAAGGTCTTCGAGA-L8TX_180115_01_C10	Vip
GCAATCAAGCTGATAA-L8TX_171120_01_H07	Vip
AAAGTAGCAGGGTATG-L8TX_171026_01_F05	Vip
GAACATCGTCATGCCG-L8TX_171120_01_C07	Vip
GACACGCTCAGTTAGC-L8TX_180712_01_F05	Vip
CCTTCGAAGTACACCT-L8TX_181012_01_C05	Vip
TACGGATGTACCGAGA-L8TX_180712_01_B06	Vip
CCAGCGAGTACCTACA-L8TX_171026_01_E05	Vip
TGCACCTAGAGGTTGC-L8TX_171026_01_F05	Vip
TTCGGTCTCGCGGATC-L8TX_180115_01_C09	Vip
CCACTACGTTCGGGCT-L8TX_180221_01_E10	Vip
GAAATGAAGTAGGTGC-L8TX_180712_01_C06	Vip
TTTATGCTCTGAGGGA-L8TX_171026_01_A04	Vip
TGACTTTCAACTGCGC-L8TX_180712_01_F05	Vip
CATCCACGTGCGATAG-L8TX_180406_01_B06	Vip
CACAAACGTTCCATGA-L8TX_190312_01_E02	Vip
AAAGATGCATGATCCA-L8TX_180221_01_D09	Vip
TGAGAGGGTTGGTAAA-L8TX_171026_01_A05	Vip
AGGGAGTAGTGAAGTT-L8TX_181206_01_D12	Vip
ACGATACGTTCCACAA-L8TX_171026_01_H05	Vip
TTAGTTCCAGTCGTGC-L8TX_190312_01_H02	Vip
ACGCAGCGTACCGTAT-L8TX_180221_01_E10	Vip
CGCTATCCACGCCAGT-L8TX_180115_01_G10	Vip
GGTGAAGCAGTAGAGC-L8TX_180712_01_F05	Vip
GAGGTGACATTCCTCG-L8TX_181012_01_B05	Vip
TGTCCCAAGTTTAGGA-L8TX_181206_01_D12	Vip
GCCAAATCAGCTTCGG-L8TX_171026_01_H03	Vip
CTCGAGGAGTGGACGT-L8TX_171026_01_C05	Vip
GAACCTACAATGACCT-L8TX_180221_01_D11	Vip
ACTTTCAGTTATCACG-L8TX_171120_01_D07	Vip
CAGGTGCCAGACTCGC-L8TX_180115_01_F08	Vip
TAGACCACATTACCTT-L8TX_180221_01_E10	Vip
GACTAACTCGGCGCAT-L8TX_171026_01_D05	Vip
CCTAGCTTCCAAACAC-L8TX_180221_01_D10	Vip
GGTGTTAGTGTTCTTT-L8TX_200625_02_F11	Vip
CTCGTCAGTAACGACG-L8TX_180712_01_A06	Vip
CTGCTGTCACAGATTC-L8TX_171026_01_F05	Vip
GCGCAGTTCGCTTAGA-L8TX_180712_01_E05	Vip
ACATGGTTCGCGTAGC-L8TX_180406_01_D06	Vip
TACAGTGCACCTGGTG-L8TX_181011_01_G02	Vip
TACCTTAAGAGCCTAG-L8TX_180221_01_H09	Vip
TGCGCAGAGCTTTGGT-L8TX_180115_01_H11	Vip
CTCGGGACACAGTCGC-L8TX_171026_01_A04	Vip
GAATGAACACAGGCCT-L8TX_180221_01_A11	Vip
AGAGTGGAGTGTACGG-L8TX_180712_01_B06	Vip
AAGACCTCAGGCAGTA-L8TX_180115_01_H08	Vip
ATCCACCAGCCACCTG-L8TX_180712_01_G05	Vip
CAGAATCGTTACTGAC-L8TX_171026_01_H03	Vip
ACGCCGACACATGTGT-L8TX_181011_01_B03	Vip
GCCAAATGTGATAAAC-L8TX_180504_01_E01	Vip
CGCTGGATCACTTCAT-L8TX_171026_01_G05	Vip
GATCGTATCCAGAAGG-L8TX_200611_02_A05	Vip
TCATTACCAGACACTT-L8TX_181012_01_B05	Vip
AACTCAGCAGGGTTAG-L8TX_180221_01_F10	Vip
AGGTCCGTCAAACGGG-L8TX_180221_01_C10	Vip
ACGATACCACCTTGTC-L8TX_180406_01_D01	Vip
AACGTTGCATTTCACT-L8TX_180115_01_C09	Vip
ACAGCTACATGACATC-L8TX_171026_01_G03	Vip
CGTCCATAGTGCCATT-L8TX_180926_01_E12	Vip
GCGCCAAAGGGCATGT-L8TX_200625_02_F11	Vip
GAGCAGATCGGAGCAA-L8TX_180115_01_F09	Vip
AGCGGTCAGGGTGTTG-L8TX_180504_01_E01	Vip
CTTAGGACACAACGCC-L8TX_180221_01_C10	Vip
CGATTGACAAGTCATC-L8TX_181012_01_B05	Vip
TTCTCAAGTGTCGCTG-L8TX_180221_01_D10	Vip
CTGTGCTTCTCGATGA-L8TX_180406_01_E07	Vip
GGTGAAGAGTGGAGTC-L8TX_190312_01_E02	Vip
GATGAAACATCAGTCA-L8TX_180406_01_H01	Vip
GGACAGAGTGTGACCC-L8TX_171026_01_A05	Vip
TATTACCCAGCGAACA-L8TX_180221_01_D09	Vip
GGCTCGAGTATAAACG-L8TX_190312_01_C02	Vip
TGGCCAGTCTGATTCT-L8TX_180115_01_D08	Vip
CATGACAGTGTTAAGA-L8TX_180406_01_H01	Vip
CATCAAGGTTTGTGTG-L8TX_181206_01_F12	Vip
TAGTTGGAGAAACCAT-L8TX_181011_01_G02	Vip
CTCGTACAGTTATCGC-L8TX_180406_01_H01	Vip
CGGCTAGTCTTCAACT-L8TX_180829_01_D10	Vip
AGGGTGACAGCTCCGA-L8TX_180115_01_A11	Vip
CGGTTAATCGCCGTGA-L8TX_180607_01_C05	Vip
GCAAACTCACATAACC-L8TX_171026_01_F03	Vip
GTCATTTTCTTGACGA-L8TX_180221_01_E10	Vip
CATGACAAGTTACGGG-L8TX_180221_01_E10	Vip
ACTGAGTAGCGATATA-L8TX_180907_01_G11	Vip
TAAGTGCTCCTAAGTG-L8TX_180221_01_C12	Vip
CTCGAGGGTGTTGGGA-L8TX_171026_01_G04	Vip
CGTGAGCAGAGCCTAG-L8TX_180115_01_H08	Vip
TTCTACAGTTTAGGAA-L8TX_200625_02_F11	Vip
CAAGAAATCTTCTGGC-L8TX_180115_01_G08	Vip
CGGTTAACATACAGCT-L8TX_171026_01_H04	Vip
GACTGCGTCATAAAGG-L8TX_180907_01_F10	Vip
GACTACAAGTGTCTCA-L8TX_171026_01_F03	Vip
TGGTTCCTCCATGCTC-L8TX_180504_01_E01	Vip
AGAGCGATCAAGATCC-L8TX_200625_02_F11	Vip
CCGTGGATCTGAGGGA-L8TX_180406_01_H01	Vip
AAACCTGGTGTCTGAT-L8TX_180115_01_F10	Vip
AACACGTTCCTAGGGC-L8TX_171026_01_F04	Vip
AAGGAGCCATCCTAGA-L8TX_181206_01_B12	Vip
GGGACCTCAATGTTGC-L8TX_180115_01_E11	Vip
CCTATTAAGCCGTCGT-L8TX_180712_01_C06	Vip
ACGGAGATCCAACCAA-L8TX_180221_01_F11	Vip
CAGGTGCTCAGAAATG-L8TX_180115_01_A10	Vip
ATCATGGTCCCAAGTA-L8TX_171120_01_G07	Vip
CTGGTCTTCCGAACGC-L8TX_181011_01_C03	Vip
ATCATCTAGTGCGATG-L8TX_180115_01_E08	Vip
TGTGTTTCATCCTTGC-L8TX_181206_01_H11	Vip
TCAATCTGTACCTACA-L8TX_180115_01_F08	Vip
AACCGCGGTTAGGGTG-L8TX_180115_01_F10	Vip
AGTTGGTTCTGTCCGT-L8TX_180221_01_E10	Vip
ACATACGGTTTAGCTG-L8TX_180221_01_D09	Vip
TACACGAGTTCTGTTT-L8TX_180115_01_D10	Vip
TCATTTGAGCGGCTTC-L8TX_180115_01_F11	Vip
AGGTCATGTTATCCGA-L8TX_180115_01_A09	Vip
AACTCCCCATAAGACA-L8TX_171026_01_G03	Vip
TGAGCATTCCAGGGCT-L8TX_180115_01_H09	Vip
AGAGTGGTCACTGGGC-L8TX_180712_01_A06	Vip
GCTGGGTAGCAATATG-L8TX_180115_01_A10	Vip
AAAGATGCAGCGTTCG-L8TX_180115_01_G11	Vip
GGGATGACAAGTTGTC-L8TX_171026_01_H04	Vip
TGAGAGGAGTACGATA-L8TX_180221_01_D10	Vip
GGCAATTCACCCTATC-L8TX_190312_01_H02	Vip
ACTTTCAAGGCTATCT-L8TX_180406_01_C06	Vip
TACAGTGTCTACTATC-L8TX_180221_01_F09	Vip
CTAGCCTTCATGCATG-L8TX_180607_01_C05	Vip
GTCTCGTAGCGTTCCG-L8TX_171026_01_A04	Vip
CTCGGGAAGCTAACTC-L8TX_171120_01_D07	Vip
CTACATTAGAACAATC-L8TX_171026_01_F05	Vip
CGCTATCTCTTTACAC-L8TX_180221_01_F10	Vip
AAACGGGTCCGTACAA-L8TX_180221_01_A10	Vip
CGAGCCACACACATGT-L8TX_180221_01_C10	Vip
CAGTAACTCTGTTGAG-L8TX_171026_01_A04	Vip
CGTTGGGTCACTCTTA-L8TX_180504_01_E01	Vip
GGCTGGTCAGTTCCCT-L8TX_180221_01_C12	Vip
GCCAAATTCTAACTGG-L8TX_171026_01_E05	Vip
TGGGAAGCACTGAAGG-L8TX_180221_01_D10	Vip
GAAACTCTCAATAAGG-L8TX_171026_01_E05	Vip
TCGCGTTCACTATCTT-L8TX_180221_01_C09	Vip
ATTGGACCACGCCAGT-L8TX_171120_01_G07	Vip
AGATTGCAGTACGTAA-L8TX_180115_01_B09	Vip
TGTATTCAGATCCTGT-L8TX_180115_01_F10	Vip
CCACCTATCATGTCTT-L8TX_171026_01_A05	Vip
TGCGGGTAGATCCGAG-L8TX_171026_01_G04	Vip
GCAAACTTCGACCAGC-L8TX_180221_01_G09	Vip
CGATGGCAGCCACCTG-L8TX_171120_01_H07	Vip
AGGGAGTAGTGCGATG-L8TX_181012_01_C05	Vip
CGATTGACATCGATGT-L8TX_180115_01_C09	Vip
AATCCAGCATGCCACG-L8TX_180406_01_D01	Vip
AGCTCTCCATAGACTC-L8TX_180115_01_C11	Vip
TCGTACCTCTGCGTAA-L8TX_180115_01_G10	Vip
CGCGTTTCATTCTCAT-L8TX_180221_01_A10	Vip
ATGCGATAGAGCTTCT-L8TX_180221_01_E10	Vip
ATCCACCAGCTAGGCA-L8TX_171120_01_F07	Vip
GCAAACTAGTACGACG-L8TX_180221_01_E09	Vip
TCAGATGGTGGTCCGT-L8TX_180406_01_F02	Vip
AAGACCTCAGTCACTA-L8TX_190312_01_G02	Vip
CCGTGGAGTGGCAAAC-L8TX_171026_01_F04	Vip
TCACGAAGTCTCTCTG-L8TX_180115_01_B11	Vip
CGAATGTAGAAGGTGA-L8TX_180907_01_F11	Vip
CACACAACAATGTAAG-L8TX_171026_01_A04	Vip
TGCCCTAGTGCTCTTC-L8TX_171026_01_F05	Vip
TTGCGTCCAGACGTAG-L8TX_180829_01_D10	Vip
CCTTACGCATACTCTT-L8TX_180504_01_E01	Vip
CATTCGCTCCAACCAA-L8TX_180115_01_C10	Vip
AGTGTCACAATAGCAA-L8TX_190312_01_C02	Vip
AGTGTCATCACTCTTA-L8TX_181206_01_E12	Vip
CATGACACACTACAGT-L8TX_171026_01_B05	Vip
CACATTTAGGAGTACC-L8TX_180221_01_H09	Vip
TCTGGAAAGCACACAG-L8TX_180221_01_D09	Vip
AACCATGTCAGAGCTT-L8TX_181011_01_H02	Vip
CGCGGTACAACTGGCC-L8TX_180221_01_D10	Vip
GTATCTTCATTTCACT-L8TX_180221_01_C10	Vip
CTAACTTTCGGTCCGA-L8TX_171120_01_G07	Vip
CAGATCAGTCCGAATT-L8TX_180926_01_D01	Vip
GCTTGAAGTTCCGGCA-L8TX_171026_01_A05	Vip
CGATGGCCACACAGAG-L8TX_180115_01_B09	Vip
CACCACTGTTTGCATG-L8TX_180115_01_F10	Vip
ACACCGGAGTACGATA-L8TX_171120_01_G07	Vip
CTCAGAATCCCTAATT-L8TX_200625_02_F11	Vip
CATGACAGTTTAGGAA-L8TX_180115_01_D08	Vip
GGAATAAAGTGTACCT-L8TX_181011_01_A03	Vip
ACATACGTCACGGTTA-L8TX_190312_01_G01	Vip
ACGCCGAAGATATACG-L8TX_180221_01_G11	Vip
CATTCGCCATTACCTT-L8TX_180926_01_C12	Vip
TAGGCATAGCCGGTAA-L8TX_180221_01_D10	Vip
CACACTCCACGACTCG-L8TX_180907_01_B12	Vip
CGGCTAGAGGCTAGAC-L8TX_171120_01_F07	Vip
ACAGCCGAGACACGAC-L8TX_181011_01_B03	Vip
TGTTCCGAGATGCCAG-L8TX_180221_01_E10	Vip
GTCGTAACACTAGTAC-L8TX_180712_01_C06	Vip
ACCGTAATCCGTAGTA-L8TX_180221_01_A12	Vip
TTCTTAGGTTCCCTTG-L8TX_171120_01_E07	Vip
GGACAGATCAACACAC-L8TX_180115_01_G10	Vip
GCGAGAATCTGTCTAT-L8TX_180712_01_C06	Vip
TGTATTCCACGCCAGT-L8TX_180115_01_C09	Vip
ACGGGCTGTAAACCTC-L8TX_180712_01_E05	Vip
TAGCCGGCATATGGTC-L8TX_180406_01_G02	Vip
CCCATACAGATAGCAT-L8TX_180829_01_D10	Vip
AAGGAGCTCAGGCAAG-L8TX_180221_01_D09	Vip
GATCTAGAGATGCCTT-L8TX_181012_01_G04	Vip
TTCGGTCCATCGACGC-L8TX_180115_01_D09	Vip
CGAACATAGGGCTCTC-L8TX_180907_01_G11	Vip
TTAGGACTCTTCAACT-L8TX_180406_01_C01	Vip
GGAGCAAAGTGTCTCA-L8TX_180221_01_G09	Vip
TTAGGCATCTAACTGG-L8TX_171120_01_F07	Vip
TTAGTTCAGAGCCCAA-L8TX_180829_01_D10	Vip
CCACCTAAGGGATACC-L8TX_180115_01_F11	Vip
CAAGATCGTATGGTTC-L8TX_180221_01_F10	Vip
TCAGGATAGGACCACA-L8TX_180221_01_D10	Vip
TGAGCATAGTACGTTC-L8TX_180221_01_F11	Vip
GCTGCAGTCTTGACGA-L8TX_180926_01_C12	Vip
CGCTTCACATAACCTG-L8TX_181011_01_A03	Vip
CAACCTCCACGAAGCA-L8TX_180115_01_B09	Vip
GACGTTAAGACAGAGA-L8TX_171026_01_H05	Vip
CGAATGTCAATGGTCT-L8TX_171026_01_D05	Vip
CTACGTCCATGGTAGG-L8TX_180221_01_D09	Vip
CATTCGCAGCTGCCCA-L8TX_180221_01_B10	Vip
GTCACAACAGCTTCGG-L8TX_181206_01_D12	Vip
TGTGGTATCGCGTTTC-L8TX_180221_01_D09	Vip
ACTTGTTCAATCGAAA-L8TX_171120_01_E07	Vip
ATCCACCTCTTGTATC-L8TX_171026_01_A04	Vip
AAGGTTCAGTACGCCC-L8TX_180221_01_C09	Vip
TAGTGGTAGCGTTGCC-L8TX_171026_01_H03	Vip
AACTCTTCAGTATAAG-L8TX_180712_01_G05	Vip
CTCGTCATCGGCCGAT-L8TX_180406_01_C06	Vip
AAGTCTGCAAATACAG-L8TX_200611_02_A05	Vip
AGGCCACTCCAAATGC-L8TX_180406_01_E06	Vip
CATGACATCAATCTCT-L8TX_171026_01_H04	Vip
CTACCCAGTCGCATCG-L8TX_190312_01_A03	Vip
ATTGGACCACGGATAG-L8TX_180115_01_C09	Vip
GATGAAATCTCACATT-L8TX_181012_01_G04	Vip
AACTCTTTCAGCGATT-L8TX_180504_01_E01	Vip
GACTAACCACCAACCG-L8TX_181011_01_H02	Vip
TCAGGATAGCCCAACC-L8TX_180221_01_A12	Vip
ACCAGTATCGGAGCAA-L8TX_180115_01_G08	Vip
ACGGCCACATCTGGTA-L8TX_180907_01_G11	Vip
TGCGGGTCACTATCTT-L8TX_181206_01_C12	Vip
TCTTCGGCAGCTCGAC-L8TX_180115_01_E11	Vip
TATGCCCCAAGCCGTC-L8TX_180907_01_F11	Vip
GCTCCTAAGACGCTTT-L8TX_180712_01_H05	Vip
CAACTAGAGTCGATAA-L8TX_180712_01_A06	Vip
GTGTGCGCACCACCAG-L8TX_180926_01_E12	Vip
GGGATGATCACTTATC-L8TX_180907_01_E11	Vip
CTTAGGACAGAGTGTG-L8TX_180221_01_G09	Vip
CTCATTACAGATTGCT-L8TX_171026_01_G03	Vip
CGGACTGGTATCAGTC-L8TX_181011_01_G02	Vip
GCACTCTAGATGCGAC-L8TX_171026_01_D05	Vip
ACGGGCTAGCAGGCTA-L8TX_171026_01_H05	Vip
GTCAAGTTCCAAACAC-L8TX_180115_01_C11	Vip
TACTCATGTACAGACG-L8TX_181011_01_A03	Vip
CTCGGAGAGTAATCCC-L8TX_180221_01_F10	Vip
CACAGTACATCGGACC-L8TX_180221_01_H12	Vip
CAAGGCCCAGCTCCGA-L8TX_180406_01_E01	Vip
CTAGCCTAGCTGTCTA-L8TX_180926_01_F01	Vip
ACAGCTACAACTGCTA-L8TX_180829_01_D09	Vip
TGGACGCAGCTAGTGG-L8TX_180406_01_H01	Vip
CCTAGCTAGAGGTAGA-L8TX_171026_01_A05	Vip
GCATGCGCAGGCGATA-L8TX_180115_01_C09	Vip
TCGCGAGTCACCTCGT-L8TX_181206_01_E12	Vip
GTAACGTGTCTTCTCG-L8TX_181012_01_H04	Vip
GGTATTGAGGTGGGTT-L8TX_171120_01_D07	Vip
GTATCTTTCGAATGGG-L8TX_180115_01_G11	Vip
TTCGAAGTCCTTTACA-L8TX_180406_01_B08	Vip
AAAGATGCACAGCGTC-L8TX_180115_01_B11	Vip
GCCTCTACAGGGTATG-L8TX_180221_01_E10	Vip
TGTCCCAAGAGCCTAG-L8TX_180406_01_D01	Vip
AGCATACCAGTCACTA-L8TX_180115_01_G10	Vip
TAAGAGATCGGTCTAA-L8TX_181206_01_H11	Vip
CATGCCTCAGCTGCAC-L8TX_181206_01_D12	Vip
ACTTGTTCAACGATGG-L8TX_180712_01_B06	Vip
GTTCGGGTCTAGAGTC-L8TX_180115_01_D08	Vip
GGCTGGTAGAAGGTGA-L8TX_180406_01_H01	Vip
TGAAAGACAATCCAAC-L8TX_180115_01_C11	Vip
AGCATACTCAACGAAA-L8TX_180115_01_E10	Vip
GGACAGAAGTTTAGGA-L8TX_180406_01_H02	Vip
TCTTTCCCATCGTCGG-L8TX_171026_01_A04	Vip
GGAAAGCCATGACATC-L8TX_181206_01_E12	Vip
AGTTGGTTCGGCCGAT-L8TX_171120_01_C07	Vip
TTGTAGGAGTACGACG-L8TX_200625_02_E11	Vip
TCAGATGAGACAAAGG-L8TX_171026_01_G03	Vip
CTAATGGTCAGTGTTG-L8TX_200625_02_F11	Vip
AGCTCCTTCGCTTGTC-L8TX_180406_01_F02	Vip
GGGATGAAGACTACAA-L8TX_180115_01_H11	Vip
ATGAGGGCACCAGGTC-L8TX_180712_01_B06	Vip
GATCGATCAGGCGATA-L8TX_171026_01_F05	Vip
TGCGTGGGTAATCACC-L8TX_181012_01_B05	Vip
TAGAGCTTCTAAGCCA-L8TX_171026_01_F04	Vip
TAGACCACAGGGTATG-L8TX_180712_01_H05	Vip
GATGAGGAGCTAACTC-L8TX_180115_01_D09	Vip
GAGTCCGGTTCCATGA-L8TX_180221_01_A11	Vip
TAAACCGAGTCCCACG-L8TX_171026_01_G05	Vip
AAAGATGTCGCTGATA-L8TX_180504_01_E01	Vip
AGCGTCGCACATGTGT-L8TX_180115_01_A11	Vip
CCTACACCAAACCTAC-L8TX_180829_01_E10	Vip
CGTGTAAAGTACACCT-L8TX_190312_01_B02	Vip
GCATGCGTCTTTCCTC-L8TX_180712_01_G05	Vip
CGGACACTCCCTCAGT-L8TX_180221_01_D09	Vip
TCCCGATGTCGGCATC-L8TX_180907_01_A12	Vip
TTTCCTCCATGGTCTA-L8TX_180221_01_B10	Vip
GCGACCAGTTCTGTTT-L8TX_200625_02_F11	Vip
CTGCCTAGTTACGGAG-L8TX_180221_01_A11	Vip
TCGTAGACATTAGCCA-L8TX_200625_02_E11	Vip
GACCAATTCCAATGGT-L8TX_180115_01_E10	Vip
GGGTCTGGTCGATTGT-L8TX_181012_01_E05	Vip
AACTGGTTCATCGGAT-L8TX_180907_01_F11	Vip
ACAGCTAGTTCCACTC-L8TX_181012_01_C05	Vip
GACCAATCAGTTAACC-L8TX_180115_01_D11	Vip
CCTCTGACAATACGCT-L8TX_180115_01_A09	Vip
GCGCGATCACCTCGTT-L8TX_180115_01_B10	Vip
CAAGATCTCATCGATG-L8TX_180221_01_D10	Vip
GATCGATTCCAGAGGA-L8TX_180221_01_C09	Vip
TGACAACCATCACCCT-L8TX_190312_01_D02	Vip
ACTTTCATCCCTTGTG-L8TX_181206_01_D12	Vip
CCTTACGCAAACCTAC-L8TX_171120_01_C07	Vip
GTATCTTGTTGCCTCT-L8TX_180115_01_D09	Vip
CCGTTCAAGCTCCCAG-L8TX_180221_01_H10	Vip
TGACAACTCTCTGTCG-L8TX_180115_01_H10	Vip
ACGCCGACACCGCTAG-L8TX_180115_01_B11	Vip
CCAGCGACACGAGAGT-L8TX_180115_01_H08	Vip
CCACGGATCAACACGT-L8TX_180712_01_F05	Vip
TACCTATAGAGACGAA-L8TX_171026_01_B05	Vip
TTATGCTGTTAAGAAC-L8TX_180221_01_C09	Vip
TCACGAATCGAACTGT-L8TX_171026_01_C05	Vip
GCTGCTTCAATAAGCA-L8TX_190312_01_H02	Vip
AGGGTGAAGCCACCTG-L8TX_181011_01_C04	Vip
CGTAGGCTCAGGTAAA-L8TX_180221_01_F09	Vip
TAAACCGGTGTTTGGT-L8TX_180712_01_C06	Vip
CACATAGGTTGGTTTG-L8TX_180712_01_C06	Vip
ACGGGCTTCCACGCAG-L8TX_180115_01_B10	Vip
AAAGATGGTAGCCTAT-L8TX_180907_01_F10	Vip
CAACCAATCCTCTAGC-L8TX_180115_01_E09	Vip
CTCGTACAGACTACAA-L8TX_180221_01_B10	Vip
CGCTGGAGTACGAAAT-L8TX_180406_01_B02	Vip
GGCTGGTCACGGCCAT-L8TX_180221_01_F09	Vip
GTATTCTGTTAAGAAC-L8TX_190312_01_B01	Vip
AAGTCTGTCAGGTAAA-L8TX_180406_01_H02	Vip
GCTTCCAGTAGTGAAT-L8TX_181011_01_C03	Vip
GTGCAGCTCTGTCCGT-L8TX_180221_01_E10	Vip
TGACGGCGTCAATACC-L8TX_180115_01_F10	Vip
GCGCCAACAGACGCAA-L8TX_181011_01_H02	Vip
ATTTCTGGTAAAGTCA-L8TX_181206_01_A12	Vip
TACGGATAGTGAACGC-L8TX_181206_01_E12	Vip
GTCTTCGTCTGCTGCT-L8TX_190312_01_C01	Vip
AAGCCGCCACAACTGT-L8TX_181012_01_B05	Vip
TCGAGGCTCCATGAAC-L8TX_180115_01_G11	Vip
CCTTACGAGGCAGTCA-L8TX_180221_01_G10	Vip
GTAGTCAGTCCTCCAT-L8TX_171120_01_C07	Vip
GACGGCTCAAGAAGAG-L8TX_180829_01_D10	Vip
CCTAGCTGTATCACCA-L8TX_180115_01_D09	Vip
TCACGAACAAGACGTG-L8TX_180221_01_A10	Vip
AATCCAGCATCCTTGC-L8TX_171026_01_A05	Vip
TGCCAAATCGCGATCG-L8TX_181206_01_E12	Vip
TTGGAACAGCGATAGC-L8TX_171026_01_B05	Vip
CTCGAGGGTTGATTGC-L8TX_200625_02_E11	Vip
TCGAGGCTCCGAACGC-L8TX_180221_01_B12	Vip
CGAGCCAGTCCATGAT-L8TX_180406_01_F01	Vip
GCCAAATCACTGAAGG-L8TX_180406_01_C06	Vip
GAAACTCTCGATAGAA-L8TX_180406_01_D02	Vip
GTTCGGGGTTAGTGGG-L8TX_180712_01_C06	Vip
GCGCGATTCAGCTGGC-L8TX_181206_01_D12	Vip
CGGACACAGTGTACTC-L8TX_200625_02_E11	Vip
AGGTCATCATCACGAT-L8TX_190312_01_H02	Vip
GCATGATGTCAGATAA-L8TX_171120_01_E07	Vip
GGGATGACAGATAATG-L8TX_171026_01_D05	Vip
TCAGGATTCCTCATTA-L8TX_171026_01_G04	Vip
ACCAGTAGTCTCTTTA-L8TX_180221_01_A10	Vip
TTTGGTTAGTGCAAGC-L8TX_180115_01_C08	Vip
TTCTCAATCAGAGACG-L8TX_180406_01_B01	Vip
GTTTCTAAGGAACTGC-L8TX_180115_01_F11	Vip
GGTGTTATCCTTGGTC-L8TX_180115_01_H10	Vip
AAATGCCTCGTGACAT-L8TX_181206_01_E12	Vip
AGCGTATTCACATACG-L8TX_171026_01_E05	Vip
CCGTACTTCTCTAGGA-L8TX_171120_01_F07	Vip
GTAGTCACACCTTGTC-L8TX_180115_01_D11	Vip
CATGACAGTAGCCTCG-L8TX_180115_01_D09	Vip
TTAGTTCGTAAACACA-L8TX_171026_01_B04	Vip
CGATGGCTCTCGTTTA-L8TX_180115_01_F11	Vip
GAACCTACACTATCTT-L8TX_180221_01_B10	Vip
GTTACAGGTTCCTCCA-L8TX_180221_01_G09	Vip
TCAACGAAGACTAAGT-L8TX_180406_01_C06	Vip
AATCCAGGTTGACGTT-L8TX_171120_01_H07	Vip
GGACATTCATCATCCC-L8TX_180406_01_D02	Vip
TGACAACAGTAGTGCG-L8TX_180115_01_E10	Vip
ACAGCCGAGACCTTTG-L8TX_180115_01_A09	Vip
GTCGTAACATCGATGT-L8TX_180712_01_H05	Vip
GAATAAGAGGTGATAT-L8TX_171026_01_A04	Vip
CCTACCAGTTGGTTTG-L8TX_181206_01_D12	Vip
ATCGAGTGTCCTCCAT-L8TX_180115_01_D11	Vip
GAACATCAGGGCTTCC-L8TX_180221_01_B11	Vip
TGAGCCGGTAGCTCCG-L8TX_171026_01_A04	Vip
GCACTCTTCGCCCTTA-L8TX_180115_01_H11	Vip
TGACAACTCCGTTGCT-L8TX_180406_01_F02	Vip
CCACTACAGTGGGCTA-L8TX_171026_01_F04	Vip
GTAACTGTCTGAGTGT-L8TX_171120_01_F07	Vip
CCTACACTCTTCCTTC-L8TX_200611_02_A05	Vip
AACCGCGTCTGGCGAC-L8TX_171120_01_E07	Vip
TACTCGCAGCATGGCA-L8TX_180115_01_C09	Vip
TTGCGTCTCCTCCTAG-L8TX_180907_01_F10	Vip
GTAACGTCACTCAGGC-L8TX_180221_01_E10	Vip
AGCAGCCGTCAACATC-L8TX_171026_01_G04	Vip
AAGCCGCGTAGGCTGA-L8TX_171026_01_H05	Vip
GAGGTGATCTAACTTC-L8TX_171026_01_A05	Vip
CAACCAACAAACGTGG-L8TX_180115_01_C09	Vip
TGTTCCGCATCACAAC-L8TX_180115_01_F11	Vip
AGCGGTCGTTTGCATG-L8TX_180221_01_F09	Vip
CGTCTACCATGCGCAC-L8TX_180221_01_B10	Vip
CACACTCCAATCACAC-L8TX_180115_01_A10	Vip
GCTCTGTAGACCACGA-L8TX_180907_01_H11	Vip
CGATGTATCGCGATCG-L8TX_180115_01_E11	Vip
GGGCATCGTGCGCTTG-L8TX_180406_01_F02	Vip
GTACTCCCAACGATGG-L8TX_180115_01_G10	Vip
GGGAGATGTGTGGTTT-L8TX_181012_01_G04	Vip
AGCGTCGAGCAGCCTC-L8TX_180406_01_G01	Vip
GATGCTACATCGATTG-L8TX_180406_01_G02	Vip
CACAGTAGTTAGAACA-L8TX_171026_01_F04	Vip
ATTGGACCAGGACCCT-L8TX_171026_01_A04	Vip
GGCTCGACAGCTGCTG-L8TX_180406_01_B01	Vip
CGTCAGGTCGTACGGC-L8TX_180712_01_A06	Vip
CGGTTAACAGACAAGC-L8TX_180907_01_H11	Vip
CGCGGTATCTGTGCAA-L8TX_171026_01_G04	Vip
CGTCAGGGTGTCTGAT-L8TX_171026_01_B05	Vip
GCTGCAGCATCTATGG-L8TX_180115_01_C10	Vip
CGGGTCACAGGTGGAT-L8TX_171026_01_A04	Vip
TCTTCGGAGGAGTTTA-L8TX_180115_01_H10	Vip
TCACAAGGTTAAAGTG-L8TX_180221_01_E09	Vip
CAGGTGCAGTAAGTAC-L8TX_180115_01_D11	Vip
AGCTCCTCACCACGTG-L8TX_180406_01_C02	Vip
CTCGGAGAGCACCGCT-L8TX_180221_01_F10	Vip
CATCGAAAGCGCTCCA-L8TX_181011_01_B03	Vip
GTGCGGTTCGTATCAG-L8TX_180115_01_B09	Vip
AGCTCCTGTATATCCG-L8TX_180406_01_C06	Vip
CTGCCTATCCAGAGGA-L8TX_180221_01_C10	Vip
CCTTCGACATGTCTCC-L8TX_180712_01_G05	Vip
ATCCGAAGTACTTAGC-L8TX_200625_02_F11	Vip
AGCAGCCGTTCAGTAC-L8TX_171026_01_E05	Vip
GGACGTCAGTGGTCCC-L8TX_180712_01_G05	Vip
ATCTACTAGCGTCAAG-L8TX_171120_01_D07	Vip
CGTAGGCAGTCTTGCA-L8TX_180221_01_B10	Vip
TCTGAGAGTAACGACG-L8TX_180406_01_D01	Vip
ACACCAAAGCTATGCT-L8TX_181206_01_F12	Vip
AACACGTAGGATATAC-L8TX_181206_01_E12	Vip
TCATTACCATTATCTC-L8TX_190312_01_A03	Vip
AGAGCTTGTAGCCTCG-L8TX_180221_01_D09	Vip
TGTATTCCAAGCTGTT-L8TX_180115_01_B11	Vip
ATAGACCTCACAATGC-L8TX_171026_01_A04	Vip
GAAGCAGGTCCGAGTC-L8TX_180926_01_D01	Vip
CTCTGGTGTCTGCGGT-L8TX_180221_01_C10	Vip
GGGTTGCTCCCTGACT-L8TX_180926_01_F01	Vip
TAGTTGGAGTTGTAGA-L8TX_171120_01_G07	Vip
AGCTCTCTCATGTCCC-L8TX_180115_01_G11	Vip
TACGGATTCCAAACAC-L8TX_180221_01_C10	Vip
CCAATCCCACCCATTC-L8TX_181012_01_E05	Vip
TGATTTCAGCTAGGCA-L8TX_180221_01_B12	Vip
GACCAATGTGGGTATG-L8TX_180115_01_F11	Vip
TGGTTCCAGCCGTCGT-L8TX_180115_01_C10	Vip
CTCGTCATCCGGCACA-L8TX_180221_01_A10	Vip
CCATTCGCACGTAAGG-L8TX_171026_01_B05	Vip
GCAGCCAAGAATGTTG-L8TX_180221_01_E09	Vip
TTTGGTTGTTCTCATT-L8TX_180504_01_E01	Vip
CGAGCCACATTAACCG-L8TX_171120_01_G07	Vip
TGGCCAGTCATACGGT-L8TX_181206_01_A12	Vip
AAACCTGGTCTCCACT-L8TX_200625_02_E11	Vip
AGGCCACAGAGCTTCT-L8TX_171026_01_B05	Vip
GATGAGGCATTCACTT-L8TX_171026_01_H04	Vip
CTCATTATCCAGATCA-L8TX_171026_01_G04	Vip
AACTGGTTCAAGCCTA-L8TX_180221_01_B11	Vip
GCATACACACCATCCT-L8TX_180221_01_B10	Vip
GTAACGTTCTTCAACT-L8TX_180115_01_C09	Vip
GGGACCTCAAGTTGTC-L8TX_180221_01_E10	Vip
TGCTGCTCACCACCAG-L8TX_180406_01_H01	Vip
TGACGGCCAGGAACGT-L8TX_171026_01_A04	Vip
TTGCCGTGTTCACCTC-L8TX_180406_01_C06	Vip
TGTGGTACATACCATG-L8TX_180115_01_G08	Vip
CAGCTGGTCGGTGTCG-L8TX_171026_01_E05	Vip
CGCTGGAAGGGATCTG-L8TX_171026_01_F03	Vip
TTTGGTTGTACTCTCC-L8TX_180829_01_E10	Vip
TGCCAAAGTCACAAGG-L8TX_180115_01_A10	Vip
AGGTCCGCATGGTAGG-L8TX_180406_01_F02	Vip
TGCCAAAGTGCAGTAG-L8TX_171026_01_H03	Vip
CCTACACTCCAAATGC-L8TX_171026_01_D05	Vip
GTTAAGCCATACAGCT-L8TX_181206_01_C12	Vip
GGCGACTAGGCCCTTG-L8TX_171026_01_C05	Vip
CTTAACTAGGCGTACA-L8TX_180115_01_E11	Vip
TGTTCCGGTCAATACC-L8TX_171120_01_F07	Vip
CACCAGGCATGCAACT-L8TX_200625_02_F11	Vip
CGGACACAGTCCATAC-L8TX_180115_01_E08	Vip
ATAACGCGTATGGTTC-L8TX_180115_01_C09	Vip
CGCTTCAGTCCAGTAT-L8TX_180221_01_B11	Vip
CAGCTGGTCGCTAGCG-L8TX_171026_01_G03	Vip
CAGATCAGTATATCCG-L8TX_180221_01_F11	Vip
AAGGTTCAGAACTGTA-L8TX_200611_02_A05	Vip
AGGCCACAGGGTTTCT-L8TX_180115_01_A09	Vip
CTCGTACGTACACCGC-L8TX_171026_01_F04	Vip
ATTGGTGCACTTAAGC-L8TX_180221_01_B10	Vip
TCGCGTTGTACTTAGC-L8TX_180406_01_C01	Vip
GATGAGGTCATATCGG-L8TX_171026_01_A05	Vip
GCGCGATAGACTCGGA-L8TX_180221_01_D10	Vip
CTGCCTATCTGTCTAT-L8TX_180926_01_E01	Vip
GAACCTACACCAGATT-L8TX_171026_01_G03	Vip
TGCGCAGCATTCACTT-L8TX_171026_01_H03	Vip
CGTTGGGGTCTGGAGA-L8TX_180829_01_D10	Vip
TGAGCCGTCGCCAGCA-L8TX_180221_01_H09	Vip
AGCGTCGGTAGCAAAT-L8TX_180907_01_F11	Vip
TCTCATAAGCAGGCTA-L8TX_180115_01_D11	Vip
GGAGCAAAGCTAGTCT-L8TX_180221_01_C12	Vip
TTATGCTCATGGGAAC-L8TX_171120_01_G07	Vip
TGTGTTTCATTCGACA-L8TX_180221_01_D09	Vip
AGGGATGCAGCATGAG-L8TX_171026_01_A05	Vip
CAACTAGAGGGTCGAT-L8TX_180221_01_C09	Vip
CAGGTGCTCAAAGTAG-L8TX_171026_01_B05	Vip
CGATTGAAGTCCTCCT-L8TX_171026_01_H04	Vip
CCGTTCATCGCCCTTA-L8TX_180115_01_G08	Vip
TGGTTAGTCATCGGAT-L8TX_181012_01_H04	Vip
CGTCTACAGCAGGTCA-L8TX_171026_01_A04	Vip
TACAGTGGTCGGCACT-L8TX_180115_01_B11	Vip
AAGGTTCTCTACTCAT-L8TX_180406_01_D01	Vip
CCTAAAGTCCCTCAGT-L8TX_180406_01_C06	Vip
CCTTTCTCACTTCTGC-L8TX_181206_01_C12	Vip
ACGGCCAAGTGACATA-L8TX_181206_01_C12	Vip
CTTCTCTCATTTGCTT-L8TX_181206_01_E12	Vip
CTACACCCAAGCTGAG-L8TX_180406_01_B06	Vip
TATGCCCTCGAGAGCA-L8TX_171026_01_H03	Vip
ACCCACTAGATGTTAG-L8TX_180406_01_C07	Vip
CGCGTTTTCACTGGGC-L8TX_180115_01_H11	Vip
GATCGATTCGCCGTGA-L8TX_180712_01_A06	Vip
CCTTCGACAATTGCTG-L8TX_180221_01_F11	Vip
GTGCGGTTCAGCTGGC-L8TX_171026_01_A05	Vip
TGCGCAGGTCTCATCC-L8TX_180406_01_E02	Vip
TGGACGCTCGAACGGA-L8TX_181206_01_A12	Vip
TTTGGTTTCAAACAAG-L8TX_180406_01_E06	Vip
CTCTACGCATCCTAGA-L8TX_180926_01_D01	Vip
CAAGAAAAGGTAAACT-L8TX_180221_01_A11	Vip
AGAGCTTTCGGTTAAC-L8TX_180221_01_H11	Vip
GCACATAAGAGTGAGA-L8TX_180221_01_H12	Vip
ACGCCAGTCGGAAATA-L8TX_180115_01_C09	Vip
CGACTTCGTGTAAGTA-L8TX_180221_01_G10	Vip
ATTGGTGCAGTTTACG-L8TX_180712_01_A06	Vip
TACTTACTCTCCGGTT-L8TX_180221_01_G09	Vip
CACTCCAAGAACTCGG-L8TX_180907_01_A12	Vip
ACACCCTAGATAGGAG-L8TX_171026_01_E05	Vip
TTTATGCGTAGGGTAC-L8TX_180406_01_F02	Vip
TATGCCCCACAGCCCA-L8TX_180406_01_B01	Vip
TACTCATGTTCGTTGA-L8TX_181012_01_E05	Vip
CTAACTTGTCGCGTGT-L8TX_171026_01_F05	Vip
TGGTTCCGTATTACCG-L8TX_180115_01_H10	Vip
TGTATTCGTGTTTGGT-L8TX_180829_01_E10	Vip
CTCGGAGTCCGAAGAG-L8TX_180406_01_E02	Vip
CGGTTAAAGGTGTGGT-L8TX_180115_01_D08	Vip
TTAGGCATCCACGCAG-L8TX_190312_01_G02	Vip
GGACAAGCAGATGGGT-L8TX_180115_01_G08	Vip
CGGTTAATCTTTAGGG-L8TX_180406_01_B01	Vip
CTAGCCTGTGTTCGAT-L8TX_180221_01_D09	Vip
CAAGGCCCATCAGTCA-L8TX_171026_01_A04	Vip
GCTTGAAGTGCGATAG-L8TX_180115_01_H08	Vip
ATGAGGGGTGTGAATA-L8TX_171026_01_F03	Vip
CCTAAAGCACCAACCG-L8TX_180221_01_C10	Vip
GTTAAGCCATAACCTG-L8TX_171026_01_H03	Vip
GTATCTTAGTCATGCT-L8TX_180926_01_C12	Vip
GGACAGACATTGGCGC-L8TX_171026_01_H05	Vip
CGTTCTGAGCCAGAAC-L8TX_180115_01_G10	Vip
ATTCTACCACCCATTC-L8TX_180712_01_B06	Vip
GTGTGCGCACCGTTGG-L8TX_180115_01_G08	Vip
GGTGAAGAGTCACGCC-L8TX_180115_01_E09	L6b_CTX
CAGTCCTCAAGTAATG-L8TX_180829_01_D10	L6b_CTX
CATCCACTCTAAGCCA-L8TX_181011_01_G02	L6b_CTX
CGCTTCACATGGATGG-L8TX_171120_01_F07	L6b_CTX
ACGGGTCGTCTGCAAT-L8TX_180221_01_D10	L6b_CTX
CTGAAACTCTTTACGT-L8TX_180221_01_A12	L6b_CTX
TAAGAGAGTACGCACC-L8TX_171120_01_H07	L6b_CTX
TTATGCTCAGATGGGT-L8TX_190312_01_D01	L6b_CTX
GCATGTAGTTTGCATG-L8TX_180504_01_E01	L6b_CTX
TGTGTTTCAATGAAAC-L8TX_180221_01_F10	L6b_CTX
GTTCTCGGTTCCGTCT-L8TX_181011_01_H02	L6b_CTX
GCTGGGTGTCATACTG-L8TX_180221_01_E10	L6b_CTX
TCTATTGTCTCGGACG-L8TX_181011_01_H02	L6b_CTX
TCACGAACAAACAACA-L8TX_180712_01_E05	L6b_CTX
GCCAAATGTACAGACG-L8TX_171026_01_D05	L6b_CTX
ACAGCCGGTTGACGTT-L8TX_180221_01_H10	L6b_CTX
TTCGGTCCACCAGCAC-L8TX_171026_01_G05	L6b_CTX
CGAGAAGTCGTGGTCG-L8TX_180926_01_D01	L6b_CTX
GACACGCCATGTCTCC-L8TX_180115_01_C11	L6b_CTX
CAACTAGCATTTCACT-L8TX_171026_01_F03	L6b_CTX
TCTCTAAAGTCCAGGA-L8TX_180907_01_E11	L6b_CTX
CCCAATCTCAACACGT-L8TX_171026_01_B05	L6b_CTX
CGTCAGGTCAGTTTGG-L8TX_180406_01_B02	L6b_CTX
CCTTCGAGTGCGGTAA-L8TX_180115_01_A10	L6b_CTX
TCGAGGCCATTGGTAC-L8TX_181012_01_G04	L6b_CTX
TGGCGCACACGGTAGA-L8TX_180406_01_C07	L6b_CTX
TATCAGGTCGGCGCTA-L8TX_190312_01_C01	L6b_CTX
TATCTCATCAACCATG-L8TX_180221_01_A12	L6b_CTX
TACGGGCCAGTGGGAT-L8TX_180926_01_F01	L6b_CTX
CTTAGGAAGTCGTTTG-L8TX_180926_01_B01	L6b_CTX
GGACATTAGGCCGAAT-L8TX_180712_01_A06	L6b_CTX
CTCACACCACCTATCC-L8TX_180221_01_E10	L6b_CTX
AGTAGTCCATGAAGTA-L8TX_180221_01_D10	L6b_CTX
CTACCCATCTGCGACG-L8TX_171026_01_H03	L6b_CTX
CCTCTGAGTCGCATCG-L8TX_180221_01_H11	L6b_CTX
CATCGGGAGCTACCTA-L8TX_180907_01_B12	L6b_CTX
TGCTACCCATTTCACT-L8TX_180115_01_D11	L6b_CTX
TCATTACTCTCTGCTG-L8TX_180406_01_E01	L6b_CTX
TCACGAATCTTTACAC-L8TX_180115_01_E08	L6b_CTX
TACCTTAAGCCGCCTA-L8TX_181011_01_G02	L6b_CTX
TTCGAAGCAGGTCTCG-L8TX_181011_01_H02	L6b_CTX
GTATTCTGTAGCTCCG-L8TX_180115_01_G08	L6b_CTX
CAGCAGCGTTCCACAA-L8TX_171120_01_E07	L6b_CTX
GTGCTTCGTAGAGCTG-L8TX_180221_01_F10	L6b_CTX
GCGACCAGTGAAGGCT-L8TX_180907_01_F11	L6b_CTX
GCAGCCAGTCTCACCT-L8TX_180221_01_H11	L6b_CTX
TAGTTGGAGTGAACGC-L8TX_181012_01_B05	L6b_CTX
ATGTGTGTCTGTCAAG-L8TX_180221_01_G10	L6b_CTX
CTCACACCATTCACTT-L8TX_180829_01_D09	L6b_CTX
GAATAAGAGGGTCTCC-L8TX_180221_01_G09	L6b_CTX
TAGAGCTTCGTCCAGG-L8TX_180221_01_H11	L6b_CTX
AAGGTTCCAATAGCAA-L8TX_171026_01_F03	L6b_CTX
GATCGTACAGCTGTAT-L8TX_180907_01_G11	L6b_CTX
AGCGTCGTCTACGAGT-L8TX_180115_01_G10	L6b_CTX
GGGACCTTCATTTGGG-L8TX_180504_01_E01	L6b_CTX
CGTCCATAGAAGGTTT-L8TX_200611_02_A05	L6b_CTX
TCTGGAACAGACAAAT-L8TX_180712_01_A06	L6b_CTX
GTGCTTCGTCATGCCG-L8TX_190312_01_B01	L6b_CTX
ACCCACTGTGGCGAAT-L8TX_180907_01_H11	L6b_CTX
TCGGTAATCTCTTATG-L8TX_180406_01_F01	L6b_CTX
GCTCTGTAGACATAAC-L8TX_180221_01_A11	L6b_CTX
TCAGATGGTCAGGACA-L8TX_180221_01_A12	L6b_CTX
CCTAGCTCAAGCCATT-L8TX_190312_01_D01	L6b_CTX
ACGGGTCAGGAGTTGC-L8TX_180221_01_G10	L6b_CTX
ACTATCTGTCGCGAAA-L8TX_171026_01_B04	L6b_CTX
GGCAATTTCCGCAAGC-L8TX_180115_01_G10	L6b_CTX
CGCTATCGTAGGCATG-L8TX_180221_01_H09	L6b_CTX
CTGTTTAAGAAACCGC-L8TX_181012_01_G04	L6b_CTX
CGGACGTAGCTCAACT-L8TX_180712_01_G05	L6b_CTX
CAGCTAATCATGTCCC-L8TX_180712_01_E05	L6b_CTX
TGGCGCAAGTGAACAT-L8TX_171026_01_H04	L6b_CTX
CTGTTTACACGCCAGT-L8TX_180712_01_E05	L6b_CTX
TCAGCTCTCGTTTAGG-L8TX_171026_01_H03	L6b_CTX
TCCCGATAGTAGTGCG-L8TX_180221_01_A12	L6b_CTX
CGTGTAATCTTTAGTC-L8TX_171026_01_G05	L6b_CTX
CATGACAAGTAGGTGC-L8TX_190312_01_B01	L6b_CTX
CGTAGCGGTACTCGCG-L8TX_180221_01_A12	L6b_CTX
ACGCAGCCACACCGAC-L8TX_180504_01_E01	L6b_CTX
CTAGAGTCAGGGTATG-L8TX_181206_01_F12	L6b_CTX
TGCTGCTCAATGCCAT-L8TX_171120_01_E07	L6b_CTX
TAGAGCTTCTTGTATC-L8TX_180115_01_D09	L6b_CTX
CATCCACGTCTAGCGC-L8TX_190312_01_G02	L6b_CTX
GTCTTCGGTAGCGTAG-L8TX_180406_01_B02	L6b_CTX
AGGGAGTAGATAGGAG-L8TX_180221_01_D10	L6b_CTX
TGCCCTAAGTGAACAT-L8TX_171026_01_E05	L6b_CTX
GTGCATAGTGCCTGGT-L8TX_180907_01_G11	L6b_CTX
AGTGAGGAGAGGGATA-L8TX_180221_01_C12	L6b_CTX
CCGTACTTCGCTAGCG-L8TX_180115_01_F09	L6b_CTX
CCTATTAGTGTTCTTT-L8TX_180907_01_F11	L6b_CTX
CCTTCGAGTAGCGTAG-L8TX_180406_01_D01	L6b_CTX
AAGGCAGTCACGCATA-L8TX_180221_01_A12	L6b_CTX
ATCTGCCCAAGAGGCT-L8TX_181011_01_G02	L6b_CTX
GGGACCTGTGATGTCT-L8TX_180926_01_F01	L6b_CTX
CCCAGTTTCCCAAGTA-L8TX_180115_01_F10	L6b_CTX
GGACAGAGTTACCAGT-L8TX_180221_01_D12	L6b_CTX
GACGTGCCACCACCAG-L8TX_171026_01_G05	L6b_CTX
AAGGCAGGTTAAGTAG-L8TX_181206_01_C12	L6b_CTX
GTTACAGAGCGACGTA-L8TX_171026_01_F05	L6b_CTX
GATCTAGAGCTACCTA-L8TX_180221_01_H11	L6b_CTX
GTCGGGTAGCCAACAG-L8TX_180406_01_C02	L6b_CTX
CCCTCCTAGCACCGTC-L8TX_180221_01_A11	L6b_CTX
TAAGCGTAGCTCCCAG-L8TX_180115_01_E11	L6b_CTX
AAACCTGGTCTAGAGG-L8TX_180712_01_A06	L6b_CTX
TTGGAACGTAAGAGAG-L8TX_171026_01_F03	L6b_CTX
AATCCAGTCTTTACGT-L8TX_180115_01_E10	L6b_CTX
GACGCGTCAGTGACAG-L8TX_180712_01_F05	L6b_CTX
TGGCCAGCATTACCTT-L8TX_181011_01_A03	L6b_CTX
TTAGGACTCAAACCAC-L8TX_180221_01_H10	L6b_CTX
ACGAGCCTCCGAGCCA-L8TX_180221_01_A11	L6b_CTX
GAAATGATCTGCTGTC-L8TX_171026_01_D05	L6b_CTX
CTGAAACAGGCGATAC-L8TX_180115_01_G10	L6b_CTX
CTCACACAGGCTATCT-L8TX_180115_01_G10	L6b_CTX
AATCCAGTCGGTCCGA-L8TX_180221_01_F10	L6b_CTX
GCGAGAATCTGCCAGG-L8TX_180406_01_B02	L6b_CTX
CACACAAAGTGAAGTT-L8TX_171120_01_D07	L6b_CTX
CTCGGAGTCTTGTACT-L8TX_180221_01_F09	L6b_CTX
TTCTTAGTCCGTACAA-L8TX_171120_01_F07	L6b_CTX
CGGAGCTTCAGCTGGC-L8TX_180115_01_E08	L6b_CTX
ACTGAACCATCCGGGT-L8TX_180221_01_G09	L6b_CTX
TACGGGCTCGTGGACC-L8TX_180926_01_B01	L6b_CTX
AGTGAGGTCGTTTATC-L8TX_180221_01_E10	L6b_CTX
GACACGCGTTGTCGCG-L8TX_180406_01_C08	L6b_CTX
CCCTCCTCATCTATGG-L8TX_180221_01_D12	L6b_CTX
CATTATCTCCAGAAGG-L8TX_180115_01_B10	L6b_CTX
GGGAGATAGAAGGCCT-L8TX_180115_01_H11	L6b_CTX
CCTTTCTGTATATCCG-L8TX_180406_01_C06	L6b_CTX
GCGACCACAATGGTCT-L8TX_171026_01_F04	L6b_CTX
CAGCGACTCTGACCTC-L8TX_180221_01_A11	L6b_CTX
TCAGGTAGTAGAGCTG-L8TX_180115_01_H09	L6b_CTX
CCACCTAAGCTAGTGG-L8TX_180221_01_D10	L6b_CTX
CCACTACTCACCGGGT-L8TX_171026_01_G04	L6b_CTX
ACCCACTGTGATAAGT-L8TX_180221_01_C12	L6b_CTX
TACTTACAGTGTACTC-L8TX_180115_01_D09	L6b_CTX
ATAGACCGTAGCGCTC-L8TX_180221_01_D09	L6b_CTX
GTCAAGTCAGTAGAGC-L8TX_180406_01_C08	L6b_CTX
CTCTAATTCTCGAGTA-L8TX_180115_01_A10	L6b_CTX
AGTGAGGTCACATGCA-L8TX_181012_01_G04	L6b_CTX
AGTTGGTGTTGAGTTC-L8TX_180406_01_E01	L6b_CTX
CAACTAGTCTTGAGGT-L8TX_180712_01_B06	L6b_CTX
CAAGTTGAGGGATCTG-L8TX_180221_01_A10	L6b_CTX
TAGTGGTGTAAATACG-L8TX_180926_01_D01	L6b_CTX
CTGTGCTCATGTTCCC-L8TX_180221_01_A10	L6b_CTX
CGCTTCATCGTTTGCC-L8TX_180115_01_D09	L6b_CTX
CAGGTGCAGTTAGCGG-L8TX_180115_01_B10	L6b_CTX
ACGCAGCCACTTACGA-L8TX_181011_01_B03	L6b_CTX
ACTGATGGTGTATGGG-L8TX_180926_01_E01	L6b_CTX
TCAGATGTCTCTGTCG-L8TX_180221_01_A11	L6b_CTX
GGAACTTCACAGTCGC-L8TX_180907_01_F11	L6b_CTX
TGCTGCTTCTAGCACA-L8TX_171026_01_F04	L6b_CTX
AACGTTGGTCCGAATT-L8TX_180406_01_F01	L6b_CTX
TGCGCAGTCAACGGGA-L8TX_180926_01_C12	L6b_CTX
AAAGCAATCAGAAATG-L8TX_180115_01_F11	L6b_CTX
TTCTTAGAGTGTTAGA-L8TX_180115_01_D08	L6b_CTX
ACGGCCAAGGCAGTCA-L8TX_171026_01_F05	L6b_CTX
GCATGTATCACGAAGG-L8TX_180221_01_G09	L6b_CTX
CTTGGCTCAGCCTTGG-L8TX_180504_01_E01	L6b_CTX
TTTGTCAAGTGTTTGC-L8TX_180406_01_F02	L6b_CTX
GAACATCAGAGTCTGG-L8TX_180221_01_E10	L6b_CTX
CCTAAAGGTGTTTGGT-L8TX_180406_01_E06	L6b_CTX
AGCTTGACACCCTATC-L8TX_181012_01_G04	L6b_CTX
TATCAGGGTTTGACTG-L8TX_200611_02_A05	L6b_CTX
ATGCGATAGTAGGCCA-L8TX_171026_01_G03	L6b_CTX
GCAGTTATCTCTGTCG-L8TX_171026_01_E05	L6b_CTX
TCACGAAGTTTGTTGG-L8TX_180907_01_F11	L6b_CTX
CTGAAACGTAAGTGTA-L8TX_180221_01_A12	L6b_CTX
AAAGTAGCAGGATTGG-L8TX_180221_01_C12	L6b_CTX
CTCGAGGCAAGCGAGT-L8TX_181011_01_H02	L6b_CTX
CTCAGAAAGTCGTTTG-L8TX_180221_01_B10	L6b_CTX
AGTGGGACAGCTGTAT-L8TX_180926_01_B01	L6b_CTX
TTTGTCACAGCGTCCA-L8TX_180115_01_B09	L6b_CTX
TGGGAAGCACAGCCCA-L8TX_180926_01_D01	L6b_CTX
GTTCTCGAGGCCGAAT-L8TX_181012_01_G04	L6b_CTX
CTACCCAGTCAAGCGA-L8TX_181206_01_B12	L6b_CTX
ATTGGACGTGCGCTTG-L8TX_171026_01_H05	L6b_CTX
GCTGCAGCAGCTATTG-L8TX_180907_01_F10	L6b_CTX
CTTTGCGCAGCTCGCA-L8TX_190312_01_D02	L6b_CTX
ACTGAGTTCTCGCTTG-L8TX_180221_01_B12	L6b_CTX
CAGATCAAGGTGTGGT-L8TX_181011_01_H02	L6b_CTX
GGACATTCATCATCCC-L8TX_171026_01_F05	L6b_CTX
GAATGAATCGTTACGA-L8TX_180221_01_A11	L6b_CTX
CGTAGCGGTGTGACGA-L8TX_171026_01_F05	L6b_CTX
TGAGAGGGTATGCTTG-L8TX_181012_01_G04	L6b_CTX
CTGCTGTGTCAATACC-L8TX_180406_01_C07	L6b_CTX
TTGCCGTGTGTGCCTG-L8TX_171026_01_H03	L6b_CTX
AGAGTGGTCGCGCCAA-L8TX_180221_01_A10	L6b_CTX
TTCTCAACATGCATGT-L8TX_171026_01_F05	L6b_CTX
GCAAACTGTCTAAAGA-L8TX_180406_01_E01	L6b_CTX
CGTGTAATCTTTAGGG-L8TX_180115_01_H09	L6b_CTX
CTGAAACCAAGCCTAT-L8TX_180221_01_H09	L6b_CTX
TACTCATAGAACAATC-L8TX_171120_01_G07	L6b_CTX
CTGATCCCAAACTGTC-L8TX_180115_01_E10	L6b_CTX
ACGCCGAGTTCCACGG-L8TX_180406_01_H01	L6b_CTX
GTAACGTGTGCATCTA-L8TX_180406_01_C01	L6b_CTX
ACGCCGATCCCTAACC-L8TX_180115_01_G08	L6b_CTX
TTATGCTAGCCTTGAT-L8TX_180221_01_F09	L6b_CTX
CCCATACAGTCGTACT-L8TX_180221_01_A11	L6b_CTX
AAGGCAGCAGGAACGT-L8TX_171026_01_D05	L6b_CTX
CGAACATGTGGCCCTA-L8TX_190312_01_F01	L6b_CTX
TCTTTCCGTTATCACG-L8TX_180221_01_A11	L6b_CTX
CTCACACTCAGCTGGC-L8TX_180907_01_F11	L6b_CTX
TGACTAGAGGCTAGGT-L8TX_180221_01_G09	L6b_CTX
CATATGGAGCTGCGAA-L8TX_180406_01_C07	L6b_CTX
TGAGCCGGTTGGACCC-L8TX_171026_01_H03	L6b_CTX
CCTTTCTCAACACCTA-L8TX_171026_01_E05	L6b_CTX
GCACTCTGTTATCCGA-L8TX_180221_01_A12	L6b_CTX
ATCCACCCATCTACGA-L8TX_180115_01_H11	L6b_CTX
GCAAACTTCACATAGC-L8TX_180221_01_H11	L6b_CTX
AACTCTTGTGCACTTA-L8TX_171026_01_G04	L6b_CTX
TGGCGCACATATGAGA-L8TX_180406_01_E06	L6b_CTX
CACAAACGTGATAAAC-L8TX_190312_01_C01	L6b_CTX
GATCGTAGTTCCTCCA-L8TX_181011_01_H02	L6b_CTX
GATCGATAGTGACTCT-L8TX_181206_01_E12	L6b_CTX
AGCTTGAAGAAACCTA-L8TX_180907_01_B12	L6b_CTX
TGAGCATTCGTTGACA-L8TX_180221_01_F10	L6b_CTX
CACACCTTCGGACAAG-L8TX_180406_01_B01	L6b_CTX
GTACTTTCATGGATGG-L8TX_171120_01_H07	L6b_CTX
TCGGTAACAATGGACG-L8TX_171026_01_B04	L6b_CTX
TTAGTTCCATACGCCG-L8TX_180221_01_G09	L6b_CTX
CCTTCCCCACAGGTTT-L8TX_190312_01_G01	L6b_CTX
CGGAGTCTCGGTTCGG-L8TX_171026_01_C05	L6b_CTX
GGTATTGGTAGCGTGA-L8TX_171026_01_H03	L6b_CTX
AACCGCGGTAGCGTGA-L8TX_171026_01_F03	L6b_CTX
CTGTTTAAGTTCGATC-L8TX_180115_01_E09	L6b_CTX
TCGGTAACAGAGCCAA-L8TX_180712_01_B06	L6b_CTX
AAAGATGTCTCATTCA-L8TX_180926_01_F01	L6b_CTX
GTAACTGGTTCTGTTT-L8TX_180406_01_C01	L6b_CTX
CGCGTTTTCGCCAGCA-L8TX_180221_01_B10	L6b_CTX
CTCGAAATCATCACCC-L8TX_181011_01_C04	L6b_CTX
AACTCCCTCTCATTCA-L8TX_180712_01_B06	L6b_CTX
GGTGAAGAGAAACGCC-L8TX_190312_01_E01	L6b_CTX
AGAGCGAAGCCCTAAT-L8TX_200611_02_A05	L6b_CTX
GCTGCAGCATAGAAAC-L8TX_180221_01_F09	L6b_CTX
TTTATGCTCGTCCAGG-L8TX_190312_01_A02	L6b_CTX
GTTCGGGCATGACGGA-L8TX_180406_01_C07	L6b_CTX
CAGATCACAAATACAG-L8TX_180221_01_D10	L6b_CTX
GAGTCCGCACAGAGGT-L8TX_180221_01_B12	L6b_CTX
TGAGAGGAGTTGTCGT-L8TX_180504_01_E01	L6b_CTX
ATTTCTGCAACACGCC-L8TX_180221_01_B12	L6b_CTX
GTCTTCGCACATGGGA-L8TX_180712_01_H05	L6b_CTX
TTGACTTGTCTCAACA-L8TX_180115_01_H10	L6b_CTX
CTCACACCAGTCTTCC-L8TX_171120_01_D07	L6b_CTX
CGTGAGCTCAGTTTGG-L8TX_180221_01_E10	L6b_CTX
CACTCCACAATCGGTT-L8TX_180221_01_B11	L6b_CTX
ATCATGGGTTCGAATC-L8TX_180504_01_E01	L6b_CTX
GCCAAATTCAGTTTGG-L8TX_180115_01_A09	L6b_CTX
TATCAGGGTCTTGATG-L8TX_180907_01_F11	L6b_CTX
GGGAGATGTTGGTAAA-L8TX_171026_01_A05	L6b_CTX
CGAGCCACAGGTCGTC-L8TX_171026_01_C05	L6b_CTX
GATCAGTTCGCTAGCG-L8TX_180115_01_F10	L6b_CTX
TCACAAGTCTAGAGTC-L8TX_181012_01_B05	L6b_CTX
AGGTCCGTCGGAGGTA-L8TX_171026_01_C05	L6b_CTX
CTCGGGAAGTTGAGAT-L8TX_171026_01_H04	L6b_CTX
CCATGTCCAAGACACG-L8TX_171120_01_F07	L6b_CTX
CGATCGGTCTTGCCGT-L8TX_180221_01_A12	L6b_CTX
ACGATACCACTGTGTA-L8TX_180406_01_C07	L6b_CTX
ACCTTTAAGCTAAACA-L8TX_180221_01_F10	L6b_CTX
GGCTGGTCATTCCTGC-L8TX_180115_01_D09	L6b_CTX
TTCCCAGTCCTACAGA-L8TX_180115_01_H11	L6b_CTX
CTCCTAGCATAGTAAG-L8TX_190312_01_A02	L6b_CTX
GGGAGATTCTGTCTCG-L8TX_180406_01_F02	L6b_CTX
TGAGCCGGTCTCTCTG-L8TX_171026_01_H04	L6b_CTX
GTAGGCCCACAAGTAA-L8TX_171120_01_E07	L6b_CTX
CCACCTAGTTTGTTTC-L8TX_180504_01_E01	L6b_CTX
GACACGCAGTATGACA-L8TX_180221_01_H10	L6b_CTX
GTACTTTTCAGTTTGG-L8TX_181206_01_C12	L6b_CTX
TGACTTTAGGGTCGAT-L8TX_171026_01_A04	L6b_CTX
CTTACCGGTCATGCCG-L8TX_171026_01_G03	L6b_CTX
GATCGATCACCACGTG-L8TX_171026_01_E05	L6b_CTX
TGGACGCCAGGTCGTC-L8TX_180221_01_A12	L6b_CTX
ATTCTACGTGAGTATA-L8TX_180926_01_D01	L6b_CTX
TAAGCGTAGAAACCAT-L8TX_171026_01_E05	L6b_CTX
ACACCGGGTCTTCTCG-L8TX_171026_01_E05	L6b_CTX
AACTTTCCAATCGAAA-L8TX_190312_01_C02	L6b_CTX
TGGGCGTGTCGAGTTT-L8TX_181011_01_G02	L6b_CTX
TGAGGGAAGGATGGTC-L8TX_180504_01_E01	L6b_CTX
TTCTACAAGCGTGAAC-L8TX_171026_01_A04	L6b_CTX
ACGTCAAGTCGCGAAA-L8TX_180504_01_E01	L6b_CTX
GATGAGGCAGGAATGC-L8TX_171120_01_E07	L6b_CTX
TGCCAAAGTGGCAAAC-L8TX_180221_01_C09	L6b_CTX
CCTAGCTCAACTGCGC-L8TX_180115_01_C08	L6b_CTX
ATGCGATCACGGTAGA-L8TX_180712_01_E05	L6b_CTX
CACATTTCATACGCCG-L8TX_181012_01_E05	L6b_CTX
ATCCACCCATTTCAGG-L8TX_171026_01_F03	L6b_CTX
CGGAGCTTCGAGAACG-L8TX_171026_01_F03	L6b_CTX
AGGGTGAAGATCCCGC-L8TX_180907_01_A12	L6b_CTX
GCGCGATCATTCTCAT-L8TX_190312_01_F01	L6b_CTX
CAGGTGCGTCTCCACT-L8TX_171026_01_F05	L6b_CTX
ACGATACTCACTGGGC-L8TX_181012_01_E05	L6b_CTX
GGACAGATCTATCGCC-L8TX_181012_01_G04	L6b_CTX
CCTTCCCTCTGAGGGA-L8TX_180115_01_C11	L6b_CTX
TTTCCTCGTTATGTGC-L8TX_181011_01_G02	L6b_CTX
GCATGATCAGCCTGTG-L8TX_180221_01_A11	L6b_CTX
GTAGTCACATTGGTAC-L8TX_180926_01_E01	L6b_CTX
CGATTGATCAGTGCAT-L8TX_171026_01_F03	L6b_CTX
AGGGATGGTGACCAAG-L8TX_180829_01_D09	L6b_CTX
AACTCAGAGAGCCTAG-L8TX_180115_01_C11	L6b_CTX
GTTAAGCGTTGAACTC-L8TX_180221_01_D10	L6b_CTX
TTCCCAGAGAGGTTAT-L8TX_171026_01_E05	L6b_CTX
GCATGCGTCACATGCA-L8TX_180221_01_A12	L6b_CTX
ACGAGCCAGCAGGCTA-L8TX_180115_01_A11	L6b_CTX
CTGTGCTCACGTTGGC-L8TX_180115_01_A11	L6b_CTX
GCGCGATTCCATGCTC-L8TX_171026_01_H04	L6b_CTX
ACGAGGAGTAGCACGA-L8TX_180406_01_C06	L6b_CTX
GCTGCAGTCCTCCTAG-L8TX_171026_01_G04	L6b_CTX
CGAGCCAGTAGCTTGT-L8TX_180221_01_H09	L6b_CTX
GTGCATAGTTACGCGC-L8TX_181011_01_C04	L6b_CTX
CGTAGCGTCCGAAGAG-L8TX_180115_01_H10	L6b_CTX
AAAGATGCACACCGAC-L8TX_190312_01_A02	L6b_CTX
ATTGGACTCCAAACAC-L8TX_180115_01_D08	L6b_CTX
GAAACTCCAGCTGTTA-L8TX_180221_01_H11	L6b_CTX
GAAACTCGTGTGCCTG-L8TX_190312_01_G01	L6b_CTX
GTTAAGCGTATCGCAT-L8TX_171026_01_F04	L6b_CTX
GACTAACCAGCTGCTG-L8TX_180221_01_B12	L6b_CTX
ACCAGTATCGGTCTAA-L8TX_180406_01_F02	L6b_CTX
GTGAAGGCAGTCACTA-L8TX_180221_01_A12	L6b_CTX
TCGGTAATCGCCGTGA-L8TX_180907_01_B12	L6b_CTX
GACTAACAGGGCTTCC-L8TX_180221_01_A12	L6b_CTX
GTCATTTGTGTCTGAT-L8TX_171120_01_E07	L6b_CTX
CTCGGGAGTACTCGCG-L8TX_171026_01_H03	L6b_CTX
GGATGTTAGCAGCGTA-L8TX_181206_01_C12	L6b_CTX
GTCCTCAGTTATGTGC-L8TX_180115_01_D10	L6b_CTX
ACTGATGGTATTAGCC-L8TX_190312_01_B01	L6b_CTX
TGACTAGGTACCGGCT-L8TX_180115_01_C08	L6b_CTX
GGAACTTCAGCATACT-L8TX_181011_01_H02	L6b_CTX
TGCGTGGCATTTGCCC-L8TX_180115_01_E10	L6b_CTX
CTCGGGAAGGTGATAT-L8TX_180115_01_C08	L6b_CTX
GGATTACGTCATCGGC-L8TX_171026_01_E05	L6b_CTX
CCCAATCCAGACAAGC-L8TX_180221_01_G09	L6b_CTX
GATCAGTGTAGCTTGT-L8TX_180221_01_A11	L6b_CTX
CTACACCAGTGTCCCG-L8TX_181011_01_C04	L6b_CTX
ACGGCCAGTCTAGGTT-L8TX_180221_01_F10	L6b_CTX
CGAGCACTCAGGTAAA-L8TX_180221_01_A10	L6b_CTX
CCGGTAGGTCTCCCTA-L8TX_180115_01_B10	L6b_CTX
GTCACAACAATGAATG-L8TX_180406_01_C01	L6b_CTX
CTAAGACAGATCGGGT-L8TX_171120_01_C07	L6b_CTX
CTCTAATGTTCCATGA-L8TX_180406_01_B01	L6b_CTX
CAGATCAAGACACTAA-L8TX_180907_01_B12	L6b_CTX
TCAGGTAGTATAGTAG-L8TX_180907_01_E11	L6b_CTX
TGCGGGTAGTGGTCCC-L8TX_180907_01_B11	L6b_CTX
CTTACCGTCGTATCAG-L8TX_181012_01_H04	L6b_CTX
GAATGAATCTCCTATA-L8TX_180115_01_C10	L6b_CTX
TTGCCGTGTTCGGGCT-L8TX_180221_01_B11	L6b_CTX
CGATGGCAGTCATCCA-L8TX_180926_01_F01	L6b_CTX
GGCAATTTCGTCCAGG-L8TX_180221_01_A11	L6b_CTX
TGAGCATGTTGTGGAG-L8TX_200611_02_A05	L6b_CTX
TAAGTGCAGTTACGGG-L8TX_180406_01_B02	L6b_CTX
GGGACCTTCACCCGAG-L8TX_180115_01_G11	L6b_CTX
ACGGGTCAGCAGCGTA-L8TX_180907_01_E11	L6b_CTX
TCAGGTATCTTAGCCC-L8TX_171026_01_G04	L6b_CTX
GCGGGTTAGTGTGGCA-L8TX_180115_01_E10	L6b_CTX
AGCTTGATCGTTTGCC-L8TX_180221_01_H09	L6b_CTX
CTAGAGTCAGCGTTCG-L8TX_180221_01_A10	L6b_CTX
GGGAATGGTATCAGTC-L8TX_180406_01_C07	L6b_CTX
ACAGCCGTCAGTCCCT-L8TX_180221_01_G10	L6b_CTX
GCAGCCATCTTGACGA-L8TX_180221_01_D09	L6b_CTX
GAATGAAAGTCTCGGC-L8TX_180406_01_B02	L6b_CTX
CAACTAGTCACCGGGT-L8TX_180115_01_F10	L6b_CTX
GATCTAGTCGTACCGG-L8TX_180221_01_A11	L6b_CTX
GAAACTCAGCTGCCCA-L8TX_171026_01_E05	L6b_CTX
ATTATCCAGCCCAACC-L8TX_180406_01_C01	L6b_CTX
CTCGTACGTCCCTACT-L8TX_200611_02_A05	L6b_CTX
AATCCAGGTTCCGGCA-L8TX_180115_01_C11	L6b_CTX
AACCATGCACAGACTT-L8TX_180221_01_C12	L6b_CTX
TGAGGGAAGGACGAAA-L8TX_180221_01_A11	L6b_CTX
CGGACGTTCGTAGATC-L8TX_181012_01_B05	L6b_CTX
CGTAGCGAGCCTTGAT-L8TX_171026_01_D05	L6b_CTX
TTTACTGTCTGCTGTC-L8TX_180907_01_G11	L6b_CTX
ACTATCTTCAGAGGTG-L8TX_180406_01_C01	L6b_CTX
CTACATTAGCCGATTT-L8TX_171026_01_G03	L6b_CTX
CGTCAGGTCCAGTAGT-L8TX_180115_01_H11	L6b_CTX
GATGAGGAGCCCAGCT-L8TX_180221_01_B10	L6b_CTX
AGGTCATTCCTTCAAT-L8TX_171026_01_E05	L6b_CTX
ACGGAGACATCGGAAG-L8TX_171026_01_A04	L6b_CTX
GCTGCTTGTCTAGCGC-L8TX_181012_01_B05	L6b_CTX
CGAGAAGTCTTCGGTC-L8TX_180406_01_B02	L6b_CTX
GTCATTTGTGGCGAAT-L8TX_171026_01_F04	L6b_CTX
TACCTTATCCTTTACA-L8TX_180115_01_G09	L6b_CTX
TGCGGGTCAGGGTTAG-L8TX_181012_01_H04	L6b_CTX
GTCACGGGTCCGAAGA-L8TX_171026_01_E05	L6b_CTX
ATGTGTGTCACTCTTA-L8TX_180504_01_E01	L6b_CTX
TCATTTGCACACGCTG-L8TX_171026_01_G04	L6b_CTX
CTGAAACGTCCAAGTT-L8TX_180221_01_F09	L6b_CTX
CTAGCCTCACATCTTT-L8TX_171026_01_C05	L6b_CTX
GTTCATTCATAGAAAC-L8TX_180221_01_C10	L6b_CTX
TATTACCGTCGCGGTT-L8TX_180221_01_C10	L6b_CTX
GAACCTAAGTGAAGTT-L8TX_180115_01_E08	L6b_CTX
CCTCTGACAAAGAATC-L8TX_180221_01_D09	L6b_CTX
TAGGCATGTTATCACG-L8TX_190312_01_B01	L6b_CTX
CGGACGTGTGACTCAT-L8TX_180829_01_D09	L6b_CTX
AACTCTTTCTAACTGG-L8TX_180221_01_H10	L6b_CTX
CGTGAGCTCTGTTGAG-L8TX_171026_01_D05	L6b_CTX
AGGCCACGTCGGATCC-L8TX_171026_01_A04	L6b_CTX
TATTACCTCAGGTAAA-L8TX_180907_01_G10	L6b_CTX
CGCTATCTCTGGCGTG-L8TX_190312_01_C01	L6b_CTX
CCCTCCTTCTATCCCG-L8TX_180115_01_E08	L6b_CTX
AAAGATGAGGCACATG-L8TX_180221_01_C12	L6b_CTX
GTCTTCGCAAGGTGTG-L8TX_180221_01_F09	L6b_CTX
TTCTTAGGTCTGCCAG-L8TX_171026_01_B04	L6b_CTX
CTCTAATTCCTCGCAT-L8TX_180712_01_E05	L6b_CTX
GCTGGGTTCGCAAGCC-L8TX_180406_01_B01	L6b_CTX
ACATACGAGTGCGTGA-L8TX_171026_01_G04	L6b_CTX
CGAGCACCACGTCTCT-L8TX_180221_01_H12	L6b_CTX
CCTACACCACATCCGG-L8TX_181011_01_H02	L6b_CTX
CGAGCACTCGATCCCT-L8TX_181011_01_A03	L6b_CTX
CTACCCAGTCATGCAT-L8TX_180221_01_F10	L6b_CTX
CCACCTACATCACGAT-L8TX_180115_01_E10	L6b_CTX
TTGCCGTAGCCTCGTG-L8TX_190312_01_B01	L6b_CTX
ATCTACTTCATGCAAC-L8TX_180406_01_C06	L6b_CTX
TCGAGGCCAATCACAC-L8TX_180221_01_D09	L6b_CTX
TGTTCCGAGTACCGGA-L8TX_180115_01_A09	L6b_CTX
TGATTTCTCTCAAGTG-L8TX_180926_01_B01	L6b_CTX
TGCGGGTCAACAACCT-L8TX_171120_01_H07	L6b_CTX
AACTGGTGTTAAAGAC-L8TX_181012_01_H04	L6b_CTX
TAGACCAAGTTCCACA-L8TX_180221_01_B12	L6b_CTX
GACGGCTCAGATCCAT-L8TX_180221_01_E09	L6b_CTX
CACACTCAGGCTATCT-L8TX_180221_01_E10	L6b_CTX
GATCAGTGTCTAAAGA-L8TX_180907_01_B12	L6b_CTX
CTCGAAAGTCTTTCAT-L8TX_180907_01_A12	L6b_CTX
TACCTATAGAGCTATA-L8TX_171120_01_F07	L6b_CTX
CGTTGGGAGCAGACTG-L8TX_171026_01_E05	L6b_CTX
TAGCCGGGTTCGGGCT-L8TX_180926_01_C12	L6b_CTX
AAGCCGCCATGTAGTC-L8TX_180221_01_C12	L6b_CTX
GACGCGTAGGGTTCCC-L8TX_190312_01_F01	L6b_CTX
GTTCATTTCTATGTGG-L8TX_180221_01_H11	L6b_CTX
CGAGCACTCGAGCCCA-L8TX_171026_01_B05	L6b_CTX
GTCGGGTGTCACACGC-L8TX_190312_01_A02	L6b_CTX
CTGCTGTCAGTATGCT-L8TX_171026_01_H05	L6b_CTX
TCGTAGATCATTCACT-L8TX_180221_01_F09	L6b_CTX
CAAGGCCGTCTCCACT-L8TX_180115_01_C09	L6b_CTX
TCACAAGGTAGCTTGT-L8TX_180926_01_D01	L6b_CTX
TACTTACCACATCCAA-L8TX_180926_01_B01	L6b_CTX
GTCAAGTGTCATCGGC-L8TX_171026_01_C05	L6b_CTX
ACCGTAACATACGCTA-L8TX_180221_01_F10	L6b_CTX
CGCTATCTCTCCTATA-L8TX_180115_01_F08	L6b_CTX
TGACTAGGTATTCTCT-L8TX_180115_01_F11	L6b_CTX
AACTCTTCAACGATGG-L8TX_190312_01_F01	L6b_CTX
AGCTCCTGTGGTACAG-L8TX_180829_01_D09	L6b_CTX
ATCCACCAGAGGTAGA-L8TX_180221_01_G10	L6b_CTX
TAAACCGTCCTAGTGA-L8TX_181012_01_H04	L6b_CTX
AGGGAGTTCCAAAGTC-L8TX_180926_01_E01	L6b_CTX
CAAGGCCCAGTCCTTC-L8TX_180221_01_A12	L6b_CTX
GGACGTCCAGATCTGT-L8TX_180406_01_F02	L6b_CTX
GGACATTGTGGCAAAC-L8TX_181012_01_G04	L6b_CTX
TGACAACCAAAGGCGT-L8TX_180907_01_E11	L6b_CTX
ATCCGAAGTTATGCGT-L8TX_171026_01_A04	L6b_CTX
TTTGGTTGTTAAGATG-L8TX_180115_01_A11	L6b_CTX
TTTCCTCAGGTGCTTT-L8TX_180406_01_E07	L6b_CTX
GAGGTGATCTCGATGA-L8TX_180115_01_E08	L6b_CTX
GAGTCCGTCTTGTATC-L8TX_180221_01_E10	L6b_CTX
GGATTACTCCAAACAC-L8TX_180115_01_H08	L6b_CTX
ACACCGGAGCTACCTA-L8TX_180115_01_F09	L6b_CTX
CGACCTTAGGACGAAA-L8TX_171120_01_G07	L6b_CTX
GTCTTCGGTAAGCACG-L8TX_190312_01_C01	L6b_CTX
GTAACGTTCGGATGGA-L8TX_180115_01_E10	L6b_CTX
CCTAGCTAGACCGGAT-L8TX_190312_01_E01	L6b_CTX
CCTACCAAGGATGGTC-L8TX_171026_01_A04	L6b_CTX
AGATCTGCATTGAGCT-L8TX_171026_01_H03	L6b_CTX
GATGAAAAGCGACGTA-L8TX_200611_02_A05	L6b_CTX
TAGTTGGAGTTTCCTT-L8TX_180907_01_G10	L6b_CTX
TCAACGAGTGACTACT-L8TX_180115_01_D08	L6b_CTX
GTGCGGTAGGCTATCT-L8TX_180221_01_A11	L6b_CTX
CTTCTCTAGCTGATAA-L8TX_180115_01_F09	L6b_CTX
CGCTATCAGATATACG-L8TX_190312_01_G01	L6b_CTX
GGGAATGTCTAGAGTC-L8TX_180115_01_B10	L6b_CTX
CAGAGAGTCTTGAGAC-L8TX_180115_01_F11	L6b_CTX
TTATGCTAGTACGTAA-L8TX_180221_01_E10	L6b_CTX
TTGGCAATCCTAGAAC-L8TX_190312_01_D02	L6b_CTX
GAAATGACATAGACTC-L8TX_180115_01_E08	L6b_CTX
TCTGGAAGTGCGCTTG-L8TX_190312_01_C01	L6b_CTX
CTGGTCTCACGCATCG-L8TX_181206_01_C12	L6b_CTX
CCGTACTCAGGCAGTA-L8TX_180221_01_C10	L6b_CTX
ATCCACCTCCGTTGCT-L8TX_180221_01_H09	L6b_CTX
TGTGTTTAGATGCCAG-L8TX_180712_01_G05	L6b_CTX
TCATTACAGACTAGGC-L8TX_181011_01_H03	L6b_CTX
GGATTACCATGAGCGA-L8TX_180221_01_G10	L6b_CTX
ACATGGTGTCTCCCTA-L8TX_181206_01_D12	L6b_CTX
AGCATACCACAAGCCC-L8TX_171026_01_H03	L6b_CTX
AACCGCGAGTCGTACT-L8TX_180221_01_D12	L6b_CTX
GATCGTAGTTGAGTTC-L8TX_181011_01_G02	L6b_CTX
AGGCCGTCAATTCCTT-L8TX_200611_02_A05	L6b_CTX
ACGGCCAGTGCAGGTA-L8TX_180221_01_G09	L6b_CTX
GGCAATTTCTCCTATA-L8TX_171026_01_H03	L6b_CTX
TTTATGCTCCTAAGTG-L8TX_180926_01_E01	L6b_CTX
TTTATGCAGCTAGTTC-L8TX_180115_01_A10	L6b_CTX
TCTCTAACAATAGAGT-L8TX_171026_01_A04	L6b_CTX
TAGTGGTTCACCCTCA-L8TX_180221_01_E09	L6b_CTX
CGAGCACTCTAACCGA-L8TX_180907_01_G11	L6b_CTX
GCACATATCAGGTTCA-L8TX_171026_01_H04	L6b_CTX
TACGGTACACGAGGTA-L8TX_180504_01_E01	L6b_CTX
TACTTGTGTCATCGGC-L8TX_180907_01_A12	L6b_CTX
AGTAGTCAGACAAGCC-L8TX_180115_01_C11	L6b_CTX
GTGCGGTGTGTTGGGA-L8TX_180712_01_F05	L6b_CTX
AGTGGGATCGATCCCT-L8TX_180115_01_B10	L6b_CTX
CAGAATCGTCCGTGAC-L8TX_180406_01_F01	L6b_CTX
ATAAGAGCATGGTAGG-L8TX_171026_01_A05	L6b_CTX
CAGCGACCAAGCCGCT-L8TX_181011_01_G02	L6b_CTX
TCGTAGATCACGACTA-L8TX_180221_01_A10	L6b_CTX
GACGTTAAGAATCTCC-L8TX_180712_01_E05	L6b_CTX
GAATAAGTCTTTAGTC-L8TX_180115_01_F09	L6b_CTX
TATCAGGTCCAGTATG-L8TX_180907_01_G11	L6b_CTX
GGGCATCTCCGTTGTC-L8TX_180115_01_E10	L6b_CTX
GCTGGGTCACATTCGA-L8TX_180115_01_E09	L6b_CTX
GCAATCATCACCACCT-L8TX_180221_01_G09	L6b_CTX
ACGATACGTGTTCTTT-L8TX_180907_01_H11	L6b_CTX
CAGCAGCTCCCATTAT-L8TX_180907_01_B11	L6b_CTX
AAAGATGTCCTGTACC-L8TX_180406_01_F01	L6b_CTX
AACTGGTGTCGGATCC-L8TX_180406_01_D02	L6b_CTX
TGAGGGAGTTGATTGC-L8TX_181011_01_C04	L6b_CTX
AGCGTCGCATATGCTG-L8TX_171026_01_E05	L6b_CTX
CGGCTAGTCTCGCATC-L8TX_180221_01_E10	L6b_CTX
ACGGGCTCACATCCGG-L8TX_171026_01_F04	L6b_CTX
CCAATCCGTTGCGTTA-L8TX_181011_01_C03	L6b_CTX
AGGCCGTCAATCAGAA-L8TX_180406_01_C01	L6b_CTX
CTCGTCAGTGCGATAG-L8TX_171026_01_G03	L6b_CTX
AACACGTAGTATGACA-L8TX_180907_01_F11	L6b_CTX
GAACGGATCTGAAAGA-L8TX_180221_01_F10	L6b_CTX
CTAATGGTCCACGTGG-L8TX_200611_02_A05	L6b_CTX
TTGAACGAGGGCACTA-L8TX_180221_01_F09	L6b_CTX
TCGGGACCAAGAAAGG-L8TX_180115_01_C11	L6b_CTX
CGTGTAATCCTCCTAG-L8TX_180406_01_G01	L6b_CTX
GAATGAATCGCTTGTC-L8TX_180221_01_B12	L6b_CTX
CTCACACCATATGAGA-L8TX_180221_01_D09	L6b_CTX
CGATGTAAGCTGGAAC-L8TX_171026_01_F05	L6b_CTX
CGCTGGACACTGTCGG-L8TX_180115_01_G09	L6b_CTX
TCGGTAAAGTCGATAA-L8TX_190312_01_B02	L6b_CTX
CCGTACTCAGATGGGT-L8TX_180406_01_H01	L6b_CTX
CTCGAAAAGAACAATC-L8TX_180221_01_F10	L6b_CTX
TCAGATGTCCATTCTA-L8TX_180907_01_G10	L6b_CTX
GCATGATAGACAGGCT-L8TX_180221_01_G09	L6b_CTX
ACGGAGATCGATGAGG-L8TX_171026_01_E05	L6b_CTX
TTAACTCCACATAACC-L8TX_180907_01_G10	L6b_CTX
GAAATGAGTGTAAGTA-L8TX_180115_01_A10	L6b_CTX
GATGCTAGTGGTAACG-L8TX_181011_01_H02	L6b_CTX
GAACATCGTTTGTTTC-L8TX_171026_01_H03	L6b_CTX
CGTTGGGTCTCTGAGA-L8TX_171026_01_F05	L6b_CTX
AACTCAGCAATGGAAT-L8TX_171026_01_E05	L6b_CTX
GTACTTTAGTGTGAAT-L8TX_171026_01_A04	L6b_CTX
CGACTTCGTCGTCTTC-L8TX_171026_01_G03	L6b_CTX
ATAAGAGAGGGATCTG-L8TX_171026_01_B05	L6b_CTX
ACATGGTCAGCTGTAT-L8TX_171026_01_H05	L6b_CTX
CATCGAAGTACCAGTT-L8TX_180926_01_F01	L6b_CTX
TTCTTAGGTAAGTAGT-L8TX_180221_01_B12	L6b_CTX
CTAGAGTCAGCATGAG-L8TX_180221_01_A12	L6b_CTX
GCGAGAAAGCTGATAA-L8TX_180221_01_H09	L6b_CTX
TGGGCGTAGTGGGATC-L8TX_171026_01_G03	L6b_CTX
GATGCTATCCTCAATT-L8TX_180221_01_B12	L6b_CTX
GTACTCCTCACCGTAA-L8TX_180115_01_H11	L6b_CTX
GGTATTGCAATTGCTG-L8TX_181012_01_C05	L6b_CTX
GCTGCAGTCTAACCGA-L8TX_180115_01_F10	L6b_CTX
CATATTCTCTGTGCAA-L8TX_180829_01_D09	L6b_CTX
CTCGAAACAAACGTGG-L8TX_190312_01_B01	L6b_CTX
ATCCACCAGTGGGATC-L8TX_180907_01_F11	L6b_CTX
CCTAGCTGTGAAGGCT-L8TX_171026_01_C05	L6b_CTX
AAGCCGCGTACTTAGC-L8TX_180406_01_G01	L6b_CTX
TATGCCCCAGGGTTAG-L8TX_180221_01_F10	L6b_CTX
CAGCTAATCATTATCC-L8TX_181206_01_F12	L6b_CTX
TGACGGCTCTAACTGG-L8TX_180221_01_B12	L6b_CTX
CCTACCAGTCGCGGTT-L8TX_180115_01_A10	L6b_CTX
CGCGGTAAGTACGTAA-L8TX_180926_01_E01	L6b_CTX
GAATAAGCAGTCAGAG-L8TX_180926_01_D01	L6b_CTX
TCAGCAACATAGAAAC-L8TX_190312_01_C01	L6b_CTX
GGGTCTGTCCTAGAAC-L8TX_180712_01_E05	L6b_CTX
TTAGTTCGTACGACCC-L8TX_171026_01_F05	L6b_CTX
CATTATCTCGTCTGAA-L8TX_190312_01_D02	L6b_CTX
CAAGATCCACAGGCCT-L8TX_180221_01_G10	L6b_CTX
CGAGCCAGTTGGTTTG-L8TX_200611_02_A05	L6b_CTX
CTGCTGTGTTCCGTCT-L8TX_181012_01_H04	L6b_CTX
ATAACGCAGAATTCCC-L8TX_180926_01_D01	L6b_CTX
GTCGTAAAGAACTGTA-L8TX_180115_01_A11	L6b_CTX
TAGTGGTGTAGGAGTC-L8TX_171026_01_E05	L6b_CTX
CAACTAGTCGAGGTAG-L8TX_180221_01_H10	L6b_CTX
TGCACCTCACCTGGTG-L8TX_171026_01_F04	L6b_CTX
CCTACACAGCTAGTCT-L8TX_180221_01_A11	L6b_CTX
TTAACTCGTGTTTGGT-L8TX_180406_01_E06	L6b_CTX
TCATTTGTCTGGGCCA-L8TX_180221_01_E09	L6b_CTX
GTGCAGCAGACCCACC-L8TX_171026_01_F05	L6b_CTX
GATCGCGTCACCTTAT-L8TX_180115_01_F10	L6b_CTX
CCTTTCTTCTATCGCC-L8TX_180221_01_C09	L6b_CTX
CTCGTACAGGAGTTGC-L8TX_180115_01_E11	L6b_CTX
AGGGATGAGTAGATGT-L8TX_180907_01_G11	L6b_CTX
ACGCCAGGTTACCAGT-L8TX_171026_01_A04	L6b_CTX
AGCATACTCAAAGTAG-L8TX_171026_01_F05	L6b_CTX
CCTTACGCAGTCGTGC-L8TX_180221_01_G10	L6b_CTX
GACAGAGGTGTGCGTC-L8TX_180504_01_E01	L6b_CTX
ACACCAATCATCGATG-L8TX_180221_01_G10	L6b_CTX
CTCGTACCATGGATGG-L8TX_180907_01_E11	L6b_CTX
AACCATGGTTCAGGCC-L8TX_180907_01_B12	L6b_CTX
AACGTTGCACAAGCCC-L8TX_180221_01_B12	L6b_CTX
AACTCCCCACGCCAGT-L8TX_180712_01_G05	L6b_CTX
CTCTACGTCAACGGGA-L8TX_180406_01_D01	L6b_CTX
ACGGCCAAGAGCTGCA-L8TX_171026_01_F03	L6b_CTX
CCTACACAGGGCTTCC-L8TX_180907_01_G11	L6b_CTX
GGGATGAAGAGGACGG-L8TX_171026_01_B04	L6b_CTX
GCAGTTAAGGAGTTTA-L8TX_181011_01_G02	L6b_CTX
CATATTCTCGTAGGTT-L8TX_181012_01_C05	L6b_CTX
ACGCCAGTCCTTCAAT-L8TX_180115_01_B09	L6b_CTX
TTTCCTCTCCAACCAA-L8TX_181206_01_A12	L6b_CTX
AGTTGGTCATGGTAGG-L8TX_180221_01_B10	L6b_CTX
CTACGTCCAAGGTTTC-L8TX_180221_01_H11	L6b_CTX
GTGCATATCCTGCAGG-L8TX_180907_01_E11	L6b_CTX
CGGAGCTAGGCGATAC-L8TX_180115_01_E11	L6b_CTX
AGGTCCGGTGAGGGAG-L8TX_180115_01_H10	L6b_CTX
ACGGGTCCACCTGGTG-L8TX_171026_01_H04	L6b_CTX
CAGCATAAGTGAACGC-L8TX_180221_01_G09	L6b_CTX
GCGGGTTCAAGCGCTC-L8TX_180926_01_B01	L6b_CTX
AACTCAGCAGGCTGAA-L8TX_180221_01_A12	L6b_CTX
TCGCGAGGTCAAAGCG-L8TX_180406_01_D02	L6b_CTX
CTCTACGCAAATACAG-L8TX_180115_01_G08	L6b_CTX
ACACCCTAGAAGGACA-L8TX_180221_01_H10	L6b_CTX
AGACGTTTCCATGAAC-L8TX_180221_01_E10	L6b_CTX
TACTCGCCATGTAAGA-L8TX_180221_01_F09	L6b_CTX
ACGAGCCCACACTGCG-L8TX_180115_01_F08	L6b_CTX
TACTCGCTCATTGCCC-L8TX_171026_01_G03	L6b_CTX
CAGCATAGTTCAACCA-L8TX_180221_01_D10	L6b_CTX
TTGCCGTAGTACGACG-L8TX_171026_01_C05	L6b_CTX
CTTAACTGTTATCCGA-L8TX_180115_01_G11	L6b_CTX
GCACTCTCATCCGTGG-L8TX_180221_01_F10	L6b_CTX
GAGGTGAAGATCCCGC-L8TX_180221_01_H11	L6b_CTX
TTGTAGGAGACACTAA-L8TX_180907_01_H11	L6b_CTX
GAACATCTCACCCTCA-L8TX_171026_01_G04	L6b_CTX
CTCGTACGTACCATCA-L8TX_180115_01_C11	L6b_CTX
CGATTGAAGTGTACCT-L8TX_180115_01_E10	L6b_CTX
CTGAAACAGCATGGCA-L8TX_180926_01_E01	L6b_CTX
GACGCGTTCTAAGCCA-L8TX_180907_01_F11	L6b_CTX
TACGGGCTCTAGAGTC-L8TX_190312_01_D01	L6b_CTX
TACTTACGTGCAACTT-L8TX_180221_01_A11	L6b_CTX
AAAGATGCACTTCGAA-L8TX_171026_01_F05	L6b_CTX
GCGCAGTCAGCTGCTG-L8TX_180907_01_G10	L6b_CTX
TCTATTGCAATGGAGC-L8TX_190312_01_H01	L6b_CTX
CACATAGGTAGGCATG-L8TX_180115_01_E08	L6b_CTX
CATGGCGAGTGGACGT-L8TX_181206_01_C12	L6b_CTX
CCTATTAAGCCACGCT-L8TX_180115_01_D10	L6b_CTX
ACGCCGAAGTGGACGT-L8TX_171026_01_F04	L6b_CTX
CCAATCCAGGCAAAGA-L8TX_180115_01_E08	L6b_CTX
GGAAAGCTCAACACTG-L8TX_180115_01_F11	L6b_CTX
GATCAGTCAGCCTTTC-L8TX_180907_01_E11	L6b_CTX
TCGTACCAGATGTCGG-L8TX_180115_01_A10	L6b_CTX
AACTTTCCACAGAGGT-L8TX_181012_01_E05	L6b_CTX
CGTAGCGCATCACGAT-L8TX_180907_01_B12	L6b_CTX
AACTTTCGTCATGCCG-L8TX_171026_01_A04	L6b_CTX
CTCAGAAAGATGGGTC-L8TX_180115_01_F08	L6b_CTX
TACTTACCACAACTGT-L8TX_180907_01_B12	L6b_CTX
TGTTCCGCAAGTTAAG-L8TX_180115_01_E08	L6b_CTX
TACTTGTGTTCATGGT-L8TX_181011_01_C04	L6b_CTX
TCCCGATAGAGACTAT-L8TX_171026_01_H05	L6b_CTX
GTTACAGAGTTACCCA-L8TX_180406_01_D01	L6b_CTX
TACTCGCGTGCACGAA-L8TX_180907_01_F10	L6b_CTX
TACTCATTCCCTAACC-L8TX_180907_01_F11	L6b_CTX
CAGCTGGAGACCGGAT-L8TX_180221_01_G09	L6b_CTX
GCTGCAGCAGGATTGG-L8TX_180712_01_G05	L6b_CTX
GAAGCAGCACTACAGT-L8TX_180221_01_C12	L6b_CTX
CACCACTGTCCAAGTT-L8TX_171026_01_B04	L6b_CTX
GGACAAGAGCTTTGGT-L8TX_180221_01_B12	L6b_CTX
GCGCAACGTCCGAATT-L8TX_171026_01_B05	L6b_CTX
CGTGAGCAGATCGATA-L8TX_180115_01_D09	L5_IT_CTX
GTACGTAAGCGTCAAG-L8TX_171026_01_H05	L5_IT_CTX
GACACGCTCAGTCCCT-L8TX_171026_01_H05	L5_IT_CTX
CACCACTAGTCTCAAC-L8TX_180829_01_E10	L5_IT_CTX
CGTCACTTCGCCTGTT-L8TX_180115_01_A11	L5_IT_CTX
CGGACACGTCTAACGT-L8TX_180221_01_E09	L5_IT_CTX
TGCCAAAAGTCAATAG-L8TX_180907_01_G11	L5_IT_CTX
CAACCTCTCCTAGGGC-L8TX_180907_01_G10	L5_IT_CTX
GCAAACTTCTCGTATT-L8TX_180115_01_A11	L5_IT_CTX
CATCAGACAGCCTTTC-L8TX_181206_01_D12	L5_IT_CTX
TGTCCCAAGGCAAAGA-L8TX_180115_01_H09	L5_IT_CTX
TCCCGATTCTGATTCT-L8TX_181206_01_A12	L5_IT_CTX
AACTCAGCACACCGAC-L8TX_180221_01_C12	L5_IT_CTX
AAGACCTGTGTTAAGA-L8TX_180115_01_G10	L5_IT_CTX
CGACTTCAGACTAGGC-L8TX_181012_01_C05	L5_IT_CTX
AACTGGTGTGGTTTCA-L8TX_180115_01_E10	L5_IT_CTX
GTTACAGTCTCGTATT-L8TX_180926_01_E12	L5_IT_CTX
ACGAGGACAGCTCCGA-L8TX_180829_01_D09	L5_IT_CTX
GTAGGCCCAAATACAG-L8TX_180115_01_H11	L5_IT_CTX
GCAGCCACATCAGTAC-L8TX_180221_01_A10	L5_IT_CTX
TCGGGACAGTGTGGCA-L8TX_171026_01_F03	L5_IT_CTX
AGGGAGTGTAGCGTAG-L8TX_180406_01_F02	L5_IT_CTX
TTGCGTCGTACAGCAG-L8TX_180221_01_H12	L5_IT_CTX
CGTTGGGGTCAGTGGA-L8TX_181011_01_H02	L5_IT_CTX
GCTTCCACAACTGCGC-L8TX_171026_01_F03	L5_IT_CTX
AGACGTTTCGGAATCT-L8TX_180115_01_F11	L5_IT_CTX
CTAGAGTCAGACAGGT-L8TX_180926_01_E12	L5_IT_CTX
GTCGTAACATGACGGA-L8TX_180221_01_D12	L5_IT_CTX
CACACTCAGTGGGCTA-L8TX_180406_01_F02	L5_IT_CTX
GATCGTAAGGCAGGTT-L8TX_180115_01_B09	L5_IT_CTX
CTGAAACTCGGTGTCG-L8TX_171026_01_H03	L5_IT_CTX
GGATGTTAGGATATAC-L8TX_180115_01_G11	L5_IT_CTX
CTCGAAAAGTAGATGT-L8TX_171026_01_F05	L5_IT_CTX
GCGCGATTCATCACCC-L8TX_180406_01_F02	L5_IT_CTX
TCAGGTAAGCGCCTTG-L8TX_181206_01_C12	L5_IT_CTX
AGCGTCGTCAACACGT-L8TX_180221_01_A12	L5_IT_CTX
TCGGGACGTTACCAGT-L8TX_180829_01_D10	L5_IT_CTX
GTGAAGGGTGTGACCC-L8TX_180115_01_B09	L5_IT_CTX
TAGGCATCATCAGTCA-L8TX_180115_01_D11	L5_IT_CTX
CATGGCGAGCTTCGCG-L8TX_181012_01_C05	L5_IT_CTX
GCGACCAAGTGGCACA-L8TX_171120_01_C07	L5_IT_CTX
CTCACACGTGCCTGCA-L8TX_181206_01_F12	L5_IT_CTX
TGAAAGACAGATGGCA-L8TX_171026_01_H03	L5_IT_CTX
GGGAGATGTCCGAAGA-L8TX_180504_01_E01	L5_IT_CTX
ACGATGTCACGAAGCA-L8TX_180712_01_G05	L5_IT_CTX
GTAACTGTCGTTGACA-L8TX_181012_01_B05	L5_IT_CTX
AAGGCAGCATTTCACT-L8TX_171026_01_G03	L5_IT_CTX
GCAGCCACATGGATGG-L8TX_181011_01_A03	L5_IT_CTX
GTACTCCAGTGGACGT-L8TX_180115_01_F09	L5_IT_CTX
CTCTAATGTAAACACA-L8TX_171026_01_A05	L5_IT_CTX
TACGGGCCAATGTAAG-L8TX_180221_01_C12	L5_IT_CTX
TTTACTGTCCCTAATT-L8TX_180115_01_B11	L5_IT_CTX
GGCGACTAGAGCTATA-L8TX_180115_01_G11	L5_IT_CTX
CATATGGTCCACGACG-L8TX_171026_01_H03	L5_IT_CTX
ATCATCTGTACGACCC-L8TX_180907_01_H11	L5_IT_CTX
GTGTTAGGTTTCCACC-L8TX_181012_01_B05	L5_IT_CTX
CTTACCGCACAGGTTT-L8TX_180115_01_F11	L5_IT_CTX
AACTCAGCACCACCAG-L8TX_171026_01_F04	L5_IT_CTX
CACACAACACGCATCG-L8TX_180115_01_G11	L5_IT_CTX
AGCTCCTGTGATGTGG-L8TX_171026_01_F04	L5_IT_CTX
CGGAGTCAGGATGGAA-L8TX_180115_01_H11	L5_IT_CTX
GGCTGGTGTGTTTGTG-L8TX_180115_01_A10	L5_IT_CTX
CAGTAACAGCCAACAG-L8TX_180115_01_F11	L5_IT_CTX
CCTACACAGTCCATAC-L8TX_180115_01_H09	L5_IT_CTX
CGCGTTTTCTGGCGTG-L8TX_180115_01_G10	L5_IT_CTX
CTCTACGCATGCGCAC-L8TX_180115_01_C11	L5_IT_CTX
ATCACGAAGATGGCGT-L8TX_171026_01_F04	L5_IT_CTX
TATTACCCAAGAAGAG-L8TX_171026_01_H05	L5_IT_CTX
GGACATTGTATGAAAC-L8TX_190312_01_C02	L5_IT_CTX
CATCGGGGTCCGCTGA-L8TX_180926_01_E12	L5_IT_CTX
ATTGGTGTCTCGCATC-L8TX_180115_01_G10	L5_IT_CTX
TGACAACGTTTAGCTG-L8TX_180115_01_G11	L5_IT_CTX
TCGAGGCCACGAAGCA-L8TX_171026_01_F03	L5_IT_CTX
CGCCAAGTCATTGCCC-L8TX_171026_01_F04	L5_IT_CTX
CTTACCGTCGGTCTAA-L8TX_180406_01_F02	L5_IT_CTX
GATGCTAGTGGTAACG-L8TX_180115_01_C11	L5_IT_CTX
AGCGGTCCATTGGTAC-L8TX_180221_01_H12	L5_IT_CTX
TATGCCCAGCGGCTTC-L8TX_180115_01_F11	L5_IT_CTX
ACGGGTCGTTATCCGA-L8TX_180221_01_C11	L5_IT_CTX
TTGCGTCGTAATAGCA-L8TX_180115_01_B11	L5_IT_CTX
TCTCTAACAAGCGAGT-L8TX_180115_01_H10	L5_IT_CTX
AACTCTTTCCTTCAAT-L8TX_190312_01_B02	L5_IT_CTX
CAGTCCTAGTCTCAAC-L8TX_171026_01_H05	L5_IT_CTX
TTCTTAGCAGCGATCC-L8TX_180907_01_F10	L5_IT_CTX
CAGCTGGCAGGAATGC-L8TX_180907_01_E11	L5_IT_CTX
GTGTTAGGTCGAAAGC-L8TX_171026_01_E05	L5_IT_CTX
GTAGGCCCAATCGGTT-L8TX_180115_01_C09	L5_IT_CTX
GTCAAGTTCTCAACTT-L8TX_180115_01_G11	L5_IT_CTX
TCACAAGGTTGTCTTT-L8TX_171026_01_C05	L5_IT_CTX
GGGCACTAGTCGCCGT-L8TX_171026_01_E05	L5_IT_CTX
CGATCGGAGCTAACTC-L8TX_180115_01_F09	L5_IT_CTX
GTACGTAGTCGAGATG-L8TX_180829_01_D09	L5_IT_CTX
GGTGCGTCATTACGAC-L8TX_180115_01_C09	L5_IT_CTX
AGTGAGGGTCGAATCT-L8TX_171026_01_F05	L5_IT_CTX
ATAAGAGAGCACCGTC-L8TX_171120_01_G07	L5_IT_CTX
CGTCTACCATTCACTT-L8TX_180115_01_D11	L5_IT_CTX
TTGCGTCGTAGCCTCG-L8TX_180115_01_H08	L5_IT_CTX
CATCAAGCACGCTTTC-L8TX_171026_01_H04	L5_IT_CTX
TTCTCCTTCTGGTATG-L8TX_180115_01_F10	L5_IT_CTX
AAGGTTCAGTAATCCC-L8TX_180115_01_E11	L5_IT_CTX
GAACATCGTATTACCG-L8TX_180221_01_C10	L5_IT_CTX
TAAGAGAGTCATTAGC-L8TX_180115_01_A09	L5_IT_CTX
GGCGACTCATCTATGG-L8TX_190312_01_A03	L5_IT_CTX
CGTTCTGGTCCCTTGT-L8TX_171120_01_H07	L5_IT_CTX
TTGCGTCTCGGCTTGG-L8TX_180221_01_B10	L5_IT_CTX
GAGCAGACACCGTTGG-L8TX_180221_01_D10	L5_IT_CTX
ACTTTCAGTCCATGAT-L8TX_180115_01_E10	L5_IT_CTX
GTCGGGTTCAGAAATG-L8TX_180115_01_D11	L5_IT_CTX
AAAGATGCAAACAACA-L8TX_181206_01_H11	L5_IT_CTX
CGCGGTAGTTAAGACA-L8TX_180829_01_E10	L5_IT_CTX
GCAGTTAAGCAAATCA-L8TX_181206_01_D12	L5_IT_CTX
GCTTGAAGTCTAGCGC-L8TX_180115_01_F10	L5_IT_CTX
CAGCTGGGTACCGTTA-L8TX_180115_01_A10	L5_IT_CTX
CCTAGCTCATCCTTGC-L8TX_171120_01_D07	L5_IT_CTX
TTGCGTCCATAGAAAC-L8TX_180221_01_D09	L5_IT_CTX
ACGGGTCGTTTGGCGC-L8TX_180115_01_F08	L5_IT_CTX
AACGTTGTCTACCTGC-L8TX_180115_01_C11	L5_IT_CTX
CCTTCGAAGCTCCTCT-L8TX_180115_01_E11	L5_IT_CTX
GGACATTTCTTGGGTA-L8TX_171026_01_A05	L5_IT_CTX
ACTGAGTCACATCCAA-L8TX_180221_01_H09	L5_IT_CTX
CGGCTAGTCATAAAGG-L8TX_180115_01_G08	L5_IT_CTX
ACTGAGTGTAGAGTGC-L8TX_171120_01_D07	L5_IT_CTX
CTCTGGTCAGCCACCA-L8TX_180115_01_F10	L5_IT_CTX
GGGACCTTCCTTTACA-L8TX_180907_01_G10	L5_IT_CTX
TTGCGTCTCCTCATTA-L8TX_180115_01_B11	L5_IT_CTX
GGGAGATGTCTCATCC-L8TX_171026_01_G03	L5_IT_CTX
GATGCTAGTTCGTGAT-L8TX_180221_01_H12	L5_IT_CTX
CTAATGGTCACTATTC-L8TX_171026_01_G03	L5_IT_CTX
CGCTTCATCCACGTTC-L8TX_180926_01_E12	L5_IT_CTX
GATGCTACAGGACGTA-L8TX_180926_01_E12	L5_IT_CTX
AGCTTGAAGATCGATA-L8TX_180115_01_G09	L5_IT_CTX
GAGGTGATCTGGTTCC-L8TX_180926_01_C12	L5_IT_CTX
TCAGGTATCAGCTCGG-L8TX_180907_01_B11	L5_IT_CTX
GTCTCGTCAGGTCCAC-L8TX_190312_01_B02	L5_IT_CTX
CAGCAGCGTAAACCTC-L8TX_180221_01_A10	L5_IT_CTX
ATCCACCGTCATGCAT-L8TX_171120_01_H07	L5_IT_CTX
TCAACGACACCAACCG-L8TX_180115_01_A11	L5_IT_CTX
GGAGCAAAGTGTACCT-L8TX_180829_01_D10	L5_IT_CTX
CCCAATCAGGCATGTG-L8TX_190312_01_D01	L5_IT_CTX
AGAGCTTCATGTCGAT-L8TX_180115_01_D09	L5_IT_CTX
CTGGTCTTCTGTACGA-L8TX_180926_01_E12	L5_IT_CTX
ACGGGTCTCATCACCC-L8TX_171026_01_E05	L5_IT_CTX
ACGCAGCCACGGTAGA-L8TX_171120_01_D07	L5_IT_CTX
TTGTAGGTCTCGCTTG-L8TX_180115_01_H11	L5_IT_CTX
TCGTACCGTTCCACTC-L8TX_180221_01_A10	L5_IT_CTX
ACTGAGTAGGATCGCA-L8TX_180115_01_B11	L5_IT_CTX
TTATGCTGTCTAACGT-L8TX_171026_01_F05	L5_IT_CTX
AAGCCGCGTAATCGTC-L8TX_171026_01_F03	L5_IT_CTX
TGTTCCGCACAACGCC-L8TX_180115_01_C09	L5_IT_CTX
GGACGTCGTCTCTTAT-L8TX_180221_01_B12	L5_IT_CTX
CCGGTAGTCAGCTGGC-L8TX_180115_01_D09	L5_IT_CTX
AAGGAGCAGCTACCTA-L8TX_180221_01_B10	L5_IT_CTX
CAGCTGGGTAGCAAAT-L8TX_180115_01_D08	L5_IT_CTX
TGCCCATGTATATGGA-L8TX_180115_01_B11	L5_IT_CTX
TCTGGAACATGTAGTC-L8TX_171026_01_F04	L5_IT_CTX
TGTGGTAGTGCTTCTC-L8TX_171120_01_H07	L5_IT_CTX
TGTTCCGGTGCAACGA-L8TX_171120_01_H07	L5_IT_CTX
GCGCAGTTCCAAGTAC-L8TX_180115_01_E09	L5_IT_CTX
GAACATCAGTTAGGTA-L8TX_171026_01_C05	L5_IT_CTX
GGCGACTGTTACGACT-L8TX_180926_01_E12	L5_IT_CTX
ATCGAGTCATGCCTTC-L8TX_180115_01_D11	L5_IT_CTX
ACTTACTAGCCTCGTG-L8TX_180221_01_D11	L5_IT_CTX
CTCCTAGAGGGTGTTG-L8TX_180115_01_H10	L5_IT_CTX
CTAATGGTCCTTTACA-L8TX_180115_01_B11	L5_IT_CTX
TGAGGGAAGTCCGGTC-L8TX_171026_01_H03	L5_IT_CTX
GGTGAAGCATTACCTT-L8TX_171026_01_B04	L5_IT_CTX
AGAGCTTGTCCTAGCG-L8TX_171026_01_E05	L5_IT_CTX
CGATTGAAGGCTAGCA-L8TX_180907_01_B12	L5_IT_CTX
CTACACCCAAGTTGTC-L8TX_180115_01_B11	L5_IT_CTX
CTAGTGACACACATGT-L8TX_180221_01_G09	L5_IT_CTX
CTCGTACCAGTCCTTC-L8TX_171026_01_C05	L5_IT_CTX
AAGCCGCCATCTACGA-L8TX_180221_01_C12	L5_IT_CTX
GATGCTAAGTCCCACG-L8TX_171026_01_E05	L5_IT_CTX
CCTAGCTGTTTGTGTG-L8TX_171026_01_F05	L5_IT_CTX
CCTAAAGGTTTGGGCC-L8TX_171026_01_G05	L5_IT_CTX
CAAGTTGTCCCTCTTT-L8TX_180221_01_B10	L5_IT_CTX
GATGAGGGTGAACCTT-L8TX_180712_01_G05	L5_IT_CTX
GCTGCGATCCGAAGAG-L8TX_180115_01_H11	L5_IT_CTX
GGTGCGTTCACAGTAC-L8TX_180115_01_E11	L5_IT_CTX
TTAACTCTCGACAGCC-L8TX_180907_01_G10	L5_IT_CTX
ATGAGGGAGGTGCTTT-L8TX_181206_01_D12	L5_IT_CTX
TTCGAAGTCCGTTGTC-L8TX_171120_01_C07	L5_IT_CTX
TGGCTGGCACCGTTGG-L8TX_171026_01_F05	L5_IT_CTX
ACCGTAATCAGCTTAG-L8TX_180115_01_H10	L5_IT_CTX
ACATACGTCATCACCC-L8TX_181206_01_F12	L5_IT_CTX
GTCATTTGTGTAACGG-L8TX_180926_01_E12	L5_IT_CTX
CTGATCCCATGGTAGG-L8TX_180907_01_A12	L5_IT_CTX
CCGTTCACAAGTCTGT-L8TX_171026_01_H03	L5_IT_CTX
TCACAAGAGAAACCAT-L8TX_180115_01_E10	L5_IT_CTX
TGAGAGGGTCACCCAG-L8TX_180221_01_G09	L5_IT_CTX
ATCATGGAGCCAGTTT-L8TX_171026_01_F03	L5_IT_CTX
TGGCTGGAGAATAGGG-L8TX_171026_01_C05	L5_IT_CTX
GCTGGGTGTCTGGTCG-L8TX_180907_01_G10	L5_IT_CTX
CATCGGGCAGCTTAAC-L8TX_190312_01_G01	L5_IT_CTX
AGGTCCGTCCTGCAGG-L8TX_171026_01_B04	L5_IT_CTX
CTACACCCAAACTGCT-L8TX_190312_01_C02	L5_IT_CTX
GATGAAATCTCTTGAT-L8TX_171120_01_E07	L5_IT_CTX
CAGGTGCGTCCGAATT-L8TX_171120_01_C07	L5_IT_CTX
CCTCAGTTCCAAGCCG-L8TX_171026_01_H04	L5_IT_CTX
CTTTGCGAGCCAGAAC-L8TX_171026_01_B04	L5_IT_CTX
GGTGAAGCAGCTCGAC-L8TX_180221_01_B10	L5_IT_CTX
GCTTGAACATTCTTAC-L8TX_181012_01_C05	L5_IT_CTX
TACGGGCTCCTAAGTG-L8TX_180712_01_H05	L5_IT_CTX
CTAGCCTCAGTGAGTG-L8TX_171026_01_B04	L5_IT_CTX
TGGCTGGAGCCGGTAA-L8TX_180221_01_D10	L5_IT_CTX
ATCCACCAGTCGTTTG-L8TX_180115_01_A09	L5_IT_CTX
TCGAGGCCAAACCTAC-L8TX_180926_01_F01	L5_IT_CTX
GGAAAGCGTACGACCC-L8TX_180115_01_D11	L5_IT_CTX
CCACGGAGTCCCGACA-L8TX_171026_01_A04	L5_IT_CTX
CTGATAGTCGGAGCAA-L8TX_180907_01_E11	L5_IT_CTX
CGATTGAGTTCGTCTC-L8TX_180115_01_D11	L5_IT_CTX
TACGGATAGATATACG-L8TX_180115_01_E11	L5_IT_CTX
CGGGTCACACACCGAC-L8TX_171026_01_H05	L5_IT_CTX
CTGTGCTGTGTTCTTT-L8TX_171026_01_F03	L5_IT_CTX
AGTAGTCTCCACGAAT-L8TX_171026_01_G05	L5_IT_CTX
TTGGCAAGTTACGACT-L8TX_181012_01_G04	L5_IT_CTX
GACTAACTCTTTACAC-L8TX_171026_01_G03	L5_IT_CTX
TACCTATGTCTCTTTA-L8TX_171026_01_E05	L5_IT_CTX
CGTGTCTTCTTGAGGT-L8TX_181206_01_E12	L5_IT_CTX
GAAGCAGGTTCACGGC-L8TX_171026_01_H04	L5_IT_CTX
GGCGACTGTGGGTATG-L8TX_171120_01_F07	L5_IT_CTX
AGGGTGAAGTGGCACA-L8TX_180115_01_F11	L5_IT_CTX
TCAGCTCGTTCAACCA-L8TX_180115_01_F10	L5_IT_CTX
AGTGTCATCCGCATAA-L8TX_180115_01_E09	L5_IT_CTX
AAAGTAGCAAGCGTAG-L8TX_180115_01_E11	L5_IT_CTX
CTCGGAGCACGTAAGG-L8TX_171026_01_F03	L5_IT_CTX
GATCAGTGTCCCTTGT-L8TX_180221_01_G09	L5_IT_CTX
GGCTCGACAAGAAAGG-L8TX_171026_01_B04	L5_IT_CTX
CGTAGCGAGAATAGGG-L8TX_171026_01_H03	L5_IT_CTX
TGGTTCCGTCCAGTTA-L8TX_180115_01_E08	L5_IT_CTX
CTAGCCTTCGGTTAAC-L8TX_180829_01_D10	L5_IT_CTX
TGGTTAGAGGGTCTCC-L8TX_180115_01_H11	L5_IT_CTX
CTTCTCTAGAAGGACA-L8TX_190312_01_H01	L5_IT_CTX
CACACCTAGTGACTCT-L8TX_180406_01_C07	L5_IT_CTX
GGTGCGTGTTACGCGC-L8TX_180221_01_H11	L5_IT_CTX
CGATGGCGTCGGCACT-L8TX_180115_01_E11	L5_IT_CTX
GTACTTTAGAGCCTAG-L8TX_180115_01_G10	L5_IT_CTX
CCAATCCTCAGTTAGC-L8TX_180115_01_H10	L5_IT_CTX
CAGATCACAGCTGTGC-L8TX_180115_01_B10	L5_IT_CTX
CCTACCAGTTCACGGC-L8TX_180829_01_D10	L5_IT_CTX
GACTGCGGTCTCCACT-L8TX_171026_01_H05	L5_IT_CTX
AAACGGGTCAGCTCGG-L8TX_180115_01_A09	L5_IT_CTX
AACTCAGAGACAATAC-L8TX_180115_01_H08	L5_IT_CTX
TTTATGCGTGCTTCTC-L8TX_180115_01_C10	L5_IT_CTX
GTTCATTTCTTGTACT-L8TX_180115_01_B11	L5_IT_CTX
CCCAGTTGTGAAGGCT-L8TX_180115_01_G11	L5_IT_CTX
TCAGGTAAGGATATAC-L8TX_180712_01_G05	L5_IT_CTX
CTAGAGTAGGTACTCT-L8TX_171026_01_H04	L5_IT_CTX
TGCGGGTAGTAGGTGC-L8TX_171026_01_F03	L5_IT_CTX
CAGTAACCAGACTCGC-L8TX_180221_01_B10	L5_IT_CTX
CACATAGCATCATCCC-L8TX_180115_01_H09	L5_IT_CTX
ACTGATGGTAGCGTAG-L8TX_180221_01_A10	L5_IT_CTX
AGCCTAAAGACGCAAC-L8TX_181206_01_D12	L5_IT_CTX
TGGACGCGTCGCATCG-L8TX_180907_01_B11	L5_IT_CTX
TGTTCCGTCTATCGCC-L8TX_171026_01_H03	L5_IT_CTX
CGATCGGGTATGGTTC-L8TX_180115_01_H10	L5_IT_CTX
CTACGTCAGACCTAGG-L8TX_180115_01_E11	L5_IT_CTX
CTCATTATCAAGCCTA-L8TX_180115_01_E08	L5_IT_CTX
GACGTGCTCCTGCAGG-L8TX_180221_01_B11	L5_IT_CTX
TTTCCTCGTCCGAATT-L8TX_171026_01_F04	L5_IT_CTX
TAGAGCTGTATATGGA-L8TX_180115_01_D11	L5_IT_CTX
CTCGTACAGCTAACTC-L8TX_190312_01_A02	L5_IT_CTX
TGCGGGTAGTGGGTTG-L8TX_171026_01_E05	L5_IT_CTX
CTCGAGGAGACTAGGC-L8TX_180926_01_B01	L5_IT_CTX
AGAGTGGCAACACGCC-L8TX_171026_01_A05	L5_IT_CTX
TGGCTGGCAGCTCCGA-L8TX_180115_01_E11	L5_IT_CTX
CCGTTCAGTACTCAAC-L8TX_180115_01_D11	L5_IT_CTX
GTGCTTCCATCACGTA-L8TX_171026_01_H03	L5_IT_CTX
CCGTACTCACAGGAGT-L8TX_180115_01_F10	L5_IT_CTX
ATCTGCCTCGTCTGAA-L8TX_180115_01_G11	L5_IT_CTX
CGAATGTTCTGCGACG-L8TX_180221_01_A12	L5_IT_CTX
AAGACCTCAGCATACT-L8TX_180115_01_F10	L5_IT_CTX
TAGAGCTAGGGCTTCC-L8TX_181011_01_A03	L5_IT_CTX
GCAGTTAGTCCGAATT-L8TX_180221_01_E10	L5_IT_CTX
ACAGCTATCAGGATCT-L8TX_180221_01_H12	L5_IT_CTX
GCTGCGAAGAAGAAGC-L8TX_180607_01_C05	L5_IT_CTX
CATCAAGCAGAGTGTG-L8TX_180115_01_G11	L5_IT_CTX
CTCGGGAGTCCGAGTC-L8TX_171026_01_B04	L5_IT_CTX
GTGAAGGGTGACGCCT-L8TX_180712_01_G05	L5_IT_CTX
CAGTCCTCACTGTGTA-L8TX_180115_01_H11	L5_IT_CTX
CGTGTCTAGCACGCCT-L8TX_190312_01_D01	L5_IT_CTX
CCATGTCGTTAAGAAC-L8TX_180115_01_B10	L5_IT_CTX
GTGCAGCTCTTCAACT-L8TX_180115_01_E10	L5_IT_CTX
ACGATACGTTCCAACA-L8TX_171120_01_G07	L5_IT_CTX
CCCAGTTGTCAAAGCG-L8TX_180115_01_H09	L5_IT_CTX
GATCGATCAATCACAC-L8TX_180712_01_G05	L5_IT_CTX
TTTATGCGTTCCACGG-L8TX_180115_01_B10	L5_IT_CTX
GCACATATCTAGCACA-L8TX_180115_01_A11	L5_IT_CTX
GCGACCACACGGTAGA-L8TX_180221_01_B10	L5_IT_CTX
CTGAAACCACGGTTTA-L8TX_181012_01_B05	L5_IT_CTX
CTGAAGTCATGGTTGT-L8TX_180907_01_G11	L5_IT_CTX
ACAGCTAAGGACATTA-L8TX_181012_01_G04	L5_IT_CTX
AACGTTGCAGGATTGG-L8TX_181011_01_H03	L5_IT_CTX
GCGACCATCACCGGGT-L8TX_180221_01_H12	L5_IT_CTX
CCTTACGAGAGGTAGA-L8TX_171026_01_H03	L5_IT_CTX
CATGACAGTCTGCAAT-L8TX_180221_01_E10	L5_IT_CTX
GTGCTTCTCTCTGAGA-L8TX_171026_01_B05	L5_IT_CTX
GACGCGTGTAGCGTCC-L8TX_180221_01_D10	L5_IT_CTX
CAGCATAAGTACGATA-L8TX_180115_01_E11	L5_IT_CTX
CGAACATAGTACGATA-L8TX_181011_01_C04	L5_IT_CTX
GTACTCCCAGACTCGC-L8TX_180115_01_B10	L5_IT_CTX
GGAAAGCAGATCGGGT-L8TX_171026_01_F05	L5_IT_CTX
CGGAGCTAGGCATGTG-L8TX_180115_01_H11	L5_IT_CTX
AGTAGTCTCACATGCA-L8TX_180115_01_H10	L5_IT_CTX
GCGGGTTGTCCGCTGA-L8TX_171026_01_H04	L5_IT_CTX
ATGGGAGGTGACTCAT-L8TX_180221_01_H12	L5_IT_CTX
GTGAAGGCATGTCTCC-L8TX_180221_01_G10	L5_IT_CTX
CACCTTGAGAAGCCCA-L8TX_171026_01_A04	L5_IT_CTX
GACGGCTAGCGTAGTG-L8TX_171026_01_H05	L5_IT_CTX
ACCTTTACATTTGCTT-L8TX_180115_01_H11	L5_IT_CTX
TAGTTGGAGGACTGGT-L8TX_171026_01_A04	L5_IT_CTX
ATCTGCCGTCAAACTC-L8TX_180115_01_D09	L5_IT_CTX
GACTAACCAATTGCTG-L8TX_180115_01_D11	L5_IT_CTX
CCTTTCTGTACAGACG-L8TX_171026_01_F03	L5_IT_CTX
GCTCTGTCAGGACCCT-L8TX_180221_01_F10	L5_IT_CTX
ACCGTAAAGCGAAGGG-L8TX_180115_01_H10	L5_IT_CTX
AGTGAGGGTTTGGCGC-L8TX_180115_01_H11	L5_IT_CTX
CTAACTTGTACCCAAT-L8TX_171026_01_H03	L5_IT_CTX
TACTTGTCAGGGTTAG-L8TX_180712_01_C06	L5_IT_CTX
GGGAGATAGCTCCCAG-L8TX_171026_01_G04	L5_IT_CTX
TGGGCGTCACCCATTC-L8TX_171026_01_H04	L5_IT_CTX
ATTCTACTCTGTTTGT-L8TX_180115_01_E09	L5_IT_CTX
AGGTCCGAGGTAGCCA-L8TX_180115_01_G10	L5_IT_CTX
TGGTTCCTCTTCATGT-L8TX_180221_01_B12	L5_IT_CTX
ATCGAGTGTGCCTTGG-L8TX_180115_01_A10	L5_IT_CTX
GTGGGTCCATGCATGT-L8TX_171026_01_C05	L5_IT_CTX
AACTGGTGTACAGCAG-L8TX_171026_01_G03	L5_IT_CTX
GGCGTGTCAAGGTTCT-L8TX_180221_01_F09	L5_IT_CTX
AGAGTGGAGGACACCA-L8TX_180907_01_A12	L5_IT_CTX
GAATGAAAGCCGCCTA-L8TX_171026_01_H05	L5_IT_CTX
CCATTCGTCGTGACAT-L8TX_171026_01_B04	L5_IT_CTX
GATCGATTCCAATGGT-L8TX_171026_01_F03	L5_IT_CTX
ACACTGAAGATCCGAG-L8TX_181012_01_B05	L5_IT_CTX
ATCTGCCGTTGGTAAA-L8TX_180115_01_G11	L5_IT_CTX
CAACCAATCTTGGGTA-L8TX_171120_01_G07	L5_IT_CTX
CGTCAGGGTTCGCTAA-L8TX_180115_01_C09	L5_IT_CTX
TGACGGCGTGGCGAAT-L8TX_171026_01_E05	L5_IT_CTX
ACTGAGTTCCTGCTTG-L8TX_180221_01_F10	L5_IT_CTX
TTTATGCCAATGACCT-L8TX_180115_01_D11	L5_IT_CTX
CTGATCCGTCGAATCT-L8TX_180115_01_C11	L5_IT_CTX
AACCATGCAGCCTTGG-L8TX_180712_01_C06	L5_IT_CTX
GCTGCGAGTCTCGTTC-L8TX_180115_01_D11	L5_IT_CTX
ACTGATGGTTGCGCAC-L8TX_180115_01_A11	L5_IT_CTX
CGTTGGGCAATTCCTT-L8TX_180926_01_E12	L5_IT_CTX
ACGGCCAGTTCACCTC-L8TX_180712_01_B06	L5_IT_CTX
TATTACCCACGCTTTC-L8TX_180115_01_D11	L5_IT_CTX
CTCACACAGTCTTGCA-L8TX_180115_01_G09	L5_IT_CTX
TACAGTGCACATAACC-L8TX_180907_01_G10	L5_IT_CTX
CTCTGGTCAGCATACT-L8TX_180115_01_B09	L5_IT_CTX
CAGCTGGCACAAGCCC-L8TX_181206_01_F12	L5_IT_CTX
GGGAATGGTCTCCCTA-L8TX_180926_01_E12	L5_IT_CTX
CCACTACAGAATGTGT-L8TX_180504_01_E01	L5_IT_CTX
TCAGCTCCAAGGTTTC-L8TX_171026_01_F03	L5_IT_CTX
AGTCTTTTCCTCTAGC-L8TX_180221_01_D10	L5_IT_CTX
ATAACGCAGCTAACTC-L8TX_180221_01_H12	L5_IT_CTX
ATCGAGTGTGGGTATG-L8TX_171026_01_F03	L5_IT_CTX
TGGTTAGCAGAAGCAC-L8TX_181012_01_C05	L5_IT_CTX
CTCATTATCGATGAGG-L8TX_180221_01_F11	L5_IT_CTX
ACCGTAACATCCAACA-L8TX_171026_01_E05	L5_IT_CTX
CACCAGGTCAAAGACA-L8TX_190312_01_D01	L5_IT_CTX
AGGTCCGTCTAACTTC-L8TX_180115_01_C09	L5_IT_CTX
GAATGAATCAACACTG-L8TX_180115_01_E11	L5_IT_CTX
CGTCCATCAGCATGAG-L8TX_180115_01_D11	L5_IT_CTX
TTAACTCCACGGTAGA-L8TX_180907_01_G11	L5_IT_CTX
TGTGTTTCACAGACAG-L8TX_180115_01_F09	L5_IT_CTX
AACGTTGTCTTACCGC-L8TX_180221_01_G09	L5_IT_CTX
TTCTCAAAGATATGGT-L8TX_180907_01_F11	L5_IT_CTX
ATCTACTTCACGACTA-L8TX_180607_01_C05	L5_IT_CTX
AGTAGTCCATGGAATA-L8TX_190312_01_D01	L5_IT_CTX
GCTTCCACACACAGAG-L8TX_180115_01_B09	L5_IT_CTX
TACTCGCCACGGATAG-L8TX_180115_01_E08	L5_IT_CTX
CAAGGCCAGTGGAGTC-L8TX_180221_01_D10	L5_IT_CTX
TGCCAAAAGACTAGAT-L8TX_171026_01_F05	L5_IT_CTX
GTCTTCGTCCTTGCCA-L8TX_180115_01_D09	L5_IT_CTX
CTCGGAGGTCGGCATC-L8TX_180115_01_F11	L5_IT_CTX
CGAGAAGTCGATGAGG-L8TX_180115_01_D09	L5_IT_CTX
TAGTGGTTCACAGTAC-L8TX_171026_01_H05	L5_IT_CTX
GGCGTGTAGCTAAGAT-L8TX_180221_01_D10	L5_IT_CTX
CGGTTAACAGGGTATG-L8TX_180115_01_C09	L5_IT_CTX
GCCAAATCACCGAAAG-L8TX_171026_01_A05	L5_IT_CTX
TACTCGCAGCCATCGC-L8TX_190312_01_B01	L5_IT_CTX
TGAGAGGCATATGCTG-L8TX_180115_01_G11	L5_IT_CTX
TCTCATACAACCGCCA-L8TX_171026_01_H05	L5_IT_CTX
AATCCAGGTAGAGCTG-L8TX_180221_01_F10	L5_IT_CTX
AGCCTAACATGTTGAC-L8TX_181012_01_H04	L5_IT_CTX
ACGGGTCCAAATACAG-L8TX_180115_01_E10	L5_IT_CTX
CATTCGCGTGCACGAA-L8TX_180115_01_D10	L5_IT_CTX
CCTACACCAATCTGCA-L8TX_171026_01_E05	L5_IT_CTX
TTTATGCAGTTCCACA-L8TX_171026_01_D05	L5_IT_CTX
ACACCAACATACTCTT-L8TX_181011_01_G02	L5_IT_CTX
GATCGCGTCCAAGCCG-L8TX_180907_01_F10	L5_IT_CTX
GAACGGATCATCATTC-L8TX_180115_01_G09	L5_IT_CTX
CTGATAGAGTGCCAGA-L8TX_180115_01_E11	L5_IT_CTX
TAAGTGCCAAGCCATT-L8TX_171026_01_A04	L5_IT_CTX
ACGCCGAAGAAAGTGG-L8TX_180115_01_C10	L5_IT_CTX
GGATGTTCAGCAGTTT-L8TX_180115_01_E10	L5_IT_CTX
CATCAGAAGCGGCTTC-L8TX_180712_01_G05	L5_IT_CTX
ACGGAGAGTGTCCTCT-L8TX_180115_01_H10	L5_IT_CTX
TCACGAACAGATGGGT-L8TX_180115_01_E11	L5_IT_CTX
GATCGATGTAATCGTC-L8TX_171026_01_G03	L5_IT_CTX
TGCGCAGAGGAATGGA-L8TX_171026_01_F04	L5_IT_CTX
CATCAAGAGCGCTCCA-L8TX_180221_01_G09	L5_IT_CTX
ATCATCTGTTGCGCAC-L8TX_180221_01_H12	L5_IT_CTX
AGAGTGGTCAACCATG-L8TX_180907_01_A12	L5_IT_CTX
TCATTACAGTCCATAC-L8TX_180221_01_H12	L5_IT_CTX
CTCAGAAGTACTTCTT-L8TX_171026_01_H05	L5_IT_CTX
GGACAGATCGGTGTTA-L8TX_171120_01_G07	L5_IT_CTX
GCTCCTAAGCCCAACC-L8TX_180926_01_C12	L5_IT_CTX
CTACGTCCACCAGTTA-L8TX_171026_01_E05	L5_IT_CTX
CAAGTTGAGGTGCAAC-L8TX_180115_01_A09	L5_IT_CTX
GTTCTCGTCATGTGGT-L8TX_180406_01_C06	L5_IT_CTX
ACATCAGAGTTCGCGC-L8TX_171026_01_E05	L5_IT_CTX
CAAGTTGCACATTTCT-L8TX_180926_01_F01	L5_IT_CTX
AGATTGCTCTGGAGCC-L8TX_180221_01_H12	L5_IT_CTX
GTCATTTAGTAGATGT-L8TX_180907_01_F11	L5_IT_CTX
AACTTTCAGTGCAAGC-L8TX_180115_01_B10	L5_IT_CTX
CGAGAAGAGTAAGTAC-L8TX_180712_01_C06	L5_IT_CTX
CCAGCGAAGATGCCTT-L8TX_171026_01_C05	L5_IT_CTX
GCACATAAGACGCTTT-L8TX_180829_01_E10	L5_IT_CTX
GCATGATTCAGTTGAC-L8TX_180115_01_A11	L5_IT_CTX
CAAGGCCGTCGCATAT-L8TX_180907_01_G11	L5_IT_CTX
ACTTTCACAAGCGATG-L8TX_180221_01_A11	L5_IT_CTX
GCACTCTGTAAAGTCA-L8TX_180221_01_E11	L5_IT_CTX
CCCTCCTAGGACTGGT-L8TX_190312_01_G02	L5_IT_CTX
GAACGGAGTAAGGGAA-L8TX_180115_01_B11	L5_IT_CTX
CAACCTCTCCGTAGTA-L8TX_171026_01_A04	L5_IT_CTX
CTTAACTCAGACGCAA-L8TX_180115_01_A10	L5_IT_CTX
GTTCATTCAGCATACT-L8TX_171026_01_A05	L5_IT_CTX
AAGACCTGTTGATTCG-L8TX_180829_01_D10	L5_IT_CTX
CTACCCATCTCAAGTG-L8TX_181011_01_H03	L5_IT_CTX
TAGAGCTCAATCTACG-L8TX_171026_01_A04	L5_IT_CTX
TGACTAGCAGCGAACA-L8TX_171026_01_B04	L5_IT_CTX
TGCTACCGTCTAGAGG-L8TX_180115_01_H11	L5_IT_CTX
CAGCCGAGTAAGTTCC-L8TX_180115_01_B11	L5_IT_CTX
CCGTGGACAGTCGATT-L8TX_171120_01_F07	L5_IT_CTX
GTTCTCGAGAGAACAG-L8TX_171120_01_D07	L5_IT_CTX
CGCGTTTCACTTCGAA-L8TX_180115_01_G08	L5_IT_CTX
ATTGGTGCAATAAGCA-L8TX_171026_01_A05	L5_IT_CTX
CGACCTTGTACGCTGC-L8TX_180907_01_G10	L5_IT_CTX
ACGAGCCAGAAGGCCT-L8TX_180221_01_C11	L5_IT_CTX
ATGTGTGAGAGTACCG-L8TX_171026_01_H04	L5_IT_CTX
GGCTCGAGTTCACCTC-L8TX_180712_01_C06	L5_IT_CTX
ATCATGGCACCAGCAC-L8TX_181012_01_G04	L5_IT_CTX
CGGAGCTAGTGTTAGA-L8TX_171026_01_G04	L5_IT_CTX
ATCTACTGTTGGTGGA-L8TX_171026_01_F05	L5_IT_CTX
CCAGCGACACATAACC-L8TX_180712_01_A06	L5_IT_CTX
GTGTGCGCAATGGAGC-L8TX_180115_01_C10	L5_IT_CTX
CGAATGTAGAGGACGG-L8TX_180115_01_H11	L5_IT_CTX
CAGGTGCTCTCGCATC-L8TX_171026_01_G04	L5_IT_CTX
TTTGGTTGTACTCGCG-L8TX_171026_01_E05	L5_IT_CTX
TATTACCTCGTCACGG-L8TX_171120_01_H07	L5_IT_CTX
CACATTTTCAGCGACC-L8TX_180115_01_F11	L5_IT_CTX
CCGTGGATCTGCGACG-L8TX_171026_01_H04	L5_IT_CTX
CGATTGAAGCCCTAAT-L8TX_180115_01_E11	L5_IT_CTX
CATGCCTTCCTTGACC-L8TX_171026_01_E05	L5_IT_CTX
TTTACTGTCGCTGATA-L8TX_180907_01_G10	L5_IT_CTX
CTAATGGCACGGCCAT-L8TX_180115_01_F09	L5_IT_CTX
GATCGATCAGGACGTA-L8TX_180115_01_H10	L5_IT_CTX
AGGTCCGTCCTATTCA-L8TX_171026_01_C05	L5_IT_CTX
AGCGGTCAGCCAGTAG-L8TX_180907_01_E11	L5_IT_CTX
TTTACTGGTGGTCTCG-L8TX_171026_01_G05	L5_IT_CTX
TTTGTCAGTCTGATTG-L8TX_181206_01_F12	L5_IT_CTX
AAGGTTCGTACCGTAT-L8TX_180115_01_G11	L5_IT_CTX
CTCGTACAGACGACGT-L8TX_180115_01_E11	L5_IT_CTX
GGTGTTAAGCGTCTAT-L8TX_180115_01_G10	L5_IT_CTX
GTCAAGTAGACAAGCC-L8TX_171026_01_H03	L5_IT_CTX
ACTGCTCGTCAGTGGA-L8TX_180221_01_F09	L5_IT_CTX
CTCACACAGAGATGAG-L8TX_171120_01_C07	L5_IT_CTX
CAGGTGCCAGCCAATT-L8TX_171026_01_H05	L5_IT_CTX
CATCGAATCTCGGACG-L8TX_180926_01_C12	L5_IT_CTX
TTGCCGTGTTCAGACT-L8TX_180115_01_G11	L5_IT_CTX
CCTTCGAGTGTGCCTG-L8TX_180115_01_G11	L5_IT_CTX
CTAAGACGTTGCTCCT-L8TX_180115_01_G10	L5_IT_CTX
CTAATGGAGACCACGA-L8TX_180115_01_G09	L5_IT_CTX
CTAAGACAGCCAGGAT-L8TX_171026_01_E05	L5_IT_CTX
CACACTCAGTCGTTTG-L8TX_171026_01_H03	L5_IT_CTX
TCAATCTAGAGACGAA-L8TX_171026_01_A05	L5_IT_CTX
TCAGCTCCACAGGAGT-L8TX_171026_01_E05	L5_IT_CTX
ACGGCCAAGGCTCTTA-L8TX_180115_01_C11	L5_IT_CTX
GAGCAGACATACTACG-L8TX_171026_01_A05	L5_IT_CTX
ATCCGAACATAACCTG-L8TX_180115_01_B09	L5_IT_CTX
CTCGAGGTCTACTATC-L8TX_190312_01_E01	L5_IT_CTX
GTAGTCACAGTCCTTC-L8TX_181012_01_B05	L5_IT_CTX
CAACTAGGTAATTGGA-L8TX_180115_01_C10	L5_IT_CTX
ATTGGTGTCGGACAAG-L8TX_171026_01_F03	L5_IT_CTX
GGAACTTTCTACCAGA-L8TX_171026_01_B04	L5_IT_CTX
GCTCCTAGTTATGTGC-L8TX_171026_01_D05	L5_IT_CTX
TGGCTGGTCCAGAAGG-L8TX_180115_01_B09	L5_IT_CTX
GCATGTATCACCGTAA-L8TX_171026_01_F05	L5_IT_CTX
AGGCCACTCTAACTTC-L8TX_180221_01_E10	L5_IT_CTX
AGAGCTTTCACCATAG-L8TX_180115_01_D09	L5_IT_CTX
GGGCACTAGATGCCTT-L8TX_180221_01_F10	L5_IT_CTX
GTAGGCCTCCCATTTA-L8TX_171026_01_G05	L5_IT_CTX
GTTCGGGAGGAGTTTA-L8TX_181012_01_B05	L5_IT_CTX
CTTGGCTTCAACGGGA-L8TX_180712_01_B06	L5_IT_CTX
CGCCAAGGTCTGCAAT-L8TX_190312_01_F01	L5_IT_CTX
AGGCCACTCTTTAGTC-L8TX_180221_01_C12	L5_IT_CTX
TAGAGCTTCGGTCTAA-L8TX_180115_01_B09	L5_IT_CTX
TTAGGCAGTGTGGCTC-L8TX_171026_01_F03	L5_IT_CTX
CTCGAAAAGCGTGAGT-L8TX_180712_01_A06	L5_IT_CTX
CAAGGCCCACAGACAG-L8TX_180406_01_C06	L5_IT_CTX
CCTTTCTAGGGTGTGT-L8TX_190312_01_E01	L5_IT_CTX
TACGGTAGTCCTGCTT-L8TX_171026_01_G03	L5_IT_CTX
CAACCAAGTTAAGGGC-L8TX_180926_01_F01	L5_IT_CTX
TTCGAAGCACTTACGA-L8TX_180926_01_C12	L5_IT_CTX
GTACGTACAAAGGAAG-L8TX_190312_01_C01	L5_IT_CTX
CGTGAGCAGGAGCGAG-L8TX_180115_01_H09	L5_IT_CTX
ACGGAGAGTTGACGTT-L8TX_171026_01_H04	L5_IT_CTX
TCGGTAAAGATCCCGC-L8TX_171120_01_G07	L5_IT_CTX
ATAACGCCAGACAAAT-L8TX_180115_01_A09	L5_IT_CTX
CAGGTGCTCATCATTC-L8TX_171026_01_B05	L5_IT_CTX
CAGTCCTGTGGCGAAT-L8TX_171026_01_G05	L5_IT_CTX
AGATCTGTCGCAAACT-L8TX_180712_01_F05	L5_IT_CTX
GGCGTGTCATACTACG-L8TX_180115_01_B11	L5_IT_CTX
CGGACACCAGGATCGA-L8TX_180115_01_E09	L5_IT_CTX
TGCGGGTTCAGTTCGA-L8TX_171026_01_F04	L5_IT_CTX
ACTGCTCGTTTGACTG-L8TX_171120_01_E07	L5_IT_CTX
GTACGTAAGCCACTAT-L8TX_171026_01_A04	L5_IT_CTX
TCGCGAGTCAACTCTT-L8TX_171026_01_H03	L5_IT_CTX
TGCTACCAGGTAGCTG-L8TX_180221_01_H11	L5_IT_CTX
GGCAATTTCCCTTGCA-L8TX_180115_01_D10	L5_IT_CTX
AGAATAGTCCTCGCAT-L8TX_171026_01_B05	L5_IT_CTX
TTAACTCGTGCAGGTA-L8TX_190312_01_F01	L5_IT_CTX
GCATGATCATTCACTT-L8TX_181206_01_E12	L5_IT_CTX
CAGCTGGGTGTCAATC-L8TX_171026_01_A04	L5_IT_CTX
AAGGAGCTCTGGAGCC-L8TX_171026_01_A04	L5_IT_CTX
ATTGGTGTCTGCGACG-L8TX_171026_01_A04	L5_IT_CTX
GCTTGAATCTTTCCTC-L8TX_180115_01_E11	L5_IT_CTX
TGAGGGATCAGTGCAT-L8TX_180115_01_D11	L5_IT_CTX
CGTTCTGCATGCAACT-L8TX_180115_01_E09	L5_IT_CTX
CATGCCTTCCCTTGCA-L8TX_180221_01_C09	L5_IT_CTX
CGCTTCATCTTCCTTC-L8TX_180115_01_F09	L5_IT_CTX
GATCTAGTCTAACTCT-L8TX_180115_01_H11	L5_IT_CTX
GGGTCTGGTTCGGCAC-L8TX_190312_01_G02	L5_IT_CTX
CGTGAGCGTCTTGCGG-L8TX_171026_01_C05	L5_IT_CTX
AGCTTGATCACTCTTA-L8TX_180907_01_B12	L5_IT_CTX
TCCACACAGAAACCTA-L8TX_181012_01_H04	L5_IT_CTX
GGGATGATCTCTGAGA-L8TX_180115_01_D11	L5_IT_CTX
CACTCCAGTCTGATTG-L8TX_171026_01_A05	L5_IT_CTX
CCGTGGAGTATAGTAG-L8TX_180829_01_D09	L5_IT_CTX
AGCGGTCCACAACGCC-L8TX_171026_01_F05	L5_IT_CTX
CGAACATCACAGGAGT-L8TX_180221_01_A10	L5_IT_CTX
ACGCCAGTCTTGTATC-L8TX_180907_01_B11	L5_IT_CTX
AGCTCTCGTCTCAACA-L8TX_180115_01_B11	L5_IT_CTX
CAGCGACCAAACTGCT-L8TX_171120_01_H07	L5_IT_CTX
ATTCTACCAGGTGCCT-L8TX_181206_01_A12	L5_IT_CTX
CAGCATAAGAACAACT-L8TX_171026_01_F05	L5_IT_CTX
ACTATCTAGTGTACGG-L8TX_171120_01_F07	L5_IT_CTX
CTGTTTACAATCTACG-L8TX_180907_01_E11	L5_IT_CTX
ACATGGTCAAGAAAGG-L8TX_180115_01_F09	L5_IT_CTX
TGTTCCGTCGAATGGG-L8TX_171026_01_F03	L5_IT_CTX
CTGCGGAAGCTGTCTA-L8TX_180115_01_B10	L5_IT_CTX
ATTATCCTCATTCACT-L8TX_171026_01_F03	L5_IT_CTX
CGGACGTCACAGAGGT-L8TX_190312_01_H01	L5_IT_CTX
CAGCTAAGTACCCAAT-L8TX_180115_01_C09	L5_IT_CTX
GAACATCCATTTGCTT-L8TX_180115_01_D09	L5_IT_CTX
CTCTAATTCGCGATCG-L8TX_180115_01_B11	L5_IT_CTX
CTGAAACCAAACGCGA-L8TX_181206_01_H11	L5_IT_CTX
TTTCCTCGTTACGTCA-L8TX_171026_01_F04	L5_IT_CTX
CGAACATAGGCCCGTT-L8TX_171026_01_H05	L5_IT_CTX
AGGCCGTCATACAGCT-L8TX_180115_01_E10	L5_IT_CTX
TGACAACGTAGCAAAT-L8TX_181011_01_B03	L5_IT_CTX
AGAGCTTAGGTTCCTA-L8TX_180115_01_F09	L5_IT_CTX
GATCGCGCACGTTGGC-L8TX_171026_01_A05	L5_IT_CTX
CCATTCGGTCTGCAAT-L8TX_200611_02_A05	L5_IT_CTX
GCGGGTTCACTACAGT-L8TX_180115_01_D11	L5_IT_CTX
CACACAAAGTCTCGGC-L8TX_180115_01_E10	L5_IT_CTX
TCGTACCCATACCATG-L8TX_190312_01_F01	L5_IT_CTX
TGAAAGAGTACATGTC-L8TX_171026_01_H04	L5_IT_CTX
GGATGTTCATTATCTC-L8TX_180115_01_A11	L5_IT_CTX
CCTTCGACAAGAGTCG-L8TX_171026_01_F03	L5_IT_CTX
GATCGATTCCTTAATC-L8TX_180221_01_B10	L5_IT_CTX
TTCTCCTTCTGGCGTG-L8TX_180115_01_E09	L5_IT_CTX
GGACAAGGTTGGGACA-L8TX_171120_01_G07	L5_IT_CTX
GGCTCGACACGGTGTC-L8TX_180115_01_A11	L5_IT_CTX
GTTCATTGTAACGACG-L8TX_180115_01_A10	L5_IT_CTX
GGGACCTGTTAAGATG-L8TX_180115_01_H11	L5_IT_CTX
AGCTTGATCCTCTAGC-L8TX_171026_01_E05	L5_IT_CTX
AACTGGTGTGTGCGTC-L8TX_181206_01_D12	L5_IT_CTX
CGCCAAGCATGGTCTA-L8TX_171120_01_H07	L5_IT_CTX
CCTACACGTCGAATCT-L8TX_171026_01_A04	L5_IT_CTX
TGCTACCCAACGCACC-L8TX_171026_01_H05	L5_IT_CTX
CGGGTCATCTTTACGT-L8TX_180115_01_F10	L5_IT_CTX
TTGACTTCACTGCCAG-L8TX_180115_01_E10	L5_IT_CTX
TGTGGTAAGTTCCACA-L8TX_180115_01_F11	L5_IT_CTX
TTCTACAGTACCGTTA-L8TX_171026_01_G04	L5_IT_CTX
CCTAAAGGTTAGAACA-L8TX_180115_01_C10	L5_IT_CTX
CCTAAAGAGGGCATGT-L8TX_180115_01_H09	L5_IT_CTX
CATCGGGCAAGAGTCG-L8TX_180115_01_G11	L5_IT_CTX
TATCAGGCATGTTGAC-L8TX_190312_01_C02	L5_IT_CTX
AGCTCCTTCCAGGGCT-L8TX_180115_01_E10	L5_IT_CTX
GTGTTAGTCGCCATAA-L8TX_180907_01_H11	L5_IT_CTX
AACTTTCTCCTTTACA-L8TX_180115_01_E11	L5_IT_CTX
CCGTACTCAAGTTAAG-L8TX_180221_01_C12	L5_IT_CTX
CTGTGCTAGATGCCAG-L8TX_171026_01_E05	L5_IT_CTX
GCTGCGATCATCTGCC-L8TX_180115_01_F11	L5_IT_CTX
TTGCGTCTCGAGAGCA-L8TX_171026_01_A05	L5_IT_CTX
CGTCTACTCCTGCTTG-L8TX_171026_01_E05	L5_IT_CTX
GGAAAGCTCAGCAACT-L8TX_180115_01_G10	L5_IT_CTX
AAAGATGTCACGACTA-L8TX_171026_01_E05	L5_IT_CTX
ACATGGTTCAATCTCT-L8TX_180115_01_C10	L5_IT_CTX
AACGTTGAGAGGGCTT-L8TX_171026_01_C05	L5_IT_CTX
GAAATGAGTTACGCGC-L8TX_171120_01_E07	L5_IT_CTX
ATTCTACCATGTAGTC-L8TX_171120_01_D07	L5_IT_CTX
TAAGTGCAGAAGGCCT-L8TX_171026_01_G05	L5_IT_CTX
TGCGTGGCATATGGTC-L8TX_171026_01_B04	L5_IT_CTX
GGCGTGTAGCCTTGAT-L8TX_181206_01_A12	L5_IT_CTX
AGTGTCATCTATCCTA-L8TX_181012_01_H04	L5_IT_CTX
GTCCTCACACTGCCAG-L8TX_180115_01_E11	L5_IT_CTX
GGCCGATCACACCGCA-L8TX_180712_01_F05	L5_IT_CTX
GATTCAGAGCGTGAAC-L8TX_180115_01_B11	L5_IT_CTX
GGACGTCAGACAGAGA-L8TX_180115_01_F11	L5_IT_CTX
GGGATGAAGGCTAGGT-L8TX_171026_01_G05	L5_IT_CTX
GTCACAATCCGCTGTT-L8TX_180115_01_H11	L5_IT_CTX
GATGCTAAGCAATATG-L8TX_180115_01_D11	L5_IT_CTX
GTTCATTAGCTAAGAT-L8TX_171026_01_G03	L5_IT_CTX
ACTGATGCATCACGAT-L8TX_181012_01_B05	L5_IT_CTX
CGAGAAGGTGTGCCTG-L8TX_180926_01_C12	L5_IT_CTX
CGATCGGTCCGCGTTT-L8TX_171026_01_G04	L5_IT_CTX
GCTGCAGGTCCAACTA-L8TX_190312_01_E01	L5_IT_CTX
ACAGCCGCAAACGTGG-L8TX_180607_01_C05	L5_IT_CTX
TACCTTAGTGATGTCT-L8TX_171026_01_B04	L5_IT_CTX
ACTGTCCAGCTGAAAT-L8TX_171026_01_D05	L5_IT_CTX
CGGAGCTCAGTCGTGC-L8TX_180115_01_G11	L5_IT_CTX
GCGCAACCACCATCCT-L8TX_190312_01_H02	L5_IT_CTX
CAGCTGGGTTAGGGTG-L8TX_180221_01_H11	L5_IT_CTX
GGCCGATTCCAGATCA-L8TX_181012_01_C05	L5_IT_CTX
ATGCGATAGAAACGCC-L8TX_180115_01_F11	L5_IT_CTX
CTCCTAGTCCCTTGCA-L8TX_180221_01_B12	L5_IT_CTX
TGAGGGATCCTAGAAC-L8TX_171026_01_G03	L5_IT_CTX
CGATGTACATGTAAGA-L8TX_180221_01_E11	L5_IT_CTX
GACAGAGGTCTAAACC-L8TX_180221_01_B11	L5_IT_CTX
TAAGTGCCATTAACCG-L8TX_180115_01_D09	L5_IT_CTX
GCCAAATCATTCGACA-L8TX_171026_01_H03	L5_IT_CTX
CTCACACGTACCGTTA-L8TX_171026_01_H05	L5_IT_CTX
GGGATGAAGAGCTGGT-L8TX_180115_01_D10	L5_IT_CTX
TTGAACGGTGTTCGAT-L8TX_190312_01_E01	L5_IT_CTX
AAAGTAGCAGGGTTAG-L8TX_180115_01_F10	L5_IT_CTX
AGATCTGTCGTTACGA-L8TX_180907_01_E11	L5_IT_CTX
CCTTCCCCATTGGCGC-L8TX_171026_01_A04	L5_IT_CTX
GCAAACTCATATGGTC-L8TX_171026_01_D05	L5_IT_CTX
GTCCTCAGTAGATTAG-L8TX_181206_01_A12	L5_IT_CTX
AGCGTCGTCGTTGCCT-L8TX_180221_01_E09	L5_IT_CTX
GACGGCTTCATTCACT-L8TX_180221_01_F10	L5_IT_CTX
GTGCGGTTCCGGCACA-L8TX_180907_01_E11	L5_IT_CTX
GCTTGAACAGACTCGC-L8TX_180221_01_A10	L5_IT_CTX
GGAAAGCGTTATCGGT-L8TX_180115_01_C10	L5_IT_CTX
TCAATCTGTTCCTCCA-L8TX_180115_01_F09	L5_IT_CTX
AGAGTGGCACAGGTTT-L8TX_180221_01_C10	L5_IT_CTX
TGCCCATAGTGCGATG-L8TX_190312_01_B02	L5_IT_CTX
ACTGAGTGTTCAGACT-L8TX_180221_01_H12	L5_IT_CTX
CATCAGAGTGTAATGA-L8TX_180926_01_D01	L5_IT_CTX
CGAGCACCAGACGTAG-L8TX_180221_01_A11	L5_IT_CTX
GCATGCGGTCGCGGTT-L8TX_180221_01_D10	L5_IT_CTX
GACGTTACACCTATCC-L8TX_180907_01_A12	L6_CT_CTX
TCATTACGTCCCTACT-L8TX_180221_01_G09	L6_CT_CTX
GCGACCAGTCATCGGC-L8TX_180221_01_E11	L6_CT_CTX
CTAACTTGTGACGCCT-L8TX_171026_01_F05	L6_CT_CTX
TAGGCATTCTTTAGGG-L8TX_171026_01_A04	L6_CT_CTX
TACGGGCAGGCATGGT-L8TX_180115_01_F10	L6_CT_CTX
AGACGTTAGTGGGATC-L8TX_180221_01_D10	L6_CT_CTX
ACGATACTCCCTGACT-L8TX_180907_01_G11	L6_CT_CTX
CTCTAATAGGGTTTCT-L8TX_171026_01_G04	L6_CT_CTX
TGAAAGAGTCGCATCG-L8TX_190312_01_C02	L6_CT_CTX
ACTGAGTCACGGTTTA-L8TX_180221_01_C09	L6_CT_CTX
GACCTGGAGGACAGAA-L8TX_180115_01_E09	L6_CT_CTX
AAAGTAGCAATGAATG-L8TX_180221_01_C09	L6_CT_CTX
AGTCTTTGTATGCTTG-L8TX_180907_01_A12	L6_CT_CTX
CAGTCCTCATTCGACA-L8TX_171026_01_E05	L6_CT_CTX
CAAGAAAAGTATGACA-L8TX_180115_01_B10	L6_CT_CTX
ACTTTCAGTCAAGCGA-L8TX_180926_01_E12	L6_CT_CTX
GTAGGCCGTCAAAGCG-L8TX_180926_01_B01	L6_CT_CTX
GCGAGAAAGGCCGAAT-L8TX_180221_01_D09	L6_CT_CTX
GGGAGATAGGCCATAG-L8TX_180406_01_F02	L6_CT_CTX
AGTTGGTCAAGTCTAC-L8TX_180221_01_C09	L6_CT_CTX
TTGGAACAGGGAAACA-L8TX_180115_01_E11	L6_CT_CTX
CGGACGTCATAGTAAG-L8TX_180115_01_F08	L6_CT_CTX
ACGATGTTCATGGTCA-L8TX_190312_01_H01	L6_CT_CTX
GCACATACAATCGAAA-L8TX_171120_01_G07	L6_CT_CTX
CGTTGGGAGTAACCCT-L8TX_180221_01_C09	L6_CT_CTX
ATTGGACAGATAGCAT-L8TX_180221_01_C12	L6_CT_CTX
CGCTTCACAGGCGATA-L8TX_180221_01_G10	L6_CT_CTX
GATGCTATCACTGGGC-L8TX_180115_01_D10	L6_CT_CTX
CTACACCAGTAGCCGA-L8TX_180221_01_C10	L6_CT_CTX
GCTGGGTTCTTGGGTA-L8TX_180221_01_C10	L6_CT_CTX
CGTTCTGTCAGAGCTT-L8TX_180907_01_B12	L6_CT_CTX
CGTCACTCAAGTTCTG-L8TX_180115_01_E11	L6_CT_CTX
TCAGATGCATGCTGGC-L8TX_180221_01_F10	L6_CT_CTX
CACACCTAGATCCGAG-L8TX_171120_01_C07	L6_CT_CTX
TACGGGCAGACAAGCC-L8TX_180115_01_F08	L6_CT_CTX
TCTCATATCCTTCAAT-L8TX_180221_01_A10	L6_CT_CTX
CGGTTAATCCGTCAAA-L8TX_180115_01_F10	L6_CT_CTX
ATCGAGTGTTAAAGTG-L8TX_190312_01_B02	L6_CT_CTX
TTGCCGTTCCTCAATT-L8TX_180115_01_C11	L6_CT_CTX
ATTGGTGCACCTATCC-L8TX_180115_01_H11	L6_CT_CTX
ACACCAAGTAGCAAAT-L8TX_171026_01_C05	L6_CT_CTX
ATGGGAGGTACAAGTA-L8TX_180221_01_E09	L6_CT_CTX
CTGCCTACACCACCAG-L8TX_180115_01_H11	L6_CT_CTX
GTGCTTCAGTAATCCC-L8TX_171026_01_C05	L6_CT_CTX
TGTCCCATCCTAGAAC-L8TX_171026_01_F04	L6_CT_CTX
GCGAGAATCGGCGCTA-L8TX_180115_01_E11	L6_CT_CTX
TCGTACCTCCTTTACA-L8TX_180221_01_G10	L6_CT_CTX
CGGGTCAGTCGAGATG-L8TX_180115_01_E11	L6_CT_CTX
CATCGGGGTAATCACC-L8TX_180221_01_B11	L6_CT_CTX
GGGACCTGTTACCGAT-L8TX_180115_01_A11	L6_CT_CTX
GATCGATGTTTACTCT-L8TX_190312_01_B02	L6_CT_CTX
CGAGCACAGCGCTCCA-L8TX_200611_02_A05	L6_CT_CTX
GACGCGTAGGCGTACA-L8TX_171026_01_H03	L6_CT_CTX
GGGCATCCAAGACACG-L8TX_180221_01_B10	L6_CT_CTX
GCTGCAGTCCAACCAA-L8TX_180115_01_C10	L6_CT_CTX
CAACTAGGTGTCTGAT-L8TX_180115_01_F10	L6_CT_CTX
ATGGGAGTCAGGTAAA-L8TX_180926_01_E01	L6_CT_CTX
GTTACAGAGCTGCGAA-L8TX_180221_01_D10	L6_CT_CTX
CGGACGTGTTCAGACT-L8TX_180115_01_E11	L6_CT_CTX
TTTCCTCAGTCTCAAC-L8TX_181206_01_D12	L6_CT_CTX
ACTTGTTCACCGTTGG-L8TX_171120_01_H07	L6_CT_CTX
CTTGGCTCACGGTGTC-L8TX_190312_01_B02	L6_CT_CTX
CGGAGCTAGCGTGAAC-L8TX_180115_01_F08	L6_CT_CTX
ACACCAAGTTAAGAAC-L8TX_180221_01_E09	L6_CT_CTX
AGATTGCAGCTACCTA-L8TX_171026_01_F04	L6_CT_CTX
ACACCAACAAGCCTAT-L8TX_171026_01_F05	L6_CT_CTX
CCAATCCGTTATTCTC-L8TX_180504_01_E01	L6_CT_CTX
GGCTGGTTCACGCATA-L8TX_171026_01_H03	L6_CT_CTX
CACAGGCAGGAGTAGA-L8TX_190312_01_B02	L6_CT_CTX
TCATTACTCACAACGT-L8TX_180221_01_A10	L6_CT_CTX
AAGGAGCAGGAGTTGC-L8TX_180221_01_B12	L6_CT_CTX
CTCGTACCATGTAGTC-L8TX_190312_01_G02	L6_CT_CTX
GGATTACCATTGTGCA-L8TX_171026_01_H03	L6_CT_CTX
ATGAGGGCATGGGAAC-L8TX_171026_01_F03	L6_CT_CTX
GACCAATCAAGGCTCC-L8TX_180115_01_A10	L6_CT_CTX
TGTATTCAGCGTTCCG-L8TX_180221_01_F10	L6_CT_CTX
TAGCCGGGTTGCTCCT-L8TX_180926_01_D01	L6_CT_CTX
GTTTCTAGTAAACACA-L8TX_180115_01_H08	L6_CT_CTX
ACATGGTTCTTCTGGC-L8TX_180907_01_F10	L6_CT_CTX
GTTCGGGCATCCGTGG-L8TX_180115_01_G11	L6_CT_CTX
CTTACCGCATGTAGTC-L8TX_180115_01_E11	L6_CT_CTX
GTAACGTTCTACCAGA-L8TX_180221_01_C10	L6_CT_CTX
CACCACTCAGATGAGC-L8TX_181011_01_H03	L6_CT_CTX
ACAGCCGAGCTAAACA-L8TX_190312_01_A02	L6_CT_CTX
AGCGTCGGTGTGTGCC-L8TX_180221_01_E11	L6_CT_CTX
CATCGAAGTCCAAGTT-L8TX_171026_01_B04	L6_CT_CTX
CCCAATCAGCCGTCGT-L8TX_180221_01_C12	L6_CT_CTX
CGTCAGGAGCACGCCT-L8TX_190312_01_E02	L6_CT_CTX
CCTTTCTCATCTCCCA-L8TX_180115_01_C11	L6_CT_CTX
ACATCAGTCGCGGATC-L8TX_180115_01_F10	L6_CT_CTX
GTCTTCGAGCTGTTCA-L8TX_180907_01_F10	L6_CT_CTX
GCATACAGTACCCAAT-L8TX_180221_01_E10	L6_CT_CTX
CGATCGGAGAGCTGGT-L8TX_180115_01_D08	L6_CT_CTX
ATCCGAATCCGCTGTT-L8TX_180907_01_B11	L6_CT_CTX
CATGCCTGTCAACATC-L8TX_180115_01_G10	L6_CT_CTX
ACGCAGCTCGTGACAT-L8TX_180221_01_G10	L6_CT_CTX
GCTTGAAAGGCTCAGA-L8TX_180221_01_A12	L6_CT_CTX
GCTCCTAAGTGGTCCC-L8TX_180221_01_A10	L6_CT_CTX
TCACAAGTCCGTACAA-L8TX_171026_01_B04	L6_CT_CTX
GCGCAGTTCACATACG-L8TX_190312_01_F02	L6_CT_CTX
CGAGCACGTCTCCACT-L8TX_180221_01_E10	L6_CT_CTX
GATGAAACATCGGGTC-L8TX_180712_01_G05	L6_CT_CTX
ACTGAGTAGTCTCAAC-L8TX_181011_01_H02	L6_CT_CTX
ACATACGTCCTTGACC-L8TX_171026_01_H03	L6_CT_CTX
TCGTACCTCGTGGGAA-L8TX_180115_01_F09	L6_CT_CTX
CTTAACTCATCTCGCT-L8TX_180221_01_C09	L6_CT_CTX
AAACGGGAGTGGTAGC-L8TX_180115_01_E10	L6_CT_CTX
GACCAATAGATCGATA-L8TX_181012_01_H04	L6_CT_CTX
GCCAAATCAGACGCCT-L8TX_171026_01_F05	L6_CT_CTX
ACGGAGAAGACCACGA-L8TX_181206_01_F12	L6_CT_CTX
CGATGGCAGCCTATGT-L8TX_190312_01_D02	L6_CT_CTX
ATCACGACATGCAATC-L8TX_181011_01_H02	L6_CT_CTX
TTAGGACCACTACAGT-L8TX_180221_01_D10	L6_CT_CTX
GCACATAGTTGCGCAC-L8TX_180406_01_F02	L6_CT_CTX
TGCCAAATCAAAGTAG-L8TX_180712_01_H05	L6_CT_CTX
GCACTCTAGGCCCGTT-L8TX_181206_01_D12	L6_CT_CTX
CTACACCTCAAACGGG-L8TX_190312_01_E02	L6_CT_CTX
ACGGGCTCACACCGCA-L8TX_180907_01_H11	L6_CT_CTX
TTGCGTCCAGGTGGAT-L8TX_181011_01_B03	L6_CT_CTX
TACCTATAGATAGGAG-L8TX_181206_01_D12	L6_CT_CTX
TACGGATTCCCGGATG-L8TX_180221_01_A12	L6_CT_CTX
GACGTGCAGACGCTTT-L8TX_180712_01_B06	L6_CT_CTX
CGAGCACAGGGCATGT-L8TX_180221_01_D09	L6_CT_CTX
CTACACCAGAACAACT-L8TX_190312_01_G02	L6_CT_CTX
ACACCAAGTCGGATCC-L8TX_180221_01_E11	L6_CT_CTX
AACGTTGTCGTTTAGG-L8TX_180607_01_C05	L6_CT_CTX
CAACCTCGTCCGAGTC-L8TX_190312_01_G02	L6_CT_CTX
TAGCCGGGTGGCGAAT-L8TX_180221_01_G09	L6_CT_CTX
CAGCATAAGGCAATTA-L8TX_180406_01_F02	L6_CT_CTX
ATCTACTCACGCTTTC-L8TX_180115_01_E09	L6_CT_CTX
TCTGAGAGTGACAAAT-L8TX_171026_01_H03	L6_CT_CTX
ACGATACCAGCTGCTG-L8TX_180221_01_E10	L6_CT_CTX
GTATTCTAGATATGGT-L8TX_180115_01_G10	L6_CT_CTX
GTGCTTCCATGCCTTC-L8TX_190312_01_A02	L6_CT_CTX
TCAGGATGTTTGACTG-L8TX_171026_01_F04	L6_CT_CTX
AATCCAGAGTGCGATG-L8TX_180712_01_B06	L6_CT_CTX
CGGTTAATCATGTCCC-L8TX_180221_01_G09	L6_CT_CTX
GGACAAGTCACCGGGT-L8TX_181012_01_E05	L6_CT_CTX
TCTTCGGTCGGCCGAT-L8TX_180221_01_E09	L6_CT_CTX
TTGACTTGTTGTGGCC-L8TX_180221_01_D09	L6_CT_CTX
GTCCTCAAGGACGAAA-L8TX_180607_01_C05	L6_CT_CTX
CTCGGGAGTCTCCATC-L8TX_171026_01_C05	L6_CT_CTX
ACTTTCACAAGCGCTC-L8TX_190312_01_H01	L6_CT_CTX
CCCTCCTGTAGATTAG-L8TX_180926_01_C12	L6_CT_CTX
CTACCCAAGGTGCTTT-L8TX_180221_01_G09	L6_CT_CTX
GCGAGAATCGGATGTT-L8TX_190312_01_F02	L6_CT_CTX
TTTCCTCGTCAGCTAT-L8TX_171026_01_G03	L6_CT_CTX
AAAGATGAGAGTACAT-L8TX_181012_01_C05	L6_CT_CTX
GTATTCTTCTGGCGAC-L8TX_171026_01_F03	L6_CT_CTX
TCACAAGGTAGCGTGA-L8TX_171026_01_H05	L6_CT_CTX
GATGCTAAGTCTTGCA-L8TX_171026_01_C05	L6_CT_CTX
CACAAACCACATGGGA-L8TX_181011_01_G02	L6_CT_CTX
TCATTACCAAAGAATC-L8TX_180115_01_B11	L6_CT_CTX
TGCTGCTAGGATGTAT-L8TX_171026_01_H05	L6_CT_CTX
GATCAGTTCCCAGGTG-L8TX_190312_01_B02	L6_CT_CTX
ACACTGAAGTAACCCT-L8TX_180221_01_A12	L6_CT_CTX
AAGACCTCACTCAGGC-L8TX_180115_01_D10	L6_CT_CTX
TACGGTAAGTCAATAG-L8TX_180712_01_E05	L6_CT_CTX
TACTTACTCACATAGC-L8TX_180115_01_B11	L6_CT_CTX
CTGGTCTAGTGCGTGA-L8TX_180115_01_E10	L6_CT_CTX
CGGCTAGTCCTCAACC-L8TX_180926_01_E12	L6_CT_CTX
CGTCCATGTACAAGTA-L8TX_180115_01_C11	L6_CT_CTX
AGGGATGCAAGCTGGA-L8TX_180712_01_G05	L6_CT_CTX
GTCGGGTAGCTAGGCA-L8TX_180926_01_E12	L6_CT_CTX
GAGGTGATCACGATGT-L8TX_180406_01_D01	L6_CT_CTX
AGAATAGAGATGCGAC-L8TX_171026_01_H05	L6_CT_CTX
GATCGCGTCTCGTATT-L8TX_180115_01_H09	L6_CT_CTX
TAAGTGCAGCTGTTCA-L8TX_171026_01_E05	L6_CT_CTX
AGCATACTCTTGAGAC-L8TX_180221_01_C10	L6_CT_CTX
CTCGAGGCAGGTGCCT-L8TX_171120_01_H07	L6_CT_CTX
ATTACTCGTCAGCTAT-L8TX_180221_01_F10	L6_CT_CTX
CGACCTTGTGATAAAC-L8TX_171026_01_B05	L6_CT_CTX
ACGAGCCGTCACCCAG-L8TX_180115_01_C10	L6_CT_CTX
GAATAAGGTGTCGCTG-L8TX_171026_01_H03	L6_CT_CTX
ACATGGTTCGACCAGC-L8TX_180221_01_H12	L6_CT_CTX
CGTTAGATCTTCGGTC-L8TX_180907_01_B12	L6_CT_CTX
AGTGTCATCGTGACAT-L8TX_180115_01_D10	L6_CT_CTX
TTAGTTCTCATAACCG-L8TX_180926_01_B01	L6_CT_CTX
AGCTCTCTCCATGAGT-L8TX_180221_01_A11	L6_CT_CTX
TGTGTTTAGCGTCAAG-L8TX_180221_01_E10	L6_CT_CTX
ATTCTACTCTTGCCGT-L8TX_180907_01_F11	L6_CT_CTX
CCAATCCAGCGTGAGT-L8TX_190312_01_B02	L6_CT_CTX
CAGTCCTGTTGTGGAG-L8TX_180115_01_E11	L6_CT_CTX
GGCTGGTCAGTGGAGT-L8TX_181012_01_E05	L6_CT_CTX
GTAGGCCGTCGGGTCT-L8TX_180221_01_D11	L6_CT_CTX
GGGTTGCTCTGGTATG-L8TX_180115_01_D09	L6_CT_CTX
CCTTCCCAGTGGAGTC-L8TX_171026_01_G04	L6_CT_CTX
TGAAAGAGTCGTTGTA-L8TX_180115_01_C10	L6_CT_CTX
ATCACGACACCGAATT-L8TX_190312_01_H01	L6_CT_CTX
TTGTAGGTCCTCAACC-L8TX_180221_01_F09	L6_CT_CTX
GTACGTACAGCGTCCA-L8TX_180115_01_B11	L6_CT_CTX
TAAGAGATCTCACATT-L8TX_180221_01_D09	L6_CT_CTX
TGCGTGGAGGGCTCTC-L8TX_180829_01_E10	L6_CT_CTX
GCTTGAAGTGTGACGA-L8TX_180406_01_C06	L6_CT_CTX
AACCATGTCGAACTGT-L8TX_180926_01_E01	L6_CT_CTX
GTTCTCGCATCGGACC-L8TX_180115_01_A10	L6_CT_CTX
TGTGGTAGTCGATTGT-L8TX_180115_01_B10	L6_CT_CTX
GCCTCTAAGGCATGTG-L8TX_180115_01_E09	L6_CT_CTX
ACCAGTAGTACCGTAT-L8TX_180115_01_H08	L6_CT_CTX
CACCACTCACCATCCT-L8TX_180221_01_A10	L6_CT_CTX
TGCGTGGCACCAACCG-L8TX_180926_01_D01	L6_CT_CTX
TCGAGGCAGGCAATTA-L8TX_181012_01_E05	L6_CT_CTX
CGTCCATTCCTTGCCA-L8TX_180926_01_E01	L6_CT_CTX
CCTTTCTGTCCGTCAG-L8TX_171026_01_B04	L6_CT_CTX
GGATTACGTAGCGTAG-L8TX_180115_01_G10	L6_CT_CTX
TCAGGTACATGGAATA-L8TX_180221_01_E11	L6_CT_CTX
TATCAGGGTACACCGC-L8TX_180115_01_B09	L6_CT_CTX
GAATAAGGTCGAGTTT-L8TX_180221_01_E11	L6_CT_CTX
CTCAGAATCTGTTGAG-L8TX_180221_01_G10	L6_CT_CTX
TTTGCGCAGTTGTCGT-L8TX_171026_01_F04	L6_CT_CTX
CCTTCCCTCAGCACAT-L8TX_181012_01_H04	L6_CT_CTX
TCGTAGATCTGGCGTG-L8TX_180115_01_H09	L6_CT_CTX
TTTGGTTCAGACAGGT-L8TX_180221_01_E10	L6_CT_CTX
AAATGCCGTAGGCTGA-L8TX_180221_01_D10	L6_CT_CTX
CAGATCAGTTCCGTCT-L8TX_181206_01_A12	L6_CT_CTX
GACGTGCCAAGGACTG-L8TX_180115_01_H11	L6_CT_CTX
TGCGTGGCATGGGACA-L8TX_190312_01_B01	L6_CT_CTX
GGCTCGAGTTGCTCCT-L8TX_180115_01_H11	L6_CT_CTX
GGCTCGAGTTCAGGCC-L8TX_180926_01_F01	L6_CT_CTX
CATGCCTTCGCATGGC-L8TX_171120_01_D07	L6_CT_CTX
CGACTTCTCCGTAGTA-L8TX_180115_01_F09	L6_CT_CTX
GTGAAGGGTCTGATCA-L8TX_180221_01_C09	L6_CT_CTX
TACACGAAGCCAGAAC-L8TX_171026_01_A04	L6_CT_CTX
CTTAGGAAGGCCGAAT-L8TX_171026_01_G03	L6_CT_CTX
GACGTGCCAGGGATTG-L8TX_180926_01_B01	L6_CT_CTX
TGGCCAGAGAGCCCAA-L8TX_180406_01_B06	L6_CT_CTX
GACGCGTTCGGCCGAT-L8TX_180712_01_E05	L6_CT_CTX
GTGTTAGAGGCAGGTT-L8TX_180115_01_A10	L6_CT_CTX
AAGACCTGTGCAGTAG-L8TX_180221_01_D09	L6_CT_CTX
TGATTTCAGCACCGCT-L8TX_180115_01_F11	L6_CT_CTX
GGCGTGTTCTTGCAAG-L8TX_181012_01_E05	L6_CT_CTX
ACTTACTAGCCAGTTT-L8TX_171026_01_E05	L6_CT_CTX
TTTGCGCCACCCTATC-L8TX_180221_01_H09	L6_CT_CTX
TACGGATCAATCTACG-L8TX_180221_01_C12	L6_CT_CTX
TTGGCAACAGTATGCT-L8TX_171026_01_D05	L6_CT_CTX
CAGCTGGCACGGTAAG-L8TX_180712_01_F05	L6_CT_CTX
CCTTCGACAAAGCGGT-L8TX_180221_01_B10	L6_CT_CTX
TGCACCTTCTAGAGTC-L8TX_180221_01_D10	L6_CT_CTX
GGGAGATAGCTCCTCT-L8TX_180221_01_B10	L6_CT_CTX
CAGAGAGAGTACGTTC-L8TX_180221_01_G09	L6_CT_CTX
CAGCTAAGTCTACCTC-L8TX_180115_01_D11	L6_CT_CTX
GGGAGATGTAAACGCG-L8TX_180115_01_F11	L6_CT_CTX
AACGTTGCAATCGAAA-L8TX_180115_01_D09	L6_CT_CTX
CTGTTTATCGACAGCC-L8TX_180115_01_H11	L6_CT_CTX
GATGCTAAGCGATATA-L8TX_180221_01_A12	L6_CT_CTX
GTAACGTCAGTATCTG-L8TX_180907_01_A12	L6_CT_CTX
CACATAGGTTCCATGA-L8TX_181012_01_B05	L6_CT_CTX
GTTACAGAGCCACTAT-L8TX_190312_01_D02	L6_CT_CTX
CCTACCAAGATGCCTT-L8TX_180115_01_G09	L6_CT_CTX
GGTGAAGTCTACCAGA-L8TX_171026_01_G04	L6_CT_CTX
TGACTAGCACAACGCC-L8TX_180926_01_D01	L6_CT_CTX
TGGGAAGAGATCCTGT-L8TX_180406_01_F02	L6_CT_CTX
ACGATGTGTGTGGTTT-L8TX_171026_01_C05	L6_CT_CTX
ACATGGTAGGCGTACA-L8TX_180221_01_F09	L6_CT_CTX
AAGGAGCAGCTAGGCA-L8TX_180712_01_G05	L6_CT_CTX
GAAGCAGAGCGTGAGT-L8TX_180115_01_D09	L6_CT_CTX
ACACCCTCAGCCAATT-L8TX_190312_01_G01	L6_CT_CTX
TTGACTTGTCATTAGC-L8TX_180907_01_B11	L6_CT_CTX
ATTTCTGGTTCACCTC-L8TX_180221_01_C12	L6_CT_CTX
CAGTAACCACATGTGT-L8TX_180221_01_G09	L6_CT_CTX
TGGGCGTAGCAATCTC-L8TX_190312_01_C02	L6_CT_CTX
TTGCCGTCACAGACTT-L8TX_180221_01_D09	L6_CT_CTX
GATGCTAGTGTGGCTC-L8TX_171026_01_A04	L6_CT_CTX
GCTTCCAGTATAGTAG-L8TX_180221_01_C12	L6_CT_CTX
TGTGTTTCATAAAGGT-L8TX_180221_01_D10	L6_CT_CTX
AACACGTTCGGCGCTA-L8TX_171026_01_H03	L6_CT_CTX
GCCTCTACACTGCCAG-L8TX_180907_01_F10	L6_CT_CTX
GTAGTCAAGTCATGCT-L8TX_171120_01_C07	L6_CT_CTX
AGGGATGCAGAGTGTG-L8TX_190312_01_D02	L6_CT_CTX
CTAGAGTCATGAGCGA-L8TX_181011_01_B03	L6_CT_CTX
CATATGGTCGGTCTAA-L8TX_180221_01_D11	L6_CT_CTX
TCTGGAACAACTGGCC-L8TX_181011_01_A03	L6_CT_CTX
TAGAGCTGTTGTGGAG-L8TX_180221_01_F10	L6_CT_CTX
CTTGGCTCATCTATGG-L8TX_180926_01_B01	L6_CT_CTX
CCGTTCAGTGAGTATA-L8TX_180907_01_H11	L6_CT_CTX
TTATGCTCACTGCCAG-L8TX_180115_01_D11	L6_CT_CTX
TGCCCTAAGTGGGTTG-L8TX_180115_01_B10	L6_CT_CTX
TGTATTCCACTAGTAC-L8TX_180221_01_H09	L6_CT_CTX
GGAAAGCTCGCGTAGC-L8TX_171026_01_A04	L6_CT_CTX
CCTAGCTGTGTGACCC-L8TX_180221_01_G09	L6_CT_CTX
GCTGCTTAGAGTAATC-L8TX_180115_01_H10	L6_CT_CTX
CGTTCTGAGAGGGCTT-L8TX_171026_01_H03	L6_CT_CTX
TTGAACGCACATTTCT-L8TX_180221_01_F10	L6_CT_CTX
GGAATAATCAGTGTTG-L8TX_180907_01_F10	L6_CT_CTX
CTCGAAAGTCTGGTCG-L8TX_181011_01_H02	L6_CT_CTX
CTTGGCTAGCTGAACG-L8TX_180221_01_B10	L6_CT_CTX
TCACAAGGTACATCCA-L8TX_180115_01_E09	L6_CT_CTX
AGTGTCATCTGGTTCC-L8TX_190312_01_E01	L6_CT_CTX
CGCGGTACACAGCGTC-L8TX_180221_01_G09	L6_CT_CTX
TTCCCAGTCAAGGTAA-L8TX_180221_01_D09	L6_CT_CTX
AATCGGTGTGTGGCTC-L8TX_180115_01_H09	L6_CT_CTX
GTACTTTTCGGAATCT-L8TX_180115_01_E09	L6_CT_CTX
GCTCCTAGTGCACGAA-L8TX_180907_01_G11	L6_CT_CTX
CTCGAGGTCCGAAGAG-L8TX_171026_01_B04	L6_CT_CTX
GCGAGAACAGTTCATG-L8TX_180115_01_G08	L6_CT_CTX
CCATTCGCAGATTGCT-L8TX_190312_01_C02	L6_CT_CTX
ACTGAACTCCTCATTA-L8TX_180115_01_H11	L6_CT_CTX
AACTCCCAGTGGAGAA-L8TX_180115_01_G11	L6_CT_CTX
ACGGGCTTCACAACGT-L8TX_180406_01_C06	L6_CT_CTX
GACGTGCTCGGTGTCG-L8TX_180221_01_E10	L6_CT_CTX
CGAGAAGAGTTGAGTA-L8TX_180221_01_G10	L6_CT_CTX
ACGGGTCAGTGGTAGC-L8TX_180907_01_F11	L6_CT_CTX
CTACGTCCACGGCCAT-L8TX_180221_01_D11	L6_CT_CTX
CACTCCAAGATGCGAC-L8TX_171026_01_G05	L6_CT_CTX
CAAGAAATCGGTTCGG-L8TX_180221_01_H10	L6_CT_CTX
TACTCATAGAACAATC-L8TX_180907_01_B12	L6_CT_CTX
GTATTCTTCTTAGAGC-L8TX_190312_01_G02	L6_CT_CTX
CACAGGCGTAAACCTC-L8TX_171026_01_F04	L6_CT_CTX
TTAACTCCAGCCTATA-L8TX_190312_01_G02	L6_CT_CTX
GTGTTAGCATATGCTG-L8TX_181012_01_G04	L6_CT_CTX
TTGACTTAGCACCGCT-L8TX_171026_01_E05	L6_CT_CTX
GCACTCTTCCCATTTA-L8TX_180221_01_F10	L6_CT_CTX
ATTACTCCACAACGCC-L8TX_190312_01_C02	L6_CT_CTX
GGGAATGGTGGTCCGT-L8TX_181011_01_B03	L6_CT_CTX
CTACATTTCGGTGTTA-L8TX_171026_01_F04	L6_CT_CTX
CGACCTTTCAGAAATG-L8TX_180115_01_E08	L6_CT_CTX
CAACTAGAGTGTGGCA-L8TX_180221_01_G10	L6_CT_CTX
TAGGCATAGTCGTTTG-L8TX_180907_01_E11	L6_CT_CTX
CATATGGGTTAAAGTG-L8TX_171026_01_A04	L6_CT_CTX
ACATACGAGATCGGGT-L8TX_181012_01_E05	L6_CT_CTX
TCATTACGTCTAGCGC-L8TX_180221_01_A11	L6_CT_CTX
GAAATGATCAGTCCCT-L8TX_180115_01_F10	L6_CT_CTX
CCCAATCCAGCATGAG-L8TX_180115_01_F11	L6_CT_CTX
CGATCGGTCCTATTCA-L8TX_180221_01_F10	L6_CT_CTX
TCAGCAATCACCGTAA-L8TX_171026_01_D05	L6_CT_CTX
AGGTCCGAGTACGATA-L8TX_171026_01_F05	L6_CT_CTX
GGAGCAAAGATATGCA-L8TX_180926_01_B01	L6_CT_CTX
GTCTTCGCACCATGTA-L8TX_180115_01_D08	L6_CT_CTX
GTCGTAAAGAGCTTCT-L8TX_180115_01_G11	L6_CT_CTX
TTGGAACTCTTATCTG-L8TX_171026_01_G03	L6_CT_CTX
AACTTTCTCAAACCGT-L8TX_180221_01_A11	L6_CT_CTX
GGACATTCATTTCAGG-L8TX_181206_01_F12	L6_CT_CTX
AACCGCGTCTCACATT-L8TX_171026_01_B05	L6_CT_CTX
GCGAGAAAGCGTAGTG-L8TX_180115_01_F11	L6_CT_CTX
ATAACGCCATGCTAGT-L8TX_171026_01_B04	L6_CT_CTX
CGTGTCTTCTACCAGA-L8TX_180221_01_D10	L6_CT_CTX
TCAGCTCAGTTGAGAT-L8TX_171026_01_C05	L6_CT_CTX
CACCTTGTCTTGGGTA-L8TX_180221_01_H12	L6_CT_CTX
TCGTAGAGTACTTAGC-L8TX_180406_01_C06	L6_CT_CTX
CGATCGGGTCAGAATA-L8TX_180907_01_E11	L6_CT_CTX
AAGGTTCCAGGATCGA-L8TX_171026_01_G05	L6_CT_CTX
TCGCGAGTCCGGGTGT-L8TX_180221_01_D11	L6_CT_CTX
CGGTTAATCTACTATC-L8TX_181206_01_D12	L6_CT_CTX
TACACGAGTTCGTGAT-L8TX_180907_01_F11	L6_CT_CTX
TTCTACAAGACAATAC-L8TX_171026_01_B04	L6_CT_CTX
TAGACCACACGGTAAG-L8TX_180115_01_D10	L6_CT_CTX
CAGCTGGAGAGACGAA-L8TX_180115_01_A09	L6_CT_CTX
ACAGCCGTCAGTACGT-L8TX_190312_01_G02	L6_CT_CTX
TCTGAGACAAGCCTAT-L8TX_180115_01_E08	L6_CT_CTX
CTGCGGAGTGACTACT-L8TX_180406_01_C06	L6_CT_CTX
CCCTCCTAGCCAACAG-L8TX_180221_01_B12	L6_CT_CTX
TCCACACTCTTTAGGG-L8TX_180504_01_E01	L6_CT_CTX
CTTTGCGTCGTCGTTC-L8TX_180115_01_D08	L6_CT_CTX
TGGACGCGTTGAGGTG-L8TX_181012_01_G04	L6_CT_CTX
GTAGGCCTCGATGAGG-L8TX_180115_01_F09	L6_CT_CTX
GTACGTATCTTACCGC-L8TX_190312_01_B01	L6_CT_CTX
CGAGAAGGTTCGTGAT-L8TX_181011_01_B03	L6_CT_CTX
GGACGTCGTCACAAGG-L8TX_180221_01_G09	L6_CT_CTX
CTGCTGTTCGAGCCCA-L8TX_180115_01_A09	L6_CT_CTX
ACACCGGAGTCGTTTG-L8TX_190312_01_H02	L6_CT_CTX
CAAGTTGGTCAAACTC-L8TX_180406_01_C06	L6_CT_CTX
ATCATGGGTCTCTTTA-L8TX_171026_01_G04	L6_CT_CTX
CTCAGAACATGGTTGT-L8TX_180115_01_D11	L6_CT_CTX
TGCGTGGTCGTACGGC-L8TX_171120_01_H07	L6_CT_CTX
CGTCACTCAAACTGTC-L8TX_190312_01_G01	L6_CT_CTX
TACGGATGTTGAGGTG-L8TX_180221_01_B10	L6_CT_CTX
TAGAGCTTCATGCAAC-L8TX_180221_01_G10	L6_CT_CTX
TCTATTGCATCGGACC-L8TX_180907_01_B11	L6_CT_CTX
GGGTTGCAGATAGGAG-L8TX_171026_01_E05	L6_CT_CTX
ACTATCTTCTACTATC-L8TX_180221_01_H10	L6_CT_CTX
ATCACGAGTGAAAGAG-L8TX_180115_01_H11	L6_CT_CTX
GCTTCCATCATGTCCC-L8TX_181206_01_H11	L6_CT_CTX
GCTGCAGCACATTAGC-L8TX_180221_01_C10	L6_CT_CTX
CTTCTCTTCTCGCATC-L8TX_180115_01_G11	L6_CT_CTX
AATCGGTAGCGTCTAT-L8TX_180712_01_G05	L6_CT_CTX
GGGAGATTCACTCTTA-L8TX_180926_01_E12	L6_CT_CTX
TCTGGAACAGTGAGTG-L8TX_171026_01_H03	L6_CT_CTX
TAGACCAGTATCAGTC-L8TX_171026_01_F03	L6_CT_CTX
TTTACTGCATTAGCCA-L8TX_180115_01_E09	L6_CT_CTX
AGATCTGAGCAGCCTC-L8TX_180829_01_D09	L6_CT_CTX
CACCACTGTCGCCATG-L8TX_171026_01_F03	L6_CT_CTX
GCAGCCAGTCTCTTTA-L8TX_190312_01_D01	L6_CT_CTX
CACAGGCTCGCCTGTT-L8TX_180829_01_D10	L6_CT_CTX
GTATCTTGTCAGAGGT-L8TX_180221_01_F09	L6_CT_CTX
CACAGGCAGAGGACGG-L8TX_180115_01_G10	L6_CT_CTX
GGGAATGGTTCAGCGC-L8TX_180115_01_C08	L6_CT_CTX
AAATGCCAGGCCATAG-L8TX_180221_01_E10	L6_CT_CTX
AGTCTTTTCTGCTGCT-L8TX_180115_01_H09	L6_CT_CTX
TGAAAGAGTCTGCGGT-L8TX_180926_01_B01	L6_CT_CTX
GGCGACTAGGCAGTCA-L8TX_171026_01_H03	L6_CT_CTX
CTAATGGCAGGTCCAC-L8TX_171026_01_G04	L6_CT_CTX
ACTGAGTCACGCATCG-L8TX_190312_01_E02	L6_CT_CTX
GTAGTCATCAGCAACT-L8TX_181206_01_A12	L6_CT_CTX
CTGTTTATCGTAGGAG-L8TX_180115_01_G10	L6_CT_CTX
GTAGTCAAGGTGATAT-L8TX_181206_01_H11	L6_CT_CTX
ATGCGATTCTGACCTC-L8TX_180907_01_B12	L6_CT_CTX
GGGCATCGTCGCCATG-L8TX_180907_01_B11	L6_CT_CTX
AACACGTCAAGCTGGA-L8TX_180829_01_D10	L6_CT_CTX
GATCAGTAGACCGGAT-L8TX_171026_01_F03	L6_CT_CTX
AGCTCTCTCCGCAAGC-L8TX_171026_01_A05	L6_CT_CTX
CCTTACGAGTGGCACA-L8TX_171120_01_D07	L6_CT_CTX
ACATCAGTCCAGTAGT-L8TX_181206_01_B12	L6_CT_CTX
TAGTGGTAGTTAGCGG-L8TX_180907_01_G11	L6_CT_CTX
CCTTACGTCACATGCA-L8TX_171026_01_H03	L6_CT_CTX
TGGACGCGTGTGAATA-L8TX_171026_01_E05	L6_CT_CTX
ATTACTCTCCAGATCA-L8TX_181011_01_H02	L6_CT_CTX
TGGTTAGTCTGGCGAC-L8TX_180907_01_A12	L6_CT_CTX
TTCTTAGTCTGCTGCT-L8TX_180221_01_E10	L6_CT_CTX
CCTAGCTTCCTCAATT-L8TX_181012_01_E05	L6_CT_CTX
GTTCGGGCAAGCTGGA-L8TX_180907_01_B11	L6_CT_CTX
CGGACGTTCTTGAGGT-L8TX_200611_02_A05	L6_CT_CTX
ACCGTAACATCAGTAC-L8TX_180406_01_C06	L6_CT_CTX
ACTGAGTTCTTGTTTG-L8TX_180115_01_A10	L6_CT_CTX
GTGCAGCTCATTGCCC-L8TX_180926_01_D01	L6_CT_CTX
TCAGCTCGTAAACCTC-L8TX_180221_01_E09	L6_CT_CTX
TTAACTCTCTAAGCCA-L8TX_190312_01_H01	L6_CT_CTX
CTGTTTAGTCCCTTGT-L8TX_181011_01_B03	L6_CT_CTX
TACGGATAGATGGCGT-L8TX_181206_01_F12	L6_CT_CTX
AACTCAGCACTAGTAC-L8TX_180221_01_A10	L6_CT_CTX
TCATTTGCAGCTGGCT-L8TX_180221_01_E09	L6_CT_CTX
TTGAACGAGGCACATG-L8TX_180115_01_F10	L6_CT_CTX
ACGGGCTGTTCGCTAA-L8TX_180907_01_E11	L6_CT_CTX
CTTAACTAGTGTGGCA-L8TX_180115_01_D09	L6_CT_CTX
CTAGAGTTCTACTATC-L8TX_180221_01_H09	L6_CT_CTX
GTGGGTCGTAGCTCCG-L8TX_180221_01_E10	L6_CT_CTX
GGACATTAGAGGGATA-L8TX_180907_01_G11	L6_CT_CTX
CTCACACCAGCTCGAC-L8TX_200611_02_A05	L6_CT_CTX
TCAGGATTCTTCGGTC-L8TX_180221_01_D09	L6_CT_CTX
CATATGGGTCCAGTTA-L8TX_180115_01_H10	L6_CT_CTX
TGCTGCTGTTATTCTC-L8TX_180115_01_G08	L6_CT_CTX
ATTACTCTCACCTTAT-L8TX_171026_01_F03	L6_CT_CTX
TTCTTAGGTCAAACTC-L8TX_180907_01_B12	L6_CT_CTX
CTAAGACGTACTCAAC-L8TX_180115_01_E08	L6_CT_CTX
ACATACGTCCTTTCTC-L8TX_171026_01_H03	L6_CT_CTX
CGATCGGCATGCTAGT-L8TX_171026_01_B04	L6_CT_CTX
TATGCCCGTTACGCGC-L8TX_190312_01_D01	L6_CT_CTX
ATTCTACCAATGCCAT-L8TX_190312_01_D02	L6_CT_CTX
GATTCAGTCCCGGATG-L8TX_171026_01_A04	L6_CT_CTX
AGCCTAAGTGCACCAC-L8TX_190312_01_A02	L6_CT_CTX
ACGCCAGGTCTGCAAT-L8TX_180115_01_H11	L6_CT_CTX
GGATTACCAAGGACAC-L8TX_180221_01_D10	L6_CT_CTX
GAGGTGATCCGTTGCT-L8TX_180712_01_H05	L6_CT_CTX
GGTATTGAGCGAAGGG-L8TX_171026_01_F04	L6_CT_CTX
CGTGAGCGTCATATGC-L8TX_171026_01_H05	L6_CT_CTX
TACGGGCTCTACCTGC-L8TX_181011_01_G02	L6_CT_CTX
CGGGTCAGTAATAGCA-L8TX_180221_01_E11	L6_CT_CTX
ACCTTTAAGCCACGCT-L8TX_171026_01_F04	L6_CT_CTX
CCACTACTCTTTACAC-L8TX_171026_01_A04	L6_CT_CTX
TAAGCGTCAAGCTGAG-L8TX_180115_01_D09	L6_CT_CTX
AGCAGCCAGGATGTAT-L8TX_180115_01_C11	L6_CT_CTX
TGCCAAATCACTCCTG-L8TX_180907_01_F11	L6_CT_CTX
TTCTTAGTCATATCGG-L8TX_190312_01_C01	L6_CT_CTX
ACCGTAACATTCACTT-L8TX_180115_01_E11	L6_CT_CTX
CTTACCGGTTCAGTAC-L8TX_180115_01_D11	L6_CT_CTX
CGCTGGACAGGGAGAG-L8TX_180221_01_A12	L6_CT_CTX
CCTACCAGTGAGCGAT-L8TX_180115_01_B11	L6_CT_CTX
GTTCGGGCACCTCGGA-L8TX_171120_01_D07	L6_CT_CTX
AGACGTTAGACTTGAA-L8TX_171120_01_G07	L6_CT_CTX
CGAGCCAGTCGGCACT-L8TX_180115_01_A11	L6_CT_CTX
GACGGCTAGTCGCCGT-L8TX_180115_01_G08	L6_CT_CTX
TTGACTTAGGCATGTG-L8TX_180115_01_C09	L6_CT_CTX
TAAACCGAGATGCCTT-L8TX_180221_01_E09	L6_CT_CTX
GTGTGCGCAATCCGAT-L8TX_180221_01_E10	L6_CT_CTX
GGTGCGTTCATGTCCC-L8TX_180221_01_A10	L6_CT_CTX
CTCCTAGTCACAACGT-L8TX_181011_01_A03	L6_CT_CTX
CCGGGATAGTATGACA-L8TX_171120_01_E07	L6_CT_CTX
AAGGCAGCATATGAGA-L8TX_180221_01_D09	L6_CT_CTX
CGGCTAGTCTAACGGT-L8TX_180907_01_F11	L6_CT_CTX
GTGTGCGCACCGATAT-L8TX_180907_01_G11	L6_CT_CTX
GTCACGGCAGCCTTTC-L8TX_171026_01_B04	L6_CT_CTX
CTAAGACCACCGGAAA-L8TX_180829_01_D10	L6_CT_CTX
GCATGCGGTAGAGTGC-L8TX_180907_01_F11	L6_CT_CTX
GTGCGGTAGACTTTCG-L8TX_171026_01_B05	L6_CT_CTX
TTCCCAGGTATCGCAT-L8TX_171026_01_D05	L6_CT_CTX
GAAATGAAGCTTATCG-L8TX_180221_01_C09	L6_CT_CTX
ACATACGCATTCCTCG-L8TX_180115_01_A11	L6_CT_CTX
TGTCCCAAGGATGGTC-L8TX_180221_01_H11	L6_CT_CTX
TTGGCAATCAATAAGG-L8TX_180221_01_H09	L6_CT_CTX
GGACAGATCAGCTTAG-L8TX_181206_01_F12	L6_CT_CTX
TTTATGCAGAAGCCCA-L8TX_180907_01_A12	L6_CT_CTX
GCGCGATAGGTGCTAG-L8TX_190312_01_B02	L6_CT_CTX
CTCAGAATCCCAGGTG-L8TX_180221_01_A12	L6_CT_CTX
CTCACACGTTCCGTCT-L8TX_180221_01_E09	L6_CT_CTX
CGATTGAGTCGATTGT-L8TX_180115_01_F10	L6_CT_CTX
CACCACTAGTACTTGC-L8TX_180115_01_D11	L6_CT_CTX
GGACAGATCGCACTCT-L8TX_180926_01_E01	L6_CT_CTX
CAGCTAATCCTGTACC-L8TX_180115_01_B09	L6_CT_CTX
CAACCAAAGTCCATAC-L8TX_180221_01_E10	L6_CT_CTX
GGCTCGAAGTCGTACT-L8TX_180221_01_C10	L6_CT_CTX
TCAGGATCATACTACG-L8TX_180221_01_C11	L6_CT_CTX
GGAAAGCTCAGGCCCA-L8TX_171120_01_D07	L6_CT_CTX
TCGGTAAGTACATGTC-L8TX_180221_01_B11	L6_CT_CTX
ACGTCAAGTAGTACCT-L8TX_180221_01_C12	L6_CT_CTX
CATTCGCCACATGGGA-L8TX_180221_01_F10	L6_CT_CTX
GTCACAAAGCACGCCT-L8TX_171026_01_H03	L6_CT_CTX
TGGTTAGCAAGCCTAT-L8TX_180115_01_H10	L6_CT_CTX
GAATGAAAGCTGCAAG-L8TX_180406_01_C06	L6_CT_CTX
TTCTCAACAAGACACG-L8TX_171026_01_B05	L6_CT_CTX
TGAGCATGTGCGATAG-L8TX_180221_01_A11	L6_CT_CTX
GGATGTTTCCGCAGTG-L8TX_180221_01_C11	L6_CT_CTX
CACATAGAGGGTTCCC-L8TX_180221_01_A10	L6_CT_CTX
TGTGTTTGTAGGGTAC-L8TX_180406_01_F02	L6_CT_CTX
AACCGCGGTGACGGTA-L8TX_180221_01_D10	L6_CT_CTX
CGTCTACGTGCAACTT-L8TX_171026_01_D05	L6_CT_CTX
AGGCCGTTCATGTAGC-L8TX_171026_01_H03	L6_CT_CTX
TGGGAAGAGAAGGTGA-L8TX_180115_01_F10	L6_CT_CTX
ATGAGGGAGTGGAGAA-L8TX_180115_01_A10	L6_CT_CTX
GCCAAATAGGTGATAT-L8TX_180115_01_H09	L6_CT_CTX
AAGGTTCTCGCCCTTA-L8TX_180221_01_A10	L6_CT_CTX
TTTGTCATCACTTATC-L8TX_180115_01_H11	L6_CT_CTX
TCAGGATGTCGACTAT-L8TX_180926_01_B01	L6_CT_CTX
ACGCCGAAGCTAGTGG-L8TX_171026_01_D05	L6_CT_CTX
CAAGATCTCATGGTCA-L8TX_171026_01_F05	L6_CT_CTX
ACCTTTACATGTCGAT-L8TX_180221_01_D10	L6_CT_CTX
CACATTTTCGTGACAT-L8TX_181011_01_C03	L6_CT_CTX
CGTTGGGAGATGGCGT-L8TX_171026_01_E05	L6_CT_CTX
CACAGGCAGTGTTTGC-L8TX_180221_01_C12	L6_CT_CTX
AGCTTGAGTCTAAAGA-L8TX_180926_01_D01	L6_CT_CTX
GTCAAGTGTCTGGTCG-L8TX_171026_01_B05	L6_CT_CTX
GCAGCCAGTTCAGGCC-L8TX_180221_01_F10	L6_CT_CTX
CGCGTTTAGCCGTCGT-L8TX_180712_01_F05	L6_CT_CTX
AAGTCTGTCCTTTCGG-L8TX_171026_01_G04	L6_CT_CTX
AGATTGCGTTGAGTTC-L8TX_181011_01_A03	L6_CT_CTX
TGGTTAGGTGATGCCC-L8TX_171026_01_H03	L6_CT_CTX
CTCAGAAGTTCAACCA-L8TX_180504_01_E01	L6_CT_CTX
GAGTCCGAGAATGTTG-L8TX_190312_01_G02	L6_CT_CTX
ATCCGAACACCAGGTC-L8TX_190312_01_C01	L6_CT_CTX
TTGAACGTCCTAGAAC-L8TX_180221_01_F10	L6_CT_CTX
GTAACGTGTAAGGATT-L8TX_180115_01_B11	L6_CT_CTX
TGTTCCGGTTTCCACC-L8TX_180221_01_C12	L6_CT_CTX
ATCACGACACCATGTA-L8TX_180221_01_F09	L6_CT_CTX
CGGACGTCAGACAAGC-L8TX_190312_01_D02	L6_CT_CTX
ATTGGTGGTGTGACGA-L8TX_171026_01_G03	L6_CT_CTX
TTCCCAGGTTACAGAA-L8TX_180221_01_F10	L6_CT_CTX
TGCGTGGAGCTGCAAG-L8TX_180221_01_A11	L6_CT_CTX
GGAAAGCCAGGGTACA-L8TX_180115_01_G10	L6_CT_CTX
TTCTTAGTCAGTCCCT-L8TX_180115_01_E08	L6_CT_CTX
CGCTGGAAGTTATCGC-L8TX_180221_01_G09	L6_CT_CTX
CCGGTAGAGTCGAGTG-L8TX_171026_01_B04	L6_CT_CTX
CCTTCGACAGTCAGCC-L8TX_180221_01_E10	L6_CT_CTX
GTCTCGTCATCCTTGC-L8TX_190312_01_B02	L6_CT_CTX
CCCAGTTTCCTAGTGA-L8TX_180221_01_D10	L6_CT_CTX
GTATTCTGTAATCACC-L8TX_180926_01_B01	L6_CT_CTX
TTCTACATCCGCAAGC-L8TX_171026_01_B05	L6_CT_CTX
TAGAGCTTCGGATGTT-L8TX_180712_01_H05	L6_CT_CTX
CCGTACTAGTGTACCT-L8TX_171026_01_D05	L6_CT_CTX
TTATGCTTCCTCGCAT-L8TX_171026_01_D05	L6_CT_CTX
ATTACTCTCGTTTATC-L8TX_181206_01_D12	L6_CT_CTX
CTCCTAGGTAACGACG-L8TX_181011_01_C04	L6_CT_CTX
AACCGCGTCCAGAAGG-L8TX_180221_01_C11	L6_CT_CTX
CGAATGTGTACCAGTT-L8TX_180406_01_C06	L6_CT_CTX
GTAGGCCTCTGTCTAT-L8TX_180115_01_H11	L6_CT_CTX
TACAGTGGTCATCGGC-L8TX_180926_01_E12	L6_CT_CTX
AGCATACGTGATAAGT-L8TX_180221_01_G10	L6_CT_CTX
CAAGAAATCGTTGACA-L8TX_190312_01_F02	L6_CT_CTX
TCACAAGGTGAAATCA-L8TX_180115_01_G11	L6_CT_CTX
CGAGCCAGTCAGAATA-L8TX_180406_01_C06	L6_CT_CTX
ACGCAGCTCGCTTAGA-L8TX_180115_01_G08	L6_CT_CTX
TTGGAACGTTCTGTTT-L8TX_180926_01_E12	L6_CT_CTX
AGAGCGAGTAACGACG-L8TX_171026_01_D05	L6_CT_CTX
ACGAGCCAGCTAGTGG-L8TX_171026_01_G03	L6_CT_CTX
AGAGCGATCTGGAGCC-L8TX_180221_01_D09	L6_CT_CTX
CTGCGGATCTCTGCTG-L8TX_181011_01_C04	L6_CT_CTX
TGCGGGTAGCACGCCT-L8TX_190312_01_A02	L6_CT_CTX
GCAGTTATCCGTTGCT-L8TX_180221_01_A12	L6_CT_CTX
GATGAGGCATCATCCC-L8TX_180115_01_G11	L6_CT_CTX
TTTATGCGTATTCGTG-L8TX_171026_01_E05	L6_CT_CTX
CGTCTACGTACGCTGC-L8TX_180221_01_E10	L6_CT_CTX
AGTGAGGCAAGGCTCC-L8TX_171026_01_H04	L6_CT_CTX
TCAGATGTCCTCAACC-L8TX_171026_01_F05	L6_CT_CTX
CGATCGGGTACTCAAC-L8TX_180221_01_H11	L6_CT_CTX
CAGCTAAGTAGCTCCG-L8TX_171026_01_G05	L6_CT_CTX
GGAACTTCAAAGTGCG-L8TX_180712_01_E05	L6_CT_CTX
CGAATGTGTCGTTGTA-L8TX_180406_01_C06	L6_CT_CTX
GACGTGCAGCAGCCTC-L8TX_181012_01_H04	L6_CT_CTX
TTATGCTGTAGCTGCC-L8TX_180115_01_H10	L6_CT_CTX
CGGACTGTCGCCTGTT-L8TX_180221_01_E10	L6_CT_CTX
ACGAGCCTCACCGGGT-L8TX_171026_01_H03	L6_CT_CTX
CTACATTAGCAGATCG-L8TX_171026_01_F03	L6_CT_CTX
TCGTACCAGTGTGAAT-L8TX_171026_01_H03	L6_CT_CTX
AAAGCAACAAGTAATG-L8TX_180221_01_C09	L6_CT_CTX
AACCATGGTACCAGTT-L8TX_180115_01_H09	L6_CT_CTX
AACCATGAGATGTCGG-L8TX_180907_01_B12	L6_CT_CTX
CCTACCAGTCTTTCAT-L8TX_180907_01_H11	L6_CT_CTX
CCTTCCCTCACATAGC-L8TX_180115_01_C11	L6_CT_CTX
CATGCCTAGGTAGCCA-L8TX_180406_01_C06	L6_CT_CTX
GTCTTCGAGGCTACGA-L8TX_180221_01_C10	L6_CT_CTX
GGCCGATCACTAGTAC-L8TX_180406_01_F02	L6_CT_CTX
CTCACACCACAGTCGC-L8TX_180221_01_C11	L6_CT_CTX
ACATACGCATCGGAAG-L8TX_171026_01_E05	L6_CT_CTX
GTTAAGCAGCGCCTTG-L8TX_171026_01_C05	L6_CT_CTX
GTGGGTCTCATCTGCC-L8TX_180221_01_G09	L6_CT_CTX
AGTAGTCAGTCGCCGT-L8TX_171026_01_F03	L6_CT_CTX
ATTTCTGTCGCTTAGA-L8TX_171026_01_F05	L6_CT_CTX
TATTACCTCACATACG-L8TX_180115_01_B10	L6_CT_CTX
CAGCAGCGTACCGTAT-L8TX_180115_01_H08	L6_CT_CTX
TGCCCTACACGTCTCT-L8TX_171026_01_F04	L6_CT_CTX
GAATAAGGTAATCGTC-L8TX_180907_01_H11	L6_CT_CTX
GCAGCCAGTCTCTCGT-L8TX_180115_01_H10	L6_CT_CTX
TCATTACTCCTTTCTC-L8TX_180221_01_B11	L6_CT_CTX
CAAGGCCAGGGTGTTG-L8TX_171026_01_H04	L6_CT_CTX
TACCTTACATACGCCG-L8TX_171026_01_B04	L6_CT_CTX
CAGGTGCCAAGAAAGG-L8TX_180221_01_H12	L6_CT_CTX
CTACCCAAGACAAGCC-L8TX_180115_01_E08	L6_CT_CTX
TTCTCCTTCTACGAGT-L8TX_190312_01_D01	L6_CT_CTX
ATGGGAGTCATCATTC-L8TX_171026_01_G04	L6_CT_CTX
AACTCAGTCTTACCGC-L8TX_181206_01_F12	L6_CT_CTX
TAGACCACAGCGTTCG-L8TX_190312_01_E01	L6_CT_CTX
GGATTACCAATAGAGT-L8TX_171026_01_D05	L6_CT_CTX
AAATGCCGTAAGCACG-L8TX_181012_01_B05	L6_CT_CTX
CAGTCCTAGTCTCCTC-L8TX_180221_01_D10	L6_CT_CTX
CTGCGGAAGCTAACTC-L8TX_180221_01_C09	L6_CT_CTX
GCAGCCAAGGAATTAC-L8TX_180712_01_E05	L6_CT_CTX
CTCGAGGCACCGAATT-L8TX_171026_01_E05	L6_CT_CTX
GGGTCTGGTACCATCA-L8TX_180406_01_F02	L6_CT_CTX
TTAGTTCGTCTCCCTA-L8TX_180926_01_F01	L6_CT_CTX
TAGTTGGAGCATGGCA-L8TX_180907_01_H11	L6_CT_CTX
ATCATGGCAAGTTAAG-L8TX_180115_01_B09	L6_CT_CTX
GTGAAGGGTTCTCATT-L8TX_180115_01_E10	L6_CT_CTX
CGCTATCTCTTCCTTC-L8TX_180221_01_D09	L6_CT_CTX
CCTACCAAGGTTACCT-L8TX_180115_01_A10	L6_CT_CTX
AGTCTTTTCTGCGACG-L8TX_180221_01_F10	L6_CT_CTX
GAAGCAGAGTCTCAAC-L8TX_180221_01_D10	L6_CT_CTX
TAGTGGTGTGTTTGTG-L8TX_180115_01_F10	L6_CT_CTX
CTTAGGAAGATGCGAC-L8TX_180221_01_H10	L6_CT_CTX
GCTTCCAGTTGGGACA-L8TX_180907_01_F10	L6_CT_CTX
CGGACTGCAGTAGAGC-L8TX_171026_01_H05	L6_CT_CTX
GACCTGGCACGGTAAG-L8TX_171026_01_H03	L6_CT_CTX
CATCAAGTCATGTCCC-L8TX_180115_01_E11	L6_CT_CTX
CTGATCCAGACAGGCT-L8TX_180115_01_H08	L6_CT_CTX
ATCATCTCAGCTATTG-L8TX_180115_01_E08	L6_CT_CTX
ACCTTTATCTGGCGAC-L8TX_180221_01_H09	L6_CT_CTX
AGATCTGAGGGCATGT-L8TX_180221_01_D09	L6_CT_CTX
CCCAATCCACGCGAAA-L8TX_180115_01_D11	L6_CT_CTX
CTCGTACCAATCAGAA-L8TX_190312_01_B02	L6_CT_CTX
CGGCTAGTCGTTGACA-L8TX_180115_01_G10	L6_CT_CTX
AGGTCCGGTACACCGC-L8TX_181011_01_H03	L6_CT_CTX
TTTGCGCCACGTTGGC-L8TX_190312_01_E01	L6_CT_CTX
ACACCAACAGTCCTTC-L8TX_190312_01_C02	L6_CT_CTX
CAGATCACAGCTCCGA-L8TX_180115_01_D10	L6_CT_CTX
TAAGAGAAGACACTAA-L8TX_180907_01_B11	L6_CT_CTX
TGCTGCTCATGGGAAC-L8TX_180907_01_G10	L6_CT_CTX
GCACTCTTCCCTCAGT-L8TX_190312_01_B01	L6_CT_CTX
GGAACTTCAGCCACCA-L8TX_180221_01_C10	L6_CT_CTX
CACCAGGGTGAGGGTT-L8TX_180221_01_G09	L6_CT_CTX
CACCAGGAGCTAGGCA-L8TX_180221_01_H11	L6_CT_CTX
AAGTCTGTCACGAAGG-L8TX_180504_01_E01	L6_CT_CTX
CCTAAAGTCACGCGGT-L8TX_180221_01_B10	L6_CT_CTX
GAACCTATCTGTCCGT-L8TX_180221_01_D11	L6_CT_CTX
CCACTACTCCCTGACT-L8TX_171120_01_E07	L6_CT_CTX
GGAAAGCGTATGAATG-L8TX_180406_01_C06	L6_CT_CTX
GGCGACTTCCACGCAG-L8TX_171026_01_H04	L6_CT_CTX
TCTGGAATCTGATACG-L8TX_180221_01_E10	L6_CT_CTX
CCAATCCTCTGCTGCT-L8TX_180221_01_A11	L5_6_NP_CTX
ATGAGGGGTTCAGTAC-L8TX_180712_01_G05	L5_6_NP_CTX
CGAGCCATCCTTCAAT-L8TX_171026_01_G04	L5_6_NP_CTX
TCAACGAAGCCAACAG-L8TX_180926_01_B01	L5_6_NP_CTX
GCACTCTAGCTGCGAA-L8TX_180221_01_G11	L5_6_NP_CTX
GAGGTGACAGGGAGAG-L8TX_190312_01_D02	L5_6_NP_CTX
TATGCCCAGAGTACAT-L8TX_171026_01_G05	L5_6_NP_CTX
ACGCCAGGTTCTGTTT-L8TX_171026_01_G03	L5_6_NP_CTX
GGGACCTCATTAGGCT-L8TX_180221_01_F10	L5_6_NP_CTX
GATCAGTAGAACAATC-L8TX_181206_01_F12	L5_6_NP_CTX
CCCTCCTGTTCCCTTG-L8TX_181011_01_A03	L5_6_NP_CTX
TTCCCAGAGCCACCTG-L8TX_180115_01_E11	L5_6_NP_CTX
GACCTGGTCTTGGGTA-L8TX_180712_01_C06	L5_6_NP_CTX
TGGGCGTCACATTTCT-L8TX_180115_01_G10	L5_6_NP_CTX
ACGATGTTCCTAGAAC-L8TX_180115_01_A11	L5_6_NP_CTX
GCATGATGTTCGAATC-L8TX_180115_01_F09	L5_6_NP_CTX
GCTGCTTGTATTACCG-L8TX_190312_01_F02	L5_6_NP_CTX
TGAGGGAGTCGGCATC-L8TX_180221_01_A10	L5_6_NP_CTX
AAACGGGGTCCTAGCG-L8TX_180907_01_A12	L5_6_NP_CTX
CCTTCGAAGTGCAAGC-L8TX_181206_01_C12	L5_6_NP_CTX
GAACATCTCAGCTTAG-L8TX_180712_01_G05	L5_6_NP_CTX
TGACGGCAGAAGCCCA-L8TX_171120_01_C07	L5_6_NP_CTX
ACAGCCGGTTCCACAA-L8TX_190312_01_F02	L5_6_NP_CTX
CTCGGGATCTTATCTG-L8TX_180115_01_C11	L5_6_NP_CTX
GTCTCGTAGTGTTTGC-L8TX_171026_01_H04	L5_6_NP_CTX
ATCTACTCACTGAAGG-L8TX_180712_01_G05	L5_6_NP_CTX
CACATTTCAGTACACT-L8TX_181012_01_B05	L5_6_NP_CTX
AATCGGTCATCAGTCA-L8TX_180907_01_G11	L5_6_NP_CTX
TAGTTGGGTGCTCTTC-L8TX_180221_01_H10	L5_6_NP_CTX
CTAACTTGTTCCACGG-L8TX_180221_01_A12	L5_6_NP_CTX
CACAGTAAGATCACGG-L8TX_181206_01_D12	L5_6_NP_CTX
CTACACCTCGCTAGCG-L8TX_180712_01_A06	L5_6_NP_CTX
TCCACACAGTCGTACT-L8TX_180221_01_D10	L5_6_NP_CTX
AGGGTGAGTTAAAGAC-L8TX_180221_01_A10	L5_6_NP_CTX
TGTGTTTCACGAAGCA-L8TX_181011_01_H02	L5_6_NP_CTX
CTCGGGAGTGCACCAC-L8TX_180221_01_B10	L5_6_NP_CTX
CAGCCGACATGCCTTC-L8TX_180221_01_B11	L5_6_NP_CTX
AGCGGTCGTAGCGCTC-L8TX_180221_01_H12	L5_6_NP_CTX
CACACAATCGAGAGCA-L8TX_180221_01_E09	L5_6_NP_CTX
GACTAACGTGCAGTAG-L8TX_181206_01_E12	L5_6_NP_CTX
CAACTAGAGGTGTTAA-L8TX_180115_01_D11	L5_6_NP_CTX
CTCACACTCGAGCCCA-L8TX_181206_01_B12	L5_6_NP_CTX
CCCATACTCTGCTGTC-L8TX_190312_01_D01	L5_6_NP_CTX
CGTCTACAGACAGGCT-L8TX_180221_01_C10	L5_6_NP_CTX
CGTGTAACAAACAACA-L8TX_181011_01_H03	L5_6_NP_CTX
CCGTACTTCCATGAGT-L8TX_180221_01_B11	L5_6_NP_CTX
CTGATAGGTCTGCAAT-L8TX_171026_01_H03	L5_6_NP_CTX
GGCGTGTGTGGCAAAC-L8TX_180406_01_F02	L5_6_NP_CTX
TGCCCTACATCGGACC-L8TX_181011_01_A03	L5_6_NP_CTX
GGCCGATTCCCTCAGT-L8TX_180115_01_F11	L5_6_NP_CTX
GTTAAGCAGGTGTGGT-L8TX_180221_01_C09	L5_6_NP_CTX
ACGATGTCACACCGCA-L8TX_180115_01_F09	L5_6_NP_CTX
ATCTGCCGTAGCGCTC-L8TX_180221_01_D10	L5_6_NP_CTX
TGGTTAGAGTCCGTAT-L8TX_171026_01_E05	L5_6_NP_CTX
CTCTGGTTCTGAGGGA-L8TX_180926_01_E01	L5_6_NP_CTX
TCCACACTCTACTTAC-L8TX_190312_01_G01	L5_6_NP_CTX
CTAAGACCATCTCCCA-L8TX_181011_01_C04	L5_6_NP_CTX
CTAATGGCACAAGTAA-L8TX_180115_01_F11	L5_6_NP_CTX
GTATCTTGTAATCACC-L8TX_180907_01_G10	L5_6_NP_CTX
TATTACCAGCTGAAAT-L8TX_171120_01_D07	L5_6_NP_CTX
ACATCAGGTCCTCTTG-L8TX_181011_01_C04	L5_6_NP_CTX
AGCTCTCTCTTGCATT-L8TX_180221_01_B10	L5_6_NP_CTX
GGACAGAAGGCACATG-L8TX_171120_01_E07	L5_6_NP_CTX
CATCGAAGTCTACCTC-L8TX_180221_01_D09	L5_6_NP_CTX
CCCATACAGAAGCCCA-L8TX_171120_01_G07	L5_6_NP_CTX
AGCCTAAGTCCGAGTC-L8TX_180115_01_F10	L5_6_NP_CTX
TAAGCGTGTAGTGAAT-L8TX_171120_01_H07	L5_6_NP_CTX
GTCCTCAGTTCTGGTA-L8TX_180829_01_D09	L5_6_NP_CTX
ACCAGTATCCGAACGC-L8TX_171026_01_H05	L5_6_NP_CTX
GCGCGATGTGCCTGTG-L8TX_180221_01_G09	L5_6_NP_CTX
TTTGCGCCAGCTGGCT-L8TX_180115_01_D11	L5_6_NP_CTX
AGCGTCGAGGCCATAG-L8TX_180712_01_G05	L5_6_NP_CTX
CTACCCAGTTGGTGGA-L8TX_180115_01_F09	L5_6_NP_CTX
AGGGAGTAGTGTGAAT-L8TX_181206_01_A12	L5_6_NP_CTX
TCCCGATCATAGACTC-L8TX_180221_01_B11	L5_6_NP_CTX
TTCTCAACAGTGGAGT-L8TX_171026_01_E05	L5_6_NP_CTX
TGGCTGGTCGCCTGTT-L8TX_180926_01_B01	L5_6_NP_CTX
GGGAATGCAAGGTTCT-L8TX_180115_01_G08	L5_6_NP_CTX
AACTCTTGTATTACCG-L8TX_180221_01_G11	L5_6_NP_CTX
GGGAGATGTTCCTCCA-L8TX_180406_01_F02	L5_6_NP_CTX
CGAATGTCATAACCTG-L8TX_180221_01_E10	L5_6_NP_CTX
GTTCGGGGTCGCTTCT-L8TX_171120_01_D07	L5_6_NP_CTX
TGAGCCGCAGCGAACA-L8TX_180115_01_A10	L5_6_NP_CTX
ACGCAGCGTCAACATC-L8TX_180221_01_D11	L5_6_NP_CTX
ACTGAACCAGCTGTAT-L8TX_171026_01_G04	L5_6_NP_CTX
CTTGGCTGTACCGGCT-L8TX_180926_01_B01	L5_6_NP_CTX
GACTGCGTCTAACGGT-L8TX_180115_01_E11	L5_6_NP_CTX
TTTCCTCAGTCCAGGA-L8TX_190312_01_H02	L5_6_NP_CTX
AGATCTGCACCGGAAA-L8TX_180221_01_H11	L5_6_NP_CTX
GGGCATCCACGCCAGT-L8TX_180221_01_E10	L5_6_NP_CTX
TGCGTGGGTCAGGACA-L8TX_171026_01_H03	L5_6_NP_CTX
CTACGTCCACGTGAGA-L8TX_181206_01_F12	L5_6_NP_CTX
TAGTTGGGTGGTTTCA-L8TX_171026_01_C05	L5_6_NP_CTX
ACTGCTCGTAAGGATT-L8TX_180221_01_B11	L5_6_NP_CTX
TAGTTGGAGTAGTGCG-L8TX_180221_01_C10	L5_6_NP_CTX
AAGTCTGAGAGGTTGC-L8TX_180406_01_E07	L5_6_NP_CTX
GTGGGTCCATATGGTC-L8TX_180829_01_D10	L5_6_NP_CTX
GGAATAAGTGAACCTT-L8TX_180115_01_H10	L5_6_NP_CTX
GGAAAGCCACCACCAG-L8TX_180926_01_C12	L5_6_NP_CTX
GTATCTTTCAGGCGAA-L8TX_180115_01_E11	L5_6_NP_CTX
CGGAGCTGTATGCTTG-L8TX_180115_01_G08	L5_6_NP_CTX
GTACTTTCATCACCCT-L8TX_180221_01_D10	L5_6_NP_CTX
TTCCCAGGTGCTAGCC-L8TX_171026_01_D05	L5_6_NP_CTX
CCTCTGAAGAGCTTCT-L8TX_180221_01_A10	L5_6_NP_CTX
TTTGCGCCAGCTGGCT-L8TX_180712_01_H05	L5_6_NP_CTX
AGCCTAACAGTAGAGC-L8TX_190312_01_D02	L5_6_NP_CTX
CCTTTCTTCAGTTGAC-L8TX_180221_01_F11	L5_6_NP_CTX
GATCGTAAGCGTGTCC-L8TX_180406_01_F02	L5_6_NP_CTX
GTTCTCGAGGTTACCT-L8TX_180115_01_G10	L5_6_NP_CTX
TTTGTCACAAACTGCT-L8TX_171026_01_H05	L5_6_NP_CTX
ATCTACTCAGAGCCAA-L8TX_181206_01_C12	L5_6_NP_CTX
ACGATGTCAGACTCGC-L8TX_180115_01_E08	L5_6_NP_CTX
CTGATAGGTTGATTCG-L8TX_180907_01_B12	L5_6_NP_CTX
AGACGTTAGATCTGCT-L8TX_180221_01_G11	L5_6_NP_CTX
CCCAATCCAGAGTGTG-L8TX_190312_01_E02	L5_6_NP_CTX
TTGACTTAGATATGCA-L8TX_180221_01_G11	L5_6_NP_CTX
CTGATCCAGCAGGCTA-L8TX_180221_01_H12	L5_6_NP_CTX
GGACAGATCGGCGGTT-L8TX_181011_01_C04	L5_6_NP_CTX
AAACCTGTCGTCCAGG-L8TX_180221_01_G09	L5_6_NP_CTX
AGGGATGCAGCTGTTA-L8TX_180406_01_F02	L5_6_NP_CTX
CATCGAAAGTTAACGA-L8TX_180712_01_E05	L5_6_NP_CTX
ACGAGGAGTCCAGTTA-L8TX_190312_01_A03	L5_6_NP_CTX
CGTCCATTCCGCAGTG-L8TX_180221_01_D10	L5_6_NP_CTX
ATCTACTAGATAGGAG-L8TX_180115_01_E08	L5_6_NP_CTX
GAAATGACAGCTGCTG-L8TX_180221_01_C09	L5_6_NP_CTX
TTCCCAGTCATAACCG-L8TX_180221_01_F10	L5_6_NP_CTX
CGAGCACAGCTAACTC-L8TX_190312_01_G02	L5_6_NP_CTX
AGCGTCGAGCGATGAC-L8TX_180907_01_H11	L5_6_NP_CTX
ACATACGTCTTGTTTG-L8TX_180115_01_C11	L5_6_NP_CTX
TGAGCCGGTATTCGTG-L8TX_171026_01_H03	L5_6_NP_CTX
ATCGAGTCACATTTCT-L8TX_180829_01_D09	L5_6_NP_CTX
CAGTCCTAGACGCTTT-L8TX_180115_01_H10	L5_6_NP_CTX
GAAACTCCATCCCACT-L8TX_180221_01_F10	L5_6_NP_CTX
TTGTAGGTCCGAAGAG-L8TX_180115_01_F09	L5_6_NP_CTX
AGCTCCTCAGGTGGAT-L8TX_190312_01_E01	L5_6_NP_CTX
TTTCCTCCATCTCGCT-L8TX_190312_01_C02	L5_6_NP_CTX
GACAGAGGTTTGGCGC-L8TX_180907_01_E11	L5_6_NP_CTX
CGTCTACAGGCATTGG-L8TX_180115_01_C10	L5_6_NP_CTX
TACGGGCGTCAAACTC-L8TX_171026_01_A04	L5_6_NP_CTX
GCTGCTTAGATCTGAA-L8TX_180115_01_D09	L5_6_NP_CTX
GGTGCGTTCGGGAGTA-L8TX_171026_01_C05	L5_6_NP_CTX
ATGAGGGCATCACAAC-L8TX_190312_01_C02	L5_6_NP_CTX
TAAGTGCTCGGTTCGG-L8TX_180221_01_G11	L5_6_NP_CTX
GTTAAGCCAACACGCC-L8TX_180221_01_D10	L5_6_NP_CTX
ACACCGGTCCCATTTA-L8TX_171026_01_F03	L5_6_NP_CTX
AAGGTTCTCCTGCAGG-L8TX_180712_01_H05	L5_6_NP_CTX
CTCTAATGTCATATCG-L8TX_180221_01_B12	L5_6_NP_CTX
TCATTACTCGACCAGC-L8TX_180907_01_E11	L5_6_NP_CTX
ACCTTTAGTCATCCCT-L8TX_181011_01_A03	L5_6_NP_CTX
ACTTACTCAGGAATGC-L8TX_180221_01_A12	L5_6_NP_CTX
CACACAAAGAAACCGC-L8TX_200611_02_A05	L5_6_NP_CTX
GACGGCTGTACCGTTA-L8TX_180115_01_D11	L5_6_NP_CTX
ACACCGGGTTAAGTAG-L8TX_180115_01_C09	L5_6_NP_CTX
CTACCCACAATAGCAA-L8TX_180221_01_E10	L5_6_NP_CTX
GGCGACTAGCACACAG-L8TX_180115_01_H10	L5_6_NP_CTX
TTGCCGTTCAACGGGA-L8TX_171026_01_F03	L5_6_NP_CTX
CGGACTGTCTGGCGTG-L8TX_181011_01_G02	L5_6_NP_CTX
GATGAAAGTGACGGTA-L8TX_190312_01_G02	L5_6_NP_CTX
GCATGCGGTACCGTAT-L8TX_171026_01_H05	L5_6_NP_CTX
ACATCAGGTTCCACAA-L8TX_180221_01_D11	L5_6_NP_CTX
GGTGCGTAGAAGGACA-L8TX_171026_01_B05	L5_6_NP_CTX
CGTTAGAAGTGTTAGA-L8TX_190312_01_G02	L5_6_NP_CTX
GTAACGTCAGCTCGAC-L8TX_180221_01_E09	L5_6_NP_CTX
TCTGAGAGTGCGAAAC-L8TX_180221_01_D10	L5_6_NP_CTX
TACGGATCAAGTTAAG-L8TX_180406_01_F02	L5_6_NP_CTX
CTGGTCTAGGCAATTA-L8TX_171120_01_D07	L5_6_NP_CTX
TTCTTAGTCATCATTC-L8TX_190312_01_H02	L5_6_NP_CTX
GTGGGTCGTCCTAGCG-L8TX_180115_01_A10	L5_6_NP_CTX
CCCTCCTCACGAAACG-L8TX_180221_01_F09	L5_6_NP_CTX
TATGCCCCAGTATAAG-L8TX_180221_01_B10	L5_6_NP_CTX
ATCCGAAGTCGCATAT-L8TX_190312_01_E02	L5_6_NP_CTX
CAACCTCTCCGAGCCA-L8TX_171026_01_F04	L5_6_NP_CTX
CCACCTACAACGATCT-L8TX_190312_01_A02	L5_6_NP_CTX
CTCTAATCAGATCTGT-L8TX_181206_01_B12	L5_6_NP_CTX
ATGAGGGTCAAGATCC-L8TX_171026_01_C05	L5_6_NP_CTX
AGGTCCGAGACAAAGG-L8TX_171026_01_A05	L5_6_NP_CTX
CTCGTCAGTTAAAGAC-L8TX_171026_01_H05	L5_6_NP_CTX
ATAACGCTCACATGCA-L8TX_190312_01_F02	L5_6_NP_CTX
TCTGGAAAGTACGATA-L8TX_180221_01_C09	L5_6_NP_CTX
GGGACCTTCACCACCT-L8TX_181011_01_C04	L5_6_NP_CTX
CGGACACCATGCTGGC-L8TX_180504_01_E01	L5_6_NP_CTX
CTCGAAAGTCTTCGTC-L8TX_180115_01_G08	L5_6_NP_CTX
ATTATCCGTTCCCTTG-L8TX_181011_01_A03	L5_6_NP_CTX
GGACAAGGTTTGTTTC-L8TX_181206_01_F12	L5_6_NP_CTX
CTGGTCTTCAAGGTAA-L8TX_171026_01_F05	L5_6_NP_CTX
TTAGGCACAGATGGGT-L8TX_180221_01_C11	L5_6_NP_CTX
GAACGGACACGTCAGC-L8TX_180115_01_G10	L5_6_NP_CTX
ATTATCCAGACCACGA-L8TX_181012_01_B05	L5_6_NP_CTX
TGTCCCACATAGAAAC-L8TX_180926_01_C12	L5_6_NP_CTX
CCTCTGAAGTAATCCC-L8TX_180221_01_D09	L5_6_NP_CTX
GGGAATGAGAATTCCC-L8TX_180926_01_D01	L5_6_NP_CTX
GACTACACACAGTCGC-L8TX_180221_01_C11	L5_6_NP_CTX
CCTCAGTCAACGATCT-L8TX_180115_01_E11	L5_6_NP_CTX
CCTTACGAGATCGATA-L8TX_171026_01_G04	L5_6_NP_CTX
GCGGGTTCAATCCAAC-L8TX_180115_01_C08	L5_6_NP_CTX
CTGTTTACACTTCTGC-L8TX_180907_01_G11	L5_6_NP_CTX
GAGCAGACAGCGTCCA-L8TX_181011_01_B03	L5_6_NP_CTX
TGTGTTTTCAGATAAG-L8TX_190312_01_B02	L5_6_NP_CTX
TGTGGTAGTAATCACC-L8TX_190312_01_F01	L5_6_NP_CTX
CCTAAAGGTTCAACCA-L8TX_180221_01_E10	L5_6_NP_CTX
ACTGCTCGTCCGACGT-L8TX_181011_01_H02	L5_6_NP_CTX
GCAAACTGTCGTGGCT-L8TX_180907_01_F11	L5_6_NP_CTX
GACCTGGGTCGTGGCT-L8TX_190312_01_A03	L5_6_NP_CTX
GTGTTAGGTACGAAAT-L8TX_180221_01_B10	L5_6_NP_CTX
CCGGGATAGACCACGA-L8TX_180221_01_B12	L5_6_NP_CTX
ATCATCTAGACTACAA-L8TX_181012_01_C05	L5_6_NP_CTX
TATGCCCAGTGTACGG-L8TX_180221_01_D10	L5_6_NP_CTX
GTATCTTAGACTACAA-L8TX_171026_01_E05	L5_6_NP_CTX
ACGATGTCACAACGTT-L8TX_171026_01_D05	L5_6_NP_CTX
TAGTGGTCACGAGGTA-L8TX_190312_01_D02	L5_6_NP_CTX
AGGCCACCAGATCTGT-L8TX_180712_01_E05	L5_6_NP_CTX
TCAATCTCAAGCGATG-L8TX_181012_01_C05	L5_6_NP_CTX
AGCGTATTCCCAACGG-L8TX_171026_01_F03	L5_6_NP_CTX
CCCATACCAAGGTGTG-L8TX_190312_01_D02	L5_6_NP_CTX
GGACAGATCAGCGACC-L8TX_180221_01_C12	L5_6_NP_CTX
GCTGGGTCATGCTAGT-L8TX_180115_01_G10	L5_6_NP_CTX
TCATTTGCATTAGCCA-L8TX_180926_01_D01	L5_6_NP_CTX
CGTCAGGGTTCACCTC-L8TX_171026_01_H04	L5_6_NP_CTX
CACAGGCGTCCTCTTG-L8TX_181012_01_C05	L5_6_NP_CTX
GACCTGGAGTAACCCT-L8TX_180221_01_E11	L5_6_NP_CTX
CTCGGGAGTCCTAGCG-L8TX_180115_01_F11	L5_6_NP_CTX
TTTGCGCGTAGTAGTA-L8TX_180907_01_A12	L5_6_NP_CTX
ACATGGTAGTGTCCCG-L8TX_180829_01_E10	L5_6_NP_CTX
GTATTCTTCGCGCCAA-L8TX_180221_01_C11	L5_6_NP_CTX
TCACGAACATTCCTGC-L8TX_181012_01_H04	L5_6_NP_CTX
GGTGAAGAGCTAAACA-L8TX_171026_01_A05	L5_6_NP_CTX
AGGTCCGCACCAGCAC-L8TX_180907_01_G11	L5_6_NP_CTX
AAAGTAGGTGTGACGA-L8TX_180712_01_C06	L5_6_NP_CTX
GCTTCCAAGCCAGTTT-L8TX_180712_01_A06	L5_6_NP_CTX
GTGCGGTAGAGTACAT-L8TX_180221_01_B12	L5_6_NP_CTX
GAACCTAAGGGTTTCT-L8TX_180221_01_H12	L5_6_NP_CTX
TGCGCAGGTTACGGAG-L8TX_171026_01_H04	L5_6_NP_CTX
CACCACTCAGCCTATA-L8TX_180907_01_H11	L5_6_NP_CTX
TTGGCAATCCGTCAAA-L8TX_180221_01_F09	L5_6_NP_CTX
CTCATTAGTGATAAAC-L8TX_180504_01_E01	L5_6_NP_CTX
CCGTTCAGTACTTAGC-L8TX_180115_01_G11	L5_6_NP_CTX
TCGCGAGAGTACATGA-L8TX_180907_01_H11	L5_6_NP_CTX
GACTGCGGTTAAGTAG-L8TX_180115_01_F11	L5_6_NP_CTX
ATGGGAGTCTCCAACC-L8TX_180221_01_H12	L5_6_NP_CTX
CACACCTCAGACACTT-L8TX_180712_01_G05	L5_6_NP_CTX
GGTATTGAGAGTAATC-L8TX_180221_01_C10	L5_6_NP_CTX
CAAGTTGGTCTGGTCG-L8TX_180907_01_B12	L5_6_NP_CTX
GTACTCCAGGAGTAGA-L8TX_180221_01_C12	L5_6_NP_CTX
CACATTTGTAGCTTGT-L8TX_180221_01_C11	L5_6_NP_CTX
TGCGCAGGTCCTCCAT-L8TX_180607_01_C05	L5_6_NP_CTX
GGAACTTCAAGTAATG-L8TX_180907_01_G11	L5_6_NP_CTX
GAGCAGATCTCGCATC-L8TX_180115_01_F08	L5_6_NP_CTX
ACTGAGTGTCTAGTGT-L8TX_171026_01_F03	L5_6_NP_CTX
CTGTGCTTCGTCCGTT-L8TX_190312_01_G02	L5_6_NP_CTX
CTTGGCTGTCAAGCGA-L8TX_180712_01_G05	L5_6_NP_CTX
GCTGCTTAGGAGTTTA-L8TX_190312_01_D02	L5_6_NP_CTX
CGATCGGGTGTCTGAT-L8TX_181206_01_B12	L5_6_NP_CTX
TCGCGTTGTCGCATCG-L8TX_180221_01_E11	L5_6_NP_CTX
CATCGAAGTATCAGTC-L8TX_190312_01_G02	L5_6_NP_CTX
TTGGCAAAGTAATCCC-L8TX_180221_01_D10	L5_6_NP_CTX
GGGAGATTCCGTTGTC-L8TX_171120_01_H07	L5_6_NP_CTX
GTGAAGGAGAGCTTCT-L8TX_190312_01_B02	L5_6_NP_CTX
CGTAGGCTCCCTAATT-L8TX_180712_01_C06	L5_6_NP_CTX
GAGCAGAGTGACTCAT-L8TX_181011_01_H03	L5_6_NP_CTX
TGTGGTATCAGAGACG-L8TX_180221_01_C10	L5_6_NP_CTX
GCGAGAATCGCCTGAG-L8TX_180221_01_F10	L5_6_NP_CTX
CCGGTAGGTTCGTCTC-L8TX_180907_01_F10	L5_6_NP_CTX
TTGACTTCAAGACGTG-L8TX_180406_01_C06	L5_6_NP_CTX
GTCACGGAGCAGATCG-L8TX_180712_01_E05	L5_6_NP_CTX
GTTAAGCCAGCGAACA-L8TX_190312_01_C02	L5_6_NP_CTX
AAGTCTGTCATGCAAC-L8TX_180221_01_F10	L5_6_NP_CTX
AAAGTAGCAAGAAGAG-L8TX_180712_01_E05	L5_6_NP_CTX
CAGTAACAGATGTGTA-L8TX_171026_01_G03	L5_6_NP_CTX
GAACGGACATCCTTGC-L8TX_180221_01_G10	L5_6_NP_CTX
CCCTCCTAGCTCAACT-L8TX_190312_01_H01	L5_6_NP_CTX
CGAGAAGGTACATCCA-L8TX_180221_01_A11	L5_6_NP_CTX
AAGTCTGGTTTGACTG-L8TX_180712_01_H05	L5_6_NP_CTX
TGGGCGTTCGACGGAA-L8TX_180115_01_C11	L5_6_NP_CTX
CTTTGCGCATGCAACT-L8TX_180926_01_E01	L5_6_NP_CTX
ATCACGAGTGCCTGTG-L8TX_171026_01_H03	L5_6_NP_CTX
GGATTACAGAGCCCAA-L8TX_180115_01_E11	L5_6_NP_CTX
GCTGCAGCAATCGAAA-L8TX_180221_01_C11	L5_6_NP_CTX
GAATAAGAGGTGCTAG-L8TX_180406_01_F02	L5_6_NP_CTX
CACATTTTCGGGAGTA-L8TX_171026_01_F05	L5_6_NP_CTX
ACTGTCCTCTGTCAAG-L8TX_180907_01_E11	L5_6_NP_CTX
GCATGCGTCCCAGGTG-L8TX_180221_01_F09	L5_6_NP_CTX
GACGTTATCCGTAGTA-L8TX_180926_01_E12	L5_6_NP_CTX
AAACGGGGTGTCTGAT-L8TX_180221_01_B12	L5_6_NP_CTX
ACACCGGCAATGGACG-L8TX_180221_01_C11	L5_6_NP_CTX
ACCCACTTCTGCAGTA-L8TX_180221_01_C10	L5_6_NP_CTX
CTAATGGCAAGGTTCT-L8TX_171026_01_F03	L5_6_NP_CTX
AAAGTAGTCCACGCAG-L8TX_180926_01_C12	L5_6_NP_CTX
CGGACGTGTTTAGGAA-L8TX_180115_01_F10	L5_6_NP_CTX
GTACTTTCAGTAACGG-L8TX_180221_01_G11	L5_6_NP_CTX
TCAGCTCCAGTAACGG-L8TX_181206_01_D12	L5_6_NP_CTX
TTTACTGGTTTGGGCC-L8TX_180221_01_H10	L5_6_NP_CTX
TTTGCGCCAGTAAGAT-L8TX_180115_01_B10	L5_6_NP_CTX
CATCGGGCATCCTTGC-L8TX_190312_01_F02	L5_6_NP_CTX
CGACCTTAGATCGATA-L8TX_181206_01_H11	L5_6_NP_CTX
TCAACGAGTTATTCTC-L8TX_180712_01_G05	L5_6_NP_CTX
CTGGTCTAGGATTCGG-L8TX_180221_01_E11	L5_6_NP_CTX
TCACGAAAGTGTGAAT-L8TX_181011_01_C03	L5_6_NP_CTX
AAAGATGAGCGTTGCC-L8TX_171026_01_H05	L5_6_NP_CTX
AACGTTGGTCGCGAAA-L8TX_181012_01_G04	L5_6_NP_CTX
CGAGCCAGTAAGGGCT-L8TX_180926_01_D01	L5_6_NP_CTX
CGTAGGCTCTTGTCAT-L8TX_180926_01_C12	L5_6_NP_CTX
CGTAGCGGTCTTGCGG-L8TX_180221_01_B11	L5_6_NP_CTX
GCATGTAGTCCGAAGA-L8TX_171026_01_H05	L5_6_NP_CTX
AGAATAGTCGATCCCT-L8TX_171026_01_F04	L5_6_NP_CTX
CGTAGGCAGATGGCGT-L8TX_181206_01_E12	L5_6_NP_CTX
TGGTTCCAGAGCCCAA-L8TX_180907_01_E11	L5_6_NP_CTX
GCGCGATCACGTAAGG-L8TX_180115_01_F10	L5_6_NP_CTX
CCGTTCAAGGCTAGGT-L8TX_171120_01_F07	L5_6_NP_CTX
GTCATTTCACACAGAG-L8TX_181012_01_G04	L5_6_NP_CTX
GTTACAGGTACACCGC-L8TX_181012_01_C05	L5_6_NP_CTX
CACACTCTCCTTAATC-L8TX_171026_01_C05	L5_6_NP_CTX
TAGCCGGCATTACCTT-L8TX_180115_01_H10	L5_6_NP_CTX
CAGCATAGTGTAATGA-L8TX_180221_01_D09	L5_6_NP_CTX
GGTGCGTCATCGTCGG-L8TX_180406_01_F02	L5_6_NP_CTX
AGCGGTCAGCTGAAAT-L8TX_171026_01_A04	L5_6_NP_CTX
CAGCGACCAGGAATGC-L8TX_181206_01_A12	L5_6_NP_CTX
AAGGCAGAGAGACTTA-L8TX_180221_01_E09	L5_6_NP_CTX
CGTCTACCAATCAGAA-L8TX_181206_01_D12	L5_6_NP_CTX
CCAGCGACAGTGGGAT-L8TX_180221_01_D09	L5_6_NP_CTX
GCGACCAAGTCGAGTG-L8TX_180115_01_F10	L5_6_NP_CTX
ATTGGTGAGGTGGGTT-L8TX_180221_01_B11	L5_6_NP_CTX
TTAGGCAGTATTACCG-L8TX_180221_01_F10	L5_6_NP_CTX
GTAGGCCCACTCAGGC-L8TX_181206_01_A12	L5_6_NP_CTX
AGCTCCTAGTGCGTGA-L8TX_171026_01_A04	L5_6_NP_CTX
CTCGGAGAGTACACCT-L8TX_180221_01_F10	L5_6_NP_CTX
ACTTGTTAGCGCTCCA-L8TX_190312_01_B02	L5_6_NP_CTX
CTACCCACATGTCCTC-L8TX_180115_01_G11	L5_6_NP_CTX
CCTCAGTTCCAGATCA-L8TX_180221_01_C12	L5_6_NP_CTX
TCAGATGCAAGTAGTA-L8TX_190312_01_C02	L5_6_NP_CTX
GCGAGAAAGTGGAGAA-L8TX_180115_01_E08	L5_6_NP_CTX
CAACTAGGTCAACATC-L8TX_180115_01_F11	L5_6_NP_CTX
CAGCTGGTCACTATTC-L8TX_171026_01_F04	L5_6_NP_CTX
TCTTCGGTCTCGCATC-L8TX_200611_02_A05	L5_6_NP_CTX
GCATGTACATCCTTGC-L8TX_180115_01_D11	L5_6_NP_CTX
TGCGGGTTCATGGTCA-L8TX_181206_01_D12	L5_6_NP_CTX
TCTTCGGGTTTGTGTG-L8TX_180406_01_C07	L5_6_NP_CTX
CTGAAACGTTTGACTG-L8TX_180221_01_B12	L5_6_NP_CTX
GTGTGCGGTAACGACG-L8TX_180221_01_C10	L5_6_NP_CTX
ACTTGTTTCGACCAGC-L8TX_180221_01_F10	L5_6_NP_CTX
TGTTCCGCACACTGCG-L8TX_180221_01_D11	L5_6_NP_CTX
GCATGCGCAGATTGCT-L8TX_180712_01_B06	L5_6_NP_CTX
CTCTAATGTAAATGAC-L8TX_181011_01_B03	L5_6_NP_CTX
AGCAGCCGTGCACGAA-L8TX_180221_01_A12	L5_6_NP_CTX
CTACACCTCGCGGATC-L8TX_171026_01_G04	L5_6_NP_CTX
TCGTAGAAGGGCTTCC-L8TX_181011_01_C03	L5_6_NP_CTX
CAGCTGGCACCAGGTC-L8TX_180221_01_H12	L5_6_NP_CTX
CTAGTGACACGGATAG-L8TX_180926_01_B01	L5_6_NP_CTX
CGGAGCTCATACCATG-L8TX_180221_01_A10	L5_6_NP_CTX
CAAGAAATCCCACTTG-L8TX_180406_01_C08	L5_6_NP_CTX
GGGAGATTCACCGGGT-L8TX_180221_01_H12	L5_6_NP_CTX
GACTAACCATGTTCCC-L8TX_180221_01_G10	L5_6_NP_CTX
CGCGTTTAGGAGTTGC-L8TX_180926_01_C12	L5_6_NP_CTX
TCAGGTAAGCCTATGT-L8TX_171026_01_A04	L5_6_NP_CTX
CAAGTTGCACCGGAAA-L8TX_171026_01_G03	L5_6_NP_CTX
ACGCAGCTCTGGCGTG-L8TX_180115_01_A11	L5_6_NP_CTX
CCTTCGACAGCATACT-L8TX_190312_01_B02	L5_6_NP_CTX
GACAGAGTCTGCGGCA-L8TX_180712_01_B06	L5_6_NP_CTX
TGCTACCAGCAATATG-L8TX_180115_01_C09	L5_6_NP_CTX
AAGGAGCAGGTTACCT-L8TX_171026_01_G03	L5_6_NP_CTX
TTAACTCGTAGCGCAA-L8TX_180926_01_E01	L5_6_NP_CTX
AATCCAGTCATGTAGC-L8TX_180115_01_F10	L5_6_NP_CTX
TCTTTCCGTCTAACGT-L8TX_180221_01_B12	L5_6_NP_CTX
TAAACCGCACGAGAGT-L8TX_171026_01_F03	L5_6_NP_CTX
AAGGAGCCAGATGAGC-L8TX_190312_01_D01	L5_6_NP_CTX
CATCAGACATTTGCCC-L8TX_180115_01_G11	L5_6_NP_CTX
GGACAAGAGCTAACAA-L8TX_180406_01_C06	L5_6_NP_CTX
ACATGGTCATCTCGCT-L8TX_171026_01_D05	L5_6_NP_CTX
TTCTACAAGATGGCGT-L8TX_180221_01_E11	L5_6_NP_CTX
CCTACCAGTCGCGGTT-L8TX_180907_01_A12	L5_6_NP_CTX
TTTGGTTCACGTAAGG-L8TX_180221_01_F10	L5_6_NP_CTX
ACATGGTCACGGTTTA-L8TX_180115_01_H11	L5_6_NP_CTX
ACAGCCGAGTTAGGTA-L8TX_180115_01_D09	L5_6_NP_CTX
AGTGGGATCTCAACTT-L8TX_180115_01_E09	L5_6_NP_CTX
TACTCGCTCCAGTAGT-L8TX_180221_01_C10	L5_6_NP_CTX
AGGGAGTTCAAGCCTA-L8TX_190312_01_B02	L5_6_NP_CTX
CGAACATAGCTACCTA-L8TX_190312_01_B02	L5_6_NP_CTX
CCTATTAAGGACACCA-L8TX_181011_01_A03	L5_6_NP_CTX
AACCGCGCACTACAGT-L8TX_180406_01_C06	L5_6_NP_CTX
CACCTTGCAGATCCAT-L8TX_180712_01_C06	L5_6_NP_CTX
GCAATCATCCAACCAA-L8TX_180907_01_F11	L5_6_NP_CTX
CAGTAACGTACAAGTA-L8TX_190312_01_B02	L5_6_NP_CTX
GCGACCACAGTATAAG-L8TX_180115_01_H11	L5_6_NP_CTX
CAGTAACGTTCCGGCA-L8TX_171026_01_F03	L5_6_NP_CTX
GGGAATGCACATCCGG-L8TX_171026_01_B04	L5_6_NP_CTX
GTCGTAAAGTTGTCGT-L8TX_180221_01_H12	L5_6_NP_CTX
GACGGCTAGCCCTAAT-L8TX_180115_01_A10	L5_6_NP_CTX
TGCCCTATCGGCCGAT-L8TX_180221_01_F10	L5_6_NP_CTX
CTGGTCTGTTTGCATG-L8TX_171026_01_H03	L5_6_NP_CTX
ATAAGAGAGTTTCCTT-L8TX_180221_01_D10	L5_6_NP_CTX
TGCCCTAAGTGAACAT-L8TX_180221_01_C12	L5_6_NP_CTX
AGCAGCCAGTCAAGGC-L8TX_180221_01_A11	L5_6_NP_CTX
AACTGGTCAATGGACG-L8TX_181206_01_D12	L5_6_NP_CTX
CGCGGTAAGCCTTGAT-L8TX_180406_01_C06	L5_6_NP_CTX
TAAGTGCTCGCGGATC-L8TX_180907_01_F11	L5_6_NP_CTX
CTAGTGACATGGTCAT-L8TX_180115_01_A11	L5_6_NP_CTX
AATCGGTGTTATTCTC-L8TX_181011_01_H02	L5_6_NP_CTX
GGTGTTACAAGCGAGT-L8TX_190312_01_E01	L5_6_NP_CTX
TTCGAAGAGAGTGAGA-L8TX_180115_01_E11	L5_6_NP_CTX
ACTGAGTAGAACTCGG-L8TX_171026_01_C05	L5_6_NP_CTX
TTCTCCTCACGGCCAT-L8TX_180221_01_H09	L5_6_NP_CTX
ATCACGAGTCCATGAT-L8TX_190312_01_A03	L5_6_NP_CTX
ATCCACCTCCTACAGA-L8TX_180221_01_G10	L5_6_NP_CTX
GCATACACAGACGCAA-L8TX_171120_01_E07	L5_6_NP_CTX
AGCGTATCACGAAACG-L8TX_180406_01_C06	L5_6_NP_CTX
TACTTGTCAATACGCT-L8TX_180115_01_F09	L5_6_NP_CTX
GAGGTGACAAATACAG-L8TX_180829_01_D10	L5_6_NP_CTX
ACGCCGAGTCAGATAA-L8TX_171026_01_E05	L5_6_NP_CTX
TAAGTGCAGAAACCTA-L8TX_190312_01_H02	L5_6_NP_CTX
GTTCTCGTCTTCTGGC-L8TX_180712_01_E05	L5_6_NP_CTX
GTTACAGCACAGGTTT-L8TX_180115_01_B09	L5_6_NP_CTX
AGCGTATAGTACGCGA-L8TX_180829_01_D09	L5_6_NP_CTX
GCACATAAGGGATACC-L8TX_180907_01_A12	L5_6_NP_CTX
TAAGTGCAGCGCCTCA-L8TX_181206_01_D12	L5_6_NP_CTX
CTGTGCTCACCTATCC-L8TX_180115_01_A09	L5_6_NP_CTX
TATCAGGTCCTTGGTC-L8TX_180115_01_G11	L5_6_NP_CTX
TTAACTCTCTGGAGCC-L8TX_180221_01_E10	L5_6_NP_CTX
CCTAAAGAGCTTTGGT-L8TX_180115_01_D09	L5_6_NP_CTX
CAGATCAAGTCGCCGT-L8TX_180115_01_G10	L5_6_NP_CTX
TTGGCAATCAACCAAC-L8TX_181206_01_H11	L5_6_NP_CTX
TACCTATTCATCGCTC-L8TX_180115_01_G11	L5_6_NP_CTX
AACTGGTGTTATGTGC-L8TX_171026_01_G04	L5_6_NP_CTX
CAGTCCTCACTTCGAA-L8TX_190312_01_E02	L5_6_NP_CTX
GGAGCAATCGTACGGC-L8TX_190312_01_F02	L5_6_NP_CTX
ATGTGTGCAAGGACTG-L8TX_180926_01_B01	L5_6_NP_CTX
GAACCTATCCTTGGTC-L8TX_180115_01_H09	L5_6_NP_CTX
CCTACACCATCCGCGA-L8TX_180115_01_F09	L5_6_NP_CTX
AGGGATGAGACGCTTT-L8TX_180115_01_C11	L5_6_NP_CTX
CAACCTCTCAAAGTAG-L8TX_190312_01_B02	L5_6_NP_CTX
TTGGCAATCCACGACG-L8TX_181206_01_F12	L5_6_NP_CTX
TCACAAGCATCGATTG-L8TX_171026_01_G04	L5_6_NP_CTX
AAACCTGTCTTGTACT-L8TX_180221_01_C10	L5_6_NP_CTX
TCGTACCAGCGCCTTG-L8TX_180221_01_C11	L5_6_NP_CTX
GGGAATGCATCCTTGC-L8TX_190312_01_D01	L5_6_NP_CTX
AAGTCTGTCTGTCAAG-L8TX_180115_01_F11	L5_6_NP_CTX
TGGTTCCGTGTCCTCT-L8TX_190312_01_G02	L5_6_NP_CTX
GTTTCTAAGGATCGCA-L8TX_180221_01_G09	L5_6_NP_CTX
TACCTATGTAAATGTG-L8TX_181206_01_F12	L5_6_NP_CTX
CTCGTACCATTAGGCT-L8TX_180406_01_F02	L5_6_NP_CTX
GCCAAATCATGTAGTC-L8TX_180115_01_H09	L5_6_NP_CTX
TGAGAGGGTGTGACCC-L8TX_180504_01_E01	L5_6_NP_CTX
GTGCATAAGTCAAGCG-L8TX_180907_01_B12	L5_6_NP_CTX
ACACTGAAGTACCGGA-L8TX_171120_01_F07	L5_6_NP_CTX
AAATGCCAGTCCTCCT-L8TX_180115_01_G08	L5_6_NP_CTX
GTGGGTCGTCTACCTC-L8TX_180221_01_E10	L5_6_NP_CTX
AGCTTGACATTGGCGC-L8TX_180221_01_G09	L5_6_NP_CTX
GTTCGGGTCTCTGCTG-L8TX_181011_01_A03	L5_6_NP_CTX
TGCGCAGGTCTGATCA-L8TX_180115_01_H11	L5_6_NP_CTX
TGCGGGTAGCGAGAAA-L8TX_180829_01_D09	L5_6_NP_CTX
GTCGGGTCATGATCCA-L8TX_180829_01_E10	L5_6_NP_CTX
ATAAGAGGTCAAGCGA-L8TX_181011_01_C03	L5_6_NP_CTX
GTATCTTGTAATCACC-L8TX_180221_01_C09	L5_6_NP_CTX
ACTTTCAGTTTGTGTG-L8TX_180221_01_D11	L5_6_NP_CTX
AAGCCGCTCTACCTGC-L8TX_180221_01_G09	L5_6_NP_CTX
AGTGTCAGTGCGAAAC-L8TX_190312_01_H02	L5_6_NP_CTX
ACGGGTCTCGGTTCGG-L8TX_180115_01_D10	L5_6_NP_CTX
AAGGTTCGTTGGTGGA-L8TX_190312_01_D02	L5_6_NP_CTX
ATTTCTGCATTAGGCT-L8TX_180221_01_E09	L5_6_NP_CTX
CTAGCCTTCAGTTAGC-L8TX_180115_01_F09	L5_6_NP_CTX
CTCGTACCACGTTGGC-L8TX_180115_01_H09	L5_6_NP_CTX
TACTCATCAAGTCTGT-L8TX_180115_01_E09	L5_6_NP_CTX
CGTCTACCAGTGGGAT-L8TX_171026_01_H04	L5_6_NP_CTX
GTTACAGCAAAGTGCG-L8TX_180221_01_D10	L5_6_NP_CTX
TGTGTTTTCAGCGATT-L8TX_180221_01_F10	L5_6_NP_CTX
GTACTCCGTGTCGCTG-L8TX_180907_01_G10	L5_6_NP_CTX
CACTCCAAGGTAGCTG-L8TX_181206_01_F12	L5_6_NP_CTX
TGAGAGGCAGTTCATG-L8TX_180712_01_G05	L5_6_NP_CTX
ATTATCCTCACTCTTA-L8TX_190312_01_G01	L5_6_NP_CTX
ATTCTACTCAGCCTAA-L8TX_181012_01_H04	L5_6_NP_CTX
ACAGCTACATCACCCT-L8TX_180829_01_E10	L5_6_NP_CTX
GGGAGATGTCTAGTGT-L8TX_180221_01_B10	L5_6_NP_CTX
CATTCGCAGGCCGAAT-L8TX_180406_01_F02	L5_6_NP_CTX
TGAAAGAAGAGAGCTC-L8TX_190312_01_G02	L5_6_NP_CTX
TTGTAGGTCTGGAGCC-L8TX_181012_01_H04	L5_6_NP_CTX
CGAGAAGAGTGCAAGC-L8TX_180712_01_G05	L5_6_NP_CTX
GAATGAATCGATCCCT-L8TX_180221_01_F10	L5_6_NP_CTX
GGGCATCCACCAGATT-L8TX_180829_01_D09	L5_6_NP_CTX
CGAGCCAGTATTCGTG-L8TX_180221_01_G09	L5_6_NP_CTX
GCGCAGTTCATAAAGG-L8TX_171026_01_D05	L5_6_NP_CTX
TGAGCATTCTTGAGAC-L8TX_181011_01_H03	L5_6_NP_CTX
CACACCTCAGCTGCAC-L8TX_181206_01_C12	L5_6_NP_CTX
AAGGAGCCACACTGCG-L8TX_180926_01_D01	L5_6_NP_CTX
GATGCTAAGTAGATGT-L8TX_180221_01_E10	L5_6_NP_CTX
TGATTTCCAAACAACA-L8TX_180115_01_H10	L5_6_NP_CTX
CGGACACGTATGAAAC-L8TX_171026_01_G04	L5_6_NP_CTX
GCTGCGATCGATGAGG-L8TX_180907_01_E11	L5_6_NP_CTX
GCGCCAATCTCTGCTG-L8TX_180115_01_B10	L5_6_NP_CTX
CTGATAGCAATAGAGT-L8TX_180829_01_D10	L5_6_NP_CTX
GAAATGAGTATTCGTG-L8TX_171026_01_G05	L5_6_NP_CTX
ACACTGAGTCATCCCT-L8TX_180221_01_F11	L5_6_NP_CTX
GAACATCTCGCCGTGA-L8TX_180907_01_G11	L5_6_NP_CTX
GATTCAGGTAATCACC-L8TX_181012_01_B05	L5_6_NP_CTX
ATCACGAGTCACTTCC-L8TX_171026_01_H04	L5_6_NP_CTX
TCGGGACTCACATGCA-L8TX_181206_01_D12	L5_6_NP_CTX
CCGGTAGGTGTGCCTG-L8TX_180907_01_E11	L5_6_NP_CTX
TGCTACCAGCTTTGGT-L8TX_180829_01_E10	L5_6_NP_CTX
CACATTTAGCGCCTCA-L8TX_190312_01_D02	L5_6_NP_CTX
GAGGTGATCGGAAACG-L8TX_180712_01_H05	L5_6_NP_CTX
CGATGGCTCGGCTACG-L8TX_180406_01_C06	L5_6_NP_CTX
TACAGTGCACTATCTT-L8TX_171120_01_G07	L5_6_NP_CTX
CCTAAAGGTCCGAGTC-L8TX_180221_01_E11	L5_6_NP_CTX
GACCAATGTTTGTGTG-L8TX_181011_01_H03	L5_6_NP_CTX
TATCAGGCACTATCTT-L8TX_180115_01_F11	L5_6_NP_CTX
GGGAATGCAGGCAGTA-L8TX_180221_01_D10	L5_6_NP_CTX
CCTTTCTCATGAACCT-L8TX_171120_01_C07	L5_6_NP_CTX
TCATTTGTCCCATTAT-L8TX_180221_01_F10	L5_6_NP_CTX
GAACATCTCACTTCAT-L8TX_181206_01_H11	L5_6_NP_CTX
CCTTACGAGCTAAGAT-L8TX_180406_01_F02	L5_6_NP_CTX
GACGCGTTCCTCATTA-L8TX_180221_01_E11	L5_6_NP_CTX
GTCTCGTCAAGCTGAG-L8TX_180115_01_D11	L5_6_NP_CTX
CGGTTAATCTGCTGTC-L8TX_180221_01_A11	L5_6_NP_CTX
ATCTACTGTCAGCTAT-L8TX_180221_01_C09	L5_6_NP_CTX
TAAGTGCGTAGGCATG-L8TX_190312_01_C02	L5_6_NP_CTX
TAGTTGGGTGTCCTCT-L8TX_180829_01_D09	L5_6_NP_CTX
ATTATCCGTTCATGGT-L8TX_171026_01_F04	L5_6_NP_CTX
TAAACCGAGGTGCAAC-L8TX_190312_01_D02	L5_6_NP_CTX
ACACCAAGTACAGTGG-L8TX_180607_01_C05	L5_6_NP_CTX
ACCCACTCAAGCGTAG-L8TX_180221_01_H12	L5_6_NP_CTX
TTGCCGTTCGTTACGA-L8TX_180115_01_A11	L5_6_NP_CTX
CCTACCACAAGGACAC-L8TX_181206_01_B12	L5_6_NP_CTX
TATCAGGCAGCGATCC-L8TX_180221_01_C11	L5_6_NP_CTX
CCCAATCCATCCGGGT-L8TX_180221_01_E11	L5_6_NP_CTX
CATATGGCACGACGAA-L8TX_180221_01_D10	L5_6_NP_CTX
CTTAACTTCATCGATG-L8TX_180926_01_E12	L5_6_NP_CTX
AATCGGTAGACCGGAT-L8TX_180712_01_E05	L5_6_NP_CTX
AGTTGGTTCTGTCTAT-L8TX_180926_01_F01	L5_6_NP_CTX
GTGGGTCAGGGCACTA-L8TX_180221_01_B10	L5_6_NP_CTX
AACTTTCCACAAGTAA-L8TX_180907_01_G10	L5_6_NP_CTX
GCATACAGTCATGCCG-L8TX_180115_01_A09	L5_6_NP_CTX
CGTCAGGGTCGCTTCT-L8TX_181206_01_A12	L5_6_NP_CTX
CTCGAGGGTTGCGTTA-L8TX_181206_01_F12	L5_6_NP_CTX
AATCCAGCACCCATTC-L8TX_181206_01_A12	L5_6_NP_CTX
CCTACCACACCACGTG-L8TX_180115_01_G11	L5_6_NP_CTX
AAGGTTCCACTTGGAT-L8TX_171026_01_H03	L5_6_NP_CTX
GTTCATTTCCAACCAA-L8TX_180712_01_H05	L5_6_NP_CTX
GATCGATAGTACGTTC-L8TX_180115_01_H11	L5_6_NP_CTX
TTTCCTCCACCGAATT-L8TX_180221_01_E10	L5_6_NP_CTX
CTGAAGTTCCCAACGG-L8TX_171120_01_C07	L5_6_NP_CTX
GATCTAGGTCACCCAG-L8TX_180221_01_E09	L5_6_NP_CTX
AGTGGGATCCTGCCAT-L8TX_181012_01_E05	L5_6_NP_CTX
CACAGGCGTCGGCTCA-L8TX_180221_01_F10	L5_6_NP_CTX
GCCAAATGTCAAGCGA-L8TX_171026_01_G03	L5_6_NP_CTX
GGTATTGGTTTAGGAA-L8TX_190312_01_H01	L5_6_NP_CTX
AAACCTGCAGGAATGC-L8TX_180829_01_D10	L5_6_NP_CTX
AACTCAGTCTCTTATG-L8TX_180221_01_F10	L5_6_NP_CTX
GTACGTAAGGAATTAC-L8TX_190312_01_D02	L5_6_NP_CTX
TAGCCGGCACCGGAAA-L8TX_180406_01_C06	L5_6_NP_CTX
CCACGGATCAACGGGA-L8TX_180115_01_E10	L5_6_NP_CTX
GGACAAGTCAGCTCTC-L8TX_181012_01_C05	L5_6_NP_CTX
CATATGGTCACCAGGC-L8TX_180406_01_C06	L5_6_NP_CTX
ACGGAGACACCACGTG-L8TX_180221_01_E09	L5_6_NP_CTX
GACCTGGTCTTGACGA-L8TX_171026_01_G04	L5_6_NP_CTX
AGCAGCCGTAGCGTCC-L8TX_171120_01_F07	L5_6_NP_CTX
TATTACCAGATAGGAG-L8TX_190312_01_G01	L5_6_NP_CTX
ACTGCTCGTAGTAGTA-L8TX_180115_01_H11	L5_6_NP_CTX
TTTACTGAGGCGATAC-L8TX_180115_01_B09	L5_6_NP_CTX
CTGCCTAGTAACGTTC-L8TX_180221_01_H12	L5_6_NP_CTX
TAGTTGGGTATCTGCA-L8TX_171120_01_D07	L5_6_NP_CTX
GCGCGATCAGTGACAG-L8TX_180406_01_C06	L5_6_NP_CTX
GAAATGAGTTATCCGA-L8TX_180221_01_A10	L5_6_NP_CTX
GATCTAGGTTAGTGGG-L8TX_180221_01_B10	L5_6_NP_CTX
CGGACACGTACACCGC-L8TX_180221_01_A10	L5_6_NP_CTX
CCCATACCACGGCTAC-L8TX_190312_01_A03	L5_6_NP_CTX
TGTTCCGTCGCGTTTC-L8TX_180221_01_A10	L5_6_NP_CTX
ACCCACTCAGATCGGA-L8TX_180829_01_E10	L5_6_NP_CTX
CTGGTCTGTGTTCGAT-L8TX_180406_01_C06	L5_6_NP_CTX
TGACTAGCAAACCCAT-L8TX_180221_01_A12	L5_6_NP_CTX
TCGGGACTCTGACCTC-L8TX_180221_01_D10	L5_6_NP_CTX
GGAACTTAGAACAACT-L8TX_190312_01_G02	L5_6_NP_CTX
CGCGGTAAGAGACTAT-L8TX_180504_01_E01	L5_6_NP_CTX
CTGCGGACATCACCCT-L8TX_171120_01_F07	L5_6_NP_CTX
ACGATGTGTATGGTTC-L8TX_181011_01_G02	L5_6_NP_CTX
AACTCAGAGGCTCAGA-L8TX_171026_01_F04	L5_6_NP_CTX
CGCGTTTCACTTCGAA-L8TX_180926_01_C12	L5_6_NP_CTX
AGATTGCGTTCTGGTA-L8TX_180115_01_E11	L5_6_NP_CTX
GATGCTAGTCTGCAAT-L8TX_180712_01_E05	L5_6_NP_CTX
GGCTGGTGTCATCCCT-L8TX_180907_01_F10	L5_6_NP_CTX
CTCTAATGTCTTCAAG-L8TX_180115_01_G10	L5_6_NP_CTX
GGATGTTCAAAGAATC-L8TX_171026_01_G03	L5_6_NP_CTX
CAAGATCCATTACCTT-L8TX_180907_01_A12	L5_6_NP_CTX
GCATGCGAGCCAGAAC-L8TX_181011_01_B03	L5_6_NP_CTX
CAGCAGCGTGACTACT-L8TX_180907_01_E11	L5_6_NP_CTX
AGCAGCCTCAAACAAG-L8TX_180115_01_B10	L5_6_NP_CTX
TGCACCTAGTGTGGCA-L8TX_190312_01_D01	L5_6_NP_CTX
AGTGTCATCAATAAGG-L8TX_180221_01_E09	L5_6_NP_CTX
ACGATGTTCCTGTACC-L8TX_190312_01_B02	L5_6_NP_CTX
TGCCCTAGTGAACCTT-L8TX_181011_01_C03	L5_6_NP_CTX
GTAGTCAGTGGGTATG-L8TX_180115_01_E09	L5_6_NP_CTX
TCAGGTACAGGCAGTA-L8TX_180115_01_C11	L5_6_NP_CTX
TCAGGATGTCACTTCC-L8TX_190312_01_B01	L5_6_NP_CTX
CTTAACTAGCGTAATA-L8TX_180115_01_F11	L5_6_NP_CTX
GTGCAGCTCAAACCGT-L8TX_180115_01_D11	L5_6_NP_CTX
GCAGCCAGTACTTAGC-L8TX_180221_01_F09	L5_6_NP_CTX
CGTAGCGCACTGTTAG-L8TX_180221_01_F10	L5_6_NP_CTX
AACTCAGCAAACCTAC-L8TX_171026_01_G04	L5_6_NP_CTX
TAAGAGACACGACTCG-L8TX_180406_01_F02	L5_6_NP_CTX
TCTTCGGTCACCATAG-L8TX_171026_01_G03	L5_6_NP_CTX
TCATTTGCAATGAATG-L8TX_181206_01_E12	L5_6_NP_CTX
CGAATGTAGACATAAC-L8TX_180115_01_C11	L5_6_NP_CTX
TAAGTGCGTGACGGTA-L8TX_180115_01_H08	L5_6_NP_CTX
GATGAAACAGACAAAT-L8TX_180221_01_H11	L5_6_NP_CTX
TTCGGTCGTGCACCAC-L8TX_171120_01_F07	L5_6_NP_CTX
AACCATGTCGGTTCGG-L8TX_180221_01_A12	L5_6_NP_CTX
AGCTCCTCATCTCCCA-L8TX_181012_01_C05	L5_6_NP_CTX
CCACCTATCTACCAGA-L8TX_180115_01_A11	L5_6_NP_CTX
CTTAACTTCTTACCTA-L8TX_171026_01_E05	L5_6_NP_CTX
TTCTTAGCAAGCCGCT-L8TX_180115_01_F11	L5_6_NP_CTX
GCAATCAAGACGCAAC-L8TX_181012_01_G04	L5_6_NP_CTX
CGTGTCTAGAGGTTGC-L8TX_181206_01_C12	L5_6_NP_CTX
TCACGAAAGGCAATTA-L8TX_171026_01_H04	L5_6_NP_CTX
TCGGTAACAGGCGATA-L8TX_180115_01_E08	L5_6_NP_CTX
TGTATTCCACCAGTTA-L8TX_180221_01_E10	L5_6_NP_CTX
ACTTGTTTCAGCATGT-L8TX_181206_01_D12	L5_6_NP_CTX
CCGGTAGCACCCTATC-L8TX_180907_01_B12	L5_6_NP_CTX
TGCCCATCACTCGACG-L8TX_181206_01_F12	L5_6_NP_CTX
AGAGCGACAGTAGAGC-L8TX_190312_01_G02	L5_6_NP_CTX
CGATGGCGTTTGCATG-L8TX_181206_01_D12	L5_6_NP_CTX
TGTGTTTTCTTGAGAC-L8TX_171026_01_H03	L5_6_NP_CTX
CTACGTCGTACGACCC-L8TX_181011_01_A03	L5_6_NP_CTX
GAAGCAGAGGTGCACA-L8TX_180115_01_F10	L5_6_NP_CTX
TAGAGCTCAATCTGCA-L8TX_180221_01_E10	L5_6_NP_CTX
GTGGGTCGTAACGTTC-L8TX_190312_01_G02	L5_6_NP_CTX
GAGGTGAGTTCTGTTT-L8TX_180115_01_F11	L5_6_NP_CTX
ACTGATGGTTGCGTTA-L8TX_171026_01_G04	L5_6_NP_CTX
CCACTACGTAAATGAC-L8TX_171026_01_A04	L5_6_NP_CTX
ATGCGATGTCTGGTCG-L8TX_180406_01_C06	L5_6_NP_CTX
TAGTTGGGTGATAAAC-L8TX_190312_01_A02	L5_6_NP_CTX
CTACCCACAAGAAGAG-L8TX_180221_01_A11	L5_6_NP_CTX
GTCACGGAGACATAAC-L8TX_190312_01_G02	L5_6_NP_CTX
TTTCCTCTCTTGCATT-L8TX_180907_01_G10	L5_6_NP_CTX
AAACGGGAGTTGAGTA-L8TX_181011_01_H03	L5_6_NP_CTX
GACCAATTCTCTAGGA-L8TX_171026_01_H03	L5_6_NP_CTX
GATGCTACATGGATGG-L8TX_180221_01_B11	L5_6_NP_CTX
CCGGGATGTTGTTTGG-L8TX_190312_01_D02	L5_6_NP_CTX
AGATCTGAGCGTCAAG-L8TX_180926_01_E12	L5_6_NP_CTX
GGCTGGTGTCGGATCC-L8TX_180907_01_G10	L5_6_NP_CTX
TCTCATACAGTCTTCC-L8TX_180907_01_B11	L5_6_NP_CTX
TTCTTAGGTCTAGCCG-L8TX_180115_01_E10	L5_6_NP_CTX
CACCAGGCAAAGCGGT-L8TX_180406_01_G01	L5_6_NP_CTX
CTGATCCTCAAACGGG-L8TX_171026_01_B04	L5_6_NP_CTX
TTGGCAACAAAGCAAT-L8TX_180926_01_B01	L5_6_NP_CTX
AGGGATGAGCACACAG-L8TX_180221_01_C11	L5_6_NP_CTX
TGTTCCGTCATCTGCC-L8TX_180221_01_A12	L5_6_NP_CTX
GACTAACTCCGTTGTC-L8TX_171120_01_C07	L5_6_NP_CTX
CAGCTGGTCGGTGTTA-L8TX_180115_01_E10	L5_6_NP_CTX
GAACGGAAGGGAACGG-L8TX_180926_01_C12	L5_6_NP_CTX
CTCATTAGTGATAAAC-L8TX_180115_01_B09	L5_6_NP_CTX
GCTTCCAGTTACGGAG-L8TX_180115_01_G08	L5_6_NP_CTX
CCATTCGTCTGCCCTA-L8TX_190312_01_C01	L5_6_NP_CTX
TGGTTCCCATCGGTTA-L8TX_171120_01_H07	L5_6_NP_CTX
ACGGGTCAGAAGAAGC-L8TX_180221_01_H11	L5_6_NP_CTX
CGATTGATCGCAAGCC-L8TX_190312_01_G02	L5_6_NP_CTX
GTCTTCGCACGAGGTA-L8TX_180221_01_B10	L5_6_NP_CTX
CATATTCGTCTGCAAT-L8TX_181206_01_F12	L5_6_NP_CTX
TGAAAGATCCAGGGCT-L8TX_180907_01_A12	L5_6_NP_CTX
CTGCCTAAGTCATCCA-L8TX_180221_01_F10	L5_6_IT_CTX
TTGGCAATCAGCTGGC-L8TX_180926_01_D01	L5_6_IT_CTX
TGGTTAGAGGTAGCCA-L8TX_171026_01_F04	L5_6_IT_CTX
CCGGGATGTTGGTGGA-L8TX_171026_01_F03	L5_6_IT_CTX
AGATCTGTCTGTGCAA-L8TX_181206_01_B12	L5_6_IT_CTX
CACAGGCCATGGTCTA-L8TX_180907_01_G11	L5_6_IT_CTX
GTCGGGTTCGTTACGA-L8TX_180712_01_G05	L5_6_IT_CTX
CAACCAACAAGGACTG-L8TX_190312_01_E01	L5_6_IT_CTX
GACGTGCAGAGTACCG-L8TX_181206_01_C12	L5_6_IT_CTX
TACACGAGTTGCGCAC-L8TX_180115_01_E11	L5_6_IT_CTX
CTCCTAGTCATAACCG-L8TX_180115_01_E09	L5_6_IT_CTX
ACATCAGAGTACGATA-L8TX_180115_01_E11	L5_6_IT_CTX
TCAGGATCACGCTTTC-L8TX_181206_01_A12	L5_6_IT_CTX
GTAGGCCCAAGCCGCT-L8TX_180221_01_G09	L5_6_IT_CTX
TACGGATTCACCCTCA-L8TX_171026_01_H04	L5_6_IT_CTX
TAAGAGACAGTTCCCT-L8TX_180907_01_E11	L5_6_IT_CTX
TGGTTCCGTGCATCTA-L8TX_180115_01_H11	L5_6_IT_CTX
GTTTCTACAGTATCTG-L8TX_180115_01_C09	L5_6_IT_CTX
TTAGTTCCACGAAATA-L8TX_181012_01_C05	L5_6_IT_CTX
AGAATAGAGGATCGCA-L8TX_171026_01_C05	L5_6_IT_CTX
TCAGGATTCTACGAGT-L8TX_180221_01_E10	L5_6_IT_CTX
GGAACTTCAGATGGGT-L8TX_190312_01_C02	L5_6_IT_CTX
TGATTTCTCCATTCTA-L8TX_180907_01_H11	L5_6_IT_CTX
GTCGTAACAAAGCAAT-L8TX_181012_01_C05	L5_6_IT_CTX
CTCTACGAGAGGTTGC-L8TX_180907_01_G11	L5_6_IT_CTX
CAAGTTGTCGCTAGCG-L8TX_180221_01_G11	L5_6_IT_CTX
ATCACGACATCTGGTA-L8TX_180712_01_E05	L5_6_IT_CTX
GGCTGGTTCCGAAGAG-L8TX_180221_01_C09	L5_6_IT_CTX
TGAAAGAGTCATGCAT-L8TX_180115_01_G11	L5_6_IT_CTX
TGGGCGTGTATAGTAG-L8TX_180907_01_H11	L5_6_IT_CTX
TGTGTTTGTTTGTTGG-L8TX_180115_01_H11	L5_6_IT_CTX
AGGGTGATCACGCGGT-L8TX_180829_01_D10	L5_6_IT_CTX
GACTACAGTCCGAATT-L8TX_190312_01_D02	L5_6_IT_CTX
GATCTAGAGAGTTGGC-L8TX_180115_01_G08	L5_6_IT_CTX
CAGAGAGCAGGCTCAC-L8TX_180221_01_D10	L5_6_IT_CTX
GACGTGCAGCTCTCGG-L8TX_171026_01_H03	L5_6_IT_CTX
CGTGTAACAATGGATA-L8TX_181011_01_C03	L5_6_IT_CTX
GACGGCTAGTGCTGCC-L8TX_180115_01_E08	L5_6_IT_CTX
CAAGGCCGTGCTGTAT-L8TX_171026_01_F03	L5_6_IT_CTX
TTCTCCTAGCAGGTCA-L8TX_190312_01_D02	L5_6_IT_CTX
CTGCGGACACAGATTC-L8TX_181011_01_C03	L5_6_IT_CTX
CTGCCTAGTGAAATCA-L8TX_171026_01_B05	L5_6_IT_CTX
CGGACGTGTCGATTGT-L8TX_180907_01_G11	L5_6_IT_CTX
GGACGTCGTCCGTCAG-L8TX_180712_01_F05	L5_6_IT_CTX
AGCTCCTCACCGCTAG-L8TX_171026_01_H03	L5_6_IT_CTX
GAGGTGAGTCTTGCGG-L8TX_190312_01_B01	L5_6_IT_CTX
AACGTTGGTATCTGCA-L8TX_171026_01_A05	L5_6_IT_CTX
CTCTAATTCCAGTAGT-L8TX_171026_01_F05	L5_6_IT_CTX
ATCATCTGTCCCTTGT-L8TX_180829_01_D10	L5_6_IT_CTX
ACGCCGATCAACCATG-L8TX_180221_01_A10	L5_6_IT_CTX
ATCGAGTTCAACGAAA-L8TX_180115_01_G11	L5_6_IT_CTX
CAAGAAAAGAATCTCC-L8TX_180712_01_G05	L5_6_IT_CTX
CAACTAGTCTAAGCCA-L8TX_181011_01_C03	L5_6_IT_CTX
TTTGTCATCGGAAATA-L8TX_181011_01_A03	L5_6_IT_CTX
GTCCTCAAGCTCAACT-L8TX_180907_01_F10	L5_6_IT_CTX
AGACGTTTCAGCAACT-L8TX_171026_01_G04	L5_6_IT_CTX
CCGTACTAGCCAGTAG-L8TX_171120_01_C07	L5_6_IT_CTX
AATCCAGAGCTGAACG-L8TX_181012_01_E05	L5_6_IT_CTX
TCGGGACAGGTGATAT-L8TX_181012_01_H04	L5_6_IT_CTX
AGGCCACAGATCTGCT-L8TX_190312_01_B02	L5_6_IT_CTX
ATTGGACTCGGAAATA-L8TX_171026_01_D05	L5_6_IT_CTX
GTTCTCGAGCATCATC-L8TX_180221_01_H10	L5_6_IT_CTX
GTATTCTCAGGGCATA-L8TX_180221_01_F10	L5_6_IT_CTX
GTAACGTCATACGCTA-L8TX_180115_01_G11	L5_6_IT_CTX
TTCGGTCCATGCCTTC-L8TX_180926_01_F01	L5_6_IT_CTX
ATGCGATAGAGTACCG-L8TX_180115_01_C10	L5_6_IT_CTX
GGAATAAAGGACAGCT-L8TX_180907_01_F11	L5_6_IT_CTX
GCCTCTAAGAATGTTG-L8TX_180115_01_D10	L5_6_IT_CTX
GATGCTATCAGCACAT-L8TX_180221_01_F10	L5_6_IT_CTX
CTACACCCAGACAAGC-L8TX_180221_01_F10	L5_6_IT_CTX
GACCTGGGTTATCACG-L8TX_180221_01_D10	L5_6_IT_CTX
CCTAAAGGTGGTCCGT-L8TX_180907_01_A12	L5_6_IT_CTX
GCCAAATAGTGACATA-L8TX_171026_01_E05	L5_6_IT_CTX
GCCTCTAAGTCGATAA-L8TX_181011_01_A03	L5_6_IT_CTX
CTTAGGATCTGCGACG-L8TX_180221_01_E11	L5_6_IT_CTX
CATGACAAGTACGTTC-L8TX_180115_01_B09	L5_6_IT_CTX
ATAAGAGCAAACGTGG-L8TX_171026_01_A04	L5_6_IT_CTX
CCTCTGACAAACTGTC-L8TX_180221_01_G09	L5_6_IT_CTX
GGATTACGTCGGCACT-L8TX_180115_01_G11	L5_6_IT_CTX
CGAGCCAGTACATGTC-L8TX_180221_01_D10	L5_6_IT_CTX
GACTAACTCCGTAGTA-L8TX_180221_01_C10	L5_6_IT_CTX
AGAGCGACAAGTACCT-L8TX_180907_01_F10	L5_6_IT_CTX
TGAGCCGGTATAGGTA-L8TX_180221_01_C09	L5_6_IT_CTX
CTGAAGTAGCGTTCCG-L8TX_190312_01_E02	L5_6_IT_CTX
TGAGCCGTCACGACTA-L8TX_180907_01_G11	L5_6_IT_CTX
GTTCGGGTCGTTTAGG-L8TX_180221_01_F10	L5_6_IT_CTX
GACCTGGAGAAACGAG-L8TX_180712_01_A06	L5_6_IT_CTX
TGCTACCGTTGCGTTA-L8TX_180221_01_A10	L5_6_IT_CTX
CGTGAGCAGCCAGGAT-L8TX_180221_01_F09	L5_6_IT_CTX
CATATTCGTAAGTGTA-L8TX_180221_01_B10	L5_6_IT_CTX
GGCGTGTTCCACGAAT-L8TX_181011_01_H02	L5_6_IT_CTX
GAAACTCCAGGTGCCT-L8TX_190312_01_D01	L5_6_IT_CTX
CGATGGCGTGCGATAG-L8TX_180907_01_F11	L5_6_IT_CTX
TGCACCTCACTTAACG-L8TX_171026_01_G04	L5_6_IT_CTX
ATCCGAAGTCTAGTCA-L8TX_180115_01_H11	L5_6_IT_CTX
AGAGCGATCCGTTGCT-L8TX_180221_01_E09	L5_6_IT_CTX
CTTAGGATCAGCTCTC-L8TX_171026_01_H04	L5_6_IT_CTX
GCATGCGAGAATTCCC-L8TX_180221_01_E10	L5_6_IT_CTX
TTGTAGGCATGCGCAC-L8TX_180115_01_C11	L5_6_IT_CTX
CTGAAACGTAACGTTC-L8TX_190312_01_B01	L5_6_IT_CTX
TACAGTGTCTGTGCAA-L8TX_181012_01_E05	L5_6_IT_CTX
CAAGTTGAGAAGCCCA-L8TX_190312_01_E01	L5_6_IT_CTX
CTCTGGTGTCAACATC-L8TX_171026_01_A05	L5_6_IT_CTX
TGACAACAGCTTTGGT-L8TX_180115_01_G11	L5_6_IT_CTX
CTACACCCAGTGGAGT-L8TX_190312_01_B02	L5_6_IT_CTX
AACTCTTCAGTGGAGT-L8TX_180829_01_D10	L5_6_IT_CTX
ATTCTACCATGTCTCC-L8TX_190312_01_C01	L5_6_IT_CTX
GCGCCAAAGTACACCT-L8TX_181011_01_C03	L5_6_IT_CTX
CGTCCATAGCTGCGAA-L8TX_180221_01_H10	L5_6_IT_CTX
GTATCTTTCGCGGATC-L8TX_171026_01_D05	L5_6_IT_CTX
CATCCACAGCTCTCGG-L8TX_180712_01_C06	L5_6_IT_CTX
GGGAATGGTTATGCGT-L8TX_180115_01_E11	L5_6_IT_CTX
ATGAGGGGTTACGCGC-L8TX_180115_01_H10	L5_6_IT_CTX
ATTGGACTCTTGACGA-L8TX_180926_01_F01	L5_6_IT_CTX
CTCCTAGGTACAGTTC-L8TX_190312_01_H01	L5_6_IT_CTX
CTACCCAGTTGGTTTG-L8TX_181011_01_C03	L5_6_IT_CTX
ACGGGCTGTTGAGGTG-L8TX_180221_01_E09	L5_6_IT_CTX
CAGCAGCCACAAGTAA-L8TX_190312_01_C02	L5_6_IT_CTX
CAGCCGATCGCAGGCT-L8TX_180607_01_C05	L5_6_IT_CTX
CTCTAATCACAGAGGT-L8TX_180115_01_E10	L5_6_IT_CTX
GCCAAATGTGAGTGAC-L8TX_190312_01_G02	L5_6_IT_CTX
TCTCATATCCGCTGTT-L8TX_180907_01_A12	L5_6_IT_CTX
GACTAACAGAGCTGCA-L8TX_190312_01_D02	L5_6_IT_CTX
CAACCTCAGAGTTGGC-L8TX_180221_01_B11	L5_6_IT_CTX
GATCTAGAGTGGACGT-L8TX_180926_01_E12	L5_6_IT_CTX
ACGCCGAGTTCGTCTC-L8TX_190312_01_C02	L5_6_IT_CTX
TTGAACGCAATGAATG-L8TX_171026_01_H04	L5_6_IT_CTX
GTCCTCATCGGATGGA-L8TX_180907_01_F10	L5_6_IT_CTX
TTTGCGCGTACCGTTA-L8TX_180607_01_C05	L5_6_IT_CTX
GGAAAGCCAGATTGCT-L8TX_180907_01_F11	L5_6_IT_CTX
TCAATCTCATTCGACA-L8TX_180907_01_E11	L5_6_IT_CTX
TCTCTAAGTATGAATG-L8TX_180221_01_H10	L5_6_IT_CTX
GGAATAAGTTGGTTTG-L8TX_180115_01_D10	L5_6_IT_CTX
GCCAAATCACTTCTGC-L8TX_180221_01_C10	L5_6_IT_CTX
TTTCCTCGTTCGCTAA-L8TX_180221_01_C11	L5_6_IT_CTX
CAGCATATCGTCGTTC-L8TX_190312_01_A02	L5_6_IT_CTX
CCTATTATCGGAATCT-L8TX_180221_01_E10	L5_6_IT_CTX
GAATAAGGTACCAGTT-L8TX_171026_01_E05	L5_6_IT_CTX
ACTTACTTCTATGTGG-L8TX_180115_01_H08	L5_6_IT_CTX
CAGATCAGTACCGGCT-L8TX_180221_01_E10	L5_6_IT_CTX
CATCAGAAGGAGTAGA-L8TX_180221_01_E10	L5_6_IT_CTX
CGGACTGCAGGTGGAT-L8TX_171120_01_E07	L5_6_IT_CTX
AACGTTGCATCGTCGG-L8TX_180221_01_H09	L5_6_IT_CTX
GAACATCGTGAAGGCT-L8TX_171026_01_G04	L5_6_IT_CTX
TGCGTGGCAGTAACGG-L8TX_180221_01_F10	L5_6_IT_CTX
GAGCAGATCTTACCGC-L8TX_181011_01_C03	L5_6_IT_CTX
TTCTTAGAGTCGTACT-L8TX_180221_01_C10	L5_6_IT_CTX
GTTTCTAGTCGCTTCT-L8TX_181011_01_B03	L5_6_IT_CTX
CACAAACCAGACAAAT-L8TX_180115_01_G11	L5_6_IT_CTX
ACACTGACAGGACGTA-L8TX_180829_01_D10	L5_6_IT_CTX
CTCAGAAGTCACTTCC-L8TX_180712_01_G05	L5_6_IT_CTX
TGACGGCTCTAAGCCA-L8TX_181011_01_B03	L5_6_IT_CTX
AACCGCGGTGAGGCTA-L8TX_180907_01_G10	L5_6_IT_CTX
CCCAATCAGTCCGTAT-L8TX_190312_01_B02	L5_6_IT_CTX
CATGGCGGTCGCTTCT-L8TX_180115_01_B11	L5_6_IT_CTX
GGACGTCCAGCTGCAC-L8TX_180221_01_D10	L5_6_IT_CTX
TACCTTAAGAGGGCTT-L8TX_171026_01_E05	L5_6_IT_CTX
GTCTTCGTCTGCCAGG-L8TX_180221_01_D10	L5_6_IT_CTX
GTCAAGTGTCGACTAT-L8TX_171026_01_C05	L5_6_IT_CTX
CGGGTCATCAGCTCTC-L8TX_180712_01_B06	L5_6_IT_CTX
CTGCTGTCACACCGCA-L8TX_181011_01_H03	L5_6_IT_CTX
GGACATTTCTGCTGTC-L8TX_171026_01_A05	L5_6_IT_CTX
GCGAGAAGTGCTAGCC-L8TX_180829_01_E10	L5_6_IT_CTX
GCGACCACACCTTGTC-L8TX_190312_01_B01	L5_6_IT_CTX
GTGCATATCCATGAAC-L8TX_171026_01_H04	L5_6_IT_CTX
ACTGATGGTGAAAGAG-L8TX_180829_01_D10	L5_6_IT_CTX
CCGTACTTCATACGGT-L8TX_171026_01_H05	L5_6_IT_CTX
CTTTGCGTCTGTACGA-L8TX_171026_01_H03	L5_6_IT_CTX
CGTCTACCACAACGCC-L8TX_180221_01_D10	L5_6_IT_CTX
TGATTTCGTGTAATGA-L8TX_180712_01_A06	L5_6_IT_CTX
CTCGTCAAGCCTTGAT-L8TX_180406_01_F02	L5_6_IT_CTX
GCAGTTAAGTCATCCA-L8TX_171026_01_G04	L5_6_IT_CTX
CCTTTCTAGCCCAGCT-L8TX_171026_01_H04	L5_6_IT_CTX
CTGGTCTTCGGTGTTA-L8TX_181011_01_G02	L5_6_IT_CTX
ACGGAGACATGCAATC-L8TX_171026_01_B05	L5_6_IT_CTX
TCGGGACCATCCTAGA-L8TX_180406_01_C06	L5_6_IT_CTX
ACCAGTACATAGGATA-L8TX_171120_01_C07	L5_6_IT_CTX
GCACATAGTGCATCTA-L8TX_171026_01_H03	L5_6_IT_CTX
ATAAGAGTCTGTCCGT-L8TX_180115_01_G11	L5_6_IT_CTX
ATTTCTGCACCTTGTC-L8TX_180221_01_A11	L5_6_IT_CTX
CTCGTACTCGCATGAT-L8TX_180221_01_E10	L5_6_IT_CTX
CGTTAGATCTCAAGTG-L8TX_180115_01_D09	L5_6_IT_CTX
ATGGGAGAGTAGTGCG-L8TX_171026_01_G03	L5_6_IT_CTX
GGTATTGTCCAAATGC-L8TX_180115_01_H10	L5_6_IT_CTX
CCCATACAGGCTCATT-L8TX_171026_01_H04	L5_6_IT_CTX
GTGGGTCTCAGCTGGC-L8TX_180115_01_G11	L5_6_IT_CTX
TTAGGCACACGAAATA-L8TX_180406_01_C06	L5_6_IT_CTX
CTCACACTCGCCATAA-L8TX_180829_01_D09	L5_6_IT_CTX
GTATCTTTCCACTCCA-L8TX_181206_01_H11	L5_6_IT_CTX
GGATGTTTCCGCTGTT-L8TX_180115_01_A10	L5_6_IT_CTX
AGTTGGTGTTTGTTGG-L8TX_180907_01_F11	L5_6_IT_CTX
CTGCTGTCAAGAAAGG-L8TX_180907_01_G11	L5_6_IT_CTX
CGACCTTTCTCATTCA-L8TX_171026_01_A05	L5_6_IT_CTX
TTTACTGTCTGGTGTA-L8TX_180115_01_G11	L5_6_IT_CTX
AATCGGTTCGGTCTAA-L8TX_180907_01_B12	L5_6_IT_CTX
CCTAGCTTCGCCAAAT-L8TX_180926_01_F01	L5_6_IT_CTX
CTGAAGTAGACTAAGT-L8TX_181011_01_C04	L5_6_IT_CTX
CCTACCAGTTCCAACA-L8TX_181011_01_G02	L5_6_IT_CTX
CTTGGCTCAGTGAGTG-L8TX_171026_01_H03	L5_6_IT_CTX
TTAGGACCAGCCTGTG-L8TX_180221_01_B10	L5_6_IT_CTX
GGACGTCCATCAGTCA-L8TX_180221_01_E10	L5_6_IT_CTX
TAGTGGTTCGGTCCGA-L8TX_190312_01_A02	L5_6_IT_CTX
GCTGCTTTCATTTGGG-L8TX_190312_01_D02	L5_6_IT_CTX
GTACTCCAGAATCTCC-L8TX_171026_01_A05	L5_6_IT_CTX
CTCAGAAAGTACGACG-L8TX_180221_01_E10	L5_6_IT_CTX
GACTACATCACGAAGG-L8TX_171026_01_D05	L5_6_IT_CTX
CGAGCACAGTGTACGG-L8TX_180926_01_B01	L5_6_IT_CTX
GGATGTTAGGTAGCTG-L8TX_180406_01_C06	L5_6_IT_CTX
CTAACTTGTAAGTGGC-L8TX_180926_01_E12	L5_6_IT_CTX
CACCAGGCAAGAGTCG-L8TX_180221_01_G10	L5_6_IT_CTX
ACTTTCATCTGAGTGT-L8TX_190312_01_D02	L5_6_IT_CTX
TCTGAGAAGGCTAGAC-L8TX_171026_01_C05	L5_6_IT_CTX
GATTCAGTCGCTTGTC-L8TX_180907_01_G11	L5_6_IT_CTX
ATGCGATAGAGGTACC-L8TX_180221_01_E10	L5_6_IT_CTX
GCACATAAGTTGAGAT-L8TX_171120_01_G07	L5_6_IT_CTX
AACTTTCAGTGTTTGC-L8TX_181206_01_B12	L5_6_IT_CTX
AGCTCTCGTTCCACTC-L8TX_181012_01_E05	L5_6_IT_CTX
AAGACCTTCTCGCATC-L8TX_190312_01_D02	L5_6_IT_CTX
CCTTCCCGTACTCTCC-L8TX_190312_01_D02	L5_6_IT_CTX
GGTGCGTAGTCGTTTG-L8TX_180115_01_F10	L5_6_IT_CTX
GTCACGGGTTGTCGCG-L8TX_180829_01_D09	L5_6_IT_CTX
CGTGAGCAGTGATCGG-L8TX_180712_01_B06	L5_6_IT_CTX
CGTGTCTGTCTGCCAG-L8TX_180115_01_F09	L5_6_IT_CTX
CGACTTCGTCTAGCCG-L8TX_190312_01_C02	L5_6_IT_CTX
AAGACCTTCGTGACAT-L8TX_180221_01_E10	L5_6_IT_CTX
GTTCGGGCATTAGGCT-L8TX_180221_01_A11	L5_6_IT_CTX
AGCGTATGTCTCCACT-L8TX_180221_01_G09	L5_6_IT_CTX
CTGATCCCAAACAACA-L8TX_181011_01_C04	L5_6_IT_CTX
CGTCTACGTCATACTG-L8TX_180115_01_H11	L5_6_IT_CTX
CTAATGGTCTATCCTA-L8TX_171026_01_G05	L5_6_IT_CTX
ACATACGCAATTCCTT-L8TX_180829_01_D10	L5_6_IT_CTX
GTAGTCAGTTAAGTAG-L8TX_180829_01_E10	L5_6_IT_CTX
GATCAGTGTGAAGGCT-L8TX_180907_01_H11	L5_6_IT_CTX
TAGAGCTGTGCGCTTG-L8TX_180406_01_F02	L5_6_IT_CTX
GTAACTGGTCGATTGT-L8TX_180221_01_D10	L5_6_IT_CTX
GGACGTCCACCTATCC-L8TX_171026_01_C05	L5_6_IT_CTX
CAGCTAACAGTATGCT-L8TX_180221_01_D10	L5_6_IT_CTX
ATTTCTGGTAAAGTCA-L8TX_180712_01_B06	L5_6_IT_CTX
ACCAGTATCAATCTCT-L8TX_180115_01_H10	L5_6_IT_CTX
TAAGTGCAGTACCGGA-L8TX_181012_01_H04	L5_6_IT_CTX
AAGTCTGAGGCATGGT-L8TX_180907_01_A12	L5_6_IT_CTX
GCGAGAACAATGTAAG-L8TX_180907_01_F10	L5_6_IT_CTX
GTGGGTCCACCCATGG-L8TX_180221_01_D09	L5_6_IT_CTX
TGGGCGTCAGTCACTA-L8TX_171026_01_G04	L5_6_IT_CTX
TACGGTATCACATGCA-L8TX_180221_01_D10	L5_6_IT_CTX
CACCACTCATGAACCT-L8TX_180221_01_D10	L5_6_IT_CTX
TAAGAGATCAAACCAC-L8TX_180907_01_A12	L5_6_IT_CTX
CTCGAAACATATGCTG-L8TX_180115_01_D10	L5_6_IT_CTX
CCCAGTTTCGGTCTAA-L8TX_180221_01_H10	L5_6_IT_CTX
GTTCGGGGTTCTCATT-L8TX_180115_01_G10	L5_6_IT_CTX
CTAAGACTCTCCAGGG-L8TX_180221_01_A10	L5_6_IT_CTX
ACGGAGAGTGCATCTA-L8TX_180907_01_F11	L5_6_IT_CTX
GAAATGAGTCCGTTAA-L8TX_180712_01_A06	L5_6_IT_CTX
CCACTACGTAGTAGTA-L8TX_180221_01_B10	L5_6_IT_CTX
GATGCTACAGCTTCGG-L8TX_181011_01_A03	L5_6_IT_CTX
GTGCATAGTATCTGCA-L8TX_180221_01_E10	L5_6_IT_CTX
GAAGCAGTCTGCCCTA-L8TX_180926_01_C12	L5_6_IT_CTX
CAGTAACCATGGTCTA-L8TX_180221_01_B10	L5_6_IT_CTX
ACACTGAAGAAGATTC-L8TX_180221_01_D10	L5_6_IT_CTX
TGCTGCTCAGCGTCCA-L8TX_180406_01_C06	L5_6_IT_CTX
CCGTGGATCAGTTCGA-L8TX_171026_01_D05	L5_6_IT_CTX
TCCACACTCCCTTGTG-L8TX_180115_01_G11	L5_6_IT_CTX
CGTTGGGGTACGCACC-L8TX_171026_01_D05	L5_6_IT_CTX
ACCGTAACATGCGCAC-L8TX_180221_01_E10	L5_6_IT_CTX
GTGAAGGAGTGGGTTG-L8TX_181011_01_H03	L5_6_IT_CTX
TATCTCAAGAGCTGCA-L8TX_180907_01_A12	L5_6_IT_CTX
TCTTCGGTCGCATGAT-L8TX_190312_01_H01	L5_6_IT_CTX
TACTTGTCAAGGACAC-L8TX_180221_01_F10	L5_6_IT_CTX
TTTGCGCCAATGTAAG-L8TX_190312_01_D02	L5_6_IT_CTX
CTCAGAACATGGTAGG-L8TX_180221_01_H10	L5_6_IT_CTX
CAAGAAAAGTCAATAG-L8TX_180221_01_G09	L5_6_IT_CTX
TTTATGCAGGTGATTA-L8TX_180115_01_F10	L5_6_IT_CTX
CCAATCCAGCTAACAA-L8TX_180221_01_F10	L5_6_IT_CTX
ATAAGAGCACCTTGTC-L8TX_190312_01_B02	L5_6_IT_CTX
CACACTCGTGTGAAAT-L8TX_171026_01_F03	L5_6_IT_CTX
TACACGATCTCTGCTG-L8TX_180115_01_E09	L5_6_IT_CTX
GATGAGGCAATGGTCT-L8TX_190312_01_B01	L5_6_IT_CTX
TGTTCCGCACCTCGGA-L8TX_171026_01_E05	L5_6_IT_CTX
TACAGTGCAGGCGATA-L8TX_180221_01_E10	L5_6_IT_CTX
AACTCAGAGCGCCTTG-L8TX_181206_01_E12	L5_6_IT_CTX
TAGAGCTCACCTCGGA-L8TX_180221_01_C09	L5_6_IT_CTX
TCAACGAAGTGATCGG-L8TX_180907_01_F10	L5_6_IT_CTX
GTGCGGTGTTAGATGA-L8TX_180907_01_G11	L5_6_IT_CTX
TACTTGTGTAGCTGCC-L8TX_180907_01_G11	L5_6_IT_CTX
TAGGCATAGTCTCCTC-L8TX_180115_01_D11	L5_6_IT_CTX
GCACTCTCATGCCACG-L8TX_180712_01_E05	L5_6_IT_CTX
GTCATTTCAGGACGTA-L8TX_180221_01_D11	L5_6_IT_CTX
CTAACTTTCAGTGCAT-L8TX_171026_01_H05	L5_6_IT_CTX
TATTACCCATGCTAGT-L8TX_181012_01_B05	L5_6_IT_CTX
TCGCGTTGTCTCCATC-L8TX_171026_01_B05	L5_6_IT_CTX
GCCAAATGTGGCAAAC-L8TX_181012_01_E05	L5_6_IT_CTX
GATGAAAGTACGACCC-L8TX_181011_01_C04	L5_6_IT_CTX
TGCTGCTAGGGCATGT-L8TX_180221_01_D10	L5_6_IT_CTX
ACGAGGAAGAGTAAGG-L8TX_180221_01_E10	L5_6_IT_CTX
ATCATGGGTCAGGACA-L8TX_171026_01_C05	L5_6_IT_CTX
ACTGCTCCACCCAGTG-L8TX_190312_01_D02	L5_6_IT_CTX
TCTGAGAGTTCAGCGC-L8TX_180406_01_C06	L5_6_IT_CTX
TTGGCAATCATGTCTT-L8TX_180221_01_E10	L5_6_IT_CTX
ACCAGTAAGCTATGCT-L8TX_180712_01_H05	L5_6_IT_CTX
GTCAAGTAGGATGGTC-L8TX_180221_01_E10	L5_6_IT_CTX
TCATTACGTCCAACTA-L8TX_190312_01_A02	L5_6_IT_CTX
AGAATAGCATGCTAGT-L8TX_180115_01_F10	L5_6_IT_CTX
CAGAATCCAGTCAGAG-L8TX_181206_01_F12	L5_6_IT_CTX
CATCAGAGTGATAAGT-L8TX_181011_01_A03	L5_6_IT_CTX
GTCAAGTAGGTAAACT-L8TX_171026_01_F05	L5_6_IT_CTX
ACGGCCAGTTATCGGT-L8TX_180115_01_F09	L5_6_IT_CTX
CCGTGGATCCCTTGCA-L8TX_180926_01_B01	L5_6_IT_CTX
TCAGCAAAGTGGACGT-L8TX_171026_01_G03	L5_6_IT_CTX
GCGACCAGTGTCAATC-L8TX_181206_01_A12	L5_6_IT_CTX
AGGGATGGTGATAAAC-L8TX_171026_01_F05	L5_6_IT_CTX
CCAGCGAGTACAAGTA-L8TX_180221_01_E09	L5_6_IT_CTX
GCCTCTACATTGGCGC-L8TX_180115_01_A09	L5_6_IT_CTX
ACGTCAACAGCCTTGG-L8TX_180221_01_C11	L5_6_IT_CTX
GCGCCAATCATAACCG-L8TX_171026_01_G05	L5_6_IT_CTX
ACCTTTATCCACTGGG-L8TX_171026_01_A04	L5_6_IT_CTX
TGGGAAGGTAGCGTGA-L8TX_180221_01_F10	L5_6_IT_CTX
CGGTTAAAGTGTGGCA-L8TX_181011_01_B03	L5_6_IT_CTX
GGGTTGCTCACTTCAT-L8TX_171026_01_H05	L5_6_IT_CTX
CACAGTACATTGGGCC-L8TX_180907_01_F10	L5_6_IT_CTX
GTTCATTGTGGTTTCA-L8TX_190312_01_D01	L5_6_IT_CTX
ACGATACCACAAGTAA-L8TX_190312_01_G02	L5_6_IT_CTX
TGGCGCACAAGCGAGT-L8TX_180907_01_F11	L5_6_IT_CTX
AAGGTTCAGGTAAACT-L8TX_190312_01_B01	L5_6_IT_CTX
GTGGGTCGTAAGAGAG-L8TX_190312_01_E01	L5_6_IT_CTX
CGGAGCTAGCATGGCA-L8TX_181206_01_H11	L5_6_IT_CTX
AAGGAGCAGAGCTATA-L8TX_180907_01_G10	L5_6_IT_CTX
TCTGGAAAGTACGCGA-L8TX_180221_01_A10	L5_6_IT_CTX
CAACTAGAGCTGCCCA-L8TX_180221_01_D10	L5_6_IT_CTX
GGACAAGTCAGTGCAT-L8TX_171026_01_G05	L5_6_IT_CTX
AGACGTTCAGACACTT-L8TX_171026_01_E05	L5_6_IT_CTX
ATCCGAAAGATGAGAG-L8TX_180406_01_C06	L5_6_IT_CTX
AGTGTCATCACAGGCC-L8TX_171026_01_F03	L5_6_IT_CTX
ATCATGGCAAGCGCTC-L8TX_180712_01_G05	L5_6_IT_CTX
GTTTCTAAGTGGGATC-L8TX_180115_01_G08	L5_6_IT_CTX
GTGCGGTGTTGGAGGT-L8TX_171026_01_F05	L5_6_IT_CTX
GTCGGGTTCTACCAGA-L8TX_180115_01_G11	L5_6_IT_CTX
CTGAAACGTTCGTTGA-L8TX_181206_01_E12	L5_6_IT_CTX
GAAGCAGCAGGAATCG-L8TX_190312_01_B01	L5_6_IT_CTX
ATGCGATAGTAATCCC-L8TX_180221_01_D10	L5_6_IT_CTX
AACTCCCCAACACCCG-L8TX_171026_01_B04	L5_6_IT_CTX
AACCATGAGAAGGTGA-L8TX_180907_01_F11	L5_6_IT_CTX
ATTACTCTCTAACTTC-L8TX_180221_01_H09	L5_6_IT_CTX
CTCACACAGCCAGTTT-L8TX_180712_01_B06	L5_6_IT_CTX
TGAGGGACAAGGTTCT-L8TX_180221_01_F10	L5_6_IT_CTX
TATTACCAGATCTGAA-L8TX_180115_01_F09	L5_6_IT_CTX
AGGGTGAGTTCCGTCT-L8TX_181012_01_E05	L5_6_IT_CTX
GAACGGAGTAAGTGTA-L8TX_171026_01_G03	L5_6_IT_CTX
AGTGGGACAACTTGAC-L8TX_180221_01_E10	L5_6_IT_CTX
CGATTGACAGATTGCT-L8TX_171026_01_A05	L5_6_IT_CTX
GATCGTATCTAACCGA-L8TX_180926_01_D01	L5_6_IT_CTX
GTGCAGCCATTAGCCA-L8TX_190312_01_D02	L5_6_IT_CTX
ATTGGACGTAACGCGA-L8TX_190312_01_A02	L5_6_IT_CTX
ATGAGGGAGCTACCTA-L8TX_180907_01_F11	L5_6_IT_CTX
CGTAGGCTCTATCGCC-L8TX_180115_01_E10	L5_6_IT_CTX
CGTGTCTGTTTAGGAA-L8TX_171026_01_A04	L5_6_IT_CTX
CCAATCCGTAGGGACT-L8TX_180712_01_E05	L5_6_IT_CTX
CACAGTAGTCTCACCT-L8TX_180115_01_G11	L5_6_IT_CTX
GGAACTTCATTGCGGC-L8TX_180907_01_H11	L5_6_IT_CTX
CGGACTGGTGAGGCTA-L8TX_171120_01_C07	L5_6_IT_CTX
GCGCAGTAGGCTAGCA-L8TX_190312_01_D02	L5_6_IT_CTX
TAAGAGATCCCAGGTG-L8TX_190312_01_B01	L5_6_IT_CTX
TGGCCAGAGCTCAACT-L8TX_181206_01_D12	L5_6_IT_CTX
GTCACGGTCTTGTCAT-L8TX_180115_01_E11	L5_6_IT_CTX
GGAAAGCCACCGGAAA-L8TX_180115_01_C09	L5_6_IT_CTX
ATGCGATTCCGTACAA-L8TX_180115_01_G11	L5_6_IT_CTX
TACTTGTGTTCAACCA-L8TX_180221_01_E10	L5_6_IT_CTX
GTGTTAGCATTGGGCC-L8TX_181206_01_F12	L5_6_IT_CTX
CCGTGGAGTGACGGTA-L8TX_180115_01_C11	L5_6_IT_CTX
TTGAACGAGTCCGTAT-L8TX_181012_01_G04	L5_6_IT_CTX
TCAGGTAAGAGAGCTC-L8TX_171026_01_A04	L5_6_IT_CTX
GCTTCCAAGCGGCTTC-L8TX_180115_01_H10	L5_6_IT_CTX
CCGTACTCAAATTGCC-L8TX_180115_01_G11	L5_6_IT_CTX
TTTACTGCAGCCTGTG-L8TX_180926_01_E12	L5_6_IT_CTX
GAGTCCGAGTGTCCCG-L8TX_180221_01_A11	L5_6_IT_CTX
GGAATAACAGCTATTG-L8TX_180907_01_F11	L5_6_IT_CTX
CAAGAAAGTTGCGCAC-L8TX_180221_01_E10	L5_6_IT_CTX
AGGGATGAGATGCCAG-L8TX_180115_01_A09	L5_6_IT_CTX
GGCGTGTAGAAACCTA-L8TX_180221_01_A11	L5_6_IT_CTX
TCAACGACAAACCCAT-L8TX_190312_01_D01	L5_6_IT_CTX
CGAGAAGGTCGGATCC-L8TX_171026_01_G05	L5_6_IT_CTX
CCTAGCTGTGTGCCTG-L8TX_180115_01_F11	L5_6_IT_CTX
CAGTAACCAAACGCGA-L8TX_180221_01_A10	L5_6_IT_CTX
GTCGTAATCTGCCCTA-L8TX_180907_01_A12	L5_6_IT_CTX
GCTTCCACAGACAGGT-L8TX_171026_01_F05	L5_6_IT_CTX
ATCCGAAAGCTGCGAA-L8TX_180221_01_E10	L5_6_IT_CTX
TACTTGTCACGCTTTC-L8TX_180115_01_H11	L5_6_IT_CTX
ATCATCTAGATTACCC-L8TX_180907_01_G11	L5_6_IT_CTX
GACGCGTTCACGACTA-L8TX_171026_01_G03	L5_6_IT_CTX
AAGGTTCTCCATGAGT-L8TX_180907_01_F10	L5_6_IT_CTX
CTCTACGCAGCTATTG-L8TX_180115_01_G08	L5_6_IT_CTX
CCCTCCTGTGAGGGTT-L8TX_190312_01_B01	L5_6_IT_CTX
CATCAGACACCTATCC-L8TX_190312_01_D02	L5_6_IT_CTX
TGACTAGAGGACACCA-L8TX_180115_01_C11	L5_6_IT_CTX
GTCACGGTCTCTGCTG-L8TX_190312_01_G02	L5_6_IT_CTX
TAGTTGGCACTCGACG-L8TX_181012_01_H04	L5_6_IT_CTX
TACCTATTCTGTTGAG-L8TX_181012_01_E05	L5_6_IT_CTX
AGGCCACTCTGTCAAG-L8TX_171026_01_A05	L5_6_IT_CTX
ACGATGTGTGTTTGTG-L8TX_180221_01_E10	L5_6_IT_CTX
CACCTTGGTCCCTACT-L8TX_180221_01_A11	L5_6_IT_CTX
TACCTTATCCTTCAAT-L8TX_171026_01_G05	L5_6_IT_CTX
ACTGTCCCAAACGCGA-L8TX_181012_01_B05	L5_6_IT_CTX
ACGAGGAGTTCGCTAA-L8TX_180907_01_F11	L5_6_IT_CTX
CAGTCCTGTTTGCATG-L8TX_180907_01_A12	L5_6_IT_CTX
TGTGGTAGTGACGGTA-L8TX_171026_01_H03	L5_6_IT_CTX
TTAGTTCAGTGGTAGC-L8TX_180221_01_H10	L5_6_IT_CTX
AAAGTAGCAAGGTTCT-L8TX_180221_01_E10	L5_6_IT_CTX
TGCGGGTGTGCTAGCC-L8TX_171120_01_G07	L5_6_IT_CTX
AGCGTCGAGGTAAACT-L8TX_190312_01_F01	L5_6_IT_CTX
CCAGCGATCGGATGGA-L8TX_180907_01_B12	L5_6_IT_CTX
CGAGAAGTCTGCGTAA-L8TX_190312_01_D02	L5_6_IT_CTX
GACTACATCCATGCTC-L8TX_180712_01_C06	L5_6_IT_CTX
TATCTCAAGTGCGTGA-L8TX_171026_01_H04	L5_6_IT_CTX
AAGTCTGAGGACAGAA-L8TX_180907_01_A12	L5_6_IT_CTX
ACCCACTTCCTGCTTG-L8TX_180221_01_H10	L5_6_IT_CTX
CATGCCTCACAGCCCA-L8TX_180221_01_B11	L5_6_IT_CTX
GCACTCTAGCCATCGC-L8TX_180712_01_E05	L5_6_IT_CTX
AACTTTCAGGATGGTC-L8TX_190312_01_C01	L5_6_IT_CTX
AAACCTGGTGTGAATA-L8TX_180907_01_H11	L5_6_IT_CTX
TGATTTCAGTGTACGG-L8TX_180221_01_D10	L5_6_IT_CTX
CCTTACGGTCTTGATG-L8TX_190312_01_C02	L5_6_IT_CTX
TACACGAAGCACACAG-L8TX_190312_01_F01	L5_6_IT_CTX
CACAGGCTCCGTTGTC-L8TX_181206_01_E12	L5_6_IT_CTX
AATCGGTAGGCCGAAT-L8TX_180926_01_F01	L5_6_IT_CTX
TACAGTGGTACTCGCG-L8TX_171026_01_H04	L5_6_IT_CTX
GCGACCATCCTGCCAT-L8TX_181011_01_C04	L5_6_IT_CTX
GAACCTACAATAGCAA-L8TX_180907_01_A12	L5_6_IT_CTX
TGCCCATCAGTGGAGT-L8TX_180115_01_G11	L5_6_IT_CTX
CATGGCGCATGGAATA-L8TX_190312_01_F02	L5_6_IT_CTX
AGTGGGAGTCCGAGTC-L8TX_171026_01_B04	L5_6_IT_CTX
TAGCCGGAGGTGATAT-L8TX_180115_01_B10	L5_6_IT_CTX
CATCGGGAGTGGACGT-L8TX_180221_01_H09	L5_6_IT_CTX
CAACCAACATCTGGTA-L8TX_180907_01_A12	L5_6_IT_CTX
GGTGCGTGTGTGCGTC-L8TX_180406_01_F02	L5_6_IT_CTX
TTCGGTCTCGGGAGTA-L8TX_180115_01_F09	L5_6_IT_CTX
CACAGTAGTAGCAAAT-L8TX_180221_01_D10	L5_6_IT_CTX
TACTCGCCAAAGGAAG-L8TX_180829_01_E10	L5_6_IT_CTX
GAATAAGCAGGCTCAC-L8TX_171120_01_H07	L5_6_IT_CTX
CATGCCTAGGTGATTA-L8TX_171026_01_H04	L5_6_IT_CTX
TAAACCGAGTCCTCCT-L8TX_171120_01_E07	L5_6_IT_CTX
GCTTCCATCTCAAACG-L8TX_171026_01_F05	L5_6_IT_CTX
ATCGAGTCATGGAATA-L8TX_180221_01_B11	L5_6_IT_CTX
CGTCAGGAGAATCTCC-L8TX_171026_01_D05	L5_6_IT_CTX
CTGATAGTCCTGTAGA-L8TX_171026_01_F03	L5_6_IT_CTX
ATCATGGTCTCTGAGA-L8TX_180221_01_D10	L5_6_IT_CTX
TTGGAACGTGTGACGA-L8TX_180115_01_A09	L5_6_IT_CTX
GACGGCTGTACCAGTT-L8TX_180115_01_H11	L5_6_IT_CTX
GCCAAATGTCAGAAGC-L8TX_180221_01_D10	L5_6_IT_CTX
TCATTACTCTTCAACT-L8TX_180115_01_D08	L5_6_IT_CTX
GTGTTAGCACGAAACG-L8TX_180221_01_F09	L5_6_IT_CTX
CTTACCGTCGGAGGTA-L8TX_180829_01_D10	L5_6_IT_CTX
TCAGGTACAGAGCCAA-L8TX_171026_01_G03	L5_6_IT_CTX
CGGCTAGCACTGTCGG-L8TX_181011_01_A03	L5_6_IT_CTX
TTTGCGCCAACGATGG-L8TX_180115_01_E08	L5_6_IT_CTX
GGGCACTAGCAACGGT-L8TX_180115_01_D11	L5_6_IT_CTX
CCATTCGGTTCGTTGA-L8TX_180221_01_H11	L5_6_IT_CTX
AGGGAGTTCACGACTA-L8TX_180926_01_E01	L5_6_IT_CTX
AAGGTTCTCTTCAACT-L8TX_190312_01_C01	L5_6_IT_CTX
TGCCCTATCCAGGGCT-L8TX_171026_01_B05	L5_6_IT_CTX
TACCTTAAGCTAGTGG-L8TX_171026_01_G05	L5_6_IT_CTX
TCAACGAAGCTGATAA-L8TX_171026_01_B04	L5_6_IT_CTX
CTACATTCATTCTTAC-L8TX_190312_01_C02	L5_6_IT_CTX
AGCTCTCTCTTCCTTC-L8TX_180115_01_D11	L5_6_IT_CTX
TGGGAAGAGAGTCGGT-L8TX_180115_01_D09	L5_6_IT_CTX
TGGTTAGGTAAAGGAG-L8TX_171120_01_D07	L5_6_IT_CTX
TCGAGGCAGCTCCTCT-L8TX_190312_01_A02	L5_6_IT_CTX
CGACTTCCAGCTGTAT-L8TX_180907_01_F10	L5_6_IT_CTX
CGGCTAGAGCGCCTTG-L8TX_180221_01_H12	L5_6_IT_CTX
TTAGGACGTCGTGGCT-L8TX_180907_01_G10	L5_6_IT_CTX
TAGGCATGTGTGAAAT-L8TX_180712_01_B06	L5_6_IT_CTX
GGAATAACACTATCTT-L8TX_180221_01_D10	L5_6_IT_CTX
TTAGGCAGTAAGTGGC-L8TX_181011_01_B03	L5_6_IT_CTX
TACTCATAGACACTAA-L8TX_181011_01_A03	L5_6_IT_CTX
CCTCTGACAACACCCG-L8TX_181011_01_B03	L5_6_IT_CTX
TGACTAGTCCTCCTAG-L8TX_180926_01_B01	L5_6_IT_CTX
CGTTCTGGTTATTCTC-L8TX_180712_01_G05	L5_6_IT_CTX
TACAGTGAGAGATGAG-L8TX_180115_01_D11	L5_6_IT_CTX
TTTGCGCGTTCCGTCT-L8TX_180907_01_F11	L5_6_IT_CTX
AGACGTTCAATACGCT-L8TX_180115_01_D10	L5_6_IT_CTX
ACTGAACTCCTAAGTG-L8TX_171026_01_F03	L5_6_IT_CTX
CGGCTAGGTTCGGCAC-L8TX_181206_01_H11	L5_6_IT_CTX
ACGGGTCAGATACACA-L8TX_190312_01_D01	L5_6_IT_CTX
TTTGGTTTCTGAGTGT-L8TX_171026_01_G05	L5_6_IT_CTX
GGTGTTACAAATTGCC-L8TX_180907_01_E11	L5_6_IT_CTX
GAACCTACAAAGGAAG-L8TX_180115_01_D09	L5_6_IT_CTX
TCAATCTGTTCTGTTT-L8TX_180221_01_F10	L5_6_IT_CTX
TCAATCTTCGTGACAT-L8TX_181011_01_B03	L5_6_IT_CTX
GATCGTACATGGGACA-L8TX_171026_01_C05	L5_6_IT_CTX
CCGTTCAGTTACAGAA-L8TX_181206_01_C12	L5_6_IT_CTX
GCATGCGGTCTCCATC-L8TX_180907_01_F11	L5_6_IT_CTX
ATCATGGGTGGCAAAC-L8TX_171026_01_F05	L5_6_IT_CTX
GGTGAAGAGAGGTAGA-L8TX_181012_01_C05	L5_6_IT_CTX
CAGATCAAGGCTAGGT-L8TX_180907_01_E11	L5_6_IT_CTX
TTTGGTTTCCAAGCCG-L8TX_180926_01_F01	L5_6_IT_CTX
CATCGAAAGGGTGTGT-L8TX_180829_01_E10	L5_6_IT_CTX
TAGGCATTCTCTTGAT-L8TX_171026_01_E05	L5_6_IT_CTX
CTACGTCCAGCTGCTG-L8TX_190312_01_B02	L5_6_IT_CTX
GGCGACTCAGTCAGCC-L8TX_180406_01_F02	L5_6_IT_CTX
CCACCTAGTTATCGGT-L8TX_180115_01_E09	L5_6_IT_CTX
TTCTACACACATCCGG-L8TX_180115_01_D11	L5_6_IT_CTX
CACCAGGAGGACCACA-L8TX_190312_01_G02	L5_6_IT_CTX
TCGAGGCGTGGTACAG-L8TX_180115_01_H10	L5_6_IT_CTX
CTGCGGAAGAAGGGTA-L8TX_180221_01_F10	L5_6_IT_CTX
TGGACGCAGGCCCGTT-L8TX_180907_01_B11	L5_6_IT_CTX
ATGGGAGTCTGCTGTC-L8TX_171026_01_G03	L5_6_IT_CTX
CTGAAGTCAGCAGTTT-L8TX_180221_01_C09	L5_6_IT_CTX
AGCGGTCCACCATCCT-L8TX_171026_01_F04	L5_6_IT_CTX
CCTATTACACACGCTG-L8TX_180907_01_B12	L5_6_IT_CTX
AACTCAGTCAGTTGAC-L8TX_190312_01_F01	L5_6_IT_CTX
GGCGACTGTCCGAATT-L8TX_180907_01_H11	L5_6_IT_CTX
ATAACGCAGTGTCCCG-L8TX_190312_01_G02	L5_6_IT_CTX
ACTGAACAGTGAAGAG-L8TX_180907_01_B12	L5_6_IT_CTX
CTCACACGTCGCGTGT-L8TX_171026_01_H03	L5_6_IT_CTX
TTTCCTCAGGACATTA-L8TX_190312_01_C02	L5_6_IT_CTX
AGACGTTGTTAAAGAC-L8TX_180115_01_E09	L5_6_IT_CTX
TTGACTTTCACCGGGT-L8TX_180907_01_F11	L5_6_IT_CTX
ACGGAGAGTGAAAGAG-L8TX_180926_01_E12	L5_6_IT_CTX
GACTACACACTACAGT-L8TX_180115_01_F11	L5_6_IT_CTX
CGACTTCCACAACTGT-L8TX_190312_01_A02	L5_6_IT_CTX
ATGGGAGAGAATCTCC-L8TX_171026_01_F05	L5_6_IT_CTX
TGGTTAGAGCCCGAAA-L8TX_171026_01_B04	L5_6_IT_CTX
CGTGAGCCATCAGTAC-L8TX_181206_01_H11	L5_6_IT_CTX
CGTTCTGCAAGTAGTA-L8TX_180829_01_D10	L5_6_IT_CTX
AACGTTGCATTACCTT-L8TX_180221_01_D10	L5_6_IT_CTX
GTTCGGGGTATCAGTC-L8TX_190312_01_B02	L5_6_IT_CTX
CGTCCATAGTACGTTC-L8TX_180406_01_C06	L5_6_IT_CTX
TGTGGTATCAAAGTAG-L8TX_180221_01_H10	L5_6_IT_CTX
CTAACTTCATCTCCCA-L8TX_171026_01_H03	L5_6_IT_CTX
CAAGGCCCACCTATCC-L8TX_180221_01_E09	L5_6_IT_CTX
CATGCCTAGGCCCTTG-L8TX_181206_01_D12	L5_6_IT_CTX
GCGACCAAGCGTGTCC-L8TX_171026_01_F04	L5_6_IT_CTX
AGGTCATAGGCTAGGT-L8TX_180221_01_F10	L5_6_IT_CTX
GAGTCCGGTGAAGGCT-L8TX_181011_01_H03	L5_6_IT_CTX
TACGGTAGTAGAGCTG-L8TX_171026_01_G04	L5_6_IT_CTX
CTGCGGATCTGTCTCG-L8TX_180115_01_B11	L5_6_IT_CTX
TTCGAAGCATATACCG-L8TX_181011_01_C04	L5_6_IT_CTX
ATCTGCCAGATCGGGT-L8TX_180907_01_G10	L5_6_IT_CTX
TGAAAGACACTTAAGC-L8TX_180115_01_B09	L5_6_IT_CTX
CGTGTCTCACAGGCCT-L8TX_180221_01_C10	L5_6_IT_CTX
GTTAAGCCAGACGCCT-L8TX_180221_01_H10	L5_6_IT_CTX
GGTGTTAGTTAGATGA-L8TX_181011_01_A03	L5_6_IT_CTX
ACAGCCGTCATCTGTT-L8TX_171026_01_F03	L5_6_IT_CTX
GATGAGGCACGCCAGT-L8TX_180115_01_C10	L5_6_IT_CTX
GAGGTGAAGGAGTACC-L8TX_181012_01_E05	L5_6_IT_CTX
TCTTCGGTCTGTTTGT-L8TX_190312_01_A02	L5_6_IT_CTX
CAGAGAGAGAGACTAT-L8TX_190312_01_E02	L5_6_IT_CTX
CGATGTACATCCTTGC-L8TX_180115_01_G10	L5_6_IT_CTX
AACTGGTGTGTGACCC-L8TX_180115_01_C10	L5_6_IT_CTX
CCTAGCTTCCGCGTTT-L8TX_180115_01_B09	L5_6_IT_CTX
CGATGTACACATCTTT-L8TX_180221_01_E10	L5_6_IT_CTX
CAGCTAATCCAAACTG-L8TX_180221_01_G09	L5_6_IT_CTX
AGCTCTCCAATGGAGC-L8TX_180115_01_C11	L5_6_IT_CTX
GTGCGGTTCTGATTCT-L8TX_181011_01_C04	L5_6_IT_CTX
CTTTGCGTCAAGATCC-L8TX_171026_01_H03	L5_6_IT_CTX
AGTGAGGGTACTTAGC-L8TX_180221_01_E10	L5_6_IT_CTX
CAGCAGCAGTCAAGCG-L8TX_190312_01_D02	L5_6_IT_CTX
GGCAATTTCTTCCTTC-L8TX_180504_01_E01	L5_6_IT_CTX
GGTGCGTTCAGGCGAA-L8TX_180907_01_E11	L5_6_IT_CTX
ACACCGGTCGACCAGC-L8TX_171026_01_C05	L5_6_IT_CTX
GACCTGGCAACACCTA-L8TX_171120_01_H07	L5_6_IT_CTX
ATTACTCGTAAAGTCA-L8TX_181206_01_H11	L5_6_IT_CTX
ACTGAGTAGGGCTTCC-L8TX_171120_01_G07	L5_6_IT_CTX
GTAACTGTCATGTCTT-L8TX_181011_01_C04	L5_6_IT_CTX
CCACGGAAGCGTGAAC-L8TX_180221_01_H10	L5_6_IT_CTX
CCACCTATCCTCAATT-L8TX_171026_01_G04	L5_6_IT_CTX
GGAGCAACAAGAGTCG-L8TX_180221_01_H10	L5_6_IT_CTX
GGTGTTACATCAGTAC-L8TX_190312_01_B02	L5_6_IT_CTX
GATGAGGCATTTGCCC-L8TX_190312_01_D01	L5_6_IT_CTX
CCATTCGCAATCCAAC-L8TX_181011_01_A03	L5_6_IT_CTX
CGGGTCATCTGGTATG-L8TX_171026_01_H04	L5_6_IT_CTX
TCATTACAGACCACGA-L8TX_171026_01_H03	L5_6_IT_CTX
GCATGTACAAGCTGAG-L8TX_171026_01_G05	L5_6_IT_CTX
CCGTTCATCACCACCT-L8TX_181206_01_E12	L5_6_IT_CTX
GTCCTCATCGATGAGG-L8TX_171026_01_D05	L5_6_IT_CTX
AGCGGTCAGCTCTCGG-L8TX_180115_01_A11	L5_6_IT_CTX
GGACGTCAGTAGGTGC-L8TX_180221_01_A11	L5_6_IT_CTX
TTATGCTAGCGTGAAC-L8TX_180221_01_B12	L5_6_IT_CTX
AGTAGTCAGTGGTCCC-L8TX_180907_01_A12	L5_6_IT_CTX
AGTTGGTCACGAGGTA-L8TX_171026_01_D05	L5_6_IT_CTX
TTTCCTCGTATAAACG-L8TX_180926_01_D01	L5_6_IT_CTX
ACGATGTAGTCGCCGT-L8TX_180115_01_E11	L5_6_IT_CTX
TATTACCAGGAGCGAG-L8TX_180221_01_C10	L5_6_IT_CTX
ACCCACTTCTGTACGA-L8TX_180115_01_F11	L5_6_IT_CTX
GGGCACTCACTATCTT-L8TX_180115_01_A10	L5_6_IT_CTX
GTTCGGGAGCCACGTC-L8TX_180907_01_B12	L5_6_IT_CTX
GATTCAGGTCGAGTTT-L8TX_180221_01_G09	L5_6_IT_CTX
CTACGTCGTTAGATGA-L8TX_171026_01_B04	L5_6_IT_CTX
CACAGGCTCCGCTGTT-L8TX_180829_01_D09	L5_6_IT_CTX
GTAACGTAGAAACCTA-L8TX_171026_01_H05	L5_6_IT_CTX
CGCTGGAAGTGGTAAT-L8TX_190312_01_D02	L5_6_IT_CTX
CAGATCAGTACTTCTT-L8TX_180221_01_F10	L5_6_IT_CTX
GTCAAGTTCTTGAGGT-L8TX_180115_01_H10	L5_6_IT_CTX
TGAGCCGTCATAAAGG-L8TX_180221_01_E10	L5_6_IT_CTX
ATCTGCCCAAGGTTCT-L8TX_180907_01_B12	L5_6_IT_CTX
TGACAACGTACCGTTA-L8TX_171026_01_F05	L5_6_IT_CTX
ACAGCTACACCAGGTC-L8TX_180406_01_C06	L5_6_IT_CTX
ACGAGGAGTCTGATCA-L8TX_181011_01_C04	L5_6_IT_CTX
CATGCCTGTCTTCGTC-L8TX_181012_01_E05	L5_6_IT_CTX
AGCCTAAAGCGACGTA-L8TX_190312_01_G01	L5_6_IT_CTX
CATCGGGTCGTCACGG-L8TX_171026_01_B04	L5_6_IT_CTX
CCTAAAGCAGCTTAAC-L8TX_171026_01_C05	L5_6_IT_CTX
GTACTCCTCTTAGCCC-L8TX_180907_01_A12	L5_6_IT_CTX
TTTATGCAGCAGCCTC-L8TX_180221_01_G09	L5_6_IT_CTX
CCACGGATCTTCTGGC-L8TX_180221_01_G10	L5_6_IT_CTX
GTCAAGTGTCCGTTAA-L8TX_180115_01_B10	L5_6_IT_CTX
CTACACCTCAGAGACG-L8TX_181206_01_B12	L5_6_IT_CTX
TTTACTGCATGGTCAT-L8TX_180926_01_E12	L5_6_IT_CTX
GGCTGGTCACCTCGGA-L8TX_180115_01_H11	L5_6_IT_CTX
CCACTACAGTGCTGCC-L8TX_171120_01_F07	L5_6_IT_CTX
GCAGCCATCTGGCGAC-L8TX_180829_01_E10	L5_6_IT_CTX
TACGGATGTCCGTCAG-L8TX_180115_01_G09	L5_6_IT_CTX
GCTCTGTTCTTGAGAC-L8TX_180221_01_E10	L5_6_IT_CTX
CACACTCAGTATTGGA-L8TX_171120_01_G07	L5_6_IT_CTX
GTGGGTCAGCAGCGTA-L8TX_180907_01_G11	L5_6_IT_CTX
CCATGTCTCTTTCCTC-L8TX_190312_01_E01	L5_6_IT_CTX
TGGCTGGTCTCCTATA-L8TX_180907_01_B12	L5_6_IT_CTX
TGAGAGGGTCTACCTC-L8TX_180221_01_F10	L5_6_IT_CTX
TACTCATGTAGTAGTA-L8TX_180221_01_A10	L5_6_IT_CTX
CAGCTGGGTGATGTGG-L8TX_180115_01_F11	L5_6_IT_CTX
TACTCGCCATATGCTG-L8TX_180221_01_A11	L5_6_IT_CTX
TAAGAGATCATACGGT-L8TX_190312_01_D01	L5_6_IT_CTX
AGAATAGTCAGCATGT-L8TX_180926_01_E01	L5_6_IT_CTX
TCATTACAGTGAATTG-L8TX_180907_01_F10	L5_6_IT_CTX
TATCAGGAGCGATGAC-L8TX_190312_01_C01	L5_6_IT_CTX
TACTCGCAGAGCCCAA-L8TX_180221_01_C09	L5_6_IT_CTX
CTGATCCAGCGTTCCG-L8TX_180926_01_D01	L5_6_IT_CTX
CTCGAGGCAGTTAACC-L8TX_180221_01_H09	L5_6_IT_CTX
AACTTTCGTAATCGTC-L8TX_180115_01_F08	L5_6_IT_CTX
CTGTGCTCACGGCCAT-L8TX_180221_01_B10	L5_6_IT_CTX
CACACTCTCTCTGTCG-L8TX_171026_01_F04	L5_6_IT_CTX
CCGTTCAGTGTCAATC-L8TX_180221_01_D11	L5_6_IT_CTX
AACTTTCGTAAAGTCA-L8TX_180907_01_F11	L5_6_IT_CTX
TGACGGCAGGACATTA-L8TX_180115_01_E09	L5_6_IT_CTX
GCGCCAAAGCGCTCCA-L8TX_180115_01_D11	L5_6_IT_CTX
TCTATTGTCAGCAACT-L8TX_180907_01_B12	L5_6_IT_CTX
ACAGCCGCAAGCGCTC-L8TX_180221_01_H10	L5_6_IT_CTX
GAATGAATCGCGATCG-L8TX_181206_01_E12	L5_6_IT_CTX
AGATCTGGTGTGAATA-L8TX_171026_01_A05	L5_6_IT_CTX
GTCTCGTCAGATCGGA-L8TX_171026_01_E05	L5_6_IT_CTX
GGGAATGTCAAGGCTT-L8TX_171026_01_F05	L5_6_IT_CTX
ATAAGAGGTGACAAAT-L8TX_180115_01_F11	L5_6_IT_CTX
CATGACATCCTGTACC-L8TX_180221_01_E10	L5_6_IT_CTX
CTGATAGCAGATGGGT-L8TX_180829_01_E10	L5_6_IT_CTX
GGGACCTAGAAGAAGC-L8TX_180221_01_A11	L5_6_IT_CTX
TTGGAACAGTGCTGCC-L8TX_181011_01_H02	L5_6_IT_CTX
AGAGCGATCTTGTCAT-L8TX_180907_01_A12	L5_6_IT_CTX
CGGACGTGTGATGTCT-L8TX_180221_01_D10	L5_6_IT_CTX
GTGAAGGAGATGGCGT-L8TX_190312_01_E01	L5_6_IT_CTX
TGGGAAGCAGTAACGG-L8TX_180221_01_B10	L5_6_IT_CTX
TTGACTTCATTTCAGG-L8TX_180829_01_E10	L5_6_IT_CTX
AGCAGCCGTACCGTAT-L8TX_171026_01_C05	L5_6_IT_CTX
TATCTCATCATCATTC-L8TX_180221_01_E10	L5_6_IT_CTX
CTCGGAGCATAGAAAC-L8TX_171026_01_G05	L5_6_IT_CTX
CACACAATCTCGCATC-L8TX_180115_01_C08	L5_6_IT_CTX
GTACTTTTCGCGCCAA-L8TX_190312_01_A02	L5_6_IT_CTX
TGAGCATCAAGGACTG-L8TX_180221_01_H10	L6_IT_CTX
CATATGGAGACTGGGT-L8TX_180115_01_E10	L6_IT_CTX
ACACCCTTCTTCGAGA-L8TX_180221_01_B10	L6_IT_CTX
TTTCCTCGTCAGATAA-L8TX_171026_01_A04	L6_IT_CTX
GGACATTGTTTGACTG-L8TX_180115_01_E11	L6_IT_CTX
GGATGTTGTGTGACGA-L8TX_180115_01_H11	L6_IT_CTX
TGTTCCGTCAAGAAGT-L8TX_180115_01_D11	L6_IT_CTX
CTTGGCTGTATATGAG-L8TX_171026_01_H05	L6_IT_CTX
ATTGGACGTACCATCA-L8TX_180907_01_G11	L6_IT_CTX
AGGCCGTTCCCACTTG-L8TX_180221_01_C11	L6_IT_CTX
GACGGCTTCTGGCGAC-L8TX_181011_01_H02	L6_IT_CTX
TCGCGTTTCCGAGCCA-L8TX_180115_01_G11	L6_IT_CTX
GTACTCCAGAGCTGGT-L8TX_180221_01_D09	L6_IT_CTX
ATGAGGGCAGCCACCA-L8TX_180115_01_E09	L6_IT_CTX
TGGCTGGAGAGTGAGA-L8TX_180115_01_F11	L6_IT_CTX
ATCGAGTTCTATCCTA-L8TX_180221_01_H11	L6_IT_CTX
CAAGTTGGTGGGTCAA-L8TX_180907_01_B12	L6_IT_CTX
GACGTGCGTCCTCTTG-L8TX_180221_01_C12	L6_IT_CTX
GAACCTACAGGCTGAA-L8TX_190312_01_C02	L6_IT_CTX
AGACGTTGTAAGTGTA-L8TX_180221_01_F10	L6_IT_CTX
CTCTACGAGCCTTGAT-L8TX_180115_01_B11	L6_IT_CTX
ACATGGTAGTGGACGT-L8TX_180115_01_E10	L6_IT_CTX
GGCCGATGTGTTAAGA-L8TX_181012_01_C05	L6_IT_CTX
GGCGTGTGTAGAAAGG-L8TX_180221_01_B12	L6_IT_CTX
GTCACGGCATGTAAGA-L8TX_180221_01_H10	L6_IT_CTX
AGATCTGTCCTTGGTC-L8TX_180221_01_C10	L6_IT_CTX
CGCGGTACAATCTACG-L8TX_180115_01_G11	L6_IT_CTX
TCTGGAAGTTATCACG-L8TX_180221_01_D10	L6_IT_CTX
ATTCTACCAGATCCAT-L8TX_180221_01_A11	L6_IT_CTX
CGATTGAGTCGCTTTC-L8TX_180907_01_A12	L6_IT_CTX
GGAGCAAGTGGCGAAT-L8TX_180221_01_E10	L6_IT_CTX
CTCACACTCCGGCACA-L8TX_181206_01_H11	L6_IT_CTX
GTACTCCAGTAGTGCG-L8TX_180221_01_D10	L6_IT_CTX
CTGTGCTTCTTGACGA-L8TX_180907_01_G11	L6_IT_CTX
CTAATGGAGTGACTCT-L8TX_180926_01_F01	L6_IT_CTX
CATGCCTGTGTAATGA-L8TX_180907_01_F11	L6_IT_CTX
TATGCCCCACGGATAG-L8TX_181206_01_F12	L6_IT_CTX
ACTGTCCCATTAACCG-L8TX_180712_01_G05	L6_IT_CTX
TTCGGTCGTTCGGCAC-L8TX_190312_01_D02	L6_IT_CTX
TGACAACTCGCCAAAT-L8TX_180115_01_G10	L6_IT_CTX
TTCGAAGTCGCATGAT-L8TX_180115_01_C08	L6_IT_CTX
ACTTTCAAGCGCTCCA-L8TX_171120_01_D07	L6_IT_CTX
CGCTATCAGAGTGACC-L8TX_180926_01_F01	L6_IT_CTX
CTGATCCGTTATGTGC-L8TX_180712_01_B06	L6_IT_CTX
CCTAAAGAGGCGATAC-L8TX_180115_01_A09	L6_IT_CTX
GTCTCGTCACGAAAGC-L8TX_181011_01_H02	L6_IT_CTX
GCACATAGTAGCAAAT-L8TX_190312_01_E02	L6_IT_CTX
AGGTCCGAGCGACGTA-L8TX_180221_01_A12	L6_IT_CTX
TTCTCAAAGCGATTCT-L8TX_180115_01_G10	L6_IT_CTX
ACGTCAATCGTTACGA-L8TX_180115_01_E10	L6_IT_CTX
AATCCAGCAAGTTGTC-L8TX_171026_01_G05	L6_IT_CTX
TAAGAGATCGCGTTTC-L8TX_180221_01_G10	L6_IT_CTX
GTACGTAAGGATGCGT-L8TX_180406_01_C06	L6_IT_CTX
CGAGCACGTGGCTCCA-L8TX_171026_01_B04	L6_IT_CTX
AGAGCGAGTCTCTCTG-L8TX_171026_01_G05	L6_IT_CTX
CGATCGGGTTAAGATG-L8TX_180115_01_B09	L6_IT_CTX
TCTGAGAGTTAAAGAC-L8TX_180115_01_B11	L6_IT_CTX
AAACGGGCACCAGGCT-L8TX_181011_01_A03	L6_IT_CTX
CGCGGTACAAGAAGAG-L8TX_181012_01_B05	L6_IT_CTX
AGAGCTTCAGATCGGA-L8TX_180115_01_B09	L6_IT_CTX
TGTGTTTAGGCGATAC-L8TX_180115_01_F08	L6_IT_CTX
GCGCAACCAAGGCTCC-L8TX_180115_01_G11	L6_IT_CTX
TAAGAGAAGAGGTACC-L8TX_180907_01_G11	L6_IT_CTX
CACACCTCAATTCCTT-L8TX_180221_01_F10	L6_IT_CTX
TCTGGAAAGCGTGAGT-L8TX_171120_01_D07	L6_IT_CTX
TTTGTCAAGACTCGGA-L8TX_180406_01_C06	L6_IT_CTX
ACACCGGCAGTCGTGC-L8TX_180115_01_A11	L6_IT_CTX
CTACGTCCAGTAAGCG-L8TX_171120_01_H07	L6_IT_CTX
AGCTTGAAGGTAAACT-L8TX_171026_01_G05	L6_IT_CTX
ACGGGTCGTGCACCAC-L8TX_171120_01_F07	L6_IT_CTX
CTCGGAGAGCTAGTCT-L8TX_180221_01_F10	L6_IT_CTX
TCAGCTCTCGTAGATC-L8TX_180829_01_D09	L6_IT_CTX
TCGTACCGTATGAATG-L8TX_180115_01_H09	L6_IT_CTX
CCATTCGAGCGAGAAA-L8TX_180221_01_A11	L6_IT_CTX
CGTCAGGTCTCTGTCG-L8TX_190312_01_E01	L6_IT_CTX
GCAGTTACAGGTCTCG-L8TX_171026_01_F05	L6_IT_CTX
CACCTTGCATCAGTCA-L8TX_180607_01_C05	L6_IT_CTX
TAGAGCTGTTGGAGGT-L8TX_180221_01_C10	L6_IT_CTX
CTCTACGCAGGATCGA-L8TX_190312_01_G02	L6_IT_CTX
ATGTGTGCAATAGCAA-L8TX_180926_01_E01	L6_IT_CTX
GTATCTTTCATAAAGG-L8TX_180221_01_B11	L6_IT_CTX
CGAGCACGTCATATCG-L8TX_180907_01_B11	L6_IT_CTX
CACCTTGGTGAAGGCT-L8TX_171120_01_E07	L6_IT_CTX
ACTGAGTGTGGTAACG-L8TX_180221_01_D10	L6_IT_CTX
GATGAGGTCATACGGT-L8TX_180115_01_G10	L6_IT_CTX
AGTCTTTCACACCGAC-L8TX_180406_01_E07	L6_IT_CTX
TAGACCAGTTGATTGC-L8TX_180221_01_B11	L6_IT_CTX
CATTCGCTCTAACGGT-L8TX_180926_01_D01	L6_IT_CTX
GCCAAATGTGGCAAAC-L8TX_180221_01_C09	L6_IT_CTX
CCTAGCTAGTATTGGA-L8TX_180115_01_A11	L6_IT_CTX
CTGTTTATCCCATTTA-L8TX_180115_01_G08	L6_IT_CTX
TCGCGTTCAGGGCATA-L8TX_180115_01_D11	L6_IT_CTX
AAGGAGCTCCACTGGG-L8TX_180115_01_F10	L6_IT_CTX
GATCGTACAAAGCGGT-L8TX_180221_01_F10	L6_IT_CTX
ATCATGGGTTTGGGCC-L8TX_180221_01_H09	L6_IT_CTX
CTTAACTGTACTTGAC-L8TX_180406_01_F02	L6_IT_CTX
ACGCCAGTCTGTCTCG-L8TX_180115_01_A11	L6_IT_CTX
ACCGTAATCCAAATGC-L8TX_180115_01_F11	L6_IT_CTX
TTAACTCGTTCGTCTC-L8TX_180115_01_B09	L6_IT_CTX
CGTAGCGGTTGAACTC-L8TX_171120_01_F07	L6_IT_CTX
GAATGAAAGACAAAGG-L8TX_171120_01_G07	L6_IT_CTX
CAACTAGTCTCCAGGG-L8TX_171026_01_B05	L6_IT_CTX
ACGCAGCTCTGCAAGT-L8TX_180221_01_D12	L6_IT_CTX
GTTACAGGTCGTCTTC-L8TX_171026_01_G05	L6_IT_CTX
TGAGCATTCTGCTGCT-L8TX_180221_01_E10	L6_IT_CTX
CAACCTCGTAATAGCA-L8TX_180221_01_E11	L6_IT_CTX
GAACCTAAGAACAATC-L8TX_180221_01_H10	L6_IT_CTX
TTCTCAAGTCGGCATC-L8TX_190312_01_E02	L6_IT_CTX
TGCCAAAGTAAACCTC-L8TX_180221_01_C12	L6_IT_CTX
AGAGTGGGTAAACCTC-L8TX_180221_01_C12	L6_IT_CTX
CCGTGGAGTACAGACG-L8TX_180115_01_F08	L6_IT_CTX
TAAACCGTCAACACGT-L8TX_180115_01_B11	L6_IT_CTX
TAAGCGTTCACTTATC-L8TX_180221_01_F09	L6_IT_CTX
TCAGATGAGCTCAACT-L8TX_180115_01_F11	L6_IT_CTX
AAACGGGTCGCCAAAT-L8TX_180115_01_F11	L6_IT_CTX
AGGTCCGCACAAGTAA-L8TX_180221_01_H10	L6_IT_CTX
CTTAGGACAAGGACAC-L8TX_181206_01_B12	L6_IT_CTX
GAAGCAGGTGGTAACG-L8TX_180829_01_D09	L6_IT_CTX
AGAGCGAGTCTCTTAT-L8TX_180712_01_F05	L6_IT_CTX
CGTTGGGGTTTACTCT-L8TX_180115_01_E11	L6_IT_CTX
CTCGGAGGTATCTGCA-L8TX_190312_01_F02	L6_IT_CTX
AGGCCACCAAGCGAGT-L8TX_180712_01_G05	L6_IT_CTX
TGATTTCTCCGCATCT-L8TX_181011_01_B03	L6_IT_CTX
CGTGAGCGTACTCAAC-L8TX_180926_01_F01	L6_IT_CTX
GTCTTCGCAAACGTGG-L8TX_180221_01_F09	L6_IT_CTX
TCACGAAGTCGAACAG-L8TX_180115_01_C09	L6_IT_CTX
CGGCTAGAGGGAACGG-L8TX_180115_01_E11	L6_IT_CTX
TCTATTGAGGGTCGAT-L8TX_181206_01_A12	L6_IT_CTX
TGAGAGGGTCAAAGCG-L8TX_190312_01_B02	L6_IT_CTX
GATCTAGAGAAACGCC-L8TX_180115_01_D09	L6_IT_CTX
CCTTCCCAGGCTATCT-L8TX_190312_01_B02	L6_IT_CTX
TAAGTGCCACCTGGTG-L8TX_180115_01_F10	L6_IT_CTX
CATCCACCAAAGTGCG-L8TX_180115_01_F08	L6_IT_CTX
TGTCCCAAGCACAGGT-L8TX_190312_01_H01	L6_IT_CTX
ATTTCTGCATTGGGCC-L8TX_180926_01_E12	L6_IT_CTX
TACGGATTCATATCGG-L8TX_190312_01_A02	L6_IT_CTX
CCTACCAAGACCTTTG-L8TX_180712_01_C06	L6_IT_CTX
CTTAACTCAGACTCGC-L8TX_180115_01_E09	L6_IT_CTX
GTGTGCGCAGTAGAGC-L8TX_180115_01_F10	L6_IT_CTX
CCTCTGAAGCCGCCTA-L8TX_190312_01_H01	L6_IT_CTX
CCACGGAGTCAGATAA-L8TX_180829_01_D09	L6_IT_CTX
TTGCCGTCATACGCCG-L8TX_180221_01_G10	L6_IT_CTX
GTACTCCGTATAAACG-L8TX_180221_01_G10	L6_IT_CTX
CGTGTCTGTGATGCCC-L8TX_180115_01_E08	L6_IT_CTX
CTAGAGTTCTTGGGTA-L8TX_180221_01_D09	L6_IT_CTX
CACATTTAGGAACTGC-L8TX_180115_01_G10	L6_IT_CTX
AGACGTTAGCACGCCT-L8TX_180115_01_E08	L6_IT_CTX
GACTGCGAGTGTTAGA-L8TX_180115_01_C11	L6_IT_CTX
AACTTTCTCACCACCT-L8TX_180221_01_E10	L6_IT_CTX
TGCGTGGCACGACGAA-L8TX_181011_01_C04	L6_IT_CTX
TGACTAGCAATGGATA-L8TX_180221_01_E10	L6_IT_CTX
CAGGTGCGTCCGACGT-L8TX_180115_01_F10	L6_IT_CTX
AAACGGGTCGTCCAGG-L8TX_180115_01_D10	L6_IT_CTX
AATCGGTCATCGACGC-L8TX_180221_01_B12	L6_IT_CTX
TGCTACCGTGTAATGA-L8TX_180115_01_E10	L6_IT_CTX
CAAGGCCAGATGCCTT-L8TX_180907_01_F10	L6_IT_CTX
TTATGCTGTGTTCGAT-L8TX_180115_01_H09	L6_IT_CTX
CGGCTAGGTTCTGTTT-L8TX_180115_01_H11	L6_IT_CTX
CTTACCGTCTGTGCAA-L8TX_180221_01_C10	L6_IT_CTX
TCAGCAAAGGTACTCT-L8TX_180115_01_F11	L6_IT_CTX
CCCAATCGTTGCCTCT-L8TX_180115_01_E11	L6_IT_CTX
CTCGAGGGTCTAGTGT-L8TX_180406_01_C06	L6_IT_CTX
GGTGTTAGTACCAGTT-L8TX_180115_01_D11	L6_IT_CTX
CGGACACCAAATACAG-L8TX_190312_01_G02	L6_IT_CTX
ACATCAGGTTGATTCG-L8TX_171026_01_G03	L6_IT_CTX
CTAAGACAGTGCGTGA-L8TX_180221_01_B10	L6_IT_CTX
CATCCACTCGGATGGA-L8TX_180115_01_C11	L6_IT_CTX
AGCGTATCACTTAAGC-L8TX_180115_01_G11	L6_IT_CTX
GTGCTTCCACGGTGTC-L8TX_180115_01_A09	L6_IT_CTX
GTCACAACACCGTTGG-L8TX_180221_01_A11	L6_IT_CTX
CACTCCACACGGACAA-L8TX_180907_01_H11	L6_IT_CTX
CGGTTAAGTAGAGCTG-L8TX_171026_01_B04	L6_IT_CTX
ACTGAGTGTACAAGTA-L8TX_180115_01_D09	L6_IT_CTX
CTACACCAGCCCAGCT-L8TX_180712_01_E05	L6_IT_CTX
TTATGCTGTGACGCCT-L8TX_180221_01_A11	L6_IT_CTX
CAGTAACTCCACGTGG-L8TX_180907_01_G11	L6_IT_CTX
AACTCTTCACGTTGGC-L8TX_180406_01_C06	L6_IT_CTX
GTCGGGTCAGCGTTCG-L8TX_190312_01_D02	L6_IT_CTX
ACATGGTCAGCCTATA-L8TX_181012_01_E05	L6_IT_CTX
CAAGGCCGTTATGCGT-L8TX_180221_01_H11	L6_IT_CTX
TACGGATTCTGTACGA-L8TX_180115_01_B10	L6_IT_CTX
TCGAGGCAGACAATAC-L8TX_180115_01_H11	L6_IT_CTX
ACCCACTCAGATCGGA-L8TX_181012_01_B05	L6_IT_CTX
GAACCTATCTAGCACA-L8TX_181011_01_C04	L6_IT_CTX
ATAGACCAGCGTGTCC-L8TX_181012_01_E05	L6_IT_CTX
TGACTTTTCTGGTTCC-L8TX_180221_01_F10	L6_IT_CTX
CCACGGACAATCTGCA-L8TX_180115_01_C09	L6_IT_CTX
GAAATGAAGCTAGTTC-L8TX_180221_01_C12	L6_IT_CTX
TGGCGCAGTCCCTACT-L8TX_180115_01_G09	L6_IT_CTX
GGGAGATCAAGGACTG-L8TX_180926_01_E01	L6_IT_CTX
TCCACACCATCACGTA-L8TX_180115_01_A10	L6_IT_CTX
TACGGATGTATTAGCC-L8TX_171120_01_G07	L6_IT_CTX
ATCATGGAGCTCAACT-L8TX_180115_01_C11	L6_IT_CTX
CTCACACCATTGGCGC-L8TX_180115_01_F11	L6_IT_CTX
AGGTCATAGCTCAACT-L8TX_171026_01_E05	L6_IT_CTX
CTAGTGAAGTGATCGG-L8TX_180115_01_A09	L6_IT_CTX
CCTACACAGCTGCCCA-L8TX_180115_01_F11	L6_IT_CTX
TACTTGTGTTACGACT-L8TX_171120_01_E07	L6_IT_CTX
CGATGGCTCGGCATCG-L8TX_180926_01_B01	L6_IT_CTX
GCTTGAACAAGCGATG-L8TX_180115_01_A11	L6_IT_CTX
CTCTGGTAGTGTACTC-L8TX_180115_01_D08	L6_IT_CTX
GCTCTGTTCAGCTCTC-L8TX_180907_01_G10	L6_IT_CTX
CAACCTCGTGAGTGAC-L8TX_171026_01_B04	L6_IT_CTX
TAAGAGAGTGCCTGCA-L8TX_181011_01_G02	L6_IT_CTX
GGGCACTCATATACCG-L8TX_180221_01_C12	L6_IT_CTX
CAACCAACATCGATTG-L8TX_180115_01_F10	L6_IT_CTX
TAGACCAAGTGGACGT-L8TX_180115_01_A09	L6_IT_CTX
TGAGAGGAGCCTTGAT-L8TX_181206_01_E12	L6_IT_CTX
CGTGTCTCATCCAACA-L8TX_180115_01_E11	L6_IT_CTX
GCACTCTCACAACGTT-L8TX_180221_01_F10	L6_IT_CTX
AGTGGGATCAGTCAGT-L8TX_180115_01_B11	L6_IT_CTX
CGTGAGCTCCGCAAGC-L8TX_190312_01_B02	L6_IT_CTX
TGACTTTGTCTGATCA-L8TX_180907_01_G10	L6_IT_CTX
TCGTAGAAGCCACGCT-L8TX_171026_01_C05	L6_IT_CTX
TCTTCGGGTGTGCGTC-L8TX_180115_01_D11	L6_IT_CTX
CATGGCGTCGCTTGTC-L8TX_180115_01_G10	L6_IT_CTX
GTGTGCGGTGTCCTCT-L8TX_180115_01_D09	L6_IT_CTX
TTCTTAGAGGCATGGT-L8TX_180115_01_H09	L6_IT_CTX
TGTTCCGAGAAGCCCA-L8TX_171120_01_E07	L6_IT_CTX
TTCGGTCCACGGACAA-L8TX_180829_01_D10	L6_IT_CTX
CCACGGAAGATGTAAC-L8TX_180115_01_H10	L6_IT_CTX
CTCATTAGTTGTGGCC-L8TX_180115_01_B11	L6_IT_CTX
TATCTCAGTTATCCGA-L8TX_180115_01_G11	L6_IT_CTX
CGGACACAGCCAGTAG-L8TX_180221_01_F10	L6_IT_CTX
CTTTGCGCATTTGCCC-L8TX_180221_01_F10	L6_IT_CTX
TCGGTAAAGTTGTCGT-L8TX_180115_01_E11	L6_IT_CTX
TGACTTTTCAGTTTGG-L8TX_190312_01_E01	L6_IT_CTX
TGCTACCCAGATGGCA-L8TX_180115_01_G08	L6_IT_CTX
ATGGGAGGTCCTCTTG-L8TX_180115_01_C11	L6_IT_CTX
TCAACGAAGAATGTGT-L8TX_180907_01_H11	L6_IT_CTX
GAATGAACAATCTACG-L8TX_181011_01_C03	L6_IT_CTX
ATTCTACTCAGCATGT-L8TX_190312_01_D02	L6_IT_CTX
TTAGGCACATGGAATA-L8TX_180712_01_A06	L6_IT_CTX
TCAGGATCAAGCTGAG-L8TX_180115_01_H09	L6_IT_CTX
TAGACCACACCTCGTT-L8TX_180907_01_E11	L6_IT_CTX
CGTGTCTTCATGGTCA-L8TX_180221_01_F10	L6_IT_CTX
CAGCAGCGTTCATGGT-L8TX_180115_01_G11	L6_IT_CTX
AGTCTTTAGTACGTAA-L8TX_180907_01_F11	L6_IT_CTX
TGAAAGAAGCATGGCA-L8TX_180115_01_E10	L6_IT_CTX
TTCCCAGGTCTCACCT-L8TX_180221_01_B10	L6_IT_CTX
GGGTTGCCAACACCCG-L8TX_180115_01_H11	L6_IT_CTX
GTACTCCTCTCGAGTA-L8TX_180221_01_A11	L6_IT_CTX
ACGTCAAGTAAAGTCA-L8TX_180221_01_F09	L6_IT_CTX
TGTCCCAGTGCGAAAC-L8TX_180829_01_E10	L6_IT_CTX
AGTTGGTTCGGCGCTA-L8TX_180221_01_F11	L6_IT_CTX
ACGCCGATCGTTGACA-L8TX_180406_01_F02	L6_IT_CTX
CGACCTTGTTCGCGAC-L8TX_171120_01_D07	L6_IT_CTX
TGTATTCGTCACAAGG-L8TX_180221_01_G09	L6_IT_CTX
AAAGCAATCCTAGAAC-L8TX_180221_01_E10	L6_IT_CTX
AGCTCCTGTTCCATGA-L8TX_180115_01_D09	L6_IT_CTX
TCATTTGTCACTTCAT-L8TX_180926_01_E12	L6_IT_CTX
GATTCAGTCTTTAGGG-L8TX_181012_01_H04	L6_IT_CTX
CGGAGTCTCTTGTCAT-L8TX_180221_01_D11	L6_IT_CTX
CAAGTTGAGTACGTTC-L8TX_180221_01_A11	L6_IT_CTX
CAGCAGCCAAGCTGAG-L8TX_180221_01_A10	L6_IT_CTX
CACACAACATCACGAT-L8TX_171120_01_C07	L6_IT_CTX
GATTCAGAGCTGTTCA-L8TX_180221_01_D09	L6_IT_CTX
CTGTGCTCATAAGACA-L8TX_180221_01_E09	L6_IT_CTX
GACACGCGTCGGCACT-L8TX_180115_01_E09	L6_IT_CTX
GTGGGTCTCTGCTGTC-L8TX_180221_01_D09	L6_IT_CTX
AAAGTAGAGATGTGGC-L8TX_180221_01_H09	L6_IT_CTX
CTCGGGATCCGCTGTT-L8TX_171120_01_F07	L6_IT_CTX
AGAATAGAGATCCCGC-L8TX_171026_01_B04	L6_IT_CTX
AGCAGCCCATAGGATA-L8TX_180115_01_F09	L6_IT_CTX
CATGGCGAGCGAAGGG-L8TX_180907_01_A12	L6_IT_CTX
TTTGTCAGTTCATGGT-L8TX_180115_01_E09	L6_IT_CTX
CGTTCTGCATGAAGTA-L8TX_180221_01_D10	L6_IT_CTX
CAAGATCAGCTAGGCA-L8TX_171120_01_F07	L6_IT_CTX
CCTAGCTGTTGATTGC-L8TX_180712_01_G05	L6_IT_CTX
CCTACCACAAGCTGGA-L8TX_180829_01_E10	L6_IT_CTX
ACGAGGAGTTTGTGTG-L8TX_180829_01_E10	L6_IT_CTX
AACCGCGGTATAGGGC-L8TX_180926_01_D01	L6_IT_CTX
TTCTTAGAGGATGTAT-L8TX_171120_01_H07	L6_IT_CTX
TATCAGGGTAGCTTGT-L8TX_190312_01_E01	L6_IT_CTX
ATTACTCTCTGCAAGT-L8TX_180115_01_H11	L6_IT_CTX
TCTATTGCAAGAAGAG-L8TX_180221_01_A10	L6_IT_CTX
TCACAAGAGGAGTAGA-L8TX_180221_01_D10	L6_IT_CTX
TGCGCAGGTTCTGTTT-L8TX_181011_01_H02	L6_IT_CTX
GAACCTACACATAACC-L8TX_180926_01_E01	L6_IT_CTX
TGCACCTAGTGGCACA-L8TX_180115_01_G11	L6_IT_CTX
GCGCAGTAGGTACTCT-L8TX_180907_01_F11	L6_IT_CTX
ACACCAACATCGTCGG-L8TX_190312_01_B02	L6_IT_CTX
CGTTCTGGTTGGGACA-L8TX_180907_01_A12	L6_IT_CTX
GGACAAGTCCCACTTG-L8TX_190312_01_G02	L6_IT_CTX
TTTATGCAGCCGTCGT-L8TX_171026_01_G05	L6_IT_CTX
CAGAGAGAGTCAAGGC-L8TX_190312_01_A02	L6_IT_CTX
CTCGAAAAGTCGTTTG-L8TX_180115_01_D11	L6_IT_CTX
TCGGGACGTCTTCAAG-L8TX_171026_01_B04	L6_IT_CTX
CTCATTACAGATGAGC-L8TX_180221_01_D11	L6_IT_CTX
CCGTGGAAGAGCTGGT-L8TX_180406_01_C08	L6_IT_CTX
TGAGAGGCACCAGTTA-L8TX_180115_01_H11	L6_IT_CTX
GTCGTAACAAGAGTCG-L8TX_180907_01_F11	L6_IT_CTX
GCTGCAGGTTGGTTTG-L8TX_180712_01_F05	L6_IT_CTX
CTAATGGGTTAAAGTG-L8TX_180115_01_E09	L6_IT_CTX
CCAGCGACATGCAATC-L8TX_180115_01_H10	L6_IT_CTX
GGGACCTGTATAGGGC-L8TX_180115_01_D11	L6_IT_CTX
GTCTCGTCAGTAAGCG-L8TX_180221_01_C12	L6_IT_CTX
GATCAGTAGTACGCCC-L8TX_190312_01_D02	L6_IT_CTX
CCCTCCTCACAGATTC-L8TX_180712_01_H05	L6_IT_CTX
TTGAACGTCACGAAGG-L8TX_180115_01_C10	L6_IT_CTX
CTAAGACCAATCAGAA-L8TX_180221_01_F10	L6_IT_CTX
ATAAGAGCATCGGTTA-L8TX_180115_01_B09	L6_IT_CTX
GCATGATAGCTCTCGG-L8TX_180221_01_B12	L6_IT_CTX
GTAGGCCGTGACGGTA-L8TX_180115_01_H11	L6_IT_CTX
CTACCCACATGTTCCC-L8TX_171026_01_F04	L6_IT_CTX
GTACGTAGTGTGACGA-L8TX_171026_01_G04	L6_IT_CTX
AGCGGTCCAGCTGGCT-L8TX_200611_02_A05	L6_IT_CTX
CGGCTAGTCGCTAGCG-L8TX_171026_01_G03	L6_IT_CTX
GGGCACTGTTTCGCTC-L8TX_180115_01_H11	L6_IT_CTX
CCATTCGCACGAAATA-L8TX_181012_01_C05	L6_IT_CTX
TCATTTGTCTAGCACA-L8TX_180115_01_F10	L6_IT_CTX
TGACTAGTCCAAATGC-L8TX_181011_01_A03	L6_IT_CTX
CATGACATCTTGCAAG-L8TX_171026_01_B04	L6_IT_CTX
GCTTCCAAGCACGCCT-L8TX_180115_01_F11	L6_IT_CTX
CAGCTAACAGGCTGAA-L8TX_180115_01_F09	L6_IT_CTX
AGTGGGATCTGATACG-L8TX_180221_01_A10	L6_IT_CTX
TTGCGTCTCCTGCCAT-L8TX_180829_01_D10	L6_IT_CTX
AGTGGGAGTTGAGTTC-L8TX_180115_01_C08	L6_IT_CTX
TACACGACATTAACCG-L8TX_180115_01_G10	L6_IT_CTX
TGGCCAGTCTGGGCCA-L8TX_180115_01_G11	L6_IT_CTX
CTCGTCAAGTTGTCGT-L8TX_180406_01_C06	L6_IT_CTX
AGGGAGTGTAAGCACG-L8TX_180221_01_D09	L6_IT_CTX
TCGCGAGCAGACAAAT-L8TX_180829_01_D10	L6_IT_CTX
TTGCCGTAGGCGCTCT-L8TX_180115_01_H11	L6_IT_CTX
CACAGTAGTCTGCCAG-L8TX_171026_01_A05	L6_IT_CTX
AAACGGGGTCCAGTAT-L8TX_180115_01_D10	L6_IT_CTX
AGAGCGATCTCCGGTT-L8TX_181011_01_G02	L6_IT_CTX
GGGTTGCTCTGGGCCA-L8TX_180115_01_G09	L6_IT_CTX
ATCTGCCAGGCCCGTT-L8TX_180115_01_F11	L6_IT_CTX
AGCCTAATCGCAAACT-L8TX_180221_01_D09	L6_IT_CTX
TTGTAGGCACGGACAA-L8TX_180221_01_E11	L6_IT_CTX
TATGCCCAGCGGATCA-L8TX_180115_01_H10	L6_IT_CTX
TCTTTCCCAGCCACCA-L8TX_190312_01_F01	L6_IT_CTX
CCCTCCTCACCCATTC-L8TX_180221_01_D10	L6_IT_CTX
CCGTGGACACTACAGT-L8TX_180221_01_H09	L6_IT_CTX
CTCGAGGGTCGAAAGC-L8TX_180115_01_A10	L6_IT_CTX
CGCTGGAAGCGGATCA-L8TX_180115_01_E11	L6_IT_CTX
GTCCTCAGTGACGGTA-L8TX_171026_01_F05	L6_IT_CTX
CGTTCTGCACACATGT-L8TX_171120_01_G07	L6_IT_CTX
CGGACTGAGGACAGAA-L8TX_180221_01_D10	L6_IT_CTX
AGGGTGACAGCATGAG-L8TX_180221_01_E10	L6_IT_CTX
TTCTCCTAGTGGGCTA-L8TX_181011_01_G02	L6_IT_CTX
GCCAAATCAACTGGCC-L8TX_180712_01_G05	L6_IT_CTX
AGTGAGGTCGGTCCGA-L8TX_180115_01_F10	L6_IT_CTX
TGAAAGATCTGTTGAG-L8TX_180115_01_G11	L6_IT_CTX
ACGAGCCAGCTAACAA-L8TX_171026_01_G03	L6_IT_CTX
CCCATACAGTATCTCG-L8TX_180115_01_G11	L6_IT_CTX
TGGGAAGAGACAGACC-L8TX_180115_01_H10	L6_IT_CTX
AGAGTGGCAGATGAGC-L8TX_171120_01_D07	L6_IT_CTX
AGAATAGCAGGGTATG-L8TX_180926_01_E12	L6_IT_CTX
GTGCATAAGAAGAAGC-L8TX_180221_01_H09	L6_IT_CTX
GCAAACTCAAGACGTG-L8TX_181012_01_H04	L6_IT_CTX
AGCTCTCGTGAAATCA-L8TX_180115_01_E10	L6_IT_CTX
GTGTGCGTCAACACGT-L8TX_180221_01_B12	L6_IT_CTX
TTAGGACGTTGTCGCG-L8TX_180115_01_G10	L6_IT_CTX
TAGCCGGGTCTAAAGA-L8TX_180221_01_G10	L6_IT_CTX
GCTTCCAGTAGGCATG-L8TX_190312_01_F01	L6_IT_CTX
AACTCCCAGTGGTAGC-L8TX_180115_01_C09	L6_IT_CTX
AAGCCGCGTCCCTACT-L8TX_180115_01_H09	L6_IT_CTX
GGTATTGAGATGCCTT-L8TX_171120_01_H07	L6_IT_CTX
GTCAAGTTCTGAAAGA-L8TX_180221_01_D10	L6_IT_CTX
ACTTTCAAGCTCTCGG-L8TX_180115_01_E08	L6_IT_CTX
GGGTTGCGTATTAGCC-L8TX_180907_01_F11	L6_IT_CTX
CGACTTCGTCACACGC-L8TX_181206_01_B12	L6_IT_CTX
ATTGGACCACTTAAGC-L8TX_171120_01_G07	L6_IT_CTX
TGGCGCAGTTCATGGT-L8TX_181011_01_G02	L6_IT_CTX
GTGCTTCCATCCTTGC-L8TX_180907_01_A12	L6_IT_CTX
CATCCACGTCGAATCT-L8TX_180115_01_A09	L6_IT_CTX
GAAGCAGAGGACACCA-L8TX_180712_01_E05	L6_IT_CTX
GTTACAGCATACGCCG-L8TX_180712_01_A06	L6_IT_CTX
TAGTTGGCAGACGCCT-L8TX_180406_01_C06	L6_IT_CTX
AACCATGTCTGTACGA-L8TX_171026_01_E05	L6_IT_CTX
CCTAGCTTCGAACTGT-L8TX_190312_01_G02	L6_IT_CTX
CAAGTTGTCATTGCGA-L8TX_180115_01_G11	L6_IT_CTX
CACCACTCAGCTATTG-L8TX_171026_01_F04	L6_IT_CTX
TGACGGCGTTCTCATT-L8TX_181011_01_B03	L6_IT_CTX
AACCGCGCACGGTAAG-L8TX_180221_01_C11	L6_IT_CTX
CAAGGCCGTTACTGAC-L8TX_180221_01_A11	L6_IT_CTX
ATTATCCAGATCTGCT-L8TX_180221_01_H12	L6_IT_CTX
CAACTAGCACACCGAC-L8TX_180221_01_D09	L6_IT_CTX
ATGAGGGAGACACGAC-L8TX_180712_01_G05	L6_IT_CTX
AGTAGTCTCGTTTATC-L8TX_171120_01_H07	L6_IT_CTX
TGGACGCAGATGCCTT-L8TX_180221_01_H11	L6_IT_CTX
CATCAGAAGCTCTCGG-L8TX_171026_01_C05	L6_IT_CTX
TGATTTCCAAGCCTAT-L8TX_181206_01_D12	L6_IT_CTX
GCGCGATAGCTCTCGG-L8TX_180115_01_G08	L6_IT_CTX
ACGTCAAAGGGCTTGA-L8TX_171120_01_F07	L6_IT_CTX
GACTAACTCCGTTGTC-L8TX_180115_01_E08	L6_IT_CTX
CTGGTCTAGCGTTCCG-L8TX_180115_01_D10	L6_IT_CTX
CGCCAAGCACGTAAGG-L8TX_180115_01_E11	L6_IT_CTX
GGACAAGGTATCAGTC-L8TX_180115_01_B09	L6_IT_CTX
AGGCCGTCAGCATGAG-L8TX_181206_01_D12	L6_IT_CTX
AACTTTCCAATGGAAT-L8TX_180115_01_A11	L6_IT_CTX
TTCTCAAGTTGTTTGG-L8TX_180406_01_C06	L6_IT_CTX
AACACGTCACGAGAGT-L8TX_180115_01_E08	L6_IT_CTX
GGACAGACATTGAGCT-L8TX_180115_01_C08	L6_IT_CTX
ATCCGAAAGATGCCTT-L8TX_180221_01_G09	L6_IT_CTX
CCGTTCAAGTGCCAGA-L8TX_171026_01_F05	L6_IT_CTX
TAGAGCTCACCAGGTC-L8TX_181011_01_A03	L6_IT_CTX
TGGTTAGTCACAGTAC-L8TX_180115_01_D10	L6_IT_CTX
GGGTTGCGTAGGGTAC-L8TX_180115_01_A10	L6_IT_CTX
AATCGGTAGTTAAGTG-L8TX_190312_01_C02	L6_IT_CTX
ATTACTCTCTGCTTGC-L8TX_190312_01_B01	L6_IT_CTX
ATAACGCTCCGCAGTG-L8TX_171026_01_H03	L6_IT_CTX
TCAGCAAGTAGCGCAA-L8TX_180907_01_B11	L6_IT_CTX
CCGTGGATCGCCAAAT-L8TX_180221_01_C09	L6_IT_CTX
TTGGCAATCTACTTAC-L8TX_180829_01_D10	L6_IT_CTX
TGTTCCGGTAAGCACG-L8TX_180221_01_A11	L6_IT_CTX
CTTGGCTCATCGATGT-L8TX_180221_01_D09	L6_IT_CTX
CCTAGCTCACAAGCCC-L8TX_180115_01_F08	L6_IT_CTX
ACACCGGCAATGTAAG-L8TX_180712_01_G05	L6_IT_CTX
CGCGGTATCACTCCTG-L8TX_180221_01_A11	L6_IT_CTX
CGCGTTTGTCATGCCG-L8TX_171026_01_G04	L6_IT_CTX
CTACGTCAGAGTCTGG-L8TX_180221_01_B12	L6_IT_CTX
CCCAATCCAGGGAGAG-L8TX_200611_02_A05	L6_IT_CTX
CCTATTACAGGAATGC-L8TX_171026_01_H03	L6_IT_CTX
GATCGCGTCAGGATCT-L8TX_180221_01_D10	L6_IT_CTX
CACAGTAGTCTCTTTA-L8TX_171026_01_G05	L6_IT_CTX
TGGGAAGGTGGTCTCG-L8TX_180115_01_G08	L6_IT_CTX
AAGACCTTCACCTCGT-L8TX_181012_01_G04	L6_IT_CTX
TGAGAGGGTCTAAACC-L8TX_180221_01_D10	L6_IT_CTX
CTCGTACAGGATCGCA-L8TX_190312_01_D02	L6_IT_CTX
CAAGATCCAGTATAAG-L8TX_180115_01_G11	L6_IT_CTX
CGTTAGATCGTGTAGT-L8TX_180115_01_G11	L6_IT_CTX
ACGATACGTTCCGGCA-L8TX_190312_01_C01	L6_IT_CTX
TCTGAGATCGAGGTAG-L8TX_180115_01_G09	L6_IT_CTX
GTCGTAAGTTCGCGAC-L8TX_190312_01_B02	L6_IT_CTX
CTCATTATCCCAACGG-L8TX_181011_01_H02	L6_IT_CTX
TCATTACAGAGCTGGT-L8TX_180115_01_D10	L6_IT_CTX
CGTCAGGCAGTAAGCG-L8TX_171026_01_A05	L6_IT_CTX
GCACTCTAGCTGCCCA-L8TX_180115_01_B11	L6_IT_CTX
TCAGCAATCCGAAGAG-L8TX_180221_01_H09	L6_IT_CTX
CTCTACGCATCCCATC-L8TX_180115_01_G11	L6_IT_CTX
CATATGGGTCGGGTCT-L8TX_171120_01_F07	L6_IT_CTX
CTAGAGTTCCGATATG-L8TX_180926_01_F01	L6_IT_CTX
TTTATGCGTAATTGGA-L8TX_171120_01_F07	L6_IT_CTX
CTCTGGTTCAGTTTGG-L8TX_171026_01_F04	L6_IT_CTX
CACATAGTCGGAAATA-L8TX_190312_01_A02	L6_IT_CTX
CTCTGGTCACATTTCT-L8TX_180221_01_G10	L6_IT_CTX
CGTAGGCGTCTTGATG-L8TX_180406_01_F02	L6_IT_CTX
TCATTTGGTTGGTAAA-L8TX_171026_01_E05	L6_IT_CTX
CGCGTTTCACATTTCT-L8TX_180221_01_B10	L6_IT_CTX
CGGCTAGGTGCTGTAT-L8TX_180115_01_D09	L6_IT_CTX
GGCTGGTCAGCTGCTG-L8TX_180115_01_C10	L6_IT_CTX
TTGGAACCACCCAGTG-L8TX_180829_01_E10	L6_IT_CTX
AACCGCGAGTGGCACA-L8TX_180221_01_A12	L6_IT_CTX
CTCTAATGTCAAACTC-L8TX_180115_01_B11	L6_IT_CTX
TTATGCTAGCATGGCA-L8TX_180115_01_F10	L6_IT_CTX
TCCCGATCATTTCAGG-L8TX_180115_01_B09	L6_IT_CTX
GAGTCCGAGAAACCGC-L8TX_180115_01_C11	L6_IT_CTX
AACACGTGTCATCGGC-L8TX_171026_01_G04	L6_IT_CTX
TCATTACTCAGGCAAG-L8TX_171026_01_G04	L6_IT_CTX
ACGATACAGGGTCTCC-L8TX_180221_01_E09	L6_IT_CTX
AACACGTGTGAGGGTT-L8TX_180907_01_A12	L6_IT_CTX
GGATGTTCACGTGAGA-L8TX_180115_01_B11	L6_IT_CTX
CCCAGTTCACAGGCCT-L8TX_171120_01_F07	L6_IT_CTX
CATCGAAGTTACAGAA-L8TX_180829_01_D10	L6_IT_CTX
GCAGTTAAGTAGTGCG-L8TX_180221_01_G10	L6_IT_CTX
CCATTCGCACTATCTT-L8TX_180221_01_D10	L6_IT_CTX
ACACCAATCTATCCTA-L8TX_180115_01_D11	L6_IT_CTX
TCCACACTCTTGTTTG-L8TX_171026_01_G03	L6_IT_CTX
CTACATTCAGAGTGTG-L8TX_180221_01_A10	L6_IT_CTX
GGATGTTTCGAATCCA-L8TX_171026_01_F05	L6_IT_CTX
ATCTGCCTCGTTGACA-L8TX_180907_01_F10	L6_IT_CTX
GCGCAACAGGGTATCG-L8TX_171026_01_E05	L6_IT_CTX
CTAGCCTAGCTTATCG-L8TX_180115_01_B11	L6_IT_CTX
GTCCTCATCAAGGTAA-L8TX_180406_01_C06	L6_IT_CTX
ACACCGGGTCATATCG-L8TX_181206_01_B12	L6_IT_CTX
AGTGGGAAGTCGCCGT-L8TX_190312_01_B02	L6_IT_CTX
CGCTGGAAGATATGGT-L8TX_180115_01_C09	L6_IT_CTX
ATCATGGAGTTAAGTG-L8TX_180221_01_A10	L6_IT_CTX
CTGCCTACACATGTGT-L8TX_180115_01_H11	L6_IT_CTX
CTAAGACTCATGTCTT-L8TX_180406_01_F02	L6_IT_CTX
AGTCTTTGTGTGACCC-L8TX_171026_01_A04	L6_IT_CTX
AAATGCCTCCCTCTTT-L8TX_180406_01_F02	L6_IT_CTX
AAAGATGAGCTAGCCC-L8TX_180115_01_E10	L6_IT_CTX
CGATTGACACAAGTAA-L8TX_180115_01_F10	L6_IT_CTX
CATCGAATCATGCATG-L8TX_171120_01_E07	L6_IT_CTX
CGCGGTACACTAAGTC-L8TX_180115_01_G11	L6_IT_CTX
GTGTTAGAGACAAGCC-L8TX_180221_01_A12	L6_IT_CTX
TGATTTCAGTGTGAAT-L8TX_180115_01_H09	L6_IT_CTX
CCTTCGATCAAGAAGT-L8TX_190312_01_B02	L6_IT_CTX
CAGTAACTCACAAACC-L8TX_180221_01_F09	L6_IT_CTX
GTCTTCGGTTATTCTC-L8TX_180115_01_D11	L6_IT_CTX
ACTGCTCCATATGAGA-L8TX_180115_01_D09	L6_IT_CTX
TTGCCGTCACATTAGC-L8TX_180221_01_H10	L6_IT_CTX
AAGGCAGAGTGACTCT-L8TX_180115_01_G11	L6_IT_CTX
CTGTTTATCGTACGGC-L8TX_181011_01_G02	L6_IT_CTX
CGTGTAACAAGGTTCT-L8TX_190312_01_E02	L6_IT_CTX
GCATACATCAACACTG-L8TX_181011_01_G02	L6_IT_CTX
AAACGGGAGTTCCACA-L8TX_180115_01_A11	L6_IT_CTX
GCTCTGTTCAGTTTGG-L8TX_180115_01_H10	L6_IT_CTX
CACCACTGTCAACTGT-L8TX_181012_01_C05	L6_IT_CTX
ACGCCAGAGAAGGACA-L8TX_171026_01_G03	L6_IT_CTX
TTTGTCATCTGCCAGG-L8TX_171026_01_A04	L6_IT_CTX
GCACTCTTCACTCTTA-L8TX_181011_01_C04	L6_IT_CTX
CAGATCAAGTGCCAGA-L8TX_180221_01_D09	L6_IT_CTX
GTAACTGGTAGGCATG-L8TX_180115_01_B11	L6_IT_CTX
ACACCCTCAGGGTTAG-L8TX_180221_01_C11	L6_IT_CTX
ATCATGGTCGTTTGCC-L8TX_171120_01_G07	L6_IT_CTX
TCAATCTAGAGTCTGG-L8TX_180221_01_H10	L6_IT_CTX
TGCGTGGCATCACAAC-L8TX_180221_01_G10	L6_IT_CTX
TCTGGAAGTAGCCTAT-L8TX_180907_01_A12	L6_IT_CTX
TGCGTGGCAACAACCT-L8TX_171026_01_G03	L6_IT_CTX
AAGCCGCTCATCGCTC-L8TX_180221_01_C09	L6_IT_CTX
ACGGGCTTCGTTACAG-L8TX_180907_01_F11	L6_IT_CTX
TTCTACAGTGTTGGGA-L8TX_180115_01_D11	L6_IT_CTX
CATCCACGTGTTCTTT-L8TX_180115_01_B09	L6_IT_CTX
TCGTACCGTATATGAG-L8TX_171026_01_G05	L6_IT_CTX
CCACCTATCCGAATGT-L8TX_181206_01_B12	L6_IT_CTX
GGCTGGTAGTGTCTCA-L8TX_180712_01_G05	L6_IT_CTX
CGAACATCATCTCGCT-L8TX_190312_01_G02	L6_IT_CTX
GTGTGCGGTGGACGAT-L8TX_180926_01_B01	L6_IT_CTX
CTCGGGAAGTTATCGC-L8TX_171120_01_E07	L6_IT_CTX
CCTCAGTAGCAGACTG-L8TX_180115_01_B09	L6_IT_CTX
GGGAGATAGAACAACT-L8TX_171120_01_H07	L6_IT_CTX
AGAGCGAGTACCGAGA-L8TX_180115_01_G11	L6_IT_CTX
ACTGAACAGAAACCTA-L8TX_180115_01_G08	L6_IT_CTX
CCGTTCAGTCCTAGCG-L8TX_180115_01_B10	L6_IT_CTX
TAGTTGGAGCAGATCG-L8TX_180221_01_D10	L6_IT_CTX
GTGTTAGAGAGACTTA-L8TX_180221_01_E09	L6_IT_CTX
GATCGATTCGTTTATC-L8TX_180115_01_D11	L6_IT_CTX
AACGTTGTCCCTTGTG-L8TX_180115_01_G09	L6_IT_CTX
CTGTGCTTCAGCAACT-L8TX_180907_01_B11	L6_IT_CTX
AACTCTTAGACTAGAT-L8TX_181011_01_A03	L6_IT_CTX
CAAGAAAGTGTTCTTT-L8TX_180115_01_H11	L6_IT_CTX
TTGGAACGTCTCGTTC-L8TX_180907_01_B12	L6_IT_CTX
GCGCCAAGTAATCACC-L8TX_171120_01_F07	L6_IT_CTX
TGGGCGTCAAACGTGG-L8TX_171120_01_G07	L6_IT_CTX
CTGGTCTCATGGGAAC-L8TX_180115_01_G09	L6_IT_CTX
ATTATCCAGCGTTTAC-L8TX_180221_01_C10	L6_IT_CTX
TCAGCTCGTTGGACCC-L8TX_180926_01_B01	L6_IT_CTX
GTTCATTGTCTTGCGG-L8TX_180115_01_D11	L6_IT_CTX
GTCACAAAGACTAGAT-L8TX_180221_01_D12	L6_IT_CTX
GCATGCGGTCTCATCC-L8TX_180115_01_D11	L6_IT_CTX
CCGGGATGTCCCTACT-L8TX_180926_01_E12	L6_IT_CTX
CATGGCGCACAACGTT-L8TX_180926_01_B01	L6_IT_CTX
AGTGTCAGTTGGACCC-L8TX_190312_01_H01	L6_IT_CTX
ACGGCCAAGATAGCAT-L8TX_180115_01_D10	L6_IT_CTX
AACCATGGTGACGGTA-L8TX_180221_01_H11	L6_IT_CTX
GTCGGGTAGTCGCCGT-L8TX_180115_01_C11	L6_IT_CTX
GGACGTCTCTAGCACA-L8TX_190312_01_G02	L6_IT_CTX
ATCCGAAAGAGCTATA-L8TX_180115_01_F10	L6_IT_CTX
CGTCACTCAAGTACCT-L8TX_180221_01_E10	L6_IT_CTX
CCGTTCACAATCAGAA-L8TX_180115_01_D11	L6_IT_CTX
GCACTCTGTTTGTTGG-L8TX_180221_01_F10	L6_IT_CTX
TCACGAAGTTCTCATT-L8TX_180115_01_A09	L6_IT_CTX
CATTCGCAGACTTGAA-L8TX_180115_01_F11	L6_IT_CTX
CGGAGCTAGACAGGCT-L8TX_180221_01_F11	L6_IT_CTX
GACGTGCGTTTGTTTC-L8TX_180607_01_C05	L6_IT_CTX
CGACCTTGTTAAGAAC-L8TX_180221_01_E10	L6_IT_CTX
TCAACGAAGATAGGAG-L8TX_180406_01_F02	L6_IT_CTX
CGAACATTCCGAAGAG-L8TX_180115_01_F09	L6_IT_CTX
ACGCCGAGTCCATGAT-L8TX_180221_01_D10	L6_IT_CTX
GATCGTACACCTCGGA-L8TX_181011_01_C03	L6_IT_CTX
AGCTCCTAGATGTGGC-L8TX_171120_01_G07	L6_IT_CTX
TGGGAAGGTGACTACT-L8TX_180115_01_A09	L6_IT_CTX
GGCCGATTCTGTACGA-L8TX_180907_01_F10	L6_IT_CTX
CGTTCTGGTGTTCGAT-L8TX_180115_01_D11	L6_IT_CTX
AGCGTATCATACTCTT-L8TX_171120_01_G07	L6_IT_CTX
GCAGTTATCTGCGGCA-L8TX_180115_01_H11	L6_IT_CTX
TGAGCATAGTTCCACA-L8TX_180115_01_D11	L6_IT_CTX
TGCGGGTAGTGGGTTG-L8TX_180115_01_G10	L6_IT_CTX
GTGTTAGCATTTCACT-L8TX_171026_01_B05	L6_IT_CTX
ACTGATGTCTCCGGTT-L8TX_190312_01_E01	L6_IT_CTX
GAACATCAGTCGATAA-L8TX_180115_01_C08	L6_IT_CTX
CCTCAGTAGACACTAA-L8TX_180221_01_H11	L6_IT_CTX
CGTAGCGCATCGACGC-L8TX_171120_01_E07	L6_IT_CTX
CACATTTGTTAAAGTG-L8TX_181012_01_B05	L6_IT_CTX
TGGGCGTGTCCCGACA-L8TX_180221_01_D10	L6_IT_CTX
TCATTTGCAGCTATTG-L8TX_190312_01_E01	L6_IT_CTX
CATTATCGTTGTACAC-L8TX_180712_01_F05	L6_IT_CTX
TACTTACGTAATTGGA-L8TX_180115_01_F11	L6_IT_CTX
TCATTTGTCCCTCAGT-L8TX_171120_01_D07	L6_IT_CTX
GACAGAGCAAGTAATG-L8TX_180115_01_F11	L6_IT_CTX
GGGAATGCATTGGTAC-L8TX_180115_01_F10	L6_IT_CTX
TCTCTAACATTGTGCA-L8TX_180907_01_F10	L6_IT_CTX
CTGATAGCAATAAGCA-L8TX_180115_01_E09	L6_IT_CTX
CGTCACTGTCGGGTCT-L8TX_180115_01_A10	L6_IT_CTX
TTGACTTCATCCGTGG-L8TX_180115_01_C08	L6_IT_CTX
CCTTACGCAGGATCGA-L8TX_180115_01_G09	L6_IT_CTX
CGGAGTCAGTGGTAGC-L8TX_180115_01_C09	L6_IT_CTX
GCGGGTTAGTACCGGA-L8TX_180221_01_A10	L6_IT_CTX
CTAACTTCACATAACC-L8TX_180406_01_C06	L6_IT_CTX
TGTGTTTGTCCCGACA-L8TX_180115_01_A09	L6_IT_CTX
ACACCCTAGTTAACGA-L8TX_180907_01_F11	L6_IT_CTX
ATAAGAGAGGCATTGG-L8TX_180221_01_E09	L6_IT_CTX
CTGTGCTAGCGTTCCG-L8TX_180221_01_G09	L6_IT_CTX
CTGTGCTAGGAGTCTG-L8TX_180221_01_F09	L6_IT_CTX
TCAGGATGTACAGCAG-L8TX_180406_01_H02	L6_IT_CTX
CGGCTAGCACCAGGTC-L8TX_180221_01_A11	L6_IT_CTX
GCACATAAGGTAAACT-L8TX_180115_01_F09	L6_IT_CTX
TGAGCCGTCGGCTACG-L8TX_171026_01_E05	L6_IT_CTX
AAACCTGTCCTCTAGC-L8TX_180221_01_F09	L6_IT_CTX
CTACGTCCACAGTCGC-L8TX_181011_01_C04	L6_IT_CTX
AGTTGGTAGATGTAAC-L8TX_180115_01_D10	L6_IT_CTX
CGATGGCCATACGCTA-L8TX_171026_01_E05	L6_IT_CTX
GACTACAGTCGGATCC-L8TX_180221_01_F10	L6_IT_CTX
TTTGCGCTCCTAGTGA-L8TX_180712_01_F05	L6_IT_CTX
CCCAATCTCGTGGACC-L8TX_181011_01_A03	L6_IT_CTX
CGATCGGAGAAACCTA-L8TX_181012_01_H04	L6_IT_CTX
TGCCCATCACTTAAGC-L8TX_200611_02_A05	L6_IT_CTX
TCGCGAGCAATGACCT-L8TX_180926_01_F01	L6_IT_CTX
GCGGGTTAGATCTGCT-L8TX_190312_01_E02	L6_IT_CTX
AGTGGGAGTGTTGGGA-L8TX_180504_01_E01	L6_IT_CTX
CCATGTCAGTGTTGAA-L8TX_180115_01_H11	L6_IT_CTX
TTTGCGCAGTGTTAGA-L8TX_180115_01_A11	L6_IT_CTX
AGATCTGGTATCACCA-L8TX_180221_01_F10	L6_IT_CTX
GTCGTAAGTCGTGGCT-L8TX_180712_01_G05	L6_IT_CTX
GTACTCCAGAACTCGG-L8TX_180115_01_E11	L6_IT_CTX
CATCGAAAGCAGACTG-L8TX_180115_01_G09	L6_IT_CTX
CGTCACTTCTTCAACT-L8TX_171026_01_H03	L6_IT_CTX
CCGTACTAGACAGGCT-L8TX_180406_01_C06	L6_IT_CTX
GCTCCTACAATAGCGG-L8TX_181012_01_H04	L6_IT_CTX
AGAGCTTAGTAGCGGT-L8TX_180115_01_E09	L6_IT_CTX
ATCCACCAGCGTAATA-L8TX_171026_01_H05	L6_IT_CTX
AAGCCGCCAGGAACGT-L8TX_180115_01_A11	L6_IT_CTX
ACGAGCCGTCCGAGTC-L8TX_171120_01_E07	L6_IT_CTX
ATCTGCCCACACCGAC-L8TX_180221_01_D09	L6_IT_CTX
CCCAGTTCATGGTCAT-L8TX_171026_01_H03	L6_IT_CTX
CGTGTCTCATGACATC-L8TX_171026_01_E05	L6_IT_CTX
CCGGGATAGTACGTAA-L8TX_180907_01_E11	L6_IT_CTX
AACACGTAGCTAGTGG-L8TX_180115_01_F10	L6_IT_CTX
TTGACTTGTACTCGCG-L8TX_180115_01_F11	L6_IT_CTX
CGTGTCTCATAAGACA-L8TX_180115_01_H09	L6_IT_CTX
TAGTGGTGTACAGCAG-L8TX_181011_01_H03	L6_IT_CTX
CGTGTAAGTCACCTAA-L8TX_180221_01_G09	L6_IT_CTX
ATGGGAGGTTATTCTC-L8TX_171026_01_F05	L6_IT_CTX
TGGCTGGGTTAAAGTG-L8TX_180115_01_C10	L6_IT_CTX
GTCAAGTTCGCATGGC-L8TX_171120_01_C07	L6_IT_CTX
TGATTTCAGCCCAATT-L8TX_171026_01_B05	L6_IT_CTX
GAACATCTCCTTGGTC-L8TX_171120_01_G07	L6_IT_CTX
CGAGAAGAGCCACGCT-L8TX_180221_01_C12	L6_IT_CTX
AGCATACTCGGTGTTA-L8TX_181011_01_A03	L6_IT_CTX
CGTCTACTCGGATGGA-L8TX_180406_01_C06	L6_IT_CTX
CCACTACGTATATGAG-L8TX_171120_01_E07	L6_IT_CTX
CATCCACAGAGCTGGT-L8TX_180115_01_D10	L6_IT_CTX
TGTATTCTCCAGGGCT-L8TX_180115_01_H10	L6_IT_CTX
GTAGTCAAGCTGCGAA-L8TX_181011_01_C04	L6_IT_CTX
AAAGCAATCGTCTGAA-L8TX_180115_01_G11	L6_IT_CTX
AACACGTAGGCTAGAC-L8TX_181012_01_C05	L6_IT_CTX
TCGGGACTCTGGCGTG-L8TX_180907_01_G10	L6_IT_CTX
CGTTGGGTCCCACTTG-L8TX_180926_01_E01	L6_IT_CTX
TGAGCCGGTAGAAAGG-L8TX_180221_01_C09	L6_IT_CTX
CTTACCGCACATTCGA-L8TX_180115_01_F11	L6_IT_CTX
GATCGATCAGAAGCAC-L8TX_180221_01_B10	L6_IT_CTX
TACCTTACACATTTCT-L8TX_180221_01_A11	L6_IT_CTX
CCTACACGTTTGTTTC-L8TX_180221_01_E10	L6_IT_CTX
ACGCCAGTCTGACCTC-L8TX_180221_01_A11	L6_IT_CTX
GACGGCTGTGCAGGTA-L8TX_180115_01_F09	L6_IT_CTX
AGGTCCGGTAGCGCAA-L8TX_180115_01_G08	L6_IT_CTX
CTAGTGATCCTAGAAC-L8TX_180221_01_C09	L6_IT_CTX
CTCTAATGTCGCGAAA-L8TX_180221_01_B10	L6_IT_CTX
CCGTGGAAGAGATGAG-L8TX_180115_01_D11	L6_IT_CTX
CAACTAGAGGTAGCCA-L8TX_180115_01_A11	L4_IT_CTX
TTCGGTCTCTACCTGC-L8TX_180115_01_D09	L4_IT_CTX
CGACTTCAGAGAACAG-L8TX_190312_01_A02	L4_IT_CTX
GACCAATCAATAAGCA-L8TX_171120_01_C07	L4_IT_CTX
ACTTTCAAGTCAATAG-L8TX_180907_01_E11	L4_IT_CTX
GCTCTGTTCCACTCCA-L8TX_180115_01_A11	L4_IT_CTX
GATCGATAGAGTGAGA-L8TX_181206_01_H11	L4_IT_CTX
CGCTATCCAACTGCTA-L8TX_180115_01_B11	L4_IT_CTX
GTATCTTAGGAGTAGA-L8TX_190312_01_A02	L4_IT_CTX
CAGCTAAAGCTGAAAT-L8TX_180115_01_E11	L4_IT_CTX
TATCTCAGTTGCTCCT-L8TX_180115_01_D09	L4_IT_CTX
AGAATAGGTCCGACGT-L8TX_180115_01_B09	L4_IT_CTX
GATCAGTCAATCCAAC-L8TX_180115_01_E09	L4_IT_CTX
ATTCTACAGATGGGTC-L8TX_180221_01_F10	L4_IT_CTX
CATGACAAGTTGTCGT-L8TX_180115_01_G11	L4_IT_CTX
ACGGGCTTCTATCCCG-L8TX_180829_01_D09	L4_IT_CTX
TATCTCACATAAGACA-L8TX_180115_01_B11	L4_IT_CTX
CCACTACAGCCCTAAT-L8TX_180115_01_A11	L4_IT_CTX
GTCACAAGTTGGTTTG-L8TX_181206_01_E12	L4_IT_CTX
CTCGTCAAGAACAATC-L8TX_180829_01_D09	L4_IT_CTX
GACTAACCAAATCCGT-L8TX_171120_01_G07	L4_IT_CTX
CTCGTACCAAGCCGCT-L8TX_180115_01_F11	L4_IT_CTX
TCAGGATTCTACCAGA-L8TX_181012_01_C05	L4_IT_CTX
CGAGCACTCATCACCC-L8TX_180221_01_C11	L4_IT_CTX
TGGTTCCTCAGGCAAG-L8TX_180115_01_A11	L4_IT_CTX
TTCTCCTTCTCTAGGA-L8TX_180115_01_C11	L4_IT_CTX
ACGCAGCTCGCCAGCA-L8TX_171026_01_B05	L4_IT_CTX
GTCACAATCGAACGGA-L8TX_180115_01_E11	L4_IT_CTX
GCGCGATAGCATCATC-L8TX_171026_01_H04	L4_IT_CTX
ACGCCGATCGTTACAG-L8TX_180115_01_E09	L4_IT_CTX
AACTGGTTCACCGGGT-L8TX_180907_01_B11	L4_IT_CTX
GATCGCGCATTAGGCT-L8TX_180907_01_E11	L4_IT_CTX
GTTTCTATCGAGAGCA-L8TX_180907_01_F10	L4_IT_CTX
TCGGTAAGTCTTCGTC-L8TX_190312_01_A02	L4_IT_CTX
ACATCAGGTCTAGCCG-L8TX_171026_01_G03	L4_IT_CTX
CATGCCTAGGCATGTG-L8TX_171026_01_H03	L4_IT_CTX
CACAAACGTGAGGGAG-L8TX_171026_01_B05	L4_IT_CTX
ATTTCTGGTACCAGTT-L8TX_180115_01_H10	L4_IT_CTX
TGCGGGTGTTACAGAA-L8TX_181012_01_G04	L4_IT_CTX
TGCGGGTCATCCCACT-L8TX_181011_01_B03	L4_IT_CTX
AACTCCCAGCAGGTCA-L8TX_180907_01_H11	L4_IT_CTX
TACTCGCAGTGAAGAG-L8TX_180115_01_F11	L4_IT_CTX
GCGGGTTTCAGTTCGA-L8TX_171026_01_G04	L4_IT_CTX
TGGCGCACAAAGCGGT-L8TX_181012_01_C05	L4_IT_CTX
AACTCCCTCGTTACGA-L8TX_180115_01_B09	L4_IT_CTX
CTGATCCGTACCGGCT-L8TX_180926_01_B01	L4_IT_CTX
GAAACTCTCTCTAAGG-L8TX_180115_01_G09	L4_IT_CTX
CTGCGGAGTGATGTGG-L8TX_180115_01_A10	L4_IT_CTX
TCAATCTTCTTTAGTC-L8TX_180115_01_F09	L4_IT_CTX
GCACATAGTTCACCTC-L8TX_180115_01_E09	L4_IT_CTX
CTAAGACCATGGAATA-L8TX_190312_01_C01	L4_IT_CTX
CAGAGAGTCCTAGGGC-L8TX_180907_01_E11	L4_IT_CTX
CCAATCCAGCTCCTCT-L8TX_180115_01_F10	L4_IT_CTX
TTTCCTCAGTGTTGAA-L8TX_180115_01_B10	L4_IT_CTX
GATGCTAGTTCGCTAA-L8TX_180907_01_H11	L4_IT_CTX
ATGAGGGTCGCAAGCC-L8TX_180115_01_C09	L4_IT_CTX
GGTATTGAGCACCGTC-L8TX_171120_01_E07	L4_IT_CTX
ACGCAGCTCCAATGGT-L8TX_180115_01_A11	L4_IT_CTX
CCATGTCTCTGCTGTC-L8TX_180907_01_E11	L4_IT_CTX
CAGGTGCCAAGCCCAC-L8TX_181012_01_C05	L4_IT_CTX
ACATGGTAGTAGCGGT-L8TX_190312_01_F01	L4_IT_CTX
GTATCTTTCTTCGGTC-L8TX_180115_01_A11	L4_IT_CTX
ATCATGGCAGTAACGG-L8TX_180406_01_B01	L4_IT_CTX
ACACCGGCACTTGGAT-L8TX_180115_01_E10	L4_IT_CTX
ATGTGTGCAAGTCTGT-L8TX_171026_01_B05	L4_IT_CTX
CGCGTTTGTTCAGGCC-L8TX_180115_01_A11	L4_IT_CTX
AACCGCGCAATCGGTT-L8TX_180221_01_E11	L4_IT_CTX
CCATGTCCATCGGGTC-L8TX_180907_01_A12	L4_IT_CTX
TGAAAGAAGTTGAGAT-L8TX_171120_01_G07	L4_IT_CTX
CGGACGTCAATCAGAA-L8TX_171120_01_F07	L4_IT_CTX
GGAACTTGTAAATGAC-L8TX_180115_01_E10	L4_IT_CTX
TAGTTGGGTTTGCATG-L8TX_180926_01_C12	L4_IT_CTX
AGCTCCTAGCTCCTCT-L8TX_171120_01_H07	L4_IT_CTX
CTGGTCTAGACCTAGG-L8TX_181012_01_E05	L4_IT_CTX
TCTGGAACAAACCTAC-L8TX_180221_01_D10	L4_IT_CTX
TGCGTGGGTCACCTAA-L8TX_190312_01_H01	L4_IT_CTX
CACCTTGGTGATGTGG-L8TX_180221_01_E11	L4_IT_CTX
TCACAAGGTAGAGCTG-L8TX_171026_01_C05	L4_IT_CTX
GACCAATTCCTTTCGG-L8TX_180829_01_E10	L4_IT_CTX
GATCTAGCATCGGTTA-L8TX_180115_01_A10	L4_IT_CTX
ACTGCTCTCTCGTTTA-L8TX_171120_01_F07	L4_IT_CTX
GGATTACGTTAAAGAC-L8TX_180221_01_F11	L4_IT_CTX
CGGCTAGGTCTGGTCG-L8TX_180907_01_F10	L4_IT_CTX
CTGCCTATCACATACG-L8TX_171120_01_H07	L4_IT_CTX
GTATCTTCAATAGAGT-L8TX_181011_01_C03	L4_IT_CTX
ATCCACCGTTGCCTCT-L8TX_180115_01_C10	L4_IT_CTX
CCATTCGCAGTTCCCT-L8TX_180115_01_G11	L4_IT_CTX
GCAAACTCAATGGTCT-L8TX_180115_01_C11	L4_IT_CTX
TTGGAACAGTACATGA-L8TX_171120_01_E07	L4_IT_CTX
ATTATCCAGAGGGCTT-L8TX_180115_01_E10	L4_IT_CTX
GAACATCCACCAGGTC-L8TX_171026_01_F04	L4_IT_CTX
TTCTACATCCACTGGG-L8TX_180926_01_E12	L4_IT_CTX
CTTTGCGAGATCACGG-L8TX_180115_01_D11	L4_IT_CTX
GCGCGATAGGCTCAGA-L8TX_181011_01_H03	L4_IT_CTX
ATCATGGTCGCGATCG-L8TX_180115_01_G08	L4_IT_CTX
CGTGTAATCCAAACAC-L8TX_180115_01_B11	L4_IT_CTX
CTAAGACTCAGTTAGC-L8TX_180115_01_C09	L4_IT_CTX
TACCTTAGTAGAAGGA-L8TX_180907_01_F10	L4_IT_CTX
TGGCGCACACGCCAGT-L8TX_171026_01_B05	L4_IT_CTX
CCCATACAGTGACATA-L8TX_190312_01_D01	L4_IT_CTX
GTATTCTGTAATAGCA-L8TX_180115_01_E08	L4_IT_CTX
CCTTCGATCGTTACGA-L8TX_180907_01_F11	L4_IT_CTX
TTAGGACGTAGCGTAG-L8TX_180115_01_E10	L4_IT_CTX
CTGCGGATCCACGTTC-L8TX_171026_01_H03	L4_IT_CTX
AGTGAGGTCCAGATCA-L8TX_180115_01_H11	L4_IT_CTX
CGAGCCATCTCATTCA-L8TX_180926_01_D01	L4_IT_CTX
GACTAACAGACTTTCG-L8TX_180115_01_B09	L4_IT_CTX
AGTTGGTCACAGCCCA-L8TX_181012_01_E05	L4_IT_CTX
GAGTCCGCAGGCTGAA-L8TX_180926_01_F01	L4_IT_CTX
AGACGTTTCCAAGTAC-L8TX_190312_01_B01	L4_IT_CTX
GATCAGTGTCATCGGC-L8TX_180829_01_D10	L4_IT_CTX
AGGCCACAGCTTTGGT-L8TX_180115_01_F10	L4_IT_CTX
ACAGCTATCTTGTACT-L8TX_180115_01_H11	L4_IT_CTX
GGGCATCTCCGCGTTT-L8TX_181012_01_E05	L4_IT_CTX
CCGGTAGCACTAGTAC-L8TX_171120_01_F07	L4_IT_CTX
CATCGGGTCAAGGTAA-L8TX_180115_01_B11	L4_IT_CTX
CACAGGCAGCTGCAAG-L8TX_180115_01_C08	L4_IT_CTX
CTTAACTCAGCATGAG-L8TX_180926_01_E01	L4_IT_CTX
TCTCATAAGTGGAGTC-L8TX_171026_01_C05	L4_IT_CTX
TGTCCCAAGGGTTTCT-L8TX_180926_01_F01	L4_IT_CTX
TAGTTGGTCAGCTGGC-L8TX_190312_01_H01	L4_IT_CTX
CTCGAAACATTTGCTT-L8TX_190312_01_D01	L4_IT_CTX
GAGCAGAAGCGGCTTC-L8TX_180829_01_E10	L4_IT_CTX
TCACAAGAGGAGCGAG-L8TX_180115_01_B09	L4_IT_CTX
AGGGAGTTCTACTCAT-L8TX_190312_01_C01	L4_IT_CTX
TTAACTCAGTGTGGCA-L8TX_180115_01_E09	L4_IT_CTX
GCGACCACAGTAAGAT-L8TX_171026_01_H05	L4_IT_CTX
CTCACACAGGGTGTTG-L8TX_180115_01_C11	L4_IT_CTX
ACTGATGTCCTAGGGC-L8TX_181011_01_H02	L4_IT_CTX
CGTTCTGAGACGACGT-L8TX_180115_01_E10	L4_IT_CTX
ATCTACTTCCCATTTA-L8TX_180907_01_E11	L4_IT_CTX
GTGGGTCAGCCCAACC-L8TX_180115_01_C11	L4_IT_CTX
CAGATCAAGCAGACTG-L8TX_171026_01_B04	L4_IT_CTX
GGGAATGCACCGGAAA-L8TX_180115_01_C09	L4_IT_CTX
GGCAATTCAAGAAAGG-L8TX_180829_01_D09	L4_IT_CTX
ATCCACCTCCTGTAGA-L8TX_180115_01_B09	L4_IT_CTX
AGGTCCGGTCAGAAGC-L8TX_180926_01_E12	L4_IT_CTX
GAGCAGAAGCCGCCTA-L8TX_180907_01_B11	L4_IT_CTX
TCTCTAAAGAAGGTGA-L8TX_180115_01_E09	L4_IT_CTX
CTTAACTGTAATCGTC-L8TX_181012_01_B05	L4_IT_CTX
TCGCGAGGTTGGAGGT-L8TX_180115_01_B10	L4_IT_CTX
CCTTCCCAGATCTGCT-L8TX_180115_01_G09	L4_IT_CTX
ATTGGTGCAAGCGATG-L8TX_180907_01_G10	L4_IT_CTX
CCACCTACACAGCCCA-L8TX_180221_01_D10	L4_IT_CTX
ATTATCCAGACTAGGC-L8TX_171026_01_F04	L4_IT_CTX
GACTAACAGCACACAG-L8TX_190312_01_D01	L4_IT_CTX
GTTCGGGGTCGATTGT-L8TX_171026_01_H03	L4_IT_CTX
AGAGCGAAGGGCTTGA-L8TX_180829_01_E10	L4_IT_CTX
GACCTGGAGTAGCGGT-L8TX_180115_01_H11	L4_IT_CTX
ACTTGTTAGAGAGCTC-L8TX_171120_01_E07	L4_IT_CTX
TCTTTCCAGAGCTTCT-L8TX_180926_01_E12	L4_IT_CTX
ACACTGACAGCCTATA-L8TX_180115_01_F08	L4_IT_CTX
CGACTTCAGCGGCTTC-L8TX_190312_01_B01	L4_IT_CTX
ACGCCAGCACACATGT-L8TX_181011_01_H02	L4_IT_CTX
CTCGTACTCGCCAAAT-L8TX_180115_01_E10	L4_IT_CTX
TCAGGATTCACAGTAC-L8TX_180115_01_D10	L4_IT_CTX
TAGGCATTCTCTGTCG-L8TX_180115_01_G11	L4_IT_CTX
AGCTCCTTCTTGTTTG-L8TX_190312_01_E01	L4_IT_CTX
GAACCTAAGAGTACAT-L8TX_180907_01_G11	L4_IT_CTX
CTCTGGTCAGCTGCAC-L8TX_180115_01_H11	L4_IT_CTX
ACACCGGCAATCGGTT-L8TX_180115_01_B11	L4_IT_CTX
TGTCCCAGTCGAGTTT-L8TX_171026_01_H04	L4_IT_CTX
GTGGGTCAGGATGGTC-L8TX_180115_01_D09	L4_IT_CTX
TATCTCAAGGGTATCG-L8TX_180115_01_C11	L4_IT_CTX
AAAGCAAGTTTGTTGG-L8TX_190312_01_G01	L4_IT_CTX
TGAAAGAAGGGTTTCT-L8TX_180926_01_B01	L4_IT_CTX
CGAGCACTCAGCAACT-L8TX_180115_01_B10	L4_IT_CTX
CGCCAAGGTGGCTCCA-L8TX_181011_01_A03	L4_IT_CTX
TGCACCTTCGGCGCTA-L8TX_181012_01_G04	L4_IT_CTX
CCTTCGAAGGACAGCT-L8TX_181206_01_A12	L4_IT_CTX
CAGCATATCCTGTACC-L8TX_171026_01_G03	L4_IT_CTX
TCTATTGTCGGTTCGG-L8TX_190312_01_G01	L4_IT_CTX
TGCGGGTTCAGCGATT-L8TX_180115_01_B11	L4_IT_CTX
GGGACCTAGGTGTTAA-L8TX_181011_01_G02	L4_IT_CTX
AGGCCGTTCCCAACGG-L8TX_180115_01_G10	L4_IT_CTX
TAAGAGAAGTGTGAAT-L8TX_181011_01_H03	L4_IT_CTX
CTGATCCAGTATCGAA-L8TX_180115_01_C10	L4_IT_CTX
AGCAGCCCATTTGCTT-L8TX_180907_01_G11	L4_IT_CTX
CACAAACCACTATCTT-L8TX_180115_01_B09	L4_IT_CTX
GGTGCGTAGAGCTATA-L8TX_180115_01_C11	L4_IT_CTX
CCATTCGTCGTGGGAA-L8TX_180115_01_G08	L4_IT_CTX
TGGGAAGTCGTTACAG-L8TX_180115_01_G11	L4_IT_CTX
GTTCATTGTCTTCTCG-L8TX_181012_01_G04	L4_IT_CTX
ACGAGCCAGGAATTAC-L8TX_180115_01_H10	L4_IT_CTX
GGTATTGGTGCAACGA-L8TX_171026_01_A04	L4_IT_CTX
TTTATGCTCTTCTGGC-L8TX_181012_01_B05	L4_IT_CTX
GGGATGAAGAGCTGGT-L8TX_180115_01_E09	L4_IT_CTX
TAGAGCTTCGCCCTTA-L8TX_190312_01_C01	L4_IT_CTX
CAGAATCCAGGCAGTA-L8TX_180907_01_B11	L4_IT_CTX
CATATGGCATCACGAT-L8TX_180115_01_E08	L4_IT_CTX
CTCGGGACATGCCTTC-L8TX_180115_01_C11	L4_IT_CTX
CTCGGGATCCTAGAAC-L8TX_180115_01_H08	L4_IT_CTX
CAGAATCCAAATACAG-L8TX_190312_01_C01	L4_IT_CTX
CGACTTCGTGCTGTAT-L8TX_180907_01_G10	L4_IT_CTX
CCTTCCCGTGATGTCT-L8TX_190312_01_D01	L4_IT_CTX
TACGGTAAGTCGTACT-L8TX_180115_01_B10	L4_IT_CTX
AGCGTATCAATGACCT-L8TX_180115_01_B10	L4_IT_CTX
TCACGAACAACAACCT-L8TX_180115_01_C10	L4_IT_CTX
CTAAGACTCCTAGGGC-L8TX_180115_01_E09	L4_IT_CTX
TTAGGCATCAACCATG-L8TX_171026_01_F05	L4_IT_CTX
CCTACACGTAAATGAC-L8TX_181011_01_C04	L4_IT_CTX
CATGCCTCAAGGCTCC-L8TX_180115_01_A10	L4_IT_CTX
CCATTCGCAGCCTTTC-L8TX_180115_01_H11	L4_IT_CTX
CTTCTCTCACATTCGA-L8TX_190312_01_F02	L4_IT_CTX
TTCGAAGGTCCTCTTG-L8TX_190312_01_E02	L4_IT_CTX
ATCATGGGTGTCAATC-L8TX_171120_01_D07	L4_IT_CTX
AGGGAGTTCACTTACT-L8TX_180115_01_E11	L4_IT_CTX
CGAATGTGTTCCAACA-L8TX_180115_01_D11	L4_IT_CTX
GATGAGGAGTGAACGC-L8TX_190312_01_G01	L4_IT_CTX
TTTGCGCTCGTCCAGG-L8TX_181012_01_H04	L4_IT_CTX
ATGAGGGGTGTTAAGA-L8TX_180115_01_A09	L4_IT_CTX
TTCTCAATCAACCAAC-L8TX_180115_01_A11	L4_IT_CTX
TAGCCGGTCCTTTCGG-L8TX_180115_01_E08	L4_IT_CTX
ACGATACAGGCTCTTA-L8TX_180115_01_A11	L4_IT_CTX
CTTCTCTTCTTCGGTC-L8TX_180115_01_C11	L4_IT_CTX
GCGCAACAGCGTAGTG-L8TX_180115_01_D10	L4_IT_CTX
GGGACCTGTGGCCCTA-L8TX_171026_01_F03	L4_IT_CTX
GGTATTGTCTGAGGGA-L8TX_180926_01_B01	L4_IT_CTX
GAGCAGAAGGTGACCA-L8TX_171026_01_C05	L4_IT_CTX
GCTCCTACAGCTGTGC-L8TX_180115_01_D11	L4_IT_CTX
CAGCTGGAGAAGCCCA-L8TX_180115_01_A10	L4_IT_CTX
CGCGTTTGTAGCTAAA-L8TX_180115_01_F11	L4_IT_CTX
TACGGATTCTGATTCT-L8TX_180907_01_G11	L4_IT_CTX
CGCGTTTCATTGAGCT-L8TX_181011_01_C04	L4_IT_CTX
TGCCAAATCGATAGAA-L8TX_180115_01_D09	L4_IT_CTX
CGGTTAATCCCTAACC-L8TX_180926_01_C12	L4_IT_CTX
TTCCCAGTCAGGCAAG-L8TX_180115_01_E11	L4_IT_CTX
CGTAGCGGTAGCTGCC-L8TX_180907_01_G11	L4_IT_CTX
CAGCCGATCGCCAGCA-L8TX_180115_01_E08	L4_IT_CTX
CCTACCATCCTTGCCA-L8TX_181206_01_A12	L4_IT_CTX
GAAACTCTCGTACCGG-L8TX_171120_01_G07	L4_IT_CTX
GCATGCGAGAAACCAT-L8TX_190312_01_C01	L4_IT_CTX
GTACGTAGTCTTGTCC-L8TX_180115_01_D09	L4_IT_CTX
AGGTCCGTCCGCGCAA-L8TX_171026_01_B04	L4_IT_CTX
CCCTCCTGTTTGGCGC-L8TX_180907_01_F11	L4_IT_CTX
ACGAGCCGTGGACGAT-L8TX_180115_01_C09	L4_IT_CTX
AACTCTTTCAGTCAGT-L8TX_180926_01_E01	L4_IT_CTX
TTGGAACAGACTGTAA-L8TX_180115_01_A11	L4_IT_CTX
CGTGAGCTCGCAGGCT-L8TX_181011_01_H03	L4_IT_CTX
ACAGCCGTCCTTTCGG-L8TX_180115_01_D10	L4_IT_CTX
CTGAAGTGTGGTACAG-L8TX_180115_01_E08	L4_IT_CTX
CGCTGGATCCTCAACC-L8TX_180907_01_G10	L4_IT_CTX
ATCTGCCAGATGGGTC-L8TX_180115_01_E11	L4_IT_CTX
CAGCAGCAGCTCTCGG-L8TX_181012_01_H04	L4_IT_CTX
TGACGGCAGCGCCTTG-L8TX_180115_01_H09	L4_IT_CTX
ATTATCCCATTGCGGC-L8TX_180115_01_C09	L4_IT_CTX
GCTCTGTCACCCTATC-L8TX_180829_01_E10	L4_IT_CTX
AGACGTTCAAGCGAGT-L8TX_180115_01_F10	L4_IT_CTX
CTCTACGCATGTCGAT-L8TX_180115_01_F10	L4_IT_CTX
AGGCCACGTTTGACTG-L8TX_180115_01_H08	L4_IT_CTX
GACGTTATCCGTCAAA-L8TX_171026_01_H03	L4_IT_CTX
CCTACCAAGTTTAGGA-L8TX_180115_01_B11	L4_IT_CTX
CGAATGTAGTGAATTG-L8TX_181206_01_H11	L4_IT_CTX
AGCTCCTTCTCCGGTT-L8TX_190312_01_H01	L4_IT_CTX
CTCGAAACATCACAAC-L8TX_180115_01_C08	L4_IT_CTX
GCGCAGTCACCAGATT-L8TX_180907_01_E11	L4_IT_CTX
GATCGTAGTAGCTTGT-L8TX_181011_01_A03	L4_IT_CTX
TAAGTGCTCCAGATCA-L8TX_171026_01_B05	L4_IT_CTX
GTACTCCTCGCGCCAA-L8TX_180115_01_E11	L4_IT_CTX
GGCCGATAGAGTCGGT-L8TX_180907_01_A12	L4_IT_CTX
CGTGTCTGTCTTGATG-L8TX_180115_01_A11	L4_IT_CTX
CAACCTCGTACCGCTG-L8TX_180926_01_D01	L4_IT_CTX
GAAACTCAGTTATCGC-L8TX_171026_01_C05	L4_IT_CTX
GGACATTAGCAGACTG-L8TX_180115_01_F09	L4_IT_CTX
ACATACGGTGGACGAT-L8TX_180907_01_G11	L4_IT_CTX
TGTGGTACATCGGAAG-L8TX_180907_01_F10	L4_IT_CTX
AAGGTTCAGGTGGGTT-L8TX_181011_01_H03	L4_IT_CTX
GTGGGTCCAGGAATGC-L8TX_180907_01_G11	L4_IT_CTX
ACCTTTACAAAGGTGC-L8TX_171026_01_C05	L4_IT_CTX
TTGACTTCAGATGGGT-L8TX_190312_01_F02	L4_IT_CTX
TTCTCAACAGCTCGAC-L8TX_180829_01_E10	L4_IT_CTX
TTGCCGTCAGCTGTGC-L8TX_180115_01_D11	L4_IT_CTX
TACGGATGTTCCTCCA-L8TX_180907_01_G11	L4_IT_CTX
ACTGAGTTCGCGTTTC-L8TX_171026_01_E05	L4_IT_CTX
AACTCAGTCGATAGAA-L8TX_180115_01_A10	L4_IT_CTX
CGTCCATTCTCGCTTG-L8TX_190312_01_H01	L4_IT_CTX
ACAGCTAAGCGTAGTG-L8TX_171026_01_F04	L4_IT_CTX
CATATGGCAGTAAGCG-L8TX_171026_01_H03	L4_IT_CTX
GTAGTCAGTGCGCTTG-L8TX_180115_01_G11	L4_IT_CTX
GTCTTCGAGGATATAC-L8TX_180115_01_E11	L4_IT_CTX
CTCGAGGCACTATCTT-L8TX_180926_01_D01	L4_IT_CTX
AGACGTTAGTAATCCC-L8TX_180115_01_B09	L4_IT_CTX
GCTTCCACACAGGCCT-L8TX_180907_01_B12	L4_IT_CTX
ACGGGTCCACCAGTTA-L8TX_180115_01_C11	L4_IT_CTX
AGTGGGAAGCTAACAA-L8TX_181012_01_C05	L4_IT_CTX
ACGTCAATCGGCTTGG-L8TX_181011_01_H03	L4_IT_CTX
CAAGTTGAGTAACCCT-L8TX_171026_01_G04	L4_IT_CTX
CACAAACCATTCTCAT-L8TX_190312_01_D01	L4_IT_CTX
GACTGCGTCGGGAGTA-L8TX_171026_01_H04	L4_IT_CTX
CTGCCTACAAGTTGTC-L8TX_180829_01_E10	L4_IT_CTX
CACCACTCACTATCTT-L8TX_181011_01_H03	L4_IT_CTX
ACAGCCGCACACCGCA-L8TX_180829_01_D10	L4_IT_CTX
CAAGAAAAGTCAATAG-L8TX_180115_01_G08	L4_IT_CTX
GTATTCTCATCAGTAC-L8TX_181011_01_B03	L4_IT_CTX
CGGAGTCCACGGCGTT-L8TX_180115_01_A11	L4_IT_CTX
GAATGAAAGACTAAGT-L8TX_180115_01_C10	L4_IT_CTX
GATCGCGCAGGATTGG-L8TX_180712_01_A06	L4_IT_CTX
GGAGCAAGTGCAGGTA-L8TX_180907_01_H11	L4_IT_CTX
TGGCCAGCAACGCACC-L8TX_171120_01_H07	L4_IT_CTX
TGACGGCAGGATGGAA-L8TX_180115_01_F10	L4_IT_CTX
CGTGTAACATAAAGGT-L8TX_180115_01_F11	L4_IT_CTX
TTATGCTCACTGAAGG-L8TX_180907_01_B12	L4_IT_CTX
TAGCCGGAGCTCCTTC-L8TX_180907_01_H11	L4_IT_CTX
CTAAGACCAATCACAC-L8TX_171026_01_F03	L4_IT_CTX
TCGTACCTCCCTAACC-L8TX_171026_01_A05	L4_IT_CTX
ACGGCCACAGTGAGTG-L8TX_180115_01_A09	L4_IT_CTX
GACGGCTCATGACATC-L8TX_171026_01_D05	L4_IT_CTX
AGCGGTCCATATGCTG-L8TX_180115_01_F09	L4_IT_CTX
ATAAGAGCAAGGTTCT-L8TX_181011_01_A03	L4_IT_CTX
TCAGGATAGGGATACC-L8TX_180115_01_E11	L4_IT_CTX
GAGCAGAGTGCAACGA-L8TX_190312_01_H01	L4_IT_CTX
CTCGAAAAGCCTCGTG-L8TX_180907_01_A12	L4_IT_CTX
AAAGTAGGTAGGAGTC-L8TX_181012_01_E05	L4_IT_CTX
GAGCAGAAGACTAGAT-L8TX_171026_01_B05	L4_IT_CTX
TTTGTCAGTGTTTGGT-L8TX_180926_01_E01	L4_IT_CTX
CTCAGAAAGGAGCGTT-L8TX_180115_01_H09	L4_IT_CTX
AGAATAGCACATCCAA-L8TX_171120_01_F07	L4_IT_CTX
ACGAGCCCATGTCTCC-L8TX_180926_01_E12	L4_IT_CTX
GGAGCAAAGTCGAGTG-L8TX_181012_01_G04	L4_IT_CTX
ACTTTCAAGTGCGTGA-L8TX_180829_01_E10	L4_IT_CTX
ACCTTTACATTAGGCT-L8TX_181012_01_H04	L4_IT_CTX
CGTTGGGCAATGCCAT-L8TX_171120_01_D07	L4_IT_CTX
GCGCCAATCTTACCGC-L8TX_180907_01_G11	L4_IT_CTX
GGGTTGCGTAAGTTCC-L8TX_190312_01_D01	L4_IT_CTX
GGAGCAAAGGGAAACA-L8TX_171026_01_A04	L4_IT_CTX
AAGCCGCGTTCATGGT-L8TX_190312_01_D01	L4_IT_CTX
TACTCGCTCGCCAAAT-L8TX_180115_01_F09	L4_IT_CTX
CTCGGGATCAGGCAAG-L8TX_190312_01_A02	L4_IT_CTX
TTAGTTCCACAGCGTC-L8TX_180907_01_G11	L4_IT_CTX
CATCCACTCCAAGCCG-L8TX_171120_01_D07	L4_IT_CTX
GTCGTAACACATGGGA-L8TX_180115_01_F10	L4_IT_CTX
TAGAGCTCATCAGTAC-L8TX_181011_01_G02	L4_IT_CTX
ATCATGGCAATCCAAC-L8TX_180907_01_F10	L4_IT_CTX
AATCCAGCATCGGACC-L8TX_180926_01_C12	L4_IT_CTX
GGGCATCCAATGGAAT-L8TX_180907_01_F11	L4_IT_CTX
AAGGAGCCAGCGTTCG-L8TX_171026_01_F05	L4_IT_CTX
TACGGGCGTGTTTGGT-L8TX_180115_01_C09	L4_IT_CTX
CTGCTGTAGATGTAAC-L8TX_171026_01_E05	L4_IT_CTX
CTCGGAGTCCAGTAGT-L8TX_171026_01_B04	L4_IT_CTX
TACGGGCAGAAGGTTT-L8TX_180115_01_H09	L4_IT_CTX
CACTCCACACACAGAG-L8TX_180115_01_C10	L4_IT_CTX
GGGACCTTCTCGCTTG-L8TX_180115_01_G10	L4_IT_CTX
GGGAATGCAAATTGCC-L8TX_180907_01_H11	L4_IT_CTX
CGGACACTCGTACCGG-L8TX_180115_01_F11	L4_IT_CTX
CGTGTCTCAGGCTGAA-L8TX_181011_01_A03	L4_IT_CTX
ACCCACTTCGTGGGAA-L8TX_180115_01_H10	L4_IT_CTX
CTCTGGTCATTGAGCT-L8TX_171026_01_D05	L4_IT_CTX
GTCGTAAAGAGCTGGT-L8TX_180115_01_H08	L4_IT_CTX
GCTCCTAGTTGAGGTG-L8TX_180907_01_H11	L4_IT_CTX
TCGTACCGTCAAACTC-L8TX_171026_01_G03	L4_IT_CTX
CACACAAGTTACCGAT-L8TX_181012_01_C05	L4_IT_CTX
TGAAAGAAGTTTCCTT-L8TX_180115_01_C10	L4_IT_CTX
CTAATGGGTATATGGA-L8TX_180926_01_E01	L4_IT_CTX
GGCCGATCATGTAGTC-L8TX_180115_01_A09	L4_IT_CTX
AGGTCCGTCCCAGGTG-L8TX_171120_01_F07	L4_IT_CTX
GGATTACAGAGACTTA-L8TX_171026_01_F03	L4_IT_CTX
AAAGCAAGTACTCAAC-L8TX_180115_01_C09	L4_IT_CTX
TCAGGATTCGGCTTGG-L8TX_180907_01_F11	L4_IT_CTX
TGCCCTACAGGTGCCT-L8TX_180115_01_B09	L4_IT_CTX
ACTGAGTTCGGGAGTA-L8TX_180115_01_B10	L4_IT_CTX
GGCAATTCAGATGAGC-L8TX_180115_01_D11	L4_IT_CTX
GCTCCTAGTGCCTGGT-L8TX_180115_01_H11	L4_IT_CTX
AGGCCACTCACGGTTA-L8TX_180115_01_G10	L4_IT_CTX
TATCTCAGTCAGAATA-L8TX_180907_01_G11	L4_IT_CTX
GAATAAGAGTACACCT-L8TX_171026_01_H03	L4_IT_CTX
CATGGCGAGCTAGGCA-L8TX_180115_01_F10	L4_IT_CTX
TACTCGCAGAAACGAG-L8TX_180115_01_F11	L4_IT_CTX
TACGGGCGTTCCACAA-L8TX_180907_01_F11	L4_IT_CTX
GTATTCTAGAGCAATT-L8TX_190312_01_F01	L4_IT_CTX
CACTCCATCGGTTAAC-L8TX_180115_01_C08	L4_IT_CTX
AGATCTGCATCCGTGG-L8TX_180115_01_B11	L4_IT_CTX
GCGCCAAAGTATCTCG-L8TX_171026_01_H05	L4_IT_CTX
TCATTACTCACATAGC-L8TX_180115_01_A11	L4_IT_CTX
CGTAGGCTCAACACCA-L8TX_190312_01_E02	L4_IT_CTX
ACTGCTCTCACCGTAA-L8TX_190312_01_D01	L4_IT_CTX
TGGACGCGTTCACCTC-L8TX_180115_01_H09	L4_IT_CTX
GTCGGGTGTACCGGCT-L8TX_180907_01_G11	L4_IT_CTX
TCTGGAATCGGGAGTA-L8TX_180221_01_G11	L4_IT_CTX
AGTTGGTAGTACGTTC-L8TX_171120_01_H07	L4_IT_CTX
ACGATACGTGTCAATC-L8TX_180115_01_B09	L4_IT_CTX
GAAATGAGTATGAATG-L8TX_171120_01_D07	L4_IT_CTX
AGGGTGATCGCGATCG-L8TX_181011_01_C04	L4_IT_CTX
GGCTCGACACTGTTAG-L8TX_181011_01_H02	L4_IT_CTX
GTAGGCCGTTTAGGAA-L8TX_181011_01_B03	L4_IT_CTX
CCTAAAGTCGACGGAA-L8TX_180115_01_G11	L4_IT_CTX
TGCTGCTAGGGATACC-L8TX_171120_01_E07	L4_IT_CTX
GTCACGGAGTTATCGC-L8TX_171120_01_H07	L4_IT_CTX
CTAGCCTAGGTGATTA-L8TX_180221_01_C10	L4_IT_CTX
ATTCTACTCAACGCTA-L8TX_180907_01_B12	L4_IT_CTX
ATCCACCGTTCATGGT-L8TX_180115_01_H10	L4_IT_CTX
TGAAAGAGTTACCGAT-L8TX_180115_01_E10	L4_IT_CTX
TTATGCTTCAGAGACG-L8TX_181012_01_G04	L4_IT_CTX
CAACCTCTCAGGCCCA-L8TX_180115_01_F09	L4_IT_CTX
GCAGTTATCTGGAGCC-L8TX_171026_01_H04	L4_IT_CTX
AGGCCGTAGCGTTCCG-L8TX_180115_01_E09	L4_IT_CTX
GCGCAGTTCAAGATCC-L8TX_180115_01_B09	L4_IT_CTX
CCGGTAGGTAGCTAAA-L8TX_171026_01_F03	L4_IT_CTX
TGACTAGGTCTCCCTA-L8TX_190312_01_A02	L4_IT_CTX
CCTCAGTGTCAACTGT-L8TX_180115_01_C08	L4_IT_CTX
TAGGCATCACTACAGT-L8TX_180115_01_H10	L4_IT_CTX
AGATCTGTCATCATTC-L8TX_180907_01_B11	L4_IT_CTX
ATAAGAGGTCTTCGTC-L8TX_180115_01_D09	L4_IT_CTX
CCGTACTCAGCGTTCG-L8TX_190312_01_C01	L4_IT_CTX
CTCTAATCACACGCTG-L8TX_180115_01_A11	L4_IT_CTX
CAGCTGGCACAGGCCT-L8TX_190312_01_B01	L4_IT_CTX
CAGCATATCCTCTAGC-L8TX_190312_01_E01	L4_IT_CTX
TTCGGTCAGCTGCCCA-L8TX_181012_01_C05	L4_IT_CTX
TAGCCGGAGTTCGCAT-L8TX_181011_01_B03	L4_IT_CTX
CACACCTTCACGAAGG-L8TX_171026_01_B04	L4_IT_CTX
GGTGAAGGTCTCTTAT-L8TX_181011_01_H03	L4_IT_CTX
CGTGTAAGTCTCCATC-L8TX_180115_01_C11	L4_IT_CTX
GGAACTTTCTACTTAC-L8TX_190312_01_C01	L4_IT_CTX
TTCTCCTAGCGCCTTG-L8TX_180829_01_D10	L4_IT_CTX
TTCTTAGTCAGTACGT-L8TX_171026_01_G05	L4_IT_CTX
CGGGTCACAATCTGCA-L8TX_180907_01_B12	L4_IT_CTX
CGCCAAGAGATATACG-L8TX_171120_01_D07	L4_IT_CTX
TGCACCTCAACTGCGC-L8TX_180115_01_B09	L4_IT_CTX
TGCCAAAGTATAGGGC-L8TX_171120_01_E07	L4_IT_CTX
GATTCAGGTATGAATG-L8TX_180115_01_A10	L4_IT_CTX
GACAGAGCAGAAGCAC-L8TX_190312_01_D01	L4_IT_CTX
CTCGTCACACGCGAAA-L8TX_180907_01_F11	L4_IT_CTX
AAGGAGCGTACGACCC-L8TX_180115_01_B09	L4_IT_CTX
CTGATCCTCTTAGCCC-L8TX_180115_01_C09	L4_IT_CTX
ATCGAGTTCAGGTAAA-L8TX_181011_01_G02	L4_IT_CTX
ATTACTCGTCCATGAT-L8TX_180115_01_H10	L4_IT_CTX
CACCAGGAGGATGGTC-L8TX_190312_01_E02	L4_IT_CTX
CCGTTCAGTGCGAAAC-L8TX_180115_01_H08	L4_IT_CTX
AAACGGGAGCTAACTC-L8TX_190312_01_B01	L4_IT_CTX
GACTAACGTCTGCGGT-L8TX_180926_01_E12	L4_IT_CTX
AACTCTTGTAAGTGTA-L8TX_180829_01_E10	L4_IT_CTX
ACGATACAGCCGCCTA-L8TX_190312_01_H01	L4_IT_CTX
CATATGGTCTGTCAAG-L8TX_180115_01_E11	L4_IT_CTX
GATTCAGAGAACAATC-L8TX_180115_01_B09	L4_IT_CTX
GCGCAGTGTCAGCTAT-L8TX_180115_01_C08	L4_IT_CTX
GGTGTTATCTTGAGAC-L8TX_190312_01_F01	L4_IT_CTX
AGGGAGTTCTTTAGTC-L8TX_190312_01_D01	L4_IT_CTX
TGTCCCACAGATAATG-L8TX_181011_01_H02	L4_IT_CTX
CGGACACCACCAGGCT-L8TX_181012_01_G04	L4_IT_CTX
TACCTATTCTTAACCT-L8TX_180115_01_G08	L4_IT_CTX
CTTACCGTCATCGATG-L8TX_171026_01_H05	L4_IT_CTX
CTAGAGTCAATCCAAC-L8TX_180115_01_H10	L4_IT_CTX
TAGACCATCAATACCG-L8TX_180907_01_G11	L4_IT_CTX
TCAATCTAGATGGGTC-L8TX_171120_01_C07	L4_IT_CTX
CAAGATCTCGGATGTT-L8TX_180115_01_F08	L4_IT_CTX
ACTTGTTTCAGTTTGG-L8TX_180115_01_G11	L4_IT_CTX
GACCAATCATGTTCCC-L8TX_180907_01_G11	L4_IT_CTX
CAGCTGGGTACAGTGG-L8TX_180907_01_E11	L4_IT_CTX
AGGCCACGTTCGGCAC-L8TX_181011_01_H03	L4_IT_CTX
CAACCTCAGTGCAAGC-L8TX_181011_01_C04	L4_IT_CTX
TCCACACGTCCGACGT-L8TX_181012_01_B05	L4_IT_CTX
GTAACGTAGGTGCTTT-L8TX_171120_01_G07	L4_IT_CTX
GACTGCGAGAGGGATA-L8TX_180221_01_E11	L4_IT_CTX
GACGTTAAGCTAACAA-L8TX_190312_01_A02	L4_IT_CTX
TACTCGCAGTCCAGGA-L8TX_180221_01_C12	L4_IT_CTX
GTGAAGGCATGCATGT-L8TX_190312_01_H01	L4_IT_CTX
AATCCAGAGAGACTAT-L8TX_190312_01_H01	L4_IT_CTX
CAACCTCCATACGCCG-L8TX_180115_01_E10	L4_IT_CTX
AGACGTTTCAGTACGT-L8TX_190312_01_D02	L4_IT_CTX
TTAACTCGTGCCTGTG-L8TX_190312_01_D01	L4_IT_CTX
CATTCGCAGCCGCCTA-L8TX_171026_01_F03	L4_IT_CTX
AAGGCAGGTGTCTGAT-L8TX_190312_01_B01	L4_IT_CTX
GATGAGGCAGACACTT-L8TX_180926_01_C12	L4_IT_CTX
CATCGAAGTATTCTCT-L8TX_180907_01_B11	L4_IT_CTX
TAAGCGTTCAAACAAG-L8TX_180115_01_A09	L4_IT_CTX
GACGGCTCAAGGACTG-L8TX_171026_01_B05	L4_IT_CTX
AGCAGCCTCCTTTACA-L8TX_180907_01_B12	L4_IT_CTX
CGGACACGTAAGGATT-L8TX_180829_01_D09	L4_IT_CTX
CGTTAGAAGCTATGCT-L8TX_181012_01_B05	L4_IT_CTX
CTGATAGTCCAAACAC-L8TX_180115_01_F11	L4_IT_CTX
TGGCGCACAGATCCAT-L8TX_180115_01_H10	L4_IT_CTX
GAAACTCGTAATTGGA-L8TX_180115_01_F10	L4_IT_CTX
CTCACACTCAAACCAC-L8TX_180115_01_F11	L4_IT_CTX
TACTTACCATCTGGTA-L8TX_180115_01_C11	L4_IT_CTX
AGCTCTCGTCCTCCAT-L8TX_180221_01_B10	L4_IT_CTX
CTCCTAGCAAGTACCT-L8TX_180907_01_F11	L4_IT_CTX
TATTACCAGTGCTGCC-L8TX_180907_01_B12	L4_IT_CTX
CACTCCAGTTGGTTTG-L8TX_180829_01_D10	L4_IT_CTX
TCTGAGAAGTCACGCC-L8TX_180115_01_B11	L4_IT_CTX
CTCGAGGCAAATCCGT-L8TX_190312_01_C01	L4_IT_CTX
GTCCTCAGTTTGTGTG-L8TX_180829_01_D10	L4_IT_CTX
ACACCAACAAGCCGTC-L8TX_181206_01_E12	L4_IT_CTX
CAGATCATCATCGATG-L8TX_190312_01_F01	L4_IT_CTX
CTGCCTAAGAAGATTC-L8TX_181012_01_B05	L4_IT_CTX
GGGCATCTCATGTCCC-L8TX_180115_01_F09	L4_IT_CTX
CGGACGTTCCGTAGTA-L8TX_180115_01_F09	L4_IT_CTX
AGGTCCGTCCAAAGTC-L8TX_180115_01_G08	L4_IT_CTX
CAGCATAGTGTGGCTC-L8TX_180712_01_H05	L4_IT_CTX
ATAGACCTCTCAACTT-L8TX_180926_01_D01	L4_IT_CTX
GATCTAGCACTTGGAT-L8TX_180115_01_E11	L4_IT_CTX
CGATGTAGTGCACTTA-L8TX_180115_01_E11	L4_IT_CTX
TCGAGGCCACATGGGA-L8TX_180115_01_G08	L4_IT_CTX
GTCATTTAGGAATGGA-L8TX_180115_01_E11	L4_IT_CTX
ACGGGCTAGCTGCGAA-L8TX_171026_01_E05	L4_IT_CTX
CTTACCGGTCTCCCTA-L8TX_180115_01_D08	L4_IT_CTX
ACACTGATCTAGAGTC-L8TX_180115_01_D11	L4_IT_CTX
CTAATGGAGAAGCCCA-L8TX_190312_01_C01	L4_IT_CTX
ACATACGCAGTAAGAT-L8TX_180115_01_F11	L4_IT_CTX
CCACCTATCGGCATCG-L8TX_180115_01_C09	L4_IT_CTX
CAGTCCTGTGTTTGTG-L8TX_180115_01_D11	L4_IT_CTX
GCGCAGTTCGCATGAT-L8TX_180115_01_C11	L4_IT_CTX
CATGCCTTCTTAGCCC-L8TX_180115_01_F10	L4_IT_CTX
ATTATCCTCCCAAGTA-L8TX_190312_01_G01	L4_IT_CTX
CGAATGTGTTCAGCGC-L8TX_180115_01_E09	L4_IT_CTX
CTTACCGGTGAACCTT-L8TX_181206_01_A12	L4_IT_CTX
TGCCAAATCAATACCG-L8TX_180829_01_D09	L4_IT_CTX
ACATACGGTGATAAAC-L8TX_180115_01_A09	L4_IT_CTX
CGGAGCTAGCTGAAAT-L8TX_180907_01_H11	L4_IT_CTX
TTTATGCTCCTACAGA-L8TX_180115_01_D11	L4_IT_CTX
TCTCTAACACAGACTT-L8TX_181206_01_B12	L4_IT_CTX
TGATTTCGTAAGTGTA-L8TX_180829_01_E10	L4_IT_CTX
TGACTAGTCTCGATGA-L8TX_180907_01_G10	L4_IT_CTX
GAGTCCGAGGCGACAT-L8TX_180221_01_G11	L4_IT_CTX
TCTGGAATCTAACCGA-L8TX_180907_01_E11	L4_IT_CTX
GTTAAGCCATCAGTCA-L8TX_190312_01_F01	L4_IT_CTX
CCTAAAGGTGCATCTA-L8TX_180829_01_D09	L4_IT_CTX
TGGTTCCAGACAAGCC-L8TX_180115_01_H11	L4_IT_CTX
GATCGTATCTCAACTT-L8TX_171120_01_H07	L4_IT_CTX
ACACCAAGTCTAAAGA-L8TX_180115_01_A11	L4_IT_CTX
TAGTTGGTCCGCATCT-L8TX_180907_01_G10	L4_IT_CTX
CCGGGATTCCTAGTGA-L8TX_181012_01_B05	L4_IT_CTX
TCAATCTTCTCCAGGG-L8TX_180907_01_E11	L4_IT_CTX
CTTAACTCAGGACGTA-L8TX_171026_01_F04	L4_IT_CTX
ACTGTCCGTTGAGGTG-L8TX_180115_01_B10	L4_IT_CTX
TCATTACAGGACCACA-L8TX_171120_01_C07	L4_IT_CTX
AACTCAGCAGGTCCAC-L8TX_171026_01_F03	L4_IT_CTX
TTGTAGGTCGCGGATC-L8TX_180907_01_B11	L4_IT_CTX
GAATAAGGTGGTTTCA-L8TX_180115_01_C11	L4_IT_CTX
TACGGGCCAAGTCTGT-L8TX_180115_01_G11	L4_IT_CTX
GACCAATCAGACGTAG-L8TX_180907_01_H11	L4_IT_CTX
GATCGATGTAGAGCTG-L8TX_180115_01_D11	L4_IT_CTX
CTCAGAATCACATAGC-L8TX_180907_01_F11	L4_IT_CTX
GATCAGTCAGTACACT-L8TX_180115_01_H09	L4_IT_CTX
GCCAAATTCCGCATCT-L8TX_171120_01_H07	L4_IT_CTX
CGGCTAGGTTCAACCA-L8TX_181012_01_C05	L4_IT_CTX
ATTGGTGGTTCTGTTT-L8TX_190312_01_H01	L4_IT_CTX
TCTGAGAAGCTAAGAT-L8TX_180115_01_D09	L4_IT_CTX
ACGCCGAGTAGATTAG-L8TX_171026_01_B05	L4_IT_CTX
GATCTAGAGTACGACG-L8TX_180829_01_E10	L4_IT_CTX
ACGCAGCAGCTGTTCA-L8TX_180115_01_E10	L4_IT_CTX
GGACGTCAGGACGAAA-L8TX_171120_01_H07	L4_IT_CTX
TGAGCATAGTCCCACG-L8TX_181012_01_B05	L4_IT_CTX
CGCTATCCATGCTGGC-L8TX_180926_01_E01	L4_IT_CTX
GATTCAGAGAGTCTGG-L8TX_171026_01_C05	L4_IT_CTX
TCTCATACACATTAGC-L8TX_181012_01_G04	L4_IT_CTX
TGCTACCTCCGGCACA-L8TX_180115_01_G11	L4_IT_CTX
TGTGGTACAAATCCGT-L8TX_180115_01_D11	L4_IT_CTX
TGCACCTGTCCAGTGC-L8TX_190312_01_G02	L4_IT_CTX
TTGGAACTCAGCGATT-L8TX_180829_01_D10	L4_IT_CTX
CTGCCTATCTTGTACT-L8TX_171026_01_A05	L4_IT_CTX
GCTGCTTTCTTCGGTC-L8TX_180926_01_E12	L4_IT_CTX
TTAGGCAAGGCCCTCA-L8TX_180115_01_F11	L4_IT_CTX
CGTTGGGCAGTATCTG-L8TX_180115_01_B11	L4_IT_CTX
CAGAATCGTGTTTGGT-L8TX_180907_01_B11	L4_IT_CTX
AACCATGCATCACCCT-L8TX_180221_01_D11	L4_IT_CTX
GACGTGCGTACTTAGC-L8TX_181012_01_B05	L4_IT_CTX
CTGTTTACATGTAAGA-L8TX_180115_01_D10	L4_IT_CTX
ACATGGTCATTCGACA-L8TX_180926_01_C12	L4_IT_CTX
GGATGTTTCTTGAGAC-L8TX_180115_01_E11	L4_IT_CTX
TCAGATGGTAGCTGCC-L8TX_180907_01_G10	L4_IT_CTX
GATGCTAAGGGCTTGA-L8TX_171026_01_D05	L4_IT_CTX
GGGCATCTCTCTAGGA-L8TX_180115_01_C09	L4_IT_CTX
CCTAAAGGTTCCGGCA-L8TX_180907_01_F10	L4_IT_CTX
TGTGTTTTCTGTTGAG-L8TX_180907_01_B11	L4_IT_CTX
GAAATGACAGCTGCAC-L8TX_171120_01_D07	L4_IT_CTX
TAGAGCTAGGGTTCCC-L8TX_190312_01_A02	L4_IT_CTX
CCGTTCAAGATCCTGT-L8TX_180907_01_F10	L4_IT_CTX
GTACTCCCAGATGAGC-L8TX_180115_01_D11	L4_IT_CTX
TACGGTAAGGGTGTGT-L8TX_181012_01_B05	L4_IT_CTX
GCGCAACTCGTTTGCC-L8TX_180221_01_D10	L4_IT_CTX
CTGATCCGTCCGTCAG-L8TX_180115_01_G08	L4_IT_CTX
CGAGCACTCACCTCGT-L8TX_180221_01_C09	L4_IT_CTX
TACAGTGTCTTGACGA-L8TX_180907_01_B11	L4_IT_CTX
CTGTTTAAGATCTGAA-L8TX_180907_01_G11	L4_IT_CTX
CCACCTAAGTTACGGG-L8TX_180115_01_F11	L4_IT_CTX
TGCGGGTCAAAGGCGT-L8TX_180115_01_B09	L4_IT_CTX
TTGGCAAAGCTGAACG-L8TX_190312_01_A02	L4_IT_CTX
CGTCAGGGTAAGTGTA-L8TX_180907_01_G11	L4_IT_CTX
GCTCTGTTCGTGGGAA-L8TX_181011_01_B03	L4_IT_CTX
ACGAGCCGTTACGCGC-L8TX_181012_01_E05	L4_IT_CTX
AGCAGCCGTGACGCCT-L8TX_180115_01_G11	L4_IT_CTX
GCGCCAAAGGCAATTA-L8TX_171026_01_H05	L4_IT_CTX
AGACGTTTCCAAACAC-L8TX_180115_01_A11	L4_IT_CTX
CCGGTAGAGGATGGAA-L8TX_180115_01_F10	L4_IT_CTX
CGTGTCTCATACAGCT-L8TX_180115_01_A10	L4_IT_CTX
CTTAGGAGTCAGAGGT-L8TX_180115_01_B10	L4_IT_CTX
TCTCATACAGCTTCGG-L8TX_180115_01_H10	L4_IT_CTX
TAGGCATGTAAACGCG-L8TX_180115_01_B09	L4_IT_CTX
CCGGGATGTACACCGC-L8TX_190312_01_F01	L4_IT_CTX
GAAACTCCAGCTCGCA-L8TX_171120_01_F07	L4_IT_CTX
ACATCAGGTGGTGTAG-L8TX_180907_01_G10	L4_IT_CTX
GCTGCGACAAAGGAAG-L8TX_181206_01_D12	L4_IT_CTX
ATGTGTGTCGACCAGC-L8TX_180907_01_G11	L4_IT_CTX
CGGACACCACGCATCG-L8TX_171026_01_H03	L4_IT_CTX
TCTATTGGTCCGCTGA-L8TX_180712_01_A06	L4_IT_CTX
TGGACGCCAAAGTGCG-L8TX_171026_01_H05	L4_IT_CTX
GATCGATGTATATGAG-L8TX_180926_01_E12	L4_IT_CTX
CTAGTGAAGCCTCGTG-L8TX_171026_01_C05	L4_IT_CTX
CGTGAGCTCTAACTTC-L8TX_171120_01_E07	L4_IT_CTX
CGACCTTCAGGGATTG-L8TX_180115_01_C10	L4_IT_CTX
CATGACAAGACGCACA-L8TX_171026_01_F03	L4_IT_CTX
CGGGTCACAGGAACGT-L8TX_190312_01_A02	L4_IT_CTX
GAACATCAGCGCTCCA-L8TX_180115_01_E10	L4_IT_CTX
CCGGTAGCAGACGCCT-L8TX_190312_01_D01	L4_IT_CTX
GACGTTATCTGATTCT-L8TX_180907_01_G11	L4_IT_CTX
AAGGCAGGTCGGCATC-L8TX_180115_01_D09	L4_IT_CTX
CTCGAGGAGAACTCGG-L8TX_180829_01_E10	L4_IT_CTX
GGGCATCCATCCCACT-L8TX_190312_01_A02	L4_IT_CTX
CCTACCAGTATAGGTA-L8TX_180907_01_F11	L4_IT_CTX
AAACGGGTCTAACTGG-L8TX_190312_01_C01	L4_IT_CTX
GCATGTAAGTCGTTTG-L8TX_171120_01_F07	L4_IT_CTX
CTTACCGTCGCCAAAT-L8TX_181012_01_B05	L4_IT_CTX
AGAGTGGAGTGGAGTC-L8TX_180907_01_E11	L4_IT_CTX
GCATGATAGGCCGAAT-L8TX_190312_01_F01	L4_IT_CTX
TACTTACTCCACTCCA-L8TX_171026_01_F05	L4_IT_CTX
CGTTGGGAGCCACCTG-L8TX_180907_01_F11	L4_IT_CTX
CTAATGGGTGACGGTA-L8TX_180115_01_H11	L4_IT_CTX
TGTGGTATCTCTTGAT-L8TX_180115_01_E11	L4_IT_CTX
CCTAGCTGTTGGTAAA-L8TX_180907_01_A12	L4_IT_CTX
AGCGTATGTCAGCTAT-L8TX_180115_01_C11	L4_IT_CTX
ACAGCCGTCTCGATGA-L8TX_180115_01_B11	L4_IT_CTX
CTCGTCAGTTACGTCA-L8TX_190312_01_E01	L4_IT_CTX
GGCTCGAGTATAAACG-L8TX_171026_01_D05	L4_IT_CTX
CGAATGTGTCAAACTC-L8TX_171026_01_D05	L4_IT_CTX
CAAGATCCATAGAAAC-L8TX_190312_01_E01	L4_IT_CTX
ACGAGGACAAATACAG-L8TX_171120_01_F07	L4_IT_CTX
CTCTAATGTAAAGTCA-L8TX_180926_01_C12	L4_IT_CTX
GAAACTCGTACAGACG-L8TX_181011_01_G02	L4_IT_CTX
CGGACGTGTCAATACC-L8TX_180907_01_A12	L4_IT_CTX
AGCAGCCAGGCTAGAC-L8TX_171026_01_B04	L4_IT_CTX
GTGAAGGGTACTTCTT-L8TX_181012_01_E05	L4_IT_CTX
TGCGGGTGTTAGATGA-L8TX_190312_01_G01	L4_IT_CTX
CGTGAGCCAGGTCGTC-L8TX_171026_01_B05	L4_IT_CTX
TGCCAAACACCTTGTC-L8TX_180115_01_F08	L4_IT_CTX
CGCTATCTCGCAAGCC-L8TX_180115_01_H11	L4_IT_CTX
GATTCAGTCGAGGTAG-L8TX_171026_01_B04	L4_IT_CTX
GACACGCGTTAAAGTG-L8TX_180115_01_B11	L4_IT_CTX
ATAGACCCATGGTCAT-L8TX_181012_01_B05	L4_IT_CTX
GTAGTCACACGGCTAC-L8TX_171120_01_E07	L4_IT_CTX
CATTCGCGTGTCTGAT-L8TX_181011_01_G02	L4_IT_CTX
CAGTCCTGTTCAGTAC-L8TX_180115_01_C11	L4_IT_CTX
CAGCTAATCATGCAAC-L8TX_171120_01_G07	L4_IT_CTX
TACGGGCAGTTAACGA-L8TX_181012_01_H04	L4_IT_CTX
ACTGCTCTCCTCGCAT-L8TX_180907_01_E11	L4_IT_CTX
CTAGAGTGTGAGGGTT-L8TX_180907_01_G10	L4_IT_CTX
CATTCGCGTTACGTCA-L8TX_180907_01_B12	L4_IT_CTX
TCTTCGGTCCCGGATG-L8TX_171120_01_E07	L4_IT_CTX
CCTTTCTCACATGGGA-L8TX_180907_01_B12	L4_IT_CTX
GGCTCGATCTTTACGT-L8TX_171026_01_C05	L4_IT_CTX
TGACGGCTCCACTGGG-L8TX_180115_01_E08	L4_IT_CTX
GAGGTGAAGGTGACCA-L8TX_190312_01_H01	L4_IT_CTX
TTAGGACAGTGGTAAT-L8TX_180115_01_H09	L4_IT_CTX
CTGCCTACATCGTCGG-L8TX_190312_01_C01	L4_IT_CTX
CATCGGGTCGACGGAA-L8TX_180115_01_F11	L4_IT_CTX
TAAGTGCGTTACTGAC-L8TX_171026_01_D05	L4_IT_CTX
CACATTTTCGTTTATC-L8TX_180829_01_D09	Lamp5
GGGTTGCGTTCCAACA-L8TX_171120_01_D07	Lamp5
CAAGAAAGTTCGCTAA-L8TX_180221_01_H12	Lamp5
GTCGGGTTCCAACCAA-L8TX_180221_01_A11	Lamp5
CTGCCTAGTCATTAGC-L8TX_171026_01_D05	Lamp5
CTCATTATCACAGTAC-L8TX_190312_01_F02	Lamp5
GTGTGCGCAAGCCGCT-L8TX_180221_01_F10	Lamp5
TTTCCTCGTTCGCGAC-L8TX_171026_01_B04	Lamp5
CGTGTCTCAAGGTTCT-L8TX_181012_01_G04	Lamp5
GACCAATAGCACAGGT-L8TX_180829_01_D10	Lamp5
CAAGATCAGGAGTTGC-L8TX_180115_01_F08	Lamp5
GTGTGCGAGCGTAGTG-L8TX_171026_01_F04	Lamp5
GATGAAAAGAACAATC-L8TX_181206_01_D12	Lamp5
GCTGGGTCATCATCCC-L8TX_180221_01_E09	Lamp5
ACATGGTAGCGAAGGG-L8TX_181012_01_C05	Lamp5
AGACGTTTCTAACGGT-L8TX_180115_01_G09	Lamp5
AGCTTGATCTACTATC-L8TX_171026_01_F04	Lamp5
CACATTTAGAACAACT-L8TX_171120_01_E07	Lamp5
GCGCCAACAAAGTCAA-L8TX_180115_01_F11	Lamp5
CTCGGGATCATGCAAC-L8TX_181206_01_B12	Lamp5
ACACTGATCCGCGTTT-L8TX_200611_02_A05	Lamp5
ATGCGATCATTACGAC-L8TX_180406_01_D06	Lamp5
CAGCCGAAGAAGGTTT-L8TX_180115_01_F11	Lamp5
AGGGATGCAATCGGTT-L8TX_180406_01_H02	Lamp5
TGAGCCGAGGGCTTCC-L8TX_180406_01_C07	Lamp5
AACGTTGCATTGAGCT-L8TX_180926_01_D01	Lamp5
GACTACATCACGATGT-L8TX_181206_01_F12	Lamp5
TCGGTAAAGCCATCGC-L8TX_180221_01_E10	Lamp5
CGAGAAGTCATGCAAC-L8TX_180115_01_G11	Lamp5
CGTAGCGGTGTCCTCT-L8TX_180712_01_B06	Lamp5
CATATTCAGATAGTCA-L8TX_180221_01_F11	Lamp5
CGTGTCTCATGGGACA-L8TX_171026_01_A05	Lamp5
GAAATGATCCAGAAGG-L8TX_180115_01_A09	Lamp5
CTCCTAGTCGGAGCAA-L8TX_180115_01_F11	Lamp5
GTCACGGGTGAGTATA-L8TX_180712_01_H05	Lamp5
CACACCTCACCAGATT-L8TX_180115_01_E09	Lamp5
ACTGCTCCACGGCTAC-L8TX_171026_01_A04	Lamp5
ACTTACTTCCGGGTGT-L8TX_180221_01_D09	Lamp5
CATCGAATCTTACCTA-L8TX_180926_01_E01	Lamp5
CATATTCTCTCCAACC-L8TX_190312_01_A03	Lamp5
GACCTGGGTAACGCGA-L8TX_180926_01_F01	Lamp5
CTAATGGAGCGAGAAA-L8TX_180115_01_C11	Lamp5
CTGTGCTGTAGAGTGC-L8TX_180504_01_E01	Lamp5
TCAGGATGTACCGGCT-L8TX_171026_01_F03	Lamp5
GCATGTAGTACATCCA-L8TX_180829_01_E10	Lamp5
CGTTCTGTCTTGACGA-L8TX_180115_01_B09	Lamp5
GCGCAACTCTTAGAGC-L8TX_180907_01_F11	Lamp5
CGGGTCACAAACGTGG-L8TX_171026_01_A05	Lamp5
CCTACACTCATCGGAT-L8TX_200625_02_E11	Lamp5
TGAGCATGTAAGGGCT-L8TX_180221_01_A10	Lamp5
GTACGTAAGTGATCGG-L8TX_180406_01_E07	Lamp5
GACTAACCAGTCAGCC-L8TX_181012_01_G04	Lamp5
TCGCGAGGTGTAACGG-L8TX_180406_01_F06	Lamp5
CTCGTACTCGTAGATC-L8TX_180926_01_F01	Lamp5
TAAACCGTCCTGTAGA-L8TX_180115_01_H10	Lamp5
TCGTAGAAGGCCATAG-L8TX_171026_01_A05	Lamp5
TTGGCAATCTTTACGT-L8TX_181011_01_B03	Lamp5
GTTCGGGTCAGCGACC-L8TX_171026_01_B05	Lamp5
AACTCTTGTATAAACG-L8TX_180115_01_F09	Lamp5
GTCTCGTCAATCAGAA-L8TX_180115_01_B11	Lamp5
CGTCAGGTCCGCAAGC-L8TX_200611_02_A05	Lamp5
AATCGGTTCTAAGCCA-L8TX_180406_01_F02	Lamp5
TGCTGCTCATAGACTC-L8TX_190312_01_E02	Lamp5
CATATGGTCGGCGCTA-L8TX_180115_01_B09	Lamp5
CCGTGGATCTTTACAC-L8TX_181206_01_B12	Lamp5
CCTTACGTCGAATGCT-L8TX_180221_01_B10	Lamp5
GGCCGATCACCACGTG-L8TX_180221_01_F09	Lamp5
TGGCTGGGTAAGCACG-L8TX_171026_01_F05	Lamp5
CTGAAACGTAGAGTGC-L8TX_171026_01_B05	Lamp5
CGACCTTGTGTGGTTT-L8TX_180221_01_H11	Lamp5
GCGCAGTGTACGCACC-L8TX_171026_01_F03	Lamp5
GCAGCCAGTATAGGGC-L8TX_180712_01_A06	Lamp5
TCAGCAAAGCAGCGTA-L8TX_180221_01_H11	Lamp5
ACTTTCATCTGACCTC-L8TX_180221_01_B10	Lamp5
GGCTGGTCACACCGCA-L8TX_171026_01_G03	Lamp5
GTCACGGAGACGCAAC-L8TX_180115_01_E11	Lamp5
CGGAGTCAGATGTTAG-L8TX_180829_01_E10	Lamp5
GAACGGATCCTAGGGC-L8TX_180926_01_F01	Lamp5
CACACTCTCCGTACAA-L8TX_181206_01_E12	Lamp5
TCTCTAACACAGACAG-L8TX_180115_01_C09	Lamp5
GAACCTATCGGAGGTA-L8TX_180115_01_G10	Lamp5
CTGGTCTCAACACGCC-L8TX_180712_01_B06	Lamp5
GGTGAAGTCCTGCCAT-L8TX_180829_01_E10	Lamp5
ATCTGCCCACCCAGTG-L8TX_180115_01_B09	Lamp5
CATCAAGAGGTAGCTG-L8TX_171026_01_B05	Lamp5
ACGTCAATCCAGAAGG-L8TX_180607_01_C05	Lamp5
GTTCTCGAGCTGAAAT-L8TX_180712_01_F05	Lamp5
ACTATCTTCAGCTCGG-L8TX_180115_01_F09	Lamp5
GTAACGTAGAGACTAT-L8TX_171026_01_C05	Lamp5
TCTGGAACAAGTCTAC-L8TX_180221_01_A11	Lamp5
ATAAGAGAGACGACGT-L8TX_180115_01_B10	Lamp5
GCGGGTTAGGCGATAC-L8TX_171026_01_C05	Lamp5
CTCGTCACAGCGTCCA-L8TX_180406_01_E07	Lamp5
CAGTCCTTCCTATGTT-L8TX_171026_01_F03	Lamp5
ACATGGTCAGGGATTG-L8TX_180221_01_C10	Lamp5
CGGACTGGTGCAACTT-L8TX_180221_01_B10	Lamp5
ATTATCCTCACCGGGT-L8TX_200611_02_A05	Lamp5
ACGTCAACAGTATCTG-L8TX_171026_01_D05	Lamp5
CCATGTCTCTCAAACG-L8TX_171026_01_A05	Lamp5
TTGTAGGAGTTATCGC-L8TX_180115_01_F09	Lamp5
CCAGCGAGTACGACCC-L8TX_180221_01_A12	Lamp5
TTAGTTCCAATCGAAA-L8TX_171026_01_F04	Lamp5
AAACCTGCAATCGGTT-L8TX_181206_01_E12	Lamp5
CCTTTCTGTCTGCCAG-L8TX_180712_01_H05	Lamp5
ACGATGTTCGCGCCAA-L8TX_180712_01_E05	Lamp5
CTGCCTACAAAGCAAT-L8TX_180221_01_G10	Lamp5
TTAACTCAGCTATGCT-L8TX_180221_01_D10	Lamp5
GTGGGTCTCACGATGT-L8TX_171026_01_C05	Lamp5
CTGTTTAGTAATAGCA-L8TX_180115_01_A09	Lamp5
AGTAGTCGTTGTCGCG-L8TX_180115_01_H09	Lamp5
GGCCGATCAATTGCTG-L8TX_180907_01_A12	Lamp5
TACTTGTAGACGACGT-L8TX_180221_01_H12	Lamp5
GACTGCGCAAGCGATG-L8TX_200625_02_G11	Lamp5
GACCAATTCATGTGGT-L8TX_171026_01_A05	Lamp5
GCTGCTTAGAAGGCCT-L8TX_180221_01_C09	Lamp5
GCTGCGAAGGCGTACA-L8TX_180115_01_E09	Lamp5
GTTCATTCATGCCTTC-L8TX_180115_01_E08	Lamp5
CGCTTCAAGTTAAGTG-L8TX_180115_01_B11	Lamp5
ACTGTCCAGCTAACAA-L8TX_171120_01_E07	Lamp5
TCAGATGAGTAAGTAC-L8TX_181012_01_C05	Lamp5
TCTTTCCTCCAGAAGG-L8TX_180221_01_B10	Lamp5
CCACTACTCACGCATA-L8TX_180221_01_C11	Lamp5
GTAGTCATCTACTCAT-L8TX_180907_01_A12	Lamp5
CTGCGGAGTCGAATCT-L8TX_171026_01_A05	Lamp5
GTATTCTAGAGCTTCT-L8TX_180115_01_F11	Lamp5
GATCGCGGTGACGGTA-L8TX_171120_01_F07	Lamp5
TACTCATTCCACGAAT-L8TX_180406_01_H01	Lamp5
CGGACACAGTGATCGG-L8TX_180829_01_D09	Lamp5
AGCTCCTCACACCGAC-L8TX_180221_01_F11	Lamp5
AGAGCGACATTCCTCG-L8TX_171026_01_H04	Lamp5
GTCTCGTTCGCGTTTC-L8TX_181012_01_G04	Lamp5
CGTTGGGAGAGTTGGC-L8TX_181011_01_B03	Lamp5
TGCCAAAAGTACGCCC-L8TX_180221_01_B11	Lamp5
ACAGCTAAGTTCGCAT-L8TX_180221_01_G11	Lamp5
TGACGGCGTCTCATCC-L8TX_180115_01_D09	Lamp5
CCCAATCGTAAACACA-L8TX_180115_01_F11	Lamp5
GCACATAGTCGTGGCT-L8TX_180712_01_A06	Lamp5
ACGGGCTCATTTGCCC-L8TX_180221_01_C09	Lamp5
CCTCAGTTCCTTTCTC-L8TX_180115_01_H10	Lamp5
CACCAGGGTGTAACGG-L8TX_171026_01_B05	Lamp5
CTTGGCTCACGAGAGT-L8TX_180115_01_E10	Lamp5
CTCGAAAAGTGGTAAT-L8TX_190312_01_E02	Lamp5
GTACGTAAGTGTTTGC-L8TX_181012_01_B05	Lamp5
TTAGGACGTCATATGC-L8TX_180115_01_C09	Lamp5
GTTAAGCCAGGTCGTC-L8TX_180115_01_E08	Lamp5
CACATTTCACCGGAAA-L8TX_180406_01_B08	Lamp5
AGCGTATAGTCCGTAT-L8TX_180115_01_G10	Lamp5
CGACCTTCAAGTTGTC-L8TX_180115_01_D09	Lamp5
TTCGAAGTCCAGTAGT-L8TX_190312_01_B02	Lamp5
CGATGGCGTCTGGAGA-L8TX_180115_01_C09	Lamp5
CGGACTGAGAGGACGG-L8TX_171026_01_G03	Lamp5
GCGCAGTAGGAGTACC-L8TX_180115_01_F11	Lamp5
AAAGTAGTCTGAGGGA-L8TX_171120_01_C07	Lamp5
CCGTACTGTGTGGCTC-L8TX_180115_01_H10	Lamp5
TGATTTCTCCGTAGGC-L8TX_181011_01_A03	Lamp5
ACTATCTAGGGATACC-L8TX_181206_01_C12	Lamp5
GGGTCTGTCTTCCTTC-L8TX_180712_01_F05	Lamp5
CCGTTCAGTTTCGCTC-L8TX_180829_01_D10	Lamp5
GGAATAATCGAGAACG-L8TX_180115_01_C09	Lamp5
GTGCGGTTCCCAAGAT-L8TX_181206_01_C12	Lamp5
CTGCCTAAGGTCGGAT-L8TX_180406_01_F02	Lamp5
CTGGTCTAGGCTATCT-L8TX_180115_01_E09	Lamp5
CGCCAAGTCTGCGTAA-L8TX_171026_01_B05	Lamp5
CACAGGCGTGCGCTTG-L8TX_181206_01_D12	Lamp5
GCGCAACCACAGGCCT-L8TX_171026_01_D05	Lamp5
AAGGAGCCACCTCGGA-L8TX_181011_01_A03	Lamp5
TCTGGAAGTAGCCTCG-L8TX_171026_01_G04	Lamp5
TTCCCAGTCAGAGGTG-L8TX_171026_01_F05	Lamp5
AAGGAGCAGGTGTGGT-L8TX_190312_01_G01	Lamp5
TGGGAAGCACTAAGTC-L8TX_180115_01_B10	Lamp5
TCTCTAACAAACCTAC-L8TX_180712_01_A06	Lamp5
CAAGTTGAGCCGTCGT-L8TX_181012_01_B05	Lamp5
TAGTTGGCACCTCGGA-L8TX_180712_01_B06	Lamp5
CTCGTCACAATTGCTG-L8TX_181012_01_G04	Lamp5
CTCGTACAGCTAAGAT-L8TX_171026_01_B04	Lamp5
GGTGAAGGTAGCGTAG-L8TX_180115_01_H10	Lamp5
TGCGCAGCAATGGATA-L8TX_171026_01_G04	Lamp5
AGCTCTCTCCCTTGTG-L8TX_180829_01_E10	Lamp5
AGCGGTCAGGACGAAA-L8TX_181206_01_F12	Lamp5
ACACTGATCGCTAGCG-L8TX_180221_01_G11	Lamp5
ACATACGAGGCACATG-L8TX_180221_01_C12	Lamp5
CGCTATCGTAGCGATG-L8TX_180221_01_D09	Lamp5
GGACAAGCAATCCGAT-L8TX_200625_02_F11	Lamp5
AGCATACAGTTAGCGG-L8TX_171026_01_F04	Lamp5
TAAGCGTCAAAGAATC-L8TX_180926_01_D01	Lamp5
TCCCGATTCACCCTCA-L8TX_180221_01_H09	Lamp5
GGCAATTAGTAATCCC-L8TX_181011_01_B03	Lamp5
TCGCGTTCAGACGTAG-L8TX_180926_01_F01	Lamp5
AGCGGTCGTGTAATGA-L8TX_181011_01_H03	Lamp5
AAGGTTCAGGCTAGGT-L8TX_180115_01_C10	Lamp5
GGACATTAGAGAACAG-L8TX_180829_01_D09	Lamp5
GAATGAACAGCCTTGG-L8TX_180221_01_F10	Lamp5
GCCAAATCACGGATAG-L8TX_180115_01_A11	Lamp5
CATCGGGGTCAAACTC-L8TX_180115_01_C10	Lamp5
CCTACCATCAAACCGT-L8TX_171120_01_D07	Lamp5
CGTTGGGGTTCCCTTG-L8TX_180115_01_G09	Lamp5
ACCTTTAAGGCAGGTT-L8TX_171026_01_E05	Lamp5
TCTCTAAAGGATGGTC-L8TX_180406_01_E02	Lamp5
CCTACCAAGATCCTGT-L8TX_171026_01_H03	Lamp5
ACCCACTTCTTCTGGC-L8TX_180115_01_F09	Lamp5
ACGTCAAGTGGTTTCA-L8TX_180221_01_G10	Lamp5
GGACGTCAGGACATTA-L8TX_181206_01_D12	Lamp5
CGAACATCAGACAGGT-L8TX_200611_02_A05	Lamp5
AGGTCATCAATAGCAA-L8TX_171026_01_F04	Lamp5
CTTACCGTCCACGTGG-L8TX_180907_01_F11	Lamp5
CGATTGACATAGGATA-L8TX_180221_01_C09	Lamp5
GACGCGTAGCGTGAAC-L8TX_180115_01_E09	Lamp5
GGGAGATCATAAAGGT-L8TX_180115_01_B11	Lamp5
CAAGAAAGTGGCGAAT-L8TX_180221_01_A10	Lamp5
CATGACATCTTCCTTC-L8TX_180221_01_B12	Lamp5
TTAGGACAGTGACTCT-L8TX_180115_01_B10	Lamp5
CAGAATCGTGTGAATA-L8TX_181012_01_C05	Lamp5
ATCACGATCGCCAGCA-L8TX_180406_01_F01	Lamp5
CCGGGATTCTGTTTGT-L8TX_180221_01_E09	Lamp5
CTTGGCTCAGCCTTTC-L8TX_190312_01_G02	Lamp5
CAAGAAACAAACCCAT-L8TX_180406_01_H01	Lamp5
ACGAGCCGTACATGTC-L8TX_180115_01_H08	Lamp5
CTCTGGTTCGTATCAG-L8TX_200625_02_E11	Lamp5
GCGCAGTAGGTGGGTT-L8TX_180926_01_B01	Lamp5
CACAGGCGTTTGGGCC-L8TX_181206_01_F12	Lamp5
CTGCTGTGTTAGATGA-L8TX_180115_01_A09	Lamp5
ACTTGTTGTTGCTCCT-L8TX_180406_01_H01	Lamp5
TACCTATCATGATCCA-L8TX_171026_01_H03	Lamp5
TCTGGAACAAGACGTG-L8TX_180406_01_C06	Lamp5
CCCTCCTGTACCCAAT-L8TX_180712_01_C06	Lamp5
AGGCCACCACATTTCT-L8TX_171026_01_B04	Lamp5
GGTATTGAGCTCCCAG-L8TX_180115_01_F09	Lamp5
TGTATTCAGCGTCAAG-L8TX_180115_01_F11	Lamp5
TCGTACCCAGGAACGT-L8TX_171120_01_G07	Lamp5
CTCGTACCATGCCTTC-L8TX_180406_01_C01	Lamp5
TAGTGGTGTCTGGTCG-L8TX_180115_01_F09	Lamp5
CATGACAAGTAAGTAC-L8TX_180115_01_A09	Lamp5
CACATAGAGACACTAA-L8TX_180504_01_E01	Lamp5
GGCAATTTCCTTCAAT-L8TX_171026_01_B04	Lamp5
CACACTCGTAGGGTAC-L8TX_200611_02_A05	Lamp5
ATAGACCTCAGCTCTC-L8TX_200625_02_F11	Lamp5
AAAGCAAGTACGCACC-L8TX_171026_01_B05	Lamp5
TCGGGACAGACTCGGA-L8TX_180115_01_B10	Lamp5
TTCCCAGTCGGCGGTT-L8TX_180712_01_E05	Lamp5
GTATTCTTCGTTGCCT-L8TX_190312_01_G01	Lamp5
CGATCGGTCGAATGGG-L8TX_180504_01_E01	Lamp5
TCTATTGAGCTAGCCC-L8TX_171026_01_F04	Lamp5
GAACATCCATTATCTC-L8TX_171026_01_G04	Lamp5
TTTATGCGTGATGATA-L8TX_180926_01_F01	Lamp5
TAGCCGGTCCCATTTA-L8TX_171026_01_G03	Lamp5
CTGTTTATCGAGAACG-L8TX_180907_01_B12	Lamp5
TCATTACTCTTCGGTC-L8TX_180221_01_C09	Lamp5
TTGTAGGGTGATGATA-L8TX_180221_01_C12	Lamp5
TTTCCTCCAATCGGTT-L8TX_180221_01_H10	Lamp5
ACGTCAACACCACGTG-L8TX_171026_01_G05	Lamp5
GCATGTACACTAAGTC-L8TX_180115_01_C09	Lamp5
ATGTGTGAGGATTCGG-L8TX_180115_01_B11	Lamp5
CATGCCTGTGGTCTCG-L8TX_180115_01_C09	Lamp5
CCTCTGATCAGTCAGT-L8TX_200611_02_A05	Lamp5
TCCACACCAGGGTATG-L8TX_181012_01_G04	Lamp5
CCGGGATAGTAGTGCG-L8TX_180115_01_A09	Lamp5
GGGACCTTCACTATTC-L8TX_181011_01_C03	Lamp5
AAACCTGAGGTGATTA-L8TX_180926_01_D01	Lamp5
TGACTTTAGACAGGCT-L8TX_200625_02_F11	Lamp5
CTTACCGGTTATTCTC-L8TX_180406_01_E02	Lamp5
AACCGCGTCTTGCAAG-L8TX_180926_01_E01	Lamp5
AAGACCTTCGAGAGCA-L8TX_180221_01_E10	Lamp5
TGCACCTGTAGGGACT-L8TX_180907_01_B12	Lamp5
ATTACTCGTGGAAAGA-L8TX_180115_01_E11	Lamp5
GGGATGATCCACGCAG-L8TX_180907_01_B12	Lamp5
AGTTGGTGTATGCTTG-L8TX_171026_01_G03	Lamp5
ACATGGTTCTGTGCAA-L8TX_171120_01_F07	Lamp5
GATGAAAAGCTCTCGG-L8TX_180926_01_E12	Lamp5
CTAGCCTGTCTTGATG-L8TX_180406_01_E02	Lamp5
ACTGTCCAGGTCATCT-L8TX_181206_01_C12	Lamp5
TCTTTCCGTACCAGTT-L8TX_180115_01_C11	Lamp5
ATCCACCTCCGTAGTA-L8TX_180907_01_E11	Lamp5
GGCGACTTCATTGCGA-L8TX_180712_01_H05	Lamp5
TAGTGGTCAATGAAAC-L8TX_180221_01_D11	Lamp5
CGTTGGGCAAGAAAGG-L8TX_180926_01_E01	Lamp5
AACTCAGCAATCTGCA-L8TX_180221_01_F10	Lamp5
TGTTCCGTCATTATCC-L8TX_180406_01_E06	Lamp5
TAAGTGCCAGTCGATT-L8TX_180115_01_H10	Lamp5
CGATCGGCAGTTCCCT-L8TX_171026_01_C05	Lamp5
TGCGGGTGTACGCTGC-L8TX_190312_01_D02	Lamp5
AACTTTCCACGGCCAT-L8TX_180115_01_A09	Lamp5
GGCGTGTGTCACAAGG-L8TX_180221_01_D12	Lamp5
TGAGCCGAGCCACGTC-L8TX_180115_01_C10	Lamp5
CATTCGCTCTTAACCT-L8TX_180221_01_D09	Lamp5
CTGATCCGTCTAAAGA-L8TX_180115_01_C10	Lamp5
AAGTCTGGTACGCTGC-L8TX_180406_01_H02	Lamp5
AAAGCAAGTATCGCAT-L8TX_180115_01_F11	Lamp5
CCCAATCAGGTGCTAG-L8TX_180115_01_D10	Lamp5
CAGCTAATCGGTGTTA-L8TX_181206_01_A12	Lamp5
TAGTTGGTCCAAGTAC-L8TX_190312_01_C02	Lamp5
GGCTCGAGTAGGGACT-L8TX_180115_01_G10	Lamp5
CATCGAAAGACGCTTT-L8TX_180926_01_B01	Lamp5
CTCGAAACACGTCAGC-L8TX_180115_01_F08	Lamp5
GTACTCCAGACAAGCC-L8TX_180115_01_G09	Lamp5
CGACCTTGTGCAACTT-L8TX_171026_01_B05	Lamp5
TGCTGCTGTTACGACT-L8TX_180712_01_B06	Lamp5
GTCACAAGTCGCATCG-L8TX_171120_01_E07	Lamp5
CCACCTACAGGGCATA-L8TX_180115_01_F09	Lamp5
TGCTGCTCACCACGTG-L8TX_180115_01_G10	Lamp5
GAACATCCAGTGGAGT-L8TX_180221_01_E09	Lamp5
CCGGGATCACGACTCG-L8TX_180712_01_B06	Lamp5
CAGCGACCACCAACCG-L8TX_180406_01_F02	Lamp5
CAGCAGCTCGGAGCAA-L8TX_180907_01_B12	Lamp5
TTGTAGGAGTAACCCT-L8TX_180115_01_H09	Lamp5
AGACGTTAGGTTACCT-L8TX_171026_01_F04	Lamp5
GCTGCTTCACACCGAC-L8TX_180221_01_H11	Lamp5
TCTGGAACATCACCCT-L8TX_190312_01_D01	Lamp5
ATCCACCGTAGAGTGC-L8TX_180406_01_C02	Lamp5
CGTCTACCAATGCCAT-L8TX_180115_01_G11	Lamp5
TGCCCATAGCTGAAAT-L8TX_180115_01_H09	Lamp5
CTCGTACGTCTCAACA-L8TX_180406_01_F02	Lamp5
TGCACCTAGTTATCGC-L8TX_181011_01_H02	Lamp5
GTTAAGCGTCCGAAGA-L8TX_171026_01_B04	Lamp5
GACCTGGGTCCGTTAA-L8TX_180115_01_F09	Lamp5
CTCAGAATCCCGGATG-L8TX_180406_01_C07	Lamp5
TTCCCAGTCCCTAATT-L8TX_180406_01_F01	Lamp5
CTAGCCTGTTCCGTCT-L8TX_180712_01_E05	Lamp5
TTCTACACACAACTGT-L8TX_180115_01_E09	Lamp5
ATTATCCAGGCTCAGA-L8TX_180221_01_C09	Lamp5
CAACTAGCAGATCCAT-L8TX_171120_01_F07	Lamp5
ATCCACCCAAAGCAAT-L8TX_181012_01_B05	Lamp5
CGAGAAGCAATCAGAA-L8TX_180221_01_A11	Lamp5
TTCTCCTTCGCAGGCT-L8TX_180221_01_F10	Lamp5
TCAATCTTCAGCGACC-L8TX_200625_02_E11	Lamp5
TCTATTGTCGCAGGCT-L8TX_180406_01_H01	Lamp5
CTGCGGACAGAGTGTG-L8TX_180115_01_E10	Lamp5
GCTGCAGCACCGAATT-L8TX_171026_01_F04	Lamp5
TTAGGACAGCCAGAAC-L8TX_180115_01_B10	Lamp5
GAATGAATCGTCTGCT-L8TX_180907_01_B12	Lamp5
GCAGCCACAGACTCGC-L8TX_180926_01_F01	Lamp5
GAATAAGCAGACGCTC-L8TX_180221_01_H11	Lamp5
CGAACATAGACCACGA-L8TX_180406_01_E07	Lamp5
GATCTAGAGTCATGCT-L8TX_181206_01_C12	Lamp5
GAACATCGTAAGCACG-L8TX_171026_01_G03	Lamp5
ACCGTAAGTCTTGATG-L8TX_181206_01_C12	Lamp5
CGGCTAGTCAGCAACT-L8TX_171026_01_F05	Lamp5
CAAGTTGGTAGCGCAA-L8TX_190312_01_H02	Lamp5
TAGTTGGCATAGAAAC-L8TX_180221_01_G10	Lamp5
CGTCCATTCACATAGC-L8TX_171026_01_H03	Lamp5
TCGGTAACAGCATACT-L8TX_180829_01_D09	Lamp5
TGCGTGGAGGATGGAA-L8TX_190312_01_A03	Lamp5
ATAGACCTCCCAAGAT-L8TX_180221_01_D09	Lamp5
ATCTACTCAAACTGTC-L8TX_180829_01_D09	Lamp5
TTAGGACTCCCAGGTG-L8TX_181012_01_G04	Lamp5
CCATTCGGTCGAATCT-L8TX_171120_01_E07	Lamp5
ATTGGTGTCTCGCTTG-L8TX_171026_01_A05	Lamp5
CGGGTCAGTCCGCTGA-L8TX_180115_01_G11	Lamp5
AGTGGGACATTAGGCT-L8TX_180406_01_E06	Lamp5
CTAGTGACAGCTGGCT-L8TX_180115_01_B10	Lamp5
CCATTCGCAAGACGTG-L8TX_180406_01_E02	Lamp5
ATCCGAAAGCCACGCT-L8TX_181206_01_H11	Lamp5
CAGATCAAGATATACG-L8TX_180712_01_A06	Lamp5
CCGGGATCAGGTCTCG-L8TX_181206_01_A12	Lamp5
GTGCATAAGGAGTACC-L8TX_180406_01_E07	Lamp5
CCAGCGACAACCGCCA-L8TX_180712_01_H05	Lamp5
GGCCGATTCGTTGACA-L8TX_180406_01_E06	Lamp5
GGAGCAACACTCAGGC-L8TX_180829_01_E10	Lamp5
TGAGCCGAGCTGAAAT-L8TX_171026_01_A05	Lamp5
ACGATACAGGCAAAGA-L8TX_171026_01_D05	Lamp5
CCAGCGACAATCTGCA-L8TX_171026_01_G04	Lamp5
CGATTGATCGGTTAAC-L8TX_180829_01_D09	Lamp5
TCATTACCATGCTAGT-L8TX_180712_01_E05	Lamp5
GCTGCGAAGTTCGCGC-L8TX_180221_01_G09	Lamp5
GTTACAGAGACAATAC-L8TX_180221_01_G11	Lamp5
AGTGTCAAGGTGCACA-L8TX_180907_01_F11	Lamp5
AAACCTGAGGTTCCTA-L8TX_180221_01_G11	Lamp5
CCGTACTAGCTAGTGG-L8TX_180115_01_F08	Lamp5
TCGGGACTCATTGCGA-L8TX_180221_01_E11	Lamp5
GCTGCAGGTGTTTGTG-L8TX_180907_01_A12	Lamp5
GATCGCGAGTACGCCC-L8TX_180115_01_F08	Lamp5
ACGGGTCTCGGTTAAC-L8TX_180712_01_G05	Lamp5
AATCCAGAGACATAAC-L8TX_180115_01_H10	Lamp5
CTCTGGTTCCCAGGTG-L8TX_181011_01_A03	Lamp5
ACTGTCCAGATGAGAG-L8TX_180221_01_E09	Lamp5
TGCGCAGGTAAGGATT-L8TX_171026_01_G04	Lamp5
GTTAAGCGTTTGTGTG-L8TX_171120_01_G07	Lamp5
CCTATTATCCGAATGT-L8TX_180115_01_B11	Lamp5
AAATGCCAGCGTGAAC-L8TX_180406_01_C06	Lamp5
GGACAGAAGTCTCCTC-L8TX_180115_01_H10	Lamp5
CGTTCTGAGGCTACGA-L8TX_171120_01_H07	Lamp5
GATCGTACAGGAACGT-L8TX_180907_01_B11	Lamp5
GTCAAGTGTTCGTCTC-L8TX_180115_01_D11	Lamp5
ACGGAGATCACAACGT-L8TX_171026_01_A05	Lamp5
GGTGCGTGTGTGCCTG-L8TX_180221_01_A12	Lamp5
TATCTCAAGGCGCTCT-L8TX_171026_01_F04	Lamp5
CAACCAAGTTCCACTC-L8TX_190312_01_C01	Lamp5
CAAGAAAAGTTGTAGA-L8TX_200625_02_E11	Lamp5
TTCTCCTCACGAAAGC-L8TX_180115_01_H11	Lamp5
TTGTAGGTCCAATGGT-L8TX_181206_01_A12	Lamp5
CGTGAGCTCAGCTCTC-L8TX_180221_01_D11	Lamp5
AACGTTGAGATGTGGC-L8TX_171026_01_C05	Lamp5
GTACGTAGTTCCATGA-L8TX_171026_01_H05	Lamp5
GTTCATTAGACTAGGC-L8TX_180115_01_E10	Lamp5
AAACCTGAGATCTGCT-L8TX_180115_01_D09	Lamp5
AGCATACGTTTACTCT-L8TX_180115_01_B10	Lamp5
AGATCTGCACCCATGG-L8TX_180115_01_A11	Lamp5
CGAACATAGTACGTTC-L8TX_171026_01_G04	Lamp5
TGACAACTCTGAGGGA-L8TX_180115_01_A09	Lamp5
CTGCCTATCCTACAGA-L8TX_180115_01_C09	Lamp5
CACACCTTCAGCGATT-L8TX_180221_01_F11	Lamp5
CGTTAGAAGACTTTCG-L8TX_180221_01_H10	Lamp5
CACATAGTCCTTCAAT-L8TX_180221_01_H09	Lamp5
TGGCCAGAGTGTTGAA-L8TX_190312_01_D02	Lamp5
ACAGCCGTCGTAGGTT-L8TX_180221_01_D11	Lamp5
CGAGCACAGACTCGGA-L8TX_180115_01_E08	Lamp5
GATTCAGCAAGGCTCC-L8TX_181012_01_H04	Lamp5
CCGTTCAAGATGGGTC-L8TX_181206_01_F12	Lamp5
TGCTACCAGGAGTTTA-L8TX_180221_01_G09	Lamp5
CTCAGAAAGTTAGGTA-L8TX_171026_01_H03	Lamp5
ATGTGTGTCTTACCTA-L8TX_180115_01_F10	Lamp5
CGAGCACAGAGGTTAT-L8TX_180829_01_D09	Lamp5
TCAGGATAGGCACATG-L8TX_171120_01_H07	Lamp5
CTAGCCTAGTTTCCTT-L8TX_180221_01_C12	Lamp5
ACTGATGTCTTAGCCC-L8TX_180406_01_B01	Lamp5
TGTTCCGCAAACAACA-L8TX_180221_01_F10	Lamp5
GGAATAAAGTATCTCG-L8TX_180221_01_F11	Lamp5
AGCGTCGGTGACGCCT-L8TX_181012_01_E05	Lamp5
CCGTGGAGTCATCCCT-L8TX_180406_01_C06	Lamp5
TGGGAAGAGCGATTCT-L8TX_190312_01_H02	Lamp5
TCGCGTTCACCGGAAA-L8TX_180907_01_A12	Lamp5
ACAGCCGCAGCTCGCA-L8TX_180115_01_E10	Lamp5
CCGTGGATCTCTGAGA-L8TX_180115_01_A11	Lamp5
CGGACTGGTTCGTCTC-L8TX_180712_01_B06	Lamp5
CGCTGGATCAAACAAG-L8TX_180907_01_H11	Lamp5
CATATGGCACCGAATT-L8TX_171026_01_G03	Lamp5
TCTTTCCAGCGTAATA-L8TX_180926_01_B01	Lamp5
CGTCACTTCCGCATCT-L8TX_180221_01_B10	Lamp5
GGATTACTCAACACAC-L8TX_181012_01_C05	Lamp5
ACTGTCCCAGGAACGT-L8TX_180221_01_C12	Lamp5
ACGCCAGGTCTCGTTC-L8TX_180406_01_B01	Lamp5
GTATCTTCAAGCTGGA-L8TX_181011_01_H02	Lamp5
AGATTGCTCTTTAGGG-L8TX_180115_01_F09	Lamp5
GCATACAAGAGCCCAA-L8TX_180221_01_G11	Lamp5
AGCTCCTCAACACCTA-L8TX_180115_01_C09	Lamp5
GGCGTGTCATCACCCT-L8TX_180406_01_G02	Lamp5
AGCGTCGTCTGAAAGA-L8TX_181206_01_E12	Lamp5
TTGGAACGTCTCATCC-L8TX_180221_01_D10	Lamp5
ACAGCCGTCCGTCAAA-L8TX_180712_01_E05	Lamp5
GTATTCTAGAAAGTGG-L8TX_180504_01_E01	Lamp5
TCTCTAATCATCGGAT-L8TX_180115_01_A11	Lamp5
AGAATAGGTGAGGCTA-L8TX_180115_01_F10	Lamp5
AGCGTATTCTTGTCAT-L8TX_171026_01_G05	Lamp5
CTCTAATCATACTACG-L8TX_181206_01_D12	Lamp5
ACTTGTTAGCGATAGC-L8TX_180115_01_A09	Lamp5
CAAGATCGTGGCCCTA-L8TX_171026_01_A05	Lamp5
TCAGGTATCACCGGGT-L8TX_180406_01_E01	Lamp5
GAACCTAAGACGCACA-L8TX_181012_01_H04	Lamp5
CGGCTAGTCGTGGTCG-L8TX_180221_01_E10	Lamp5
GATGAAACACCGATAT-L8TX_180115_01_E10	Lamp5
CGGCTAGCAGCGTCCA-L8TX_180221_01_F10	Lamp5
CGGCTAGAGCGTGAGT-L8TX_171026_01_A04	Lamp5
TTGAACGTCGTAGGTT-L8TX_180221_01_D10	Lamp5
CAGATCAAGATATACG-L8TX_180115_01_C09	Lamp5
TCTCTAAGTACTCTCC-L8TX_180712_01_F05	Lamp5
GATGCTATCCCAAGTA-L8TX_180221_01_C11	Lamp5
TCGAGGCCAACTGGCC-L8TX_171026_01_H04	Lamp5
GTCACGGTCCGATATG-L8TX_180115_01_D11	Lamp5
GTAACGTTCTCTAGGA-L8TX_171026_01_H05	Lamp5
CAGTAACTCATCTGCC-L8TX_180406_01_F02	Lamp5
AGTCTTTTCCAACCAA-L8TX_180115_01_G08	Lamp5
TGCACCTCACGGATAG-L8TX_171026_01_H04	Lamp5
TGTGGTATCGTGGACC-L8TX_180406_01_B06	Lamp5
TCACGAAAGTTAAGTG-L8TX_181011_01_B03	Lamp5
AGCTTGAAGACGCACA-L8TX_180406_01_F02	Lamp5
AGACGTTGTTTGTGTG-L8TX_180907_01_B12	Lamp5
TTTGCGCCAATGTAAG-L8TX_181206_01_F12	Lamp5
ATTACTCGTAGCTTGT-L8TX_171026_01_G03	Lamp5
GACGCGTAGCCAGTTT-L8TX_180115_01_G08	Lamp5
CACAGGCAGTAGCGGT-L8TX_180926_01_D01	Lamp5
TCACGAACATAAGACA-L8TX_180115_01_F09	Lamp5
GACACGCCAGCTGCTG-L8TX_180115_01_A09	Lamp5
GCTTCCATCGCGTAGC-L8TX_180115_01_G10	Lamp5
CTTACCGTCGCCGTGA-L8TX_180115_01_D09	Lamp5
CCTACCAGTGCAGACA-L8TX_190312_01_H01	Lamp5
CAGATCACACCTGGTG-L8TX_171026_01_B05	Lamp5
GCGCAACGTGATAAAC-L8TX_181012_01_H04	Lamp5
AACGTTGAGAACTCGG-L8TX_180115_01_E08	Lamp5
TACCTATTCTGCGTAA-L8TX_200611_02_A05	Lamp5
CGTGAGCCATTACCTT-L8TX_180926_01_F01	Lamp5
AGAATAGAGAAACGAG-L8TX_200611_02_A05	Lamp5
GTTACAGTCTGCCCTA-L8TX_181011_01_H02	Lamp5
CTTACCGCAAGGACAC-L8TX_180406_01_C06	Lamp5
GATGCTAGTCTAGGTT-L8TX_171120_01_E07	Lamp5
GGCTCGACAAGGACAC-L8TX_171120_01_G07	Lamp5
GGAATAAAGGTTCCTA-L8TX_171026_01_F04	Lamp5
TTAACTCGTCCAGTTA-L8TX_180221_01_A10	Lamp5
GCTGGGTAGGCCCGTT-L8TX_171026_01_G05	Lamp5
ACCTTTAGTTCTCATT-L8TX_190312_01_C02	Lamp5
CCACCTAAGAAGGTTT-L8TX_171026_01_A04	Lamp5
GTCGGGTAGTAGTGCG-L8TX_180115_01_E10	Lamp5
CGCCAAGGTGTGAATA-L8TX_171026_01_A05	Lamp5
TAGACCATCGCCAGCA-L8TX_181012_01_G04	Lamp5
TTCGGTCGTGTCTGAT-L8TX_171026_01_F05	Lamp5
AGGCCGTGTTAAAGTG-L8TX_180115_01_E08	Lamp5
TAGAGCTTCATCTGCC-L8TX_180115_01_H09	Lamp5
CCCTCCTCAAACTGCT-L8TX_180406_01_C01	Lamp5
ATCTACTCAATTCCTT-L8TX_180115_01_H09	Lamp5
CGATCGGCATACCATG-L8TX_171026_01_B04	Lamp5
CTGCGGAGTTAAAGTG-L8TX_171026_01_E05	Lamp5
CCTAGCTCATCTATGG-L8TX_181206_01_D12	Lamp5
AAACGGGAGCCGTCGT-L8TX_180829_01_D10	Lamp5
AGAGTGGAGTTGAGTA-L8TX_180406_01_H02	Lamp5
GTTCATTGTCGTCTTC-L8TX_171026_01_A05	Lamp5
AACCATGAGAATAGGG-L8TX_181012_01_G04	Lamp5
AGCTCTCCACCTGGTG-L8TX_171026_01_B05	Lamp5
CTGCCTAGTAATCGTC-L8TX_171026_01_E05	Lamp5
ACCGTAACAACTGGCC-L8TX_180926_01_B01	Lamp5
CCTAGCTGTAGCTAAA-L8TX_180406_01_F02	Lamp5
CGGACGTTCTTGGGTA-L8TX_180221_01_A10	Lamp5
TACTTGTTCTGTCTCG-L8TX_180907_01_F10	Lamp5
GCGAGAAGTATAGGGC-L8TX_190312_01_F01	Lamp5
ATCTGCCGTACATGTC-L8TX_171026_01_F05	Lamp5
CACCTTGAGCGTGAGT-L8TX_180115_01_F10	Lamp5
AGCATACAGGTTACCT-L8TX_171026_01_E05	Lamp5
TGACTAGTCTCGTTTA-L8TX_171026_01_G03	Lamp5
TAGTTGGCACGGTTTA-L8TX_171026_01_C05	Lamp5
TAGGCATCACTGCCAG-L8TX_180115_01_E10	Lamp5
CGTAGCGAGCAATCTC-L8TX_181011_01_C04	Lamp5
GCAATCAAGCAGATCG-L8TX_180115_01_D09	Lamp5
CGATCGGAGCAGGCTA-L8TX_180221_01_D09	Lamp5
GGGACCTTCTATGTGG-L8TX_180115_01_A11	Lamp5
TGAGAGGAGGACATTA-L8TX_180907_01_A12	Lamp5
ACGAGCCCAGGAATCG-L8TX_171120_01_G07	Lamp5
GAACCTAAGAAGGACA-L8TX_180221_01_F10	Lamp5
TTTATGCAGGCGATAC-L8TX_171026_01_F03	Lamp5
GGCCGATCAATAGCGG-L8TX_171120_01_D07	Lamp5
TACCTATGTGCAGGTA-L8TX_181012_01_C05	Lamp5
GGGTCTGTCCACGAAT-L8TX_180221_01_D11	Lamp5
TATCTCAAGGCGATAC-L8TX_180712_01_H05	Lamp5
GTGCATACATGAAGTA-L8TX_180504_01_E01	Lamp5
CGTCACTCACTCGACG-L8TX_171026_01_C05	Lamp5
AGGTCATCAAGCCTAT-L8TX_180221_01_G11	Lamp5
TGCCAAATCAATCTCT-L8TX_180907_01_B11	Lamp5
ACTGAGTCACACAGAG-L8TX_180712_01_B06	Lamp5
TTAGGACTCTATCCCG-L8TX_180607_01_C05	Lamp5
TGCGTGGCACGAAAGC-L8TX_171026_01_E05	Lamp5
AGGGAGTCAACGCACC-L8TX_180221_01_E12	Lamp5
TGCACCTGTAAACCTC-L8TX_180221_01_A12	Lamp5
ATCTACTTCAAGATCC-L8TX_180221_01_A12	Lamp5
CCATTCGGTCCTCCAT-L8TX_180221_01_C09	Lamp5
CGTCTACCAGCTATTG-L8TX_180406_01_C06	Lamp5
GGGCATCGTGTTTGGT-L8TX_180115_01_F11	Lamp5
CTTTGCGAGCTCAACT-L8TX_181206_01_B12	Lamp5
GCATGCGAGAGCTGCA-L8TX_180115_01_E08	Lamp5
GCTGCGAAGCGCCTTG-L8TX_171026_01_F04	Lamp5
AGCTCCTCATATACGC-L8TX_190312_01_G02	Lamp5
AAGGCAGAGCGAGAAA-L8TX_180712_01_F05	Lamp5
CAGCTGGAGCACACAG-L8TX_171026_01_G03	Lamp5
ACTGCTCCACGACTCG-L8TX_180221_01_C10	Lamp5
CTTACCGAGCGCTTAT-L8TX_181011_01_A03	Lamp5
TAAACCGCATTCCTCG-L8TX_171026_01_G05	Lamp5
TCTTTCCAGACAATAC-L8TX_180926_01_C12	Lamp5
AGAGCTTAGACAATAC-L8TX_181011_01_A03	Lamp5
CTAATGGCAGACAAGC-L8TX_171026_01_A05	Lamp5
AAAGCAACACCAGGTC-L8TX_180115_01_E11	Lamp5
CTACATTGTTTCCACC-L8TX_181012_01_G04	Lamp5
CCATGTCTCCAAGCCG-L8TX_180926_01_F01	Lamp5
TTGAACGGTATGCTTG-L8TX_180115_01_G08	Lamp5
ACTTTCATCTTAGCCC-L8TX_181011_01_B03	Lamp5
GATCGCGTCGATCCCT-L8TX_180221_01_C10	Lamp5
AGTCTTTTCATGTAGC-L8TX_171026_01_D05	Lamp5
AAGGTTCGTTGGTTTG-L8TX_181206_01_D12	Lamp5
GCTCTGTCATTAGCCA-L8TX_171026_01_G04	Lamp5
CACACTCGTAAGGATT-L8TX_180406_01_F01	Lamp5
ACGCAGCTCAACACGT-L8TX_180221_01_A10	Lamp5
CCAATCCTCGTCACGG-L8TX_180115_01_B11	Lamp5
CTTCTCTCAGATCTGT-L8TX_181011_01_G02	Lamp5
TTCTCCTGTAGCTCCG-L8TX_171120_01_H07	Lamp5
TCAGATGTCCAGATCA-L8TX_180115_01_H09	Lamp5
CGTCACTGTATAGGTA-L8TX_181206_01_F12	Lamp5
CTTACCGGTTCCAACA-L8TX_181206_01_C12	Lamp5
AGCGGTCCATAAGACA-L8TX_180115_01_A10	Lamp5
TTCCCAGAGTCGTACT-L8TX_181012_01_E05	Lamp5
CCGTGGACACAAGTAA-L8TX_180115_01_E09	Lamp5
AGGCCGTTCTTAACCT-L8TX_180907_01_F11	Lamp5
CAGCTGGGTCCTCCAT-L8TX_181011_01_C04	Lamp5
ATTGGACTCACCATAG-L8TX_180115_01_F09	Lamp5
AGTCTTTGTGGTCTCG-L8TX_180115_01_E09	Lamp5
GGGCACTCACATTAGC-L8TX_180115_01_F11	Lamp5
AATCGGTCATACAGCT-L8TX_180221_01_A11	Lamp5
TAGACCATCATACGGT-L8TX_180221_01_D11	Lamp5
CAAGAAATCATAACCG-L8TX_180221_01_F11	Lamp5
CGGACGTGTGCTAGCC-L8TX_171026_01_B05	Lamp5
GAGTCCGAGCGATCCC-L8TX_180221_01_D10	Lamp5
TTGGAACTCGAGAGCA-L8TX_181206_01_C12	Lamp5
GCGGGTTAGGCCGAAT-L8TX_180221_01_D09	Lamp5
TGAAAGATCGCTGATA-L8TX_171026_01_F04	Lamp5
TACACGACAGACGTAG-L8TX_180115_01_B09	Lamp5
TACAGTGGTTACCAGT-L8TX_180115_01_E09	Lamp5
CTCGGAGGTAAATGAC-L8TX_180221_01_B10	Lamp5
TCTATTGAGCACACAG-L8TX_180115_01_E11	Lamp5
CTACCCATCCAAAGTC-L8TX_180221_01_C12	Lamp5
ACCGTAAAGTGTTGAA-L8TX_180907_01_A12	Lamp5
TCGGTAAGTCGAAAGC-L8TX_180115_01_C11	Lamp5
CCCTCCTGTCGCATCG-L8TX_180221_01_F10	Lamp5
AACGTTGTCCTTTACA-L8TX_180406_01_C07	Lamp5
GGCTCGACATGAGCGA-L8TX_171026_01_F05	Lamp5
CAGCAGCAGTCCTCCT-L8TX_180907_01_F10	Lamp5
CCCAGTTGTCTGGTCG-L8TX_180115_01_C09	Lamp5
ACACCCTGTTGATTCG-L8TX_180115_01_A09	Lamp5
CTAATGGAGACCACGA-L8TX_180712_01_G05	Lamp5
TGGGCGTCACAACGCC-L8TX_180115_01_C08	Lamp5
CCAGCGAGTTTGCATG-L8TX_180926_01_E01	Lamp5
TCGCGAGTCCGCATCT-L8TX_171026_01_E05	Lamp5
TCACAAGAGCCAGGAT-L8TX_181012_01_G04	Lamp5
CACTCCATCGTAGGAG-L8TX_180907_01_A12	Lamp5
AGAGCTTTCTCCAGGG-L8TX_171120_01_F07	Lamp5
TGGCGCACAGCCAGAA-L8TX_171026_01_B04	Lamp5
GGCAATTTCTGTACGA-L8TX_181011_01_G02	Lamp5
CGATCGGCAAGCGAGT-L8TX_180115_01_C11	Lamp5
CGAATGTTCTTGCAAG-L8TX_171026_01_A05	Lamp5
TGGGAAGCATGAGCGA-L8TX_180115_01_F09	Lamp5
CTTAACTAGTGTGGCA-L8TX_180221_01_H11	Lamp5
ACTTACTTCATGGTCA-L8TX_181011_01_C04	Lamp5
GCCTCTAAGGACAGAA-L8TX_180406_01_F02	Lamp5
TTTGTCAGTCGCGGTT-L8TX_200611_02_A05	Lamp5
CCTTCCCGTATTACCG-L8TX_180221_01_E11	Lamp5
TACGGGCCACTTCTGC-L8TX_180221_01_H12	Lamp5
CGTCACTCAGCTGCTG-L8TX_171026_01_H05	Lamp5
GATTCAGGTGTAACGG-L8TX_180221_01_A10	Lamp5
ACGGGCTGTCGTGGCT-L8TX_171026_01_G04	Lamp5
TGGCCAGGTTCTCATT-L8TX_180221_01_C10	Lamp5
TTCTCCTTCGCATGAT-L8TX_171026_01_A04	Lamp5
GCGCAACTCGGAGGTA-L8TX_171026_01_H03	Lamp5
TCGTACCGTGCGATAG-L8TX_180607_01_C05	Lamp5
TACTCATAGATCACGG-L8TX_181206_01_C12	Lamp5
CAGCATATCGTACCGG-L8TX_180712_01_G05	Lamp5
GCACTCTGTACTTCTT-L8TX_180907_01_F11	Lamp5
CCCAATCCACGTTGGC-L8TX_180115_01_G11	Lamp5
CGATCGGCAGCCACCA-L8TX_180221_01_B11	Lamp5
GGACAAGGTACCGCTG-L8TX_180221_01_A12	Lamp5
ACAGCTATCCGTTGTC-L8TX_180115_01_F09	Lamp5
TGATTTCTCCCATTAT-L8TX_181206_01_D12	Lamp5
GAGGTGATCGCATGAT-L8TX_180406_01_F02	Lamp5
ACATCAGGTTGTACAC-L8TX_180221_01_D11	Lamp5
ATGCGATCATGATCCA-L8TX_181206_01_E12	Lamp5
CTTACCGCACCATCCT-L8TX_180115_01_E09	Lamp5
TCTATTGTCAGAAATG-L8TX_180712_01_C06	Lamp5
CATTATCAGTGGACGT-L8TX_180712_01_G05	Lamp5
CCTCTGACAAGGTTTC-L8TX_180115_01_C08	Lamp5
TCAGCAATCGGCCGAT-L8TX_180115_01_A11	Lamp5
GTTTCTATCATGTCCC-L8TX_180115_01_G11	Lamp5
ACCCACTAGGCTAGAC-L8TX_171026_01_B05	Lamp5
TCTGAGAAGACTTGAA-L8TX_181206_01_F12	Lamp5
CCTTCGACAAAGGTGC-L8TX_171026_01_H05	Lamp5
CACATAGAGCTATGCT-L8TX_180115_01_D09	Lamp5
TTTATGCGTTAAGGGC-L8TX_180115_01_A09	Lamp5
TACTTACTCCAGAAGG-L8TX_180221_01_B11	Lamp5
GGGAATGCACATGGGA-L8TX_180221_01_C12	Lamp5
CAGAGAGGTCTAACGT-L8TX_180115_01_D09	Lamp5
ACATACGTCAGTCAGT-L8TX_171026_01_G03	Lamp5
TTAGTTCGTCTAACGT-L8TX_181012_01_B05	Lamp5
GCGACCATCTGCGTAA-L8TX_180221_01_E11	Lamp5
CCGGGATAGCGCCTTG-L8TX_180406_01_G02	Lamp5
ATCTACTCACAGGTTT-L8TX_171026_01_F03	Sncg
GCAGTTAGTTCAGCGC-L8TX_171026_01_H04	Sncg
AGTCTTTGTTCCTCCA-L8TX_200625_02_F11	Sncg
GGATGTTTCGAGAACG-L8TX_181206_01_B12	Sncg
GTGCGGTGTTCCAACA-L8TX_180221_01_B10	Sncg
GACGTGCTCAGCTCGG-L8TX_200611_02_A05	Sncg
TCTATTGGTAAGAGGA-L8TX_190312_01_C02	Sncg
CTGATCCAGCTGGAAC-L8TX_171026_01_G05	Sncg
GTCACGGCAATAAGCA-L8TX_180907_01_B11	Sncg
TTCGAAGAGAGGTTGC-L8TX_180907_01_G10	Sncg
CAGCTGGCATACTACG-L8TX_171026_01_A04	Sncg
GATGAGGCAATAAGCA-L8TX_180115_01_C09	Sncg
GGCGACTCACCCATTC-L8TX_180406_01_G02	Sncg
GTGCGGTGTCCTAGCG-L8TX_180115_01_G09	Sncg
TTTGGTTCATGGGAAC-L8TX_180406_01_D01	Sncg
ATCCGAAAGCAAATCA-L8TX_180221_01_A10	Sncg
TAAGTGCAGGGCTCTC-L8TX_180406_01_E01	Sncg
CTAGAGTCAAGGGTCA-L8TX_181011_01_C03	Sncg
CAACCTCCACTTACGA-L8TX_180115_01_E08	Sncg
CTCGAAATCGTGACAT-L8TX_180221_01_F10	Sncg
GGCTCGATCTTTAGGG-L8TX_180712_01_B06	Sncg
GGATGTTGTTACGCGC-L8TX_180406_01_E06	Sncg
GAAACTCGTTACGTCA-L8TX_180907_01_F10	Sncg
GTTCTCGAGAAACGAG-L8TX_180406_01_F02	Sncg
CCTTCCCGTCTAGAGG-L8TX_180115_01_H11	Sncg
CTACATTCAATCTGCA-L8TX_171026_01_F03	Sncg
CGCGTTTTCGTTTAGG-L8TX_180115_01_C11	Sncg
CCTTTCTGTACTCGCG-L8TX_171026_01_F04	Sncg
TTTCCTCCAGCTTAAC-L8TX_171026_01_H04	Sncg
GAACATCAGTGGTAAT-L8TX_200625_02_E11	Sncg
GTTCGGGGTTTGTTGG-L8TX_180115_01_G11	Sncg
TGCGGGTGTAGCGCTC-L8TX_180712_01_H05	Sncg
GCATGATGTGAAAGAG-L8TX_190312_01_G02	Sncg
GGTGTTACACAGTCGC-L8TX_180406_01_H01	Sncg
CCCTCCTTCCAAACTG-L8TX_171026_01_F04	Sncg
TTAGTTCCATCGGGTC-L8TX_180221_01_A12	Sncg
CCGGTAGCATCCTAGA-L8TX_180115_01_F11	Sncg
CACAGTAGTAGCCTAT-L8TX_180712_01_A06	Sncg
AGGGAGTCAAAGCAAT-L8TX_180115_01_D09	Sncg
TCTCTAACACGTCTCT-L8TX_180406_01_H01	Sncg
GGTGAAGAGCTAGCCC-L8TX_180926_01_B01	Sncg
GAACATCTCAGCTTAG-L8TX_180115_01_G11	Sncg
AGTGAGGCAGATGGGT-L8TX_180221_01_C09	Sncg
AGAGTGGAGGCCCGTT-L8TX_180221_01_E09	Sncg
TAAGAGATCGTGGACC-L8TX_180221_01_H09	Sncg
AGCGTATTCGCCAAAT-L8TX_171120_01_D07	Sncg
CCACCTATCTAACCGA-L8TX_180406_01_C07	Sncg
GAAATGAGTCTTCAAG-L8TX_180221_01_D09	Sncg
CGAGAAGGTCCCGACA-L8TX_180221_01_A11	Sncg
AGGGTGACACAGATTC-L8TX_171026_01_A05	Sncg
TTTACTGAGTCCCACG-L8TX_180406_01_C08	Sncg
GAACGGAAGTATCTCG-L8TX_180504_01_E01	Sncg
GAAATGATCGCCGTGA-L8TX_190312_01_H02	Sncg
ACTTTCAAGGGTCGAT-L8TX_171026_01_G04	Sncg
GAAACTCGTACAGTTC-L8TX_180221_01_G11	Sncg
TCCACACCAATCCAAC-L8TX_180406_01_E06	Sncg
CTAACTTAGCCCTAAT-L8TX_180406_01_E02	Sncg
TACGGTAAGATATGGT-L8TX_171026_01_H04	Sncg
ACTGATGGTACAGTGG-L8TX_181011_01_A03	Sncg
GTGCATACAAGCGCTC-L8TX_180712_01_A06	Sncg
ACGCCGAAGCCGCCTA-L8TX_180406_01_G02	Sncg
TTCTCCTTCAACACCA-L8TX_171026_01_F03	Sncg
TCGGGACCAGGACGTA-L8TX_180221_01_G10	Sncg
CGAGCCAAGATTACCC-L8TX_180712_01_C06	Sncg
GCGGGTTGTCCGAAGA-L8TX_190312_01_A03	Sncg
TGACAACCAAGCTGAG-L8TX_181206_01_B12	Sncg
TCTTTCCAGGAGCGTT-L8TX_180221_01_E09	Sncg
CCTCTGAGTGTAACGG-L8TX_180907_01_B11	Sncg
ACCGTAAGTTCCACGG-L8TX_190312_01_A02	Sncg
AGGCCGTCAAGCTGAG-L8TX_180115_01_D08	Sncg
GCGCAGTAGCACGCCT-L8TX_171026_01_B05	Sncg
GTATTCTGTAGGAGTC-L8TX_171026_01_H03	Sncg
GATCGATGTTAGGGTG-L8TX_180406_01_H01	Sncg
ACACCAAAGTATCTCG-L8TX_171026_01_A05	Sncg
ACATCAGGTTATCGGT-L8TX_180221_01_C12	Sncg
CTCTACGTCATCGCTC-L8TX_171026_01_F05	Sncg
CTCGGAGCACTTCGAA-L8TX_180406_01_E07	Sncg
CGGCTAGGTCAACATC-L8TX_180712_01_B06	Sncg
CGATGTATCCGCATAA-L8TX_200625_02_E11	Sncg
ACGATACTCGCCAAAT-L8TX_190312_01_B02	Sncg
TGGGCGTAGTTTGCGT-L8TX_180115_01_C09	Sncg
GGACAAGAGAGTCGGT-L8TX_180907_01_F11	Sncg
GTAACTGTCCGTCATC-L8TX_180829_01_D10	Sncg
CCACTACTCGCCTGTT-L8TX_181206_01_F12	Sncg
GTCGTAATCACGCGGT-L8TX_171120_01_G07	Sncg
CTCGTCAGTTCTGAAC-L8TX_180406_01_G02	Sncg
CCTAGCTCATCCGTGG-L8TX_171026_01_G04	Sncg
CATATGGAGCGTAGTG-L8TX_171026_01_H03	Sncg
AGGCCACTCATAGCAC-L8TX_180115_01_G11	Sncg
TCGAGGCCAGCATGAG-L8TX_181206_01_C12	Sncg
CACAAACGTAACGTTC-L8TX_180406_01_B06	Sncg
TAGAGCTAGATGTGTA-L8TX_180221_01_C12	Sncg
TTCGAAGCATATACCG-L8TX_180406_01_H01	Sncg
ACGCCGACATTGGTAC-L8TX_180115_01_F09	Sncg
TTCTCAACAAGCTGAG-L8TX_180221_01_A11	Sncg
TGGTTAGGTGCAGTAG-L8TX_180221_01_B10	Sncg
AACACGTTCCGAAGAG-L8TX_180115_01_E11	Sncg
GCATGCGTCCAGAAGG-L8TX_180221_01_B12	Sncg
CTGTTTATCGCGCCAA-L8TX_180115_01_H10	Sncg
TCACAAGAGGTGCTTT-L8TX_180221_01_H10	Sncg
ACGGGTCAGCCAGTAG-L8TX_181012_01_G04	Sncg
GGATTACTCTCTGTCG-L8TX_200625_02_F11	Sncg
ATTCTACAGAGCTGCA-L8TX_180406_01_E06	Sncg
CTGATAGTCGGCCGAT-L8TX_180829_01_D09	Sncg
CTCAGAATCGTGTAGT-L8TX_180221_01_H09	Sncg
CTACACCAGAAGGGTA-L8TX_180221_01_A11	Sncg
CAGCATAGTCTCACCT-L8TX_180406_01_C07	Sncg
GGCTCGAGTGGAAAGA-L8TX_180504_01_E01	Sncg
ACATGGTAGGGCACTA-L8TX_180221_01_G09	Sncg
TTCGGTCAGGGAGTAA-L8TX_180221_01_E11	Sncg
CACAGGCGTCAGAATA-L8TX_180406_01_C07	Sncg
CTGTGCTAGATAGTCA-L8TX_171026_01_H03	Sncg
AAGACCTTCAGCTCGG-L8TX_180712_01_F05	Sncg
CGATCGGTCAGGCCCA-L8TX_171026_01_G05	Sncg
ATAACGCAGATCCGAG-L8TX_180115_01_B11	Sncg
AGCTTGAAGTTGAGTA-L8TX_181011_01_C04	Sncg
GCGCAACGTTGTCGCG-L8TX_180712_01_G05	Sncg
TGGCTGGGTTCCTCCA-L8TX_180221_01_D10	Sncg
CTTAGGATCTAACTGG-L8TX_180221_01_G09	Sncg
CTACGTCGTACCGTAT-L8TX_181206_01_B12	Sncg
CATCGAACAGGGTTAG-L8TX_180406_01_B07	Sncg
GTATCTTAGCGACGTA-L8TX_171026_01_E05	Sncg
TTGACTTGTCTAAACC-L8TX_171026_01_G03	Sncg
GGACGTCGTATGGTTC-L8TX_180115_01_G10	Sncg
AGAATAGTCACAATGC-L8TX_180115_01_B10	Sncg
AGAGCGATCAGGCCCA-L8TX_180712_01_B06	Sncg
CTCGTACGTCCGTGAC-L8TX_171026_01_H04	Sncg
ACGGGTCAGCTCCTCT-L8TX_180221_01_C10	Sncg
ACTTGTTAGTGGCACA-L8TX_180221_01_G10	Sncg
ACTGTCCTCCGATATG-L8TX_180115_01_B09	Sncg
AGCTTGAGTTTGACTG-L8TX_180406_01_C07	Sncg
TCGCGAGGTCACCTAA-L8TX_180406_01_C06	Sncg
GTGCGGTAGGATCGCA-L8TX_180221_01_G11	Sncg
CGAATGTTCTGTCTAT-L8TX_180504_01_E01	Sncg
CAGCCGATCCTAAGTG-L8TX_180221_01_G09	Sncg
CAGCTGGAGGGCATGT-L8TX_180115_01_G10	Sncg
GCTGCGAGTTCCCGAG-L8TX_181012_01_H04	Sncg
TCTGGAAGTCCGTTAA-L8TX_180406_01_F01	Sncg
GGATTACCAAGGACTG-L8TX_180504_01_E01	Sncg
CTTCTCTTCTGGTTCC-L8TX_171026_01_C05	Sncg
CTCTAATTCCGTAGGC-L8TX_180221_01_D09	Sncg
TCGTAGATCTCAAACG-L8TX_180115_01_G09	Sncg
TTGCCGTAGTGCGATG-L8TX_180115_01_A11	Sncg
TCTATTGGTACCTACA-L8TX_180406_01_C07	Sncg
ACGCCAGTCCATGAGT-L8TX_180115_01_A09	Sncg
ACTTTCAAGTGATCGG-L8TX_180712_01_E05	Sncg
AGGCCGTGTCCGTGAC-L8TX_180712_01_C06	Sncg
GGGCACTGTTCATGGT-L8TX_181206_01_C12	Sncg
GGATGTTTCTCACATT-L8TX_171026_01_H04	Sncg
GACGGCTCACTCGACG-L8TX_180115_01_H11	Sncg
CTGGTCTTCTTAGCCC-L8TX_180406_01_H01	Sncg
GCTGCGAGTTGTCTTT-L8TX_180406_01_C07	Sncg
AGGGAGTCATATGGTC-L8TX_180115_01_G11	Sncg
GTTAAGCAGTACATGA-L8TX_171120_01_H07	Sncg
AGAGTGGTCTTGTACT-L8TX_180406_01_E06	Sncg
TAAGAGAGTCAAACTC-L8TX_200625_02_E11	Sncg
TCCCGATCAATGTAAG-L8TX_180221_01_E09	Sncg
TCCACACTCTGCTTGC-L8TX_180221_01_A11	Sncg
TACAGTGCAGCCAGAA-L8TX_180504_01_E01	Sncg
TGTTCCGGTGACGCCT-L8TX_200625_02_G11	Sncg
GCGCAACCAGGGCATA-L8TX_180115_01_C11	Sncg
TCCCGATTCTGAGTGT-L8TX_171026_01_B04	Sncg
CAGCTAAGTGGACGAT-L8TX_180406_01_C08	Sncg
TCAACGACACTGTGTA-L8TX_180115_01_D10	Sncg
ATGCGATAGAAACGAG-L8TX_180406_01_C06	Sncg
GTCACAACACCTGGTG-L8TX_190312_01_B02	Sncg
GGACGTCAGATGCGAC-L8TX_180406_01_G02	Sncg
CAGGTGCTCGCCAGCA-L8TX_180221_01_H12	Sncg
CCATTCGTCACCCTCA-L8TX_180221_01_D10	Sncg
CCGTTCACAGATGAGC-L8TX_200625_02_E11	Sncg
TCGTAGAAGAGTCTGG-L8TX_180221_01_C10	Sncg
CCCAATCCAACCGCCA-L8TX_200625_02_G11	Sncg
ACTGCTCTCTATCCTA-L8TX_190312_01_F01	Sncg
CCCATACTCAGTCAGT-L8TX_180406_01_H01	Sncg
GAGCAGAGTCTCTCGT-L8TX_180712_01_B06	Sncg
TTGACTTGTTGAACTC-L8TX_200625_02_G11	Sncg
CCTTCGAGTCCAGTGC-L8TX_180115_01_G11	Sncg
GACCTGGCACATAACC-L8TX_180712_01_H05	Sncg
ACTGCTCTCTATCCCG-L8TX_180221_01_F10	Sncg
CCCATACTCATCGATG-L8TX_180907_01_B11	Sncg
GTACTCCGTTGAGGTG-L8TX_180115_01_G09	Sncg
TCCACACCATTGGTAC-L8TX_180221_01_C12	Sncg
GAATGAAAGGAGTAGA-L8TX_171026_01_D05	Sncg
GCAATCATCTTTCCTC-L8TX_180221_01_F12	Sncg
CGATTGAGTCAATGTC-L8TX_180221_01_C09	Sncg
TGAGCATGTCTGATTG-L8TX_180115_01_G10	Sncg
AACCATGTCCGTACAA-L8TX_180115_01_F09	Sncg
GTCGTAATCCTCGCAT-L8TX_190312_01_D02	Sncg
TCGGTAAAGCCCGAAA-L8TX_181012_01_G04	Sncg
GAAATGAGTAAATGTG-L8TX_171026_01_H04	Sncg
GTCAAGTCAGAAGCAC-L8TX_180115_01_B11	Sncg
TTCCCAGTCTAACTGG-L8TX_200625_02_E11	Sncg
TCGAGGCAGGATGGAA-L8TX_171026_01_A04	Sncg
ATTTCTGAGTCCGGTC-L8TX_180406_01_G02	Sncg
ACGATGTCATTGCGGC-L8TX_180221_01_B12	Sncg
TCGGGACTCTGGGCCA-L8TX_180115_01_C10	Sncg
CAAGATCCACTTCGAA-L8TX_180829_01_E10	Sncg
TTCGAAGCATGTTGAC-L8TX_190312_01_C02	Sncg
GACTAACCAAACCCAT-L8TX_190312_01_B02	Sncg
CTACCCAGTTACGCGC-L8TX_180115_01_G11	Sncg
CAACCAATCGATCCCT-L8TX_180115_01_H10	Sncg
CAACTAGAGTGCAAGC-L8TX_200625_02_F11	Sncg
TGAGGGAAGAGCTGCA-L8TX_171120_01_H07	Sncg
GGTATTGCACGAAAGC-L8TX_180406_01_C07	Sncg
GAATAAGGTTCCGGCA-L8TX_180221_01_E10	Sncg
CTGAAACAGATTACCC-L8TX_180712_01_B06	Sncg
GCACTCTAGCGAGAAA-L8TX_180406_01_C01	Sncg
CGAATGTAGGCATGTG-L8TX_171120_01_G07	Sncg
AGCGGTCCATCACGAT-L8TX_180115_01_E09	Sncg
GGACAGATCATGTCTT-L8TX_180221_01_H09	Sncg
CATATTCTCTGTCTAT-L8TX_180221_01_A12	Sncg
CACTCCAAGACTAGAT-L8TX_180406_01_B01	Sncg
TCTGAGAGTAACGCGA-L8TX_181206_01_D12	Sncg
AACCATGAGATGGCGT-L8TX_171026_01_F05	Sncg
ACTTGTTCAGGAATGC-L8TX_180221_01_B12	Sncg
TGTGGTAGTGGTGTAG-L8TX_180907_01_F11	Sncg
TGAGAGGGTCGCATCG-L8TX_200625_02_G11	Sncg
ACGAGCCAGTCAAGGC-L8TX_180712_01_C06	Sncg
GAATGAACAGCATACT-L8TX_180406_01_E07	Sncg
GTTTCTATCTTGCCGT-L8TX_180115_01_G10	Sncg
TACGGGCGTCCATGAT-L8TX_171026_01_A05	Sncg
CGACTTCTCCAGTAGT-L8TX_171026_01_C05	Sncg
GTAGGCCAGAAGGTTT-L8TX_171026_01_F04	Sncg
GACTAACTCTGGGCCA-L8TX_180221_01_H12	Sncg
CTGGTCTTCTCCGGTT-L8TX_180221_01_C09	Sncg
ACGAGGAGTCCCTACT-L8TX_171026_01_B05	Sncg
CAGAATCCACCTTGTC-L8TX_181206_01_D12	Sncg
CATCCACTCTGTCAAG-L8TX_200625_02_E11	Sncg
ATCATCTGTCCGAACC-L8TX_180504_01_E01	Sncg
TTCTCCTTCACGGTTA-L8TX_180406_01_C02	Sncg
ACAGCTAAGGACACCA-L8TX_171026_01_H05	Sncg
ACTGAGTAGCCATCGC-L8TX_180406_01_B06	Sncg
GGCTCGATCAACACCA-L8TX_180712_01_C06	Sncg
CTGAAACCAGCCTTTC-L8TX_180115_01_B10	Sncg
CCACTACTCCGCAGTG-L8TX_181011_01_C04	Sncg
ACGGAGACAGCCTTTC-L8TX_180115_01_B09	Sncg
CATGGCGAGTCAAGGC-L8TX_180115_01_H10	Sncg
TGGCCAGCAGACACTT-L8TX_180712_01_B06	Sncg
CAAGGCCGTTATCACG-L8TX_171026_01_G05	Sncg
ACGAGGACAGCTCCGA-L8TX_180115_01_D09	Sncg
CTTAACTAGCTAACAA-L8TX_171026_01_B04	Sncg
TTGCGTCCACGAAAGC-L8TX_180221_01_B10	Sncg
TGCGTGGGTTTGCATG-L8TX_180221_01_D10	Sncg
CCCATACGTCTCTCGT-L8TX_180221_01_D09	Sncg
ATAAGAGCAAGTAATG-L8TX_180115_01_B11	Sncg
TGGGAAGAGTGTCCAT-L8TX_180907_01_F11	Sncg
GGACGTCCAACACCTA-L8TX_180221_01_B12	Sncg
ACATCAGCAAACTGCT-L8TX_180221_01_H12	Sncg
GACGTTACACCGCTAG-L8TX_180712_01_B06	Sncg
AGCCTAACAAGGTGTG-L8TX_171120_01_D07	Sncg
CCCATACGTTCGCGAC-L8TX_180221_01_F10	Sncg
GAATAAGTCGCCTGAG-L8TX_171026_01_H05	Sncg
CTTAGGAGTCGCTTCT-L8TX_180406_01_D01	Sncg
CTCTGGTCACTGCCAG-L8TX_180504_01_E01	Sncg
GTGCAGCCACCTATCC-L8TX_180221_01_A11	Sncg
CGAGAAGGTCTGATTG-L8TX_180926_01_D01	Sncg
GCTCCTACATGTTCCC-L8TX_190312_01_D02	Sncg
TTTGCGCTCGCCAGCA-L8TX_171026_01_G03	Sncg
CTTGGCTTCTGCCAGG-L8TX_181012_01_E05	Sncg
AAGGTTCAGACTAGGC-L8TX_180221_01_B11	Sncg
TAGAGCTCATCGATTG-L8TX_181012_01_B05	Sncg
TAAGTGCCAGTGAGTG-L8TX_180115_01_C09	Sncg
CAGCCGAGTCTGGTCG-L8TX_171026_01_A04	Sncg
AACTCAGAGAGTGACC-L8TX_200625_02_F11	Sncg
GTCACAAGTCCTCTTG-L8TX_200625_02_E11	Sncg
CACATTTTCGGCTACG-L8TX_180115_01_E10	Sncg
CAGCTGGGTTGTCGCG-L8TX_180406_01_H01	Sncg
GGTGTTATCGAACTGT-L8TX_181206_01_C12	Sncg
GAGCAGAGTTCGGCAC-L8TX_171026_01_G03	Sncg
AGGGATGAGTGGAGTC-L8TX_180221_01_D11	Sncg
TACGGGCCAACACGCC-L8TX_171026_01_F03	Sncg
CCTCAGTCATGGAATA-L8TX_200611_02_A05	Sncg
GATGCTACACTGCCAG-L8TX_180221_01_A12	Sncg
TACCTTATCGTTACGA-L8TX_171026_01_G04	Sncg
CTAGAGTGTATATGAG-L8TX_180221_01_B12	Sncg
TCGAGGCGTTATGTGC-L8TX_180115_01_C09	Sncg
GACCTGGTCGTACCGG-L8TX_180221_01_C09	Sncg
TACCTATCAATCAGAA-L8TX_181011_01_B03	Sncg
CAGAGAGGTTTAGCTG-L8TX_180221_01_H10	Sncg
AGCAGCCCAGCCTATA-L8TX_180221_01_C10	Sncg
CAGAATCTCCATGCTC-L8TX_171026_01_G03	Sncg
CCCAGTTCACGCATCG-L8TX_171026_01_A05	Sncg
AGCCTAACACATGGGA-L8TX_180221_01_D09	Sncg
TCAGGATGTGGTAACG-L8TX_171120_01_F07	Sncg
ACGGGTCGTCAGAATA-L8TX_180829_01_E10	Sncg
CTCGGGACAAGTACCT-L8TX_180406_01_F07	Sncg
CCGTTCAGTCTAGCCG-L8TX_190312_01_F01	Sncg
CGGACACGTCACCTAA-L8TX_180221_01_B12	Sncg
ACTTTCACATCGGAAG-L8TX_171026_01_C05	Sncg
AGACGTTCAGTAACGG-L8TX_171026_01_C05	Sncg
GGGAGATGTAAACCTC-L8TX_180907_01_E11	Sncg
AGAGCGAGTCCAGTGC-L8TX_181011_01_H03	Sncg
AAGGTTCCAGCTGTTA-L8TX_171026_01_F05	Sncg
CAGGTGCCACACCGAC-L8TX_180926_01_D01	Sncg
CATTCGCCAGTAAGCG-L8TX_180406_01_F02	Sncg
GAATGAATCGGCTTGG-L8TX_171120_01_G07	Sncg
CGAGCCATCGTCCAGG-L8TX_180926_01_D01	Sncg
AGCCTAAGTGTCAATC-L8TX_180406_01_C06	Sncg
GTTTCTACAGCCTGTG-L8TX_180712_01_B06	Sncg
TTGCGTCAGTCGAGTG-L8TX_180712_01_H05	Sncg
CCTAGCTTCACGGTTA-L8TX_180221_01_C10	Sncg
CCTTCCCTCAAGATCC-L8TX_181012_01_E05	Sncg
CACACTCGTACTCGCG-L8TX_171026_01_E05	Sncg
CATTCGCCAACGATGG-L8TX_180406_01_E02	Sncg
GGCTGGTTCCCTAACC-L8TX_180221_01_F11	Sncg
AACTTTCTCCCTCTTT-L8TX_180406_01_F02	Sncg
CATTATCAGGTGATAT-L8TX_171026_01_G04	Sncg
GAGGTGACACTTAACG-L8TX_180712_01_B06	Sncg
ATCTGCCCACATTTCT-L8TX_180221_01_F10	Sncg
GAAATGACACAAGTAA-L8TX_171120_01_E07	Sncg
ACTGATGCAATCGGTT-L8TX_180115_01_B11	Sncg
GTGTGCGCAAGTTCTG-L8TX_171026_01_G04	Sncg
GGATTACAGTAGCCGA-L8TX_181206_01_D12	Sncg
TTCTCAAGTTGTGGCC-L8TX_180221_01_D10	Sncg
GAACCTATCTCTAAGG-L8TX_171026_01_F03	Sncg
CCTATTACACCAGCAC-L8TX_180406_01_C02	Sncg
ATTGGTGAGACTAAGT-L8TX_181011_01_B03	Sncg
TTAGGACTCCCTCTTT-L8TX_171026_01_B05	Sncg
TTCCCAGCATCTATGG-L8TX_181011_01_H03	Sncg
CGGGTCATCTCGTATT-L8TX_200625_02_E11	Sncg
GAACCTAGTGCACTTA-L8TX_180406_01_C02	Sncg
TACTCATGTATTAGCC-L8TX_180406_01_C01	Sncg
GCCAAATCAATGGACG-L8TX_180221_01_H12	Sncg
TATCAGGGTTATCACG-L8TX_200625_02_F11	Sncg
GCTCTGTTCAGGATCT-L8TX_180406_01_B06	Sncg
TTCGAAGGTTAGATGA-L8TX_180406_01_E02	Sncg
AGGTCATCATTCCTGC-L8TX_180406_01_C01	Sncg
AAGGAGCCATTAACCG-L8TX_180406_01_B01	Sncg
GGCGACTCACAGCGTC-L8TX_180221_01_F09	Sncg
AATCGGTGTAAGCACG-L8TX_171026_01_H05	Sncg
CACACAAGTACGACCC-L8TX_180221_01_H12	Sncg
ATTATCCTCAAGCCTA-L8TX_180406_01_F02	Sncg
CCTCTGAAGTCTCCTC-L8TX_180504_01_E01	Sncg
ACCGTAATCTTACCTA-L8TX_180221_01_F10	Sncg
TGTCCCACAAGTTAAG-L8TX_171026_01_B04	Sncg
AAAGCAAAGGACCACA-L8TX_180221_01_E10	Sncg
GCACTCTAGTGGGCTA-L8TX_180406_01_G02	Sncg
ATTACTCCAGACGCAA-L8TX_171026_01_B04	Sncg
GGACGTCGTCGACTGC-L8TX_180221_01_G11	Sncg
CTGATCCAGGCCCGTT-L8TX_180221_01_H10	Sncg
CTCACACCAAGCCGTC-L8TX_180406_01_B01	Sncg
CTCGAGGAGAACAACT-L8TX_180907_01_G11	Sncg
TTTCCTCTCTCATTCA-L8TX_171026_01_H05	Sncg
CGAGCACCAGACGCCT-L8TX_180221_01_D10	Sncg
TCAGCAACAGTAAGCG-L8TX_200625_02_G11	Sncg
CACATTTAGAGACTAT-L8TX_180221_01_D10	Sncg
TATGCCCCATCGTCGG-L8TX_171026_01_G04	Sncg
GTGGGTCAGTTACCCA-L8TX_180221_01_B11	Sncg
CAGCCGAGTAGCCTAT-L8TX_180221_01_B11	Sncg
CTCACACGTAGTACCT-L8TX_181011_01_C04	Sncg
CAAGTTGTCGAATCCA-L8TX_180221_01_G11	Sncg
CATATGGGTCCATGAT-L8TX_180829_01_D09	Sncg
CATCCACGTAGAGGAA-L8TX_180221_01_C10	Sncg
CTGGTCTCAGCATGAG-L8TX_180115_01_A09	Sncg
TAGCCGGCAAATCCGT-L8TX_180221_01_H10	Sncg
CAACCAACAGGCAGTA-L8TX_180221_01_F10	Sncg
CGTTAGACAAGTCATC-L8TX_180115_01_F09	Sncg
AAGGAGCCATTTGCTT-L8TX_180221_01_D09	Sncg
TGATTTCCAATCTACG-L8TX_180115_01_F09	Sncg
ATCTGCCAGGTGGGTT-L8TX_180221_01_B11	Sncg
GAATGAAGTAAGTGTA-L8TX_180221_01_F12	Sncg
CGGCTAGCAATGACCT-L8TX_181206_01_D12	Sncg
GGGATGAGTACCGCTG-L8TX_180406_01_E07	Sncg
TCAGGATCAAGCCATT-L8TX_180712_01_H05	Sncg
GGGCACTGTATATGGA-L8TX_180221_01_D10	Sncg
CTCCTAGCAGGTCTCG-L8TX_180221_01_A10	Sncg
CAACCTCCAGTCACTA-L8TX_180406_01_H02	Sncg
GTGCTTCCACCTGGTG-L8TX_180406_01_C06	Sncg
CAGAATCGTAGAGGAA-L8TX_180221_01_E11	Sncg
TGACGGCTCTATCCCG-L8TX_171120_01_H07	Sncg
TCGAGGCCAAAGTCAA-L8TX_180221_01_E10	Sncg
TTGTAGGCATCTACGA-L8TX_180115_01_F11	Sncg
ATTCTACGTATGGTTC-L8TX_180221_01_D12	Sncg
ACACTGATCTTCTGGC-L8TX_180221_01_E09	Sncg
GTTCGGGGTGTGTGCC-L8TX_180406_01_B01	Sncg
GCATGTACATCACAAC-L8TX_180115_01_C09	Sncg
GCTGCGATCACTCTTA-L8TX_180406_01_B02	Sncg
CGAGCACCATCCGCGA-L8TX_180115_01_E11	Sncg
AACTCCCAGAGTACCG-L8TX_200625_02_F11	Sncg
GATCGTAGTTCGGGCT-L8TX_180712_01_A06	Sncg
CCCATACGTCGGCATC-L8TX_180221_01_A10	Sncg
CTGAAGTGTGGTCCGT-L8TX_171026_01_D05	Sncg
CGTTGGGCAAAGGAAG-L8TX_181206_01_A12	Sncg
TGCGCAGCAGGCTGAA-L8TX_180115_01_C09	Sncg
TGTTCCGTCACCAGGC-L8TX_180926_01_E01	Sncg
CTCGGAGGTACATGTC-L8TX_180926_01_E01	Sncg
TATTACCTCAGTACGT-L8TX_180926_01_B01	Sncg
TGACTAGAGACCTAGG-L8TX_180221_01_D10	Sncg
ACCTTTAAGCGGCTTC-L8TX_180406_01_D01	Sncg
CGTTGGGGTCCGCTGA-L8TX_180115_01_B11	Sncg
ATCTGCCGTACATGTC-L8TX_180115_01_H08	Sncg
TTAGTTCGTTGGTAAA-L8TX_181012_01_G04	Sncg
CAGATCAAGGATTCGG-L8TX_180406_01_E02	Sncg
ACGATGTCAATAAGCA-L8TX_181206_01_H11	Sncg
CGTCCATTCAGGTTCA-L8TX_181011_01_C04	Sncg
GGTGCGTCAACAACCT-L8TX_171026_01_F04	Sncg
TGTGTTTAGAGAGCTC-L8TX_180406_01_B06	Sncg
TAGACCACAGTCGTGC-L8TX_171120_01_H07	Sncg
CGATGGCTCCCACTTG-L8TX_180406_01_G02	Sncg
TTAGGCAAGGCATTGG-L8TX_180115_01_E11	Sncg
CATTATCAGCTGCCCA-L8TX_180504_01_E01	Sncg
CTGTGCTGTCTCACCT-L8TX_171026_01_C05	Sncg
CTTGGCTGTCTCTTTA-L8TX_180406_01_E06	Sncg
AGTGAGGGTCCGTGAC-L8TX_181206_01_H11	Sncg
CGTAGGCGTTGTTTGG-L8TX_180406_01_E02	Sncg
ATAACGCGTTCCCGAG-L8TX_180406_01_E02	Sncg
CATGCCTAGCTCTCGG-L8TX_171026_01_H04	Sncg
CAACCTCCATCCGGGT-L8TX_180406_01_G02	Sncg
TCTATTGTCGACGGAA-L8TX_190312_01_B02	Sncg
CAGCTGGCACACCGAC-L8TX_180829_01_E10	Sncg
GCTCTGTAGGTTCCTA-L8TX_180406_01_D02	Sncg
TTAGGCACATCGGAAG-L8TX_180221_01_B10	Sncg
AAGGCAGCAGTCTTCC-L8TX_181012_01_G04	Sncg
AAACGGGTCGTTTATC-L8TX_180221_01_H11	Sncg
AAACCTGTCACCCGAG-L8TX_180221_01_C09	Sncg
AACCATGTCACTATTC-L8TX_180115_01_G08	Sncg
ATAGACCAGAGAGCTC-L8TX_180406_01_H01	Sncg
CACACTCTCTCAAACG-L8TX_181206_01_D12	Sncg
GACGTTACATGTCCTC-L8TX_171120_01_G07	Sncg
CGACTTCAGACAATAC-L8TX_171120_01_H07	Sncg
TAGTTGGTCCGAACGC-L8TX_200625_02_G11	Sncg
GTGCTTCGTGATGATA-L8TX_180829_01_D10	Sncg
ATTGGACCATTTCACT-L8TX_180115_01_G11	Sncg
GTGTTAGAGCAGATCG-L8TX_180221_01_B10	Sncg
GCACTCTGTCGGATCC-L8TX_180221_01_C09	Sncg
GGAGCAATCATGCTCC-L8TX_180115_01_D10	Sncg
AGAGTGGCATTACCTT-L8TX_171026_01_A05	Sncg
CTGATCCTCAGCATGT-L8TX_180712_01_B06	Sncg
CGGACGTTCTTCCTTC-L8TX_180115_01_A11	Sncg
CTCTAATCACGGATAG-L8TX_180712_01_G05	Sncg
CGATGTATCATTCACT-L8TX_180221_01_D11	Sncg
CGTTAGACAATAGCAA-L8TX_180406_01_B06	Sncg
GCTCTGTGTAGCACGA-L8TX_181206_01_C12	Sncg
CGTAGCGGTAAATGAC-L8TX_181011_01_C03	Sncg
TGACGGCGTTCCAACA-L8TX_180115_01_G09	Sncg
CTGCTGTGTTTCGCTC-L8TX_180406_01_F02	Sncg
ACGCCGATCCACTCCA-L8TX_180115_01_E11	Sncg
CCGTGGAAGCAGCCTC-L8TX_200625_02_F11	Sncg
CAACTAGTCACAACGT-L8TX_180406_01_C06	Sncg
CAGCGACTCGATAGAA-L8TX_171026_01_G03	Sncg
GTCACGGTCGTAGGAG-L8TX_180221_01_F10	Sncg
TGCGTGGCAGACAGGT-L8TX_171120_01_C07	Sncg
TCCACACCAAGCTGGA-L8TX_171026_01_H03	Sncg
GACCAATGTAGGCATG-L8TX_180115_01_B09	Sncg
CCTCTGACAAGTCTGT-L8TX_180221_01_F11	Sncg
CTCTACGTCAGGCCCA-L8TX_180406_01_G02	Sncg
CACATTTGTTTCCACC-L8TX_180406_01_E02	Sncg
CCATGTCCACACATGT-L8TX_180406_01_C07	Sncg
TTGAACGCATGTCTCC-L8TX_190312_01_D02	Sncg
GACACGCCATCACGAT-L8TX_181206_01_H11	Sncg
TACCTATTCCAGGGCT-L8TX_181012_01_B05	Sncg
TTCTTAGGTCCTGCTT-L8TX_180907_01_G11	Sncg
GTCGTAATCAAACGGG-L8TX_171026_01_B04	Sncg
CGTTCTGTCATATCGG-L8TX_171120_01_H07	Sncg
CATCGAAAGAGGGATA-L8TX_180926_01_D01	Sncg
TGCACCTGTGCTAGCC-L8TX_171026_01_B04	Sncg
TCCCGATGTTATCCGA-L8TX_171026_01_A04	Sncg
GATGCTATCATAAAGG-L8TX_171026_01_C05	Sncg
GTATCTTCACACTGCG-L8TX_180907_01_G10	Sncg
GTAGTCAGTAAACACA-L8TX_180406_01_H02	Sncg
TCAGGTATCAGTACGT-L8TX_190312_01_F02	Sncg
CACAGGCGTGTAATGA-L8TX_181011_01_A03	Sncg
AAGACCTCAATGGACG-L8TX_180221_01_E09	Sncg
GACGCGTTCAGAGCTT-L8TX_180406_01_F02	Sncg
CTCGTCATCTGTTGAG-L8TX_171026_01_H04	Sncg
CAGGTGCGTCTTCTCG-L8TX_171026_01_H04	Sncg
TCCCGATTCATTTGGG-L8TX_180406_01_G02	Sncg
TCAGCTCGTCCGCTGA-L8TX_180406_01_C07	Sncg
AGTAGTCGTGACCAAG-L8TX_200625_02_G11	Sncg
AGAGCTTCATCAGTCA-L8TX_180221_01_A11	Sncg
TTCTACACATTGGGCC-L8TX_180406_01_E06	Sncg
TTTGGTTGTTCCACAA-L8TX_180829_01_E10	Sncg
CATGCCTTCTGACCTC-L8TX_200625_02_E11	Sncg
AAACCTGTCGGAATCT-L8TX_181011_01_C04	Sncg
TAAGAGACATGTTCCC-L8TX_171026_01_B04	Sncg
GCATGATTCTGAGGGA-L8TX_180115_01_C09	Sncg
GGAAAGCAGTTCGATC-L8TX_180221_01_C12	Sncg
ATGGGAGCAAACGTGG-L8TX_180406_01_F02	Sncg
TGGCCAGAGGGCACTA-L8TX_181012_01_C05	Sncg
CTTGGCTAGGTAGCCA-L8TX_180221_01_E09	Sncg
CGATTGATCGAATCCA-L8TX_180221_01_D10	Sncg
CTACCCACACCCATGG-L8TX_180712_01_B06	Sncg
CCTAGCTGTGGTACAG-L8TX_180406_01_C08	Sncg
AGGCCGTAGCAGCCTC-L8TX_180406_01_C06	Sncg
GAACATCAGCTAGGCA-L8TX_200625_02_G11	Sncg
CACAGTAGTACAAGTA-L8TX_180926_01_B01	Sncg
GCCTCTACAGCCACCA-L8TX_171026_01_D05	Sncg
AGATCTGTCGATAGAA-L8TX_180504_01_E01	Sncg
CTGCGGATCACCTCGT-L8TX_181011_01_B03	Sncg
CTGATAGGTAGCACGA-L8TX_180115_01_C11	Sncg
GTTCGGGTCAAGGCTT-L8TX_180712_01_A06	Sncg
CTGATCCGTCACAAGG-L8TX_190312_01_E02	Sncg
GGACAGACAAGCCATT-L8TX_180115_01_B11	Sncg
TGACAACTCAACGCTA-L8TX_171026_01_H05	Sncg
AGCTCTCGTATGCTTG-L8TX_171026_01_G03	Sncg
AAGGAGCAGATCTGCT-L8TX_181011_01_A03	Sncg
AGTCTTTCAGTCACTA-L8TX_180406_01_G07	Sncg
TCGTACCTCCCAAGTA-L8TX_180406_01_D02	Sncg
TTCGAAGTCATGGTCA-L8TX_180221_01_D09	Sncg
TAAGTGCGTGAAGGCT-L8TX_171026_01_F04	Sncg
TTTATGCTCAACGGCC-L8TX_171026_01_H03	Sncg
GTAACTGGTCATTAGC-L8TX_171026_01_C05	Sncg
ACGCCGATCGCCAGCA-L8TX_180406_01_C07	Sncg
CGGTTAATCTACTCAT-L8TX_180712_01_E05	Sncg
TCAGCTCCACCGATAT-L8TX_180221_01_C12	Sncg
CGTTAGATCTGTGCAA-L8TX_180907_01_F11	Sncg
GTGTGCGCAAGGTTCT-L8TX_190312_01_B02	Sncg
AACTTTCTCCACGTTC-L8TX_180115_01_H08	Sncg
AGAGTGGCACGTCTCT-L8TX_180829_01_D10	Sncg
CTGTTTACACCATCCT-L8TX_171026_01_H04	Sncg
GTGCGGTCATATGAGA-L8TX_180221_01_E09	Sncg
ATGTGTGGTTCGAATC-L8TX_180221_01_F11	Sncg
TCGAGGCAGTACCGGA-L8TX_181206_01_C12	Sncg
GAACATCCACTGTCGG-L8TX_180406_01_C01	Sncg
TTAGTTCGTCAAGCGA-L8TX_180406_01_H02	Sncg
CTAGAGTTCACTCTTA-L8TX_180829_01_E10	Sncg
CGATGGCGTCGCTTTC-L8TX_171026_01_A05	Sncg
AGCGTATCACTCGACG-L8TX_180115_01_G08	Sncg
CACCACTAGCGAGAAA-L8TX_180221_01_A12	Sncg
GTGTTAGCAATGGATA-L8TX_171026_01_B05	Sncg
CCGTGGATCGAGAGCA-L8TX_171026_01_D05	Sncg
GGAGCAACAGCTGTAT-L8TX_180221_01_F11	Sncg
GTTAAGCAGCCACCTG-L8TX_171026_01_G04	Sncg
TAGTGGTGTCAATACC-L8TX_180221_01_C09	Sncg
TATGCCCAGAGACTTA-L8TX_180115_01_D08	Sncg
AGCGTCGTCGGTTAAC-L8TX_180406_01_F06	Sncg
AACTCAGGTACGACCC-L8TX_180406_01_G02	Sncg
GACTGCGCATCACGAT-L8TX_171026_01_B05	Sncg
GAAGCAGTCGGTCCGA-L8TX_181011_01_H02	Sncg
TGAGGGAGTGTCGCTG-L8TX_180221_01_E10	Sncg
CTAAGACCAATCGAAA-L8TX_181206_01_F12	Sncg
CGGTTAACATTCCTCG-L8TX_181012_01_C05	Sncg
CGCTTCAAGGGTTTCT-L8TX_180221_01_B10	Sncg
GGTGCGTGTCTCACCT-L8TX_181206_01_H11	Sncg
TTGTAGGCAGACGCAA-L8TX_180221_01_A10	Sncg
ACTTACTGTAAATACG-L8TX_171026_01_B05	Sncg
GTTCGGGGTGCGAAAC-L8TX_180221_01_G10	Sncg
CACTCCACACATTCGA-L8TX_180115_01_D11	Sncg
AGCTCTCTCAGTTTGG-L8TX_180406_01_E02	Sncg
ACCCACTCATCGGGTC-L8TX_171120_01_D07	Sncg
ACATGGTCAAAGGAAG-L8TX_180221_01_F11	Sncg
TCATTACAGCGCCTCA-L8TX_180115_01_C11	Sncg
AGAGCTTTCCGAAGAG-L8TX_180926_01_F01	Sncg
GGCTGGTAGATCCGAG-L8TX_180115_01_H09	Sncg
AAGACCTCAGTACACT-L8TX_180926_01_E01	Sncg
GAGGTGAAGATAGGAG-L8TX_190312_01_A02	Sncg
CGATGTACAGAGCCAA-L8TX_190312_01_C01	Sncg
AGATCTGCAAGACACG-L8TX_171026_01_G03	Sncg
CGTGTCTTCACATACG-L8TX_190312_01_A03	Sncg
CCAGCGATCGAGGTAG-L8TX_180221_01_A11	Sncg
CCATGTCAGTGGTAAT-L8TX_180221_01_C09	Sncg
CTAGTGACACATAACC-L8TX_180115_01_C11	Sncg
GAAACTCCACGACGAA-L8TX_200625_02_G11	Sncg
TAAGTGCGTTCGGCAC-L8TX_180712_01_B06	Sncg
GGAACTTGTATAAACG-L8TX_171026_01_C05	Sncg
CGAGCACTCAAAGACA-L8TX_180406_01_D01	Sncg
ATAACGCGTTAAGAAC-L8TX_180406_01_D02	Sncg
TTGGCAACAAGCGATG-L8TX_180221_01_C09	Sncg
CGGTTAAGTAGCGCAA-L8TX_200625_02_E11	Sncg
ACACTGACATCATCCC-L8TX_180406_01_C06	Sncg
GTGCGGTTCGTCACGG-L8TX_180221_01_E10	Sncg
AACTCTTGTCAATGTC-L8TX_180406_01_C08	Sncg
CGTTGGGGTTCGCTAA-L8TX_180221_01_G10	Sncg
GCGCAACTCACCGTAA-L8TX_180221_01_B10	Sncg
CACCAGGCAACTTGAC-L8TX_181012_01_H04	Sncg
TACAGTGTCATGTCCC-L8TX_180221_01_A11	Sncg
TAGGCATGTCCATGAT-L8TX_180115_01_H09	Sncg
GTTCGGGCATCAGTCA-L8TX_180712_01_H05	Sncg
ATCTACTGTGTGAAAT-L8TX_180907_01_A12	Sncg
AGATTGCAGGCGATAC-L8TX_180221_01_D10	Sncg
TGAGAGGCAAGTACCT-L8TX_171120_01_G07	Sncg
TAGACCAGTATATGGA-L8TX_181011_01_H02	Sncg
ACACTGAGTGCCTGGT-L8TX_180712_01_H05	Sncg
CTTAACTTCCAACCAA-L8TX_180115_01_D09	Sncg
CGATGGCTCATTGCGA-L8TX_171026_01_F05	Sncg
GGACAGAGTGATGCCC-L8TX_180221_01_A11	Sncg
TAAGAGACACAGACTT-L8TX_180406_01_C08	Sncg
TGCGGGTTCATTCACT-L8TX_180115_01_G08	Sncg
GGCAATTTCTTGTATC-L8TX_180221_01_H09	Sncg
GCCAAATTCGCAGGCT-L8TX_180221_01_A12	Sncg
GTAGTCATCTTGTATC-L8TX_181012_01_E05	Sncg
TCACAAGCATGCATGT-L8TX_181011_01_G02	Sncg
TACTCATAGAGCTATA-L8TX_171026_01_F03	Sncg
AGAGCTTCATAGAAAC-L8TX_181012_01_G04	Sncg
GCCTCTATCTAACGGT-L8TX_180712_01_C06	Sncg
TATCAGGTCGGTGTCG-L8TX_180221_01_H09	Sncg
CGGACTGCACTACAGT-L8TX_180406_01_E07	Sncg
ATCCGAACAATGGACG-L8TX_180406_01_B06	Sncg
GATGCTAAGCAAATCA-L8TX_180115_01_D09	Sncg
AGCGTATAGCCCGAAA-L8TX_180221_01_A12	Sncg
ATGGGAGAGCGCCTTG-L8TX_190312_01_G02	Sncg
TCTCATACAGACTCGC-L8TX_180115_01_F10	Sncg
TACTTGTAGGGTCGAT-L8TX_171026_01_G03	Sncg
CGAGCACAGGCTAGCA-L8TX_180221_01_E10	Sncg
TTCGAAGAGGACGAAA-L8TX_180829_01_D09	Sncg
CTCGTACAGTTGAGTA-L8TX_180907_01_G10	Sncg
AACTCTTGTCTTGTCC-L8TX_180406_01_H02	Sncg
TATGCCCCACAAGTAA-L8TX_180406_01_E06	Sncg
AGCCTAATCACGGTTA-L8TX_171026_01_F04	Sncg
ACTGAGTAGCCCAATT-L8TX_180406_01_E02	Sncg
ACTTTCAGTCGGCATC-L8TX_180406_01_C01	Sncg
AGCAGCCGTTCCAACA-L8TX_180406_01_F06	Sncg
CCCAGTTGTCTCCCTA-L8TX_180907_01_G11	Sncg
TACTCGCAGACCACGA-L8TX_180406_01_D02	Sncg
ACAGCCGAGTGTACTC-L8TX_180221_01_E09	Sncg
GTGAAGGTCAGGCGAA-L8TX_180221_01_C10	Sncg
ACGCCGAAGGCTAGAC-L8TX_200625_02_E11	Sncg
TTTGCGCGTATCTGCA-L8TX_190312_01_D02	Sncg
GCAGTTATCCAGAGGA-L8TX_171026_01_F05	Sncg
GTATTCTGTTTAGCTG-L8TX_180406_01_B02	Sncg
CCACGGACAAGAGGCT-L8TX_180221_01_D09	Sncg
CACATTTGTGGTCCGT-L8TX_180221_01_D11	Sncg
CGTAGGCCAGCTGTTA-L8TX_190312_01_B02	Sncg
CTACACCAGCAAATCA-L8TX_180926_01_E12	Sncg
TCTCTAAGTATTCGTG-L8TX_180115_01_F11	Sncg
CTAAGACGTGTGACCC-L8TX_171026_01_F04	Sncg
GTACTCCGTCCGTCAG-L8TX_181206_01_D12	Sncg
CGTAGCGTCAACACAC-L8TX_180406_01_C07	Sncg
AGCGGTCAGGCTAGGT-L8TX_180221_01_H12	Sncg
GCGACCAGTATGCTTG-L8TX_181206_01_H11	Sncg
GCGACCATCCGCATAA-L8TX_171026_01_F03	Sncg
CCAGCGATCTGTCTCG-L8TX_180712_01_H05	Sncg
TCGCGTTCAGTTTACG-L8TX_180607_01_C05	Sncg
ATCCACCGTCCGTCAG-L8TX_181011_01_C03	Sncg
CATGGCGCATTCTCAT-L8TX_180221_01_H12	Sncg
ACGGGTCGTTACCAGT-L8TX_180221_01_G09	Sncg
CCACCTACATCGGGTC-L8TX_180115_01_C11	Sncg
CTCGGAGGTGCCTGTG-L8TX_180221_01_D10	Sncg
CACCAGGAGTGGTAGC-L8TX_180115_01_C10	Sncg
TGCTACCAGTTCGCGC-L8TX_180221_01_G09	Sncg
TATCAGGAGATAGGAG-L8TX_180712_01_E05	Sncg
TGGCTGGAGCAGCCTC-L8TX_171026_01_E05	Sncg
CGACCTTGTCTAGTGT-L8TX_180926_01_B01	Sncg
CCGGGATGTTCAGTAC-L8TX_171026_01_B04	Sncg
AGCTCTCCACGCATCG-L8TX_180115_01_B11	Sncg
AGCATACGTCGAACAG-L8TX_180406_01_B02	Sncg
TCAACGATCTGACCTC-L8TX_180406_01_C07	Sncg
TTGACTTCATACGCTA-L8TX_180406_01_E02	Sncg
ACTGATGCACCCATTC-L8TX_180221_01_E09	Sncg
TGAGGGATCGGAAACG-L8TX_190312_01_B02	Sncg
CTGCCTACATGGATGG-L8TX_190312_01_G02	Sncg
ACTTTCAGTTGAGGTG-L8TX_180115_01_D09	Sncg
TGGCTGGTCCTATGTT-L8TX_180221_01_C10	Sncg
GTGGGTCGTTGTACAC-L8TX_190312_01_G02	Sncg
TTCCCAGAGCACAGGT-L8TX_180221_01_B10	Sncg
TATCTCAAGAACAATC-L8TX_171026_01_H04	Sncg
TATTACCAGGGAGTAA-L8TX_181011_01_G02	Sncg
AGGGAGTCAAACCCAT-L8TX_180221_01_F10	Sncg
GACTGCGCAGTGGAGT-L8TX_180221_01_F11	Sncg
GGAACTTCACCTTGTC-L8TX_180221_01_D12	Sncg
GCGCAACAGCTAGCCC-L8TX_200625_02_F11	Sncg
GGGAATGAGTTGAGAT-L8TX_181206_01_A12	Sncg
AAGCCGCCATGGAATA-L8TX_171026_01_H04	Sncg
CCTTCCCCATGGATGG-L8TX_180406_01_B02	Sncg
CCTAAAGGTCTTCGTC-L8TX_171026_01_G05	L4_5_IT_CTX
GACTAACAGGTGACCA-L8TX_180221_01_H11	L4_5_IT_CTX
GGACAGAAGATCTGAA-L8TX_180406_01_C06	L4_5_IT_CTX
GCATACACAGTTCATG-L8TX_181011_01_H02	L4_5_IT_CTX
CTACCCAGTTATGTGC-L8TX_171026_01_A04	L4_5_IT_CTX
ATCCGAAGTCATACTG-L8TX_180712_01_B06	L4_5_IT_CTX
CAGTCCTTCCAAGCCG-L8TX_190312_01_B02	L4_5_IT_CTX
GACGGCTCATCCTTGC-L8TX_181206_01_F12	L4_5_IT_CTX
TGGCCAGAGGTCGGAT-L8TX_190312_01_C01	L4_5_IT_CTX
TTCTCCTAGGAGTAGA-L8TX_171026_01_H03	L4_5_IT_CTX
ACTGAGTCAGGATCGA-L8TX_171026_01_F04	L4_5_IT_CTX
GCACATATCAGGCAAG-L8TX_180712_01_G05	L4_5_IT_CTX
CCTACACGTTCATGGT-L8TX_171026_01_F03	L4_5_IT_CTX
TTTACTGCACCGAATT-L8TX_180926_01_D01	L4_5_IT_CTX
CCTATTACACAGATTC-L8TX_180115_01_C08	L4_5_IT_CTX
TCGTACCGTATGAATG-L8TX_180907_01_F11	L4_5_IT_CTX
TAGTTGGTCGGAAACG-L8TX_180712_01_A06	L4_5_IT_CTX
AACACGTAGCGACGTA-L8TX_171026_01_F05	L4_5_IT_CTX
CGAACATCAAGTCTGT-L8TX_181206_01_E12	L4_5_IT_CTX
GCTCTGTCATGGATGG-L8TX_180712_01_B06	L4_5_IT_CTX
GTAACGTAGCACAGGT-L8TX_180926_01_F01	L4_5_IT_CTX
CTCGTCATCATTGCCC-L8TX_181011_01_C03	L4_5_IT_CTX
CGTGAGCCAGATAATG-L8TX_180221_01_D10	L4_5_IT_CTX
AGACGTTAGAGTGACC-L8TX_180829_01_D09	L4_5_IT_CTX
CTGCTGTAGCCCGAAA-L8TX_180221_01_H10	L4_5_IT_CTX
TTTGTCAGTACCCAAT-L8TX_171120_01_F07	L4_5_IT_CTX
CGCTATCTCTGTTTGT-L8TX_180907_01_G11	L4_5_IT_CTX
TTTGTCACACATGTGT-L8TX_171026_01_B04	L4_5_IT_CTX
CCGGGATAGCGTTGCC-L8TX_180829_01_D10	L4_5_IT_CTX
CGGAGCTTCGGTGTTA-L8TX_180829_01_D10	L4_5_IT_CTX
GATGAAAAGTTAGCGG-L8TX_180221_01_H09	L4_5_IT_CTX
CAGTAACGTTGATTGC-L8TX_171026_01_G05	L4_5_IT_CTX
GACGTGCGTCATGCCG-L8TX_180221_01_G09	L4_5_IT_CTX
TTATGCTGTGATGATA-L8TX_180221_01_G10	L4_5_IT_CTX
CGCGTTTGTGCATCTA-L8TX_181206_01_A12	L4_5_IT_CTX
TTAGGACTCCAAGTAC-L8TX_171026_01_H05	L4_5_IT_CTX
AAATGCCGTAGCTAAA-L8TX_181206_01_D12	L4_5_IT_CTX
AGCGTCGCATCTATGG-L8TX_180221_01_D10	L4_5_IT_CTX
AAACCTGTCCTCATTA-L8TX_180907_01_E11	L4_5_IT_CTX
ACTTGTTTCGTCTGAA-L8TX_180115_01_E09	L4_5_IT_CTX
TATGCCCGTAGGACAC-L8TX_180115_01_A09	L4_5_IT_CTX
AGGTCCGAGCGTGAGT-L8TX_171120_01_G07	L4_5_IT_CTX
GGGTCTGCACGCTTTC-L8TX_180221_01_H12	L4_5_IT_CTX
AGCTCCTGTAGAAGGA-L8TX_180221_01_D10	L4_5_IT_CTX
TATGCCCTCAACGCTA-L8TX_190312_01_H01	L4_5_IT_CTX
ATGGGAGGTACCAGTT-L8TX_180907_01_G11	L4_5_IT_CTX
ACCGTAACATAGGATA-L8TX_180926_01_B01	L4_5_IT_CTX
CTGATCCAGATGTGGC-L8TX_180221_01_H09	L4_5_IT_CTX
CACATTTAGAGTGAGA-L8TX_180829_01_D09	L4_5_IT_CTX
ACTGAGTAGAGGTAGA-L8TX_180115_01_A10	L4_5_IT_CTX
GCTGCAGCAGTACACT-L8TX_190312_01_G02	L4_5_IT_CTX
GAACGGATCCGTCATC-L8TX_180907_01_G10	L4_5_IT_CTX
ACACCCTGTTTGTTTC-L8TX_171026_01_A04	L4_5_IT_CTX
AGCTTGACATACTACG-L8TX_181011_01_H03	L4_5_IT_CTX
CGAGCCACAGCTGGCT-L8TX_180926_01_D01	L4_5_IT_CTX
TCGGGACCATAGTAAG-L8TX_180115_01_E11	L4_5_IT_CTX
GCTGCTTGTACGACCC-L8TX_171026_01_H03	L4_5_IT_CTX
AAAGATGAGGTGGGTT-L8TX_171120_01_F07	L4_5_IT_CTX
CACATAGGTTACAGAA-L8TX_180926_01_F01	L4_5_IT_CTX
CTCACACTCTTAGCCC-L8TX_180221_01_E10	L4_5_IT_CTX
GACCAATAGTAGGCCA-L8TX_181206_01_A12	L4_5_IT_CTX
AACCGCGGTTCCTCCA-L8TX_180115_01_B09	L4_5_IT_CTX
GTGGGTCCAATCGAAA-L8TX_190312_01_A02	L4_5_IT_CTX
CACAGGCCATCCGCGA-L8TX_171026_01_G05	L4_5_IT_CTX
CAGAATCCATCCCACT-L8TX_180221_01_D11	L4_5_IT_CTX
GGGCACTAGAGCCTAG-L8TX_180926_01_B01	L4_5_IT_CTX
ACGCCGATCAACACTG-L8TX_180221_01_A10	L4_5_IT_CTX
AACTGGTAGACCTTTG-L8TX_171026_01_G03	L4_5_IT_CTX
CCTACCACAATGGATA-L8TX_171026_01_H05	L4_5_IT_CTX
GGACGTCCATCACGTA-L8TX_180907_01_G11	L4_5_IT_CTX
AAACCTGGTTCACGGC-L8TX_180221_01_G09	L4_5_IT_CTX
GGGATGAAGATGAGAG-L8TX_180406_01_C06	L4_5_IT_CTX
GCAGCCAGTTAAGTAG-L8TX_180221_01_H11	L4_5_IT_CTX
CAGCATAGTCCTAGCG-L8TX_181206_01_B12	L4_5_IT_CTX
ATTGGACAGAAACCTA-L8TX_171026_01_A04	L4_5_IT_CTX
GTACTTTCATCGGAAG-L8TX_180221_01_D11	L4_5_IT_CTX
CGACTTCGTGGGTCAA-L8TX_180115_01_H11	L4_5_IT_CTX
CGTGTCTAGCGTAGTG-L8TX_180115_01_F09	L4_5_IT_CTX
CTTAACTAGTGTTAGA-L8TX_181012_01_B05	L4_5_IT_CTX
GGCTCGATCGGTGTCG-L8TX_171026_01_G03	L4_5_IT_CTX
AAGCCGCAGCTGAACG-L8TX_180221_01_F09	L4_5_IT_CTX
CGCGTTTCACATCCAA-L8TX_181011_01_G02	L4_5_IT_CTX
AAACCTGTCGGGAGTA-L8TX_180829_01_D09	L4_5_IT_CTX
GACTGCGGTTCTCATT-L8TX_180829_01_E10	L4_5_IT_CTX
ACACCAACACATTAGC-L8TX_181011_01_B03	L4_5_IT_CTX
ACTTGTTTCCACGACG-L8TX_181206_01_B12	L4_5_IT_CTX
CGTCAGGAGGGTTCCC-L8TX_180115_01_G10	L4_5_IT_CTX
GGCCGATGTAAAGGAG-L8TX_180829_01_D09	L4_5_IT_CTX
CTGTGCTTCGTTGACA-L8TX_181206_01_H11	L4_5_IT_CTX
TGCTACCTCGCCTGAG-L8TX_171026_01_H03	L4_5_IT_CTX
CTCGGGAGTGAGTGAC-L8TX_171026_01_A04	L4_5_IT_CTX
GACAGAGCACCAGGCT-L8TX_171026_01_G03	L4_5_IT_CTX
CACACTCGTCTCAACA-L8TX_180712_01_H05	L4_5_IT_CTX
CTGATCCCAAATTGCC-L8TX_171026_01_E05	L4_5_IT_CTX
CGATGGCGTGTGGTTT-L8TX_190312_01_C01	L4_5_IT_CTX
TAAGCGTAGCTATGCT-L8TX_190312_01_B02	L4_5_IT_CTX
GCGCAACCAAGGCTCC-L8TX_190312_01_A02	L4_5_IT_CTX
CGGTTAAGTCAGCTAT-L8TX_180221_01_F10	L4_5_IT_CTX
CTGATAGGTCTTCTCG-L8TX_181011_01_H03	L4_5_IT_CTX
CAACTAGGTTACCGAT-L8TX_190312_01_G02	L4_5_IT_CTX
GGGATGAGTATCACCA-L8TX_181012_01_G04	L4_5_IT_CTX
CGAGCACCACGTGAGA-L8TX_190312_01_G02	L4_5_IT_CTX
CCGTTCACACGGTGTC-L8TX_180221_01_B12	L4_5_IT_CTX
CATCCACAGTCGTTTG-L8TX_180221_01_E11	L4_5_IT_CTX
CCTCTGATCCTTGCCA-L8TX_180829_01_D10	L4_5_IT_CTX
CCGTGGAAGACCACGA-L8TX_180221_01_E11	L4_5_IT_CTX
CGGGTCAAGGTGCACA-L8TX_181012_01_E05	L4_5_IT_CTX
CAAGGCCCACCGTTGG-L8TX_181206_01_H11	L4_5_IT_CTX
AACACGTCACTGTTAG-L8TX_180712_01_A06	L4_5_IT_CTX
GGAGCAAGTGTGTGCC-L8TX_180115_01_B09	L4_5_IT_CTX
TAAGAGAGTCAACTGT-L8TX_180829_01_D09	L4_5_IT_CTX
CCACTACGTAGCGCTC-L8TX_171026_01_F03	L4_5_IT_CTX
ATTTCTGGTTGGTTTG-L8TX_180115_01_F09	L4_5_IT_CTX
CGAACATCAGCAGTTT-L8TX_180221_01_A10	L4_5_IT_CTX
ACCCACTAGCGTGAGT-L8TX_180221_01_B12	L4_5_IT_CTX
TGAGGGAGTAAAGGAG-L8TX_180221_01_H09	L4_5_IT_CTX
GTACTCCTCATCGGAT-L8TX_190312_01_F01	L4_5_IT_CTX
GGCAATTTCTGTGCAA-L8TX_180712_01_G05	L4_5_IT_CTX
CCGTACTAGTGTCCAT-L8TX_180221_01_H10	L4_5_IT_CTX
CACATTTGTCTCTTAT-L8TX_171026_01_G05	L4_5_IT_CTX
ACAGCTACAAAGTCAA-L8TX_200611_02_A05	L4_5_IT_CTX
AGGTCATGTTGCTCCT-L8TX_181011_01_H02	L4_5_IT_CTX
CCACCTACAGATCGGA-L8TX_181206_01_F12	L4_5_IT_CTX
CCTAGCTTCGAATCCA-L8TX_180115_01_B10	L4_5_IT_CTX
TGCCCATCATCACCCT-L8TX_181206_01_F12	L4_5_IT_CTX
GCGAGAATCAACACTG-L8TX_180712_01_C06	L4_5_IT_CTX
TGGCGCACAGTGAGTG-L8TX_181206_01_F12	L4_5_IT_CTX
TGGTTAGCACAGATTC-L8TX_171120_01_H07	L4_5_IT_CTX
CACATAGAGGCATGTG-L8TX_180115_01_B10	L4_5_IT_CTX
CTGTTTACAACTTGAC-L8TX_180907_01_F10	L4_5_IT_CTX
CTCGGGAGTGACCAAG-L8TX_180221_01_H09	L4_5_IT_CTX
AGCTTGAAGCTAGTCT-L8TX_171026_01_C05	L4_5_IT_CTX
ATCTGCCGTCTAGCGC-L8TX_180221_01_F09	L4_5_IT_CTX
AGTGTCATCTCCAACC-L8TX_171026_01_G03	L4_5_IT_CTX
CTCTACGTCACAGTAC-L8TX_180115_01_C10	L4_5_IT_CTX
CCTACACCAGCCTGTG-L8TX_171026_01_A04	L4_5_IT_CTX
TCTATTGTCCGAACGC-L8TX_180115_01_E11	L4_5_IT_CTX
CCACCTATCTCTGCTG-L8TX_180221_01_H12	L4_5_IT_CTX
AAGCCGCGTACCTACA-L8TX_180907_01_G10	L4_5_IT_CTX
AGCTCTCTCATTGCCC-L8TX_171026_01_C05	L4_5_IT_CTX
GAACATCTCTCGTTTA-L8TX_180115_01_D10	L4_5_IT_CTX
CAACCTCCACCCATTC-L8TX_181011_01_G02	L4_5_IT_CTX
ATGCGATCAAACTGCT-L8TX_180926_01_E12	L4_5_IT_CTX
AAAGCAAGTGTGACGA-L8TX_180221_01_E10	L4_5_IT_CTX
CGGAGCTTCCAAAGTC-L8TX_171026_01_G05	L4_5_IT_CTX
CACAGTAAGAGCCTAG-L8TX_180926_01_B01	L4_5_IT_CTX
TGTATTCGTACTTGAC-L8TX_180907_01_G11	L4_5_IT_CTX
CACATTTAGTCCGGTC-L8TX_190312_01_C02	L4_5_IT_CTX
GTGGGTCGTTCGGGCT-L8TX_171026_01_A04	L4_5_IT_CTX
ATCACGACAAACAACA-L8TX_180712_01_G05	L4_5_IT_CTX
TGACAACCAAGTTCTG-L8TX_180221_01_D09	L4_5_IT_CTX
TGTTCCGCAAACTGTC-L8TX_181012_01_C05	L4_5_IT_CTX
CTCATTACATGCCCGA-L8TX_171026_01_A05	L4_5_IT_CTX
CACACCTTCTGGTATG-L8TX_180115_01_H10	L4_5_IT_CTX
TTGCGTCTCATCGGAT-L8TX_180115_01_G10	L4_5_IT_CTX
CTGCCTAAGAAACGAG-L8TX_180115_01_G10	L4_5_IT_CTX
CGTTCTGGTATTACCG-L8TX_181011_01_A03	L4_5_IT_CTX
CCTATTAAGAGTCGGT-L8TX_180926_01_D01	L4_5_IT_CTX
TATCTCAGTAAGAGGA-L8TX_181011_01_H03	L4_5_IT_CTX
CAGCGACTCCCGGATG-L8TX_180926_01_E12	L4_5_IT_CTX
CGTTAGAAGGTGATTA-L8TX_181206_01_F12	L4_5_IT_CTX
TCGGGACGTGGTTTCA-L8TX_180907_01_B12	L4_5_IT_CTX
TGTTCCGAGCACCGCT-L8TX_180829_01_D10	L4_5_IT_CTX
ACTTTCAAGTCGAGTG-L8TX_180829_01_D10	L4_5_IT_CTX
TACTTGTTCGGTCCGA-L8TX_200611_02_A05	L4_5_IT_CTX
AGCGTATAGACCTAGG-L8TX_171026_01_F04	L4_5_IT_CTX
GGGTCTGTCATCGGAT-L8TX_180221_01_H11	L4_5_IT_CTX
ATTGGACCAGATCCAT-L8TX_180115_01_B10	L4_5_IT_CTX
TAGAGCTAGTAGCGGT-L8TX_180607_01_C05	L4_5_IT_CTX
AGCAGCCTCTCGGACG-L8TX_171026_01_B05	L4_5_IT_CTX
TTTGTCATCAAGGTAA-L8TX_180829_01_D09	L4_5_IT_CTX
GTACGTATCTCTAGGA-L8TX_180115_01_H10	L4_5_IT_CTX
ATTGGTGGTCAAGCGA-L8TX_180712_01_C06	L4_5_IT_CTX
CTCTACGCACCCATTC-L8TX_171026_01_B04	L4_5_IT_CTX
TTAGTTCCACCCTATC-L8TX_180221_01_F10	L4_5_IT_CTX
TAGCCGGTCCAATGGT-L8TX_180712_01_B06	L4_5_IT_CTX
AGTGTCAGTTTAGCTG-L8TX_180221_01_D09	L4_5_IT_CTX
ACCAGTAAGGGAGTAA-L8TX_180907_01_F11	L4_5_IT_CTX
CACACTCTCTCTGTCG-L8TX_180712_01_B06	L4_5_IT_CTX
AGAGCGAAGATAGGAG-L8TX_171026_01_F03	L4_5_IT_CTX
CTGTGCTAGACTAGGC-L8TX_181011_01_B03	L4_5_IT_CTX
GGTGAAGAGCACAGGT-L8TX_171120_01_G07	L4_5_IT_CTX
TTCTACATCAGTTGAC-L8TX_171026_01_A04	L4_5_IT_CTX
GGACAGAAGAAGGACA-L8TX_180712_01_E05	L4_5_IT_CTX
GAATGAAAGAAGGTGA-L8TX_180829_01_D09	L4_5_IT_CTX
TGAGAGGAGCTATGCT-L8TX_181011_01_G02	L4_5_IT_CTX
TTCTTAGTCGTAGGTT-L8TX_190312_01_C02	L4_5_IT_CTX
GATGAAAAGCGTGAAC-L8TX_180406_01_C06	L4_5_IT_CTX
TGGCCAGGTTCCCTTG-L8TX_180712_01_B06	L4_5_IT_CTX
TCGCGTTGTCATGCAT-L8TX_180406_01_F01	L4_5_IT_CTX
CCTCTGAAGCTCAACT-L8TX_180907_01_B12	L4_5_IT_CTX
CCAGCGAAGCCAGTTT-L8TX_181206_01_E12	L4_5_IT_CTX
ACCCACTGTGTGCGTC-L8TX_171026_01_G04	L4_5_IT_CTX
ATGGGAGTCTTGCCGT-L8TX_171120_01_H07	L4_5_IT_CTX
ACCTTTATCAACACCA-L8TX_180926_01_D01	L4_5_IT_CTX
ACCAGTAAGCGTAATA-L8TX_180115_01_F10	L4_5_IT_CTX
CCGTACTCAGACACTT-L8TX_171120_01_D07	L4_5_IT_CTX
AGCCTAAAGATGTTAG-L8TX_180829_01_D10	L4_5_IT_CTX
TTGACTTGTGTGGCTC-L8TX_181206_01_C12	L4_5_IT_CTX
AGAGCTTTCAAACCGT-L8TX_190312_01_G02	L4_5_IT_CTX
ACCCACTCACAGCCCA-L8TX_180221_01_H09	L4_5_IT_CTX
TCGAGGCTCATGTCTT-L8TX_180115_01_E11	L4_5_IT_CTX
ATGTGTGCAAGACGTG-L8TX_180115_01_F11	L4_5_IT_CTX
GACGGCTAGGAGCGAG-L8TX_190312_01_F01	L4_5_IT_CTX
GGCGTGTAGTATGACA-L8TX_180221_01_A11	L4_5_IT_CTX
CATCGAAAGAGCTGCA-L8TX_180221_01_B12	L4_5_IT_CTX
AGGTCCGTCTTATCTG-L8TX_181012_01_H04	L4_5_IT_CTX
ACGTCAAGTAAGTGGC-L8TX_190312_01_C02	L4_5_IT_CTX
AGCGTCGCATGGGAAC-L8TX_180115_01_D10	L4_5_IT_CTX
CTACCCACAACACGCC-L8TX_180907_01_F11	L4_5_IT_CTX
AAGGCAGTCCAACCAA-L8TX_181206_01_F12	L4_5_IT_CTX
CACCTTGAGCCAACAG-L8TX_171026_01_B05	L4_5_IT_CTX
GGGAGATAGCTCCTTC-L8TX_181206_01_A12	L4_5_IT_CTX
ACATACGCAGATGAGC-L8TX_181011_01_H03	L4_5_IT_CTX
CCACGGAAGTGTCTCA-L8TX_190312_01_E02	L4_5_IT_CTX
CTTTGCGAGTGTTAGA-L8TX_171120_01_H07	L4_5_IT_CTX
AAAGATGTCTGTACGA-L8TX_171026_01_G03	L4_5_IT_CTX
ACGATGTCAATAGAGT-L8TX_180115_01_B11	L4_5_IT_CTX
GTACTCCAGTTAAGTG-L8TX_181206_01_B12	L4_5_IT_CTX
TCTTCGGTCTACTATC-L8TX_180221_01_H12	L4_5_IT_CTX
CTCAGAAAGATGTCGG-L8TX_171120_01_F07	L4_5_IT_CTX
GCACATAAGTTCGATC-L8TX_180221_01_A10	L4_5_IT_CTX
GTCCTCAGTAAACGCG-L8TX_180221_01_E09	L4_5_IT_CTX
GATCAGTAGGGATCTG-L8TX_180926_01_F01	L4_5_IT_CTX
GCGCCAACATCCTTGC-L8TX_171120_01_C07	L4_5_IT_CTX
AAAGATGAGGCAATTA-L8TX_181206_01_B12	L4_5_IT_CTX
CACCTTGGTACTTAGC-L8TX_181011_01_G02	L4_5_IT_CTX
GGGACCTTCAGTCCCT-L8TX_180406_01_F01	L4_5_IT_CTX
GTCCTCAAGCGCTCCA-L8TX_190312_01_G02	L4_5_IT_CTX
TACGGATCAACGATGG-L8TX_180221_01_G09	L4_5_IT_CTX
CACACAACACAGAGGT-L8TX_171026_01_A05	L4_5_IT_CTX
GTCACGGAGTGTACCT-L8TX_180221_01_A12	L4_5_IT_CTX
GGCGTGTGTAAACGCG-L8TX_171026_01_H03	L4_5_IT_CTX
GGAACTTGTGAAAGAG-L8TX_180221_01_B10	L4_5_IT_CTX
ACTTTCAAGTCAAGCG-L8TX_180221_01_G09	L4_5_IT_CTX
CTACACCTCGTAGATC-L8TX_180115_01_F08	L4_5_IT_CTX
CAGAATCCACAACTGT-L8TX_180221_01_A10	L4_5_IT_CTX
TCAGGATCAAACAACA-L8TX_181012_01_H04	L4_5_IT_CTX
GATGAAAGTTGATTCG-L8TX_180115_01_E11	L4_5_IT_CTX
GTCTTCGTCACTCCTG-L8TX_171120_01_E07	L4_5_IT_CTX
TCATTTGTCACGGTTA-L8TX_180221_01_C09	L4_5_IT_CTX
GCATACAAGACAGAGA-L8TX_171120_01_D07	L4_5_IT_CTX
GTGCTTCCAGTGGGAT-L8TX_181206_01_B12	L4_5_IT_CTX
TGCTGCTCACGTCTCT-L8TX_190312_01_E01	L4_5_IT_CTX
CGTAGGCAGCATCATC-L8TX_181012_01_C05	L4_5_IT_CTX
TTCTCCTCACCTGGTG-L8TX_181206_01_A12	L4_5_IT_CTX
TGTGTTTAGACACTAA-L8TX_171026_01_A04	L4_5_IT_CTX
CGCTTCAAGAGACTTA-L8TX_180926_01_B01	L4_5_IT_CTX
GGAATAATCAGAGGTG-L8TX_181012_01_E05	L4_5_IT_CTX
TACCTATCAATAGCGG-L8TX_180712_01_G05	L4_5_IT_CTX
ACGAGGAGTGCTCTTC-L8TX_180221_01_E10	L4_5_IT_CTX
TAGTGGTCAGGATCGA-L8TX_190312_01_A02	L4_5_IT_CTX
TCATTACCAGTAAGAT-L8TX_171026_01_C05	L4_5_IT_CTX
CCAGCGACAAAGTGCG-L8TX_171026_01_G04	L4_5_IT_CTX
AACTCCCGTACCAGTT-L8TX_180115_01_H10	L4_5_IT_CTX
TGAGAGGCACATGACT-L8TX_171026_01_G05	L4_5_IT_CTX
CGTCAGGAGTAGGTGC-L8TX_180115_01_G11	L4_5_IT_CTX
TGGGAAGCAAGCTGGA-L8TX_180115_01_G10	L4_5_IT_CTX
GCGCAACTCAGTCCCT-L8TX_171026_01_F03	L4_5_IT_CTX
CGATGTATCCTGCTTG-L8TX_190312_01_B02	L4_5_IT_CTX
ATCCGAACATGTCTCC-L8TX_171026_01_E05	L4_5_IT_CTX
TACACGATCTATCCTA-L8TX_171026_01_H03	L4_5_IT_CTX
CAGTCCTCACTCTGTC-L8TX_180712_01_B06	L4_5_IT_CTX
CCCAGTTCAAAGCGGT-L8TX_171026_01_F03	L4_5_IT_CTX
GAAACTCTCTACCAGA-L8TX_180221_01_E09	L4_5_IT_CTX
ACTGCTCAGTGACTCT-L8TX_171026_01_A05	L4_5_IT_CTX
CACACCTTCTTTACAC-L8TX_180926_01_C12	L4_5_IT_CTX
TGCACCTCACACATGT-L8TX_180115_01_H11	L4_5_IT_CTX
ATAACGCTCTGAAAGA-L8TX_180115_01_G09	L4_5_IT_CTX
AGAATAGGTGTCAATC-L8TX_180115_01_D09	L4_5_IT_CTX
ATTGGTGGTATCTGCA-L8TX_171026_01_B04	L4_5_IT_CTX
GCTTCCAAGAAGGTGA-L8TX_181206_01_F12	L4_5_IT_CTX
AGCGTATCACAGCCCA-L8TX_180829_01_D10	L4_5_IT_CTX
CTAACTTAGTACGATA-L8TX_180115_01_B09	L4_5_IT_CTX
TGCACCTAGGATGGTC-L8TX_181012_01_G04	L4_5_IT_CTX
GCGCGATCAGCGTTCG-L8TX_180221_01_A12	L4_5_IT_CTX
CAGCATAAGACTAAGT-L8TX_180115_01_D11	L4_5_IT_CTX
TTAGTTCAGATCGATA-L8TX_180829_01_E10	L4_5_IT_CTX
GATGCTAAGCCAGTAG-L8TX_180115_01_C11	L4_5_IT_CTX
CGGAGCTTCATCGATG-L8TX_180907_01_B11	L4_5_IT_CTX
TCGAGGCCATCCGTGG-L8TX_180221_01_E09	L4_5_IT_CTX
CGGACACAGCACAGGT-L8TX_180907_01_A12	L4_5_IT_CTX
TCGGGACTCCTGTAGA-L8TX_180221_01_F10	L4_5_IT_CTX
CACAAACAGTGTTAGA-L8TX_180829_01_D09	L4_5_IT_CTX
TACAGTGCAATCCAAC-L8TX_190312_01_B02	L4_5_IT_CTX
TCGCGAGTCGATAGAA-L8TX_171026_01_G04	L4_5_IT_CTX
ACATCAGAGCGTTTAC-L8TX_171026_01_G05	L4_5_IT_CTX
CAACCTCGTGTAATGA-L8TX_180907_01_F11	L4_5_IT_CTX
CAGTAACGTTACGTCA-L8TX_180712_01_C06	L4_5_IT_CTX
GACAGAGCACATCCGG-L8TX_180115_01_F10	L4_5_IT_CTX
CCAATCCAGACAGGCT-L8TX_181206_01_D12	L4_5_IT_CTX
ACCGTAAAGACTAAGT-L8TX_190312_01_F02	L4_5_IT_CTX
AGATTGCGTGTGGCTC-L8TX_181011_01_H02	L4_5_IT_CTX
GCAATCAAGTAACCCT-L8TX_180115_01_G11	L4_5_IT_CTX
ATAACGCAGCTAACAA-L8TX_171026_01_E05	L4_5_IT_CTX
ACACCGGCAACAACCT-L8TX_180221_01_B10	L4_5_IT_CTX
GGCAATTAGTACGCGA-L8TX_180221_01_C10	L4_5_IT_CTX
CGAGCCATCGGCGGTT-L8TX_181206_01_H11	L4_5_IT_CTX
ATTTCTGAGTACCGGA-L8TX_180712_01_G05	L4_5_IT_CTX
GTCGGGTGTAGGAGTC-L8TX_190312_01_C02	L4_5_IT_CTX
TCGCGTTTCATTGCCC-L8TX_171026_01_F05	L4_5_IT_CTX
GCGCAACTCACGACTA-L8TX_190312_01_C02	L4_5_IT_CTX
ACTGATGTCGGTCCGA-L8TX_171026_01_F05	L4_5_IT_CTX
GTCACGGAGTGTACTC-L8TX_171026_01_G04	L4_5_IT_CTX
CTGTGCTCACTAGTAC-L8TX_181011_01_B03	L4_5_IT_CTX
TTCCCAGGTGTGAAAT-L8TX_181206_01_C12	L4_5_IT_CTX
CCTTTCTTCCTGCCAT-L8TX_181012_01_G04	L4_5_IT_CTX
TATCAGGTCACCGTAA-L8TX_180712_01_C06	L4_5_IT_CTX
GGTGCGTTCGAGAGCA-L8TX_181012_01_G04	L4_5_IT_CTX
CGCTGGACAGGGTTAG-L8TX_180221_01_C12	L4_5_IT_CTX
GGAAAGCCACATTAGC-L8TX_171026_01_G03	L4_5_IT_CTX
TGCCCTAGTCTGCAAT-L8TX_180907_01_A12	L4_5_IT_CTX
CAGTAACCATATGGTC-L8TX_171026_01_F03	L4_5_IT_CTX
AAGACCTCACGGTAAG-L8TX_180712_01_A06	L4_5_IT_CTX
GGGTTGCTCTGGTATG-L8TX_180115_01_G09	L4_5_IT_CTX
CTACGTCGTGCAACTT-L8TX_181011_01_C04	L4_5_IT_CTX
CAAGAAAAGCTAACAA-L8TX_180221_01_G09	L4_5_IT_CTX
CCATTCGTCTTCAACT-L8TX_171026_01_C05	L4_5_IT_CTX
AGAATAGCAGTAACGG-L8TX_180907_01_B12	L4_5_IT_CTX
ATCGAGTGTTTGGCGC-L8TX_180221_01_H09	L4_5_IT_CTX
TAAGCGTTCCATGAGT-L8TX_180115_01_H10	L4_5_IT_CTX
GAGTCCGCAGACTCGC-L8TX_180926_01_B01	L4_5_IT_CTX
ATAGACCTCAAACCAC-L8TX_181206_01_H11	L4_5_IT_CTX
ATCGAGTCATGCGCAC-L8TX_171026_01_F04	L4_5_IT_CTX
GAACGGAGTGGTCTCG-L8TX_180907_01_B12	L4_5_IT_CTX
CAGGTGCAGTTGAGTA-L8TX_171026_01_H04	L4_5_IT_CTX
CCACTACTCCGCAGTG-L8TX_180504_01_E01	L4_5_IT_CTX
CTGTTTATCGCAGGCT-L8TX_181011_01_B03	L4_5_IT_CTX
CTCGAAAGTAAACGCG-L8TX_181206_01_F12	L4_5_IT_CTX
TCGTAGAAGTACGCGA-L8TX_180115_01_E11	L4_5_IT_CTX
TTCTACAGTGGCCCTA-L8TX_180221_01_H09	L4_5_IT_CTX
ACCAGTACAGTGAGTG-L8TX_180115_01_A11	L4_5_IT_CTX
TTTGGTTCAGTAGAGC-L8TX_180926_01_B01	L4_5_IT_CTX
CTTTGCGGTTTGTTTC-L8TX_180829_01_D10	L4_5_IT_CTX
CCGTGGACAGTTCCCT-L8TX_180221_01_C09	L4_5_IT_CTX
CTCGGGAAGATTACCC-L8TX_180607_01_C05	L4_5_IT_CTX
TGCTACCCATCTACGA-L8TX_180607_01_C05	L4_5_IT_CTX
CACCTTGCACATGTGT-L8TX_180115_01_A09	L4_5_IT_CTX
TCACAAGGTCGCGTGT-L8TX_180907_01_E11	L4_5_IT_CTX
AAATGCCTCCTTGACC-L8TX_180115_01_G09	L4_5_IT_CTX
ATAAGAGTCAGAGACG-L8TX_180115_01_B09	L4_5_IT_CTX
CGCGTTTTCACTTACT-L8TX_180221_01_A10	L4_5_IT_CTX
ACATCAGAGCTGAACG-L8TX_171026_01_H04	L4_5_IT_CTX
TCGCGTTGTTACGCGC-L8TX_171120_01_D07	L4_5_IT_CTX
CCTTACGTCTCGTATT-L8TX_180829_01_D10	L4_5_IT_CTX
TTAGTTCTCTCGTTTA-L8TX_180115_01_D11	L4_5_IT_CTX
CATGACAGTTAGAACA-L8TX_171120_01_G07	L4_5_IT_CTX
ATTGGTGCAACTGCTA-L8TX_171026_01_G05	L4_5_IT_CTX
GTTACAGTCGCGCCAA-L8TX_181011_01_H02	L4_5_IT_CTX
ACGGCCAAGCTAGTCT-L8TX_180221_01_C12	L4_5_IT_CTX
CTCGTACTCGCGGATC-L8TX_180712_01_G05	L4_5_IT_CTX
GCTGGGTGTGTTTGTG-L8TX_181011_01_H03	L4_5_IT_CTX
ATCCACCGTTACCAGT-L8TX_171026_01_H04	L4_5_IT_CTX
CTCGTACGTCTCACCT-L8TX_180406_01_B06	L4_5_IT_CTX
CCATTCGGTGTCTGAT-L8TX_181012_01_G04	L4_5_IT_CTX
GACGTTAAGCTAACTC-L8TX_171026_01_F03	L4_5_IT_CTX
TTTACTGCATGACGGA-L8TX_181206_01_A12	L4_5_IT_CTX
TGCGCAGGTCTTCTCG-L8TX_171120_01_E07	L4_5_IT_CTX
TGTCCCAAGGGCTTCC-L8TX_181012_01_G04	L4_5_IT_CTX
GAGGTGATCTTCTGGC-L8TX_171026_01_D05	L4_5_IT_CTX
GACTACAGTGGCAAAC-L8TX_190312_01_D02	L4_5_IT_CTX
GACCTGGGTCCTGCTT-L8TX_180926_01_E12	L4_5_IT_CTX
GGCTGGTAGATCCCGC-L8TX_181012_01_H04	L4_5_IT_CTX
CCATGTCTCTTACCTA-L8TX_171026_01_F03	L4_5_IT_CTX
CCTTTCTGTCGGCACT-L8TX_180907_01_F10	L4_5_IT_CTX
TCACAAGTCTCGATGA-L8TX_181011_01_H03	L4_5_IT_CTX
CATTCGCTCCGCGTTT-L8TX_180829_01_D10	L4_5_IT_CTX
ATCTACTCATGAAGTA-L8TX_190312_01_B02	L4_5_IT_CTX
GATGCTAAGTCCTCCT-L8TX_180221_01_B11	L4_5_IT_CTX
TAGGCATAGTGCGTGA-L8TX_190312_01_H01	L4_5_IT_CTX
GGTATTGAGCTTCGCG-L8TX_180221_01_B12	L4_5_IT_CTX
CCTTACGCACTACAGT-L8TX_190312_01_B01	L4_5_IT_CTX
GTTCGGGCACCGAATT-L8TX_171026_01_A05	L4_5_IT_CTX
ACACCCTAGTTGAGAT-L8TX_180115_01_A11	L4_5_IT_CTX
GTTTCTAAGCGCTCCA-L8TX_171026_01_A04	L4_5_IT_CTX
GGTGTTATCAACCAAC-L8TX_180115_01_H11	L4_5_IT_CTX
CAGCATATCGTTTGCC-L8TX_180115_01_B11	L4_5_IT_CTX
GCAATCATCAAACGGG-L8TX_171026_01_F03	L4_5_IT_CTX
AACTCAGAGCGTTGCC-L8TX_171026_01_F03	L4_5_IT_CTX
ACTATCTAGCGAGAAA-L8TX_181206_01_D12	L4_5_IT_CTX
TCGTACCCACATCTTT-L8TX_181206_01_D12	L4_5_IT_CTX
AACACGTAGTAGCGGT-L8TX_180115_01_E09	L4_5_IT_CTX
ATTATCCAGCCTATGT-L8TX_180712_01_H05	L4_5_IT_CTX
TGCTACCCATGTTGAC-L8TX_180221_01_C12	L4_5_IT_CTX
CAAGTTGTCAGCTTAG-L8TX_180115_01_G11	L4_5_IT_CTX
CTACACCGTTACGCGC-L8TX_190312_01_C02	L4_5_IT_CTX
TGGCTGGAGGGATGGG-L8TX_190312_01_D02	L4_5_IT_CTX
AATCGGTGTTAGTGGG-L8TX_171026_01_H04	L4_5_IT_CTX
CCAGCGAAGTGGTCCC-L8TX_181012_01_G04	L4_5_IT_CTX
AGTCTTTCATTAGCCA-L8TX_180221_01_C12	L4_5_IT_CTX
GGGACCTTCGCAGGCT-L8TX_180221_01_F09	L4_5_IT_CTX
GGTGCGTCAACACCCG-L8TX_180115_01_G11	L4_5_IT_CTX
GGTGAAGGTTGGTGGA-L8TX_180221_01_C10	L4_5_IT_CTX
CCGTGGACATCACGAT-L8TX_180406_01_B06	L4_5_IT_CTX
GACTACATCTTCGGTC-L8TX_171026_01_G05	L4_5_IT_CTX
GCTTGAAGTGAAGGCT-L8TX_180221_01_B11	L4_5_IT_CTX
GCTGCAGGTTTACTCT-L8TX_181012_01_H04	L4_5_IT_CTX
GTGCAGCAGGATGGAA-L8TX_180907_01_F10	L4_5_IT_CTX
GGGTCTGTCTTAGAGC-L8TX_180221_01_C10	L4_5_IT_CTX
GACGTGCCAGTATGCT-L8TX_180712_01_E05	L4_5_IT_CTX
GCTTGAAAGGACATTA-L8TX_180926_01_D01	L4_5_IT_CTX
CTTCTCTCAACAACCT-L8TX_180907_01_B11	L4_5_IT_CTX
CGTGAGCGTGGGTCAA-L8TX_181011_01_H02	L4_5_IT_CTX
CGAGCACCATCACCCT-L8TX_181206_01_A12	L4_5_IT_CTX
GGTGCGTTCTGGCGTG-L8TX_180829_01_D10	L4_5_IT_CTX
CGACCTTGTCTCACCT-L8TX_180115_01_C08	L4_5_IT_CTX
GTTCTCGGTACTTGAC-L8TX_180907_01_F10	L4_5_IT_CTX
GACCAATTCTTACCGC-L8TX_180926_01_B01	L4_5_IT_CTX
CAACCTCTCATATCGG-L8TX_181012_01_G04	L4_5_IT_CTX
GATGAGGTCATTGCCC-L8TX_180907_01_G10	L4_5_IT_CTX
TGTGTTTTCGAATCCA-L8TX_171120_01_D07	L4_5_IT_CTX
CGAGAAGTCCAATGGT-L8TX_180829_01_E10	L4_5_IT_CTX
TACTTGTAGGGCACTA-L8TX_180829_01_D09	L4_5_IT_CTX
ACTGATGAGAATGTGT-L8TX_181011_01_A03	L4_5_IT_CTX
CTCGAAACAGTAGAGC-L8TX_180221_01_C09	L4_5_IT_CTX
GTTAAGCTCCGTAGGC-L8TX_180607_01_C05	L4_5_IT_CTX
TACTCATAGACTCGGA-L8TX_180907_01_H11	L4_5_IT_CTX
CCGTGGAGTCACTTCC-L8TX_171026_01_F04	L4_5_IT_CTX
TCGGTAATCGCACTCT-L8TX_180221_01_D11	L4_5_IT_CTX
ATTGGACCAAGCGATG-L8TX_171026_01_A05	L4_5_IT_CTX
GACACGCCATTAGGCT-L8TX_180829_01_D10	L4_5_IT_CTX
GTCTCGTGTAACGACG-L8TX_180115_01_F11	L4_5_IT_CTX
TTTGCGCGTAGATTAG-L8TX_180926_01_B01	L4_5_IT_CTX
CTCTGGTCATGCCTTC-L8TX_180115_01_G11	L4_5_IT_CTX
CCTAAAGGTGACCAAG-L8TX_181011_01_H02	L4_5_IT_CTX
TCTGGAATCTTGTACT-L8TX_180115_01_C11	L4_5_IT_CTX
CTCGAGGAGCAAATCA-L8TX_180829_01_D09	L4_5_IT_CTX
CGGGTCATCTGGAGCC-L8TX_180221_01_C10	L4_5_IT_CTX
AGATTGCAGATTACCC-L8TX_171026_01_A05	L4_5_IT_CTX
ACACCGGTCTCTGAGA-L8TX_180926_01_E01	L4_5_IT_CTX
TGAGAGGCAGCTGTTA-L8TX_180115_01_A10	L4_5_IT_CTX
GTAGTCATCGAATCCA-L8TX_181011_01_B03	L4_5_IT_CTX
GTTACAGTCCGTAGGC-L8TX_180221_01_B10	L4_5_IT_CTX
GGCTCGATCACGAAGG-L8TX_171120_01_E07	L4_5_IT_CTX
TGACAACTCCTTGACC-L8TX_180907_01_F10	L4_5_IT_CTX
GGTATTGAGGCTCATT-L8TX_180907_01_E11	L4_5_IT_CTX
CCACTACAGCGCCTCA-L8TX_180829_01_D09	L4_5_IT_CTX
CTCTAATGTGTGTGCC-L8TX_180115_01_G11	L4_5_IT_CTX
CGAGAAGTCTGCGACG-L8TX_181012_01_H04	L4_5_IT_CTX
TGGGAAGAGTGGGCTA-L8TX_171026_01_G04	L4_5_IT_CTX
GGACAGAAGCACGCCT-L8TX_171026_01_B05	L4_5_IT_CTX
GGTGAAGAGACATAAC-L8TX_180221_01_C11	L4_5_IT_CTX
TCGGTAATCTCACATT-L8TX_180607_01_C05	L4_5_IT_CTX
CGAATGTGTCGAATCT-L8TX_180115_01_D11	L4_5_IT_CTX
AGTAGTCGTTGGACCC-L8TX_180221_01_H12	L4_5_IT_CTX
TAGTTGGTCCAAATGC-L8TX_180907_01_B12	L4_5_IT_CTX
CCTAGCTCATAGAAAC-L8TX_180926_01_F01	L4_5_IT_CTX
TGGTTAGGTTTACTCT-L8TX_181206_01_A12	L4_5_IT_CTX
GTCTTCGAGGTGCTAG-L8TX_181012_01_C05	L4_5_IT_CTX
CAGTAACGTGATGATA-L8TX_181206_01_A12	L4_5_IT_CTX
GATTCAGCAGTACACT-L8TX_180926_01_B01	L4_5_IT_CTX
CATATGGAGCGATATA-L8TX_171026_01_C05	L4_5_IT_CTX
CTAGCCTTCCATGAAC-L8TX_180115_01_H10	L4_5_IT_CTX
CTCTGGTGTGAACCTT-L8TX_181011_01_C04	L4_5_IT_CTX
GTGCTTCTCCTTAATC-L8TX_180221_01_C09	L4_5_IT_CTX
GGGATGAGTAGCCTAT-L8TX_181011_01_C03	L4_5_IT_CTX
ACGGCCATCCAAAGTC-L8TX_181206_01_E12	L4_5_IT_CTX
ACGAGGAGTACAGACG-L8TX_180712_01_B06	L4_5_IT_CTX
TCTGGAATCGGGAGTA-L8TX_171026_01_F05	L4_5_IT_CTX
CGTAGGCTCACCACCT-L8TX_180115_01_B11	L4_5_IT_CTX
ACCAGTAAGCCAGAAC-L8TX_181206_01_F12	L4_5_IT_CTX
TGAGGGAAGATCTGAA-L8TX_171026_01_G03	L4_5_IT_CTX
ACGGGCTCACAGATTC-L8TX_171026_01_C05	L4_5_IT_CTX
CCACGGAAGAGTGACC-L8TX_180221_01_C12	L4_5_IT_CTX
TTGGAACCACAGTCGC-L8TX_180115_01_E09	L4_5_IT_CTX
GACTGCGGTGTTTGTG-L8TX_180907_01_G10	L4_5_IT_CTX
GTACTTTGTTGCTCCT-L8TX_180221_01_C12	L4_5_IT_CTX
TCTCATAAGGCTACGA-L8TX_181206_01_D12	L4_5_IT_CTX
CCTAGCTTCAGCTCTC-L8TX_190312_01_C02	L4_5_IT_CTX
TTTATGCTCTTGCATT-L8TX_180115_01_B09	L4_5_IT_CTX
TCATTTGCACGCCAGT-L8TX_180115_01_E10	L4_5_IT_CTX
CATTATCTCGTGGACC-L8TX_171026_01_G04	L4_5_IT_CTX
CTGCGGAAGACTCGGA-L8TX_181011_01_G02	L4_5_IT_CTX
TCTCATACAATGAAAC-L8TX_171026_01_E05	L4_5_IT_CTX
AGCTCTCAGAAGGTGA-L8TX_180115_01_D10	L4_5_IT_CTX
CAGCGACAGAAGCCCA-L8TX_181011_01_C04	L4_5_IT_CTX
AGGGATGAGGGTTCCC-L8TX_180607_01_C05	L4_5_IT_CTX
GACCTGGCACAGTCGC-L8TX_171120_01_D07	L4_5_IT_CTX
ATCATCTAGTCAAGCG-L8TX_190312_01_A02	L4_5_IT_CTX
CTCTAATCAAAGGCGT-L8TX_190312_01_A02	L4_5_IT_CTX
TTAGGCACAGTTCCCT-L8TX_180221_01_D11	L4_5_IT_CTX
TTGACTTGTCAAACTC-L8TX_180221_01_E09	L4_5_IT_CTX
CAACTAGCAACGATGG-L8TX_180115_01_F09	L4_5_IT_CTX
ATTTCTGCATATACGC-L8TX_180221_01_G11	L4_5_IT_CTX
CACATAGGTAGGGACT-L8TX_171026_01_H03	L4_5_IT_CTX
CGATCGGCATATACGC-L8TX_180829_01_D09	L4_5_IT_CTX
CACCTTGTCACAATGC-L8TX_181206_01_C12	L4_5_IT_CTX
CCAGCGAGTACTCAAC-L8TX_171026_01_B05	L4_5_IT_CTX
ACTATCTCAGTACACT-L8TX_181206_01_D12	L4_5_IT_CTX
AGGTCATGTATATCCG-L8TX_180221_01_B10	L4_5_IT_CTX
ACTTGTTAGACTTGAA-L8TX_190312_01_D02	L4_5_IT_CTX
GATCAGTAGGCCCTCA-L8TX_180115_01_H09	L4_5_IT_CTX
GGTATTGCATGCCCGA-L8TX_180907_01_H11	L4_5_IT_CTX
AGTGTCAAGAAGAAGC-L8TX_190312_01_A02	L4_5_IT_CTX
CGGAGCTGTGACGGTA-L8TX_171026_01_D05	L4_5_IT_CTX
TGAAAGAGTGCACTTA-L8TX_180907_01_E11	L4_5_IT_CTX
ATTACTCAGACAAAGG-L8TX_171120_01_H07	L4_5_IT_CTX
TAGAGCTGTATGAATG-L8TX_180406_01_E06	L4_5_IT_CTX
CGGGTCAAGCATGGCA-L8TX_171026_01_H04	L4_5_IT_CTX
ACTTACTTCACATGCA-L8TX_181011_01_B03	L4_5_IT_CTX
ACGAGGAAGCACCGTC-L8TX_180221_01_B10	L4_5_IT_CTX
AAGGCAGCAAGACACG-L8TX_190312_01_A02	L4_5_IT_CTX
CCCAGTTTCTGATACG-L8TX_181206_01_H11	L4_5_IT_CTX
TAAGCGTGTGACGGTA-L8TX_171026_01_E05	L4_5_IT_CTX
GGGTCTGCAGACAAGC-L8TX_180907_01_G11	L4_5_IT_CTX
GTCGGGTCAGAGCCAA-L8TX_171026_01_F04	L4_5_IT_CTX
AAGTCTGAGTGGGATC-L8TX_180221_01_C11	L4_5_IT_CTX
ACTTACTAGCCCAACC-L8TX_171026_01_D05	L4_5_IT_CTX
CTGCGGAGTGGAAAGA-L8TX_180406_01_F02	L4_5_IT_CTX
CGCTTCACAGGTGCCT-L8TX_180221_01_C12	L4_5_IT_CTX
CAGCCGATCTCCGGTT-L8TX_180115_01_G10	L4_5_IT_CTX
GTACGTAGTGAGTATA-L8TX_180712_01_E05	L4_5_IT_CTX
CGGACGTAGTAATCCC-L8TX_180907_01_F10	L4_5_IT_CTX
TCGCGTTAGTTTCCTT-L8TX_180115_01_G11	L4_5_IT_CTX
GTATCTTTCCGTAGGC-L8TX_181206_01_B12	L4_5_IT_CTX
AACTTTCAGACGCTTT-L8TX_190312_01_C01	L4_5_IT_CTX
CGAGCACCATGGTCAT-L8TX_171026_01_F03	L4_5_IT_CTX
TCAGCAATCCATGAAC-L8TX_180115_01_G08	L4_5_IT_CTX
CCCATACAGGCGATAC-L8TX_180221_01_F10	L4_5_IT_CTX
ATTATCCAGGTGTTAA-L8TX_180115_01_F10	L4_5_IT_CTX
CATGCCTCAGTCTTCC-L8TX_180115_01_H10	L4_5_IT_CTX
TGGGCGTTCTCGCATC-L8TX_181206_01_H11	L4_5_IT_CTX
TGACTAGAGACGCTTT-L8TX_180406_01_H02	L4_5_IT_CTX
TCGGGACAGTGATCGG-L8TX_181206_01_B12	L4_5_IT_CTX
GTGCGGTTCGCTTAGA-L8TX_180115_01_H10	L4_5_IT_CTX
CGTGTAACAATGAATG-L8TX_180115_01_B09	L4_5_IT_CTX
GATCAGTCAGGACGTA-L8TX_180926_01_E01	L4_5_IT_CTX
ACAGCTACAAGGGTCA-L8TX_171026_01_G04	L4_5_IT_CTX
GCATGTAAGTGTTAGA-L8TX_180221_01_F10	L4_5_IT_CTX
GCAGTTAGTCGCGAAA-L8TX_180221_01_D10	L4_5_IT_CTX
CTTTGCGCATATGAGA-L8TX_181012_01_E05	L4_5_IT_CTX
CTCGAAAAGGTTCCTA-L8TX_180504_01_E01	L4_5_IT_CTX
GTCCTCAAGGAATGGA-L8TX_180926_01_E01	L4_5_IT_CTX
TACCTTAAGCGATAGC-L8TX_180115_01_E08	L4_5_IT_CTX
CTGCTGTGTATAAACG-L8TX_181206_01_A12	L4_5_IT_CTX
GGACGTCGTGTAACGG-L8TX_180115_01_B09	L4_5_IT_CTX
ACTATCTGTGTAACGG-L8TX_171120_01_H07	L4_5_IT_CTX
TACTCGCGTTTACTCT-L8TX_181206_01_D12	L4_5_IT_CTX
CGAGCCAAGGGAACGG-L8TX_190312_01_D02	L4_5_IT_CTX
CTGCGGACAGAAGCAC-L8TX_180221_01_A10	L4_5_IT_CTX
ATGAGGGGTGTGCGTC-L8TX_180115_01_B11	L4_5_IT_CTX
TTAGGACCATGGTAGG-L8TX_180221_01_E09	L4_5_IT_CTX
CGCTATCAGGAATTAC-L8TX_180926_01_E12	L4_5_IT_CTX
TGGGCGTCATTAGGCT-L8TX_180115_01_B09	L4_5_IT_CTX
CGTCCATGTTCTCATT-L8TX_180115_01_B09	L4_5_IT_CTX
GTGTTAGTCAGCGACC-L8TX_180221_01_H10	L4_5_IT_CTX
GTCTCGTGTGTATGGG-L8TX_180221_01_A10	L4_5_IT_CTX
AGGGATGGTTAAGTAG-L8TX_180115_01_B11	L4_5_IT_CTX
CTCGTCACACGGCCAT-L8TX_171026_01_F03	L4_5_IT_CTX
AGAGCTTGTCGAACAG-L8TX_180221_01_B10	L4_5_IT_CTX
CCTCAGTCAATCAGAA-L8TX_181011_01_H03	L4_5_IT_CTX
ACCAGTACACAACGCC-L8TX_180406_01_F02	L4_5_IT_CTX
GCGGGTTAGGCATGTG-L8TX_180221_01_B10	L4_5_IT_CTX
CAGCAGCTCAGTCCCT-L8TX_190312_01_G02	L4_5_IT_CTX
TGTATTCAGGGATCTG-L8TX_171026_01_G04	L4_5_IT_CTX
TCCACACGTTAAGATG-L8TX_180221_01_E10	L4_5_IT_CTX
CGTGTCTCAGTTCATG-L8TX_190312_01_H01	L4_5_IT_CTX
CGGGTCAGTAAGTAGT-L8TX_171026_01_F04	L4_5_IT_CTX
TGGCCAGCAGACGCCT-L8TX_171026_01_D05	L4_5_IT_CTX
TGACGGCGTGAACCTT-L8TX_171026_01_G03	L4_5_IT_CTX
TTTGGTTCAAACGTGG-L8TX_180221_01_C11	L4_5_IT_CTX
AAGTCTGTCCACGACG-L8TX_180221_01_G10	L4_5_IT_CTX
CCCTCCTGTTCGTGAT-L8TX_180712_01_B06	L4_5_IT_CTX
CCTACCAAGGGAACGG-L8TX_180829_01_E10	L4_5_IT_CTX
TCTCTAAAGTAGCCGA-L8TX_180221_01_D09	L4_5_IT_CTX
CACCAGGCACCGAATT-L8TX_180115_01_E09	L4_5_IT_CTX
TGGCCAGGTCTGCAAT-L8TX_180712_01_G05	L4_5_IT_CTX
AGCATACCAGCTGGCT-L8TX_171026_01_F03	L4_5_IT_CTX
GTATTCTTCTGCAAGT-L8TX_171026_01_F04	L4_5_IT_CTX
TACACGAAGCAAATCA-L8TX_180829_01_E10	L4_5_IT_CTX
GTCCTCATCGCGATCG-L8TX_180406_01_B06	L4_5_IT_CTX
TTATGCTCATAGGATA-L8TX_171026_01_H04	L4_5_IT_CTX
TTTGTCAGTAAGCACG-L8TX_180115_01_F11	L4_5_IT_CTX
ATTACTCGTTCAGGCC-L8TX_180221_01_B10	L4_5_IT_CTX
GCACTCTAGCGTGTCC-L8TX_171026_01_D05	L4_5_IT_CTX
TGGCCAGGTAGCCTCG-L8TX_181012_01_C05	L4_5_IT_CTX
AAAGATGGTCCATCCT-L8TX_180829_01_D09	L4_5_IT_CTX
CGGACGTCAACGCACC-L8TX_181206_01_D12	L4_5_IT_CTX
CTACGTCCACCAGCAC-L8TX_180907_01_F10	L4_5_IT_CTX
CCACCTACATACTACG-L8TX_190312_01_D02	L4_5_IT_CTX
CACACTCGTCTCCCTA-L8TX_180115_01_H09	L4_5_IT_CTX
ACGGAGAAGATCTGAA-L8TX_171026_01_F05	L4_5_IT_CTX
ACGATACAGAACTGTA-L8TX_171026_01_G05	L4_5_IT_CTX
AAAGCAAAGTGGGCTA-L8TX_180221_01_E10	L4_5_IT_CTX
GCAGTTAGTCGTGGCT-L8TX_171026_01_F03	L4_5_IT_CTX
TCAGGTACACATCCGG-L8TX_181206_01_E12	L4_5_IT_CTX
CTAGTGAAGACCTAGG-L8TX_181011_01_C03	L4_5_IT_CTX
CAACCTCTCCCAGGTG-L8TX_180221_01_A12	L4_5_IT_CTX
TTCTACAGTCAGCTAT-L8TX_180907_01_G11	L4_5_IT_CTX
TCGCGTTCAAGTCATC-L8TX_180926_01_F01	L4_5_IT_CTX
ACGGGCTCAAAGGCGT-L8TX_181206_01_F12	L4_5_IT_CTX
TCACAAGAGATCCTGT-L8TX_171026_01_G04	L4_5_IT_CTX
CTTCTCTGTAAATACG-L8TX_180712_01_A06	L4_5_IT_CTX
CGGCTAGAGAGGACGG-L8TX_171026_01_F05	L4_5_IT_CTX
TGCACCTTCGTCGTTC-L8TX_180712_01_C06	L4_5_IT_CTX
ATGGGAGCAGATGAGC-L8TX_181012_01_E05	L4_5_IT_CTX
GAAACTCAGGCGATAC-L8TX_181012_01_H04	L4_5_IT_CTX
CGTCAGGGTGCGAAAC-L8TX_171026_01_G05	L4_5_IT_CTX
CCATTCGCATCCCATC-L8TX_181012_01_E05	L4_5_IT_CTX
GTATCTTGTTATGCGT-L8TX_171026_01_A05	L4_5_IT_CTX
GTACTTTGTCGCGTGT-L8TX_180221_01_E11	L4_5_IT_CTX
TCTATTGTCCCATTTA-L8TX_181011_01_A03	L4_5_IT_CTX
AAGTCTGGTACCAGTT-L8TX_171026_01_F05	L4_5_IT_CTX
ACGGGTCTCATGCAAC-L8TX_180221_01_F11	L4_5_IT_CTX
AGCTCTCTCGCTTGTC-L8TX_171026_01_H03	L4_5_IT_CTX
AACTGGTCAAACCTAC-L8TX_180115_01_A09	L4_5_IT_CTX
TTCGAAGTCGGAAATA-L8TX_180115_01_A11	L4_5_IT_CTX
CTGTGCTAGTTACGGG-L8TX_181011_01_G02	L4_5_IT_CTX
CGCTGGACAAGGACAC-L8TX_181206_01_A12	L4_5_IT_CTX
GGCCGATTCGCCAGCA-L8TX_180221_01_D09	L4_5_IT_CTX
GAACCTAGTAAGGGAA-L8TX_171026_01_F03	L4_5_IT_CTX
ATGAGGGGTAAGTGTA-L8TX_181012_01_E05	L4_5_IT_CTX
ACACCAAAGGACTGGT-L8TX_180907_01_E11	L4_5_IT_CTX
AGCTCCTTCCTCTAGC-L8TX_171026_01_A05	L4_5_IT_CTX
GTTCGGGCATTTGCCC-L8TX_171026_01_D05	L4_5_IT_CTX
CATGCCTCACGGTTTA-L8TX_181012_01_E05	L4_5_IT_CTX
CGGTTAACAACTGCTA-L8TX_171120_01_C07	L4_5_IT_CTX
TGACAACTCTTATCTG-L8TX_180926_01_E12	L4_5_IT_CTX
GTTACAGAGATCCTGT-L8TX_180406_01_F02	L4_5_IT_CTX
CAGGTGCGTGTGAAAT-L8TX_171026_01_B05	L4_5_IT_CTX
AGGTCATGTCCCTTGT-L8TX_180221_01_B11	L4_5_IT_CTX
TGGACGCAGATCCCGC-L8TX_171026_01_E05	L4_5_IT_CTX
TGCGTGGTCGTGGTCG-L8TX_180712_01_G05	L4_5_IT_CTX
GGGATGAAGCACAGGT-L8TX_171120_01_C07	L4_5_IT_CTX
CTCGGAGAGAAGGACA-L8TX_180115_01_B11	L4_5_IT_CTX
TAGACCAAGGGCTTGA-L8TX_180907_01_G11	L4_5_IT_CTX
CAGCGACTCATTCACT-L8TX_180221_01_E11	L4_5_IT_CTX
CACACTCCAGACAAAT-L8TX_180829_01_E10	L4_5_IT_CTX
TCATTACCATTTGCTT-L8TX_171026_01_G04	L4_5_IT_CTX
CTCCTAGCATGTTCCC-L8TX_180607_01_C05	L4_5_IT_CTX
AAGCCGCAGATCACGG-L8TX_180907_01_B12	L4_5_IT_CTX
TTGCCGTGTGCGAAAC-L8TX_181206_01_D12	L4_5_IT_CTX
TAGTTGGCATCCGTGG-L8TX_190312_01_A03	L4_5_IT_CTX
TAAGTGCAGCCGTCGT-L8TX_171026_01_H04	L4_5_IT_CTX
TCGTAGACAGTATCTG-L8TX_180829_01_E10	L4_5_IT_CTX
GTCACGGGTCAATACC-L8TX_180221_01_D09	L4_5_IT_CTX
ACTATCTGTTGAACTC-L8TX_180221_01_D12	L4_5_IT_CTX
CTTACCGAGTACGCCC-L8TX_180829_01_D10	L4_5_IT_CTX
TTGCCGTGTTCAGACT-L8TX_180115_01_B09	L4_5_IT_CTX
GGCTCGAAGTGAAGAG-L8TX_171026_01_B04	L4_5_IT_CTX
GTTCTCGGTCACCTAA-L8TX_180115_01_H09	L4_5_IT_CTX
AACTCAGTCTGTCCGT-L8TX_180829_01_D10	L4_5_IT_CTX
GCAGTTAAGTGGCACA-L8TX_181011_01_H02	L4_5_IT_CTX
TGCCCTAGTGCGCTTG-L8TX_190312_01_E01	L4_5_IT_CTX
GTATCTTCATACTACG-L8TX_190312_01_B01	L4_5_IT_CTX
GCGAGAAAGGTGCTAG-L8TX_190312_01_H01	L4_5_IT_CTX
ATCATCTTCGTAGGTT-L8TX_180221_01_C11	L4_5_IT_CTX
TCACAAGAGTGAACGC-L8TX_171026_01_F03	L4_5_IT_CTX
CAAGAAACAAGCGATG-L8TX_180221_01_B10	L4_5_IT_CTX
CTACACCTCCTTGGTC-L8TX_180115_01_E09	L4_5_IT_CTX
TCTATTGGTTCCGGCA-L8TX_180406_01_C06	L4_5_IT_CTX
TGAAAGACATCTATGG-L8TX_180221_01_F10	L4_5_IT_CTX
GATCGTACAGACAAAT-L8TX_180907_01_H11	L4_5_IT_CTX
ACTTACTAGCAACGGT-L8TX_180115_01_H08	L4_5_IT_CTX
GCTTCCATCGCCATAA-L8TX_171026_01_B04	L2_3_IT_CTX
CCATTCGCACGCGAAA-L8TX_171026_01_F03	L2_3_IT_CTX
CATGACAGTGTATGGG-L8TX_181012_01_C05	L2_3_IT_CTX
GCCTCTACAGGTGGAT-L8TX_180926_01_D01	L2_3_IT_CTX
GGGAGATGTCCCGACA-L8TX_180115_01_A11	L2_3_IT_CTX
GTGAAGGCAAGCCATT-L8TX_171026_01_G04	L2_3_IT_CTX
GACGTTAAGAGTACCG-L8TX_180712_01_E05	L2_3_IT_CTX
TGACTAGGTCATATGC-L8TX_190312_01_D02	L2_3_IT_CTX
CTCGTACCACATTAGC-L8TX_180115_01_B10	L2_3_IT_CTX
GGAGCAATCAAGAAGT-L8TX_180115_01_D11	L2_3_IT_CTX
GTACTCCCACGCCAGT-L8TX_180115_01_G11	L2_3_IT_CTX
GGGCATCTCCATGAAC-L8TX_180115_01_B10	L2_3_IT_CTX
TGCTGCTGTACCTACA-L8TX_181206_01_E12	L2_3_IT_CTX
TGCCCTAAGCGTGAGT-L8TX_181011_01_H02	L2_3_IT_CTX
AACTCAGTCTACTCAT-L8TX_180115_01_C11	L2_3_IT_CTX
GTTCTCGCAGATGGGT-L8TX_180221_01_C10	L2_3_IT_CTX
GCGGGTTTCCACGTTC-L8TX_180926_01_C12	L2_3_IT_CTX
AGACGTTTCCCAAGTA-L8TX_181011_01_H02	L2_3_IT_CTX
GGACAGAAGGTAGCCA-L8TX_180907_01_H11	L2_3_IT_CTX
CCACCTACACCGAAAG-L8TX_180607_01_C05	L2_3_IT_CTX
TTCTACACACCGAAAG-L8TX_180115_01_F11	L2_3_IT_CTX
TATTACCCAGATCGGA-L8TX_180115_01_G08	L2_3_IT_CTX
TCAGGTAAGTAACCCT-L8TX_180115_01_G09	L2_3_IT_CTX
GAAACTCAGCTAAACA-L8TX_181206_01_B12	L2_3_IT_CTX
GAAGCAGGTACCATCA-L8TX_180115_01_F11	L2_3_IT_CTX
CAGAGAGGTAGGGTAC-L8TX_180907_01_G10	L2_3_IT_CTX
AACCGCGTCTGGGCCA-L8TX_181011_01_A03	L2_3_IT_CTX
GCTGCGAGTCAAAGAT-L8TX_181011_01_H02	L2_3_IT_CTX
ACGCAGCCACATTAGC-L8TX_180115_01_E10	L2_3_IT_CTX
TGTGGTATCACGCGGT-L8TX_180926_01_B01	L2_3_IT_CTX
ATGTGTGTCAATCTCT-L8TX_180115_01_F09	L2_3_IT_CTX
ACTGAACCACAGGAGT-L8TX_180115_01_F09	L2_3_IT_CTX
GATGAGGGTGAGTGAC-L8TX_180115_01_C11	L2_3_IT_CTX
GTAACTGTCTGATACG-L8TX_180221_01_B11	L2_3_IT_CTX
TTCTCAACAGGAACGT-L8TX_180829_01_D10	L2_3_IT_CTX
GAACGGAAGCTAGTCT-L8TX_181012_01_G04	L2_3_IT_CTX
TCGCGTTAGGGCACTA-L8TX_171026_01_D05	L2_3_IT_CTX
CGCTGGAGTCCCTACT-L8TX_180221_01_C12	L2_3_IT_CTX
AAAGCAAGTCATCGGC-L8TX_171026_01_H05	L2_3_IT_CTX
GGATGTTCATCCCACT-L8TX_181206_01_F12	L2_3_IT_CTX
TCGGTAAAGGTTCCTA-L8TX_180829_01_D10	L2_3_IT_CTX
TCTCTAATCGCTAGCG-L8TX_181206_01_D12	L2_3_IT_CTX
TTGGCAAAGGTGACCA-L8TX_190312_01_E02	L2_3_IT_CTX
ACACTGATCTGGCGAC-L8TX_180115_01_B09	L2_3_IT_CTX
GTCCTCATCGGACAAG-L8TX_180115_01_A09	L2_3_IT_CTX
CAACCTCAGTATCGAA-L8TX_180115_01_E10	L2_3_IT_CTX
CGATGTATCGGCTTGG-L8TX_180115_01_B10	L2_3_IT_CTX
TGCGCAGTCTACCAGA-L8TX_180115_01_C11	L2_3_IT_CTX
TATTACCCACTGTCGG-L8TX_180221_01_C09	L2_3_IT_CTX
GGACAAGCACGGTTTA-L8TX_180221_01_D12	L2_3_IT_CTX
ATCACGAGTGATGATA-L8TX_181206_01_B12	L2_3_IT_CTX
TGTATTCGTGCCTTGG-L8TX_180115_01_E09	L2_3_IT_CTX
TTGCCGTGTACCGCTG-L8TX_190312_01_B01	L2_3_IT_CTX
TGAGCCGTCACAATGC-L8TX_180221_01_C12	L2_3_IT_CTX
TTATGCTGTAATCACC-L8TX_180115_01_E08	L2_3_IT_CTX
TTTCCTCTCTGAGGGA-L8TX_180907_01_B12	L2_3_IT_CTX
CGAGCCAAGTGTTAGA-L8TX_180115_01_H11	L2_3_IT_CTX
TACACGATCTCAACTT-L8TX_180115_01_G08	L2_3_IT_CTX
TCAGCTCTCCACTCCA-L8TX_171026_01_E05	L2_3_IT_CTX
CACCAGGGTAAGTTCC-L8TX_180115_01_D11	L2_3_IT_CTX
CGTAGGCTCACCTTAT-L8TX_171026_01_H04	L2_3_IT_CTX
ACTTACTTCACAAACC-L8TX_180115_01_F11	L2_3_IT_CTX
CGCGTTTGTCCGTGAC-L8TX_181012_01_G04	L2_3_IT_CTX
CCAGCGAGTTACCAGT-L8TX_180115_01_E08	L2_3_IT_CTX
AAAGCAAGTAGCACGA-L8TX_180712_01_E05	L2_3_IT_CTX
TCAGGTATCCCTTGCA-L8TX_171026_01_G05	L2_3_IT_CTX
TACGGGCTCCATGAAC-L8TX_181206_01_D12	L2_3_IT_CTX
GGCCGATGTTGTTTGG-L8TX_180926_01_C12	L2_3_IT_CTX
ACTGCTCAGGCTAGAC-L8TX_180115_01_C09	L2_3_IT_CTX
TCAGGTACAACAACCT-L8TX_180115_01_A11	L2_3_IT_CTX
TAAGCGTCACGGACAA-L8TX_171026_01_H03	L2_3_IT_CTX
AGTAGTCAGGAGCGTT-L8TX_181206_01_C12	L2_3_IT_CTX
CACCACTAGCTAGTTC-L8TX_180907_01_A12	L2_3_IT_CTX
CACATTTAGCGAAGGG-L8TX_180221_01_F09	L2_3_IT_CTX
TTATGCTAGTGGTAAT-L8TX_180907_01_G11	L2_3_IT_CTX
GATCGATAGCCACGCT-L8TX_180221_01_B11	L2_3_IT_CTX
TGCTACCAGAACAACT-L8TX_180907_01_E11	L2_3_IT_CTX
GGGACCTGTGGCGAAT-L8TX_180115_01_A09	L2_3_IT_CTX
CGTGAGCTCGCACTCT-L8TX_180712_01_C06	L2_3_IT_CTX
GTGGGTCTCGCCATAA-L8TX_180115_01_H08	L2_3_IT_CTX
TAAGAGACACCTCGGA-L8TX_181206_01_C12	L2_3_IT_CTX
GTGTGCGAGTCGTACT-L8TX_180115_01_H11	L2_3_IT_CTX
ATTCTACAGAACTCGG-L8TX_180115_01_D09	L2_3_IT_CTX
TGCTACCCAGTTCCCT-L8TX_180115_01_A11	L2_3_IT_CTX
ATCATGGTCCACGAAT-L8TX_180221_01_H12	L2_3_IT_CTX
TTATGCTTCCTTTCGG-L8TX_181011_01_B03	L2_3_IT_CTX
GGCGACTGTTTAAGCC-L8TX_190312_01_H01	L2_3_IT_CTX
CATGGCGCAGCGTAAG-L8TX_180221_01_C12	L2_3_IT_CTX
GGCTCGATCCCTTGCA-L8TX_180221_01_C12	L2_3_IT_CTX
GAATAAGAGGTTCCTA-L8TX_180926_01_B01	L2_3_IT_CTX
TCAGCAATCGGTTCGG-L8TX_181011_01_H03	L2_3_IT_CTX
GCTGGGTGTGCAGGTA-L8TX_171026_01_B05	L2_3_IT_CTX
GCGCCAAGTCGCTTTC-L8TX_181012_01_C05	L2_3_IT_CTX
ATTGGACTCGCCTGTT-L8TX_180221_01_A12	L2_3_IT_CTX
GCAATCAGTCCCGACA-L8TX_181206_01_F12	L2_3_IT_CTX
CATATGGGTCTGCAAT-L8TX_180221_01_F10	L2_3_IT_CTX
GTCGGGTCATGCCCGA-L8TX_180115_01_E10	L2_3_IT_CTX
CGATCGGGTACACCGC-L8TX_180926_01_B01	L2_3_IT_CTX
CGTAGCGAGTCCGTAT-L8TX_180221_01_C12	L2_3_IT_CTX
TTCCCAGAGAAGGACA-L8TX_180907_01_H11	L2_3_IT_CTX
GGACGTCTCCTTAATC-L8TX_180221_01_D10	L2_3_IT_CTX
ATTATCCTCAAGCCTA-L8TX_180221_01_B10	L2_3_IT_CTX
ATTCTACAGTGTTTGC-L8TX_180221_01_D09	L2_3_IT_CTX
TATCTCAGTCAATACC-L8TX_180115_01_H11	L2_3_IT_CTX
CCACGGACACCGTTGG-L8TX_171120_01_G07	L2_3_IT_CTX
GGAATAATCCGCATCT-L8TX_180115_01_B11	L2_3_IT_CTX
GCACATACAGTAGAGC-L8TX_171026_01_H03	L2_3_IT_CTX
TTTATGCGTCTGCGGT-L8TX_180907_01_H11	L2_3_IT_CTX
CTGCGGATCAGTTTGG-L8TX_181011_01_C04	L2_3_IT_CTX
AGCATACTCAAGATCC-L8TX_180221_01_G09	L2_3_IT_CTX
GGCCGATTCATATCGG-L8TX_180115_01_A11	L2_3_IT_CTX
TACTCGCCAAGTAGTA-L8TX_180221_01_B12	L2_3_IT_CTX
CGTCTACTCTGAGTGT-L8TX_190312_01_E01	L2_3_IT_CTX
CGTTGGGCAGCAGTTT-L8TX_180504_01_E01	L2_3_IT_CTX
GTCTCGTTCTGGCGTG-L8TX_180115_01_F09	L2_3_IT_CTX
GATCGCGCAGCCTGTG-L8TX_180115_01_F11	L2_3_IT_CTX
TGACGGCGTAGCGTAG-L8TX_180907_01_A12	L2_3_IT_CTX
ACGCCAGAGTCGCCGT-L8TX_180221_01_B10	L2_3_IT_CTX
GCTCCTAGTCTAGGTT-L8TX_181011_01_B03	L2_3_IT_CTX
TTCTTAGTCGGCATCG-L8TX_180115_01_D10	L2_3_IT_CTX
AGGCCACTCACAAACC-L8TX_171120_01_G07	L2_3_IT_CTX
GCGCAACCAAGCCGCT-L8TX_180907_01_G10	L2_3_IT_CTX
AACCGCGGTTCGTTGA-L8TX_181206_01_E12	L2_3_IT_CTX
TGACTTTCAGCTGCTG-L8TX_180926_01_C12	L2_3_IT_CTX
TTTGTCACACATGGGA-L8TX_180406_01_C07	L2_3_IT_CTX
CCTACACTCAGCGACC-L8TX_180115_01_D10	L2_3_IT_CTX
GTCTCGTAGTACGATA-L8TX_180907_01_B11	L2_3_IT_CTX
AGCTCTCTCAAACAAG-L8TX_171026_01_D05	L2_3_IT_CTX
CTGATAGAGTTAGGTA-L8TX_171026_01_H03	L2_3_IT_CTX
GGGTCTGCAGATCCAT-L8TX_180907_01_A12	L2_3_IT_CTX
CGTCACTTCATTCACT-L8TX_180221_01_C12	L2_3_IT_CTX
CATATGGTCCTACAGA-L8TX_181011_01_A03	L2_3_IT_CTX
TACGGGCGTTGACGTT-L8TX_180115_01_H10	L2_3_IT_CTX
GTGCATATCAGTACGT-L8TX_180221_01_C11	L2_3_IT_CTX
TTGACTTAGTTAAGTG-L8TX_181011_01_C03	L2_3_IT_CTX
CACCACTTCAGAGCTT-L8TX_181011_01_H02	L2_3_IT_CTX
GAACCTAAGTTAGCGG-L8TX_180115_01_C11	L2_3_IT_CTX
AAACGGGAGCCCGAAA-L8TX_180115_01_H11	L2_3_IT_CTX
CGACCTTGTCGCGGTT-L8TX_181206_01_D12	L2_3_IT_CTX
CACCAGGTCCTTAATC-L8TX_180115_01_G11	L2_3_IT_CTX
ATTGGTGAGGCAGGTT-L8TX_181206_01_D12	L2_3_IT_CTX
ATTTCTGGTTGATTCG-L8TX_180115_01_A11	L2_3_IT_CTX
GGGCATCGTTGATTCG-L8TX_181206_01_A12	L2_3_IT_CTX
ACTGTCCCACCTGGTG-L8TX_171026_01_F03	L2_3_IT_CTX
TTCTCAATCGTTGACA-L8TX_180115_01_B10	L2_3_IT_CTX
GCTGGGTGTACCGGCT-L8TX_190312_01_E01	L2_3_IT_CTX
GCAAACTTCCTTTCGG-L8TX_180115_01_E11	L2_3_IT_CTX
TAGCCGGAGAGCTATA-L8TX_181011_01_A03	L2_3_IT_CTX
TTCTACATCACGACTA-L8TX_190312_01_E02	L2_3_IT_CTX
CTGTGCTTCCCACTTG-L8TX_180115_01_A09	L2_3_IT_CTX
GAACATCCATACCATG-L8TX_180221_01_B12	L2_3_IT_CTX
GAGCAGAGTTATCACG-L8TX_180926_01_C12	L2_3_IT_CTX
TACCTATCAGCTCGCA-L8TX_180926_01_C12	L2_3_IT_CTX
AGACGTTGTAACGCGA-L8TX_180115_01_C11	L2_3_IT_CTX
GAAATGAAGGGCTTGA-L8TX_180115_01_E10	L2_3_IT_CTX
AGAGCGATCACCTTAT-L8TX_171026_01_F05	L2_3_IT_CTX
GCTCTGTAGTGTCCAT-L8TX_180115_01_H08	L2_3_IT_CTX
ACAGCTACACATTTCT-L8TX_180926_01_E12	L2_3_IT_CTX
CTGATCCGTTCGGGCT-L8TX_180115_01_F11	L2_3_IT_CTX
TGAGCCGTCCGTCAAA-L8TX_180115_01_F10	L2_3_IT_CTX
CGAATGTAGTTTGCGT-L8TX_180221_01_D10	L2_3_IT_CTX
GGCGACTGTCACAAGG-L8TX_190312_01_F01	L2_3_IT_CTX
CACATAGTCGCCTGTT-L8TX_180221_01_E10	L2_3_IT_CTX
TGCCCATGTCACTTCC-L8TX_180926_01_B01	L2_3_IT_CTX
TATCTCATCAGAGACG-L8TX_181011_01_C03	L2_3_IT_CTX
CTGGTCTGTCTAAAGA-L8TX_180115_01_A11	L2_3_IT_CTX
TTAGGACAGACTTTCG-L8TX_190312_01_H01	L2_3_IT_CTX
CATCAAGTCGGCGCAT-L8TX_190312_01_G02	L2_3_IT_CTX
AGCTCCTGTCTTCAAG-L8TX_180115_01_F11	L2_3_IT_CTX
CTTGGCTGTGTTAAGA-L8TX_180115_01_A11	L2_3_IT_CTX
AGCTCCTCACGCTTTC-L8TX_180221_01_E11	L2_3_IT_CTX
TGTGGTATCTTATCTG-L8TX_180115_01_A09	L2_3_IT_CTX
GACCAATTCGAATCCA-L8TX_171026_01_B05	L2_3_IT_CTX
ACTGCTCCAGGCTCAC-L8TX_190312_01_F02	L2_3_IT_CTX
AAATGCCTCATCACCC-L8TX_180115_01_A10	L2_3_IT_CTX
ACGAGGAAGCGCTTAT-L8TX_171120_01_H07	L2_3_IT_CTX
GACGGCTAGCCGATTT-L8TX_180115_01_F11	L2_3_IT_CTX
TCAGCAATCCACGACG-L8TX_180115_01_D11	L2_3_IT_CTX
CAGCTGGCAATCCGAT-L8TX_180926_01_C12	L2_3_IT_CTX
CGTTGGGAGCCAGTTT-L8TX_180115_01_H11	L2_3_IT_CTX
CGTCACTCATATGAGA-L8TX_181206_01_A12	L2_3_IT_CTX
TCACAAGTCCTATGTT-L8TX_180115_01_F11	L2_3_IT_CTX
CCGTACTAGAAACCAT-L8TX_171026_01_H03	L2_3_IT_CTX
TTCTTAGAGAAACGAG-L8TX_180115_01_F10	L2_3_IT_CTX
CAGCTAATCAGCACAT-L8TX_180115_01_G08	L2_3_IT_CTX
CACAAACCATTCCTGC-L8TX_181206_01_D12	L2_3_IT_CTX
GCCTCTAGTAAATACG-L8TX_171026_01_A04	L2_3_IT_CTX
CCCAGTTCATAACCTG-L8TX_180115_01_H11	L2_3_IT_CTX
ACATGGTGTTACGACT-L8TX_180221_01_H11	L2_3_IT_CTX
ATCGAGTAGCTCTCGG-L8TX_180221_01_E10	L2_3_IT_CTX
AGGGAGTAGTTACCCA-L8TX_181012_01_G04	L2_3_IT_CTX
ATGGGAGAGGGAACGG-L8TX_181206_01_B12	L2_3_IT_CTX
CCTCAGTAGGTGCTTT-L8TX_180907_01_B12	L2_3_IT_CTX
GTGTGCGTCCCTAACC-L8TX_180406_01_C06	L2_3_IT_CTX
AACTCCCAGATGAGAG-L8TX_180406_01_C06	L2_3_IT_CTX
CAAGGCCGTTCACGGC-L8TX_190312_01_C01	L2_3_IT_CTX
TTGTAGGGTGTGACGA-L8TX_180115_01_G11	L2_3_IT_CTX
GTAACTGCAAGCGCTC-L8TX_181206_01_C12	L2_3_IT_CTX
GCATGCGTCGCAGGCT-L8TX_180221_01_E11	L2_3_IT_CTX
CTGCCTACACTTAACG-L8TX_180115_01_C08	L2_3_IT_CTX
GGGAGATAGACACGAC-L8TX_171026_01_F03	L2_3_IT_CTX
CTACACCTCGAGAGCA-L8TX_190312_01_C01	L2_3_IT_CTX
TCGGGACTCCCTTGTG-L8TX_180115_01_F11	L2_3_IT_CTX
ACACCGGCATCGGAAG-L8TX_171120_01_H07	L2_3_IT_CTX
GTACGTATCGCCTGAG-L8TX_180907_01_G11	L2_3_IT_CTX
CAACCAACATCCGCGA-L8TX_180907_01_F10	L2_3_IT_CTX
GGAACTTAGCGTGAAC-L8TX_180115_01_D09	L2_3_IT_CTX
ATTCTACGTGTTGGGA-L8TX_180926_01_E12	L2_3_IT_CTX
TCTCTAACAATCGGTT-L8TX_180221_01_H10	L2_3_IT_CTX
CAAGATCGTGAGGGTT-L8TX_171120_01_H07	L2_3_IT_CTX
TACTTACAGGCATGTG-L8TX_171026_01_H03	L2_3_IT_CTX
CCCATACTCCGCATAA-L8TX_180907_01_A12	L2_3_IT_CTX
TGCGCAGGTTCACGGC-L8TX_180907_01_B12	L2_3_IT_CTX
TCACGAATCCGTTGCT-L8TX_180115_01_F10	L2_3_IT_CTX
AGCCTAACACATCTTT-L8TX_180907_01_A12	L2_3_IT_CTX
ACGAGGAAGCCAGAAC-L8TX_181011_01_C04	L2_3_IT_CTX
CGGAGCTCATCCTTGC-L8TX_181206_01_C12	L2_3_IT_CTX
ATTTCTGTCCTCAACC-L8TX_180115_01_C11	L2_3_IT_CTX
GACAGAGCACATAACC-L8TX_190312_01_D01	L2_3_IT_CTX
TACAGTGGTCGACTGC-L8TX_180115_01_H11	L2_3_IT_CTX
CGTGTCTTCTATGTGG-L8TX_180907_01_E11	L2_3_IT_CTX
TTAGGCAAGATCCCAT-L8TX_180221_01_B10	L2_3_IT_CTX
ACTATCTCATGCAATC-L8TX_181206_01_B12	L2_3_IT_CTX
CCTACACCATATGAGA-L8TX_180115_01_E09	L2_3_IT_CTX
GATCAGTGTTGGTGGA-L8TX_180115_01_B11	L2_3_IT_CTX
TCTTTCCGTGGCTCCA-L8TX_171026_01_F05	L2_3_IT_CTX
TTGGCAATCGTACCGG-L8TX_180504_01_E01	L2_3_IT_CTX
CAAGAAAAGTCGCCGT-L8TX_180115_01_E08	L2_3_IT_CTX
CCTACACAGAATCTCC-L8TX_180926_01_C12	L2_3_IT_CTX
AGACGTTTCCGAAGAG-L8TX_180221_01_H11	L2_3_IT_CTX
CCACGGAGTTTACTCT-L8TX_181012_01_B05	L2_3_IT_CTX
CACACTCAGCGACGTA-L8TX_180221_01_G10	L2_3_IT_CTX
TAAGCGTCAAGAGGCT-L8TX_171026_01_H03	L2_3_IT_CTX
ATCATGGTCAGTCCCT-L8TX_180907_01_G10	L2_3_IT_CTX
TGAAAGACACCGTTGG-L8TX_181206_01_C12	L2_3_IT_CTX
CTGCCTACATACAGCT-L8TX_181012_01_H04	L2_3_IT_CTX
GCACATATCTCAAGTG-L8TX_180221_01_C12	L2_3_IT_CTX
ATTGGACTCAATCTCT-L8TX_171026_01_F05	L2_3_IT_CTX
CTGGTCTTCATGTCCC-L8TX_180115_01_G11	L2_3_IT_CTX
CATCGAAGTCTACCTC-L8TX_180221_01_A10	L2_3_IT_CTX
GAAATGAAGGTGCTAG-L8TX_190312_01_G01	L2_3_IT_CTX
AACTTTCAGATATGGT-L8TX_171120_01_E07	L2_3_IT_CTX
CGGACGTGTACATGTC-L8TX_180221_01_H09	L2_3_IT_CTX
GGTATTGGTTCGAATC-L8TX_190312_01_F01	L2_3_IT_CTX
AGTTGGTCACGAAATA-L8TX_180115_01_B09	L2_3_IT_CTX
CAGCATAGTCGCGTGT-L8TX_180712_01_H05	L2_3_IT_CTX
CCCTCCTAGGTAGCTG-L8TX_180406_01_C06	L2_3_IT_CTX
TCTCTAACAGCTGTAT-L8TX_180115_01_C11	L2_3_IT_CTX
TTGCGTCGTGCTTCTC-L8TX_171026_01_F03	L2_3_IT_CTX
CGTGAGCTCCGTACAA-L8TX_181206_01_H11	L2_3_IT_CTX
CTTAACTAGGGAAACA-L8TX_180115_01_E11	L2_3_IT_CTX
CCAGCGAAGAAACGCC-L8TX_180221_01_F10	L2_3_IT_CTX
GTCGTAATCGGTTCGG-L8TX_190312_01_E01	L2_3_IT_CTX
TACCTTATCGCAAGCC-L8TX_180907_01_G10	L2_3_IT_CTX
CACAGTAGTCATGCCG-L8TX_180406_01_C06	L2_3_IT_CTX
CACTCCACAAGGCTCC-L8TX_180115_01_G11	L2_3_IT_CTX
TGCACCTAGCTGGAAC-L8TX_180907_01_F11	L2_3_IT_CTX
TGGCGCATCACCTTAT-L8TX_180221_01_D11	L2_3_IT_CTX
GAGTCCGCAGTATCTG-L8TX_180115_01_A10	L2_3_IT_CTX
CTGAAACCAGTACACT-L8TX_190312_01_G01	L2_3_IT_CTX
GGCCGATAGAAGGTGA-L8TX_180115_01_G08	L2_3_IT_CTX
TGCGCAGCATGCAATC-L8TX_180907_01_B12	L2_3_IT_CTX
ACAGCTAAGCCCAACC-L8TX_180115_01_E11	L2_3_IT_CTX
CTCATTAGTTGAGGTG-L8TX_180115_01_B10	L2_3_IT_CTX
GTATTCTGTCCAGTAT-L8TX_190312_01_G02	L2_3_IT_CTX
AACTCAGCAGGAATGC-L8TX_190312_01_G02	L2_3_IT_CTX
CACAAACGTCTGGAGA-L8TX_171026_01_A05	L2_3_IT_CTX
AGAATAGCAGTGGGAT-L8TX_181011_01_H02	L2_3_IT_CTX
GTAGTCAGTGTAAGTA-L8TX_180115_01_G11	L2_3_IT_CTX
CCCAGTTGTCGCATAT-L8TX_180115_01_D11	L2_3_IT_CTX
GTGAAGGTCTGTCCGT-L8TX_180406_01_C06	L2_3_IT_CTX
GCACATATCCCAAGAT-L8TX_180115_01_F08	L2_3_IT_CTX
TCTCTAACAATGGACG-L8TX_180406_01_F02	L2_3_IT_CTX
ATCCACCTCGCCTGAG-L8TX_180829_01_D09	L2_3_IT_CTX
TGACGGCTCCTCAATT-L8TX_171026_01_G05	L2_3_IT_CTX
CGATCGGAGCACGCCT-L8TX_180221_01_B10	L2_3_IT_CTX
CTTCTCTCAGACGCTC-L8TX_180115_01_F11	L2_3_IT_CTX
CCATGTCTCCCTCAGT-L8TX_181011_01_H02	L2_3_IT_CTX
ATCCGAAGTACATGTC-L8TX_180221_01_H10	L2_3_IT_CTX
GTCGGGTCAAAGCAAT-L8TX_180907_01_A12	L2_3_IT_CTX
TATCAGGCAACACCCG-L8TX_180221_01_C12	L2_3_IT_CTX
CTAGTGAGTCGATTGT-L8TX_180115_01_A11	L2_3_IT_CTX
TGGACGCAGAGCTGCA-L8TX_180115_01_A10	L2_3_IT_CTX
GTCAAGTGTATATGAG-L8TX_180221_01_E10	L2_3_IT_CTX
GCTGCAGAGCTAAACA-L8TX_171120_01_D07	L2_3_IT_CTX
CTGAAGTTCGCATGAT-L8TX_180221_01_B12	L2_3_IT_CTX
TCGTACCAGGCCATAG-L8TX_180221_01_C11	L2_3_IT_CTX
TGCCAAAAGATCACGG-L8TX_171120_01_D07	L2_3_IT_CTX
GCTGCAGGTCAGAGGT-L8TX_181011_01_B03	L2_3_IT_CTX
GAATAAGCACGGTTTA-L8TX_180115_01_G09	L2_3_IT_CTX
TGACTTTGTCGCGGTT-L8TX_180115_01_D11	L2_3_IT_CTX
ACATGGTGTTAAGATG-L8TX_181206_01_E12	L2_3_IT_CTX
GTATCTTGTCAATACC-L8TX_180115_01_A10	L2_3_IT_CTX
CTCTACGTCACCGGGT-L8TX_171026_01_A05	L2_3_IT_CTX
CCTACACGTCCCTTGT-L8TX_190312_01_H01	L2_3_IT_CTX
ATCTACTAGATCCCAT-L8TX_171120_01_C07	L2_3_IT_CTX
ACGTCAACATTGGTAC-L8TX_180115_01_F11	L2_3_IT_CTX
GCGAGAATCGCTGATA-L8TX_180406_01_F02	L2_3_IT_CTX
ATTGGACGTAGTAGTA-L8TX_180115_01_D09	L2_3_IT_CTX
GTCGTAAGTTCCCGAG-L8TX_180907_01_H11	L2_3_IT_CTX
CTAGCCTAGCTAGTTC-L8TX_181011_01_H02	L2_3_IT_CTX
ACCGTAATCACAGGCC-L8TX_180221_01_E09	L2_3_IT_CTX
TGTGGTACATACAGCT-L8TX_180712_01_B06	L2_3_IT_CTX
CTCGGAGGTTACGTCA-L8TX_181011_01_C03	L2_3_IT_CTX
GGACGTCCACCGATAT-L8TX_180115_01_H09	L2_3_IT_CTX
CACATAGTCGAGAACG-L8TX_180829_01_D09	L2_3_IT_CTX
AGTGAGGTCACAATGC-L8TX_180115_01_D09	L2_3_IT_CTX
CGTAGGCTCGTCTGAA-L8TX_181206_01_D12	L2_3_IT_CTX
AGCTCCTAGCCACGCT-L8TX_180115_01_B10	L2_3_IT_CTX
TAGTTGGTCAACGGGA-L8TX_181206_01_E12	L2_3_IT_CTX
TCTCTAATCCTTTCGG-L8TX_180115_01_B10	L2_3_IT_CTX
AACTCCCGTACTTAGC-L8TX_171120_01_G07	L2_3_IT_CTX
GCGCAACCAGCGAACA-L8TX_180221_01_E10	L2_3_IT_CTX
GCTGCAGCACGGCTAC-L8TX_180926_01_D01	L2_3_IT_CTX
CCATGTCCACTAAGTC-L8TX_171026_01_F05	L2_3_IT_CTX
GGATGTTGTGCAACTT-L8TX_180115_01_C09	L2_3_IT_CTX
TTCGAAGTCCCGACTT-L8TX_181012_01_B05	L2_3_IT_CTX
CGCCAAGTCCTACAGA-L8TX_180829_01_E10	L2_3_IT_CTX
TTAGTTCCACCAGGTC-L8TX_181206_01_F12	L2_3_IT_CTX
ATAAGAGAGGTGGGTT-L8TX_180115_01_D11	L2_3_IT_CTX
ATTTCTGGTCTGCGGT-L8TX_180115_01_E10	L2_3_IT_CTX
CTACATTCAGCGAACA-L8TX_181011_01_G02	L2_3_IT_CTX
TTTATGCAGGAGTTTA-L8TX_180115_01_F11	L2_3_IT_CTX
ACATCAGTCTGGAGCC-L8TX_180115_01_D08	L2_3_IT_CTX
GTACGTAGTAGCCTAT-L8TX_180907_01_B12	L2_3_IT_CTX
GCGGGTTTCGCACTCT-L8TX_180829_01_D10	L2_3_IT_CTX
CAGCTGGGTTCCGTCT-L8TX_171026_01_G05	L2_3_IT_CTX
GGACATTTCCGAAGAG-L8TX_180115_01_D11	L2_3_IT_CTX
CACACAAGTGAGTGAC-L8TX_180115_01_B11	L2_3_IT_CTX
GGCTCGATCTGTCCGT-L8TX_180221_01_F10	L2_3_IT_CTX
AGCGTATAGACAGAGA-L8TX_180115_01_C09	L2_3_IT_CTX
AACTCCCCATCCGGGT-L8TX_181011_01_H02	L2_3_IT_CTX
TTGACTTGTGCTTCTC-L8TX_180926_01_B01	L2_3_IT_CTX
GGTGTTAGTTCCAACA-L8TX_180712_01_E05	L2_3_IT_CTX
AAATGCCTCAGGCGAA-L8TX_171026_01_H05	L2_3_IT_CTX
CGAACATTCATCGATG-L8TX_181206_01_E12	L2_3_IT_CTX
ATTCTACAGTACACCT-L8TX_171026_01_A04	L2_3_IT_CTX
AAACGGGCAGCTGTTA-L8TX_180907_01_H11	L2_3_IT_CTX
TGCCCATAGTTCGCGC-L8TX_180115_01_H11	L2_3_IT_CTX
CGCGGTACATTAGGCT-L8TX_190312_01_G01	L2_3_IT_CTX
TGCCAAATCATGCATG-L8TX_190312_01_B02	L2_3_IT_CTX
CAGCGACGTACGAAAT-L8TX_171026_01_H04	L2_3_IT_CTX
TTTATGCGTCTAGGTT-L8TX_180406_01_C06	L2_3_IT_CTX
GACAGAGCACATTAGC-L8TX_171026_01_C05	L2_3_IT_CTX
GGAATAAAGCATCATC-L8TX_180406_01_C06	L2_3_IT_CTX
TCGTAGATCAGTTTGG-L8TX_180221_01_G10	L2_3_IT_CTX
ATAAGAGTCCTGCAGG-L8TX_180115_01_G11	L2_3_IT_CTX
GTCTCGTAGCTAAACA-L8TX_180115_01_C10	L2_3_IT_CTX
AGATTGCTCACAGGCC-L8TX_190312_01_D02	L2_3_IT_CTX
GTGAAGGTCAATCACG-L8TX_181011_01_C03	L2_3_IT_CTX
GGATTACCAAGCGATG-L8TX_180221_01_F09	L2_3_IT_CTX
GTTTCTACAGGAATCG-L8TX_171026_01_F05	L2_3_IT_CTX
CACAAACTCAATCACG-L8TX_180115_01_G08	L2_3_IT_CTX
GGGAATGAGCTCAACT-L8TX_180115_01_H09	L2_3_IT_CTX
GGAATAAAGACGACGT-L8TX_180829_01_D10	L2_3_IT_CTX
GGTGAAGCACGCCAGT-L8TX_171026_01_F05	L2_3_IT_CTX
GGGACCTGTTACGTCA-L8TX_180221_01_G11	L2_3_IT_CTX
GTGAAGGCAATGCCAT-L8TX_171120_01_H07	L2_3_IT_CTX
GTCTCGTCAGTGAGTG-L8TX_180221_01_G11	L2_3_IT_CTX
GCATGCGAGCGAAGGG-L8TX_180907_01_B12	L2_3_IT_CTX
TTCTACATCAACCATG-L8TX_180221_01_E09	L2_3_IT_CTX
GGGAATGAGGGTTTCT-L8TX_190312_01_D01	L2_3_IT_CTX
GCATGCGTCATAGCAC-L8TX_180926_01_F01	L2_3_IT_CTX
GACGCGTAGACCACGA-L8TX_180115_01_E10	L2_3_IT_CTX
AGTGGGACAGCTGTTA-L8TX_180712_01_A06	L2_3_IT_CTX
CGTAGCGCATGCCTAA-L8TX_180712_01_E05	L2_3_IT_CTX
TACTTACGTAATCGTC-L8TX_180907_01_A12	L2_3_IT_CTX
GTATCTTTCGCGTAGC-L8TX_180115_01_A10	L2_3_IT_CTX
GTCGTAAGTACAAGTA-L8TX_171026_01_B05	L2_3_IT_CTX
AGACGTTAGTGTTGAA-L8TX_180221_01_C12	L2_3_IT_CTX
AACTCTTAGAGAACAG-L8TX_190312_01_H01	L2_3_IT_CTX
ACGGAGAGTCATGCAT-L8TX_180907_01_E11	L2_3_IT_CTX
TTCTCAAAGGCACATG-L8TX_180907_01_G10	L2_3_IT_CTX
GCCAAATGTCGCATAT-L8TX_171026_01_C05	L2_3_IT_CTX
TGAGAGGCAGTTCATG-L8TX_180115_01_E10	L2_3_IT_CTX
GGACATTTCGGAAACG-L8TX_180221_01_H10	L2_3_IT_CTX
GTCAAGTAGCACCGTC-L8TX_180115_01_E11	L2_3_IT_CTX
CTGATCCTCCTGCCAT-L8TX_180221_01_B11	L2_3_IT_CTX
GTACTTTCAGTCGTGC-L8TX_180712_01_C06	L2_3_IT_CTX
GCGCAGTGTGGAAAGA-L8TX_180115_01_F10	L2_3_IT_CTX
GCGCCAACAGGTCTCG-L8TX_180115_01_E11	L2_3_IT_CTX
GTTACAGGTCGGATCC-L8TX_180221_01_H10	L2_3_IT_CTX
GACCAATCACTCGACG-L8TX_190312_01_D01	L2_3_IT_CTX
TTAGTTCTCTAACTCT-L8TX_180221_01_E11	L2_3_IT_CTX
CGTGTCTAGCCACGTC-L8TX_180115_01_D11	L2_3_IT_CTX
TTGAACGTCTTCATGT-L8TX_180829_01_D10	L2_3_IT_CTX
TTTACTGGTAAGAGGA-L8TX_190312_01_B02	L2_3_IT_CTX
GCGGGTTGTCCGTTAA-L8TX_190312_01_B02	L2_3_IT_CTX
TGGTTAGGTTTGTTGG-L8TX_180115_01_F10	L2_3_IT_CTX
TAGTTGGTCCCTTGCA-L8TX_180115_01_H10	L2_3_IT_CTX
GATCGATTCGTCGTTC-L8TX_180221_01_E09	L2_3_IT_CTX
GACCTGGAGCCGATTT-L8TX_181206_01_H11	L2_3_IT_CTX
TCGGTAAGTAATAGCA-L8TX_180907_01_G11	L2_3_IT_CTX
GCTGCTTAGTGTACCT-L8TX_180115_01_D10	L2_3_IT_CTX
CTTAGGAGTGACCAAG-L8TX_190312_01_D02	L2_3_IT_CTX
TCAATCTAGTGTTGAA-L8TX_171026_01_B04	L2_3_IT_CTX
CAAGGCCCACACCGCA-L8TX_190312_01_G02	L2_3_IT_CTX
CGGTTAACACACCGCA-L8TX_180115_01_D10	L2_3_IT_CTX
CCGGGATAGGTGGGTT-L8TX_171026_01_F04	L2_3_IT_CTX
CGACCTTGTACCTACA-L8TX_190312_01_E01	L2_3_IT_CTX
TATGCCCGTCCCTACT-L8TX_180115_01_H11	L2_3_IT_CTX
TAGCCGGCACGAGAGT-L8TX_181011_01_C04	L2_3_IT_CTX
GCTGCAGTCATCGGAT-L8TX_181011_01_H02	L2_3_IT_CTX
GCGCCAAAGTCCGGTC-L8TX_180115_01_F10	L2_3_IT_CTX
ACGAGGACAGGTCGTC-L8TX_180115_01_E10	L2_3_IT_CTX
TACTTACTCAACGGGA-L8TX_181011_01_G02	L2_3_IT_CTX
GTTCGGGCAGCCTGTG-L8TX_180926_01_B01	L2_3_IT_CTX
TGAAAGAGTAACGACG-L8TX_180221_01_C12	L2_3_IT_CTX
GCATACAGTTCCATGA-L8TX_180907_01_F10	L2_3_IT_CTX
ATCTACTTCGGATGGA-L8TX_180221_01_F10	L2_3_IT_CTX
CGTGTCTGTGCACTTA-L8TX_180406_01_F02	L2_3_IT_CTX
TGACTAGAGGAGCGTT-L8TX_181012_01_G04	L2_3_IT_CTX
TCAATCTTCAAACGGG-L8TX_171026_01_C05	L2_3_IT_CTX
CGCCAAGTCGGAATCT-L8TX_181011_01_H02	L2_3_IT_CTX
CCCATACGTCCCTACT-L8TX_181206_01_F12	L2_3_IT_CTX
CATCGGGTCACATAGC-L8TX_180115_01_G08	L2_3_IT_CTX
CCATGTCAGTCTCCTC-L8TX_180115_01_G11	L2_3_IT_CTX
TGCTGCTAGTACTTGC-L8TX_171026_01_G03	L2_3_IT_CTX
CTGATAGCAAAGTGCG-L8TX_181011_01_B03	L2_3_IT_CTX
GCGAGAACACAGAGGT-L8TX_180221_01_H11	L2_3_IT_CTX
CAGCCGAGTTTCCACC-L8TX_180115_01_C09	L2_3_IT_CTX
CGGAGTCGTTCCCGAG-L8TX_180221_01_F09	L2_3_IT_CTX
GCGACCATCACAACGT-L8TX_180221_01_C12	L2_3_IT_CTX
AGTAGTCGTCCGACGT-L8TX_180115_01_H10	L2_3_IT_CTX
GAATAAGCACTAAGTC-L8TX_180115_01_C11	L2_3_IT_CTX
CTGCTGTCAGGGATTG-L8TX_181012_01_H04	L2_3_IT_CTX
GGAGCAAGTCGAACAG-L8TX_171026_01_H04	L2_3_IT_CTX
GGACAAGTCGCTTGTC-L8TX_180926_01_D01	L2_3_IT_CTX
GGATTACTCGGACAAG-L8TX_190312_01_G01	L2_3_IT_CTX
GAACGGAAGCGACGTA-L8TX_180221_01_F10	L2_3_IT_CTX
CTGCGGAAGTACCGGA-L8TX_180221_01_E10	L2_3_IT_CTX
TTAGGACTCCGCGGTA-L8TX_181011_01_H03	L2_3_IT_CTX
CACATTTTCCGCGGTA-L8TX_180115_01_B09	L2_3_IT_CTX
TTCGAAGGTTGACGTT-L8TX_180926_01_E01	L2_3_IT_CTX
CGTTGGGTCGTAGGAG-L8TX_180221_01_A10	L2_3_IT_CTX
CAACCTCCACTAAGTC-L8TX_181011_01_C03	L2_3_IT_CTX
AACTCTTAGTTTGCGT-L8TX_171026_01_H04	L2_3_IT_CTX
GCATACAAGAGAGCTC-L8TX_180115_01_G11	L2_3_IT_CTX
GATCGATCAGCGAACA-L8TX_180115_01_E09	L2_3_IT_CTX
CTGCGGAAGGCCCTTG-L8TX_180221_01_F09	L2_3_IT_CTX
ACTGAACGTGTAATGA-L8TX_181011_01_C04	L2_3_IT_CTX
TACGGATTCGTCCAGG-L8TX_180115_01_B11	L2_3_IT_CTX
AACTTTCCAAGCGTAG-L8TX_181206_01_F12	L2_3_IT_CTX
CTCTACGGTGTGACCC-L8TX_180221_01_B12	L2_3_IT_CTX
ATCGAGTAGCTCCTTC-L8TX_180115_01_E08	L2_3_IT_CTX
AAGGCAGTCTTGAGGT-L8TX_180221_01_A12	L2_3_IT_CTX
GCTCCTACAAGGACAC-L8TX_171026_01_G03	L2_3_IT_CTX
TGTGTTTGTTAAGACA-L8TX_180221_01_D11	L2_3_IT_CTX
GATCGATCAACCGCCA-L8TX_180115_01_D09	L2_3_IT_CTX
AAATGCCGTTAAAGTG-L8TX_180115_01_D11	L2_3_IT_CTX
AGCAGCCTCTGTTTGT-L8TX_180115_01_H11	L2_3_IT_CTX
GCACATACAAATCCGT-L8TX_181206_01_D12	L2_3_IT_CTX
ACGCCGAGTTATCACG-L8TX_180115_01_H09	L2_3_IT_CTX
TTCCCAGCACATTCGA-L8TX_180115_01_F11	L2_3_IT_CTX
GTCACGGGTTGGACCC-L8TX_180115_01_F09	L2_3_IT_CTX
CGCTATCTCGCATGGC-L8TX_180926_01_D01	L2_3_IT_CTX
ATCCGAATCCTACAGA-L8TX_180115_01_B09	L2_3_IT_CTX
TGGCCAGCAGGTGGAT-L8TX_180221_01_D10	L2_3_IT_CTX
ATTGGTGCAAGTTCTG-L8TX_180221_01_D11	L2_3_IT_CTX
CTACATTCAGTATGCT-L8TX_180221_01_D09	L2_3_IT_CTX
CCACTACGTCATCCCT-L8TX_180115_01_C09	L2_3_IT_CTX
AAGGTTCAGAACAACT-L8TX_180221_01_E10	L2_3_IT_CTX
TTTACTGTCTGTCCGT-L8TX_171026_01_F03	L2_3_IT_CTX
CGCGGTAAGTCCCACG-L8TX_180115_01_B11	L2_3_IT_CTX
GATGCTAGTTCGGGCT-L8TX_171026_01_A04	L2_3_IT_CTX
CACACTCAGTAGCGGT-L8TX_181012_01_G04	L2_3_IT_CTX
ACTGATGTCGGAAACG-L8TX_180115_01_B11	L2_3_IT_CTX
ATCATGGAGTCCGGTC-L8TX_180115_01_E08	L2_3_IT_CTX
CGTTGGGGTCGAATCT-L8TX_171026_01_H05	L2_3_IT_CTX
ATCTGCCGTCCGAATT-L8TX_171026_01_F05	L2_3_IT_CTX
CTAGAGTCATAACCTG-L8TX_180926_01_F01	L2_3_IT_CTX
GACTGCGAGGATCGCA-L8TX_180221_01_D11	L2_3_IT_CTX
AGTGAGGCACACAGAG-L8TX_181011_01_G02	L2_3_IT_CTX
TAGTGGTGTGTGAAAT-L8TX_180115_01_D09	L2_3_IT_CTX
CGGACTGAGCAGACTG-L8TX_180115_01_E08	L2_3_IT_CTX
CGTCACTCAGCTGCAC-L8TX_171026_01_H03	L2_3_IT_CTX
AGCTCCTTCCGCGGTA-L8TX_190312_01_G02	L2_3_IT_CTX
CTGATAGCATAACCTG-L8TX_171120_01_F07	L2_3_IT_CTX
GGACAGAGTCCGCTGA-L8TX_171026_01_H04	L2_3_IT_CTX
TGGCCAGCACGGTGTC-L8TX_180221_01_C11	L2_3_IT_CTX
CATCCACGTAAGAGGA-L8TX_181011_01_B03	L2_3_IT_CTX
GGAATAACAATGAATG-L8TX_171120_01_H07	L2_3_IT_CTX
GCGGGTTTCTTGCCGT-L8TX_180115_01_C09	L2_3_IT_CTX
TGACTTTCATCACCCT-L8TX_180221_01_H11	L2_3_IT_CTX
ATTGGTGTCTGGGCCA-L8TX_171026_01_B04	L2_3_IT_CTX
TAGGCATCATGGGAAC-L8TX_180926_01_D01	L2_3_IT_CTX
CCTATTACAATGGAGC-L8TX_171120_01_E07	L2_3_IT_CTX
CCAGCGACACTTCTGC-L8TX_180221_01_E10	L2_3_IT_CTX
GCGACCACAGTCCTTC-L8TX_190312_01_D02	L2_3_IT_CTX
GTCAAGTTCACGATGT-L8TX_180115_01_G11	L2_3_IT_CTX
CGTGAGCTCCACGCAG-L8TX_180221_01_C12	L2_3_IT_CTX
CACATAGCATCGGTTA-L8TX_181206_01_C12	L2_3_IT_CTX
TCATTTGCATTGTGCA-L8TX_180829_01_D10	L2_3_IT_CTX
GCTGGGTCAAGCCCAC-L8TX_180829_01_E10	L2_3_IT_CTX
AGATTGCAGTTACCCA-L8TX_171120_01_F07	L2_3_IT_CTX
GTTTCTATCTCCCTGA-L8TX_180504_01_E01	L2_3_IT_CTX
TGAGCCGAGGTGATTA-L8TX_180115_01_C09	L2_3_IT_CTX
TACCTATAGACGCTTT-L8TX_190312_01_C02	L2_3_IT_CTX
CGTCAGGAGTGGCACA-L8TX_180115_01_E10	L2_3_IT_CTX
CCGTTCAGTCTTTCAT-L8TX_180221_01_B11	L2_3_IT_CTX
TTAGGCAAGAACTCGG-L8TX_180115_01_H10	L2_3_IT_CTX
CGATGGCTCTGCCCTA-L8TX_180115_01_H09	L2_3_IT_CTX
TACTTGTCATAGAAAC-L8TX_181206_01_E12	L2_3_IT_CTX
TATCAGGGTGCGCTTG-L8TX_181206_01_B12	L2_3_IT_CTX
ACTATCTTCAAACGGG-L8TX_180221_01_C09	L2_3_IT_CTX
AGTTGGTCAGATGAGC-L8TX_180115_01_F11	L2_3_IT_CTX
ATCACGAGTCCTAGCG-L8TX_181012_01_H04	L2_3_IT_CTX
TACAGTGAGGCCGAAT-L8TX_180115_01_G11	L2_3_IT_CTX
TACTTACCATCACGTA-L8TX_180115_01_F09	L2_3_IT_CTX
GAACGGATCTTTACGT-L8TX_180907_01_B11	L2_3_IT_CTX
GCAATCAGTATTCTCT-L8TX_181012_01_G04	L2_3_IT_CTX
AAGGCAGCACGCATCG-L8TX_171120_01_H07	L2_3_IT_CTX
CACCTTGGTGTTGGGA-L8TX_180221_01_E09	L2_3_IT_CTX
ACTGAGTTCAACCATG-L8TX_180907_01_H11	L2_3_IT_CTX
ACCAGTATCAGTTAGC-L8TX_180115_01_C11	L2_3_IT_CTX
ACGGAGAGTGTGGCTC-L8TX_180221_01_G09	L2_3_IT_CTX
CTACCCATCGGATGTT-L8TX_180115_01_A10	L2_3_IT_CTX
CCCAATCGTAGCGCAA-L8TX_171026_01_C05	L2_3_IT_CTX
GGGTTGCAGGGTCGAT-L8TX_180115_01_F08	L2_3_IT_CTX
TGCCCATAGATCTGCT-L8TX_180221_01_H10	L2_3_IT_CTX
TTGCCGTTCGCGTAGC-L8TX_180115_01_D11	L2_3_IT_CTX
ACACCCTTCCCTGACT-L8TX_180829_01_E10	L2_3_IT_CTX
CTTAACTAGTGGGCTA-L8TX_180907_01_F11	L2_3_IT_CTX
TACAGTGGTTTAAGCC-L8TX_171026_01_F03	L2_3_IT_CTX
ATCACGAGTCAACTGT-L8TX_180607_01_C05	L2_3_IT_CTX
GCATGCGCATGGTTGT-L8TX_180115_01_E08	L2_3_IT_CTX
AAGGAGCAGGACAGAA-L8TX_180907_01_B12	L2_3_IT_CTX
GTAACTGGTGAGTGAC-L8TX_180115_01_E09	L2_3_IT_CTX
GACAGAGGTAGCTCCG-L8TX_190312_01_E02	L2_3_IT_CTX
GTGCATATCGGCTTGG-L8TX_171026_01_B04	L2_3_IT_CTX
GTACTTTTCTGGCGAC-L8TX_180115_01_D09	L2_3_IT_CTX
AACTCTTAGCACCGTC-L8TX_180115_01_D09	L2_3_IT_CTX
CCACGGACATGGATGG-L8TX_180115_01_E11	L2_3_IT_CTX
CGGAGCTTCTTAACCT-L8TX_180115_01_C08	L2_3_IT_CTX
CGCGTTTCACGACGAA-L8TX_190312_01_A02	L2_3_IT_CTX
GTAGGCCAGTCCAGGA-L8TX_190312_01_A03	L2_3_IT_CTX
GAATGAACATTCTTAC-L8TX_190312_01_B02	L2_3_IT_CTX
CCACCTATCTAGAGTC-L8TX_171026_01_E05	L2_3_IT_CTX
GCACTCTTCACTTATC-L8TX_180221_01_F10	L2_3_IT_CTX
TAGAGCTAGCGTGTCC-L8TX_180221_01_B10	L2_3_IT_CTX
CTGTGCTTCTCTTGAT-L8TX_180221_01_F10	L2_3_IT_CTX
AGCTTGAGTCTACCTC-L8TX_180221_01_D11	L2_3_IT_CTX
CCAATCCCATCGGTTA-L8TX_180221_01_D10	L2_3_IT_CTX
GTGGGTCGTCTGATCA-L8TX_180221_01_D11	L2_3_IT_CTX
CATCGAACAGTATAAG-L8TX_180907_01_G10	L2_3_IT_CTX
GTATCTTTCATACGGT-L8TX_180115_01_H10	L2_3_IT_CTX
TCGGGACAGAGGTTGC-L8TX_180907_01_B12	L2_3_IT_CTX
TCGGGACAGCCAGGAT-L8TX_180221_01_H11	L2_3_IT_CTX
ACTATCTGTCACTTCC-L8TX_180907_01_B12	L2_3_IT_CTX
GTTAAGCGTACGAAAT-L8TX_180907_01_F11	L2_3_IT_CTX
CGAACATCACCATCCT-L8TX_180115_01_G11	L2_3_IT_CTX
CTACACCAGGTGACCA-L8TX_180926_01_E01	L2_3_IT_CTX
GCGCCAAGTAGCGCAA-L8TX_180406_01_E06	L2_3_IT_CTX
TCGGTAAAGCAATCTC-L8TX_200611_02_A05	L2_3_IT_CTX
ACGGAGAGTAAGTAGT-L8TX_180115_01_B11	L2_3_IT_CTX
CTAACTTAGCTAAACA-L8TX_190312_01_G01	L2_3_IT_CTX
GAGGTGATCACAACGT-L8TX_180221_01_B11	L2_3_IT_CTX
CCCAGTTGTCACAAGG-L8TX_180221_01_B10	L2_3_IT_CTX
GCTGCGATCATCTGTT-L8TX_180115_01_A09	L2_3_IT_CTX
GGACGTCCAATGACCT-L8TX_171026_01_G04	L2_3_IT_CTX
TGTATTCGTCTCATCC-L8TX_180829_01_E10	L2_3_IT_CTX
AATCCAGGTCTCCATC-L8TX_190312_01_D02	L2_3_IT_CTX
TCAGCTCAGTTGAGTA-L8TX_171026_01_H03	L2_3_IT_CTX
TTATGCTAGTCTCCTC-L8TX_180221_01_B12	L2_3_IT_CTX
TGAGCATAGAGTAAGG-L8TX_180712_01_G05	L2_3_IT_CTX
GGACAAGGTAGAAGGA-L8TX_181011_01_G02	L2_3_IT_CTX
CATCAGAGTTCGGCAC-L8TX_180115_01_H08	L2_3_IT_CTX
CCGTTCAAGACAGAGA-L8TX_180829_01_D09	L2_3_IT_CTX
GTAGGCCTCGCTTAGA-L8TX_180115_01_E08	L2_3_IT_CTX
AGGCCGTGTGATAAGT-L8TX_180115_01_G10	L2_3_IT_CTX
ATGGGAGCAGCTTAAC-L8TX_180115_01_H11	L2_3_IT_CTX
CTTTGCGTCATGTGGT-L8TX_180115_01_G11	L2_3_IT_CTX
CATCAGAAGCTAGTCT-L8TX_180712_01_C06	L2_3_IT_CTX
CTCATTAGTTTGACTG-L8TX_180115_01_G11	L2_3_IT_CTX
CGTAGGCAGATGCCAG-L8TX_181012_01_G04	L2_3_IT_CTX
GTTCGGGAGCGGATCA-L8TX_180115_01_D09	L2_3_IT_CTX
TAAGTGCTCTACCTGC-L8TX_180221_01_H11	L2_3_IT_CTX
CCACGGAGTACTTGAC-L8TX_181206_01_D12	L2_3_IT_CTX
TTGGAACAGACACTAA-L8TX_180907_01_F10	L2_3_IT_CTX
TGCGGGTAGACATAAC-L8TX_190312_01_C02	L2_3_IT_CTX
TTTATGCCATCACGAT-L8TX_180115_01_C09	L2_3_IT_CTX
TTTATGCGTGACGCCT-L8TX_180115_01_A10	L2_3_IT_CTX
AGCATACAGCTTATCG-L8TX_181012_01_E05	L2_3_IT_CTX
AGTAGTCGTCTACCTC-L8TX_180115_01_D11	L2_3_IT_CTX
AGCTCCTGTATAAACG-L8TX_180926_01_D01	L2_3_IT_CTX
GCGACCAAGTACCGGA-L8TX_190312_01_C02	L2_3_IT_CTX
TTCGAAGTCCCAAGTA-L8TX_180115_01_B09	L2_3_IT_CTX
TTTATGCCATCACGTA-L8TX_171026_01_C05	L2_3_IT_CTX
CCTCAGTAGACTACAA-L8TX_180712_01_G05	L2_3_IT_CTX
TCGGTAATCTGTACGA-L8TX_171026_01_F03	L2_3_IT_CTX
ACTTTCAAGCTAGTTC-L8TX_180712_01_G05	L2_3_IT_CTX
CTCGTACTCAGAGCTT-L8TX_180115_01_G08	L2_3_IT_CTX
GGATGTTTCTGCGTAA-L8TX_180115_01_B10	L2_3_IT_CTX
TTTATGCTCTATCCTA-L8TX_180221_01_D09	L2_3_IT_CTX
CACACAAAGTGACATA-L8TX_180115_01_G11	L2_3_IT_CTX
ACGGGTCTCCCAACGG-L8TX_180115_01_G10	L2_3_IT_CTX
TGACGGCCATCCGGGT-L8TX_180926_01_E01	L2_3_IT_CTX
TTGTAGGAGATCTGCT-L8TX_180504_01_E01	L2_3_IT_CTX
CCCTCCTAGCTAAACA-L8TX_180712_01_G05	L2_3_IT_CTX
CCTATTAAGGACACCA-L8TX_171120_01_D07	L2_3_IT_CTX
CAAGAAAGTAAGTTCC-L8TX_180907_01_F10	L2_3_IT_CTX
TAGTTGGTCACATGCA-L8TX_180115_01_F11	L2_3_IT_CTX
CAGCCGAGTTCAGGCC-L8TX_171026_01_G04	L2_3_IT_CTX
CGTTGGGGTACCGTTA-L8TX_190312_01_C02	L2_3_IT_CTX
CAACTAGGTTGGAGGT-L8TX_180926_01_E12	L2_3_IT_CTX
GTAGTCAAGTACGCCC-L8TX_171026_01_A04	L2_3_IT_CTX
GACCAATAGCTTATCG-L8TX_180115_01_G10	L2_3_IT_CTX
TACACGAGTTGGAGGT-L8TX_180221_01_E11	L2_3_IT_CTX
TGCGGGTAGCTCCCAG-L8TX_171026_01_F03	L2_3_IT_CTX
ACACCAATCGGAGGTA-L8TX_180907_01_B12	L2_3_IT_CTX
GCGCGATAGTGCAAGC-L8TX_180221_01_H09	L2_3_IT_CTX
GCTGCGAAGAAACCGC-L8TX_180406_01_C06	L2_3_IT_CTX
GAACATCTCGAGCCCA-L8TX_181206_01_B12	L2_3_IT_CTX
AGGCCACAGATGCCAG-L8TX_180221_01_B11	L2_3_IT_CTX
TTCCCAGAGTTGAGAT-L8TX_190312_01_G02	L2_3_IT_CTX
TCGTAGAGTACGACCC-L8TX_181011_01_C04	L2_3_IT_CTX
ACGCCAGCATTGGTAC-L8TX_180115_01_G11	L2_3_IT_CTX
CGGACGTAGACCACGA-L8TX_180115_01_B09	L2_3_IT_CTX
CGTGAGCTCACCCGAG-L8TX_180115_01_F08	L2_3_IT_CTX
GACGTTATCTCTGAGA-L8TX_180712_01_G05	L2_3_IT_CTX
CCATGTCGTGACGCCT-L8TX_181011_01_G02	L2_3_IT_CTX
TCAGCAAAGCGATAGC-L8TX_180115_01_D11	L2_3_IT_CTX
CGATGTACAGATGAGC-L8TX_180907_01_G10	L2_3_IT_CTX
ATCATCTTCATTATCC-L8TX_180907_01_E11	L2_3_IT_CTX
CGCGGTACACCACGTG-L8TX_171026_01_G03	L2_3_IT_CTX
GGACGTCGTCTTGATG-L8TX_171026_01_G04	L2_3_IT_CTX
CGGGTCATCATCGCTC-L8TX_180221_01_F11	L2_3_IT_CTX
GACGGCTCATCACGAT-L8TX_181206_01_D12	L2_3_IT_CTX
TATCAGGGTGTAAGTA-L8TX_190312_01_B02	L2_3_IT_CTX
CAGCGACGTTATGTGC-L8TX_180907_01_B12	L2_3_IT_CTX
GACGTTACATGCCTAA-L8TX_180907_01_H11	L2_3_IT_CTX
GGGCATCTCACTTACT-L8TX_180907_01_B11	L2_3_IT_CTX
GATCGATGTGCCTTGG-L8TX_181011_01_A03	L2_3_IT_CTX
AGAGCGATCGGCGCTA-L8TX_180221_01_C10	L2_3_IT_CTX
TGCGTGGCAATGGATA-L8TX_180115_01_B10	L2_3_IT_CTX
GGATTACGTTCCGTCT-L8TX_180221_01_E11	L2_3_IT_CTX
ACGAGCCCAATAGCGG-L8TX_180221_01_F09	L2_3_IT_CTX
CTGGTCTAGCTATGCT-L8TX_180907_01_B11	L2_3_IT_CTX
GCATACAAGCGTAGTG-L8TX_180907_01_G10	L2_3_IT_CTX
TGAAAGAAGCGAAGGG-L8TX_180115_01_F11	L2_3_IT_CTX
CTCCTAGTCATCGATG-L8TX_180115_01_C10	L2_3_IT_CTX
AGATTGCGTTCAGACT-L8TX_180115_01_B11	L2_3_IT_CTX
AGTAGTCCAAATACAG-L8TX_180221_01_G09	L2_3_IT_CTX
CGATTGAGTCTAGCGC-L8TX_180115_01_H11	L2_3_IT_CTX
GGACAGAGTAGCGCTC-L8TX_190312_01_A03	L2_3_IT_CTX
AGTGGGATCATGTCTT-L8TX_190312_01_H02	L2_3_IT_CTX
CGTCAGGAGAGTAATC-L8TX_180221_01_B11	L2_3_IT_CTX
TGACTAGTCACTTATC-L8TX_181206_01_E12	L2_3_IT_CTX
CAAGATCGTCGCGAAA-L8TX_190312_01_B01	L2_3_IT_CTX
AACTGGTCAAAGTCAA-L8TX_180712_01_E05	L2_3_IT_CTX
TGAGGGACATCGATGT-L8TX_180115_01_E09	L2_3_IT_CTX
GCACTCTCAAAGAATC-L8TX_180221_01_D10	L2_3_IT_CTX
GCTTCCATCGCGATCG-L8TX_171026_01_F05	L2_3_IT_CTX
CTGATAGGTTAAGTAG-L8TX_180221_01_D09	L2_3_IT_CTX
TGGCCAGAGTACTTGC-L8TX_181011_01_H02	Sst
TTCTTAGCAGACAAAT-L8TX_180221_01_E09	Sst
TAAGAGATCGCACTCT-L8TX_171026_01_H05	Sst
GGGATGAGTTCAACCA-L8TX_200611_02_A05	Sst
GTTCATTCAGGGATTG-L8TX_181206_01_E12	Sst
CCCAGTTGTTGTCGCG-L8TX_180221_01_A10	Sst
TGCGCAGGTATCGCAT-L8TX_180221_01_E09	Sst
TAAGCGTAGATCTGCT-L8TX_180926_01_B01	Sst
CAGAGAGTCTAACCGA-L8TX_180221_01_B10	Sst
GTGCAGCCAGATAATG-L8TX_180115_01_G09	Sst
AACTGGTCACCAGGTC-L8TX_171026_01_G04	Sst
ATAACGCTCGCCAAAT-L8TX_180115_01_B10	Sst
GTAGGCCGTTGCGCAC-L8TX_180221_01_B11	Sst
CCATTCGAGCGACGTA-L8TX_181206_01_A12	Sst
TATCAGGTCTAAGCCA-L8TX_180115_01_C11	Sst
ATGGGAGGTCTTGATG-L8TX_171026_01_H05	Sst
AACACGTTCCTTTCTC-L8TX_180115_01_F11	Sst
AAAGCAAAGTCTCGGC-L8TX_180221_01_F10	Sst
ACAGCTAGTAAGGGAA-L8TX_180907_01_B11	Sst
GGATTACAGAGACTAT-L8TX_180926_01_D01	Sst
CGCGTTTAGGGAACGG-L8TX_180712_01_C06	Sst
GGATGTTAGCCGCCTA-L8TX_171026_01_H04	Sst
GTCATTTCAACCGCCA-L8TX_171120_01_H07	Sst
GATCGTATCACAATGC-L8TX_180221_01_D10	Sst
AGTTGGTAGGGCACTA-L8TX_171026_01_G05	Sst
CGTCTACCATTGGTAC-L8TX_181206_01_C12	Sst
CGTGTCTAGGATTCGG-L8TX_180406_01_E06	Sst
CAACCAAAGATTACCC-L8TX_180221_01_D11	Sst
TACGGTAAGATAGCAT-L8TX_180221_01_H10	Sst
TCTTCGGCAATCAGAA-L8TX_180115_01_B10	Sst
ACTTGTTCAGTTTACG-L8TX_180221_01_A10	Sst
AGATTGCAGATGCCAG-L8TX_180221_01_A12	Sst
TAGCCGGCATTGAGCT-L8TX_180115_01_C11	Sst
GAAATGAGTCCAGTTA-L8TX_180712_01_A06	Sst
CGTTCTGCAGACACTT-L8TX_180115_01_F10	Sst
TTGGAACCATGCCACG-L8TX_180712_01_B06	Sst
GCTGCAGCAAGGACTG-L8TX_180406_01_G02	Sst
CGAGCCAGTATCACCA-L8TX_181012_01_C05	Sst
CACCACTTCACTTCAT-L8TX_171120_01_E07	Sst
CCGGGATAGCTCCTCT-L8TX_180926_01_E01	Sst
TCTGAGAGTTATGCGT-L8TX_180221_01_C11	Sst
CTCGGGAGTCATCCCT-L8TX_180221_01_B12	Sst
CGAGCCATCAACCATG-L8TX_171026_01_G03	Sst
AAATGCCGTGGCTCCA-L8TX_180221_01_G10	Sst
TGGACGCGTACGCTGC-L8TX_180115_01_H10	Sst
CACATAGTCAAGATCC-L8TX_180221_01_D09	Sst
AGCAGCCTCTTCATGT-L8TX_180406_01_C02	Sst
TCGAGGCGTAATCGTC-L8TX_190312_01_E02	Sst
GTTAAGCCACATCTTT-L8TX_171120_01_F07	Sst
ATCTACTAGAGTCTGG-L8TX_180115_01_D11	Sst
GTTTCTACACAGACAG-L8TX_180221_01_F11	Sst
GACGTTAGTGTTCGAT-L8TX_181206_01_B12	Sst
ACTGTCCGTGGTCTCG-L8TX_180221_01_H12	Sst
TGAGCATTCATTTGGG-L8TX_180115_01_B09	Sst
CGAACATTCCTCCTAG-L8TX_190312_01_A03	Sst
GCATGTAGTCGCTTTC-L8TX_171120_01_F07	Sst
CTACGTCGTACGAAAT-L8TX_180221_01_B10	Sst
TCGGTAATCTTAGAGC-L8TX_180829_01_E10	Sst
CAACCTCTCACAATGC-L8TX_171120_01_H07	Sst
ACGCCGAGTGATGTCT-L8TX_180712_01_G05	Sst
GTGTTAGCAGCTCGCA-L8TX_171026_01_B04	Sst
AACTCCCTCCGAACGC-L8TX_171120_01_E07	Sst
TACTCATTCCCGACTT-L8TX_180907_01_G10	Sst
GTCAAGTTCAAGCCTA-L8TX_180115_01_B09	Sst
GCTCTGTGTTGTGGCC-L8TX_180115_01_H10	Sst
ATCCACCCAGACGCTC-L8TX_180115_01_C09	Sst
CACTCCATCGGAAACG-L8TX_180829_01_D10	Sst
CCAGCGACAGATAATG-L8TX_171026_01_B05	Sst
CTACCCAGTGGTGTAG-L8TX_180907_01_F11	Sst
GGATGTTCATGTTGAC-L8TX_180115_01_A09	Sst
CTAGCCTTCACAACGT-L8TX_180115_01_E08	Sst
TCAGATGAGTGGACGT-L8TX_180406_01_E01	Sst
CCGTTCACAAGCCCAC-L8TX_180221_01_H12	Sst
ACTATCTCATCGGGTC-L8TX_180221_01_F10	Sst
ACTGATGCAGACGCCT-L8TX_171026_01_G03	Sst
TCGGGACAGGTAGCCA-L8TX_180712_01_B06	Sst
TGATTTCAGGATTCGG-L8TX_180406_01_B06	Sst
GATCAGTAGATGAGAG-L8TX_180115_01_G11	Sst
ACGCCGACACTGTTAG-L8TX_180712_01_E05	Sst
TTGGAACTCCTAGAAC-L8TX_171026_01_G03	Sst
CGTAGCGAGATCACGG-L8TX_180712_01_F05	Sst
GGTGCGTTCCATGAGT-L8TX_180115_01_A10	Sst
ATCTGCCCAGGGTACA-L8TX_180115_01_B11	Sst
GAGTCCGGTATATGAG-L8TX_180712_01_H05	Sst
GAGGTGAAGAGAACAG-L8TX_180221_01_A12	Sst
AACTCTTGTAATCACC-L8TX_180926_01_F01	Sst
TTTACTGTCTCGCATC-L8TX_171026_01_G03	Sst
GAGCAGAAGTAAGTAC-L8TX_180406_01_G07	Sst
TTTACTGCAACGCACC-L8TX_171026_01_H03	Sst
CTAGTGATCGTGGTCG-L8TX_180115_01_G10	Sst
GCGCCAAGTCCTCCAT-L8TX_181011_01_A03	Sst
GTACTTTAGGGATGGG-L8TX_180115_01_F11	Sst
TACTCGCAGTTCGCAT-L8TX_180406_01_F02	Sst
TCGCGAGAGACAGAGA-L8TX_180221_01_H12	Sst
TAGCCGGTCTTGTCAT-L8TX_180115_01_F08	Sst
GGATGTTAGGTGTTAA-L8TX_171026_01_E05	Sst
CCCAATCAGAAACCAT-L8TX_171120_01_H07	Sst
ATGGGAGGTAGCGATG-L8TX_180221_01_E10	Sst
TGTGGTAAGATGCCAG-L8TX_190312_01_C01	Sst
GAATGAAAGATCACGG-L8TX_171120_01_H07	Sst
TTGGAACAGGTCGGAT-L8TX_171120_01_C07	Sst
ATGAGGGGTTAGGGTG-L8TX_180926_01_B01	Sst
ACGCAGCAGCCCGAAA-L8TX_180221_01_B10	Sst
GTCTTCGCAACACCCG-L8TX_180115_01_C11	Sst
TGGACGCAGGGTTTCT-L8TX_180221_01_D10	Sst
GACCTGGTCCATTCTA-L8TX_180221_01_F11	Sst
GTATCTTGTAGCGTGA-L8TX_180406_01_G02	Sst
ACCAGTATCTATCCTA-L8TX_181012_01_G04	Sst
CCTAAAGAGTGCCAGA-L8TX_190312_01_F02	Sst
AGTAGTCTCCGCGTTT-L8TX_180115_01_E10	Sst
CAGAATCCACTGAAGG-L8TX_180221_01_H09	Sst
GGAGCAAGTGGAAAGA-L8TX_171026_01_F05	Sst
CACAGGCCAAGGACTG-L8TX_180926_01_E01	Sst
CCCAGTTCAGACGTAG-L8TX_180221_01_C10	Sst
GACAGAGAGCTACCTA-L8TX_180406_01_C01	Sst
GACAGAGGTTTCCACC-L8TX_180221_01_C11	Sst
ACCTTTAAGCCAGTAG-L8TX_180115_01_A11	Sst
TTATGCTGTCGCCATG-L8TX_180926_01_E12	Sst
CTGCGGACAACACCTA-L8TX_181012_01_G04	Sst
ATTGGACTCACATGCA-L8TX_180115_01_A09	Sst
GTGAAGGGTGTCAATC-L8TX_180115_01_H11	Sst
TTAGGACAGGCTAGCA-L8TX_180115_01_D11	Sst
GTTCGGGGTATAGTAG-L8TX_180115_01_B11	Sst
TACGGGCGTCTAAACC-L8TX_180115_01_E10	Sst
TTATGCTTCCGTTGTC-L8TX_180221_01_D10	Sst
AAAGCAATCGAGAGCA-L8TX_180221_01_D10	Sst
GCATGCGCACAGCCCA-L8TX_190312_01_B02	Sst
GAACATCCATAAGACA-L8TX_171026_01_A04	Sst
GTGCAGCAGACACGAC-L8TX_171026_01_G03	Sst
TTCTACAGTGTGGTTT-L8TX_190312_01_G02	Sst
CGCTATCCATATACGC-L8TX_180712_01_H05	Sst
AAAGTAGAGCGATTCT-L8TX_171026_01_G04	Sst
ATTACTCAGGGAACGG-L8TX_180115_01_B11	Sst
TAGCCGGGTTGCCTCT-L8TX_180221_01_A12	Sst
CCTAAAGAGTCATGCT-L8TX_180406_01_C07	Sst
CGTCTACGTGTGACGA-L8TX_180221_01_E10	Sst
ACGCCGAAGTCTCCTC-L8TX_180115_01_E08	Sst
AAGACCTAGAGGGATA-L8TX_171026_01_F03	Sst
TGCTGCTAGGCGTACA-L8TX_180221_01_D11	Sst
TCTTTCCCATATGGTC-L8TX_180221_01_G10	Sst
ACGATACAGAACTGTA-L8TX_180115_01_A11	Sst
ATTTCTGAGACCTAGG-L8TX_180907_01_B11	Sst
TCAGATGAGGTGATTA-L8TX_180406_01_C06	Sst
GTCAAGTGTTTCCACC-L8TX_180221_01_C10	Sst
GGACGTCAGGGCATGT-L8TX_171120_01_E07	Sst
TCAGGATGTGGACGAT-L8TX_180221_01_H10	Sst
GACTGCGAGACCCACC-L8TX_180115_01_D11	Sst
ATTACTCAGAAGCCCA-L8TX_180829_01_D09	Sst
GTTCATTCACCGATAT-L8TX_180115_01_D10	Sst
CCGTTCACAGCCTATA-L8TX_171026_01_B05	Sst
AGCTCCTAGATGCGAC-L8TX_171026_01_A05	Sst
GGACAGAAGGAATGGA-L8TX_181206_01_A12	Sst
GCTTGAATCACAAACC-L8TX_180115_01_C11	Sst
AGCGTATCAGCGTAAG-L8TX_180406_01_B01	Sst
GGAAAGCGTGAACCTT-L8TX_180115_01_C11	Sst
AGCTCTCTCTCTTATG-L8TX_180712_01_F05	Sst
CCAATCCCATCGATTG-L8TX_180115_01_E08	Sst
ACCTTTACATGTTCCC-L8TX_180221_01_C12	Sst
GAACGGAAGGCCGAAT-L8TX_180221_01_B10	Sst
GCACTCTGTATGAATG-L8TX_180406_01_H01	Sst
CTGTGCTTCATCGCTC-L8TX_171026_01_A05	Sst
ATCCACCAGGTCGGAT-L8TX_181206_01_A12	Sst
AGCTTGAAGCTGATAA-L8TX_180829_01_D09	Sst
AGCCTAAGTTTAGGAA-L8TX_180907_01_G10	Sst
TACCTTATCACGACTA-L8TX_180115_01_E09	Sst
AGGCCGTAGCGTGTCC-L8TX_180221_01_H09	Sst
GTACGTAGTAGGAGTC-L8TX_180115_01_C10	Sst
TTAGTTCAGATCTGCT-L8TX_180115_01_H10	Sst
CATCAAGAGTGGAGAA-L8TX_180607_01_C05	Sst
CCTCAGTTCATCACCC-L8TX_180221_01_H12	Sst
CGACCTTCAGTCTTCC-L8TX_180406_01_C06	Sst
AAGGAGCGTTAGGGTG-L8TX_180926_01_E01	Sst
ACGCAGCGTTCGGGCT-L8TX_180221_01_B12	Sst
TGGTTCCCAGTAACGG-L8TX_180115_01_A10	Sst
AACTTTCTCTAGAGTC-L8TX_180406_01_E02	Sst
CAGTCCTGTCTTCGTC-L8TX_180115_01_E09	Sst
CATATGGGTGCGAAAC-L8TX_180115_01_B11	Sst
AGGTCATTCGCGTTTC-L8TX_180115_01_E08	Sst
GCTGGGTGTCTCCACT-L8TX_171026_01_G03	Sst
GCAAACTCACGGCTAC-L8TX_180406_01_H02	Sst
GCTTCCAGTAAGCACG-L8TX_180221_01_H11	Sst
CTGATCCTCCGAATGT-L8TX_180115_01_E11	Sst
ATTGGTGAGGGATCTG-L8TX_181011_01_C03	Sst
TTTGCGCCATTGTGCA-L8TX_180712_01_G05	Sst
AGCGGTCCAGGTCGTC-L8TX_180406_01_B06	Sst
GGGTTGCGTCCAAGTT-L8TX_180115_01_C11	Sst
ACTTTCAAGCTGAAAT-L8TX_180221_01_C10	Sst
GAGGTGACAGATCTGT-L8TX_180115_01_B11	Sst
GGTATTGCAGACGCTC-L8TX_171026_01_G03	Sst
ATTGGTGGTCGAGATG-L8TX_180926_01_C12	Sst
CTCGAGGGTGCCTTGG-L8TX_180406_01_E02	Sst
TAAGCGTCATAGAAAC-L8TX_171026_01_G05	Sst
AACACGTGTCCGAAGA-L8TX_180221_01_F11	Sst
TGAAAGATCGCATGAT-L8TX_180115_01_E09	Sst
CAGCCGATCAGCATGT-L8TX_180221_01_G10	Sst
CTCCTAGGTTAGTGGG-L8TX_180221_01_C09	Sst
GCAGCCAGTCGAACAG-L8TX_180406_01_H01	Sst
ACGCCAGAGTACGTTC-L8TX_180221_01_F10	Sst
GTCGGGTAGTAGCGGT-L8TX_171026_01_H03	Sst
GTTCGGGGTCAGAATA-L8TX_180926_01_D01	Sst
CTCATTACAAGCTGAG-L8TX_181012_01_H04	Sst
GGCTCGAAGTAGGTGC-L8TX_180221_01_H10	Sst
TGAGCCGGTTACGACT-L8TX_180712_01_G05	Sst
CTGTTTATCAAACAAG-L8TX_180712_01_G05	Sst
GTAACTGGTTAAGAAC-L8TX_171026_01_C05	Sst
TCGCGAGTCTACTTAC-L8TX_190312_01_B02	Sst
CGTAGGCAGAGCCCAA-L8TX_180221_01_D10	Sst
TCGGTAATCAGCAACT-L8TX_180221_01_C09	Sst
CGCTGGATCACCTTAT-L8TX_181012_01_H04	Sst
TCTATTGTCGGAAACG-L8TX_180221_01_D09	Sst
TTTACTGAGCCAACAG-L8TX_180829_01_D09	Sst
TGCACCTAGCCTTGAT-L8TX_171026_01_A05	Sst
GGAGCAATCTCTTGAT-L8TX_180406_01_H01	Sst
GCTTGAAGTACCGGCT-L8TX_171026_01_B04	Sst
GGACATTCAGTATAAG-L8TX_180115_01_D09	Sst
GTAGGCCGTGCTAGCC-L8TX_180712_01_G05	Sst
TGAAAGATCGTAGATC-L8TX_171026_01_B05	Sst
ACACCGGCACAAGTAA-L8TX_181011_01_C04	Sst
GAATAAGGTCTAGCCG-L8TX_180221_01_B10	Sst
CGATTGACAACTGCGC-L8TX_180907_01_A12	Sst
CGCTGGAAGCCGGTAA-L8TX_180907_01_A12	Sst
TGCCAAATCATCGCTC-L8TX_180115_01_H09	Sst
ACAGCCGAGACAATAC-L8TX_180406_01_B01	Sst
GAAATGATCTGTCAAG-L8TX_200625_02_E11	Sst
CGAGCCACAGGTCGTC-L8TX_180115_01_D11	Sst
ACAGCTATCAACACTG-L8TX_180221_01_D10	Sst
TTGGCAAAGAGTAATC-L8TX_180115_01_G08	Sst
CGTCTACCAAAGGAAG-L8TX_181011_01_H02	Sst
ATGAGGGTCTCTAGGA-L8TX_180221_01_F09	Sst
CATCGGGGTAATCACC-L8TX_171026_01_A05	Sst
TGCCAAAGTAAGGATT-L8TX_180221_01_F10	Sst
CATGGCGGTCACACGC-L8TX_180712_01_B06	Sst
GTCACAAGTTTAAGCC-L8TX_181206_01_F12	Sst
GCGACCACAGATGGGT-L8TX_190312_01_G02	Sst
TATTACCAGCTTCGCG-L8TX_180712_01_G05	Sst
ATTATCCGTACTTGAC-L8TX_181011_01_G02	Sst
TGGTTCCCATCGATGT-L8TX_171120_01_C07	Sst
CATATTCAGGAGCGAG-L8TX_190312_01_C02	Sst
GCTGCTTAGTGCCATT-L8TX_190312_01_H02	Sst
GCATACACAATAGCAA-L8TX_190312_01_F02	Sst
CGTGTAAAGCCAACAG-L8TX_180115_01_B11	Sst
TTCTACATCAAACAAG-L8TX_180907_01_G10	Sst
TTCTCAAGTTACAGAA-L8TX_180115_01_F11	Sst
CTGGTCTCACCTTGTC-L8TX_180221_01_E09	Sst
GCCAAATGTGGTCTCG-L8TX_180221_01_F10	Sst
ACATGGTAGAAACCTA-L8TX_181012_01_C05	Sst
ACACCCTCAGTACACT-L8TX_180221_01_D11	Sst
AGGTCCGTCGCCCTTA-L8TX_171026_01_H05	Sst
AAGGTTCCAACTGCTA-L8TX_181011_01_H02	Sst
GCTTCCATCGTGGTCG-L8TX_180115_01_H10	Sst
CAGCCGAGTGCACTTA-L8TX_180221_01_C11	Sst
GCATGCGGTAGGCATG-L8TX_180221_01_E11	Sst
GCTCTGTTCACTTATC-L8TX_181206_01_A12	Sst
GTGCAGCCATCGATGT-L8TX_180115_01_E11	Sst
CTTAGGATCACAACGT-L8TX_180221_01_F12	Sst
TCAGCAAGTAGATTAG-L8TX_180406_01_B06	Sst
CTGATCCAGCAGCGTA-L8TX_180607_01_C05	Sst
TCGTAGATCCGCGTTT-L8TX_180712_01_G05	Sst
CGCTTCAAGATAGCAT-L8TX_180115_01_H11	Sst
TCGTACCGTCGCTTTC-L8TX_180221_01_F10	Sst
GTCTTCGGTCAGTGGA-L8TX_180115_01_B11	Sst
GGCGACTCAAGGACTG-L8TX_180221_01_C12	Sst
CCACTACAGAAACGCC-L8TX_180115_01_E09	Sst
CGTTAGACAGTTAACC-L8TX_180406_01_C02	Sst
CACCTTGTCACGACTA-L8TX_180221_01_H09	Sst
CTACGTCGTCGAGATG-L8TX_180221_01_D11	Sst
ACATACGAGAAGGGTA-L8TX_171120_01_G07	Sst
TGTCCCAGTAAGTAGT-L8TX_180221_01_E11	Sst
GTAACTGTCCCATTTA-L8TX_180907_01_B11	Sst
AGGCCGTGTCTAGTCA-L8TX_180221_01_E10	Sst
ACGATGTTCACCTCGT-L8TX_180221_01_C10	Sst
CACTCCAGTAAGGGAA-L8TX_180406_01_C07	Sst
GGCAATTTCCAAACTG-L8TX_180829_01_E10	Sst
TGACTAGAGCTAACAA-L8TX_180221_01_H11	Sst
AACCATGTCTTGTTTG-L8TX_180221_01_F10	Sst
CTTCTCTAGAATGTTG-L8TX_180926_01_B01	Sst
CTAGAGTGTTACGTCA-L8TX_171026_01_E05	Sst
ACACCAAGTTCGTCTC-L8TX_180712_01_A06	Sst
GTCTCGTCACGGCGTT-L8TX_180406_01_H02	Sst
AGGCCGTTCGTCGTTC-L8TX_171026_01_D05	Sst
TAGGCATGTTACCGAT-L8TX_180712_01_C06	Sst
AACCATGAGGCTCTTA-L8TX_180221_01_C11	Sst
GATCGATGTCTTGATG-L8TX_180712_01_B06	Sst
CGATGTAGTTCGTTGA-L8TX_180926_01_F01	Sst
CACATAGAGTATCTCG-L8TX_180115_01_G10	Sst
ACTGCTCTCGACCAGC-L8TX_180221_01_C09	Sst
AATCGGTAGTGGTAAT-L8TX_171026_01_A05	Sst
GTAACTGGTTACGGAG-L8TX_180221_01_G09	Sst
GGGCACTCATGGATGG-L8TX_180504_01_E01	Sst
TGATTTCCAATTGCTG-L8TX_181012_01_B05	Sst
GTAGTCACAGATCCAT-L8TX_181011_01_C03	Sst
CAGGTGCGTAGGCATG-L8TX_180907_01_H11	Sst
GGGAATGGTTGTTTGG-L8TX_181011_01_C03	Sst
TAGTTGGGTACTTAGC-L8TX_190312_01_F02	Sst
TCGAGGCGTCTCAACA-L8TX_181012_01_B05	Sst
TGCGGGTGTCGCGTGT-L8TX_180115_01_C11	Sst
CTAACTTTCGGAAACG-L8TX_180115_01_H09	Sst
TGTCCCACAATCAGAA-L8TX_180221_01_D09	Sst
ACTGAGTAGCCAGTTT-L8TX_181206_01_H11	Sst
GCAAACTAGGCCATAG-L8TX_180221_01_D09	Sst
AGCTTGAGTTACCAGT-L8TX_180406_01_C07	Sst
AGAATAGGTTTAGCTG-L8TX_171026_01_F05	Sst
CTCCTAGAGAGTACCG-L8TX_171026_01_A05	Sst
GTTCTCGTCTCCAGGG-L8TX_180115_01_E09	Sst
CGCTGGAGTGAGGGTT-L8TX_180221_01_G10	Sst
GATCTAGGTCCATGAT-L8TX_171120_01_C07	Sst
CACCTTGCAACGATGG-L8TX_180115_01_D10	Sst
TGAGCATCACGCTTTC-L8TX_180221_01_F10	Sst
CAGCATAAGCTTCGCG-L8TX_171026_01_C05	Sst
TAAGAGAAGTACGATA-L8TX_180406_01_C08	Sst
GCGCAGTCAAGAAGAG-L8TX_180907_01_E11	Sst
GACTAACCAGCATACT-L8TX_171026_01_B04	Sst
TGAGCCGCAGCTGGCT-L8TX_181206_01_F12	Sst
GACGCGTAGATCCCGC-L8TX_180221_01_F09	Sst
GCTGCTTCAGTCAGAG-L8TX_180115_01_C09	Sst
GGAACTTAGGATGGTC-L8TX_180221_01_F10	Sst
ATCTACTCAAGCTGTT-L8TX_171026_01_D05	Sst
TCAGATGTCATTGCCC-L8TX_171026_01_G04	Sst
TTCCCAGTCCCTCAGT-L8TX_180926_01_D01	Sst
TGCTGCTCAGACTCGC-L8TX_171026_01_F04	Sst
TATTACCGTTTGGCGC-L8TX_180115_01_E11	Sst
AACTCCCCATCGGTTA-L8TX_190312_01_B02	Sst
CCAGCGATCTGCGACG-L8TX_171026_01_F03	Sst
ACGGGTCCACTGTTAG-L8TX_171120_01_C07	Sst
AGATTGCGTACTCAAC-L8TX_180221_01_H10	Sst
GACGCGTCACCCATGG-L8TX_180712_01_E05	Sst
TAAGAGATCAACGGGA-L8TX_180406_01_F02	Sst
ACACCGGTCTGCAAGT-L8TX_180926_01_E01	Sst
GGCTCGACAAGGACTG-L8TX_180115_01_A11	Sst
CAGATCATCTGTCTCG-L8TX_181206_01_B12	Sst
AATCGGTAGGTAGCCA-L8TX_180115_01_G10	Sst
AGCTCTCCACGTAAGG-L8TX_180907_01_E11	Sst
CTTACCGTCGCAAGCC-L8TX_180221_01_B10	Sst
AACTGGTCAATAGAGT-L8TX_180115_01_A10	Sst
CACATTTCAGCCAATT-L8TX_171026_01_B05	Sst
ACTTTCATCCCATTTA-L8TX_180221_01_F10	Sst
CCAATCCCAATAACGA-L8TX_180406_01_B01	Sst
AGTCTTTGTAGGACAC-L8TX_171026_01_H05	Sst
CATATGGAGAGGGATA-L8TX_180221_01_D10	Sst
CAACTAGGTGTTCTTT-L8TX_180221_01_D10	Sst
TTCTCCTAGGTACTCT-L8TX_181206_01_A12	Sst
AGTGAGGGTAGAGTGC-L8TX_171026_01_G04	Sst
AAGTCTGAGCTGTTCA-L8TX_180712_01_H05	Sst
AGGGAGTGTCGCCATG-L8TX_171026_01_F04	Sst
TTTGTCATCTTGCAAG-L8TX_180115_01_E10	Sst
CGATCGGAGCTAGTCT-L8TX_171026_01_B04	Sst
CAAGGCCCAAGTCTGT-L8TX_190312_01_C02	Sst
CGTTAGAGTCAGCTAT-L8TX_180221_01_A11	Sst
GCAATCAAGACTTTCG-L8TX_171026_01_G05	Sst
CGCTATCAGGCTCAGA-L8TX_180115_01_D11	Sst
CTGTTTAGTTAAGACA-L8TX_171026_01_F03	Sst
GGAGCAAGTCCGCTGA-L8TX_180221_01_H10	Sst
AAAGTAGGTCCGACGT-L8TX_180115_01_G09	Sst
CCACTACAGGAATTAC-L8TX_181011_01_C04	Sst
CGGAGCTCACGCTTTC-L8TX_180221_01_D11	Sst
GAACGGAAGAGCTATA-L8TX_171120_01_D07	Sst
CTTACCGCACGTTGGC-L8TX_180406_01_C07	Sst
TGCGGGTGTCTAGTCA-L8TX_180406_01_E02	Sst
ATCCACCAGCCGGTAA-L8TX_171026_01_E05	Sst
CGCTTCACAGCATGAG-L8TX_180406_01_F02	Sst
CTAATGGCACAAGCCC-L8TX_181012_01_H04	Sst
GGTGAAGAGCCGTCGT-L8TX_180221_01_C09	Sst
TGGTTAGTCCCAAGAT-L8TX_180712_01_F05	Sst
GTACTTTGTTCCGGCA-L8TX_180712_01_E05	Sst
GTCAAGTTCACAGTAC-L8TX_180712_01_A06	Sst
TGACAACAGCCGTCGT-L8TX_180712_01_H05	Sst
ATCTACTGTCAAGCGA-L8TX_180115_01_B10	Sst
TTAGGCAAGAGCTGGT-L8TX_180406_01_F02	Sst
GGCTGGTAGGAACTGC-L8TX_180221_01_H12	Sst
ATGAGGGGTCTAACGT-L8TX_180712_01_G05	Sst
TACGGGCTCTCACATT-L8TX_180115_01_B10	Sst
GCTTGAAGTAGTAGTA-L8TX_180115_01_F10	Sst
AACGTTGGTAGCGTGA-L8TX_181206_01_A12	Sst
CGGGTCACAGGTGGAT-L8TX_180221_01_G10	Sst
GGCTGGTTCACCCTCA-L8TX_180115_01_F11	Sst
ACGCAGCTCCGTTGCT-L8TX_180712_01_C06	Sst
CAGCCGAGTTCTGAAC-L8TX_180221_01_A11	Sst
ATGCGATAGGGCATGT-L8TX_180221_01_C10	Sst
CGCGTTTAGCCAGTTT-L8TX_180406_01_B02	Sst
CTCGAGGTCGGCGCTA-L8TX_180712_01_C06	Sst
CGTCAGGAGGCAATTA-L8TX_180115_01_F11	Sst
CCTTCCCTCCCTTGCA-L8TX_180221_01_A11	Sst
ACGATACCATAGACTC-L8TX_180221_01_A10	Sst
TGACTAGTCGTCTGAA-L8TX_171120_01_H07	Sst
TACTTGTAGACGCTTT-L8TX_181012_01_B05	Sst
ATCACGAAGCCTATGT-L8TX_181011_01_G02	Sst
GTATCTTCACTTAACG-L8TX_180115_01_A11	Sst
AGCGGTCCAGTCAGAG-L8TX_190312_01_H01	Sst
ACCAGTACAAGCTGAG-L8TX_180907_01_B12	Sst
AAAGCAAGTACTTAGC-L8TX_171026_01_F04	Sst
GGGAGATAGCGTTGCC-L8TX_180115_01_D11	Sst
TGTTCCGCAGTAACGG-L8TX_180115_01_B11	Sst
TATTACCCACTGCCAG-L8TX_180221_01_A10	Sst
TAGTGGTTCTCTTATG-L8TX_180115_01_H11	Sst
GAACATCGTTCGGGCT-L8TX_171026_01_H03	Sst
CAAGATCAGCCAGTTT-L8TX_180115_01_C09	Sst
TTGCCGTGTACAGACG-L8TX_180712_01_A06	Sst
TCGTACCCAAAGCAAT-L8TX_180406_01_C06	Sst
CCGGTAGGTCAAAGAT-L8TX_180115_01_C09	Sst
ATCATGGTCACCTCGT-L8TX_180115_01_G09	Sst
CCTATTAAGGAATGGA-L8TX_180406_01_G01	Sst
CTGGTCTTCACCCGAG-L8TX_180907_01_F10	Sst
GGCGACTAGAATTCCC-L8TX_181012_01_B05	Sst
GTTTCTACAAATTGCC-L8TX_180221_01_A12	Sst
TCCACACCAAGAAAGG-L8TX_171120_01_C07	Sst
AAGGAGCAGGAATTAC-L8TX_180221_01_H10	Sst
ACCTTTAAGTAGTGCG-L8TX_171026_01_H03	Sst
TAGCCGGTCACTCTTA-L8TX_180221_01_B11	Sst
CTTAACTAGGGTGTGT-L8TX_171120_01_E07	Sst
TCAGATGGTACGCTGC-L8TX_180115_01_E08	Sst
CGCGTTTGTCTCGTTC-L8TX_180406_01_F02	Sst
GGGTTGCAGGCGACAT-L8TX_180406_01_B06	Sst
CCTACACCAATGACCT-L8TX_180221_01_D09	Sst
GGGTTGCTCAACGAAA-L8TX_180829_01_D10	Sst
AGGGAGTTCAGTGCAT-L8TX_180115_01_H11	Sst
ACATGGTCAGCCTATA-L8TX_180115_01_E09	Sst
CCTTCGACACCTGGTG-L8TX_180115_01_F11	Sst
TGGTTCCCACCTCGTT-L8TX_180115_01_D11	Sst
ACCGTAACAATCGGTT-L8TX_180221_01_E10	Sst
GTGAAGGGTCGTTGTA-L8TX_180221_01_H11	Sst
GGCGTGTAGAGTGAGA-L8TX_180406_01_C06	Sst
GACACGCCAGAGTGTG-L8TX_180221_01_D09	Sst
CACTCCACACATGACT-L8TX_180221_01_H09	Sst
ACACCCTCACGGCCAT-L8TX_181012_01_H04	Sst
TGGGCGTAGGTGACCA-L8TX_180406_01_C07	Sst
GTAGGCCAGACTAGAT-L8TX_180221_01_H12	Sst
CTTAGGAGTGGCAAAC-L8TX_180907_01_B12	Sst
CGAACATCAGACAGGT-L8TX_171026_01_H03	Sst
GTCCTCAGTTGGTGGA-L8TX_180406_01_C02	Sst
CGACCTTTCACTGGGC-L8TX_180115_01_A10	Sst
CTCCTAGGTATCGCAT-L8TX_180115_01_F11	Sst
TGATTTCAGGCTCTTA-L8TX_180115_01_B09	Sst
ACTGAACCATGGTCAT-L8TX_180221_01_B10	Sst
GCTCTGTTCTGAGGGA-L8TX_180829_01_E10	Sst
CGTCCATCATCTGGTA-L8TX_180115_01_G08	Sst
TTAGGCATCCACTCCA-L8TX_171026_01_E05	Sst
ATGGGAGCATGCGCAC-L8TX_171026_01_F04	Sst
GTACTTTAGCTGTTCA-L8TX_180221_01_B12	Sst
TACGGATTCCTGCAGG-L8TX_180221_01_B11	Sst
CAGCATATCGAACGGA-L8TX_180504_01_E01	Sst
GCTTGAAGTGCAGACA-L8TX_180115_01_D11	Sst
AGAGCGAAGCACCGTC-L8TX_180829_01_D09	Sst
CTCGAGGGTGCGATAG-L8TX_180406_01_B02	Sst
TGGGCGTCACAAGACG-L8TX_180115_01_F09	Sst
CAGGTGCAGAAACCAT-L8TX_180406_01_G02	Sst
TCGGGACGTCCGACGT-L8TX_181012_01_G04	Sst
CGGACGTTCGGAAATA-L8TX_180221_01_C09	Sst
TGGTTAGGTTGCTCCT-L8TX_180607_01_C05	Sst
CTACGTCTCGCCAGCA-L8TX_180115_01_E10	Sst
TTGCGTCTCTCTGAGA-L8TX_180712_01_E05	Sst
GTCACGGTCGCAAGCC-L8TX_171026_01_F05	Sst
GTAGGCCAGACGCAAC-L8TX_180712_01_B06	Sst
TGACGGCAGATAGCAT-L8TX_171026_01_H03	Sst
CGAATGTAGGGCTTCC-L8TX_171026_01_B04	Sst
CACACTCAGTCCTCCT-L8TX_180712_01_C06	Sst
ATAAGAGTCAGGTTCA-L8TX_181206_01_C12	Sst
TTCGAAGTCCACGACG-L8TX_181011_01_G02	Sst
TAGCCGGTCAACGAAA-L8TX_181011_01_H02	Sst
CACCAGGTCCACGCAG-L8TX_180406_01_E06	Sst
AGCGGTCAGAGCTATA-L8TX_171026_01_E05	Sst
TACTCGCCAGTAAGAT-L8TX_181012_01_C05	Sst
CAAGGCCCAGCTTCGG-L8TX_171120_01_D07	Sst
CTGAAGTCACACCGCA-L8TX_181011_01_G02	Sst
CACACAATCTTTACAC-L8TX_180221_01_A12	Sst
AAGCCGCAGCGTGAAC-L8TX_180907_01_B11	Sst
CGATCGGTCCACGTGG-L8TX_180406_01_D02	Sst
ACAGCTATCTCACATT-L8TX_171026_01_G04	Sst
CGTAGGCAGCTCCCAG-L8TX_180712_01_B06	Sst
CGGACTGGTTCAACCA-L8TX_180115_01_E09	Sst
CCACCTATCTTGTCAT-L8TX_180907_01_B12	Sst
TGAAAGAGTCCCTACT-L8TX_180221_01_D10	Sst
GCATGCGTCCTTTACA-L8TX_180221_01_C09	Sst
CGCTATCGTAAGAGAG-L8TX_180115_01_B11	Sst
AATCGGTAGGCTCTTA-L8TX_180115_01_B10	Sst
ATGAGGGTCACCACCT-L8TX_180406_01_E01	Sst
GGCCGATGTTCCACAA-L8TX_180221_01_H09	Sst
CGTTCTGGTCAAAGCG-L8TX_171026_01_B04	Sst
ATAAGAGAGAGTGAGA-L8TX_180115_01_G11	Sst
TTTCCTCCAATTCCTT-L8TX_171026_01_D05	Sst
TGAGCCGCACCGCTAG-L8TX_171120_01_E07	Sst
CACCAGGGTCACACGC-L8TX_180221_01_D10	Sst
TACACGAGTATATGAG-L8TX_180221_01_D11	Sst
TCAGCTCAGTACTTGC-L8TX_171120_01_G07	Sst
CCCATACAGGAGTAGA-L8TX_171026_01_A04	Sst
CCACGGATCAGCTCTC-L8TX_180406_01_D02	Sst
TGCCCATTCGGCTACG-L8TX_180115_01_G10	Sst
CATCGAAGTCTCAACA-L8TX_180907_01_G11	Sst
CCTACCATCCGAGCCA-L8TX_180115_01_D09	Sst
TTGGCAAGTGTAACGG-L8TX_180907_01_E11	Sst
GATCGATAGGGCACTA-L8TX_181206_01_C12	Sst
TGACGGCAGGTGTTAA-L8TX_180829_01_E10	Sst
AGATTGCGTTAGTGGG-L8TX_200625_02_F11	Sst
TAGTTGGCATCACGAT-L8TX_180221_01_G09	Sst
GGCAATTTCCTGCTTG-L8TX_180115_01_H10	Sst
GATCGATCACCAGGTC-L8TX_180115_01_C11	Sst
CGTTGGGGTCTTCGTC-L8TX_181011_01_H03	Sst
CTCGGAGAGGCCCTCA-L8TX_180221_01_B12	Sst
GAGGTGACATCCGCGA-L8TX_180926_01_E12	Sst
AAGGAGCAGACTACAA-L8TX_181012_01_E05	Sst
ACTGAGTCATAGGATA-L8TX_180115_01_C11	Sst
TGGGCGTCAAATTGCC-L8TX_171120_01_F07	Sst
TCAGGATTCCAGTATG-L8TX_180406_01_H02	Sst
CCATTCGGTATTACCG-L8TX_180115_01_F10	Sst
GACTAACCACAAGACG-L8TX_180926_01_E12	Sst
GACCTGGTCGGCCGAT-L8TX_180221_01_A11	Sst
AACTCCCCAAACGTGG-L8TX_181012_01_C05	Sst
GATGAAATCCGTACAA-L8TX_180115_01_D11	Sst
AAAGTAGCATTGCGGC-L8TX_180221_01_E10	Sst
AGCGTATCACATTCGA-L8TX_171026_01_E05	Sst
CTTACCGAGCCGATTT-L8TX_171026_01_H05	Sst
GTACGTATCGACCAGC-L8TX_171026_01_G03	Sst
GTCGTAATCGAATGGG-L8TX_180221_01_A12	Sst
AATCCAGAGATCGATA-L8TX_180712_01_F05	Sst
TTCTACAAGCGTTCCG-L8TX_171026_01_G03	Sst
GAGTCCGAGTAGATGT-L8TX_171026_01_A05	Sst
GAACATCCACCAGTTA-L8TX_180115_01_C09	Sst
TTGAACGCACATGTGT-L8TX_180221_01_F10	Sst
CGCTATCCAGGTGCCT-L8TX_180115_01_F11	Sst
TTATGCTGTATCGCAT-L8TX_171026_01_A05	Sst
CCTCTGAAGGACAGAA-L8TX_171026_01_H03	Sst
GGGCATCCATTAGCCA-L8TX_180115_01_C09	Sst
ACTTGTTCAAGCGCTC-L8TX_181011_01_H03	Sst
AGCTCCTCAAGCGCTC-L8TX_180115_01_C11	Sst
TGCCCTACAATACGCT-L8TX_180115_01_H10	Sst
TGGTTCCCAAGGGTCA-L8TX_180115_01_F08	Sst
GTCGTAATCCTGTACC-L8TX_180221_01_C09	Sst
TACGGGCCAGCTGCAC-L8TX_171120_01_E07	Sst
GTAGTCAGTTCAGCGC-L8TX_180221_01_G10	Sst
CAAGGCCGTCTGATTG-L8TX_180221_01_E10	Sst
GGCCGATGTACGAAAT-L8TX_181011_01_B03	Sst
TCAATCTTCCTTGACC-L8TX_180115_01_G11	Sst
ACGGAGATCTCGTTTA-L8TX_180115_01_G08	Sst
ATGGGAGAGCTACCTA-L8TX_181012_01_H04	Sst
AAACCTGTCTAGAGTC-L8TX_180115_01_H11	Sst
GTCCTCATCACATACG-L8TX_180115_01_E10	Sst
CTCTGGTTCCGTACAA-L8TX_180221_01_E10	Sst
ACAGCCGTCCCAAGTA-L8TX_180115_01_E10	Sst
ACTGAACAGTCGTTTG-L8TX_180221_01_E10	Sst
ACGGCCAGTTGGAGGT-L8TX_180406_01_F01	Sst
CGCTATCAGACTAGAT-L8TX_171026_01_E05	Sst
ACTGCTCGTACGAAAT-L8TX_180406_01_C08	Sst
GTACGTAGTATCTGCA-L8TX_171120_01_F07	Sst
GAAGCAGTCTTGCCGT-L8TX_180221_01_F09	Sst
TCAGGTATCGAGCCCA-L8TX_180221_01_D10	Sst
CATTATCCAAACGCGA-L8TX_171026_01_F04	Sst
TCTATTGCATGCAACT-L8TX_180712_01_E05	Sst
GAACGGACACCATGTA-L8TX_180221_01_E10	Sst
GATTCAGAGTCACGCC-L8TX_180115_01_F09	Sst
CGGACTGAGCGTGAAC-L8TX_180221_01_D09	Sst
GCGACCACACGGTTTA-L8TX_180406_01_B06	Sst
TGAGCATTCACAACGT-L8TX_180115_01_D11	Sst
CGCTGGAGTAGTGAAT-L8TX_180221_01_D09	Sst
AGTTGGTAGGAGTACC-L8TX_190312_01_G02	Sst
GGCGTGTGTAGGAGTC-L8TX_180221_01_D09	Sst
TAGACCACAGTTCCCT-L8TX_180907_01_F11	Sst
CTGAAACCAATGTTGC-L8TX_180406_01_H01	Sst
GACGTGCAGGACACCA-L8TX_171026_01_H03	Sst
GCGCCAAAGCACAGGT-L8TX_180907_01_B11	Sst
AGTAGTCGTAAATGTG-L8TX_180221_01_F10	Sst
CGACTTCGTACAGACG-L8TX_180221_01_E10	Sst
ATCCACCCAGATTGCT-L8TX_171026_01_E05	Sst
GGGTTGCGTGCTTCTC-L8TX_180221_01_H11	Sst
GATCGTAGTAAACGCG-L8TX_181011_01_A03	Sst
CTCAGAAGTTGTTTGG-L8TX_180115_01_C11	Sst
CGTCAGGGTCGACTAT-L8TX_180221_01_C10	Sst
GACGCGTGTACAGACG-L8TX_180712_01_H05	Sst
GGTGAAGGTCTAGCCG-L8TX_180115_01_C11	Sst
CTTAGGAGTAGCTGCC-L8TX_180221_01_D11	Sst
ACTGAGTTCGAGGTAG-L8TX_171026_01_B04	Sst
TTTACTGAGTACGTTC-L8TX_180907_01_G10	Sst
TAGACCATCTTGCATT-L8TX_180221_01_E10	Sst
ACCCACTTCGATAGAA-L8TX_180221_01_C10	Sst
GCGCAACCAATCACAC-L8TX_181012_01_G04	Sst
GGAAAGCCACCCTATC-L8TX_180406_01_F02	Sst
ACACCCTAGTAATCCC-L8TX_180221_01_D09	Sst
CCTCAGTGTTACTGAC-L8TX_180926_01_D01	Sst
GGACATTAGTCGTTTG-L8TX_180115_01_B09	Sst
CTCGAGGCACAGAGGT-L8TX_180221_01_D11	Sst
TTCGGTCCAGTACACT-L8TX_171026_01_E05	Sst
CATCAAGAGCACGCCT-L8TX_180221_01_C10	Sst
GTAGTCAAGTTGTCGT-L8TX_171120_01_F07	Sst
AACGTTGAGTGTTTGC-L8TX_181206_01_D12	Sst
TACCTATTCGTAGGAG-L8TX_181011_01_C04	Sst
TGAGCATCAGACGCCT-L8TX_181012_01_E05	Sst
CCTAAAGTCTTGAGGT-L8TX_180712_01_H05	Sst
ACTGTCCGTAGGGTAC-L8TX_180115_01_D09	Sst
GTTCTCGCAGGGTATG-L8TX_180907_01_F10	Sst
GACACGCAGTGCCAGA-L8TX_171026_01_D05	Sst
CTACGTCAGCAGGTCA-L8TX_180221_01_D10	Sst
CAACTAGCATTCGACA-L8TX_180221_01_D11	Sst
TGGGCGTAGTGGAGTC-L8TX_180115_01_B09	Sst
CAAGTTGGTTCAGACT-L8TX_180712_01_C06	Sst
TGGCGCAAGTTACCCA-L8TX_180115_01_E10	Sst
TCGTACCCATGACATC-L8TX_180221_01_C10	Sst
AATCCAGAGGGTCTCC-L8TX_171120_01_D07	Sst
GATCGATCATTCTCAT-L8TX_180115_01_B11	Sst
GCGCAACAGAGGTAGA-L8TX_180221_01_F10	Sst
CAACCTCCATACGCTA-L8TX_180115_01_F11	Sst
TCTGAGAAGAATGTTG-L8TX_180926_01_E12	Sst
ATTTCTGAGATGTGGC-L8TX_180115_01_E10	Sst
TATGCCCCAATGTTGC-L8TX_171026_01_E05	Sst
TGTGTTTCAGGCTCAC-L8TX_180712_01_H05	Sst
GTTACAGCATCACAAC-L8TX_180115_01_E09	Sst
AGGTCCGTCCAATGGT-L8TX_180712_01_G05	Sst
AGGGAGTGTCGCGGTT-L8TX_180712_01_H05	Sst
GGGAATGCACGCGAAA-L8TX_180115_01_E10	Sst
ACTGAACCATATGCTG-L8TX_180115_01_B09	Sst
GTTCGGGCAGTGAGTG-L8TX_171026_01_G03	Sst
TTTGTCATCCAGAAGG-L8TX_180221_01_E09	Sst
CTGCTGTCAATGGACG-L8TX_180907_01_H11	Sst
TCTTCGGAGGCACATG-L8TX_171120_01_D07	Sst
TTCGGTCGTGATGTCT-L8TX_180221_01_G11	Sst
GCGCAGTCACAGGAGT-L8TX_200611_02_A05	Sst
GCGCAACGTGACTACT-L8TX_180221_01_D10	Sst
CAGCAGCTCACCGTAA-L8TX_180221_01_E11	Sst
CTGCTGTTCCTAGAAC-L8TX_180406_01_D01	Sst
CGATCGGTCTGGCGTG-L8TX_180115_01_A11	Sst
GACTACACACTCAGGC-L8TX_171026_01_C05	Sst
GATCGCGAGTATTGGA-L8TX_180221_01_C09	Sst
ACAGCCGCACCGTTGG-L8TX_180829_01_E10	Sst
GTATCTTAGGTGATAT-L8TX_180115_01_G10	Sst
CCTTCCCTCTAAGCCA-L8TX_180221_01_A11	Sst
TTTATGCAGGCTAGAC-L8TX_180406_01_G02	Sst
AGGCCACCAGCTCGAC-L8TX_181012_01_G04	Sst
CTACACCAGAGACTAT-L8TX_190312_01_A03	Sst
CAGAATCGTATATGAG-L8TX_180406_01_B06	Sst
TTTATGCCAGCATGAG-L8TX_180115_01_G09	Sst
GCACTCTCATCAGTCA-L8TX_180115_01_D09	Sst
ACTTTCAAGTACGATA-L8TX_180712_01_A06	Sst
TCAATCTTCAGGCCCA-L8TX_180712_01_A06	Sst
GTTACAGTCCACGACG-L8TX_180712_01_B06	Sst
AAAGCAATCCCGACTT-L8TX_180221_01_D10	Sst
ACGCCAGCAAGAGTCG-L8TX_180221_01_B12	Sst
GATGAAAAGCTAGCCC-L8TX_180221_01_D10	Sst
AACCGCGCAGTATGCT-L8TX_171026_01_A04	Sst
CGAGCCACAGGCTGAA-L8TX_180406_01_H01	Sst
GGCTGGTCATGACGGA-L8TX_190312_01_B02	Sst
CTGCTGTAGATCGATA-L8TX_181012_01_G04	Sst
GGTGTTATCAGGCAAG-L8TX_180406_01_C06	Sst
GCAAACTTCGCTTAGA-L8TX_180115_01_C11	Sst
TGCGGGTCATGTCTCC-L8TX_180115_01_D09	Sst
TACCTATGTACACCGC-L8TX_171026_01_F04	Sst
CTGCCTATCCTAAGTG-L8TX_180406_01_C06	Sst
ACCAGTAAGTCTCGGC-L8TX_180504_01_E01	Sst
CCTCTGACAGTATCTG-L8TX_180406_01_H02	Sst
TTAGGCAAGCTTCGCG-L8TX_180115_01_C10	Sst
GTGTTAGCATAGACTC-L8TX_181011_01_A03	Sst
TTGCCGTGTGGGTATG-L8TX_180115_01_H10	Sst
CAGAGAGGTGATAAAC-L8TX_171026_01_H03	Sst
AAGGCAGAGTCAATAG-L8TX_180115_01_G10	Sst
CAGTCCTCAACTGCTA-L8TX_181011_01_H02	Sst
CCTTTCTAGGTGCTTT-L8TX_171120_01_C07	Sst
CCTACCAGTAGAAGGA-L8TX_180115_01_F10	Sst
ACAGCCGTCGGCGGTT-L8TX_171026_01_F05	Sst
TACTCGCGTTACGACT-L8TX_180115_01_E11	L5_PT_CTX
GCAGCCATCCAAATGC-L8TX_180907_01_B12	L5_PT_CTX
GATGAAAAGTCGTACT-L8TX_180115_01_F11	L5_PT_CTX
CGTCCATTCTAACGGT-L8TX_180221_01_C09	L5_PT_CTX
CAGCTAAAGGAGCGAG-L8TX_190312_01_G02	L5_PT_CTX
ATGCGATAGCCACTAT-L8TX_180221_01_E10	L5_PT_CTX
AGCGTCGAGATGTAAC-L8TX_180221_01_D11	L5_PT_CTX
CCATTCGGTTAAAGAC-L8TX_181012_01_E05	L5_PT_CTX
CATCAGACATTCCTGC-L8TX_180829_01_E10	L5_PT_CTX
CACAGTAGTCCAACTA-L8TX_180221_01_F10	L5_PT_CTX
CGCGTTTGTGGGTATG-L8TX_180221_01_F10	L5_PT_CTX
ACCAGTAAGGAGTTGC-L8TX_180221_01_D10	L5_PT_CTX
CAGCATACACAAGACG-L8TX_171026_01_B05	L5_PT_CTX
AAACGGGGTAGCTAAA-L8TX_180221_01_E10	L5_PT_CTX
AGCAGCCAGTGGGCTA-L8TX_180115_01_D11	L5_PT_CTX
GAATGAATCAATCTCT-L8TX_181011_01_H02	L5_PT_CTX
CGAGAAGTCGGTGTCG-L8TX_190312_01_G02	L5_PT_CTX
AGCTCTCTCCGTAGGC-L8TX_180115_01_G08	L5_PT_CTX
GTCATTTCAAAGAATC-L8TX_180221_01_C12	L5_PT_CTX
GACGCGTGTGACTCAT-L8TX_180221_01_A10	L5_PT_CTX
TTGCCGTTCTTAGAGC-L8TX_190312_01_C02	L5_PT_CTX
GATCTAGCACATTTCT-L8TX_180115_01_F11	L5_PT_CTX
TACACGAGTGTTAAGA-L8TX_180115_01_C11	L5_PT_CTX
AACCATGGTCGCTTTC-L8TX_180115_01_B09	L5_PT_CTX
ACTGCTCTCTCCGGTT-L8TX_190312_01_C02	L5_PT_CTX
CGAATGTCAAGCGAGT-L8TX_171026_01_B05	L5_PT_CTX
GTGCAGCGTTGGGACA-L8TX_180221_01_B12	L5_PT_CTX
TACTCATCAAGGTTTC-L8TX_180221_01_B10	L5_PT_CTX
ACGATACCAATGACCT-L8TX_190312_01_G02	L5_PT_CTX
TTTGGTTTCATCTGCC-L8TX_180221_01_F11	L5_PT_CTX
CGCGGTATCTTTAGTC-L8TX_180221_01_C09	L5_PT_CTX
TGACAACGTCTTCAAG-L8TX_171120_01_C07	L5_PT_CTX
CATCCACCACGACTCG-L8TX_171120_01_C07	L5_PT_CTX
GATTCAGAGGTGATAT-L8TX_190312_01_A03	L5_PT_CTX
CGTTCTGTCCCATTAT-L8TX_180115_01_C10	L5_PT_CTX
CGGAGTCGTACAAGTA-L8TX_180115_01_G10	L5_PT_CTX
CGATGTAGTATATGGA-L8TX_180115_01_H09	L5_PT_CTX
CTCTACGTCTCGGACG-L8TX_180221_01_B12	L5_PT_CTX
CTGAAGTGTTCACGGC-L8TX_180221_01_F10	L5_PT_CTX
ACACCCTGTCAACATC-L8TX_180221_01_E09	L5_PT_CTX
GTACTCCGTAATAGCA-L8TX_180115_01_E08	L5_PT_CTX
GGATTACCAGACGCAA-L8TX_180115_01_C09	L5_PT_CTX
CTCTAATTCACGATGT-L8TX_180829_01_D10	L5_PT_CTX
GACTGCGGTGGCTCCA-L8TX_180115_01_H11	L5_PT_CTX
AGACGTTCAACACCTA-L8TX_180712_01_E05	L5_PT_CTX
TTTGTCACATTCGACA-L8TX_181011_01_C04	L5_PT_CTX
CTGTGCTCACTGAAGG-L8TX_171120_01_E07	L5_PT_CTX
GTAACGTGTAATAGCA-L8TX_180115_01_G11	L5_PT_CTX
CGTCAGGTCCGCGGTA-L8TX_180221_01_F11	L5_PT_CTX
CGTGTAACAACAACCT-L8TX_180221_01_E11	L5_PT_CTX
GCGCAACGTAAGAGAG-L8TX_200611_02_A05	L5_PT_CTX
GTGCTTCAGCACCGTC-L8TX_180221_01_B11	L5_PT_CTX
TATCAGGAGTGTTAGA-L8TX_180115_01_A11	L5_PT_CTX
CCTTCGACAGTTCCCT-L8TX_180115_01_D09	L5_PT_CTX
AGTCTTTCACCAGTTA-L8TX_180712_01_E05	L5_PT_CTX
GCACATAGTGCAACGA-L8TX_180115_01_E10	L5_PT_CTX
CGTTCTGGTCAAGCGA-L8TX_180926_01_C12	L5_PT_CTX
CCATGTCGTATCAGTC-L8TX_180221_01_F10	L5_PT_CTX
CGCCAAGCACACTGCG-L8TX_180115_01_G09	L5_PT_CTX
ACGGGTCAGACCGGAT-L8TX_190312_01_B02	L5_PT_CTX
ATCGAGTAGTGTACTC-L8TX_181012_01_B05	L5_PT_CTX
CCACCTAAGGATCGCA-L8TX_180221_01_H11	L5_PT_CTX
ATTCTACTCCGGCACA-L8TX_180115_01_F11	L5_PT_CTX
CGATTGACAGATCTGT-L8TX_180221_01_C09	L5_PT_CTX
TGCCAAAGTCTGATTG-L8TX_180221_01_A11	L5_PT_CTX
TGTGTTTCAAGTACCT-L8TX_180712_01_E05	L5_PT_CTX
TAAGTGCAGACTTGAA-L8TX_180115_01_F11	L5_PT_CTX
TTGTAGGAGTGGAGAA-L8TX_180829_01_D10	L5_PT_CTX
CCTAGCTCAATCGGTT-L8TX_180115_01_F09	L5_PT_CTX
CTCTACGAGCTGATAA-L8TX_180115_01_E11	L5_PT_CTX
GACGGCTTCTCGTATT-L8TX_180221_01_B11	L5_PT_CTX
GAGCAGACACAGGCCT-L8TX_180712_01_E05	L5_PT_CTX
CGATCGGTCAGCAACT-L8TX_180115_01_A11	L5_PT_CTX
TTAACTCTCAGTGTTG-L8TX_180115_01_F11	L5_PT_CTX
GAGTCCGGTATTACCG-L8TX_180907_01_B12	L5_PT_CTX
AAGGTTCAGAAGAAGC-L8TX_180712_01_B06	L5_PT_CTX
GATCTAGCAGCTTAAC-L8TX_180115_01_C11	L5_PT_CTX
ATGCGATGTTACGGAG-L8TX_180115_01_G10	L5_PT_CTX
ACGCAGCCAATGGAAT-L8TX_180221_01_C10	L5_PT_CTX
AGAGCTTGTACCGAGA-L8TX_180221_01_C11	L5_PT_CTX
CGCTATCGTCAGATAA-L8TX_180115_01_G09	L5_PT_CTX
ACGATGTGTGACTACT-L8TX_181012_01_G04	L5_PT_CTX
GCATGCGTCAAAGTAG-L8TX_181011_01_H02	L5_PT_CTX
ACACCAAAGAGGTTGC-L8TX_180221_01_C11	L5_PT_CTX
AACACGTTCATAAAGG-L8TX_180926_01_B01	L5_PT_CTX
TGGGAAGCAAGTTCTG-L8TX_180221_01_B12	L5_PT_CTX
TCTGGAACACATGACT-L8TX_180221_01_H09	L5_PT_CTX
CGGCTAGTCTGCAGTA-L8TX_180115_01_B09	L5_PT_CTX
CGCTATCAGGACAGCT-L8TX_180115_01_H11	L5_PT_CTX
GTTAAGCAGTGTCTCA-L8TX_180712_01_E05	L5_PT_CTX
AGAGCTTGTATGAAAC-L8TX_180221_01_D09	L5_PT_CTX
AGGGAGTTCGTAGATC-L8TX_180115_01_G11	L5_PT_CTX
TGAAAGAAGGACTGGT-L8TX_190312_01_D02	L5_PT_CTX
TGCCCTAGTTTAGCTG-L8TX_180115_01_F11	L5_PT_CTX
CCTCAGTGTTGTTTGG-L8TX_180115_01_C10	L5_PT_CTX
CGTTAGAGTCAGCTAT-L8TX_180221_01_C12	L5_PT_CTX
GGGCACTGTCCTCCAT-L8TX_180115_01_H11	L5_PT_CTX
AGTGAGGCATGAACCT-L8TX_180221_01_D10	L5_PT_CTX
TCAGGTACAACACCTA-L8TX_180115_01_F08	L5_PT_CTX
CTTAGGAGTCTAGTGT-L8TX_180221_01_D10	L5_PT_CTX
GTGCTTCTCAACGGCC-L8TX_171120_01_F07	L5_PT_CTX
TTGCCGTAGAGAACAG-L8TX_180712_01_B06	L5_PT_CTX
AAGGAGCTCGGCTTGG-L8TX_180221_01_A12	L5_PT_CTX
TGAGCATCAGACTCGC-L8TX_180221_01_H11	L5_PT_CTX
TGCCAAAGTTCAGGCC-L8TX_180221_01_E11	L5_PT_CTX
ACGGGTCAGGAGTCTG-L8TX_180115_01_G11	L5_PT_CTX
GAATAAGAGCCAACAG-L8TX_190312_01_G02	L5_PT_CTX
AGGCCGTTCTGCGTAA-L8TX_180115_01_G11	L5_PT_CTX
CCGGGATCAGTGGAGT-L8TX_180115_01_D11	L5_PT_CTX
TCATTTGTCCTTGGTC-L8TX_180115_01_F10	L5_PT_CTX
CTACATTGTCGGGTCT-L8TX_180115_01_A10	L5_PT_CTX
CACCTTGGTCAAAGCG-L8TX_171120_01_F07	L5_PT_CTX
CAGCATAAGCTGTCTA-L8TX_180115_01_A11	L5_PT_CTX
GATGAAAGTATAAACG-L8TX_180221_01_A12	L5_PT_CTX
TACTCGCGTTAGAACA-L8TX_180712_01_G05	L5_PT_CTX
CATCAAGTCCGCGGTA-L8TX_180221_01_D12	L5_PT_CTX
GGGTTGCGTCTCTTAT-L8TX_180115_01_F09	L5_PT_CTX
AGCAGCCGTCGCGGTT-L8TX_180221_01_H09	L5_PT_CTX
GGGCACTCAAGGTGTG-L8TX_190312_01_D02	L5_PT_CTX
ACGGGCTAGCTTATCG-L8TX_180221_01_F09	L5_PT_CTX
TCACAAGGTGTCGCTG-L8TX_180926_01_D01	L5_PT_CTX
GTCCTCATCTTAGAGC-L8TX_190312_01_D02	L5_PT_CTX
TCGGGACTCATGCAAC-L8TX_180712_01_F05	L5_PT_CTX
TGCCAAATCCGAACGC-L8TX_180115_01_A10	L5_PT_CTX
CACAAACCACAACGTT-L8TX_180221_01_H09	L5_PT_CTX
GTATTCTTCATTGCGA-L8TX_180406_01_D02	L5_PT_CTX
CCAGCGACACAACGTT-L8TX_180115_01_G10	L5_PT_CTX
CATTCGCAGGGAACGG-L8TX_180221_01_C12	L5_PT_CTX
CTGCGGATCGAGAGCA-L8TX_180221_01_F10	L5_PT_CTX
CAAGAAAAGCCTATGT-L8TX_180115_01_D10	L5_PT_CTX
TGACTTTTCACGCGGT-L8TX_181012_01_E05	L5_PT_CTX
GGCTCGACACACAGAG-L8TX_180115_01_E11	L5_PT_CTX
CTTAGGAGTCTGGAGA-L8TX_180221_01_E10	L5_PT_CTX
TGGCTGGTCAGTCCCT-L8TX_171026_01_F04	L5_PT_CTX
GCGAGAAAGTACGACG-L8TX_180115_01_E11	L5_PT_CTX
CTAACTTAGTCATGCT-L8TX_180221_01_F10	L5_PT_CTX
CATATTCCATCCGCGA-L8TX_180115_01_G11	L5_PT_CTX
GGGTCTGAGGCCCGTT-L8TX_190312_01_B02	L5_PT_CTX
TTTGCGCTCGCATGAT-L8TX_180221_01_D10	L5_PT_CTX
CTACGTCAGCGTCTAT-L8TX_180115_01_G11	L5_PT_CTX
TGTATTCAGGATGCGT-L8TX_180221_01_G09	L5_PT_CTX
GACTAACCATTGCGGC-L8TX_180115_01_F11	L5_PT_CTX
TCACGAAGTTTGTTTC-L8TX_180221_01_F10	L5_PT_CTX
CTTACCGGTGCAGGTA-L8TX_180115_01_A11	L5_PT_CTX
GCATACACATGCCTTC-L8TX_180221_01_E10	L5_PT_CTX
CCCTCCTCAATAAGCA-L8TX_180115_01_B11	L5_PT_CTX
CTGATCCAGTATGACA-L8TX_171026_01_B04	L5_PT_CTX
GACCAATGTTTGACAC-L8TX_180221_01_C11	L5_PT_CTX
GCCAAATAGTTGAGTA-L8TX_180221_01_A11	L5_PT_CTX
TGAAAGAGTGTTTGGT-L8TX_180221_01_F10	L5_PT_CTX
GAAATGACATTACCTT-L8TX_180221_01_D10	L5_PT_CTX
ACGATACGTCTAACGT-L8TX_180221_01_F10	L5_PT_CTX
TCTTTCCCAGATGGCA-L8TX_180115_01_B09	L5_PT_CTX
ACTTGTTCAAGCCGCT-L8TX_180712_01_C06	L5_PT_CTX
TTCCCAGTCACATAGC-L8TX_180712_01_F05	L5_PT_CTX
CTGTGCTGTCTAAACC-L8TX_180115_01_D11	L5_PT_CTX
TACTTACGTGACTCAT-L8TX_180115_01_H11	L5_PT_CTX
CGTTCTGGTGCTCTTC-L8TX_180115_01_G09	L5_PT_CTX
ACGAGGAGTATAATGG-L8TX_181012_01_B05	L5_PT_CTX
CAGCATAAGAAACCGC-L8TX_180221_01_B10	L5_PT_CTX
GAACATCCACGAAGCA-L8TX_180115_01_H09	L5_PT_CTX
TCGTAGAAGTTCGATC-L8TX_180221_01_D10	L5_PT_CTX
TTATGCTGTTGTGGAG-L8TX_180115_01_F11	L5_PT_CTX
AGTAGTCAGGCATGGT-L8TX_180115_01_H11	L5_PT_CTX
ACTATCTTCTACTCAT-L8TX_180115_01_B11	L5_PT_CTX
GTATCTTAGAGTACCG-L8TX_180221_01_A10	L5_PT_CTX
GACTAACAGTCCGTAT-L8TX_180115_01_F11	L5_PT_CTX
GAGCAGACATGTAGTC-L8TX_180221_01_A10	L5_PT_CTX
CGAGAAGCACTGAAGG-L8TX_180115_01_G11	L5_PT_CTX
CGATGGCAGACGCACA-L8TX_190312_01_F02	L5_PT_CTX
AAATGCCCAGGTGGAT-L8TX_180712_01_F05	L5_PT_CTX
AGTTGGTAGCTGCAAG-L8TX_180712_01_E05	L5_PT_CTX
AAGTCTGTCAGGATCT-L8TX_180712_01_G05	L5_PT_CTX
GGCGACTTCGCTTGTC-L8TX_180221_01_F11	L5_PT_CTX
GGATTACCATGCCTTC-L8TX_181011_01_B03	L5_PT_CTX
ATTACTCAGCGTTCCG-L8TX_180115_01_C11	L5_PT_CTX
GGTGTTAAGCCCAACC-L8TX_180115_01_H11	L5_PT_CTX
CTAACTTTCTGAGTGT-L8TX_171120_01_D07	L5_PT_CTX
CCTATTACAGACACTT-L8TX_180221_01_A12	L5_PT_CTX
TACTTACGTTGCGTTA-L8TX_190312_01_D02	L5_PT_CTX
CGGAGTCAGATGTGGC-L8TX_180221_01_D11	L5_PT_CTX
CATCGAACAACGCACC-L8TX_171120_01_H07	L5_PT_CTX
ATTGGACTCTGGTATG-L8TX_180221_01_H11	L5_PT_CTX
CTCTACGCATGCGCAC-L8TX_180115_01_H08	L5_PT_CTX
GCGACCATCTGATTCT-L8TX_171120_01_E07	L5_PT_CTX
GTCCTCAGTCGACTAT-L8TX_180115_01_E10	L5_PT_CTX
TACAGTGGTGTTTGTG-L8TX_180115_01_C10	L5_PT_CTX
GACCTGGAGAGCAATT-L8TX_180926_01_C12	L5_PT_CTX
TGGGCGTAGACATAAC-L8TX_190312_01_C02	L5_PT_CTX
GTTCGGGGTACCCAAT-L8TX_180406_01_C06	L5_PT_CTX
GCATACACAATGGATA-L8TX_180115_01_F10	L5_PT_CTX
TCGGGACGTTCAGCGC-L8TX_180829_01_E10	L5_PT_CTX
CTTACCGGTATCAGTC-L8TX_180926_01_E12	L5_PT_CTX
TCGCGAGCACTTACGA-L8TX_180712_01_G05	L5_PT_CTX
GCAATCACACTCAGGC-L8TX_180221_01_E09	L5_PT_CTX
CAAGGCCGTTCGGGCT-L8TX_180221_01_F09	L5_PT_CTX
GCATGCGTCTAACTCT-L8TX_171026_01_B04	L5_PT_CTX
CTAATGGAGTGCGATG-L8TX_180115_01_F09	L5_PT_CTX
TATCTCACATGGGAAC-L8TX_181011_01_H03	L5_PT_CTX
CCACCTAGTCTCACCT-L8TX_180115_01_A10	L5_PT_CTX
TTGCCGTTCTGCGTAA-L8TX_180115_01_E08	L5_PT_CTX
TTTCCTCGTAGAGTGC-L8TX_180221_01_G10	L5_PT_CTX
CCGTGGACAGCTCCGA-L8TX_181011_01_C03	L5_PT_CTX
ACGCAGCGTGCTCTTC-L8TX_181011_01_H03	L5_PT_CTX
TCTTCGGAGGACACCA-L8TX_180221_01_B10	L5_PT_CTX
CTAGTGATCACGCGGT-L8TX_180115_01_E11	L5_PT_CTX
TAGTTGGCAAGGGTCA-L8TX_180829_01_E10	L5_PT_CTX
GACCTGGCACTCAGGC-L8TX_190312_01_D02	L5_PT_CTX
TCGCGTTTCCTACAGA-L8TX_180221_01_E10	L5_PT_CTX
CGATGTAGTCTGGAGA-L8TX_180115_01_H11	L5_PT_CTX
GCACATAAGGCTAGCA-L8TX_180115_01_D11	L5_PT_CTX
GTTCTCGTCCTATGTT-L8TX_180221_01_C12	L5_PT_CTX
ACCAGTAAGATATGGT-L8TX_180115_01_D11	L5_PT_CTX
TCGTACCGTTAAAGAC-L8TX_180221_01_G09	L5_PT_CTX
TTTCCTCGTAAGTAGT-L8TX_180712_01_H05	L5_PT_CTX
TGGACGCAGGCCGAAT-L8TX_171026_01_D05	L5_PT_CTX
CTACGTCGTAGCGTGA-L8TX_180221_01_E10	L5_PT_CTX
TACGGATTCATGCATG-L8TX_180115_01_F11	L5_PT_CTX
GACGCGTCACCATGTA-L8TX_171026_01_G05	L5_PT_CTX
GCAAACTTCCTGCAGG-L8TX_190312_01_D02	L5_PT_CTX
GTAGGCCCAAGAGTCG-L8TX_180115_01_C11	L5_PT_CTX
GTGTGCGGTGGTAACG-L8TX_180221_01_F09	L5_PT_CTX
AACTCCCAGCCGATTT-L8TX_180115_01_E08	L5_PT_CTX
TGGGAAGAGTAGCCGA-L8TX_181012_01_C05	L5_PT_CTX
TCATTACCAATCACAC-L8TX_180115_01_F10	L5_PT_CTX
AATCGGTCACCTTGTC-L8TX_180221_01_F09	L5_PT_CTX
TCGGGACCATCCTTGC-L8TX_180221_01_C12	L5_PT_CTX
CTTACCGGTACAGCAG-L8TX_180221_01_B12	L5_PT_CTX
CATATGGAGTCCATAC-L8TX_180115_01_A09	L5_PT_CTX
TATCTCAGTTTCGCTC-L8TX_180712_01_E05	L5_PT_CTX
GCGCGATGTAATTGGA-L8TX_180221_01_E10	L5_PT_CTX
ACAGCTACATGAACCT-L8TX_180115_01_E11	L5_PT_CTX
TGCGTGGGTTCACGGC-L8TX_180115_01_E08	L5_PT_CTX
CGGACACTCCATGCTC-L8TX_180115_01_E08	L5_PT_CTX
GTTCTCGCACATCCAA-L8TX_180221_01_G10	L5_PT_CTX
AAGCCGCGTTCCACTC-L8TX_180115_01_G11	L5_PT_CTX
TCTGAGATCCCAGGTG-L8TX_190312_01_B02	L5_PT_CTX
CTTTGCGGTCCGCTGA-L8TX_190312_01_G02	L5_PT_CTX
CCTATTATCAGCACAT-L8TX_180221_01_F10	L5_PT_CTX
GGAGCAAAGCGTGAAC-L8TX_180221_01_D10	L5_PT_CTX
CCATGTCTCGTGACAT-L8TX_180829_01_D09	L5_PT_CTX
CGATTGAGTCGCGAAA-L8TX_180115_01_C11	L5_PT_CTX
AGAGCTTCACAAGCCC-L8TX_180221_01_D11	L5_PT_CTX
GCGACCAGTTGTACAC-L8TX_180221_01_G10	L5_PT_CTX
AGGGTGACAGGATCGA-L8TX_180115_01_H11	L5_PT_CTX
TACTCGCGTCGGATCC-L8TX_180221_01_H11	L5_PT_CTX
TGGACGCGTACGAAAT-L8TX_180221_01_B11	L5_PT_CTX
ATTACTCAGAACAACT-L8TX_180221_01_E10	L5_PT_CTX
AGGCCACTCTCGATGA-L8TX_180115_01_E08	L5_PT_CTX
AGAATAGAGCTTATCG-L8TX_180115_01_F11	L5_PT_CTX
GACGTGCGTTATCCGA-L8TX_180115_01_E08	L5_PT_CTX
GTTAAGCCAAGAAAGG-L8TX_171026_01_A04	L5_PT_CTX
TAGAGCTAGACTACAA-L8TX_180607_01_C05	L5_PT_CTX
GCAAACTAGCGTCTAT-L8TX_180115_01_E10	L5_PT_CTX
ACACCAATCACCTCGT-L8TX_180115_01_C08	L5_PT_CTX
GCAATCAAGGATGGTC-L8TX_180221_01_H11	L5_PT_CTX
ATAGACCTCGATCCCT-L8TX_180907_01_G11	L5_PT_CTX
GCTCTGTAGCACCGTC-L8TX_180221_01_C10	L5_PT_CTX
TTTCCTCAGGTGATTA-L8TX_180406_01_F02	L5_PT_CTX
TGCTGCTTCACCATAG-L8TX_181011_01_C04	L5_PT_CTX
ACGCCAGAGTATTGGA-L8TX_171026_01_G03	L5_PT_CTX
AGAATAGAGTGCAAGC-L8TX_180115_01_B11	L5_PT_CTX
TGGGAAGGTATAGGTA-L8TX_180221_01_E11	L5_PT_CTX
TGAGCATCAAGAGGCT-L8TX_180712_01_A06	L5_PT_CTX
GAATGAACATTCTTAC-L8TX_180115_01_G10	L5_PT_CTX
TTTGGTTGTCGAAAGC-L8TX_190312_01_C02	L5_PT_CTX
CTGGTCTCATGGGACA-L8TX_190312_01_D02	L5_PT_CTX
TATGCCCGTGTTTGGT-L8TX_180221_01_B10	L5_PT_CTX
TCTTCGGGTGTTTGGT-L8TX_180907_01_G10	L5_PT_CTX
CGTCAGGTCAAACCAC-L8TX_190312_01_H02	L5_PT_CTX
TGCGGGTTCGCCAAAT-L8TX_180115_01_D10	L5_PT_CTX
TGCGTGGCATCACAAC-L8TX_180221_01_E10	L5_PT_CTX
CCTTTCTTCCTATGTT-L8TX_180221_01_C09	L5_PT_CTX
GACACGCTCACCGTAA-L8TX_180115_01_E08	L5_PT_CTX
AAGGTTCGTGACCAAG-L8TX_171120_01_H07	L5_PT_CTX
GTCCTCAGTCCGAACC-L8TX_180221_01_E11	L5_PT_CTX
ATTGGTGTCGGCTACG-L8TX_180907_01_B12	L5_PT_CTX
TACTTGTGTTCAGCGC-L8TX_180221_01_D10	L5_PT_CTX
GGGAATGTCTTTACGT-L8TX_190312_01_C02	L5_PT_CTX
GACGGCTCAATCGAAA-L8TX_180115_01_G11	L5_PT_CTX
AACGTTGGTAAGTTCC-L8TX_180115_01_G11	L5_PT_CTX
TTCTACAGTCCAACTA-L8TX_180221_01_D10	L5_PT_CTX
TAGTTGGTCAATAAGG-L8TX_180115_01_C09	L5_PT_CTX
TGCCCATCAGGGTATG-L8TX_180221_01_G10	L5_PT_CTX
CTACGTCAGGTGACCA-L8TX_180115_01_E08	L5_PT_CTX
ACCCACTTCAACGGCC-L8TX_180221_01_E11	L5_PT_CTX
ACGTCAAGTCCGACGT-L8TX_180221_01_E10	L5_PT_CTX
GAATGAACATGCCTTC-L8TX_171120_01_G07	L5_PT_CTX
CGTGTCTGTCTTCTCG-L8TX_171120_01_G07	L5_PT_CTX
GTAGTCAAGTGACATA-L8TX_180406_01_F02	L5_PT_CTX
GCTGGGTAGTTCGCGC-L8TX_180221_01_C09	L5_PT_CTX
TCAATCTGTGCCTTGG-L8TX_181011_01_H02	L5_PT_CTX
TAGTTGGAGTTTCCTT-L8TX_180221_01_C12	L5_PT_CTX
CTTAACTGTGGGTATG-L8TX_180504_01_E01	L5_PT_CTX
ACGCAGCTCTTCAACT-L8TX_180221_01_F10	L5_PT_CTX
TACCTTATCGTAGGAG-L8TX_190312_01_D02	L5_PT_CTX
AGAGTGGCATGACATC-L8TX_180221_01_E10	L5_PT_CTX
CATCAAGGTGCGATAG-L8TX_180221_01_E11	L5_PT_CTX
TGGGAAGCATACGCTA-L8TX_180115_01_C11	L5_PT_CTX
CGTCTACTCCACGTGG-L8TX_180115_01_E10	L5_PT_CTX
AGACGTTTCAAACGGG-L8TX_180221_01_B11	L5_PT_CTX
AACTCTTTCCAGGGCT-L8TX_180221_01_E10	L5_PT_CTX
CATTCGCCACATTAGC-L8TX_180221_01_A12	L5_PT_CTX
CTGCGGAAGTGACATA-L8TX_180907_01_B12	L5_PT_CTX
CTAGAGTCAGTATGCT-L8TX_180115_01_H11	L5_PT_CTX
CACCTTGTCCGCTGTT-L8TX_180221_01_E10	L5_PT_CTX
CGTGTAAAGTTCGATC-L8TX_180221_01_C10	L5_PT_CTX
GGGTTGCTCCGCGGTA-L8TX_180907_01_G10	L5_PT_CTX
GCTGGGTGTGGTTTCA-L8TX_180221_01_F09	L5_PT_CTX
AGGGATGAGCCAGAAC-L8TX_180221_01_A12	L5_PT_CTX
TTCGAAGGTGCTCTTC-L8TX_180221_01_A12	L5_PT_CTX
ATAGACCCATTAACCG-L8TX_180221_01_D10	L5_PT_CTX
GAATGAAGTATATCCG-L8TX_180115_01_E10	L5_PT_CTX
TTATGCTAGCCAGTAG-L8TX_180221_01_A11	L5_PT_CTX
GTGGGTCCAAACCCAT-L8TX_180221_01_F09	L5_PT_CTX
GACTAACTCAAGGTAA-L8TX_180115_01_C09	L5_PT_CTX
CGTGTAACAGACGCCT-L8TX_180115_01_H11	L5_PT_CTX
AAGGTTCGTAGGCATG-L8TX_180115_01_B09	L5_PT_CTX
TGCGTGGGTACCCAAT-L8TX_190312_01_B02	L5_PT_CTX
ACGAGCCCAACCGCCA-L8TX_180926_01_F01	L5_PT_CTX
AGATTGCGTAGCAAAT-L8TX_181012_01_B05	L5_PT_CTX
TATTACCAGAGTCGGT-L8TX_180115_01_C08	L5_PT_CTX
CTCGAAAGTAGTGAAT-L8TX_180115_01_C11	L5_PT_CTX
ACGAGCCCACTACAGT-L8TX_180221_01_D12	L5_PT_CTX
GGACAAGCACTAGTAC-L8TX_180221_01_D10	L5_PT_CTX
TCCACACGTAAGGGCT-L8TX_180221_01_B12	L5_PT_CTX
ACACCAATCCGTAGGC-L8TX_180115_01_F11	L5_PT_CTX
CGCGTTTTCAGCAACT-L8TX_180221_01_H10	L5_PT_CTX
TACGGGCAGGTGTGGT-L8TX_180115_01_H11	L5_PT_CTX
GTCATTTCAGCCACCA-L8TX_181012_01_E05	L5_PT_CTX
GGGACCTAGTGTCTCA-L8TX_180221_01_C10	L5_PT_CTX
AACACGTAGCTTCGCG-L8TX_180221_01_F10	L5_PT_CTX
TGACTAGGTACGAAAT-L8TX_180221_01_A11	L5_PT_CTX
AGCATACGTCTGCAAT-L8TX_180221_01_E09	L5_PT_CTX
TTAGTTCAGTCGTTTG-L8TX_180221_01_D12	L5_PT_CTX
GACGCGTCAGTCAGCC-L8TX_180829_01_D10	L5_PT_CTX
TTCGAAGGTCTTTCAT-L8TX_180115_01_H10	L5_PT_CTX
GGGAATGGTCTAGCCG-L8TX_181011_01_B03	L5_PT_CTX
TGTGGTATCTGCTGTC-L8TX_180115_01_F11	L5_PT_CTX
GTTTCTATCTTGTATC-L8TX_180221_01_B12	L5_PT_CTX
GGGCATCAGGCGCTCT-L8TX_200611_02_A05	L5_PT_CTX
CTCATTAAGATGCCAG-L8TX_180221_01_F10	L5_PT_CTX
TGTGGTAGTGTTGGGA-L8TX_190312_01_D02	L5_PT_CTX
GAGGTGACATCCGTGG-L8TX_180221_01_C11	L5_PT_CTX
TATCAGGAGAGCTATA-L8TX_180221_01_D10	L5_PT_CTX
CACCACTAGCCAGGAT-L8TX_180926_01_F01	L5_PT_CTX
TCGTAGATCTCGATGA-L8TX_180115_01_B09	L5_PT_CTX
CAAGAAACACAAGACG-L8TX_180712_01_E05	L5_PT_CTX
GCTTCCATCGCCAGCA-L8TX_180221_01_E10	L5_PT_CTX
CCCAATCCACCACGTG-L8TX_171026_01_F04	L5_PT_CTX
CGATTGAGTCGCCATG-L8TX_171026_01_B04	L5_PT_CTX
AGCGGTCGTACCGTAT-L8TX_180221_01_C12	L5_PT_CTX
GCTGCGAGTGCACGAA-L8TX_180221_01_E10	L5_PT_CTX
GCATGATGTAAATGAC-L8TX_180115_01_A09	L5_PT_CTX
GATCGATGTTTGACTG-L8TX_180115_01_C09	L5_PT_CTX
TGGACGCTCCTTTACA-L8TX_180115_01_B11	L5_PT_CTX
GCTGCAGCAGCTGGCT-L8TX_180221_01_A12	L5_PT_CTX
GTCACGGAGATAGTCA-L8TX_180829_01_D09	L5_PT_CTX
GTCTCGTAGCTCCTTC-L8TX_171026_01_G03	L5_PT_CTX
ACGGCCACAATCGAAA-L8TX_180115_01_B09	L5_PT_CTX
CACCAGGAGAGTCTGG-L8TX_180221_01_C12	L5_PT_CTX
ATGCGATGTTTGTGTG-L8TX_180221_01_F09	L5_PT_CTX
GTCTCGTCACGAGGTA-L8TX_181011_01_B03	L5_PT_CTX
TTGGAACAGGGTGTGT-L8TX_180221_01_F11	L5_PT_CTX
CAGCCGACACTCAGGC-L8TX_180115_01_E08	L5_PT_CTX
ACGTCAATCGGCCGAT-L8TX_180406_01_C02	L5_PT_CTX
TCAGGTAAGAGTGAGA-L8TX_171120_01_H07	L5_PT_CTX
CTGTTTAAGCTACCGC-L8TX_180115_01_F11	L5_PT_CTX
ACGGGCTCAAGCGATG-L8TX_181011_01_C04	L5_PT_CTX
GTACTTTGTATCTGCA-L8TX_180115_01_G10	L5_PT_CTX
CAGCTAATCAAGCCTA-L8TX_180115_01_G10	L5_PT_CTX
GCTGGGTAGCGCTTAT-L8TX_180221_01_D10	L5_PT_CTX
TGAGAGGCACTTCGAA-L8TX_180926_01_B01	L5_PT_CTX
CCACCTACAGGTCCAC-L8TX_180504_01_E01	L5_PT_CTX
CTACACCAGAGTAATC-L8TX_180115_01_F11	L5_PT_CTX
ACACCAATCTTTACAC-L8TX_180221_01_E10	L5_PT_CTX
TCAGATGAGGACAGAA-L8TX_180221_01_C11	L5_PT_CTX
TACTTGTTCGTTTGCC-L8TX_180221_01_A12	L5_PT_CTX
GGCTCGATCAGCCTAA-L8TX_180221_01_F10	L5_PT_CTX
CATATGGAGCTCAACT-L8TX_190312_01_G02	L5_PT_CTX
CTGAAGTGTTCCTCCA-L8TX_180115_01_E08	L5_PT_CTX
TACACGATCAGTTGAC-L8TX_180115_01_G11	L5_PT_CTX
TCGAGGCCAAGTAATG-L8TX_180221_01_A10	L5_PT_CTX
AATCCAGTCCTAAGTG-L8TX_180907_01_B12	L5_PT_CTX
GTAGTCACAAGCCGCT-L8TX_180115_01_C11	L5_PT_CTX
AAACGGGAGGGCATGT-L8TX_180115_01_A09	L5_PT_CTX
AACTCTTTCAATAAGG-L8TX_190312_01_B02	L5_PT_CTX
CTCGTCACAATAAGCA-L8TX_180115_01_H10	L5_PT_CTX
AAATGCCGTACAAGTA-L8TX_180221_01_D09	L5_PT_CTX
CTCTAATCATGGTAGG-L8TX_171120_01_E07	L5_PT_CTX
TGAAAGACATCCAACA-L8TX_190312_01_B02	L5_PT_CTX
CAGCTGGGTCGACTGC-L8TX_190312_01_D02	L5_PT_CTX
TCTTCGGTCTGCCAGG-L8TX_180115_01_E11	L5_PT_CTX
CTACCCATCTCCGGTT-L8TX_180926_01_F01	L5_PT_CTX
GTCAAGTAGATGGCGT-L8TX_180115_01_F11	L5_PT_CTX
CACATTTGTTCAACCA-L8TX_180115_01_G10	L5_PT_CTX
CTTAACTAGGATGGTC-L8TX_180926_01_D01	L5_PT_CTX
TGAAAGATCTCGTTTA-L8TX_180221_01_E10	L5_PT_CTX
GACGGCTAGATGCCTT-L8TX_180221_01_G10	L5_PT_CTX
TACTCATCACGCGAAA-L8TX_180115_01_G09	L5_PT_CTX
TCAGATGGTGGAAAGA-L8TX_171120_01_H07	L5_PT_CTX
AGAGCTTTCCACTGGG-L8TX_180115_01_F11	L5_PT_CTX
GGAAAGCTCTCTGCTG-L8TX_180115_01_D11	L5_PT_CTX
AACACGTCAGTATAAG-L8TX_180115_01_B11	L5_PT_CTX
TGGTTCCAGGCTACGA-L8TX_180115_01_C11	L5_PT_CTX
TGCCCTAGTCACTTCC-L8TX_180221_01_F10	L5_PT_CTX
TCAGGATAGACTAGGC-L8TX_171026_01_G05	L5_PT_CTX
GGGTCTGCAGCGATCC-L8TX_171120_01_F07	L5_PT_CTX
TCTTCGGTCATAAAGG-L8TX_181012_01_H04	L5_PT_CTX
CTGATAGCATGAAGTA-L8TX_180406_01_C06	L5_PT_CTX
ACAGCCGCACACCGCA-L8TX_180115_01_F10	L5_PT_CTX
CGAACATTCTAACTCT-L8TX_180115_01_A11	L5_PT_CTX
CGAGCCACATTAGGCT-L8TX_180221_01_F10	L5_PT_CTX
CTCGGGAGTACCGCTG-L8TX_180712_01_F05	L5_PT_CTX
ACGTCAATCACCCGAG-L8TX_180115_01_D11	L5_PT_CTX
TCTCTAACATTATCTC-L8TX_180115_01_H10	L5_PT_CTX
TTCTTAGGTCACCTAA-L8TX_180115_01_C09	L5_PT_CTX
CTGAAGTTCACCTCGT-L8TX_180221_01_B11	L5_PT_CTX
AAATGCCGTCTAAAGA-L8TX_171120_01_H07	L5_PT_CTX
GGCGTGTGTAAGTGGC-L8TX_180221_01_A12	L5_PT_CTX
AGCTTGAGTGTAACGG-L8TX_171120_01_G07	L5_PT_CTX
CCAATCCTCTCAAACG-L8TX_171120_01_D07	L5_PT_CTX
TACTCATAGATAGGAG-L8TX_190312_01_G02	L5_PT_CTX
TTTCCTCTCAGGTAAA-L8TX_180221_01_B11	L5_PT_CTX
ACTGCTCGTTACGCGC-L8TX_180115_01_G09	L5_PT_CTX
TATCTCAGTCGGCATC-L8TX_180221_01_D10	L5_PT_CTX
CTCGGAGTCAAGAAGT-L8TX_171026_01_A05	L5_PT_CTX
TGCCAAATCACGCATA-L8TX_180712_01_G05	L5_PT_CTX
GCAGTTACAGCCTTTC-L8TX_180829_01_D09	L5_PT_CTX
ACGGCCATCCACGAAT-L8TX_180115_01_F10	L5_PT_CTX
GATCGATAGTGTCCCG-L8TX_180221_01_F10	L5_PT_CTX
GCAATCAAGTACGTAA-L8TX_180115_01_D11	L5_PT_CTX
TCATTACGTTTGTTGG-L8TX_180712_01_B06	L5_PT_CTX
TCCCGATAGTTGTAGA-L8TX_180115_01_F11	L5_PT_CTX
GGAGCAATCAAGCCTA-L8TX_180221_01_F09	L5_PT_CTX
TTGACTTGTTGATTGC-L8TX_180115_01_H11	L5_PT_CTX
CGGACACTCCCTGACT-L8TX_180115_01_F11	L5_PT_CTX
GCAGTTACAGCCAGAA-L8TX_180221_01_D12	L5_PT_CTX
CGCCAAGTCAACTCTT-L8TX_180115_01_H10	L5_PT_CTX
AAAGTAGGTTCGTGAT-L8TX_180221_01_H10	L5_PT_CTX
ACAGCCGTCTGTTGAG-L8TX_181012_01_H04	L5_PT_CTX
AACGTTGAGTCGTTTG-L8TX_180221_01_E10	L5_PT_CTX
TGACTTTCAGGATCGA-L8TX_180406_01_C06	L5_PT_CTX
TTTACTGCAGCCACCA-L8TX_190312_01_G02	L5_PT_CTX
ACCAGTAGTTAAAGTG-L8TX_180115_01_F11	L5_PT_CTX
AACTCCCAGTCCTCCT-L8TX_180221_01_F10	L5_PT_CTX
AACACGTAGGTGCAAC-L8TX_180115_01_G10	L5_PT_CTX
ACGCAGCTCCAAACTG-L8TX_180115_01_B10	L5_PT_CTX
CCGTGGACACGCCAGT-L8TX_180115_01_F11	L5_PT_CTX
CGTGTCTCAGATGAGC-L8TX_180221_01_E10	L5_PT_CTX
CCTAGCTAGCACGCCT-L8TX_181011_01_C03	L5_PT_CTX
GGTGTTACACCTCGGA-L8TX_180115_01_D11	L5_PT_CTX
CTCTGGTAGTGGTAAT-L8TX_181011_01_C04	L5_PT_CTX
GTGCGGTTCTCTTATG-L8TX_180115_01_F10	L5_PT_CTX
GAGTCCGCACCAGATT-L8TX_180712_01_F05	L5_PT_CTX
GACTACATCTTTCCTC-L8TX_180221_01_H10	L5_PT_CTX
TCAGGTACAACAACCT-L8TX_180221_01_G09	L5_PT_CTX
ACTGAGTAGCTATGCT-L8TX_180115_01_F11	L5_PT_CTX
AAGTCTGGTAAGTGGC-L8TX_180221_01_C12	L5_PT_CTX
GATCGTATCGTCGTTC-L8TX_180712_01_E05	L5_PT_CTX
CGAGAAGCAGGAATCG-L8TX_180221_01_E10	L5_PT_CTX
AAAGATGTCTTAGAGC-L8TX_180221_01_H11	L5_PT_CTX
TTCGGTCCACTAGTAC-L8TX_181011_01_G02	L5_PT_CTX
TGCCAAACATGATCCA-L8TX_180907_01_G11	L5_PT_CTX
AAGGCAGTCAACGCTA-L8TX_180221_01_H11	L5_PT_CTX
AAGTCTGTCTTCGAGA-L8TX_180926_01_B01	L5_PT_CTX
AGAGCTTGTAGAAAGG-L8TX_180221_01_D10	L5_PT_CTX
GACGGCTTCCAACCAA-L8TX_180115_01_E08	L5_PT_CTX
AGACGTTAGTTGTAGA-L8TX_171120_01_G07	L5_PT_CTX
TGTGTTTGTGCACTTA-L8TX_181011_01_B03	L5_PT_CTX
CATCCACAGCTAGTTC-L8TX_171026_01_F04	L5_PT_CTX
GCAGTTATCGGCATCG-L8TX_180829_01_E10	L5_PT_CTX
CCTAGCTAGAGCCTAG-L8TX_180926_01_B01	L5_PT_CTX
CATGCCTGTTTAGCTG-L8TX_180221_01_D10	L5_PT_CTX
TACAGTGAGCTCTCGG-L8TX_180115_01_G11	L5_PT_CTX
CTCTGGTGTCCTAGCG-L8TX_180115_01_B10	L5_PT_CTX
GGGCATCGTTCCGTCT-L8TX_180115_01_D11	L5_PT_CTX
TGGACGCGTAAATACG-L8TX_180829_01_E10	L5_PT_CTX
TGGTTAGAGATGTCGG-L8TX_180926_01_E12	L5_PT_CTX
GCATGTATCCGTCATC-L8TX_190312_01_B02	L5_PT_CTX
CTGCGGATCCCTTGTG-L8TX_181011_01_G02	L5_PT_CTX
CTTCTCTCACGAGGTA-L8TX_180221_01_H11	L5_PT_CTX
ATCTACTAGCTAACAA-L8TX_180115_01_C08	L5_PT_CTX
GTCATTTTCCCTTGCA-L8TX_180221_01_E10	L5_PT_CTX
GATCGCGTCCGTCAAA-L8TX_190312_01_H02	L5_PT_CTX
AGCTCCTGTGCGAAAC-L8TX_171026_01_C05	L5_PT_CTX
CTGCGGACAACAACCT-L8TX_180115_01_F08	L5_PT_CTX
AATCGGTGTCGAGTTT-L8TX_180115_01_G11	L5_PT_CTX
CGTAGGCAGATTACCC-L8TX_180115_01_E11	L5_PT_CTX
TCGTACCCACCCATTC-L8TX_180115_01_H10	L5_PT_CTX
TATGCCCTCTTTACGT-L8TX_180221_01_H11	L5_PT_CTX
AGAGTGGCAATCCAAC-L8TX_180115_01_G11	L5_PT_CTX
GGGACCTCACCTTGTC-L8TX_180221_01_B12	L5_PT_CTX
CCGGGATAGATCGATA-L8TX_181011_01_H03	L5_PT_CTX
TTGGCAATCTTGTACT-L8TX_180221_01_H11	L5_PT_CTX
TTAGGACCATTGGGCC-L8TX_171120_01_G07	L5_PT_CTX
TCGGGACAGGCATTGG-L8TX_180221_01_C09	L5_PT_CTX
CGGGTCACAATGCCAT-L8TX_180115_01_G09	L5_PT_CTX
GAATAAGGTCTCCACT-L8TX_180115_01_B10	L5_PT_CTX
GCTCCTAAGCTAAACA-L8TX_181011_01_C03	L5_PT_CTX
GCTCCTATCAAGCCTA-L8TX_180115_01_E11	L5_PT_CTX
TGATTTCGTACGACCC-L8TX_180221_01_F11	L5_PT_CTX
GACTGCGCACGTCAGC-L8TX_180115_01_B11	L5_PT_CTX
CGCTTCACACCTTGTC-L8TX_180221_01_A12	L5_PT_CTX
GCGGGTTGTAGCGTGA-L8TX_180221_01_A10	L5_PT_CTX
CCAATCCCATTTCAGG-L8TX_180221_01_F10	L5_PT_CTX
ACGTCAATCTGTTGAG-L8TX_190312_01_B02	L5_PT_CTX
GAACATCTCAGAGGTG-L8TX_180115_01_D11	L5_PT_CTX
ATGGGAGAGGACATTA-L8TX_180221_01_H09	L5_PT_CTX
GACAGAGAGCTGATAA-L8TX_190312_01_C02	L5_PT_CTX
CTTAGGAAGTACGCGA-L8TX_181012_01_G04	L5_PT_CTX
GATCGCGTCTTCGAGA-L8TX_180221_01_F10	L5_PT_CTX
ATCTACTAGACAGACC-L8TX_180221_01_D10	L5_PT_CTX
TCTCTAAGTGGTGTAG-L8TX_180221_01_A11	L5_PT_CTX
CAGCATACACTCGACG-L8TX_180221_01_C11	L5_PT_CTX
GGAAAGCCATGTAAGA-L8TX_181012_01_C05	L5_PT_CTX
AAGTCTGTCGGAATCT-L8TX_180115_01_F11	L5_PT_CTX
ACTGCTCGTAATTGGA-L8TX_180221_01_H11	L5_PT_CTX
TGCTGCTAGGAATGGA-L8TX_180712_01_E05	L5_PT_CTX
GTAGGCCTCGTTACAG-L8TX_171026_01_G03	L5_PT_CTX
CACACCTGTGTCTGAT-L8TX_180926_01_E01	L5_PT_CTX
GTCATTTCAGATGGCA-L8TX_180115_01_E11	L5_PT_CTX
GTACTCCCAGCTGTAT-L8TX_180504_01_E01	L5_PT_CTX
TGGTTCCAGTACGCCC-L8TX_180712_01_H05	L5_PT_CTX
CTCGTCAAGAGTCGGT-L8TX_180221_01_H11	L5_PT_CTX
AGTAGTCAGCCCAGCT-L8TX_180221_01_D11	L5_PT_CTX
TTTGTCAGTGCGGTAA-L8TX_180221_01_A11	L5_PT_CTX
AAAGCAATCGATCCCT-L8TX_171026_01_G03	L5_PT_CTX
TCATTACTCGGCTACG-L8TX_181012_01_E05	L5_PT_CTX
AAACCTGAGAGTCTGG-L8TX_171026_01_H05	L5_PT_CTX
CGTCCATCATGCCTTC-L8TX_180115_01_A11	L5_PT_CTX
TCAGGTAAGCGTAATA-L8TX_180221_01_D10	L5_PT_CTX
CGCTGGACAAGTCATC-L8TX_181011_01_G02	L5_PT_CTX
GGCAATTCACTGAAGG-L8TX_180115_01_C10	L5_PT_CTX
TCAACGACAGGGAGAG-L8TX_180115_01_E11	L5_PT_CTX
CCTTTCTGTCAATACC-L8TX_180221_01_B11	L5_PT_CTX
CAGCTAACACAGCGTC-L8TX_190312_01_C02	L5_PT_CTX
TTTCCTCTCGCGTAGC-L8TX_180221_01_C10	L5_PT_CTX
TACTCGCTCTAGAGTC-L8TX_171120_01_G07	L5_PT_CTX
TAGAGCTCAACTGGCC-L8TX_180115_01_G11	L5_PT_CTX
TCACGAAAGTGGAGTC-L8TX_180115_01_B11	L5_PT_CTX
CAAGATCGTTCGCTAA-L8TX_180907_01_G10	L5_PT_CTX
ACGTCAAAGAAGCCCA-L8TX_180115_01_F10	L5_PT_CTX
GCTGCTTTCACCCGAG-L8TX_180712_01_F05	L5_PT_CTX
GAAATGAGTTCCTCCA-L8TX_181012_01_E05	L5_PT_CTX
CGGGTCACATCAGTCA-L8TX_180115_01_A10	L5_PT_CTX
CATGACAGTGCAACTT-L8TX_180115_01_E11	L5_PT_CTX
ATCTGCCAGGTTCCTA-L8TX_180712_01_F05	L5_PT_CTX
TTCTCAAGTAGCGATG-L8TX_180221_01_F10	L5_PT_CTX
TTAGGACGTAATAGCA-L8TX_180221_01_F09	L5_PT_CTX
CCGTACTAGGTGATTA-L8TX_180221_01_E10	L5_PT_CTX
CTAACTTCATACAGCT-L8TX_181012_01_B05	L5_PT_CTX
TGACAACAGTGAAGTT-L8TX_180926_01_E01	L5_PT_CTX
TTATGCTTCATCGATG-L8TX_180221_01_B12	L5_PT_CTX
GATGCTAAGACAAAGG-L8TX_180115_01_D08	L5_PT_CTX
AGGGTGATCGTCACGG-L8TX_180115_01_C10	L5_PT_CTX
AAGGCAGGTACTTGAC-L8TX_181012_01_B05	L5_PT_CTX
GGACAAGGTCGACTAT-L8TX_180221_01_B12	L5_PT_CTX
ATCATCTTCATAACCG-L8TX_171120_01_C07	L5_PT_CTX
ATCATGGGTTCAGACT-L8TX_190312_01_B02	L5_PT_CTX
CAACTAGCAGTTAACC-L8TX_180221_01_A10	L5_PT_CTX
ATCATGGCAAACGCGA-L8TX_180115_01_G11	L5_PT_CTX
CACACTCCAAAGTGCG-L8TX_180115_01_D09	L5_PT_CTX
CCACTACAGGACACCA-L8TX_190312_01_C02	L5_PT_CTX
CCTTACGAGCTAAACA-L8TX_180115_01_C11	L5_PT_CTX
TTCTCCTTCTCGCTTG-L8TX_171026_01_H05	L5_PT_CTX
CATCGAAGTCCGAACC-L8TX_180221_01_E11	L5_PT_CTX
TCTGAGATCAGGTAAA-L8TX_180115_01_E08	L5_PT_CTX
AGCGTCGTCGGCGCAT-L8TX_171026_01_H04	L5_PT_CTX
ACACCCTAGTCGATAA-L8TX_180221_01_F10	L5_PT_CTX
CTCTACGCACAAGACG-L8TX_180221_01_C12	L5_PT_CTX
CTAAGACTCGCGATCG-L8TX_200611_02_A05	L5_PT_CTX
GCATGATAGTATCGAA-L8TX_180115_01_G11	L5_PT_CTX
CGTAGCGTCTCGGACG-L8TX_180115_01_D09	L5_PT_CTX
GTGCTTCTCCTATTCA-L8TX_180115_01_D11	L5_PT_CTX
TCAACGAGTCCGACGT-L8TX_181012_01_H04	L5_PT_CTX
GGATTACAGTCGAGTG-L8TX_180221_01_F10	L5_PT_CTX
CCTAAAGCACGAAAGC-L8TX_181012_01_E05	L5_PT_CTX
TTTGCGCTCCAAGTAC-L8TX_180115_01_H09	L5_PT_CTX
GGCGTGTAGTACGATA-L8TX_180221_01_H10	L5_PT_CTX
TTCTACAAGAAACCTA-L8TX_180115_01_H11	L5_PT_CTX
TAGGCATGTCCTAGCG-L8TX_181011_01_C04	L5_PT_CTX
CTGTGCTCAGTAAGAT-L8TX_180712_01_E05	L5_PT_CTX
CCATGTCTCCTCAACC-L8TX_180221_01_C12	L5_PT_CTX
CGTGAGCCATTGGGCC-L8TX_180221_01_C09	L5_PT_CTX
ACGGAGAAGCCACGTC-L8TX_171120_01_H07	L5_PT_CTX
CGTTAGACACAGGTTT-L8TX_180712_01_F05	L5_PT_CTX
GTCGGGTGTCCTGCTT-L8TX_180115_01_G11	L5_PT_CTX
ACACCAATCCTTTACA-L8TX_180115_01_F11	L5_PT_CTX
CAGCTGGGTAAACCTC-L8TX_180115_01_G10	L5_PT_CTX
ACGCCGATCGTTTAGG-L8TX_180115_01_E11	L5_PT_CTX
CTCGGGACAGGGCATA-L8TX_180115_01_H08	L5_PT_CTX
GTCACGGGTCTCTCTG-L8TX_180115_01_D11	L5_PT_CTX
TCACAAGCAACCGCCA-L8TX_180115_01_C09	L5_PT_CTX
AGTGTCACACGTGAGA-L8TX_171026_01_E05	L5_PT_CTX
GTGTGCGTCCTGCCAT-L8TX_180221_01_D10	L5_PT_CTX
TACTCGCGTATAGTAG-L8TX_180115_01_F10	L5_PT_CTX
AGGTCCGCAAGGCTCC-L8TX_180115_01_C11	L5_PT_CTX
TCACAAGCATACGCCG-L8TX_180115_01_F10	L5_PT_CTX
ATCGAGTAGAGGTACC-L8TX_180115_01_H10	L5_PT_CTX
ATAACGCTCACTCTTA-L8TX_180115_01_D11	L5_PT_CTX
CAGTCCTAGGGATGGG-L8TX_180115_01_A11	L5_PT_CTX
CACCTTGAGCTTATCG-L8TX_180115_01_E11	L5_PT_CTX
AGAGCGACAATAGCAA-L8TX_171120_01_H07	L5_PT_CTX
CGCTTCACAGCTCGAC-L8TX_181011_01_B03	L5_PT_CTX
TCTATTGGTCGCGAAA-L8TX_180115_01_B10	L5_PT_CTX
CAACCTCCACCCATGG-L8TX_180712_01_E05	L5_PT_CTX
TGCCCATCACTGAAGG-L8TX_180115_01_A10	L5_PT_CTX
AGCAGCCAGAGGTAGA-L8TX_190312_01_B02	L5_PT_CTX
GCATGCGTCACGACTA-L8TX_180115_01_E11	L5_PT_CTX
CGGAGCTGTACAGCAG-L8TX_180829_01_D10	L5_PT_CTX
CTCTACGCAATCAGAA-L8TX_171026_01_E05	L5_PT_CTX
TGACTTTAGATGGCGT-L8TX_180406_01_E01	L5_PT_CTX
GTCTTCGTCAGATAAG-L8TX_180221_01_E10	L5_PT_CTX
TACTCGCTCCCTCAGT-L8TX_180221_01_E10	L5_PT_CTX
GGGCACTTCAGCTTAG-L8TX_190312_01_A03	L5_PT_CTX
ACGAGGATCTGGTATG-L8TX_180115_01_E10	L5_PT_CTX
TCACGAATCCTTGCCA-L8TX_180115_01_D11	L5_PT_CTX
AGTTGGTCAACTGCGC-L8TX_180115_01_F08	L5_PT_CTX
ATTGGACCAGATCGGA-L8TX_180221_01_H10	L5_PT_CTX
CGAGAAGAGACCTTTG-L8TX_180221_01_D10	L5_PT_CTX
TGGCCAGGTAATCACC-L8TX_190312_01_D02	L5_PT_CTX
CACCTTGTCAATCACG-L8TX_180221_01_B10	L5_PT_CTX
TACTTACAGGGTGTTG-L8TX_180115_01_A10	L5_PT_CTX
ACGAGCCGTCTTGTCC-L8TX_180115_01_D11	L5_PT_CTX
CCTCAGTTCTTCAACT-L8TX_180115_01_E11	L5_PT_CTX
ACGATACCACGGTTTA-L8TX_180115_01_B10	L5_PT_CTX
CGTTAGATCCGCATAA-L8TX_181012_01_E05	L5_PT_CTX
CAAGATCAGTTTAGGA-L8TX_180115_01_G09	L5_PT_CTX
CATCGGGGTGCTAGCC-L8TX_180115_01_D11	L5_PT_CTX
GTGCGGTGTGCTTCTC-L8TX_181011_01_G02	L5_PT_CTX
TTGGAACAGAGGACGG-L8TX_180712_01_F05	L5_PT_CTX
CTCAGAACACTGTGTA-L8TX_180221_01_G11	L5_PT_CTX
TTGGAACCAGACGTAG-L8TX_171026_01_F03	L5_PT_CTX
GTACGTACATCGACGC-L8TX_171026_01_F03	L5_PT_CTX
TTAGTTCGTATTCTCT-L8TX_180115_01_E11	L5_PT_CTX
CTCACACGTATGAAAC-L8TX_180221_01_E10	L5_PT_CTX
GCACTCTCAGACAAGC-L8TX_180406_01_C06	L5_PT_CTX
ATCCGAATCGATAGAA-L8TX_180926_01_D01	L5_PT_CTX
TCTTTCCTCTGGAGCC-L8TX_180221_01_E11	L5_PT_CTX
CGTGTAATCGGCGCAT-L8TX_180221_01_B11	L5_PT_CTX
CTCGTACCACATGACT-L8TX_180115_01_D11	L5_PT_CTX
TGGTTCCAGATCTGAA-L8TX_180712_01_E05	L5_PT_CTX
TACGGGCTCGAGAGCA-L8TX_171120_01_H07	L5_PT_CTX
CACATTTCAGTCACTA-L8TX_180115_01_E09	L5_PT_CTX
CAGTCCTGTCTTGCGG-L8TX_180115_01_F11	L5_PT_CTX
TCCCGATTCAATCACG-L8TX_180115_01_C10	L5_PT_CTX
GTCCTCATCGTAGGTT-L8TX_190312_01_B02	L5_PT_CTX
GGACAGATCCGGGTGT-L8TX_171120_01_E07	L5_PT_CTX
AGCTCCTTCATGTGGT-L8TX_180115_01_E11	L5_PT_CTX
GGAAAGCGTGTGACGA-L8TX_171026_01_F04	L5_PT_CTX
ACACCCTGTTCTCATT-L8TX_180221_01_E10	L5_PT_CTX
CCATTCGGTACCGAGA-L8TX_180406_01_F02	L5_PT_CTX
TTAACTCTCTGCAGTA-L8TX_180115_01_A11	L5_PT_CTX
CTTACCGGTAGCTGCC-L8TX_180712_01_E05	Pvalb
TCTGGAATCAGATAAG-L8TX_180406_01_F02	Pvalb
CATATGGTCGGACAAG-L8TX_171026_01_E05	Pvalb
GCGACCAAGTGTTAGA-L8TX_180829_01_D10	Pvalb
GTAACTGGTGATAAGT-L8TX_180406_01_C06	Pvalb
GCCTCTACACTATCTT-L8TX_180115_01_A11	Pvalb
CATCAGATCTGATTCT-L8TX_181012_01_E05	Pvalb
GGACATTCAACGATCT-L8TX_180406_01_C07	Pvalb
GCAATCAAGTGTTAGA-L8TX_180926_01_C12	Pvalb
CAGATCATCTTGTCAT-L8TX_180712_01_G05	Pvalb
CGACTTCCAAATTGCC-L8TX_180712_01_E05	Pvalb
GTGCAGCGTCAATACC-L8TX_180406_01_H01	Pvalb
GTAACGTCAGGCTCAC-L8TX_171026_01_C05	Pvalb
CCACTACCAATGCCAT-L8TX_180406_01_D02	Pvalb
GACTACAGTCGAGTTT-L8TX_180115_01_A11	Pvalb
AATCGGTAGTACACCT-L8TX_171026_01_A05	Pvalb
TCTATTGTCTGGCGTG-L8TX_180115_01_F11	Pvalb
CGGACTGCAGGATTGG-L8TX_181011_01_C04	Pvalb
GGCAATTTCCAAATGC-L8TX_180504_01_E01	Pvalb
GGCGTGTTCCTCAATT-L8TX_190312_01_D02	Pvalb
ACGGAGATCCTTCAAT-L8TX_180115_01_G10	Pvalb
TTCGAAGAGCAGATCG-L8TX_180115_01_B11	Pvalb
CTGGTCTCATCGGAAG-L8TX_180115_01_A10	Pvalb
GGATGTTCACACATGT-L8TX_171026_01_A05	Pvalb
CTCTAATAGGCAGGTT-L8TX_171026_01_H05	Pvalb
CGGCTAGGTGCAACGA-L8TX_180115_01_F10	Pvalb
TTTACTGTCGCAGGCT-L8TX_171026_01_D05	Pvalb
AATCGGTTCATAACCG-L8TX_180907_01_H11	Pvalb
CGTGTAAGTGTAAGTA-L8TX_180221_01_D11	Pvalb
CTCGAGGGTCCTCTTG-L8TX_180406_01_C01	Pvalb
ACGAGCCGTTTGGCGC-L8TX_180115_01_A11	Pvalb
CACACAATCTTAGAGC-L8TX_180406_01_E02	Pvalb
ATTTCTGTCCAACCAA-L8TX_180115_01_F08	Pvalb
GCCTCTACAGCGATCC-L8TX_180221_01_A12	Pvalb
ATTTCTGCATGAGCGA-L8TX_190312_01_C02	Pvalb
AGCAGCCGTTGCCTCT-L8TX_180406_01_E01	Pvalb
AAACCTGAGCGATTCT-L8TX_200625_02_F11	Pvalb
GCCTCTAAGCTTTGGT-L8TX_181012_01_E05	Pvalb
CATCAAGTCGGCGGTT-L8TX_180115_01_D11	Pvalb
CGACTTCCATCGGGTC-L8TX_180115_01_C11	Pvalb
CGATGTACAATAACGA-L8TX_180712_01_C06	Pvalb
CACCAGGAGCTATGCT-L8TX_180829_01_D09	Pvalb
CAGCAGCAGCTGCAAG-L8TX_180221_01_G11	Pvalb
GTTTCTAAGAAGCCCA-L8TX_180406_01_G02	Pvalb
GATGCTAGTTCATGGT-L8TX_190312_01_B02	Pvalb
CATTCGCCACTCAGGC-L8TX_171026_01_D05	Pvalb
GAGCAGAGTAAGAGGA-L8TX_180907_01_G10	Pvalb
CATATTCAGACTGGGT-L8TX_180115_01_E09	Pvalb
CATGCCTCAAGTAGTA-L8TX_171026_01_C05	Pvalb
CTAAGACCACATCCGG-L8TX_171026_01_B04	Pvalb
AAATGCCCAGTAGAGC-L8TX_180221_01_B11	Pvalb
TCTCATATCCCGACTT-L8TX_180221_01_B12	Pvalb
CATCGAACAAGTCTAC-L8TX_171026_01_B04	Pvalb
TAAACCGGTCTAGCGC-L8TX_180115_01_F11	Pvalb
AAGCCGCTCCCTTGCA-L8TX_171026_01_F04	Pvalb
AGCCTAAAGACTACAA-L8TX_180221_01_B12	Pvalb
TCGCGTTCATGACATC-L8TX_180115_01_H10	Pvalb
GTAGTCAGTGTTTGGT-L8TX_180115_01_H10	Pvalb
CACACCTGTTCCATGA-L8TX_180115_01_E09	Pvalb
GGATTACGTCCAACTA-L8TX_180712_01_B06	Pvalb
CAAGATCCAGGAATGC-L8TX_180115_01_F10	Pvalb
TGACAACCACTTAACG-L8TX_180221_01_H12	Pvalb
AAGGAGCTCAAACCAC-L8TX_180115_01_E09	Pvalb
TGAGAGGTCAGAAATG-L8TX_180115_01_G10	Pvalb
CACAAACAGTACTTGC-L8TX_180115_01_D09	Pvalb
TTGAACGAGTGGAGAA-L8TX_180221_01_B12	Pvalb
GTTAAGCGTATTAGCC-L8TX_180115_01_B11	Pvalb
TCAGCTCCACGGCTAC-L8TX_180221_01_A12	Pvalb
CGTGTCTTCAAGGTAA-L8TX_180115_01_B09	Pvalb
TCACGAAAGATGCCAG-L8TX_180221_01_A11	Pvalb
TTGTAGGAGTGTGAAT-L8TX_180115_01_F10	Pvalb
CAGAATCTCAGTCAGT-L8TX_180406_01_D01	Pvalb
CATCGAATCTGCCCTA-L8TX_171026_01_F05	Pvalb
GAGGTGATCATTATCC-L8TX_180221_01_B11	Pvalb
ATGTGTGCAACACGCC-L8TX_180712_01_A06	Pvalb
ACCCACTAGTACATGA-L8TX_180406_01_B02	Pvalb
TCGAGGCAGGGTTCCC-L8TX_180406_01_G02	Pvalb
GACGGCTCAGGAATGC-L8TX_180115_01_A11	Pvalb
GGATGTTAGGACAGCT-L8TX_171026_01_G04	Pvalb
TTAGGACCACAGACAG-L8TX_180406_01_E01	Pvalb
CAGCATACAGATAATG-L8TX_180926_01_F01	Pvalb
ACCTTTAGTGCAACTT-L8TX_180712_01_A06	Pvalb
TCGTACCAGCCACGTC-L8TX_180406_01_C08	Pvalb
GTTCTCGGTCAAAGCG-L8TX_180221_01_E10	Pvalb
GTAACTGCAATAGAGT-L8TX_180406_01_H02	Pvalb
GTCAAGTCAGCGTTCG-L8TX_180115_01_F11	Pvalb
TGCTACCGTGTGCGTC-L8TX_200611_02_A05	Pvalb
CTCTAATCAGGGTTAG-L8TX_180115_01_H10	Pvalb
CTGATAGTCCACGTGG-L8TX_171026_01_C05	Pvalb
ATCTACTCACAACGCC-L8TX_180221_01_B10	Pvalb
GTCAAGTTCATCGCTC-L8TX_180115_01_G11	Pvalb
GCTGGGTGTTACCGAT-L8TX_180406_01_C08	Pvalb
GGATGTTCATGGAATA-L8TX_180221_01_H12	Pvalb
AACCATGAGTCAAGGC-L8TX_180221_01_F10	Pvalb
ACGGCCAAGCCAGTTT-L8TX_180115_01_A10	Pvalb
GCGCAACGTTCGTCTC-L8TX_171026_01_H03	Pvalb
CTCTACGAGATAGGAG-L8TX_180712_01_F05	Pvalb
CAACCTCCAAGGTTCT-L8TX_171026_01_F04	Pvalb
TAAGAGATCATCGATG-L8TX_180926_01_C12	Pvalb
TCAACGACATAGGATA-L8TX_180115_01_B09	Pvalb
ACCAGTACAAGCTGTT-L8TX_171026_01_F04	Pvalb
TAAGAGAAGCGCCTTG-L8TX_180926_01_F01	Pvalb
CTCATTATCCTAGTGA-L8TX_180712_01_H05	Pvalb
CGCGGTAGTCACCTAA-L8TX_171026_01_F04	Pvalb
CGGACACCATCCTAGA-L8TX_180221_01_F09	Pvalb
CTGAAGTTCAACGGCC-L8TX_180607_01_C05	Pvalb
TGTGGTACATTAGCCA-L8TX_180712_01_C06	Pvalb
AAGACCTCAGGTTTCA-L8TX_180221_01_C12	Pvalb
CTTAGGACACGGTTTA-L8TX_180907_01_B12	Pvalb
TTCTCAAAGATAGTCA-L8TX_180115_01_E09	Pvalb
GCGGGTTTCTTCAACT-L8TX_180115_01_D11	Pvalb
AAATGCCAGAGACTAT-L8TX_171026_01_B04	Pvalb
CCATGTCTCACATAGC-L8TX_180406_01_C06	Pvalb
AAACCTGTCACGGTTA-L8TX_180221_01_H11	Pvalb
GTCGTAATCAGTTAGC-L8TX_180406_01_E06	Pvalb
TGATTTCGTTGGGACA-L8TX_180221_01_D09	Pvalb
ACACCAACACAGACAG-L8TX_171120_01_E07	Pvalb
GCTCTGTAGCCGCCTA-L8TX_180221_01_D09	Pvalb
CGAGAAGGTTAAGATG-L8TX_180712_01_C06	Pvalb
ACTGAACCAATGGAGC-L8TX_180712_01_B06	Pvalb
CGTAGCGGTCGACTGC-L8TX_180115_01_H10	Pvalb
CCGTACTCAGATAATG-L8TX_180115_01_G11	Pvalb
TTTGTCACATACAGCT-L8TX_180115_01_D08	Pvalb
GTTCGGGAGAGGTTGC-L8TX_171026_01_F04	Pvalb
CTGTGCTAGCGCTTAT-L8TX_180115_01_C09	Pvalb
TGAGCATCAGTACACT-L8TX_171026_01_F05	Pvalb
GGGATGAAGTGGAGAA-L8TX_180406_01_H01	Pvalb
CCAATCCTCAGGATCT-L8TX_180406_01_C08	Pvalb
TAGCCGGGTCAAAGCG-L8TX_181012_01_H04	Pvalb
AATCGGTCACAGGCCT-L8TX_180221_01_C10	Pvalb
GTGCTTCAGAGACGAA-L8TX_180115_01_D11	Pvalb
AGACGTTAGGCCCTCA-L8TX_171026_01_E05	Pvalb
CGCTGGATCGTAGGTT-L8TX_180926_01_B01	Pvalb
CCTTCCCGTCGGCATC-L8TX_171026_01_B04	Pvalb
GCAATCACACCCATTC-L8TX_180926_01_F01	Pvalb
TTTATGCTCATGCTCC-L8TX_180221_01_H11	Pvalb
CCGGGATCACCTTGTC-L8TX_200611_02_A05	Pvalb
ACACCAAAGCTGGAAC-L8TX_180115_01_H11	Pvalb
AGCATACAGCTGATAA-L8TX_180115_01_A11	Pvalb
GGCAATTAGCCCAATT-L8TX_180712_01_A06	Pvalb
TTCGGTCGTGTGACCC-L8TX_180221_01_F10	Pvalb
ATCTACTTCAAACAAG-L8TX_180406_01_E06	Pvalb
CAGCGACTCTGTCTAT-L8TX_180712_01_G05	Pvalb
CTTTGCGTCAGGCCCA-L8TX_180115_01_B09	Pvalb
CAGCCGACAACCGCCA-L8TX_180221_01_D10	Pvalb
TCAGGATGTGCACTTA-L8TX_171026_01_F04	Pvalb
GGCGACTCAGTGGAGT-L8TX_180406_01_E02	Pvalb
GATCGCGCAGTTCATG-L8TX_180221_01_A12	Pvalb
TACTTACGTACGCACC-L8TX_171026_01_G03	Pvalb
CCGGTAGTCAGGTTCA-L8TX_180504_01_E01	Pvalb
CGCGGTAAGCTAGTTC-L8TX_180115_01_A09	Pvalb
AGGCCACCATCACGTA-L8TX_180406_01_C01	Pvalb
TCAGCAAAGAAACCGC-L8TX_200611_02_A05	Pvalb
ACGATACGTAGCGATG-L8TX_180221_01_D10	Pvalb
CATCGAAGTTCAGTAC-L8TX_171120_01_C07	Pvalb
GACCAATAGAGACTAT-L8TX_171120_01_H07	Pvalb
CGATGTATCATACGGT-L8TX_180115_01_G10	Pvalb
CAGCGACAGATACACA-L8TX_200625_02_E11	Pvalb
TGCCCATGTTAGAACA-L8TX_180712_01_G05	Pvalb
CATCAGAAGACATAAC-L8TX_180115_01_E11	Pvalb
ATTGGTGGTTTGTTTC-L8TX_180406_01_C08	Pvalb
CGTTCTGCAATGCCAT-L8TX_171026_01_B04	Pvalb
GGACAAGCAGGGTTAG-L8TX_181012_01_B05	Pvalb
CCGTGGAAGTGTTTGC-L8TX_180221_01_C10	Pvalb
ACGATACAGACAAGCC-L8TX_180712_01_G05	Pvalb
CGAGCCACAGTGGAGT-L8TX_171026_01_F04	Pvalb
AACTTTCAGATCGATA-L8TX_180115_01_H11	Pvalb
GGTGTTATCTGGGCCA-L8TX_180829_01_E10	Pvalb
CTGCCTATCATCGGAT-L8TX_171120_01_D07	Pvalb
CCACCTATCATACGGT-L8TX_171026_01_E05	Pvalb
ATTCTACTCTCTAGGA-L8TX_180712_01_H05	Pvalb
GGGATGAGTTCCCGAG-L8TX_171026_01_F05	Pvalb
TCGTAGACACCACCAG-L8TX_181011_01_A03	Pvalb
ACTGATGCACGACTCG-L8TX_180115_01_B10	Pvalb
TAAGAGATCTGTCTAT-L8TX_171026_01_F04	Pvalb
CACATAGCAGATGGCA-L8TX_180712_01_A06	Pvalb
GTTCATTTCTCAACTT-L8TX_180115_01_H11	Pvalb
GCCTCTAAGACTAGGC-L8TX_171026_01_G05	Pvalb
GGCCGATGTGACGCCT-L8TX_180115_01_E09	Pvalb
CCTTCCCAGTGTTTGC-L8TX_180115_01_D09	Pvalb
CACATAGAGACCACGA-L8TX_180712_01_F05	Pvalb
AGTTGGTAGACCACGA-L8TX_180712_01_B06	Pvalb
CATATGGCACAGCGTC-L8TX_180221_01_A12	Pvalb
TACTTGTCAGCAGTTT-L8TX_180221_01_H11	Pvalb
TTTACTGTCATCACCC-L8TX_180221_01_H12	Pvalb
TACGGATTCTCAAGTG-L8TX_180221_01_A12	Pvalb
ATTACTCTCATGTGGT-L8TX_180221_01_B12	Pvalb
CACTCCATCAGCGACC-L8TX_181012_01_G04	Pvalb
AACGTTGCATTACGAC-L8TX_180115_01_C09	Pvalb
TTGTAGGAGGCGATAC-L8TX_180907_01_A12	Pvalb
AGCTTGACAGACGTAG-L8TX_180221_01_A12	Pvalb
CATTCGCGTTCTCATT-L8TX_180712_01_B06	Pvalb
CGAATGTCAAATCCGT-L8TX_180115_01_B11	Pvalb
CCCATACGTCGGCTCA-L8TX_180115_01_F10	Pvalb
TGACTTTGTTAGATGA-L8TX_171026_01_B04	Pvalb
ACTGAACTCTCTTGAT-L8TX_180221_01_H11	Pvalb
TGACTTTGTCTAGTCA-L8TX_181011_01_H03	Pvalb
CTCGAGGAGTTAGGTA-L8TX_180221_01_H11	Pvalb
CGCTTCAAGTTATCGC-L8TX_180115_01_A09	Pvalb
CAGTCCTCAGACGCCT-L8TX_181206_01_A12	Pvalb
TGAGCCGAGAGCTGCA-L8TX_180115_01_E10	Pvalb
GACACGCGTCGAGTTT-L8TX_180406_01_C07	Pvalb
AACTCAGAGTGGCACA-L8TX_180221_01_A12	Pvalb
CCGTTCACAATAAGCA-L8TX_180115_01_A09	Pvalb
CTAACTTAGTGAAGTT-L8TX_180115_01_G10	Pvalb
CCTTCGAAGTCTTGCA-L8TX_180115_01_G11	Pvalb
GATCGCGTCCGCATCT-L8TX_180221_01_E09	Pvalb
AAACCTGTCAGTACGT-L8TX_180115_01_B11	Pvalb
GTGCGGTTCTGGCGAC-L8TX_180115_01_G11	Pvalb
GTGCATAGTCGTTGTA-L8TX_180115_01_F11	Pvalb
AACCATGTCACTCTTA-L8TX_171026_01_F04	Pvalb
ACTGTCCGTAGCACGA-L8TX_171026_01_A04	Pvalb
TTATGCTAGATGGCGT-L8TX_181011_01_B03	Pvalb
ACGAGGACATTAACCG-L8TX_180712_01_H05	Pvalb
CCACGGATCATCGATG-L8TX_180712_01_G05	Pvalb
AAGCCGCTCGCCAGCA-L8TX_180115_01_D08	Pvalb
CAGCGACCACTATCTT-L8TX_180115_01_A11	Pvalb
AGAATAGTCTCGAGTA-L8TX_180712_01_F05	Pvalb
CACAGGCAGTCGTTTG-L8TX_180406_01_C07	Pvalb
CTAATGGCACTTGGAT-L8TX_180221_01_A12	Pvalb
CTCCTAGTCTTACCTA-L8TX_180115_01_C10	Pvalb
AGCGTATTCGACAGCC-L8TX_181011_01_H03	Pvalb
GTTTCTACAAATTGCC-L8TX_180712_01_A06	Pvalb
GAACGGACAGGGAGAG-L8TX_171026_01_B04	Pvalb
CGAACATCAGCTGTTA-L8TX_180115_01_G10	Pvalb
GTAACGTGTGAGGGTT-L8TX_171120_01_H07	Pvalb
TCTTTCCCACCTATCC-L8TX_171026_01_A05	Pvalb
CTACCCATCATCATTC-L8TX_180115_01_F09	Pvalb
TACTTGTGTCCCTACT-L8TX_171026_01_E05	Pvalb
GTTACAGAGAGCTGCA-L8TX_171026_01_F03	Pvalb
TTTGCGCTCTCAAACG-L8TX_180926_01_F01	Pvalb
TAGGCATTCCCATTTA-L8TX_180221_01_B10	Pvalb
TTCCCAGAGCAGACTG-L8TX_171120_01_C07	Pvalb
AACCGCGTCCTTAATC-L8TX_180406_01_C07	Pvalb
TGCCAAATCACTTATC-L8TX_180115_01_G11	Pvalb
GTGTGCGCACGAAAGC-L8TX_180115_01_A09	Pvalb
ACGCAGCCAAAGCAAT-L8TX_171026_01_E05	Pvalb
CGAGAAGAGATGTGGC-L8TX_180712_01_E05	Pvalb
TCTTCGGTCTTCCTTC-L8TX_180115_01_F11	Pvalb
CATCGGGGTGCAACTT-L8TX_180221_01_D10	Pvalb
TACTCGCCATGTTCCC-L8TX_180115_01_E08	Pvalb
TCATTTGCATTCTCAT-L8TX_181012_01_H04	Pvalb
CCTTCGACATTCTTAC-L8TX_180115_01_C09	Pvalb
GTTTCTAGTAAGGGCT-L8TX_180406_01_F02	Pvalb
CGGAGTCTCCTTTCTC-L8TX_180115_01_D11	Pvalb
GAAATGAGTGATGATA-L8TX_180607_01_C05	Pvalb
TATCAGGCATCGATGT-L8TX_181012_01_H04	Pvalb
AGTCTTTGTAATAGCA-L8TX_181011_01_B03	Pvalb
CGTTAGATCTGGGCCA-L8TX_171026_01_B05	Pvalb
CGTAGGCTCTTTACAC-L8TX_171120_01_H07	Pvalb
ACTGAACCACTTCGAA-L8TX_180115_01_E09	Pvalb
GTCTTCGGTGTCCTCT-L8TX_171026_01_H03	Pvalb
CATGGCGAGCAGACTG-L8TX_180221_01_B10	Pvalb
CGTCAGGAGAATTCCC-L8TX_181012_01_C05	Pvalb
ACACCGGCACGCATCG-L8TX_180907_01_G10	Pvalb
CCACTACAGTGACATA-L8TX_180504_01_E01	Pvalb
TCAACGAAGGAGTAGA-L8TX_171120_01_H07	Pvalb
GTAACTGCAGTACACT-L8TX_180406_01_E07	Pvalb
ATAAGAGTCCAACCAA-L8TX_180907_01_B11	Pvalb
ACGGGCTCACTCAGGC-L8TX_180221_01_D12	Pvalb
AGTAGTCAGTATGACA-L8TX_180115_01_E10	Pvalb
CACACAAGTTACGCGC-L8TX_180406_01_D02	Pvalb
AACTTTCTCCCAAGAT-L8TX_180221_01_D09	Pvalb
GTACGTAAGCAGGTCA-L8TX_180712_01_E05	Pvalb
TATTACCAGGGAAACA-L8TX_180406_01_D02	Pvalb
CTCAGAAAGATGGGTC-L8TX_180221_01_A12	Pvalb
ATCTACTGTGCGGTAA-L8TX_180115_01_G10	Pvalb
GGACAAGCAACGCACC-L8TX_180115_01_A09	Pvalb
TCCACACGTCACCTAA-L8TX_180221_01_C09	Pvalb
CAGAGAGAGCTAGTTC-L8TX_200611_02_A05	Pvalb
CGTGTCTTCAGCTCTC-L8TX_180406_01_H01	Pvalb
GTCTTCGCATCACGTA-L8TX_180115_01_H10	Pvalb
CGTGTAATCTGTCCGT-L8TX_180406_01_G02	Pvalb
ATCCGAAAGTGTTGAA-L8TX_180221_01_C12	Pvalb
GAACGGAGTTAAGACA-L8TX_171026_01_H04	Pvalb
AGTGTCATCATGCATG-L8TX_180115_01_B11	Pvalb
ATTTCTGTCATCATTC-L8TX_200611_02_A05	Pvalb
CTTTGCGGTCTAGCCG-L8TX_180115_01_E11	Pvalb
TCAACGAAGACTTTCG-L8TX_180712_01_A06	Pvalb
TAAGTGCTCTGACCTC-L8TX_180115_01_F09	Pvalb
CACTCCATCAATAAGG-L8TX_171026_01_F05	Pvalb
CTGCGGATCCAGTAGT-L8TX_180406_01_C06	Pvalb
AGACGTTCATGAACCT-L8TX_171120_01_E07	Pvalb
TCTGAGAAGGCTAGAC-L8TX_171026_01_H05	Pvalb
ACGCCGACACACGCTG-L8TX_180907_01_B12	Pvalb
GCTGCGAGTCACTTCC-L8TX_190312_01_B02	Pvalb
CGAGCCAAGTAACCCT-L8TX_171026_01_F04	Pvalb
AAATGCCGTTAGAACA-L8TX_180115_01_B11	Pvalb
CCTTTCTTCACAACGT-L8TX_180926_01_B01	Pvalb
ACGTCAAAGATGGGTC-L8TX_200625_02_E11	Pvalb
CGATTGAAGACTCGGA-L8TX_180115_01_A11	Pvalb
GCTTGAAAGCCACTAT-L8TX_180907_01_E11	Pvalb
GAAATGAAGACCCACC-L8TX_180406_01_D01	Pvalb
CTTGGCTGTAAGAGGA-L8TX_180406_01_E01	Pvalb
AAAGCAAGTGACCAAG-L8TX_180115_01_F10	Pvalb
GGTGAAGCAGCGTAAG-L8TX_181012_01_H04	Pvalb
GACTAACTCCTCAACC-L8TX_180607_01_C05	Pvalb
GTCACAATCTCGCATC-L8TX_180712_01_G05	Pvalb
TTGGAACTCGAATGCT-L8TX_171026_01_B04	Pvalb
TATGCCCAGTATCTCG-L8TX_180221_01_F10	Pvalb
GACAGAGGTGCAACTT-L8TX_180712_01_F05	Pvalb
GGCGTGTAGACTTTCG-L8TX_180221_01_F10	Pvalb
CTGCGGATCAGCTCGG-L8TX_180115_01_D09	Pvalb
ACGGGCTAGTCTCCTC-L8TX_180221_01_C12	Pvalb
AGCGGTCTCCAAACAC-L8TX_171120_01_F07	Pvalb
GCGGGTTGTAGCGCAA-L8TX_180115_01_D10	Pvalb
GACCTGGCAGATGGGT-L8TX_180712_01_G05	Pvalb
TTGGCAATCCTCCTAG-L8TX_180926_01_D01	Pvalb
TTTGCGCTCCAAACAC-L8TX_180221_01_A11	Pvalb
ACTGAGTTCCTTGGTC-L8TX_171026_01_B05	Pvalb
TCGGGACGTTCCCGAG-L8TX_180221_01_B12	Pvalb
CATCGAAGTGCACCAC-L8TX_180712_01_E05	Pvalb
GAATAAGAGTACGTTC-L8TX_180221_01_H12	Pvalb
GTAACTGCAATAGAGT-L8TX_180115_01_D11	Pvalb
GAACATCAGTGCGTGA-L8TX_171026_01_F05	Pvalb
GGGCATCTCTGAAAGA-L8TX_171026_01_B05	Pvalb
GATTCAGCACAAGCCC-L8TX_180221_01_G10	Pvalb
TCCACACTCTGAGTGT-L8TX_180406_01_B06	Pvalb
TCCACACGTGCAGGTA-L8TX_180221_01_G09	Pvalb
TGACTAGTCGTGGACC-L8TX_180221_01_G09	Pvalb
TTTATGCTCTGATACG-L8TX_181012_01_E05	Pvalb
TACCTATGTCTTCAAG-L8TX_180115_01_E11	Pvalb
CTCTAATCATCTCGCT-L8TX_180504_01_E01	Pvalb
GAACCTAAGGGAACGG-L8TX_180406_01_F02	Pvalb
CCTTTCTCATATGCTG-L8TX_180115_01_F10	Pvalb
GCGGGTTGTGCGAAAC-L8TX_181011_01_H02	Pvalb
TTCTACATCATGGTCA-L8TX_180115_01_C09	Pvalb
TGTTCCGTCACCAGGC-L8TX_171026_01_E05	Pvalb
GAAATGAAGTGGGCTA-L8TX_180115_01_H11	Pvalb
TTGTAGGTCCTAGAAC-L8TX_180221_01_B12	Pvalb
ACGAGCCCACCAGGCT-L8TX_171026_01_F04	Pvalb
TGGCGCATCACATAGC-L8TX_180115_01_B10	Pvalb
ATTATCCGTAACGACG-L8TX_180829_01_D09	Pvalb
AACTCCCCATACGCCG-L8TX_180115_01_H10	Pvalb
TCGGTAAAGAACAACT-L8TX_180926_01_F01	Pvalb
TGAGGGATCGGTTAAC-L8TX_180115_01_C11	Pvalb
GTATCTTAGTTACCCA-L8TX_180115_01_E10	Pvalb
CTGAAGTCATCACCCT-L8TX_181011_01_A03	Pvalb
GACACGCCAACGATCT-L8TX_180115_01_F11	Pvalb
GGTGCGTGTGCCTGGT-L8TX_180829_01_D09	Pvalb
CCTAGCTTCAACACAC-L8TX_180115_01_F11	Pvalb
AATCGGTCAATGGATA-L8TX_180406_01_C08	Pvalb
TACGGATTCGGTCCGA-L8TX_180712_01_B06	Pvalb
CTCATTATCAGGTAAA-L8TX_180712_01_E05	Pvalb
TGCCCATTCTTGAGAC-L8TX_180221_01_D09	Pvalb
ATCTACTCAATAGCGG-L8TX_180221_01_G10	Pvalb
GATCGCGAGGGTATCG-L8TX_171026_01_B04	Pvalb
GCTGCAGTCGATAGAA-L8TX_180115_01_C09	Pvalb
CTGCGGATCAGAGGTG-L8TX_180829_01_E10	Pvalb
GAATGAAGTTTGACTG-L8TX_180115_01_F09	Pvalb
GTTACAGGTGCAGGTA-L8TX_171026_01_G03	Pvalb
GCTGCTTAGAGTACAT-L8TX_180907_01_F10	Pvalb
ACACCCTAGGAATCGC-L8TX_180406_01_B06	Pvalb
CTGTTTACAAAGGAAG-L8TX_171026_01_G04	Pvalb
ACGGCCAGTCATGCCG-L8TX_181011_01_A03	Pvalb
GGGCACTAGAAGGGTA-L8TX_180221_01_E09	Pvalb
CATGACAGTAATTGGA-L8TX_180115_01_D11	Pvalb
TCAATCTGTGGTCTCG-L8TX_180115_01_C10	Pvalb
TACGGGCCACGAGGTA-L8TX_180115_01_B10	Pvalb
CGAGAAGCACGGCCAT-L8TX_180221_01_H11	Pvalb
TGACGGCAGACAAGCC-L8TX_180115_01_E08	Pvalb
ACGCAGCGTTCAGGCC-L8TX_180406_01_C07	Pvalb
GCGCAGTGTGAGTGAC-L8TX_180712_01_G05	Pvalb
TGGGAAGAGTGTTAGA-L8TX_171026_01_F05	Pvalb
TTTATGCCACCTTGTC-L8TX_180406_01_E06	Pvalb
GCCTCTAGTTCAGCGC-L8TX_171026_01_B05	Pvalb
GGTATTGTCTAAGCCA-L8TX_180115_01_E10	Pvalb
CACATTTCACAAGACG-L8TX_180221_01_B12	Pvalb
TCGCGAGAGAAGGTGA-L8TX_171120_01_E07	Pvalb
CACATTTGTGATAAGT-L8TX_180115_01_H10	Pvalb
TATTACCGTCTCTTAT-L8TX_180115_01_E10	Pvalb
CTCTACGGTCCCTTGT-L8TX_171026_01_H04	Pvalb
AACGTTGTCTGCTGTC-L8TX_180115_01_A11	Pvalb
CTGCTGTAGCTCCTTC-L8TX_181011_01_H03	Pvalb
GCGGGTTCAGTCAGAG-L8TX_180406_01_E01	Pvalb
AGCTCTCAGAGACGAA-L8TX_180115_01_F11	Pvalb
TGTATTCCAATGTAAG-L8TX_180221_01_D10	Pvalb
TGCTACCCACCTCGTT-L8TX_180406_01_E02	Pvalb
AACTCAGCACCAGGTC-L8TX_180221_01_H11	Pvalb
CCTACCAGTGCGCTTG-L8TX_180221_01_A12	Pvalb
AACTCAGGTTGAGGTG-L8TX_180221_01_D09	Pvalb
GAACATCGTCTAGTGT-L8TX_180221_01_B11	Pvalb
CGATTGAAGTGACTCT-L8TX_180221_01_C09	Pvalb
GCGACCAGTCCAAGTT-L8TX_171026_01_C05	Pvalb
TAGACCAAGGCCATAG-L8TX_180221_01_H12	Pvalb
TCAGATGCAATGAAAC-L8TX_180907_01_E11	Pvalb
CGGAGTCCAGGCTGAA-L8TX_181011_01_H03	Pvalb
CACATAGTCTAACTGG-L8TX_171026_01_A05	Pvalb
TACGGTATCGGTGTCG-L8TX_180406_01_G02	Pvalb
ATAAGAGCAGCCAGAA-L8TX_180926_01_F01	Pvalb
GATTCAGGTTAAGATG-L8TX_180115_01_H11	Pvalb
CTTAACTAGGCTATCT-L8TX_180829_01_D10	Pvalb
CGTCCATGTCCAGTAT-L8TX_180221_01_E09	Pvalb
TCATTACCAGGGAGAG-L8TX_180712_01_A06	Pvalb
TTTGGTTTCATGTCTT-L8TX_171026_01_A04	Pvalb
GAGGTGATCTGAGTGT-L8TX_171026_01_H05	Pvalb
GTCTTCGAGTGAACAT-L8TX_180221_01_C12	Pvalb
CACAGGCAGATAGGAG-L8TX_180829_01_D09	Pvalb
CATGACAGTTTAGCTG-L8TX_180907_01_B12	Pvalb
CACATAGGTGTAAGTA-L8TX_181011_01_H03	Pvalb
GACGTTATCACGAAGG-L8TX_171120_01_G07	Pvalb
TTCGAAGAGCAATCTC-L8TX_171120_01_G07	Pvalb
AGTAGTCGTAATCGTC-L8TX_181012_01_B05	Pvalb
TGGACGCTCGTTGCCT-L8TX_180926_01_D01	Pvalb
AAACGGGAGACTTGAA-L8TX_171026_01_H03	Pvalb
GGAACTTAGGATTCGG-L8TX_180221_01_H12	Pvalb
GGCAATTAGAGGTACC-L8TX_180221_01_H10	Pvalb
CTGAAACTCTGAGGGA-L8TX_180926_01_D01	Pvalb
AGATTGCAGACAGAGA-L8TX_180115_01_C08	Pvalb
CTCGAAACATCACAAC-L8TX_171120_01_D07	Pvalb
TCGCGAGCAATAGAGT-L8TX_180406_01_D07	Pvalb
GGGTTGCAGAAGGGTA-L8TX_180406_01_E02	Pvalb
CACACTCAGATGTAAC-L8TX_180406_01_C08	Pvalb
ACTTACTTCGCAAGCC-L8TX_180115_01_E11	Pvalb
CCCAGTTCACGGACAA-L8TX_180115_01_F11	Pvalb
GGGTTGCGTGGTAACG-L8TX_171026_01_F04	Pvalb
TGTGGTATCCCTCTTT-L8TX_180406_01_E07	Pvalb
AGCATACGTGTGCGTC-L8TX_180115_01_D09	Pvalb
CAGCATACATCTACGA-L8TX_180221_01_C10	Pvalb
TCTGAGACAGATAATG-L8TX_180115_01_D09	Pvalb
TACTTACTCCGTTGCT-L8TX_180926_01_F01	Pvalb
GGAATAAAGCCCTAAT-L8TX_180607_01_C05	Pvalb
CGAATGTAGGGCTTCC-L8TX_180406_01_C07	Pvalb
CCTACCATCGGCTACG-L8TX_180406_01_H01	Pvalb
ATCACGAAGCGAAGGG-L8TX_180221_01_C09	Pvalb
AACTCTTTCGCACTCT-L8TX_171026_01_F04	Pvalb
CTCGGGAGTGTAAGTA-L8TX_180221_01_D11	Pvalb
TGAGCATTCGCTTAGA-L8TX_180712_01_E05	Pvalb
TAGTGGTGTATGCTTG-L8TX_180406_01_B06	Pvalb
GACGTGCTCTGCGGCA-L8TX_180406_01_D02	Pvalb
AGAGTGGCATTTGCCC-L8TX_171026_01_B04	Pvalb
CAGCATACATCATCCC-L8TX_180115_01_H11	Pvalb
AGTGTCACAGGATTGG-L8TX_171120_01_G07	Pvalb
TCTATTGAGGCCATAG-L8TX_180115_01_G10	Pvalb
CAGTAACGTTCCGGCA-L8TX_180115_01_C08	Pvalb
CGCGTTTGTAATTGGA-L8TX_180221_01_E10	Pvalb
CTCGAGGCAAGTTCTG-L8TX_180406_01_G01	Pvalb
CGCTGGACATAGACTC-L8TX_180406_01_G02	Pvalb
CTACACCGTACAAGTA-L8TX_180221_01_D12	Pvalb
CGGAGTCTCTCGGACG-L8TX_171026_01_E05	Pvalb
CGTTGGGCATCCGGGT-L8TX_180221_01_E09	Pvalb
TCGGTAAAGGACTGGT-L8TX_180115_01_D11	Pvalb
ACGCCAGGTGGTGTAG-L8TX_180115_01_D10	Pvalb
GTGCAGCTCTCTAGGA-L8TX_171120_01_F07	Pvalb
CATCGGGTCAATAAGG-L8TX_180221_01_C12	Pvalb
GACGTGCAGCGTCAAG-L8TX_180115_01_E10	Pvalb
CGGACACCACTTACGA-L8TX_180712_01_A06	Pvalb
AAGTCTGCACCAGGCT-L8TX_180221_01_F09	Pvalb
TGCCAAACATTGCGGC-L8TX_180712_01_E05	Pvalb
ATTTCTGAGAAAGTGG-L8TX_180115_01_E11	Pvalb
AGAGCTTTCTTGAGAC-L8TX_171120_01_C07	Pvalb
CCAGCGAAGATGGCGT-L8TX_180115_01_E10	Pvalb
CCCATACAGCTCCCAG-L8TX_181012_01_E05	Pvalb
CTCGTCACAAAGCGGT-L8TX_180926_01_E01	Pvalb
ACACTGAAGGCTCTTA-L8TX_180221_01_A12	Pvalb
TGGCTGGTCGGCATCG-L8TX_180504_01_E01	Pvalb
GCATACAGTAGGAGTC-L8TX_180115_01_F11	Pvalb
GACGCGTAGTCAAGGC-L8TX_180115_01_H10	Pvalb
GCGCGATAGCTAAACA-L8TX_180115_01_E08	Pvalb
TGTTCCGCATCCGTGG-L8TX_171026_01_H03	Pvalb
CGATCGGGTGTTAAGA-L8TX_180712_01_E05	Pvalb
CCTAAAGAGCGATATA-L8TX_180221_01_C10	Pvalb
ACATACGGTGCTAGCC-L8TX_181011_01_A03	Pvalb
CACCAGGAGGCATGTG-L8TX_180115_01_F09	Pvalb
ACACCCTCAGGACCCT-L8TX_180406_01_E02	Pvalb
AGTCTTTGTTCATGGT-L8TX_180115_01_F11	Pvalb
ACCGTAAAGTGGACGT-L8TX_180115_01_H11	Pvalb
CTTACCGAGAGTCTGG-L8TX_171120_01_H07	Pvalb
GTATTCTGTTAGTGGG-L8TX_180115_01_D10	Pvalb
CCAGCGACACACATGT-L8TX_180221_01_D12	Pvalb
ACGTCAAGTTAAGTAG-L8TX_180221_01_A11	Pvalb
CGAACATGTTACGTCA-L8TX_180221_01_C12	Pvalb
GTATCTTAGTACGCGA-L8TX_180406_01_C08	Pvalb
CCGGTAGCAGGCAGTA-L8TX_180115_01_D11	Pvalb
GTCGTAATCATCGCTC-L8TX_171026_01_G05	Pvalb
TTGGCAAGTTGGAGGT-L8TX_181206_01_B12	Pvalb
TCTGAGAAGCGCTCCA-L8TX_180115_01_B10	Pvalb
TTGTAGGTCCGTCAAA-L8TX_181012_01_C05	Pvalb
CAGCTAAGTCCAGTAT-L8TX_180221_01_H12	Pvalb
ACACCGGGTCTCCCTA-L8TX_180115_01_D10	Pvalb
GGCAATTAGGGCTCTC-L8TX_171026_01_B04	Pvalb
ACTGAGTGTCGCGAAA-L8TX_180406_01_C07	Pvalb
GCACATAGTACTCAAC-L8TX_181011_01_H02	Pvalb
GAACGGATCGGACAAG-L8TX_171026_01_D05	Pvalb
GAGTCCGTCACCGGGT-L8TX_180406_01_B02	Pvalb
CATCGAAAGAGCCCAA-L8TX_180115_01_E11	Pvalb
GCTGCGAAGGCTAGAC-L8TX_171026_01_G04	Pvalb
GTCACAACACCTTGTC-L8TX_180907_01_F10	Pvalb
CAGCTGGCAATAAGCA-L8TX_171026_01_E05	Pvalb
TACACGACAATCAGAA-L8TX_180712_01_C06	Pvalb
CGGGTCATCGAACGGA-L8TX_180712_01_F05	Pvalb
CAAGGCCGTGCCTGTG-L8TX_180221_01_B12	Pvalb
CTTAACTGTCTAACGT-L8TX_180926_01_B01	Pvalb
GAGTCCGAGAATGTGT-L8TX_180115_01_H11	Pvalb
GTAACTGAGTTGCAGG-L8TX_180221_01_C11	Pvalb
TGGCTGGTCAGAAATG-L8TX_181011_01_H03	Pvalb
TTTGCGCTCGGTTAAC-L8TX_171026_01_F04	Pvalb
TGCGGGTAGGAATGGA-L8TX_180115_01_G08	Pvalb
CCAATCCTCCAAGTAC-L8TX_180115_01_D11	Pvalb
CCAATCCTCTGAGTGT-L8TX_180115_01_E11	Pvalb
TCAATCTAGGTTCCTA-L8TX_180115_01_E11	Pvalb
TCGTACCTCCAGAAGG-L8TX_180115_01_C09	Pvalb
CCTTCCCCAATGGTCT-L8TX_181206_01_H11	Pvalb
GGGAATGGTAAGTGGC-L8TX_180829_01_D09	Pvalb
CCCTCCTCACACCGCA-L8TX_180115_01_E10	Pvalb
GTACTTTGTTCATGGT-L8TX_180406_01_C07	Pvalb
TCTGGAAAGATGCGAC-L8TX_180221_01_A12	Pvalb
CACTCCATCGCATGAT-L8TX_180406_01_G02	Pvalb
TATGCCCTCTTTACGT-L8TX_180829_01_D10	Pvalb
CAACCAACAACTGCTA-L8TX_180221_01_B12	Pvalb
TTAACTCTCAGGATCT-L8TX_180406_01_G01	Pvalb
CGAATGTTCCTAGGGC-L8TX_180115_01_E11	Pvalb
GCAGCCATCACCGTAA-L8TX_171026_01_B04	Pvalb
TGCGTGGAGCGTGTCC-L8TX_171026_01_B04	Pvalb
CGTTAGACAAGCGAGT-L8TX_171026_01_H05	Pvalb
CTGTGCTGTTCTCATT-L8TX_180926_01_D01	Pvalb
CGTGTAACAGATCCAT-L8TX_180406_01_D02	Pvalb
CTCGGGATCAAAGACA-L8TX_181012_01_H04	Pvalb
GTAGTCACACGAAAGC-L8TX_180406_01_G01	Pvalb
GATCAGTCAGATCCAT-L8TX_181012_01_G04	Pvalb
AGAATAGCAAGTACCT-L8TX_171120_01_H07	Pvalb
AAAGCAAGTTGCGTTA-L8TX_171026_01_F03	Pvalb
CGTCCATCAATGACCT-L8TX_171026_01_G03	Pvalb
GAGCAGATCTTGTATC-L8TX_180406_01_H02	Pvalb
CAGCTGGTCAAGGTAA-L8TX_180115_01_F09	Pvalb
AAGGAGCTCGTTGCCT-L8TX_180406_01_G01	Pvalb
ACATGGTGTGTAACGG-L8TX_180712_01_G05	Pvalb
TGGCCAGGTGATGTCT-L8TX_171026_01_F05	Pvalb
CTAGAGTGTTCCTCCA-L8TX_180221_01_E09	Pvalb
CGATTGAGTGTCCTCT-L8TX_171026_01_G04	Pvalb
ATCCGAATCCGCAGTG-L8TX_180221_01_E10	Pvalb
CTCGAGGTCTTAACCT-L8TX_180712_01_H05	Pvalb
GGATGTTCACAAGCCC-L8TX_180115_01_G11	Pvalb
GCATGCGAGCCAGGAT-L8TX_180115_01_F10	Pvalb
ACGATGTTCGTCTGCT-L8TX_180115_01_B10	Pvalb
AGAATAGAGAACAATC-L8TX_180712_01_B06	Pvalb
CAGCAGCTCTCGCATC-L8TX_171026_01_H05	Pvalb
CACAAACAGACCACGA-L8TX_180115_01_A09	Pvalb
CTGAAGTTCCATGAAC-L8TX_171120_01_D07	Pvalb
GATGAGGGTCATACTG-L8TX_181011_01_C04	Pvalb
AACCGCGCAATGAAAC-L8TX_180712_01_H05	Pvalb
ATGAGGGAGAACTGTA-L8TX_180406_01_E07	Pvalb
CTAGTGAGTCGCGAAA-L8TX_180221_01_E10	Pvalb
GGTGAAGGTAGAGCTG-L8TX_180221_01_F10	Pvalb
GGCTGGTCATCCTAGA-L8TX_180115_01_G10	Pvalb
CCACCTATCTGCTTGC-L8TX_180406_01_C08	Pvalb
AGAATAGAGTTTCCTT-L8TX_181206_01_H11	Pvalb
AACTCCCTCGTCGTTC-L8TX_180221_01_F11	Pvalb
ATTATCCTCACGCGGT-L8TX_190312_01_B02	Pvalb
TATCAGGTCGCGTAGC-L8TX_180406_01_G02	Pvalb
TACTTACTCCAGAAGG-L8TX_180221_01_H09	Pvalb
GCAGCCAAGAGTCGGT-L8TX_181012_01_H04	Pvalb
CGGACACGTATGAAAC-L8TX_180406_01_C08	Pvalb
CTTAACTCACATCCGG-L8TX_180115_01_C11	Pvalb
CGGTTAAGTCCTCTTG-L8TX_180221_01_D12	Pvalb
CTTACCGGTGCTCTTC-L8TX_180926_01_E01	Pvalb
CAGGTGCAGGCGATAC-L8TX_180115_01_B09	Pvalb
TGCACCTTCATGTGGT-L8TX_180712_01_B06	Pvalb
TGCGCAGAGCTGTCTA-L8TX_180829_01_D09	Pvalb
TAGAGCTGTCGCTTTC-L8TX_180221_01_A12	Pvalb
CGGACTGAGTGAAGTT-L8TX_171026_01_B04	Pvalb
GGGACCTTCGAGCCCA-L8TX_180607_01_C05	Pvalb
GGAATAATCAGAGGTG-L8TX_180115_01_A11	Pvalb
ACTTACTAGAGACGAA-L8TX_180115_01_A10	Pvalb
GAAACTCTCAAGCCTA-L8TX_171026_01_G05	Pvalb
CACAAACCAGAGTGTG-L8TX_180221_01_D11	Pvalb
CTCTGGTGTAACGACG-L8TX_180221_01_D09	Pvalb
CAAGTTGTCTGATTCT-L8TX_180115_01_H10	Pvalb
CGGTTAATCGGATGGA-L8TX_171026_01_F04	Pvalb
CCTTTCTCACAGACAG-L8TX_180115_01_F11	Pvalb
CTCGAAATCCTAAGTG-L8TX_180115_01_D09	Pvalb
TTTACTGCACCTGGTG-L8TX_180712_01_E05	Pvalb
CACAAACAGTAGGTGC-L8TX_180115_01_H11	Pvalb
CTGGTCTGTAAACGCG-L8TX_180712_01_E05	Pvalb
CGATTGAGTTGCTCCT-L8TX_171026_01_C05	Pvalb
CAGATCAGTAGAGGAA-L8TX_171026_01_H04	Pvalb
TGTGTTTGTACAGCAG-L8TX_180115_01_G10	Pvalb
TTGCCGTAGTATGACA-L8TX_180115_01_H10	Pvalb
ACTGAACGTAGCAAAT-L8TX_180221_01_E10	Pvalb
CATCAAGTCTGCTTGC-L8TX_180221_01_D10	Pvalb
ATTATCCTCCTCAATT-L8TX_180115_01_D11	Pvalb
CATATGGCAAGGTGTG-L8TX_180829_01_D10	Pvalb
GCTGCGATCCATGAGT-L8TX_180115_01_E10	Pvalb
AACCATGCAGTCCTTC-L8TX_171026_01_D05	Pvalb
CCTACCACAGGTGGAT-L8TX_171026_01_B04	Pvalb
CGTTGGGTCAGGTAAA-L8TX_180115_01_G08	Pvalb
GCACTCTTCCAATGGT-L8TX_180829_01_E10	Pvalb
TGGCGCAGTGACGGTA-L8TX_180406_01_C08	Pvalb
GTTCGGGCATCCTAGA-L8TX_171026_01_C05	Pvalb
AAATGCCTCTGAGTGT-L8TX_180221_01_A11	Pvalb
TCGAGGCAGTAAGTAC-L8TX_180115_01_A10	Pvalb
GCGCAGTCAACTTGAC-L8TX_171026_01_G04	Pvalb
CATCAAGGTTACGCGC-L8TX_180712_01_H05	Pvalb
TAAGTGCCAAATTGCC-L8TX_180221_01_H10	Pvalb
GGATTACGTCTTGCGG-L8TX_171120_01_E07	Pvalb
CGATGTAAGAACAACT-L8TX_180115_01_B10	Pvalb
ACAGCTATCAGTTTGG-L8TX_180712_01_C06	Pvalb
CACATTTAGCTCAACT-L8TX_180221_01_H12	Pvalb
GGGTCTGGTACGAAAT-L8TX_180115_01_H09	Pvalb
GAACCTACAATGCCAT-L8TX_180406_01_B01	Pvalb
CGAGCCAGTCATATGC-L8TX_180221_01_C09	Pvalb
GACTGCGGTGATGATA-L8TX_171026_01_A04	Pvalb
GATTCAGTCCGGGTGT-L8TX_180221_01_A10	Pvalb
AGGTCCGAGAAAGTGG-L8TX_180406_01_E02	Pvalb
ACTTACTCATCACGTA-L8TX_180221_01_A12	Pvalb
GTTCTCGTCACCGGGT-L8TX_171026_01_F04	Pvalb
AAACGGGCAATTCCTT-L8TX_180712_01_G05	Pvalb
CACCTTGAGCTGCCCA-L8TX_171026_01_E05	Pvalb
AGGGATGAGTTAACGA-L8TX_180115_01_G09	Pvalb
CGTTCTGCAGCCTATA-L8TX_180712_01_G05	Pvalb
CTTAGGAGTAGCCTAT-L8TX_171026_01_F05	Pvalb
AAAGTAGTCCTTTCTC-L8TX_180115_01_D10	Pvalb
GGTGAAGAGTAGGCCA-L8TX_200611_02_A05	Pvalb
GCATACAAGAGTGACC-L8TX_171026_01_G03	Pvalb
CTGTTTAGTGAAATCA-L8TX_180115_01_D08	Pvalb
GCAATCACAGGTGGAT-L8TX_180115_01_G11	Pvalb
TGAAAGAAGGTGACCA-L8TX_171026_01_G05	Pvalb
GGTATTGAGAAACCAT-L8TX_171026_01_F04	Pvalb
CATTATCGTCCATGAT-L8TX_180115_01_B11	Pvalb
AACTCCCAGTTCGCGC-L8TX_180115_01_F08	Pvalb
GTTAAGCAGTGGACGT-L8TX_171026_01_F04	Pvalb
GAATGAAAGCCAGTTT-L8TX_180115_01_E08	Pvalb
CAGATCACAGCCAATT-L8TX_180115_01_A11	Pvalb
TGTCCCACAAGCGTAG-L8TX_171026_01_A04	Pvalb
TAGTTGGAGGCAGTCA-L8TX_180221_01_A12	Pvalb
AGACGTTGTCTCGTTC-L8TX_180115_01_A11	Pvalb
GGATTACCAGCTGTAT-L8TX_171026_01_H04	Pvalb
CAAGATCCAATGGATA-L8TX_180115_01_E11	Pvalb
TGTTCCGTCACCCGAG-L8TX_180221_01_D09	Pvalb
TACGGGCAGACGCAAC-L8TX_180406_01_C02	Pvalb
ACAGCCGTCGACGGAA-L8TX_190312_01_B02	Pvalb
TGCTACCTCATCTGCC-L8TX_180115_01_D09	Pvalb
TTAGGACAGTACGATA-L8TX_180115_01_C11	Pvalb
ACACTGAGTTCGGGCT-L8TX_180221_01_F10	Pvalb
TAGTGGTGTTTCCACC-L8TX_181011_01_G02	Pvalb
CGACTTCCAAGCCGCT-L8TX_180712_01_F05	Pvalb
CAAGTTGCAGACTCGC-L8TX_180504_01_E01	Pvalb
CTGCTGTAGACTAAGT-L8TX_180221_01_C09	Pvalb
TCGGGACAGAGTCGGT-L8TX_171026_01_G04	Pvalb
TTATGCTAGGATGCGT-L8TX_180504_01_E01	Pvalb
GGCTGGTTCTTTACAC-L8TX_171120_01_F07	Pvalb
TGTATTCAGACGCTTT-L8TX_180221_01_C09	Pvalb
CCGTTCACAGATGGGT-L8TX_180115_01_C09	Pvalb
CGGACTGGTCAGAAGC-L8TX_180406_01_D02	Pvalb
AGCGTCGGTACATGTC-L8TX_180712_01_G05	Pvalb
ATAAGAGTCACAACGT-L8TX_171026_01_A04	Pvalb
TCAGCTCGTACTTAGC-L8TX_180926_01_F01	Pvalb
GAACGGAGTATAAACG-L8TX_180712_01_F05	Pvalb
ACTGAACCATGGTTGT-L8TX_180607_01_C05	Pvalb
AGCCTAACACCAGATT-L8TX_180221_01_D10	Pvalb
ACGCCAGTCGAATCCA-L8TX_171026_01_B05	Pvalb
GTCACGGTCTGGGCCA-L8TX_180221_01_B10	Pvalb
ATTACTCCAGTATCTG-L8TX_171026_01_F05	Pvalb
GTGGGTCTCCCTAACC-L8TX_180712_01_B06	Pvalb
AACTCCCCAAGTAGTA-L8TX_180406_01_B07	DG
GGCGTGTCAAGGGTCA-L8TX_180406_01_F07	DG
ACTGCTCTCGCGATCG-L8TX_180406_01_B08	DG
ATTGGACTCGGATGTT-L8TX_180406_01_B08	DG
CAGCTAATCCTTGGTC-L8TX_180406_01_D06	DG
AGCGTCGGTTGTTTGG-L8TX_180406_01_D06	DG
GGTGTTATCGGCTTGG-L8TX_180406_01_D06	DG
CTACACCAGCTGCGAA-L8TX_180406_01_B08	DG
ATTCTACCACCTCGGA-L8TX_180406_01_B08	DG
CTCCTAGTCGAGAGCA-L8TX_180406_01_D07	DG
CGATGGCAGTGTCTCA-L8TX_180221_01_E12	DG
GTAGTCAAGGCTAGCA-L8TX_180406_01_D07	DG
TGAGCATGTTCTGGTA-L8TX_180406_01_D06	DG
CACCACTAGAGCTGCA-L8TX_180221_01_F12	DG
CAGAATCGTCAACTGT-L8TX_180406_01_B08	DG
CTGATCCGTTCGCTAA-L8TX_180406_01_D07	DG
AGATTGCTCTTGTACT-L8TX_180406_01_D06	DG
CCGTACTTCAACACTG-L8TX_180406_01_D06	DG
TCTATTGAGTCGATAA-L8TX_180406_01_B07	DG
CGCCAAGCAGGTGGAT-L8TX_180221_01_F12	DG
TGAGCATAGAGCCTAG-L8TX_180406_01_D07	DG
ACCGTAACAATGGATA-L8TX_180406_01_D06	DG
GTGTTAGAGACGCTTT-L8TX_180221_01_E12	DG
CACAGTAAGGTGCTAG-L8TX_180406_01_D06	DG
CTCGAAATCCTTCAAT-L8TX_180406_01_F06	DG
TATGCCCGTTTGACAC-L8TX_180406_01_B07	DG
GGACGTCCAGACAGGT-L8TX_180406_01_B07	DG
GCATGCGGTATGGTTC-L8TX_180221_01_F12	DG
AGCAGCCAGGACAGAA-L8TX_180406_01_F06	DG
TCAGCAATCACAACGT-L8TX_180406_01_D06	DG
AGATCTGTCTGCGTAA-L8TX_180406_01_F07	DG
CAACCTCTCCATGAGT-L8TX_180406_01_F07	DG
GTATTCTTCCAAATGC-L8TX_180406_01_G07	DG
GACGGCTGTGACGGTA-L8TX_180406_01_D06	DG
ATTACTCAGGCAAAGA-L8TX_180406_01_B07	DG
CCGGGATCAAACCCAT-L8TX_180221_01_F12	DG
CCTACACAGGTTCCTA-L8TX_180221_01_E12	DG
ACGGGCTAGCTGAACG-L8TX_180406_01_B08	DG
GACAGAGTCCCACTTG-L8TX_180406_01_F06	DG
CCCAATCCAGTATGCT-L8TX_180406_01_B07	DG
CCTTTCTAGGTCATCT-L8TX_180221_01_F12	DG
GCTGGGTAGTATGACA-L8TX_180406_01_F06	DG
GAATGAAAGCGCCTTG-L8TX_180406_01_G07	DG
CTCGTCACACTGAAGG-L8TX_180221_01_E12	DG
TCAGCTCCAAGTCATC-L8TX_180221_01_E12	DG
GCGCAGTTCTTCTGGC-L8TX_180406_01_B08	DG
TTCTCCTAGGCTCTTA-L8TX_180221_01_E12	DG
GTCGTAATCCCTTGTG-L8TX_180406_01_F06	DG
CCTTACGAGAAGATTC-L8TX_180406_01_B07	DG
TATCAGGCAGGTGCCT-L8TX_180406_01_F06	DG
ATCACGAGTTCACGGC-L8TX_180406_01_G07	DG
GCAATCACATCCGCGA-L8TX_180406_01_F06	DG
GCATGTATCAGGTAAA-L8TX_180406_01_D06	DG
ACGAGCCCATTCGACA-L8TX_180406_01_B07	DG
TAGACCACATTGAGCT-L8TX_180406_01_D07	DG
GTAACGTCATATGGTC-L8TX_180406_01_B08	DG
GTGTTAGTCGCAAGCC-L8TX_180221_01_E12	DG
GAAATGAGTGCACGAA-L8TX_180406_01_G07	DG
CCTTCGAGTCGCATCG-L8TX_180406_01_D07	DG
TTGAACGGTTGAGTTC-L8TX_180406_01_D06	DG
CTCTAATCACTGTGTA-L8TX_180406_01_D07	DG
ACTTACTCAAAGTCAA-L8TX_180406_01_B07	DG
TGGGCGTAGACTTTCG-L8TX_180406_01_F07	DG
GATCGTAGTCTAGTGT-L8TX_180406_01_B07	DG
GGGCATCTCACGATGT-L8TX_180406_01_B08	DG
ATGTGTGCAAGTAGTA-L8TX_180406_01_B08	DG
TTCGAAGTCTCTAGGA-L8TX_180221_01_G12	DG
AGTGAGGAGGCATGTG-L8TX_180406_01_D06	DG
GATCTAGGTGCGGTAA-L8TX_180221_01_E12	DG
AGCCTAAAGAAGGGTA-L8TX_180406_01_D01	DG
CCAGCGAGTCTTCAAG-L8TX_180221_01_E12	DG
ATGCGATGTTCGTTGA-L8TX_180406_01_B07	DG
TCAGCTCCAATAAGCA-L8TX_180406_01_B07	DG
GAAATGAGTAAACGCG-L8TX_180406_01_B08	DG
CCTATTACATGCTAGT-L8TX_180221_01_E12	DG
CTAACTTGTGTGACGA-L8TX_180406_01_G07	DG
TTTACTGAGCCAACAG-L8TX_180406_01_B07	DG
CCTAGCTCATTGCGGC-L8TX_180221_01_E12	DG
ACTGTCCGTGATGTCT-L8TX_180406_01_D07	DG
ATCGAGTGTAGAAGGA-L8TX_180406_01_F06	DG
ACCTTTACACAGGCCT-L8TX_180406_01_B08	DG
TGTGTTTCACACGCTG-L8TX_180406_01_D07	DG
CTAGTGAAGGCCATAG-L8TX_180406_01_D06	DG
TACTTGTCATTTGCCC-L8TX_180406_01_D06	DG
CATCCACTCTGGCGTG-L8TX_180406_01_D07	DG
CAGCATAAGCACCGCT-L8TX_180406_01_D06	DG
GGTGAAGTCTCTGAGA-L8TX_180406_01_F06	DG
CCTAGCTGTTGTGGAG-L8TX_180406_01_D07	DG
TCTCTAAAGTACGATA-L8TX_180406_01_G01	DG
CAGTCCTAGGCCATAG-L8TX_180221_01_F12	DG
TCTGGAACACAGATTC-L8TX_180406_01_D06	DG
GATTCAGAGCTGATAA-L8TX_180406_01_G07	DG
CCTTCCCAGATGTGTA-L8TX_180406_01_B08	DG
ATTCTACAGTGTCTCA-L8TX_180221_01_E12	DG
AAATGCCGTCCGCTGA-L8TX_180406_01_D06	DG
GTCGGGTCACCGATAT-L8TX_180406_01_D06	DG
CTGCTGTTCGACGGAA-L8TX_180406_01_D06	DG
CTGAAGTCAAGGGTCA-L8TX_180406_01_D07	DG
CTAACTTCATGATCCA-L8TX_180406_01_B08	DG
GGGTTGCCAAGTCATC-L8TX_180221_01_F12	DG
GGCGTGTAGCTGGAAC-L8TX_180406_01_B07	DG
CGGGTCAGTGCTTCTC-L8TX_180406_01_F07	DG
CTCGGGAGTTCCACTC-L8TX_180406_01_D07	DG
GGAACTTTCGCGGATC-L8TX_180221_01_G12	DG
CTACCCACAGAGTGTG-L8TX_180406_01_D06	DG
ACCTTTAGTGGCGAAT-L8TX_180406_01_F06	DG
CTGAAGTTCCTCATTA-L8TX_180406_01_F07	DG
TGGCCAGGTAAGTGTA-L8TX_180406_01_F06	DG
CACATAGAGAGTCTGG-L8TX_180221_01_F12	DG
CGCGGTACAAAGAATC-L8TX_180406_01_F06	DG
ACTTGTTAGGTAGCTG-L8TX_180221_01_F12	DG
AGCAGCCTCTGTCAAG-L8TX_180221_01_E12	DG
CCTAAAGGTACTCAAC-L8TX_180406_01_B08	DG
GGACGTCTCATAGCAC-L8TX_180406_01_F07	DG
AACACGTCACCATGTA-L8TX_180406_01_F06	DG
TTGACTTTCCACGACG-L8TX_180406_01_D07	DG
CTAGCCTGTATCACCA-L8TX_180406_01_F07	DG
GGCGACTTCCAGAGGA-L8TX_180406_01_D06	DG
GCTGCAGTCGGCTTGG-L8TX_180406_01_F07	DG
GATGAGGGTTGTCTTT-L8TX_180221_01_E12	DG
TATGCCCCAGTATCTG-L8TX_180406_01_D07	DG
ATAGACCAGTTGTAGA-L8TX_180406_01_F06	DG
ACTATCTTCAACACCA-L8TX_180221_01_G12	DG
AAGGTTCGTGACTCAT-L8TX_180406_01_D07	DG
GAACCTAAGAGACGAA-L8TX_180221_01_F12	DG
CGAACATTCTCTGTCG-L8TX_180406_01_F06	DG
GGGCACTTCCTTGCCA-L8TX_180406_01_D06	DG
TCTTTCCCATGCCCGA-L8TX_180406_01_B08	DG
TCCACACTCTGCCCTA-L8TX_180221_01_G12	DG
GTCGTAAGTTGGTAAA-L8TX_180406_01_G07	DG
CGTCACTTCATCACCC-L8TX_180221_01_E12	DG
ACGTCAAAGAGTCGGT-L8TX_180221_01_F12	DG
ATTGGTGTCCTCAATT-L8TX_180406_01_F07	DG
TTAACTCCAAGTAGTA-L8TX_180406_01_B08	DG
CTCTACGCAAAGGTGC-L8TX_180221_01_F12	DG
TCTTCGGCATTCCTCG-L8TX_180221_01_E12	DG
CCTCTGACATAGGATA-L8TX_180406_01_D06	DG
GTGGGTCTCGTCGTTC-L8TX_180406_01_F06	DG
TTTCCTCTCGCGATCG-L8TX_180406_01_D06	DG
TGTTCCGAGCAGCGTA-L8TX_180406_01_F07	DG
CCTCAGTCAGCCTTTC-L8TX_180221_01_F12	DG
CTAGCCTCAGCCACCA-L8TX_180221_01_E12	DG
ACGATGTAGCTGTCTA-L8TX_180221_01_F12	DG
AGGGAGTGTTGGTAAA-L8TX_180406_01_D06	DG
TTCTCCTCATGGTCAT-L8TX_180406_01_D07	DG
TAAACCGGTCCTGCTT-L8TX_180406_01_F06	DG
CGGCTAGTCGCCAGCA-L8TX_180406_01_B08	DG
CAGCAGCGTACTCTCC-L8TX_180406_01_B07	DG
GGGCATCAGACAGACC-L8TX_180221_01_E12	DG
CTACATTAGGCGATAC-L8TX_180406_01_B08	DG
TTATGCTCAGCCACCA-L8TX_180406_01_F07	DG
CTAGCCTAGTTATCGC-L8TX_180406_01_G07	DG
TTGAACGAGAGCTATA-L8TX_180406_01_D07	DG
TACTCATGTGGTCCGT-L8TX_180406_01_B07	DG
CGTCTACAGCCCAGCT-L8TX_180406_01_D06	DG
ATCACGAAGGCCGAAT-L8TX_180406_01_B07	DG
TACTCGCTCCATGAGT-L8TX_180221_01_F12	DG
GTCACGGTCTGGCGTG-L8TX_180221_01_F12	DG
ACCAGTAGTGTTCGAT-L8TX_180221_01_E12	DG
CATATTCAGCTCCTCT-L8TX_180221_01_E12	DG
CTGAAACCACTATCTT-L8TX_180406_01_F07	DG
CAAGTTGAGACTGTAA-L8TX_180406_01_B07	DG
CGACTTCGTTCCGTCT-L8TX_180406_01_B07	DG
TTAGGCAAGCCAGAAC-L8TX_180406_01_B07	DG
TATGCCCGTCGGCATC-L8TX_180406_01_D07	DG
AGAGCTTAGCGTGAGT-L8TX_180406_01_D06	DG
ATCACGAGTGCGCTTG-L8TX_180406_01_D06	DG
TGATTTCAGCGGATCA-L8TX_200625_02_E11	DG
ATTATCCTCGGTGTCG-L8TX_180406_01_B07	DG
ATTGGACAGCACCGTC-L8TX_180406_01_G07	DG
CATCCACGTTACGCGC-L8TX_180221_01_E12	DG
CTTAACTAGCTAACTC-L8TX_180406_01_B07	DG
CAAGATCCATGTCGAT-L8TX_180221_01_G12	DG
CATCGAAAGAGAGCTC-L8TX_180406_01_F07	DG
GTGAAGGCAGTCAGAG-L8TX_180406_01_F06	DG
AACCGCGAGAGTCTGG-L8TX_180406_01_G07	DG
TTCGAAGCACCGAATT-L8TX_180221_01_F12	DG
AGGGTGAGTACCATCA-L8TX_180406_01_F07	DG
GGTGTTAAGTTGAGTA-L8TX_180406_01_B08	DG
CGCCAAGGTTCAGGCC-L8TX_180221_01_F12	DG
TTGGAACAGCCAGTAG-L8TX_180406_01_D06	DG
TGACAACAGATATGCA-L8TX_180406_01_F06	DG
AGGGAGTGTTACAGAA-L8TX_180406_01_F06	DG
GCATGATGTCTTGTCC-L8TX_180406_01_G07	DG
TTAGGCAAGTACGCCC-L8TX_180406_01_D06	DG
GTCACAATCCTCATTA-L8TX_180221_01_E12	DG
CGATGTACACCGGAAA-L8TX_180221_01_E12	DG
CATATTCGTACATCCA-L8TX_180406_01_B08	DG
CGACTTCCAAAGCAAT-L8TX_180406_01_F06	DG
CAACCTCCAAAGTCAA-L8TX_180221_01_E12	DG
CATATTCGTTCGTGAT-L8TX_200625_02_E11	DG
GCGACCACAGCTCGAC-L8TX_180406_01_F06	DG
CCTACCACAGTCCTTC-L8TX_180221_01_G12	DG
ACTATCTGTGTGAATA-L8TX_180406_01_G07	DG
GTGCTTCTCACCACCT-L8TX_180406_01_D07	DG
TCGTAGACACATTCGA-L8TX_180406_01_B07	DG
TCACGAAAGAGCTGCA-L8TX_180406_01_B07	DG
CATGACACACGCATCG-L8TX_180406_01_F07	DG
ACTGAGTCACCAACCG-L8TX_180221_01_E12	DG
CGATTGACACACCGCA-L8TX_180406_01_D07	DG
CAAGAAAGTCCGAATT-L8TX_180406_01_G07	DG
TCTGGAACATCCCACT-L8TX_180406_01_F07	DG
TCCACACCAGACAGGT-L8TX_180406_01_B07	DG
AATCCAGAGAACTCGG-L8TX_180406_01_D06	DG
CAGTAACAGCGGATCA-L8TX_180221_01_E12	DG
GGGTCTGGTTCGGCAC-L8TX_180406_01_F06	DG
GCCTCTACACTCGACG-L8TX_180406_01_B07	DG
TTCCCAGTCCAAACTG-L8TX_180406_01_F07	DG
GCTCTGTAGTCAAGGC-L8TX_180406_01_F06	DG
ACACCAAAGTCTTGCA-L8TX_180406_01_F07	DG
CGTGTCTAGACATAAC-L8TX_180406_01_D06	DG
AGTTGGTGTGTGCGTC-L8TX_180406_01_D07	DG
CCAGCGATCACGCATA-L8TX_180406_01_B08	DG
TTATGCTTCACCGGGT-L8TX_180406_01_D07	DG
GCCAAATCAGCTGGCT-L8TX_180406_01_B07	DG
GAAATGACAAGGACAC-L8TX_180406_01_G07	DG
CACAAACGTAATCACC-L8TX_180221_01_E12	DG
GTGGGTCCATGTCGAT-L8TX_180406_01_B08	DG
AGTCTTTTCTCGCATC-L8TX_180406_01_B07	DG
GGACGTCAGGTGATTA-L8TX_180406_01_B08	DG
TGAGCCGCAAGCGTAG-L8TX_180221_01_E12	DG
TCGAGGCCACCGAATT-L8TX_180221_01_E12	DG
CGGACGTGTCACCCAG-L8TX_180406_01_G07	DG
GAACATCTCCGCGTTT-L8TX_180221_01_E12	DG
CTGCGGACATGTCTCC-L8TX_180406_01_D07	DG
TAAGTGCCATGCAATC-L8TX_180406_01_F07	DG
AGCGGTCAGGCAGTCA-L8TX_180406_01_B08	DG
GAATGAAAGGTGCTAG-L8TX_180221_01_F12	DG
CGTAGGCTCCCGACTT-L8TX_180406_01_B08	DG
CATTATCAGTTGCAGG-L8TX_180221_01_F12	DG
TGGCGCACACAGACAG-L8TX_180406_01_D07	DG
AAATGCCTCCCATTTA-L8TX_180221_01_G12	DG
GATCAGTTCTACGAGT-L8TX_180406_01_B08	DG
CGAGCCACACCTTGTC-L8TX_180221_01_G12	DG
GGTATTGTCTGGAGCC-L8TX_180406_01_B08	DG
CAGCAGCCAAGGACAC-L8TX_180406_01_B07	DG
CAAGTTGAGTGTACCT-L8TX_180406_01_F06	DG
AGGGTGAAGGCAATTA-L8TX_180221_01_E12	DG
CGAGCACGTCTGATTG-L8TX_180221_01_G12	DG
CGCTATCCAATCCGAT-L8TX_180406_01_B07	DG
TTCTCCTCACGCTTTC-L8TX_180406_01_D06	DG
ATGGGAGCATGTCTCC-L8TX_180406_01_F07	DG
AGAGCGAAGGTAAACT-L8TX_180406_01_G07	DG
ATTGGTGGTAGAGTGC-L8TX_180221_01_G12	DG
TGGCGCATCCGTCAAA-L8TX_180406_01_F06	DG
AAGGTTCGTCCATGAT-L8TX_180221_01_G12	DG
GTGTGCGTCAATCTCT-L8TX_180406_01_B08	DG
ATAAGAGCAACTGCTA-L8TX_180406_01_D06	DG
TTATGCTGTACCAGTT-L8TX_180221_01_E12	DG
CATATTCCAGCCACCA-L8TX_180406_01_D07	DG
TTTGCGCTCCACTGGG-L8TX_180406_01_F06	DG
CTCATTACAGTTCCCT-L8TX_180221_01_F12	DG
GCAATCATCAGGCCCA-L8TX_180406_01_F07	DG
GTACGTAGTACCGGCT-L8TX_200625_02_F11	DG
AACCGCGAGAACTCGG-L8TX_180221_01_F12	DG
GCAAACTCAGGTCTCG-L8TX_180221_01_F12	DG
GACGCGTAGAGCTATA-L8TX_180221_01_E12	DG
TTGGCAAGTCTGCAAT-L8TX_180406_01_D06	DG
CTCATTATCAAAGACA-L8TX_180406_01_B07	DG
ATTGGACAGTCGATAA-L8TX_180406_01_D06	DG
CGTCACTGTGTAATGA-L8TX_180406_01_F06	DG
CGTGTCTAGCAGGCTA-L8TX_180406_01_D06	DG
CATCCACAGGATGTAT-L8TX_180406_01_F07	DG
TCTGAGATCGTTTATC-L8TX_180221_01_E12	DG
CTCATTAGTTCATGGT-L8TX_180221_01_G12	DG
CATATGGTCCCTTGCA-L8TX_180406_01_B07	DG
CCTACACTCCGTAGTA-L8TX_180406_01_D06	DG
TATCTCAGTGCTTCTC-L8TX_180406_01_F07	DG
CAGCGACAGTACGACG-L8TX_180406_01_F06	DG
CGGAGCTCACTAGTAC-L8TX_180406_01_F06	DG
AAGACCTGTCTTGATG-L8TX_180406_01_B08	DG
TACTTGTCAGCCTTTC-L8TX_180406_01_B08	DG
CTGTGCTCACCGCTAG-L8TX_180406_01_G07	DG
CCGTACTCAGTGAGTG-L8TX_180406_01_F07	DG
TAGTTGGAGAGCTGCA-L8TX_180406_01_F06	DG
TATTACCTCTAACGGT-L8TX_180221_01_F12	DG
TATCTCACAGATGAGC-L8TX_180221_01_G12	DG
GCTGCAGAGTGAACAT-L8TX_180221_01_E12	DG
CTGTGCTGTATAGGGC-L8TX_180406_01_F07	DG
TCGGGACGTGACTACT-L8TX_180406_01_F06	DG
CATCGGGGTCAATGTC-L8TX_180221_01_G12	DG
GGCCGATAGAGGTTAT-L8TX_180406_01_D07	DG
ACTTGTTCAGACAAGC-L8TX_180406_01_D07	DG
TTTATGCAGCTGGAAC-L8TX_180406_01_F07	DG
TACGGTATCTCCCTGA-L8TX_180221_01_F12	DG
TTGCCGTTCGAGGTAG-L8TX_180406_01_F07	DG
TACAGTGGTCAGCTAT-L8TX_180406_01_B07	DG
AGCCTAAGTCAACATC-L8TX_180406_01_B07	DG
CTAGAGTAGCTGCGAA-L8TX_180221_01_E12	DG
CAGTAACAGGACATTA-L8TX_180221_01_G12	DG
CAGCCGACAGCATGAG-L8TX_180221_01_E12	DG
TTGACTTCACACCGAC-L8TX_180406_01_D06	DG
GTGCTTCCATGAGCGA-L8TX_200625_02_E11	DG
TGAGGGAGTGACGCCT-L8TX_180406_01_B07	DG
CGTGTCTGTTGCCTCT-L8TX_180406_01_D07	DG
TGCTACCAGGCAATTA-L8TX_180221_01_E12	DG
AACCATGGTGCATCTA-L8TX_180406_01_D07	DG
TTTATGCCATCGACGC-L8TX_180406_01_B08	DG
ATTGGACTCTATGTGG-L8TX_180406_01_F06	DG
AGGCCACTCTCCTATA-L8TX_180406_01_D06	DG
GAACATCCAATCCGAT-L8TX_180406_01_B08	DG
TCATTACCACCCATGG-L8TX_180406_01_F06	DG
CCCAGTTCACGAGAGT-L8TX_180406_01_D06	DG
CACACAAGTAGAGTGC-L8TX_180406_01_B07	DG
CACACAATCACTCTTA-L8TX_180406_01_B07	DG
GGCCGATGTAGAAAGG-L8TX_180406_01_B08	DG
CTTAACTTCTTGTCAT-L8TX_180221_01_E12	DG
ATTGGACGTGGTTTCA-L8TX_180406_01_D06	DG
CAGATCACAACTGCGC-L8TX_180221_01_F12	DG
AAACGGGAGCTAGTGG-L8TX_180406_01_F06	DG
CTAGAGTGTATGGTTC-L8TX_180406_01_B08	DG
GTGGGTCCATGGTAGG-L8TX_180406_01_D06	DG
ACTGAACGTCTAAAGA-L8TX_180406_01_F06	DG
CACACCTCAAGACACG-L8TX_180406_01_G07	DG
TATCAGGAGTCACGCC-L8TX_180221_01_E12	DG
TAGCCGGAGACTAGGC-L8TX_180406_01_B07	DG
GGTGTTATCCTGCTTG-L8TX_180406_01_B08	DG
GGTATTGCACCTGGTG-L8TX_180406_01_F07	DG
CGTTAGACAGTTTACG-L8TX_180406_01_F06	DG
TGACTAGTCTCGATGA-L8TX_180406_01_D07	DG
GAACCTATCATGTGGT-L8TX_180406_01_B07	DG
CTTTGCGAGGAGTTTA-L8TX_180406_01_F06	DG
TGGGCGTAGGCCATAG-L8TX_180221_01_E12	DG
ATCACGATCGCGTAGC-L8TX_180406_01_B07	DG
ATCCGAAGTTATCACG-L8TX_180406_01_B08	DG
AGTAGTCTCCGTTGTC-L8TX_180221_01_G12	DG
CCGGGATAGAGCAATT-L8TX_180406_01_D06	DG
CACCTTGAGGTCGGAT-L8TX_180406_01_G07	DG
TCTTTCCCAAATACAG-L8TX_180406_01_B07	DG
GCTGCGAGTGTAACGG-L8TX_180406_01_F06	DG
CATGGCGGTAGCTTGT-L8TX_180406_01_D07	DG
GTCGTAACAGGATCGA-L8TX_180406_01_F06	DG
GCCTCTAAGATGGCGT-L8TX_180406_01_F07	DG
GTCACGGGTGCACTTA-L8TX_180406_01_B07	DG
AAAGTAGAGCAGACTG-L8TX_180221_01_F12	DG
GGCTGGTAGAGTAAGG-L8TX_180406_01_B07	DG
ACGCAGCAGAGGTACC-L8TX_180221_01_F12	DG
ACATGGTGTCGACTAT-L8TX_180221_01_F12	DG
ACCTTTAGTTCGTGAT-L8TX_180221_01_E12	DG
CTGCCTACAGCTCCGA-L8TX_180406_01_B08	DG
TCTCTAAAGAGGGATA-L8TX_180406_01_D06	DG
CATCAAGCAGTCACTA-L8TX_180406_01_B08	DG
TCATTTGGTGTTAAGA-L8TX_180406_01_G07	DG
TTGCGTCCAATAACGA-L8TX_180406_01_D06	DG
GGAGCAACATAAAGGT-L8TX_180406_01_D06	DG
TGCGGGTCATCTATGG-L8TX_180406_01_B08	DG
ATCTGCCAGAGTACCG-L8TX_180406_01_D06	DG
TTTGCGCAGGATGGAA-L8TX_180221_01_F12	DG
TACTCATTCGACCAGC-L8TX_180406_01_D07	DG
GCAGTTAAGTGTTTGC-L8TX_180406_01_D06	DG
TATCTCAGTAGCCTAT-L8TX_180406_01_D06	DG
TCTTTCCCACACAGAG-L8TX_180406_01_B07	DG
CCTCTGACATATACCG-L8TX_180221_01_F12	DG
TGCCAAACATGGGAAC-L8TX_180406_01_D06	DG
GAATAAGGTTGAGTTC-L8TX_180406_01_B07	DG
CAGATCAGTCTCTCTG-L8TX_180221_01_E12	DG
TCTTTCCAGTTCGCAT-L8TX_180406_01_D06	DG
GGAAAGCGTCGTTGTA-L8TX_180406_01_F06	DG
AAAGATGAGAAGGCCT-L8TX_180406_01_F07	DG
TGCACCTAGTACGACG-L8TX_180406_01_F06	DG
GGGATGACAGATCTGT-L8TX_180406_01_B07	DG
GACCAATGTCTAAAGA-L8TX_180406_01_F06	DG
GGCCGATTCGTACGGC-L8TX_180406_01_B07	DG
CTCAGAAAGACTAGGC-L8TX_180406_01_B07	DG
CCACGGACACAGAGGT-L8TX_180221_01_E12	DG
TCTGAGACAAAGGCGT-L8TX_180406_01_B08	DG
CAGCTAATCTCTGAGA-L8TX_180406_01_G07	DG
AAATGCCTCGGCGGTT-L8TX_180406_01_B07	DG
CCACCTAGTAGGGTAC-L8TX_180406_01_D06	DG
CGAGCACGTTAAGGGC-L8TX_180406_01_F07	DG
TGGGAAGGTAGGAGTC-L8TX_180406_01_B07	DG
TGGTTCCCAAACCTAC-L8TX_180406_01_D07	DG
CAAGGCCAGGTCATCT-L8TX_180406_01_G07	DG
ACACCGGTCCGAATGT-L8TX_180406_01_F07	DG
ACATCAGGTGTTGAGG-L8TX_180406_01_F06	DG
CCTTCGAGTGCATCTA-L8TX_180406_01_B07	DG
TTGTAGGGTCTAGAGG-L8TX_180406_01_F07	DG
GATGCTAGTGAAGGCT-L8TX_180406_01_D07	DG
TAAGAGACAATGCCAT-L8TX_180406_01_B08	DG
CATCAGAAGCTGAACG-L8TX_180406_01_D07	DG
CTGCCTAAGTGGTAGC-L8TX_180406_01_F06	DG
ACTGAGTTCTACGAGT-L8TX_180221_01_G12	DG
TGCGCAGTCGAATGGG-L8TX_180406_01_B08	DG
CATTATCCATGCCTAA-L8TX_180221_01_F12	DG
ATTACTCAGTCGTACT-L8TX_180406_01_B08	DG
GGAAAGCAGAACTCGG-L8TX_180221_01_F12	DG
GTCATTTTCCTTGCCA-L8TX_180406_01_D07	DG
TTCGAAGAGATCCTGT-L8TX_180406_01_B07	DG
TTTCCTCGTGCAGACA-L8TX_180221_01_G12	DG
CCTTACGTCCCTTGTG-L8TX_180406_01_F07	DG
GCAGCCAGTAGAAGGA-L8TX_180221_01_E12	DG
GACTACATCATGTGGT-L8TX_180406_01_D07	DG
TGAAAGATCAAACGGG-L8TX_180221_01_F12	DG
CGAATGTCACAGGCCT-L8TX_180406_01_B08	DG
ACCAGTAGTCATATGC-L8TX_180406_01_D07	DG
TGTATTCAGCCACTAT-L8TX_180221_01_E12	DG
AAGTCTGGTGACAAAT-L8TX_180406_01_F06	DG
CGGAGCTAGGCCATAG-L8TX_180221_01_G12	DG
TCGAGGCCACATCTTT-L8TX_180221_01_E12	DG
GAATAAGAGCAAATCA-L8TX_180406_01_F07	DG
TGGACGCCATTTCAGG-L8TX_180406_01_D07	DG
ACGCCGACACAGGCCT-L8TX_180221_01_F12	DG
CTGGTCTCATCGGACC-L8TX_180406_01_D07	DG
TGCTACCCAGCTTAAC-L8TX_180406_01_F07	DG
ACATGGTGTAGCTAAA-L8TX_180221_01_G12	DG
CGGACTGAGCGGCTTC-L8TX_180406_01_F06	DG
ACATACGCATAACCTG-L8TX_180406_01_D06	DG
TAGCCGGCATGTTGAC-L8TX_180406_01_F07	DG
AAGGAGCTCCCTCTTT-L8TX_180406_01_G07	DG
AGCTCTCAGCGTTCCG-L8TX_180406_01_B07	DG
TTCTCCTGTAGCGTCC-L8TX_180406_01_B07	DG
CCCAATCCATACTACG-L8TX_180221_01_G12	DG
CAGCATACACGGTAGA-L8TX_180221_01_E12	DG
TGACGGCCACATGGGA-L8TX_180406_01_B08	DG
GTTCGGGTCATTGCGA-L8TX_180406_01_G07	DG
TAAGAGAAGAAACCTA-L8TX_180406_01_D07	DG
CTTTGCGTCATGCATG-L8TX_180406_01_B08	DG
TTGACTTGTCATGCAT-L8TX_180221_01_G12	DG
GTGGGTCCACATTTCT-L8TX_180406_01_F07	DG
CCATGTCCACTGTCGG-L8TX_180406_01_D06	DG
CATCAAGGTGTGACCC-L8TX_180406_01_D07	DG
ACTGTCCAGTACCGGA-L8TX_180406_01_F06	DG
GAAACTCCATCGTCGG-L8TX_180221_01_E12	DG
CACCAGGGTCATCCCT-L8TX_180406_01_D06	DG
TAGTGGTGTAGGGACT-L8TX_180221_01_E12	DG
TCGAGGCCATTACCTT-L8TX_180221_01_E12	DG
TGCGCAGGTCTCTCTG-L8TX_180406_01_G07	DG
AACTCTTTCCTTAATC-L8TX_180406_01_G07	DG
CTAATGGAGGCGATAC-L8TX_180406_01_B08	DG
CTCATTAAGTAGATGT-L8TX_180221_01_F12	DG
GCGCGATTCGTTACGA-L8TX_180406_01_F07	DG
ACTTTCAAGATGTCGG-L8TX_180406_01_B07	DG
GTGGGTCCACAAGACG-L8TX_180221_01_E12	DG
GGATGTTCAACGATCT-L8TX_180406_01_G01	DG
CTACACCGTGGTCTCG-L8TX_180406_01_D06	DG
GCATGCGTCCTAGGGC-L8TX_180406_01_B07	DG
CTGATAGCAGATCTGT-L8TX_180221_01_F12	DG
GCGACCAAGAGGTACC-L8TX_180221_01_E12	DG
CGACCTTTCAGTCCCT-L8TX_180406_01_B07	DG
CATCGAAGTAGCCTCG-L8TX_180221_01_F12	DG
AGCGGTCGTAATCGTC-L8TX_180406_01_D06	DG
AGTGTCACATGCCTTC-L8TX_180406_01_G07	DG
TGTGGTATCCATGCTC-L8TX_180221_01_F12	DG
AAAGCAAAGTGGTAAT-L8TX_180406_01_B08	DG
TGAGCATTCTGTACGA-L8TX_180221_01_E12	DG
CCAGCGAGTGTTCTTT-L8TX_180221_01_E12	DG
GACGTGCTCTTTACGT-L8TX_180221_01_G12	DG
ACACTGAGTCAAAGAT-L8TX_180406_01_F06	DG
TACGGTACACCATCCT-L8TX_180406_01_B08	DG
GCTGGGTCATCAGTAC-L8TX_180221_01_G12	DG
ACATGGTAGGCGACAT-L8TX_180221_01_F12	DG
GCGCCAACACGAAAGC-L8TX_180221_01_G12	DG
CGGCTAGAGCTAAACA-L8TX_180406_01_F06	DG
TCGTAGAGTCTCTCTG-L8TX_180221_01_F12	DG
GTGCATAAGATCCGAG-L8TX_200625_02_F11	DG
TTCTCAAAGATGTCGG-L8TX_180221_01_E12	DG
ACCTTTAGTACATGTC-L8TX_180406_01_D06	DG
AAAGATGTCATGTAGC-L8TX_180221_01_E12	DG
CATCCACAGCGCTCCA-L8TX_180406_01_D07	DG
CCCAATCCACAGTCGC-L8TX_180221_01_E12	DG
GTACGTAGTACTCTCC-L8TX_180406_01_G07	DG
ATTCTACTCATTCACT-L8TX_180406_01_B07	DG
TACAGTGGTCAAAGAT-L8TX_180406_01_B07	DG
CCTTACGAGTTAAGTG-L8TX_180406_01_F06	DG
ACGGCCATCCATTCTA-L8TX_180406_01_D07	DG
TGCACCTTCAGCGACC-L8TX_180406_01_D07	DG
ACGGAGACATCGGACC-L8TX_180406_01_D06	DG
TCGCGAGGTGGTACAG-L8TX_180406_01_D06	DG
GTATCTTAGTGTCTCA-L8TX_180221_01_E12	DG
CTTAACTTCGGAATCT-L8TX_180406_01_D06	DG
CGGGTCAAGACCGGAT-L8TX_180406_01_D06	DG
ATTACTCAGTTACGGG-L8TX_180406_01_D06	DG
AGTAGTCTCCTACAGA-L8TX_180221_01_G12	DG
CTGCGGACACTTAACG-L8TX_180221_01_E12	DG
GGGATGACAGATGAGC-L8TX_180406_01_D07	DG
TACAGTGGTGCAGGTA-L8TX_180406_01_D06	DG
TCAACGACAGTGGAGT-L8TX_180221_01_E12	DG
GCAAACTCAAGAGGCT-L8TX_180221_01_E12	DG
TTAGGCAAGACAGGCT-L8TX_180406_01_B08	DG
GCTGGGTCATCATCCC-L8TX_180221_01_G12	DG
CGGACACAGGCATGGT-L8TX_180406_01_B07	DG
GAGCAGAAGAATAGGG-L8TX_180406_01_D06	DG
CGGACACGTTAAGAAC-L8TX_180406_01_B07	DG
TCTGAGACAAGTCTGT-L8TX_180406_01_G07	DG
GCTGCAGGTAAGTGTA-L8TX_180406_01_D06	DG
AAGGTTCAGGCTCTTA-L8TX_180406_01_D06	DG
GGGAGATCACGGCCAT-L8TX_180406_01_B08	DG
CGTGAGCGTAAACGCG-L8TX_180406_01_F06	DG
CCAGCGAGTGCACTTA-L8TX_200625_02_E11	DG
TCGTAGATCTTAGCCC-L8TX_180406_01_F07	DG
GCAGCCAAGTGACTCT-L8TX_180221_01_G12	DG
GACGGCTCAAACTGTC-L8TX_180406_01_G07	DG
GAACCTAAGTGCGATG-L8TX_180406_01_D06	DG
TACTTACCAGCTGTAT-L8TX_180221_01_E12	DG
TGCGGGTTCAAGAAGT-L8TX_180406_01_D06	DG
TGACAACAGCGCTCCA-L8TX_180221_01_F12	DG
ACTGAGTAGCGTAGTG-L8TX_180221_01_F12	DG
AACGTTGCAAGCCTAT-L8TX_180406_01_G07	DG
AGGCCGTTCCACGACG-L8TX_180406_01_D07	DG
GTGCAGCCATCCGTGG-L8TX_180406_01_B08	DG
GTTCATTTCTATGTGG-L8TX_180406_01_F07	DG
CTGCCTAGTCCCGACA-L8TX_180406_01_G07	DG
CGGCTAGGTCAGAATA-L8TX_180406_01_B07	DG
CTTACCGAGTCCAGGA-L8TX_180406_01_B08	DG
CACACAACATGAACCT-L8TX_180221_01_E12	DG
TGTGGTAAGATGCCTT-L8TX_180221_01_F12	DG
GGAAAGCAGGCTAGAC-L8TX_180406_01_D07	DG
ATCCACCCACAACGCC-L8TX_180221_01_E12	DG
GTTCTCGAGACTAGGC-L8TX_180221_01_F12	DG
GAATAAGGTAGGGACT-L8TX_180221_01_G12	DG
CGACTTCGTAGCCTAT-L8TX_180221_01_E12	DG
TCTGAGATCCATGAGT-L8TX_180406_01_F06	DG
CATCGGGGTGCACGAA-L8TX_180406_01_B08	DG
AGGGATGGTAGCGATG-L8TX_180406_01_G07	DG
GACGCGTGTCAGAATA-L8TX_180406_01_D07	DG
TCGCGTTTCTTACCGC-L8TX_180406_01_D07	DG
ATGAGGGCATACCATG-L8TX_180221_01_F12	DG
ACTTGTTCATGATCCA-L8TX_180406_01_F06	DG
CTCAGAAGTGATGATA-L8TX_180221_01_G12	DG
ACTGAGTCAGATGGGT-L8TX_180221_01_F12	DG
CAGCGACCAATAACGA-L8TX_180221_01_F12	DG
AGGTCCGAGCGCTTAT-L8TX_180406_01_D07	DG
CCCAATCTCCGTTGCT-L8TX_180406_01_B08	DG
CCGGTAGCAGGTGGAT-L8TX_180406_01_D06	DG
TTCGGTCCATGTTGAC-L8TX_180406_01_D07	DG
GCAGCCAGTCATACTG-L8TX_180221_01_F12	DG
ATCACGAAGAAACGAG-L8TX_180406_01_B07	DG
ACACCAAAGATAGCAT-L8TX_180406_01_B07	DG
TAGGCATAGTTCGCGC-L8TX_180406_01_D07	DG
TTCTCCTCAGTCCTTC-L8TX_180406_01_D06	DG
TGCGGGTTCACGAAGG-L8TX_180406_01_D06	DG
AGCGTCGTCGAACGGA-L8TX_180406_01_F06	DG
AAAGCAATCGATCCCT-L8TX_180406_01_G07	DG
GTCAAGTTCGTTTATC-L8TX_180406_01_B07	DG
CAACCTCTCCACGTGG-L8TX_180406_01_D07	DG
CGCCAAGCATGTCCTC-L8TX_180406_01_B08	DG
TAGAGCTGTATATGAG-L8TX_180406_01_D06	DG
TCTCATAGTGATGTGG-L8TX_180406_01_D07	DG
AAGGAGCCATGACATC-L8TX_180406_01_F06	DG
ATCACGAGTCACTGGC-L8TX_180406_01_D07	DG
TCAATCTGTAAACGCG-L8TX_180406_01_D07	DG
ACCAGTACAGTATGCT-L8TX_180406_01_B08	DG
GTCACAAGTGGACGAT-L8TX_180406_01_B07	DG
CGTAGGCGTTTACTCT-L8TX_180221_01_F12	DG
CGCCAAGGTGAGTGAC-L8TX_180406_01_B07	DG
ATAAGAGAGAGACGAA-L8TX_180406_01_B08	DG
GCTCTGTTCACCTCGT-L8TX_180406_01_D07	DG
TGAAAGAAGCCGATTT-L8TX_180221_01_F12	DG
AACTCAGCAGTTCCCT-L8TX_180406_01_F07	DG
ACTTGTTAGTACGTAA-L8TX_180406_01_B08	DG
TGCCCATTCACCCGAG-L8TX_180221_01_G12	DG
TCACAAGGTGTAATGA-L8TX_180406_01_F07	DG
TTGGCAATCACTATTC-L8TX_180406_01_B07	DG
TGCTGCTTCTGTCTCG-L8TX_180406_01_D07	DG
TCTCTAAAGAGTAAGG-L8TX_180221_01_F12	DG
CCATGTCCACGGTGTC-L8TX_180406_01_B07	DG
TGGTTCCGTTCGCGAC-L8TX_180406_01_D07	DG
TGGACGCCATTTCAGG-L8TX_180406_01_F06	DG
GATGAGGCACTCAGGC-L8TX_180406_01_B07	DG
TGGGCGTAGTTGTCGT-L8TX_180406_01_F06	DG
TGACTAGCAGCATGAG-L8TX_180406_01_D06	DG
CCTAAAGAGTGTACTC-L8TX_180406_01_D06	DG
GGGAGATTCATCGATG-L8TX_180406_01_D07	DG
CCTCTGACAGGATCGA-L8TX_180406_01_B08	DG
CTGCGGATCCTTTCTC-L8TX_180406_01_D06	DG
GATGAGGGTGAGTATA-L8TX_180406_01_D06	DG
AAGCCGCAGTCCATAC-L8TX_180221_01_E12	DG
GCGCCAAGTCGACTGC-L8TX_180406_01_F07	DG
GGACATTTCCGCGGTA-L8TX_180406_01_F06	DG
TAGGCATTCAATAAGG-L8TX_180221_01_E12	DG
CCATTCGTCGGAAACG-L8TX_180406_01_F06	DG
TCCACACAGTCAAGGC-L8TX_180406_01_F07	DG
TGGCGCATCACGATGT-L8TX_180406_01_D06	DG
CAGCTAACAGACGCAA-L8TX_180221_01_E12	DG
CGATCGGCATTCTTAC-L8TX_180406_01_B07	DG
AAACGGGTCCAAACAC-L8TX_180221_01_F12	DG
ACGCAGCGTCTGGTCG-L8TX_180406_01_D06	DG
TGAAAGACATGCCACG-L8TX_180221_01_G12	DG
TTCTTAGCAGGGTATG-L8TX_180221_01_E12	DG
ACACCGGTCATACGGT-L8TX_180406_01_D06	DG
TGACGGCGTAACGACG-L8TX_180406_01_D06	DG
CTCAGAACATTACGAC-L8TX_180406_01_D06	DG
GACTAACGTCTCTCTG-L8TX_180221_01_F12	DG
CTTCTCTGTACAAGTA-L8TX_180406_01_B08	DG
CTCGTACTCATATCGG-L8TX_180406_01_B08	DG
CTCCTAGTCTATCCCG-L8TX_180406_01_D07	DG
CGTTCTGGTATAGTAG-L8TX_180406_01_D07	DG
TCAATCTCAAGCCCAC-L8TX_180406_01_D07	DG
TCGTAGACACTTAAGC-L8TX_180406_01_F06	DG
TCGTACCGTGCGCTTG-L8TX_180406_01_D06	DG
AAATGCCGTTACCAGT-L8TX_180406_01_D06	DG
GATCAGTTCCTTCAAT-L8TX_180406_01_F07	DG
GTATCTTGTATAGTAG-L8TX_180406_01_F07	DG
CCACGGAAGACAGACC-L8TX_180406_01_D07	DG
ACTATCTCACGGTAAG-L8TX_180406_01_D06	DG
TGCCCATGTACAGCAG-L8TX_180406_01_F06	DG
TCTGGAACAATGACCT-L8TX_180406_01_B08	DG
AAACGGGGTGCACGAA-L8TX_180406_01_G07	DG
CAGCCGAGTTACCGAT-L8TX_180406_01_G07	DG
CAAGAAAGTCGCCATG-L8TX_180406_01_B07	DG
ATCTACTTCACGACTA-L8TX_180406_01_B08	DG
GTATTCTAGTCGAGTG-L8TX_180406_01_D07	DG
ACACCAAGTGATAAAC-L8TX_180406_01_F06	DG
TATCTCAGTTACGGAG-L8TX_180221_01_G12	DG
CAACCAAAGCACACAG-L8TX_180221_01_E12	DG
GCATACAAGTACCGGA-L8TX_180406_01_F07	DG
CTAACTTTCAGAAATG-L8TX_180406_01_G07	DG
CTACACCTCGAGAACG-L8TX_180406_01_D07	DG
CACCTTGCACCACCAG-L8TX_180221_01_F12	DG
ATTGGACCATCACGAT-L8TX_180406_01_B07	DG
TTTCCTCAGCCAGTTT-L8TX_180406_01_G07	DG
GACAGAGAGTGGAGTC-L8TX_180406_01_F06	DG
CGTGTAAAGTCGTTTG-L8TX_180406_01_D06	DG
GCGGGTTAGTGTTTGC-L8TX_180406_01_B08	DG
TACGGGCAGGCTCATT-L8TX_180406_01_B07	DG
GGACATTGTTCGAATC-L8TX_180406_01_F06	DG
GTGCAGCGTAAGTAGT-L8TX_180221_01_F12	DG
CTCGAGGCACCTTGTC-L8TX_180406_01_F06	DG
TATTACCTCGCTAGCG-L8TX_180221_01_F12	DG
AGACGTTCATGTCTCC-L8TX_180406_01_F07	DG
GTACGTAGTGGTGTAG-L8TX_180406_01_B07	DG
ACTGTCCCAGCTCCGA-L8TX_180406_01_F07	DG
ATCCGAATCGCCCTTA-L8TX_180406_01_F07	DG
TATCTCACAGTGAGTG-L8TX_180406_01_B08	DG
TACGGATGTGCGGTAA-L8TX_180221_01_E12	DG
GGATTACCATGGAATA-L8TX_180221_01_E12	DG
CAGCTAATCACGATGT-L8TX_180406_01_F07	DG
ACTTTCAGTCAGGACA-L8TX_180406_01_F06	DG
CCTACACTCTAACCGA-L8TX_180406_01_G07	DG
GGACAAGAGCGCTCCA-L8TX_180221_01_E12	DG
GCATGTATCATGCTCC-L8TX_180406_01_D06	DG
GTGTGCGGTCTCTTTA-L8TX_180406_01_B07	DG
CCCAATCAGCGTGAGT-L8TX_180406_01_F07	DG
GATGCTAAGTACACCT-L8TX_180221_01_F12	DG
GCATGATGTGAGTGAC-L8TX_180406_01_B07	DG
GCTTCCAGTGAGCGAT-L8TX_180406_01_D06	DG
AAGCCGCGTGACCAAG-L8TX_180406_01_B08	DG
ATGTGTGTCTGGGCCA-L8TX_200625_02_E11	DG
AGTTGGTAGTCTCCTC-L8TX_180406_01_F06	DG
CTGTGCTGTGCCTGCA-L8TX_180406_01_D06	DG
GTCGTAAGTACCCAAT-L8TX_180406_01_D07	DG
CAGGTGCGTCGAACAG-L8TX_180221_01_E12	DG
TCTTTCCGTTATGCGT-L8TX_180221_01_F12	DG
CCTTCGATCGACAGCC-L8TX_180406_01_F06	DG
TATGCCCGTGAGTGAC-L8TX_180221_01_E12	DG
AGTAGTCCACATCTTT-L8TX_180406_01_B07	DG
TCAACGAAGTCAAGCG-L8TX_180406_01_B07	DG
GGCGACTGTTGCGCAC-L8TX_180406_01_F07	DG
CAGCAGCAGGAGTACC-L8TX_180406_01_F06	DG
GGCAATTAGGATGGTC-L8TX_180406_01_F06	DG
ACCGTAACAAGAAGAG-L8TX_180406_01_D07	DG
ATGAGGGTCCAAACTG-L8TX_180221_01_G12	DG
GACACGCAGAGTACAT-L8TX_180406_01_F06	DG
TGGGCGTCAAATTGCC-L8TX_180406_01_G07	DG
ACGCCGATCACCTTAT-L8TX_180406_01_G07	CA
GCATGTAAGTAGATGT-L8TX_180406_01_D07	CA
CTAGCCTAGCGAGAAA-L8TX_180406_01_B08	CA
CCACCTACATCACGAT-L8TX_180406_01_G07	CA
AGCGGTCTCTCAACTT-L8TX_180406_01_B08	CA
TCATTTGCAAGGGTCA-L8TX_180406_01_G07	CA
CACATTTGTGCTGTAT-L8TX_180406_01_F07	CA
CCTTCGAAGGGAGTAA-L8TX_180221_01_F12	CA
AACTCAGTCCACGCAG-L8TX_180406_01_B08	CA
GGACAAGAGCCGCCTA-L8TX_180406_01_D07	CA
CAGCGACTCCCAACGG-L8TX_180406_01_D07	CA
CTCGGAGGTAGCTAAA-L8TX_180221_01_F12	CA
ATGAGGGAGTTGTCGT-L8TX_180406_01_F07	CA
GATCGTACAATCGGTT-L8TX_180406_01_G07	CA
TGGCGCAAGCGCTTAT-L8TX_180406_01_D06	CA
TGGCTGGAGGCTCAGA-L8TX_180406_01_B07	CA
ATCACGATCTCACATT-L8TX_180406_01_F06	CA
CGGGTCAAGACTGGGT-L8TX_180406_01_B07	CA
GCACATACACGGCGTT-L8TX_180406_01_D06	CA
CTAGTGACAAAGCAAT-L8TX_180406_01_G01	CA
TCGTAGACACATGACT-L8TX_180221_01_E12	CA
CCGTGGACACCAGGCT-L8TX_180406_01_G07	CA
ACACCCTAGAGAGCTC-L8TX_180406_01_D06	CA
GAAGCAGGTGCAACTT-L8TX_180221_01_E12	CA
GATCGATTCTTGCAAG-L8TX_180406_01_C02	CA
TATTACCTCCTCGCAT-L8TX_180221_01_G12	CA
TCACGAAGTCTAGGTT-L8TX_180406_01_D07	CA
CGACCTTGTCCCTTGT-L8TX_180406_01_F06	CA
AGAGCGAGTGAAGGCT-L8TX_180221_01_G12	CA
GACTGCGGTTCCACGG-L8TX_180406_01_B08	CA
GGAATAATCAATAAGG-L8TX_180221_01_F12	CA
GACCAATCATTGTGCA-L8TX_180406_01_B02	CA
GATCAGTGTTCCTCCA-L8TX_180406_01_B02	CA
CAGCCGAGTCCGAACC-L8TX_180406_01_C01	CA
AAGACCTTCTACCTGC-L8TX_180406_01_C01	CA
CCACTACTCCGTTGCT-L8TX_180406_01_D06	CA
TGACTAGGTTGAGTTC-L8TX_180221_01_F12	CA
CTCTGGTGTATGCTTG-L8TX_180221_01_G12	CA
GACTACATCCGTCAAA-L8TX_180406_01_F06	CA
GTGCATAAGTGTCCAT-L8TX_180221_01_G12	CA
AGCATACTCACTTATC-L8TX_180406_01_D07	CA
CCGGTAGAGTCCAGGA-L8TX_180406_01_D07	CA
GATCGTAGTGTTCTTT-L8TX_180406_01_G07	CA
CTTTGCGAGGCTAGGT-L8TX_180221_01_G12	CA
CAAGTTGAGAGTACCG-L8TX_180406_01_D02	CA
TCGGTAATCAGCGATT-L8TX_180406_01_C01	CA
ATTGGTGCACGTCAGC-L8TX_180406_01_F07	CA
TCAATCTCACTGAAGG-L8TX_180221_01_F12	CA
ACTGCTCAGCGATAGC-L8TX_180406_01_G07	CA
CGGCTAGTCTGACCTC-L8TX_180406_01_D06	CA
ATCATCTTCAGTGTTG-L8TX_180406_01_C01	CA
AGCGTATTCCGCTGTT-L8TX_180406_01_B07	CA
AGCCTAAAGAGCTTCT-L8TX_180406_01_D01	CA
GTGCGGTCACGTGAGA-L8TX_180406_01_D07	CA
CGCGTTTTCAGCTTAG-L8TX_180406_01_D02	CA
AGGTCCGTCCCGGATG-L8TX_180221_01_G12	CA
CACAAACTCCACGCAG-L8TX_180221_01_G12	CA
GACGGCTGTGAGTGAC-L8TX_180406_01_D01	CA
GACTGCGCATCTATGG-L8TX_180406_01_G07	CA
GGAAAGCTCCAGTATG-L8TX_180221_01_F12	CA
GACCAATTCATCTGTT-L8TX_180406_01_B08	CA
CGTTGGGCAATAGCAA-L8TX_180221_01_F12	CA
CACCTTGCAGTCAGCC-L8TX_180406_01_E01	CA
GCATGTATCTGGTATG-L8TX_180406_01_D02	CA
GGTGCGTAGAAACCAT-L8TX_180406_01_D02	CA
CTAAGACCACCAGATT-L8TX_180406_01_C01	CA
TCGAGGCAGGGTGTGT-L8TX_180406_01_F07	CA
GCTGGGTTCCCAACGG-L8TX_180406_01_D07	CA
CATTCGCCAGTCGTGC-L8TX_180221_01_G12	CA
AGTCTTTGTATATGAG-L8TX_180406_01_F07	CA
AGCAGCCTCGGTGTTA-L8TX_180406_01_F06	CA
ACGATACAGCTATGCT-L8TX_180406_01_G07	CA
AACCGCGTCTGGTTCC-L8TX_180406_01_B02	CA
AGTGAGGAGCAGCGTA-L8TX_180221_01_F12	CA
CGAGAAGTCAAACCAC-L8TX_180406_01_F07	CA
CGTGTAACACCGAAAG-L8TX_180406_01_B02	CA
GAGTCCGAGCCACGCT-L8TX_180406_01_F06	CA
GCTGCTTGTCAACTGT-L8TX_180406_01_F07	CA
TACAGTGTCAGATAAG-L8TX_180406_01_B08	CA
ATCATCTGTACAGCAG-L8TX_180406_01_B01	CA
TGCGTGGCACACCGAC-L8TX_180221_01_G12	CA
CTCGAAAGTGTGTGCC-L8TX_180406_01_C02	CA
GATGAAATCATCTGTT-L8TX_180221_01_E12	CA
CGCTATCCACGAGGTA-L8TX_180406_01_F07	CA
CCTAGCTCACGAAGCA-L8TX_180221_01_E12	CA
GACGTTACAGCCTATA-L8TX_180221_01_E12	CA
CACTCCATCTCAAACG-L8TX_180406_01_F06	CA
TGAGCCGTCCGGCACA-L8TX_180406_01_C01	CA
TCTCATAAGGTGATAT-L8TX_180406_01_G07	CA
CACACCTAGCTATGCT-L8TX_180406_01_F07	CA
TGACAACGTATATCCG-L8TX_180406_01_D07	CA
TCGCGAGCATCCTAGA-L8TX_180406_01_D07	CA
ACGAGCCTCATTGCCC-L8TX_180406_01_G07	CA
TATGCCCGTGATGCCC-L8TX_180221_01_B10	CA
GTTCATTCACACCGAC-L8TX_180406_01_F07	CA
GTTCATTTCACGCATA-L8TX_180406_01_F06	CA
GGGAATGGTTGCTCCT-L8TX_180221_01_F12	CA
GGACAGACAGATCGGA-L8TX_180221_01_E12	CA
TGACTAGCATACTCTT-L8TX_180221_01_G12	CA
GACTAACGTAGGCTGA-L8TX_180221_01_G12	CA
CCAGCGACAGACGTAG-L8TX_180221_01_G12	CA
TGGGCGTTCAGTTGAC-L8TX_180406_01_F06	CA
GGAACTTGTCTAAACC-L8TX_180221_01_F12	CA
CACACTCGTTTGGCGC-L8TX_180406_01_D06	CA
CGACTTCCAAAGCGGT-L8TX_180406_01_F01	CA
ACACCCTGTGATGATA-L8TX_180406_01_E01	CA
TCGCGTTTCAGTGTTG-L8TX_180406_01_D06	CA
CACAGGCTCTCCAACC-L8TX_180406_01_B07	CA
AGTCTTTGTAACGCGA-L8TX_180221_01_E12	CA
ACATACGCAGGGTTAG-L8TX_180221_01_G12	CA
CATCCACGTCTAAACC-L8TX_180406_01_F07	CA
AAGGAGCAGCGATTCT-L8TX_180406_01_G07	CA
CGACTTCTCAATCACG-L8TX_180406_01_D02	CA
CGTCACTTCATGTGGT-L8TX_180406_01_C02	CA
TGAAAGAGTGTGGTTT-L8TX_180406_01_D06	CA
CGACCTTGTCAATACC-L8TX_180406_01_B07	CA
AACCGCGTCCGAAGAG-L8TX_180406_01_B07	CA
CACAGGCGTACTCGCG-L8TX_180406_01_F06	CA
TCGCGAGAGCGAAGGG-L8TX_180406_01_D06	CA
CGGGTCAGTGCTAGCC-L8TX_180406_01_D07	CA
GCGCAACTCCTAGTGA-L8TX_180221_01_F12	CA
AACCATGGTTCAGCGC-L8TX_180406_01_G07	CA
CGTAGCGGTCTTGTCC-L8TX_180406_01_B07	CA
TAGACCACACGCTTTC-L8TX_180406_01_D07	CA
TCTGAGACACTGTCGG-L8TX_180406_01_B07	CA
GTTACAGAGATGTGGC-L8TX_180406_01_D07	CA
ATAGACCTCAGGCGAA-L8TX_180406_01_D07	CA
GCAAACTAGGGTCTCC-L8TX_180221_01_E12	CA
GTGTGCGCACGGTAGA-L8TX_180221_01_E12	CA
CTCAGAAGTGTAAGTA-L8TX_180406_01_B01	CA
ACTGAACGTCTTGCGG-L8TX_180406_01_D07	CA
GTCATTTGTTGAACTC-L8TX_180406_01_D07	CA
CGAGCACCATGAGCGA-L8TX_180406_01_D06	CA
CTGGTCTGTTCCGTCT-L8TX_180406_01_G07	CA
CCGTACTTCCTCATTA-L8TX_180406_01_D01	CA
AGACGTTCATCGGTTA-L8TX_180221_01_G12	CA
CTACATTGTGGTCCGT-L8TX_180221_01_G12	CA
CGTTAGACAGGTTTCA-L8TX_180406_01_F06	CA
GCTTGAATCCCTAATT-L8TX_180406_01_F07	CA
GTACTTTCACTGCCAG-L8TX_180406_01_D07	CA
CGAACATCACGGATAG-L8TX_180406_01_C02	CA
CTCTAATCATTAACCG-L8TX_180406_01_D06	CA
TCTATTGGTAACGTTC-L8TX_180221_01_G12	CA
AGGCCACAGTGAACAT-L8TX_180221_01_F12	CA
CAGTAACCAGTCAGCC-L8TX_180406_01_D06	CA
TGGCGCATCTCCCTGA-L8TX_180406_01_E01	CA
GTGTGCGGTCTAACGT-L8TX_180221_01_F12	CA
CATCGGGGTTACAGAA-L8TX_180406_01_B01	CA
GTAGGCCTCTTCGAGA-L8TX_180406_01_D07	CA
AAGGAGCGTGACGGTA-L8TX_180406_01_D07	CA
AATCGGTAGGACATTA-L8TX_180221_01_G12	CA
CTCGGGACAGTACACT-L8TX_180221_01_E12	CA
TTCTTAGAGTGGGCTA-L8TX_180406_01_F06	CA
GTCGTAAGTCTCCATC-L8TX_180221_01_E12	CA
AGCCTAAGTTCCACAA-L8TX_180406_01_D07	CA
CACCAGGGTGACGGTA-L8TX_180406_01_G07	CA
GGGAGATGTTGATTGC-L8TX_180406_01_B07	CA
GGAATAAGTATGAAAC-L8TX_180221_01_E12	CA
TGGGAAGTCTTCTGGC-L8TX_180406_01_F06	CA
AGTTGGTGTCGGCATC-L8TX_180406_01_G07	CA
AGCGTCGCATACAGCT-L8TX_180406_01_F06	CA
TTGCCGTCAACTGCTA-L8TX_180221_01_E12	CA
TCTGAGACAATAACGA-L8TX_180406_01_F07	CA
GGACAAGCACTACAGT-L8TX_180221_01_G12	CA
ACGGGCTAGGAGTACC-L8TX_180221_01_F12	CA
CCCAGTTCAATCAGAA-L8TX_180221_01_E12	CA
TGTGGTATCTCTAGGA-L8TX_180221_01_E12	CA
CGGACTGTCGCTTGTC-L8TX_180406_01_B08	CA
GCGCAACTCATCGATG-L8TX_180406_01_G07	CA
CCTCAGTGTTCGCTAA-L8TX_180406_01_D07	CA
CCAATCCGTTAGAACA-L8TX_180221_01_F12	CA
CGTCTACCAAGCGATG-L8TX_180221_01_F12	CA
GAACATCTCTGGTGTA-L8TX_180406_01_D06	CA
AGGCCACGTGAAAGAG-L8TX_180406_01_F01	CA
GGTGCGTTCATGTCCC-L8TX_180406_01_B07	CA
GCTGCAGAGTTGAGAT-L8TX_180406_01_F06	CA
AGCCTAACAATGAATG-L8TX_180406_01_B07	CA
GACGTTAAGCCCAGCT-L8TX_180221_01_G12	CA
CCTACCATCAGTGCAT-L8TX_180406_01_D06	CA
ATCATGGGTAGAGGAA-L8TX_180221_01_F12	CA
TGGCTGGCATTCCTCG-L8TX_180406_01_E01	CA
TCAACGAGTCAATGTC-L8TX_180406_01_F06	CA
AAAGCAATCCAATGGT-L8TX_180221_01_F12	CA
TCATTTGTCGGTGTCG-L8TX_180406_01_D02	CA
TACTCATTCTGTACGA-L8TX_180221_01_G12	CA
ATCACGAAGCGATAGC-L8TX_180406_01_G01	CA
TGAGGGACACCGTTGG-L8TX_180406_01_F01	CA
CAGCAGCGTATCACCA-L8TX_180406_01_F07	CA
CTCGGGAGTGACTCAT-L8TX_180406_01_D06	CA
CCCTCCTCAGGTTTCA-L8TX_180406_01_B02	CA
TTCTCAAGTGCAGGTA-L8TX_180406_01_G07	CA
TCATTACCAAGTACCT-L8TX_180406_01_B08	CA
ACCGTAAAGTCCCACG-L8TX_180406_01_D06	CA
CTCGGGACATTACGAC-L8TX_180406_01_F01	CA
AGGGATGTCTTCCTTC-L8TX_180406_01_B07	CA
TCAACGAAGTCCGGTC-L8TX_180221_01_G12	CA
GGCGACTAGATCCTGT-L8TX_180406_01_D07	CA
TTAGGACTCTGTCTCG-L8TX_180406_01_B08	CA
GCACATACACCCTATC-L8TX_180406_01_B01	CA
ACGGCCACATGTAAGA-L8TX_180221_01_G12	CA
GAACATCGTCCGACGT-L8TX_180406_01_G01	CA
CACAGTACAGCATACT-L8TX_180406_01_B07	CA
AAACCTGGTAAGAGGA-L8TX_180406_01_F07	CA
GAGCAGAGTGACGCCT-L8TX_180406_01_B02	CA
CGAGCCACATGAAGTA-L8TX_180406_01_F06	CA
GACCAATGTCGGCTCA-L8TX_180406_01_F01	CA
ACGGGTCAGGCGCTCT-L8TX_180406_01_B08	CA
CAGCTAAGTAGTGAAT-L8TX_180406_01_F01	CA
AGTAGTCGTCCGAGTC-L8TX_180406_01_G07	CA
ACGGCCAAGAAGGCCT-L8TX_180406_01_F06	CA
CTACATTGTTCAACCA-L8TX_180406_01_D07	CA
GGACATTCATGCTAGT-L8TX_180406_01_F07	CA
TTGTAGGTCGAACGGA-L8TX_180406_01_D02	CA
TGAAAGAAGCCGGTAA-L8TX_180406_01_D07	CA
GTATTCTGTATAAACG-L8TX_180221_01_E12	CA
CGTCACTGTACGAAAT-L8TX_180406_01_D01	CA
GTGCGGTGTGACGCCT-L8TX_180406_01_B07	CA
ACTTTCAAGCCAGTTT-L8TX_180406_01_C01	CA
GCTCCTACATTGGTAC-L8TX_180221_01_E12	CA
CAACTAGGTGCACCAC-L8TX_180406_01_F06	CA
TTGAACGTCGAATGGG-L8TX_180221_01_E12	CA
ACTTACTGTTGATTCG-L8TX_180221_01_G12	CA
GGTGTTAGTCATGCAT-L8TX_180406_01_G07	CA
GTAGTCAGTCTCAACA-L8TX_180406_01_D07	CA
TACTTGTTCAGTTAGC-L8TX_180406_01_B07	CA
CTAGTGAAGGCTCATT-L8TX_180406_01_D07	CA
TACTTGTCAACAACCT-L8TX_180406_01_D07	CA
CGTTAGAGTTTGGGCC-L8TX_180221_01_F12	CA
AGGGATGGTCGTCTTC-L8TX_180406_01_D06	CA
GTTAAGCTCAGCCTAA-L8TX_180406_01_D06	CA
AACGTTGCAGCATACT-L8TX_180406_01_B08	CA
GCGCCAATCATCTGCC-L8TX_180221_01_G12	CA
ACGCCGACAATGGAAT-L8TX_180221_01_G12	CA
CGAACATTCCGCATAA-L8TX_180406_01_B01	CA
CGATTGAGTGAAAGAG-L8TX_180221_01_G12	CA
GCTTCCAGTACACCGC-L8TX_180406_01_B07	CA
TTGCGTCGTTCCACTC-L8TX_180221_01_E12	CA
ATTTCTGAGCGTGAAC-L8TX_180221_01_E12	CA
AATCGGTAGTATCGAA-L8TX_180406_01_G07	CA
GGTATTGGTAATAGCA-L8TX_180406_01_F07	CA
AACCGCGTCAGTTGAC-L8TX_180221_01_G12	CA
CTCGAAACAGCTGCTG-L8TX_180221_01_E12	CA
GGGAATGAGTGAAGTT-L8TX_180221_01_E12	CA
GCGCGATAGAAGGCCT-L8TX_180406_01_D02	CA
TGGCCAGGTGGTTTCA-L8TX_180406_01_B02	CA
AGGGATGTCTCTGAGA-L8TX_180406_01_B08	CA
CGTTAGACAATGGAGC-L8TX_180406_01_B02	CA
CATCCACCAGGTCTCG-L8TX_180221_01_E12	CA
ACATCAGCAGCGTAAG-L8TX_180406_01_F07	CA
GCATGTACAGATGGCA-L8TX_180221_01_E12	CA
ACTGATGTCGAATCCA-L8TX_200625_02_G11	CA
TGCGCAGGTACTCAAC-L8TX_180406_01_B08	CA
GAACATCTCTGCGGCA-L8TX_180221_01_G12	CA
TACGGATGTCCGAACC-L8TX_180406_01_C01	CA
TAGAGCTAGAGGACGG-L8TX_180406_01_F06	CA
TTGCGTCAGTCATCCA-L8TX_180406_01_D07	CA
AGTAGTCAGTTACGGG-L8TX_180406_01_D07	CA
CACACTCCACATCCGG-L8TX_180406_01_G07	CA
AAGGAGCAGCGTAATA-L8TX_180406_01_E01	CA
GGAAAGCAGCCAGGAT-L8TX_180221_01_G12	CA
ATGTGTGGTCGAACAG-L8TX_180406_01_D07	CA
AGTTGGTGTCGTCTTC-L8TX_180406_01_G07	CA
CGGACACTCGTCTGAA-L8TX_180406_01_D07	CA
GGGCACTAGATGCGAC-L8TX_180221_01_E12	CA
TGCCCTAGTGTGCCTG-L8TX_180406_01_F07	CA
GCATGATAGGGAAACA-L8TX_180406_01_B08	CA
TGATTTCGTGGACGAT-L8TX_180221_01_G12	CA
GCGCGATGTACCGTAT-L8TX_180406_01_F01	CA
ATTGGACTCAGCAACT-L8TX_180406_01_B07	CA
GTTCGGGCACAGATTC-L8TX_180406_01_B07	CA
TGATTTCAGATCACGG-L8TX_180406_01_D07	CA
TAAACCGTCGAGAACG-L8TX_180406_01_D07	CA
CACTCCAAGAATAGGG-L8TX_180406_01_F01	CA
TATCTCAAGTATGACA-L8TX_180406_01_D01	CA
GCGACCATCCTTCAAT-L8TX_180406_01_D07	CA
GCTGCAGTCCCTTGTG-L8TX_180221_01_E12	CA
GCCTCTAAGCTGTTCA-L8TX_180406_01_B01	CA
GGAACTTAGAGTACCG-L8TX_180406_01_B08	CA
AAGTCTGGTGTGAAAT-L8TX_180221_01_F12	CA
GCAGCCATCTGTCTAT-L8TX_180406_01_F06	CA
GTTCATTGTTACGGAG-L8TX_180221_01_F12	CA
CAACCAAGTCATGCCG-L8TX_180221_01_F12	CA
CCCAGTTAGCAATATG-L8TX_180221_01_F12	CA
AGAGCTTAGCTCTCGG-L8TX_180221_01_G12	CA
CGATGGCGTACGCTGC-L8TX_180406_01_B07	CA
CACATAGCAATCGAAA-L8TX_180406_01_D07	CA
AGAATAGCACGAAATA-L8TX_180406_01_D01	CA
AGTGGGACAAGCCCAC-L8TX_180221_01_G12	CA
TGGGAAGAGGAATCGC-L8TX_180406_01_B07	CA
CCTACCAAGGCATTGG-L8TX_180406_01_B08	CA
AGGCCGTTCGTAGGTT-L8TX_180406_01_B07	CA
GGAAAGCAGCTAGCCC-L8TX_180406_01_F07	CA
ACATACGAGCACGCCT-L8TX_180406_01_B07	CA
CATATGGTCTTGTATC-L8TX_180406_01_B02	CA
GCGCAGTGTGAACCTT-L8TX_180406_01_B07	CA
CCATGTCCACCTCGGA-L8TX_180406_01_G07	CA
CCGGGATTCCGCAAGC-L8TX_180406_01_F02	CA
CGACTTCCATCCAACA-L8TX_180406_01_G07	CA
TCAATCTTCAACCATG-L8TX_180406_01_D07	CA
GTCTTCGTCTGCGACG-L8TX_180406_01_F01	CA
GCTTCCACAGTCGATT-L8TX_180406_01_B07	CA
AGGCCGTGTTAGAACA-L8TX_180221_01_E12	CA
ACACCCTGTCTGATTG-L8TX_180221_01_G12	CA
TTCTCAAGTTCCGTCT-L8TX_180406_01_F06	CA
CCCAGTTTCGCACTCT-L8TX_180406_01_F07	CA
TTCTACAGTGTCAATC-L8TX_180406_01_D07	CA
AGAATAGTCAGAGACG-L8TX_180406_01_B07	CA
GCAGCCAAGGAGTAGA-L8TX_180406_01_D06	CA
AGTTGGTTCAACGGCC-L8TX_180406_01_B08	CA
ACACCCTCAAATTGCC-L8TX_180221_01_F12	CA
TGACTTTGTTTGACTG-L8TX_180406_01_D06	CA
CATTATCGTTGTGGCC-L8TX_180406_01_F07	CA
CGATTGAAGTAGTGCG-L8TX_180406_01_B07	CA
TACAGTGCACTTCGAA-L8TX_180406_01_D07	CA
AATCGGTCACGAAATA-L8TX_180406_01_C01	CA
GCTGCTTAGGTGATAT-L8TX_180406_01_D01	CA
TTCTACACATGCGCAC-L8TX_180406_01_C01	CA
GTGCGGTTCTGAGGGA-L8TX_180406_01_D07	CA
CTCGGAGCACATGTGT-L8TX_180406_01_B02	CA
GGAGCAATCCCGACTT-L8TX_180406_01_F01	CA
GGACGTCCACTAAGTC-L8TX_180406_01_B07	CA
TGACTAGTCAAACAAG-L8TX_180406_01_D07	CA
ATTTCTGCATCGACGC-L8TX_180406_01_B08	CA
TGTATTCCAACGATGG-L8TX_180406_01_D07	CA
GCACTCTCAGGCGATA-L8TX_180406_01_D06	CA
TAAGCGTTCTGGTGTA-L8TX_180406_01_G07	CA
TGACTAGCATCAGTCA-L8TX_180406_01_C02	CA
ATCGAGTTCAGCATGT-L8TX_180221_01_E12	CA
GGCGTGTAGTACGACG-L8TX_180406_01_B07	CA
GATTCAGTCAACCAAC-L8TX_180221_01_G12	CA
GGCTGGTTCTGCCAGG-L8TX_180221_01_G12	CA
CTGATAGAGGGCACTA-L8TX_180221_01_G12	CA
ATTTCTGCACCCATGG-L8TX_180406_01_B01	CA
CGACCTTGTCGCGAAA-L8TX_180406_01_D06	CA
GGCGTGTTCTGCAGTA-L8TX_180406_01_B08	CA
TACCTATGTAGGAGTC-L8TX_180406_01_B07	CA
AACTCTTAGCACAGGT-L8TX_180406_01_F07	CA
TTAACTCGTTCGGGCT-L8TX_180406_01_F07	CA
GTACTTTCACTAAGTC-L8TX_180221_01_E12	CA
AATCGGTCATACAGCT-L8TX_180221_01_G12	CA
GCATGATAGAAAGTGG-L8TX_180406_01_B07	CA
CACAGGCGTCTAACGT-L8TX_180221_01_E12	CA
TCAACGAAGCTGAACG-L8TX_180406_01_B01	CA
GACAGAGCATGTAGTC-L8TX_180406_01_C01	CA
CATTCGCGTTACGTCA-L8TX_180406_01_D07	CA
CGGACGTTCACAAACC-L8TX_180406_01_B07	CA
GCGCGATAGGTCATCT-L8TX_180406_01_B08	CA
GAAACTCAGACACTAA-L8TX_180406_01_D02	CA
TAAGTGCGTGGTACAG-L8TX_180406_01_F01	CA
GATCTAGAGATGTGTA-L8TX_180406_01_G07	CA
TCTATTGTCGTCTGCT-L8TX_180406_01_C01	CA
AGCGTCGAGGCCCTTG-L8TX_180221_01_B10	CA
CACAAACGTTCCTCCA-L8TX_180406_01_D07	CA
CCTAAAGCACTGAAGG-L8TX_180406_01_B07	CA
TATCTCAAGATGTGTA-L8TX_180406_01_C01	CA
GTACTCCTCAAACCAC-L8TX_180406_01_B08	CA
GTTCATTCACGTCTCT-L8TX_180406_01_B08	CA
CTCAGAATCATAGCAC-L8TX_180406_01_B07	CA
AGCATACGTAAGGGCT-L8TX_180406_01_D01	CA
CTTACCGCATCGGGTC-L8TX_180406_01_D07	CA
CATTCGCCATTATCTC-L8TX_180406_01_B08	CA
CCGTTCACAAAGGTGC-L8TX_180406_01_C02	CA
TAGACCACATCATCCC-L8TX_180406_01_B01	CA
GTGCATATCTCAACTT-L8TX_180406_01_F07	CA
TGCGGGTCACAAGCCC-L8TX_180406_01_B02	CA
CACATAGGTCATATCG-L8TX_180406_01_F06	CA
ACTGTCCTCCGGGTGT-L8TX_180406_01_D06	CA
GGAACTTCAGGTTTCA-L8TX_180406_01_B07	CA
GTGCAGCTCCGTCATC-L8TX_180221_01_E12	CA
CGCGGTACATGGTTGT-L8TX_180406_01_B08	CA
GGCCGATTCTTGTATC-L8TX_180406_01_D06	CA
ACTGCTCGTTACGACT-L8TX_180406_01_B01	CA
CAGCCGATCGTGTAGT-L8TX_180221_01_G12	CA
CCTTACGGTTAAAGAC-L8TX_180221_01_F12	CA
GAATGAATCCTCCTAG-L8TX_180406_01_D02	CA
GGGCATCTCTGGTTCC-L8TX_180406_01_E01	CA
TCTGAGAAGTTGCAGG-L8TX_180406_01_D01	CA
TTAGTTCTCTGGCGAC-L8TX_180406_01_G07	CA
GCGCGATCATCCCATC-L8TX_180406_01_B08	CA
GGGCATCCAGTGAGTG-L8TX_180406_01_B07	CA
GCAGTTATCGTCTGCT-L8TX_180406_01_D07	CA
CATGACAGTAATCACC-L8TX_180221_01_G12	CA
ACCGTAAGTCTGCCAG-L8TX_180406_01_C02	CA
ACGATGTAGCGCCTCA-L8TX_180221_01_E12	CA
GTGTGCGTCAGCGACC-L8TX_180221_01_G12	CA
CCTTTCTGTTGACGTT-L8TX_180406_01_G07	CA
TTGAACGTCGGTTCGG-L8TX_180406_01_G07	CA
GCTGGGTCAAAGCAAT-L8TX_180406_01_B07	CA
CTAAGACAGACAAAGG-L8TX_180406_01_G07	CA
GTGCATACAGCTGTAT-L8TX_180406_01_B07	CA
CAGCAGCGTAGCTTGT-L8TX_180406_01_B01	CA
TCAGCAATCGGCTTGG-L8TX_180406_01_F06	CA
TTATGCTTCCGTAGTA-L8TX_180406_01_F07	CA
TTCTACATCCAGTATG-L8TX_180221_01_E12	CA
CATGACAGTCTTGTCC-L8TX_180221_01_F12	CA
GCGCAGTGTTACCAGT-L8TX_180406_01_G07	CA
AGGCCACGTAAAGTCA-L8TX_180221_01_G12	CA
GGTATTGCATTTCACT-L8TX_180406_01_D07	CA
CCATGTCCAGACTCGC-L8TX_180406_01_D02	CA
CCGGGATGTTTAAGCC-L8TX_180406_01_C01	CA
ATTATCCGTCAATGTC-L8TX_180221_01_G12	CA
GTCAAGTTCTTGTCAT-L8TX_180406_01_B07	CA
ACATGGTAGTTACGGG-L8TX_180406_01_D07	CA
GAACCTAAGACAGAGA-L8TX_180406_01_F06	CA
TCAGGTACAATGAAAC-L8TX_180221_01_H09	CA
TGAGAGGGTGTTCTTT-L8TX_180406_01_G07	CA
CGAATGTTCTAACCGA-L8TX_180406_01_B08	CA
GCAGCCACAGACAGGT-L8TX_180406_01_B08	CA
GCGCAGTCATAAAGGT-L8TX_180406_01_B07	CA
CTGCGGATCAGCGATT-L8TX_180406_01_B08	CA
CTACACCAGTATCGAA-L8TX_180406_01_G07	CA
CGGAGTCGTAGCTGCC-L8TX_180221_01_E12	CA
TACAGTGCAGCATACT-L8TX_180406_01_G07	CA
GACGTGCTCGTTACAG-L8TX_180406_01_D07	CA
CATGACATCAGTCAGT-L8TX_180221_01_F12	CA
ACGAGCCAGTAACCCT-L8TX_180406_01_B08	CA
GGCGACTAGTATTGGA-L8TX_180406_01_B07	CA
GCAATCACAGAGTGTG-L8TX_180406_01_B01	CA
TGAGCCGCACGAAGCA-L8TX_180406_01_D02	CA
AGCGTCGAGGGCTTGA-L8TX_180406_01_B01	CA
TCTCATAAGAGGTACC-L8TX_180406_01_B08	CA
AAACCTGTCCGTTGCT-L8TX_180406_01_C01	CA
TCAGATGCAGATCTGT-L8TX_180406_01_B07	CA
AACCGCGTCACCCTCA-L8TX_180406_01_F06	CA
AAACCTGCACAAGACG-L8TX_180406_01_D06	CA
TTTGCGCAGGTGTGGT-L8TX_180406_01_B02	CA
AAAGATGCACGGTAGA-L8TX_180406_01_F06	CA
ATCCACCGTCCGACGT-L8TX_180221_01_G12	CA
CGGAGTCTCGACAGCC-L8TX_180406_01_B07	CA
AACTCCCGTAAATGAC-L8TX_180406_01_F06	CA
GATGAGGGTCCGTTAA-L8TX_180221_01_F12	CA
CTTAGGACACGTCTCT-L8TX_180406_01_D02	CA
TAAACCGGTCGCGAAA-L8TX_180221_01_E12	CA
TGAGCATAGCCGTCGT-L8TX_180406_01_B08	CA
GACTGCGAGATAGCAT-L8TX_180221_01_E12	CA
GCACTCTGTTTACTCT-L8TX_180221_01_G12	CA
CGATTGATCGGAATCT-L8TX_180406_01_B07	CA
GGTATTGGTTCCGTCT-L8TX_180221_01_E12	CA
GGCAATTAGATGGGTC-L8TX_180406_01_B07	CA
CCTACACAGCGATTCT-L8TX_180406_01_F07	CA
GTACTCCCAAGCGTAG-L8TX_180406_01_D07	CA
AGTCTTTTCTGAGTGT-L8TX_180406_01_G01	CA
CTCTGGTTCTAGCACA-L8TX_180221_01_F12	CA
TCGCGTTTCAACACTG-L8TX_180406_01_B07	CA
TTCGAAGAGAAGGTTT-L8TX_180221_01_F12	CA
CTACGTCAGGCTCTTA-L8TX_180406_01_E07	CA
TTTACTGCAAGTCATC-L8TX_180406_01_E01	CA
CTAGTGATCGCCATAA-L8TX_180406_01_F06	CA
TGGGCGTGTTACGCGC-L8TX_180221_01_F12	CA
CCGTACTAGAGCTATA-L8TX_180406_01_F07	CA
GACGTGCAGAGACTTA-L8TX_180221_01_G12	CA
ACTGAACGTCGCTTTC-L8TX_180406_01_G07	CA
GAAACTCAGAGGTACC-L8TX_180406_01_B08	CA
CGCTATCGTTACGCGC-L8TX_180406_01_B08	CA
CAACTAGAGCCGGTAA-L8TX_180406_01_D07	CA
AGTTGGTAGCTACCTA-L8TX_180406_01_F06	CA
CAAGTTGGTCAAACTC-L8TX_180406_01_D06	CA
AAGGTTCAGATATGGT-L8TX_180406_01_D01	CA
CAAGGCCGTCATGCAT-L8TX_180406_01_B01	CA
CATATGGCATAGACTC-L8TX_180221_01_G12	CA
AACCGCGCATTGAGCT-L8TX_180406_01_F06	CA
TTCGGTCCAACACGCC-L8TX_180406_01_B08	CA
CTCACACGTAAATGTG-L8TX_180406_01_G01	CA
AGGCCGTAGGCTACGA-L8TX_180406_01_C02	CA
CCTACACAGTGGAGAA-L8TX_180406_01_F06	CA
CTACGTCGTTAAAGTG-L8TX_180221_01_G12	CA
CCGTTCATCTTAACCT-L8TX_200625_02_E11	CA
ACTATCTCACGTCAGC-L8TX_180221_01_E12	CA
TCGAGGCTCGTTTGCC-L8TX_180406_01_D07	CA
CATCCACAGATCCTGT-L8TX_180221_01_E12	CA
CCACCTATCCTGTACC-L8TX_180406_01_D06	CA
TCTCATACACGTTGGC-L8TX_180406_01_G07	CA
CGAATGTCACATGGGA-L8TX_180406_01_C01	CA
GTCTCGTGTTCGCGAC-L8TX_180406_01_D07	CA
CCGGGATAGCCCTAAT-L8TX_180406_01_E01	CA
CACACTCAGAGACTTA-L8TX_180221_01_E12	CA
CTCATTAGTTTACTCT-L8TX_180406_01_F06	CA
TGACTTTAGAGGGATA-L8TX_180406_01_B08	CA
ATTGGTGAGGCAAAGA-L8TX_180406_01_G01	CA
GGACAAGAGGTGCTTT-L8TX_180406_01_D07	CA
CTGCGGAGTTATCACG-L8TX_180406_01_D07	CA
CGTGAGCAGTCGCCGT-L8TX_180406_01_D07	CA
GACGGCTGTAAACGCG-L8TX_180221_01_F12	CA
CATATTCAGCGTCAAG-L8TX_180406_01_B07	CA
CCGTTCAGTCGTGGCT-L8TX_180406_01_F07	CA
GCTTGAATCACTTACT-L8TX_180406_01_F01	CA
CCTTACGGTGTCAATC-L8TX_180406_01_B08	CA
TCGTAGATCTCTAAGG-L8TX_180221_01_G12	CA
TGAAAGAAGCCAACAG-L8TX_180406_01_B08	CA
CGATCGGAGAAGATTC-L8TX_180406_01_D06	CA
GTGCGGTGTGTTGAGG-L8TX_180406_01_B02	CA
CGTCAGGTCTAACCGA-L8TX_180406_01_B07	CA
GTGTTAGCACGAAGCA-L8TX_180406_01_F07	CA
TACCTTACACCCTATC-L8TX_180406_01_F07	CA
TCGGTAAGTGACGGTA-L8TX_200625_02_E11	CA
TCTGGAAGTAGGGACT-L8TX_180406_01_B08	CA
CATGGCGCACCAGATT-L8TX_180406_01_G07	CA
AGCTCTCAGCTGTTCA-L8TX_180406_01_E01	CA
AGGGTGATCCTTTCTC-L8TX_180221_01_E12	CA
ACGGGTCCAAAGGCGT-L8TX_180406_01_B08	CA
ACACCAACAACTGCGC-L8TX_180406_01_D06	CA
TGTGGTATCGCACTCT-L8TX_180221_01_E12	CA
ACTGCTCGTGCTTCTC-L8TX_180406_01_F06	CA
CGTGTCTGTCATGCAT-L8TX_180406_01_B02	CA
CAAGATCAGGCCCTCA-L8TX_180406_01_F07	CA
CCGGGATCAGATAATG-L8TX_180406_01_G07	CA
CTCTAATCAATGAATG-L8TX_180406_01_D07	CA
CGACCTTTCATAAAGG-L8TX_180406_01_F06	CA
ACAGCTATCGAGCCCA-L8TX_180406_01_D01	CA
GTTACAGGTACCGAGA-L8TX_180406_01_F06	CA
AGACGTTCAAAGCGGT-L8TX_180406_01_B07	CA
ACTGAGTCAGGACGTA-L8TX_180406_01_D06	CA
CAGTCCTGTATGAAAC-L8TX_180406_01_G07	CA
GTGTGCGTCGCCAAAT-L8TX_180406_01_D06	CA
TCTATTGCACGGCCAT-L8TX_180406_01_B08	CA
AACTCAGTCAACACAC-L8TX_180406_01_D01	CA
GTTTCTACACAACTGT-L8TX_180406_01_D07	CA
TCCACACAGCTATGCT-L8TX_180406_01_F01	CA
AAGGCAGCACACCGCA-L8TX_180406_01_B08	CA
ACATACGAGCTGTCTA-L8TX_180221_01_E12	CA
GACAGAGTCAATACCG-L8TX_180406_01_D01	CA
ACATGGTGTCGGGTCT-L8TX_180406_01_G07	CA
ACTGATGTCATGTAGC-L8TX_180221_01_E12	CA
CCTTTCTCATGCATGT-L8TX_180406_01_G07	CA
AACCGCGCAATGCCAT-L8TX_180221_01_G12	CA
GAAGCAGTCTGGGCCA-L8TX_180406_01_D07	CA
GAATAAGAGCTTTGGT-L8TX_180221_01_E12	CA
TGGACGCGTCACTTCC-L8TX_180406_01_B07	CA
TGCCCTATCACCACCT-L8TX_180221_01_F12	CA
CTGATCCGTTAGTGGG-L8TX_180406_01_F07	CA
TTATGCTGTCTCTCTG-L8TX_180406_01_D07	CA
TCGCGAGCATCGACGC-L8TX_180406_01_B08	CA
GTAGGCCAGTACGTTC-L8TX_200625_02_E11	CA
AGCTCTCCAGCCTGTG-L8TX_180406_01_B07	CA
GCCAAATTCGTTACGA-L8TX_180406_01_B07	CA
AGAGCGAAGACTACAA-L8TX_180406_01_G01	CA
ACGGAGATCGGCGCAT-L8TX_180406_01_B07	CA
GTTCATTCATGACATC-L8TX_180221_01_E12	CA
GGGCACTCAGGAACGT-L8TX_180406_01_B08	CA
TGCGCAGAGAGTAATC-L8TX_180406_01_F01	CA
GAGTCCGAGGCATTGG-L8TX_180406_01_F06	CA
GTCACGGAGTAAGTAC-L8TX_180221_01_F12	CA
CAAGTTGGTCGGATCC-L8TX_180406_01_G07	CA
CAAGAAAAGACAGGCT-L8TX_180406_01_D07	CA
CGTAGCGGTTGTTTGG-L8TX_180406_01_B02	CA
GAGGTGAAGAGTCGGT-L8TX_180406_01_D07	CA
CACCACTTCGATCCCT-L8TX_180406_01_F07	CA
GGATGTTTCCGGGTGT-L8TX_180406_01_G07	CA
GCTGCGAAGCGTAATA-L8TX_180406_01_D07	CA
GTTACAGAGACAGACC-L8TX_180406_01_B02	CA
AAACCTGCAGCAGTTT-L8TX_180221_01_G12	CA
CAGCCGAAGCGCTTAT-L8TX_180221_01_F12	CA
CTCGTACCATTTCAGG-L8TX_180406_01_B01	CA
GCTGCTTAGGATTCGG-L8TX_180221_01_F12	CA
GTTCTCGAGGAGTTGC-L8TX_180406_01_D02	CA
CGCGGTATCATCTGCC-L8TX_180406_01_D06	CA
TAGGCATTCAGGTAAA-L8TX_180406_01_B08	CA
GGACAAGTCAGCGACC-L8TX_180406_01_G07	CA
ATAGACCAGCGATTCT-L8TX_180406_01_F06	CA
TGATTTCAGTATCGAA-L8TX_180221_01_E12	CA
ACTGCTCGTACGCACC-L8TX_180221_01_E12	CA
TCTTCGGCATGAGCGA-L8TX_180406_01_F07	CA
GCATGCGAGAACAATC-L8TX_180221_01_E12	CA
TTGTAGGGTCAGAAGC-L8TX_180406_01_D02	CA
CGTTGGGTCACGGTTA-L8TX_180406_01_D07	CA
TGACTAGAGGGTCGAT-L8TX_180406_01_B01	CA
GACCTGGAGTTAAGTG-L8TX_180221_01_E12	CA
CGTTGGGCATAGACTC-L8TX_180406_01_F07	CA
GACCAATAGCTGGAAC-L8TX_180221_01_G12	CA
CGACCTTCAAGAGTCG-L8TX_180406_01_B08	CA
CAGCGACAGCACCGTC-L8TX_180406_01_D01	CA
GCCAAATCACTCGACG-L8TX_180221_01_G12	CA
TGGCCAGCAAACTGTC-L8TX_180406_01_F01	CA
TGGGAAGTCCTTTCTC-L8TX_180406_01_B07	CA
GTTCATTAGCTATGCT-L8TX_180406_01_B08	CA
GACTACACATATACCG-L8TX_180221_01_F12	CA
CGGTTAACAAACTGTC-L8TX_180406_01_F07	CA
TAGTGGTTCACCTTAT-L8TX_180221_01_E12	CA
GGAATAACAAGCCATT-L8TX_180406_01_D06	CA
GAACATCAGGGTATCG-L8TX_180406_01_D07	CA
TCACGAAGTATATGGA-L8TX_180221_01_G12	CA
GAACGGAAGACTCGGA-L8TX_180406_01_F07	CA
CATTCGCAGCGACGTA-L8TX_180406_01_D07	CA
CTCGAGGTCAAGAAGT-L8TX_180406_01_F06	CA
GTCACAACACCGAATT-L8TX_180221_01_E12	CA
GGACAGATCCTTGCCA-L8TX_180406_01_B07	CA
TGTATTCAGGAATTAC-L8TX_180406_01_D02	CA
AACTCTTTCCTAGTGA-L8TX_180221_01_G12	CA
CGTTGGGCAGGTTTCA-L8TX_180406_01_B08	CA
CGTCAGGCACCCAGTG-L8TX_180406_01_C02	CA
TACAGTGTCGGACAAG-L8TX_180221_01_E12	CA
ACTTTCATCGGAAACG-L8TX_180406_01_F06	CA
CGCGTTTTCTGCAAGT-L8TX_180406_01_B07	CA
GTGTGCGGTCCTCCAT-L8TX_180406_01_F06	CA
AGGTCCGTCCATGCTC-L8TX_180406_01_D07	CA
CAGATCAGTTACGCGC-L8TX_180221_01_G12	CA
AGTGTCAGTAGCGTGA-L8TX_180406_01_B07	CA
GTGTTAGTCATCGATG-L8TX_180221_01_F12	CA
TCTCTAACAATCTACG-L8TX_180221_01_G12	CA
ATTCTACAGACTAGAT-L8TX_180221_01_E12	CA
GTCCTCAGTCGTCTTC-L8TX_180406_01_D01	CA
CATATTCCACCGAATT-L8TX_180406_01_B07	CA
CTCGAAAAGCTATGCT-L8TX_180406_01_G07	CA
ATTCTACTCTACTCAT-L8TX_180221_01_G12	CA
TTGTAGGAGAGCTTCT-L8TX_180406_01_D01	CA
CGGCTAGAGCTGATAA-L8TX_180406_01_D07	CA
GCTGCGAAGCTGTCTA-L8TX_180406_01_F07	CA
GGACAAGCAGGAACGT-L8TX_180406_01_F01	CA
AGGCCACGTGACGCCT-L8TX_180406_01_D07	CA
ACGAGGAAGAGTACCG-L8TX_180406_01_B01	CA
CGAGCACCAGACGTAG-L8TX_180406_01_B01	CA
ACGGGCTGTCAAGCGA-L8TX_180221_01_F12	CA
GGGATGAAGGAACTGC-L8TX_180406_01_D07	CA
TGCGGGTGTCATGCCG-L8TX_180406_01_B02	CA
TCTGAGAAGCACACAG-L8TX_180406_01_D06	CA
TACGGTATCACTTACT-L8TX_180221_01_E12	CA
AACGTTGCATGCCACG-L8TX_180406_01_B01	CA
TATGCCCAGTTCCACA-L8TX_180406_01_D07	CA
TGCCAAAAGCTGCCCA-L8TX_180406_01_F06	CA
GGACATTAGAGACTTA-L8TX_180406_01_C06	CA
CAGAATCCATGACGGA-L8TX_180221_01_F12	CA
GCGGGTTTCTATGTGG-L8TX_180406_01_D02	CA
GTGCGGTCACTGTCGG-L8TX_180406_01_D06	CA
GGGCATCAGTCGTTTG-L8TX_180406_01_F06	CA
CACTCCACATCTATGG-L8TX_180406_01_F07	CA
CTGAAGTTCACTTATC-L8TX_180406_01_F07	CA
TATCTCACAATAGCGG-L8TX_180406_01_D06	CA
GCGCGATAGAGTCGGT-L8TX_180406_01_G07	CA
ACGGAGAGTAAAGTCA-L8TX_180406_01_G07	CA
GCTCTGTTCACCGTAA-L8TX_180406_01_B07	CA
GCTGCAGGTCTGATTG-L8TX_180406_01_D02	CA
TACCTTAAGATCCCGC-L8TX_180406_01_D02	CA
GCATGCGAGTACGCGA-L8TX_180221_01_E12	CA
ACGATACTCCGAGCCA-L8TX_180406_01_F06	CA
AGCAGCCGTCTTGATG-L8TX_180406_01_F07	CA
CGGAGCTCAGATGGCA-L8TX_180406_01_B08	CA
TACTCGCTCCCAGGTG-L8TX_180406_01_D07	CA
CAACTAGGTGTTGAGG-L8TX_180221_01_G12	CA
CAGAATCCAGTAAGAT-L8TX_180406_01_C01	CA
AGTCTTTCATCTACGA-L8TX_180221_01_G12	CA
CTGCGGAAGGAATTAC-L8TX_180406_01_B07	CA
GCTTGAACATTATCTC-L8TX_180406_01_B07	CA
GTCAAGTAGACTGTAA-L8TX_180406_01_B01	CA
GGCTGGTTCGAACGGA-L8TX_180406_01_D07	CA
CCTCAGTCAAAGTCAA-L8TX_180406_01_G07	CA
CGTCCATAGGGATGGG-L8TX_180406_01_F07	CA
CTGCGGATCGGTGTTA-L8TX_180221_01_G12	CA
CTAATGGCATCGGTTA-L8TX_180406_01_B02	CA
CCTTCCCAGACAGGCT-L8TX_180406_01_B07	CA
CGAGAAGAGGCATTGG-L8TX_180406_01_B08	CA
ACCAGTACATAACCTG-L8TX_180406_01_D07	CA
AACACGTCACTTACGA-L8TX_180221_01_F12	CA
CTGGTCTTCTATCCTA-L8TX_180406_01_D06	CA
TTCTTAGCATCGACGC-L8TX_180221_01_E12	CA
GGGTTGCAGCTAACAA-L8TX_180406_01_D01	SUB
AGCTCTCTCAGGATCT-L8TX_180406_01_B08	SUB
TACTTACCACTGTCGG-L8TX_180406_01_F01	SUB
GTGAAGGCAATGAAAC-L8TX_180406_01_B02	SUB
TGTGGTAGTGTCAATC-L8TX_180406_01_G01	SUB
GATGAAAGTGCCTTGG-L8TX_180406_01_B01	SUB
GACCAATCACGTCAGC-L8TX_180406_01_D01	SUB
CTGCCTAAGAAGCCCA-L8TX_180406_01_D02	SUB
GGACAGACACTACAGT-L8TX_180406_01_C02	SUB
CGGGTCACACTGTTAG-L8TX_180406_01_G01	SUB
TGTATTCCACCAGGCT-L8TX_180406_01_C01	SUB
GTGGGTCAGTACTTGC-L8TX_180406_01_D01	SUB
GGGAGATGTTACGGAG-L8TX_180406_01_C02	SUB
AGACGTTTCCCACTTG-L8TX_180406_01_D01	SUB
TGCCAAAAGGCTATCT-L8TX_180406_01_F01	SUB
CACATTTCATCGATTG-L8TX_180406_01_F01	SUB
CCGTACTGTCCAGTAT-L8TX_180406_01_B01	SUB
ATGTGTGTCACCGGGT-L8TX_180406_01_B01	SUB
CCTCTGAGTAGCTGCC-L8TX_180406_01_F01	SUB
GAATAAGAGAGTAATC-L8TX_180406_01_F01	SUB
GCCTCTAAGCCAGTTT-L8TX_180406_01_F01	SUB
ACATCAGGTTGTTTGG-L8TX_180406_01_F01	SUB
ACCAGTAGTGCGAAAC-L8TX_180406_01_E01	SUB
GATTCAGTCTGGCGTG-L8TX_180406_01_F01	SUB
GGGTTGCTCGAGAGCA-L8TX_180406_01_C01	SUB
GACGCGTAGAGATGAG-L8TX_180406_01_D01	SUB
TTTATGCCAGATAATG-L8TX_180406_01_C02	SUB
TTAGGCAAGCATCATC-L8TX_180406_01_F01	SUB
GATCGATGTTGATTGC-L8TX_180406_01_D02	SUB
ACAGCTAGTTCTGAAC-L8TX_180221_01_E12	SUB
GGTATTGCACTACAGT-L8TX_180406_01_C02	SUB
CTGCGGAGTTGATTGC-L8TX_180406_01_B01	SUB
AAGCCGCTCCGCGTTT-L8TX_180406_01_F01	SUB
CTAGCCTAGCGCTTAT-L8TX_180406_01_F01	SUB
CTTACCGGTGTCAATC-L8TX_180406_01_B02	SUB
GGGCATCTCGCGCCAA-L8TX_180406_01_B01	SUB
ACACTGAAGACCGGAT-L8TX_180406_01_F01	SUB
GACGTGCAGGCTAGAC-L8TX_180406_01_C02	SUB
GGAACTTTCTTCGGTC-L8TX_180406_01_B01	SUB
GCCAAATTCGTCACGG-L8TX_180406_01_C01	SUB
TCAGGATAGCAGACTG-L8TX_180406_01_G01	SUB
CACATAGGTTCGGCAC-L8TX_180406_01_D02	SUB
CAGATCAAGGTGACCA-L8TX_180406_01_G01	SUB
GGAAAGCAGGTGTGGT-L8TX_180406_01_B01	SUB
TAAACCGCATGCCACG-L8TX_180406_01_C02	SUB
TTCTTAGCATCGTCGG-L8TX_180406_01_C02	SUB
CACAGGCAGTACGTAA-L8TX_180406_01_B01	SUB
GCTTGAAAGTACATGA-L8TX_180406_01_B02	SUB
CGGACTGAGTAACCCT-L8TX_180406_01_B02	SUB
TGACTAGGTACTCTCC-L8TX_180406_01_B02	SUB
CTACATTCACCACCAG-L8TX_180406_01_G01	SUB
AGCATACAGCTGATAA-L8TX_180406_01_B02	SUB
GTAACTGTCTCCAGGG-L8TX_180406_01_E01	SUB
GGGTCTGTCGGTGTTA-L8TX_180406_01_E01	SUB
CGCTATCGTGCAACTT-L8TX_180406_01_G01	SUB
TATCAGGCATCGGTTA-L8TX_180406_01_F01	SUB
GCAGCCATCGCTGATA-L8TX_180406_01_B01	SUB
CGTCTACCACAGACAG-L8TX_180406_01_C02	SUB
CGTGTCTTCAGTGTTG-L8TX_180406_01_C01	SUB
CAACTAGAGCAGCCTC-L8TX_180406_01_C02	SUB
CGAGCCACAATGTAAG-L8TX_180406_01_C02	SUB
CCTAAAGCACTAAGTC-L8TX_180406_01_B01	SUB
TCGAGGCCAATGCCAT-L8TX_180406_01_C01	SUB
TAGTGGTAGTCGATAA-L8TX_180406_01_E01	SUB
TGGGAAGCAGAAGCAC-L8TX_180406_01_B02	SUB
GATCGTAGTAGGAGTC-L8TX_180406_01_B01	SUB
AAGCCGCGTAGAGGAA-L8TX_180406_01_D02	SUB
AACACGTGTTCGCTAA-L8TX_180406_01_C01	SUB
CTTAGGAGTATCGCAT-L8TX_180406_01_B01	SUB
CGTGTAACAAGTCTGT-L8TX_180406_01_F01	SUB
CCTAGCTTCTGTCAAG-L8TX_180406_01_C02	SUB
CACATTTAGGATCGCA-L8TX_180406_01_F01	SUB
GCGCAACAGGAATTAC-L8TX_180406_01_D02	SUB
AAGCCGCAGGTGCAAC-L8TX_180406_01_B01	SUB
GACCAATAGCGTCTAT-L8TX_180406_01_B02	SUB
GATCGTAGTACATCCA-L8TX_180406_01_B01	SUB
GATCGTACACCAGATT-L8TX_180406_01_B01	SUB
GATCGTACATGAACCT-L8TX_180406_01_C02	SUB
CAGTAACTCGCAAACT-L8TX_180406_01_C02	SUB
ACCCACTAGACAGAGA-L8TX_180406_01_B01	SUB
CAACTAGTCCGTAGTA-L8TX_180406_01_B02	SUB
GGGTTGCGTATATGAG-L8TX_180406_01_D01	SUB
TCAACGAAGTCCTCCT-L8TX_180406_01_D01	SUB
GACAGAGCAAGACACG-L8TX_180406_01_F01	SUB
GTTACAGCAGATCCAT-L8TX_180406_01_C01	SUB
CCAATCCAGCTAGTTC-L8TX_180406_01_G01	SUB
CATATTCAGTGGAGAA-L8TX_180406_01_B02	SUB
CCGTTCATCTACTCAT-L8TX_180406_01_E01	SUB
TGGTTAGCAGGGTTAG-L8TX_180406_01_D01	SUB
ACTTGTTTCTGCGGCA-L8TX_180406_01_B02	SUB
ACTTGTTTCGTTGACA-L8TX_180406_01_B02	SUB
CTGCGGAAGTTCGCGC-L8TX_180406_01_C02	SUB
ATGAGGGCAAGAGTCG-L8TX_180406_01_B02	SUB
GACTGCGAGGCCGAAT-L8TX_180406_01_C01	SUB
CTTCTCTAGAATTGTG-L8TX_180406_01_B01	SUB
CAAGATCAGATCGATA-L8TX_180406_01_C01	SUB
TTGGCAAGTTGTACAC-L8TX_180406_01_C01	SUB
ACATACGGTTTGTTTC-L8TX_180406_01_D02	SUB
GAGGTGAAGGGAACGG-L8TX_180406_01_D02	SUB
AACTCTTAGCCCGAAA-L8TX_180406_01_F01	SUB
CTTTGCGTCCTCATTA-L8TX_180406_01_B01	SUB
GTCTCGTAGGTACTCT-L8TX_180406_01_D01	SUB
GATGAAAAGCGATAGC-L8TX_180406_01_G01	SUB
CCATTCGAGAGTACAT-L8TX_180406_01_F01	SUB
GGTGTTATCTGGGCCA-L8TX_180406_01_B02	SUB
TACTTGTCAGTAAGCG-L8TX_180406_01_B02	SUB
TGATTTCGTTACAGAA-L8TX_180406_01_F01	SUB
AGTGTCACATGCTGGC-L8TX_180406_01_F01	SUB
CGTCACTCAAGCCGCT-L8TX_180406_01_B02	SUB
GGTATTGCATGGATGG-L8TX_180406_01_B02	SUB
TGCGGGTCATTGTGCA-L8TX_180406_01_C02	SUB
CAGCGACCATGCCTAA-L8TX_180406_01_B01	SUB
GACTAACAGCCCAGCT-L8TX_180406_01_E01	SUB
ACGATACGTTATCACG-L8TX_180406_01_B02	SUB
GTAGGCCAGGATCGCA-L8TX_180406_01_B01	SUB
TGACTTTCATCGATTG-L8TX_180406_01_D02	SUB
ACTATCTAGATTACCC-L8TX_180406_01_B01	SUB
GCTTCCATCTCGGACG-L8TX_180406_01_G01	SUB
GGTGCGTTCCCACTTG-L8TX_180406_01_B02	SUB
TTTGCGCCACTTCGAA-L8TX_180406_01_E01	SUB
CCTTCCCGTCTTGATG-L8TX_180406_01_C01	SUB
GTCGTAAGTCGCTTCT-L8TX_180406_01_C01	SUB
ACATACGCACTTGGAT-L8TX_180406_01_B02	SUB
GACTGCGTCACGCATA-L8TX_180406_01_C01	SUB
CCATGTCTCGCATGAT-L8TX_180406_01_B08	SUB
AAGGAGCTCGTCACGG-L8TX_180406_01_C01	SUB
CGTCTACTCAGAGACG-L8TX_180406_01_B01	SUB
CAAGAAAAGTGTGGCA-L8TX_180406_01_C01	SUB
CGGGTCAAGTGATCGG-L8TX_180406_01_F01	SUB
TCATTACAGTCTCAAC-L8TX_180406_01_E01	SUB
CCTTCGATCATGTCTT-L8TX_180406_01_D01	SUB
ACGTCAAGTGTGGCTC-L8TX_180406_01_C02	SUB
TATGCCCAGGTGATAT-L8TX_180406_01_B02	SUB
AGCTTGAAGCGTGTCC-L8TX_180406_01_G01	SUB
AGGCCACGTATTCTCT-L8TX_180406_01_B01	SUB
CATTATCCAGCCAGAA-L8TX_180406_01_F01	SUB
CAGCCGAGTTCAACCA-L8TX_180406_01_F01	SUB
ATTATCCTCTTCTGGC-L8TX_180406_01_D01	SUB
GTCTTCGGTATTAGCC-L8TX_180406_01_G01	SUB
TTGTAGGAGTGCCAGA-L8TX_180406_01_F01	SUB
GCCAAATTCTATCGCC-L8TX_180406_01_B01	SUB
TGCCCTAAGCTAAACA-L8TX_180406_01_B02	SUB
GCAATCACAGCTGGCT-L8TX_180406_01_F01	SUB
TCAACGACATCCTTGC-L8TX_180406_01_B01	SUB
CACACAAAGTACTTGC-L8TX_180406_01_D01	SUB
CAAGTTGAGCATGGCA-L8TX_180406_01_B01	SUB
GGACGTCCAAGCCTAT-L8TX_180406_01_F01	SUB
CCACGGAGTATATCCG-L8TX_180406_01_B01	SUB
GCCTCTACATCGATGT-L8TX_180406_01_C02	SUB
GTCTCGTCATTGAGCT-L8TX_180406_01_D02	SUB
AGTGTCACAGGGATTG-L8TX_180406_01_C01	SUB
ACACCAAAGGGCATGT-L8TX_180406_01_B02	SUB
GTCACGGTCACTTCAT-L8TX_180406_01_D01	SUB
CCTTTCTAGGAGTACC-L8TX_180406_01_D01	SUB
TCACAAGCATGGATGG-L8TX_180406_01_B01	SUB
CGAATGTAGATCTGCT-L8TX_180406_01_D06	SUB
CTACGTCAGGGTTCCC-L8TX_180406_01_G01	SUB
AACACGTGTGTGTGCC-L8TX_180406_01_F01	SUB
GCATGCGGTCGCATAT-L8TX_180406_01_B01	SUB
GTTCGGGCAATGTAAG-L8TX_180406_01_C02	SUB
TCTGGAATCGGCTACG-L8TX_180406_01_F01	SUB
TTCTACAGTAGTACCT-L8TX_180406_01_F01	SUB
CAAGAAAAGGCTATCT-L8TX_180406_01_D02	SUB
CTGCGGACAGACGTAG-L8TX_180406_01_F01	SUB
GTGAAGGTCATTCACT-L8TX_180406_01_C01	SUB
GACAGAGAGGCTAGCA-L8TX_180406_01_E01	SUB
CTGATAGCATTGGGCC-L8TX_180406_01_B02	SUB
CACCTTGAGGTGCTTT-L8TX_180406_01_B02	SUB
TAGTGGTTCGCCAAAT-L8TX_180406_01_B02	SUB
TCAGCTCAGCGTAATA-L8TX_180406_01_B01	SUB
ACGATACAGATGTGGC-L8TX_180406_01_B02	SUB
CGTTGGGGTCTAAAGA-L8TX_180406_01_B01	SUB
TTAACTCGTACAGTGG-L8TX_180406_01_G01	SUB
GTGAAGGAGGACGAAA-L8TX_180406_01_B01	SUB
CGTCACTTCACAGGCC-L8TX_180406_01_D01	SUB
TGAGAGGTCCACGTGG-L8TX_180406_01_D01	SUB
CCTCTGACATACAGCT-L8TX_180406_01_E01	SUB
GCTCTGTAGCTGCCCA-L8TX_180406_01_B01	SUB
CGGACGTTCATAAAGG-L8TX_180406_01_F01	SUB
TTCCCAGCACATGTGT-L8TX_180406_01_C01	SUB
GAACGGATCGGAATCT-L8TX_180406_01_E01	SUB
CCCAGTTTCTATGTGG-L8TX_180406_01_D02	SUB
TTCTTAGTCCACGAAT-L8TX_180406_01_C02	SUB
AGGGATGGTAGCCTCG-L8TX_180406_01_B02	SUB
ACATCAGCACATGACT-L8TX_180406_01_F01	SUB
AAGGCAGCAAAGTGCG-L8TX_180406_01_G01	SUB
GGCTCGAGTGCAACGA-L8TX_180406_01_D02	SUB
GGGACCTGTCGGGTCT-L8TX_180221_01_D11	SUB
CAAGTTGCAGGGTATG-L8TX_180406_01_B02	SUB
CAGTCCTAGAAACCGC-L8TX_180406_01_C02	SUB
GCTGCGATCTTAGCCC-L8TX_180406_01_D02	SUB
CATGCCTAGAGCTTCT-L8TX_180406_01_C01	SUB
ATTATCCTCCGTAGTA-L8TX_180406_01_C02	SUB
TTTATGCCAGATCGGA-L8TX_180406_01_B02	SUB
CTGCGGACACAGATTC-L8TX_180406_01_G01	SUB
AGCAGCCCACCCATGG-L8TX_180406_01_B02	SUB
CGAACATAGAATCTCC-L8TX_180406_01_B01	SUB
ACGGGTCTCATTATCC-L8TX_180406_01_B01	SUB
CGATCGGGTCAATACC-L8TX_180406_01_B01	SUB
CTAGTGAAGCCACTAT-L8TX_180406_01_C02	SUB
TGGCTGGCAATGGTCT-L8TX_180406_01_B02	SUB
GTCACGGGTAAATACG-L8TX_180406_01_B01	SUB
ATTGGTGAGAAGGTGA-L8TX_180406_01_B02	SUB
GTACGTAAGACCCACC-L8TX_180406_01_B02	SUB
CTACATTTCGTTTATC-L8TX_180406_01_D02	SUB
GCGACCATCCAATGGT-L8TX_180406_01_F07	SUB
CGAGCACTCGGTGTCG-L8TX_180406_01_B02	SUB
GCCTCTATCCTCAACC-L8TX_180406_01_C02	SUB
CTCCTAGTCTACTCAT-L8TX_180406_01_F01	SUB
CTCGGGACATGGTCAT-L8TX_180406_01_D02	SUB
GAGTCCGTCGTAGGAG-L8TX_180406_01_B01	SUB
ACTTGTTAGTAATCCC-L8TX_180406_01_G01	SUB
ACGTCAAGTCCAAGTT-L8TX_180406_01_B02	SUB
CGTTGGGTCAGAAATG-L8TX_180406_01_D02	SUB
GCGAGAATCCAGAGGA-L8TX_180406_01_D01	SUB
ATGCGATGTTAAGAAC-L8TX_180406_01_F01	SUB
TGGGAAGAGCTAACAA-L8TX_180406_01_E01	SUB
GAGGTGACATTCCTGC-L8TX_180221_01_D11	SUB
CGTCTACGTATCGCAT-L8TX_180406_01_G01	SUB
ACAGCCGGTACGCACC-L8TX_180221_01_F12	SUB
AGACGTTCATTAACCG-L8TX_180406_01_D02	SUB
CGATCGGGTGCAGACA-L8TX_180406_01_C02	SUB
TGCGTGGGTTCCACAA-L8TX_180406_01_C01	SUB
CTCGGGAAGAACAATC-L8TX_180406_01_F01	SUB
GGCGACTAGCAGGCTA-L8TX_180406_01_B02	SUB
GACACGCCATGTCTCC-L8TX_180406_01_C01	SUB
TTGCCGTTCAACACAC-L8TX_180406_01_F01	SUB
TGGGCGTCATTACGAC-L8TX_180406_01_C02	SUB
TTTGGTTCATAGGATA-L8TX_180406_01_G01	SUB
GCCAAATGTTGTACAC-L8TX_180406_01_E01	SUB
GCGACCAGTTGGTTTG-L8TX_180406_01_B01	SUB
GGATTACTCGTTACAG-L8TX_180406_01_B01	SUB
TTGCCGTCACCGAATT-L8TX_180406_01_B02	SUB
TGCCAAACAAGTCTGT-L8TX_180406_01_B01	SUB
GATCAGTGTTCAGTAC-L8TX_180406_01_E01	SUB
CAGATCAAGTGCGATG-L8TX_180406_01_G01	SUB
TCCACACAGGGTGTTG-L8TX_180406_01_B01	SUB
CAGCTAAAGTCTCCTC-L8TX_180406_01_D01	SUB
ACGCCGAAGTACCGGA-L8TX_180406_01_F01	SUB
GGGCATCCAACTGGCC-L8TX_180406_01_B02	SUB
GAATGAAGTCGAGTTT-L8TX_180406_01_C02	SUB
TCTGAGACATCGGAAG-L8TX_180406_01_C01	SUB
CGATTGAAGGTGCACA-L8TX_180406_01_G01	SUB
CGTTCTGGTATCGCAT-L8TX_180406_01_B02	SUB
CAACCTCGTGAGGGAG-L8TX_180406_01_B01	SUB
CCTATTATCCTACAGA-L8TX_180406_01_G01	SUB
AGTCTTTTCTCCGGTT-L8TX_180406_01_C02	SUB
AGCTCTCTCTTGTATC-L8TX_180406_01_E01	SUB
ACACCCTTCCCTAACC-L8TX_180406_01_G01	SUB
GACAGAGCACTCAGGC-L8TX_180406_01_C02	SUB
GTGCATAGTCTAGAGG-L8TX_180406_01_G01	SUB
AACCGCGTCGCCGTGA-L8TX_180406_01_C01	SUB
TGGCCAGTCCAGATCA-L8TX_180406_01_C02	SUB
TAGTGGTTCGGATGTT-L8TX_180406_01_D02	SUB
TCGGTAACACGAAGCA-L8TX_180406_01_C01	SUB
TTAGTTCAGCTACCGC-L8TX_180406_01_F01	SUB
TCGTACCGTTCGGCAC-L8TX_180406_01_D01	SUB
ACATGGTCAAGTTCTG-L8TX_180406_01_B01	SUB
CATTCGCCATTGCGGC-L8TX_180406_01_F01	SUB
AACGTTGAGTGGTAAT-L8TX_180406_01_C02	SUB
AGAATAGTCCGCAGTG-L8TX_180406_01_G01	SUB
TCATTACTCGTTACGA-L8TX_180406_01_B01	SUB
CATCCACAGTACGATA-L8TX_180406_01_F01	SUB
GCTTCCAAGGGCTTCC-L8TX_180221_01_D11	SUB
GCTGCAGCAGAGTGTG-L8TX_180406_01_F01	SUB
AGCGGTCGTCGCTTCT-L8TX_180406_01_B02	SUB
TATCTCAGTTTCCACC-L8TX_180406_01_G01	SUB
TTCTCCTGTCCTGCTT-L8TX_180406_01_F01	SUB
TGGCCAGCAATGGTCT-L8TX_180406_01_F01	SUB
CACAGGCCACTATCTT-L8TX_180406_01_D02	SUB
AAATGCCGTAAGGATT-L8TX_180406_01_G01	SUB
CTAAGACAGAAAGTGG-L8TX_180406_01_D01	SUB
TTTATGCGTTATCGGT-L8TX_180406_01_C02	SUB
CATCCACAGGGAACGG-L8TX_180406_01_B02	SUB
CAACCAATCAGGCGAA-L8TX_180406_01_B01	SUB
GTACTTTAGCGATGAC-L8TX_180406_01_F01	SUB
TGGGCGTCATGGTCAT-L8TX_180406_01_B01	SUB
AGCAGCCTCGAATCCA-L8TX_180406_01_C01	SUB
CCACGGATCACCCGAG-L8TX_180406_01_D02	SUB
CTACGTCTCCCTTGTG-L8TX_180406_01_B02	SUB
GACGTTAAGTGAAGAG-L8TX_180406_01_B02	SUB
TCAGGTAAGAACTCGG-L8TX_180406_01_E01	SUB
CACTCCAAGACGCACA-L8TX_180406_01_C01	SUB
ACTGTCCCAATCACAC-L8TX_180406_01_G01	SUB
AGCCTAATCAAACCAC-L8TX_180406_01_B01	SUB
CAACCAAGTATATCCG-L8TX_180406_01_D01	SUB
GGATGTTAGACCTAGG-L8TX_180406_01_C01	SUB
CCACCTATCTGCTGTC-L8TX_180406_01_D02	SUB
CGGTTAATCTGCGGCA-L8TX_180406_01_C01	SUB
GAACCTATCTTCTGGC-L8TX_180406_01_C01	SUB
TGGCGCAGTTACGGAG-L8TX_180406_01_B01	SUB
TTGCCGTGTTGTACAC-L8TX_180406_01_F01	SUB
TGCTACCCAAATACAG-L8TX_180406_01_B02	SUB
TAGTGGTGTCTGCGGT-L8TX_180406_01_C02	SUB
GAAGCAGCACGGACAA-L8TX_180406_01_B01	SUB
TGAGGGAGTTTGCATG-L8TX_180406_01_F01	SUB
GTAACTGCAAGCTGAG-L8TX_180406_01_B02	SUB
ACACCCTTCTTAGCCC-L8TX_180406_01_G01	SUB
CATCGAATCTCTTATG-L8TX_180406_01_B02	SUB
CGTAGCGCACAGATTC-L8TX_180406_01_B01	SUB
CAGAATCAGGAGTTTA-L8TX_180406_01_C01	SUB
CACAGGCCATATACGC-L8TX_180406_01_G01	SUB
TTATGCTGTAAAGGAG-L8TX_180406_01_B02	SUB
ATGAGGGTCACATGCA-L8TX_180406_01_F01	SUB
AAACGGGCAGCTGCTG-L8TX_180406_01_B01	SUB
TGACGGCCACGAGGTA-L8TX_180406_01_G01	SUB
GGGAATGGTTCTGAAC-L8TX_180221_01_F12	SUB
TTTGCGCTCGTTACAG-L8TX_180406_01_B01	SUB
TGTTCCGCACGGTAAG-L8TX_180406_01_B02	SUB
TGGCTGGTCCGCAAGC-L8TX_180406_01_C01	SUB
TGAGCCGCAGATCGGA-L8TX_180406_01_F01	SUB
GTCACAAGTACTCGCG-L8TX_180406_01_B02	SUB
TCAGCAACATTTCAGG-L8TX_180406_01_G01	SUB
GTCACAAAGTCGTTTG-L8TX_180406_01_D01	SUB
TTCTTAGTCGCGCCAA-L8TX_180406_01_B01	SUB
GTGCAGCTCAAGGCTT-L8TX_180406_01_B02	SUB
ACAGCTATCGCGATCG-L8TX_180406_01_C02	SUB
CAAGGCCGTATATGGA-L8TX_180406_01_C02	SUB
CAACTAGAGCCAACAG-L8TX_180406_01_G01	SUB
TTGGAACGTTACCGAT-L8TX_180406_01_E01	SUB
GTCAAGTCATTGTGCA-L8TX_180406_01_B02	SUB
CATCAGAGTTGATTGC-L8TX_180406_01_D01	SUB
CGTAGGCCAGGTGCCT-L8TX_180406_01_G01	SUB
CATCAAGTCTTCTGGC-L8TX_180406_01_D01	SUB
ATCATGGCATGCCTAA-L8TX_171120_01_C07	Sst_Chodl
TCGGGACCAGGTTTCA-L8TX_180712_01_A06	Sst_Chodl
ACATACGTCTCAACTT-L8TX_180221_01_E09	Sst_Chodl
TACTCATCACATAACC-L8TX_171026_01_H03	Sst_Chodl
GCCTCTAGTGTAAGTA-L8TX_181011_01_B03	Sst_Chodl
CTCGAAAGTCGTGGCT-L8TX_171026_01_A04	Sst_Chodl
CATATTCTCTAACCGA-L8TX_171026_01_B04	Sst_Chodl
TAGTGGTAGCACCGTC-L8TX_180115_01_C08	Sst_Chodl
CTGGTCTCAGGTGCCT-L8TX_180907_01_F10	Sst_Chodl
TCTCTAAAGTGGTAAT-L8TX_180115_01_A10	Sst_Chodl
CCTACCAGTTGGTGGA-L8TX_180406_01_B01	Sst_Chodl
GACGCGTTCCTTGCCA-L8TX_171026_01_A05	Sst_Chodl
AGTGTCACAATGCCAT-L8TX_180221_01_C09	Sst_Chodl
TGCGTGGGTCCGAAGA-L8TX_171026_01_G05	Sst_Chodl
TGAGCATCAACGATGG-L8TX_181206_01_E12	Sst_Chodl
GACTACACACAGGTTT-L8TX_171026_01_G05	Sst_Chodl
TTCTCCTGTTGGACCC-L8TX_171120_01_D07	Sst_Chodl
CACAGGCAGGCGTACA-L8TX_180712_01_F05	Sst_Chodl
CATGGCGGTGCAGGTA-L8TX_171026_01_A04	Sst_Chodl
ACATGGTCACGCCAGT-L8TX_180221_01_F09	Sst_Chodl
TCGCGAGAGTGAACGC-L8TX_180907_01_A12	Sst_Chodl
AGAGCGAAGCTTCGCG-L8TX_190312_01_G02	Sst_Chodl
ACTTACTGTCCTCTTG-L8TX_180907_01_E11	Sst_Chodl
CCATGTCCAAATCCGT-L8TX_181011_01_H02	Sst_Chodl
ACGGGTCTCGGAATCT-L8TX_180115_01_H10	Sst_Chodl
CACATAGGTTGTCGCG-L8TX_180221_01_G10	Sst_Chodl
TCGCGTTAGTCAAGGC-L8TX_200611_02_A05	Sst_Chodl
CGGTTAAAGCAGGCTA-L8TX_181206_01_A12	Sst_Chodl
GCAATCATCCGGGTGT-L8TX_180926_01_E12	Sst_Chodl
TTGCGTCAGCCCGAAA-L8TX_180406_01_C06	Sst_Chodl
CGTGAGCGTGGTACAG-L8TX_180115_01_H08	Sst_Chodl
TAAGAGACAAACTGTC-L8TX_171026_01_D05	Sst_Chodl
TCCCGATGTTCCGGCA-L8TX_181012_01_E05	Sst_Chodl
CACTCCATCGGACAAG-L8TX_180221_01_F11	Sst_Chodl
GTACTTTAGCGTCAAG-L8TX_181206_01_C12	Sst_Chodl
GTAACGTTCAGTTGAC-L8TX_181012_01_B05	Sst_Chodl
CGATGTACAAACGCGA-L8TX_181206_01_C12	Sst_Chodl
AGCTCTCGTTCAACCA-L8TX_181011_01_B03	Sst_Chodl
ATCATCTCAAGTCTGT-L8TX_181012_01_E05	Sst_Chodl
CGCTATCGTGACTACT-L8TX_181011_01_A03	Sst_Chodl
ATGAGGGCACACTGCG-L8TX_180829_01_D09	Sst_Chodl
TTGCCGTAGTGGTAAT-L8TX_171026_01_H04	Sst_Chodl
CCGTACTTCAACCATG-L8TX_180221_01_D09	Sst_Chodl
CGATGTAGTACATGTC-L8TX_181206_01_H11	Sst_Chodl
GCTGCAGGTCTCTTTA-L8TX_181012_01_B05	Sst_Chodl
CTTAGGACATTAACCG-L8TX_180115_01_B09	Sst_Chodl
GAAACTCGTTGCCTCT-L8TX_171026_01_A04	Sst_Chodl
CGATGTACAAGCCGCT-L8TX_180115_01_E09	Sst_Chodl
CTCTGGTCATCGGTTA-L8TX_180115_01_F11	Sst_Chodl
TCTATTGAGGGATACC-L8TX_181011_01_C03	Sst_Chodl
GTTCATTCAATGGATA-L8TX_180712_01_B06	Sst_Chodl
GGACAGAAGTTTCCTT-L8TX_181011_01_B03	Sst_Chodl
TCGTACCAGCGTGAGT-L8TX_180221_01_D10	Sst_Chodl
CATCGAAGTGTGGCTC-L8TX_171026_01_G04	Sst_Chodl
CGGACTGCAACGCACC-L8TX_180221_01_E09	Sst_Chodl
CTACACCAGGAGTTTA-L8TX_180926_01_D01	Sst_Chodl
GGAGCAATCTTATCTG-L8TX_180221_01_F09	Sst_Chodl
ACGGCCACAGTTCCCT-L8TX_180406_01_B02	Sst_Chodl
TTTGGTTGTGAGCGAT-L8TX_181206_01_C12	Sst_Chodl
GCCAAATGTCCCTACT-L8TX_171026_01_G03	Sst_Chodl
CTCGAGGCAAGTCTGT-L8TX_180221_01_B10	Sst_Chodl
AAATGCCAGGAGTAGA-L8TX_180221_01_B12	Sst_Chodl
GTGGGTCAGTCGATAA-L8TX_171026_01_A05	Sst_Chodl
AGATTGCGTAAGAGGA-L8TX_180115_01_A09	Sst_Chodl
CAACCAAAGTATGACA-L8TX_180712_01_G05	Sst_Chodl
GATCGCGCAGATGGCA-L8TX_180221_01_F10	Sst_Chodl
CAAGATCGTGGCGAAT-L8TX_180221_01_E10	Sst_Chodl
GAGGTGAGTCTGATCA-L8TX_180907_01_G10	Sst_Chodl
TACCTATAGCTCCTTC-L8TX_180406_01_C02	Sst_Chodl
GTCAAGTTCCTTCAAT-L8TX_181206_01_B12	Sst_Chodl
CTCGAGGTCACGCGGT-L8TX_180712_01_B06	Sst_Chodl
GCGGGTTTCTTCGGTC-L8TX_181206_01_H11	Sst_Chodl
AGTGTCAGTAAGGATT-L8TX_171026_01_D05	Sst_Chodl
AGCTCCTAGCGATGAC-L8TX_180115_01_G08	Sst_Chodl
TATCTCATCACTATTC-L8TX_181206_01_H11	Sst_Chodl
TTGAACGCATGCTGGC-L8TX_190312_01_C02	Sst_Chodl
CGTGTAAGTGGTCTCG-L8TX_181011_01_C04	Sst_Chodl
TCTTTCCCATTTGCCC-L8TX_180115_01_B10	Sst_Chodl
AAGTCTGGTCGTTGTA-L8TX_180926_01_D01	Sst_Chodl
GCAAACTGTTAGGGTG-L8TX_180221_01_A11	Sst_Chodl
ACATACGGTACCATCA-L8TX_180221_01_A12	Sst_Chodl
GATGCTAAGTGGGTTG-L8TX_171026_01_F05	Sst_Chodl
TAGTTGGGTAGCTGCC-L8TX_181012_01_H04	Sst_Chodl
CTTACCGTCTTGGGTA-L8TX_180406_01_H01	Sst_Chodl
GATCGCGTCCGCAGTG-L8TX_171026_01_E05	Sst_Chodl
ATGCGATAGCGATTCT-L8TX_180221_01_D09	Sst_Chodl
CCTTCGAAGTCCTCCT-L8TX_180607_01_C05	Sst_Chodl
GCAATCAGTCTAAACC-L8TX_180907_01_A12	Sst_Chodl
TACCTATCAAGCTGAG-L8TX_180221_01_C09	Sst_Chodl
TCATTTGCAGTTTACG-L8TX_180907_01_B11	Sst_Chodl
CATGGCGTCACCCGAG-L8TX_180926_01_E12	Sst_Chodl
GTAACGTGTGGAAAGA-L8TX_180907_01_B12	Sst_Chodl
TCGTACCAGATCTGCT-L8TX_180221_01_F09	Sst_Chodl
AACCATGGTTGTCTTT-L8TX_180115_01_F08	Sst_Chodl
GGTGAAGAGTCCTCCT-L8TX_171026_01_D05	Sst_Chodl
CACAAACGTCGACTAT-L8TX_180907_01_F10	Sst_Chodl
TTTGGTTCAAGTAGTA-L8TX_180115_01_A10	Sst_Chodl
CATGGCGAGAATGTGT-L8TX_180712_01_G05	Sst_Chodl
TGACTAGTCGGCGCTA-L8TX_171120_01_H07	Sst_Chodl
AAGGCAGAGCAGGTCA-L8TX_171026_01_G05	Sst_Chodl
TGGCCAGCAGGCTCAC-L8TX_180221_01_A11	Sst_Chodl
GAGGTGAGTGGGTCAA-L8TX_171026_01_B04	Sst_Chodl
AGCGTCGGTATAGTAG-L8TX_180406_01_F02	Sst_Chodl
AAACGGGAGCGGCTTC-L8TX_180115_01_F11	Sst_Chodl
CGTGTAAAGTGTCTCA-L8TX_180926_01_E01	Sst_Chodl
GTGCAGCTCCCTAACC-L8TX_180221_01_C09	Sst_Chodl
TACTTACTCTACTATC-L8TX_171026_01_G03	Sst_Chodl
GTAACGTAGTATCGAA-L8TX_190312_01_B02	Sst_Chodl
TGCACCTTCTAGCACA-L8TX_171026_01_C05	Sst_Chodl
CCTACCATCCTTGGTC-L8TX_180221_01_A11	Sst_Chodl
AGCAGCCCAGTCTTCC-L8TX_181206_01_A12	Sst_Chodl
CGGAGTCAGATCCCAT-L8TX_180221_01_H10	Sst_Chodl
CCTACACAGAGACGAA-L8TX_171026_01_D05	Sst_Chodl
TAAGCGTTCTTCGAGA-L8TX_171026_01_C05	Sst_Chodl
ATTACTCAGAGGTTAT-L8TX_180221_01_C10	Sst_Chodl
GTAGGCCAGAAGAAGC-L8TX_180406_01_C08	Sst_Chodl
TGACAACTCCAGGGCT-L8TX_180829_01_D09	Sst_Chodl
TTAGTTCTCGTGACAT-L8TX_181011_01_B03	Sst_Chodl
AACTCTTAGGATGCGT-L8TX_180221_01_C09	Sst_Chodl
GCAATCACACGACGAA-L8TX_180907_01_A12	Sst_Chodl
CTCAGAACACCTATCC-L8TX_181011_01_B03	Sst_Chodl
CATTCGCGTAAGGATT-L8TX_180406_01_B06	Sst_Chodl
ATCACGAAGCGCCTTG-L8TX_180406_01_C08	Sst_Chodl
TGGTTCCCACAAGACG-L8TX_180406_01_C06	Sst_Chodl
GGCCGATGTCTCCCTA-L8TX_180221_01_D10	Sst_Chodl
CCTAAAGGTAAACCTC-L8TX_171026_01_B05	Sst_Chodl
ATCCACCGTAGAGTGC-L8TX_180221_01_E10	Sst_Chodl
CAAGAAATCCTACAGA-L8TX_180829_01_E10	Sst_Chodl
AGTGAGGGTTTGGGCC-L8TX_180115_01_A11	Sst_Chodl
ACTGAGTAGCGTCAAG-L8TX_171026_01_A04	Sst_Chodl
CGAATGTCAAGCGATG-L8TX_180829_01_D09	Sst_Chodl
GCACATATCTAACTCT-L8TX_180115_01_D10	Sst_Chodl
TTCGGTCAGCGTTCCG-L8TX_180221_01_C12	Sst_Chodl
CGAGAAGTCTAAGCCA-L8TX_180221_01_F10	Sst_Chodl
ACTGTCCCACGGTTTA-L8TX_171026_01_F03	Sst_Chodl
ATTGGTGCATCCGTGG-L8TX_180712_01_B06	Sst_Chodl
CCACGGAAGACAGGCT-L8TX_171026_01_A04	Sst_Chodl
CATCCACCAAGACACG-L8TX_171026_01_A04	Sst_Chodl
CGCGTTTTCAGTTAGC-L8TX_180406_01_E02	Sst_Chodl
CAGCTGGAGAAGGACA-L8TX_180221_01_E10	Sst_Chodl
CAGTCCTTCCACTGGG-L8TX_180712_01_B06	Sst_Chodl
ACTGTCCCAGATGGGT-L8TX_171026_01_E05	Sst_Chodl
GGCAATTAGAGCCTAG-L8TX_180907_01_G11	Sst_Chodl
TGACAACCAATCGGTT-L8TX_190312_01_G01	Sst_Chodl
CTCGTCAGTCAGTGGA-L8TX_180115_01_A09	Sst_Chodl
AAAGTAGGTAGCTGCC-L8TX_180907_01_G11	Sst_Chodl
CACCAGGGTACCGTTA-L8TX_180221_01_C11	Sst_Chodl
CGGAGTCCAGACAGGT-L8TX_180406_01_C01	Sst_Chodl
ATAACGCGTAATAGCA-L8TX_171026_01_H04	Sst_Chodl
CTCAGAACAGTAGAGC-L8TX_180712_01_B06	Sst_Chodl
GTGTTAGCACATCCAA-L8TX_180115_01_A09	Sst_Chodl
GCGACCACATTGTGCA-L8TX_171120_01_G07	Sst_Chodl
GTTCATTGTCTGGAGA-L8TX_180712_01_E05	Sst_Chodl
CTTAGGACATGAAGTA-L8TX_180115_01_F10	Sst_Chodl
ACTTACTAGACAGGCT-L8TX_180221_01_A11	Sst_Chodl
TCTCTAAAGCCAGTTT-L8TX_180221_01_G10	Sst_Chodl
GTGTGCGTCATTCACT-L8TX_171026_01_B04	Sst_Chodl
CGGCTAGTCGAGAGCA-L8TX_171026_01_G05	Sst_Chodl
AGCGGTCAGGTGCAAC-L8TX_171026_01_F04	Sst_Chodl
CGGAGTCTCCTAGAAC-L8TX_171026_01_F05	Sst_Chodl
AGTCTTTGTCAACTGT-L8TX_180221_01_D09	Sst_Chodl
GTAACGTTCCTATGTT-L8TX_181011_01_B03	Sst_Chodl
TGCGGGTAGTCGATAA-L8TX_180221_01_F10	Sst_Chodl
TGGGAAGTCGATCCCT-L8TX_180907_01_E11	Sst_Chodl
TGAAAGATCATATCGG-L8TX_181011_01_C03	Sst_Chodl
TGGCTGGGTACCTACA-L8TX_171026_01_H05	Sst_Chodl
GATCGATCAAGAAGAG-L8TX_180221_01_G10	Sst_Chodl
AAGGTTCTCATAACCG-L8TX_180712_01_H05	Sst_Chodl
GTGCTTCGTAAGGGCT-L8TX_171120_01_E07	Sst_Chodl
TTGCCGTTCGTTACGA-L8TX_180221_01_G09	Sst_Chodl
TGGTTCCAGTCCAGGA-L8TX_180406_01_C07	Sst_Chodl
ACCGTAACAAGCCCAC-L8TX_180221_01_B12	Sst_Chodl
CATCGGGTCAATAAGG-L8TX_180907_01_A12	Sst_Chodl
AAGACCTCAGAGTGTG-L8TX_180712_01_F05	Sst_Chodl
CTGTTTAGTCGCATCG-L8TX_190312_01_G02	Sst_Chodl
TGGACGCAGTAGGTGC-L8TX_180712_01_E05	Sst_Chodl
CGAGAAGAGCCGATTT-L8TX_180221_01_C09	Sst_Chodl
TCAATCTAGTGTCTCA-L8TX_171026_01_H05	Sst_Chodl
CTCTGGTCACGGTAAG-L8TX_171026_01_H04	Sst_Chodl
ATGAGGGCAAGAGGCT-L8TX_180406_01_F01	Sst_Chodl
TACACGATCACGCGGT-L8TX_180115_01_E11	Sst_Chodl
AGCATACCATGGGAAC-L8TX_180406_01_C01	Sst_Chodl
TGTTCCGGTTCGTTGA-L8TX_180907_01_G10	Sst_Chodl
CAGCTAATCTGACCTC-L8TX_180115_01_G10	Sst_Chodl
AACTGGTAGCCAGAAC-L8TX_180406_01_C07	Sst_Chodl
ACGAGGAAGTAGCCGA-L8TX_171026_01_B04	Sst_Chodl
TCTTTCCGTGGCCCTA-L8TX_180115_01_H08	Sst_Chodl
GTCTTCGGTCCTAGCG-L8TX_180712_01_B06	Sst_Chodl
CACAGTAAGATATGGT-L8TX_180221_01_E10	Sst_Chodl
GTTCATTTCACCACCT-L8TX_180115_01_D11	Sst_Chodl
TTGAACGGTCCAGTTA-L8TX_180907_01_A12	Sst_Chodl
GCAATCAGTAATCACC-L8TX_180926_01_D01	Sst_Chodl
GGGCATCAGAGTCGGT-L8TX_180712_01_E05	Sst_Chodl
CAGCTAAGTAAGTTCC-L8TX_180115_01_C11	Sst_Chodl
AACTCTTCAATAGCAA-L8TX_181206_01_B12	Sst_Chodl
TAAGTGCGTTAAGACA-L8TX_190312_01_H01	Sst_Chodl
CGATGTAAGTGGGATC-L8TX_180221_01_B12	Sst_Chodl
AGTAGTCTCTCGTTTA-L8TX_171026_01_F05	Sst_Chodl
GGAACTTCAATAACGA-L8TX_180221_01_B12	Sst_Chodl
TCGTAGATCGCCAGCA-L8TX_181012_01_G04	Sst_Chodl
CATTATCGTCGAACAG-L8TX_180926_01_B01	Sst_Chodl
AACTGGTAGAGATGAG-L8TX_180221_01_C12	Sst_Chodl
AGACGTTGTCATTAGC-L8TX_181206_01_A12	Sst_Chodl
TCAGGATAGCATCATC-L8TX_180221_01_C09	Sst_Chodl
TGCTGCTGTTGGTAAA-L8TX_181011_01_H02	Sst_Chodl
CACCTTGGTAGCTTGT-L8TX_180221_01_B12	Sst_Chodl
CATATGGCACGAGGTA-L8TX_180712_01_C06	Sst_Chodl
GTCCTCATCCGCTGTT-L8TX_180907_01_E11	Sst_Chodl
GACTACACAGTATCTG-L8TX_171026_01_A05	Sst_Chodl
CATCAGAGTGGAAAGA-L8TX_180712_01_G05	Sst_Chodl
GACGCGTAGGTAGCCA-L8TX_181011_01_G02	Sst_Chodl
CTTAGGAGTGGTGTAG-L8TX_180115_01_F08	Sst_Chodl
TGCCCATCACCGGAAA-L8TX_180406_01_D02	Sst_Chodl
CGACCTTCATTGGCGC-L8TX_180221_01_D10	Sst_Chodl
AACTCCCGTACAGTGG-L8TX_180221_01_A11	Sst_Chodl
TCTCATATCCTGTAGA-L8TX_180221_01_E10	Sst_Chodl
GACCTGGTCATGCAAC-L8TX_180607_01_C05	Sst_Chodl
CATTATCCACAACTGT-L8TX_181206_01_H11	Sst_Chodl
GGATGTTAGGAGCGTT-L8TX_180221_01_E10	Sst_Chodl
TCACGAACAATGAATG-L8TX_171026_01_F05	Sst_Chodl
ATTTCTGAGTGAATTG-L8TX_180406_01_H02	Sst_Chodl
ACGAGCCTCACCATAG-L8TX_180926_01_E01	Sst_Chodl
CCACGGAGTCAACATC-L8TX_180712_01_E05	Sst_Chodl
GATTCAGTCAACGGGA-L8TX_171026_01_F05	Sst_Chodl
GGCGTGTCATTACCTT-L8TX_181012_01_G04	Sst_Chodl
CTCGTCAAGAAGATTC-L8TX_171026_01_E05	Sst_Chodl
AACTTTCTCGGATGGA-L8TX_180115_01_E11	Sst_Chodl
TACTTACCAGCCAGAA-L8TX_171026_01_H03	Sst_Chodl
AAACGGGAGAATGTTG-L8TX_180221_01_D10	Sst_Chodl
GATCGATTCTAGAGTC-L8TX_180907_01_B12	Sst_Chodl
ATGAGGGGTACTCGCG-L8TX_171026_01_G03	Sst_Chodl
TGGCCAGGTTAAGACA-L8TX_180221_01_E10	Sst_Chodl
CGACTTCAGTCAAGCG-L8TX_180221_01_C09	Sst_Chodl
AACTCAGGTACTCGCG-L8TX_180406_01_E02	Sst_Chodl
GTTACAGTCGCATGGC-L8TX_180115_01_F11	Sst_Chodl
TCTATTGTCGTACCGG-L8TX_171120_01_D07	Sst_Chodl
TGAGCCGGTCCAACTA-L8TX_181012_01_B05	Sst_Chodl
AGTAGTCTCACTTCAT-L8TX_180221_01_C09	Sst_Chodl
TGCCCATTCTAGCACA-L8TX_180829_01_D10	Sst_Chodl
AGTCTTTGTGATGCCC-L8TX_180829_01_D10	Sst_Chodl
GTAGTCATCCGAAGAG-L8TX_181011_01_G02	Sst_Chodl
CGTCACTTCGTACCGG-L8TX_180115_01_G09	Sst_Chodl
GACTACAAGTTAAGTG-L8TX_180712_01_B06	Sst_Chodl
ACCCACTAGCTGAAAT-L8TX_190312_01_A03	Sst_Chodl
GCACTCTTCCAAACTG-L8TX_171026_01_B04	Sst_Chodl
CCTACACGTTATTCTC-L8TX_180115_01_G11	Sst_Chodl
GTGCGGTTCAGAGGTG-L8TX_180221_01_D09	Sst_Chodl
CACACCTTCAGGCGAA-L8TX_171120_01_G07	Sst_Chodl
CCTAGCTCAGTATAAG-L8TX_180712_01_C06	Sst_Chodl
ATTGGTGAGCTCAACT-L8TX_180221_01_H10	Sst_Chodl
GAACCTATCAATACCG-L8TX_180221_01_A11	Sst_Chodl
CAGTAACGTTCCACAA-L8TX_180926_01_B01	Sst_Chodl
GGGCACTAGTCAAGGC-L8TX_180221_01_A11	Sst_Chodl
TCACGAAGTGACTCAT-L8TX_171026_01_B04	Sst_Chodl
TCCACACCAGCGTAAG-L8TX_171026_01_F03	Sst_Chodl
CGCTTCAAGGTGGGTT-L8TX_180926_01_F01	Sst_Chodl
ADsum_NCF200_TCCCTGGTCAAAGGCA-1	Macrophage
ADsum_NCF221_GCTGACCAGTTGGGCC-1	Macrophage
ADsum_NCF115_GGATAACCAAGGATTA-1	Macrophage
ADsum_NCF349_GAGGTGAGTGTAATAC-1	Macrophage
ADsum_NCF349_GTGAATCTCTAATCTC-1	Macrophage
ADsum_NCF115_GGCTTAAGTCCTTAGT-1	Macrophage
ADsum_NCF64_ACTTGTAAGAACCTGT-1	Macrophage
ADsum_NCF161_AGGGCTACAAGTGAAC-1	Macrophage
ADsum_NCF216_CGAAGCCTCCAAGTGT-1	Macrophage
ADsum_NCF340_ACATCAATCCAAACAC-1	Macrophage
ADsum_NCF349_TACCTGCTCACCTGTC-1	Macrophage
ADsum_NCF71_AGGTCTTAGCTTAGTA-1	Macrophage
ADsum_NCF115_GAACCGCTCGGCTATG-1	Macrophage
ADsum_NCF82_ACGGTACGTAGGTTAT-1	Macrophage
ADsum_NCF71_CAGTACCCAATCCTAG-1	Macrophage
ADsum_NCF200_TTGTCCCAGTCATTTC-1	Macrophage
ADsum_NCF349_GCGGAACCAATTAACC-1	Macrophage
ADsum_NCF221_CAAGGTTTCCATCAGG-1	Macrophage
ADsum_NCF221_CAACAGGCACAGACTC-1	Macrophage
ADsum_NCF349_TTTAGCTTCATCCTGC-1	Macrophage
ADsum_NCF140_GTGGACACATTATGAC-1	Macrophage
ADsum_NCF349_AGCGCCTAGCTAATTG-1	Macrophage
ADsum_NCF161_ATTGCACAGTTATGTG-1	Macrophage
ADsum_NCF349_TCAAGAACAGCTAATT-1	Macrophage
ADsum_NCF200_GGTCTTGAGAGGAGGA-1	Macrophage
ADsum_NCF340_GATAAAGGTATGGTGC-1	Macrophage
ADsum_NCF221_CCAACCCGTAGCTAAT-1	Macrophage
ADsum_NCF95_CTCACAACACAAACTT-1	Macrophage
ADsum_NCF349_TTCCTCAAGTTACCGG-1	Macrophage
ADsum_NCF200_GCTGCATCACCTACTT-1	Macrophage
ADsum_NCF349_CAGTACCCAGCAAGGC-1	Macrophage
ADsum_NCF349_GTAAGGTCAAGGTGCA-1	Macrophage
ADsum_NCF71_CGCTCAGCAACCTGGT-1	Macrophage
ADsum_NCF221_AGGCGGATCATCCACC-1	Macrophage
ADsum_NCF115_ATGACAACAGGATGGC-1	Macrophage
ADsum_NCF95_TGAGGTGCACGGTACT-1	Macrophage
ADsum_NCF349_GAGTCAAAGAGAGGAG-1	Macrophage
ADsum_NCF115_GGACCTCAGACTTACA-1	Macrophage
ADsum_NCF161_AACGACAAGAATGACG-1	Macrophage
ADsum_NCF115_TGCTTGCTCCCTCATA-1	Macrophage
ADsum_NCF200_CGTGGTTCAATAATGG-1	Macrophage
ADsum_NCF340_CGATATTCACTTACAG-1	Macrophage
ADsum_NCF216_TCTTCAAGTCATGAGC-1	Macrophage
ADsum_NCF71_AAGCATGAGTCAGTAC-1	Macrophage
ADsum_NCF216_AACCTTGCACAAAGAC-1	Macrophage
ADsum_NCF115_AATTGCTCAAGGTAAC-1	Macrophage
ADsum_NCF221_GGCTCACAGCTTCTCA-1	Macrophage
ADsum_NCF200_AGAGATTAGGATTTGC-1	Macrophage
ADsum_NCF349_GGATTATGTAGCCTCC-1	Macrophage
ADsum_NCF340_ACCTACCTCTAAGGAG-1	Macrophage
ADsum_NCF140_TGCACACCAAGCTTAT-1	Macrophage
ADsum_NCF340_CTGAATATCGCAGGCT-1	Macrophage
ADsum_NCF71_ACAGGTAAGCAAGATG-1	Macrophage
ADsum_NCF221_GGATTGCGTACGCGCA-1	Macrophage
ADsum_NCF349_TGTATCGCATCCCGCT-1	Macrophage
ADsum_NCF161_CAATCGCCACGTGCTG-1	Macrophage
ADsum_NCF221_TAACCAGGTATTGGAT-1	Macrophage
ADsum_NCF115_CCCAATTGTATTACCC-1	Macrophage
ADsum_NCF221_AGGACTAAGGAAGTAT-1	Macrophage
ADsum_NCF216_TGAGGCACACTAAGCC-1	Macrophage
ADsum_NCF349_ATGGCTTAGCAGCTAT-1	Macrophage
ADsum_NCF216_CATCATAAGGGCCACT-1	Macrophage
ADsum_NCF82_GGTTACCCATTTAAGC-1	Macrophage
ADsum_NCF140_CTCGCTAGTGTCCAAA-1	Macrophage
ADsum_NCF349_CAAGTTATCCAGGTTG-1	Macrophage
ADsum_NCF82_AGGTCAAAGCTCATAA-1	Macrophage
ADsum_NCF200_AACCCGCAGTAACCCG-1	Macrophage
ADsum_NCF340_TTGCTTAGTGTTTGAG-1	Macrophage
ADsum_NCF160_TCCGGAATCATTACTC-1	Macrophage
ADsum_NCF224_CGTCCTAGTCGACTAA-1	Macrophage
ADsum_NCF349_CGAGTCGGTGTTGTGA-1	Macrophage
ADsum_NCF349_CAGCTAAGTGCATTTC-1	Macrophage
ADsum_NCF349_ATCCATAAGTAACTCA-1	Macrophage
ADsum_NCF340_AAAGGACGTCTCACTG-1	Macrophage
ADsum_NCF200_CAATAGCTCACTTTAC-1	Macrophage
ADsum_NCF95_CGCATTTGTTGGTTGA-1	Macrophage
ADsum_NCF221_AACCTAATCCGGGACT-1	Macrophage
ADsum_NCF340_TTACCGTGTCGCAATA-1	Macrophage
ADsum_NCF64_TGTTAGCAGTAGCGGG-1	Macrophage
ADsum_NCF216_TCAAGGTTCGCTATAA-1	Macrophage
ADsum_NCF224_AGCTAGTTCTTAGTCT-1	Macrophage
ADsum_NCF216_GGTCCATCATTTGCTC-1	Macrophage
ADsum_NCF161_GGAAGCTAGGTGCGGA-1	Macrophage
ADsum_NCF71_CGCTCAGCAGCAACCT-1	Macrophage
ADsum_NCF224_AAGCGCTGTACCGTAA-1	Macrophage
ADsum_NCF115_CAGAACCGTGTTGCAA-1	Macrophage
ADsum_NCF216_CAAGTTATCGTTAGTA-1	Macrophage
ADsum_NCF349_GAGGCTTGTTCCTCCT-1	Macrophage
ADsum_NCF349_GCGCCTTGTGACATAT-1	Macrophage
ADsum_NCF224_AGCAAATAGTTAGCTA-1	Macrophage
ADsum_NCF161_GGCAAATCACTGACCG-1	Macrophage
ADsum_NCF200_TCGTAATCAGGTTACC-1	Macrophage
ADsum_NCF349_CGATTGAGTCAGTAAT-1	Macrophage
ADsum_NCF224_TGATCAATCATGCTAA-1	Macrophage
ADsum_NCF161_CGTCAATAGTAGAGGC-1	Macrophage
ADsum_NCF161_ATTGGCTAGACAACAG-1	Macrophage
ADsum_NCF221_TGGACCGGTAACGTGC-1	Macrophage
ADsum_NCF349_CTCTAGCTCCTAATAG-1	Macrophage
ADsum_NCF221_TATCGAGGTCATGCAA-1	Macrophage
ADsum_NCF160_TACGTTAAGTTGCGTG-1	Macrophage
ADsum_NCF349_TTCGTTAGTACCGTTT-1	Macrophage
ADsum_NCF200_GAGTAACCAAAGGTAC-1	Macrophage
ADsum_NCF140_AATCAGGAGCTAAGTC-1	Macrophage
ADsum_NCF82_ACCACATAGGAACGCG-1	Macrophage
ADsum_NCF140_TCTTAGTTCAGGATGA-1	Macrophage
ADsum_NCF161_CCTAATCGTCAATGTG-1	Macrophage
ADsum_NCF224_GTCATGCCACAGAACG-1	Macrophage
ADsum_NCF160_TTGCGAGTCACAGGAA-1	Macrophage
ADsum_NCF160_GGTTTCCTCACTTCAT-1	Macrophage
ADsum_NCF216_CTTTGAGCAACTAGAA-1	Macrophage
ADsum_NCF221_GCTCAACCAACTAGCC-1	Macrophage
ADsum_NCF115_GAATTTGTCCCTCACG-1	Macrophage
ADsum_NCF82_GTACGTAGTTAGGTGC-1	Macrophage
ADsum_NCF216_GGCGGTAAGTGAGCAA-1	Macrophage
ADsum_NCF140_GTGTTCCTCATGGCCA-1	Macrophage
ADsum_NCF349_TCTTTGTAGTGAGGTA-1	Macrophage
ADsum_NCF115_GGTTGAGCAGCAAGTG-1	Macrophage
ADsum_NCF216_GGTAAACCATAAAGCA-1	Macrophage
ADsum_NCF216_AACTACTCAGTAATAG-1	Macrophage
ADsum_NCF115_AGTACGCGTTACATCC-1	Macrophage
ADsum_NCF340_AAGCCACGTCTAACCT-1	Macrophage
ADsum_NCF71_GCACTTACAGGCCATT-1	Macrophage
ADsum_NCF216_AACTACTCACTTGTTC-1	Macrophage
ADsum_NCF216_ACACTAATCCTTGTTG-1	Macrophage
ADsum_NCF221_CAAACATGTTTATTCG-1	Macrophage
ADsum_NCF115_TCGCCCATCAGCTAAC-1	Macrophage
ADsum_NCF140_CGAGTCGGTGCATTTC-1	Macrophage
ADsum_NCF340_TTATTGCTCTTGAGGT-1	Macrophage
ADsum_NCF115_GATTGTTCATAGCTGC-1	Macrophage
ADsum_NCF349_CTTAAGGGTGGAGCAA-1	Macrophage
ADsum_NCF140_GAGGGAGCACTAAGAA-1	Macrophage
ADsum_NCF349_AATTACCCAAGATTCT-1	Macrophage
ADsum_NCF115_GCGCAATGTTACTAGG-1	Macrophage
ADsum_NCF200_TTACGTTTCTACCTCA-1	Macrophage
ADsum_NCF140_TTCCTTGAGGAACGGT-1	Macrophage
ADsum_NCF349_GAGATAAGTAGCTAGC-1	Macrophage
ADsum_NCF64_TATCACAAGGTCCTGA-1	Macrophage
ADsum_NCF224_GGATAACCAGGCTTGT-1	Macrophage
ADsum_NCF221_CGTTGCAAGAAACTGG-1	Macrophage
ADsum_NCF349_CCATCATGTCGACTCC-1	Macrophage
ADsum_NCF340_GATCCGTCACTTAACG-1	Macrophage
ADsum_NCF161_ACAGGATCATACTCCT-1	Macrophage
ADsum_NCF200_TGGCCTTTCAACCAAC-1	Macrophage
ADsum_NCF349_CACCAACCAATAGTCT-1	Macrophage
ADsum_NCF200_CCAGCTAAGGCGAAAC-1	Macrophage
ADsum_NCF140_GCAATAGAGTCATTAG-1	Macrophage
ADsum_NCF216_TCATTTGGTGCCTCAC-1	Macrophage
ADsum_NCF216_AGCACAGCAGGCTACT-1	Macrophage
ADsum_NCF349_CGGTTGGGTTCCTGTG-1	Macrophage
ADsum_NCF221_TGTTATGAGAAAGGAA-1	Macrophage
ADsum_NCF95_TGTGGCCAGGACCTTG-1	Macrophage
ADsum_NCF221_GTTCCCAGTTGAATCG-1	Macrophage
ADsum_NCF216_TAGCCGGGTAGTTGGC-1	Macrophage
ADsum_NCF140_CTGTTGGAGCACCACA-1	BCell
ADsum_NCF161_AACATAGCAACACTTG-1	BCell
ADsum_NCF115_GAAGGAACAGGAACCA-1	BCell
ADsum_NCF94_ACAGCCGGTGTGAGAG-1	BCell
ADsum_NCF160_CCTAATAAGATTCCTT-1	BCell
ADsum_NCF216_CCTAATAAGCTACTGG-1	BCell
ADsum_NCF161_TATCACAAGAATCGCT-1	BCell
ADsum_NCF64_GTGCTCCGTCCAAGAC-1	BCell
ADsum_NCF349_AGTTATGTCAAGACTC-1	BCell
ADsum_NCF349_ACGCAAGCAACTAACT-1	BCell
ADsum_NCF221_CAAGGTTTCCTAGTAA-1	BCell
ADsum_NCF161_GGTTATGGTAGCTGGT-1	BCell
ADsum_NCF160_AGTCAATGTGTAATAC-1	BCell
ADsum_NCF224_TCATGAGGTTGAAGCC-1	BCell
ADsum_NCF115_GCCAATTAGGACCTTG-1	BCell
ADsum_NCF161_AAGCGAGGTCCTCCAA-1	BCell
ADsum_NCF160_GTATCGCCATATAACC-1	BCell
ADsum_NCF140_GTTGCCCGTGGATTGC-1	BCell
ADsum_NCF224_TGCTCAACACTCAACA-1	BCell
ADsum_NCF115_GTATCGCCACACAATT-1	BCell
ADsum_NCF71_AGAAACTAGTAACGGA-1	BCell
ADsum_NCF161_CTCCCTGAGCACAGCC-1	BCell
ADsum_NCF94_CTAGTAATCTAGCTTT-1	BCell
ADsum_NCF140_GACTTGGTCTTAGGGT-1	BCell
ADsum_NCF221_ACAGGCTGTAATCCCT-1	BCell
ADsum_NCF60_AGAAACTAGGCCTTAG-1	BCell
ADsum_NCF160_ACCGAAGCATATTGAC-1	BCell
ADsum_NCF161_GAGGCTTGTAACAGGG-1	BCell
ADsum_NCF161_CAGCTATAGTTGTCTT-1	BCell
ADsum_NCF340_GCTATCCTCGCAGGCT-1	BCell
ADsum_NCF160_ACTTGAATCATTAGCA-1	BCell
ADsum_NCF115_GGACGGATCATGTGGT-1	BCell
ADsum_NCF71_GGTTACCCATACCCGG-1	BCell
ADsum_NCF200_GGGTCACTCTCGACCT-1	BCell
ADsum_NCF82_CTTGCAACAATTAGCT-1	BCell
ADsum_NCF160_GGCGGTAAGATAGACG-1	BCell
ADsum_NCF160_TTAAAGGCAAATTCGT-1	BCell
ADsum_NCF115_GACATTATCATGCAAC-1	BCell
ADsum_NCF349_CTCATTGTCCTACCTA-1	BCell
ADsum_NCF115_TTCGTTAGTGGATTCA-1	BCell
ADsum_NCF60_TTGTGCGAGCAGGTGG-1	BCell
ADsum_NCF160_CATATCGCAATAATGG-1	BCell
ADsum_NCF161_TTAACCAAGTCATTGA-1	BCell
ADsum_NCF349_AATCCATCACAGGAAT-1	BCell
ADsum_NCF115_ACTAGGCGTTCATCTA-1	BCell
ADsum_NCF340_TTGGAGGCAACATAAG-1	BCell
ADsum_NCF340_ACCCGCTGTAACCACA-1	BCell
ADsum_NCF71_TCCTCAATCCTCATGC-1	BCell
ADsum_NCF349_AAACGCGCAAGGTAAC-1	BCell
ADsum_NCF115_TCCAGGTCAATTGAAG-1	BCell
ADsum_NCF216_GCTGTGCAGTGAACAG-1	BCell
ADsum_NCF349_TGCAATATCTCTAGCC-1	BCell
ADsum_NCF340_GACCTAAGTCTCAGCC-1	BCell
ADsum_NCF115_GCATATATCATCCACC-1	BCell
ADsum_NCF349_TGATCACAGATGGAGC-1	BCell
ADsum_NCF115_GTCGAGGAGCTTGCTC-1	BCell
ADsum_NCF340_ATGTCATCAATACTGT-1	BCell
ADsum_NCF140_ACCGGTTCAAGGTGCA-1	BCell
ADsum_NCF224_CGTATTGCAGGCTACT-1	BCell
ADsum_NCF64_CGGGTCTAGGCTGGCT-1	BCell
ADsum_NCF161_TGCTTAAAGGATTGAG-1	BCell
ADsum_NCF349_ATGCAAACAAGGTATA-1	BCell
ADsum_NCF200_ATTGCGCCACTTAACG-1	BCell
ADsum_NCF71_CATATCGCACAGCCTG-1	BCell
ADsum_NCF216_TTTCCACCATTTGCTC-1	BCell
ADsum_NCF115_AAACAGCCAATAGCCC-1	BCell
ADsum_NCF160_AAATGCCTCCTAGTCC-1	BCell
ADsum_NCF340_TCCAGCAAGCCTGTGA-1	BCell
ADsum_NCF221_CTTAGGAGTAGCCTCC-1	BCell
ADsum_NCF224_CGGTTATAGTTGCCTC-1	BCell
ADsum_NCF60_TTCGCAACATGCATAT-1	BCell
ADsum_NCF349_CCCGCAACACGTAAGG-1	BCell
ADsum_NCF340_TATGTGATCCCATAGG-1	BCell
ADsum_NCF94_GCAATAGAGTGGACAA-1	BCell
ADsum_NCF160_GTTCCTTCAATAAGCA-1	BCell
ADsum_NCF349_AATTAGGCAGGCATGA-1	BCell
ADsum_NCF115_CACCTGTTCCTCCATA-1	BCell
ADsum_NCF340_ACCTAAGGTACCAGGT-1	BCell
ADsum_NCF160_CCCGTTGTCTCAATTC-1	BCell
ADsum_NCF160_TTTAACGAGTGAGCAA-1	BCell
ADsum_NCF115_GCTTTACGTTGAGGTC-1	BCell
ADsum_NCF349_AGTCAGGCACATTGCA-1	BCell
ADsum_NCF161_GATTGTTCAGCTTAAT-1	BCell
ADsum_NCF221_GTATGTGGTTCAAGAT-1	BCell
ADsum_NCF82_CATCGCTTCTACTAAG-1	BCell
ADsum_NCF340_CAAACTGGTATGGTGC-1	BCell
ADsum_NCF340_GAAGTGATCATGCAAC-1	BCell
ADsum_NCF140_CACAATATCGCACACA-1	BCell
ADsum_NCF340_AGAGGAACAACTAACT-1	BCell
ADsum_NCF64_TAAACAGCAATAACGA-1	BCell
ADsum_NCF64_TAGCGCGGTTACCTGT-1	BCell
ADsum_NCF340_CTTTGAGCATAATTGC-1	BCell
ADsum_NCF115_TAGGTTATCAATGAGG-1	BCell
ADsum_NCF160_GGGCAATAGCTTTGGG-1	BCell
ADsum_NCF161_CTGAAACTCAGCAAGA-1	BCell
ADsum_NCF200_CGCTCCATCATAACGC-1	BCell
ADsum_NCF161_TCAATCGCACATAACT-1	BCell
ADsum_NCF161_GTTAGGCGTAAGGTTT-1	BCell
ADsum_NCF140_AACTACTCATTGCAGC-1	BCell
ADsum_NCF115_AGCATTTCATTATGGT-1	BCell
ADsum_NCF349_ATCCGTGAGAAGCTAG-1	BCell
ADsum_NCF160_GGGTCACTCTCTAGCC-1	BCell
ADsum_NCF161_CGAAGCCTCGACCTGA-1	BCell
ADsum_NCF200_GACCTCAAGCTCCTAC-1	BCell
ADsum_NCF221_ACTTATGAGGTCGATT-1	BCell
ADsum_NCF349_CAAACTGGTGTTTGTC-1	BCell
ADsum_NCF94_AAACAGCCAAGGGTTG-1	BCell
ADsum_NCF349_GGTATTTCAGGCCTTG-1	BCell
ADsum_NCF140_GAACCTTAGCGCCTTT-1	BCell
ADsum_NCF340_TCTAATCTCAAACCGT-1	BCell
ADsum_NCF161_GCCTAATAGTTACTTC-1	BCell
ADsum_NCF115_ACGTACCCAATAGTCT-1	BCell
ADsum_NCF200_GGTTGGTGTGGTTATG-1	BCell
ADsum_NCF161_GATAATCGTAACGTGC-1	BCell
ADsum_NCF115_GACATAGAGCCTGTGA-1	BCell
ADsum_NCF349_ATGTTTGAGGCCTAAT-1	BCell
ADsum_NCF71_TTGGCTACAGGATGGC-1	BCell
ADsum_NCF160_TGGACGGAGTATTGTG-1	BCell
ADsum_NCF140_AAGCGTTTCTTAGTCT-1	BCell
ADsum_NCF221_AAGCGGGTCCGTCCAT-1	BCell
ADsum_NCF216_CGCATTACACCCACAG-1	BCell
ADsum_NCF161_GGTGCTGGTCAAGACC-1	BCell
ADsum_NCF221_CGTAACCCACCCACAG-1	BCell
ADsum_NCF349_GCTTATCGTTGGTTGA-1	BCell
ADsum_NCF349_AGCTATATCAATGTGC-1	BCell
ADsum_NCF115_TAGGTGCGTTTGCAGA-1	BCell
ADsum_NCF340_ATTCAACCAAGACTCC-1	BCell
ADsum_NCF340_GTGCTGGGTGTAATAC-1	BCell
ADsum_NCF71_AGGAACGGTGCTAGCG-1	BCell
ADsum_NCF115_TGAGCAAAGTTGTCCC-1	BCell
ADsum_NCF161_GAGCCTTCATTGCGTA-1	BCell
ADsum_NCF160_TAGCTTAAGCGCTCAA-1	BCell
TGCACCTAGAGGTACC-L8TX_180406_01_F06	Endo
AGCCTAAGTAGCGATG-L8TX_180115_01_E08	Endo
AGGCCGTGTCATATGC-L8TX_180221_01_E12	Endo
GATGAGGTCGAGCCCA-L8TX_180115_01_G11	Endo
ACGGGCTAGGTGATTA-L8TX_180115_01_E11	Endo
ACGCAGCTCGTAGGTT-L8TX_180115_01_E11	Endo
GCATGTAAGTTGTAGA-L8TX_180907_01_B12	Endo
ACAGCCGTCTGCGGCA-L8TX_180926_01_F01	Endo
TTTATGCTCAAACGGG-L8TX_180406_01_C02	Endo
CACATTTCAATCGGTT-L8TX_180221_01_E10	Endo
GATGAAAGTTTGTGTG-L8TX_190312_01_A02	Endo
TTGCGTCGTTATGTGC-L8TX_180907_01_A12	Endo
GCTTGAAAGACTGTAA-L8TX_190312_01_A02	Endo
TGTCCCAGTTAAGATG-L8TX_171026_01_B05	Endo
GTATTCTCAAGAGGCT-L8TX_180115_01_E08	Endo
AGGTCATAGAAACGCC-L8TX_180115_01_A11	Endo
TTGAACGAGGACACCA-L8TX_180406_01_D02	Endo
TGAGAGGGTCTCAACA-L8TX_180115_01_B11	Endo
TTCCCAGGTTCGTCTC-L8TX_190312_01_F01	Endo
TCGCGTTGTTGTGGCC-L8TX_180907_01_A12	Endo
GTGGGTCCACAAGTAA-L8TX_180406_01_E07	Endo
GGCGTGTTCGCAAGCC-L8TX_180115_01_E08	Endo
CAGCTGGTCTGGTTCC-L8TX_180115_01_A11	Endo
CATCCACAGCACAGGT-L8TX_171026_01_A05	Endo
GTCAAGTAGTTTCCTT-L8TX_180907_01_B12	Endo
ACTGAACAGCGGCTTC-L8TX_200611_02_A05	Endo
TGGACGCTCTAACGGT-L8TX_190312_01_B02	Endo
GAAACTCGTTCAGACT-L8TX_181012_01_C05	Endo
GTGGGTCCAGGGCATA-L8TX_181011_01_C03	Endo
TCTGAGATCGCCTGTT-L8TX_180221_01_D10	Endo
GCCAAATAGCCCAGCT-L8TX_180406_01_C08	Endo
CGCTGGATCTATCGCC-L8TX_190312_01_H01	Endo
GCGCGATTCTAACTGG-L8TX_171026_01_A05	Endo
CATGACATCTGTCCGT-L8TX_180115_01_E09	Endo
AACACGTTCCATGCTC-L8TX_180221_01_C09	Endo
TTGTAGGTCTCACATT-L8TX_180907_01_F11	Endo
TTCGGTCTCGGTGTTA-L8TX_180907_01_H11	Endo
CTGAAACTCGTTTATC-L8TX_180406_01_E07	Endo
TTTGGTTCACTTCTGC-L8TX_180907_01_A12	Endo
CATGACATCTAAGCCA-L8TX_190312_01_C01	Endo
TGGTTAGCAGGGTACA-L8TX_180406_01_C07	Endo
CGTTGGGGTGCACCAC-L8TX_180221_01_E10	Endo
AGCGGTCTCTTACCTA-L8TX_180712_01_C06	Endo
GGCTGGTAGTCACGCC-L8TX_190312_01_C02	Endo
GTGCATAGTTGTGGCC-L8TX_180115_01_B11	Endo
TTAGTTCTCTGCGACG-L8TX_180907_01_G10	Endo
AACTTTCTCCGTCATC-L8TX_180406_01_B07	Endo
CTCGGGAAGCGTAGTG-L8TX_171026_01_E05	Endo
GTACTTTAGCAGCGTA-L8TX_180406_01_B07	Endo
ATCCACCTCCTGTAGA-L8TX_180221_01_C09	Endo
TACAGTGGTTCCACAA-L8TX_190312_01_C01	Endo
TCAACGAAGGCATGGT-L8TX_180221_01_G12	Endo
CCGTACTTCTATCCTA-L8TX_180115_01_B09	Endo
CACTCCACAAATCCGT-L8TX_181011_01_C03	Endo
AGTAGTCAGCGCTCCA-L8TX_180406_01_H01	Endo
TTCTACAAGGCTAGCA-L8TX_190312_01_F01	Endo
GCTGCTTGTACAAGTA-L8TX_171026_01_D05	Endo
GCAAACTGTTAAGACA-L8TX_180406_01_E06	Endo
GAATGAATCTGCTGCT-L8TX_171026_01_D05	Endo
GTCATTTAGAGGGCTT-L8TX_190312_01_C01	Endo
GTTAAGCGTCCATCCT-L8TX_190312_01_B01	Endo
GTTCTCGTCTACGAGT-L8TX_180115_01_D11	Endo
TTTACTGGTCTCCACT-L8TX_180221_01_E12	Endo
TGCCAAATCAGCGATT-L8TX_190312_01_A02	Endo
CTCTAATTCCTTCAAT-L8TX_180406_01_C08	Endo
GCAGTTAGTCATCCCT-L8TX_180115_01_A11	Endo
ATCCACCTCTGATTCT-L8TX_180221_01_F10	Endo
CGGACTGGTCGCGAAA-L8TX_190312_01_F01	Endo
CCGTGGAGTTAAGGGC-L8TX_180115_01_A09	Endo
AGCTCTCTCCTACAGA-L8TX_180907_01_B12	Endo
GTATTCTGTCTAGCCG-L8TX_190312_01_C01	Endo
ACATACGCAGCTGTAT-L8TX_171026_01_E05	Endo
CGTTGGGCAGTGACAG-L8TX_180221_01_C09	Endo
TTTGTCAAGACTTTCG-L8TX_190312_01_E01	Endo
AATCCAGAGGATCGCA-L8TX_180907_01_G10	Endo
TATCAGGCACATTAGC-L8TX_180907_01_A12	Endo
CCTAAAGTCATCATTC-L8TX_180406_01_C02	Endo
TATCTCAAGTTACCCA-L8TX_180221_01_C10	Endo
AGCGTATCACATCTTT-L8TX_190312_01_G01	Endo
CCTCAGTTCGACGGAA-L8TX_180115_01_D09	Endo
GAAGCAGAGTCACGCC-L8TX_180712_01_A06	Endo
CCTAGCTAGATCGGGT-L8TX_190312_01_C02	Endo
AACTCTTCACCCATGG-L8TX_190312_01_B01	Endo
AACTGGTGTAGCCTAT-L8TX_180221_01_E11	Endo
ATGTGTGCATACGCCG-L8TX_171026_01_F05	Endo
CCTTCCCCACGAAACG-L8TX_180115_01_C11	Endo
CGTCACTTCAGCTCTC-L8TX_180907_01_G11	Endo
AGTGTCAAGCCAGTAG-L8TX_190312_01_A02	Endo
CACCTTGCACGGTAGA-L8TX_180406_01_C08	Endo
CAAGGCCAGCTGCAAG-L8TX_180115_01_H11	Endo
GAAATGAAGGCTAGCA-L8TX_190312_01_A03	Endo
GTGCTTCGTACCGAGA-L8TX_180926_01_B01	Endo
TTTACTGTCATCGATG-L8TX_180115_01_C09	Endo
AAAGATGCATTAGCCA-L8TX_180907_01_G11	Endo
AAGGTTCTCATAGCAC-L8TX_190312_01_H01	Endo
GCTGCTTCATCCCATC-L8TX_180406_01_D07	Endo
TTTCCTCAGCCACCTG-L8TX_190312_01_D02	Endo
GGCTGGTGTGCGATAG-L8TX_180712_01_G05	Endo
AAGGCAGTCATCGCTC-L8TX_180712_01_G05	Endo
ACATGGTCACACATGT-L8TX_180115_01_A11	Endo
GATGCTAGTGAGTGAC-L8TX_190312_01_C01	Endo
AACTCCCCATTTGCTT-L8TX_180115_01_C11	Endo
CATATGGGTTATCACG-L8TX_181011_01_H03	Endo
GTGAAGGTCACCCTCA-L8TX_180115_01_B09	Endo
GACAGAGTCTTCTGGC-L8TX_180115_01_D11	Endo
GGCAATTTCAGTCAGT-L8TX_190312_01_G01	Endo
TGTTCCGCATCGGGTC-L8TX_180115_01_E08	Endo
GTCGTAATCAAGAAGT-L8TX_171026_01_B05	Endo
GATCGTAAGAGGTAGA-L8TX_190312_01_F01	Endo
GCTGCTTTCCCTGACT-L8TX_180115_01_A09	Endo
TGGTTCCGTGCACTTA-L8TX_180221_01_E12	Endo
CTCGGAGCATCGGAAG-L8TX_180115_01_E10	Endo
ACAGCTAAGATGAGAG-L8TX_180221_01_C12	Endo
CTGATCCAGAATTGTG-L8TX_180907_01_E11	Endo
CTGTGCTCATGACATC-L8TX_181011_01_C04	Endo
GGATTACGTACGCACC-L8TX_190312_01_D02	Endo
CAAGGCCGTCTTGCGG-L8TX_180907_01_F11	Endo
TCTATTGCAAGGTTTC-L8TX_180221_01_G12	Endo
GTCGTAAGTCTCCCTA-L8TX_181012_01_G04	Endo
ATGAGGGGTTATGCGT-L8TX_180221_01_D10	Endo
TAGCCGGCAGGGATTG-L8TX_180829_01_E10	Endo
GTCAAGTCAGCGAACA-L8TX_180221_01_F12	Endo
TCTGGAAAGACGACGT-L8TX_180406_01_B08	Endo
CCTTCGACACCAGGCT-L8TX_180115_01_F11	Endo
ACACCCTCAAGTCATC-L8TX_180115_01_A11	Endo
ADsum_NCF340_GCCTGTGCACATTAAC-1	Neutrophil
ADsum_NCF82_ATTAGCTCACTAAATC-1	Neutrophil
ADsum_NCF115_TCTACCTCACCTAATG-1	Neutrophil
ADsum_NCF349_ACTTGCACACAATTAC-1	Neutrophil
ADsum_NCF115_GTAGCCATCGTTATCT-1	Neutrophil
ADsum_NCF160_GTTACTAAGTTAACCA-1	Neutrophil
ADsum_NCF160_TGCCGGTAGCCTGACA-1	Neutrophil
ADsum_NCF349_CAACTAATCTCCTCAA-1	Neutrophil
ADsum_NCF224_AAGGAAGCACTTAGGC-1	Neutrophil
ADsum_NCF94_CTGTAACAGCAAGACA-1	Neutrophil
ADsum_NCF349_CGATTGAGTTCAAGCA-1	Neutrophil
ADsum_NCF115_GCTTTCATCCCGTTAC-1	Neutrophil
ADsum_NCF349_AATACCGGTGACCTGG-1	Neutrophil
ADsum_NCF115_CGGTTTGAGTCGCTAG-1	Neutrophil
ADsum_NCF140_TTAGTCAAGTTGTCCC-1	Neutrophil
