Cell IDs id type pred_loc_x pred_loc_y
100416591302420540942373170232872783233 100416591302420540942373170232872783233 100416591302420540942373170232872783233 L4_5_IT 0.881007300418996 0.740740740740741
100542677892296141453580613270127987555 100542677892296141453580613270127987555 100542677892296141453580613270127987555 L4_5_IT 0.960165799139898 0.518518518518518
102500510899266198503869053721430715211 102500510899266198503869053721430715211 102500510899266198503869053721430715211 L6_IT 0.236084963962907 0.37037037037037
103384017201440493716854958896156052945 103384017201440493716854958896156052945 103384017201440493716854958896156052945 L6_IT 0.569109870291185 0.185185185185185
104078254148375929483440785584365448099 104078254148375929483440785584365448099 104078254148375929483440785584365448099 L4_5_IT 0.333345356784824 0.185185185185185
10551633534698854195667512244395380368 10551633534698854195667512244395380368 10551633534698854195667512244395380368 L5_IT 0.441282613669893 0.148148148148148
106099584344502602441591320617159624141 106099584344502602441591320617159624141 106099584344502602441591320617159624141 L4_5_IT 0.618690709078998 0.0740740740740743
107624669841857750247431772682217706748 107624669841857750247431772682217706748 107624669841857750247431772682217706748 L6_IT 0.23030563081291 0.222222222222222
107811399342642680792197384207607904351 107811399342642680792197384207607904351 107811399342642680792197384207607904351 L2_3_IT 0.361365446562151 0.666666666666667
109081429709921968706565985046875319820 109081429709921968706565985046875319820 109081429709921968706565985046875319820 L5_IT 0.0238404323702715 0.296296296296296
109360506352125279317066752490544958275 109360506352125279317066752490544958275 109360506352125279317066752490544958275 L2_3_IT 0.449014008955332 0.777777777777778
112285502060035374571848108221936600403 112285502060035374571848108221936600403 112285502060035374571848108221936600403 L4_5_IT 0.813150370488303 0.703703703703704
11233221383321075198353264986936722368 11233221383321075198353264986936722368 11233221383321075198353264986936722368 L5_IT 0.751802795319217 0.444444444444445
112550308766293737525669280730208577252 112550308766293737525669280730208577252 112550308766293737525669280730208577252 L5_ET 0.964797864809617 0.333333333333333
114681559891705002088039073640521713147 114681559891705002088039073640521713147 114681559891705002088039073640521713147 L4_5_IT 0.151027342290969 0.296296296296296
114985983811133912950238330229256012889 114985983811133912950238330229256012889 114985983811133912950238330229256012889 L5_ET 0.359229144745789 0.185185185185185
116353805407910584387571737551737340600 116353805407910584387571737551737340600 116353805407910584387571737551737340600 L5_IT 0.968260512437783 0.333333333333333
116360534608654145303047179988853011553 116360534608654145303047179988853011553 116360534608654145303047179988853011553 L5_IT 0.236582615640845 0.259259259259259
116785726937556100281186516461051364828 116785726937556100281186516461051364828 116785726937556100281186516461051364828 L2_3_IT 0.336779278315196 0.259259259259259
118003785217998921016596528015473403147 118003785217998921016596528015473403147 118003785217998921016596528015473403147 L6_IT 0.250135685503851 0.518518518518518
118745106734353639898852478923721352651 118745106734353639898852478923721352651 118745106734353639898852478923721352651 L5_IT 0.437395565127797 0.777777777777778
119080383610612892008204002763244643534 119080383610612892008204002763244643534 119080383610612892008204002763244643534 L6_IT 0.682205571747422 0.851851851851852
119687811692899776940888075660334247761 119687811692899776940888075660334247761 119687811692899776940888075660334247761 L2_3_IT 0.94825469752319 0.37037037037037
11984542956175450668188761484725117489 11984542956175450668188761484725117489 11984542956175450668188761484725117489 L4_5_IT 0.952044822232613 0.592592592592593
120908500276873697147862088000589729798 120908500276873697147862088000589729798 120908500276873697147862088000589729798 L2_3_IT 0.972426154951911 0.814814814814815
12166885478489247987572197996870595112 12166885478489247987572197996870595112 12166885478489247987572197996870595112 L6_IT 0.670297682537134 0.333333333333333
121952618214928757962683264795805291950 121952618214928757962683264795805291950 121952618214928757962683264795805291950 Sst 0.887398565566216 0.777777777777778
123690551734546672113390226933663794691 123690551734546672113390226933663794691 123690551734546672113390226933663794691 L2_3_IT 0.445304553596517 0.62962962962963
124386028643455850996859792318910615771 124386028643455850996859792318910615771 124386028643455850996859792318910615771 L5_ET 0.565875904802523 0.148148148148148
124437525886880767565814528650317668962 124437525886880767565814528650317668962 124437525886880767565814528650317668962 L4_5_IT 0.561984313942638 0.222222222222222
125451478007804373728386002434013409810 125451478007804373728386002434013409810 125451478007804373728386002434013409810 L2_3_IT 0.943917183928303 0.37037037037037
126055755338493046961450301455901234449 126055755338493046961450301455901234449 126055755338493046961450301455901234449 L5_IT 0.369405435291194 0.222222222222222
126326361039643540186520670197887494165 126326361039643540186520670197887494165 126326361039643540186520670197887494165 L5_IT 0.986934130445847 0.740740740740741
126841375253381195874251932614502743208 126841375253381195874251932614502743208 126841375253381195874251932614502743208 L4_5_IT 0.676308858937148 0.333333333333333
127439909612843379461602285775888452781 127439909612843379461602285775888452781 127439909612843379461602285775888452781 L2_3_IT 0.756059521286326 0.555555555555556
127933119252962776003246307671583250676 127933119252962776003246307671583250676 127933119252962776003246307671583250676 L2_3_IT 0.343081430161459 0.296296296296296
128533608773610449705682934431218958281 128533608773610449705682934431218958281 128533608773610449705682934431218958281 L4_5_IT 0.700822620153577 0.0740740740740743
129245815825030201740953982718545610999 129245815825030201740953982718545610999 129245815825030201740953982718545610999 L5_IT 0.324587976280684 0.407407407407407
131010652159681855672504000993960072643 131010652159681855672504000993960072643 131010652159681855672504000993960072643 L5_ET 0.339904159559945 0.185185185185185
131669339246995635020933699927046720158 131669339246995635020933699927046720158 131669339246995635020933699927046720158 Astro 0.319330790126498 0.222222222222222
131972055755649302422807956444013628860 131972055755649302422807956444013628860 131972055755649302422807956444013628860 L4_5_IT 0.642369605939954 0.777777777777778
132121229613057657432176695403412303977 132121229613057657432176695403412303977 132121229613057657432176695403412303977 L4_5_IT 0.569730805554117 0.222222222222222
132318997534218317067461918484007593872 132318997534218317067461918484007593872 132318997534218317067461918484007593872 L4_5_IT 0.34402796637287 0.185185185185185
132840832787353349499745996441921257091 132840832787353349499745996441921257091 132840832787353349499745996441921257091 L2_3_IT 0.964037504231349 0.222222222222222
132901124485014248441689085090610313670 132901124485014248441689085090610313670 132901124485014248441689085090610313670 Astro 0.437584277742466 0.777777777777778
133498468533497173484749777318951309861 133498468533497173484749777318951309861 133498468533497173484749777318951309861 L4_5_IT 0.333393922664696 0.222222222222222
134165775345181660761552125904454753211 134165775345181660761552125904454753211 134165775345181660761552125904454753211 L5_IT 0.68946662403828 0.0740740740740743
134419990687415089144070171947426798775 134419990687415089144070171947426798775 134419990687415089144070171947426798775 L4_5_IT 0.659059336107404 0.518518518518518
13454253362200055922835066623048289484 13454253362200055922835066623048289484 13454253362200055922835066623048289484 L5_IT 0.353799798850275 0.666666666666667
135615468695376228062388019142397110909 135615468695376228062388019142397110909 135615468695376228062388019142397110909 Vip 0.690241764879339 0.851851851851852
135801044878645608910953902482812496426 135801044878645608910953902482812496426 135801044878645608910953902482812496426 L6_IT 0.756186914549918 0.62962962962963
135861144701718812801630008340538058841 135861144701718812801630008340538058841 135861144701718812801630008340538058841 L6_IT 0.823885043967754 0.666666666666667
138753786933580325478591751940289778985 138753786933580325478591751940289778985 138753786933580325478591751940289778985 L4_5_IT 0.567461933576293 0.518518518518518
139435307251601400188706986820495906760 139435307251601400188706986820495906760 139435307251601400188706986820495906760 L5_IT 0.211137711731309 0.0370370370370372
139682608837126527973214708026738559770 139682608837126527973214708026738559770 139682608837126527973214708026738559770 L5_ET 0.466501745317934 0.37037037037037
139893093057957818245907155686898785879 139893093057957818245907155686898785879 139893093057957818245907155686898785879 L2_3_IT 0.940475561585536 0.592592592592593
140198439809155779355550195093467924731 140198439809155779355550195093467924731 140198439809155779355550195093467924731 L4_5_IT 0.872447771612279 0.740740740740741
141663462893562695849984572782797534467 141663462893562695849984572782797534467 141663462893562695849984572782797534467 L2_3_IT 0.678049891575506 0.740740740740741
142137939059438502412978552510620281516 142137939059438502412978552510620281516 142137939059438502412978552510620281516 L5_IT 0.324195066382743 0.407407407407407
142179266052797902841775567544282344786 142179266052797902841775567544282344786 142179266052797902841775567544282344786 L4_5_IT 0.816595077104572 0.518518518518518
142598043794931982619860894277584102647 142598043794931982619860894277584102647 142598043794931982619860894277584102647 L6_IT 0.661135587425301 0.333333333333333
143939462237917823012893261885101554725 143939462237917823012893261885101554725 143939462237917823012893261885101554725 L5_ET 0.208694583320987 0.222222222222222
144037999962948009924006727343022143107 144037999962948009924006727343022143107 144037999962948009924006727343022143107 L4_5_IT 0.568506764923907 0.148148148148148
144312193681345162143042165904903504548 144312193681345162143042165904903504548 144312193681345162143042165904903504548 L2_3_IT 0.640505597113505 0.0740740740740743
144548110034671843640331948537227048764 144548110034671843640331948537227048764 144548110034671843640331948537227048764 L4_5_IT 0.830212311590132 0.703703703703704
144740284021897348146477588624079314795 144740284021897348146477588624079314795 144740284021897348146477588624079314795 L4_5_IT 0.945293412176346 0.518518518518518
145155615789639917071218523721046218317 145155615789639917071218523721046218317 145155615789639917071218523721046218317 L2_3_IT 0.825441222345738 0.814814814814815
145384449689989409070596603249666151039 145384449689989409070596603249666151039 145384449689989409070596603249666151039 L4_5_IT 0.165396300727041 0.0370370370370372
145428253599814138464866103935135767607 145428253599814138464866103935135767607 145428253599814138464866103935135767607 Astro 0.335818782581153 0.407407407407407
145545142121539228518908232546375289604 145545142121539228518908232546375289604 145545142121539228518908232546375289604 L4_5_IT 0.828910895182941 0.814814814814815
146106884006979298995320323673527470691 146106884006979298995320323673527470691 146106884006979298995320323673527470691 L2_3_IT 0.96966414629493 0.703703703703704
146494932507975109573428938962693341688 146494932507975109573428938962693341688 146494932507975109573428938962693341688 L4_5_IT 0.641509974851025 0.407407407407407
1471673405619454640729030381979073733 1471673405619454640729030381979073733 1471673405619454640729030381979073733 L2_3_IT 0.249921571285092 0.518518518518518
147372623427744354274977655642154122702 147372623427744354274977655642154122702 147372623427744354274977655642154122702 L2_3_IT 0.554682164722198 0.185185185185185
14794792563487127015954798110009713653 14794792563487127015954798110009713653 14794792563487127015954798110009713653 L5_IT 0.457839137576986 0.37037037037037
147955137545097545957416543086447680576 147955137545097545957416543086447680576 147955137545097545957416543086447680576 L5_ET 0.966565021933053 0.259259259259259
150379153728608454229361251988101889791 150379153728608454229361251988101889791 150379153728608454229361251988101889791 L4_5_IT 0.821984624966396 0.185185185185185
150857957978587921967903619754742640110 150857957978587921967903619754742640110 150857957978587921967903619754742640110 L4_5_IT 0.356009527533596 0.37037037037037
152596423882722990672358423636017474000 152596423882722990672358423636017474000 152596423882722990672358423636017474000 L2_3_IT 0.450495045207013 0.518518518518518
154071538597013780681000933290958602101 154071538597013780681000933290958602101 154071538597013780681000933290958602101 L6_IT 0.661884231083631 0.888888888888889
155564931060122047964349006697499900227 155564931060122047964349006697499900227 155564931060122047964349006697499900227 L4_5_IT 0.466189046404813 0.37037037037037
156424003153429153227201317953424810220 156424003153429153227201317953424810220 156424003153429153227201317953424810220 L2_3_IT 0.901800991810548 0.259259259259259
156439248017753418544219030004324663487 156439248017753418544219030004324663487 156439248017753418544219030004324663487 L5_ET 0.213410474193227 0.185185185185185
157002858641621970158423774352571980988 157002858641621970158423774352571980988 157002858641621970158423774352571980988 L4_5_IT 0.214645305810944 0.259259259259259
15851019873128024963691621580892236831 15851019873128024963691621580892236831 15851019873128024963691621580892236831 L4_5_IT 0.550988664522356 0.481481481481482
158557062289997026097415798748314582113 158557062289997026097415798748314582113 158557062289997026097415798748314582113 L4_5_IT 0.331139222707855 0.222222222222222
159243855812976968549212623884181313380 159243855812976968549212623884181313380 159243855812976968549212623884181313380 L2_3_IT 0.946384986146644 0.814814814814815
159498649268999187520288678178436431079 159498649268999187520288678178436431079 159498649268999187520288678178436431079 L4_5_IT 0.254939190812599 0.407407407407407
160167713722624258101327212041861007519 160167713722624258101327212041861007519 160167713722624258101327212041861007519 L4_5_IT 0.218254634201457 0.185185185185185
160270891851298688926063222318406118482 160270891851298688926063222318406118482 160270891851298688926063222318406118482 L2_3_IT 0.549719865194356 0.37037037037037
161135214896979562575082481900227787423 161135214896979562575082481900227787423 161135214896979562575082481900227787423 L2_3_IT 0.234170764126191 0.222222222222222
161340522856089974092856872127946012991 161340522856089974092856872127946012991 161340522856089974092856872127946012991 L4_5_IT 0.465284150472628 0.259259259259259
161417360262126175686545139062522241607 161417360262126175686545139062522241607 161417360262126175686545139062522241607 L5_ET 0.682171950254656 0.37037037037037
163112121924518435847200298199637020492 163112121924518435847200298199637020492 163112121924518435847200298199637020492 L2_3_IT 0.753252232439892 0.111111111111111
163865996290595919308654998393883619945 163865996290595919308654998393883619945 163865996290595919308654998393883619945 L4_5_IT 0.828206101920611 0.185185185185185
164322446430525629884071410949653052372 164322446430525629884071410949653052372 164322446430525629884071410949653052372 L2_3_IT 0.774056279220896 0.0740740740740743
164483189052791233946601378514344214641 164483189052791233946601378514344214641 164483189052791233946601378514344214641 L5_IT 0.474627393487972 0.592592592592593
165119460723904957414268527141573904228 165119460723904957414268527141573904228 165119460723904957414268527141573904228 L4_5_IT 0.237446378322264 0.185185185185185
165439041126158444078075892990085781191 165439041126158444078075892990085781191 165439041126158444078075892990085781191 L2_3_IT 0.0153024614786016 0.296296296296296
16548283312143935816439491141117965083 16548283312143935816439491141117965083 16548283312143935816439491141117965083 L5_IT 0.985918048117426 0.518518518518518
166584180678958667347811536470910080431 166584180678958667347811536470910080431 166584180678958667347811536470910080431 L5_IT 0.848690335984178 0.185185185185185
166865343867872397179335949272081334988 166865343867872397179335949272081334988 166865343867872397179335949272081334988 L5_ET 0.470016533394862 0.407407407407407
167185509285442532681789995680596718279 167185509285442532681789995680596718279 167185509285442532681789995680596718279 L5_IT 0.911640985606679 0.481481481481482
167829176528000042939844735154425792627 167829176528000042939844735154425792627 167829176528000042939844735154425792627 L5_ET 0.751303300297575 0.148148148148148
167988055475975353201689639757552858555 167988055475975353201689639757552858555 167988055475975353201689639757552858555 L4_5_IT 0.985903754406468 0.333333333333333
169396367621972724242110705496271832598 169396367621972724242110705496271832598 169396367621972724242110705496271832598 L5_IT 0.353675491183754 0.666666666666667
169469335442083636269014020045897241339 169469335442083636269014020045897241339 169469335442083636269014020045897241339 Endo 0.817204643394391 0.185185185185185
169970315490913636347948942263909932634 169970315490913636347948942263909932634 169970315490913636347948942263909932634 L4_5_IT 0.969646006115957 0.592592592592593
17014901976407262739380132625863081044 17014901976407262739380132625863081044 17014901976407262739380132625863081044 L2_3_IT 0.971699536776209 0.851851851851852
170205725039557421503162990042073991189 170205725039557421503162990042073991189 170205725039557421503162990042073991189 L5_ET 0.330436375788078 0.222222222222222
170376840632308222318579761268700200400 170376840632308222318579761268700200400 170376840632308222318579761268700200400 L6_IT 0.88860471781248 0.814814814814815
170379741723653408250361818919336742211 170379741723653408250361818919336742211 170379741723653408250361818919336742211 L2_3_IT 0.554578843440507 0.148148148148148
170501356485910123607926013999027643180 170501356485910123607926013999027643180 170501356485910123607926013999027643180 L4_5_IT 0.338483550185146 0.37037037037037
170614221256058488425367137101035585961 170614221256058488425367137101035585961 170614221256058488425367137101035585961 L2_3_IT 0.810782533405538 0.777777777777778
171530440923641009101501921422730542448 171530440923641009101501921422730542448 171530440923641009101501921422730542448 L4_5_IT 0.829387697122482 0.185185185185185
172487082765263325854513421019566029718 172487082765263325854513421019566029718 172487082765263325854513421019566029718 L5_IT 0.566842797990011 0.148148148148148
173011102441921534044789459271974450927 173011102441921534044789459271974450927 173011102441921534044789459271974450927 L2_3_IT 0.912979354737297 0.518518518518518
173087680758843794395720535940577092094 173087680758843794395720535940577092094 173087680758843794395720535940577092094 L5_IT 0.469576539082147 0.518518518518518
173287906276786955869217704441799004863 173287906276786955869217704441799004863 173287906276786955869217704441799004863 L2_3_IT 0.236386991491716 0.407407407407407
174206242740627005669149917545950202603 174206242740627005669149917545950202603 174206242740627005669149917545950202603 L5_IT 0.554690946748273 0.148148148148148
175402937955309111850087563178391995591 175402937955309111850087563178391995591 175402937955309111850087563178391995591 L2_3_IT 0.448398685886479 0.333333333333333
175521799600212189985752574271725767791 175521799600212189985752574271725767791 175521799600212189985752574271725767791 L5_IT 0.130728271478592 0.222222222222222
176862436752109751742535778363727153101 176862436752109751742535778363727153101 176862436752109751742535778363727153101 Astro 0.436039126186667 0.777777777777778
17809229509449992690610352360106246447 17809229509449992690610352360106246447 17809229509449992690610352360106246447 L4_5_IT 0.975223829578965 0.740740740740741
17956817391177774460112505423172107720 17956817391177774460112505423172107720 17956817391177774460112505423172107720 L4_5_IT 0.637025773564174 0.407407407407408
179881338892530697019508932296846891015 179881338892530697019508932296846891015 179881338892530697019508932296846891015 L5_ET 0.464298660684956 0.518518518518518
180386200082036859557614918386114388584 180386200082036859557614918386114388584 180386200082036859557614918386114388584 L6_IT 0.457768544302507 0.259259259259259
180997864380540445836885270186792273400 180997864380540445836885270186792273400 180997864380540445836885270186792273400 L5_IT 0.663405395626136 0.888888888888889
183235960982132798021377148756273845985 183235960982132798021377148756273845985 183235960982132798021377148756273845985 L4_5_IT 0.201108101889603 0.0370370370370372
183362139605532683719312381174497398262 183362139605532683719312381174497398262 183362139605532683719312381174497398262 Astro 0.953576492077143 0.555555555555556
184926217177507947632480922079846164355 184926217177507947632480922079846164355 184926217177507947632480922079846164355 L6_IT 0.967961065665353 0.333333333333333
185734474369058285616190269265425555608 185734474369058285616190269265425555608 185734474369058285616190269265425555608 Peri 0.228458006212399 0.666666666666667
186196559555102886893011303204372502248 186196559555102886893011303204372502248 186196559555102886893011303204372502248 L5_ET 0.433342242460706 0.0740740740740743
186517429680814373005689332590091096560 186517429680814373005689332590091096560 186517429680814373005689332590091096560 L5_ET 0.237912995596083 0.407407407407407
18668118204741381250906606862948760955 18668118204741381250906606862948760955 18668118204741381250906606862948760955 L5_ET 0.901050948118755 0.518518518518518
187185698904182467448785804344749973997 187185698904182467448785804344749973997 187185698904182467448785804344749973997 L2_3_IT 0.680751824335028 0.0740740740740743
18766048344253459172497780524947077395 18766048344253459172497780524947077395 18766048344253459172497780524947077395 L2_3_IT 0.566422171631811 0.740740740740741
187683084432999690919452445344784201655 187683084432999690919452445344784201655 187683084432999690919452445344784201655 L4_5_IT 0.667771076414265 0.555555555555556
187699733079193786433058137888699787396 187699733079193786433058137888699787396 187699733079193786433058137888699787396 L4_5_IT 0.25459651637682 0.37037037037037
187872111092171988759329954662268587892 187872111092171988759329954662268587892 187872111092171988759329954662268587892 L2_3_IT 0.221755430159669 0.185185185185185
188264520251471748190527100634998993343 188264520251471748190527100634998993343 188264520251471748190527100634998993343 Oligo 0.959168437748803 0.555555555555556
188367518237355405249707724111360843930 188367518237355405249707724111360843930 188367518237355405249707724111360843930 L2_3_IT 0.634865949510321 0.407407407407407
190181233490450597202924971260839977012 190181233490450597202924971260839977012 190181233490450597202924971260839977012 L5_IT 0.663667869869158 0.888888888888889
19053368028460531725967541515763115960 19053368028460531725967541515763115960 19053368028460531725967541515763115960 L4_5_IT 0.809250903747254 0.888888888888889
190679627772238179813381583775899721235 190679627772238179813381583775899721235 190679627772238179813381583775899721235 L2_3_IT 0.904128321370707 0.814814814814815
19167067260843099447946209547329255365 19167067260843099447946209547329255365 19167067260843099447946209547329255365 L4_5_IT 0.125620038910109 0.222222222222222
193154757483980202434543513399051762694 193154757483980202434543513399051762694 193154757483980202434543513399051762694 L5_IT 0.343563483614354 0.259259259259259
19329720531230754560285049572028181492 19329720531230754560285049572028181492 19329720531230754560285049572028181492 L2_3_IT 0.632580605538545 0.740740740740741
19376473485700554380174795300914350230 19376473485700554380174795300914350230 19376473485700554380174795300914350230 L4_5_IT 0.325709175350494 0.296296296296296
195160129064508754490865241832211030075 195160129064508754490865241832211030075 195160129064508754490865241832211030075 L4_5_IT 0.819125426901898 0.777777777777778
196441159195161209842102026041461281320 196441159195161209842102026041461281320 196441159195161209842102026041461281320 L4_5_IT 0.580707409275679 0.851851851851852
198569902835251231452333841695311700531 198569902835251231452333841695311700531 198569902835251231452333841695311700531 Astro 0.213271422639728 0.222222222222222
200164432920488714736511694371379073941 200164432920488714736511694371379073941 200164432920488714736511694371379073941 L2_3_IT 0.977566019719804 0.740740740740741
200232678939698199677760681633284565800 200232678939698199677760681633284565800 200232678939698199677760681633284565800 L4_5_IT 0.352604578758093 0.296296296296296
200983873755448501905974022651763931032 200983873755448501905974022651763931032 200983873755448501905974022651763931032 L2_3_IT 0.657394452433837 0.185185185185185
201436102879677449838225326286871226838 201436102879677449838225326286871226838 201436102879677449838225326286871226838 L4_5_IT 0.161294157690625 0.518518518518518
201481939003141399842758094028734299038 201481939003141399842758094028734299038 201481939003141399842758094028734299038 L4_5_IT 0.45758136279813 0.259259259259259
201725832123495542861903891434452607968 201725832123495542861903891434452607968 201725832123495542861903891434452607968 L5_ET 0.262165787995154 0.259259259259259
202280876094255443525277725587515963038 202280876094255443525277725587515963038 202280876094255443525277725587515963038 L4_5_IT 0.986256691569621 0.888888888888889
203108310568484147369488374664314999810 203108310568484147369488374664314999810 203108310568484147369488374664314999810 L2_3_IT 0.878948384838368 0.740740740740741
203292210565944782022945295650487938895 203292210565944782022945295650487938895 203292210565944782022945295650487938895 L2_3_IT 0.828396805260956 0.703703703703704
204174289447641514460709195431279988646 204174289447641514460709195431279988646 204174289447641514460709195431279988646 L2_3_IT 0.843833298374959 0.814814814814815
20440997286120936729367043653786239237 20440997286120936729367043653786239237 20440997286120936729367043653786239237 L5_ET 0.253913040840129 0.37037037037037
205084089798241204306581613181649344570 205084089798241204306581613181649344570 205084089798241204306581613181649344570 L2_3_IT 0.451252762701323 0.518518518518518
206611320507661359258959764641991390692 206611320507661359258959764641991390692 206611320507661359258959764641991390692 L5_ET 0.351267286207542 0.185185185185185
207169961982299929256037664174996913984 207169961982299929256037664174996913984 207169961982299929256037664174996913984 L5_ET 0.953005108502354 0.592592592592593
207535518960334888801102785139325249120 207535518960334888801102785139325249120 207535518960334888801102785139325249120 L6_IT 0.647813097710536 0.185185185185185
207764299149548795433392947159455681214 207764299149548795433392947159455681214 207764299149548795433392947159455681214 L5_ET 0.681629878631635 0.37037037037037
208096836029947923084407581768555794620 208096836029947923084407581768555794620 208096836029947923084407581768555794620 L5_IT 0.31964654107043 0.185185185185185
209591509407863599873449375014088080666 209591509407863599873449375014088080666 209591509407863599873449375014088080666 L2_3_IT 0.671647115265341 0.888888888888889
209752753859352081860952714566886614745 209752753859352081860952714566886614745 209752753859352081860952714566886614745 L2_3_IT 0.831254354591959 0.185185185185185
210115444828658049942673924377734749887 210115444828658049942673924377734749887 210115444828658049942673924377734749887 L5_ET 0.573944469405104 0.481481481481482
210565552967366583728925294527262212850 210565552967366583728925294527262212850 210565552967366583728925294527262212850 L5_ET 0.269632023941328 0.666666666666667
210946471460091546449431499554259364288 210946471460091546449431499554259364288 210946471460091546449431499554259364288 Astro 0.256337296418329 0.666666666666667
211132390493805767181006834329430312503 211132390493805767181006834329430312503 211132390493805767181006834329430312503 L4_5_IT 0.658166273092036 0.851851851851852
211547761903299407710155878714221517741 211547761903299407710155878714221517741 211547761903299407710155878714221517741 L4_5_IT 0.340610238542092 0.259259259259259
211547941291930810288612106853812089125 211547941291930810288612106853812089125 211547941291930810288612106853812089125 Astro 0.975969290654666 0.814814814814815
211625087972339665609128587633656576138 211625087972339665609128587633656576138 211625087972339665609128587633656576138 Astro 0.0651361579575325 0.185185185185185
212814191384639393836309933583902639344 212814191384639393836309933583902639344 212814191384639393836309933583902639344 L2_3_IT 0.975165446730325 0.259259259259259
213540868501000653382753358737182718269 213540868501000653382753358737182718269 213540868501000653382753358737182718269 L2_3_IT 0.339033522543619 0.259259259259259
214054275022868103875822534224954320365 214054275022868103875822534224954320365 214054275022868103875822534224954320365 L2_3_IT 0.355419361975763 0.148148148148148
214249812150852468931664727663705348987 214249812150852468931664727663705348987 214249812150852468931664727663705348987 L5_IT 0.21957761521831 0.666666666666667
21496998368143374969535349799096364783 21496998368143374969535349799096364783 21496998368143374969535349799096364783 L2_3_IT 0.896193761963272 0.518518518518518
215505913343211357955778647325901767768 215505913343211357955778647325901767768 215505913343211357955778647325901767768 L4_5_IT 0.346925759813001 0.444444444444445
215610393121655748935342203452356554612 215610393121655748935342203452356554612 215610393121655748935342203452356554612 L2_3_IT 0.801430991836838 0.740740740740741
215871180258959600516728430791437798521 215871180258959600516728430791437798521 215871180258959600516728430791437798521 OPC 0.82935208806117 0.444444444444445
216128315116734539645486728609757685990 216128315116734539645486728609757685990 216128315116734539645486728609757685990 L5_IT 0.443188568119707 0.777777777777778
216756513942485799514384983659972763669 216756513942485799514384983659972763669 216756513942485799514384983659972763669 L4_5_IT 0.972595096743131 0.814814814814815
216885013693428880730203561462726650977 216885013693428880730203561462726650977 216885013693428880730203561462726650977 L4_5_IT 0.744767257388127 0.740740740740741
21766128367326914613636765945459738230 21766128367326914613636765945459738230 21766128367326914613636765945459738230 L5_IT 0.324851544491316 0.407407407407407
217890613565704273572769868592378933310 217890613565704273572769868592378933310 217890613565704273572769868592378933310 L2_3_IT 0.443844512699477 0.703703703703704
217992959076285928615286989560326671657 217992959076285928615286989560326671657 217992959076285928615286989560326671657 L5_ET 0.223557966780459 0.666666666666667
218530715156511364410818548390884320640 218530715156511364410818548390884320640 218530715156511364410818548390884320640 L2_3_IT 0.341901808460269 0.333333333333333
218636120599135185910233351360917122523 218636120599135185910233351360917122523 218636120599135185910233351360917122523 L5_ET 0.815185802149315 0.518518518518518
219392982907054543719624580474798601846 219392982907054543719624580474798601846 219392982907054543719624580474798601846 L4_5_IT 0.215143221065658 0.259259259259259
219402402412561257505758581652937611736 219402402412561257505758581652937611736 219402402412561257505758581652937611736 L5_ET 0.679831766619744 0.0740740740740743
21940819742906906959674258390181854912 21940819742906906959674258390181854912 21940819742906906959674258390181854912 L4_5_IT 0.768087531967276 0.0740740740740743
21952302873776832859495404023295767961 21952302873776832859495404023295767961 21952302873776832859495404023295767961 L4_5_IT 0.237180692157167 0.222222222222222
2201340343603051067307180304875142027 2201340343603051067307180304875142027 2201340343603051067307180304875142027 L2_3_IT 0.452004867632137 0.518518518518518
220383146795384905817862179106307905600 220383146795384905817862179106307905600 220383146795384905817862179106307905600 Astro 0.884954064634052 0.259259259259259
220851684290227519036893532079847059702 220851684290227519036893532079847059702 220851684290227519036893532079847059702 L5_IT 0.557325981231655 0.740740740740741
220880648475338271384213185180650692724 220880648475338271384213185180650692724 220880648475338271384213185180650692724 Endo 0.674832322502956 0.37037037037037
221005898794577785445957976995565596737 221005898794577785445957976995565596737 221005898794577785445957976995565596737 L5_IT 0.357379582413056 0.666666666666667
221347126599459228342222180131739395646 221347126599459228342222180131739395646 221347126599459228342222180131739395646 L5_IT 0.890527262913734 0.814814814814815
221710308438233008943881046301419213610 221710308438233008943881046301419213610 221710308438233008943881046301419213610 L4_5_IT 0.449604209574854 0.555555555555556
222387147294114805383238571182855979447 222387147294114805383238571182855979447 222387147294114805383238571182855979447 L4_5_IT 0.748785811890945 0.185185185185185
223385310820566026885991414946600915276 223385310820566026885991414946600915276 223385310820566026885991414946600915276 L2_3_IT 0.215214271300126 0.222222222222222
223619288449851395296821702413250043272 223619288449851395296821702413250043272 223619288449851395296821702413250043272 L5_ET 0.743724924981888 0.148148148148148
224205961758951568572704936759151569112 224205961758951568572704936759151569112 224205961758951568572704936759151569112 L4_5_IT 0.967862534608427 0.259259259259259
226458463065511826253701958669305244423 226458463065511826253701958669305244423 226458463065511826253701958669305244423 L2_3_IT 0.674121213763326 0.37037037037037
227511309921462758811291975696186214486 227511309921462758811291975696186214486 227511309921462758811291975696186214486 L5_ET 0.677891227261993 0.555555555555556
227945792312821911975742933884403329669 227945792312821911975742933884403329669 227945792312821911975742933884403329669 L6_IT 0.986542926861878 0.740740740740741
229295307072334541043920109951846971179 229295307072334541043920109951846971179 229295307072334541043920109951846971179 L5_IT 0.834631957130387 0.518518518518518
230985456579616901384926455980257635390 230985456579616901384926455980257635390 230985456579616901384926455980257635390 L4_5_IT 0.959768636160163 0.814814814814815
2310993969596643432947283499507217489 2310993969596643432947283499507217489 2310993969596643432947283499507217489 L5_ET 0.886993112340645 0.259259259259259
231874328394178296690056174594885941940 231874328394178296690056174594885941940 231874328394178296690056174594885941940 L4_5_IT 0.812730458113104 0.518518518518518
233606182220433400822978976208719274623 233606182220433400822978976208719274623 233606182220433400822978976208719274623 L2_3_IT 0.753367881693255 0.62962962962963
234848034864805099255583742599138951180 234848034864805099255583742599138951180 234848034864805099255583742599138951180 L5_ET 0.956399726077201 0.666666666666667
234856844557077147125606167694783531239 234856844557077147125606167694783531239 234856844557077147125606167694783531239 Oligo 0.834017183031454 0.185185185185185
235449606348447826283136461906667153742 235449606348447826283136461906667153742 235449606348447826283136461906667153742 L2_3_IT 0.812491072139857 0.444444444444445
235974904872121963210086047062946277671 235974904872121963210086047062946277671 235974904872121963210086047062946277671 L6_IT 0.371034217565005 0.185185185185185
236117388510051057031376554655753324764 236117388510051057031376554655753324764 236117388510051057031376554655753324764 L5_IT 0.761527918450431 0.740740740740741
23637984200108223663468102262480343413 23637984200108223663468102262480343413 23637984200108223663468102262480343413 L6_IT 0.434010052966897 0.333333333333333
238261595770288703990586599168762904084 238261595770288703990586599168762904084 238261595770288703990586599168762904084 L2_3_IT 0.894651797048485 0.259259259259259
238736384291876331290187422226403213260 238736384291876331290187422226403213260 238736384291876331290187422226403213260 L4_5_IT 0.900939693514302 0.481481481481482
239182309675363636488314428853283188197 239182309675363636488314428853283188197 239182309675363636488314428853283188197 L4_5_IT 0.232847137833842 0.185185185185185
239470426389144540347028391092123493379 239470426389144540347028391092123493379 239470426389144540347028391092123493379 L5_ET 0.166710991422821 0.518518518518518
239592981556919888822574395696573165954 239592981556919888822574395696573165954 239592981556919888822574395696573165954 L4_5_IT 0.901264046092004 0.259259259259259
240463675622543716763000427601542793569 240463675622543716763000427601542793569 240463675622543716763000427601542793569 L5_ET 0.639887988845915 0.333333333333333
242599214803324271352458672269576794894 242599214803324271352458672269576794894 242599214803324271352458672269576794894 L4_5_IT 0.820403383535521 0.703703703703704
242672293992217987263489363454953556624 242672293992217987263489363454953556624 242672293992217987263489363454953556624 L5_ET 0.823375078690639 0.666666666666667
242890438502805682280887905823744918050 242890438502805682280887905823744918050 242890438502805682280887905823744918050 L5_IT 0.435106179368314 0.740740740740741
242930158179979414377793728312547611225 242930158179979414377793728312547611225 242930158179979414377793728312547611225 L2_3_IT 0.319923255162361 0.222222222222222
243296333542270795339388472789057707553 243296333542270795339388472789057707553 243296333542270795339388472789057707553 L6_IT 0.673454978227451 0.333333333333333
244190540634113818295234244885095711249 244190540634113818295234244885095711249 244190540634113818295234244885095711249 L2_3_IT 0.890074782670253 0.481481481481482
244405318041644773562076167353477909458 244405318041644773562076167353477909458 244405318041644773562076167353477909458 L4_5_IT 0.906443734472123 0.481481481481482
245740333727025365534794240634036308970 245740333727025365534794240634036308970 245740333727025365534794240634036308970 L4_5_IT 0.65540930136232 0.740740740740741
24600295954941486750475974850547839009 24600295954941486750475974850547839009 24600295954941486750475974850547839009 L5_ET 0.343776600403313 0.62962962962963
246086446812415912718115554565410355207 246086446812415912718115554565410355207 246086446812415912718115554565410355207 L5_ET 0.464647807883783 0.592592592592593
248599689648991388658540809600412112650 248599689648991388658540809600412112650 248599689648991388658540809600412112650 L2_3_IT 0.754375943599895 0.185185185185185
248984141029010454230533233453483750754 248984141029010454230533233453483750754 248984141029010454230533233453483750754 L6_IT 0.884862879873964 0.814814814814815
249131881833376982914430301772631720876 249131881833376982914430301772631720876 249131881833376982914430301772631720876 Sst 0.83811255888671 0.703703703703704
24933557670208495956089606555601099091 24933557670208495956089606555601099091 24933557670208495956089606555601099091 L5_IT 0.358180021760777 0.37037037037037
25033819793490159380158010299276948964 25033819793490159380158010299276948964 25033819793490159380158010299276948964 L5_IT 0.684348708620078 0.851851851851852
250444562524734901227531932443159388935 250444562524734901227531932443159388935 250444562524734901227531932443159388935 L4_5_IT 0.958900620185018 0.666666666666667
251155797618031163678692156897547984781 251155797618031163678692156897547984781 251155797618031163678692156897547984781 L2_3_IT 0.669195188123532 0.740740740740741
251419218979514092768976646330882459035 251419218979514092768976646330882459035 251419218979514092768976646330882459035 L2_3_IT 0.97686795087116 0.888888888888889
251564993225210993268877927732302561255 251564993225210993268877927732302561255 251564993225210993268877927732302561255 L4_5_IT 0.338046639090851 0.222222222222222
252413665714878378444269972177984252763 252413665714878378444269972177984252763 252413665714878378444269972177984252763 L4_5_IT 0.552114908105217 0.481481481481482
252907334114040509991503793710820791982 252907334114040509991503793710820791982 252907334114040509991503793710820791982 L5_IT 0.972811090431495 0.333333333333333
254717602681363829669826513560870427559 254717602681363829669826513560870427559 254717602681363829669826513560870427559 Endo 0.443007984526161 0.555555555555556
255284310481856433379891395649078983255 255284310481856433379891395649078983255 255284310481856433379891395649078983255 L5_IT 0.361993737781252 0.62962962962963
256064711062215271619286519608830130510 256064711062215271619286519608830130510 256064711062215271619286519608830130510 L4_5_IT 0.264174592498053 0.407407407407407
256667632834015189360429396468126921395 256667632834015189360429396468126921395 256667632834015189360429396468126921395 OPC 0.904798750354431 0.148148148148148
257070154321396687293476986837987019219 257070154321396687293476986837987019219 257070154321396687293476986837987019219 L4_5_IT 0.973258859129914 0.592592592592593
257167863142094904852466080846432022907 257167863142094904852466080846432022907 257167863142094904852466080846432022907 L2_3_IT 0.425668658365351 0.0740740740740743
257605778693459187102071064318582120351 257605778693459187102071064318582120351 257605778693459187102071064318582120351 L2_3_IT 0.952200239748263 0.37037037037037
258792354555036354427395210532770739183 258792354555036354427395210532770739183 258792354555036354427395210532770739183 L4_5_IT 0.44466978634491 0.407407407407407
258924305321828535725723629092278474084 258924305321828535725723629092278474084 258924305321828535725723629092278474084 L4_5_IT 0.978554846737343 0.555555555555556
259749213939449533232357351441275084059 259749213939449533232357351441275084059 259749213939449533232357351441275084059 L5_IT 0.980846904377653 0.555555555555556
260958618940883687034859129394656039294 260958618940883687034859129394656039294 260958618940883687034859129394656039294 L2_3_IT 0.814214063485834 0.814814814814815
261152720309007448297973604103576121610 261152720309007448297973604103576121610 261152720309007448297973604103576121610 L6_IT 0.673126308788378 0.851851851851852
261313915814855288738108458287582794744 261313915814855288738108458287582794744 261313915814855288738108458287582794744 L5_ET 0.364590758904987 0.296296296296296
261652614037517018670380287967611154309 261652614037517018670380287967611154309 261652614037517018670380287967611154309 L4_5_IT 0.261889093429759 0.407407407407407
26186433690786817575545776710315993842 26186433690786817575545776710315993842 26186433690786817575545776710315993842 L2_3_IT 0.830817990741519 0.666666666666667
262365583773435747938949512678760111125 262365583773435747938949512678760111125 262365583773435747938949512678760111125 L4_5_IT 0.983115450347176 0.592592592592593
262705991403438000237170990739958286256 262705991403438000237170990739958286256 262705991403438000237170990739958286256 L4_5_IT 0.424113348459632 0.0740740740740743
262810630133348372133589494696142780452 262810630133348372133589494696142780452 262810630133348372133589494696142780452 L2_3_IT 0.110806798192367 0.296296296296296
263050539819766790672557163048423832866 263050539819766790672557163048423832866 263050539819766790672557163048423832866 L2_3_IT 0.449158625459276 0.777777777777778
263058920978993430714500398157994229506 263058920978993430714500398157994229506 263058920978993430714500398157994229506 L5_ET 0.636930021023357 0.407407407407407
26328962053775317813970598589769102084 26328962053775317813970598589769102084 26328962053775317813970598589769102084 L2_3_IT 0.957575373408404 0.592592592592593
264181770872536449786984413358554662705 264181770872536449786984413358554662705 264181770872536449786984413358554662705 L5_IT 0.751442433810109 0.740740740740741
264301394577228427108960414138638738121 264301394577228427108960414138638738121 264301394577228427108960414138638738121 L2_3_IT 0.42073887767658 0.740740740740741
26532497665337066515972465665445778746 26532497665337066515972465665445778746 26532497665337066515972465665445778746 L2_3_IT 0.353167059267188 0.148148148148148
265923019684888939448123941614860976707 265923019684888939448123941614860976707 265923019684888939448123941614860976707 L2_3_IT 0.666365132440427 0.851851851851852
266281285962532142577179931462281832890 266281285962532142577179931462281832890 266281285962532142577179931462281832890 L5_IT 0.661830238480656 0.925925925925926
266334558148629442961805645098169190344 266334558148629442961805645098169190344 266334558148629442961805645098169190344 L4_5_IT 0.341594295413335 0.185185185185185
266863136020073400684599647641591579357 266863136020073400684599647641591579357 266863136020073400684599647641591579357 L2_3_IT 0.640112245818338 0.925925925925926
267132487715520404861427234321040419935 267132487715520404861427234321040419935 267132487715520404861427234321040419935 L6_IT 0.961468534962219 0.555555555555556
267501697760387566742962928378678259337 267501697760387566742962928378678259337 267501697760387566742962928378678259337 L2_3_IT 0.237098443375067 0.37037037037037
2681149072328060831325302187255465994 2681149072328060831325302187255465994 2681149072328060831325302187255465994 L2_3_IT 0.216485517499822 0.222222222222222
269607585936624699104990991654528388905 269607585936624699104990991654528388905 269607585936624699104990991654528388905 L5_ET 0.340267551008317 0.62962962962963
269778481811470817688505875603070050668 269778481811470817688505875603070050668 269778481811470817688505875603070050668 L4_5_IT 0.169640493938239 0.518518518518518
269949179685075754800992100860380554808 269949179685075754800992100860380554808 269949179685075754800992100860380554808 L5_ET 0.247314997490606 0.37037037037037
270150263748861571193935500937066722108 270150263748861571193935500937066722108 270150263748861571193935500937066722108 L2_3_IT 0.26256064011217 0.666666666666667
270418209926040321099414023074418999951 270418209926040321099414023074418999951 270418209926040321099414023074418999951 L4_5_IT 0.67360876260981 0.851851851851852
270793516712003153713463803051600299309 270793516712003153713463803051600299309 270793516712003153713463803051600299309 L2_3_IT 0.670094664972462 0.703703703703704
271555973661006562470339208339163527213 271555973661006562470339208339163527213 271555973661006562470339208339163527213 Endo 0.108581616866766 0.185185185185185
272008496838966134326415460508787462715 272008496838966134326415460508787462715 272008496838966134326415460508787462715 L4_5_IT 0.559148938320033 0.518518518518518
272512489602664142080047833073918404725 272512489602664142080047833073918404725 272512489602664142080047833073918404725 L5_ET 0.561902621345327 0.185185185185185
272930050780219941310847038128152882870 272930050780219941310847038128152882870 272930050780219941310847038128152882870 Endo 0.215774004917841 0.185185185185185
273279077118499200360108337824081338672 273279077118499200360108337824081338672 273279077118499200360108337824081338672 L4_5_IT 0.437006244517692 0.703703703703704
27378900167342141795816959569340143718 27378900167342141795816959569340143718 27378900167342141795816959569340143718 L5_ET 0.781168875232033 0.0740740740740743
274101371551891033765624465354598795786 274101371551891033765624465354598795786 274101371551891033765624465354598795786 L5_IT 0.345323599847043 0.259259259259259
274209799779967143040634711696346314824 274209799779967143040634711696346314824 274209799779967143040634711696346314824 L2_3_IT 0.456879344146315 0.333333333333333
276037733461481068390610579919553363971 276037733461481068390610579919553363971 276037733461481068390610579919553363971 L5_IT 0.642372439675336 0.481481481481482
280154603844091336592590460097781263243 280154603844091336592590460097781263243 280154603844091336592590460097781263243 L5_IT 0.977782362820979 0.666666666666667
280799531065188165564913114718390399883 280799531065188165564913114718390399883 280799531065188165564913114718390399883 L5_ET 0.257390308982551 0.259259259259259
281224719594453263901494715645142493546 281224719594453263901494715645142493546 281224719594453263901494715645142493546 L4_5_IT 0.336407739358383 0.333333333333333
28175894632577844196193212828870503561 28175894632577844196193212828870503561 28175894632577844196193212828870503561 Endo 0.893206712828243 0.481481481481482
281951791265167021210165644017125107715 281951791265167021210165644017125107715 281951791265167021210165644017125107715 L5_IT 0.956414182766646 0.592592592592593
282652194156721630608541487986936474076 282652194156721630608541487986936474076 282652194156721630608541487986936474076 L5_ET 0.344061741040396 0.37037037037037
283038205805952019140643910591092261151 283038205805952019140643910591092261151 283038205805952019140643910591092261151 L4_5_IT 0.208492596830766 0.0370370370370372
283578945518942212403230303409725574086 283578945518942212403230303409725574086 283578945518942212403230303409725574086 L5_ET 0.565163367868473 0.185185185185185
283704710124119426630872870950200407450 283704710124119426630872870950200407450 283704710124119426630872870950200407450 L2_3_IT 0.831154858808077 0.518518518518518
285542291054828869801420482045222593047 285542291054828869801420482045222593047 285542291054828869801420482045222593047 Pvalb 0.221828107378774 0.0370370370370372
28568991677690397873291650200388968698 28568991677690397873291650200388968698 28568991677690397873291650200388968698 L4_5_IT 0.2129062115876 0.185185185185185
285701337116509359712896145991968202313 285701337116509359712896145991968202313 285701337116509359712896145991968202313 L2_3_IT 0.951946045483424 0.777777777777778
286609914121166620367320582982096935916 286609914121166620367320582982096935916 286609914121166620367320582982096935916 L5_ET 0.658839562690324 0.592592592592593
287351866005703445818181198921004278993 287351866005703445818181198921004278993 287351866005703445818181198921004278993 L2_3_IT 0.235241620412227 0.37037037037037
288096151203091949205477890448320545708 288096151203091949205477890448320545708 288096151203091949205477890448320545708 L4_5_IT 0.0682758786238259 0.185185185185185
288347559418742904692721746174461790231 288347559418742904692721746174461790231 288347559418742904692721746174461790231 L4_5_IT 0.744660780563811 0.148148148148148
289207735900706019084421383575684865170 289207735900706019084421383575684865170 289207735900706019084421383575684865170 L4_5_IT 0.228009088815153 0.333333333333333
28947558125306342782654158603274760479 28947558125306342782654158603274760479 28947558125306342782654158603274760479 L5_IT 0.641929424806635 0.888888888888889
289507027245274556993489286922644826307 289507027245274556993489286922644826307 289507027245274556993489286922644826307 L5_IT 0.892723132978874 0.148148148148148
289749465905511064723226023190534107138 289749465905511064723226023190534107138 289749465905511064723226023190534107138 L2_3_IT 0.988393340465721 0.518518518518518
290538786927413253520880297365218490615 290538786927413253520880297365218490615 290538786927413253520880297365218490615 L4_5_IT 0.24700729348127 0.407407407407407
290660211374439364063393704191219848491 290660211374439364063393704191219848491 290660211374439364063393704191219848491 L4_5_IT 0.973933424426489 0.555555555555556
291020277943015954211517441952378724721 291020277943015954211517441952378724721 291020277943015954211517441952378724721 L2_3_IT 0.551470500236521 0.222222222222222
291073954632244594577986921455396050970 291073954632244594577986921455396050970 291073954632244594577986921455396050970 L2_3_IT 0.334405284407402 0.259259259259259
291085725036857863340260953030926706061 291085725036857863340260953030926706061 291085725036857863340260953030926706061 L2_3_IT 0.957808697803214 0.555555555555556
291660058548935402229311462097571587542 291660058548935402229311462097571587542 291660058548935402229311462097571587542 L6_IT 0.97978543798222 0.518518518518518
291920476814441105898741344889671687956 291920476814441105898741344889671687956 291920476814441105898741344889671687956 L4_5_IT 0.460806753872632 0.37037037037037
292091871078333955989651982556820281362 292091871078333955989651982556820281362 292091871078333955989651982556820281362 L4_5_IT 0.445081068546756 0.37037037037037
293999290843482143396750877509853030488 293999290843482143396750877509853030488 293999290843482143396750877509853030488 L5_ET 0.962115742393443 0.518518518518518
294821800702651936752488521826665323729 294821800702651936752488521826665323729 294821800702651936752488521826665323729 L6_IT 0.98945996297354 0.703703703703704
295133360545078097466810123413356098424 295133360545078097466810123413356098424 295133360545078097466810123413356098424 OPC 0.831689663705012 0.518518518518518
296839585596796825688390052784177543908 296839585596796825688390052784177543908 296839585596796825688390052784177543908 L2_3_IT 0.345027823414985 0.62962962962963
297232957338221866863917144220008225735 297232957338221866863917144220008225735 297232957338221866863917144220008225735 Astro 0.875412871623472 0.259259259259259
297297354768927553276372660997782875747 297297354768927553276372660997782875747 297297354768927553276372660997782875747 L6_IT 0.652054042986505 0.777777777777778
29775310950590441136425733896771151462 29775310950590441136425733896771151462 29775310950590441136425733896771151462 Pvalb 0.756545817631059 0.148148148148148
297774655361068446318854076771890432941 297774655361068446318854076771890432941 297774655361068446318854076771890432941 L5_IT 0.235180922912108 0.185185185185185
298239347137548300192557692562294677147 298239347137548300192557692562294677147 298239347137548300192557692562294677147 L2_3_IT 0.360592644718499 0.666666666666667
298471959442459711358720758615929685512 298471959442459711358720758615929685512 298471959442459711358720758615929685512 L2_3_IT 0.164537093920731 0.0370370370370372
298557634373992847245911112956311566945 298557634373992847245911112956311566945 298557634373992847245911112956311566945 L2_3_IT 0.732320342605668 0.62962962962963
298838832035634261563736144656929618847 298838832035634261563736144656929618847 298838832035634261563736144656929618847 L5_ET 0.65136188772067 0.407407407407407
298858099400434801226093302366940648647 298858099400434801226093302366940648647 298858099400434801226093302366940648647 L4_5_IT 0.414157193417109 0.0740740740740743
299064431348631932827263291857304224402 299064431348631932827263291857304224402 299064431348631932827263291857304224402 L2_3_IT 0.228941949340981 0.185185185185185
29910797351306599019580248745342714388 29910797351306599019580248745342714388 29910797351306599019580248745342714388 L5_ET 0.78600290997961 0.0740740740740743
300134781156664075934110474580191478049 300134781156664075934110474580191478049 300134781156664075934110474580191478049 L4_5_IT 0.0727459825114926 0.185185185185185
301527863277350414341892329984094939784 301527863277350414341892329984094939784 301527863277350414341892329984094939784 L4_5_IT 0.228019021959419 0.185185185185185
301767819756953289887549522514207001361 301767819756953289887549522514207001361 301767819756953289887549522514207001361 L2_3_IT 0.340536698493178 0.444444444444444
302244254175438614669604336180544179932 302244254175438614669604336180544179932 302244254175438614669604336180544179932 L4_5_IT 0.908535228079622 0.148148148148148
30402638718851878992440171358819598728 30402638718851878992440171358819598728 30402638718851878992440171358819598728 L5_ET 0.33128236103875 0.333333333333333
304234787501892091453007328329457735466 304234787501892091453007328329457735466 304234787501892091453007328329457735466 L5_ET 0.779332109706558 0.148148148148148
304384338816206816077683744529143206031 304384338816206816077683744529143206031 304384338816206816077683744529143206031 L5_IT 0.353884973369841 0.37037037037037
30456101139695489841628037843100444781 30456101139695489841628037843100444781 30456101139695489841628037843100444781 Endo 0.66508744821427 0.851851851851852
306020601254924488867686139206180379663 306020601254924488867686139206180379663 306020601254924488867686139206180379663 L4_5_IT 0.814681447152274 0.888888888888889
30698985250986399123697984564735429580 30698985250986399123697984564735429580 30698985250986399123697984564735429580 L5_ET 0.222043238503324 0.333333333333333
307379159966975957698001876075669748712 307379159966975957698001876075669748712 307379159966975957698001876075669748712 L5_IT 0.681077238855613 0.851851851851852
308369739205941705301539993856651348704 308369739205941705301539993856651348704 308369739205941705301539993856651348704 L2_3_IT 0.353990904348512 0.148148148148148
308443130563555459236148400300260443016 308443130563555459236148400300260443016 308443130563555459236148400300260443016 L2_3_IT 0.317886214827192 0.185185185185185
308653787516734210803394793367859927636 308653787516734210803394793367859927636 308653787516734210803394793367859927636 L6_IT 0.658088819593095 0.481481481481482
30892011602199098328549435272220997437 30892011602199098328549435272220997437 30892011602199098328549435272220997437 L5_ET 0.648807551414056 0.259259259259259
309216255992658767410844905314883573748 309216255992658767410844905314883573748 309216255992658767410844905314883573748 L2_3_IT 0.77517709013622 0.0740740740740743
309454276556810215059744247272640164556 309454276556810215059744247272640164556 309454276556810215059744247272640164556 L4_5_IT 0.10447282832425 0.259259259259259
309483713188744628216166547970939736064 309483713188744628216166547970939736064 309483713188744628216166547970939736064 L5_IT 0.822744531951688 0.814814814814815
3097956688612534549222273955042396088 3097956688612534549222273955042396088 3097956688612534549222273955042396088 L5_ET 0.974220450402173 0.814814814814815
310777139113648534549558499825191796250 310777139113648534549558499825191796250 310777139113648534549558499825191796250 L5_IT 0.470246347274931 0.592592592592593
311055049790659545791478691026045612866 311055049790659545791478691026045612866 311055049790659545791478691026045612866 L4_5_IT 0.674843153221262 0.851851851851852
312889437527333831256510616450061193515 312889437527333831256510616450061193515 312889437527333831256510616450061193515 L5_IT 0.970507420768922 0.592592592592593
313201904038318954007375951880080983090 313201904038318954007375951880080983090 313201904038318954007375951880080983090 L5_ET 0.956959557108953 0.592592592592593
313770217456411629932695932321775095178 313770217456411629932695932321775095178 313770217456411629932695932321775095178 L5_IT 0.647692436197759 0.777777777777778
314925749576977026837427519721173845933 314925749576977026837427519721173845933 314925749576977026837427519721173845933 L2_3_IT 0.978962751668046 0.703703703703704
315577296422889662601610815121605771423 315577296422889662601610815121605771423 315577296422889662601610815121605771423 L5_ET 0.468440820362163 0.222222222222222
315699224528663034987588831594220731762 315699224528663034987588831594220731762 315699224528663034987588831594220731762 L5_ET 0.885884496275396 0.259259259259259
316956973117931705745051822062096400866 316956973117931705745051822062096400866 316956973117931705745051822062096400866 L2_3_IT 0.659545869157481 0.185185185185185
318505190281181412941174304091647455926 318505190281181412941174304091647455926 318505190281181412941174304091647455926 L5_IT 0.672545185397593 0.888888888888889
318739030299563883822017843146893701903 318739030299563883822017843146893701903 318739030299563883822017843146893701903 L5_ET 0.755326601714629 0.740740740740741
319476077643842488757656292485925301483 319476077643842488757656292485925301483 319476077643842488757656292485925301483 L2_3_IT 0.218327255737135 0.259259259259259
319662000033393366596780800437352315454 319662000033393366596780800437352315454 319662000033393366596780800437352315454 L2_3_IT 0.55983770280551 0.148148148148148
320006507451111303691289940459921788406 320006507451111303691289940459921788406 320006507451111303691289940459921788406 L5_IT 0.34143893461073 0.296296296296296
320487553533726706766051393348848472219 320487553533726706766051393348848472219 320487553533726706766051393348848472219 L5_ET 0.553358838883881 0.148148148148148
320574005265487253024847309670954418063 320574005265487253024847309670954418063 320574005265487253024847309670954418063 L5_ET 0.670911904673906 0.703703703703704
32080288945540461163094291284245815131 32080288945540461163094291284245815131 32080288945540461163094291284245815131 L2_3_IT 0.832461672801971 0.814814814814815
320917520884644524740830905510509046352 320917520884644524740830905510509046352 320917520884644524740830905510509046352 L5_ET 0.748404472282073 0.62962962962963
321770350211376037913432385851114861773 321770350211376037913432385851114861773 321770350211376037913432385851114861773 L4_5_IT 0.125187518897376 0.222222222222222
323473010901051900382925458211758516788 323473010901051900382925458211758516788 323473010901051900382925458211758516788 L4_5_IT 0.73797398099583 0.62962962962963
324479876970119230529744421886821421851 324479876970119230529744421886821421851 324479876970119230529744421886821421851 L2_3_IT 0.649850953968812 0.888888888888889
325159494428347531100719903862696109416 325159494428347531100719903862696109416 325159494428347531100719903862696109416 L2_3_IT 0.889932031069737 0.259259259259259
325176712638306543397161034444498045346 325176712638306543397161034444498045346 325176712638306543397161034444498045346 L4_5_IT 0.960997856697299 0.814814814814815
326916784874011592373110702193472733445 326916784874011592373110702193472733445 326916784874011592373110702193472733445 L5_IT 0.650762701161793 0.777777777777778
328430359376885659634914294317036115384 328430359376885659634914294317036115384 328430359376885659634914294317036115384 L2_3_IT 0.835601490700209 0.185185185185185
328742395005917596052127732797962532548 328742395005917596052127732797962532548 328742395005917596052127732797962532548 L6_IT 0.558306980018257 0.518518518518518
328944211284959441393787951080407015236 328944211284959441393787951080407015236 328944211284959441393787951080407015236 L2_3_IT 0.684503741238972 0.518518518518518
328958120264981873694222123444631325536 328958120264981873694222123444631325536 328958120264981873694222123444631325536 Astro 0.219144102559518 0.333333333333333
328993035838599907448719384993318749133 328993035838599907448719384993318749133 328993035838599907448719384993318749133 L4_5_IT 0.257778413305976 0.37037037037037
329230521432384234152220887009136429133 329230521432384234152220887009136429133 329230521432384234152220887009136429133 Endo 0.429486476289777 0.62962962962963
329615070937448461627667815027158343033 329615070937448461627667815027158343033 329615070937448461627667815027158343033 L5_IT 0.469544543087234 0.407407407407407
331513119874718902260048185660830526454 331513119874718902260048185660830526454 331513119874718902260048185660830526454 L5_IT 0.952241277076583 0.555555555555556
334698906494976594394505671292622692956 334698906494976594394505671292622692956 334698906494976594394505671292622692956 L2_3_IT 0.36186279888373 0.296296296296296
334915228304538539231331105894250984358 334915228304538539231331105894250984358 334915228304538539231331105894250984358 L4_5_IT 0.329566201914752 0.370370370370371
336260708379898324527988103186318298108 336260708379898324527988103186318298108 336260708379898324527988103186318298108 L4_5_IT 0.355622487916234 0.148148148148148
336553787442607144480749440039331203692 336553787442607144480749440039331203692 336553787442607144480749440039331203692 L5_IT 0.825706594390808 0.666666666666667
336968071145720520410634249777962625153 336968071145720520410634249777962625153 336968071145720520410634249777962625153 Micro 0.164910858033064 0.296296296296296
33715225581071570569645900486125371368 33715225581071570569645900486125371368 33715225581071570569645900486125371368 L2_3_IT 0.360994401892276 0.222222222222222
338131349991531604857719975099686844702 338131349991531604857719975099686844702 338131349991531604857719975099686844702 L4_5_IT 0.241543084169473 0.185185185185185
338990954624100774824522074855139356607 338990954624100774824522074855139356607 338990954624100774824522074855139356607 L2_3_IT 0.453834200025199 0.259259259259259
33953078841341692724328947948092749169 33953078841341692724328947948092749169 33953078841341692724328947948092749169 L4_5_IT 0.536679955433876 0.518518518518518
339880202466578241889568728179329879759 339880202466578241889568728179329879759 339880202466578241889568728179329879759 L4_5_IT 0.428557170454108 0.481481481481482
340175909371780053481800198373629121453 340175909371780053481800198373629121453 340175909371780053481800198373629121453 L4_5_IT 0.67578392871246 0.703703703703704
3416126655017681439692189890686309352 3416126655017681439692189890686309352 3416126655017681439692189890686309352 L4_5_IT 0.266109417438443 0.185185185185185
34513293354734070386424153937627612723 34513293354734070386424153937627612723 34513293354734070386424153937627612723 L4_5_IT 0.804555472626218 0.777777777777778
34699692619521172392476357325016228678 34699692619521172392476357325016228678 34699692619521172392476357325016228678 L4_5_IT 0.680230402012775 0.0740740740740743
34723182058924265408073791811691302037 34723182058924265408073791811691302037 34723182058924265408073791811691302037 L6_IT 0.655883222289238 0.925925925925926
35318975132151531809629292393394949969 35318975132151531809629292393394949969 35318975132151531809629292393394949969 Astro 0.471194840395562 0.518518518518518
35463563963762154499719534952321989069 35463563963762154499719534952321989069 35463563963762154499719534952321989069 L2_3_IT 0.791444500118926 0.407407407407407
35565588844320670416163928251662460080 35565588844320670416163928251662460080 35565588844320670416163928251662460080 L2_3_IT 0.469954596016345 0.407407407407407
35714285791603244364572656055850356428 35714285791603244364572656055850356428 35714285791603244364572656055850356428 L4_5_IT 0.667496668503597 0.851851851851852
36373767317377068323720586575078798431 36373767317377068323720586575078798431 36373767317377068323720586575078798431 L5_ET 0.324342656828265 0.259259259259259
36461652443774855672376998223112783292 36461652443774855672376998223112783292 36461652443774855672376998223112783292 L2_3_IT 0.236819894933911 0.518518518518518
3689412218577160422121539388448719173 3689412218577160422121539388448719173 3689412218577160422121539388448719173 L5_IT 0.341153318613592 0.296296296296296
37197830761931438027541823991447602340 37197830761931438027541823991447602340 37197830761931438027541823991447602340 L6_IT 0.44820345570683 0.740740740740741
379723268488897347999752659151952000 379723268488897347999752659151952000 379723268488897347999752659151952000 Astro 0.819241420081339 0.777777777777778
38086359544417720368582623308702846791 38086359544417720368582623308702846791 38086359544417720368582623308702846791 L2_3_IT 0.245676011547774 0.259259259259259
38423658359677449096149035485560599994 38423658359677449096149035485560599994 38423658359677449096149035485560599994 L2_3_IT 0.891807724913729 0.259259259259259
39693316101769074617171245233800489778 39693316101769074617171245233800489778 39693316101769074617171245233800489778 L2_3_IT 0.455874653608413 0.592592592592593
41399472135435185537780016943195527080 41399472135435185537780016943195527080 41399472135435185537780016943195527080 L4_5_IT 0.978060194168985 0.703703703703704
42093594976081701343804389479104081656 42093594976081701343804389479104081656 42093594976081701343804389479104081656 L5_ET 0.654893940923672 0.185185185185185
4225540512996765088319663865953331825 4225540512996765088319663865953331825 4225540512996765088319663865953331825 Astro 0.344832502724618 0.185185185185185
42382825701143768941200644664639177062 42382825701143768941200644664639177062 42382825701143768941200644664639177062 L4_5_IT 0.427887162678045 0.555555555555556
43589869345378068773814457859505862108 43589869345378068773814457859505862108 43589869345378068773814457859505862108 L6_IT 0.649613052441454 0.333333333333333
44092419486155661349060536463375265136 44092419486155661349060536463375265136 44092419486155661349060536463375265136 L2_3_IT 0.746145519433016 0.740740740740741
44293220986038917682805209595298582310 44293220986038917682805209595298582310 44293220986038917682805209595298582310 L5_ET 0.905287111546952 0.148148148148148
45341109923558531517316600908725176229 45341109923558531517316600908725176229 45341109923558531517316600908725176229 Astro 0.56941423519328 0.518518518518518
45695190155157529328513834005018605684 45695190155157529328513834005018605684 45695190155157529328513834005018605684 L6_IT 0.634186360897251 0.777777777777778
47657558672574819601749976742281547207 47657558672574819601749976742281547207 47657558672574819601749976742281547207 L6_IT 0.466594029199317 0.37037037037037
48239463152633146946865780580461147451 48239463152633146946865780580461147451 48239463152633146946865780580461147451 L5_ET 0.554056351329207 0.148148148148148
48312227166047597723934569297970245783 48312227166047597723934569297970245783 48312227166047597723934569297970245783 L2_3_IT 0.42591799404691 0.703703703703704
48761651496216071629496459073802461640 48761651496216071629496459073802461640 48761651496216071629496459073802461640 L2_3_IT 0.223628485316945 0.222222222222222
49005085154058346030288577258238791777 49005085154058346030288577258238791777 49005085154058346030288577258238791777 L5_ET 0.362559282742017 0.185185185185185
49142857675343989490934056032157927071 49142857675343989490934056032157927071 49142857675343989490934056032157927071 L4_5_IT 0.680621394429919 0.740740740740741
4925626277336253162663132190214548415 4925626277336253162663132190214548415 4925626277336253162663132190214548415 L4_5_IT 0.957914596830391 0.740740740740741
49991873712950868447571670855407696049 49991873712950868447571670855407696049 49991873712950868447571670855407696049 L4_5_IT 0.74601902111483 0.62962962962963
50280593810005486681834027688063666078 50280593810005486681834027688063666078 50280593810005486681834027688063666078 L6_IT 0.445922646182244 0.259259259259259
50738859874531625664049060568098510756 50738859874531625664049060568098510756 50738859874531625664049060568098510756 L2_3_IT 0.168982836688554 0.518518518518518
51254050610537451552122151709428991765 51254050610537451552122151709428991765 51254050610537451552122151709428991765 L4_5_IT 0.571080461278342 0.148148148148148
51335653574879995960446194683482669232 51335653574879995960446194683482669232 51335653574879995960446194683482669232 L2_3_IT 0.982481185560945 0.814814814814815
51652958228377506426712340356980036236 51652958228377506426712340356980036236 51652958228377506426712340356980036236 L2_3_IT 0.663241503168073 0.888888888888889
52942337375679085626517804908455581315 52942337375679085626517804908455581315 52942337375679085626517804908455581315 L2_3_IT 0.336584190872829 0.296296296296296
53216775206945859454882463625018421029 53216775206945859454882463625018421029 53216775206945859454882463625018421029 L2_3_IT 0.449885222556727 0.518518518518518
55176366993199345377496120870412095081 55176366993199345377496120870412095081 55176366993199345377496120870412095081 L5_ET 0.77646532176438 0.0740740740740743
55215075563751010380656060561761116807 55215075563751010380656060561761116807 55215075563751010380656060561761116807 L2_3_IT 0.964537552841175 0.592592592592593
55698555218226570559180238933169257368 55698555218226570559180238933169257368 55698555218226570559180238933169257368 L2_3_IT 0.901141635056853 0.259259259259259
56119389863602940432023293698269854296 56119389863602940432023293698269854296 56119389863602940432023293698269854296 L5_ET 0.437170664193237 0.0740740740740743
57216368856359316089166058894265495191 57216368856359316089166058894265495191 57216368856359316089166058894265495191 L2_3_IT 0.657776111299707 0.740740740740741
6023029883094486660283898505992692473 6023029883094486660283898505992692473 6023029883094486660283898505992692473 L5_IT 0.825565156373278 0.777777777777778
60888841489583977469362085025031956210 60888841489583977469362085025031956210 60888841489583977469362085025031956210 L5_IT 0.437716859662047 0.518518518518518
611716203986655418913949135540277048 611716203986655418913949135540277048 611716203986655418913949135540277048 L4_5_IT 0.255722062047691 0.185185185185185
61517632700182700066120784702159610901 61517632700182700066120784702159610901 61517632700182700066120784702159610901 L5_IT 0.144923019424313 0.296296296296296
62246662980915200892470969131875487690 62246662980915200892470969131875487690 62246662980915200892470969131875487690 L5_IT 0.477007987413346 0.592592592592593
63279835092758189724193350070293810578 63279835092758189724193350070293810578 63279835092758189724193350070293810578 Endo 0.459741547341023 0.0740740740740743
63894698472817626371630388973866996601 63894698472817626371630388973866996601 63894698472817626371630388973866996601 L5_IT 0.63200452755571 0.888888888888889
63948169881689838995804684330474647734 63948169881689838995804684330474647734 63948169881689838995804684330474647734 L6_IT 0.220688014387713 0.222222222222222
65084213061848135409204956664905846778 65084213061848135409204956664905846778 65084213061848135409204956664905846778 L4_5_IT 0.978692655565224 0.814814814814815
65185593183551089018144207229142457355 65185593183551089018144207229142457355 65185593183551089018144207229142457355 L4_5_IT 0.815640498465134 0.518518518518518
65545466380488439968294624105316325297 65545466380488439968294624105316325297 65545466380488439968294624105316325297 L5_IT 0.471975250087686 0.592592592592593
65718991021729643104361189558677603062 65718991021729643104361189558677603062 65718991021729643104361189558677603062 SMC 0.81775008884108 0.444444444444445
66151916089489357851015861232835484004 66151916089489357851015861232835484004 66151916089489357851015861232835484004 L2_3_IT 0.946455421640408 0.814814814814815
66203195875479559774319258947431334748 66203195875479559774319258947431334748 66203195875479559774319258947431334748 L5_IT 0.222892070396176 0.222222222222222
66457520728060092105493853692873852151 66457520728060092105493853692873852151 66457520728060092105493853692873852151 L6_IT 0.823086114168378 0.185185185185185
6647034476073159612277535311227907759 6647034476073159612277535311227907759 6647034476073159612277535311227907759 L5_ET 0.987394875162791 0.518518518518518
66475461732550250902072875320969739562 66475461732550250902072875320969739562 66475461732550250902072875320969739562 L5_ET 0.745821006446715 0.148148148148148
66706400268439524436602363710237619535 66706400268439524436602363710237619535 66706400268439524436602363710237619535 L4_5_IT 0.229448639518885 0.666666666666667
66831924957978080302493380555753570024 66831924957978080302493380555753570024 66831924957978080302493380555753570024 PVM 0.666998858955304 0.333333333333333
69270705207104940817428466163828032940 69270705207104940817428466163828032940 69270705207104940817428466163828032940 L4_5_IT 0.957887636398498 0.518518518518518
69470189191904501743866231216908644880 69470189191904501743866231216908644880 69470189191904501743866231216908644880 Astro 0.555791141735302 0.481481481481482
70587233256528025037488693975146512062 70587233256528025037488693975146512062 70587233256528025037488693975146512062 L4_5_IT 0.647328428772995 0.740740740740741
70724102112075254398660730210067724522 70724102112075254398660730210067724522 70724102112075254398660730210067724522 L5_ET 0.422942939258566 0.333333333333333
70849265665178159914188725688490607276 70849265665178159914188725688490607276 70849265665178159914188725688490607276 L5_ET 0.979884162856098 0.703703703703704
70974717200475590661341808754883577126 70974717200475590661341808754883577126 70974717200475590661341808754883577126 L4_5_IT 0.972893503662898 0.518518518518518
71382351914771245401103215286278880850 71382351914771245401103215286278880850 71382351914771245401103215286278880850 L2_3_IT 0.678755044945982 0.370370370370371
7170742652756561642694696003669506753 7170742652756561642694696003669506753 7170742652756561642694696003669506753 L4_5_IT 0.672743701877819 0.481481481481482
71815225785014474262165568803906096342 71815225785014474262165568803906096342 71815225785014474262165568803906096342 L2_3_IT 0.264310647890189 0.518518518518518
71902538439535134454637622059539240579 71902538439535134454637622059539240579 71902538439535134454637622059539240579 Pvalb 0.628844824566686 0.740740740740741
74066123389575590259764264072575923777 74066123389575590259764264072575923777 74066123389575590259764264072575923777 L5_ET 0.637103449490043 0.185185185185185
74113252445297412012583744135369433957 74113252445297412012583744135369433957 74113252445297412012583744135369433957 L4_5_IT 0.980153025563802 0.814814814814815
74243479981089799760580205656163404436 74243479981089799760580205656163404436 74243479981089799760580205656163404436 L5_ET 0.557541446232932 0.222222222222222
74977699617326818079087567760630816063 74977699617326818079087567760630816063 74977699617326818079087567760630816063 L5_ET 0.980225350634811 0.814814814814815
75237676957020795680365146621222990458 75237676957020795680365146621222990458 75237676957020795680365146621222990458 L2_3_IT 0.748310159233033 0.185185185185185
76505855740238791389094364422797848606 76505855740238791389094364422797848606 76505855740238791389094364422797848606 L5_ET 0.900410671397377 0.259259259259259
76818821188400065011763524067709959272 76818821188400065011763524067709959272 76818821188400065011763524067709959272 L2_3_IT 0.328492359113189 0.259259259259259
78082452817315974195865639550658215255 78082452817315974195865639550658215255 78082452817315974195865639550658215255 L4_5_IT 0.826370134605227 0.777777777777778
78528901472357831349690978635712884615 78528901472357831349690978635712884615 78528901472357831349690978635712884615 L4_5_IT 0.0645454549660532 0.185185185185185
79614208103851728725832990388402931679 79614208103851728725832990388402931679 79614208103851728725832990388402931679 L4_5_IT 0.468251101839347 0.37037037037037
79730314242071748758043428288727596155 79730314242071748758043428288727596155 79730314242071748758043428288727596155 L2_3_IT 0.350607891625996 0.259259259259259
79951642086169678540729660999589127635 79951642086169678540729660999589127635 79951642086169678540729660999589127635 L6_IT 0.751286779778817 0.148148148148148
80210897743146618991411525086202387696 80210897743146618991411525086202387696 80210897743146618991411525086202387696 L4_5_IT 0.95468344025199 0.555555555555556
80362880647773685615317957097812440691 80362880647773685615317957097812440691 80362880647773685615317957097812440691 L2_3_IT 0.903559214487573 0.259259259259259
80868290332348661632568527111790201290 80868290332348661632568527111790201290 80868290332348661632568527111790201290 Astro 0.341894788484493 0.407407407407407
81541002082652584398297555643726857487 81541002082652584398297555643726857487 81541002082652584398297555643726857487 L4_5_IT 0.399415345109737 0.0740740740740743
82271225653297855987525786896230490770 82271225653297855987525786896230490770 82271225653297855987525786896230490770 L4_5_IT 0.157244577856616 0.296296296296296
8328698498355625341601602662996667289 8328698498355625341601602662996667289 8328698498355625341601602662996667289 L4_5_IT 0.114207212713009 0.222222222222222
83289803685310159160506780400185506959 83289803685310159160506780400185506959 83289803685310159160506780400185506959 L2_3_IT 0.971622859978545 0.777777777777778
84716313629316357111194807361286264585 84716313629316357111194807361286264585 84716313629316357111194807361286264585 L5_IT 0.235175421972321 0.333333333333333
8473985657461140968230655337855143526 8473985657461140968230655337855143526 8473985657461140968230655337855143526 L4_5_IT 0.901743309583511 0.148148148148148
8517004157172110932881922483774518575 8517004157172110932881922483774518575 8517004157172110932881922483774518575 L2_3_IT 0.352971942334061 0.666666666666667
85928924538701825768673829010199023922 85928924538701825768673829010199023922 85928924538701825768673829010199023922 L4_5_IT 0.928582521881456 0.37037037037037
8593106658749914001574293488900458487 8593106658749914001574293488900458487 8593106658749914001574293488900458487 L4_5_IT 0.748982968341144 0.185185185185185
86231173019897899136153607517310490342 86231173019897899136153607517310490342 86231173019897899136153607517310490342 Astro 0.810967374291526 0.185185185185185
86795693504795135278225385622611105366 86795693504795135278225385622611105366 86795693504795135278225385622611105366 Astro 0.797520312065166 0.740740740740741
8758775916708031083785522203818587539 8758775916708031083785522203818587539 8758775916708031083785522203818587539 L4_5_IT 0.567924998687312 0.148148148148148
88921457040482781341968534156566904966 88921457040482781341968534156566904966 88921457040482781341968534156566904966 L6_IT 0.33313624567156 0.407407407407407
89339368926080589301196552799497153967 89339368926080589301196552799497153967 89339368926080589301196552799497153967 L6_IT 0.972044663256182 0.592592592592593
89791793735980263757543153993751310471 89791793735980263757543153993751310471 89791793735980263757543153993751310471 L5_IT 0.31736593575673 0.333333333333333
89873506918194976428088181544805300595 89873506918194976428088181544805300595 89873506918194976428088181544805300595 L5_ET 0.471137193022815 0.222222222222222
90116950998178256964090902079006834856 90116950998178256964090902079006834856 90116950998178256964090902079006834856 L6_IT 0.338561196495137 0.185185185185185
90275151271898516735885280214115977411 90275151271898516735885280214115977411 90275151271898516735885280214115977411 L5_ET 0.953926141285996 0.37037037037037
92436906967359044375118367788474376663 92436906967359044375118367788474376663 92436906967359044375118367788474376663 L4_5_IT 0.95554361389242 0.666666666666667
93135749805503952338181903768483035146 93135749805503952338181903768483035146 93135749805503952338181903768483035146 L2_3_IT 0.131446849077282 0.296296296296296
93689637122762161120807650970946835711 93689637122762161120807650970946835711 93689637122762161120807650970946835711 L4_5_IT 0.332028758661816 0.185185185185185
94406726164865337328453908930341057486 94406726164865337328453908930341057486 94406726164865337328453908930341057486 L4_5_IT 0.766213098946351 0.185185185185185
9637593371317331613703614239451532005 9637593371317331613703614239451532005 9637593371317331613703614239451532005 L4_5_IT 0.828818097395816 0.185185185185185
99336778319699403237293638342022793198 99336778319699403237293638342022793198 99336778319699403237293638342022793198 L5_IT 0.94901992271553 0.555555555555556
99702068459277783182220371956699162352 99702068459277783182220371956699162352 99702068459277783182220371956699162352 L5_ET 0.766584520831819 0.740740740740741
100144987682981782100923292757524648699 100144987682981782100923292757524648699 100144987682981782100923292757524648699 VLMC 0.216928055622255 0.703703703703704
100380418078413692631351412383892166094 100380418078413692631351412383892166094 100380418078413692631351412383892166094 L4_5_IT 0.4303707567766 0.666666666666667
100520046493178546699313517559503591662 100520046493178546699313517559503591662 100520046493178546699313517559503591662 VLMC 0.12192385466806 0.111111111111111
100955601535943672754469769793722395470 100955601535943672754469769793722395470 100955601535943672754469769793722395470 Astro 0.115118340255891 0.0740740740740743
101040309230617229467963033777200410268 101040309230617229467963033777200410268 101040309230617229467963033777200410268 Endo 0.78986535736739 0.777777777777778
101514388755449993173560206320331861974 101514388755449993173560206320331861974 101514388755449993173560206320331861974 Sst 0.644692091422205 0.296296296296296
101947708619388374865955767260108748338 101947708619388374865955767260108748338 101947708619388374865955767260108748338 L2_3_IT 0.428193390054814 0.666666666666667
102369133092169646929318332475012764060 102369133092169646929318332475012764060 102369133092169646929318332475012764060 PVM 0.151252419076356 0.148148148148148
102719174358977551803816356674924478310 102719174358977551803816356674924478310 102719174358977551803816356674924478310 Endo 0.232845688423224 0.592592592592593
102908585387146366434436973489258714022 102908585387146366434436973489258714022 102908585387146366434436973489258714022 Astro 0.230727267411805 0.555555555555556
102961153274706937193126587656972162038 102961153274706937193126587656972162038 102961153274706937193126587656972162038 VLMC 0.348898162578063 0.481481481481482
103059365527586362447650942647026521319 103059365527586362447650942647026521319 103059365527586362447650942647026521319 Micro 0.208661864878525 0.518518518518518
103205043405221891887187035103989199675 103205043405221891887187035103989199675 103205043405221891887187035103989199675 L2_3_IT 0.80830205578574 0.851851851851852
103789311555996607474821057762334121557 103789311555996607474821057762334121557 103789311555996607474821057762334121557 Endo 0.95775930259038 1
104688916223698180762689830356491784092 104688916223698180762689830356491784092 104688916223698180762689830356491784092 Peri 0.840863543845621 0.62962962962963
105071344348029652741587405638132693436 105071344348029652741587405638132693436 105071344348029652741587405638132693436 Micro 0.37506027782608 0.740740740740741
10542423909097908135626060641967534030 10542423909097908135626060641967534030 10542423909097908135626060641967534030 OPC 0.651672871780724 0.851851851851852
105800546334780003599145862547236550829 105800546334780003599145862547236550829 105800546334780003599145862547236550829 Endo 0.982272835775183 0.925925925925926
106561992046978215401519618966084432396 106561992046978215401519618966084432396 106561992046978215401519618966084432396 Peri 0.436148567630879 0.296296296296296
107279375333689316343066771703935286682 107279375333689316343066771703935286682 107279375333689316343066771703935286682 L2_3_IT 0.335600094226894 0.148148148148148
10763095571038339247488492184179770142 10763095571038339247488492184179770142 10763095571038339247488492184179770142 Sst 0.448184641897076 0.444444444444445
108130648943528456533306131182053429367 108130648943528456533306131182053429367 108130648943528456533306131182053429367 Endo 0.533362206162988 0.703703703703704
108204360339405890312590214638901529689 108204360339405890312590214638901529689 108204360339405890312590214638901529689 Sst 0.334181284705503 0.62962962962963
108331432487438395354063840556328662299 108331432487438395354063840556328662299 108331432487438395354063840556328662299 L2_3_IT 0.261751939733699 0.111111111111111
108703577816104806852870033412891377482 108703577816104806852870033412891377482 108703577816104806852870033412891377482 Peri 0.881351539320901 0.703703703703704
108756868308262204405703984776985604348 108756868308262204405703984776985604348 108756868308262204405703984776985604348 L2_3_IT 0.229669420702227 0.555555555555556
10894046309796222217074306139929823512 10894046309796222217074306139929823512 10894046309796222217074306139929823512 Micro 0.210990009907255 0.296296296296296
108994371364937615578426176957915465926 108994371364937615578426176957915465926 108994371364937615578426176957915465926 L2_3_IT 0.184751597288919 0.407407407407407
109382406811910134529184041547678153290 109382406811910134529184041547678153290 109382406811910134529184041547678153290 Endo 0.232082057618435 0.555555555555556
109955090882981293480942450367470058497 109955090882981293480942450367470058497 109955090882981293480942450367470058497 L2_3_IT 0.247990217153564 0.592592592592593
109979375552010212879865523379737278773 109979375552010212879865523379737278773 109979375552010212879865523379737278773 OPC 0.627705766035842 0.666666666666667
110820884352138624434222962280690742743 110820884352138624434222962280690742743 110820884352138624434222962280690742743 VLMC 0.74828085431922 0.814814814814815
111184577057130200324216658656041801044 111184577057130200324216658656041801044 111184577057130200324216658656041801044 Endo 0.775473057164021 0.111111111111111
111202160586132567750212124282637556522 111202160586132567750212124282637556522 111202160586132567750212124282637556522 VLMC 0.534047598547583 0.407407407407407
111332517517322211885738730301261569123 111332517517322211885738730301261569123 111332517517322211885738730301261569123 Astro 0.822120267658026 0.62962962962963
111957213714728414706532385407794477404 111957213714728414706532385407794477404 111957213714728414706532385407794477404 Astro 0.974960128208008 0.962962962962963
112313649661708605822521386746740287770 112313649661708605822521386746740287770 112313649661708605822521386746740287770 Endo 0.0448605161215897 0.0370370370370372
112798317270481081999445651799264173044 112798317270481081999445651799264173044 112798317270481081999445651799264173044 L2_3_IT 0.351509148610444 0.555555555555556
112819892159876621851755213304826206155 112819892159876621851755213304826206155 112819892159876621851755213304826206155 L2_3_IT 0.457187380181572 0.481481481481482
113217926220827161949323025284333574300 113217926220827161949323025284333574300 113217926220827161949323025284333574300 PVM 0.0646912858568842 0.222222222222222
113391787935580272578030166452825052154 113391787935580272578030166452825052154 113391787935580272578030166452825052154 L2_3_IT 0.37728759650662 0.703703703703704
11343915353454591594399648137182084731 11343915353454591594399648137182084731 11343915353454591594399648137182084731 L2_3_IT 0.453009054477855 0.148148148148148
113786640974909752538494903309487516494 113786640974909752538494903309487516494 113786640974909752538494903309487516494 Endo 0.533075314271344 0.777777777777778
114151134694758258360988203476491586583 114151134694758258360988203476491586583 114151134694758258360988203476491586583 Endo 0.429979963390586 0.592592592592593
114954114160031191155250063507531424616 114954114160031191155250063507531424616 114954114160031191155250063507531424616 Endo 0.15905285792972 0.62962962962963
115005267831297008919031650952261325485 115005267831297008919031650952261325485 115005267831297008919031650952261325485 Micro 0.257997385845224 0.444444444444444
115207245798983393520041199638992234484 115207245798983393520041199638992234484 115207245798983393520041199638992234484 Endo 0.22651235808775 0.0740740740740743
115655759707006349344358132234039926882 115655759707006349344358132234039926882 115655759707006349344358132234039926882 L2_3_IT 0.135508717933152 0.0740740740740743
115771809665452235846243557264627690454 115771809665452235846243557264627690454 115771809665452235846243557264627690454 VLMC 0.0555896486423002 0
115887505881922530441351324828087663437 115887505881922530441351324828087663437 115887505881922530441351324828087663437 L4_5_IT 0.424102760482862 0.296296296296296
115999603884816744753430464928476512481 115999603884816744753430464928476512481 115999603884816744753430464928476512481 L4_5_IT 0.882788635386267 0.925925925925926
116704774954951803988641760551615708613 116704774954951803988641760551615708613 116704774954951803988641760551615708613 VLMC 0.211797255613165 0.703703703703704
116910091970084445911932685772648641572 116910091970084445911932685772648641572 116910091970084445911932685772648641572 Endo 0.343043451655575 0.0740740740740743
116925923815003535916009655122113258982 116925923815003535916009655122113258982 116925923815003535916009655122113258982 Oligo 0.650133581453145 0.666666666666667
117026565575077035014681077908146314659 117026565575077035014681077908146314659 117026565575077035014681077908146314659 Micro 0.520931312676262 0.0740740740740743
117054015489946180158936379965129450223 117054015489946180158936379965129450223 117054015489946180158936379965129450223 Peri 0.15318058265655 0.111111111111111
117384039374011138447540396246307559859 117384039374011138447540396246307559859 117384039374011138447540396246307559859 L2_3_IT 0.176183181379044 0.555555555555556
117908222721967988542859836999577234968 117908222721967988542859836999577234968 117908222721967988542859836999577234968 Micro 0.440151981296856 0.296296296296296
11828046386226249017844445835274367339 11828046386226249017844445835274367339 11828046386226249017844445835274367339 PVM 0.563832318675374 0.777777777777778
118706987756990618876474764884671471212 118706987756990618876474764884671471212 118706987756990618876474764884671471212 Endo 0.877285823728778 0.703703703703704
118775130711228923975303592044796075434 118775130711228923975303592044796075434 118775130711228923975303592044796075434 PVM 0.558022283720656 0.62962962962963
11997766147673201569622196874453619551 11997766147673201569622196874453619551 11997766147673201569622196874453619551 Endo 0.0220598472038366 0.333333333333333
120178463177844948136779235689631793769 120178463177844948136779235689631793769 120178463177844948136779235689631793769 Oligo 0.34068594739929 0.407407407407407
121330168576756147439980174773451197974 121330168576756147439980174773451197974 121330168576756147439980174773451197974 Micro 0.190473509187784 0.444444444444445
121500964151967952948386852758082417550 121500964151967952948386852758082417550 121500964151967952948386852758082417550 Astro 0.177643695797386 0.592592592592593
122048444358939016025513727864162100945 122048444358939016025513727864162100945 122048444358939016025513727864162100945 L4_5_IT 0.521567911767038 0.555555555555556
12212021688682561516770904562913719454 12212021688682561516770904562913719454 12212021688682561516770904562913719454 Endo 0.803535386374693 0.962962962962963
122324795173636487649321089398308937733 122324795173636487649321089398308937733 122324795173636487649321089398308937733 VLMC 0.946062000728329 1
123325726171217048300571699688146796333 123325726171217048300571699688146796333 123325726171217048300571699688146796333 Oligo 0.255710491771311 0.111111111111111
123458279894428214305958433170649293611 123458279894428214305958433170649293611 123458279894428214305958433170649293611 Peri 0.759286894015127 0.925925925925926
124006632518508737793505439415136457597 124006632518508737793505439415136457597 124006632518508737793505439415136457597 L4_5_IT 0.765125061641344 0.703703703703704
124022895501606826854536917535172182400 124022895501606826854536917535172182400 124022895501606826854536917535172182400 Oligo 0.786189003798333 0.814814814814815
124213766751185189169263477806296981088 124213766751185189169263477806296981088 124213766751185189169263477806296981088 Astro 0.0378370580399491 0.407407407407407
124691453822339428349384949291239953608 124691453822339428349384949291239953608 124691453822339428349384949291239953608 L2_3_IT 0.748168231966437 0.814814814814815
125146603728684488599135778213455873097 125146603728684488599135778213455873097 125146603728684488599135778213455873097 Micro 0.2593619207954 0.481481481481482
125216299177960182366312333910626727331 125216299177960182366312333910626727331 125216299177960182366312333910626727331 Peri 0.573743260108294 0.259259259259259
125494262970178858946725616888930684937 125494262970178858946725616888930684937 125494262970178858946725616888930684937 Endo 0.32996001061312 0.62962962962963
126171588873143083898393999337065436078 126171588873143083898393999337065436078 126171588873143083898393999337065436078 PVM 0.579308156290824 0.888888888888889
126473019017004257630927918288506527786 126473019017004257630927918288506527786 126473019017004257630927918288506527786 L2_3_IT 0.241839331429277 0.0740740740740743
126757820565831499368528493548918171890 126757820565831499368528493548918171890 126757820565831499368528493548918171890 Endo 0.435954546671029 0.592592592592593
12686371827965870039508673221038459331 12686371827965870039508673221038459331 12686371827965870039508673221038459331 OPC 0.542079306792983 0.481481481481482
127054572525542427644775682165598968955 127054572525542427644775682165598968955 127054572525542427644775682165598968955 PVM 0.315669642869315 0.148148148148148
127289681978743655336889874311831522699 127289681978743655336889874311831522699 127289681978743655336889874311831522699 Peri 0.246633214474644 0.444444444444445
127319693859349027673228788757570606268 127319693859349027673228788757570606268 127319693859349027673228788757570606268 Micro 0.462857364843633 0.444444444444445
127651007716024343418235505801421027009 127651007716024343418235505801421027009 127651007716024343418235505801421027009 Endo 0.973676825097404 0.296296296296296
127695094551558938999161727895105471312 127695094551558938999161727895105471312 127695094551558938999161727895105471312 Sst 0.782127971178119 0.851851851851852
127883307036473784626165955953186819380 127883307036473784626165955953186819380 127883307036473784626165955953186819380 L2_3_IT 0.834258267960799 0.925925925925926
128024299567322646511468969831491235933 128024299567322646511468969831491235933 128024299567322646511468969831491235933 L2_3_IT 0.438780599847563 0.259259259259259
128148822532275968047867531663433246595 128148822532275968047867531663433246595 128148822532275968047867531663433246595 L2_3_IT 0.353611435015817 0.407407407407407
128350473805523542145584715775355751895 128350473805523542145584715775355751895 128350473805523542145584715775355751895 L2_3_IT 0.586314968060843 0.666666666666667
128533535551004541340315263198450660290 128533535551004541340315263198450660290 128533535551004541340315263198450660290 Peri 0.0172721092604191 0.481481481481482
128949228518103574069249273873216541992 128949228518103574069249273873216541992 128949228518103574069249273873216541992 L2_3_IT 0.671757257370961 0.592592592592593
129391747617187966084698838087479177954 129391747617187966084698838087479177954 129391747617187966084698838087479177954 Peri 0.206287467099395 0.444444444444445
129787611971662301224906692729974215155 129787611971662301224906692729974215155 129787611971662301224906692729974215155 Astro 0.405572865993798 0.0370370370370372
130175839280803182271530556302907702679 130175839280803182271530556302907702679 130175839280803182271530556302907702679 Peri 0.756404804773129 0.888888888888889
130768366027254951782135406301375486897 130768366027254951782135406301375486897 130768366027254951782135406301375486897 Micro 0.219776842225022 0.703703703703704
131160286661907426220240420924415825751 131160286661907426220240420924415825751 131160286661907426220240420924415825751 L2_3_IT 0.848032922337134 0.962962962962963
131336692601974919569638306079880418974 131336692601974919569638306079880418974 131336692601974919569638306079880418974 Peri 0.653478069252514 0.296296296296296
13156812993643060427792605389373299025 13156812993643060427792605389373299025 13156812993643060427792605389373299025 Peri 0.449277866908931 0.62962962962963
131688660736061582870829784206099135862 131688660736061582870829784206099135862 131688660736061582870829784206099135862 L2_3_IT 0.36731684286698 0.703703703703704
131700159818679897774022841772106663704 131700159818679897774022841772106663704 131700159818679897774022841772106663704 SMC 0.125480122236286 0.0740740740740743
131800609530538526629727643367775380229 131800609530538526629727643367775380229 131800609530538526629727643367775380229 L2_3_IT 0.524295525190743 0.0740740740740743
132185712924019711754739267361400323008 132185712924019711754739267361400323008 132185712924019711754739267361400323008 VLMC 0.143028660776387 0.0740740740740743
132268382465267730698207479739701740714 132268382465267730698207479739701740714 132268382465267730698207479739701740714 Micro 0.567688942670061 0.666666666666667
132622909422972733242202622727261771701 132622909422972733242202622727261771701 132622909422972733242202622727261771701 Endo 0.888345960841422 0.407407407407407
13296653986512781091306756251611162717 13296653986512781091306756251611162717 13296653986512781091306756251611162717 L2_3_IT 0.318138258586241 0.148148148148148
132988663934496141921985139246909458350 132988663934496141921985139246909458350 132988663934496141921985139246909458350 VLMC 0.878332858907574 0.444444444444445
133905108268584591779280270639970757232 133905108268584591779280270639970757232 133905108268584591779280270639970757232 VLMC 0.109768224093603 0.0740740740740743
133997152381974797452463905731599980925 133997152381974797452463905731599980925 133997152381974797452463905731599980925 L2_3_IT 0.246263004822239 0.444444444444445
134755427571654455104654730716287141279 134755427571654455104654730716287141279 134755427571654455104654730716287141279 L2_3_IT 0.637365734163985 0.666666666666667
135067766034344693298045512887205204636 135067766034344693298045512887205204636 135067766034344693298045512887205204636 L2_3_IT 0.111669685508977 0.555555555555556
135105555693834556977418455679912024619 135105555693834556977418455679912024619 135105555693834556977418455679912024619 Astro 0.182251037415035 0.444444444444445
135446761041641164331146173192937635288 135446761041641164331146173192937635288 135446761041641164331146173192937635288 Micro 0.462057351993884 0.148148148148148
136118276331655705521115521810150450924 136118276331655705521115521810150450924 136118276331655705521115521810150450924 Peri 0.434201703411307 0.407407407407407
136206811681965737973450650626289432726 136206811681965737973450650626289432726 136206811681965737973450650626289432726 L4_5_IT 0.467497027090452 0.481481481481482
137289132424726872250806104164043382304 137289132424726872250806104164043382304 137289132424726872250806104164043382304 L2_3_IT 0.216723913670842 0.703703703703704
137395170235539739565765503306651721992 137395170235539739565765503306651721992 137395170235539739565765503306651721992 Micro 0.85989416129704 0.444444444444444
137981098199247793342070190605019902961 137981098199247793342070190605019902961 137981098199247793342070190605019902961 L2_3_IT 0.981607846639562 0.296296296296296
138149667521237400394369153543513203175 138149667521237400394369153543513203175 138149667521237400394369153543513203175 L2_3_IT 0.333441386468386 0.666666666666667
13875899806080738370193609928013921070 13875899806080738370193609928013921070 13875899806080738370193609928013921070 Astro 0.797186200737043 0.851851851851852
139050441805955343490194896389584181964 139050441805955343490194896389584181964 139050441805955343490194896389584181964 Endo 0.245652301983079 0.444444444444445
139087644500304114139552624652658543343 139087644500304114139552624652658543343 139087644500304114139552624652658543343 L2_3_IT 0.172227659393482 0.407407407407407
139741893588468412658109088385934167044 139741893588468412658109088385934167044 139741893588468412658109088385934167044 Micro 0.561846380458551 0.592592592592593
140077955263982049859417342498222174290 140077955263982049859417342498222174290 140077955263982049859417342498222174290 L2_3_IT 0.985525380338246 0.296296296296296
14021378680652757179742957708491748719 14021378680652757179742957708491748719 14021378680652757179742957708491748719 SMC 0.675385593755037 0.666666666666667
140561592775050251705238331930148094294 140561592775050251705238331930148094294 140561592775050251705238331930148094294 L2_3_IT 0.593317048607577 0.925925925925926
140761686253127695098823455643083101369 140761686253127695098823455643083101369 140761686253127695098823455643083101369 L2_3_IT 0.757416373083642 0.814814814814815
141117970588375142247434670363170180624 141117970588375142247434670363170180624 141117970588375142247434670363170180624 L2_3_IT 0.329866649323968 0.62962962962963
14137014734257491690007165896795736010 14137014734257491690007165896795736010 14137014734257491690007165896795736010 Endo 0.631725402859877 0.666666666666667
141547277750399873230170253460896358084 141547277750399873230170253460896358084 141547277750399873230170253460896358084 Vip 0.671814167928059 0.777777777777778
14201041016478385318891646438166260606 14201041016478385318891646438166260606 14201041016478385318891646438166260606 Endo 0.439428400169259 0.296296296296296
143136697672530444113886764810790049632 143136697672530444113886764810790049632 143136697672530444113886764810790049632 L2_3_IT 0.819298633709085 0.925925925925926
143200134419300966738870731797755380223 143200134419300966738870731797755380223 143200134419300966738870731797755380223 Endo 0.745426089205655 0.962962962962963
143404649247993441470279619485365620163 143404649247993441470279619485365620163 143404649247993441470279619485365620163 L4_5_IT 0.683117140824797 0.777777777777778
143969164186051212873581266003917189293 143969164186051212873581266003917189293 143969164186051212873581266003917189293 VLMC 0.345616589266121 0.407407407407407
144005562917495232869052244297356351879 144005562917495232869052244297356351879 144005562917495232869052244297356351879 Micro 0.875946995837071 0.703703703703704
145600829526577452256705364602858532664 145600829526577452256705364602858532664 145600829526577452256705364602858532664 Peri 0.0635698053559971 0.0370370370370372
145713225767433529017900199655949706560 145713225767433529017900199655949706560 145713225767433529017900199655949706560 Endo 0.48142506912947 0.888888888888889
146050488192793020217548783125293575835 146050488192793020217548783125293575835 146050488192793020217548783125293575835 L2_3_IT 0.328747225824662 0.592592592592593
146326030467151409296173249773754138948 146326030467151409296173249773754138948 146326030467151409296173249773754138948 L4_5_IT 0.442042722240947 0.592592592592593
146522578791024958217160711706172964556 146522578791024958217160711706172964556 146522578791024958217160711706172964556 L2_3_IT 0.531108295982771 0.740740740740741
146581575483627974664122492203304659759 146581575483627974664122492203304659759 146581575483627974664122492203304659759 Sst 0.83995947896968 0.148148148148148
146589899840976964339258946674460971234 146589899840976964339258946674460971234 146589899840976964339258946674460971234 L2_3_IT 0.227778148608136 0.0740740740740743
146790776748199333241376845190569525645 146790776748199333241376845190569525645 146790776748199333241376845190569525645 L2_3_IT 0.147240446180059 0.37037037037037
146824694735413062550907949630060580313 146824694735413062550907949630060580313 146824694735413062550907949630060580313 Oligo 0.803623872500786 0.962962962962963
147259876535861643505945469734321408407 147259876535861643505945469734321408407 147259876535861643505945469734321408407 L2_3_IT 0.342050888108898 0.148148148148148
147287140875970397785553464128776509410 147287140875970397785553464128776509410 147287140875970397785553464128776509410 VLMC 0.437912956375839 0.296296296296296
147309033946749819719521264355308366124 147309033946749819719521264355308366124 147309033946749819719521264355308366124 Endo 0.111391228781233 0.555555555555556
147625617840708302048908637347555976294 147625617840708302048908637347555976294 147625617840708302048908637347555976294 L2_3_IT 0.542034242558327 0.407407407407407
147826449600712104282252132712548109195 147826449600712104282252132712548109195 147826449600712104282252132712548109195 Micro 0.249572133869933 0.592592592592593
148815427890387035513913918893530803651 148815427890387035513913918893530803651 148815427890387035513913918893530803651 Endo 0.155261982037805 0.222222222222222
149346979155628824221049720458300449793 149346979155628824221049720458300449793 149346979155628824221049720458300449793 Oligo 0.0659740629848961 0.111111111111111
149736735152191545990270851197500219765 149736735152191545990270851197500219765 149736735152191545990270851197500219765 L2_3_IT 0.591389813401696 0.925925925925926
150226494654285793659367348716471372631 150226494654285793659367348716471372631 150226494654285793659367348716471372631 L2_3_IT 0.658343983565067 0.62962962962963
150295425285424511328635565764289777804 150295425285424511328635565764289777804 150295425285424511328635565764289777804 Endo 0.755801591993348 0.888888888888889
150817991093285851937570125291876901765 150817991093285851937570125291876901765 150817991093285851937570125291876901765 L2_3_IT 0.561713579528003 0.592592592592593
151539140003703281379559268540780337424 151539140003703281379559268540780337424 151539140003703281379559268540780337424 Astro 0.164714894107661 0.222222222222222
151667559744034416271020439537878616939 151667559744034416271020439537878616939 151667559744034416271020439537878616939 Astro 0.535615785552745 0.62962962962963
15205335280554582448852113315179899549 15205335280554582448852113315179899549 15205335280554582448852113315179899549 L2_3_IT 0.0494994961352754 0.370370370370371
152168232052716480753721270977049732393 152168232052716480753721270977049732393 152168232052716480753721270977049732393 Peri 0.0661256417850876 0.555555555555556
15241719890536025845727950079120449908 15241719890536025845727950079120449908 15241719890536025845727950079120449908 L2_3_IT 0.78904714334041 0.222222222222222
152486784525216667612655104026151818000 152486784525216667612655104026151818000 152486784525216667612655104026151818000 Pvalb 0.845507025901811 0.148148148148148
152877786464970512550534989405616058461 152877786464970512550534989405616058461 152877786464970512550534989405616058461 L2_3_IT 0.483590931665508 0.62962962962963
153061514598075488988166392470485009021 153061514598075488988166392470485009021 153061514598075488988166392470485009021 Astro 0.956585153395139 1
153137012014445390805674923716710734839 153137012014445390805674923716710734839 153137012014445390805674923716710734839 L2_3_IT 0.0643409819697638 0.222222222222222
153269543778675948188991428610203101461 153269543778675948188991428610203101461 153269543778675948188991428610203101461 L2_3_IT 0.566997878554822 0.555555555555556
153292076479870996349323620750157283743 153292076479870996349323620750157283743 153292076479870996349323620750157283743 Sst 0.983740886255175 0.925925925925926
153308733154099008478345613869212528708 153308733154099008478345613869212528708 153308733154099008478345613869212528708 L2_3_IT 0.241404682779121 0.111111111111111
153693652541280080690069033502815147485 153693652541280080690069033502815147485 153693652541280080690069033502815147485 Endo 0.569549804056721 0.703703703703704
15386233475548728634421105885413762254 15386233475548728634421105885413762254 15386233475548728634421105885413762254 L2_3_IT 0.159976628664278 0.222222222222222
153930469426972548931087509314627783621 153930469426972548931087509314627783621 153930469426972548931087509314627783621 Astro 0.987486366054752 0.259259259259259
154602257647205279457537764528867462332 154602257647205279457537764528867462332 154602257647205279457537764528867462332 OPC 0.069366814824882 0.148148148148148
154941918853297647826511671754387207534 154941918853297647826511671754387207534 154941918853297647826511671754387207534 Oligo 0.670863882923326 0.666666666666667
155891009864451782687663289817755804891 155891009864451782687663289817755804891 155891009864451782687663289817755804891 SMC 0.240740307574004 0.444444444444445
157106437423495945340787877886370765306 157106437423495945340787877886370765306 157106437423495945340787877886370765306 Peri 0.150604858460677 0.62962962962963
157633184607313729711111383815150863098 157633184607313729711111383815150863098 157633184607313729711111383815150863098 Endo 0.978332711194973 0.296296296296296
157738828637832380116435705528947419696 157738828637832380116435705528947419696 157738828637832380116435705528947419696 VLMC 0.787687188827338 0.777777777777778
15785077542571409747339535502725850703 15785077542571409747339535502725850703 15785077542571409747339535502725850703 Micro 0.47603862764901 0.888888888888889
157859929252313472223061538703116363019 157859929252313472223061538703116363019 157859929252313472223061538703116363019 Endo 0.375306572348452 0.703703703703704
158120508359929113381191597967004028177 158120508359929113381191597967004028177 158120508359929113381191597967004028177 Peri 0.974394157882128 0.925925925925926
159636698303632076765549639953708406452 159636698303632076765549639953708406452 159636698303632076765549639953708406452 Vip 0.107383237213979 0.333333333333333
160450920158094192212434831005373129755 160450920158094192212434831005373129755 160450920158094192212434831005373129755 Endo 0.364415711971874 0.481481481481482
16056703252605361028456577753253969472 16056703252605361028456577753253969472 16056703252605361028456577753253969472 Oligo 0.230508972164995 0.148148148148148
161084667074316048000496152313396049035 161084667074316048000496152313396049035 161084667074316048000496152313396049035 L2_3_IT 0.808525422225698 0.666666666666667
161619216271830849637917030889913493218 161619216271830849637917030889913493218 161619216271830849637917030889913493218 Peri 0.545586872416524 0.814814814814815
161925118622011653251935135475475464319 161925118622011653251935135475475464319 161925118622011653251935135475475464319 Pvalb 0.572528581608264 0.259259259259259
16245742333439647413559644066524008432 16245742333439647413559644066524008432 16245742333439647413559644066524008432 Endo 0.240581916741344 0.444444444444445
162849485866403490962525325411640330650 162849485866403490962525325411640330650 162849485866403490962525325411640330650 Sst 0.961026849742624 0.851851851851852
163030400434919741151153796284785251054 163030400434919741151153796284785251054 163030400434919741151153796284785251054 Micro 0.155933341791422 0.148148148148148
163567126453696587319896042168977668542 163567126453696587319896042168977668542 163567126453696587319896042168977668542 L2_3_IT 0.336210324636688 0.111111111111111
164196684880109298909995085412978702395 164196684880109298909995085412978702395 164196684880109298909995085412978702395 L2_3_IT 0.491956749276008 0.888888888888889
165561460020027881435633933261305575355 165561460020027881435633933261305575355 165561460020027881435633933261305575355 Astro 0.887775415384616 0.444444444444445
165913852658802808322629804080781629887 165913852658802808322629804080781629887 165913852658802808322629804080781629887 Endo 0.673730988065786 0.777777777777778
166207520420008243227008421269296865018 166207520420008243227008421269296865018 166207520420008243227008421269296865018 Vip 0.273651587665028 0.0370370370370372
167031416697965672557336400763603555856 167031416697965672557336400763603555856 167031416697965672557336400763603555856 L2_3_IT 0.212954312077748 0.518518518518518
167334399873025238058733490667724036272 167334399873025238058733490667724036272 167334399873025238058733490667724036272 Astro 0.263312623941066 0.111111111111111
1679740621855038741587972382170300344 1679740621855038741587972382170300344 1679740621855038741587972382170300344 L2_3_IT 0.950496449337048 1
167981212931998758700840459818927921245 167981212931998758700840459818927921245 167981212931998758700840459818927921245 L4_5_IT 0.25345682535023 0.592592592592593
168216847524838670721601255290069053850 168216847524838670721601255290069053850 168216847524838670721601255290069053850 Sst 0.788051919618825 0.222222222222222
168280814197746580053582342489351364579 168280814197746580053582342489351364579 168280814197746580053582342489351364579 Astro 0.54399569727668 0.814814814814815
168547962433238919565843946530873271572 168547962433238919565843946530873271572 168547962433238919565843946530873271572 L2_3_IT 0.357550960966733 0.481481481481482
168582463240411978713004453921925516254 168582463240411978713004453921925516254 168582463240411978713004453921925516254 L2_3_IT 0.875127601971832 0.444444444444445
168814410108571593212593938132936103674 168814410108571593212593938132936103674 168814410108571593212593938132936103674 Peri 0.346728890652507 0.333333333333333
169000776273950157962145806870808958090 169000776273950157962145806870808958090 169000776273950157962145806870808958090 VLMC 0.437339849468173 0.666666666666667
169161652497405346414209403189768105 169161652497405346414209403189768105 169161652497405346414209403189768105 L2_3_IT 0.641539215942888 0.296296296296296
169173712575470216692885421809356544386 169173712575470216692885421809356544386 169173712575470216692885421809356544386 L2_3_IT 0.822491201201184 0.925925925925926
170196380321268922779451565184118234123 170196380321268922779451565184118234123 170196380321268922779451565184118234123 Endo 0.564348337739905 0.259259259259259
170287286414525723531992868338100435917 170287286414525723531992868338100435917 170287286414525723531992868338100435917 SMC 0.790790199970908 0.222222222222222
170382150204322321862057519121399303331 170382150204322321862057519121399303331 170382150204322321862057519121399303331 VLMC 0.676729277770214 0.925925925925926
170556427277173503228136546317064634860 170556427277173503228136546317064634860 170556427277173503228136546317064634860 Endo 0.83184863878725 0.925925925925926
171016913393098498599278921098282178004 171016913393098498599278921098282178004 171016913393098498599278921098282178004 L2_3_IT 0.356593169923069 0.0370370370370372
171563343034200582542047758365948415527 171563343034200582542047758365948415527 171563343034200582542047758365948415527 VLMC 0.154992287215153 0.222222222222222
171621845615004118876245751164072392414 171621845615004118876245751164072392414 171621845615004118876245751164072392414 VLMC 0.212121671966707 0.703703703703704
172169726843315635905353513952496275383 172169726843315635905353513952496275383 172169726843315635905353513952496275383 Astro 0.158375606546737 0.370370370370371
172340395511838082312050977216151514083 172340395511838082312050977216151514083 172340395511838082312050977216151514083 SMC 0.883747468690876 0.703703703703704
173046491719852806632962401562505731453 173046491719852806632962401562505731453 173046491719852806632962401562505731453 L2_3_IT 0.210924734146277 0.407407407407407
173182170764165308899466426590004994631 173182170764165308899466426590004994631 173182170764165308899466426590004994631 Endo 0.307866262672787 0.0370370370370372
173208853988742890149596990519215218936 173208853988742890149596990519215218936 173208853988742890149596990519215218936 L2_3_IT 0.172741555344558 0.407407407407407
173858183193389311606658602678025279490 173858183193389311606658602678025279490 173858183193389311606658602678025279490 Astro 0.794244256050692 0.962962962962963
174127381495909637649151610408690617534 174127381495909637649151610408690617534 174127381495909637649151610408690617534 Oligo 0.591097844088889 0.888888888888889
174438512273544351874334500073302815711 174438512273544351874334500073302815711 174438512273544351874334500073302815711 L2_3_IT 0.344936711392319 0.0740740740740743
174711466812227443758483819881247724615 174711466812227443758483819881247724615 174711466812227443758483819881247724615 L2_3_IT 0.672763137571668 0.592592592592593
174986382709528496570486972853802459258 174986382709528496570486972853802459258 174986382709528496570486972853802459258 Astro 0.521926494014704 0.0740740740740743
175791191643477328182736199012626566415 175791191643477328182736199012626566415 175791191643477328182736199012626566415 SMC 0.867812267841312 0.888888888888889
176796174087339570997599952427966667218 176796174087339570997599952427966667218 176796174087339570997599952427966667218 Endo 0.561132703240354 0.296296296296296
177511298284951380808104161012168228933 177511298284951380808104161012168228933 177511298284951380808104161012168228933 L2_3_IT 0.204402578912953 0.518518518518518
177940971773366464612377803322877517021 177940971773366464612377803322877517021 177940971773366464612377803322877517021 L2_3_IT 0.361102827120828 0.703703703703704
178078999759883984354417661817549306241 178078999759883984354417661817549306241 178078999759883984354417661817549306241 L2_3_IT 0.573996077779606 0.62962962962963
178724595871406428054557696719455396499 178724595871406428054557696719455396499 178724595871406428054557696719455396499 Endo 0.538584592358735 0.333333333333333
179267141100215469422593927238978349785 179267141100215469422593927238978349785 179267141100215469422593927238978349785 Astro 0.354952590885158 0.0740740740740743
179400534792812387251480705983608581547 179400534792812387251480705983608581547 179400534792812387251480705983608581547 VLMC 0.165404931086801 0.407407407407407
179531694328942156879327578514719397057 179531694328942156879327578514719397057 179531694328942156879327578514719397057 Peri 0.538734496862655 0.62962962962963
179617470556826617343630562828255886925 179617470556826617343630562828255886925 179617470556826617343630562828255886925 Astro 0.776708404484581 0.111111111111111
180349571309263172155817781925893711265 180349571309263172155817781925893711265 180349571309263172155817781925893711265 L2_3_IT 0.147972988173667 0.259259259259259
180571656293987410003849347266392753240 180571656293987410003849347266392753240 180571656293987410003849347266392753240 Astro 0.569645459693213 0.592592592592593
180640455273787425705238493047661649224 180640455273787425705238493047661649224 180640455273787425705238493047661649224 Endo 0.338697981593739 0.148148148148148
181035599953120736360021976948996141964 181035599953120736360021976948996141964 181035599953120736360021976948996141964 PVM 0.568841078981698 0.777777777777778
181370687518219134376112984300769739695 181370687518219134376112984300769739695 181370687518219134376112984300769739695 L2_3_IT 0.567408403473598 0.62962962962963
181469649687832053144556881233970012939 181469649687832053144556881233970012939 181469649687832053144556881233970012939 L2_3_IT 0.247227916837655 0.592592592592593
182055276160108642892943548356110689417 182055276160108642892943548356110689417 182055276160108642892943548356110689417 Endo 0.173206955402646 0.444444444444444
183403223834359224406265050032730689777 183403223834359224406265050032730689777 183403223834359224406265050032730689777 L2_3_IT 0.751963117633366 0.703703703703704
183650056791258197364020083360591769141 183650056791258197364020083360591769141 183650056791258197364020083360591769141 Pvalb 0.666036556315266 0.925925925925926
184941568684442842294054169419585066289 184941568684442842294054169419585066289 184941568684442842294054169419585066289 VLMC 0.251662510057246 0.111111111111111
185716335112755288749164412171555839168 185716335112755288749164412171555839168 185716335112755288749164412171555839168 L2_3_IT 0.226973002330654 0.555555555555556
185947457304299356724361473923118748178 185947457304299356724361473923118748178 185947457304299356724361473923118748178 Astro 0.317230163843032 0.148148148148148
186288069062507006928943122920490206989 186288069062507006928943122920490206989 186288069062507006928943122920490206989 VLMC 0.974246161208415 0.962962962962963
186336242810144812429956752028842000831 186336242810144812429956752028842000831 186336242810144812429956752028842000831 Endo 0.0627164316186517 0
186383465974421405692671844642841829774 186383465974421405692671844642841829774 186383465974421405692671844642841829774 L2_3_IT 0.162290068270577 0.62962962962963
186945370494058825054596224771835493362 186945370494058825054596224771835493362 186945370494058825054596224771835493362 Micro 0.889091409388112 0.925925925925926
187454445937396802112761720437475086419 187454445937396802112761720437475086419 187454445937396802112761720437475086419 L2_3_IT 0.0591209974138843 0.555555555555556
187701576239218135284124652318825224311 187701576239218135284124652318825224311 187701576239218135284124652318825224311 L2_3_IT 0.963511788994324 0.851851851851852
188161096884300538560446666597070782095 188161096884300538560446666597070782095 188161096884300538560446666597070782095 Micro 0.420264230389238 0.407407407407407
188461502087251337924236480156335924319 188461502087251337924236480156335924319 188461502087251337924236480156335924319 L2_3_IT 0.542350960120808 0.814814814814815
188706094954040828825584481916784091124 188706094954040828825584481916784091124 188706094954040828825584481916784091124 Peri 0.671283526334848 0.925925925925926
188706624773329788992967971511666597577 188706624773329788992967971511666597577 188706624773329788992967971511666597577 OPC 0.575374066319287 0.592592592592593
189206202989877371060340579881815201784 189206202989877371060340579881815201784 189206202989877371060340579881815201784 Micro 0.530928035850753 0.407407407407407
189604328241594291701348405664416696410 189604328241594291701348405664416696410 189604328241594291701348405664416696410 Endo 0.887531717875856 0.888888888888889
190191326902612676733885702119362389564 190191326902612676733885702119362389564 190191326902612676733885702119362389564 L2_3_IT 0.321455293063117 0.62962962962963
190425607568654755591632525883896979324 190425607568654755591632525883896979324 190425607568654755591632525883896979324 L2_3_IT 0.757980930721635 0.777777777777778
190777399882425047828197828812820540116 190777399882425047828197828812820540116 190777399882425047828197828812820540116 VLMC 0.801361242063423 0.851851851851852
19096302458032550571542836194244365102 19096302458032550571542836194244365102 19096302458032550571542836194244365102 Endo 0.247938186263664 0.444444444444445
191117536559668570057755097079764166502 191117536559668570057755097079764166502 191117536559668570057755097079764166502 Sst 0.814414997185316 0.555555555555556
191219418450057502235633980483441928317 191219418450057502235633980483441928317 191219418450057502235633980483441928317 L5_IT 0.758223734051849 0.703703703703704
191229629108175921537537457447878946460 191229629108175921537537457447878946460 191229629108175921537537457447878946460 Astro 0.95024818278989 0.925925925925926
191674114683149986893472706948628063834 191674114683149986893472706948628063834 191674114683149986893472706948628063834 Endo 0.178348572919616 0.407407407407407
191736474772766694059951363237368894426 191736474772766694059951363237368894426 191736474772766694059951363237368894426 Peri 0.529575254819339 0.333333333333333
191851256540136615970647949225276698973 191851256540136615970647949225276698973 191851256540136615970647949225276698973 Endo 0.228936472065531 0.37037037037037
191968516775139763481588364712009228260 191968516775139763481588364712009228260 191968516775139763481588364712009228260 L2_3_IT 0.437881740570842 0.666666666666667
19225191829134905751851574393067240877 19225191829134905751851574393067240877 19225191829134905751851574393067240877 Pvalb 0.656429581966355 0.814814814814815
192269949099635943153846876796858476977 192269949099635943153846876796858476977 192269949099635943153846876796858476977 Pvalb 0.884077771198619 0.925925925925926
193558501578143957911126747318604946817 193558501578143957911126747318604946817 193558501578143957911126747318604946817 L2_3_IT 0.972314297274074 0.925925925925926
193772624790458269608991994099609764307 193772624790458269608991994099609764307 193772624790458269608991994099609764307 L2_3_IT 0.747206772018567 0.814814814814815
193796225148071511287163381646736658352 193796225148071511287163381646736658352 193796225148071511287163381646736658352 L2_3_IT 0.157757962775084 0.111111111111111
193866241595108737593139499202890361548 193866241595108737593139499202890361548 193866241595108737593139499202890361548 Vip 0.985051010221165 0.962962962962963
194154344107903921784826968028782716295 194154344107903921784826968028782716295 194154344107903921784826968028782716295 Endo 0.108717910025678 0.333333333333333
194344297980265642687136632019454173151 194344297980265642687136632019454173151 194344297980265642687136632019454173151 VLMC 0.961284998354695 1
194363628625329568097394866053549482090 194363628625329568097394866053549482090 194363628625329568097394866053549482090 PVM 0.886980788562804 0.407407407407407
194535269474444462937035978065253854135 194535269474444462937035978065253854135 194535269474444462937035978065253854135 SMC 0.578160083633571 0.296296296296296
195012438597967270486388054062790342369 195012438597967270486388054062790342369 195012438597967270486388054062790342369 Sst 0.967683579536201 0.259259259259259
195956357458721458006178520316271772578 195956357458721458006178520316271772578 195956357458721458006178520316271772578 Peri 0.329664116793747 0.666666666666667
19623526319060910415387832887044749430 19623526319060910415387832887044749430 19623526319060910415387832887044749430 Astro 0.807511966569393 0.222222222222222
196236920726310258956019044811895894614 196236920726310258956019044811895894614 196236920726310258956019044811895894614 VLMC 0.79135867588117 0.962962962962963
196724692157323026937781804315885089982 196724692157323026937781804315885089982 196724692157323026937781804315885089982 L2_3_IT 0.325766427604226 0.37037037037037
197073333921769007550052412270676314928 197073333921769007550052412270676314928 197073333921769007550052412270676314928 L2_3_IT 0.119474756922218 0.0740740740740743
197141744663770520735901088384839891171 197141744663770520735901088384839891171 197141744663770520735901088384839891171 L2_3_IT 0.970962544891946 0.851851851851852
197287871120850954988718369617799853716 197287871120850954988718369617799853716 197287871120850954988718369617799853716 OPC 0.223893137941484 0.407407407407407
197356635756287059894788965256481910767 197356635756287059894788965256481910767 197356635756287059894788965256481910767 L2_3_IT 0.438841714395084 0.592592592592593
197582814293031932504994470112641352894 197582814293031932504994470112641352894 197582814293031932504994470112641352894 Astro 0.943256600759313 1
197676449490908413977466164460275595093 197676449490908413977466164460275595093 197676449490908413977466164460275595093 Astro 0.213494537867284 0.518518518518518
19790104977098741541634900130574223828 19790104977098741541634900130574223828 19790104977098741541634900130574223828 Peri 0.956338627255025 0.851851851851852
197949888873474336993913327446420810581 197949888873474336993913327446420810581 197949888873474336993913327446420810581 Endo 0.787358795705536 0.555555555555556
198232181679598384277883919233171513967 198232181679598384277883919233171513967 198232181679598384277883919233171513967 L2_3_IT 0.323873436639965 0.666666666666667
198303830578678720378464135346639949010 198303830578678720378464135346639949010 198303830578678720378464135346639949010 VLMC 0.522924658140681 0.407407407407407
198735278659404991997368165229289458314 198735278659404991997368165229289458314 198735278659404991997368165229289458314 Endo 0.536642146156377 0.407407407407407
198861163654364721697530936733115097946 198861163654364721697530936733115097946 198861163654364721697530936733115097946 OPC 0.94322747168182 1
198890784367098031691676795836731533801 198890784367098031691676795836731533801 198890784367098031691676795836731533801 Endo 0.84112239607085 0.555555555555556
199178872096861761211300264535655151995 199178872096861761211300264535655151995 199178872096861761211300264535655151995 L2_3_IT 0.346915473572128 0.481481481481482
199261253767595916367400050703060799135 199261253767595916367400050703060799135 199261253767595916367400050703060799135 L2_3_IT 0.792610554526937 0.814814814814815
199425019955523013149939393494295662463 199425019955523013149939393494295662463 199425019955523013149939393494295662463 SMC 0.246387177272705 0.481481481481482
199815513571448123301512172628897377470 199815513571448123301512172628897377470 199815513571448123301512172628897377470 PVM 0.16279765026362 0.222222222222222
199827204995914820258408069445270838330 199827204995914820258408069445270838330 199827204995914820258408069445270838330 L2_3_IT 0.801163295679114 0.666666666666667
199953173485021987568561405929410467599 199953173485021987568561405929410467599 199953173485021987568561405929410467599 Astro 0.647707915119533 0.851851851851852
199998562414308036788607811869616110518 199998562414308036788607811869616110518 199998562414308036788607811869616110518 L2_3_IT 0.534274740816132 0.740740740740741
200096980402473586590024467820397767718 200096980402473586590024467820397767718 200096980402473586590024467820397767718 L2_3_IT 0.598564425479748 0.888888888888889
200164742158582728759826283849559225243 200164742158582728759826283849559225243 200164742158582728759826283849559225243 Micro 0.224739148627384 0.555555555555556
20088504561553729701053139157209311864 20088504561553729701053139157209311864 20088504561553729701053139157209311864 Vip 0.582553381749806 0.888888888888889
201119487970661791162504602907912475175 201119487970661791162504602907912475175 201119487970661791162504602907912475175 Peri 0.574905605847697 0.925925925925926
201217725798099677865434056455647227976 201217725798099677865434056455647227976 201217725798099677865434056455647227976 Astro 0.332640443787751 0.592592592592593
201322294032849582223146089409805265464 201322294032849582223146089409805265464 201322294032849582223146089409805265464 L2_3_IT 0.828728220087721 0.925925925925926
201395694304419800698975011056576370151 201395694304419800698975011056576370151 201395694304419800698975011056576370151 L2_3_IT 0.176504029938126 0.407407407407407
202691145434627882971349694753781219317 202691145434627882971349694753781219317 202691145434627882971349694753781219317 Peri 0.171501169178291 0.481481481481482
202901672451966295848079902703426283589 202901672451966295848079902703426283589 202901672451966295848079902703426283589 OPC 0.0533295931822123 0.222222222222222
204074997334235334841921087842787483022 204074997334235334841921087842787483022 204074997334235334841921087842787483022 Vip 0.0966702769205546 0.518518518518518
204142754575369218457141593176909446914 204142754575369218457141593176909446914 204142754575369218457141593176909446914 Endo 0.38325708061369 0.703703703703704
204158079915376688006460280027731300593 204158079915376688006460280027731300593 204158079915376688006460280027731300593 Sst 0.824655062171187 0.62962962962963
204531512369598051830228787643194460595 204531512369598051830228787643194460595 204531512369598051830228787643194460595 Endo 0.0542304100993145 0.555555555555556
204691037066458103807113889513648763889 204691037066458103807113889513648763889 204691037066458103807113889513648763889 Astro 0.45483863122093 0.444444444444445
204911601306701675119638688472589254927 204911601306701675119638688472589254927 204911601306701675119638688472589254927 L2_3_IT 0.127257867905942 0.333333333333333
205540853448059918805493164401701829452 205540853448059918805493164401701829452 205540853448059918805493164401701829452 Endo 0.831820800025728 0.555555555555556
205945256175626894903938002115451939147 205945256175626894903938002115451939147 205945256175626894903938002115451939147 Endo 0.952356483928891 1
206331705663825642969602443362240100747 206331705663825642969602443362240100747 206331705663825642969602443362240100747 Astro 0.148356434199726 0.111111111111111
206416329318897732181413359674626236961 206416329318897732181413359674626236961 206416329318897732181413359674626236961 L2_3_IT 0.434970970190573 0.185185185185185
206575212605417617403255162759832263551 206575212605417617403255162759832263551 206575212605417617403255162759832263551 Peri 0.112761354011682 0.555555555555556
207204883360818229751097784481424409889 207204883360818229751097784481424409889 207204883360818229751097784481424409889 OPC 0.652626435436697 0.296296296296296
207261541533973863870232018151570191533 207261541533973863870232018151570191533 207261541533973863870232018151570191533 Astro 0.159822552956125 0.111111111111111
207379361541594920953655456308528949347 207379361541594920953655456308528949347 207379361541594920953655456308528949347 Astro 0.568087112520783 0.666666666666667
207726109602665552124253723035509076550 207726109602665552124253723035509076550 207726109602665552124253723035509076550 Oligo 0.313200000412326 0.148148148148148
207901855946573865019470390217510649670 207901855946573865019470390217510649670 207901855946573865019470390217510649670 Endo 0.588904536250217 0.925925925925926
208231499720966006456184765922875498471 208231499720966006456184765922875498471 208231499720966006456184765922875498471 Endo 0.153656767882375 0.0740740740740743
208328389796023073395269833303170433459 208328389796023073395269833303170433459 208328389796023073395269833303170433459 OPC 0.541325394238997 0.481481481481482
208340983824218247369558115244048382234 208340983824218247369558115244048382234 208340983824218247369558115244048382234 Endo 0.886701485998138 0.444444444444444
208401036963732372616311598620971426200 208401036963732372616311598620971426200 208401036963732372616311598620971426200 Vip 0.0652262973932214 0.518518518518518
209092096106906277807134504174463589471 209092096106906277807134504174463589471 209092096106906277807134504174463589471 L2_3_IT 0.346750143923159 0.148148148148148
209313413039222896745264192463402596958 209313413039222896745264192463402596958 209313413039222896745264192463402596958 PVM 0.946713406782287 1
209414167689603043423162055592773972693 209414167689603043423162055592773972693 209414167689603043423162055592773972693 L2_3_IT 0.0977763750784922 0
209656267391196472053345091304388281542 209656267391196472053345091304388281542 209656267391196472053345091304388281542 Peri 0.212460199140511 0.296296296296296
209695147573571350119628610052000732403 209695147573571350119628610052000732403 209695147573571350119628610052000732403 Endo 0.664943602303027 0.592592592592593
210747354096772681657133197655792843671 210747354096772681657133197655792843671 210747354096772681657133197655792843671 Endo 0.967348705703642 1
211268099770593017841494490851096293928 211268099770593017841494490851096293928 211268099770593017841494490851096293928 Astro 0.463352927229877 0.481481481481482
211996819969277969629233714674034080716 211996819969277969629233714674034080716 211996819969277969629233714674034080716 L2_3_IT 0.215497288173839 0.407407407407407
212105498307285084783625753670942010459 212105498307285084783625753670942010459 212105498307285084783625753670942010459 Astro 0.227526216889436 0.407407407407407
212262462789475096119430843019668859816 212262462789475096119430843019668859816 212262462789475096119430843019668859816 Astro 0.466525856543152 0.888888888888889
212402056498755425322620279315796019641 212402056498755425322620279315796019641 212402056498755425322620279315796019641 Vip 0.585928748855147 0.888888888888889
213597311681871331428056655394414929317 213597311681871331428056655394414929317 213597311681871331428056655394414929317 Endo 0.320120228040472 0.111111111111111
21377346016960339915611118641456176897 21377346016960339915611118641456176897 21377346016960339915611118641456176897 L4_5_IT 0.747086103276809 0.703703703703704
213962637129921029425958728688960129916 213962637129921029425958728688960129916 213962637129921029425958728688960129916 VLMC 0.636507057119606 0.666666666666667
214295659253263392555999486908176991625 214295659253263392555999486908176991625 214295659253263392555999486908176991625 Endo 0.240274011231228 0.111111111111111
214930216991578803163892348439274895832 214930216991578803163892348439274895832 214930216991578803163892348439274895832 Sst 0.258379304447799 0.0370370370370372
214942494181389408829292736351267015882 214942494181389408829292736351267015882 214942494181389408829292736351267015882 Micro 0.890116893545129 0.851851851851852
214965008520339579987606387548420283763 214965008520339579987606387548420283763 214965008520339579987606387548420283763 Endo 0.948991263354718 0.851851851851852
215267650948196203724536166676810775720 215267650948196203724536166676810775720 215267650948196203724536166676810775720 Endo 0.0976961016077592 0.111111111111111
215696621684657025702582362857637797988 215696621684657025702582362857637797988 215696621684657025702582362857637797988 L2_3_IT 0.245486895730584 0.0370370370370372
215832850829977784445825462263382397603 215832850829977784445825462263382397603 215832850829977784445825462263382397603 Endo 0.25034820413553 0.444444444444445
216961395413885273448330541236097794195 216961395413885273448330541236097794195 216961395413885273448330541236097794195 PVM 0.787681759102364 0.555555555555556
217043779973720016586589326478526208130 217043779973720016586589326478526208130 217043779973720016586589326478526208130 Oligo 0.889880274602546 0.703703703703704
217645021138740808728781031995624809072 217645021138740808728781031995624809072 217645021138740808728781031995624809072 L2_3_IT 0.551117676453603 0.407407407407408
217848571574754187903268081830705438667 217848571574754187903268081830705438667 217848571574754187903268081830705438667 Astro 0.41332467379646 0.0370370370370372
218162904552650639071070056629897228542 218162904552650639071070056629897228542 218162904552650639071070056629897228542 OPC 0.364434549742739 0.703703703703704
218765490346024823404881384744037801411 218765490346024823404881384744037801411 218765490346024823404881384744037801411 L2_3_IT 0.555484695671612 0.592592592592593
218795905126659466895140206787261103966 218795905126659466895140206787261103966 218795905126659466895140206787261103966 Oligo 0.654231555000527 0.925925925925926
219079513087740543126827128433214596804 219079513087740543126827128433214596804 219079513087740543126827128433214596804 L2_3_IT 0.962708613444951 0.925925925925926
219705935112552902633401048149187200594 219705935112552902633401048149187200594 219705935112552902633401048149187200594 Endo 0.437425807964744 0.407407407407407
220271584610157698980324398518662902885 220271584610157698980324398518662902885 220271584610157698980324398518662902885 L2_3_IT 0.227372899348675 0.555555555555556
220307121597002948096002730123888006614 220307121597002948096002730123888006614 220307121597002948096002730123888006614 Sst 0.160723953303611 0.259259259259259
220572937447929853418832892489473417960 220572937447929853418832892489473417960 220572937447929853418832892489473417960 Peri 0.182260404175448 0.444444444444445
220906679794576421111116458300975550811 220906679794576421111116458300975550811 220906679794576421111116458300975550811 Peri 0.31656901211196 0.37037037037037
221017779056542182840816825286218591261 221017779056542182840816825286218591261 221017779056542182840816825286218591261 L2_3_IT 0.0301238501286919 0.481481481481482
221280655622318889294618738981405537211 221280655622318889294618738981405537211 221280655622318889294618738981405537211 SMC 0.961930865418611 1
221287263377554000188346545076614450309 221287263377554000188346545076614450309 221287263377554000188346545076614450309 Endo 0.423828952402751 0.814814814814815
221609760905762093411635677608298909713 221609760905762093411635677608298909713 221609760905762093411635677608298909713 L2_3_IT 0.582155451761775 0.62962962962963
222375128515538405014593137794013598726 222375128515538405014593137794013598726 222375128515538405014593137794013598726 Micro 0.970246361634261 0.925925925925926
222429648547894829387674432920245379434 222429648547894829387674432920245379434 222429648547894829387674432920245379434 Astro 0.046437630916931 0.333333333333333
222834499606317738261572468309433113571 222834499606317738261572468309433113571 222834499606317738261572468309433113571 L2_3_IT 0.37684063375996 0.703703703703704
223428272571606500431623288949412122894 223428272571606500431623288949412122894 223428272571606500431623288949412122894 L2_3_IT 0.433866523364716 0.592592592592593
223709049141247281642973185960473875462 223709049141247281642973185960473875462 223709049141247281642973185960473875462 Endo 0.216989196624148 0.407407407407407
223935985758819341337585818481573536822 223935985758819341337585818481573536822 223935985758819341337585818481573536822 SMC 0.743423695917877 0.851851851851852
223984829258489005901393620895289818044 223984829258489005901393620895289818044 223984829258489005901393620895289818044 Micro 0.277344378680134 0.0370370370370372
224025605695945555195317564494247626764 224025605695945555195317564494247626764 224025605695945555195317564494247626764 L2_3_IT 0.833290420594959 0.148148148148148
224214144429845098744699287965438638273 224214144429845098744699287965438638273 224214144429845098744699287965438638273 Endo 0.339860751056434 0.37037037037037
224800464897413985313385711771497185612 224800464897413985313385711771497185612 224800464897413985313385711771497185612 L2_3_IT 0.470728462865202 0.148148148148148
225365743485942347858154463261357307312 225365743485942347858154463261357307312 225365743485942347858154463261357307312 L2_3_IT 0.780026780514072 0.555555555555556
225391518245496016529806994639819546647 225391518245496016529806994639819546647 225391518245496016529806994639819546647 VLMC 0.147369552842261 0.555555555555556
225571422649017567702729601564731523358 225571422649017567702729601564731523358 225571422649017567702729601564731523358 L2_3_IT 0.74993420062436 0.888888888888889
225749842661313945887303388187091145617 225749842661313945887303388187091145617 225749842661313945887303388187091145617 Endo 0.880083039288871 0.925925925925926
226471771009686270051081376771916834376 226471771009686270051081376771916834376 226471771009686270051081376771916834376 Astro 0.428617751276721 0.259259259259259
227037682601587786710545225321467041585 227037682601587786710545225321467041585 227037682601587786710545225321467041585 Peri 0.069802113943287 0.148148148148148
228113516253457842504898550472199586557 228113516253457842504898550472199586557 228113516253457842504898550472199586557 Endo 0.823780992513847 0.925925925925926
228116355723390213054229029184108428294 228116355723390213054229029184108428294 228116355723390213054229029184108428294 Endo 0.722163992880529 0.962962962962963
228412621229560199999378188370931653330 228412621229560199999378188370931653330 228412621229560199999378188370931653330 L2_3_IT 0.735461390643643 0.962962962962963
228877485662971141696849481889429086555 228877485662971141696849481889429086555 228877485662971141696849481889429086555 VLMC 0.218372891410587 0.555555555555556
228897751505370710510993445862581202937 228897751505370710510993445862581202937 228897751505370710510993445862581202937 PVM 0.149533493249242 0.111111111111111
229215305681848895246510687224335846355 229215305681848895246510687224335846355 229215305681848895246510687224335846355 L2_3_IT 0.07381977696702 0.111111111111111
229274936044368886429376847081292135965 229274936044368886429376847081292135965 229274936044368886429376847081292135965 Peri 0.261716266801601 0.444444444444445
229293327534095675145645175841958583551 229293327534095675145645175841958583551 229293327534095675145645175841958583551 VLMC 0.971417523951557 0.925925925925926
229469263489403941888037607228556497776 229469263489403941888037607228556497776 229469263489403941888037607228556497776 L2_3_IT 0.43164459757629 0.296296296296296
229823854454411832419871134590757731841 229823854454411832419871134590757731841 229823854454411832419871134590757731841 Endo 0.783220737173865 0.111111111111111
229836901085747548987855249158407267935 229836901085747548987855249158407267935 229836901085747548987855249158407267935 Astro 0.16028141507824 0.555555555555556
230174426549959423312373118201213484253 230174426549959423312373118201213484253 230174426549959423312373118201213484253 L2_3_IT 0.824705263564926 0.925925925925926
230371819587952649416175662598297008722 230371819587952649416175662598297008722 230371819587952649416175662598297008722 L2_3_IT 0.822972813325522 0.148148148148148
232618042533944300301843875368436677407 232618042533944300301843875368436677407 232618042533944300301843875368436677407 Astro 0.181171785367709 0.592592592592593
23298773255000377356112361896184306702 23298773255000377356112361896184306702 23298773255000377356112361896184306702 PVM 0.829919315114032 0.148148148148148
233150688481221936255630695291008956702 233150688481221936255630695291008956702 233150688481221936255630695291008956702 OPC 0.880250993738774 0.407407407407407
233402111620024832097826343821252827295 233402111620024832097826343821252827295 233402111620024832097826343821252827295 Endo 0.542638532618396 0.814814814814815
233630625421653452961069879079303218119 233630625421653452961069879079303218119 233630625421653452961069879079303218119 L2_3_IT 0.634309767348558 0.851851851851852
233737916685181874367461761140008924598 233737916685181874367461761140008924598 233737916685181874367461761140008924598 L2_3_IT 0.965437523775048 0.296296296296296
233963019274108983854201202644863171259 233963019274108983854201202644863171259 233963019274108983854201202644863171259 L2_3_IT 0.16675727290013 0.407407407407407
234002661016830460047431996698677472215 234002661016830460047431996698677472215 234002661016830460047431996698677472215 Endo 0.79878904986321 0.814814814814815
234112713434606517243844926598911295405 234112713434606517243844926598911295405 234112713434606517243844926598911295405 L2_3_IT 0.255642826749447 0.0370370370370372
23487182633481780020965332987661454880 23487182633481780020965332987661454880 23487182633481780020965332987661454880 Endo 0.164385061538041 0.0740740740740743
235179261387429186353097086080758562106 235179261387429186353097086080758562106 235179261387429186353097086080758562106 Endo 0.341016503006816 0.518518518518518
235476356612825638920622399140993773823 235476356612825638920622399140993773823 235476356612825638920622399140993773823 Micro 0.0696826313258757 0.111111111111111
2378341676799331868831273455131866030 2378341676799331868831273455131866030 2378341676799331868831273455131866030 Micro 0.466213356679859 0.148148148148148
238078589856805351294528836633339300913 238078589856805351294528836633339300913 238078589856805351294528836633339300913 L5_IT 0.461797380277106 0.888888888888889
238811698369268385563858332242540941004 238811698369268385563858332242540941004 238811698369268385563858332242540941004 Endo 0.551764957871793 0.851851851851852
239327817623953644774946479559374235798 239327817623953644774946479559374235798 239327817623953644774946479559374235798 L4_5_IT 0.244861592068368 0.592592592592593
239491300830499809489401025015215105809 239491300830499809489401025015215105809 239491300830499809489401025015215105809 Peri 0.897125010716411 0.851851851851852
239879967377135579801658784895399744477 239879967377135579801658784895399744477 239879967377135579801658784895399744477 Astro 0.430767139582012 0.185185185185185
240149345888160233013819033326288913860 240149345888160233013819033326288913860 240149345888160233013819033326288913860 Endo 0.0393722797461815 0.0370370370370372
24076990450149794748755074850945120772 24076990450149794748755074850945120772 24076990450149794748755074850945120772 L2_3_IT 0.548809752995363 0.740740740740741
241084826263398543392695261087776913296 241084826263398543392695261087776913296 241084826263398543392695261087776913296 L2_3_IT 0.11261806599347 0.333333333333333
24119647009244008100754839353320869989 24119647009244008100754839353320869989 24119647009244008100754839353320869989 Peri 0.333162902536124 0.37037037037037
241243823921148432307643426252604835209 241243823921148432307643426252604835209 241243823921148432307643426252604835209 Endo 0.0261063126446241 0.259259259259259
241345360477345949470514299703860015956 241345360477345949470514299703860015956 241345360477345949470514299703860015956 Pvalb 0.339349930071652 0.666666666666667
241701739118049482273157903916520874224 241701739118049482273157903916520874224 241701739118049482273157903916520874224 Endo 0.255990918281823 0.0370370370370372
242537180046330102543361350177131230962 242537180046330102543361350177131230962 242537180046330102543361350177131230962 L2_3_IT 0.962417912331653 0.925925925925926
243126552767708659469325360512496364089 243126552767708659469325360512496364089 243126552767708659469325360512496364089 Endo 0.184956031453354 0.62962962962963
243166653676702005308315527968808271277 243166653676702005308315527968808271277 243166653676702005308315527968808271277 PVM 0.53755629342978 0.62962962962963
243207153461579160277457239314669060185 243207153461579160277457239314669060185 243207153461579160277457239314669060185 L2_3_IT 0.314082206149792 0.0370370370370372
243867109150728036199633891704755091461 243867109150728036199633891704755091461 243867109150728036199633891704755091461 Micro 0.0767348104420009 0.111111111111111
244232679568041938357921219512938955457 244232679568041938357921219512938955457 244232679568041938357921219512938955457 Endo 0.334727983527559 0.62962962962963
244395566015769667356414013895672232289 244395566015769667356414013895672232289 244395566015769667356414013895672232289 Peri 0.557179999896253 0.296296296296296
244625827504251768614672821690212670479 244625827504251768614672821690212670479 244625827504251768614672821690212670479 Sst 0.836894426556922 1
244823747920127755073953614364155990789 244823747920127755073953614364155990789 244823747920127755073953614364155990789 Peri 0.531765132028525 0.851851851851852
246154463939406288645820266510228667180 246154463939406288645820266510228667180 246154463939406288645820266510228667180 L4_5_IT 0.118473142508231 0.62962962962963
246348973066061777745456660332603448888 246348973066061777745456660332603448888 246348973066061777745456660332603448888 PVM 0.428601387627821 0.0370370370370372
246546345046106278401664384917665822433 246546345046106278401664384917665822433 246546345046106278401664384917665822433 Lamp5 0.247685893322108 0.444444444444445
246652689134431164688147290766147821711 246652689134431164688147290766147821711 246652689134431164688147290766147821711 PVM 0.759204111675814 0.851851851851852
246974460382055650051223989358678729659 246974460382055650051223989358678729659 246974460382055650051223989358678729659 SMC 0.0196994774079572 0.481481481481482
247485897781490507551392494308589701030 247485897781490507551392494308589701030 247485897781490507551392494308589701030 Peri 0.849029357164656 1
247698467271083901036215027896437820375 247698467271083901036215027896437820375 247698467271083901036215027896437820375 L2_3_IT 0.212011209055463 0.555555555555556
248005005111144516756520761809261536314 248005005111144516756520761809261536314 248005005111144516756520761809261536314 L2_3_IT 0.41707628715529 0.0370370370370372
248151723838223272846056044404866191065 248151723838223272846056044404866191065 248151723838223272846056044404866191065 L2_3_IT 0.145963861816084 0.111111111111111
248388264403674958426068222251790365775 248388264403674958426068222251790365775 248388264403674958426068222251790365775 Endo 0.380384631356199 0.0370370370370372
248489909484071069238301213150690882907 248489909484071069238301213150690882907 248489909484071069238301213150690882907 Astro 0.882807621429245 0.407407407407408
249954560861365423672725537322942929552 249954560861365423672725537322942929552 249954560861365423672725537322942929552 VLMC 0.458844457219462 0.444444444444445
250286003615858701405690732376374382766 250286003615858701405690732376374382766 250286003615858701405690732376374382766 Peri 0.450764859148812 0.444444444444445
250614604468139370963450244912545739575 250614604468139370963450244912545739575 250614604468139370963450244912545739575 Sst 0.782215896187747 0.111111111111111
250728622192916427275550725930304341459 250728622192916427275550725930304341459 250728622192916427275550725930304341459 L2_3_IT 0.371216270508304 0.333333333333333
250840081896112867927265216325476078990 250840081896112867927265216325476078990 250840081896112867927265216325476078990 Endo 0.103381518572342 0.333333333333333
251087912284045032636828433792778335822 251087912284045032636828433792778335822 251087912284045032636828433792778335822 Peri 0.284678004720356 0.0370370370370372
251289450639375330052491307675293591428 251289450639375330052491307675293591428 251289450639375330052491307675293591428 Endo 0.146027216704895 0.37037037037037
251747284975851301068931140511466847010 251747284975851301068931140511466847010 251747284975851301068931140511466847010 Endo 0.47025025392646 0.444444444444445
251825425114684460276058279871623692207 251825425114684460276058279871623692207 251825425114684460276058279871623692207 Micro 0.35633278407927 0.481481481481482
251927175638729304530615622178776639954 251927175638729304530615622178776639954 251927175638729304530615622178776639954 Endo 0.15473555215205 0.148148148148148
252088975846868751183534078916855469005 252088975846868751183534078916855469005 252088975846868751183534078916855469005 OPC 0.0674883686216983 0.222222222222222
252096144892239221311100697769238283194 252096144892239221311100697769238283194 252096144892239221311100697769238283194 L2_3_IT 0.93597708516487 1
252116504921224928818065923339616197567 252116504921224928818065923339616197567 252116504921224928818065923339616197567 Astro 0.526759947598216 0.62962962962963
252470737404270761970546931457890015278 252470737404270761970546931457890015278 252470737404270761970546931457890015278 Peri 0.385552436883456 0.740740740740741
25289770996910604157731359465980994479 25289770996910604157731359465980994479 25289770996910604157731359465980994479 Endo 0.239096778978245 0.592592592592593
253359980926044970190805961695706861534 253359980926044970190805961695706861534 253359980926044970190805961695706861534 L2_3_IT 0.375104571248195 0.333333333333333
253390795114032647194277416850246524382 253390795114032647194277416850246524382 253390795114032647194277416850246524382 Micro 0.125688243963959 0.555555555555556
253413592686058481024818514394803273681 253413592686058481024818514394803273681 253413592686058481024818514394803273681 Endo 0.673238677693781 0.814814814814815
253570602651803623770898244449401098329 253570602651803623770898244449401098329 253570602651803623770898244449401098329 PVM 0.0682853093735841 0.111111111111111
253613481799626646877895114276727109095 253613481799626646877895114276727109095 253613481799626646877895114276727109095 Endo 0.246000181839929 0.111111111111111
253760895640865787273253502952278255528 253760895640865787273253502952278255528 253760895640865787273253502952278255528 L4_5_IT 0.321137582344573 0.37037037037037
254056719785422009437000932979940554155 254056719785422009437000932979940554155 254056719785422009437000932979940554155 L4_5_IT 0.796161092428388 0.666666666666667
254430011080648301660956374711540126909 254430011080648301660956374711540126909 254430011080648301660956374711540126909 L4_5_IT 0.429508918850629 0.185185185185185
254485401646300724549367821220948932715 254485401646300724549367821220948932715 254485401646300724549367821220948932715 L2_3_IT 0.0392194637474399 0.333333333333333
254623786068380760773287148177943622574 254623786068380760773287148177943622574 254623786068380760773287148177943622574 L2_3_IT 0.214623142487351 0.444444444444445
255322208040051425766915460710808753388 255322208040051425766915460710808753388 255322208040051425766915460710808753388 L2_3_IT 0.536233900905071 0.740740740740741
255615504441213635922627805217624202602 255615504441213635922627805217624202602 255615504441213635922627805217624202602 Micro 0.432387295684456 0.592592592592593
256505509771725176392364417238242712617 256505509771725176392364417238242712617 256505509771725176392364417238242712617 Sst 0.032483227796015 0.259259259259259
256914870052186642253707393891321893349 256914870052186642253707393891321893349 256914870052186642253707393891321893349 Sst 0.167356751318441 0.259259259259259
256970017598600057297786742794117500537 256970017598600057297786742794117500537 256970017598600057297786742794117500537 Endo 0.55054061499605 0.481481481481482
257258274792191751021547713253017358207 257258274792191751021547713253017358207 257258274792191751021547713253017358207 Oligo 0.970432353532558 0.851851851851852
257536515736702840477444545853251581921 257536515736702840477444545853251581921 257536515736702840477444545853251581921 Astro 0.0464802128748137 0.222222222222222
258002013954395027122580890389399558730 258002013954395027122580890389399558730 258002013954395027122580890389399558730 Endo 0.155193277914195 0.407407407407408
258677333593566536202497894701213120992 258677333593566536202497894701213120992 258677333593566536202497894701213120992 L2_3_IT 0.375217974756765 0.703703703703704
259387535290701197639442974209851793322 259387535290701197639442974209851793322 259387535290701197639442974209851793322 OPC 0.35616217911618 0.407407407407407
259530709553628451855015711706154177428 259530709553628451855015711706154177428 259530709553628451855015711706154177428 Endo 0.46698491523536 0.444444444444445
259772168571167009189175501717006962845 259772168571167009189175501717006962845 259772168571167009189175501717006962845 Endo 0.31022783451798 0.0740740740740743
260747326655333663974646633528018065428 260747326655333663974646633528018065428 260747326655333663974646633528018065428 VLMC 0.890969711606572 0.925925925925926
261712558462667411485022988835070330906 261712558462667411485022988835070330906 261712558462667411485022988835070330906 Endo 0.638750223452924 0.814814814814815
261842105324759888753957281413601259643 261842105324759888753957281413601259643 261842105324759888753957281413601259643 Endo 0.830595277604654 0.407407407407407
261885085191889830257363239524173490735 261885085191889830257363239524173490735 261885085191889830257363239524173490735 Endo 0.561067168419662 0.777777777777778
262156246026013751745541875642728539724 262156246026013751745541875642728539724 262156246026013751745541875642728539724 Endo 0.792999142126235 0.851851851851852
262185356901727676859667624701053964397 262185356901727676859667624701053964397 262185356901727676859667624701053964397 Endo 0.535024648779722 0.333333333333333
262261870578613371839758588511064610108 262261870578613371839758588511064610108 262261870578613371839758588511064610108 L2_3_IT 0.890072048750655 0.925925925925926
262506739300904686754981861782878574659 262506739300904686754981861782878574659 262506739300904686754981861782878574659 L2_3_IT 0.524157311006296 0.333333333333333
26256028149336013788998903792312097491 26256028149336013788998903792312097491 26256028149336013788998903792312097491 L2_3_IT 0.761561752023909 0.814814814814815
262707286997386595282481325661058274051 262707286997386595282481325661058274051 262707286997386595282481325661058274051 L2_3_IT 0.852046642054707 0.962962962962963
262984720180873201228365640018460056810 262984720180873201228365640018460056810 262984720180873201228365640018460056810 Astro 0.1314129379865 0.0740740740740743
263234508297021492453074022842053799354 263234508297021492453074022842053799354 263234508297021492453074022842053799354 Astro 0.208302587901007 0.0740740740740743
263741322743095206497640159161849325385 263741322743095206497640159161849325385 263741322743095206497640159161849325385 Peri 0.804088388868599 0.222222222222222
263992929537335331342744896790883409728 263992929537335331342744896790883409728 263992929537335331342744896790883409728 Astro 0.470687587407057 0.851851851851852
264786303566596559582215132716848054049 264786303566596559582215132716848054049 264786303566596559582215132716848054049 Endo 0.323227843264484 0.0370370370370372
265053223068837465734040017615754119930 265053223068837465734040017615754119930 265053223068837465734040017615754119930 L2_3_IT 0.0722896913375584 0.148148148148148
265937738737929154624041511120415026154 265937738737929154624041511120415026154 265937738737929154624041511120415026154 VLMC 0.793770392194861 0.962962962962963
266111039009987702750430474342244560245 266111039009987702750430474342244560245 266111039009987702750430474342244560245 Endo 0.457914972920583 0.148148148148148
266458669980595764862044517948205045288 266458669980595764862044517948205045288 266458669980595764862044517948205045288 Micro 0.543064300140751 0.555555555555556
26651793837296905072728894954507083566 26651793837296905072728894954507083566 26651793837296905072728894954507083566 L2_3_IT 0.467966567874781 0.148148148148148
266862022451937249509589172754193405261 266862022451937249509589172754193405261 266862022451937249509589172754193405261 VLMC 0.876671320787207 0.407407407407407
266906561464068192011445046165689478071 266906561464068192011445046165689478071 266906561464068192011445046165689478071 PVM 0.965034871659861 0.296296296296296
267982373376885475342999886587117811519 267982373376885475342999886587117811519 267982373376885475342999886587117811519 Endo 0.660222467994976 0.777777777777778
268094147132828120959533134335828954469 268094147132828120959533134335828954469 268094147132828120959533134335828954469 Micro 0.162690858666668 0.481481481481482
268096592449545275062552535523042932840 268096592449545275062552535523042932840 268096592449545275062552535523042932840 SMC 0.837633376175953 1
268940929971757505429345409032193678662 268940929971757505429345409032193678662 268940929971757505429345409032193678662 Oligo 0.0621218232548847 0.518518518518518
269350178522593508582359750244119978678 269350178522593508582359750244119978678 269350178522593508582359750244119978678 Endo 0.857481719017326 1
270116339285282280960830778920251100918 270116339285282280960830778920251100918 270116339285282280960830778920251100918 L2_3_IT 0.761176024392643 0.777777777777778
27012371679054419742613980957645631352 27012371679054419742613980957645631352 27012371679054419742613980957645631352 L2_3_IT 0.0776535014420221 0.148148148148148
271248208122234762994613273881251664509 271248208122234762994613273881251664509 271248208122234762994613273881251664509 Endo 0.0634111238341563 0.0370370370370372
271323427623810101820045189172513538334 271323427623810101820045189172513538334 271323427623810101820045189172513538334 Peri 0.78943371497472 0.814814814814815
271387598770208367718591946467930810862 271387598770208367718591946467930810862 271387598770208367718591946467930810862 Endo 0.966296857566303 0.296296296296296
271902764838860250967872220894443206933 271902764838860250967872220894443206933 271902764838860250967872220894443206933 L2_3_IT 0.543309970488279 0.814814814814815
272036728523817806723094641199458200662 272036728523817806723094641199458200662 272036728523817806723094641199458200662 Micro 0.967951610727751 0.296296296296296
273507613964489287608158375662699043941 273507613964489287608158375662699043941 273507613964489287608158375662699043941 Endo 0.255684228182344 0.0740740740740743
273581048790800710889803730909905423265 273581048790800710889803730909905423265 273581048790800710889803730909905423265 Sst 0.26342048298033 0.111111111111111
273713996206082330949245030884500789325 273713996206082330949245030884500789325 273713996206082330949245030884500789325 Endo 0.0238867899675547 0.333333333333333
274245898515141578553644918741927287113 274245898515141578553644918741927287113 274245898515141578553644918741927287113 Endo 0.843395230213377 0.62962962962963
274602026162105903515280482088795480823 274602026162105903515280482088795480823 274602026162105903515280482088795480823 L2_3_IT 0.558626021465221 0.259259259259259
27466517342085052320462626029382603688 27466517342085052320462626029382603688 27466517342085052320462626029382603688 Endo 0.247233092420971 0.592592592592593
27508861729323381954983634956578907124 27508861729323381954983634956578907124 27508861729323381954983634956578907124 Pvalb 0.181418720946702 0.407407407407407
27583310127724494452204585972230856490 27583310127724494452204585972230856490 27583310127724494452204585972230856490 L2_3_IT 0.678943884176052 0.925925925925926
276569772317067509030644345553555912683 276569772317067509030644345553555912683 276569772317067509030644345553555912683 L2_3_IT 0.786830821936339 0.962962962962963
276602818232631959940308032207302821928 276602818232631959940308032207302821928 276602818232631959940308032207302821928 L2_3_IT 0.54897127389731 0.703703703703704
277490317373818554124311994648482192833 277490317373818554124311994648482192833 277490317373818554124311994648482192833 L2_3_IT 0.225112014223769 0.0740740740740743
278067729279590690852774941772889916762 278067729279590690852774941772889916762 278067729279590690852774941772889916762 L2_3_IT 0.989823672785035 0.925925925925926
278306533163058554386347463428517328262 278306533163058554386347463428517328262 278306533163058554386347463428517328262 Astro 0.98924596876075 0.962962962962963
278399841908703361276780928350735527794 278399841908703361276780928350735527794 278399841908703361276780928350735527794 L2_3_IT 0.984117926355453 0.259259259259259
278475742754239587300667698969986549545 278475742754239587300667698969986549545 278475742754239587300667698969986549545 Astro 0.160861738152424 0.222222222222222
279135997699083372723837160792666471789 279135997699083372723837160792666471789 279135997699083372723837160792666471789 Peri 0.960820443944265 0.962962962962963
279483226765491868287249972635348441741 279483226765491868287249972635348441741 279483226765491868287249972635348441741 Pvalb 0.86460067520088 0.888888888888889
279517512733802263716232121951398272131 279517512733802263716232121951398272131 279517512733802263716232121951398272131 Endo 0.795455877430878 0.666666666666667
279629043061548056654505706080268258894 279629043061548056654505706080268258894 279629043061548056654505706080268258894 L5_6_NP 0.146381285893151 0.555555555555556
28010360627971040413867749602360184724 28010360627971040413867749602360184724 28010360627971040413867749602360184724 L2_3_IT 0.429997450747498 0.185185185185185
280503178067119983492246621615607033189 280503178067119983492246621615607033189 280503178067119983492246621615607033189 Endo 0.892325688605796 0.444444444444445
280685043293212127095906424818437994138 280685043293212127095906424818437994138 280685043293212127095906424818437994138 L2_3_IT 0.434286867699167 0.259259259259259
280949910209816665364886732718050959691 280949910209816665364886732718050959691 280949910209816665364886732718050959691 Sncg 0.759185911549824 0.888888888888889
28107645328554852957466985651762052507 28107645328554852957466985651762052507 28107645328554852957466985651762052507 Peri 0.432452752014876 0.296296296296296
281498143050988294901533599788024128892 281498143050988294901533599788024128892 281498143050988294901533599788024128892 Peri 0.0206828267088892 0.481481481481482
281718386866940060962558065134368273281 281718386866940060962558065134368273281 281718386866940060962558065134368273281 L2_3_IT 0.459899354570855 0.444444444444445
2819032666694449244551186674170649559 2819032666694449244551186674170649559 2819032666694449244551186674170649559 Peri 0.845606618426362 0.62962962962963
282107404920588318390467493186979934044 282107404920588318390467493186979934044 282107404920588318390467493186979934044 Astro 0.791530149512831 0.814814814814815
282485899999032841764331233925264113958 282485899999032841764331233925264113958 282485899999032841764331233925264113958 L2_3_IT 0.113912310480785 0.0740740740740743
283250111070559202842808521452148960886 283250111070559202842808521452148960886 283250111070559202842808521452148960886 L4_5_IT 0.456143595847 0.62962962962963
283285266022769970220059589297236510561 283285266022769970220059589297236510561 283285266022769970220059589297236510561 Vip 0.894435048453866 0.703703703703704
283756761938942749131843692270094867212 283756761938942749131843692270094867212 283756761938942749131843692270094867212 L2_3_IT 0.84983733565638 1
284544957295596105329724527109444940761 284544957295596105329724527109444940761 284544957295596105329724527109444940761 Sst 0.257067575849534 0.592592592592593
28466866115426194139404549998085498718 28466866115426194139404549998085498718 28466866115426194139404549998085498718 L2_3_IT 0.633793970428766 0.666666666666667
285101511552553507825937195105614475297 285101511552553507825937195105614475297 285101511552553507825937195105614475297 Peri 0.8327049157575 0.407407407407407
285685291554552766819426550633455050915 285685291554552766819426550633455050915 285685291554552766819426550633455050915 Endo 0.154088129600044 0.148148148148148
285697311798888931935191726803915164987 285697311798888931935191726803915164987 285697311798888931935191726803915164987 Peri 0.983899824786748 0.962962962962963
285869482386669591220661190919097370605 285869482386669591220661190919097370605 285869482386669591220661190919097370605 VLMC 0.434366128035569 0.185185185185185
286050467231111105355962048953981439260 286050467231111105355962048953981439260 286050467231111105355962048953981439260 Sst 0.829293871879358 0.148148148148148
286059391333703719044670283069168437521 286059391333703719044670283069168437521 286059391333703719044670283069168437521 L4_5_IT 0.87287231105041 0.925925925925926
286132622390620100333238644665070448020 286132622390620100333238644665070448020 286132622390620100333238644665070448020 Sst 0.062957983589248 0.148148148148148
286342465078279655884603648995944753530 286342465078279655884603648995944753530 286342465078279655884603648995944753530 Sst 0.269729222396797 0.444444444444444
286512088136918473212816924196943626394 286512088136918473212816924196943626394 286512088136918473212816924196943626394 Peri 0.170399023506989 0.222222222222222
287073457044344680278062418638192508837 287073457044344680278062418638192508837 287073457044344680278062418638192508837 PVM 0.535371048031625 0.481481481481482
287163682725323378823426516749430713217 287163682725323378823426516749430713217 287163682725323378823426516749430713217 Astro 0.144201809966939 0.481481481481482
287491984357585785748522227499062152733 287491984357585785748522227499062152733 287491984357585785748522227499062152733 Endo 0.831933410365299 0.148148148148148
287676319208265404672049415672236793130 287676319208265404672049415672236793130 287676319208265404672049415672236793130 VLMC 0.365408370286943 0.555555555555556
287829962905060620466244168740837518008 287829962905060620466244168740837518008 287829962905060620466244168740837518008 Micro 0.158975503783366 0.555555555555556
288163130931451397763156952525566357200 288163130931451397763156952525566357200 288163130931451397763156952525566357200 L2_3_IT 0.44750308273782 0.703703703703704
288749887918887299746928492877681229403 288749887918887299746928492877681229403 288749887918887299746928492877681229403 Micro 0.53585243658054 0.62962962962963
289040157378404666909129007932776138318 289040157378404666909129007932776138318 289040157378404666909129007932776138318 L5_IT 0.22428840012084 0.37037037037037
28937714887785532255949098101182192245 28937714887785532255949098101182192245 28937714887785532255949098101182192245 Endo 0.978386125265309 0.296296296296296
289387526633711698179023310372201483730 289387526633711698179023310372201483730 289387526633711698179023310372201483730 Vip 0.983676078023723 0.962962962962963
289401196172438129190552085074479265775 289401196172438129190552085074479265775 289401196172438129190552085074479265775 Vip 0.268496611250689 0.0370370370370372
289475426922926206316742483362316927016 289475426922926206316742483362316927016 289475426922926206316742483362316927016 L5_ET 0.956695352106431 1
289484082088175875396165287428572450562 289484082088175875396165287428572450562 289484082088175875396165287428572450562 L2_3_IT 0.178680367843393 0.0740740740740743
289599717694676375731180823945312218536 289599717694676375731180823945312218536 289599717694676375731180823945312218536 L2_3_IT 0.158011898823797 0.148148148148148
289805046658592433774655778663713456852 289805046658592433774655778663713456852 289805046658592433774655778663713456852 VLMC 0.538771422631303 0.62962962962963
289976676509918206718848034718443247342 289976676509918206718848034718443247342 289976676509918206718848034718443247342 OPC 0.106223414607212 0.111111111111111
29017357265684898146476792722386539900 29017357265684898146476792722386539900 29017357265684898146476792722386539900 Endo 0.116090997241804 0.0740740740740743
290213033972584748292311437516354026662 290213033972584748292311437516354026662 290213033972584748292311437516354026662 Endo 0.978479609171182 0.962962962962963
290840353381456538346015834276065721263 290840353381456538346015834276065721263 290840353381456538346015834276065721263 VLMC 0.227990721250303 0.444444444444445
291239305137759791951925808689340502937 291239305137759791951925808689340502937 291239305137759791951925808689340502937 SMC 0.530046745518936 0.333333333333333
291298313962288882062630557195546700368 291298313962288882062630557195546700368 291298313962288882062630557195546700368 VLMC 0.156479503874758 0.62962962962963
291355652736096242717551431067645678885 291355652736096242717551431067645678885 291355652736096242717551431067645678885 Endo 0.896958232775365 0.444444444444445
291396113674832057900400026083851220552 291396113674832057900400026083851220552 291396113674832057900400026083851220552 OPC 0.227749686096342 0.555555555555556
291440178102714992086306682754571109963 291440178102714992086306682754571109963 291440178102714992086306682754571109963 L2_3_IT 0.230368824833845 0.555555555555556
291444618000650579810789287150039753076 291444618000650579810789287150039753076 291444618000650579810789287150039753076 VLMC 0.238468854175247 0.481481481481482
291808328942876871577495855328702604360 291808328942876871577495855328702604360 291808328942876871577495855328702604360 Sst 0.96133793550804 0.851851851851852
291970792857598238493120506694546238516 291970792857598238493120506694546238516 291970792857598238493120506694546238516 L5_IT 0.224690281688612 0.111111111111111
292011232315990266290854445382242988758 292011232315990266290854445382242988758 292011232315990266290854445382242988758 Oligo 0.952373113974745 1
29214834587495926027035856513503890697 29214834587495926027035856513503890697 29214834587495926027035856513503890697 Astro 0.750261901669207 0.814814814814815
292245543484678990600896923099331809541 292245543484678990600896923099331809541 292245543484678990600896923099331809541 Oligo 0.753297879889361 0.888888888888889
292457844811840174891365902755716175263 292457844811840174891365902755716175263 292457844811840174891365902755716175263 Astro 0.7934749318446 0.555555555555556
292490070617045832373451305767992737084 292490070617045832373451305767992737084 292490070617045832373451305767992737084 Endo 0.421523203490183 0.592592592592593
292796406702242371375285325548638008698 292796406702242371375285325548638008698 292796406702242371375285325548638008698 Endo 0.0768307456109611 0.148148148148148
292840374164586244860446346558736930045 292840374164586244860446346558736930045 292840374164586244860446346558736930045 Astro 0.231804782130451 0.592592592592593
292859119258431176609848126705670154312 292859119258431176609848126705670154312 292859119258431176609848126705670154312 L2_3_IT 0.22595588125334 0.148148148148148
292994935853339306493337106061313698440 292994935853339306493337106061313698440 292994935853339306493337106061313698440 Micro 0.951543474915502 1
292997726491433332387337980614156843230 292997726491433332387337980614156843230 292997726491433332387337980614156843230 Oligo 0.949540467046235 0.444444444444445
293317253369794592877046090353860298299 293317253369794592877046090353860298299 293317253369794592877046090353860298299 VLMC 0.166153638121336 0.444444444444445
29333328774678975103150929140409693923 29333328774678975103150929140409693923 29333328774678975103150929140409693923 Astro 0.743589926533278 0.925925925925926
293384843486600413605675427509134914746 293384843486600413605675427509134914746 293384843486600413605675427509134914746 SMC 0.654298127378216 0.62962962962963
294101434953479123866178115767537739116 294101434953479123866178115767537739116 294101434953479123866178115767537739116 L2_3_IT 0.163631997267006 0.481481481481482
294185546214488060815849722493272673560 294185546214488060815849722493272673560 294185546214488060815849722493272673560 VLMC 0.840310855806753 0.925925925925926
294435974280099576138647970022679976605 294435974280099576138647970022679976605 294435974280099576138647970022679976605 VLMC 0.989687335371969 0.296296296296296
294506292288552979716096341515100614377 294506292288552979716096341515100614377 294506292288552979716096341515100614377 VLMC 0.357781070132822 0.555555555555556
294526670439514475204505551949507183135 294526670439514475204505551949507183135 294526670439514475204505551949507183135 Peri 0.35578016303853 0.481481481481482
294574909459652815141705886701156508772 294574909459652815141705886701156508772 294574909459652815141705886701156508772 Endo 0.0309751879106625 0.481481481481482
294749670332160270181385024748949358700 294749670332160270181385024748949358700 294749670332160270181385024748949358700 OPC 0.539105935547855 0.62962962962963
294813491003833199425648287666538682105 294813491003833199425648287666538682105 294813491003833199425648287666538682105 L2_3_IT 0.66095208545571 0.592592592592593
294944154380196019066720812045843098127 294944154380196019066720812045843098127 294944154380196019066720812045843098127 Peri 0.819722116588975 0.62962962962963
295284199737998646404589156891982124995 295284199737998646404589156891982124995 295284199737998646404589156891982124995 L2_3_IT 0.529290147464468 0.777777777777778
295306553286479321734977984642071705198 295306553286479321734977984642071705198 295306553286479321734977984642071705198 Sst 0.555753815034618 0.777777777777778
295338156695562275248492490868278072656 295338156695562275248492490868278072656 295338156695562275248492490868278072656 OPC 0.257212171314226 0.111111111111111
295544110030515592498073196933929036883 295544110030515592498073196933929036883 295544110030515592498073196933929036883 Endo 0.383293243187982 0.777777777777778
295631463592485520869299039011821051433 295631463592485520869299039011821051433 295631463592485520869299039011821051433 Astro 0.56036098877942 0.777777777777778
295686275876752012573915118115620879707 295686275876752012573915118115620879707 295686275876752012573915118115620879707 Peri 0.0415837465069243 0
296097084252264129732412965046926632434 296097084252264129732412965046926632434 296097084252264129732412965046926632434 Vip 0.587566124872988 0.925925925925926
297606390543250200271974037166384613810 297606390543250200271974037166384613810 297606390543250200271974037166384613810 L2_3_IT 0.952681756465183 1
297682442610965864065404159492702425032 297682442610965864065404159492702425032 297682442610965864065404159492702425032 Micro 0.75524201290354 0.925925925925926
298238301012742143814861292204263679558 298238301012742143814861292204263679558 298238301012742143814861292204263679558 L2_3_IT 0.441237162419169 0.703703703703704
298560724754712891577320601066637821838 298560724754712891577320601066637821838 298560724754712891577320601066637821838 L2_3_IT 0.0292150091477701 0.259259259259259
298662570646859663081684742588811016419 298662570646859663081684742588811016419 298662570646859663081684742588811016419 SMC 0.528409145281813 0.851851851851852
299208212461667167524820228738276132565 299208212461667167524820228738276132565 299208212461667167524820228738276132565 L2_3_IT 0.365131546164807 0.0740740740740743
299805760280965545689861071016481598455 299805760280965545689861071016481598455 299805760280965545689861071016481598455 SMC 0.63715073951457 0.851851851851852
299877003245530626678768285245870352206 299877003245530626678768285245870352206 299877003245530626678768285245870352206 L2_3_IT 0.360336537351898 0.0370370370370372
300568424884585728545256251488686292584 300568424884585728545256251488686292584 300568424884585728545256251488686292584 Endo 0.327711428747256 0.666666666666667
300734899617869113904565731077599076166 300734899617869113904565731077599076166 300734899617869113904565731077599076166 L2_3_IT 0.214994861829856 0.703703703703704
30075158048290758052521727339937425973 30075158048290758052521727339937425973 30075158048290758052521727339937425973 L2_3_IT 0.219987964440402 0.37037037037037
300896006220218861948003103259311132016 300896006220218861948003103259311132016 300896006220218861948003103259311132016 Endo 0.535993939076196 0.740740740740741
301235056442899290347681163896820060105 301235056442899290347681163896820060105 301235056442899290347681163896820060105 L2_3_IT 0.448705686187913 0.703703703703704
301762333905290312298064319974367157270 301762333905290312298064319974367157270 301762333905290312298064319974367157270 Astro 0.0124126099950048 0.259259259259259
301763911348283020309089169989980052765 301763911348283020309089169989980052765 301763911348283020309089169989980052765 Endo 0.636543556485499 0.296296296296296
302034860684065024215652551021453679392 302034860684065024215652551021453679392 302034860684065024215652551021453679392 Peri 0.0427573574720908 0.333333333333333
302371909674141670771762823283835367868 302371909674141670771762823283835367868 302371909674141670771762823283835367868 L2_3_IT 0.558113800450108 0.703703703703704
302566370397217112202209526383029018551 302566370397217112202209526383029018551 302566370397217112202209526383029018551 L2_3_IT 0.572818765943139 0.259259259259259
302664363581987001423841067932857226833 302664363581987001423841067932857226833 302664363581987001423841067932857226833 OPC 0.174454662422699 0.407407407407407
302757397228466575724516882793355347398 302757397228466575724516882793355347398 302757397228466575724516882793355347398 OPC 0.570627835931147 0.888888888888889
303164733617020267478940986450022112737 303164733617020267478940986450022112737 303164733617020267478940986450022112737 Sst 0.281471270004602 0.0370370370370372
303899320940499226268727646323121961199 303899320940499226268727646323121961199 303899320940499226268727646323121961199 Astro 0.537130674528511 0.333333333333333
304092638100442579602328881315536548957 304092638100442579602328881315536548957 304092638100442579602328881315536548957 L2_3_IT 0.212807086853424 0.407407407407407
304303417940143983608686615473356951026 304303417940143983608686615473356951026 304303417940143983608686615473356951026 SMC 0.832118920217907 0.555555555555556
304330190355318963200812316588404751002 304330190355318963200812316588404751002 304330190355318963200812316588404751002 L2_3_IT 0.75725647326086 0.851851851851852
304407020145371566080003935202840824085 304407020145371566080003935202840824085 304407020145371566080003935202840824085 Endo 0.133945283527812 0.62962962962963
304537786439925001472150117505889393597 304537786439925001472150117505889393597 304537786439925001472150117505889393597 L2_3_IT 0.6574661803742 0.296296296296296
304546320029623361054615610492894172523 304546320029623361054615610492894172523 304546320029623361054615610492894172523 L2_3_IT 0.726833244265834 0.962962962962963
304548308011182718569445358187190898376 304548308011182718569445358187190898376 304548308011182718569445358187190898376 VLMC 0.534983922521429 0.814814814814815
304805112488095454795060719646394281577 304805112488095454795060719646394281577 304805112488095454795060719646394281577 VLMC 0.114510646123009 0.111111111111111
305230851401230790175945037729786776411 305230851401230790175945037729786776411 305230851401230790175945037729786776411 L2_3_IT 0.21975129723711 0.111111111111111
305332606437067785640073659625407358946 305332606437067785640073659625407358946 305332606437067785640073659625407358946 Endo 0.651874323625213 0.666666666666667
305898754230419262852035600841537319492 305898754230419262852035600841537319492 305898754230419262852035600841537319492 L2_3_IT 0.746349570724926 0.888888888888889
305992938988787265072038127886708488528 305992938988787265072038127886708488528 305992938988787265072038127886708488528 Endo 0.0284428546057882 0.37037037037037
306135254674104986927080640283881222091 306135254674104986927080640283881222091 306135254674104986927080640283881222091 Endo 0.798700335884016 0.555555555555556
306406741004403338371023366793705926776 306406741004403338371023366793705926776 306406741004403338371023366793705926776 Endo 0.111370669417711 0.111111111111111
306819932334883283244291322877581732292 306819932334883283244291322877581732292 306819932334883283244291322877581732292 Sst 0.11797105352985 0.0740740740740743
307249066901088124554656649903182428329 307249066901088124554656649903182428329 307249066901088124554656649903182428329 Astro 0.0384299236761654 0.333333333333333
307761200457270630958813721769515800604 307761200457270630958813721769515800604 307761200457270630958813721769515800604 Endo 0.314779282158616 0.148148148148148
308721196159421041838323316270317510942 308721196159421041838323316270317510942 308721196159421041838323316270317510942 Peri 0.431852320119234 0.259259259259259
309172886831212497665199898342966275203 309172886831212497665199898342966275203 309172886831212497665199898342966275203 VLMC 0.3326750098728 0.148148148148148
30962654740135641500219904945576101233 30962654740135641500219904945576101233 30962654740135641500219904945576101233 OPC 0.0859579419981961 0.518518518518518
309759485370683121495795098454720452751 309759485370683121495795098454720452751 309759485370683121495795098454720452751 Pvalb 0.354121827216977 0.407407407407407
309824130800616480100365378778036354860 309824130800616480100365378778036354860 309824130800616480100365378778036354860 Astro 0.528507606856161 0.740740740740741
310088350707351713044141633362975013881 310088350707351713044141633362975013881 310088350707351713044141633362975013881 L2_3_IT 0.886130526398793 0.851851851851852
310240098786577865043187119300914727547 310240098786577865043187119300914727547 310240098786577865043187119300914727547 Endo 0.0167903743365576 0.444444444444445
311033788322327096053073052437443972951 311033788322327096053073052437443972951 311033788322327096053073052437443972951 L2_3_IT 0.221299135147687 0.444444444444445
311055107651035232356643149119085799091 311055107651035232356643149119085799091 311055107651035232356643149119085799091 Sst 0.833225028364982 0.925925925925926
312223181741362243513086384995568348260 312223181741362243513086384995568348260 312223181741362243513086384995568348260 Endo 0.453910478357351 0.62962962962963
312628602986422503759470887351809847747 312628602986422503759470887351809847747 312628602986422503759470887351809847747 Endo 0.468261863348994 0.148148148148148
313459210494639463251921123382356311230 313459210494639463251921123382356311230 313459210494639463251921123382356311230 L2_3_IT 0.433937434276562 0.814814814814815
313618298733650281187306869791859936354 313618298733650281187306869791859936354 313618298733650281187306869791859936354 L2_3_IT 0.321786138021032 0.592592592592593
313780664006931414497142977687392413554 313780664006931414497142977687392413554 313780664006931414497142977687392413554 Micro 0.795631922976605 0.962962962962963
314901266139341220510862666362919106127 314901266139341220510862666362919106127 314901266139341220510862666362919106127 Endo 0.028362792328394 0.333333333333333
31500002316269139311842758310139348448 31500002316269139311842758310139348448 31500002316269139311842758310139348448 L2_3_IT 0.813235479571582 0.666666666666667
315169174312216590578917291566996689894 315169174312216590578917291566996689894 315169174312216590578917291566996689894 Endo 0.488513442540495 0.851851851851852
315516358443167933285512358211553889027 315516358443167933285512358211553889027 315516358443167933285512358211553889027 Sst 0.0679753665993175 0.148148148148148
315702332849902612378244452886460629466 315702332849902612378244452886460629466 315702332849902612378244452886460629466 PVM 0.465183957398928 0.703703703703704
316576545710939216369594957886563798336 316576545710939216369594957886563798336 316576545710939216369594957886563798336 VLMC 0.564688494900432 0.592592592592593
316604349141775200223615600689776006162 316604349141775200223615600689776006162 316604349141775200223615600689776006162 Endo 0.957849289156166 0.296296296296296
317023097530068487610875241698811588125 317023097530068487610875241698811588125 317023097530068487610875241698811588125 SMC 0.97280805637119 0.925925925925926
317684213417857634306383922760832972339 317684213417857634306383922760832972339 317684213417857634306383922760832972339 Peri 0.536766717602077 0.481481481481482
317794137125910240359661376454280348499 317794137125910240359661376454280348499 317794137125910240359661376454280348499 L2_3_IT 0.547124806562188 0.407407407407407
318225944692184755749437382324820609677 318225944692184755749437382324820609677 318225944692184755749437382324820609677 L2_3_IT 0.567496417697385 0.777777777777778
318307519554864034519223704355591510971 318307519554864034519223704355591510971 318307519554864034519223704355591510971 Astro 0.221811851890954 0.444444444444445
318716206975904562914333488892805224593 318716206975904562914333488892805224593 318716206975904562914333488892805224593 PVM 0.441845844052528 0.296296296296296
318916309336691471278715941696816083746 318916309336691471278715941696816083746 318916309336691471278715941696816083746 VLMC 0.638489215042234 0.296296296296296
319071523344686265174534591884317622235 319071523344686265174534591884317622235 319071523344686265174534591884317622235 Sst 0.363413027929308 0.0740740740740743
319897019900019587789937767794814147563 319897019900019587789937767794814147563 319897019900019587789937767794814147563 VLMC 0.0217897326865737 0.481481481481482
320172137965255231535979562921910584126 320172137965255231535979562921910584126 320172137965255231535979562921910584126 Endo 0.567873160829823 0.777777777777778
320352496599746833625030434283747965394 320352496599746833625030434283747965394 320352496599746833625030434283747965394 Peri 0.259816117508772 0.111111111111111
320441263060659624833297526969188659611 320441263060659624833297526969188659611 320441263060659624833297526969188659611 Astro 0.315606512029115 0.148148148148148
320461572066245663791025041577598420185 320461572066245663791025041577598420185 320461572066245663791025041577598420185 VLMC 0.788841093425879 0.222222222222222
320486187229120575581152850295791069015 320486187229120575581152850295791069015 320486187229120575581152850295791069015 L2_3_IT 0.227451361721919 0.555555555555556
320888984898844340000719740474694918909 320888984898844340000719740474694918909 320888984898844340000719740474694918909 L2_3_IT 0.62759020816453 0.851851851851852
321733537844986031259515056439701594171 321733537844986031259515056439701594171 321733537844986031259515056439701594171 L5_ET 0.481382057944271 0.888888888888889
321818068753913184736829339425340746479 321818068753913184736829339425340746479 321818068753913184736829339425340746479 Pvalb 0.832544904359261 1
322170954556784077948712453166213284945 322170954556784077948712453166213284945 322170954556784077948712453166213284945 Endo 0.569732572719413 0.925925925925926
322858185923341934726134977889663967972 322858185923341934726134977889663967972 322858185923341934726134977889663967972 L2_3_IT 0.488993027617249 0.851851851851852
32361680079831708014295752060101704434 32361680079831708014295752060101704434 32361680079831708014295752060101704434 Astro 0.766710026455224 0.111111111111111
324495687557029180113547853402930630899 324495687557029180113547853402930630899 324495687557029180113547853402930630899 Endo 0.433897334571991 0.592592592592593
32485689600347917795441678286085371191 32485689600347917795441678286085371191 32485689600347917795441678286085371191 Astro 0.25211742388147 0.444444444444445
324884376612816744797538056483522710270 324884376612816744797538056483522710270 324884376612816744797538056483522710270 Sst 0.504239135685896 0.0740740740740743
324979811454883837486226829957301671383 324979811454883837486226829957301671383 324979811454883837486226829957301671383 L2_3_IT 0.985501426537466 0.925925925925926
325062290081350265573882061497088748940 325062290081350265573882061497088748940 325062290081350265573882061497088748940 L2_3_IT 0.534386143668427 0.407407407407407
326132781743503726021864756981851494109 326132781743503726021864756981851494109 326132781743503726021864756981851494109 Pvalb 0.527054623563224 0.0740740740740743
326273497284817873066557298660941713343 326273497284817873066557298660941713343 326273497284817873066557298660941713343 Pvalb 0.804841177712783 0.555555555555556
326651909575624533075805489094112321345 326651909575624533075805489094112321345 326651909575624533075805489094112321345 Pvalb 0.0452590897435808 0.0370370370370372
326872599324240102909348559460908413430 326872599324240102909348559460908413430 326872599324240102909348559460908413430 L2_3_IT 0.421565991178829 0.592592592592593
327086052338970522794865936917452690129 327086052338970522794865936917452690129 327086052338970522794865936917452690129 VLMC 0.337192986397612 0.518518518518518
328136444898632080377460848527792141396 328136444898632080377460848527792141396 328136444898632080377460848527792141396 Oligo 0.93691716375701 0.444444444444445
328247126289966186349562146070428413235 328247126289966186349562146070428413235 328247126289966186349562146070428413235 Endo 0.537629787020621 0.333333333333333
328258222753368164277302103448531068273 328258222753368164277302103448531068273 328258222753368164277302103448531068273 Endo 0.143287936177332 0.37037037037037
32847611338579908433104344453801968525 32847611338579908433104344453801968525 32847611338579908433104344453801968525 Endo 0.667254061147926 0.592592592592593
328794480950210952918827086838865771107 328794480950210952918827086838865771107 328794480950210952918827086838865771107 L2_3_IT 0.321162960748194 0.148148148148148
329841651143243593152838889440889586319 329841651143243593152838889440889586319 329841651143243593152838889440889586319 L2_3_IT 0.221659501723765 0.111111111111111
330174761225682026986214557368169707793 330174761225682026986214557368169707793 330174761225682026986214557368169707793 L4_5_IT 0.0634925939419764 0.111111111111111
330800035458838460605232246422968779743 330800035458838460605232246422968779743 330800035458838460605232246422968779743 L2_3_IT 0.638833487087556 0.666666666666667
330899555868198531174964596020165457636 330899555868198531174964596020165457636 330899555868198531174964596020165457636 L2_3_IT 0.425021714235976 0.259259259259259
33112120014918058977539853806499033282 33112120014918058977539853806499033282 33112120014918058977539853806499033282 L2_3_IT 0.0787983233917905 0.518518518518518
33112744015303394698882667975529006658 33112744015303394698882667975529006658 33112744015303394698882667975529006658 Oligo 0.12158994252358 0.555555555555556
331394818707225419581456265427646733224 331394818707225419581456265427646733224 331394818707225419581456265427646733224 VLMC 0.2636151306903 0.111111111111111
33141863410388909065802648449144401436 33141863410388909065802648449144401436 33141863410388909065802648449144401436 Peri 0.662964390304886 0.592592592592593
331849943619963725327926947693018184620 331849943619963725327926947693018184620 331849943619963725327926947693018184620 L2_3_IT 0.325590579029878 0.666666666666667
332102913834345522449600137753577787328 332102913834345522449600137753577787328 332102913834345522449600137753577787328 VLMC 0.32722853834923 0.518518518518518
332337646053191567490842692056351859358 332337646053191567490842692056351859358 332337646053191567490842692056351859358 L2_3_IT 0.823992971855485 0.925925925925926
332499412941033637315603226964606822933 332499412941033637315603226964606822933 332499412941033637315603226964606822933 L2_3_IT 0.517670548040776 0.0740740740740743
33260383032633677065157851324497170665 33260383032633677065157851324497170665 33260383032633677065157851324497170665 Sst 0.965464163174456 0.851851851851852
33400492745164709526364883128358764070 33400492745164709526364883128358764070 33400492745164709526364883128358764070 Endo 0.32439163629551 0.37037037037037
334251161003811280904711009226813039135 334251161003811280904711009226813039135 334251161003811280904711009226813039135 Sst 0.428002470734329 0.814814814814815
334318697460245615522550178574056441099 334318697460245615522550178574056441099 334318697460245615522550178574056441099 Endo 0.536779734763518 0.481481481481482
334952709754252753371888849065341894557 334952709754252753371888849065341894557 334952709754252753371888849065341894557 Endo 0.547397784485348 0.407407407407407
335162525492296124596607587443329770966 335162525492296124596607587443329770966 335162525492296124596607587443329770966 Endo 0.329372424408908 0.37037037037037
335227220227275297001542604377120302086 335227220227275297001542604377120302086 335227220227275297001542604377120302086 L4_5_IT 0.762241704409278 0.703703703703704
335469249810829072842345205403075866410 335469249810829072842345205403075866410 335469249810829072842345205403075866410 L2_3_IT 0.540997715906015 0.407407407407407
335901127215538133730447889436913329038 335901127215538133730447889436913329038 335901127215538133730447889436913329038 Oligo 0.461282676221127 0.444444444444445
33594695617263162071200131837962548326 33594695617263162071200131837962548326 33594695617263162071200131837962548326 PVM 0.532029397307565 0.333333333333333
336285881260141128369814322332029672798 336285881260141128369814322332029672798 336285881260141128369814322332029672798 Oligo 0.448767217224577 0.259259259259259
336405384473915589986989166408616782592 336405384473915589986989166408616782592 336405384473915589986989166408616782592 Endo 0.776838306217285 0.814814814814815
336483046324212948647988689901319333121 336483046324212948647988689901319333121 336483046324212948647988689901319333121 Oligo 0.157855663815101 0.62962962962963
336671169786451420940602700006093768043 336671169786451420940602700006093768043 336671169786451420940602700006093768043 Endo 0.938613580248641 1
336798555642535270257382824589874792385 336798555642535270257382824589874792385 336798555642535270257382824589874792385 Endo 0.0516429824156326 0.37037037037037
336834958280962721958269910363918278056 336834958280962721958269910363918278056 336834958280962721958269910363918278056 Oligo 0.221613409317108 0.0740740740740743
338231797585771712105627035705914062498 338231797585771712105627035705914062498 338231797585771712105627035705914062498 L2_3_IT 0.434895172741296 0.592592592592593
338296331810737666821987253948767403091 338296331810737666821987253948767403091 338296331810737666821987253948767403091 Astro 0.36764278109379 0.703703703703704
338449190833633224925719141423722246610 338449190833633224925719141423722246610 338449190833633224925719141423722246610 Pvalb 0.440349483892458 0.814814814814815
338622681189373154898955437287150445148 338622681189373154898955437287150445148 338622681189373154898955437287150445148 Endo 0.984485570188886 0.925925925925926
33926415722825268156034148194597994123 33926415722825268156034148194597994123 33926415722825268156034148194597994123 PVM 0.0778920485949394 0.111111111111111
339569493869024498989285031080035430507 339569493869024498989285031080035430507 339569493869024498989285031080035430507 SMC 0.533483131140655 0.703703703703704
339944710108594105970482649049927454915 339944710108594105970482649049927454915 339944710108594105970482649049927454915 Astro 0.214397369316889 0.148148148148148
35009704067730176945390472745852891097 35009704067730176945390472745852891097 35009704067730176945390472745852891097 Endo 0.229847680725234 0.555555555555556
35392899636965878378647474267144079809 35392899636965878378647474267144079809 35392899636965878378647474267144079809 PVM 0.105239129798648 0.0740740740740743
35867274889728329339064092911128978624 35867274889728329339064092911128978624 35867274889728329339064092911128978624 Endo 0.0291881861073576 0.37037037037037
36949337127826990762300257012807218398 36949337127826990762300257012807218398 36949337127826990762300257012807218398 L2_3_IT 0.770162004208558 0.111111111111111
38318273759106443681112043043527534279 38318273759106443681112043043527534279 38318273759106443681112043043527534279 L2_3_IT 0.16772380014514 0.444444444444445
38318419973673325911673337583174572886 38318419973673325911673337583174572886 38318419973673325911673337583174572886 L2_3_IT 0.219548132663524 0.407407407407407
38629459659897246510093238596075975990 38629459659897246510093238596075975990 38629459659897246510093238596075975990 Astro 0.687927716358772 0.666666666666667
38938357050825411786365752884657669411 38938357050825411786365752884657669411 38938357050825411786365752884657669411 Astro 0.574824804748486 0.777777777777778
38946835221677779596936553798298473746 38946835221677779596936553798298473746 38946835221677779596936553798298473746 L4_5_IT 0.0446200947687197 0.0370370370370372
39294267675373757032634463314686522533 39294267675373757032634463314686522533 39294267675373757032634463314686522533 Endo 0.255512027005135 0.0370370370370372
39308064609084223297854000610617820738 39308064609084223297854000610617820738 39308064609084223297854000610617820738 Astro 0.757286752062808 0.888888888888889
39557731501915038008334317635375340790 39557731501915038008334317635375340790 39557731501915038008334317635375340790 Micro 0.970748650930169 0.296296296296296
40211959625258928620191551771352102944 40211959625258928620191551771352102944 40211959625258928620191551771352102944 L2_3_IT 0.248046810543375 0.444444444444445
40243963211080738611633840264554523379 40243963211080738611633840264554523379 40243963211080738611633840264554523379 Endo 0.613963482487108 0.296296296296296
40893033754415771974914137276723100500 40893033754415771974914137276723100500 40893033754415771974914137276723100500 Astro 0.113036266159652 0.518518518518518
40939547012830077241889026574318594315 40939547012830077241889026574318594315 40939547012830077241889026574318594315 Peri 0.0369341565408255 0.0370370370370372
41052860405522796550087474009677880281 41052860405522796550087474009677880281 41052860405522796550087474009677880281 L2_3_IT 0.24580575632926 0.481481481481482
42094805773753692571331391913764598980 42094805773753692571331391913764598980 42094805773753692571331391913764598980 Oligo 0.796698780563588 0.814814814814815
42109656847304688816486603980422761804 42109656847304688816486603980422761804 42109656847304688816486603980422761804 L2_3_IT 0.0382602105858705 0.481481481481482
42737620034889308397534423536448440918 42737620034889308397534423536448440918 42737620034889308397534423536448440918 Endo 0.559817122171755 0.259259259259259
43613443500918048734160935163017795402 43613443500918048734160935163017795402 43613443500918048734160935163017795402 Endo 0.1324557325221 0.0740740740740743
44126533665665885459183762121945166845 44126533665665885459183762121945166845 44126533665665885459183762121945166845 Endo 0.430871064876247 0.814814814814815
44210997699650395145749907385804422554 44210997699650395145749907385804422554 44210997699650395145749907385804422554 Peri 0.892795852663508 0.407407407407408
44213958458681461077520822571514656963 44213958458681461077520822571514656963 44213958458681461077520822571514656963 Oligo 0.228669370422911 0.555555555555556
44222272939324101132014642925190450861 44222272939324101132014642925190450861 44222272939324101132014642925190450861 Sst 0.316378154283065 0.148148148148148
44969544564741179075269380296033065343 44969544564741179075269380296033065343 44969544564741179075269380296033065343 VLMC 0.895018048816017 0.703703703703704
45053880868872764351674799628513222667 45053880868872764351674799628513222667 45053880868872764351674799628513222667 L2_3_IT 0.446154670428963 0.666666666666667
45057974588102408841683372985127190750 45057974588102408841683372985127190750 45057974588102408841683372985127190750 Astro 0.880771986843356 0.444444444444445
45768923814585032043993141834271464186 45768923814585032043993141834271464186 45768923814585032043993141834271464186 Astro 0.848213583929583 0.962962962962963
45824360862668672747659709317829836696 45824360862668672747659709317829836696 45824360862668672747659709317829836696 L2_3_IT 0.219174306019132 0.407407407407407
45992141345549724408935557328546357942 45992141345549724408935557328546357942 45992141345549724408935557328546357942 Endo 0.978949998418784 0.296296296296296
46444669266396036186523514498825195108 46444669266396036186523514498825195108 46444669266396036186523514498825195108 SMC 0.376204058825907 0.740740740740741
46789358995126556724142913253492004597 46789358995126556724142913253492004597 46789358995126556724142913253492004597 L2_3_IT 0.246266544562752 0.592592592592593
46872184124738245173760478132793095713 46872184124738245173760478132793095713 46872184124738245173760478132793095713 Micro 0.961403918350574 0.851851851851852
46908506632624688884848422255792305833 46908506632624688884848422255792305833 46908506632624688884848422255792305833 Pvalb 0.971066902958422 0.296296296296296
4750474866653585747238438627446128616 4750474866653585747238438627446128616 4750474866653585747238438627446128616 Endo 0.11583965084621 0
47773548692535328376883775097971156677 47773548692535328376883775097971156677 47773548692535328376883775097971156677 L2_3_IT 0.641964016861019 0.296296296296296
47792164389971095990927565372144691961 47792164389971095990927565372144691961 47792164389971095990927565372144691961 Endo 0.65867019359187 0.777777777777778
48113109857074864595971095166011484475 48113109857074864595971095166011484475 48113109857074864595971095166011484475 L2_3_IT 0.824584053791805 0.555555555555556
48286280350719361737785190270714541488 48286280350719361737785190270714541488 48286280350719361737785190270714541488 Endo 0.795889011951754 0.851851851851852
48934629902193695309650854816127258132 48934629902193695309650854816127258132 48934629902193695309650854816127258132 Endo 0.982482774537726 0.296296296296296
49094672334633452705078519567271410177 49094672334633452705078519567271410177 49094672334633452705078519567271410177 VLMC 0.466289281451718 0.703703703703704
49185521603949705040761727099809140078 49185521603949705040761727099809140078 49185521603949705040761727099809140078 Sst 0.358781031091337 0.481481481481482
49471701974759353799840271410210820529 49471701974759353799840271410210820529 49471701974759353799840271410210820529 Sst 0.222778879352622 0.296296296296296
50068700387253413552788140885586713321 50068700387253413552788140885586713321 50068700387253413552788140885586713321 Oligo 0.831718086674737 0.407407407407407
50112550214207220317547805138655361336 50112550214207220317547805138655361336 50112550214207220317547805138655361336 VLMC 0.237129436214402 0.444444444444444
50168325674585342290132045874056233163 50168325674585342290132045874056233163 50168325674585342290132045874056233163 Astro 0.977205701905432 0.296296296296296
50907822365688934986006367080843377865 50907822365688934986006367080843377865 50907822365688934986006367080843377865 Pvalb 0.165391842584116 0.111111111111111
50996008582836640148197127761750979760 50996008582836640148197127761750979760 50996008582836640148197127761750979760 Astro 0.570255295296548 0.296296296296296
51066623871767018716915796547117314519 51066623871767018716915796547117314519 51066623871767018716915796547117314519 Endo 0.366680092291913 0.407407407407407
51071436927351958996681679701733402036 51071436927351958996681679701733402036 51071436927351958996681679701733402036 Endo 0.885425411945703 0.444444444444445
5137558386772310614839091707550529730 5137558386772310614839091707550529730 5137558386772310614839091707550529730 L2_3_IT 0.120711824619466 0.62962962962963
51576056118893052001897165803081760317 51576056118893052001897165803081760317 51576056118893052001897165803081760317 Sst 0.888319975932014 0.925925925925926
51827905262073580095698524817495308299 51827905262073580095698524817495308299 51827905262073580095698524817495308299 L2_3_IT 0.560910024878484 0.592592592592593
52159294734564865382319344413974601996 52159294734564865382319344413974601996 52159294734564865382319344413974601996 SMC 0.754240747871882 0.777777777777778
5246716211959196357140305518439740328 5246716211959196357140305518439740328 5246716211959196357140305518439740328 Endo 0.802481034109665 0.666666666666667
52726672208533323546363586063192635410 52726672208533323546363586063192635410 52726672208533323546363586063192635410 OPC 0.265228224017271 0.0370370370370372
53103240081708652169208526160240383497 53103240081708652169208526160240383497 53103240081708652169208526160240383497 L2_3_IT 0.45024181307389 0.444444444444445
54074365587182847805090352485262872508 54074365587182847805090352485262872508 54074365587182847805090352485262872508 Oligo 0.821916815996253 0.407407407407407
54232938078905298783620234037074204865 54232938078905298783620234037074204865 54232938078905298783620234037074204865 VLMC 0.0407021353586037 0.37037037037037
54421317362592889426312689144075014664 54421317362592889426312689144075014664 54421317362592889426312689144075014664 Peri 0.432036509832508 0.407407407407407
54583937305150298908278460779789712816 54583937305150298908278460779789712816 54583937305150298908278460779789712816 L2_3_IT 0.831267034291807 0.407407407407407
54758718559687658226966836866011760267 54758718559687658226966836866011760267 54758718559687658226966836866011760267 Pvalb 0.980514365076771 0.296296296296296
54858249412377576790602140916199357574 54858249412377576790602140916199357574 54858249412377576790602140916199357574 L2_3_IT 0.654048943939774 0.777777777777778
55556557797935855254906619263710340050 55556557797935855254906619263710340050 55556557797935855254906619263710340050 L2_3_IT 0.0206909297747499 0.333333333333333
5560219026382758234104923934888381779 5560219026382758234104923934888381779 5560219026382758234104923934888381779 Astro 0.757302895437674 0.703703703703704
55640847588935431217469511069082871969 55640847588935431217469511069082871969 55640847588935431217469511069082871969 L4_5_IT 0.113243592901961 0.111111111111111
55678577633417103385964899159485862455 55678577633417103385964899159485862455 55678577633417103385964899159485862455 L2_3_IT 0.230790279602071 0.481481481481482
55851938203364998796946482411125242078 55851938203364998796946482411125242078 55851938203364998796946482411125242078 PVM 0.0413746700930945 0.37037037037037
55885374813769353547034334065360830237 55885374813769353547034334065360830237 55885374813769353547034334065360830237 Sst 0.462131521277158 0.62962962962963
55927650689554295301533172824821716862 55927650689554295301533172824821716862 55927650689554295301533172824821716862 Endo 0.212835028900051 0.518518518518518
56109449857352553483645050457187159543 56109449857352553483645050457187159543 56109449857352553483645050457187159543 L2_3_IT 0.591474447597877 0.592592592592593
56272695675299405423732403778292734850 56272695675299405423732403778292734850 56272695675299405423732403778292734850 Astro 0.0661304177804932 0.222222222222222
56368239374118767196427650646003716638 56368239374118767196427650646003716638 56368239374118767196427650646003716638 Oligo 0.169713081718606 0.407407407407407
5639592606786639952823624788610551029 5639592606786639952823624788610551029 5639592606786639952823624788610551029 Pvalb 0.856406190908315 0.148148148148148
56640887761620184227958507507554636882 56640887761620184227958507507554636882 56640887761620184227958507507554636882 L2_3_IT 0.637227446955023 0.814814814814815
56661725714703732341650042901725970659 56661725714703732341650042901725970659 56661725714703732341650042901725970659 PVM 0.473696558016905 0.444444444444445
56773637341850392204113997415544469813 56773637341850392204113997415544469813 56773637341850392204113997415544469813 L2_3_IT 0.345027412292879 0.481481481481482
56882086705467774678789323234060261116 56882086705467774678789323234060261116 56882086705467774678789323234060261116 OPC 0.754081868876227 0.777777777777778
56994687519134775655013711391194196586 56994687519134775655013711391194196586 56994687519134775655013711391194196586 Astro 0.468820151678892 0.62962962962963
57345633717857931032282976288713332923 57345633717857931032282976288713332923 57345633717857931032282976288713332923 Peri 0.633209351663307 0.666666666666667
57491154361996888191766741446765249841 57491154361996888191766741446765249841 57491154361996888191766741446765249841 L2_3_IT 0.331357840488417 0.62962962962963
57804611170900764515752338926235927647 57804611170900764515752338926235927647 57804611170900764515752338926235927647 OPC 0.784255240392763 0.962962962962963
5843622369437948906049518508237806026 5843622369437948906049518508237806026 5843622369437948906049518508237806026 Astro 0.64545075379162 0.851851851851852
58614268117399954852328477067627276193 58614268117399954852328477067627276193 58614268117399954852328477067627276193 L2_3_IT 0.184783036601427 0.407407407407407
5876912759483530851771988597941947829 5876912759483530851771988597941947829 5876912759483530851771988597941947829 Endo 0.309215292101758 0.148148148148148
59115056283708007282822628429147919307 59115056283708007282822628429147919307 59115056283708007282822628429147919307 Endo 0.565914497892586 0.666666666666667
59359891046453340260742988255376316138 59359891046453340260742988255376316138 59359891046453340260742988255376316138 L2_3_IT 0.20472041175656 0.555555555555556
59675427810981078472921335083459757717 59675427810981078472921335083459757717 59675427810981078472921335083459757717 Pvalb 0.563048943024426 0.407407407407407
60048783719286020964719844609444228686 60048783719286020964719844609444228686 60048783719286020964719844609444228686 SMC 0.439384670002265 0.296296296296296
60099018099229619112324925120950650270 60099018099229619112324925120950650270 60099018099229619112324925120950650270 Sst 0.639158660809511 0.62962962962963
60296505421016345497352471570108016890 60296505421016345497352471570108016890 60296505421016345497352471570108016890 Oligo 0.543966581151259 0.62962962962963
60314886070518182240131259105087614567 60314886070518182240131259105087614567 60314886070518182240131259105087614567 Pvalb 0.976770261299768 0.296296296296296
60625244999534450344053120748605499264 60625244999534450344053120748605499264 60625244999534450344053120748605499264 Peri 0.552545000305686 0.407407407407407
61162768297928345846923787709677572893 61162768297928345846923787709677572893 61162768297928345846923787709677572893 Endo 0.320703188063379 0.0740740740740743
61425470457824641290517825441616286284 61425470457824641290517825441616286284 61425470457824641290517825441616286284 L2_3_IT 0.570645084747174 0.777777777777778
61583507988870666918661559334189308622 61583507988870666918661559334189308622 61583507988870666918661559334189308622 Astro 0.800227499851667 0.666666666666667
61666586762159224201942648481894724967 61666586762159224201942648481894724967 61666586762159224201942648481894724967 L2_3_IT 0.351865570793525 0.407407407407407
61692554902472215082967072190039456268 61692554902472215082967072190039456268 61692554902472215082967072190039456268 Endo 0.837815489325029 0.925925925925926
61696593403209919684187089797023931310 61696593403209919684187089797023931310 61696593403209919684187089797023931310 L2_3_IT 0.630165627395868 0.666666666666667
61734305417976255760743945147480908448 61734305417976255760743945147480908448 61734305417976255760743945147480908448 L2_3_IT 0.168758621758058 0.444444444444444
61847811922675613207001868256445260130 61847811922675613207001868256445260130 61847811922675613207001868256445260130 Astro 0.80636730045442 0.666666666666667
62128164703411485282202383959107173817 62128164703411485282202383959107173817 62128164703411485282202383959107173817 Endo 0.882370135788385 0.703703703703704
62445983564850450424099890574877027581 62445983564850450424099890574877027581 62445983564850450424099890574877027581 L2_3_IT 0.785254249943358 0.777777777777778
62880368439879109100609746951839780765 62880368439879109100609746951839780765 62880368439879109100609746951839780765 Endo 0.216211024971894 0.407407407407407
62947937874235802273461099327870702581 62947937874235802273461099327870702581 62947937874235802273461099327870702581 Sst 0.341062757998998 0.0740740740740743
63131303457466568606468206662761159725 63131303457466568606468206662761159725 63131303457466568606468206662761159725 L2_3_IT 0.761462459247902 0.703703703703704
6410171131269587517584968863172144058 6410171131269587517584968863172144058 6410171131269587517584968863172144058 L2_3_IT 0.311646713168468 0.37037037037037
64626541430961401090995198974801400406 64626541430961401090995198974801400406 64626541430961401090995198974801400406 Micro 0.0650483416249054 0.518518518518518
66553786119294617105209922533232133183 66553786119294617105209922533232133183 66553786119294617105209922533232133183 PVM 0.68672604388946 0.925925925925926
67020745725562266308791393316984508672 67020745725562266308791393316984508672 67020745725562266308791393316984508672 L2_3_IT 0.74618868383041 0.814814814814815
67313058400854204311594241210135356353 67313058400854204311594241210135356353 67313058400854204311594241210135356353 Oligo 0.168543442712293 0.111111111111111
68085162122516329098589174458312603947 68085162122516329098589174458312603947 68085162122516329098589174458312603947 L2_3_IT 0.972519012946844 0.925925925925926
69028226719270303351487779637313330177 69028226719270303351487779637313330177 69028226719270303351487779637313330177 Micro 0.830682487664084 0.925925925925926
6904561393982350497968551202314006810 6904561393982350497968551202314006810 6904561393982350497968551202314006810 VLMC 0.167104910114524 0.592592592592593
69082725686220086375283969750693146987 69082725686220086375283969750693146987 69082725686220086375283969750693146987 Oligo 0.789735204745317 0.851851851851852
694338038619692542949402389723528225 694338038619692542949402389723528225 694338038619692542949402389723528225 SMC 0.476777143262812 0.444444444444445
7072093303211067610587605683510650444 7072093303211067610587605683510650444 7072093303211067610587605683510650444 Endo 0.585100008014111 0.888888888888889
70889030316176832518674411673924677981 70889030316176832518674411673924677981 70889030316176832518674411673924677981 Sst 0.797978800431634 0.777777777777778
70942292763404686094600311632141273527 70942292763404686094600311632141273527 70942292763404686094600311632141273527 Endo 0.467807820453259 0.703703703703704
70994845946352009462845148931169229734 70994845946352009462845148931169229734 70994845946352009462845148931169229734 Peri 0.215885604739182 0.370370370370371
71034824415536534575149315154483897877 71034824415536534575149315154483897877 71034824415536534575149315154483897877 Oligo 0.217936824112446 0.0740740740740743
71041774786618431689370764623694735481 71041774786618431689370764623694735481 71041774786618431689370764623694735481 L2_3_IT 0.979280828980773 0.296296296296296
71231739788682529022862519088913112716 71231739788682529022862519088913112716 71231739788682529022862519088913112716 Micro 0.367396249185785 0.407407407407407
71231753794404851499213073607290000439 71231753794404851499213073607290000439 71231753794404851499213073607290000439 L2_3_IT 0.535480326135975 0.814814814814815
7143959258857116768668838420408276424 7143959258857116768668838420408276424 7143959258857116768668838420408276424 VLMC 0.0598195770997146 0.0370370370370372
71925750075644097223893804519963861123 71925750075644097223893804519963861123 71925750075644097223893804519963861123 L4_5_IT 0.565286083658889 0.296296296296296
72039055564499499943602451890126961714 72039055564499499943602451890126961714 72039055564499499943602451890126961714 Endo 0.27237654941104 0.0370370370370372
72624128896941706232665028807793203497 72624128896941706232665028807793203497 72624128896941706232665028807793203497 Oligo 0.939242774313415 0.444444444444445
72785012760744129287917990744686678303 72785012760744129287917990744686678303 72785012760744129287917990744686678303 L2_3_IT 0.154946532634244 0.222222222222222
72974898381276527675719558623813303808 72974898381276527675719558623813303808 72974898381276527675719558623813303808 SMC 0.112144611183293 0.555555555555556
73163862288760521483184527156406283546 73163862288760521483184527156406283546 73163862288760521483184527156406283546 Endo 0.347141370437243 0.0740740740740743
73631212473274467332202774110416577451 73631212473274467332202774110416577451 73631212473274467332202774110416577451 Endo 0.319060751288772 0.111111111111111
74347703569415824165214140174637520789 74347703569415824165214140174637520789 74347703569415824165214140174637520789 L2_3_IT 0.207586122113504 0.444444444444445
75029702736678447431079794163674521247 75029702736678447431079794163674521247 75029702736678447431079794163674521247 L4_5_IT 0.969191207757476 0.925925925925926
7503723995416267772913758497431012403 7503723995416267772913758497431012403 7503723995416267772913758497431012403 VLMC 0.330430410184949 0.666666666666667
7530935365806719726381768738621792133 7530935365806719726381768738621792133 7530935365806719726381768738621792133 Peri 0.165001467786822 0.148148148148148
75408334422055300300917859154442936723 75408334422055300300917859154442936723 75408334422055300300917859154442936723 Endo 0.234468957258806 0.37037037037037
75876808710417741320482391855620990040 75876808710417741320482391855620990040 75876808710417741320482391855620990040 Peri 0.567291303271279 0.666666666666667
76253007064694401604718867741288484969 76253007064694401604718867741288484969 76253007064694401604718867741288484969 Oligo 0.789917849330359 0.814814814814815
76313775297691169455159680913210029075 76313775297691169455159680913210029075 76313775297691169455159680913210029075 Endo 0.235462897901297 0.37037037037037
76715736342052163236953604769923845015 76715736342052163236953604769923845015 76715736342052163236953604769923845015 Endo 0.486136681875585 0.888888888888889
77096847598558803714521214220405175008 77096847598558803714521214220405175008 77096847598558803714521214220405175008 Endo 0.755461347430604 0.925925925925926
77508471766757179783461029266024002010 77508471766757179783461029266024002010 77508471766757179783461029266024002010 Micro 0.0508377209901443 0.0370370370370372
7788353546611057992034000678669511230 7788353546611057992034000678669511230 7788353546611057992034000678669511230 L2_3_IT 0.95417418560625 0.444444444444444
78787303812616071910813914640544152298 78787303812616071910813914640544152298 78787303812616071910813914640544152298 Astro 0.742881282979151 0.814814814814815
79191958456097048018909308215835261415 79191958456097048018909308215835261415 79191958456097048018909308215835261415 L2_3_IT 0.338126285806512 0.666666666666667
79916728096106650384992053822837567939 79916728096106650384992053822837567939 79916728096106650384992053822837567939 L2_3_IT 0.588705427299639 0.888888888888889
79935874462595021628089480594031255053 79935874462595021628089480594031255053 79935874462595021628089480594031255053 Peri 0.824404168467136 0.925925925925926
79958672979505124864633742237969017980 79958672979505124864633742237969017980 79958672979505124864633742237969017980 L2_3_IT 0.841757882934819 0.962962962962963
8003916518477230270989905396902042571 8003916518477230270989905396902042571 8003916518477230270989905396902042571 Sst 0.552223898689857 0.592592592592593
80630075919359923364501449824553582977 80630075919359923364501449824553582977 80630075919359923364501449824553582977 Sst 0.538838875823393 0.703703703703704
8087698575955693192148550457548084474 8087698575955693192148550457548084474 8087698575955693192148550457548084474 L2_3_IT 0.238476549597426 0.592592592592593
81693652689294951460422901465995179503 81693652689294951460422901465995179503 81693652689294951460422901465995179503 Endo 0.574712263113956 0.666666666666667
83242851673025742514814174394077284532 83242851673025742514814174394077284532 83242851673025742514814174394077284532 Endo 0.534968413870367 0.407407407407407
83575675244206056972028986175819036629 83575675244206056972028986175819036629 83575675244206056972028986175819036629 Endo 0.786812505896894 0.222222222222222
83596604238322091597083041074667369562 83596604238322091597083041074667369562 83596604238322091597083041074667369562 L2_3_IT 0.981874017176781 0.962962962962963
83770201598748328275922826171131909661 83770201598748328275922826171131909661 83770201598748328275922826171131909661 L4_5_IT 0.759305919711833 0.777777777777778
83875671317225851252029500465398783885 83875671317225851252029500465398783885 83875671317225851252029500465398783885 Sst 0.358311439202334 0.333333333333333
84493185896124744285090232005307309542 84493185896124744285090232005307309542 84493185896124744285090232005307309542 Endo 0.331385510922463 0.592592592592593
84582624606207203564050042962942066053 84582624606207203564050042962942066053 84582624606207203564050042962942066053 L2_3_IT 0.364547963349332 0.0370370370370372
8461544462435731293762675232842210333 8461544462435731293762675232842210333 8461544462435731293762675232842210333 SMC 0.475229926152186 0.703703703703704
8564595973269547106291127313913845680 8564595973269547106291127313913845680 8564595973269547106291127313913845680 L2_3_IT 0.843376029117941 0.555555555555556
8594839873122072259184640382937986751 8594839873122072259184640382937986751 8594839873122072259184640382937986751 PVM 0.237256806067449 0.592592592592593
86079373224668850872954679641925077593 86079373224668850872954679641925077593 86079373224668850872954679641925077593 Endo 0.567524989655682 0.407407407407407
8615315012369758870431631047863196539 8615315012369758870431631047863196539 8615315012369758870431631047863196539 Endo 0.650412300383466 0.62962962962963
8682210774300358831968231749144065850 8682210774300358831968231749144065850 8682210774300358831968231749144065850 L2_3_IT 0.671862330843068 0.592592592592593
87851031610139112736791838816574356900 87851031610139112736791838816574356900 87851031610139112736791838816574356900 L2_3_IT 0.181000169265846 0.444444444444445
88075384547696752931875752892641852264 88075384547696752931875752892641852264 88075384547696752931875752892641852264 L2_3_IT 0.888885995991695 0.888888888888889
8854534007059708204460892745567009062 8854534007059708204460892745567009062 8854534007059708204460892745567009062 L2_3_IT 0.340487642668366 0.62962962962963
88850962966851107050671673256164759850 88850962966851107050671673256164759850 88850962966851107050671673256164759850 L2_3_IT 0.577711996404077 0.814814814814815
88909384164689480029340318799107272813 88909384164689480029340318799107272813 88909384164689480029340318799107272813 Peri 0.0524063113914989 0.518518518518518
89090734157339777538646571460500045568 89090734157339777538646571460500045568 89090734157339777538646571460500045568 Oligo 0.149428623458874 0.481481481481482
90076708094963604992750536753257779618 90076708094963604992750536753257779618 90076708094963604992750536753257779618 L2_3_IT 0.113434889112756 0.62962962962963
90504119046345556388812429101214236383 90504119046345556388812429101214236383 90504119046345556388812429101214236383 Endo 0.748879100494556 0.703703703703704
90539482398712716555069522958869992249 90539482398712716555069522958869992249 90539482398712716555069522958869992249 Endo 0.430657197193728 0.666666666666667
90723786651140104045644331957060885957 90723786651140104045644331957060885957 90723786651140104045644331957060885957 Peri 0.868597888092647 0.407407407407408
91255514059708694283029990568989057009 91255514059708694283029990568989057009 91255514059708694283029990568989057009 Peri 0.670015390591905 0.592592592592593
91266649464330419770700632434959367740 91266649464330419770700632434959367740 91266649464330419770700632434959367740 L2_3_IT 0.172274700334346 0.555555555555556
91422579413395470232211321097957789528 91422579413395470232211321097957789528 91422579413395470232211321097957789528 Oligo 0.980179334948288 0.296296296296296
91895092960652921765561438510433369111 91895092960652921765561438510433369111 91895092960652921765561438510433369111 VLMC 0.321232374971507 0.0740740740740743
92249961499584237843705479490312388656 92249961499584237843705479490312388656 92249961499584237843705479490312388656 Pvalb 0.148623905960335 0.370370370370371
92678185758055110639119595251936960075 92678185758055110639119595251936960075 92678185758055110639119595251936960075 L2_3_IT 0.116495944947898 0.0740740740740743
92806270015815926070984413774676102758 92806270015815926070984413774676102758 92806270015815926070984413774676102758 Endo 0.444985127580192 0.259259259259259
92911575595726868431407323560402215660 92911575595726868431407323560402215660 92911575595726868431407323560402215660 L2_3_IT 0.827988585922767 0.555555555555556
93161345876173051045269143678734284584 93161345876173051045269143678734284584 93161345876173051045269143678734284584 L2_3_IT 0.0687224050854548 0.111111111111111
93578421351619875355623214786574779266 93578421351619875355623214786574779266 93578421351619875355623214786574779266 L2_3_IT 0.763208572287855 0.851851851851852
93850485811522358800267245501141053463 93850485811522358800267245501141053463 93850485811522358800267245501141053463 Endo 0.637543660715146 0.814814814814815
93900822881678626267683024419438054249 93900822881678626267683024419438054249 93900822881678626267683024419438054249 Endo 0.0305374414585591 0.333333333333333
9395467100224202867868594833147593894 9395467100224202867868594833147593894 9395467100224202867868594833147593894 Pvalb 0.553594615724791 0.592592592592593
9468817902017924747564106464098696506 9468817902017924747564106464098696506 9468817902017924747564106464098696506 Micro 0.123747732159115 0.592592592592593
94776655755704746313257172287367611424 94776655755704746313257172287367611424 94776655755704746313257172287367611424 L6_IT 0.568922939496242 0.62962962962963
95083447133767562742376620489786959999 95083447133767562742376620489786959999 95083447133767562742376620489786959999 L2_3_IT 0.59047834047236 0.259259259259259
95352801680997952548012331336554195262 95352801680997952548012331336554195262 95352801680997952548012331336554195262 Oligo 0.947841107283187 1
95877835523709303491092302012822555643 95877835523709303491092302012822555643 95877835523709303491092302012822555643 VLMC 0.116402104845673 0.555555555555556
96152894481442551508885095243737580474 96152894481442551508885095243737580474 96152894481442551508885095243737580474 VLMC 0.259336085134427 0.0740740740740743
96528483729040031580939712087752988631 96528483729040031580939712087752988631 96528483729040031580939712087752988631 L2_3_IT 0.180844019617642 0.592592592592593
96889932407865111174115039257058896990 96889932407865111174115039257058896990 96889932407865111174115039257058896990 Astro 0.876650216790531 0.925925925925926
96898711782096981015053337603170941646 96898711782096981015053337603170941646 96898711782096981015053337603170941646 L4_5_IT 0.68173709757384 0.777777777777778
9703000385709328315257559304424166909 9703000385709328315257559304424166909 9703000385709328315257559304424166909 Micro 0.953357792460257 0.444444444444445
97229695532470480472812269588202738787 97229695532470480472812269588202738787 97229695532470480472812269588202738787 Sst 0.263223734159862 0.481481481481482
97248871741632369337180127899591927014 97248871741632369337180127899591927014 97248871741632369337180127899591927014 Astro 0.168112049987533 0.222222222222222
97740631149945292443914379180971910631 97740631149945292443914379180971910631 97740631149945292443914379180971910631 Astro 0.538100799224131 0.407407407407407
98216088586577108491455502912952609560 98216088586577108491455502912952609560 98216088586577108491455502912952609560 Endo 0.827561895707561 0.62962962962963
98822354546620819165619361120959815659 98822354546620819165619361120959815659 98822354546620819165619361120959815659 L4_5_IT 0.783532402320066 0.851851851851852
99461758348276171282164065674893881464 99461758348276171282164065674893881464 99461758348276171282164065674893881464 VLMC 0.427369874776757 0.814814814814815
99494524642456242156029918873490781817 99494524642456242156029918873490781817 99494524642456242156029918873490781817 SMC 0.832980244873755 0.62962962962963
99504125950471062201252312391570289780 99504125950471062201252312391570289780 99504125950471062201252312391570289780 L2_3_IT 0.376421153487265 0.481481481481482
99778991571303589367487716650245967462 99778991571303589367487716650245967462 99778991571303589367487716650245967462 Sst 0.441194939768989 0.259259259259259
101832018081624702142421097643353058000 101832018081624702142421097643353058000 101832018081624702142421097643353058000 L6_CT 0.466676078560417 0.814814814814815
102329940502936964350965875998000187692 102329940502936964350965875998000187692 102329940502936964350965875998000187692 L5_ET 0.893678908922119 1
102630798889479537592018189193151183545 102630798889479537592018189193151183545 102630798889479537592018189193151183545 VLMC 0.982382838537606 0.444444444444445
104810467644933401534108350868278512588 104810467644933401534108350868278512588 104810467644933401534108350868278512588 VLMC 0.874625859002862 0.592592592592593
105274351643193085986950367987181897816 105274351643193085986950367987181897816 105274351643193085986950367987181897816 Astro 0.53388063552882 0.148148148148148
107534714656539381305380634074452466196 107534714656539381305380634074452466196 107534714656539381305380634074452466196 L6_CT 0.974068759620187 1
108274124250724938136099916916004956980 108274124250724938136099916916004956980 108274124250724938136099916916004956980 L5_IT 0.811633732700375 0.703703703703704
10960782488090577128700710173478365301 10960782488090577128700710173478365301 10960782488090577128700710173478365301 L5_IT 0.322737465900936 0.444444444444445
109960218986561813962517001588108066410 109960218986561813962517001588108066410 109960218986561813962517001588108066410 Vip 0.0362180512622488 0.259259259259259
110329557137328021474077787977707872221 110329557137328021474077787977707872221 110329557137328021474077787977707872221 L6_CT 0.682297815552543 0.296296296296296
110584732769831743427972269281928518053 110584732769831743427972269281928518053 110584732769831743427972269281928518053 Lamp5 0.659572368529177 0.111111111111111
111499834433472937796043295287764604862 111499834433472937796043295287764604862 111499834433472937796043295287764604862 L6_CT 0.470046600327633 0.740740740740741
111513884375716029201069632124289148728 111513884375716029201069632124289148728 111513884375716029201069632124289148728 L5_ET 0.0463190243241961 0.444444444444445
112466368834522770708432519201262821574 112466368834522770708432519201262821574 112466368834522770708432519201262821574 Micro 0.566945070735418 0.444444444444445
113015584550779531163776348983846463166 113015584550779531163776348983846463166 113015584550779531163776348983846463166 L5_IT 0.644877548727235 0.703703703703704
113285416571275146828539177577933106308 113285416571275146828539177577933106308 113285416571275146828539177577933106308 L5_6_NP 0.983543588738521 0.222222222222222
113614691150312190564543841581869508651 113614691150312190564543841581869508651 113614691150312190564543841581869508651 L5_IT 0.53816074861596 0.444444444444445
113771535345651287144793427582389591028 113771535345651287144793427582389591028 113771535345651287144793427582389591028 L6_CT 0.545020380033138 0.296296296296296
114214704143893024559727924241642765146 114214704143893024559727924241642765146 114214704143893024559727924241642765146 L5_ET 0.665243024836756 0.111111111111111
114544211949302988408801432728450858233 114544211949302988408801432728450858233 114544211949302988408801432728450858233 L5_IT 0.441574259672589 0.37037037037037
115127732488658085396809397357161752818 115127732488658085396809397357161752818 115127732488658085396809397357161752818 L6_CT 0.2301930219778 0.592592592592593
115385639294674185042203622230526858212 115385639294674185042203622230526858212 115385639294674185042203622230526858212 L6_CT 0.336952453557807 0.444444444444445
115405697012975582255642143277709310510 115405697012975582255642143277709310510 115405697012975582255642143277709310510 L5_ET 0.535062162010592 0.444444444444445
115468292279693937639580468097605500356 115468292279693937639580468097605500356 115468292279693937639580468097605500356 L5_IT 0.440240352087602 0.111111111111111
115677051175008268560888143637885450209 115677051175008268560888143637885450209 115677051175008268560888143637885450209 L5_6_NP 0.574630872493109 0.0740740740740743
116249030683438358714530541768119007434 116249030683438358714530541768119007434 116249030683438358714530541768119007434 L6_CT 0.986600891250006 0.407407407407407
116310571979909186949134411620929773896 116310571979909186949134411620929773896 116310571979909186949134411620929773896 OPC 0.674858618877359 0.259259259259259
116349266390926889663599346750366752580 116349266390926889663599346750366752580 116349266390926889663599346750366752580 Micro 0.0178928517207914 0.407407407407407
116708724866964250800245851028038123893 116708724866964250800245851028038123893 116708724866964250800245851028038123893 L5_6_NP 0.8089979975094 0.333333333333333
116822605181254088930411411515437326892 116822605181254088930411411515437326892 116822605181254088930411411515437326892 Sst 0.743273071855889 0.592592592592593
117106867123286632571207946335580814685 117106867123286632571207946335580814685 117106867123286632571207946335580814685 VLMC 0.576643671364131 0.0740740740740743
11912971989406466443825455052738830019 11912971989406466443825455052738830019 11912971989406466443825455052738830019 L6_CT 0.744066958395891 0.37037037037037
12010664396951653709724612044939959635 12010664396951653709724612044939959635 12010664396951653709724612044939959635 VLMC 0.823593987578513 0.481481481481482
120688366385858004572784664838891602481 120688366385858004572784664838891602481 120688366385858004572784664838891602481 L6_CT 0.798009671250188 0.333333333333333
121050831073917632442624601571390763986 121050831073917632442624601571390763986 121050831073917632442624601571390763986 L6_CT 0.0472354864142126 0.259259259259259
121637746521075695239197511690585557064 121637746521075695239197511690585557064 121637746521075695239197511690585557064 Endo 0.634563287270374 0.703703703703704
121864714714708160064919313326418141866 121864714714708160064919313326418141866 121864714714708160064919313326418141866 VLMC 0.674186263009022 0.296296296296296
122320279961254459155016281280681076832 122320279961254459155016281280681076832 122320279961254459155016281280681076832 L5_IT 0.536777139809182 0.518518518518518
123864903374358328629741588662557351770 123864903374358328629741588662557351770 123864903374358328629741588662557351770 Micro 0.835937329070306 0.333333333333333
124181157945990675303084340971216308 124181157945990675303084340971216308 124181157945990675303084340971216308 L5_6_NP 0.255092240406679 0.555555555555556
124573970633229049118048149345783069525 124573970633229049118048149345783069525 124573970633229049118048149345783069525 L5_IT 0.971843625524363 0.185185185185185
125629030869662067549908075185258176556 125629030869662067549908075185258176556 125629030869662067549908075185258176556 Pvalb 0.533617077060464 0.111111111111111
126154497339103893129065155208816709448 126154497339103893129065155208816709448 126154497339103893129065155208816709448 L6_IT 0.988491745469875 0.37037037037037
127423199456926727996585516457285760643 127423199456926727996585516457285760643 127423199456926727996585516457285760643 L4_5_IT 0.535474138748811 0.148148148148148
128613092589988885549338148405885429554 128613092589988885549338148405885429554 128613092589988885549338148405885429554 L5_ET 0.98018804970156 0.62962962962963
129076825306891057768444959560570418581 129076825306891057768444959560570418581 129076825306891057768444959560570418581 L5_ET 0.676704736958593 0.296296296296296
13061121516982722317857922470725065201 13061121516982722317857922470725065201 13061121516982722317857922470725065201 Pvalb 0.796076091477119 0.925925925925926
131173521670707026289422285992546564355 131173521670707026289422285992546564355 131173521670707026289422285992546564355 L6_IT 0.680943323950456 0.296296296296296
131811987919826395571579835512476306799 131811987919826395571579835512476306799 131811987919826395571579835512476306799 L6_CT 0.745527627299698 0.333333333333333
132812334611156711321668262342121734981 132812334611156711321668262342121734981 132812334611156711321668262342121734981 VLMC 0.787564475788847 0.481481481481482
132986524808513127414803410466485328053 132986524808513127414803410466485328053 132986524808513127414803410466485328053 Lamp5 0.650078374584008 0.444444444444444
133636846934244141120549413601344497120 133636846934244141120549413601344497120 133636846934244141120549413601344497120 L5_IT 0.904672837453502 0.222222222222222
134009011824297408119086176760255935488 134009011824297408119086176760255935488 134009011824297408119086176760255935488 L5_6_NP 0.973446832155542 0.62962962962963
134025348672407663229349262409322561884 134025348672407663229349262409322561884 134025348672407663229349262409322561884 L6_IT_Car3 0.0972109564829955 0.0370370370370372
134096677038907797358265218772819095536 134096677038907797358265218772819095536 134096677038907797358265218772819095536 L5_6_NP 0.805887329808574 0.333333333333333
134365405188834992499400335434773201767 134365405188834992499400335434773201767 134365405188834992499400335434773201767 L6_CT 0.461908058298094 0.185185185185185
134511377797914063824697217867942710858 134511377797914063824697217867942710858 134511377797914063824697217867942710858 Pvalb 0.795170802074116 0.444444444444444
134853793967617098741207307709883834115 134853793967617098741207307709883834115 134853793967617098741207307709883834115 L6_CT 0.655204719122555 0.111111111111111
135139352225274944404543935452200206268 135139352225274944404543935452200206268 135139352225274944404543935452200206268 L5_ET 0.882791927073438 0.592592592592593
135302794711924507440611556432116572944 135302794711924507440611556432116572944 135302794711924507440611556432116572944 L5_IT 0.424718972717179 0.222222222222222
138109687274017997671992725780890907246 138109687274017997671992725780890907246 138109687274017997671992725780890907246 L6_CT 0.443187854185379 0.111111111111111
138503686887017987234960816811317225624 138503686887017987234960816811317225624 138503686887017987234960816811317225624 L6_CT 0.765415290941877 0.481481481481482
139929584725955040142905611052409253990 139929584725955040142905611052409253990 139929584725955040142905611052409253990 L6_IT 0.878916131730873 0.37037037037037
140042406421343869493474268354607597299 140042406421343869493474268354607597299 140042406421343869493474268354607597299 Pvalb 0.827372458597459 0.37037037037037
140370821343257446512468367072340037078 140370821343257446512468367072340037078 140370821343257446512468367072340037078 L5_ET 0.969296336151357 1
1404638741025613862821364673954841211 1404638741025613862821364673954841211 1404638741025613862821364673954841211 L6_CT 0.581894715856434 0.444444444444444
140593325696012872952303977905167901782 140593325696012872952303977905167901782 140593325696012872952303977905167901782 OPC 0.632353002718775 0.37037037037037
140874447962458796539641909455929362478 140874447962458796539641909455929362478 140874447962458796539641909455929362478 L5_IT 0.902553811018526 0.185185185185185
141483870871056874494063945207332449623 141483870871056874494063945207332449623 141483870871056874494063945207332449623 L5_6_NP 0.982203331297336 1
141767465838160779066983486235249191907 141767465838160779066983486235249191907 141767465838160779066983486235249191907 L6_CT 0.560898977844231 0.111111111111111
143864507874009764946986615924453693827 143864507874009764946986615924453693827 143864507874009764946986615924453693827 L5_ET 0.52943683194862 0.222222222222222
14466038359969632109748286428072896778 14466038359969632109748286428072896778 14466038359969632109748286428072896778 L6_CT 0.754881806089731 0.0740740740740743
145845176747446342788311675863269324722 145845176747446342788311675863269324722 145845176747446342788311675863269324722 L6_CT 0.243771720613331 0.296296296296296
146239974353496506659443728222462028137 146239974353496506659443728222462028137 146239974353496506659443728222462028137 L6_CT 0.528717269184647 0.148148148148148
147212567431422875530874488242404314444 147212567431422875530874488242404314444 147212567431422875530874488242404314444 L4_5_IT 0.452775671700521 0.444444444444445
148698551563174038060340615389181882932 148698551563174038060340615389181882932 148698551563174038060340615389181882932 Lamp5 0.273230668541123 0.62962962962963
14875063427411396832594584258365770278 14875063427411396832594584258365770278 14875063427411396832594584258365770278 Sst 0.828028081643987 0.740740740740741
149080017558563002404143940885400451640 149080017558563002404143940885400451640 149080017558563002404143940885400451640 L5_IT 0.833831822656397 0.740740740740741
149771338505919399061347736983789064525 149771338505919399061347736983789064525 149771338505919399061347736983789064525 L5_6_NP 0.650941902585285 0.111111111111111
150109920196368600898637986853077992558 150109920196368600898637986853077992558 150109920196368600898637986853077992558 L6_CT 0.0630524678478192 0.259259259259259
150362755728643143114099696010411152183 150362755728643143114099696010411152183 150362755728643143114099696010411152183 L5_6_NP 0.324725257541861 0.444444444444445
151490276104134482398551426146899601026 151490276104134482398551426146899601026 151490276104134482398551426146899601026 L6_CT 0.879277045332553 0.185185185185185
151526153313547564862311818624500171689 151526153313547564862311818624500171689 151526153313547564862311818624500171689 L5_6_NP 0.0335641836717702 0.444444444444445
151812622386562510396699131037963908880 151812622386562510396699131037963908880 151812622386562510396699131037963908880 L6_CT 0.317609107802308 0.444444444444444
152632047485131972901385478371678497122 152632047485131972901385478371678497122 152632047485131972901385478371678497122 L6_CT 0.652138701873616 0.518518518518518
153064133042417834737973279347364971846 153064133042417834737973279347364971846 153064133042417834737973279347364971846 Pvalb 0.797799053840051 0.481481481481482
15456557923433745569624725409515752662 15456557923433745569624725409515752662 15456557923433745569624725409515752662 L6_CT 0.903938241666163 0.592592592592593
155136986456114163759051227613190799158 155136986456114163759051227613190799158 155136986456114163759051227613190799158 VLMC 0.444405631881632 0.851851851851852
15568788675139193467757116271502048580 15568788675139193467757116271502048580 15568788675139193467757116271502048580 Vip 0.241834562582702 0.296296296296296
156484053853434903722260903324689355622 156484053853434903722260903324689355622 156484053853434903722260903324689355622 Lamp5 0.326419912842347 0.444444444444445
156548388677779717170100971955479362831 156548388677779717170100971955479362831 156548388677779717170100971955479362831 Lamp5 0.797846741617092 0.185185185185185
157267908376625218611602261936543281419 157267908376625218611602261936543281419 157267908376625218611602261936543281419 L6_IT 0.125181617418279 0.407407407407407
157746453950983265557262119626916652525 157746453950983265557262119626916652525 157746453950983265557262119626916652525 L6_CT 0.745021841271744 0.296296296296296
159936554552929935982416557865130040596 159936554552929935982416557865130040596 159936554552929935982416557865130040596 L4_5_IT 0.803211338535354 0.37037037037037
160125243625417062082847386256076725105 160125243625417062082847386256076725105 160125243625417062082847386256076725105 L5_6_NP 0.750548436178245 0.592592592592593
160135693422806951830649568779459349336 160135693422806951830649568779459349336 160135693422806951830649568779459349336 L6_CT 0.982274421413108 0.37037037037037
161074454408586502821965755630089690044 161074454408586502821965755630089690044 161074454408586502821965755630089690044 L6_CT 0.241627943031171 0.296296296296296
1613011644159817683926707471494300762 1613011644159817683926707471494300762 1613011644159817683926707471494300762 L6_CT 0.974732159420526 0.148148148148148
161412301727857468026043637602289047796 161412301727857468026043637602289047796 161412301727857468026043637602289047796 L6_IT 0.802606243347736 0.37037037037037
161639326819846032527093775039550167329 161639326819846032527093775039550167329 161639326819846032527093775039550167329 L6_CT 0.903715722289901 1
161805974168118072266097540514708211477 161805974168118072266097540514708211477 161805974168118072266097540514708211477 Endo 0.982199098267926 0.222222222222222
162240904390649022898001971149742379002 162240904390649022898001971149742379002 162240904390649022898001971149742379002 Pvalb 0.696687535092861 0.62962962962963
162892518622494267457768978634858523411 162892518622494267457768978634858523411 162892518622494267457768978634858523411 Endo 0.32161657151649 0.481481481481482
162933219048994926545076878584462082601 162933219048994926545076878584462082601 162933219048994926545076878584462082601 L5_6_NP 0.947084351913196 0.148148148148148
16345252257703923755333056757007239308 16345252257703923755333056757007239308 16345252257703923755333056757007239308 L6_CT 0.659126257769928 0.222222222222222
163699633684769966345433713886663286724 163699633684769966345433713886663286724 163699633684769966345433713886663286724 L6_CT 0.418507762232889 0.444444444444445
16439499798731730329724243684206883044 16439499798731730329724243684206883044 16439499798731730329724243684206883044 L5_IT 0.529874177168675 0.444444444444445
164828819319219504310623981690497679505 164828819319219504310623981690497679505 164828819319219504310623981690497679505 L5_ET 0.204747994074649 0.481481481481482
16601433863406615071320079391392421455 16601433863406615071320079391392421455 16601433863406615071320079391392421455 L5_6_NP 0.537589550360775 0.148148148148148
166709651166843606395749557846276692009 166709651166843606395749557846276692009 166709651166843606395749557846276692009 L5_IT 0.800223865683539 0.333333333333333
166827220730885846051975728154507449750 166827220730885846051975728154507449750 166827220730885846051975728154507449750 L5_IT 0.971353709704436 0.222222222222222
16748429696718963900347427816245961987 16748429696718963900347427816245961987 16748429696718963900347427816245961987 L6_IT_Car3 0.543200208838851 0.592592592592593
167838817617585494600429755636469022551 167838817617585494600429755636469022551 167838817617585494600429755636469022551 L6_CT 0.0886623670787509 0.0370370370370372
169275543501510663854627775885382313486 169275543501510663854627775885382313486 169275543501510663854627775885382313486 L6_CT 0.257253323269245 0.333333333333333
170170137721097253672522112448135292416 170170137721097253672522112448135292416 170170137721097253672522112448135292416 Sst 0.573486686882351 0.0740740740740743
170614080300668362674008706970744483855 170614080300668362674008706970744483855 170614080300668362674008706970744483855 L5_IT 0.956017857923412 0.62962962962963
171034223386701734544907971873546126949 171034223386701734544907971873546126949 171034223386701734544907971873546126949 L5_6_NP 0.793930284929562 0.333333333333333
17135738391167381580284016527929110655 17135738391167381580284016527929110655 17135738391167381580284016527929110655 L6_CT 0.212563651029632 0.62962962962963
171724966371908384415719583685037441878 171724966371908384415719583685037441878 171724966371908384415719583685037441878 L5_6_NP 0.467410443944364 0.666666666666667
172364820879644582126599274760798403954 172364820879644582126599274760798403954 172364820879644582126599274760798403954 L6_CT 0.744472168330411 0.592592592592593
172457194374532387736423755737218590938 172457194374532387736423755737218590938 172457194374532387736423755737218590938 L6_CT 0.741088636738065 0.37037037037037
172786992076119027017544097554287130746 172786992076119027017544097554287130746 172786992076119027017544097554287130746 L6_CT 0.0626385751205992 0.481481481481482
174126106996998511590569758637364421042 174126106996998511590569758637364421042 174126106996998511590569758637364421042 L5_6_NP 0.818611747533061 0.592592592592593
174189176613187862521973222864012800746 174189176613187862521973222864012800746 174189176613187862521973222864012800746 L5_IT 0.259108719046518 0.555555555555556
174468979632680426729428247510570703677 174468979632680426729428247510570703677 174468979632680426729428247510570703677 L6_CT 0.566374497471466 0.444444444444445
174729303872416159569508132760331103157 174729303872416159569508132760331103157 174729303872416159569508132760331103157 VLMC 0.645028004715899 0.703703703703704
174889125153876026129344407942071528090 174889125153876026129344407942071528090 174889125153876026129344407942071528090 L6_CT 0.772196198815989 0.296296296296296
174965084917815707259856203120476676135 174965084917815707259856203120476676135 174965084917815707259856203120476676135 SMC 0.574264603494978 0.111111111111111
175588196437497191308619594660853631101 175588196437497191308619594660853631101 175588196437497191308619594660853631101 Astro 0.982910861795208 0.666666666666667
175762756878477929017110983900531414670 175762756878477929017110983900531414670 175762756878477929017110983900531414670 L6_CT 0.651333266001687 0.111111111111111
175901454657626709596964128153292105786 175901454657626709596964128153292105786 175901454657626709596964128153292105786 Astro 0.317452298523949 0.555555555555556
175907970598640282107696370546901649631 175907970598640282107696370546901649631 175907970598640282107696370546901649631 L6_CT 0.981617074044276 0.407407407407407
176373849568405544389809219376642488979 176373849568405544389809219376642488979 176373849568405544389809219376642488979 L5_IT 0.655018225495705 0.444444444444445
17671962521440500354273320220927314580 17671962521440500354273320220927314580 17671962521440500354273320220927314580 L6_CT 0.896812621925527 0.222222222222222
177010026503865682978197122559767083393 177010026503865682978197122559767083393 177010026503865682978197122559767083393 L5_IT 0.442689232012048 0.37037037037037
177038923891880173666241817251536226526 177038923891880173666241817251536226526 177038923891880173666241817251536226526 L5_6_NP 0.34234300157823 0.444444444444445
177284807789311267943271988312720742940 177284807789311267943271988312720742940 177284807789311267943271988312720742940 L6_CT 0.252967712392323 0.296296296296296
177893981711806573681871134252202831822 177893981711806573681871134252202831822 177893981711806573681871134252202831822 L5_IT 0.89307988875345 0.555555555555556
179401026068763258640990310299728562847 179401026068763258640990310299728562847 179401026068763258640990310299728562847 L6_CT 0.898450784779053 0.37037037037037
18028341673102596875495426146024365102 18028341673102596875495426146024365102 18028341673102596875495426146024365102 Oligo 0.450161845016023 0.185185185185185
180763570558591662440728901716219584762 180763570558591662440728901716219584762 180763570558591662440728901716219584762 Pvalb 0.650422483660063 0.444444444444445
181012374184480342892519765184970987569 181012374184480342892519765184970987569 181012374184480342892519765184970987569 L6_CT 0.922090814178995 0.148148148148148
182323552533556354021782264444885743666 182323552533556354021782264444885743666 182323552533556354021782264444885743666 L5_6_NP 0.469689917488057 0.111111111111111
182513091494690971183590194938779507648 182513091494690971183590194938779507648 182513091494690971183590194938779507648 L6_CT 0.835281230587251 0.296296296296296
183145062489687560731504355503118996498 183145062489687560731504355503118996498 183145062489687560731504355503118996498 L4_5_IT 0.823305324263512 0.851851851851852
183328686191986590102572326008727252499 183328686191986590102572326008727252499 183328686191986590102572326008727252499 L6_CT 0.543683127347451 0.185185185185185
183629860394319650573000167965230444019 183629860394319650573000167965230444019 183629860394319650573000167965230444019 L5_IT 0.638249705647 0.222222222222222
184390923282518826707152928441913912630 184390923282518826707152928441913912630 184390923282518826707152928441913912630 L5_ET 0.456247221587642 0.185185185185185
18492894220532302779708528051787104173 18492894220532302779708528051787104173 18492894220532302779708528051787104173 L5_IT 0.971808492370219 0.666666666666667
186260741215641449637347558484565344475 186260741215641449637347558484565344475 186260741215641449637347558484565344475 OPC 0.750421236720785 0.333333333333333
186916690108586801241356996125895087673 186916690108586801241356996125895087673 186916690108586801241356996125895087673 Sst 0.57111107658694 0.555555555555556
187412525983979362642047610521146489618 187412525983979362642047610521146489618 187412525983979362642047610521146489618 L6_CT 0.539944246239056 0.185185185185185
187626437529576306839057794499572312968 187626437529576306839057794499572312968 187626437529576306839057794499572312968 L6_CT 0.978517582099552 0.222222222222222
187651327731484490191113341972572266008 187651327731484490191113341972572266008 187651327731484490191113341972572266008 L5_IT 0.893315917525789 0.555555555555556
187858705492622438584548828471218548104 187858705492622438584548828471218548104 187858705492622438584548828471218548104 L6_CT 0.984570234784274 0.222222222222222
188027171770743867944838518557659697099 188027171770743867944838518557659697099 188027171770743867944838518557659697099 L4_5_IT 0.630498083480139 0.555555555555556
189342792002001708469299464469570716118 189342792002001708469299464469570716118 189342792002001708469299464469570716118 L6_CT 0.652492747942105 0.703703703703704
190488554161497701019188903422175044566 190488554161497701019188903422175044566 190488554161497701019188903422175044566 L6_CT 0.568542248459657 0.444444444444445
192070405320363113926689599732884375308 192070405320363113926689599732884375308 192070405320363113926689599732884375308 L6_CT 0.761231179836972 0.666666666666667
192739529308526624669954315984110001570 192739529308526624669954315984110001570 192739529308526624669954315984110001570 L5_IT 0.101349079401697 0.444444444444445
192870551187319813157208460143199762963 192870551187319813157208460143199762963 192870551187319813157208460143199762963 L5_IT 0.795603790208658 0.296296296296296
193121539418238596190649639027859111404 193121539418238596190649639027859111404 193121539418238596190649639027859111404 L6_CT 0.904628708243619 1
194438958687120632667444919629142616986 194438958687120632667444919629142616986 194438958687120632667444919629142616986 L6_CT 0.750968846036594 0.37037037037037
194928749698777108275692222690521274274 194928749698777108275692222690521274274 194928749698777108275692222690521274274 L6_CT 0.981859534717708 0.444444444444445
195010175531864656155115039678806192632 195010175531864656155115039678806192632 195010175531864656155115039678806192632 L5_IT 0.826447804903006 0.592592592592593
196101718509452442452237247016683263917 196101718509452442452237247016683263917 196101718509452442452237247016683263917 L5_6_NP 0.634663561748187 0.222222222222222
197563923282009885569827232107543601961 197563923282009885569827232107543601961 197563923282009885569827232107543601961 L5_6_NP 0.544253429295789 0.185185185185185
198463197907965022781487295552759102427 198463197907965022781487295552759102427 198463197907965022781487295552759102427 Vip 0.227244983714696 0.481481481481482
198579891038594763789196496102502086244 198579891038594763789196496102502086244 198579891038594763789196496102502086244 OPC 0.628033591044465 0.703703703703704
199069983525784173133884734336398473641 199069983525784173133884734336398473641 199069983525784173133884734336398473641 Sst 0.532856336183188 0.222222222222222
200239669685385721675121367576598554921 200239669685385721675121367576598554921 200239669685385721675121367576598554921 L6_CT 0.328736305902227 0.481481481481482
200792426705393496475825558774636708129 200792426705393496475825558774636708129 200792426705393496475825558774636708129 L6_CT 0.822280432886486 0.481481481481482
202303572643125221184736443247922870153 202303572643125221184736443247922870153 202303572643125221184736443247922870153 L6_CT 0.448202019095826 0.222222222222222
202949074591072300102212021599748602640 202949074591072300102212021599748602640 202949074591072300102212021599748602640 L6_CT 0.894029751583877 0.962962962962963
203019543766845304992877954172309223456 203019543766845304992877954172309223456 203019543766845304992877954172309223456 L4_5_IT 0.812932354547788 0.333333333333333
205082441714961298033546647016719233604 205082441714961298033546647016719233604 205082441714961298033546647016719233604 L6_CT 0.757902310094048 0.481481481481482
20516476066443488024315866749358464835 20516476066443488024315866749358464835 20516476066443488024315866749358464835 L4_5_IT 0.744523064572238 0.666666666666667
205460142099355829726395334171440412900 205460142099355829726395334171440412900 205460142099355829726395334171440412900 Sst 0.447652061786966 0.185185185185185
205698209752450653501734928642037042735 205698209752450653501734928642037042735 205698209752450653501734928642037042735 L5_IT 0.884038477145147 0.222222222222222
205847718188757291403501635193316009956 205847718188757291403501635193316009956 205847718188757291403501635193316009956 L6_IT_Car3 0.682007774250074 0.222222222222222
20681652962745848194057040049555707465 20681652962745848194057040049555707465 20681652962745848194057040049555707465 Peri 0.783729792176058 0.703703703703704
20687667856064813362545735612607454481 20687667856064813362545735612607454481 20687667856064813362545735612607454481 Endo 0.982995965143117 0.222222222222222
207559710311500919974028011621450278887 207559710311500919974028011621450278887 207559710311500919974028011621450278887 L5_6_NP 0.674136309218798 0.148148148148148
207654983382477233327824999133111787880 207654983382477233327824999133111787880 207654983382477233327824999133111787880 L6_CT 0.777522372194635 0.481481481481482
207932185363391997490331790602654225580 207932185363391997490331790602654225580 207932185363391997490331790602654225580 L6_CT 0.779118355877499 0.481481481481482
209076014680522327951412763134153125204 209076014680522327951412763134153125204 209076014680522327951412763134153125204 L6_CT 0.743821697536435 0.666666666666667
20908184038415861148371223804129126705 20908184038415861148371223804129126705 20908184038415861148371223804129126705 L5_6_NP 0.816398768029502 0.333333333333333
209523505296376558283256321298259487003 209523505296376558283256321298259487003 209523505296376558283256321298259487003 Lamp5 0.0438743973346689 0.444444444444445
20982288219572614639594434061770019086 20982288219572614639594434061770019086 20982288219572614639594434061770019086 VLMC 0.884941870782204 0.555555555555556
210340786420941862061240084964686235518 210340786420941862061240084964686235518 210340786420941862061240084964686235518 L6_CT 0.672699498397788 0.148148148148148
210343815576704217582548848765540901624 210343815576704217582548848765540901624 210343815576704217582548848765540901624 L5_IT 0.642696772019748 0.222222222222222
210528180747955407654099708807059007280 210528180747955407654099708807059007280 210528180747955407654099708807059007280 OPC 0.0379737341781542 0.444444444444445
210711684655511362465007909350443190511 210711684655511362465007909350443190511 210711684655511362465007909350443190511 L5_IT 0.637382273295315 0.111111111111111
210839720453074475179953542007368156855 210839720453074475179953542007368156855 210839720453074475179953542007368156855 L6_CT 0.593051886328552 0.0740740740740743
211236516271718004545331415611752946271 211236516271718004545331415611752946271 211236516271718004545331415611752946271 L5_6_NP 0.742861390158123 0.518518518518518
211326796842372932268831353486589430307 211326796842372932268831353486589430307 211326796842372932268831353486589430307 L5_6_NP 0.542313387645221 0.148148148148148
211571906498818128502568680581237806018 211571906498818128502568680581237806018 211571906498818128502568680581237806018 L5_6_NP 0.860543331736746 0.37037037037037
213395964318164444516058518381270060049 213395964318164444516058518381270060049 213395964318164444516058518381270060049 Endo 0.440959809551195 0.851851851851852
213677563216580434189280147829689294708 213677563216580434189280147829689294708 213677563216580434189280147829689294708 L6_CT 0.831653799553883 0.333333333333333
214002853650723325809852089767045093440 214002853650723325809852089767045093440 214002853650723325809852089767045093440 Sncg 0.675443141794133 0.444444444444445
214373110457255291585745313311637740499 214373110457255291585745313311637740499 214373110457255291585745313311637740499 L6_CT 0.892172083959949 0.296296296296296
214534534094892168470028943326250800424 214534534094892168470028943326250800424 214534534094892168470028943326250800424 L5_ET 0.772117659445984 0.481481481481482
214585818789751062566341682800275903316 214585818789751062566341682800275903316 214585818789751062566341682800275903316 L6_CT 0.549161117209831 0.148148148148148
214800621510754891939192720679552034592 214800621510754891939192720679552034592 214800621510754891939192720679552034592 L5_IT 0.464487398269344 0.740740740740741
215221506380746518511351723376973763872 215221506380746518511351723376973763872 215221506380746518511351723376973763872 Astro 0.795555668943219 0.518518518518518
216033904980066836621481784219496072191 216033904980066836621481784219496072191 216033904980066836621481784219496072191 L6_CT 0.0690396837891262 0.259259259259259
217159729895318112498760574094569797676 217159729895318112498760574094569797676 217159729895318112498760574094569797676 VLMC 0.472859065873187 0.111111111111111
217856265437842166217265425568474619983 217856265437842166217265425568474619983 217856265437842166217265425568474619983 L5_IT 0.555873799306807 0.444444444444444
217996127841917271854937983660412219722 217996127841917271854937983660412219722 217996127841917271854937983660412219722 L4_5_IT 0.754576173424368 0.592592592592593
218846374612002114668565251746940929236 218846374612002114668565251746940929236 218846374612002114668565251746940929236 L6_CT 0.257559985143733 0.296296296296296
220145526382094032245049482297785884522 220145526382094032245049482297785884522 220145526382094032245049482297785884522 L5_IT 0.465235541714118 0.111111111111111
220621975046830786709757059105683301601 220621975046830786709757059105683301601 220621975046830786709757059105683301601 L5_6_NP 0.981412708520785 0.481481481481482
220862347595631612448486095175134609187 220862347595631612448486095175134609187 220862347595631612448486095175134609187 L6_CT 0.823588355198857 0.37037037037037
222982856434239778672923092201037818441 222982856434239778672923092201037818441 222982856434239778672923092201037818441 Pvalb 0.657368102158327 0.407407407407407
224719653563291074292996397172628136982 224719653563291074292996397172628136982 224719653563291074292996397172628136982 L6_CT 0.8005517209834 0.370370370370371
225596799735968710328680938654860737406 225596799735968710328680938654860737406 225596799735968710328680938654860737406 L6_CT 0.470915304956962 0.740740740740741
225917013557515416388145162193143768595 225917013557515416388145162193143768595 225917013557515416388145162193143768595 L5_ET 0.432199584646312 0.37037037037037
226776730500243507908135975184942583712 226776730500243507908135975184942583712 226776730500243507908135975184942583712 L5_6_NP 0.906072425113498 1
227036030980039513675751379296107202959 227036030980039513675751379296107202959 227036030980039513675751379296107202959 L5_6_NP 0.128491545550543 0.148148148148148
228138517758622639111896529164780291860 228138517758622639111896529164780291860 228138517758622639111896529164780291860 L6_CT 0.871999753850107 0.37037037037037
228579935902488529333709836000895649427 228579935902488529333709836000895649427 228579935902488529333709836000895649427 Lamp5 0.967870293477276 1
228759005422536726424176433641237715306 228759005422536726424176433641237715306 228759005422536726424176433641237715306 SMC 0.816596151877153 0.703703703703704
228833840638239971179959415907651576708 228833840638239971179959415907651576708 228833840638239971179959415907651576708 L5_IT 0.887979268593758 0.592592592592593
229725575380894789925635656141972386472 229725575380894789925635656141972386472 229725575380894789925635656141972386472 Astro 0.98607472527721 0.407407407407407
230238280421697271999909532750192175954 230238280421697271999909532750192175954 230238280421697271999909532750192175954 Lamp5 0.0403155003241394 0.444444444444445
230270330120468777438605033062928657704 230270330120468777438605033062928657704 230270330120468777438605033062928657704 L6_IT 0.772042226367885 0.259259259259259
231726785131160651476208268217198183495 231726785131160651476208268217198183495 231726785131160651476208268217198183495 Lamp5 0.645551585752818 0.555555555555556
232130622421001140217163872618333279368 232130622421001140217163872618333279368 232130622421001140217163872618333279368 L6_CT 0.545846475229871 0.666666666666667
233525214989352769090792578915039066442 233525214989352769090792578915039066442 233525214989352769090792578915039066442 Oligo 0.528540019758978 0.666666666666667
233831157210723154425109531505253107966 233831157210723154425109531505253107966 233831157210723154425109531505253107966 Lamp5 0.74485833939814 0.37037037037037
233930754952473555582148055520234921772 233930754952473555582148055520234921772 233930754952473555582148055520234921772 L6_CT 0.957355535978903 0.185185185185185
23415657504930431840212508695739894544 23415657504930431840212508695739894544 23415657504930431840212508695739894544 L5_IT 0.78956560779797 0.444444444444445
234517907223732656921506917948718105484 234517907223732656921506917948718105484 234517907223732656921506917948718105484 L5_6_NP 0.815910173568457 0.333333333333333
234875929811226486020670703266079537965 234875929811226486020670703266079537965 234875929811226486020670703266079537965 L6_CT 0.741380316660934 0.222222222222222
235148905600713484745233958398877522751 235148905600713484745233958398877522751 235148905600713484745233958398877522751 Lamp5 0.955492621494619 0.481481481481482
236127331591976809077415813044871386862 236127331591976809077415813044871386862 236127331591976809077415813044871386862 Sst 0.0594405723277184 0.259259259259259
236824658412872348102850104199185441806 236824658412872348102850104199185441806 236824658412872348102850104199185441806 L6_CT 0.670684277896946 0.111111111111111
237231108706223987504257948641665907165 237231108706223987504257948641665907165 237231108706223987504257948641665907165 L6_CT 0.746554780145836 0.259259259259259
238249936338067188706283972742735069271 238249936338067188706283972742735069271 238249936338067188706283972742735069271 L6_CT 0.672277001439887 0.185185185185185
238997953744717130591212709072976355092 238997953744717130591212709072976355092 238997953744717130591212709072976355092 L4_5_IT 0.561917279998015 0.555555555555556
239869706692212371337434540226025928884 239869706692212371337434540226025928884 239869706692212371337434540226025928884 L6_CT 0.432318421598366 0.37037037037037
240422629899009151479210488092417512404 240422629899009151479210488092417512404 240422629899009151479210488092417512404 L5_IT 0.538491902086944 0.444444444444445
240614353734777649634597688893540662611 240614353734777649634597688893540662611 240614353734777649634597688893540662611 Lamp5 0.461077924584955 0.222222222222222
240838428695791274952619776797830247398 240838428695791274952619776797830247398 240838428695791274952619776797830247398 L6_IT 0.264330969934998 0.333333333333333
240867860101581644280761153617669390145 240867860101581644280761153617669390145 240867860101581644280761153617669390145 Pvalb 0.972068323866338 0.703703703703704
241904322454415214963462888552073833779 241904322454415214963462888552073833779 241904322454415214963462888552073833779 L6_CT 0.445827855888493 0.740740740740741
242714974178345707195888253023320997999 242714974178345707195888253023320997999 242714974178345707195888253023320997999 L5_ET 0.532801942416928 0.222222222222222
243039165451797221181184042039723694626 243039165451797221181184042039723694626 243039165451797221181184042039723694626 L6_CT 0.55225300620966 0.518518518518518
243361928824143396642563097419624259821 243361928824143396642563097419624259821 243361928824143396642563097419624259821 L6_IT_Car3 0.546735795206416 0.444444444444445
24437704143455627899947146553456351161 24437704143455627899947146553456351161 24437704143455627899947146553456351161 L5_ET 0.425751480269093 0.444444444444445
244938885213564837667268905847531166381 244938885213564837667268905847531166381 244938885213564837667268905847531166381 L5_6_NP 0.46970740871786 0.185185185185185
245467325842623870994411262371598018835 245467325842623870994411262371598018835 245467325842623870994411262371598018835 L6_CT 0.53857106290371 0.592592592592593
247233267332940669417704306324992380232 247233267332940669417704306324992380232 247233267332940669417704306324992380232 Oligo 0.963261202629277 1
247537975127039002501582029536350101761 247537975127039002501582029536350101761 247537975127039002501582029536350101761 L5_IT 0.966489377361751 0.703703703703704
24761488867578150485815083201852295814 24761488867578150485815083201852295814 24761488867578150485815083201852295814 L6_CT 0.33734473683245 0.555555555555556
248340418219879813172881766654385114188 248340418219879813172881766654385114188 248340418219879813172881766654385114188 L6_CT 0.744966526562432 0.333333333333333
24855054419709643916539938050475000229 24855054419709643916539938050475000229 24855054419709643916539938050475000229 L6_CT 0.837975727446718 0.37037037037037
249437330310484278828813402948521920624 249437330310484278828813402948521920624 249437330310484278828813402948521920624 L6_IT 0.997854095703629 0.407407407407407
249777327009286241305273309519864847519 249777327009286241305273309519864847519 249777327009286241305273309519864847519 L6_CT 0.532568421990017 0.148148148148148
250533391173287573518684729908898741407 250533391173287573518684729908898741407 250533391173287573518684729908898741407 L5_6_NP 0.970944218282859 0.481481481481482
250730303321264835439323898152966765754 250730303321264835439323898152966765754 250730303321264835439323898152966765754 L6_CT 0.950767865592774 0.185185185185185
251442854108499607526991094318932521207 251442854108499607526991094318932521207 251442854108499607526991094318932521207 Sst 0.558397298606005 0.444444444444444
252426989197858713524767728020855627890 252426989197858713524767728020855627890 252426989197858713524767728020855627890 L5_ET 0.257139083169334 0.62962962962963
252696273219947336269515166759878062016 252696273219947336269515166759878062016 252696273219947336269515166759878062016 L6_CT 0.464393225393029 0.111111111111111
253139931544042182628110986404644438606 253139931544042182628110986404644438606 253139931544042182628110986404644438606 Vip 0.547721234222905 0.592592592592593
253219918286660293267876246797352506601 253219918286660293267876246797352506601 253219918286660293267876246797352506601 L2_3_IT 0.129060068602455 0.37037037037037
253530239266393775674573999526307905755 253530239266393775674573999526307905755 253530239266393775674573999526307905755 L6_CT 0.675496533768792 0.296296296296296
256225141694472730823956396622881139658 256225141694472730823956396622881139658 256225141694472730823956396622881139658 L6_CT 0.824995666186977 0.37037037037037
256641092942398032882342740079302290631 256641092942398032882342740079302290631 256641092942398032882342740079302290631 L6_CT 0.881126676000543 0.185185185185185
256717849138593207733189867685494186285 256717849138593207733189867685494186285 256717849138593207733189867685494186285 Peri 0.255280696798247 0.62962962962963
257624610322384730466530253293726717104 257624610322384730466530253293726717104 257624610322384730466530253293726717104 L6_CT 0.00776755851859987 0.407407407407407
258165749640073160110849297625434384990 258165749640073160110849297625434384990 258165749640073160110849297625434384990 L6_CT 0.95952852275116 0.148148148148148
258768304533291307243393601987007847661 258768304533291307243393601987007847661 258768304533291307243393601987007847661 L5_IT 0.254569884130543 0.296296296296296
259059841906936535442404084450707156816 259059841906936535442404084450707156816 259059841906936535442404084450707156816 L6_CT 0.546154804684862 0.185185185185185
259768759274360231171301307931499126070 259768759274360231171301307931499126070 259768759274360231171301307931499126070 Lamp5 0.799301567736605 0.703703703703704
260091372934275855837706633209055206667 260091372934275855837706633209055206667 260091372934275855837706633209055206667 L6_IT 0.806183387183751 0.333333333333333
260596857216380209026017588663623796575 260596857216380209026017588663623796575 260596857216380209026017588663623796575 Sncg 0.880786568351034 0.37037037037037
26121303167210242649417819738574001023 26121303167210242649417819738574001023 26121303167210242649417819738574001023 L5_6_NP 0.568597146420866 0.111111111111111
261335247650430505606880987070138312175 261335247650430505606880987070138312175 261335247650430505606880987070138312175 VLMC 0.0389686659699224 0.444444444444445
26206964522696174597885534295202291358 26206964522696174597885534295202291358 26206964522696174597885534295202291358 L5_6_NP 0.665884780612448 0.62962962962963
262710226190923158911334888953881579418 262710226190923158911334888953881579418 262710226190923158911334888953881579418 L5_IT 0.31288003068673 0.481481481481482
262839955849246306869973379229866379100 262839955849246306869973379229866379100 262839955849246306869973379229866379100 Endo 0.548646896815004 0.148148148148148
263020584743489652837042564809497179473 263020584743489652837042564809497179473 263020584743489652837042564809497179473 OPC 0.32527497544938 0.555555555555556
263113253226162866794525824000203181132 263113253226162866794525824000203181132 263113253226162866794525824000203181132 L6_CT 0.439364015362209 0.851851851851852
264445019609906964141328401319480085321 264445019609906964141328401319480085321 264445019609906964141328401319480085321 L6_CT 0.662317970957256 0.222222222222222
265898121795978774265760484978635703557 265898121795978774265760484978635703557 265898121795978774265760484978635703557 Lamp5 0.980019933811724 0.185185185185185
265929549577891812910103980839534684763 265929549577891812910103980839534684763 265929549577891812910103980839534684763 L6_CT 0.237748009320907 0.62962962962963
266210993543062230267161359255194491136 266210993543062230267161359255194491136 266210993543062230267161359255194491136 L2_3_IT 0.532447590489108 0.148148148148148
266240468776394574803203560678894429149 266240468776394574803203560678894429149 266240468776394574803203560678894429149 L5_6_NP 0.427913892991066 0.222222222222222
267057402921485751717433048214679378493 267057402921485751717433048214679378493 267057402921485751717433048214679378493 Lamp5 0.743214680887557 0.222222222222222
267140241149718037121760412801767113672 267140241149718037121760412801767113672 267140241149718037121760412801767113672 PVM 0.649678509354922 0.37037037037037
267194125767851671109406001667050359328 267194125767851671109406001667050359328 267194125767851671109406001667050359328 L5_6_NP 0.970123669570966 0.222222222222222
267329918867213995362900036261780564117 267329918867213995362900036261780564117 267329918867213995362900036261780564117 L6_CT 0.569489482377144 0.444444444444445
268030594011163740807460920100678865134 268030594011163740807460920100678865134 268030594011163740807460920100678865134 L6_IT_Car3 0.234301791199682 0.481481481481482
268433026936347507096352516163194843440 268433026936347507096352516163194843440 268433026936347507096352516163194843440 L6_CT 0.652409622416322 0.111111111111111
268702476440468597229195090908436288511 268702476440468597229195090908436288511 268702476440468597229195090908436288511 L5_ET 0.747517948381215 0.37037037037037
269001250244577924130471180673245005096 269001250244577924130471180673245005096 269001250244577924130471180673245005096 L6_CT 0.975656409085035 0.481481481481482
269029782338420348585609473738708893226 269029782338420348585609473738708893226 269029782338420348585609473738708893226 L6_CT 0.0941507968490715 0.0370370370370372
269637565808794889737225201075711151437 269637565808794889737225201075711151437 269637565808794889737225201075711151437 Lamp5 0.966970306250902 0.62962962962963
270219062805630226006084924021733131063 270219062805630226006084924021733131063 270219062805630226006084924021733131063 L5_ET 0.946570461108198 0.148148148148148
270425415196718297612990078965646443036 270425415196718297612990078965646443036 270425415196718297612990078965646443036 Vip 0.805360543995592 0.925925925925926
270585128427936633318778665743603231050 270585128427936633318778665743603231050 270585128427936633318778665743603231050 VLMC 0.993621533104428 0.481481481481482
271217728709575191558321071336289938072 271217728709575191558321071336289938072 271217728709575191558321071336289938072 L6_CT 0.878199918447804 0.333333333333333
27164198192483428083119037269766010045 27164198192483428083119037269766010045 27164198192483428083119037269766010045 L5_6_NP 0.765657515255209 0.37037037037037
271716783377307202264457350826415786387 271716783377307202264457350826415786387 271716783377307202264457350826415786387 L5_ET 0.755556800058018 0.296296296296296
272240981271796860897587475238325118715 272240981271796860897587475238325118715 272240981271796860897587475238325118715 L6_CT 0.18724759880785 0.185185185185185
27335014701078698050288099561034665919 27335014701078698050288099561034665919 27335014701078698050288099561034665919 L6_CT 0.742841990935341 0.296296296296296
273563748299673577879677377106205408736 273563748299673577879677377106205408736 273563748299673577879677377106205408736 L6_CT 0.462779262775911 0.814814814814815
273671212183346622290445545084474685318 273671212183346622290445545084474685318 273671212183346622290445545084474685318 L5_6_NP 0.811133063889225 0.851851851851852
274346942698840517002815891039644376351 274346942698840517002815891039644376351 274346942698840517002815891039644376351 L5_IT 0.900516486930585 1
275530937115904074276590175679860761953 275530937115904074276590175679860761953 275530937115904074276590175679860761953 L6_CT 0.881873602336284 0.555555555555556
276235462367214455240728095048789859147 276235462367214455240728095048789859147 276235462367214455240728095048789859147 L6_CT 0.678666560690165 0.296296296296296
277390731878765980606668007185425779360 277390731878765980606668007185425779360 277390731878765980606668007185425779360 L5_IT 0.671849546979601 0.407407407407407
278397679376798127756904986551656303826 278397679376798127756904986551656303826 278397679376798127756904986551656303826 L6_CT 0.463749493896586 0.666666666666667
278519943330560132086063333163056020400 278519943330560132086063333163056020400 278519943330560132086063333163056020400 L6_CT 0.790403237407464 0.259259259259259
280755749704251490041175884654487706381 280755749704251490041175884654487706381 280755749704251490041175884654487706381 L5_IT 0.79650390698241 0.703703703703704
280814663061023268528861632484301053949 280814663061023268528861632484301053949 280814663061023268528861632484301053949 Vip 0.447662381929365 0.740740740740741
280825294560597236601337949046722210680 280825294560597236601337949046722210680 280825294560597236601337949046722210680 L6_CT 0.735666715543806 0.0740740740740743
281126728873616810857828267497648260358 281126728873616810857828267497648260358 281126728873616810857828267497648260358 L6_CT 0.819050802821819 0.333333333333333
281837578865872077687014474022354036047 281837578865872077687014474022354036047 281837578865872077687014474022354036047 L5_6_NP 0.547662911402755 0.444444444444445
282821517487467577198349003007082138476 282821517487467577198349003007082138476 282821517487467577198349003007082138476 L6_CT 0.531289965993005 0.185185185185185
282898310581342190218720034856311289386 282898310581342190218720034856311289386 282898310581342190218720034856311289386 L5_ET 0.5362109859004 0.666666666666667
283850806002608427830446500992070505352 283850806002608427830446500992070505352 283850806002608427830446500992070505352 L5_IT 0.947141996618158 0.148148148148148
284857388187082251454954371908595192778 284857388187082251454954371908595192778 284857388187082251454954371908595192778 L5_6_NP 0.338314562379929 0.555555555555556
285310557097589010317993934413150689842 285310557097589010317993934413150689842 285310557097589010317993934413150689842 VLMC 0.755278735876865 0.296296296296296
285843013147407027347822065777401296096 285843013147407027347822065777401296096 285843013147407027347822065777401296096 OPC 0.21484487537683 0.592592592592593
286791765984659550369993689003573874900 286791765984659550369993689003573874900 286791765984659550369993689003573874900 L6_CT 0.807976361671817 0.37037037037037
287004206455762507252668985671892668877 287004206455762507252668985671892668877 287004206455762507252668985671892668877 L6_CT 0.68038900568572 0.259259259259259
287355014956573993393778998560433863575 287355014956573993393778998560433863575 287355014956573993393778998560433863575 Astro 0.559365696976416 0.555555555555556
287432976075566995843902466389595883757 287432976075566995843902466389595883757 287432976075566995843902466389595883757 L6_CT 0.2333947780857 0.592592592592593
287802890180128325908518071378594761966 287802890180128325908518071378594761966 287802890180128325908518071378594761966 L6_CT 0.674035719291911 0.62962962962963
288320749174089606835977361119950794348 288320749174089606835977361119950794348 288320749174089606835977361119950794348 L5_6_NP 0.822360172085405 0.481481481481482
289343122383658514498136765909048820765 289343122383658514498136765909048820765 289343122383658514498136765909048820765 L6_CT 0.837402001527201 0.592592592592593
290229710568483706443209117125624272980 290229710568483706443209117125624272980 290229710568483706443209117125624272980 L5_6_NP 0.779613489537173 0.259259259259259
290689763507718448704379100803571785514 290689763507718448704379100803571785514 290689763507718448704379100803571785514 Endo 0.782631351373174 0.481481481481482
290921015975431121854532548688950034474 290921015975431121854532548688950034474 290921015975431121854532548688950034474 L6_CT 0.745706032836806 0.296296296296296
291688959246406057253376661228179476430 291688959246406057253376661228179476430 291688959246406057253376661228179476430 Lamp5 0.744814344020424 0.296296296296296
292530834538602092211111811294633680809 292530834538602092211111811294633680809 292530834538602092211111811294633680809 Pvalb 0.343785144130135 0.555555555555556
292702185683694314366225378273721388584 292702185683694314366225378273721388584 292702185683694314366225378273721388584 Astro 0.983541923083357 0.222222222222222
293131091323329573433475401619705826137 293131091323329573433475401619705826137 293131091323329573433475401619705826137 L6_CT 0.985948415206014 0.62962962962963
293923484203288421590898415747248288807 293923484203288421590898415747248288807 293923484203288421590898415747248288807 L5_6_NP 0.646013177054206 0.111111111111111
293945353968010263963111501403977035298 293945353968010263963111501403977035298 293945353968010263963111501403977035298 L6_CT 0.878905702945653 0.962962962962963
29466339938544897211509822465273764792 29466339938544897211509822465273764792 29466339938544897211509822465273764792 OPC 0.88482811190636 1
294713128453284835265569188509776356118 294713128453284835265569188509776356118 294713128453284835265569188509776356118 L6_CT 0.873288176587868 0.333333333333333
295317948837582638238848170271544236741 295317948837582638238848170271544236741 295317948837582638238848170271544236741 L5_IT 0.967784824364091 0.222222222222222
295327204667601896358591035595357686076 295327204667601896358591035595357686076 295327204667601896358591035595357686076 L6_CT 0.795225974936258 0.703703703703704
29550638677967443334165597784044632229 29550638677967443334165597784044632229 29550638677967443334165597784044632229 L6_CT 0.450835158514803 0.185185185185185
295782885883243046771032648485890778966 295782885883243046771032648485890778966 295782885883243046771032648485890778966 Pvalb 0.658079363939414 0.444444444444445
297584393102796616671615551828358592826 297584393102796616671615551828358592826 297584393102796616671615551828358592826 L6_CT 0.979781434243318 0.481481481481482
298237325326257541714844585731176194176 298237325326257541714844585731176194176 298237325326257541714844585731176194176 OPC 0.0496960926838893 0.259259259259259
299063104999282886683634579075108781751 299063104999282886683634579075108781751 299063104999282886683634579075108781751 L5_IT 0.253253262231744 0.62962962962963
300054327317167479440966581073035444514 300054327317167479440966581073035444514 300054327317167479440966581073035444514 L6_CT 0.836278999563765 0.592592592592593
300255493583021375152295897500516178864 300255493583021375152295897500516178864 300255493583021375152295897500516178864 VLMC 0.898312166576021 1
300928099507312546152937354353455724604 300928099507312546152937354353455724604 300928099507312546152937354353455724604 L5_6_NP 0.950349913455539 0.481481481481482
301904078200801645176687813281196745432 301904078200801645176687813281196745432 301904078200801645176687813281196745432 SMC 0.09946789660046 0.0370370370370372
302461791384613072659106386898104383266 302461791384613072659106386898104383266 302461791384613072659106386898104383266 L6_CT 0.805762254641529 0.444444444444445
303448278684614476442180067146361017106 303448278684614476442180067146361017106 303448278684614476442180067146361017106 Pvalb 0.540584565237209 0.592592592592593
304699828795295619969028222885016667714 304699828795295619969028222885016667714 304699828795295619969028222885016667714 L6_CT 0.964297635748906 0.148148148148148
304794847043339882027486311623445917933 304794847043339882027486311623445917933 304794847043339882027486311623445917933 L6_CT 0.534952173428819 0.666666666666667
306295811757990304159703566812995425604 306295811757990304159703566812995425604 306295811757990304159703566812995425604 L5_6_NP 0.644989212215982 0.703703703703704
306346660193853903333414009052636904893 306346660193853903333414009052636904893 306346660193853903333414009052636904893 L6_CT 0.977967694961463 0.222222222222222
30649991932312066137495038478735467768 30649991932312066137495038478735467768 30649991932312066137495038478735467768 L6_CT 0.012154171242368 0.407407407407407
307854474200163271910729931868702097893 307854474200163271910729931868702097893 307854474200163271910729931868702097893 Peri 0.585135837941537 0.555555555555556
308357476884266102102529769657580184588 308357476884266102102529769657580184588 308357476884266102102529769657580184588 L5_6_NP 0.535229355199156 0.444444444444445
308389956167067545803010676448511929450 308389956167067545803010676448511929450 308389956167067545803010676448511929450 Vip 0.797093371820547 0.333333333333333
308640047535937430184664356878845739483 308640047535937430184664356878845739483 308640047535937430184664356878845739483 Vip 0.839689365330401 0.259259259259259
308903571677510544246112853210892867198 308903571677510544246112853210892867198 308903571677510544246112853210892867198 Lamp5 0.820905620770951 0.740740740740741
308989540681957518830061348794402043612 308989540681957518830061348794402043612 308989540681957518830061348794402043612 L6_CT 0.731609860807324 0.0740740740740743
309085442420406308733202070007507089596 309085442420406308733202070007507089596 309085442420406308733202070007507089596 L6_CT 0.66940514262687 0.62962962962963
30951558490331485117200541136687648302 30951558490331485117200541136687648302 30951558490331485117200541136687648302 L6_CT 0.745980826494631 0.296296296296296
310658604771768388188616907176000593514 310658604771768388188616907176000593514 310658604771768388188616907176000593514 L6_CT 0.681528150345933 0.148148148148148
311182554525636902161060227405440960025 311182554525636902161060227405440960025 311182554525636902161060227405440960025 L6_CT 0.671765644140548 0.259259259259259
311330731194369189451864051228369474590 311330731194369189451864051228369474590 311330731194369189451864051228369474590 Endo 0.868843969963229 0.592592592592593
31187777156888449305074442727837193145 31187777156888449305074442727837193145 31187777156888449305074442727837193145 Pvalb 0.635181877028534 0.37037037037037
312188221657296978275397553242778160637 312188221657296978275397553242778160637 312188221657296978275397553242778160637 L6_CT 0.806119153928972 0.37037037037037
312923626344571391558770393215627494682 312923626344571391558770393215627494682 312923626344571391558770393215627494682 L6_CT 0.748399825011823 0.592592592592593
313049070041547936784416687744591379273 313049070041547936784416687744591379273 313049070041547936784416687744591379273 L6_CT 0.735631760977996 0.222222222222222
313758903156029129133880484985188196312 313758903156029129133880484985188196312 313758903156029129133880484985188196312 L6_CT 0.794683114150274 0.518518518518518
314257183612545041818918909579271555127 314257183612545041818918909579271555127 314257183612545041818918909579271555127 L6_CT 0.472258508968389 0.111111111111111
315995284400035192116263162600418778491 315995284400035192116263162600418778491 315995284400035192116263162600418778491 L6_CT 0.0462066265529218 0.259259259259259
316091570557215704463804098686404832693 316091570557215704463804098686404832693 316091570557215704463804098686404832693 L6_CT 0.818385676723781 0.888888888888889
316230660457343993967047424446437202124 316230660457343993967047424446437202124 316230660457343993967047424446437202124 L6_CT 0.469484188165267 0.185185185185185
31643454240108065483809196697217553656 31643454240108065483809196697217553656 31643454240108065483809196697217553656 L6_CT 0.467449291340211 0.185185185185185
316955433356413310760094421843767080746 316955433356413310760094421843767080746 316955433356413310760094421843767080746 L5_ET 0.35102823653499 0.518518518518518
317011020408577230479968209632647720122 317011020408577230479968209632647720122 317011020408577230479968209632647720122 Lamp5 0.656261580869797 0.37037037037037
317804637553361253671336425701013875137 317804637553361253671336425701013875137 317804637553361253671336425701013875137 Sst 0.348638439225755 0.518518518518518
319487548314855620482772570267439032925 319487548314855620482772570267439032925 319487548314855620482772570267439032925 Endo 0.748500153290419 0.296296296296296
32132173007113805268300036360149878777 32132173007113805268300036360149878777 32132173007113805268300036360149878777 L6_CT 0.743782332357403 0.222222222222222
321337500658238082953746557868039631028 321337500658238082953746557868039631028 321337500658238082953746557868039631028 L5_IT 0.440471692341881 0.444444444444445
321750843039354448547988162431322497224 321750843039354448547988162431322497224 321750843039354448547988162431322497224 L6_CT 0.985617242907437 0.444444444444445
322819546553275779136260215350983624820 322819546553275779136260215350983624820 322819546553275779136260215350983624820 L5_6_NP 0.544217983525537 0.259259259259259
323988595127200135005341966653097969703 323988595127200135005341966653097969703 323988595127200135005341966653097969703 L6_CT 0.743869379631948 0.37037037037037
324528421296287716341015082775297681492 324528421296287716341015082775297681492 324528421296287716341015082775297681492 L5_ET 0.833651089145129 0.259259259259259
324845008708937165675675685920038244315 324845008708937165675675685920038244315 324845008708937165675675685920038244315 L5_IT 0.0388429053672882 0.444444444444444
325343510531719664231121291597867701919 325343510531719664231121291597867701919 325343510531719664231121291597867701919 L6_CT 0.979249883920888 0.666666666666667
325589872935501156044661819393288139707 325589872935501156044661819393288139707 325589872935501156044661819393288139707 L4_5_IT 0.423715884702065 0.222222222222222
325815854075445939106232098327816246404 325815854075445939106232098327816246404 325815854075445939106232098327816246404 L5_6_NP 0.868416321900805 0.592592592592593
326096294017924869711307667296887198513 326096294017924869711307667296887198513 326096294017924869711307667296887198513 OPC 0.228307507329887 0.481481481481482
327065954644307808396564633029479389192 327065954644307808396564633029479389192 327065954644307808396564633029479389192 L5_6_NP 0.248731752413325 0.62962962962963
3281423010870315627122611521415037476 3281423010870315627122611521415037476 3281423010870315627122611521415037476 L6_CT 0.786310734988689 0.296296296296296
328218389814552869624892786479155251016 328218389814552869624892786479155251016 328218389814552869624892786479155251016 Endo 0.530300861153294 0.592592592592593
329569727010453811038899287368951521908 329569727010453811038899287368951521908 329569727010453811038899287368951521908 L6_CT 0.0150333653507459 0.407407407407408
329938696822994496467860909899540547261 329938696822994496467860909899540547261 329938696822994496467860909899540547261 L6_CT 0.990859252381489 0.37037037037037
330299712135454867966962821750458660374 330299712135454867966962821750458660374 330299712135454867966962821750458660374 L5_6_NP 0.325558202542623 0.555555555555556
331804677351302687813030763749029575814 331804677351302687813030763749029575814 331804677351302687813030763749029575814 Lamp5 0.872960532973215 0.592592592592593
332152173340602811528349291735501652132 332152173340602811528349291735501652132 332152173340602811528349291735501652132 L6_CT 0.541245096784294 0.259259259259259
332278449457129071767160899216029066341 332278449457129071767160899216029066341 332278449457129071767160899216029066341 Vip 0.0387282027851364 0.444444444444445
332650731721463771598062540419355388820 332650731721463771598062540419355388820 332650731721463771598062540419355388820 L6_CT 0.883449388090071 0.37037037037037
332692615931654635531500696428802111239 332692615931654635531500696428802111239 332692615931654635531500696428802111239 Oligo 0.96613486088737 0.185185185185185
333028431508543779090236976312693754726 333028431508543779090236976312693754726 333028431508543779090236976312693754726 L6_CT 0.831077381644915 0.888888888888889
334280994019473749044179208646460734114 334280994019473749044179208646460734114 334280994019473749044179208646460734114 L5_IT 0.039644035209573 0.444444444444445
334554115505730191249755977679690899951 334554115505730191249755977679690899951 334554115505730191249755977679690899951 L6_CT 0.425701340202998 0.444444444444444
335022570506749879853234620150404694050 335022570506749879853234620150404694050 335022570506749879853234620150404694050 L6_CT 0.0223657999106649 0.407407407407407
335286234287213546466113283402672189998 335286234287213546466113283402672189998 335286234287213546466113283402672189998 L5_IT 0.632037363264212 0.518518518518518
335480852102711146748718048869773250837 335480852102711146748718048869773250837 335480852102711146748718048869773250837 Sst 0.9049745650482 0.962962962962963
33626765581044283242839941084673217412 33626765581044283242839941084673217412 33626765581044283242839941084673217412 L5_IT 0.960002479021148 0.148148148148148
33661859126410898898945582818456453583 33661859126410898898945582818456453583 33661859126410898898945582818456453583 L6_CT 0.83893801646225 0.259259259259259
337241050534269143030577283022501833230 337241050534269143030577283022501833230 337241050534269143030577283022501833230 OPC 0.989095174378829 0.222222222222222
33755780077342305666723224363365679770 33755780077342305666723224363365679770 33755780077342305666723224363365679770 L6_CT 0.661662182289182 0.111111111111111
338279874147970402311020272607661217788 338279874147970402311020272607661217788 338279874147970402311020272607661217788 L6_IT 0.81218484744591 0.444444444444444
338556856814453456071997431176843611530 338556856814453456071997431176843611530 338556856814453456071997431176843611530 Endo 0.116489377815361 0.148148148148148
339005245576218884271228390121153916730 339005245576218884271228390121153916730 339005245576218884271228390121153916730 L5_6_NP 0.752264269910236 0.592592592592593
339523602818395528202624862221307103840 339523602818395528202624862221307103840 339523602818395528202624862221307103840 L5_IT 0.884465586856244 1
339719725696016303244645842534370206046 339719725696016303244645842534370206046 339719725696016303244645842534370206046 L6_CT 0.680592714365453 0.407407407407407
339941663725151623962571471691133173009 339941663725151623962571471691133173009 339941663725151623962571471691133173009 Lamp5 0.975323220361436 0.222222222222222
34784737839503819674779264849917815059 34784737839503819674779264849917815059 34784737839503819674779264849917815059 L6_CT 0.67828589966287 0.111111111111111
35109303932165754447648355653885343953 35109303932165754447648355653885343953 35109303932165754447648355653885343953 L6_CT 0.469127565823595 0.814814814814815
35800379926459970914606027899093655521 35800379926459970914606027899093655521 35800379926459970914606027899093655521 L6_CT 0.336980195802846 0.555555555555556
37242010025502659419729084764159648607 37242010025502659419729084764159648607 37242010025502659419729084764159648607 L6_CT 0.943318578275285 0.185185185185185
37297157676460254395387941579680959684 37297157676460254395387941579680959684 37297157676460254395387941579680959684 L5_6_NP 0.793213675791168 0.444444444444445
38989042776838273800582033503202671704 38989042776838273800582033503202671704 38989042776838273800582033503202671704 VLMC 0.742702948885401 0.259259259259259
39079481306161504183302457030506463284 39079481306161504183302457030506463284 39079481306161504183302457030506463284 L6_CT 0.89611607420022 1
40134523265137632477379198931538283587 40134523265137632477379198931538283587 40134523265137632477379198931538283587 L4_5_IT 0.593303816304699 0.0740740740740743
40203058003392709651845566217129463639 40203058003392709651845566217129463639 40203058003392709651845566217129463639 L5_ET 0.76354680566853 0.37037037037037
43168863453575150092481356291077752690 43168863453575150092481356291077752690 43168863453575150092481356291077752690 L5_IT 0.786948758155903 0.259259259259259
43444691154126312065243480026926781198 43444691154126312065243480026926781198 43444691154126312065243480026926781198 L6_CT 0.655581741457996 0.111111111111111
4369207583264798827327753410596812028 4369207583264798827327753410596812028 4369207583264798827327753410596812028 L6_IT 0.426823922745932 0.222222222222222
45745186825732745770663602910453028121 45745186825732745770663602910453028121 45745186825732745770663602910453028121 L6_CT 0.875852731581282 0.592592592592593
46642122016475533183530646676340259372 46642122016475533183530646676340259372 46642122016475533183530646676340259372 L6_CT 0.657392439679674 0.111111111111111
46665582676548400077142808303182921969 46665582676548400077142808303182921969 46665582676548400077142808303182921969 L6_CT 0.245976687194841 0.555555555555556
47085993381371043430316564346175788732 47085993381371043430316564346175788732 47085993381371043430316564346175788732 L6_CT 0.669714603260842 0.444444444444445
47113163910759547946085082853431472461 47113163910759547946085082853431472461 47113163910759547946085082853431472461 L5_6_NP 0.550731117526826 0.444444444444445
4717831418368859458184716359851466361 4717831418368859458184716359851466361 4717831418368859458184716359851466361 Pvalb 0.871964880940378 0.592592592592593
47409054515151972369509252610118320941 47409054515151972369509252610118320941 47409054515151972369509252610118320941 Pvalb 0.796238181129445 0.703703703703704
47701150395585206084597684900585728273 47701150395585206084597684900585728273 47701150395585206084597684900585728273 L5_IT 0.572663822955504 0.444444444444445
48135393178353482317447314553350652082 48135393178353482317447314553350652082 48135393178353482317447314553350652082 L5_IT 0.985058849977313 0.370370370370371
48662721553879300331439035420496854833 48662721553879300331439035420496854833 48662721553879300331439035420496854833 L4_5_IT 0.781971102666033 0.481481481481482
48981113046792927588250242719943043257 48981113046792927588250242719943043257 48981113046792927588250242719943043257 VLMC 0.566742754991256 0.0740740740740743
49777213983331490680581206460189293381 49777213983331490680581206460189293381 49777213983331490680581206460189293381 L6_CT 0.461625482994306 0.740740740740741
50211849200828151729229930154161940190 50211849200828151729229930154161940190 50211849200828151729229930154161940190 L5_6_NP 0.953305473264662 0.148148148148148
50608258750168196683967492236859076650 50608258750168196683967492236859076650 50608258750168196683967492236859076650 L6_CT 0.806732479477994 0.444444444444445
51000318836133112674929307143956375541 51000318836133112674929307143956375541 51000318836133112674929307143956375541 Peri 0.657394179922727 0.62962962962963
51536778315669728419218118983472600627 51536778315669728419218118983472600627 51536778315669728419218118983472600627 L6_CT 0.814029700872484 0.444444444444445
52337031225948782315781615855283015109 52337031225948782315781615855283015109 52337031225948782315781615855283015109 Vip 0.454522859541205 0.666666666666667
52653624819167534517641303193107519866 52653624819167534517641303193107519866 52653624819167534517641303193107519866 L6_CT 0.574908644720559 0.444444444444445
52964436648287256754004205103427720851 52964436648287256754004205103427720851 52964436648287256754004205103427720851 L6_CT 0.565160908348463 0.444444444444445
53197244456402641971612893065434142109 53197244456402641971612893065434142109 53197244456402641971612893065434142109 L6_CT 0.238367034557039 0.555555555555556
5323685214300154986380418259871027495 5323685214300154986380418259871027495 5323685214300154986380418259871027495 L5_IT 0.760907400929947 0.333333333333333
5407034634330924122343080537754452952 5407034634330924122343080537754452952 5407034634330924122343080537754452952 L6_CT 0.105626239500372 0.0370370370370372
54126213983426896073026141762667417024 54126213983426896073026141762667417024 54126213983426896073026141762667417024 L5_IT 0.0593076085742844 0.481481481481482
54344740770383429118877576996363790041 54344740770383429118877576996363790041 54344740770383429118877576996363790041 L6_CT 0.242309690141694 0.555555555555556
55059225773231713470753187778577721133 55059225773231713470753187778577721133 55059225773231713470753187778577721133 L5_6_NP 0.956709064019115 0.481481481481482
56822199429431315675651208403799598173 56822199429431315675651208403799598173 56822199429431315675651208403799598173 VLMC 0.898042060192004 0.185185185185185
57475391599127333995629948001422928318 57475391599127333995629948001422928318 57475391599127333995629948001422928318 Peri 0.906341001846214 0.296296296296296
57760013983607985409344317813461553897 57760013983607985409344317813461553897 57760013983607985409344317813461553897 L5_6_NP 0.765086890594371 0.296296296296296
58153248140513604586751284172767787571 58153248140513604586751284172767787571 58153248140513604586751284172767787571 L5_6_NP 0.43948967057461 0.444444444444445
58600086092607576163845432321084056437 58600086092607576163845432321084056437 58600086092607576163845432321084056437 L6_CT 0.786127906922975 0.296296296296296
59008131918824717796472768653755107715 59008131918824717796472768653755107715 59008131918824717796472768653755107715 L5_ET 0.528811856214264 0.592592592592593
5905252785615981959830149670173262961 5905252785615981959830149670173262961 5905252785615981959830149670173262961 PVM 0.630399962333435 0.703703703703704
59661807563002494740986056503793392672 59661807563002494740986056503793392672 59661807563002494740986056503793392672 Astro 0.79040031002927 0.518518518518518
61080215156922969274477596842208093816 61080215156922969274477596842208093816 61080215156922969274477596842208093816 L5_IT 0.368732938399556 0.518518518518518
61635648119675806275321352010216057168 61635648119675806275321352010216057168 61635648119675806275321352010216057168 L5_IT 0.0572407580756017 0.444444444444445
6235855280358888845448613902660555392 6235855280358888845448613902660555392 6235855280358888845448613902660555392 L6_CT 0.670286053721118 0.148148148148148
62901391602836649883826403427300932588 62901391602836649883826403427300932588 62901391602836649883826403427300932588 L6_IT_Car3 0.97120137746778 0.222222222222222
63918060447118924449826127209498767994 63918060447118924449826127209498767994 63918060447118924449826127209498767994 L4_5_IT 0.823365292234583 0.851851851851852
64001310590964087683175527417103193887 64001310590964087683175527417103193887 64001310590964087683175527417103193887 OPC 0.257666235713693 0.296296296296296
64362415556280052385186216624347966783 64362415556280052385186216624347966783 64362415556280052385186216624347966783 L5_IT 0.668146863362326 0.259259259259259
64415041801487424671359296884989434203 64415041801487424671359296884989434203 64415041801487424671359296884989434203 Peri 0.0611269191296704 0.259259259259259
68396078767135494230582705566235525468 68396078767135494230582705566235525468 68396078767135494230582705566235525468 Vip 0.804043224491243 0.444444444444445
68586389151136334330213899568515589007 68586389151136334330213899568515589007 68586389151136334330213899568515589007 Vip 0.243123134852984 0.296296296296296
68841822669921143840453236515037028749 68841822669921143840453236515037028749 68841822669921143840453236515037028749 L2_3_IT 0.258884523070472 0.555555555555556
69143009763279217993445375020222064374 69143009763279217993445375020222064374 69143009763279217993445375020222064374 L5_6_NP 0.649238014581646 0.444444444444445
69587240225947889461884174154102054064 69587240225947889461884174154102054064 69587240225947889461884174154102054064 Peri 0.466122898557857 0.740740740740741
70097532819288778417580021179354918596 70097532819288778417580021179354918596 70097532819288778417580021179354918596 L6_CT 0.640949327070964 0.703703703703704
70545131201123808446212593506281441593 70545131201123808446212593506281441593 70545131201123808446212593506281441593 L6_IT 0.795100162655557 0.518518518518518
71238501635495797214405206037449811399 71238501635495797214405206037449811399 71238501635495797214405206037449811399 L6_CT 0.907986259846717 0.222222222222222
72392062773815909501265457769164734169 72392062773815909501265457769164734169 72392062773815909501265457769164734169 Pvalb 0.564849781111006 0.555555555555556
72407151119578113140244512720494985516 72407151119578113140244512720494985516 72407151119578113140244512720494985516 L6_CT 0.977730314970506 0.222222222222222
72588880290601694082565457366172732339 72588880290601694082565457366172732339 72588880290601694082565457366172732339 L5_6_NP 0.0620546739025307 0.259259259259259
72649066836090633545198512021602484370 72649066836090633545198512021602484370 72649066836090633545198512021602484370 L6_CT 0.878063192509747 0.333333333333333
7273574521407910378476047225480063466 7273574521407910378476047225480063466 7273574521407910378476047225480063466 Oligo 0.95820929363119 0.703703703703704
72933694622200544348794994793328163906 72933694622200544348794994793328163906 72933694622200544348794994793328163906 Lamp5 0.742470766574942 0.296296296296296
732099127950069684071550444642368905 732099127950069684071550444642368905 732099127950069684071550444642368905 L5_IT 0.450257903668194 0.814814814814815
73619529895011178816649053990700415392 73619529895011178816649053990700415392 73619529895011178816649053990700415392 L5_IT 0.571572194783756 0.0740740740740743
75347205250215858814137643928231325548 75347205250215858814137643928231325548 75347205250215858814137643928231325548 L5_IT 0.13261821211732 0.148148148148148
76415022108801111839780951765602322280 76415022108801111839780951765602322280 76415022108801111839780951765602322280 L2_3_IT 0.31627382574219 0.481481481481482
76679895115032217952520549639776662384 76679895115032217952520549639776662384 76679895115032217952520549639776662384 L6_IT_Car3 0.549689026680932 0.185185185185185
76847107737262504068581226800108531949 76847107737262504068581226800108531949 76847107737262504068581226800108531949 L5_6_NP 0.886812859842756 0.222222222222222
77776777833907446620716171715488780287 77776777833907446620716171715488780287 77776777833907446620716171715488780287 L6_CT 0.43997135425919 0.111111111111111
78000523916421123416271422406873003754 78000523916421123416271422406873003754 78000523916421123416271422406873003754 Endo 0.529469997246969 0.259259259259259
78041915785808985096415374064007419684 78041915785808985096415374064007419684 78041915785808985096415374064007419684 L5_6_NP 0.831406415937691 0.592592592592593
78122501344136164663820780265752464954 78122501344136164663820780265752464954 78122501344136164663820780265752464954 L5_IT 0.822009056611558 0.259259259259259
78849378527743317617441156876264328371 78849378527743317617441156876264328371 78849378527743317617441156876264328371 L6_CT 0.471590697221415 0.740740740740741
82089311097784335603408031904761658116 82089311097784335603408031904761658116 82089311097784335603408031904761658116 L5_IT 0.445870609779355 0.444444444444445
82176978096059561385591866615507158122 82176978096059561385591866615507158122 82176978096059561385591866615507158122 L6_IT 0.645384619120961 0.444444444444444
8224181756281413686295960713937025298 8224181756281413686295960713937025298 8224181756281413686295960713937025298 L6_CT 0.827594717462829 0.703703703703704
8297105906829134449405222287165506778 8297105906829134449405222287165506778 8297105906829134449405222287165506778 L6_CT 0.520782930660628 0.296296296296296
8321446837851303137754245907660101617 8321446837851303137754245907660101617 8321446837851303137754245907660101617 L6_CT 0.0596030756729906 0.259259259259259
83488360454356116254868061314417875852 83488360454356116254868061314417875852 83488360454356116254868061314417875852 L5_IT 0.108944346656552 0.37037037037037
84961866695208533350139225095376651903 84961866695208533350139225095376651903 84961866695208533350139225095376651903 Oligo 0.468362330480568 0.666666666666667
85357072148495231209987862000462354180 85357072148495231209987862000462354180 85357072148495231209987862000462354180 L6_CT 0.875472947438484 0.333333333333333
85729255528787240844669437687658449547 85729255528787240844669437687658449547 85729255528787240844669437687658449547 L6_CT 0.874008517082428 0.592592592592593
85834103142660006482523113393383288323 85834103142660006482523113393383288323 85834103142660006482523113393383288323 L4_5_IT 0.750819336462084 0.666666666666667
86888288496775915850367839671991644287 86888288496775915850367839671991644287 86888288496775915850367839671991644287 L6_CT 0.79932811409605 0.185185185185185
88662164154519176215912175723234008125 88662164154519176215912175723234008125 88662164154519176215912175723234008125 L6_CT 0.482953432618443 0.185185185185185
89436715601887557520400360609769658423 89436715601887557520400360609769658423 89436715601887557520400360609769658423 L6_CT 0.0394974990286592 0.444444444444445
90043942703103996283830086766587523735 90043942703103996283830086766587523735 90043942703103996283830086766587523735 L6_CT 0.564896159932502 0.444444444444445
90200107922681986280448029978386929900 90200107922681986280448029978386929900 90200107922681986280448029978386929900 L6_CT 0.529016663532957 0.592592592592593
92107678595465148034699207629594049407 92107678595465148034699207629594049407 92107678595465148034699207629594049407 L5_6_NP 0.564395336233247 0.111111111111111
92464414393215841108542876056787782594 92464414393215841108542876056787782594 92464414393215841108542876056787782594 Lamp5 0.531245529963064 0.148148148148148
92499690165916746285344805091481356091 92499690165916746285344805091481356091 92499690165916746285344805091481356091 SMC 0.53333776110178 0.148148148148148
93056663531734698678947921959522437700 93056663531734698678947921959522437700 93056663531734698678947921959522437700 L5_6_NP 0.958883003022584 1
93675134680825116911664363964089583035 93675134680825116911664363964089583035 93675134680825116911664363964089583035 L6_CT 0.776404257050026 0.518518518518518
93874547035906642441733764785916539003 93874547035906642441733764785916539003 93874547035906642441733764785916539003 VLMC 0.888038572587639 1
94584113432108181105239568089424432080 94584113432108181105239568089424432080 94584113432108181105239568089424432080 L6_CT 0.0360710333136487 0.444444444444445
9472198472858885964317584696552692996 9472198472858885964317584696552692996 9472198472858885964317584696552692996 L5_IT 0.46157261797646 0.111111111111111
94961178682559743724062944064085575905 94961178682559743724062944064085575905 94961178682559743724062944064085575905 L5_IT 0.537572792280476 0.111111111111111
96000201504308816266259111318432313397 96000201504308816266259111318432313397 96000201504308816266259111318432313397 L6_CT 0.563780900701241 0.333333333333333
9642677558036904821813981619639586064 9642677558036904821813981619639586064 9642677558036904821813981619639586064 L5_ET 0.874475920433162 0.62962962962963
96582216923402228849120451450397864115 96582216923402228849120451450397864115 96582216923402228849120451450397864115 Lamp5 0.900283867431378 0.222222222222222
96731653150710000312238863360117886025 96731653150710000312238863360117886025 96731653150710000312238863360117886025 L6_CT 0.840916270877961 0.851851851851852
96846224649984442575957355982024167263 96846224649984442575957355982024167263 96846224649984442575957355982024167263 Oligo 0.967393707203258 0.62962962962963
99147840848792512176467407183157009829 99147840848792512176467407183157009829 99147840848792512176467407183157009829 L6_CT 0.54809116559648 0.259259259259259
99282531787198460814267103396662507621 99282531787198460814267103396662507621 99282531787198460814267103396662507621 L6_CT 0.95060333329953 0.703703703703704
99488129778717041117129540625347059990 99488129778717041117129540625347059990 99488129778717041117129540625347059990 L6_CT 0.888366628658265 0.555555555555556
