,Astro,Endo,L2/3 IT,L4/5 IT,L5 ET,L5 IT,L5/6 NP,L6 CT,L6 IT,L6 IT Car3,L6b,Lamp5,Micro,OPC,Oligo,PVM,Peri,Pvalb,SMC,Sncg,Sst,VLMC,Vip
0,0.0061906220833734486,0.012669471458568159,0.025840288447705806,0.014972998336669093,0.003321106239699994,0.008417094774070887,0.002050876039724134,0.005329536560301919,0.006906670773469035,0.026356723901848716,0.00019724528700871923,0.0021950308686324634,0.003297468281160001,0.002212526915591003,0.0020440698989005832,0.006704489875602017,0.641961542352691,0.003108481068965826,0.005883044221996961,0.00015768880370771606,0.0023869229578368243,0.2163688766283036,0.0014272242241723187
1,0.37076378972457585,0.4237389835578359,0.012868854977788745,0.008575201650365927,0.002480925921110148,0.005900606235268907,0.0013341431788198273,0.0037822753848394263,0.0061412571230458745,0.0013895202742866797,9.170221281558331e-05,0.001212431087709575,0.0017551338920341723,0.001407454846936883,0.0017518382349159,0.0035209559193101463,0.0021654827198840034,0.003507069627284799,0.11703084902435099,7.710673279079228e-05,0.0023124082594691156,0.027041617828947668,0.0011503915856130973
2,0.8334368095348266,0.004855585431354508,0.06408381032208753,0.007511710398854002,0.0025853212191345237,0.004888917472397014,0.0022452268699964437,0.05826024998827356,0.0029349159297329453,0.000830204468424202,9.460909727457438e-05,0.0011131665212907465,0.0015280395826709062,0.001448885391034463,0.0015344719749614151,0.0010966022194151268,0.0018442634889943772,0.0012804458031646067,0.001217073310246119,0.0001265646796780836,0.0014879290444366896,0.004470610372192976,0.0011245868795586014
3,0.6661063407076104,0.012011776700144635,0.01686495520649941,0.011767336605280716,0.0037902930068456834,0.008107142972522982,0.07570028937925007,0.005879906783631764,0.004934460415929565,0.0013410205815936266,5.3242866343966614e-05,0.0024557977558253897,0.00291511172209084,0.002461483685829573,0.003979552481084091,0.005130651554917055,0.012098204351193596,0.0024865654842810675,0.1442615154053382,0.00018579363652234394,0.0026959311497980194,0.011776748764146907,0.0029958787833200403
4,0.003282547024036158,0.21504744334463732,0.0016079204318582014,0.0011672741855383363,0.0005276445615667633,0.0008054424789401502,0.037052903493957484,0.0007151006884706185,0.0006897899474969024,0.00022916738784737375,4.285856331600245e-06,0.0002909266845357941,0.012863961559535184,0.00018937108085844147,0.00029677378023112413,0.06084254640808997,0.2192630361583029,0.010344589649631952,0.07004505516575076,2.121995675321419e-05,0.00020404896638995753,0.36434799482187447,0.00016095636736547321
5,0.017709290232549416,0.1352361248151956,0.0037951257647487755,0.0026497429791262402,0.0007556953029475308,0.0021065047927112325,0.02492338829482541,0.0012887432870614564,0.0011312411913213618,0.000306053113357255,1.4691009547781903e-05,0.0006975052322866102,0.06210427056212617,0.33048299596308967,0.0005193892753370126,0.01705674596328767,0.07526037309355543,0.002749133835097845,0.016221527156345304,1.5762150971773585e-05,0.04326411049630716,0.26140986006223704,0.000301725425966452
6,0.224815135167795,0.0035025976647380546,0.18034548263274947,0.08259707888085757,0.005141011741391324,0.0190035195437934,0.0010250278219455546,0.0057442859721887375,0.05861002966114195,0.0005198638824550426,6.873268363976983e-05,0.001332660653127959,0.000916488038317932,0.15458585421736937,0.00297727486768298,0.0008653255345788868,0.02252322757617032,0.12663777832827003,0.0012215242544118643,7.885956042505856e-05,0.004256487066932035,0.10235257002087847,0.0008791842291392257
7,0.003817321246069111,0.07546359021818559,0.39385123315258275,0.04476109998116669,0.0710650456351934,0.01860732817084215,0.04217707615159367,0.0016122992702806299,0.03464181191727886,0.00012312076581385458,5.649330814088771e-06,0.03545039631893305,0.020384610698216118,0.039270130638717496,0.00048144982115718083,0.0002750584386435537,0.00023365776531987607,0.19758336199767992,0.0004319559008261532,8.084301915496599e-06,0.01908421939266868,0.000513851884921774,0.00015764700117991732
8,0.003717558240811665,0.1685036915693298,0.1027578614379294,0.1362630379074449,0.0023788617230666546,0.07428477416885132,0.0005055672488803881,0.06570706299595101,0.001750327842820228,0.006911574487655369,1.663377329931778e-05,0.07803591382352852,0.006728405012452902,0.0010128313344785747,0.05741780557153868,0.0011826814189675506,0.0005350305675551702,0.03839116131184149,0.0005183971748972235,0.00420038897434507,0.027257007500625985,0.01396606198755754,0.20795736392617126
9,0.010221269720497415,0.12072115842980827,0.4721747538445833,0.06961478379450407,0.005166084332912834,0.14441268673946206,0.002478273476888128,0.010467253250997373,0.0095199895362066,0.0019285763131616138,0.0005739283116587307,0.002985482580000766,0.016948471000017565,0.0032619045796829084,0.003893810113708989,0.0021193164557638698,0.0028537511748134466,0.0033921280157453533,0.004034841958297046,0.00016119941659022003,0.012270010047907598,0.006039794353762957,0.09476053255302867
10,0.03261981251489407,0.42080497971457836,0.21006362531501005,0.05914236988304923,0.002176297367715022,0.06699436405041384,0.001299449766421721,0.004337126358054806,0.14149896046649704,0.0007875224593826546,0.00011058887512804875,0.000728150637640538,0.017941324519966165,0.0016850244504986928,0.0012702240386334369,0.006645070098784381,0.0018747821114166682,0.0012934176089285994,0.000979388206937815,4.4350554293137086e-05,0.020037300755936783,0.0070487504276911155,0.000617119818127821
11,0.3361812514566337,0.32668484209111387,0.02599667019836774,0.17919163751978243,0.025881325146940352,0.004980263326501318,0.04512462384430125,0.014497823959617332,0.004076373880541617,0.0006224761733851387,2.5882492718024042e-05,0.0019354225332234912,0.0011317896058454075,0.0032475840280585463,0.001505478016605755,0.014063935198704818,0.001870555634598367,0.001971835712603876,0.0014256709476596794,3.5377906487850376e-05,0.003533881178896568,0.00529682600171141,0.0007184731457016583
12,0.0015905118303902405,0.26589745411756455,0.005080493084097317,0.013536099886555157,0.0012287455530492805,0.004575649151380592,0.016968490635534596,0.23827600661929718,0.001013747484079241,0.00021644418816152148,1.7080621258002222e-05,0.0009910712686393972,0.0023606428565822544,0.0015914293197051667,0.00822554513351893,0.06374381579086617,0.0009201108269482853,0.025683553435582575,0.00400559889410717,0.0011938708281877713,0.0009174609934356106,0.3417007208814418,0.00026545659961716616
13,0.11037841961587427,0.39902793410738235,0.03502616580927937,0.1357504537043262,0.002528483138825055,0.0031374741703164505,0.0008505862117374668,0.048911803950895054,0.002537007003474346,0.00045739378041963723,2.0984648685256163e-05,0.0007770909741151489,0.0007494517576827329,0.0008582973941949238,0.00206771001102094,0.18107682572035852,0.01643730355638022,0.0010955636141476818,0.0528506186549918,5.366122843202762e-05,0.0009915567088729536,0.0038770265753486793,0.00053818766323913
14,0.011650521465639281,0.15335890720848255,0.6843924970483771,0.0020350819781561635,0.0005143426304978626,0.0008865186023632207,0.00018945845073769558,0.017707620221922817,0.0045335250475637846,0.00011783704103857495,1.7407642944783034e-05,0.028185015642989333,0.013587868570923499,0.0003974552153527103,0.0004560158295882174,0.000281806599839287,0.025290432657385953,0.02774983948555535,0.0007629965263197064,1.591173569128012e-05,0.027348739432890498,0.0003947231475349083,0.000125477818205429
15,0.03897130023488118,0.1359177149300299,0.6065906292071722,0.005821598414503268,0.0021369824766070337,0.040363532346708024,0.0009152780321073844,0.0020493302966939414,0.002940886656091614,0.036494782444226416,3.7612346241501384e-05,0.0005588238859612781,0.030215359968702234,0.0010601979460856511,0.0008891739396464094,0.08091774523685598,0.001685352183362044,0.001387652069102545,0.0006583079084514591,1.5905887242747893e-05,0.0017078267918757034,0.00821717129633159,0.0004468355011199004
16,0.00409448522885061,0.014309558237728273,0.027287616231535573,0.6582283972955246,0.0015740706303991304,0.013806323425646975,0.0010487974858783384,0.024145151444744942,0.0029967784579950038,0.00041970315589652795,6.814076688663645e-05,0.0009490881684501311,0.000872733795604686,0.0019419673924043243,0.0008488387746567991,0.000745600451348687,0.001005853426025085,0.0022096841678675544,0.000688075847675195,3.862698164281783e-05,0.025613874327760706,0.2164970902484949,0.000609544056982508
17,0.1921014593696096,0.01750493422345995,0.04987507954089938,0.444989200045962,0.003303774185480826,0.24770966130188762,0.0018341042413190308,0.006252920078920741,0.004518034247547062,0.0008016465315211287,7.735984352556719e-05,0.0026219628685654564,0.010045374824438253,0.0021073625442432457,0.0023984564092211546,0.002071479328564594,0.001745638574165906,0.0021888683823299672,0.0015225066096974432,0.00024082829080000924,0.0020502252830225517,0.002927821907590396,0.001111301367228129
18,0.07685707348039707,0.0067165917293470915,0.17400293496221514,0.42300155959781377,0.13279602873689758,0.031129434647252093,0.0002866107004228178,0.0409629632641087,0.004231831043725929,0.012301547967534377,1.2494248293804314e-05,0.0006823751077716993,0.024683922284457805,0.0011421888510537957,0.00038881658722230355,0.0004539672803376322,0.0005563727385502032,0.00043860364751831845,0.00027379478209722227,0.00010554947369394061,0.04611715854314854,0.014921862792921011,0.007936317533218905
19,0.0024200231922924366,0.010039319364357483,0.020778516979314158,0.30092205649785253,0.0189885519196014,0.0030392498761516178,0.031964742867862043,0.00119497238133306,0.04381202865718338,0.2770958949900526,5.143657611221747e-05,0.00035878476907923857,0.033831368210431575,0.10059196147478557,0.00033639747011618247,0.02044696011750964,0.0005076493146641018,0.021189959334462622,0.0023843873191191573,1.1640368331266788e-05,0.09954747307371549,0.010020761463560915,0.0004658637821113502
20,0.06450214204075641,0.002311273064634401,0.28208595276996107,0.025922765461802624,0.000846306359866864,0.08024065719954519,0.061078960308649934,0.001520445847789074,0.14968955449536345,0.001322424387071913,1.164286654615434e-05,0.02954206863482846,0.13777622561876274,0.07923751629344701,0.00046175291372874935,0.0002971929521581332,0.00030288159817124985,0.08023463244673668,0.00022809916140844024,3.4843267466712195e-05,0.001216244639364049,0.0008561136736555837,0.00028030399828510186
21,0.006617667329000596,0.29670416286067697,0.0014315168190284515,0.06710191747317922,0.06445390782957862,0.1458340930078049,0.04836347663622454,0.018545615969132737,0.008286437191553296,0.00014085418159720794,4.138756853258173e-05,0.002664806876489734,0.0007428393835547936,0.02203217253462442,0.027852347404305602,0.15798497691457195,0.07192612359161009,0.0002372481630514026,0.0010679140247720129,0.00011152685046805304,0.006791774765276855,0.036940308575972594,0.014126924048993402
22,0.04249599637936422,0.15332947780992123,0.07966894430570094,0.026526977024551736,0.21191271489148777,0.06348622609362341,0.04118448457581555,0.13223420149164003,0.0009975341240640381,0.00012104236567356552,1.3366701349996641e-05,0.05687056674835373,0.00031715163564852513,0.0006117351565588929,0.06413917206183493,0.000963906055423034,0.0011448603585080836,0.06116972000544398,0.00028831335584432856,3.0506468172054332e-05,0.06079237463049925,0.000742312806549353,0.0009584149539713329
23,0.08787809925444726,0.028101123100331186,0.08380761134805073,0.06105448550141218,0.3787411151861049,0.16013980162636537,0.05426051552764927,0.03522091707642525,0.019664681033886803,0.008681475287906394,1.1643447235557943e-05,0.0004123619161679472,0.025302650655788878,0.007824606674863463,0.02628870921034106,0.000894285120518075,0.018984033614995646,0.00020964587900736638,0.00041750610997339465,3.997473768117564e-06,0.0006059065112744081,0.0012019611999585734,0.00029286724352814317
24,0.005565997079317071,0.001623823800974127,0.11964119861334603,0.1774997229018557,0.0016386740877246046,0.10576462002345167,0.08772720207800132,0.14866746718055762,0.20092288842331246,0.00039718467073826823,9.455176976304432e-06,0.01084829286824234,0.0003184047756169749,0.0005534423873815674,0.00030152060411175335,0.0002552376034088543,0.0005434991943263523,0.0007314493915300745,0.000385394351922698,8.853019370764902e-06,0.0027957636835044515,0.13341126082179228,0.0003886472625367074
25,0.026911689143541022,0.012975321313370827,0.013954748304103388,0.18695643413220472,0.019713624021019553,0.135255153979699,0.0007192911737640996,0.07891913100053848,0.10271830783359427,0.00040941498339856194,1.685824634580478e-05,0.11913814821551312,0.023233032578405886,0.006115026798695685,0.04277750978397215,0.0006858902792547017,0.030908171405074725,0.0010149662459260375,0.0005984946889535598,0.0002343618939002186,0.1929125891267455,0.0015134800336225448,0.002318354818356132
26,0.005340813951558247,0.04744762086052018,0.006224963976959194,0.005268541076058963,0.0011603567717674503,0.0024219937881652,0.0005970833777896658,0.0021177467776899573,0.0015658807598043158,0.0003661263978237079,2.8098174986586786e-05,0.0006091065812633365,0.058668415501327495,0.0006680807987200215,0.00974084635339444,0.5676587750851273,0.0014677205541170444,0.0007629964810052564,0.024356876055001808,4.45793641881869e-05,0.0006991678078437642,0.25035981383883577,0.012424395666052135
27,0.004718877827432931,0.12574094866734062,0.003690989012546888,0.10938361956116549,0.0005491269022983748,0.026534997963253995,0.049666430077013914,0.0013600992937203016,0.02331353399689642,0.00037875396715650577,3.394653406174785e-05,0.00023489544481368672,0.01132524027167781,0.038091870056144485,0.0006630971442831425,0.01948866529747562,0.002402219226253987,0.0016813523662878413,0.0012228535473887546,1.5183342744989285e-05,0.00047594359508270874,0.5787894552350697,0.00023790066989004362
28,0.061565357026101226,0.06697263128613992,0.3410113675585746,0.149169299324597,0.005557180512878208,0.00409661082791333,0.006117501408656786,0.0036570854428982754,0.0332759223829174,0.00020649032604529903,4.716052451505796e-06,0.029725969119805594,0.01735664520297445,0.01924154960047673,0.013582891463212546,0.0061278648341976764,0.03819145124890021,0.05484926241522507,0.04610767928738312,9.146372508828712e-06,0.018695443049446564,0.08362211382763723,0.0008558214290584534
29,0.0019725550105234527,0.09390353597238195,0.3089071879900732,0.1601196180172681,0.0006731694233792332,0.11828223519000167,0.06130638033107485,0.0628403704421058,0.027067206902257383,0.00010246971075667063,5.720103277832968e-06,0.0002471866808376199,0.035048640723061526,0.0002944040544373391,0.01757077175052524,0.00013823721570728082,0.0007484184197553449,0.00040077059534082124,0.0009275579781247594,3.494771712647533e-05,0.03732441154818191,0.0715025080709421,0.0005816961528595852
30,0.08101428806456346,0.05562954960467985,0.28454033611893215,0.2076264357649087,0.0034765976260765427,0.16704396271583893,0.0021652883487208482,0.0317385990460689,0.015929401709643694,0.00019969395568665175,2.5214822180792686e-05,0.0003660940743244026,0.024949978340524277,0.0006217932637319513,0.00032622667548996495,0.00024617004571852563,0.06370572101988856,0.00026588696076392903,0.009467959772301937,1.6773909810864617e-05,0.02857755607807765,0.021777752785937448,0.0002887192961300011
31,0.11717951487568443,0.09535663826355649,0.20941923343441904,0.12124058844141683,0.0013047426058246483,0.08939575755653688,0.0004610426108572836,0.04755502165243796,0.15369965753998313,9.124935194446468e-05,4.808946554772526e-05,0.000217478765945081,0.004670747304775088,0.0008019177218060262,0.001121371771827855,0.004243568698356734,0.0018928919536855002,0.0011371508105659704,0.0005150750638126354,3.7773944116565504e-05,0.1350178664675626,0.014251979817451145,0.00034064188188594023
32,0.05078130697832296,0.032412453272045214,0.20551971877523648,0.38629653964884575,0.06357798300413807,0.010445682507201137,0.0007619589410401188,0.0014880145866349177,0.01145338530227695,0.00015127968142663461,5.972147130650055e-06,0.07334884286977982,0.0005966221654966606,0.0007643406988745294,0.0003969619099338856,0.00016115379566516828,0.00028901624127409344,0.005422241572707552,0.00047066950257712554,0.0004736307740249221,0.15036622806912786,0.0025136569820136735,0.002302340574225826
33,0.10800904415365711,0.04763806393483981,0.04055178863291034,0.42523971376039793,0.008786853921985232,0.06224383852710561,0.024737787209040418,0.010939865921641301,0.048334323104471416,0.00011322226819005603,1.0693083297811854e-05,0.0003209340204778553,0.002533458771624278,0.0002483149035778865,0.0019112537184731142,0.0002651137147001109,0.05014374758671274,0.0009503284435544418,0.05465031220013861,0.0001150990239462636,0.000716712061802895,0.07926978580278728,0.032269745234667475
34,0.0019717587740411707,0.0020993127419003384,0.21560391820270716,0.2859528727697348,0.018676804093963342,0.24696275992489322,0.0003835546812320074,0.0015964360394817138,0.007039763565826741,0.12783247685918347,3.241647903815544e-05,0.0006662484374907382,0.03982620547968648,0.0004565898712656311,0.00048673084763565865,0.00043163005918629113,0.00036122487332476125,0.00783688835230987,0.0002077435233541846,9.14710735723431e-06,0.028621582137119635,0.012713906021821146,0.00023002915744637644
35,0.09582113896337519,0.002393114371761915,0.05324048626375783,0.29038481889375,0.0018277393666525233,0.15484888645943473,0.13222290869798892,0.09596083338580462,0.06517463610053177,0.0002445689379211449,1.3671238258645001e-05,0.00040112254836086395,0.0016259762376430655,0.00197817790077503,0.0472782772530178,0.0002666034155844363,0.00043151118712716964,0.0011091357741644964,0.004405730150539606,1.4932858156527485e-05,0.04970677295169274,0.0005340838100892294,0.00011487323361155341
36,0.001513013061425761,0.06271721820495922,0.0022286193121225763,0.011474465121677773,0.2841896033849465,0.058921124962021905,0.08746780963511429,0.07458165253209885,0.0765529919191874,0.00031656641276520093,9.452173418907029e-06,0.0029197718492537292,0.04761092699511249,0.16018931505901485,0.036811206076592023,0.029391303750854355,0.049282963891422386,0.012967006596778028,0.0002546920820293555,3.918479095582107e-06,0.00018448295660024308,0.00033250675072877384,7.938879277982248e-05
37,0.05970362996115814,0.14899822526090353,0.00576371947436104,0.1958931424630072,0.031987006443459386,0.25226200401560456,0.018618868679905188,0.06851909630358984,0.00483083822114848,0.0001558459941374339,8.86033980194756e-06,0.0003824598587341921,0.0035922799350635486,0.001470073432970824,0.00031269358932717534,0.05325211868691608,0.0003804882475849799,0.03691838167384215,0.0591057315224772,1.4036993395423432e-05,0.0554550115663505,0.002155092747861116,0.00022039458840021533
38,0.059855196765944425,0.034683905747432464,0.0035670288648785896,0.11430128090503074,0.2539808811169866,0.004296244365873732,0.149926489964985,0.011117631284750129,0.0027421773911524136,0.005224380804894126,2.6463742921104207e-05,0.03024873956962774,0.002537379693560828,0.12304369488057386,0.08140446230573718,0.037173921726949215,0.0029507008441334876,0.06960687549322439,0.004791956472023377,1.2179181102572022e-05,0.003958556457926447,0.0039032911307499284,0.0006465612895416997
39,0.0791924914200111,0.056428939456516114,0.003274747078200836,0.2445036728530106,0.11876458412682252,0.23737149702087662,0.0003012301605329485,0.02025343565987309,0.055992810573426775,0.00010777097728868766,6.3033858345056615e-06,0.0006926668233634162,0.00771768037648203,0.0005269041586683103,0.020690955887222917,0.00029837326816309687,0.05438801559440108,0.06585917487981337,0.00019673405616023356,6.814724080307043e-06,0.03278027733702597,0.0005026179068092963,0.00014230227541628604
40,0.012097205819141097,0.1611093459536764,0.06333726640649923,0.03378667735017214,0.24635157117824133,0.004521838836198565,0.07215432041536018,0.11029052821561251,0.0019602737394082913,0.00046592614631118563,2.345422046572718e-05,0.10545335184568046,0.004924284196034174,0.001405254874062368,0.000788850977715315,0.0026508764713988778,0.002480867710477249,0.027055922103110565,0.006596126132793475,6.92810036566931e-05,0.13141805861843517,0.0015713128991300808,0.00948740488641895
41,0.0068170235685900546,0.09295589469085384,0.013111291051849903,0.18809961378253018,0.05066219405941169,0.02564876256768224,0.0006016227618128501,0.011344875218100115,0.003400108115881196,0.0007370755913169095,2.2454997712303503e-05,0.47111899208522595,0.0005464400043849556,0.00056595665250158,0.0011316930834765443,0.0006933274746610847,0.0010984914258528188,0.0008471623730758188,0.0009268914778334475,6.013029071640752e-05,0.12726786714241728,0.0009844989979886317,0.0013576325861241667
42,0.12836385500993133,0.14377355041877524,0.2559671040183113,0.060646305987941095,0.02018348480399595,0.03537897140450936,0.000330794848445889,0.3081016070292296,0.001896523282256847,0.0001397512346413877,9.727363792922446e-06,0.0018181850529761093,0.007951349172911161,0.001352909421456523,0.0004199489307237278,0.0002838175623614901,0.0008546022257676443,0.0001865120686122529,0.00016699381427292005,7.808691917442594e-05,0.031087490791432554,0.0005799813146264088,0.00042844732385382314
43,0.0010404339906660745,0.0019379263197277779,0.06067715176915419,0.08035485325820005,0.03488413273264262,0.28179114957876394,0.06382356312204014,0.0022415109681181776,0.18180275282598968,0.00021042358588670295,0.00013812604216442118,0.02507845815422318,0.03465871993038126,0.00041539204172202324,0.0008252314615906453,0.028783942012425956,0.002333259228378174,0.0004056281059715169,0.05391019833422894,3.0205349036428787e-05,0.04885748948141713,0.09201723486702612,0.0037822168402448287
44,0.05707886339029312,0.012923168435099828,0.833904681208482,0.006879199372810676,0.0022122890409715323,0.0018426436040859429,0.00019352075304700708,0.001507593501634628,0.0008885406162394101,0.00024373066305297575,1.292688649094944e-05,0.017242287805787848,0.0012245081104505114,0.0002495935613642786,0.01641307878268125,0.00026287081571924346,0.0006459660746107232,0.016621629207522994,0.000250726029798194,1.728754165157682e-05,0.017566732080638376,0.0006108563776442273,0.01120730613992288
45,0.10767349414759911,0.09015096956392897,0.062117190740670944,0.2520388204411435,0.001419327488814918,0.04105209961214699,0.00026631145916525387,0.01139074021288789,0.003184452283076621,0.00306515821631656,3.0492508020157576e-06,0.0002770686898378703,0.026410383689201018,0.032782105522579,0.015940504537799948,0.014975554570958564,0.001382424969291707,0.030957446574754525,0.000172849923647334,1.0674181796997008e-05,0.19262524891404903,0.003003365129138402,0.10910075988039296
46,0.13074202498592805,0.11528408661930839,0.2607219673206465,0.1400009896039766,0.042475269472516,0.10448113864763393,0.009289840199607574,0.034606434862822465,0.03810342871070576,0.00022684721292956224,4.837803895861466e-06,0.002563226945198423,0.0005490323104335188,0.0006865919517420203,0.0018110361600897767,0.009573204907546212,0.00048493485465776986,0.06577720079450076,0.000208762886557386,7.86884578666377e-06,0.01185590241591922,0.0013312938260802644,0.029214078661517495
47,0.04772355956496812,0.05287970912811017,0.14741760602503762,0.3468492524932117,0.0007216157057169204,0.12365119196621879,0.0005870704769559243,0.001551577279117132,0.06416155289505915,0.0007843659652684649,1.0555048552195106e-05,0.00017577927719156211,0.06034504262561148,0.03458926640897815,0.0003452575873181737,0.008786875317790425,0.008534451028231119,0.005972800362972434,0.0005645136487402902,8.975492731157882e-06,0.0937402605124005,0.0003431551241905078,0.0002555660656280224
48,0.022547332731917554,0.15366632541746164,0.08056040630022078,0.4417757900524084,0.10465945359060977,0.08422623146379529,0.003148014589897683,0.0025091032539119322,0.007872457528965064,0.014401526969669247,5.5515187322242595e-06,0.00018349271208968848,0.015237340598028648,0.0005137958609703893,0.0010194166587815742,0.020655142446199946,0.000534394016542738,0.0002107405872094813,0.00041007020591188206,7.214514652810644e-06,0.0007228984800456877,0.01739683247533212,0.0277364680266454
49,0.03605557647073894,0.03316362019117104,0.19277756320310296,0.198845327305149,0.03930484810500467,0.228155335775137,0.00035823448335563506,0.12416971090872403,0.09446141415892133,0.00011982409511911613,2.3690640521038307e-05,0.017116798996101183,0.001806141359457184,0.0012576987953568323,0.0015160872411664468,0.00014269793757018957,0.004850295656929919,0.00023146610927223842,0.00015084057842505832,0.017159206651233903,0.0001818887791152651,0.0070534003219141495,0.0010983322365125984
50,0.02948178865764761,0.131469734088358,0.027416522630002774,0.1672779650163546,0.0006592586840678235,0.3411640682627717,0.13690820496626957,0.009924076600525198,0.06591086748513943,0.0004343089369072844,8.26674542936994e-06,0.008834585911849876,0.00908883307938161,0.0017713999979993332,0.0006700773054289002,0.0007912993698343257,0.04535399001356678,0.0002811641450573911,0.02087187453103745,2.187422117593103e-05,0.00039915760614159663,0.0005200313951675556,0.0007406503498859075
51,0.01766566021986393,0.032395342045790684,0.06469296432164869,0.2582332891891364,0.06083863105835605,0.1167682475801195,0.024908079022439373,0.0037296610935179672,0.026612478796809266,0.01559104015041415,1.3806549232861747e-05,0.08080678571095914,0.00046858170687532664,0.07132870449858623,0.0009280962093380419,0.001145252997668319,0.024397557352328705,0.0007964884477643937,0.00043153060225611825,0.0022341248062293646,0.009274903930965658,0.08519167372629136,0.10154709998340866
52,0.07056590820514079,0.06430805110834578,0.026271882357878345,0.0453002028129859,0.07281629473742059,0.2258834874404664,0.00016713705187862177,0.132655112807582,0.051625142180680275,0.00010816986825858172,1.3248815098908158e-05,0.0009337554404706662,0.00021811552247592492,0.00021706126448679615,0.06635722209280004,0.0002076093506506514,0.00030912035705288484,0.22829671629897608,0.00020165748696826465,0.0001200981934392024,0.0003133574242757054,0.012931660119577413,0.0001789890630903495
53,0.06254285284069008,0.05810906481910591,0.00294073225837975,0.047871337277438954,0.0019989835042361756,0.0739387966149464,0.02300683137005458,0.4549879674010295,0.16054900667945596,0.00011578649099498769,2.69485569964447e-05,0.0003397403649905639,0.0030733444839443,0.033089946804921194,0.0003375066552886088,0.00034484082454012017,0.000501735911004955,0.055324546556478095,0.00017965885100675527,0.00019695625083616532,0.019704641155914023,0.0005077029497025937,0.0003110713780439106
54,0.059340909585567723,0.006636466653915425,0.043968473642122585,0.022266684495287056,0.14972300843745784,0.06073812320849794,0.0034935512645661256,0.18686417439548134,0.05432327090865912,0.0008034550958870155,7.046003656096556e-06,0.0018724861860911059,0.048735565221071524,0.00037934806670399167,0.056794813526707254,0.034796112525524475,0.00045775988669760707,0.23098584662084246,0.0002918664990948071,1.0957885045720344e-05,0.03463132389788547,0.002616723934391317,0.00026203205884600716
55,0.0014469572900326858,0.11422826884026521,0.23851946090483733,0.03045626034827359,0.07368284762247743,0.08432822790009187,0.07121371075642689,0.029949227649908643,0.2358015640672573,0.0008395587303850644,1.0997415391367958e-05,0.0006546570060047752,0.0005093267405423394,0.01072905121472235,0.060008662036493784,0.0007989312398472738,0.0008427256377425122,0.0017212356870434339,0.015573728549376996,4.240227074444212e-05,0.02720395635599672,0.000968200018674976,0.00047004171746314215
56,0.011173102003513107,0.021900647251944065,0.050768266348957466,0.026949420254417652,0.32380232808047577,0.15342002203374522,0.0004377674212646523,0.11143574160933113,0.1914744388254407,0.00020278470446261776,8.80783194686972e-06,0.04088892219130372,0.00034272270311656524,0.038455775956908765,0.000301926695485676,0.00035048115109990026,0.00034151846030586815,0.026433398002820435,0.00015198031921364292,7.952479470638854e-06,0.00047173415893999573,0.0003903912816972051,0.00028987023413849794
57,0.09683954270143166,0.040725620440400685,0.08469163722413715,0.023286979710961487,0.35552314899259746,0.014743462836322283,0.001440591410870977,0.038618609907868064,0.03766275093635626,0.03848411216124451,1.5301114684025898e-05,0.0044624871968466815,0.0004934807927441391,0.06076942177621522,0.009109153514048035,0.020110120469822728,0.0003983911134957294,0.004861477475752239,0.0001366107028267597,7.418388594214003e-06,0.11377492595268243,0.013362313037570779,0.0404824421425266
58,0.0011176924438892752,0.002046703172905091,0.2581769446136122,0.09762243512141806,0.12360736274425542,0.20011684670417196,0.028457042665086568,0.035999280071215514,0.04329956711838377,0.0001430698526798576,8.059672356702205e-06,0.019197183782812165,0.0005550732030382481,0.058803393496188086,0.0096233838701272,0.00019262997751071017,0.0029646640738986477,0.06193600752434723,0.00028528437840527414,1.7196233709102627e-05,0.0039042085513169805,0.05151375697016832,0.0004122137585036733
59,0.05770162450640729,0.0019170860983416334,0.011977502505262956,0.5224277969156975,0.0006404123953243327,0.24481513923519566,0.0005211225066505876,0.004420628212558925,0.025441989066267753,0.00013864756986589537,5.620431060689834e-06,0.022012741685418905,0.010344107168682287,0.0019105212911317546,0.019562377895675206,0.00024121925268762615,0.0006152324056008905,0.0006873376335585893,0.001789995096858106,8.493142970077424e-06,0.0026975948761275843,0.06981929405801231,0.00030351605064355
60,0.1061138365131898,0.3380305541234577,0.12119869876004268,0.0774749391092459,0.0006197754248210821,0.005112888082879487,0.0009414399314394207,0.0028107812955823286,0.05358053994690442,0.00010778196022758229,7.689212703242086e-06,0.04670307013337809,0.000509311218182204,0.00022750865625039579,0.001349738113985748,0.028326236498600423,0.0016725058860072525,0.00022842033300769402,0.000889510788728212,8.674331789577655e-05,0.00023186965876848475,0.05279015340926183,0.16098600762544002
61,0.0011675844081737575,0.10320487532790189,0.45976521695495726,0.004352826461062917,0.011134692009966956,0.005278337759370475,0.001370802079931224,0.09188124109709037,0.013768303780049448,0.00029065104609492904,9.25474259788763e-06,0.029941688172149643,0.028980732821562407,0.0044297537113986585,0.0005494661773935651,0.04407938723923604,0.0015306567852841468,0.0030617169510567146,0.056835083169186756,0.00018045160087690334,0.07004417416039259,0.03135787634662992,0.036785227197635564
62,0.06994363187402729,0.15972856647061093,0.24579381237519413,0.16488256886340083,0.03645151906211734,0.029996041686397242,0.000313314619300542,0.011176238779632868,0.026997514780263725,6.279263688486496e-05,2.6511497887243242e-06,0.17491109365386703,0.01693145184211845,0.0006724147313396773,0.00026225886742537135,0.00667776361679015,0.0006796302842769873,0.03464230260463474,0.0001725977549580108,1.7935459728714563e-05,0.0005828881536457199,0.005221895711726336,0.013879115021870145
63,0.05382276526477353,0.062124149187081444,0.12948415987531375,0.1587341365311119,0.003966805856530851,0.006020460711056205,0.03437634266911954,0.0012358575769899874,0.029727930793134086,0.0002619740633569359,5.1241468232475444e-06,0.009901527609934978,0.0011805639736419229,0.00043561136350740205,0.0003035486212293275,0.138725130488526,0.06875131713289427,0.011464069518875047,0.17500438124228831,8.903623582124554e-06,0.0002471018928733316,0.11406912538299264,0.00014901247436314063
64,0.031786713072567,0.02388721758602543,0.06472686082401173,0.3761689515979791,0.004075813979464993,0.09730074843131237,0.0033240294364898734,0.11341605907106371,0.06690272396015615,0.00015461286796388958,5.4568951241674354e-06,0.00014285932718166586,0.0031520352648077288,0.03528082877275527,0.037664729725212245,0.015547624631405174,0.07957613783000955,0.0002623131828081362,0.03517205945942061,4.970428222214367e-06,0.008874646061680532,0.0024792188745847324,9.338871975394745e-05
65,0.023106377628432408,0.14434071018150882,0.28371788970718914,0.16022268596819692,0.04229381547999162,0.06043339786873721,0.025652549794532346,0.049455168155598764,0.0063458235629072985,0.0311790578092441,5.737919698443512e-06,0.043754171017129875,0.003326535017825436,0.011809595856260681,0.0005348177653251567,0.006415593899498763,0.039650420008434176,0.0008502781083761901,0.05689173858249871,7.165270075066749e-05,0.0006852227403763774,0.009080687330886308,0.00017607289660036862
66,0.0008855603649674784,0.060224487040567896,0.004319963790727012,0.36188121480575175,0.1578641584602714,0.3331568584628221,0.00021937587135244918,0.0009151395000777135,0.011854455967445646,0.00012747479454060302,8.821664184510909e-06,0.0007426360858068731,0.0052955353442921006,0.014099261668233895,0.0002506253865032486,0.014618761084946443,0.0312683667532047,0.00025797561133599845,0.0002092956752689769,1.2064119781947046e-05,0.0002542183473388031,0.0012834469658081196,0.00025030223477045686
67,0.015591975771760523,0.002180477909010847,0.2137599643993236,0.3131162417195716,0.001323920180799831,0.07600712944276408,0.003069283585592494,0.027882468873112836,0.23873581357872495,0.048114816989982635,5.279186704561251e-05,0.001396857037374707,0.0003515976909712051,0.0018056492436262707,0.000692499240368094,0.0003674227120792375,0.0003704837869171243,0.052180878769341854,0.0003687997450159431,2.832914406719047e-05,0.0012648397557608047,0.0010860472946388775,0.00025171126214970993
68,0.002971577135198716,0.038492750534547496,0.11164930731057729,0.23457807042149484,0.002913186242484901,0.43940233436348713,0.00017271762693542279,0.034662104796128586,0.0018769321288011908,0.0039358365810728616,8.240805779229838e-06,0.03076874669935017,0.000231735608291999,0.00020639976377513012,0.03327939933705641,0.004935856988504189,0.00022988636847411082,0.043759032937731576,0.00014613779715483976,2.0281679005999716e-05,0.015266905582498552,0.0003699465561751437,0.0001226127354742362
69,0.001932796093324752,0.0008293663450419797,0.2152875661439861,0.1022088311536322,0.029879913045593582,0.1193127593178417,0.05137319760594489,0.2030460711390947,0.10439698918796333,0.0005974219290540737,1.0290246318346831e-05,0.05785490180811078,0.00033362713012776693,0.031518353449125666,0.001934462835934174,0.0002510463585967868,0.00024528936869654204,0.06980229812459746,0.00024196035446329107,1.975678867567128e-05,0.007508673089096311,0.0012436388485700044,0.0001707896362096628
70,0.021227664837376644,0.030605964308813908,0.026371838732035663,0.13403455327041763,0.27404778545937347,0.14699490372661217,0.1114905339495096,0.005980717976541761,0.012829529318009177,0.10932127810924575,1.4570139676757698e-05,0.00018633731079716103,0.004232220705166675,0.038926260241430186,0.003791997547566922,0.00021990152996960658,0.02044689466466117,0.0014230061202633634,0.0031922713455702547,8.18412061089529e-06,0.004331272930451,0.048563082190448435,0.0017592314654517969
71,0.004470722643116379,0.0031168521197430963,0.02393526561102263,0.004736061888825872,0.06106675929733043,0.2818058370952528,0.2099544716433253,0.14212619858972458,0.16995467034621195,0.00015837007470858,7.1329991078597795e-06,0.00020819121362127295,0.0004003284029057707,0.004504581575346716,0.0003366875076473745,0.0007699706893799763,0.034370085474395295,0.03394708758315393,0.0014417571344837934,1.4615478260446135e-05,0.001743888437972348,0.020723498240050514,0.00020696595441328816
72,0.030974200847957243,0.018378505214797048,0.2755014181466975,0.007854514087422776,0.1778095904486123,0.15382685874884444,0.00035124191907706637,0.08897669203694647,0.03812110334415981,0.032094712492160435,4.182707942081183e-06,0.0068335537360658645,0.015465149270984215,0.0002888096128695937,0.00024098810017626356,0.03387070629624672,0.0015890635013408878,0.00028684826798445665,0.02005905105120606,7.3198979170280384e-06,0.09502724349471951,0.002290289331757883,0.00014795744411435452
73,0.01965400785053417,0.0014524447467686914,0.14013961415422574,0.034251494553753425,0.1631354225823085,0.12826024595577093,0.03744810633644309,0.1255172225778971,0.27308283607204586,0.0003293351253490641,8.259795377513048e-06,0.004782496695726282,0.00024170852036037562,0.00039738333399688095,0.0003550717351248284,0.0035227078787892644,0.00032339469388010996,0.04289905351111747,0.00020421186196595604,1.911954192558218e-05,0.023174099408442065,0.0006188616069423135,0.00018290146125475053
74,0.12678676232451613,0.02050949586014336,0.1776440768518363,0.006832344733090274,0.0013759644916226477,0.045142303472448866,0.00038067446056317555,0.2793373868697398,0.07926534828366683,0.11209378683934212,1.6869873976824272e-05,0.008191683675934744,0.0005358235704090655,0.0003355259678517902,0.0005025136953357802,0.0002483744773886892,0.0003197749952186444,0.0002586918986306317,0.025847517530361182,0.0001926830963035911,0.07839493054086921,0.007107900998429997,0.028679565492320536
75,0.022841084775596775,0.08452143233309047,0.09839266921792948,0.052305106947732646,0.005222815621825572,0.029427805268545104,0.000881259062971431,0.06991997913225616,0.06169343025073848,0.012886356706443138,7.28747089427578e-05,0.011336298363439497,0.03184794820821589,0.0012286923663655744,0.4807195302434495,0.0006354847059993452,0.004794119061050979,0.013248347091457805,0.005031158226663621,1.9345985661516428e-05,0.0003113273276505442,0.01249902377530436,0.00016391061866934738
76,0.0011938835926691472,0.0020302151331766,0.10102141384293399,0.1733036100393816,0.0053206691071229365,0.06356667104130073,0.05876072385811922,0.10083686773755998,0.09576982020847169,0.06773696640509315,2.388370169512396e-05,0.002639276880444618,0.01654145822392808,0.0019704339483003624,0.14838789476487016,0.00024860190045051215,0.0003676933825624259,0.07757316932855929,0.0002504927052263087,1.0060319446845836e-05,0.08140995390742177,0.0005942326559950614,0.0004420073152705479
77,0.001535760446355467,0.10736422185748953,0.0036862542386855318,0.038483148753920705,0.0009636957275994221,0.02522050373482661,0.23345921276156234,0.01695698260842026,0.11982847577241648,0.16697774434131524,3.003763375075432e-05,0.00015235062232379917,0.001054902699732713,0.001012434959978825,0.181122867420527,0.014559468497114366,0.0767337338691392,0.000436652257329629,0.001952885400349361,8.221333296372128e-06,0.0005475114000536525,0.006576549281616436,0.0013363843821964372
78,0.09224798435814623,0.04506545417671383,0.15228349913551165,0.04365912802019341,0.10117106849684025,0.05353483085587372,0.027179999745399246,0.023088546281212863,0.11043231335737635,0.0004627206722411356,1.5630818321613926e-05,0.007160830656646562,0.0057682873524742455,0.00367098962543265,0.09479436863798826,0.00023092343777722323,0.000471540349105706,0.21584107323093804,0.0006697524208110208,2.6543578990377442e-05,0.018132658220858546,0.003781958078339712,0.00030989849280734454
79,0.1705153683384407,0.014030288540792035,0.08982447528096772,0.05451586303604038,0.0011571157257723723,0.003800593306979839,0.0020398964167731197,0.024461820056270147,0.0009811397300936956,0.0002843856073028872,7.6623598973361e-06,0.24199841224055538,0.00047860745071633983,0.16892054210757243,0.0007772873628679098,0.00029587985836432995,0.0007474997530454712,0.17562489298061132,0.0002468852417305556,0.0002772523679846905,0.03620113088652043,0.0007692700433821215,0.012043731307318792
80,0.008261052603406387,0.01735694414207738,0.5612078326434177,0.09201385603279341,0.017960133485901208,0.008080126736293849,0.04620066912471726,0.005373393994567162,0.11683023728365531,0.0003774397359849484,5.2855179273333864e-05,0.021001194296648477,0.000866641791033183,0.0003113123534536738,0.00028847737678821406,0.00025316765177583485,0.00039580802032823274,0.03365218560363386,0.04220229501641685,8.146406713368926e-06,0.014758493374032714,0.012342154070511596,0.00020558307657629003
81,0.2996399771865093,0.03953219475115961,0.4765761056424351,0.020352918073329333,0.0009450864066128523,0.02905547265771099,0.09002319536212193,0.0013862106104404696,0.0027020071511625714,0.00019919845214430421,2.5140010707742696e-05,0.0003474232018569129,0.0008457943868904343,0.0006281315856989504,0.0012334799330411333,0.0002984833702112789,0.0007333171094348858,0.0002888562328658642,0.015195528475504455,1.5173208038288882e-05,0.00032508542534079814,0.00332481614183859,0.016326404624944
82,0.0011981316534458973,0.0012639320841057384,0.2653647337131833,0.5469874794607491,0.0046704629490435,0.0036403001195885153,0.0020066266754743102,0.025761631369444565,0.016736502932022817,0.00033547507907859004,8.418862507674589e-06,0.00032239228053092966,0.0010520160264343434,0.017099555760375973,0.0005113869708041664,0.00016044386997916683,0.00037032167276631744,0.0004080704559163931,0.00033623616994383647,1.3537291029447834e-05,0.04657345877232863,0.0649646482258295,0.00021423760541733585
83,0.009440047450409366,0.053682122527184115,0.1458730842262269,0.37173518143636414,0.0009344279919632871,0.09240847959089321,0.00043668765297593233,0.020415490758296753,0.015077063898444688,0.00024068500621103438,1.6457134283161415e-05,0.00025457246746439635,0.006822277888679088,0.0003427798861230806,0.04476462941112123,0.0006034243707549242,0.19332365459367554,0.02352736216303103,0.01411357199787748,1.3971412748698855e-05,0.0002747893156533958,0.005502045472813734,0.000197193346804628
84,0.3129874315162139,0.04422015941748283,0.009215192601263966,0.25943386937500434,0.003552391010185254,0.2579466856371971,0.0002987032590962192,0.0026232372600135923,0.07694462006398117,0.00018120505121481858,7.141156384330596e-05,0.0004689874660703687,0.00043216046541497794,0.0005486800853557432,0.0007967720323982456,0.00031884010616714314,0.024794018881161967,0.0003671352999852237,0.0007579844234569064,0.0002730004469290306,0.00032664931009639613,0.003135415088537289,0.00030544963893023577
85,0.03891090022252311,0.0024027669498444693,0.43611937174166193,0.0707805248943958,0.0925009733067003,0.24528575630575455,0.000787792046247465,0.0026970271876969013,0.0445689242419643,0.00022808437844593958,1.956000042096451e-05,0.00037601547302266883,0.033002204501542474,0.0005084551107802787,0.028896285656806135,0.0003255568734668141,0.0007835847938133788,0.000344621799203446,0.0003541327633608188,1.3810355105573901e-05,0.000329172944102639,0.00048730675921410306,0.0002771716939256969
86,0.13507451910025015,0.005805806417177621,0.01640774719617918,0.30046468195653464,0.000645312966909468,0.510151750538752,0.00021902096537032825,0.001447470243111912,0.0029589878588259923,0.00012948591665482996,6.375018324166289e-06,0.0033116031745190977,0.00025170214453231675,0.00043402119160339893,0.013180914570255683,0.0001723257170764361,0.0003011851976702843,0.0007199523097499818,0.0001998591538715549,7.280756040675522e-05,0.00043713347491295296,0.00042273801300251907,0.007184599314308786
87,0.3957844917309542,0.02981634930760031,0.02629268796619661,0.1021910229602875,0.062430429016555405,0.22992236347023087,0.0006586068514140742,0.001536972755435122,0.017648449288408505,0.10514679736048131,1.4978613069294557e-05,0.00023522256166811408,0.018804539824939105,0.000295412470151574,0.0007573075723510821,0.00018688758621008598,0.006265254400071473,0.00029723844734402924,0.0004265032459404564,1.7582173163454955e-05,0.0004609593143442967,0.0005400411078400413,0.0002699019753428434
88,0.03759060640406533,0.08848745508770399,0.10356662487386419,0.01483601855197929,0.5040434394027752,0.008553726668182937,0.09268095987180447,0.02409711694760954,0.001037068447029146,0.015352199740582086,1.0104471559516043e-05,0.00045475393909825333,0.020106988686581454,0.0007888162926071208,0.010523203868703451,0.012331397005615008,0.0008154639240665572,0.0002487529525574362,0.005402523338136283,3.1849950954354114e-05,0.022749557687796594,0.03601488657776299,0.0002764853089648522
89,0.041189265301797215,0.03103301717769471,0.014581402795825623,0.06756440388944755,0.008710345114128444,0.10488408553711655,0.003010169887315607,0.07254931931868405,0.07021432763041184,0.03919828624059484,7.4106294394986004e-06,0.010939812991381352,0.0009603197495702373,0.0003690552521669918,0.05563383558008461,0.02022090774111655,0.05209176126730759,0.320980955867218,0.02080072854297346,9.088418631675058e-06,0.0420207676644503,0.022582094448921546,0.0004486389537219682
90,0.03362217658585535,0.06176784019990009,0.037439808437677274,0.033042547875110066,0.005322333970380046,0.23216154328052196,0.01947020015750522,0.14477215193989226,0.054111130709807026,0.2007337923097631,2.7209569955549523e-05,0.005476475383486073,0.007963179405893722,0.009349794496893406,0.010180270718180439,0.0007098998740675948,0.001131290627708101,0.01857831732918523,0.0021452114800167184,1.0575720712649001e-05,0.013328788115745425,0.09698360350114657,0.011671858310596299
91,0.01371888785770398,0.035939217361130094,0.020087341848621702,0.051075161463602484,0.016847275810493147,0.11734742425674934,0.001373235106510432,0.10238208631782164,0.215188429140714,0.3514578182783207,0.00011491944639271927,0.0005244896489030908,0.022021964185899936,0.0029329378143563953,0.0002484712406220366,0.0006116812879343974,0.04589276847916526,0.00033752225010831344,0.000178019627687652,2.0253857906699793e-05,0.0006489365990952934,0.0009059640444503861,0.00014519407581033397
92,0.0026212084540145368,0.0019344794242615235,0.21969625088082603,0.0028601645603039973,0.0016407708334932225,0.006853609770227948,0.0004680579010478466,0.4066011825112506,0.24221438150210062,0.06338376343749462,0.0001663180089486843,0.000492660527794185,0.00047996082918839626,0.00041556175454997144,0.046875317673855804,0.00037481856884432957,0.0004922361398676035,0.0004241361718960223,0.0003659602725788166,1.5159972463345476e-05,0.0004937435865036491,0.0006415576936618345,0.0004886995248264032
93,0.003913343921793985,0.008030307276174466,0.05810422689484234,0.10215114275617142,0.002596507572771805,0.010303488965480518,0.02535334750207819,0.4172318386046788,0.011620205503525768,0.00017357107425407822,9.191902867699514e-06,0.003454548917111025,0.0005337027972422233,0.10937315551236684,0.01976699519415443,0.0005229239632694294,0.0025537185655901554,0.055909981690163514,0.0013442626588555488,5.176835470334762e-06,0.021984551160568095,0.12150607025956868,0.023557740471000687
94,0.15676036432819687,0.00296045181557034,0.004976395736781283,0.168259911138586,0.04705692345949609,0.10152244042064293,0.000386740013297277,0.37886163177787446,0.1114316681541703,0.00014058957549670204,1.1815313060844419e-05,0.00024220185727254418,0.007880252528346504,0.0003744314734888233,0.005292446035946814,0.00021246690817718867,0.00032253664459116934,0.0006241977834413646,0.00022334044012724892,1.0658197954903175e-05,0.007296817651195405,0.004902156717625623,0.0002495620286593242
95,0.010719280081441568,0.04302816352540657,0.03732583606857896,0.003926930167257952,0.0025076758549596734,0.013839430478354847,0.0684137423200213,0.28584556001176703,0.1876282445106181,0.0003452736519746019,1.6734680782228716e-05,0.0005936628355316107,0.00519100976761496,0.0006614131873232975,0.24350381582381114,0.021029874460273823,0.0009690723633920534,0.0004690297554703328,0.025382860140809888,9.282388301729844e-05,0.0006459344514172535,0.004788683418203845,0.04307494856197167
96,0.0736549061212346,0.0020624304115561503,0.01540027377609601,0.07956203791341344,0.002340736254482114,0.5879648247543436,0.0009662687339897038,0.004607485506487903,0.1285696115258401,0.002450040978988849,8.742618133197964e-05,0.0007048196221531859,0.060497556207029596,0.0011767929759080595,0.01028728546381209,0.0004937584789506871,0.0007079839319855423,0.0007016817143311314,0.0008983101321997393,3.8478903807260966e-05,0.024925091512062975,0.001118919054099634,0.0007832798458953829
97,0.01867619973334343,0.23849241495304516,0.032061762112260216,0.008846442261032464,0.0013467932374068195,0.0030770554097637737,0.001212673242673711,0.2767610442162175,0.00443122303617509,0.0002351525237034287,1.1844135853968888e-05,0.0013776022998769108,0.000688126237004348,0.12353311445727079,0.2676501906022065,0.013740101419813052,0.0019005293636991632,0.0004345438021135829,0.0011388406830479948,0.0005866502566066629,0.00030720964010967356,0.0031309442979581418,0.0003595420788177594
98,0.7175774397478382,0.05823192408750145,0.013606253815470419,0.005845099482233943,0.0034805745261171045,0.004067035120855881,0.032032884218744305,0.004513787357412771,0.0025406108180522522,0.0006441027106630442,6.10380556811432e-05,0.0014704639928425248,0.0021143549112157467,0.0009288091387909617,0.001048609517489387,0.004032867972989093,0.0019109864037584567,0.002852800978797411,0.07242994315830181,7.298710962282395e-05,0.0026700576014878985,0.0027378102561880107,0.06512955901794555
99,0.08154407802414747,0.01410758814749111,0.3792443771958312,0.009498787292635586,0.004682965886182218,0.00365711245517965,0.0007273391950334461,0.008534294698728096,0.0016190230463378455,0.0004986765125710032,1.569600063711687e-05,0.0012850751992700595,0.07481809560053158,0.2705210965684573,0.013189468764466816,0.0006672308130641817,0.0634402715779368,0.0010379224184451532,0.011133014934327327,0.0003448811172552487,0.02796157091437708,0.0022123920021874183,0.029259041634906266
100,0.08895577032310398,0.051952187605989256,0.4984011110855091,0.024881767675250906,0.05264026316318042,0.06101336958364845,0.00151078829879473,0.013019187484741212,0.06932845433441634,0.0058953787342462885,0.006013404843312239,0.02616062351371823,0.0012850219801552585,0.00043061141135493586,0.013519066805749946,0.02349218599699333,0.002701157884667487,0.03036073475073351,0.0011603783744041202,6.9462437593063215e-06,0.0006382504251039674,0.025913550485457664,0.0007197889957093423
101,0.04458434300714753,0.14237952580155228,0.09938532782147705,0.3040436344740585,0.0009875197222267412,0.0017714509718454166,0.0008130765664707038,0.004693498648638213,0.009375241994920095,0.0002360059854630569,9.855269859370945e-05,0.0009214028494101022,0.0029816538090738217,0.04220022068654247,0.0006891457269231622,0.00033579026893564956,0.08934751033826262,0.0010249059740530728,0.0007244974605437542,7.399373470308514e-06,0.22946505731981795,0.004272970884713107,0.019661267615860855
102,0.11674552073503733,0.14367387984328187,0.06948107487150063,0.13142392821583126,0.0006966135519340815,0.0027450118823294863,0.0005916930651288359,0.09528470595748617,0.000985578716415426,0.0002279231735661794,3.878085394305048e-05,0.09598886739990542,0.0006221194790262736,0.06476656477351596,0.05325678795510109,0.00022938141922416986,0.018576804050677492,0.08199211468091178,0.000519943234562661,0.00013795386896844807,0.017002643606033697,0.04105430597100105,0.06395780269461786
103,0.07029743899345137,0.07406358867537373,0.0367474250303309,0.5179623439787746,0.030209706331295813,0.020187297242635075,0.00020013618154340564,0.06104716304710638,0.015106966026150633,0.00015988724059609895,9.240211785611702e-06,0.0009395239908691443,0.00023419345857691318,0.10468294453478227,0.017391320893947116,0.00015576854067552435,0.015329341617864957,0.00042446729205731696,0.0008611608135925563,6.699985307832581e-06,0.007716990681841455,0.02617366645280942,9.272877863203397e-05
104,0.10962827991436223,0.20134017728249257,0.08984799652167601,0.10318634008765841,0.0008836707221387442,0.020031886908158037,0.00019579103902540512,0.026962901828885215,0.04363752790708222,0.0002983412830199975,2.920306913091717e-06,0.022533133319288714,0.05154058188993237,0.0004456011360006091,0.015263032076495538,0.036003699326450506,0.0022462341842173486,0.00045671265466813086,0.00036527120972983844,0.14997925404763668,0.056864608536139616,0.01084146940217215,0.05744456841585658
105,0.06055385847043127,0.02048740418432716,0.049312041478653014,0.5276889931889527,0.006165677544770557,0.2988273748332755,0.0006177259593411641,0.0009860534548113578,0.004408733498431568,0.011001582033737798,0.00015325049566460236,0.006780387736828992,0.00020202564098882703,0.0014540384108953227,0.00018346209326110764,0.00030118833904363857,0.007956062761136818,0.00021841941369466012,0.001168155428943893,0.00026157467612326375,0.0002430364164730676,0.0004905645536233159,0.0005383893865906021
106,0.025697352486656617,0.044015603597930796,0.01078602538317381,0.21357327130318965,0.0007697992282148218,0.49407655860392335,0.033384290809360576,0.015249491887513301,0.07801745606646358,0.030762841128355475,1.1572162784379841e-05,0.00013937435316889368,0.0008208214591347972,0.006099791312162416,0.01432939348256157,0.0002095186166003223,0.0127637368237701,0.0002597735602432915,0.00022064870132606967,9.832331775044612e-06,0.0182801674454798,0.000430167555752826,9.251170045851478e-05
107,0.028640632406363813,0.002395365211284901,0.07065866532799375,0.009472249295089925,0.18536231003905737,0.05440713977679676,0.055437087940890674,0.010255667066995898,0.1406830693534711,0.0008969498377530223,3.78647393089595e-05,0.10199464522953816,0.0010707495336898306,0.17719253536007956,0.0019086612117964164,0.0003384576511628475,0.0011908732270433482,0.004219173333651762,0.030308637148736717,4.11907712120141e-05,0.12228768065528722,0.0008872088618164629,0.00031318602097947886
108,0.001097254376791346,0.2529494444299096,0.003734268499600389,0.08607300439626481,0.15758826903617743,0.19435466294099968,0.033529081357845124,0.04222776525049347,0.08154133863218174,0.00014851587732164743,3.1856666789353767e-06,0.0016496251641902457,0.0020095134990763524,0.005496646184254498,0.042184015146508894,0.0036729132570140106,0.0036966802544459937,0.0189767146216896,0.0001531621803831025,5.7842678190103915e-05,0.0406086231517244,0.0009157256092368642,0.02733174778902179
109,0.08039911369523314,0.004415963682962019,0.015382598865591532,0.019180233065881094,0.010381549930154695,0.3234047422551357,0.0009090162084781733,0.0021936726152945473,0.011274817594391901,0.0003070193386006882,1.9157055255079317e-05,0.0006434926717476023,0.024961697170999324,0.011937917034242613,0.0008184179633928176,0.00047036243132948574,0.0004218617233270524,0.3209971261120085,0.00031958601999417034,1.4146923906989442e-05,0.14035906254368546,0.030786553942897785,0.00040189115548959514
110,0.006878830794443138,0.026852115053621402,0.010178981396721788,0.10778837127079817,0.3401338805584427,0.15297739092591253,0.10915680015917771,0.1775138027111647,0.013196334133394074,6.800485306531834e-05,2.0857648304993945e-05,0.00018494149960427604,0.0247230438983541,0.0016551880994177097,0.0002686617341543721,0.00020979145662836538,0.0004917862439029303,0.000873531028986747,0.010080435439998443,5.790961318882711e-06,0.0015234308114646846,0.015107603856910467,0.00011042546421249692
111,0.06714539878749491,0.08704577476776225,0.003052934584787903,0.06177524751239974,0.054772268630967055,0.08823385486244271,0.034296512105679376,0.45624494957496203,0.024774013115584286,0.00037739959060987757,8.623579808202998e-06,0.00018930922858778696,0.011662542832857396,0.08269107832919673,0.0013093966579597516,0.0017264458004850308,0.018071522086317446,0.00017205394942925166,0.000769807707468734,5.879439767789658e-05,0.00030782471827232036,0.004719459237005309,0.000594787942244022
112,0.07490545019447946,0.06716327342704306,0.007917239491842351,0.008409063932642673,0.0009590117061557096,0.20476609814647073,0.0004919492903928534,0.23727720659536003,0.07430871612025634,0.058765354742902495,1.540438792278519e-05,0.006523426932620103,0.08507321375555119,0.031080885350652305,0.011218956225905055,0.00045401596551481756,0.0005114539499205557,0.06183947378551286,0.040747100180572274,2.1322770667687364e-05,0.0031395520957583803,0.024197435612122026,0.0002143953397342504
113,0.026087458545369525,0.08195326410750903,0.017076973732440298,0.09592786206506197,0.0010008662003460592,0.3316538678894469,0.010657860119561248,0.1259012101143059,0.1503613309653059,0.11661243706094239,2.5144769980081923e-05,0.0004968442558158012,0.003953693613001882,0.0017946413346050564,0.0008232519617040593,0.0006274649284323528,0.0016011739767315296,0.013792106967702234,0.0006284261185003817,3.837353660645039e-05,0.0006907425452160118,0.0006738569051994047,0.017621148286215506
114,0.019601051168541078,0.0008651021611942598,0.0052456288511195295,0.08320777673919612,0.20199517647030696,0.2586163754854958,0.0003105758191126154,0.12428225970266438,0.2670425714558974,0.0002902365641246586,1.2030211589731598e-05,0.00042324622033371417,0.001242581236219263,0.00045605087490099876,0.000358025693070229,0.01802433897159536,0.003267778383534833,0.0004882364439321094,0.0003165163505308102,1.5091844053125507e-05,0.0003023514932481386,0.0011069256044762483,0.012530072254862657
115,0.04144608115702851,0.47711508997631086,0.004648192680979356,0.009302270535290515,0.001378972180198533,0.18722292610216096,0.00039588064580006716,0.005468541090003621,0.06574722578245812,0.00020038657166498018,9.560906926648095e-06,0.00036292975142307736,0.0006348666873713805,0.005861415519386014,0.000973856543234216,0.00445152089785898,0.08580548538144803,0.0005850838625948757,0.04132426668263381,1.6600792731486557e-05,0.0275252303887099,0.03932131466726211,0.00020230119652396708
116,0.12886384170663476,0.0519766813113224,0.13059854997729892,0.05953895828478086,0.0010463017783739915,0.28024988615630525,0.0003676522450152321,0.023968198722245284,0.19949475190383914,0.0004835600046302817,4.855567295951115e-06,0.00020229827617074944,0.0006976931587055921,0.00031540434220519764,0.00022420779444002026,0.004991209017581515,0.0003035302455850252,0.0303142923957986,0.0002310361371090303,8.805899607456978e-06,0.07266988951649972,0.013324640151018674,0.000123755407536109
117,0.08908949008277954,0.03481116424446954,0.05748455430572029,0.23499022647435971,0.028447120701356365,0.016443293800527014,0.0007968589443458019,0.0518887855928042,0.03682928236996813,0.0001393613565465129,2.0037297676037985e-05,0.03323540998419152,0.046850061794775855,0.003164806414547324,0.016159048836834757,0.05945972832016904,0.0034584020513155653,0.014824612854010641,0.04299323669185489,0.0004210223622457716,0.16138833984734774,0.05335151878698386,0.013753636885170029
118,0.012676251024080485,0.009902365533221087,0.022115917899267774,0.014388689505657328,0.007103888130869824,0.2789540864341361,0.0019368449771913214,0.006189111890966204,0.17176654005523925,0.0010647454758834728,0.00022715273352298646,0.00844952636627912,0.2843724156309317,0.002126307417989295,0.002489698618555612,0.0012497930291554041,0.0018672286640061425,0.006519092017423826,0.001910050084123129,0.008523706776319607,0.003687147634976963,0.005372121314526327,0.14710731878567684
119,0.1930808884036932,0.06324813893409291,0.43109596698076247,0.04542231205546596,0.000595471717705511,0.0037249647148921753,0.0021206998738779732,0.0014076880130322828,0.0011390738475139273,0.004512367982188239,7.975224713929313e-06,0.0006372886836657914,0.0008367721879067894,0.0032728163392760344,0.0003131461814039752,0.0010210339375857026,0.0003652531541220483,0.0007355488869216224,0.07593670810410248,0.00010489971696982926,0.09084430646924044,0.07916526380882784,0.00041141478203887027
120,0.09849805604109074,0.08676989172900537,0.49050469063238483,0.04050427163067774,0.012023418623627357,0.15906061567400775,0.00020073679944116482,0.01849554308579865,0.020498615688875087,0.0001538748845090017,4.734418331909285e-06,0.00018282366245766274,0.002124703900467129,0.0007237662564770681,0.030115594071238042,0.016577316543040094,0.0009586150286710595,0.00782224203819898,0.011523284214383228,1.7783672441886054e-05,0.000188885865106002,0.0013886925179683906,0.0016618430218010847
121,0.019571658566864734,0.06882058589301836,0.4575314900249606,0.06841536381984904,0.0006756489582672753,0.09806015339302965,0.00016028808501246988,0.0024568331903245606,0.005511795240422267,0.016721304104982262,1.4959830821577085e-05,0.0007193489209751264,0.00017320127159656845,0.043316970326895694,0.00853831846626514,0.00013807284729746384,0.0007737074075766652,0.20281290060214605,0.003961752118359831,1.390703586715556e-05,0.000998298578985831,0.00048317415273886686,0.00013026716374284536
122,0.07060726759668545,0.3514415243146458,0.017658591019214062,0.16173193998067892,0.0025490124712020295,0.16124211867721677,0.00016625458435942525,0.007117983891437203,0.004869721830317807,7.69233309829323e-05,8.305668813601424e-06,0.031044741537072477,0.003711066283854304,0.006853699583165158,0.0003573525557269982,0.010131468588684175,0.0009802060923342583,0.039623873624718815,0.0002588413518227809,8.548542146566918e-06,0.11316742447768954,0.01623843673879083,0.00015469725843988264
123,0.0007070256550393385,0.0018935641551171935,0.009214850612673029,0.48609014417742064,0.0018592131602526902,0.02623167842478897,0.00021082033366129355,0.006296694857945284,0.022081590650749227,0.00010315223599736918,8.889997746867952e-06,0.013751937236659134,0.000630527507018067,0.020957718393019693,0.0002652031653492532,0.00021448985940036578,0.059940316761085036,0.050700433815511405,0.00018908135367748009,0.0013480142995741273,0.16977769946857518,0.002125120429103364,0.12540183344963501
124,0.00485221229771464,0.046566245925006224,0.2534953981573126,0.29597633628160724,0.05788138065013167,0.07180844398254638,0.0002376258456530719,0.0036777452685089105,0.004413600160507404,0.00011356257838950476,7.594143574962145e-06,0.0002374809107468683,0.012495382979055239,0.01646662565511473,0.038031937647551126,0.0010975325497681167,0.14136077216036994,0.0005592375055033385,0.0009031378530339613,6.43917614890266e-06,0.02406076483794118,0.025584582250956986,0.00016596118285681254
125,0.01674218158992878,0.03252394998768223,0.0032947546069523833,0.356252303156862,0.0460032594593056,0.17971904022329088,0.27311202708862226,0.0025877958235600634,0.002467111429229122,0.00030917259506534864,1.1154807467963194e-05,0.034066588357812594,0.021560771461820883,0.011630337442160034,0.0006126476670936456,0.00017563632706302706,0.001778440588710025,0.006655094669436225,0.00025235175149325353,2.9175091833301554e-05,0.00037302890262913546,0.00959335678592923,0.00024982018605200837
126,0.0016839795488545262,0.0017352903356629857,0.005152411896048426,0.052716972275592,0.0016991885469415616,0.19566654911633552,0.000705380217476573,0.2536829632998673,0.3822357722846854,0.0008323323621795538,6.972378828511693e-05,0.00047000525988984956,0.00040401890559449313,0.0005264673428016568,0.001162629253392303,0.02952938878118666,0.011120977508664077,0.0007673381117723793,0.00103257153806854,2.298326854850783e-05,0.0014353657884543106,0.056784623957334086,0.0005630666123641867
127,0.0016746978727365136,0.010157837634869792,0.13012009887252493,0.08157455106972565,0.1324435316949846,0.2849726533745382,0.1570365042500987,0.1799127668078564,0.0025685337138546408,0.01620956039700577,2.7341971551845056e-05,0.000167269702660297,0.0005037533324523678,0.000311782710721533,0.0002837574212703439,0.00016059197418658225,0.00020967471859187085,0.00020586897696571666,0.0003416230074737704,4.908541576827369e-06,0.0002954202868383276,0.0006965972686887703,0.00012067439882656748
128,0.020079943517384843,0.22990108817277594,0.1276411802683934,0.004693839650464915,0.10916366236411192,0.002914012172807307,0.11377499789799077,0.07098198743882059,0.30290235594028997,0.0001433520697627681,1.8471878970727054e-05,0.0005126543204577816,0.0016041376477810472,0.001708806795531969,0.00031977980876467455,0.0009431226345448749,0.00047922809795220185,0.00024681217306685095,0.010769059620756444,6.651536627879201e-06,0.00043435734857690813,0.0005191807617447614,0.00024131788242149848
129,0.03360035546538678,0.23482955039512166,0.028678480775388253,0.1009169050357084,0.0013248467951688342,0.02310301247434887,0.0005980945061202635,0.0027098007452945098,0.13958044935518107,0.00023417241885871574,2.5506923873987244e-05,0.0005493973146050661,0.005318064839047409,0.0006300280248439908,0.0006168896604109836,0.0009003865178714328,0.17476188004126836,0.0005698912526783974,0.10019663381470771,3.4163388198412615e-05,0.01867336738074431,0.13176208725081315,0.00038603562435961925
130,0.01152517096958748,0.018859110643336802,0.012702955291385697,0.008900354292702476,0.04397720051205895,0.09983816641902664,0.049239404076453004,0.16341045325109033,0.28978078481938474,0.0003961272489759364,3.2318542740061265e-05,0.005566307425878892,0.0010692148921706921,0.017117689272178115,0.0015168834479069966,0.00012937595354893663,0.00030036248238735953,0.007439138968681141,0.00044509015762153197,6.335116997885966e-06,0.12570450517944132,0.14127659095042097,0.0007664600860240701
131,0.09340699167512051,0.02320415180760205,0.04580117778704387,0.1808581883686012,0.33585841856312615,0.09617669605369392,0.0008099459268705453,0.08890176135306814,0.01125170896356633,0.0024474114520769887,3.403892099853607e-05,0.026301258679039766,0.015413193206001914,0.014594336098371163,0.0005642852527642715,0.00025397274075569624,0.00347879618285812,0.0003100072148367706,0.0002783475544488695,1.979396221472943e-05,0.02363311019077394,0.0004115520066293335,0.03599085603953717
132,0.02977699570263599,0.019707365594539956,0.11114839630386107,0.0024821652161601277,0.004246037592518815,0.004353574906507911,0.003923342203079243,0.25937391546598265,0.09678631804471406,0.04521968921748261,4.97592702681893e-06,0.008380108264180673,0.0012463673138807627,0.07794406470152046,0.0002548181743261043,0.0536531067639622,0.00041656776160357373,0.05142208198161797,0.0005077829098735875,9.90209519518795e-05,0.0024342679840058208,0.0021861069905650004,0.2244329300280025
133,0.010439863979012682,0.001753385470196309,0.020004254628354073,0.008001387024479886,0.024464166390568257,0.04163611372476406,0.002502681929975889,0.3741867149466429,0.4558950337563363,0.0016730156042453284,0.00011605674744867607,0.0003788431113233466,0.0016160381967206493,0.0034524528312889413,0.025983767082025724,0.0002141041960217169,0.021307524317808826,0.00014875895715117405,0.0003623840648798686,7.0260925090518174e-06,0.001784560879978937,0.0039703174286622395,0.00010154863960528674
134,0.000823733354471838,0.005284054591922847,0.14034210913428752,0.10468969168727228,0.0006941871591667549,0.10414506517563038,0.0037814149062608145,0.5619739107787184,0.017004827668866546,0.0013019603338774131,4.645419133966662e-06,0.0001833220226853005,0.0012686413863382247,0.00023184825613097303,0.0002593793734553167,0.003082903058793678,0.009495996262371194,0.00024661409792657276,0.0001989289995984596,3.1774698093376736e-05,0.008538162313192958,0.000452227192336866,0.0359646021294683
135,0.15629828378030544,0.019006018965738235,0.06003963650770933,0.017063937147967487,0.0009223097279215742,0.008510289756952127,0.00014523993182269897,0.21080751011063048,0.2216965599559693,0.00042451721290190966,1.1316519384071895e-05,0.00021597390951742684,0.000217210082495542,0.022274451969045414,0.0002706263262923807,0.0008860858568388598,0.18267249656913165,0.00018076329602562,0.0006793480051375745,2.9930673507548773e-05,0.0014793959707945492,0.09603177206282378,0.00013632566108712742
136,0.01662742338740081,0.15572466080625808,0.26130317304320405,0.02868920264898239,0.0009398642477232154,0.09210770931633185,0.00035331416102594103,0.15601713343860713,0.11357704862888784,0.00011951651417623167,6.1301259894865934e-06,0.0012959704417725476,0.043407191216079326,0.030362832182894466,0.00028414564823991343,0.0005783914949150974,0.00032067320952617527,0.06671758137759813,0.00019047433460068287,2.8735685834951725e-05,0.00026666908525049333,0.0005627545324876361,0.03051940447221352
137,0.026838655905167458,0.14043542007223694,0.2726725350203203,0.11308650499555183,0.07214580207404198,0.20833827689531242,0.0005074936531539702,0.002415130701079254,0.06448461207212822,0.0002781211297360573,1.2518974493143345e-05,0.0329588994385327,0.01404557932046599,0.0006245275390463931,0.000340889679499683,0.03119597297282068,0.000626523421357958,0.011648936494627882,0.0014727792630899641,3.5248148068684116e-05,0.00041887803338601246,0.0010562455710830551,0.00436044862479958
138,0.025243366933652686,0.0021261626851521603,0.0046183701166842795,0.0031681659103559258,0.0009290453463060141,0.001977802010870821,0.17864586474839414,0.002600357723030471,0.001624552141812432,0.00029261517148794063,3.3975620105724256e-05,0.023953488351229235,0.0021309387605946014,0.000691097920242943,0.37644147375505776,0.0007516321967893713,0.0015731384893330127,0.0006006004408034307,0.0005731573554296871,0.0006705267761637955,0.000629423765722534,0.29448561224979175,0.07623863153098907
139,0.06829810747539912,0.05606673241657501,0.03254574949837558,0.09120916936282847,0.0007468694030631523,0.001595849529371325,0.23333296556385597,0.001768979997698359,0.05069201634908016,9.915869818918773e-05,1.730094547699277e-05,0.0003080027779556299,0.00046841157923526263,0.001092300148929503,0.0002891708820973469,0.00018594076383306293,0.000558197153974188,0.019081547982693327,0.0002606962011065839,1.3360219698143562e-05,0.44068316969320753,0.0005150097816020074,0.00017129357575420187
140,0.009005094173872371,0.019398428457115657,0.42367929535293225,0.1223263087856488,0.012033861861332358,0.10269923203994262,0.041142885684206924,0.09987190959674926,0.06346108394297413,0.00011720398959913763,1.128236440146761e-05,0.0014570501699625027,0.004848793720780934,0.022427114018387376,0.004772418378738337,0.00010894097894837382,0.00613803306175505,0.030150383619117895,0.0001427878028981981,1.4575472772958333e-05,0.03162343904989457,0.0014611867238614985,0.0031086907541070835
141,0.028758848564538034,0.03238697442358014,0.4767783507691902,0.25078332617181454,0.008924662320141183,0.01092674220344337,0.04232559578259891,0.001218527574718604,0.10222738025783985,0.00016789138552193838,0.00018249435973121582,0.0007985245339425646,0.0009419244525702148,0.005100723884433133,0.0012401913808861153,0.00033749205134940194,0.000567773900342544,0.0003903698684190532,0.0002264992026284282,0.00046349997348647657,0.027832267212824273,0.007191205285186708,0.00022873444081330938
142,0.0282527893463601,0.030055556918002758,0.41717847478295805,0.1758188552514676,0.001341169938992722,0.0038695513619249264,0.00023965233433237055,0.0007977742693268642,0.01291327268776567,0.00013900355245219866,7.541797820391359e-06,0.03102644528961773,0.047946364719766196,0.00034654196080288486,0.055951748764637634,0.0005558046244335835,0.01917605304355467,0.0005443967444187054,0.04995082347780692,1.136237431534147e-05,0.0003640679640817199,0.11889479686814317,0.0046179519270177875
143,0.0022849262546393665,0.09899859738171132,0.3541562560526111,0.25340223948606927,0.0005292791261393574,0.02168366607803173,0.0004120329081139994,0.0012018111817345314,0.006317278169193847,0.037662105269554574,8.883856622595006e-06,0.06817401489802208,0.035004515328682845,0.03850067093494412,0.0004735729097655021,0.00021253581837031175,0.0005286929445869074,0.049733315963813834,0.026504783666687473,1.513229930725262e-05,0.0014819699342748759,0.0004792327333052113,0.0022344868038179223
144,0.06424836980154841,0.0260299828162517,0.026066193303226088,0.668891255371174,0.0007028715151119702,0.029713388554332806,0.0002351529444615427,0.0010006945483382263,0.002621630801041543,0.0001616393486705628,6.504490178079566e-06,0.0003780461504568617,0.0002675927693658875,0.1553590651204422,0.00035694739343575504,0.0005801657168711729,0.0007948478235322646,0.020667044625147016,0.0005142063202209892,1.8770150730513898e-05,0.0004185481467464482,0.0006908072841200432,0.00027627500459592605
145,0.001045235675031049,0.0027998235723523507,0.12289503901311237,0.42641138177079063,0.015081077348148557,0.1300768742010509,0.027874759965392286,0.04284740172451991,0.05213308075571061,0.0002222489391015926,0.00011407427947313926,0.00044782375757997567,0.019069448738075388,0.00047917453417595257,0.024189732646905854,0.0006390883249402808,0.04332543597380871,0.000426914776305596,0.017340746112849352,1.1333608707477543e-05,0.034295454480066566,0.014669879783156306,0.02360397001874528
146,0.003096929895805143,0.05279162039388695,0.3948992205110746,0.03461822627686272,0.3242288157413978,0.0029332510149593346,0.0013638586074856953,0.08792465309901779,0.0026792247840219546,0.00027396379617479575,4.155438415975619e-05,0.0005875808290348505,0.00824483281477859,0.0011159808548325254,0.0010335492925380569,0.0004439778088710387,0.012599791259060649,0.0009171510903200354,0.005709972324420516,0.00013983668736469948,0.005546299003659919,0.04088739440158311,0.017922315128689484
147,0.023917828221808164,0.003509450499016896,0.31297783434524445,0.005792717126386018,0.029054214462813203,0.194160856330502,0.0010187027950926692,0.12133631460261346,0.0026267936076640338,0.0005192365072735748,0.047560037628566997,0.11187852616616967,0.06185479623944551,0.001238453765445262,0.0009145076698942855,0.0007044845830724297,0.0015184101635495227,0.0011164743399211792,0.034503504903743376,6.229321174836969e-05,0.001341864402928191,0.04166113794575457,0.0007315604813463779
148,0.005733130426657708,0.41456570313739194,0.03537037634849396,0.09261418751994298,0.05948872610358275,0.10390281614556589,0.051803041543838454,0.039113559547098796,0.0015505845820034023,0.022644402357886517,0.000865161710393332,0.0002648179373433898,0.0004640633113130828,0.03253022145603388,0.0010035400236520834,0.0008663141160870104,0.07185939375371617,0.0003396695418680554,0.0235150206775837,9.347074323393643e-06,0.00035976230402323336,0.04082659025866304,0.0003095701225373964
149,0.04015722184629486,0.005693231886863927,0.10452817932942013,0.014840976602722631,0.0007891470377705284,0.22453852597696425,0.00034076908284662967,0.05684488321492092,0.2447404338770228,0.040336846489593944,1.146851263287804e-05,0.000557624996831601,0.0004597154415664721,0.04379575059325121,0.16539109553311457,0.00019185676969908804,0.000725209537901851,0.012695623854936009,0.041816346321169005,1.0217524568354151e-05,0.0004972923543036455,0.0008455517932114878,0.0001920314223931994
150,0.035949255583296126,0.011492980828034183,0.06271543680088386,0.05698158161273084,0.2669983803915565,0.01934984735419417,0.0767392837280634,0.389578830796589,0.006186781241969387,8.766820520212149e-05,1.3563030416967388e-05,0.0001965064483304492,0.00028444788746649814,0.002521241540882426,0.03404366040649783,0.0002488741354877645,0.0002537801601291868,0.021737322522314237,0.0002957259109901328,5.434690827984847e-06,0.00018926691091032552,0.013916536320252682,0.00021359349297394502
151,0.06238437734867995,0.0014150022721554079,0.07099699515704701,0.0036947713109900648,0.2013259194474537,0.13898574412450992,0.018951863882557773,0.12139749627451563,0.13692608896578143,0.00017395694272429344,6.440329864554343e-05,0.001412126425664824,0.01807232354376807,0.0005040491906891466,0.025422278515058266,0.008656259700108157,0.0003363972685470338,0.00905030111377615,0.002863267882511766,4.119956033730416e-05,0.15434137622998687,0.022590590061212033,0.00039321148327964116
152,0.005819687290947566,0.058785898306677256,0.06000988235174652,0.09563545796417063,0.009385997365922986,0.11424203482721289,0.000709621948288128,0.3264230466543299,0.08030874541701268,0.0007891986383828146,5.163915994719101e-05,0.003503557556353248,0.06027760665329928,0.06568753359690103,0.03956426346135445,0.0038573437267448015,0.014334791940502016,0.0381905094300196,0.0025599140492686147,0.00017368951647680017,0.006159994238791033,0.000711027070029876,0.012818558835620848
153,0.0012923296217804497,0.08380123634214955,0.033367131502193864,0.06970208692208403,0.07801583693616464,0.12850633913626924,0.1433170749874136,0.009302839408542086,0.37686502107849323,0.002775453018478599,1.382023868522413e-05,0.00021737714097053485,0.0018197202261771206,0.007515938300378565,0.013304536636833245,0.00021217886482360313,0.00040045814151351507,0.0004172591702634229,0.00033748248746480106,2.2757528152350263e-05,0.006530358153535174,0.017678229377741984,0.0245845347798912
154,0.0024116972716319426,0.03578836632565668,0.010009007237662902,0.0340827855609666,0.0010527868702375107,0.021499074492419733,0.023262593929159157,0.41662293121621885,0.21025817811301956,0.0002610972974222756,0.0001534080398434511,0.0026207589238109123,0.03535763228979626,0.0774624696922528,0.03053544189207444,0.0005807553806706666,0.0010358074266804884,0.0468848737191587,0.000994535451889788,9.905937989461596e-06,0.025029827597856737,0.02383078075824916,0.0002552845753319286
155,0.047856404838609146,0.11727878342239106,0.17194060193016034,0.06792076274668087,0.03086627744559506,0.037780140996265116,0.0011348448463946192,0.31907812093259946,0.029987121235917298,0.00024508238893372527,0.00461200324897317,0.002317149126370166,0.027347093428497393,0.0002503861534944764,0.03202724839682882,0.030488923299387412,0.02697750310671737,0.00021199230618593534,0.00046249730990514996,5.500792294230546e-06,0.030909679580805684,0.020135260194724166,0.0001666222722693306
156,0.1235574852875144,0.11238999196348118,0.0053926942563081596,0.008371407276526147,0.12044465997246125,0.03152523493489381,0.01678147934453462,0.08534142996543329,0.10994815217401728,0.00014836413256972736,1.6678272148474612e-05,0.00017104902435179835,0.0005099034988168885,0.054082659432738434,0.017836187542385182,0.00035701849239572875,0.17276589765518796,0.0002115637979953915,0.13885957401867405,8.379508005310678e-06,0.00018632836519795736,0.0009692252543294067,0.00012463583003358294
157,0.07977994073041611,0.05411008191319226,0.033264204703196805,0.0032636185456696625,0.015015097851873323,0.29177306238936784,0.00020013644607792485,0.10930860752019347,0.029605202492406144,0.007778915878524796,3.0680272007747954e-05,9.886864770725433e-05,0.07524348906044634,0.0015547897677966368,0.23949945830741756,0.00155483443048064,0.011336593990096828,0.0002606909300473448,0.00507555751880167,2.8623318430293193e-06,0.02805160193813243,0.012941361256069888,0.00025034307823451325
158,0.12153883022978054,0.006171567099531104,0.01910442144330038,0.062249585253856675,0.0060307095509526286,0.01009495628525843,0.0027033508046443106,0.23205963382325853,0.007646750677578684,0.001323105767060181,0.0002519396890493655,0.2452084003506127,0.0030748444074712405,0.004447205034325336,0.0021138432372809356,0.0012606763262516974,0.0023832193500027063,0.0025037750245223114,0.0017190010051738962,0.0004913883544190339,0.002105913436715941,0.006336517292936794,0.2591803655560166
159,0.27042235100766676,0.09557368068161891,0.014432454144660328,0.05205400731699607,0.0003406886259222912,0.009191911500059614,0.00031483166010112546,0.01646172735941342,0.0004797586258283905,7.155637603747994e-05,3.835058955352401e-06,0.16046220093467745,0.019527628061006046,0.03765616587831705,0.05823552241188986,0.03388201627282137,0.0027219289146896146,0.0015920246409520257,0.0004991447970473917,0.00021200811443341613,0.02275134976858331,0.1081145883443444,0.09499861950397837
160,0.07673452233217228,0.0478613263750201,0.4828814790694109,0.08185698958265895,0.008627815450413865,0.0029707673120724404,0.0014738772989648628,0.07132630695362142,0.0028156184692860295,0.00022229229297885216,1.7127655815283105e-05,0.001189736829383158,0.022179980152755772,0.012356574300087844,0.0005522552341673983,0.0036277927104909112,0.0009963398876055658,0.05728719382632184,0.05941850860522708,7.105727352495295e-05,0.03316025536764095,0.00479588871765559,0.027576294302723684
161,0.03795307100459769,0.0748694074606277,0.589670045080101,0.034955721530533876,0.009934037009385157,0.002778228509166119,0.00036630829236618934,0.0030859284758363126,0.03431356955904733,0.00013440418349267423,3.635653065617545e-05,0.0001203541419596019,0.016031480782338032,0.03645702805508122,0.0005505579822271958,0.00030949950629481594,0.11033470773783163,0.006152560339699708,0.008014457514251084,5.149602463439153e-06,0.00021048232670243023,0.033350327126811706,0.0003663172485289311
162,0.001107742329701684,0.22475700004416327,0.2861390600453898,0.030125596053767162,0.008472987989790555,0.018862907791566064,0.0001800389999598914,0.0007457537855933169,0.013941804291010431,0.0001554882093870812,5.1732620747479914e-06,0.00019857314856116785,0.0009852975830958843,0.010418801583413472,0.025321255390578234,0.004708239003566392,0.35523903050220207,0.00033761416106638356,0.015016285167432981,8.716350752409953e-06,0.00027833360575313235,0.0028216172339586123,0.00017268346721543951
163,0.04041030498294951,0.02367933529042054,0.10602225304936275,0.2821461163424631,0.031484234190035154,0.27423110148317853,0.0009667391480885125,0.05398388623800053,0.03482483212782645,0.0001816588425842929,1.4979969244242563e-05,0.0002346990607469946,0.0042569341303129995,0.00021280248255378222,0.031423564518162014,0.009698147387099905,0.00041442757537261396,0.0002938127972019367,0.0006256215466570597,1.979948419711829e-05,0.0005270153560278328,0.103843532577513,0.0005042014200011208
164,0.0074192863995941605,0.12280713142224618,0.019519135409467394,0.7268428447447853,0.00037145447865461465,0.026911878279056264,0.006030158588666672,0.001795458828876535,0.03545306955322256,0.016714082925432097,0.0001066644653388,0.00014418442109169943,0.0002276503431849122,0.0002740647515071542,0.014764426970519048,0.00023644191662925028,0.0005490788365133248,0.00021031199528360504,0.00011812693780962016,7.407723481255497e-06,0.00035065385038489995,0.01905256748420662,9.391967404784398e-05
165,0.010037752426585986,0.045237727096293895,0.016484202979773988,0.7420790019157691,0.0003164287214417637,0.10408451673393421,0.00016895591876349677,0.005693513771327344,0.05948884583658684,6.286621838314961e-05,2.489875610431634e-05,0.00393783066091326,0.0003916408258887514,0.00027875723271418346,0.0001493707777299279,0.002322281516603519,0.003493169397679065,0.00242849561058802,0.00017441227614784305,3.4419798768364566e-06,0.0005529830489351593,0.0025141627335905394,7.474356436873878e-05
166,0.0007807324004609031,0.001477969191872841,0.0032383107300468076,0.19209922468583435,0.16453095848160393,0.5686689235753548,0.0003047981193079392,0.043489086832667265,0.02096455114091761,0.00010480022264481849,0.00021164369337730232,0.00027277834177683654,0.00020397947186576455,0.00031445139288968117,0.00035043209385461497,0.00021942679224541616,0.0006441341012560736,0.00023481668081937963,0.0009052769341623208,1.5003725482244876e-05,0.00033499300063282394,0.0004156507335837552,0.00021805765734247108
167,0.06485060018386353,0.08708734154493807,0.0015115453132315193,0.015464494049764969,0.0005591977565605111,0.19880993650934145,0.19360652687454238,0.00999668153531776,0.01805454446004499,0.0001267498414554832,0.0037204137388717794,0.022643640610124173,0.013892810406651752,0.016341480123233235,0.0022737989142821236,0.050736833423689426,0.0018285024040484057,0.00032098815432087777,0.11490660650929982,9.526662116658396e-06,0.15191533208788058,0.030881775759689478,0.00046067313673103474
168,0.0904618746803003,0.07461905376871941,0.2374036094118569,0.10061936669099206,0.05220059920784023,0.19845572858834434,0.01165376957235199,0.003515477730603711,0.1837297730339877,0.0001739058576103004,5.069058323681829e-06,9.344224311996529e-05,0.0015009698047946122,0.022630121458784517,0.0002892235855037699,0.016512012253386568,0.0034720080123374995,0.00022004212292796806,0.00013884137172879258,8.307946351212465e-06,0.00014910281101153703,0.0019913313169966996,0.0001563694721262391
169,0.0008480245191900834,0.0012581078085600811,0.0043358631071877115,0.06074916705304157,0.03793182706506939,0.01740913282004351,0.0041756482385168665,0.7055578690984925,0.11674205598899108,0.00017608550254717676,1.2691226881015508e-05,0.00032325260871406917,0.038828545189673234,0.0003809671220905756,0.00033871497857318185,0.0004626487339521218,0.0003568561531212017,0.008769656301564682,0.00026588181884654193,9.688039828949229e-06,0.0004077116149202488,0.00044174371223803843,0.0002178612979561645
170,0.031903520745747524,0.2064242838050517,0.06480015364545119,0.01900166674814554,0.0020047195890120642,0.006686545192933394,0.07640010076767363,0.11391487870819121,0.04936356435162258,0.005196819685001325,1.9994477001921064e-05,0.019665114296210356,0.017905129802560555,0.023760084395543488,0.015334074829481785,0.007834617132127302,0.03770561898279858,0.20765965286548835,0.00035261582726204757,7.371184019887155e-06,0.04973344364351278,0.043307649874533685,0.0010183794506291198
171,0.14564514684180901,0.29541784589025466,0.0860615217024806,0.0062851151667670845,0.06845533132579304,0.012910727756347471,0.034096164875317164,0.30853615218302377,0.0038741487750825663,0.00030246753256604997,4.0096352212047936e-05,0.00037001749829396863,0.0017648274119611601,0.007020652676245182,0.0017312301503390791,0.000685176877118284,0.0028682383933718086,0.002588143005124787,0.001151747026571548,1.4319012853954083e-05,0.01701775541798696,0.0029045395926506298,0.0002586345358291596
172,0.05315350297821191,0.06528100253112382,0.10060991273433309,0.005076082131025669,0.11380662705248695,0.07016666157795202,0.018096599610601727,0.5371733049298342,0.005005008892955578,0.0005703999180694551,1.1432584100271051e-05,0.0002375207790301411,0.0010527743568876436,0.0002465662858069441,0.02252347941361385,0.00016290772646225383,0.00028548557980927,0.005313797044500491,0.00019568940603028318,1.3448745226893008e-05,0.0003704507462430462,0.0005123295418838848,0.00013501543381078126
173,0.016557317593075483,0.1768649722995136,0.004259696284817925,0.0037364320380085738,0.05892492438147352,0.0014982660423536562,0.06169870310672432,0.11738339478237263,0.0019613010242752445,0.00016709150819274433,8.764545435707477e-06,0.05461582247807604,0.0003827603917560119,0.022099607303379187,0.0006535360683665811,0.0003730328819039848,0.0004597859603196682,0.15762626676139072,0.0003976583891524008,1.923713583444069e-05,0.30909541474502766,0.01091560208591204,0.0003004121926376876
174,0.012255756273720546,0.13671343450703657,0.05373707136864105,0.031421933124723404,0.05095548176131445,0.00254223537466903,0.02407750860788897,0.40754564447343955,0.012262724017796886,0.013015334035645627,7.952585602785132e-06,0.07963040591363325,0.00046847399097375505,0.02912396904106361,0.03193254079241741,0.008266537318415916,0.0003218041456065441,0.10281320210086042,0.001611575354661639,9.401041600831185e-06,0.0003271014608937399,0.0006319119490454569,0.00032800076034870317
175,0.007080839988397495,0.002070343706591007,0.003770898978864636,0.004921255291667101,0.002276055407144745,0.06507934645779774,0.001474483059898082,0.6159263663420226,0.20188093540023508,0.038755928897058846,6.852832663559819e-05,0.00048483876586283715,0.015101425120713162,0.0005143890217651863,0.026772402610159687,0.0003452008553902958,0.0003959524192667937,0.00044598839046520013,0.005661835984911491,1.607292082349572e-05,0.005706623827413765,0.0007986969837408675,0.00045159124317425075
176,0.013956575084673423,0.018832994820128502,0.10849930019710109,0.0024993049792422567,0.0010696519499357594,0.10250666344460753,0.06858925627902435,0.21707742291915844,0.2714751081395067,0.023977593957874452,8.215211349874839e-06,0.00020367335992179856,0.0005231736670345441,0.11559610849488952,0.051944845516441435,0.00021224634218473633,0.00027502457837770864,0.000251333063469665,0.000313059076447064,5.269941561630103e-06,0.0016147714278059375,0.0003837180125302649,0.00018468953673346652
177,0.07627978433413603,0.0674530903381407,0.055004628243459294,0.21966944657705278,0.0014326258849963797,0.18965075586244073,0.004332541477858458,0.1050485840106332,0.06743859797335416,0.0011702782086813685,1.586107150581377e-05,0.0002406195913466193,0.02293077733219641,0.002800832056392731,0.00045661709633595596,0.00013870043903592676,0.0009085329057138884,0.021798462653965022,0.00014566504476529196,1.041484249757384e-05,0.12365966594177914,0.02564176007823224,0.013771758035480254
178,0.23395291023638692,0.015498493330821468,0.008176728517764775,0.0018914578675786593,0.0007225698517528326,0.001340875493443971,0.00028760857711123203,0.0011862274364960407,0.000984568939980067,0.0002531014629992474,1.3083877665039628e-05,0.00040893756533471123,0.02427067061171312,0.00033452391064061856,0.0004997002848416766,0.0048330386361216775,0.0004317340250487525,0.0004467026687182144,0.0005670765542975898,1.7931842745338715e-05,0.0004911246225106264,0.7031736154062669,0.00021731827976052083
179,0.3309243451629837,0.42989451999860606,0.020164318580102324,0.08987903792532768,0.0034681702325699416,0.007341413419657626,0.0019800475658160116,0.005558400231786588,0.0451642967233059,0.00108355564429722,4.788322234710603e-05,0.001837660730759742,0.0028828006130909713,0.004963220117595856,0.0030331797180909326,0.025143383087910576,0.009928778925338961,0.002134979722917567,0.004893543812586769,0.00014597513182539686,0.0024976500809770572,0.0050627421556394955,0.0019700971964665246
180,0.06556672270609235,0.22569731279025754,0.4280623104092879,0.015776550060130932,0.012822605692878075,0.0030489364505719833,0.0006091344049169642,0.036384680823271544,0.004646043436360916,0.0035000030388863002,9.755939147375526e-06,0.009908319292411353,0.01620963390936005,0.011522794066241782,0.03288721924847033,0.041701315789933,0.03139638133327654,0.0001643152693804205,0.05109903350646368,7.70553019069563e-06,0.00019221443626866438,0.008154450254770568,0.0006325616114308027
181,0.012429371479990625,0.089091719206409,0.7153947869083306,0.008374116804718175,0.026414530482334678,0.0010207665016672273,0.000152139399719858,0.00726184635177568,0.0009653222973916135,7.816872672285925e-05,1.434191073671688e-05,0.004510919338927521,0.00031206892424142345,0.00030303222687026255,0.00023916367138868415,0.028571862367958143,0.0010829400294993365,0.042854794028596564,0.05573904087428832,3.92008127595921e-06,0.00023948902453192362,0.004832657832941301,0.00011300152968358012
182,0.00132134893995606,0.10847199246296324,0.6420660883639975,0.05284189751088743,0.09381250310209627,0.007365661321359976,0.0005726046874621647,0.0007257148017006359,0.06000957916050324,0.0029137012601937254,4.2788986167024155e-06,0.00035049093736998183,0.0014210921597693842,0.012032134434058652,0.00029355633066377587,0.0024589998887543773,0.00037656288077308163,0.00018502728060019696,0.00019431083751772027,3.8951778100442526e-06,0.0012028061675869825,0.00915396388938414,0.0022217895059747925
183,0.09004991929584447,0.05588828366257486,0.029371751475137268,0.4776406181617511,0.01317888481433752,0.09683181431320266,0.00029588631107612924,0.004215764959788324,0.041107508751999415,0.00015401634832901763,2.0070912605004908e-05,0.0003562400110899219,0.016990535546322558,0.00027376693699943734,0.006424804902511778,0.00647840304789319,0.02813981804237339,0.0006805281003611161,0.12941695536792147,1.1889062887522906e-05,0.0002468754331177673,0.001122136470785535,0.0011035280710905901
184,0.08075001891810152,0.021707867940541185,0.022648598465454833,0.7145609837506557,0.0007874940438306866,0.028367864851815257,0.05456760334617212,0.002623002121934889,0.03401384160621697,0.0003970933165754133,4.390165620074077e-05,0.0013555989209607013,0.0019398092021272512,0.005695863872851582,0.008953871490683796,0.014625367629387147,0.0004031380717212358,0.0030218708329805347,0.0024557199042337984,9.324007840457849e-06,0.00039182464999735323,0.0004574866608570524,0.00022185473885982462
185,0.015277305696771055,0.12665686603674015,0.04787373521093612,0.33203081133316975,0.0021177806445765966,0.011684834606858905,0.0003168556261909778,0.003890386775734255,0.009695602886537048,0.0009454453271294374,5.343527444990025e-06,0.038620280791068405,0.058068493378661074,0.08028961505358059,0.04288042866058635,0.01902417617743862,0.03360177300540801,0.0328551566632294,0.0004692819560462077,1.9052444605908486e-05,0.021368909795404345,0.0031009878797986935,0.11920687652208312
186,0.009741591964878974,0.11714632946683816,0.02254355617600589,0.2946843456844859,0.010476389490300395,0.020584520020502546,0.00020011243111731325,0.024138178015904045,0.0031110520336586405,0.00043512350472812495,1.0792681135831075e-05,0.008597279684558824,0.011247746527438601,0.0021959413030388903,0.046644767589088296,0.0008270329292775746,0.26676910790816377,0.0899521920246179,0.0004070803815547867,9.157054409956789e-06,0.06507923537116242,0.0049859005262258465,0.00021256723090731932
187,0.005016629521984509,0.018277235616478794,0.15462723668076234,0.1925358675665201,0.11490158938207286,0.33366550730285083,0.011316430318503925,0.001961999967832009,0.05640937765265415,0.009977073709541774,5.1515662424195076e-06,0.0004937424885369499,0.005797188804152397,0.0007724634787280252,0.0002653809578458644,0.0011044865832677314,0.0010813829459436482,0.0005172699370167485,0.0003175169508382419,5.478487844888956e-06,0.06557468458520055,0.025256350778175476,0.00011995471700581645
188,0.19007784335294606,0.002414579781775741,0.3409923686002072,0.05627946781457796,0.003519554520647299,0.0057271705257404765,0.0003748381579220948,0.004843924476240175,0.36273672758879766,0.0004255690666711357,7.626999249302173e-05,0.0006781080821999575,0.001352433619371826,0.0004544806079945603,0.022290158978681654,0.0003121848918795911,0.0005577484495727364,0.004447017065264598,0.00039533096426495044,1.778297803195262e-05,0.0007515361906893052,0.0008550698112469496,0.00041983448278326937
189,0.0026453131653437732,0.008547078566716835,0.250853194427528,0.0036710466083058105,0.15716506959236848,0.034034936738475165,0.000528180992692539,0.13463779281637742,0.0016053598570478832,0.005777929849097451,1.732404483965413e-05,0.0010697800831344236,0.0010118360848979252,0.0005645686418724332,0.0004794147940824286,0.00044176460362794497,0.31183653722643684,0.014479348389128715,0.05174054731127488,3.179145497527129e-05,0.004796214959329245,0.00123093631375185,0.012834033478695201
190,0.005318465681500637,0.04803694786956576,0.1268398143551583,0.021686652946981914,0.0009226440865578425,0.019171303412230518,0.32640411610830533,0.143128516559811,0.13899928712009474,0.00024678088594399595,2.063649969855087e-05,0.00016634655433865126,0.004875451281353864,0.12874320932615274,0.013157190994681016,0.00015762501535986458,0.0003162404570882946,0.010107946929041808,0.0001666641632017567,1.1011757669816869e-05,0.0025695336430320154,0.007270528318938434,0.0016830860332929408
191,0.054997073629691896,0.0022937645223990075,0.05477347556345994,0.15544169795685067,0.0014997377293557413,0.06196298253673116,0.20403906727622612,0.005256225723283741,0.06566982281985476,0.00045423503481368166,0.019551064887053743,0.062331911524753196,0.008365203777109436,0.06378177001692906,0.07180116286323769,0.0012940279083467857,0.005079909361057304,0.12359527405398422,0.0008614664610233131,2.2684202096451978e-05,0.0056998649411582275,0.0008978473820577147,0.030329729828525918
192,0.0022906798422633553,0.08377163044672194,0.06046206270301362,0.0048429366300961965,0.1974447463270001,0.14553908632669363,0.0700603385511592,0.14733694668573882,0.1880478939845763,0.006016331651461318,0.012561147829096182,0.0009710237102677477,0.001936512446011383,0.03831442166771485,0.005277392517689208,0.0035817755378321115,0.008859080118098939,0.00041819256707589466,0.0002772207689497302,1.0811657472312787e-05,0.01101671770785912,0.010803255654163988,0.00015979466904408825
193,0.04553055720988012,0.18063897567046597,0.03422058028508372,0.14952293815115347,0.020006958309428967,0.10191047876563236,0.018378640479172065,0.15223280684339624,0.028287940626911454,0.0005088352632920951,7.22759295112419e-06,0.0008803958855706175,0.023464200818771132,0.0018088250043125636,0.03407355067563319,0.0022230223158360204,0.1773162123558443,0.00022865314989079053,0.00032580737509990367,9.222366334167608e-06,0.027593733465901285,0.0006508924819705632,0.00017954490746769887
194,0.03291012696774622,0.06200587272079832,0.016359977425890324,0.007492161717832066,0.000584848690716499,0.01159027964481284,0.005007597905829962,0.4255277920609476,0.0011031748497651508,0.00010780800963058455,3.826208437048582e-05,0.00037626238159738643,0.049903204560966356,0.05375211699509907,0.26258336288736134,0.011259324341201726,0.03809711491866819,0.00020961673676208285,0.016785655294034543,6.224885109097526e-06,0.0001770561876142659,0.004044327238227339,7.783149501857264e-05
195,0.004154932543996985,0.058117963664691706,0.0041244362654213355,0.0026579661376963373,0.0351371513251406,0.03353953329719659,0.03309708165885139,0.08034173732719549,0.5919181288507828,0.00033714093131115036,6.23307373746165e-06,0.00019734948463376816,0.022922948417375758,0.002209893995677579,0.008305777308135705,0.00040509671197533635,0.11924581213112026,0.0014128089186920014,0.0001942354847209339,8.948842996999592e-06,0.0004252849370616446,0.0011354413949687559,0.00010409729661941195
196,0.004327784032723074,0.003600051365556001,0.01932971228688269,0.003146394117105209,0.002243504807318632,0.004349280166569877,0.00034987001621406477,0.22371393212376306,0.44841261214722117,0.0003185593211555232,2.680461619950186e-05,0.0003404498538282405,0.0004832911232851994,0.0005087259184959616,0.00034906347810543853,0.0005310672715630733,0.0006179434294567707,0.0004307049855212517,0.0010296597351756153,2.640694249186861e-05,0.00034509678963802156,0.27140493654793824,0.01411414892379164
197,0.0024500894240250654,0.29986017419333866,0.1048122823117622,0.004047751333227705,0.009100737035931129,0.0019055841664575638,0.003625103837912412,0.0020312460773337644,0.001899668808039655,0.055107246364524486,2.796304958556468e-05,0.0008052940964072777,0.0005285359597550004,0.0007939713341278587,0.0006866993651629006,0.14721478996738774,0.016913589126328406,0.0005077274699909531,0.05992600606077743,5.256511677469556e-05,0.0005772902408462177,0.2866710278079034,0.00045465685239976514
198,0.1267670192688686,0.002125781410458697,0.007250801548900113,0.12028507136576891,0.0014652401824027793,0.05244971924665952,0.0007665772871615932,0.005795732802853553,0.029700585543505242,0.00030484696137974545,2.802180196745383e-05,0.16682144795435633,0.0319354117440511,0.0005883764716791088,0.21951596979188392,0.0002192490853836916,0.0005578154978666984,0.00036289204360680623,0.0004356102923182521,0.00013517252897783698,0.00042823221589252577,0.07144076220603734,0.16061966274802017
199,0.0021699637668170266,0.10776166764897274,0.00928266046005613,0.004095617092178607,0.0025145835696797334,0.002837603054925368,0.000946350204877884,0.003089356759825611,0.0023155501733705796,0.00041732057618972565,3.327236590516685e-05,0.04125114043886523,0.0033904764076079287,0.0010593212840649855,0.011472433572283287,0.0009599299875681443,0.41840743784899936,0.024594147494371953,0.07975697177118586,0.00011961245683804146,0.0015487321693565495,0.2809687744595031,0.001007076436557156
200,0.05953328796135712,0.040835772214878274,0.5621464655911714,0.06346749783155833,0.0009464717009909173,0.03121588263148305,0.0004842039675618169,0.0424752165495266,0.06403219696794549,0.000507246735112872,0.0009123946624191656,0.00020331569786297485,0.0425432382440288,0.012140377200104878,0.0007556814999895553,0.0005519699978445194,0.0219746937592225,0.006636965879685516,0.024540189325043465,7.153882373687616e-06,0.000618176603470882,0.023267142098762145,0.00020445899760615009
201,0.0032274812676180336,0.08393304502651955,0.4542451489427283,0.09081295232053706,0.010259552544534397,0.0012149204694856068,0.0023102137210328803,0.0016933292214661667,0.05700547084509816,0.026024112580449368,7.357031168478071e-06,0.03587030527024006,0.0011082120029646408,0.053960349248101315,0.0004941550526105844,0.0004044547313157367,0.0010182453972234966,0.09455696408472142,0.0010266946771297146,0.0001652712047079691,0.008059479904849063,0.03666971484690567,0.035932569608592105
202,0.005504997766372429,0.0066587297331126595,0.32487985604640024,0.5447211867506618,0.0018147069537840408,0.0031036349747507836,0.00042432216590253605,0.05472721203518273,0.0018903908840956383,0.0010927408034654513,1.352154009126892e-05,0.015817220458617776,0.00045498604277222863,0.0006876124990067542,0.0005284851709923983,0.00035714163447512614,0.00047173132118941277,0.0007023792891101466,0.0007468341488678982,1.8314206240132385e-05,0.0006285006918565531,0.0008562156436525555,0.033899279239399456
203,0.06851228550560681,0.2799133873615797,0.14654941258106402,0.03792077195673023,0.006941434787956718,0.016936371598974938,0.0005027700004473661,0.0020530382818496834,0.042940503974202106,0.0006091738384090734,8.346158196036179e-06,0.027525737073564985,0.0014755273939667743,0.08708089946323913,0.16599927090907593,0.0009771498657889096,0.05241099624487527,0.0012539637360321394,0.00040434996686552116,0.0009959275961110789,0.0017428486576550912,0.05118437963623711,0.00606145341157136
204,0.12078714974360596,0.03499369955076041,0.17487251737960977,0.5872804842562711,0.0007486581355120495,0.02517007870467914,0.00022735717353581316,0.0012629876808259548,0.01568237750111773,0.00015935486435610785,8.151690842572688e-06,0.00015930008048874856,0.00038108877975251876,0.0001595547302884738,0.0003153069184260119,0.00020394110036007007,0.01209249540737797,0.00018720303705899893,0.0019272176280591812,5.306046046264188e-06,0.011173355946835429,0.012126429482923853,7.598416126596267e-05
205,0.1169150355079799,0.0332383082511193,0.1223245769756731,0.14941341300828828,0.017451531112236292,0.15530285851543457,0.008028499051800345,0.00862816546445652,0.10356677788607668,0.000996177162624696,1.4403794096916845e-05,0.0005187941035610798,0.016032729858378083,0.1579992742712913,0.005742232055804954,0.0001961179822919793,0.023458830685558242,0.07492241356861767,0.0002194806368161297,7.281118371176014e-06,0.0020249364344150926,0.002777948864257934,0.0002202136908497748
206,0.0311475017421466,0.005184024717283714,0.006194736961204526,0.1026239732684923,0.04717362593328974,0.5182230633662473,0.0013831789792662574,0.03631466211467708,0.00803457082060515,0.00024076492698230897,1.3791486415127934e-05,0.00021185172315282,0.08697351474467309,0.004666162145304153,0.12003328620659795,0.0002339700470351233,0.002616262727353638,0.0002776764793470002,0.014106212767969287,1.0494008917727444e-05,0.0003327281046299937,0.013864715364870682,0.00013923136353840735
207,0.0014027318972698983,0.07435057086164837,0.1422155345857559,0.05797463497056596,0.21592803309274192,0.2280781245056571,0.0004757393863568707,0.11885394054260881,0.05448259904249074,0.0016437389115613007,7.799983149656143e-06,0.022451323717701258,0.00026288982994124446,0.0004897536553800754,0.0011054817610226203,0.0012723306114250997,0.0002934609883099697,0.003138228285147067,0.0005375257442471418,3.233772045072801e-05,0.00033549949415332954,0.036570235845097304,0.03809748456731763
208,0.0304680380263819,0.0025276118033691892,0.08354671919926444,0.020324427701599538,0.04145037224829088,0.306970478781528,0.0060790033854002225,0.24440064902800804,0.10218525685481214,0.00011592039285418346,4.106554618428116e-06,0.021508316293792823,0.06273598158231443,0.0002928445445772017,0.013919442265051993,0.0004152786456747187,0.000796500949193987,0.007121672062151081,0.00026012380219253887,6.87392822643909e-06,0.05373947768206284,0.001018934193681748,0.00011197007495324747
209,0.027321856915121425,0.030476767602755733,0.0050692429198794485,0.02277779598175363,0.005567445722060777,0.21153793281296293,0.0003575687963940067,0.04375450298450227,0.0017476765267085,0.00013075353857317136,5.608333447686297e-06,0.016113286020632795,0.002932591551991193,0.08337046595886426,0.13898856464361145,0.00011116887043285782,0.0006002575911336761,0.2712588348416332,0.0046589846069166035,2.036422234424469e-05,0.13269532364691902,0.00036145342415458393,0.0001415524872065495
210,0.03069308828794837,0.2029088506584468,0.14041314589390047,0.06562457778924849,0.04269409265690201,0.12647063207903675,0.00040991291311370966,0.09810265743357212,0.021706572408634862,0.00011508893874869229,3.2035302962325585e-06,0.02463121010525634,0.019119288234941953,0.03445794414462579,0.0007933288120894824,0.014389382936623613,0.04349129551999782,0.04540710342392024,0.007685542204405375,0.0003469340901913055,0.07636333931531754,0.0011800119987590975,0.002992796624022934
211,0.09195910532513242,0.10768215590599033,0.013743883474542189,0.056271136306557466,0.11688170009154521,0.03456021056373393,0.003494242283392397,0.21089159748116423,0.12418516492990876,0.00021483196869655945,0.0019754824212755233,0.03386453540222403,0.00026025686322560314,0.00042469686074382817,0.0006533700237526636,0.002377917372321872,0.06726984805391524,0.11071436372477093,0.02063947842599387,1.0232190102745294e-05,0.00029287052118552267,0.0013600435463366981,0.0002728762634879761
212,0.025430171108880392,0.020186519829137776,0.14031308984569207,0.07093374924938901,0.02024167017069651,0.005636982875744047,0.0013623039587439848,0.1926824636896067,0.12930171800611528,0.0004647780793625413,0.002348270224335818,0.013299975392320473,0.001387782280986036,0.004284501278478865,0.0009977410593352235,0.015435169914328138,0.08092147118106495,0.06553651495339309,0.011070464416068484,0.0001237873512273584,0.0007160403855659196,0.11846401608651917,0.07886081866300815
213,0.001794520317701779,0.098091348271551,0.03710956229969039,0.08632710984658182,0.026482819584701264,0.10052255971454302,0.000784087238992836,0.001885075387590915,0.001371627582147483,0.00014546446023256271,8.595813704787266e-06,0.06888383144535654,0.012384127411328187,0.001630610878377902,0.03646481486309297,0.0024371902301282104,0.03566150898920414,0.014005077153512098,0.3382324638221717,0.006495475694185699,0.11972956064804602,0.00682276583552542,0.002729802511633245
214,0.0005890128799659007,0.046284746803104626,0.0536584684520968,0.011945459014591953,0.0008090038219906585,0.1149916348436703,0.013582277537815634,0.45348441767647524,0.20449576382694945,0.0001807789999442714,4.2975610151933885e-06,0.0001769253794214454,0.0384853094246084,0.000371829199147478,0.00031332336490115016,0.00013140800562514186,0.00042643712509703917,0.00015927816021944598,0.00019786256957764222,7.897428375735333e-06,0.0001495296462892437,0.05945628243971362,9.805583940365076e-05
215,0.0035735250458800204,0.03804808681787135,0.031068764542113214,0.002177007622606251,0.2953230292327451,0.009097113319888802,0.0014393214506608647,0.06544113189851664,0.03767171491067243,0.0002946537271866395,1.72915726949646e-05,0.00031510118846001455,0.08971203625715235,0.0008492261624800124,0.32695126206887015,0.007959672879571549,0.0003454296836830943,0.03805787568165407,0.03851168210267055,2.2070394360266824e-05,0.0015080370364123656,0.00041909134634809405,0.011196875057501183
216,0.004299693346453803,0.046905103244288926,0.0053512501685514255,0.0024213609639566207,0.13836363960663656,0.06688224517798842,0.00038180938674437555,0.5254082623046017,0.004320320447234122,0.00016431296669792658,1.0097613362451634e-05,0.012020371579863262,0.01853631946172705,0.10231463220863667,0.045091929488469566,0.0003053618695251694,0.00023651153888972794,0.00021415593195403334,0.002790085930519025,0.0001044742845428063,0.00020287212003550564,0.023241919763782454,0.00043327059553841554
217,0.002174670854113553,0.07357614492070198,0.0017074919064113177,0.0014438080018660691,0.0007254289529214965,0.0077910602050578915,0.000287552917865984,0.05572153822114942,0.0005392192933988265,0.00019215340414103398,1.1134626714577909e-05,0.00026675190326608657,0.044208362577765024,0.01765731605089652,0.00040674271264006765,0.5832661624791304,0.018035599558515733,0.0002736782031128325,0.030452089406581125,8.180814194298016e-06,0.00046260690577272447,0.16062647144091718,0.00016583464286558543
218,0.13639978210697276,0.1647768712791807,0.0033026140594770584,0.007715295269828953,0.0011423071854683793,0.053699947854709516,0.00046923118144220335,0.10712016020740424,0.030117130736432757,0.0008024890053427717,8.174048298541604e-05,0.1387865201143214,0.0020250222420865566,0.20627982209186876,0.01606039825844753,0.0003239868945001956,0.0008005631926383702,0.01619728153216881,0.0384127910823423,0.00022826464676581855,0.012381538411449112,0.0018286217993076193,0.061047620364858925
219,0.011406605155862124,0.01861067601346431,0.20491426963600717,0.021685630957142273,0.006666676220018906,0.013356963736435084,0.14394180739911622,0.011974697826509543,0.008638947436192302,0.002903056338310176,0.0002687604011300139,0.00553621713918532,0.004804548152868977,0.004236883293054697,0.11362865081582095,0.005803703465892109,0.3975678316272515,0.004538735370229849,0.0039582884695768756,0.0002129714453405216,0.004393096321999406,0.00684389295154623,0.004107089827045563
220,0.01672961029821917,0.052910871544421784,0.613902629111904,0.08907454763457388,0.017440365848076407,0.038026625669568465,0.02156884726255354,0.0012579818231650511,0.01822997629655361,0.00022504770724313892,0.0033152305141854353,0.022554236227146505,0.04871291180232106,0.0007437890895153672,0.029259970926937183,0.01561373732580404,0.0005865044425697257,0.0008636044380781434,0.00011055614582276446,1.5070028215791904e-05,0.006449132378537838,0.0021293330106086513,0.0002794204739785983
221,0.07183022530371187,0.033223779984925164,0.4624678026687823,0.08149807745850281,0.00926725572974518,0.032177678550351946,0.034194154295950775,0.016561153840520842,0.04432898403291092,0.0003212416205954158,2.6060318192633765e-05,0.021973356388200513,0.01213449331899141,0.000871749155547544,0.006694499798010708,0.0009536360017691355,0.0043103352928038725,0.000713698032068451,0.04388458220607401,7.723334502744993e-05,0.0009718837900407011,0.05665771769810567,0.06486040116917086
222,0.036898548962797574,0.09874163964486758,0.30248304902615547,0.031527137032214304,0.022072005569419254,0.016299796722958004,0.001502823139102723,0.0020979510136732676,0.07702687248589113,0.0003948700509108849,1.0616597087249877e-05,0.02531771818770708,0.05059818346860614,0.0007573493729034659,0.17632766888010873,0.006719955976157036,0.007573399863075295,0.09300498197305161,0.0284721587118496,1.0196008164647832e-05,0.01449220841040792,0.007526632026365034,0.00014423687652614768
223,0.0058913919737817845,0.1964247265669619,0.03542211995596069,0.08149012696156212,0.007518231496960428,0.0633002223157329,0.019803625510292203,0.13774551754131464,0.02494418088256383,0.00023080796849630797,0.004202460520967166,0.10885090769682612,0.14007388388665457,0.03413658341325739,0.0005304043405312192,0.0009762454513270801,0.002011544830554365,0.0805712636710729,0.00043091686087966534,8.170436177373255e-06,0.050212208165195435,0.004861348544021305,0.0003631110089086093
224,0.09097232068918144,0.06561241488383639,0.3414305950848385,0.13194768441183768,0.00040320400515182325,0.0014027488898359893,0.006228202604533358,0.012037611696156211,0.000827255617401435,0.00010138523896787251,0.012749203957152741,0.04185094692089547,0.002234802887990495,0.04371912113523029,0.024552943653098767,0.018489852136263883,0.06113872484262301,0.0005497110154730349,0.0005536166099133108,0.0008224594829025607,0.07152613097936772,0.01357814552261083,0.05727091773473738
225,0.011761619270925028,0.0013887395281212667,0.005593398973307442,0.8405027720124814,0.001502037558439853,0.10119232125956432,0.0005474284731810825,0.0018685766622468184,0.0022443829165260804,0.006247691802754864,3.889708583040557e-05,0.022050915052042385,0.00045354700586361813,0.0006194738930761295,0.0004817402752471421,0.00025742514226179304,0.00035735978697355893,0.0007268534979196166,0.0004073576141134781,3.4947794797400226e-05,0.0006150330172880898,0.0005581810331566579,0.0005493003438816305
226,0.02794317844612595,0.001688507559450845,0.15693935705075912,0.327107739806075,0.0010411685051214669,0.2321980281767477,0.00035124048769029045,0.03224135316027259,0.005131537512010281,0.00019263121655125568,2.0546989695831157e-05,0.013181713626972296,0.0016544527594336595,0.0004501774961016542,0.010631522037664612,0.0004620939503013135,0.11799700356206284,0.0006274040290092941,0.0007078376139742359,5.5441650420527347e-05,0.000457711488580092,0.04987790774665266,0.01904144512832647
227,0.07658284888049685,0.04632944450156199,0.10275176289009808,0.07478533524474883,0.0014086835447904538,0.20351823421513485,0.17421959497763428,0.0051399319076891785,0.04195347000212503,0.0266943969025891,9.894100869758305e-06,0.00026813872306048346,0.002066280459821561,0.07583658130316762,0.051223029638274006,0.0332764795536728,0.021580829879948304,0.01072679468207122,0.00024311910938584766,1.6797772576868364e-05,0.0006113141497330891,0.05052202143823829,0.00023501612231132462
228,0.15647765336128155,0.0022877893584355154,0.2969818049932752,0.15044041318707121,0.07170446673487339,0.16546503473420907,0.0006716623523165258,0.1024536518026584,0.00513101388867362,0.0004152352441832098,4.083526182079447e-05,0.0008744835015978525,0.03767899081880654,0.000768214144414907,0.0005673899781881053,0.0009337865618122438,0.0008092944262692509,0.0005742505132059867,0.0007772439751442021,2.9971077044149098e-05,0.0008194735020232956,0.0037297356813806733,0.00036760490131429354
229,0.08888840148803528,0.08441417089079038,0.1151063940777815,0.0038338103998423584,0.2572848189122106,0.1543327062755011,0.0002297244151583838,0.007047484242972872,0.035316337289354086,0.017245402159148143,8.465624905986752e-06,0.12244228821120366,0.01304197765237732,0.0008694967998135394,0.0005834740405256032,0.0003043719780531193,0.0007981491107799129,0.043646333002584935,0.00017879705443952067,1.3138674543591672e-05,0.04419494319303546,0.010082048016301273,0.0001372664906413717
230,0.08997564254835762,0.07028273228776404,0.02293515167767398,0.042431296865466234,0.13792318017795122,0.024471821420803213,0.17597170148067495,0.10551899835301619,0.004405110019705963,0.004211050143251975,2.258761475719989e-05,0.0002838683933994662,0.0002657220462893492,0.0003200116356370033,0.21494603406854776,0.00014360962600976643,0.00016743893711040051,0.059945507880852386,0.00011306818926474802,8.250409718884178e-06,0.030027895036630937,0.015018820013490915,0.0006105011736259565
231,0.07101795902536444,0.15752545631298762,0.22947113384797246,0.024242045842462697,0.012864269955284419,0.016669360664812588,0.00030243115602443695,0.06818818357711766,0.24199306575086385,0.0003212715617090339,1.1717805131913195e-05,0.0054187943338259836,0.005582344380948639,0.0003617536152370392,0.00026056352130793086,0.011903874275127489,0.000411129017388288,0.03189898131286809,0.061858294324370865,0.00019816365391829395,0.0003279861660012927,0.0580993105083142,0.0010719093909609667
232,0.005418437690409396,0.2556034853021749,0.014670801862543376,0.24819557391836133,0.0036792428823327916,0.052199271005658805,0.0017487626227645466,0.11575851197298688,0.08089907562997575,0.00012648361866319458,8.293997254075588e-06,0.005554243048404943,0.08528539131057258,0.00039685024068746467,0.0004694825694302924,0.0003467320967943247,0.0024547048318853053,0.10757227493003912,0.013387765436255836,1.1671366499322e-05,0.0010355940605665452,0.004942254235996403,0.00023509536974294855
233,0.0180490511249037,0.0622125487116968,0.04060466725765121,0.08670847829744983,0.008225430379041276,0.16402187180041838,0.0002736368073536959,0.3420182721629961,0.15603719277641606,0.017478021797846976,7.463433625653893e-06,0.0048221717109566365,0.00035124547597623724,0.0005619253167887686,0.0006936296686411701,0.0004750659697165701,0.026694270591563953,0.00032018443279728233,0.035221800587281346,4.071393647233204e-05,0.0004104326009281881,0.0009096828337768516,0.033862242325700995
234,0.07420669665957488,0.11823560002033208,0.00838788651868249,0.010404485336054847,0.08270036882425669,0.004102280190455551,0.007694672675464433,0.04127323676444873,0.08036805570307351,0.0003726321494136355,1.4315250216001518e-05,0.020406877607878276,0.10350958723711638,0.034473428374519485,0.03865874367966192,0.0006902132304869534,0.011538163809846366,0.14262622311143563,0.07018676125157026,7.687902110720714e-05,0.0007518841334011784,0.1309915310185747,0.01832947743242858
235,0.03497710288965785,0.028402928272946253,0.014439712171492652,0.025938367710146508,0.04631922546332053,0.17290008026238798,0.0950241965058795,0.43834650361083927,0.038020656606379225,0.0005777460641703436,5.6635342910628694e-05,0.03162730720786368,0.018929677731887806,0.0006703177106762257,0.0003226292662325778,0.00027855915240692264,0.0011067164981399746,0.0015123970314180849,0.014091151262194606,7.86298011130296e-06,0.00036477960285773,0.035982952822628554,0.00010249383345197518
236,0.023160828080592024,0.005540988437862896,0.061933099194082325,0.05369792456327789,0.009344180888825234,0.03634670631358016,0.005714054445141384,0.5982692816742423,0.003528605797052447,0.0017785660874250844,7.025772640805557e-06,0.04626523995077705,0.07661829041133672,0.01077963115839947,0.002051392462510093,0.013354908946073732,0.0013296805216484072,0.03296451286786479,0.005058872471602145,6.11781537194712e-05,0.00018910500761476883,0.011615499558926412,0.00039042723480435044
237,0.02398190352970085,0.19139322541503134,0.12366165598429814,0.06263882072972055,0.0007958989569418286,0.038725854135767054,0.0004537892999767957,0.03576639053930153,0.0015260231018760107,0.0003149507062350885,1.0801552678827236e-05,0.0005159327091130389,0.10014237615148758,0.0005711677761084381,0.013098542886021641,0.001047230063305348,0.0008190759848124751,0.01756697365304085,0.013528662751214476,3.683321555788284e-05,0.009533357252546481,0.3534217854701592,0.01044874813510474
238,0.0017222457985821165,0.03681526629597963,0.002240014122752121,0.0018145060806970725,0.0010611146671332973,0.0010084556165396677,0.031125281893544257,0.0010131527484733443,0.000565027651085901,0.00012439512079258315,7.776649908461235e-06,0.5625290246206109,0.011169706917464382,0.1581959020371711,0.0003186100661986526,0.0002461756189530446,0.002597147571230132,0.0009073642005255263,0.00035823375718436464,0.00012624026469536926,0.14150512119192254,0.00875068455377784,0.03579855255477787
239,0.1368411309125735,0.08795057995063217,0.4650902466373327,0.05167546361648626,0.08646232761854884,0.00628988338901222,0.0006081462781299732,0.014716471071867406,0.003790716958450357,0.008321024349810956,8.799871947771601e-06,0.0010187839627205182,0.06634418315045083,0.014754403077598751,0.0002687814625124311,0.0001581025484510994,0.0015448910035139923,0.0002201404707439047,0.0004362542321943056,0.000531688135166039,0.02886896697352588,0.02355308132032334,0.0005459330080067184
240,0.017544687776183045,0.04377120479823875,0.4678014649811904,0.14622024587381688,0.03507148756610368,0.005590438001981016,0.00010201671444609156,0.0017090379713503381,0.0034613644506646586,0.0001566497455509073,6.068916919868447e-06,0.000136453187247084,0.030479603111933526,0.014221520562637245,0.023318596723384162,0.01354739011418038,0.09615892045155479,0.022860611151054627,0.00043145536188236405,9.831048991568672e-06,0.0008346661074095357,0.06472209113248997,0.011844194250789251
241,0.006701351670690673,0.0016374507948409126,0.628326703392662,0.012902281570269741,0.002269425500420284,0.12651900917464878,0.03301662777368582,0.059734637611967484,0.03289458516138318,0.00018739968859837487,8.815563305094884e-06,0.013749204717173235,0.04230953860647546,0.0004582488268948059,0.0005048934024609971,0.00042092391520473976,0.0005570914305931429,0.012268214372699161,0.0002735780050692689,5.425262836857973e-05,0.0012817442440794123,0.0006386832053671709,0.023285338743141735
242,0.040323335834612326,0.13865287238063273,0.045385618398778194,0.018422757974940633,0.0004909125468843435,0.14798653864495728,0.0004991896192450255,0.0013031514251366837,0.15218109367486368,0.004185746074162502,6.81271681978941e-06,0.03427032859136605,0.028348163957369568,0.0004526324917656535,0.0068994513602758855,0.0008190678546900679,0.2536392362652795,0.0010529092793858752,0.03681934348567499,3.122611678549779e-05,0.0055163244422889455,0.08240046145004656,0.00031282541403818614
243,0.08201533556611555,0.17130616489169082,0.07741596425464616,0.4246077054181053,0.02227397904828928,0.04574231050284675,0.0006103352983718936,0.010198915375170299,0.0022358656110857823,9.723806343643222e-05,1.48364490345532e-05,0.027064862290724155,0.0005649696052854229,0.0012356072445269721,0.002848088413898842,0.05853358229377177,0.019053688422567848,0.0239737067908097,0.015410074717691782,6.533238797473773e-06,0.014230859590189751,0.0002688520688542374,0.00029052484408947357
244,0.016188169498814173,0.23061192978774514,0.07681723856425082,0.4615019475763666,0.01747062313307788,0.1558732740235906,0.0006056258854485599,0.0008905828467312691,0.0022210720471329244,0.00014707664853640416,4.906931195543655e-06,0.00014381108807765968,0.02241898045485008,0.010152158804157338,0.0002998777803722034,0.0002585359672452096,0.001414697313557418,0.0002574401274882178,0.0009129632559808933,6.852105146030133e-06,0.00017651804891107107,0.0015369301481449732,8.878796317897305e-05
245,0.05634794640328449,0.042599743936093844,0.08860780222078707,0.4269723969060257,0.00196074717867644,0.038742660285697256,0.008889536558443066,0.001478437631021565,0.0012516427527287054,0.006315566479203793,3.6428167805679877e-06,0.0011944285989017374,0.008507907112429023,0.17569951409974452,0.02166935146035232,0.02334396931915116,0.030109790569375093,0.02974799101105596,0.0011606057570985474,5.0895034611897895e-06,0.03157119419608188,0.0036997700127871813,0.00012026519081893907
246,0.02284480582254188,0.06557792072446952,0.00362855302663317,0.059112896147360185,0.0007444779152057451,0.5779797481168489,0.028558864267616477,0.03942701937166869,0.019805342523487313,8.514623929776113e-05,2.7770350322944366e-06,0.0001647067902824453,0.0004200641614538689,0.0003392248946190225,0.00022528569485071652,0.00027386367730138013,0.1756733111277803,0.0002577336118123979,0.0009971033086192498,9.300703062856972e-06,0.00017087600218558543,0.0035808292148877983,0.00012014962298252767
247,0.0896398999103199,0.04176259033157403,0.12967160718051804,0.06615161918460036,0.10752264337726947,0.1577376891785396,0.003893589566304032,0.11850840799986076,0.04325508003189228,0.00011571180972186903,8.109105548532811e-06,0.00037199818293850946,0.005180126953947037,0.0008194619368130301,0.044626956426168214,0.023650478686830963,0.0026029069917243228,0.0008141002845442692,0.00023542955433951713,1.040953131737439e-05,0.1476011706426393,0.0015223281798459525,0.01429768495274264
248,0.010030339839307914,0.006928048070123536,0.03488332982593183,0.098297263766416,0.000544131617357501,0.27888559722991735,0.00027245985478292236,0.06039509926105931,0.0006903325498720565,7.041960501983881e-05,3.940497181339703e-06,8.439377679636897e-05,0.015348428852747936,0.14814332891232274,0.025932697639776642,0.00021527653849259072,0.1246562527916514,0.00024480897995228203,0.19373820841313394,3.4227775991361997e-06,0.00016655444982626921,0.00036945010648349147,9.621464424775818e-05
249,0.07523885229220025,0.008086910005297085,0.07756976465130187,0.0013768416976786238,0.002522899374915778,0.0009968441710046668,0.000344991726958258,0.1419808691374318,0.0011665865768809172,0.0016505847127678986,5.987406559839592e-06,0.06944631354610863,0.037704530804797964,0.0006095480358350597,0.00023054292921460901,0.0013984082397178923,0.0004557003265755981,0.014062157934530781,0.008858852191379246,0.0009124858833353604,0.5504933968963025,0.0012050403629128453,0.003681891096292573
250,0.011745829734848313,0.10392357182962238,0.011692739866708527,0.07217733733055624,0.10138786269584454,0.05761940848370933,0.15533358973707828,0.007448709605536601,0.23889833941597832,0.004051603625126721,1.7679038168894756e-05,0.006165665845146241,0.04012671603273078,0.00048643691968545006,0.052466908369543264,0.00028925891390036524,0.0017766235422153464,0.10058920291970452,0.00013648250273179578,2.2186160103095966e-05,0.0008530636903553308,0.0233694429426638,0.009421340798041983
251,0.06966925604004738,0.13382285252868037,0.1270062054274827,0.037052312477550704,0.0030817075025422543,0.07747797344970495,0.0005890027740411059,0.33811226221335833,0.09553884894290814,0.00013309998175026718,7.949575149070447e-06,0.04433636568514919,0.00096618419551159,0.011959932693417637,0.0010772669197853444,0.0002709541894517316,0.01467280716655913,0.010594438701370577,0.0017403425686666715,0.0235536671582086,0.00027226750454357665,0.007420565125938176,0.0006437371781826827
252,0.1420774241454769,0.19313979042238466,0.16365827750902037,0.031667148403241474,0.01148599949485194,0.06881465612629678,0.0027984795179554238,0.0015574163483419584,0.09799268003316954,0.0004950151291147948,6.288544945612287e-06,0.06740702690417678,0.006779653210198617,0.09290135861991188,0.031109846384610066,0.0001560095531533062,0.000562212557797093,0.07543482488432175,0.005807439987186123,1.1759791287216869e-05,0.004263609583404033,0.0005703391809477655,0.0013027436682059256
253,0.02918593486999489,0.2884997501397247,0.0042992664352873855,0.0141818372206891,0.0007906701202287685,0.002201020544051479,0.44270770090325784,0.05398350012057963,0.0010578328772280904,0.00023367509486979589,9.208975717920877e-06,0.0003585787471706829,0.0004122616549138661,0.0005226242552191565,0.1100563862362071,0.0003197759060065863,0.011838886792707013,0.00040550782013283886,0.001344930692806942,1.99418823633355e-05,0.02637215383339197,0.010702870233157817,0.0004956846442928768
254,0.030514677913226984,0.09017808978310442,0.0039128049619692774,0.12130206614905231,0.10035269943680306,0.10200751603079447,0.024551263882849884,0.12602421088170002,0.29080353344903365,0.007752186984750628,7.279436809949525e-06,0.00018116519863042112,0.004145092615204486,0.0009123927565354433,0.05033786126188857,0.008477045078233164,0.0012226240776437019,0.00044702059267151767,0.00022104376456344614,5.167022720544554e-06,0.00032379134814974393,0.03585955286461903,0.0004609145090450715
255,0.05300671410288515,0.0736363525463456,0.06122352561211237,0.010509990968592498,0.3708700650005299,0.017802050225049396,0.000442992408409272,0.17696227082934757,0.006589721179698186,0.0008178113649134615,1.0790073691185041e-05,0.03648486528609315,0.011350886985954777,0.017161323164656832,0.04080209896558065,0.0006212687050928543,0.00035202502614698345,0.09448409643580313,0.001209496750709272,1.7233436617132683e-05,0.0012167629624669776,0.0008109433911888365,0.023616714578114834
256,0.048642719013367385,0.5791134076734641,0.011585961173967745,0.008880860838956322,0.0020072271883649854,0.0039680477536835485,0.0011233906057134338,0.0037886336815260413,0.0028064932115067624,0.0009257984408519411,5.248223482831607e-05,0.0015348267298004481,0.003717864260314888,0.0014158014208580808,0.001515036637629442,0.019172740165771647,0.0033448125585797076,0.0015482577797637333,0.0017319791430069787,8.814332428144326e-05,0.0014617336015230232,0.3004198875314597,0.00115389503078058
257,0.23171158096275427,0.02114846309752267,0.00851689069646364,0.034779509321755234,0.02815646285015064,0.0037161644194279963,0.0005773289814459566,0.0023248905702551704,0.002710976614267412,0.0004290543442718056,2.762130005078994e-05,0.05603749045116884,0.18841916825364677,0.0007180700549362084,0.0020498016353879813,0.0019079550870579878,0.0010012239490149893,0.0006032633247356112,0.0007559769418250637,8.593747314418257e-05,0.0015142970784323643,0.412069819467365,0.0007380531249194747
258,0.0022734105081589724,0.13713367336882037,0.23942781390158574,0.035753352804548916,0.007646956777591377,0.13844462044005668,0.14024511083417482,0.0012257520956426445,0.0008858329258034141,0.0002932053481913378,8.883234673619353e-06,0.002283190835728715,0.11867775513242453,0.0007824085850941267,0.0004797998940528067,0.014617542271564756,0.0005415272331296552,0.023364302186093373,0.03963457414493535,1.9850427716772673e-05,0.09518892179638345,0.0008655061082731112,0.00020600914535542263
259,0.05035134779594159,0.06332216813131587,0.4681311015166126,0.11693515944523493,0.007678612858422053,0.008883098971269958,0.018368837434240167,0.08537234294372353,0.005792275494227882,0.0003629985665406897,2.148036778130446e-05,0.0009758338373908482,0.02047472267218658,0.021677647361149563,0.06357482682455362,0.047629290132172986,0.001385675797968428,0.00020547418461758536,0.00039881586265205093,6.28786907874993e-06,0.0015185272419173529,0.016541676611688837,0.00039179807931297487
260,0.055242318722646476,0.09715590473165496,0.48734204774385154,0.13093774568905509,0.028970450868808294,0.0030723554571997044,0.02665133849019473,0.021630281376009378,0.004173788827027245,6.539021407419e-05,5.336536307306258e-06,0.00045760581093152287,0.04493936579985206,0.008830979538129152,0.0007070033607744976,0.0003031347146707007,0.0036305339724072047,0.009808081093042946,0.0003462081847454431,6.192833435076073e-06,0.021479054789036955,0.054069409576200614,0.00017547166994491195
261,0.25544507474712524,0.17763768385990225,0.14469178222200874,0.043490775795751356,0.0008590642108421601,0.06330839030720496,0.0005059239372708842,0.0062668075347255495,0.00993001053717841,0.00011697446861655577,0.01509318974291596,0.032489853075770375,0.0009915460382174173,0.028799554640869147,0.04047385562565738,0.0015437832420916724,0.05716072879663236,0.0002085743897490451,0.002845879736567678,4.793522913692841e-05,0.11692647215621649,0.0009407359007849731,0.0002254038047643171
262,0.01852675331842539,0.0021104932911482025,0.24675143642873595,0.16816131242940896,0.0004876732600343791,0.0038844747865784705,0.0011940106511656868,0.04643765656422604,0.003887413057448073,0.00012101298486061372,4.620515756823743e-06,0.004605049983968144,0.001033414808011489,0.0003138176337160649,0.00030041835461172404,0.008784363063541249,0.16944489185379905,0.04252335993229655,0.20203869280653847,9.32004637351367e-06,0.003512394015149885,0.05346554053855876,0.02240187967564653
263,0.0009518422506330027,0.23456702534618376,0.37784540654630777,0.009643407791135764,0.0005158080166206702,0.0012502573902188005,0.0010009983900550765,0.0009399549612600198,0.0009171007482595028,0.00016640239815933017,9.547745152755602e-06,0.007876736882185233,0.0006069326058357737,0.002068883844678188,0.09560000863247449,0.022890183868790773,0.10000926881982335,0.044120825854994945,0.016859884973207794,0.00015270624644265874,0.0007195730599152364,0.019681434843531215,0.06160580878413388
264,0.006629461975624206,0.04021950747070561,0.04214813735195297,0.5675568617951713,0.030495326696061392,0.10250896148384027,0.016264016589221792,0.018954166570670703,0.0018657033211875553,8.781643602081333e-05,4.419035701827854e-06,0.00020304547888983193,0.007615664888484566,0.04422855683302604,0.008559486803018808,0.026251925484667014,0.035704570977448453,0.0014313955562201151,0.0044042697702034485,1.1545997220746913e-05,0.0009458112092980133,0.023925566689077724,0.019983781586286792
265,0.011935759596094322,0.1815433064308019,0.06345735624117137,0.2835966011481911,0.07422640678845492,0.1433867426013485,0.016393234300414148,0.027818385113941396,0.005664976837147817,0.00011892978846371821,8.775699442091317e-06,0.0002715685622705459,0.029074276401297085,0.0019388018203555495,0.008585539661085042,0.0042809298099874505,0.0005077794599398816,0.14567487785015606,0.00035610557191795885,9.966158357517846e-06,0.000650486930375885,0.00041977591978406385,7.941730900183986e-05
266,0.10022804029010557,0.019269607904655123,0.2365689774164914,0.21141759056990536,0.0007319029006979536,0.011105079086974062,0.040970169637544684,0.0402230332479119,0.0032159827351638287,0.0001988052722082372,9.197987937601064e-06,0.02611859149156603,0.01781681389434901,0.04445951271481508,0.0034077268021924525,0.01872896064619377,0.011257262879871109,0.1299548429880494,0.00038551325109190696,1.6222239945464795e-05,0.08321102494831924,0.000517280789090639,0.00018786030491996995
267,0.0010970302357431129,0.0016406835028049634,0.04003724480629851,0.12858579987514088,0.44797261034162494,0.1691946821862134,0.004049978415813932,0.08259799103939812,0.08078669330222235,0.00020967008780568,8.641197697780456e-06,0.004285303906607954,0.0008138677465359188,0.00031080487582288115,0.012133336167409055,0.0003536033134624803,0.0003520834889333837,0.0005528611187112452,0.0002252004923580771,1.0225314232545862e-05,0.0039059379408318434,0.020697247840157307,0.00017850280417361106
268,0.013763946165573865,0.11048346007593338,0.022050292008624642,0.060553846463320196,0.07888761909538955,0.03673474004564597,0.03579082559085379,0.14821721485725883,0.0027053707150605758,0.00021381757612626577,8.118729271610532e-06,0.0524226826693447,0.003009227884391448,0.01198324344205044,0.0003226886580536313,0.04420396805498259,0.00034061289100210983,0.22579421983620215,0.00021204891151112228,5.883274848397989e-06,0.11016388544768459,0.04191864665105801,0.00021364095581215254
269,0.025986502439899906,0.0434982365109909,0.141298345890944,0.025616435119380613,0.13394463281067312,0.04129479258536229,0.0007547742373836873,0.1552893942357164,0.08640260815426468,0.00022827275018205112,6.415343931805513e-06,0.05017617052827963,0.02097194786626102,0.022458718118832117,0.022232838134979237,0.015493133276046438,0.009499284439740486,0.009435309965560051,0.006513908711320209,1.8892287329294493e-05,0.17026273777104692,0.0005864948682283295,0.01803015395364682
270,0.09875221664177161,0.10347706313620715,0.17771843942376286,0.08013887291214182,0.0579481850784646,0.008974434523702697,0.00033909932587018363,0.0895970186014095,0.0015954243853752268,0.0004474408982049885,1.0092605550995789e-05,0.019562169139284193,0.0006283210052597662,0.007368779751494376,0.02257116276319608,0.00016173633877443786,0.0003571764785801992,0.3287193816094725,0.0001771935230707941,3.053366355801742e-05,0.0005027897395129454,0.0005656592478775823,0.00035680920745749517
271,0.008809391911853308,0.04659349119178388,0.14598132447583978,0.009598398569834953,0.26648183025137917,0.10544254399408849,0.003423411008088374,0.1791006379317665,0.07442875978412081,0.00024919494082481844,4.785208703787149e-06,0.016635507531397167,0.00024152401881962353,0.0006331656144976932,0.022803146265616404,0.0006562865455367713,0.00023298014368360197,0.07103158326932064,0.00015077714620448786,9.00894045143434e-06,0.046261753315751816,0.0010363595990977598,0.00019413834133874427
272,0.2209785891222843,0.020125836236760387,0.1038279111487681,0.06488917618016173,0.0017282909768761903,0.11630855632095106,0.002493652858664553,0.003174476030836455,0.16873355785462385,0.018823697069595795,9.32996526450483e-05,0.000905529615457223,0.02973404883059253,0.2384815867276106,0.001144151119607279,0.0011781580662200176,0.0005172274817820573,0.0013594607803876259,0.00027747656730743006,1.2169254595423726e-05,0.0006375975981347057,0.0038295975662137245,0.0007459529399236829
273,0.08009048982308342,0.05069151645110218,0.01647576967390763,0.002619100736549275,0.23569931159817828,0.054509949268346784,0.0004141232422695469,0.05789634675278869,0.013397751204204094,0.00013056133024548798,5.580395925009388e-06,0.0017606102198206375,0.0008976789818080697,0.1526326996344544,0.310260645943222,0.0003491067000908441,0.012217076533106752,0.0002453243054891762,0.0004845828061772444,9.52136675469966e-06,0.008469719222205912,0.00047390970524374215,0.00026862410502615777
274,0.012100468541180038,0.0021412448426128363,0.006117847183459815,0.009049166514840144,0.11534480090301254,0.015689610894475778,0.05577687917211616,0.19607183598322137,0.20668900771647827,0.00046411438612298434,4.512570987686721e-05,0.05175277647201129,0.0008289948212747644,0.0007051089858969678,0.09461023025776726,0.0004080074344369308,0.0019735090793071694,0.1941107523474687,0.0008370295951990637,0.0038791828526737134,0.002981349572280718,0.0008835638166813965,0.027539392917605373
275,0.013633096137173388,0.03166796944902768,0.001977083476189753,0.0023246208399050655,0.0006999001751354479,0.00111867302511261,0.0009500973207568547,0.0010716370601621446,0.00094633308024784,0.00017044540175518375,7.206166549306785e-06,0.0004045001381427942,0.0016819422425172848,0.0004999982470419703,0.022698116319486015,0.01822823118645221,0.09283482923218887,0.0004293140322577715,0.17884742266675333,1.3837041679415708e-05,0.014147038919491348,0.6154230461679824,0.00022466167399132707
276,0.20854882824819554,0.014622778452743509,0.0036397136732727923,0.002517139992991393,0.0007600956726910265,0.0015707373471371886,0.0003132837777909254,0.000907136507445763,0.0025642010735217637,0.0002653870882372256,1.5230151501523098e-05,0.00042476551662578205,0.7354179766966662,0.0007695840656382664,0.00036016701669014156,0.0009462770081074379,0.0011872595590129054,0.00040996737894602545,0.021933764954161206,1.7641763086535115e-05,0.0006645015995687609,0.001951823677509658,0.00019173877845861417
277,0.010525069605390317,0.3778297916175558,0.06944706203577347,0.004283440947021025,0.01667233200032865,0.002563754385420614,0.0006916369720244888,0.005193491392866025,0.001705286315090062,0.024442743190772543,3.1988733169766034e-05,0.0006662898877044255,0.1172577897110847,0.29230016244278284,0.005602741308503749,0.0006474300121684408,0.0025417003348356003,0.0008652860096059028,0.0007822894302271171,3.445283144533038e-05,0.029618946814978616,0.03583798799116889,0.0004583260300817405
278,0.007845469107469605,0.08532645560890943,0.6554350185161409,0.11936676043969681,0.005089822713839499,0.037068931552593526,0.00012110057346628947,0.0007591257034830261,0.003842120072390693,0.00021098904688115087,6.8373857453184245e-06,0.0001373972971378038,0.004495998827732055,0.00039293474988503493,0.010601894180754298,0.000446178212485836,0.00045744160643299995,0.00017111922686407875,0.039562822209198836,5.012949565697169e-06,0.02818216515281276,0.0003908616227488541,8.354324376558768e-05
279,0.2863480053374811,0.0027960545466600823,0.44713521886859764,0.011382331793277169,0.07619023545805928,0.06318161391164262,0.017407242189465707,0.0010984392816574126,0.0031105360732317277,0.018040393275747774,0.01611501681066601,0.011661060137567767,0.01130406003118662,0.0024654911022395387,0.0004831571642149822,0.009228480455458404,0.0005092923633858451,0.00034359011784533474,0.015089173580204597,1.8019731949810107e-05,0.003698409764166899,0.0011882449333027844,0.001205933071990875
280,0.024938423272728275,0.17731292620421532,0.14212791572937625,0.2058546512683154,0.004363136943451552,0.11270837524523263,0.07680393877068378,0.007603931737496053,0.15209423395427177,0.014261088237139211,6.433235276297401e-06,0.00022363376175112967,0.0006133657303448456,0.0004189527499661973,0.014619049644389637,0.0003422845282661424,0.015946656942914982,0.0020187575399609014,0.00037676229603194743,7.873746565828015e-06,0.0008690812198770387,0.0006111274146796547,0.045877399827065346
281,0.032361620607081344,0.12322203891301589,0.4521104309750777,0.15426276258463598,0.0013544039842136168,0.015413698269500007,0.012024664495043014,0.003097708228413668,0.07672078446724186,0.00020021759623833107,1.764359533542773e-05,0.00015681666063876445,0.012257463217290841,0.012112129050818828,0.009337829140371321,0.0006761767372433934,0.0004719650611330653,0.0002007642447587731,0.06709987218989172,1.4767551953075824e-05,0.0003106204796450934,0.020117674912241278,0.006457947038216824
282,0.002682928735632152,0.1445954616883697,0.4233874975482815,0.15965398041122783,0.0011662393556176316,0.11767409166584969,0.003412536620574862,0.013333072894055513,0.02020300323679118,0.00514723129486513,0.00028720712445644514,0.0018547223482788544,0.010497924020845132,0.08640992283288987,0.0012759741643872185,0.006929705428053448,0.00046902967450018415,0.00022954352161850747,0.0002234784334221929,4.433459940098934e-06,0.00016405589489107775,0.00029443483878160195,0.00010352480667037085
283,0.0517804634401423,0.1011454995751393,0.0062717536206160504,0.02546282705973333,0.07899979834011692,0.4472289191003719,0.0018447987261653006,0.006154864311436206,0.040443151679288226,0.0001513935267086011,1.3315821359732722e-05,0.0014196646321857822,0.00027199665713567415,0.0006021434104528298,0.0035085889685218244,0.0013561943808842087,0.020709908666214867,0.08937095639730239,0.05285017178019296,1.8508188283025543e-05,0.051763848276972564,0.007736533727829095,0.010894699712946966
284,0.07749552231147652,0.013176266761637714,0.0061985213856845765,0.30592025022816643,0.008404469176726156,0.15526258188279332,0.011396320148344734,0.001989291188992222,0.019778729396711707,0.01604917882221085,0.034055848802768754,0.026641048795521993,0.07314490031810052,0.090772985009144,0.04546897268193396,0.04227471606392151,0.015323079746069501,0.03466772180605132,0.0179910323854387,4.624785109754228e-05,0.0011985362219546528,0.00209144793737179,0.0006523310778816736
285,0.12554869285543183,0.13832727561761565,0.0671413062899368,0.027792055492468083,0.2137884108354703,0.13762032455980408,0.00022143609126278247,0.006763395080213099,0.0010634564232414145,7.701559181961195e-05,4.352421836811289e-06,0.03493675897253419,0.00032284901925658244,0.0990488230414134,0.07744738369482984,0.0001352191650728645,0.005840485386213008,0.02956997416821858,0.010882260044378766,4.0749706091995744e-05,0.00032874626563801624,0.02274250515566297,0.0003565241215893199
286,0.02086119561351593,0.3113137627408086,0.19174565653843328,0.003922379371209548,0.34079810335159116,0.0038446533899908824,0.0010733322869895074,0.03956679784227479,0.003755903451237951,0.0035676182512943376,4.596344769145958e-05,0.021248226686594276,0.0003442720356284492,0.0023361862046236315,0.0005683205738645254,0.0007985305876811016,0.017366587909299853,0.0003765727125148846,0.0004815717265565681,9.768236207346168e-06,0.03396816283264853,0.0014081264118395664,0.0005983077975038498
287,0.004422703616895651,0.003280774477196106,0.03194546332331207,0.03483539210591767,0.24261911692427415,0.09909566247362334,0.012868770478200101,0.22499722376998074,0.06653598459756564,0.0035502306121180656,1.5682753221718846e-05,0.00027021684735280315,0.0004654337237231903,0.05193991440450034,0.1440909510900898,0.016511978061162114,0.004279906887979691,0.0021443118233653055,0.000911228097619847,2.1336496809892074e-05,0.0245278699561671,0.030456368619144986,0.0002134788597796621
288,0.04083600008027416,0.0709274355685023,0.07949952250027996,0.02130999410886531,0.1447243439016898,0.3353347685379097,0.16999729188527063,0.07513853672290383,0.015787960733590456,0.0007312220303009575,2.9968764804984436e-06,0.00018242658091185366,0.02342220006173356,0.0003648220695219616,0.0028407875107724994,0.003631823898908877,0.0010513424679948788,0.013205753814214374,0.00011489087627656832,6.462327520770075e-06,0.0004831440761235223,0.00031494742664592816,9.132594330741434e-05
289,0.001182972542698287,0.11124394061977293,0.015554569537913633,0.0045077336059004495,0.04821574285716148,0.020548188582773234,0.005580079169196456,0.12158935595635027,0.21013852218625395,0.0028395899681970334,1.0354022878780677e-05,0.008098313502130071,0.015989561543067,0.012060388033019979,0.1252525801441719,0.00023268688120856165,0.020031634473429396,0.1795291248405386,0.0030943508896317524,7.2653176253662134e-06,0.023623681937812502,0.07055566025163931,0.00011370313662908111
290,0.0013572973664790172,0.15217131752967902,0.02138150836659275,0.0968347735270944,0.0060052870339250535,0.015545239024042872,0.0009569036770232627,0.5180483839108015,0.08663526822853064,0.0002455455268981302,2.5465576451487135e-05,0.0005510263059325144,0.0007487034264015594,0.0007738241308287803,0.0007838657121029543,0.0005910654763107189,0.014057847412879488,0.029080634045412595,0.03657477716865045,0.0001373005887617904,0.00048414875905364015,0.016022626836579273,0.0009871903695679
291,0.16576551839840203,0.16176580382812092,0.28890848590275015,0.09453024234815016,0.06023655092760149,0.027729669829576326,0.00045768340014714785,0.001118009183654865,0.006247793401250095,0.04486429953125911,9.917001972668113e-06,0.00022755935969599522,0.005190305390154866,0.001389612986872789,0.03079156688107575,0.0002263059750234483,0.033529078346639124,0.00022699014781872533,0.0755360126783665,2.304516457650989e-05,0.00043992428597723615,0.0006462807296327644,0.00013934430128115385
292,0.11618938886850091,0.09101929328989977,0.04248740814000863,0.006173145452626036,0.00703060335644163,0.08724820770641672,0.09711334680302344,0.003225159104204091,0.007952704140753272,0.00042265664399342867,1.0471181202883709e-05,0.00033948239366274845,0.0017597910276449357,0.02559232955004178,0.0043643777994843425,0.005920753227448367,0.3031352885856534,0.15966625687057118,0.0019706056203252333,1.1564585518665141e-05,0.027859345139152746,0.01037077361333004,0.00013704690009571637
293,0.016233566066123452,0.031161099149863862,0.03342529062859203,0.15103012035181018,0.007383355732643467,0.019461557811549686,0.00736026085461663,0.02646318815078837,0.011109126244003464,0.0027632998946484693,0.00020854331791936054,0.004338264323213746,0.00542863712474738,0.00421785579793804,0.005277012847155098,0.1348165148730439,0.4110344520098234,0.014582254928516766,0.019550223126806855,0.00041768894158751655,0.009713096480428595,0.01296626981576943,0.0710583215284103
294,0.4365637454337097,0.006039668799721104,0.0042844173397597485,0.004238907987733589,0.0014787832066080356,0.0027244369171234737,0.006647848174985304,0.0014147918748212004,0.002199783924642875,0.0007241316376206187,2.5560032540415396e-05,0.00043088518212380865,0.000726137295183939,0.025533571246129955,0.0013285351044757514,0.025815296969794687,0.0010560294310277168,0.005484783837933881,0.03452802636485947,1.6166361708851907e-05,0.0007155800159693032,0.3987559362811381,0.03926697658038862
295,0.1636358596210593,0.21446352005523076,0.15535117040160681,0.006911171139133778,0.0018472794350215464,0.0019779090879819407,0.0005716336871171999,0.012696842392832034,0.0013818363101745057,0.0002549073516230388,5.998592414211858e-05,0.09575673630282777,0.10907287649582986,0.1946812131571727,0.017574454193064748,0.0049938664716564374,0.0005887912482250823,0.0007843415688060535,0.014191239353265207,3.385215786517581e-05,0.0006037826894239268,0.0019826781248629575,0.000584052831077058
296,0.001224738871241134,0.41384518406105386,0.015344628926306387,0.03477283096240553,0.10223148032246647,0.003374527581905933,0.0004892170413022354,0.0016532939886579915,0.0014888740872560841,0.0006833341794892114,0.018459317487554704,0.3151732156289548,0.0010658388867660342,0.0019303664388199875,0.0004587246412338795,0.05626683744710563,0.0016856521454301173,0.02297052411310863,0.00039572755919397526,1.4756677849326253e-05,0.0014622477257145074,0.004749669736359616,0.00025901148982396624
297,0.08932668740463627,0.017011595209776183,0.3757132160188147,0.0173848997797747,0.1138733495308967,0.05764559649055187,0.046303004037604734,0.02961890610869818,0.05142902423881971,0.012783292333834644,4.271309641085417e-06,0.0520945712191282,0.010746356617896686,0.0005607473486599488,0.00032565534379776857,0.0014926094146377352,0.01365277506639829,0.0006366817181679997,0.02676717585391939,7.604557036123667e-06,0.02003893415067874,0.0009753519415752719,0.06160769430505506
298,0.0950529714420402,0.07302452561857044,0.45406586875691907,0.014070652755197591,0.015878480169366223,0.015589570065838231,0.00023229419647434062,0.13724826886924602,0.08184492523678312,0.00015251238886322322,4.386329258611372e-06,0.01674961821086763,0.0029112299207267457,0.00037675398218786843,0.0001820423323477478,0.00013102915048437058,0.0010166026609401261,0.0004011593871553657,0.00032891147379585523,2.1057422907843353e-05,0.00024199614949539655,0.09006611753035733,0.00040902595017665267
299,0.274367903825418,0.12851608707868176,0.359601824473917,0.07094371695672083,0.0003577604428722212,0.03321256378830065,0.00023602595417947556,0.0008925566551831432,0.0006338217264929174,7.758027641349307e-05,4.345824446420863e-06,0.0001346245702305737,0.0005407752188754312,0.00016804356329986472,0.00023916135856699386,0.002160288648991232,0.11165956365239876,0.00021619882362950083,0.00018531704261949523,5.129837165156254e-06,0.00018219974782316127,0.015544462838172663,0.00012004769560129135
300,0.055464346854201825,0.10015392518948993,0.39008819624134544,0.05670623041125809,0.10142824592737212,0.05564694435543396,0.00023534503051840202,0.0014448427792085484,0.08970969506807563,0.00019332268037350363,5.4097188261668455e-06,0.00014980048856814998,0.042997965092826704,0.0005913929214231321,0.0617138692123638,0.00020088316928429153,0.0010436012952160963,0.023428324335631984,0.0004902872121965313,6.5861106649641235e-06,0.017673904687913043,0.0005073709761896441,0.00011951024161804691
301,0.08603093630195754,0.06351423262534946,0.3101201622133923,0.16715682926596062,0.0073255263390360845,0.0023048616266220343,0.00020351505775988773,0.0011197301988013146,0.022530370740579425,9.376649877178414e-05,6.710513845608768e-06,0.007659960368151017,0.0004069812966152896,0.03359119499788967,0.0005681026877657746,0.00018321554578984203,0.04045932517867993,0.1418276268590109,0.003354958477185188,1.5917416049040895e-05,0.04156331188945664,0.05097678376415279,0.018985980137178032
302,0.024323062863908493,0.043639661606657096,0.15448245881856007,0.44443389651982135,0.0011087758662414844,0.06182810924447399,0.00027246046745344453,0.0013206527991254924,0.06407166151448691,0.004232842249232956,1.3559401753499763e-05,0.0369495930911169,0.08455197616448151,0.0002660332880796181,0.0730627243451671,0.0021529550140951766,0.0004918575049272861,0.00044091341546123423,0.00024159662764169408,7.110711180560646e-06,0.00029704961343599376,0.00167271652803992,0.00013833234465825378
303,0.0007530273976269129,0.002074595765153398,0.23413133046105808,0.23284863473912526,0.0007872950298917624,0.002764274441193287,0.004186955591429356,0.0014083900143685203,0.0009431844585783861,0.02996470153238067,9.665999974981715e-06,0.0002655586854661069,0.029959097597649673,0.079156374951916,0.006769715319645535,0.00020354039811852824,0.032363978100523494,0.000402713078568779,0.00023239811958171118,2.2763781673509014e-05,0.33974864045248876,0.0004565121827963672,0.0005466519007909079
304,0.09102577188029441,0.0008513671457662697,0.06878415471931568,0.567311937320336,0.01756403500921203,0.026972018080064518,0.014441093659496035,0.03279890035725531,0.15305733086626383,0.000879374723516589,1.6991062857717617e-05,0.00023378555076714806,0.0013203195974792162,0.0005026846433154404,0.008227903915349423,0.00015199365039603982,0.0002653318794234871,0.0004992103182944369,0.0006168950270102698,9.351976542216204e-06,0.0008997868818978784,0.01342177981837962,0.00014798191676661853
305,0.021987465680230883,0.10228240897383385,0.09175298774029907,0.02866286834267088,0.17983028684371052,0.09132858893637537,0.0846685650340016,0.008773080925818202,0.0228491093765007,0.0059991230551923805,2.4226514591507052e-05,0.007685795506600621,0.03969879087670198,0.0008834143265629289,0.00039551861532107554,0.05179003458800237,0.0007678320342235671,0.2514900151475909,0.004606925891017249,0.0001042079873586591,0.0029764080548034086,0.0012309489666899095,0.00021139658190238094
306,0.00504135949877452,0.11330734117866215,0.25263757532537046,0.05714526470445043,0.17536558950069828,0.04058271752642188,0.19509748528957424,0.02906389464458058,0.011391655452229574,8.013849687558641e-05,1.5991961454912806e-05,0.00047407652015646096,0.00788760934698475,0.016383693633486518,0.07665379164729517,0.0004903079713158129,0.014126563572740839,0.00016083995662632695,0.0006618395898243358,3.370565779642608e-05,0.00017626999084345175,0.0021817900314673624,0.0010404985023699412
307,0.03182051923822693,0.07398073832617859,0.16063131947325132,0.03158447005831941,0.010230722756269196,0.002435807854473455,0.0006861141206294129,0.018634397438156477,0.15851782206899473,0.00015406210548333087,5.497214161364454e-06,0.0001447645173383765,0.009878505462212252,0.0003584213021576414,0.01858377873027193,0.00048552116370986515,0.36176325410756843,0.003001506413262099,0.03455911778699299,6.928052352510317e-06,0.07122880361432911,0.011142346925218127,0.00016558127044248884
308,0.042653902034269664,0.08485053671042414,0.004853091198639513,0.0019844452543405517,0.1037511982664674,0.08021042707395191,0.001650050229246289,0.17998420186692532,0.31573014120401016,0.0007137672440366766,6.382042840224483e-06,0.0004228533445866941,0.000514204657434685,0.00027486877386676423,0.0012572500168819684,0.00022104123728498322,0.0004947627627872751,0.17945482525456946,0.00014558772355560204,7.461969508646736e-05,0.0003207049627108068,0.0002770334778472399,0.000154104968236178
309,0.10956144774102584,0.11466600671649452,0.2748185388229358,0.11575385229064963,0.019505706363944622,0.046762629689363976,0.0330740705615417,0.052365914280162254,0.0940682985220504,0.00012126968912331724,3.1154247370530066e-06,0.00029408927334543606,0.013152259973904817,0.015645861362265256,0.08743192370184073,0.0004581176956953463,0.010641709424841382,0.0006430219509430078,0.0008029767856522653,7.0309020531217724e-06,0.008421758899105725,0.0009236447734409254,0.0008767551548828987
310,0.0015641714637412167,0.02269957400636983,0.07617174208572612,0.003271931583858395,0.08892572180147444,0.23164782870496972,0.00026664016355425093,0.22730742047086536,0.15145303567403517,0.00010644360785856174,1.6259996757295684e-05,0.00036208468440748515,0.016321882812304397,0.0003762967755886328,0.0004553936135285398,0.0013051195818024406,0.13851830126184803,0.000959020441640567,0.005508555241134979,2.16580879644367e-05,0.004452417365256131,0.009311636434304896,0.018976864141009128
311,0.05389233806332511,0.001735582486475573,0.0032506474908864658,0.0021824290226401142,0.0012276526961031231,0.003925703767862826,0.00024387005732709826,0.07246668747565693,0.0021827620626318493,0.00021932763491369072,6.551271504441422e-06,0.00016506553421394372,0.0003786125948889796,0.002534277090649909,0.04907970757721075,0.005758346508664748,0.021208117848669317,0.00022500778876013202,0.016399424572617827,6.910230723081987e-06,0.0003514910667291128,0.7624273030482978,0.00013218410924719493
312,0.3413569551367779,0.008231949340757966,0.004972674648156586,0.03901407939708423,0.0011094879637479418,0.003089918379827179,0.0006783088645496211,0.05838051872647843,0.002031219981771252,0.0002860204869574137,1.3642064284742374e-05,0.023006984409867252,0.0018636263151754196,0.06679194337998831,0.0009225199830828289,0.009517017402291451,0.029688996904788833,0.000456758907390512,0.35741011728748384,1.9862154488424326e-05,0.0011266858572511306,0.0352665548104022,0.014764157597396552
313,0.0022568891051901177,0.0016760550039192452,0.6321986790000125,0.0039826415082944485,0.0011579845196980215,0.0024846915955993756,0.00023967928774378704,0.0012640980291660539,0.019867737025412613,0.0001324760631637541,1.185196294830489e-05,0.04867006750392868,0.18002702658002953,0.00044708433551704263,0.0003314469873929953,0.00018789577212872024,0.0029262447876876752,0.031237868746745757,0.0032249747792251044,7.980496731716177e-05,0.0004957473139905173,0.06669813500154344,0.000400920123345206
314,0.04636526063344234,0.03579702056130967,0.37555813936987126,0.08985900515682158,0.08856816957336808,0.06486623083002631,0.03993852781823406,0.08348759058280719,0.039751331828436154,0.01384680414201863,1.294814769839052e-05,0.005609704157256776,0.02982272675208948,0.023330591669956893,0.000856254715521874,0.004339143409987324,0.014848020389363644,0.0018044865127802713,0.01154718150403195,3.94229141943416e-06,0.00043836637857589723,0.02822039286124153,0.001128160713741283
315,0.042168712202327,0.002136305456960706,0.4860166199573297,0.017293495468758885,0.17437394072567564,0.04396259442774967,0.0010477266227402506,0.06777747092780215,0.015305421712678607,0.009086476380344837,2.375624081152909e-05,0.00021718305354748063,0.00046911184601442055,0.06674356123944253,0.014339881415903567,0.00011712898487763484,0.00027924728128834645,0.00024279205966662223,0.00020323624792389686,1.4260210071991888e-05,0.013446897171903545,0.04357158385158022,0.00116259651460079
316,0.0390075510460052,0.003267273566532093,0.4074400079210283,0.0105103817612503,0.0031584838938308528,0.029845237146850646,0.0038088716867479273,0.06536918713875965,0.04003923916716018,0.00020568024290428539,8.1321913103288e-06,0.018899455207842208,0.1948500774554616,0.005398502903731187,0.11402850524642236,0.00016489508370347785,0.00024261652764327832,0.0135121592329151,0.00018787912563056724,9.340471265541306e-06,0.049289117499656185,0.0004319021030403786,0.0003255033803086204
317,0.0362493839780224,0.0030572501456134875,0.32723027001971083,0.18696650450305155,0.0008853557931946428,0.029573632520720657,0.0003767517688537575,0.0012595131576682629,0.04986744410354394,0.00020414053390535147,1.6434773877364536e-05,0.00034277212215093014,0.00040490759573353686,0.0005586927226918598,0.25713220933344666,0.00022371577456501898,0.0003614724682980147,0.07475813111693527,0.00022041327827566266,8.362861339597642e-06,0.00042347999230543627,0.0004916743908294057,0.029387487045266166
318,0.11063678623658542,0.15171973533127672,0.0934037247562867,0.1095646130434056,0.02923868797840647,0.13543710608846807,0.00028914440417334835,0.01876435011761088,0.04195415742775182,0.00019727880621292525,5.7947588430178596e-06,0.001386709626589329,0.0874818880367503,0.04305136240162763,0.017534713905148287,0.0004975977087323728,0.03539412545507059,0.0007627999636511015,0.042720455930225665,3.755375848442705e-06,0.06557406118131946,0.014107849100187357,0.0002733023658284943
319,0.001146147535539526,0.0018976103193925208,0.16266677861820825,0.531363861758008,0.0006340546127003531,0.034393842892850614,0.0003009915526193846,0.0012134831283280992,0.002992819115188605,0.00042951365378800406,0.007366843802769845,0.00034893477713523243,0.01736979429479486,0.140863329716939,0.0006504621984910223,0.001501539291382165,0.056008716999981716,0.0003359869210215934,0.00037587408776656723,9.208839402461067e-06,0.0003642911901589472,0.03758615975358875,0.00017975493994466283
320,0.13176808368005588,0.1447468606240861,0.15153219031350484,0.4297368449927291,0.000959767396434035,0.053714246001388,0.0003454801321543174,0.001400711960342895,0.0010625311684216883,0.02261054948368246,7.620334061712003e-06,0.0002439630295565307,0.00033783002567174843,0.00029387079706400356,0.0004837430984208546,0.006434112347968396,0.000442944293448376,0.0005802814980716146,0.017869068642010467,9.96995487861435e-06,0.02971997247275274,0.00550365203736845,0.00019570571592721918
321,0.031623875990593006,0.0007487674459428732,0.023476405669888796,0.6878783804998084,0.009262041851675095,0.13503321003876265,0.00018655821350488605,0.05116783851164391,0.009495597350959919,0.02345223470081939,6.864124544717535e-06,0.00017591992080363508,0.00022491883824500247,0.0035125017690272567,0.02157830125532443,0.0001678274139417122,0.000334591966437524,0.0003009050964951415,0.0002062067820191104,9.219517925030526e-06,0.0003227401532407283,0.0007102801494466595,0.00012481273895016543
322,0.025112802376752053,0.007223769140040864,0.09380109212640425,0.2353088195618106,0.08030624064099251,0.17987510250991198,0.031135175720863377,0.0016064607990926645,0.17639362382909984,0.0006468035186793843,0.0001864537585354008,0.0003033622727514182,0.0009375673229863159,0.12335823199614107,0.00030491172197434706,0.00025815850139543974,0.040613294342030176,0.00038089249754081435,0.0005277366133372918,1.7649211578313216e-05,0.0009011091586252144,0.0006467999538480039,0.0001539424256088064
323,0.0008676141639345343,0.061629745106983484,0.16023277816669282,0.12501655056701153,0.2693375537841212,0.07804329330705918,0.0036162814277739376,0.11625098113791092,0.00104982676689275,9.714625463974276e-05,4.157238318334627e-06,0.0005445390115886706,0.02736716349931445,0.000624034105477797,0.05323762346145845,0.0011933663588402173,0.000500409847423915,0.031041755070268028,0.000354523706835659,9.019890013921912e-06,0.06845546981626675,0.00041446439893843786,0.00011170291223525192
324,0.022242176475961186,0.11269213420217963,0.044015351773989075,0.06391818073055211,0.17181308403289144,0.000722086332175087,0.10459767677519952,0.08447543056922646,0.00723455979661678,0.00012458539466653256,7.3649419893728835e-06,0.0020385361658194494,0.009830298789854496,0.0008166648960523553,0.021507268891882675,0.0006122056082628775,0.06355403010963123,0.036806399953809216,0.14095643001948607,9.015851174978781e-06,0.11144061932278243,0.0004928581911309917,9.304117466602416e-05
325,0.010599477785270376,0.14376802711946768,0.05562408021829719,0.03789483122167868,0.0013592580081879693,0.054815119710085514,0.06245773097885876,0.12029969356073815,0.0034847110488190184,0.0001753787910902577,9.385427858501672e-06,0.03710947949034057,0.00048079422579405955,0.1291464656185495,0.0779138622376988,0.018686059336899236,0.0009661628699851502,0.07341152380327491,0.0004749452056065126,0.0008557813345974837,0.1680437455774862,0.0009856294526239852,0.001437856976791523
326,0.013713663698045702,0.0009520036519146571,0.18309733005389758,0.030839108596268896,0.10597702801524533,0.001229315108350929,0.04833784458544303,0.3036860670557689,0.06567808296089576,0.0005989487374518265,1.0048598265848999e-05,0.043393163647755,0.0013857261260322423,0.02669030575762359,0.08988608885500315,0.00032167493922923327,0.00026143546850929876,0.057090005847589935,0.0002518833160916302,1.8869911806168626e-05,0.02401251164146973,0.002385903235180964,0.00018299019216075715
327,0.03698950832964622,0.15702723030864593,0.003569637969124224,0.09760679619231225,0.029637276420257604,0.005387439927838784,0.003885520312468242,0.0017051645834711196,0.010704689976893151,0.00020617317176364837,3.0227235945003868e-05,0.008319287634362701,0.01264429702376952,0.0014264113167373196,0.0005863223018280204,0.0009555973837744894,0.08795876224763866,0.0005854107917821677,0.023915593560771796,0.04632157766699808,0.00035902504211647997,0.4684736909850674,0.0017043596167872982
328,0.0493543914466383,0.07401472376916868,0.0518376652776349,0.04516924231650578,0.01923416633189966,0.0021220503365318834,0.0004761033361046324,0.0031815427179674696,0.0008955562589969053,0.00014786865804442784,1.3552543854918553e-05,0.06332029658599156,0.0003716540599811406,0.4648611843901405,0.0010839931097707993,0.0013181243975237378,0.1544157737977289,0.03174774272579669,0.00667277021098452,2.965783117581936e-05,0.010967321573342107,0.017538506102515228,0.0012261122217014377
329,0.09818638474983325,0.15967887844471554,0.33827537904521204,0.08460750880049682,0.0010673350401051455,0.058173886137563795,0.01509117015371044,0.019359547053565598,0.052170865355723246,0.00016588813925829445,5.344419235562835e-06,0.002501390184852162,0.030325390999759498,0.0006291115156878219,0.06793976687120096,0.0007137221729766921,0.0378809313580435,0.008195204609995087,0.0009779628730788217,2.6634476962112932e-05,0.00028281491654270983,0.01484613156498388,0.00889875111649705
330,0.18335092609136303,0.06954737625429795,0.408802225472009,0.01877667721230038,0.0005094083359310285,0.009016071218416922,0.00016009856551083067,0.028889605002522495,0.05759397411385295,6.8301653889496e-05,5.4148503983837935e-06,0.0018160966622265966,0.02748004763337805,0.00021886417452514202,0.00020669940603800047,0.0002462766124653463,0.0022110390668575214,0.054753298017235316,0.06508815214449175,0.00020934834086936012,0.00022406931780716676,0.07067216183853162,0.00015386801508181797
331,0.027274691543272014,0.008562152960520925,0.3821320198036687,0.09817066475514827,0.0323277707279002,0.04290641938068742,0.03773372225535987,0.20075133091206396,0.003898146753112961,0.00013620134531308517,4.0487632464853354e-06,0.00017794010438307902,0.005664398120242448,0.00030171183552964463,0.013327559985765009,0.00034957876666872283,0.02060705148882845,0.0003033140918272978,0.0004934994944729009,1.7471733967965438e-05,0.00041335742336138923,0.12431741094415714,0.00012953681050223767
332,0.06498918978645006,0.05744717474221454,0.23126511158927718,0.04826575530892345,0.0015992692347530763,0.051141177494970935,0.0005504884428422332,0.027125080698361115,0.033755674629740016,7.076081411202357e-05,0.00012054957208910459,8.729875593106215e-05,0.01849173577630436,0.003315763743536296,0.0003864445824567877,0.025581682759068254,0.11538667611064042,9.416943551024419e-05,0.28360400784355233,5.389231798756843e-06,0.0015835725323896706,0.03505607886859059,7.694804648750647e-05
333,0.018471732208333657,0.05411777064969744,0.4663974947896439,0.12267199092310883,0.0005744363582146353,0.10480813002583306,0.058403887285688766,0.001607310635226871,0.0015022059209684655,0.01146147779661101,0.05294357261779293,0.0662919027530372,0.00019002031769108755,0.02713870756919191,0.007701723714298459,0.0002196290136039024,0.0027582271897045067,0.00033032019183762017,0.00018628950884194684,9.952073721917789e-06,0.0004453756908861339,0.0014207458640327364,0.0003470969020331551
334,0.0025665345368551615,0.26303598422684066,0.01666528863685232,0.44878172407519973,0.017496355793550793,0.0038725523638329365,0.00046677197152282627,0.0011978811311119163,0.004206848058820177,0.0001875132998129982,1.418442607240326e-05,0.04757776986184936,0.011871654119203517,0.0905040823594121,0.0024971973531953636,0.017478821732150235,0.003762860741992588,0.005612511608979402,0.023490022791751355,1.0458895536193034e-05,0.000405576436829693,0.03759682704541082,0.0007005785332176105
335,0.0021792365937237353,0.0008642475281978139,0.03708134115856856,0.41863836533720966,0.031092523409410804,0.017438560381501617,0.0003068560028527566,0.017466503412181585,0.0018670998699816404,0.00012633974556720083,8.297992161287637e-06,0.02921539229108195,0.005292619221545837,0.08282511905408611,0.03749114853580386,0.0002798249180451416,0.00035930813137027677,0.0005235576049981278,0.0001490475601509268,8.958440455253858e-06,0.30903376307750685,0.0002751579487472135,0.007476731784851948
336,0.07419259029634494,0.001783008559643074,0.029825082382535697,0.6213657013404538,0.12331086973927613,0.13665219418611482,0.003742863566148873,0.000979916882195845,0.0007167234672149253,0.0005675881483613171,1.5558208421675327e-05,0.0003316421151455684,0.00048448301344172073,0.0006261778839247509,0.000324308501262635,0.0017606762422070314,0.0005729708546496401,0.00033864538455492105,0.0010777406176145255,8.524199605780763e-06,0.00034785620781893595,0.0007601768525886404,0.0002147013504748125
337,0.017540958485649166,0.010334635301234652,0.0640529092261961,0.21760274476285452,0.002738157352344485,0.03714709429861282,0.003615191441620682,0.06454100753320861,0.18399444132643658,0.05210683861457538,0.0009428519049100897,0.052050203572014786,0.0012884687808722066,0.016981861514125278,0.008810395050811033,0.0006572379873966131,0.1637354597371226,0.000820239857434665,0.008996221307460141,8.221081105683193e-06,0.09111406595311194,0.0006538256562279433,0.00026696925467404426
338,0.024522337022478018,0.0029101213104787732,0.004899241929947766,0.26016204755754024,0.1297225557370894,0.010332482022908731,0.003363267987548367,0.0024555417432232207,0.002255942171894014,0.00020687178377356037,1.2855323348037263e-05,0.061568918843830124,0.038312013981254195,0.0006124405006750312,0.0005620938339111187,0.001526596966482895,0.029573856871382188,0.42316415330372464,0.0006815369700881985,1.910175813714006e-05,0.0018982563209185399,0.0008253438939417827,0.0004124221654240226
339,0.0010890444702108093,0.12765807771681115,0.032470865423231486,0.31439980524166355,0.0020127171714540587,0.11377508656183312,0.00037792315615831616,0.11048716858572498,0.015369237015659424,0.00023107246978183366,1.7926426346460087e-05,0.000329760513655614,0.016060696936146087,0.016822340763486078,0.1406419905258197,0.00044595681914172576,0.0006206588211619711,0.0004911374536631068,0.0027174113829155026,3.654071888965302e-05,0.07148724324282935,0.0005586916437823484,0.031898646939633686
340,0.004721995614385254,0.05495995986955693,0.012087686535656011,0.10607183566916097,0.15107473126881363,0.06067021090671597,0.0010707481251072762,0.10046239903108121,0.043611315157575284,0.0022510715162664626,5.889476686886211e-06,0.004390291799446126,0.0003656304813482325,0.0003580767220519124,0.13459018186232502,0.00017593094675129136,0.03238734413620678,0.09829233023976323,0.00015531092007070317,6.431309505912842e-06,0.18319762518950275,0.008504136352663897,0.0005888668693582736
341,0.06903205513894747,0.011144238352469946,0.03662334934872563,0.02410940133745699,0.003949455254301802,0.66951770125734,0.07745080922200077,0.00483204827120856,0.0012227540971015342,0.0012771005453005365,0.048753736848966854,0.00026388413689805635,0.00041510799671261035,0.00019378310036996944,0.00023862281113650377,0.0003040740455094563,0.00041422416293345415,0.0003053903849182442,0.017558268576724143,9.231384457176507e-06,0.0003710855915315022,0.03187613747051682,0.00013754066447194978
342,0.055371932390950465,0.2513274604761408,0.20614023680245055,0.02067183494124648,0.0023423342241667543,0.006496861930623491,0.0010619285205942703,0.0036015928165495565,0.004207522444211162,0.0017012718097755798,4.346202498360859e-05,0.11038229994939629,0.0018793208966008418,0.12471041281854138,0.0013106931364951229,0.0015822027957298314,0.0019015258186876416,0.002714164599324095,0.008162089412005727,7.848538090871321e-05,0.009163365278209882,0.14733208695669855,0.0378169145757092
343,0.004873826988106216,0.25376403131366393,0.47386488516848524,0.008719061480521371,0.0011082213580094814,0.04948631646056485,0.006639727785085711,0.053088066222876894,0.009585639686627364,0.0026711781590277334,1.7396141280049926e-05,0.00028258224583898044,0.008788632891892198,0.013269530645972166,0.004042172180168121,0.0003293400271545724,0.007502457027142324,0.0003351702558431647,0.00041917873044233203,0.00022793138740512204,0.019358738367203136,0.0008004265229823093,0.0808254889537069
344,0.1919432860582169,0.10837756149975447,0.45385696852136836,0.03352784012987143,0.0015886098590814012,0.015449976573605535,0.00033807607591161644,0.051365484142288774,0.02684653238438307,0.00010578426247270027,4.665824516923447e-06,0.0007260484027715095,0.014636303487507805,0.0009872973854025892,0.022030573734549728,0.0003138442491716881,0.007508155522346588,0.00018807537281862656,0.01220769679757303,1.381380419888405e-05,0.0002548893093235559,0.05765203375255908,7.648285030574939e-05
345,0.0007059957209146207,0.04559424232359042,0.7111049251536292,0.054644886533513855,0.000810939677781042,0.09417485106526216,0.00015877855079120533,0.0031631365647728387,0.04356383023143204,0.01823854453838455,6.939070633222395e-06,0.0003046345469392834,0.00024020409079815406,0.00018840069913891573,0.009273035683567955,0.00020125385691458937,0.0002941113668216181,0.00021352726383514436,0.009799248088013572,1.2962062542978531e-05,0.00026442406130819325,0.0003485796715987659,0.006692549177815621
346,0.03920877668293164,0.001814114280426942,0.5564175015559596,0.06865942735308589,0.0005275945561442869,0.08227516825601426,0.0002888866250397295,0.0011862828007780312,0.0036218927190333973,0.00020807118838670678,2.4063590888986117e-05,0.00020993594367114076,0.0167011196901228,0.0030169546833020166,0.15277228870514034,0.00018462927374830493,0.01514078368868327,0.0003497190904837815,0.02962356950177576,1.4021529290185995e-05,0.00036367517378153733,0.02540039257704533,0.001991130534265879
347,0.11283558068362863,0.11078031412879535,0.3331949916534954,0.0899288475995236,0.05071016289210281,0.0018433129459580991,0.00022801402880577535,0.05317215451758803,0.01943636821226233,8.958588549775458e-05,2.2892856008204726e-06,0.01031600405417923,0.00037690788342776925,0.010812477535034946,0.003888544875816591,0.00020426288796170777,0.08406386851485542,0.11034604729129585,0.0017902096392617337,4.988403025004461e-06,0.005520148850696494,0.0003517510118956749,0.00010316721929095712
348,0.061956362268712525,0.0756594513705058,0.38384145321695795,0.32694066459476046,0.0016993498376123926,0.10513297414724304,0.0006961025139853923,0.02242789653617684,0.0036576537424294273,0.00038287419499986256,2.2816135227320817e-06,0.00015798006501217457,0.009285688011340354,0.0027205585811045825,0.0002379659497111054,0.0005880700148333242,0.0005468763847885404,0.00022771837337563463,0.00035331223414556,1.0504351186414613e-05,0.00011444292750697205,0.003269307463825478,9.051160626345246e-05
349,0.16822211491973146,0.05734142814011694,0.12458221073087697,0.2675253295488588,0.15521673962272303,0.026068295669354393,0.0002137358938778421,0.04421040099515178,0.07107528350238426,0.006685541215341175,1.2720475945761794e-05,0.03961289639564123,0.007033874711602435,0.0002384524424538486,0.016161098414970734,0.004769725972394276,0.0002519516195103373,0.00042741143584191626,0.00018185174289398357,1.612930572432037e-05,0.0001954681907802418,0.0017421331346143788,0.008215205919209895
350,0.07909350691543769,0.03337671268501427,0.1056797744955237,0.5196523513208818,0.07111128171248533,0.06228945159683646,0.00018481368726747368,0.04026474042682411,0.0013023386085644973,0.00011344938842855022,1.1803598550734806e-05,0.00028284982084399645,0.015339174722283931,0.0003389789234238698,0.0656488787660601,0.0002828848912300483,0.003226301146336603,0.00029797994523632647,0.00018403482829507567,7.593306706081422e-06,0.00020516117946645072,0.0009497560846106931,0.00015618194969233356
351,0.006360735077161021,0.1612648814574238,0.018000842491178223,0.33271284908754084,0.07590990386107221,0.17687522009561582,0.0006481640036091137,0.1652850619758448,0.007992132355375145,0.0003860335567026481,2.013129852535106e-05,0.000352877308205326,0.04686681801346484,0.0005460032897418062,0.0013645117032701683,0.0004127540108523827,0.0019993678135669136,0.0004330810203926377,0.00033991734101025597,1.2452926146082716e-05,0.0008476929723122456,0.0011138895761906302,0.00025467876479792176
352,0.03359197581751002,0.026318190962856588,0.03186726215652681,0.4448267523197245,0.061358285127348935,0.18165951435228228,0.00041374437143449553,0.0010863749281972868,0.01616721797438767,0.0001814242589406018,1.050901899674711e-05,0.00017792413882824462,0.03631374264403869,0.0003319424522530484,0.10685332560294514,0.02015642967162621,0.0221671483116839,0.0003823535397515422,0.000359820755591765,7.126562363515008e-05,0.014911082001078494,0.0003220402420069395,0.0004716737283549472
353,0.005219172914868037,0.049345443989929766,0.09051378702456338,0.4402651470555016,0.010492532759203765,0.020863689235207598,0.013196474872844383,0.11879263035730142,0.008438394798044185,0.0008481544709504352,0.0001138009210764256,0.0012771409814717732,0.002104803900623244,0.0016286991673272065,0.0014918764855109813,0.05371463974650278,0.007377459981576514,0.002495991735853406,0.16522983745452977,6.337020411400743e-05,0.0024127971114683163,0.0031577871097923033,0.0009563677217388316
354,0.1578272282291087,0.07151949306894743,0.09451677943688296,0.09687867124096992,0.15218134613669468,0.07716313510190562,0.00035705221692390886,0.0015288329700727037,0.17412828994255278,0.00044198397171262677,1.274645848902247e-05,0.000593979487201284,0.0004985323122275432,0.04678221262593072,0.0573289194754089,0.0002401489616410311,0.016706214230419437,0.04949274554423724,0.00035107916275980966,1.785701903701047e-05,0.0005669183158873864,0.000613263703190761,0.0002525703877987042
355,0.003589943569175666,0.47710809834829077,0.00882452849462367,0.03474412265794429,0.0022265682575837533,0.003523923193178591,0.0007806060926730244,0.0022525251022376745,0.14112427876687655,0.001430052343424845,0.0037487769720836324,0.0006045364127685962,0.0015112633663862524,0.0022565626631991936,0.0025963196906188236,0.0009740923915823314,0.07866134701804957,0.0007863074678449376,0.08277430093538592,5.224113939852637e-05,0.001090970532679124,0.14874417018556338,0.0005944643984308386
356,0.4104528640650055,0.24783008850202992,0.029350991299857517,0.004079510710666469,0.0013876256323694352,0.0028821690423920035,0.0007118424396852057,0.006995346383224612,0.0030164372868035903,0.00043448314756093704,2.265377432249859e-05,0.0006645867061329383,0.0007918173317072531,0.001453440347300759,0.08772484026726093,0.0015210444882604965,0.13002721583365695,0.000759729608009889,0.03984380860744195,0.00047214555144656293,0.019267512360200606,0.00963394656720437,0.0006759000474596225
357,0.10216842385598951,0.06394223173773336,0.4519556382008336,0.08815595337621263,0.0053899252307612255,0.012809623509062895,0.00013143794962744082,0.09049240625929529,0.07415941470830009,0.0001102116007739717,4.6996719971192945e-06,0.002728663338600113,0.02655936615285099,0.01131664182813834,0.010826379401539948,0.00704891934825635,0.03544298004174823,0.0040060591262954,0.009395675834720636,1.8874854728433442e-05,0.00026975347964803897,0.002927948703949286,0.00013877178893685022
358,0.15303857341414198,0.24554233479945728,0.29152177117265793,0.04091622810802756,0.0017023330275771427,0.014910643265440999,0.008020741434486259,0.0024738691249690087,0.002064481357164874,0.0001385276416344443,5.27065351589049e-06,0.041969375832219005,0.022345596243398918,0.013504166152138364,0.0461668710304606,0.0522334694818266,0.00701146396389481,0.0002018091739003951,0.005572639947973963,3.253921250742235e-05,0.0060113405177001054,0.04274119832378494,0.0018747561211213497
359,0.05734463581980655,0.06700927954545631,0.7169396642637452,0.025668603030104164,0.0012466998666959396,0.0012565100130952998,0.00020359427303729346,0.000802597194772108,0.0012478648404444911,0.0002835985314228335,5.411568312232388e-06,0.022320916819214085,0.026011914477530346,0.011626384220097161,0.02122855511322677,0.0005358596963127608,0.01809246824418189,0.00022931186240094276,0.000312577830259843,1.7117626998934518e-05,0.0008480086788026441,0.0007831931935854518,0.025985233290496765
360,0.0020823829404185337,0.0665483397402464,0.22348756695614397,0.2867429712995646,0.0012427439065626467,0.0908385534045032,0.0004930518688281752,0.001246853929621712,0.0026356468021646335,0.0004401695164296837,9.618810464056232e-06,0.0003754019393361193,0.2915724106785545,0.016251758681091653,0.00034513657179788325,0.005968087096731283,0.001638910461410846,0.0005234099153719793,0.00034335130015063713,1.3305987606378944e-05,0.005616728065458144,0.0012945061852554008,0.00028909394228757195
361,0.08500292329054415,0.045876025517825395,0.2156558306019564,0.02606014912172207,0.0010049335264718494,0.08517198329726464,0.0013063281968039508,0.06376982840639474,0.00814704234451502,0.00022813301319423338,1.8662542931100992e-05,0.11731398620861525,0.08721528183652749,0.0002909129934069475,0.0004350044128881948,0.02321508486691679,0.0006862565962292745,0.07199434383330572,0.0009234418034014656,0.004411693599148557,0.0008796702152509591,0.002192826523723104,0.1581996572509629
362,0.0005438375110387438,0.0009589127168777443,0.26546144435270086,0.16690198646390833,0.0009106403863543845,0.007497866528289013,0.0011013533847812106,0.00046373967811518484,0.00666725844493321,0.017579626018638966,0.00013794597915579374,0.021289073422047607,0.01409895043952188,0.4257175386524771,0.0001947897214109754,0.028272134327961263,0.0036452193831746846,0.00026905832117988284,0.007804263136126646,0.00011040870788901149,0.0018006876406158549,0.006541947013234482,0.022031317769567238
363,0.12279366982304521,0.014627626769540904,0.2016958772961295,0.25911071114300227,0.0027435482613285917,0.10107362527975702,0.001620026725330288,0.003288801218478203,0.032402640196723315,0.00011750375987033124,3.961422508129696e-06,0.07818227805581222,0.015058544099214624,0.0499945772612716,0.011131482095800166,0.0003638390543679713,0.0005887166638783275,0.02780661211376418,0.00022038308185135154,0.02612742383786141,0.002782570973788588,0.03810748501487758,0.010158095851798202
364,0.08037608752273905,0.0750209725108179,0.06537715155797136,0.5982111188634938,0.0008746645787355858,0.022214332044203478,0.0004459184336739892,0.0010785825440817152,0.001607639603581439,0.015314041025242692,1.3897610856169837e-05,0.000282275099359603,0.03686307199755022,0.00022511118920778248,0.0016410647158995593,0.037098168902668364,0.0003807992517510202,0.0010495801628182962,0.0005881873462341694,5.651869014487545e-06,0.0070517721857070855,0.02275116657350802,0.03152874441088412
365,0.07241368118381952,0.1824796910811837,0.029476983365648742,0.3172682787865378,0.0015623809656182678,0.044927591979149174,0.00019936887366911143,0.0011003142247370382,0.0032059204711853,0.00018106695148137935,8.01014888290191e-06,0.02185222993281529,0.0010161604952444836,0.12755101499495564,0.0003300753668790387,0.0002553289424489668,0.033391290069990684,0.014139488553629958,0.03584599299487805,1.5031871978710073e-05,0.10532205436407399,0.0072671358127824595,0.0001909085684098097
366,0.0011169445875658073,0.08594781773528472,0.25781163558345765,0.1689096991261693,0.0011066812016629181,0.1444497979783842,0.006561554644796072,0.005760063631036935,0.04221320611093685,0.00012762035959446762,1.5050453532755173e-05,0.0003071249412718808,0.00047412719053162864,0.00038623528410319525,0.05496617803051661,0.00035665224159391767,0.13039412013592308,0.0004054267064895133,0.008498740868123593,7.460537466579962e-06,0.002955981066152401,0.08705887582168764,0.0001690057637184506
367,0.0031709649337298158,0.005572438862674091,0.017486008744393794,0.15592968866126058,0.0018625901116280962,0.16917470233343335,0.0019854792701066875,0.0038836028302252114,0.5436653545211222,0.0019275428997110266,5.966297314511343e-05,0.0007130077136152518,0.0025574554924566446,0.0009937470258483897,0.04731177245542699,0.0007316925225889969,0.037140320170415304,0.0007670059035214168,0.0010471935750509288,0.00010075503486418337,0.0006160442074129021,0.0023495555251609743,0.0009534142322082232
368,0.004731386073477194,0.005040322342971336,0.011546559698414775,0.03708445585795534,0.0023531984850228677,0.00475134339251871,0.0023689074620013464,0.0032004324381070433,0.003336489021715368,0.0006614703966249679,7.729650448936944e-05,0.8072396885254074,0.0015803997979267827,0.0010607799535860636,0.0015856062808347461,0.0008124826493388592,0.0010632270980528997,0.003310954549577706,0.0031257038331662093,0.00016211524406613465,0.002170484354947003,0.002164810240220512,0.10057188579957713
369,0.009249006500786073,0.015582047361876678,0.6960291227979736,0.09597381745917066,0.0009063967933060868,0.018512393913260063,0.00891236441238171,0.0013890257786100869,0.036475962299295485,0.0005462067106162544,5.59553490960134e-06,0.06044552217123972,0.0013695277353971236,0.0007799164269878005,0.0003889206982883918,0.0005571762964419442,0.0005472379148716695,0.0005994736066625342,0.0003469478828911851,9.772911815191855e-05,0.033796114666427506,0.014527555903976183,0.0029619380164779534
370,0.031039688791276443,0.0875363580920226,0.6452420307508413,0.022349073824434025,0.02710554778166238,0.04690140645728686,0.0004291109064332674,0.015890787753350726,0.0008044586028080396,0.00014869386291361446,5.010998506887238e-06,0.00024235093510432043,0.001729164252660121,0.0002941006783065202,0.000939774502979726,0.008516334607173333,0.10696058288254065,0.0004577860800141564,0.0014971807324832757,3.312055333794473e-06,0.00018924525175083429,0.0014838684712575486,0.0002341317288595989
371,0.09564140456378868,0.13613761412648057,0.40175689317338564,0.011312410765652184,0.0015967499806750435,0.000661400636201484,0.00014332871223386544,0.0005886930689424312,0.016705462671140436,0.00011943921320428292,1.0640403424513478e-05,0.01876906813633782,0.00044301639295421806,0.026777029244963817,0.008154855408548024,0.04881599184353865,0.07642703034093924,0.0013095968988225345,0.004633499719229164,4.928917785081208e-06,0.04930930759243485,0.08617217422318332,0.014509463966134308
372,0.024998411573190896,0.14707388830298984,0.31902666578146044,0.09563050138304834,0.0189091168343897,0.1410382260711802,0.001427865071297242,0.06158401755488626,0.06820653666804528,0.00026182246659153276,9.688862016986149e-06,0.009205420641490688,0.0009684565367988802,0.011440115965270224,0.01729980997700102,0.0006955670898296433,0.0100032453419573,0.06896644534373134,0.0002600988772820505,3.0813199963631995e-05,0.0007703435740347644,0.0009428015528440881,0.0012501413306996694
373,0.08424221016428622,0.011353107987368357,0.4253326480756482,0.003405023368082203,0.018104861460695752,0.0016386359936737338,0.05086874185685097,0.004765577473605161,0.003289427662730655,0.00025224597217223975,9.10222027162447e-06,0.0005626068673439806,0.0004949499432842792,0.0015291045532371927,0.0016895608375424368,0.001168907278464144,0.25542194620938957,0.030470080323582973,0.04292055564166738,6.317109685895209e-05,0.0005113857135552215,0.06152399918120503,0.00038215011848373453
374,0.0459210974576207,0.042629410894188466,0.3806468152235003,0.09545940536437307,0.13498385340770822,0.04727108483043116,0.00030571439547995635,0.0249626736685229,0.002913833904111915,0.0001396610140720354,7.532996281650235e-06,0.020866898620953485,0.0005522485690732228,0.001479198232576489,0.014007315228565395,0.033033553413871035,0.058810804886503,0.0007706361408848324,0.017787521406264883,0.004859928022684698,0.0002609195326546899,0.06709079299197132,0.00523909979770673
375,0.0025734861547024846,0.06690469387683931,0.2566803254336286,0.11851924217244487,0.0008798123172049666,0.004860460528339377,0.00026814894908747653,0.10331326391020179,0.0167206055125685,0.0001996815561438522,6.728154275731835e-06,0.0005388368270033732,0.0002914542679493028,0.0006590256015636112,0.3456488676534949,0.001772651258227837,0.0018143291712551064,0.0002519225101302292,0.0002541107149598394,4.5650422485260736e-05,0.0002511624364267975,0.04425879395466296,0.03328674661640399
376,0.10458243093804337,0.16391130443706095,0.4520056642969807,0.024722847056217055,0.08509608650532477,0.0017148677305211847,0.0004809378372200703,0.04201054270992049,0.0011868558409216337,7.464293356764148e-05,8.177606409016934e-06,0.0002009502140970483,0.0005063137497831735,0.0002668103509543296,0.0016487760369104081,0.025891364112575557,0.021032686197300317,0.014893036595812746,0.005712843677860086,2.0413257227756574e-05,0.00022644307392402226,0.05370088240072272,0.00010512244064497763
377,0.017072884116654165,0.06634641337993354,0.4135843241940816,0.20096484840097265,0.0036356863635299886,0.1182311146812454,0.00012562796304441638,0.0008593013430584118,0.006107845186991008,0.00010512339791984206,6.833766525935126e-06,0.016850851029910126,0.001987526039065737,0.018388368922837538,0.08178402345746784,0.00032783248002723873,0.021025948996382843,0.029762271829212244,0.0008016792457653158,2.4290306444373555e-05,0.00023974774883304194,0.0010327793845638195,0.0007346777655330711
378,0.033325566953655024,0.06606928665184751,0.28138405939993444,0.5145349633754016,0.0006200391997962102,0.03757265324374065,0.00019815516895213585,0.0006803431603314712,0.0019224427859475279,0.00013693977679481758,2.0194994569362455e-05,0.0001274394094504682,0.00030896939272867546,0.044577097686157814,0.0009548867193227598,0.00032214731472060657,0.0012350570561925455,0.00121888674796427,0.013160403559887282,1.3750780771964607e-05,0.00026919112814441837,0.0012394342128979894,0.00010809128079068192
379,0.12674565986736244,0.12597547826466723,0.05321387009439068,0.2017072013561674,0.003645776152885082,0.08244507984200942,0.0008677855268390504,0.00465765609144836,0.0033124143091161793,0.03444043765447561,4.115385827855296e-06,0.010150828068037592,0.00621592903859254,0.07138595274683021,0.01096115860549702,0.0007191995246669075,0.016335766178546755,0.1017316466559321,0.0024199720919425324,0.00022058306936167775,0.0031654758782174402,0.006587086129508883,0.13309092746767703
380,0.13355384060606001,0.007164654387505522,0.009569079287188836,0.022705721824448077,0.00045790337741823665,0.0018330778782651809,0.0003454392720610903,0.0007390233901712244,0.001467243788434845,0.00012827933099549034,1.293833214574369e-05,0.0002231120252175337,0.0004050058902277599,0.00040174792679333336,0.00029917494570859437,0.0048071706604339995,0.3145941157487209,0.0003067455208689955,0.01791600324542075,9.506460336268977e-06,0.005734460448778636,0.4770862230466484,0.00023953260615059834
381,0.029868051016502424,0.004127679948794668,0.01777367252316361,0.007940084423074008,0.0026871622344414228,0.0036244804216267294,0.0008944226806025302,0.11225800427822798,0.0067769526086211606,0.0006914472288982228,8.826255761620468e-05,0.30240920397205706,0.001330287984553636,0.0012866807107804132,0.0011974454867488382,0.0007237681066637184,0.0016497172162371143,0.40255759348391196,0.001231779621714876,0.08632895276308886,0.0022030066804811523,0.002287345794999497,0.010063998257194102
382,0.17640023945326216,0.12366316816970749,0.00496533077574088,0.0029772615731168237,0.000689931797927912,0.0015189018404460422,0.00034862284359588736,0.01095827419139105,0.0009046923712587213,0.00019225032678145342,1.3294024868025354e-05,0.0012928682571094997,0.09795460463506157,0.0007351054136288083,0.0005057372114665674,0.047767230097495866,0.0022742040740089866,0.0006339121763558845,0.018856201553694933,1.3188766232322081e-05,0.00031226538814172475,0.5067708071152859,0.00025190794342154184
383,0.010167024009415175,0.022839445506516967,0.5648699413960802,0.07819225758592102,0.03573950444082189,0.005663311089132595,0.0015867619937712798,0.03392741469891054,0.023271601724255925,0.00015228711627422864,6.836628822547296e-06,0.08391810357955155,0.035178234909661155,0.050889347188492716,0.00041315604158364085,0.0004058722847908966,0.0005140659995610733,0.023397276009302626,0.00021069073136405293,2.735245358656308e-05,0.024355015965167322,0.0010730175768896594,0.0032014810701264025
384,0.06556910063549218,0.04811485996731505,0.43760868748170967,0.07474821495452402,0.02030252211054055,0.052086446066774615,0.01248067357393867,0.002324932743769721,0.04353745586219842,0.008874066593328792,9.475759851313185e-06,0.00038138398874503296,0.0002720208924595201,0.10334986292509418,0.07725858125178078,0.0014457975878146955,0.007634502895734275,0.00034960830779094584,0.00028296532700259095,1.0594316821689872e-05,0.006328431279652759,0.013925925865448907,0.02310388961221137
385,0.020757186784601526,0.05414053221864798,0.05524167723131263,0.1289962330275711,0.009831275067713858,0.09906485279792811,0.00023247014742575227,0.02152916266965023,0.1518173720372696,0.00015634665472662762,8.42350647626889e-06,0.08024222485721746,0.02509482225301788,0.057489895056474144,0.042104544235543516,0.009023275215450094,0.0004452867431798968,0.03199477167751098,0.0003818014931332992,0.0001588010575578003,0.05154001524628007,0.10014458142949803,0.0596044485918133
386,0.03203876657051109,0.14321045910959232,0.12086057968249725,0.12587109006596567,0.03824951871086919,0.21060768061985935,0.0002542287618354713,0.034847488257063956,0.005780705865585118,0.00017733078682143595,3.750543994860551e-05,0.030467204628210474,0.03200214389082846,0.024733782795791037,0.0050131213415764864,0.027622983776148132,0.0021813711604605542,0.028345612435760656,0.05251851397006311,3.272472302774651e-05,0.005327846785339411,0.012884017294045938,0.06693532332819853
387,0.14900058599539728,0.015653705152308652,0.3897163693281074,0.24705052977805753,0.0006856479995217549,0.0138789978764832,0.00029192187874162916,0.015801036166931466,0.08440891755763244,0.00018795319081844132,7.3153613885484754e-06,0.028556267376425366,0.01029369243783086,0.0006991376209837501,0.00037423062578291727,0.00045718265064462096,0.0007217835021489667,0.0002500055408268861,0.0013926312159261156,8.165305547910551e-06,0.0125811665352117,0.0008453793919657702,0.027137377511316795
388,0.008666806113921477,0.074464381027896,0.22743252920726253,0.35057565590122713,0.02861903491110458,0.07873289475384034,0.008199597821938144,0.0032735063046215682,0.11433762446296614,0.00012990833731928573,5.855383121735359e-06,0.0001381044833515733,0.05540594302661189,0.0002615997492036282,0.0005918043579753656,0.00020206235274050264,0.03645305956978304,0.00025094677064760426,0.006233127703613359,1.5719356928666463e-05,0.00023124476341709874,0.005647826995734091,0.0001307666447742532
389,0.026284895426162965,0.08168725794512124,0.2502667810840496,0.08485983226034537,0.11872282195032001,0.004141484895507666,0.014636567526560862,0.0014036392636382921,0.0013710199757950724,0.00015587860734474706,0.022060645941244763,0.0042175460952204435,0.090590661042228,0.024014490068887014,0.0004939412458014754,0.0005830022542286448,0.11854272024383686,0.005761060470562551,0.011970388960198948,1.7503298615955383e-05,0.007669513983344117,0.12824781517451558,0.0023005322864698375
390,0.05078469025518825,0.028392581659638233,0.16533935772386488,0.5373150432158422,0.025840669889679337,0.003461403780131096,0.0017974511780451626,0.001956046521520123,0.005615916121469126,0.0006307464230643414,8.456306213100232e-06,0.00020939038115340577,0.005137337980285298,0.020668380583691706,0.0004089065629621183,0.0003942348985466336,0.01230329561438161,0.020000169794434156,0.0003328227814955911,9.482567813209715e-06,0.09318397399704773,0.026015010338405718,0.00019463142512710953
391,0.06512626906243785,0.043566367154883275,0.10877135700242077,0.5330565430598669,0.017204148583894217,0.05866693805113232,0.0005259497456266292,0.023670700764347866,0.11119608814813108,0.00027120600528654086,5.946249779892845e-06,0.00016262637374619127,0.0015756834107627333,0.002972991378248953,0.0011724822488625617,0.021778736942327345,0.009187856266386837,0.00020538251943066668,0.0002016578487255821,4.557858987541981e-06,0.0001456544881151743,0.0004545301577424316,7.632667885638621e-05
392,0.0015602175575407772,0.11506321789049921,0.07762237321030195,0.0027648632601723557,0.0013579248900212379,0.01701153236248134,0.0002730090428572055,0.0011770227177560911,0.0011161009045040397,0.000146241683330117,1.3133875547975119e-05,0.0003065265296189501,0.033173577619096596,0.0004409808664107142,0.000405774616717942,0.05197656076266929,0.5044803192329869,0.00044600368779659864,0.18272133943963884,3.9750993365874926e-05,0.0003269816164482751,0.007341010966702645,0.0002355362735350798
393,0.026798615993899395,0.02206643302094229,0.04131774103195325,0.0028962525250777332,0.000774566955474842,0.0014329729437677107,0.012294746201366417,0.0009569105625262198,0.0011136773258019282,0.00016872414399311816,8.180516421333105e-06,0.000383995331739452,0.0015552188169529787,0.0004978531607484321,0.00044065839604101126,0.006621119848695332,0.0007298334549265195,0.0004439398041019848,0.034566176461609116,1.2492112503703454e-05,0.0008924215396177336,0.84378891819594,0.00023855165589949415
394,0.023520764949258373,0.06623983523813633,0.08038519062383223,0.052480542505557115,0.0017145685811518778,0.004418214327364935,0.0006827139729144438,0.002549214982744399,0.0030160538650117023,0.00044430040679723653,2.947169458727164e-05,0.015420439556639565,0.0010666254383790471,0.0020806890176327045,0.000921749469368876,0.0012913937437143957,0.0016925620821215518,0.000993291190819135,0.002012792509535047,0.00039679257671295325,0.0022075729019036426,0.3037601310340839,0.43267508933173326
395,0.007028862355296041,0.22269564799615943,0.20482883662154078,0.03373625227569509,0.041159597586781095,0.004884483357714378,0.0007502815537465432,0.004230525799354437,0.0067447866796069246,0.0020888216783643884,3.5600125688501976e-05,0.002831111826682165,0.08465998212814817,0.01001340886178111,0.0015728643704106709,0.001754104637621994,0.0009104832541757883,0.05197221132018131,0.0017193572107702694,0.00011957681230166909,0.31353157452592745,0.0017893078983967823,0.0009423211236549839
396,0.2866351528217263,0.011601024343672647,0.367792879628466,0.004094535211952555,0.0005783984628821302,0.004071410613088372,0.00024730749286232235,0.001010593000736884,0.0009896698629664326,0.00017550619534372394,6.71700932397821e-06,0.1680490872263805,0.01316086642978606,0.0004620566176662849,0.00023281281143240753,0.00020456346059961043,0.0004181477969838421,0.0012773101864896638,0.0008112825851380688,0.0761606781195925,0.00026717240663853126,0.0007073337677404481,0.06104549394853071
397,0.08051352630805872,0.0425806497100729,0.30850825644636803,0.21800201605829891,0.0005770740864188055,0.0029334958437525187,0.0008805366781218531,0.002762700438920369,0.1636861233130764,0.00627694064504599,5.861612698630725e-06,0.02015717969554529,0.02275469309314354,0.0004672287850077487,0.028870473829061553,0.0002689864743677941,0.0005728576380061119,0.0005508720543848907,0.00021675931619898924,2.578251681575911e-05,0.015340865484254373,0.0004575208323887994,0.08358959913999221
398,0.03464207540747561,0.0020014223881348187,0.3024518061116003,0.18252268785284223,0.05430507271786843,0.020099771091224617,0.020080740727126057,0.0037383782480949123,0.1072215207215048,0.00019849559249156991,9.616169487506966e-06,0.0005870405381810499,0.0006237309202283781,0.0006705757112699759,0.00031475946577523854,0.00028332382095983124,0.00033182021543412874,0.016873345137647086,0.014366266152345339,0.00015331297672494527,0.0002555430071320404,0.03933374245435618,0.198934952572095
399,0.1824704077313932,0.012669678198170279,0.3865085644766541,0.0275640018050488,0.19256930657221727,0.023394567753255033,0.0001535374382333046,0.03971401608307953,0.03094736228129452,0.00013486832842416675,5.6767774740102515e-06,0.004028025878878046,0.02020928249671945,0.0004841465632188228,0.008115350847760001,0.00013344025716583843,0.0009101834991003441,0.06580678150533577,0.0031845825593449263,7.63922167313707e-06,0.0004602091500567039,0.0003678109468759661,0.00016055962862679534
400,0.12987704883626403,0.027851160992705404,0.5223518778772124,0.001365220337942309,0.0008317339305704048,0.0007885644649035406,0.000536216725622819,0.0006734203940139919,0.0005983350896456922,8.603684762826688e-05,1.706145313472372e-05,0.011147404524684932,0.0003057512127011483,0.0158546976300737,0.0003631042254949808,0.06287169845374885,0.0020788321250442008,0.1328345741715308,0.079643813310271,1.2427812854304033e-05,0.0013908554692840692,0.007716888403116208,0.000803275711552218
401,0.2502635997962025,0.024885683085458146,0.3496795948318002,0.060689652107346934,0.00038197279252520747,0.029131795852959892,0.04974388649847406,0.015975393582292937,0.010728693416606387,0.0002696531514050347,1.7298407610399222e-05,0.006515160822166047,0.008339331351787724,0.012625023394673062,0.023073273075665323,0.03886672088249051,0.05447895837844701,0.00349909785009346,0.04248487910172914,2.6396775155988587e-05,0.00038975232023548526,0.001302840648795046,0.016631341876079467
402,0.026973809240422395,0.331329974253297,0.5282484477929276,0.02553934132499489,0.011963739394766368,0.001536812130838343,0.00022860975007518548,0.0012972692591120825,0.021299214554898114,0.00012330733641097911,1.580273505430814e-05,0.005796589105732262,0.004639164293161503,0.00027761919969258815,0.010135833587642086,0.00030889876284434465,0.007665331686386574,0.01643965403986833,0.00023714946527049246,1.1494080136424193e-05,0.00033703910798133505,0.00031732268643999397,0.0052775762120467785
403,0.1053369792578905,0.05921953536984273,0.003468396574218612,0.0013401400100357705,0.009143062060834166,0.0008019478025290997,0.00020501790793044835,0.0008711364029962578,0.0006807914721450023,9.438839979659869e-05,4.846972163692532e-06,0.0002189600412447359,0.000771083403733326,0.0003226716973393426,0.00033600214986964877,0.10442125085123617,0.003554581722204362,0.00022815681794689953,0.10862898713018095,9.12219650429208e-06,0.0002316841058089574,0.5998371342892577,0.0002741233642906158
404,0.21385528690145533,0.5728163886254507,0.004874494590355718,0.004555545163643964,0.001051479630981729,0.001514258020639596,0.0005364298518279834,0.035814179669469766,0.0011192170125210838,0.00026652086119238906,1.7295317863961412e-05,0.0004659518650014234,0.0006431871719178152,0.0005122400488268313,0.0008920662594918996,0.03040629993916495,0.12202172013414941,0.0005262517632632869,0.0027084691965557958,2.4666417606386616e-05,0.00048055465587043235,0.0045507000301901095,0.0003467968725594636
405,0.09889030918027976,0.134921682047144,0.0035973721474279914,0.002793648862549506,0.0007954895044314919,0.00235844350507101,0.0006422421953604832,0.0020006458204909,0.0009556531706116932,0.0001717104824981919,2.2301216750012245e-05,0.0017689316770023388,0.039644232786748314,0.0005922909954114356,0.0005489258751085851,0.029703501755602973,0.023635402818930628,0.0005528630573173117,0.08288984749369525,0.0008514967787861338,0.0004990333608544386,0.0035723056129297877,0.5685916696549977
406,0.42467193825974237,0.05548317498087665,0.0035479526690408657,0.00318360766237312,0.0007980480773075193,0.0019322087433608945,0.0003621910392873223,0.001732022256614964,0.001232676491230545,0.00024586019714551186,0.0004208184286305096,0.012089291188517228,0.0005623435823962915,0.0005894957961579477,0.1541903149330893,0.04761702287881271,0.11360248977303802,0.0004433750974601284,0.08592687314151856,5.750706731495888e-05,0.00048703723682500086,0.08067526800723572,0.01014848249202388
407,0.05093332833598492,0.03322443773013616,0.29225975378393976,0.0858821531722448,0.02539633631420589,0.0018811144282646275,0.00282640661434156,0.0019102155984900022,0.0009046528855476476,0.00014752708982759558,0.003708053273951856,0.2118209246069115,0.0659525481867314,0.0002708784767893377,0.03964628503222825,0.08312388329396393,0.0004921162688794219,0.09044272021508867,0.0003385483515543165,2.8889474483135237e-05,0.000979625845909227,0.007658925640297602,0.0001706753802283899
408,0.061882574165397025,0.07587724451511282,0.524759987010565,0.06343743677181662,0.026377656480243587,0.008087442372907474,0.0010924455090624118,0.0019788232803361508,0.0014775012970611773,0.010335188577620138,1.9373652643673777e-05,0.0003183609969156197,0.04450668052690413,0.003568481476305848,0.014942895549565117,0.0009767842332235345,0.0189133362045727,0.04327397720849796,0.009571889085135397,2.8563971513323657e-05,0.07956926184428453,0.0025682764120627433,0.0064358188582531554
409,0.003134963600035622,0.09372156232812347,0.12699980033958272,0.3683445839847771,0.0005320282499259925,0.09339536808143316,0.0003954196832168168,0.012759217720594778,0.027344094894420322,0.0020090940052154933,7.910952054305657e-06,0.00018539102463988584,0.002174712314064902,0.041353012369617304,0.021612365199629873,0.0030054985292753246,0.05642717404421843,0.031300318237215886,0.01785137879206205,5.24285267594537e-05,0.03762559911286032,0.04411665486259575,0.015651423147680903
410,0.12232816990665087,0.01926174094463623,0.46227889301065683,0.021421153976709198,0.008577514303547189,0.08631474590720406,0.00012168656161548589,0.08393231185616148,0.11936796302768511,8.091487110435894e-05,3.596006583255808e-06,0.0028639073633161425,0.029583378977280566,0.0007800898028733364,0.001208166358949465,0.0014461546659391236,0.0013202779379978956,0.005142553276957712,0.0011843939117253623,8.732712561140344e-06,0.0007129254433891848,0.001256449507063539,0.030804279669392483
411,0.03974095994731817,0.09382418293773272,0.5696981855971155,0.086206667515191,0.007210530051100938,0.08474172770703292,0.0075064188159879855,0.0037804140279325557,0.008789755452050926,0.0005601372111671799,4.753579972329021e-06,0.00017235023393479896,0.03115654561531862,0.037382784288624966,0.0015039238736872513,0.001341812501706069,0.0019365061160236503,0.00023622491947733107,0.00035712058665366623,1.204824465874294e-05,0.0005397775622795336,0.023139771505605772,0.00015740170942739033
412,0.00731355946164535,0.009348078577981516,0.1403880891224443,0.015046194513582918,0.004410821247589453,0.009899238896426627,0.002356720046130668,0.009595162252551774,0.17850043525782416,0.0018240913747592491,4.230562583513687e-05,0.003357870088415649,0.002775589563010206,0.0028114062430895093,0.0027513576909148465,0.0028196729575919164,0.002900091628946508,0.002240505056354067,0.0021628187101569354,0.00020148270934450203,0.0035689869730947425,0.5944218193236125,0.0012637026786974342
413,0.2943222749870727,0.005435319298050039,0.011904266722847607,0.009526430971481053,0.05424649413269832,0.00534480238189227,0.0015386382711565039,0.004484443515234073,0.003720517525562842,0.0007897241685887575,0.0001236313988049642,0.0014179212916990962,0.0021485727306085898,0.001497287448822699,0.0019508363945773782,0.0018963316665414046,0.0018684107991411378,0.0025817625417531302,0.0023419403953649867,9.435151295007982e-05,0.0019443898014120946,0.589703352434474,0.0011182996092662764
414,0.19317570961095445,0.004721502450236715,0.015386263888245703,0.28658653124850786,0.001703607717976413,0.006337185072123906,0.0005822722910537049,0.0031036870552785733,0.002841273499757553,0.00038846912499518706,4.89240558885898e-05,0.0008206932157263787,0.036043223214709694,0.0007957800147304128,0.0008993464924206371,0.0007203435137063599,0.0010107389418082626,0.0019092429022740723,0.000894238037289145,5.7915300117591745e-05,0.0008418690477646587,0.4405126553413416,0.0006185279630925676
415,0.13119770112455242,0.002161840555281613,0.0040604927560425694,0.003676084297432578,0.0008283403109508483,0.013167199787729678,0.000664676500636166,0.0015153685614440829,0.0012261467501018376,0.0003000092696395733,3.336102577684154e-05,0.00048765648818920076,0.07941457306255803,0.06947928336635797,0.15337641081751358,0.0008093516298938927,0.0013004352084533858,0.0007132548822114477,0.0021538253284640956,2.095752575398856e-05,0.000622008272288603,0.5325335597184814,0.00025746276024619653
416,0.21999500904520533,0.006110124907126088,0.019830492768148588,0.0068658353638781505,0.001710103557114638,0.005117808928876644,0.0009272852869148492,0.003637214060581369,0.0021269676091431556,0.000549260623635683,0.00031150588154359377,0.0016877419962645927,0.06498753737920303,0.0021619647011921726,0.0012560603096527232,0.0013264317431411145,0.30817946723314366,0.0008298183859456237,0.2274386300009722,8.660235274144735e-05,0.0011906207493420553,0.12021296480986862,0.003460552306364478
417,0.005732099296465872,0.08661604997206472,0.00621866804705046,0.005017768901912975,0.0038217256639792156,0.03144389555523721,0.060682235977362275,0.2748546473948733,0.0017370217520117515,0.0004686753366291343,1.4234642702458207e-05,0.002403934610605968,0.003546714008131342,0.13587032290150042,0.02135330911395416,0.11695424278594255,0.1903733669978817,0.0007852480176146365,0.0006070728490857561,3.42149107196695e-05,0.006840520890978064,0.002421605082552862,0.04220242529074362
418,0.009020753602118934,0.010323947653380443,0.03261299949286354,0.016544047812944825,0.0033708975200531614,0.008531312887121126,0.002159430483919874,0.006387110459303399,0.006525119440460246,0.0038830593720475906,0.00010763888368374383,0.002224307316397298,0.0022504275124818327,0.0021574573980455984,0.003079393968228473,0.003242664928051263,0.768694533102641,0.002692862347383689,0.004930339220599864,0.00012037957922310537,0.0025113337888414055,0.10712931897947148,0.001500664250738396
419,0.028386018248578653,0.055877900443021586,0.338059374934269,0.11264526721271526,0.002913084368039259,0.04149507935045741,0.0002845579321685516,0.015927911430371967,0.04240816065899186,0.0003914411089401313,5.744187258501277e-06,0.06618507019306479,0.0003792370044615129,0.008208211108550483,0.015433304518809336,0.0008222001946758778,0.0008046384523262802,0.003089549456315836,0.00022343339223614294,0.034440374056315094,0.0004816544886114622,0.059534131748580264,0.1720036555112409
420,0.03406136132442456,0.0019726902097984868,0.0021466037284235437,0.0010447558066796017,0.0003736068995412616,0.0007808175066912938,0.00014448660792755187,0.0005290980430848868,0.015053961879307997,8.270211412902156e-05,1.0572466285665066e-05,0.00015094868804163498,0.0002856953005719779,0.0005845121152299683,0.015197079976126156,0.04586167919240238,0.05901467802325579,0.00017884934402960615,0.03624962122869128,8.857243714248356e-06,0.0002255459316321605,0.7859407762833386,0.00010110008667229716
421,0.09568483876752384,0.26184120721448767,0.04193420773680623,0.05807912410015201,0.0008533880792659346,0.004950652106882163,0.0007144682664383551,0.0012289166524404934,0.0015200092013576885,0.0001548042374485632,8.037980602243777e-06,0.01999869743093835,0.023951305869106276,0.0003931624498530459,0.0019259420671125776,0.00995979679870197,0.12811374553406463,0.0004371500522494339,0.1311887972102639,1.4295517507920793e-05,0.002709878572219241,0.21221639461837755,0.0021211795361998965
422,0.32247360942655895,0.04033824042094006,0.025045210006966318,0.0026088799651038403,0.025942729344734183,0.030946189177958952,0.00036884326334196997,0.001358720288183495,0.0008157832281671236,0.00019168034924197197,1.1401653926990753e-05,0.06117220031998432,0.002175646016105438,0.032734835850242755,0.035172358806578326,0.11092227707722982,0.039003240943900626,0.025100804203328997,0.001280169058430711,3.88903819865455e-05,0.0006720458728153736,0.24102069859901915,0.0006055457452540551
423,0.4843947140296411,0.0509764435486964,0.004344206567536755,0.0027634837148358023,0.009962116170148147,0.002019118117645968,0.0004844386534792141,0.15274465660778827,0.000977348086168373,0.00017029491457943414,1.624480568332933e-05,0.10001219499294571,0.0012809301349259476,0.0004773063908761514,0.0124684731280938,0.05561131799115469,0.0007509719514727627,0.0005459872689457175,0.0014242372441345794,4.3330319450769636e-05,0.00038039947487014317,0.082859042742218,0.0352927431447089
