,Astro,Endo,L2/3 IT,L4/5 IT,L5 ET,L5 IT,L5/6 NP,L6 CT,L6 IT,L6 IT Car3,L6b,Lamp5,Micro,OPC,Oligo,PVM,Peri,Pvalb,SMC,Sncg,Sst,VLMC,Vip
0,0.10538078,0.063226074,0.032059703,0.026901048,0.021609643,0.024006605,0.027515702,0.02326534,0.02326913,0.029374681,0.020015039,0.02100273,0.02221342,0.023230262,0.021101993,0.02488376,0.25258055,0.021945318,0.043053392,0.020011544,0.02143333,0.11116147,0.020758577
1,0.21748708,0.20162469,0.02759461,0.021813167,0.017776582,0.019739935,0.022008074,0.021879552,0.019656688,0.018595962,0.016341688,0.017080603,0.01969103,0.025154304,0.017328946,0.02337698,0.07608706,0.019351386,0.07068475,0.016342279,0.018498378,0.07489912,0.01698714
2,0.28750148,0.072811514,0.04471239,0.026948355,0.023348218,0.024617562,0.026267359,0.041104108,0.024371095,0.022834921,0.02217595,0.022775743,0.027910868,0.04998074,0.022920787,0.026505029,0.04146818,0.025190081,0.034635752,0.022196466,0.026224371,0.06081279,0.022686223
3,0.26258147,0.05514614,0.028759187,0.025600826,0.021539748,0.023558022,0.049450375,0.023005335,0.022392856,0.02229654,0.019877858,0.020934768,0.022937493,0.02504718,0.021460433,0.027567938,0.09013786,0.022197803,0.07873399,0.019923456,0.021547804,0.074262895,0.02104004
4,0.08926289,0.14657775,0.020623099,0.017711377,0.015050837,0.015989548,0.036876414,0.017765284,0.015961234,0.015004432,0.014177381,0.014715216,0.024076676,0.035969008,0.014826429,0.04373161,0.1303804,0.020892272,0.061737843,0.014200837,0.017326554,0.2025359,0.014607011
5,0.080651894,0.114253946,0.035093397,0.023149898,0.013180299,0.015157399,0.02732124,0.028422885,0.01692107,0.011935034,0.011541071,0.012790837,0.04141444,0.17391911,0.0127287535,0.029171096,0.06292882,0.025122127,0.027093356,0.011613721,0.03222419,0.18104815,0.012317257
6,0.14311427,0.053994607,0.14557952,0.06849117,0.018019812,0.023920039,0.015614634,0.020239651,0.044694606,0.010695943,0.010176361,0.01506957,0.015870387,0.11310453,0.013083802,0.022096928,0.029100506,0.0931325,0.015503206,0.010267791,0.016882744,0.08714657,0.014200862
7,0.03682484,0.07547588,0.2367211,0.05878817,0.046804413,0.03256164,0.03285249,0.02236198,0.03427648,0.013624928,0.01234242,0.038420245,0.02388402,0.047341917,0.019545104,0.01542326,0.015848171,0.121578716,0.013529512,0.012830966,0.025524756,0.026866397,0.036572587
8,0.018464614,0.13171126,0.15491036,0.10311997,0.015707744,0.0616897,0.012190348,0.05058303,0.0135132,0.01428788,0.007954307,0.060069464,0.016330691,0.014954959,0.04404039,0.013966822,0.0103425225,0.05102321,0.00882756,0.01056515,0.027726492,0.020237679,0.13778266
9,0.03513,0.109506935,0.24674478,0.108838916,0.019363692,0.09242064,0.017536324,0.023367932,0.034760658,0.016738338,0.01583928,0.017560842,0.024902366,0.017449249,0.017513562,0.01742517,0.01716469,0.017448202,0.01753593,0.01566098,0.028257232,0.031976167,0.056858175
10,0.06917497,0.23632278,0.1555165,0.11354151,0.018352821,0.07165747,0.016468741,0.017653788,0.07785601,0.013611639,0.01191492,0.0136411125,0.022529677,0.01367385,0.013003016,0.016326848,0.013337188,0.01320031,0.012954602,0.011874701,0.026830683,0.020622741,0.019934183
11,0.17668141,0.19605744,0.06643175,0.1554911,0.03740231,0.03194252,0.035297245,0.024790483,0.02938236,0.021160537,0.014139558,0.015343371,0.019247385,0.01763743,0.0150373215,0.021396184,0.015919684,0.01568058,0.015728632,0.014153436,0.023674585,0.020444369,0.016960304
12,0.034587827,0.16890693,0.03732458,0.03857103,0.016350705,0.020210037,0.026511798,0.12122113,0.018686166,0.015150121,0.014916771,0.017117156,0.021216286,0.03929254,0.018959364,0.058203,0.02368086,0.029556632,0.022463575,0.015420729,0.019205542,0.20690668,0.015540548
13,0.081790864,0.21982239,0.104774006,0.09127337,0.014434504,0.019925915,0.015441486,0.048582062,0.021021616,0.012169767,0.011513937,0.01623854,0.015838204,0.02841252,0.014325386,0.09717577,0.02532603,0.028129665,0.03864414,0.011610789,0.016460797,0.053951476,0.013136795
14,0.039336283,0.117995486,0.3028687,0.0420147,0.020279942,0.029073916,0.020333879,0.03361673,0.023006227,0.021830667,0.019131554,0.03084487,0.027012477,0.022494243,0.021218473,0.039268292,0.030943103,0.032472696,0.024288412,0.019243382,0.030197829,0.028225727,0.024302494
15,0.03949442,0.10803057,0.33409116,0.061450865,0.014790892,0.05696405,0.014705244,0.028126279,0.017040342,0.02586576,0.011970971,0.024648558,0.028406503,0.0144763,0.02006635,0.044050243,0.021855911,0.023565892,0.014473436,0.012490229,0.02232886,0.02272612,0.038381103
16,0.048311904,0.055994518,0.10418853,0.29817387,0.017911166,0.062368155,0.01542654,0.029603211,0.03913059,0.014856839,0.014450944,0.01717185,0.018201374,0.015833003,0.015355879,0.015772546,0.0154559035,0.015988395,0.015193146,0.014426511,0.045044914,0.08829914,0.022841036
17,0.106936924,0.0660927,0.08902724,0.27641982,0.02059235,0.12887909,0.0146067105,0.019643813,0.033134066,0.013622946,0.012978308,0.019746138,0.019874647,0.014755758,0.014218326,0.014861692,0.014222542,0.014847179,0.013885971,0.013068084,0.034735844,0.027638394,0.01621144
18,0.08227455,0.052780848,0.10961444,0.29935738,0.076092444,0.042048305,0.01825336,0.030525742,0.022979343,0.047294386,0.009116815,0.009793123,0.02587611,0.020044688,0.009687512,0.012931905,0.013651385,0.012131521,0.013999942,0.0092160385,0.041738216,0.024590345,0.016001655
19,0.027134642,0.02465417,0.062298037,0.25349197,0.034421638,0.04421351,0.028071743,0.0149697475,0.036189597,0.16889463,0.009874834,0.010245146,0.03408569,0.06236677,0.010215551,0.020918624,0.01187398,0.021876218,0.012939136,0.009884981,0.06881487,0.020517357,0.012047219
20,0.05499998,0.042697538,0.17074795,0.05545596,0.024527585,0.08474221,0.061232943,0.02387796,0.09983477,0.011766506,0.010943277,0.028439445,0.08691804,0.058313746,0.018512396,0.02533336,0.018412996,0.05618827,0.011845782,0.010966303,0.016890181,0.014838596,0.012514259
21,0.026557334,0.18615758,0.045225188,0.058232766,0.0695422,0.10905176,0.048914455,0.034993675,0.030121787,0.010933339,0.010621759,0.019728322,0.023847288,0.030597223,0.032407273,0.09656114,0.04992653,0.024092406,0.011906816,0.010664318,0.020790856,0.03075391,0.018372038
22,0.044715084,0.13503101,0.06428322,0.04841453,0.17517623,0.08857176,0.043990657,0.097205736,0.012431128,0.0063032233,0.005379122,0.04091808,0.010039445,0.01299999,0.050461266,0.022853328,0.01370817,0.04916191,0.009784229,0.0053992406,0.04664129,0.009283703,0.007247591
23,0.06715863,0.05038944,0.062242955,0.06047966,0.2502138,0.10393428,0.05994047,0.050946645,0.024102613,0.015809081,0.010612,0.020029305,0.023993513,0.029559996,0.03968583,0.018108457,0.021522967,0.02635721,0.012127158,0.010612475,0.018768743,0.012273736,0.011131011
24,0.022565998,0.020894304,0.0808322,0.15018766,0.031066572,0.10335585,0.06054703,0.10809082,0.13862127,0.009319162,0.008988505,0.03082605,0.012941017,0.010058904,0.016158955,0.009694934,0.01711375,0.018378472,0.0095034335,0.009012574,0.037930652,0.08416609,0.009745832
25,0.027830286,0.033007998,0.034250654,0.14599225,0.04762584,0.10577439,0.023767717,0.081322454,0.09058627,0.008057653,0.0077242116,0.090214625,0.022472285,0.011576902,0.034149855,0.008539782,0.027898412,0.01363937,0.008768373,0.007858554,0.13721271,0.021659056,0.010070414
26,0.026726043,0.06181248,0.033675525,0.046428878,0.024378425,0.024964541,0.022796066,0.027078396,0.023106268,0.019678866,0.01946697,0.059167035,0.041943055,0.022840885,0.023368116,0.22814967,0.020796087,0.021095194,0.029302696,0.019487884,0.030917125,0.14609662,0.026723186
27,0.033303086,0.10117332,0.06704647,0.07468182,0.017838331,0.031281117,0.034779754,0.05234553,0.027616363,0.014768482,0.014555924,0.0236018,0.024843635,0.03250137,0.01680764,0.058996063,0.019131485,0.020649208,0.021242846,0.014618525,0.021531792,0.26018274,0.016502745
28,0.050686814,0.080687426,0.22622037,0.11688733,0.014921022,0.04324829,0.022606017,0.022853903,0.042555712,0.008874235,0.008608149,0.028116403,0.023828898,0.02182169,0.017099962,0.027592508,0.03029015,0.038397845,0.039012354,0.008623186,0.025873026,0.0908508,0.010343941
29,0.028066473,0.078184664,0.2821168,0.13581571,0.008894096,0.09297643,0.041805718,0.046516642,0.028214224,0.0077033564,0.007064761,0.011305401,0.03130883,0.010133546,0.019188069,0.011387683,0.017248357,0.013491759,0.013078582,0.0070986375,0.037652053,0.059148975,0.011599209
30,0.059124846,0.067122534,0.25875783,0.14620797,0.012049107,0.1172845,0.017163182,0.03536693,0.022167334,0.012126214,0.009478106,0.0126324,0.029291084,0.010762864,0.013191772,0.016000872,0.04532788,0.012774478,0.015771467,0.009571311,0.031180369,0.03158281,0.015064147
31,0.089471124,0.07588999,0.16463304,0.16559403,0.015230117,0.07490955,0.009315197,0.039304197,0.10442908,0.008920979,0.008770109,0.01473886,0.013092327,0.010008293,0.009619218,0.011654057,0.010256386,0.010337375,0.009269836,0.008801945,0.105356865,0.029741028,0.01065647
32,0.06633657,0.050579213,0.15526327,0.28063115,0.041219376,0.059190813,0.00976344,0.016930172,0.040097773,0.009166621,0.008760479,0.04275453,0.015704593,0.012483175,0.009394852,0.010673053,0.010551576,0.013216182,0.009511713,0.009018852,0.101586975,0.01605532,0.011110276
33,0.07362474,0.049649302,0.07754728,0.32907113,0.0340694,0.07995287,0.021514595,0.019543806,0.039408702,0.033881683,0.0075658825,0.008386445,0.01729447,0.0117847705,0.008873006,0.010346799,0.03157706,0.010616611,0.033626847,0.007940001,0.018519018,0.04951739,0.02568823
34,0.026339011,0.021586103,0.13293026,0.25011393,0.028467312,0.14409249,0.016457817,0.013952059,0.024419181,0.10665248,0.01002838,0.010544756,0.03515257,0.021846522,0.010542977,0.012997253,0.01489834,0.016662356,0.01541546,0.010086833,0.03738974,0.025606183,0.013817913
35,0.06728415,0.030016702,0.064183794,0.18131083,0.03711195,0.13019739,0.10020237,0.06970868,0.06663285,0.009373158,0.008699745,0.0137925055,0.024975283,0.030672474,0.037341516,0.013952726,0.016990192,0.018795384,0.013007913,0.008730821,0.035976566,0.01079798,0.010245048
36,0.02516285,0.061528537,0.021238474,0.056695767,0.1762831,0.08214466,0.073503084,0.06780157,0.061685823,0.010815273,0.010446929,0.013527081,0.039154973,0.101652965,0.036027174,0.031456903,0.038867086,0.024536287,0.015562345,0.010453257,0.019116564,0.0114346,0.01090472
37,0.05059306,0.113196634,0.02222563,0.1277249,0.075113766,0.17857441,0.03332041,0.072874285,0.023486393,0.008430145,0.007618962,0.013598084,0.014198039,0.023184614,0.021365007,0.040495105,0.013518958,0.04956232,0.039698683,0.0076558385,0.04295835,0.011464854,0.009141568
38,0.058031723,0.04031917,0.024843028,0.08650502,0.1982335,0.03595544,0.10456477,0.058035143,0.02598769,0.014294198,0.0089509515,0.027932337,0.013244566,0.084788695,0.060341503,0.03200437,0.012690986,0.05540936,0.01228027,0.008955361,0.015685441,0.011525315,0.009421178
39,0.0567066,0.053602327,0.03259915,0.16275577,0.10592619,0.15363936,0.022613507,0.058651704,0.06672624,0.008036128,0.0075830924,0.021650532,0.016345743,0.00843813,0.024855511,0.010558165,0.03769716,0.062082358,0.008513387,0.007593832,0.045282573,0.019494457,0.008648101
40,0.02576958,0.10697721,0.051208198,0.07184883,0.16305155,0.047978994,0.05283256,0.08797728,0.031885833,0.009394612,0.009036253,0.081639975,0.0153296525,0.010534117,0.016183041,0.011013875,0.01789295,0.032338675,0.0129031325,0.0090848105,0.10659667,0.01382014,0.0147020165
41,0.031684704,0.08955707,0.041113336,0.10513297,0.038779225,0.029184574,0.018223297,0.024729887,0.023655374,0.01748292,0.017139602,0.22138208,0.021853227,0.02009774,0.018442392,0.058074974,0.018054735,0.019771155,0.019947905,0.01716735,0.07173504,0.045093626,0.031696875
42,0.0807463,0.105397746,0.17683616,0.055791732,0.026257081,0.035232652,0.018776437,0.16998643,0.02043103,0.015267449,0.015154597,0.022237377,0.02220866,0.019102605,0.015745258,0.024690943,0.01645624,0.017269198,0.02002327,0.015201409,0.03516356,0.052622184,0.01940165
43,0.024561735,0.034147404,0.095983155,0.082484566,0.033714615,0.1708113,0.048731785,0.016296603,0.11655048,0.011674881,0.01158859,0.039350454,0.033497807,0.01371529,0.013147801,0.031467494,0.016431438,0.018049126,0.04659054,0.011532869,0.04100549,0.07346917,0.01519748
44,0.052058935,0.04765308,0.30925965,0.0853826,0.01918545,0.042390842,0.024989069,0.02956486,0.024021171,0.018512467,0.017931242,0.02361855,0.026434505,0.023418734,0.027572252,0.021448163,0.022336192,0.027772259,0.020385377,0.01794032,0.053272985,0.029151203,0.0357001
45,0.080133826,0.06965736,0.10677256,0.19953588,0.011404411,0.045868453,0.012077402,0.027481394,0.01855394,0.011723119,0.009883669,0.011584679,0.026553813,0.03219255,0.023964327,0.022027282,0.020591581,0.029559664,0.015697982,0.009889812,0.12487211,0.015717538,0.07425668
46,0.095540985,0.09609082,0.2060963,0.1527286,0.041059934,0.09690919,0.015657624,0.03297007,0.038031492,0.010894826,0.0077201566,0.014352043,0.01396861,0.012526062,0.009067462,0.015073961,0.013493874,0.046675112,0.013311289,0.008124152,0.025100254,0.009672047,0.024935097
47,0.056452002,0.060786504,0.14391096,0.2659506,0.029660288,0.11553676,0.009246382,0.014332883,0.0496358,0.008465454,0.0070263995,0.014139945,0.038886487,0.026099475,0.007866459,0.013890529,0.014999682,0.0176142,0.0091751,0.007308546,0.06944321,0.008876506,0.010695808
48,0.039039183,0.08697011,0.09627568,0.31029645,0.06309743,0.1072282,0.012562704,0.028216543,0.047191206,0.023956541,0.008458374,0.01150545,0.017039625,0.009777819,0.010359957,0.018019998,0.013346855,0.014428109,0.013071826,0.010361132,0.011224654,0.02388777,0.023684356
49,0.041167907,0.04451122,0.14065374,0.19561759,0.041364364,0.18944713,0.009991433,0.08260801,0.070831366,0.014453117,0.008958232,0.02105671,0.0117994575,0.009947351,0.012634805,0.011134843,0.01258394,0.014091832,0.009893694,0.018554883,0.010729568,0.015619195,0.01234962
50,0.03450819,0.0798205,0.05325255,0.14589289,0.029116042,0.21294853,0.095138274,0.040414035,0.060086776,0.012534956,0.009295757,0.025970466,0.01608453,0.022533331,0.014816428,0.010720366,0.03454273,0.019604884,0.019999774,0.009513309,0.015067983,0.01884847,0.01928929
51,0.028791845,0.044597015,0.0554709,0.18563756,0.054856446,0.12916096,0.038064558,0.027866147,0.037274305,0.01876641,0.008700184,0.05866373,0.0100946855,0.052826684,0.015231948,0.010182168,0.02707574,0.028746089,0.011085655,0.01004281,0.015666509,0.061441153,0.069756515
52,0.05354971,0.06076526,0.032362595,0.07431578,0.0679777,0.18565387,0.029532481,0.09837178,0.051868275,0.01228385,0.0075611332,0.01621169,0.008883808,0.016851656,0.045052584,0.012090507,0.013517799,0.13755545,0.012218107,0.007816234,0.013552165,0.025174888,0.016832752
53,0.05276379,0.046706427,0.045045476,0.049991917,0.06708864,0.06740782,0.040919907,0.2299122,0.09275041,0.02291511,0.013319808,0.017635914,0.01732514,0.04177999,0.022921853,0.021046173,0.01512055,0.045701854,0.015980251,0.013392744,0.032456018,0.014252594,0.0135654835
54,0.049425233,0.026021602,0.06720706,0.04432847,0.123301625,0.076371804,0.018731773,0.13743265,0.0861998,0.009341258,0.00682889,0.010562408,0.035298724,0.008761744,0.047165215,0.026966244,0.010957164,0.14604905,0.008633572,0.006836152,0.035674203,0.010303291,0.0076021054
55,0.020116813,0.077510454,0.1536422,0.035713594,0.09488095,0.07788994,0.050656345,0.056587886,0.16406766,0.012138061,0.010370131,0.014365442,0.015249372,0.019933268,0.05330503,0.014080994,0.01151117,0.034382705,0.019107517,0.010387963,0.031039393,0.011757821,0.011305305
56,0.028637027,0.039144274,0.072919406,0.03626464,0.20698051,0.099294946,0.017538227,0.08785401,0.13647686,0.016258253,0.009640154,0.030955816,0.012789228,0.03467964,0.047612846,0.012081411,0.010338963,0.02871807,0.011732121,0.0096407235,0.024590455,0.012232662,0.013619764
57,0.06349777,0.037810385,0.07507303,0.04549516,0.22286437,0.039309487,0.019958695,0.057205383,0.062295318,0.03873658,0.010768921,0.016558597,0.013347993,0.045820776,0.040453807,0.021718072,0.01138814,0.024519887,0.011596731,0.01076429,0.079927586,0.018232157,0.03265691
58,0.018911475,0.023441195,0.1603899,0.10449322,0.082928434,0.14665838,0.046578623,0.034856737,0.05062883,0.024755454,0.011261923,0.023586212,0.012957981,0.044857293,0.036257286,0.012616009,0.01911914,0.051642377,0.0117154615,0.011268143,0.014334255,0.0451157,0.011626
59,0.04803216,0.026823495,0.06417518,0.23299612,0.03972928,0.1399038,0.027953014,0.027361829,0.045086157,0.02036988,0.015976261,0.027238239,0.020848613,0.024802864,0.041643053,0.0166328,0.018560939,0.04455875,0.016822347,0.015985064,0.019357659,0.048938654,0.016203867
60,0.080210485,0.1939809,0.116974376,0.069415756,0.016766747,0.017928563,0.013519506,0.023217736,0.041151457,0.011981983,0.01183712,0.08363131,0.015040028,0.025690967,0.012920449,0.034023035,0.013467074,0.02486942,0.016335111,0.011896343,0.02669465,0.04402868,0.09441835
61,0.04114638,0.10237148,0.28748435,0.044738844,0.021219745,0.022534996,0.015879717,0.07390459,0.029941067,0.010929097,0.01074667,0.04733717,0.025475178,0.01716852,0.011478873,0.03487575,0.012907847,0.019477163,0.038974997,0.010790064,0.046053503,0.03621082,0.038353227
62,0.06571031,0.10907852,0.2086371,0.12680313,0.03027033,0.048098814,0.01952105,0.021891959,0.04067894,0.0073680426,0.007248052,0.104357965,0.02055023,0.009969683,0.008361277,0.025617125,0.015145798,0.028357817,0.028349778,0.0072478303,0.018161373,0.029618133,0.01895672
63,0.05091557,0.061759345,0.12905926,0.17754807,0.01214383,0.023920316,0.02860788,0.019493109,0.033506542,0.006719926,0.0064762053,0.024994789,0.009478749,0.011892036,0.011086589,0.091665864,0.05729216,0.017786253,0.11470494,0.0064802114,0.013850361,0.0803461,0.010271922
64,0.043103438,0.042562854,0.08536107,0.2803225,0.011240507,0.06877498,0.013041939,0.068979785,0.046116687,0.00822455,0.00779055,0.011413577,0.012967297,0.03063002,0.03203581,0.029824326,0.06784354,0.014887658,0.042359147,0.007792556,0.03297841,0.022278637,0.019470125
65,0.05644836,0.110302895,0.20624816,0.16504437,0.046427663,0.09772901,0.021711038,0.038292423,0.022562457,0.023878863,0.0062467563,0.031851128,0.011475613,0.014818936,0.00763024,0.012488045,0.03270454,0.013420563,0.038342487,0.008485458,0.011753936,0.012024585,0.010112451
66,0.033421557,0.061135005,0.09395606,0.2343978,0.089599036,0.19548298,0.0136943,0.017592737,0.028499776,0.013914127,0.010773924,0.016354006,0.020981474,0.020741362,0.013170352,0.018861493,0.029091148,0.013632536,0.016223688,0.011944523,0.021561332,0.012618397,0.012352335
67,0.041730385,0.028153557,0.13623971,0.24717548,0.02223294,0.13753721,0.012056938,0.030967249,0.13107952,0.037757814,0.009284753,0.013335815,0.01144588,0.010974441,0.013169912,0.011434778,0.010690957,0.037587617,0.010325546,0.009872985,0.011963008,0.012633202,0.012350421
68,0.057116043,0.037465565,0.10269888,0.19119427,0.024259713,0.26829273,0.010405557,0.041116767,0.04399516,0.025785469,0.009499728,0.024957847,0.012068609,0.010191725,0.024505645,0.012279272,0.011060333,0.032860816,0.009958582,0.0113893,0.01658743,0.0115179885,0.010792546
69,0.016724302,0.02747894,0.13953535,0.0943479,0.0757869,0.1185141,0.0628752,0.12860882,0.07646192,0.019194573,0.008204425,0.042218026,0.0106528485,0.0303613,0.011938358,0.009412355,0.014041042,0.052820466,0.010430522,0.008238362,0.015665991,0.016454764,0.010033533
70,0.024740737,0.03180024,0.0466773,0.09801471,0.17517667,0.13264816,0.09445332,0.04504478,0.040866937,0.073608845,0.010286131,0.015679032,0.013123004,0.035296857,0.013850229,0.010760364,0.02486407,0.02337682,0.012603088,0.010292862,0.014226741,0.040780112,0.011828993
71,0.022402408,0.026014194,0.032211177,0.0376287,0.07535006,0.20482244,0.12668075,0.10658926,0.10478693,0.034308936,0.008868241,0.011461759,0.010550165,0.016780283,0.015899159,0.010183495,0.028799914,0.049452994,0.010994693,0.008905247,0.012795965,0.033215262,0.01129799
72,0.0363927,0.030457905,0.16603146,0.026754165,0.118794024,0.11402785,0.016033331,0.11143847,0.063271515,0.05880822,0.010422492,0.0149688935,0.021496415,0.016989548,0.012273649,0.030054638,0.01569126,0.016250508,0.021689989,0.010429169,0.0650933,0.011963746,0.010666704
73,0.035903398,0.013614014,0.12230068,0.034491915,0.11071907,0.09018028,0.028953481,0.15439795,0.18746287,0.021873761,0.0070348457,0.011072739,0.0116908,0.009544037,0.02193175,0.011814927,0.007937251,0.05066456,0.0097491965,0.0070458706,0.030671434,0.010762194,0.010182923
74,0.08601215,0.028711736,0.13020399,0.024598578,0.032285597,0.052253418,0.01474593,0.19230029,0.088060826,0.07352625,0.010957267,0.01704408,0.0140661895,0.012340634,0.044275086,0.011892707,0.0115711605,0.019043371,0.025399162,0.011048493,0.05648478,0.01642808,0.026750274
75,0.04712849,0.05383413,0.0815754,0.05296323,0.047773857,0.050300337,0.014453669,0.11458869,0.07567025,0.028165461,0.012029337,0.020566417,0.02658024,0.017759724,0.22064693,0.012766449,0.014222796,0.022215344,0.01664583,0.012021435,0.022146363,0.020501478,0.015444055
76,0.018254522,0.021964123,0.08307104,0.120575644,0.044205744,0.05453478,0.05049292,0.09991896,0.09050789,0.05377235,0.0074970974,0.010069464,0.018532777,0.014370204,0.12272067,0.011032138,0.009410509,0.057642043,0.010196183,0.007491333,0.0691272,0.010123891,0.01448854
77,0.02263303,0.07561783,0.044943802,0.053446643,0.02770017,0.07698945,0.13919257,0.029110739,0.09272133,0.09942222,0.009820678,0.012310597,0.01412307,0.017704992,0.12067948,0.017925546,0.051250994,0.031070756,0.011011784,0.009819208,0.0130829895,0.018801017,0.010621105
78,0.06801622,0.05711913,0.106998004,0.067570314,0.07099373,0.067496225,0.040511906,0.041640278,0.085648015,0.019753387,0.008508033,0.014386124,0.013412443,0.019932006,0.09419292,0.010468099,0.014022274,0.13682114,0.0091989385,0.008548704,0.019789565,0.016149592,0.008822883
79,0.12011311,0.046661668,0.13031061,0.05271444,0.014232789,0.016676713,0.015389777,0.027006205,0.021953424,0.01141837,0.011181805,0.14575988,0.016447071,0.112662934,0.012731359,0.014897787,0.015089414,0.10443115,0.015555157,0.011284491,0.035265654,0.017658925,0.030557333
80,0.060096994,0.045368608,0.32824066,0.064192235,0.024163527,0.025637532,0.03493239,0.026463144,0.06246171,0.013001412,0.0127868485,0.047412217,0.016595013,0.031260278,0.01432859,0.018037647,0.015317317,0.04150702,0.032980863,0.012452844,0.028805459,0.023290027,0.0206677
81,0.14188546,0.059948098,0.27039048,0.07057269,0.019521538,0.0335959,0.05175458,0.020408683,0.027447268,0.014773734,0.014482452,0.033363637,0.017304411,0.021919046,0.016124219,0.017777156,0.022951243,0.024365691,0.02562519,0.014428934,0.035098795,0.021043979,0.02521682
82,0.035500485,0.04647775,0.14521366,0.2904212,0.016015016,0.027337339,0.01713884,0.03704899,0.025331732,0.012875528,0.012629203,0.025319867,0.014256995,0.02875468,0.022817668,0.026744833,0.039041776,0.024987912,0.031695586,0.012642373,0.035623364,0.05203366,0.02009152
83,0.03038636,0.0535343,0.11348658,0.3052759,0.012695882,0.06473163,0.010758611,0.038348664,0.025152307,0.009166547,0.008934892,0.013757849,0.013145232,0.02451122,0.03700049,0.01513809,0.111479826,0.024501253,0.024102518,0.008938224,0.018487925,0.022984048,0.013481677
84,0.16664524,0.06569589,0.08380947,0.17877766,0.026223691,0.16102377,0.013619959,0.019310074,0.053422596,0.013560444,0.010667239,0.01695733,0.018803226,0.012777837,0.014811274,0.015259691,0.027316974,0.011998865,0.0158165,0.025127426,0.017401272,0.014197901,0.01677566
85,0.061704658,0.034477413,0.21960494,0.13744095,0.06468686,0.18386205,0.013217191,0.015940566,0.04061635,0.013576353,0.011859169,0.014716651,0.029201945,0.014073727,0.025047867,0.014646249,0.01841252,0.012660636,0.013717653,0.01720575,0.015858376,0.0131695615,0.014302564
86,0.10365866,0.024839213,0.04851989,0.18910445,0.025397513,0.28002045,0.017682467,0.023912722,0.04991887,0.029551651,0.013178709,0.017459745,0.015398834,0.017214095,0.02000506,0.014088211,0.0150714135,0.019079542,0.01404622,0.013335334,0.01745048,0.01479204,0.01627437
87,0.21107565,0.033085696,0.047431394,0.12161864,0.045113448,0.2076914,0.014190311,0.021178534,0.033398084,0.06483205,0.012941037,0.016566478,0.022033555,0.0139092915,0.017170893,0.013676191,0.016299197,0.018294346,0.013358987,0.013307941,0.015167605,0.013820817,0.0138384905
88,0.033805113,0.07568756,0.07393284,0.044557456,0.23791195,0.06481853,0.061006613,0.05119855,0.036446698,0.026098011,0.012615722,0.018582912,0.021700298,0.016740737,0.025821082,0.019729218,0.018570332,0.052262343,0.016923692,0.012633577,0.031700335,0.0317475,0.015508896
89,0.039473485,0.04213534,0.0310137,0.056403935,0.052248586,0.0983141,0.02417915,0.0702546,0.058525406,0.04988326,0.011234244,0.018450765,0.013923089,0.012879811,0.044140268,0.023263501,0.040741637,0.19344532,0.023403715,0.011236896,0.038001694,0.034042627,0.012804857
90,0.03270903,0.0499474,0.034272607,0.04329557,0.048906337,0.18476567,0.042186998,0.118824266,0.056639127,0.12451402,0.0073530567,0.011687509,0.014271573,0.013885979,0.018604875,0.009653035,0.014740822,0.05264307,0.0112261465,0.007348023,0.020778032,0.06748908,0.014257764
91,0.03081524,0.040593613,0.051688258,0.047845893,0.051334493,0.09691038,0.016595367,0.11901923,0.12790693,0.18990985,0.012048983,0.013581039,0.02590879,0.021588545,0.012675579,0.016076101,0.03655111,0.013297296,0.014228525,0.012005982,0.023424774,0.013188468,0.012805557
92,0.023331996,0.016060593,0.13314594,0.03347969,0.034591276,0.034850266,0.019742709,0.26207536,0.15235698,0.042278975,0.012867064,0.0141893625,0.014212494,0.024659343,0.039019763,0.013918426,0.013456882,0.027006608,0.01364,0.012805506,0.019941026,0.026338605,0.01603115
93,0.031663556,0.017328717,0.06756324,0.081203856,0.022887599,0.0319315,0.024553133,0.3016118,0.06010142,0.018165119,0.011059642,0.013296503,0.012894782,0.06508901,0.034170527,0.011576227,0.0124903675,0.040751506,0.0120429015,0.01104389,0.023970561,0.0716794,0.022924734
94,0.09212516,0.022168148,0.037421376,0.107797734,0.041805435,0.068178974,0.015830915,0.25404435,0.082278855,0.016782766,0.012648804,0.01461281,0.018930264,0.024219453,0.054393765,0.012960976,0.013430188,0.02036905,0.013705534,0.01264392,0.020071318,0.027959006,0.0156212
95,0.024790905,0.071542285,0.045397937,0.03492213,0.019571085,0.04101707,0.052790042,0.17371619,0.1276152,0.020030128,0.011572285,0.012336196,0.016219856,0.013937603,0.15145501,0.022934068,0.022152623,0.020789329,0.027560119,0.011593262,0.025049234,0.01909245,0.033914957
96,0.04954363,0.05040678,0.034438748,0.05586717,0.023382008,0.24196215,0.04022757,0.04648072,0.08002638,0.033613175,0.017810553,0.018715225,0.04041796,0.03006167,0.06416994,0.02047362,0.025105014,0.025092449,0.018409152,0.017841585,0.027607696,0.020117845,0.018228937
97,0.037192307,0.13258718,0.046258256,0.033869494,0.02554969,0.06293299,0.023868104,0.146499,0.038688727,0.019259518,0.014821767,0.016441982,0.019682098,0.07300537,0.15321574,0.021610951,0.017704416,0.035123866,0.015521589,0.015086228,0.018276181,0.017712226,0.015092337
98,0.25900888,0.043760054,0.06765178,0.027234333,0.023664476,0.045510124,0.03381352,0.02451681,0.0366508,0.021598695,0.021232165,0.025967717,0.04909708,0.041424934,0.026041515,0.022905203,0.026169643,0.024917664,0.046135373,0.021867683,0.027456686,0.026977377,0.056397483
99,0.11242868,0.03339761,0.25159726,0.027924228,0.01741309,0.024934057,0.01676915,0.019252034,0.022453174,0.012430102,0.011898085,0.03234029,0.05002596,0.14097336,0.01969167,0.01414315,0.039541293,0.026942186,0.025069034,0.0119033,0.03523403,0.020492878,0.03314542
100,0.07798281,0.04864658,0.3394186,0.038315,0.03718442,0.054488417,0.018420847,0.024036085,0.05177683,0.015205405,0.015119584,0.031359654,0.019745305,0.035070788,0.021995362,0.024443418,0.018494425,0.032449674,0.01917448,0.0126978075,0.020164598,0.026154235,0.0176557
101,0.06206435,0.10627463,0.14084114,0.19400913,0.011611001,0.022577677,0.01615979,0.022051154,0.01834305,0.011220465,0.009941369,0.021463465,0.0120277675,0.040782377,0.015888717,0.010873298,0.057219937,0.032884806,0.01260358,0.009901407,0.12722668,0.017589426,0.026444804
102,0.094734445,0.13887447,0.08429822,0.19185114,0.0038724772,0.019574422,0.0026536032,0.07173841,0.0058577703,0.0013595759,0.0009581978,0.06878801,0.0022335174,0.055366367,0.03915165,0.0037075952,0.025867134,0.062151935,0.0043591033,0.0010340777,0.03858424,0.036117543,0.046866108
103,0.05966204,0.072148405,0.059700176,0.2983481,0.026565103,0.03437481,0.01437928,0.053844877,0.023233866,0.013873027,0.013706263,0.025689453,0.014749364,0.06565561,0.031506144,0.015295537,0.041810255,0.0263321,0.017268635,0.013717051,0.024378413,0.0319425,0.021819038
104,0.099331744,0.14377095,0.095875666,0.1532029,0.013584408,0.06465561,0.008804983,0.023637522,0.039575778,0.006223145,0.005017912,0.020797262,0.040016726,0.0079850955,0.018082667,0.028378798,0.018500313,0.005765601,0.006146805,0.10100517,0.04341391,0.014175258,0.042051826
105,0.062296826,0.051301144,0.08516846,0.24794072,0.028945016,0.16063827,0.017247256,0.020422416,0.028652547,0.020489765,0.016189564,0.021741984,0.025276374,0.017546996,0.020755233,0.020772083,0.02239532,0.016482433,0.017066192,0.033813264,0.023556892,0.018126871,0.02317431
106,0.039775416,0.032128707,0.03498992,0.12995273,0.038503055,0.2753517,0.036493115,0.04635215,0.09345597,0.027544886,0.012664952,0.024569057,0.013537498,0.034485176,0.01940015,0.015070834,0.018744329,0.014004592,0.016222427,0.012503077,0.033541292,0.017633624,0.013075387
107,0.030735372,0.0147471335,0.066783376,0.038579345,0.13183653,0.103676476,0.056658078,0.036608506,0.10754496,0.013368839,0.010026338,0.07219027,0.010962922,0.116559625,0.011688188,0.010461179,0.011296978,0.012246528,0.028355833,0.009539034,0.08443791,0.011871411,0.009825086
108,0.021180632,0.15930724,0.0236695,0.06594403,0.1376294,0.15378612,0.038395666,0.043211296,0.060170814,0.013488157,0.010707139,0.012595085,0.015605062,0.015342982,0.0358525,0.013850835,0.0137129035,0.052882675,0.011653572,0.01073863,0.047019728,0.017136598,0.026119465
109,0.05218104,0.04680565,0.023834938,0.04263628,0.07337983,0.20402241,0.02926306,0.03914232,0.029902773,0.016878257,0.012765362,0.01354815,0.027304612,0.019334473,0.01828634,0.013652991,0.013779926,0.1662193,0.014096287,0.012767742,0.083188795,0.030913834,0.016095608
110,0.026214296,0.037271667,0.022965448,0.07344322,0.18866773,0.14509007,0.071536705,0.117087506,0.028899293,0.030875245,0.012095133,0.012978454,0.027321504,0.015034374,0.014923658,0.012695661,0.013633244,0.04672502,0.017643107,0.012087839,0.027376642,0.03164286,0.01379135
111,0.057046793,0.059960127,0.028201727,0.0649326,0.081919715,0.08057054,0.029654082,0.24664716,0.050207138,0.04758327,0.012974956,0.015977679,0.022657504,0.052714027,0.014299994,0.014700477,0.02599039,0.013588234,0.013803915,0.012973467,0.020910375,0.015778005,0.01690781
112,0.057635,0.058205586,0.02537812,0.025381776,0.012702208,0.17123772,0.008774715,0.20111695,0.08815785,0.05775464,0.0066367295,0.011440194,0.059094865,0.03353804,0.014386783,0.012277347,0.0077080163,0.05043262,0.03125838,0.006646738,0.009085264,0.02155685,0.029593565
113,0.03414575,0.061040055,0.023796529,0.07152238,0.030662408,0.24222292,0.01400091,0.13747188,0.13187632,0.078643814,0.00797927,0.009282981,0.021141227,0.014674549,0.010159428,0.011434225,0.009595953,0.024331803,0.01347624,0.007988582,0.009020832,0.011573218,0.023958707
114,0.025540967,0.022319045,0.028223986,0.07326286,0.114713535,0.19668052,0.011591365,0.15370853,0.1787769,0.025568226,0.009750641,0.010307774,0.013460896,0.011986992,0.010943433,0.019905673,0.012884165,0.013896424,0.011151405,0.009753738,0.01087316,0.011211696,0.02348811
115,0.050372228,0.22855942,0.031701308,0.02528364,0.016719468,0.09938487,0.02198135,0.076245464,0.08722464,0.015733013,0.013985154,0.014256201,0.015663302,0.01903439,0.0417442,0.018599639,0.07066421,0.015922919,0.034267217,0.013903688,0.028707951,0.041791648,0.018254029
116,0.09210935,0.059434272,0.114089355,0.073220514,0.017249139,0.17415033,0.0108868405,0.043733813,0.13239302,0.010604189,0.010253022,0.014932883,0.0201358,0.014174967,0.013460728,0.020302232,0.013016,0.03375698,0.016967963,0.010302192,0.066882,0.02342508,0.014519332
117,0.07827458,0.048800446,0.081024826,0.16926973,0.03154184,0.062306266,0.00836078,0.04774733,0.056175325,0.007893502,0.00766433,0.030932585,0.039845597,0.010752232,0.020205043,0.04767014,0.010804073,0.02193384,0.03543725,0.007918157,0.11557437,0.042545665,0.017322063
118,0.06904779,0.027410263,0.058168374,0.026895793,0.018870369,0.14407717,0.02934649,0.020532416,0.095143706,0.015910346,0.0152234845,0.023224475,0.14704944,0.021118982,0.03572421,0.016170464,0.017190304,0.019136017,0.023519838,0.019061359,0.027492361,0.03763937,0.09204697
119,0.11775606,0.04895476,0.2287716,0.042989526,0.017102048,0.036363307,0.030741546,0.01887246,0.03054746,0.017585833,0.0155886635,0.020794502,0.037847556,0.033092313,0.021742111,0.016668547,0.01932501,0.019313937,0.048999805,0.016136331,0.07716569,0.05392598,0.029714907
120,0.07148977,0.060844813,0.32185924,0.050379653,0.02551698,0.095761456,0.0217027,0.033058703,0.03699142,0.0153348185,0.015197208,0.019367553,0.017893782,0.02163035,0.029887985,0.023931993,0.017187864,0.025296042,0.02160919,0.014737038,0.023519509,0.019249933,0.017552013
121,0.03541133,0.06572473,0.27958155,0.097253405,0.015989635,0.06030321,0.018978795,0.019070823,0.026026087,0.021775985,0.014456011,0.017535726,0.015904244,0.03933012,0.020168595,0.0147880465,0.026332453,0.10411665,0.017564988,0.014463919,0.038902067,0.018540611,0.01778109
122,0.06033557,0.20572595,0.040610287,0.16286966,0.013431451,0.09619683,0.011863713,0.026232513,0.01662778,0.012179089,0.011490211,0.039026067,0.0142152645,0.025238337,0.017639909,0.01689867,0.020702096,0.044792216,0.012721681,0.011607589,0.08581374,0.025415717,0.028365603
123,0.02582031,0.06437083,0.061954025,0.2711737,0.01597728,0.04802444,0.014514007,0.020688858,0.025768569,0.017441124,0.014218418,0.031315442,0.018527383,0.0287749,0.016818054,0.015592148,0.042099815,0.04579866,0.017577648,0.014785753,0.098837726,0.020863868,0.069057055
124,0.030082975,0.059201036,0.15449044,0.27259165,0.042011313,0.07481781,0.032767832,0.01372248,0.017784083,0.007698443,0.007240949,0.013036293,0.021711838,0.025429577,0.029614083,0.011677574,0.08167164,0.009423415,0.008461571,0.022575542,0.02655728,0.023073766,0.014358438
125,0.024566324,0.038787663,0.05436367,0.28677332,0.040329482,0.11963376,0.14282323,0.017400533,0.01987097,0.011339216,0.011021524,0.027948044,0.025709135,0.022308381,0.018384919,0.012185784,0.031023663,0.014938282,0.012920069,0.014134638,0.018258335,0.020062022,0.015217073
126,0.020904206,0.019778205,0.036731146,0.064828,0.03448108,0.17182532,0.03318162,0.14605607,0.19523153,0.01877648,0.015037282,0.019663656,0.01559123,0.021309817,0.016203199,0.027672749,0.02039184,0.015120156,0.016630879,0.01443094,0.020955758,0.04038574,0.014813126
127,0.01664603,0.017412927,0.107639164,0.061846968,0.09926114,0.19985679,0.09600981,0.12796861,0.054002948,0.018254673,0.012620357,0.027434547,0.014231689,0.027265523,0.01013931,0.012103259,0.010937352,0.010028252,0.016203057,0.00926428,0.023818472,0.017425708,0.009629091
128,0.027620068,0.18694322,0.08676541,0.03376665,0.073566355,0.03096714,0.07400442,0.056771163,0.19108273,0.013523135,0.011122178,0.011531464,0.012591174,0.015812077,0.013974166,0.011902919,0.036270343,0.01196776,0.029934186,0.0110492995,0.015789384,0.031778496,0.0112662595
129,0.032019973,0.1729565,0.040681295,0.07032929,0.028081752,0.035269946,0.02619192,0.03898183,0.14645146,0.009467735,0.008773276,0.009708625,0.012122538,0.011754402,0.010563783,0.009432178,0.11014196,0.010742221,0.06774488,0.008762309,0.03182487,0.098924585,0.00907261
130,0.02415329,0.053785656,0.029465115,0.03057296,0.054498047,0.07151545,0.045497037,0.12925209,0.18927877,0.011695992,0.010774667,0.014101421,0.012225226,0.021246942,0.01632973,0.011079865,0.02932202,0.019499205,0.021876784,0.010756916,0.080613375,0.10122307,0.011236352
131,0.0750609,0.03540337,0.04553209,0.11278917,0.21674018,0.08738966,0.016922753,0.117329545,0.03811215,0.017832888,0.010125656,0.024351163,0.021737609,0.02534774,0.013658095,0.011459162,0.014375162,0.011806499,0.010667936,0.010045756,0.040805466,0.013298668,0.029208403
132,0.0319958,0.032063246,0.078027524,0.021071443,0.014327404,0.05350633,0.01028936,0.24412444,0.114918865,0.038895532,0.0053609433,0.011160412,0.020087037,0.05777507,0.012114565,0.03566466,0.008535545,0.044207178,0.010118227,0.0053927014,0.00857196,0.00973111,0.13206057
133,0.024182677,0.021099865,0.04869672,0.0321208,0.030510528,0.05760405,0.01637954,0.25782475,0.21911599,0.022260798,0.014080405,0.015379772,0.017879609,0.025918458,0.02534399,0.020923099,0.023719264,0.022056442,0.01521017,0.014047907,0.016122963,0.016530678,0.04299153
134,0.01987474,0.020091755,0.0761972,0.06961667,0.04091078,0.102404535,0.016139543,0.30205294,0.1025155,0.019628126,0.013867984,0.014341521,0.015979733,0.01705531,0.016707048,0.018728435,0.02010734,0.016631901,0.01449572,0.013872819,0.017640324,0.014889644,0.036250353
135,0.104086444,0.07246053,0.06251489,0.027942544,0.014100948,0.03527028,0.011611813,0.17434123,0.14841071,0.010859742,0.010238905,0.010174244,0.013339572,0.022504773,0.018805139,0.014229451,0.11996565,0.010290287,0.014073193,0.009759764,0.016558442,0.067799784,0.010661569
136,0.042639893,0.11625289,0.18033022,0.043905307,0.023818843,0.10293786,0.010103526,0.105934106,0.102036975,0.008352772,0.007870303,0.011788264,0.03482699,0.029621903,0.0142186675,0.012442099,0.021815524,0.047411896,0.020184569,0.00789557,0.019326197,0.011290312,0.024995377
137,0.043442946,0.1024478,0.1787211,0.09477966,0.051696893,0.15139264,0.009704701,0.037562992,0.0639929,0.0094811125,0.008713344,0.02881522,0.028604917,0.01314777,0.02653275,0.030560356,0.013570172,0.02179351,0.016666448,0.008762213,0.028962888,0.016037447,0.014610228
138,0.050228182,0.024947923,0.03356477,0.029135281,0.017890438,0.03509283,0.10034489,0.032592654,0.030488271,0.016912991,0.016565489,0.043492492,0.034709673,0.018759552,0.17032716,0.017841913,0.017784161,0.018633679,0.018572826,0.01731863,0.039123323,0.14272812,0.07294477
139,0.07541616,0.05047005,0.08716122,0.06647144,0.015776783,0.025927657,0.11874336,0.024712507,0.04126543,0.014598419,0.014244065,0.028229093,0.020686613,0.020300716,0.036347974,0.016780602,0.015827894,0.024836643,0.019296521,0.014396014,0.19919156,0.039968014,0.029351305
140,0.04157239,0.03893858,0.32191893,0.09653449,0.017460907,0.06986584,0.043445863,0.06158582,0.0490701,0.009616265,0.009247625,0.01523372,0.015036217,0.023153,0.018143784,0.011787928,0.014989728,0.0312215,0.015723998,0.009214195,0.05223038,0.017572893,0.016435865
141,0.033142097,0.049167145,0.36215758,0.1522534,0.015119533,0.0332489,0.03037242,0.01840753,0.058768235,0.010915687,0.008993988,0.013845959,0.015435913,0.02073842,0.016583793,0.00974203,0.029555451,0.030073764,0.015536006,0.00909593,0.030370826,0.025130037,0.01134536
142,0.028801067,0.0547964,0.3050886,0.14595553,0.014244658,0.026312562,0.013994682,0.014036057,0.027105153,0.013888529,0.01062212,0.030446818,0.035559326,0.016900089,0.038563192,0.011621987,0.04607334,0.018817747,0.037034538,0.010655566,0.016536647,0.06810674,0.014838673
143,0.019634217,0.07377277,0.233202,0.21357681,0.0137481885,0.04883473,0.01081121,0.01621721,0.02053401,0.027766543,0.009976909,0.046260558,0.030540766,0.030728197,0.017457446,0.01127766,0.023789154,0.038864065,0.027730908,0.010083952,0.02619996,0.027792148,0.021200534
144,0.04039732,0.044218265,0.06599483,0.39873824,0.022187242,0.055827413,0.026804756,0.0184376,0.02463658,0.013624705,0.012461408,0.015250304,0.018491765,0.066896334,0.02198063,0.01411223,0.03287057,0.020091109,0.014520854,0.015590618,0.02006294,0.019025866,0.017778348
145,0.018115947,0.0281845,0.083763875,0.3852701,0.02230157,0.101925164,0.050815824,0.029127812,0.038513508,0.008129158,0.0075847916,0.012980189,0.021392696,0.022597289,0.02306792,0.008971868,0.035680696,0.010861242,0.015925387,0.008804647,0.026002344,0.017704053,0.022279456
146,0.02166134,0.042917952,0.21412848,0.04914303,0.16889729,0.07945211,0.02385547,0.06947519,0.02058149,0.016322233,0.020100651,0.026709376,0.025391798,0.017795766,0.0172191,0.017597685,0.024925565,0.017745085,0.024545753,0.015958063,0.023917094,0.03803904,0.023620512
147,0.028126825,0.02362332,0.20575334,0.029328452,0.061368573,0.15972054,0.03742485,0.09332692,0.019632712,0.011307925,0.033992868,0.06938993,0.042860076,0.01434399,0.010899228,0.014481225,0.012859267,0.010936366,0.037170857,0.009751778,0.025522413,0.036829315,0.011349205
148,0.02717186,0.23492211,0.06791482,0.066251375,0.054824322,0.09460204,0.046169195,0.050322093,0.07696503,0.02443639,0.0107260095,0.010723626,0.011293116,0.0313722,0.025443941,0.012077387,0.04818301,0.013017966,0.027625347,0.010322912,0.011805251,0.03321565,0.010614391
149,0.03833607,0.05186229,0.079892844,0.03212622,0.03614943,0.14360607,0.023888994,0.075939916,0.15406832,0.035197962,0.012173614,0.012803265,0.012819895,0.038607806,0.1026274,0.0125929285,0.018872771,0.023373457,0.036599778,0.012113752,0.014795154,0.01926457,0.012287496
150,0.03528241,0.047772918,0.05718238,0.04345766,0.13410589,0.04975954,0.0574008,0.21871732,0.06864302,0.015107439,0.010919486,0.013419968,0.013320963,0.019886749,0.04135654,0.011892392,0.018412622,0.04233541,0.016527312,0.01090279,0.026680337,0.03572738,0.011188624
151,0.06834572,0.037352595,0.06371229,0.031660262,0.16698618,0.10485619,0.026756663,0.12230885,0.09410102,0.009395476,0.008319919,0.012500295,0.020813806,0.0127281835,0.024899889,0.013302852,0.009300497,0.016163476,0.009802971,0.007924009,0.10481941,0.021869535,0.0120798955
152,0.017631,0.057277363,0.0584559,0.06686358,0.029438715,0.09063105,0.022949945,0.25464228,0.10137158,0.012787113,0.007408239,0.011126356,0.041864157,0.05188641,0.03219395,0.013694159,0.01595608,0.036610346,0.009429826,0.0073201787,0.016133245,0.010337701,0.033990823
153,0.014337924,0.066865966,0.038154352,0.05912208,0.054528534,0.09043983,0.08687179,0.10076062,0.23056486,0.013922276,0.011455176,0.01379179,0.021248622,0.02983951,0.025801005,0.012791897,0.01334204,0.022595204,0.012208681,0.011432199,0.019236317,0.022709766,0.027979573
154,0.01622661,0.054931015,0.027537975,0.040776975,0.02730234,0.03932406,0.04132288,0.25689623,0.15167904,0.014394028,0.012814779,0.021663602,0.031145629,0.05420814,0.034781165,0.014065876,0.014588756,0.04653372,0.014294705,0.01274848,0.030566823,0.025940612,0.016256528
155,0.0549373,0.087231025,0.11401294,0.04991046,0.027255643,0.040307663,0.010417337,0.26472256,0.07988942,0.011725889,0.011201358,0.009998808,0.026082827,0.011489563,0.030083342,0.026187297,0.048311315,0.0090722265,0.010237636,0.008582939,0.02728788,0.03213681,0.00891777
156,0.09085579,0.0920934,0.043116633,0.02193841,0.080937035,0.06574807,0.021980027,0.09245896,0.10549552,0.009346102,0.00708863,0.007952619,0.015512639,0.04939346,0.03564617,0.008237777,0.11036453,0.012398795,0.0900527,0.0070854328,0.012857799,0.009911013,0.009528415
157,0.06850622,0.06320303,0.056342535,0.03937229,0.032177757,0.1891154,0.012994912,0.088218115,0.053609874,0.014382035,0.0099916635,0.012658308,0.051219147,0.017948652,0.13121219,0.01358149,0.029094262,0.013926079,0.023879506,0.00998391,0.035269093,0.02112209,0.012191425
158,0.10387059,0.032572392,0.032380503,0.05013191,0.017500106,0.022414288,0.027323006,0.124323964,0.020601925,0.0154594015,0.014419019,0.14023349,0.020464433,0.019172426,0.03916117,0.019471237,0.016184736,0.016345615,0.016502064,0.014638845,0.021752696,0.06857549,0.1465007
159,0.18416733,0.08490666,0.059245378,0.05549652,0.011304052,0.018491223,0.021983247,0.03606558,0.016015682,0.010188322,0.009845066,0.10971874,0.02298742,0.031646457,0.04698483,0.029963393,0.012664097,0.015230824,0.014494224,0.009997224,0.04238011,0.07860153,0.07762211
160,0.07718346,0.05062767,0.26489052,0.06858882,0.020838203,0.027207237,0.023263942,0.056386333,0.023759758,0.016122464,0.015936626,0.0317963,0.02770068,0.026139548,0.022845369,0.020689331,0.017576564,0.04322818,0.04173473,0.015974503,0.040397238,0.029075027,0.038037505
161,0.035824917,0.06962902,0.32854763,0.06670125,0.023012128,0.027433837,0.02048386,0.02016162,0.04019493,0.017067712,0.016461683,0.018100169,0.024287138,0.032820486,0.020979445,0.017267365,0.086414866,0.02295464,0.022823859,0.016469928,0.020562235,0.03452797,0.017273381
162,0.020578824,0.12626173,0.2717941,0.08731997,0.020933462,0.043121897,0.0104944175,0.015038432,0.027787995,0.0105362255,0.00912337,0.013653138,0.015678825,0.018528992,0.026768861,0.012495157,0.17146768,0.013413281,0.023340447,0.009132598,0.011293936,0.030413216,0.01082339
163,0.037601434,0.05024978,0.13872606,0.21809207,0.028514385,0.15663458,0.010713094,0.03816823,0.033602964,0.012862501,0.009928452,0.016117366,0.016808724,0.014520888,0.028690964,0.015623043,0.035090692,0.015183448,0.022437304,0.009946667,0.012828683,0.06514272,0.012515957
164,0.031978775,0.07510565,0.04432069,0.4303908,0.017193016,0.043888282,0.024152005,0.017492158,0.03564561,0.019304862,0.0141372485,0.017738948,0.01871054,0.032402992,0.028240286,0.016501848,0.02295221,0.017674906,0.015125561,0.014828643,0.017679516,0.023306292,0.021229167
165,0.025893519,0.058175936,0.047468502,0.42664436,0.016293254,0.06750913,0.023586825,0.01933151,0.04116575,0.013673094,0.012395088,0.019640047,0.022329796,0.028559629,0.024627673,0.01596617,0.024917925,0.017944856,0.014381591,0.012779559,0.019330265,0.017951805,0.02943375
166,0.024798773,0.036779493,0.059098806,0.114454284,0.10066107,0.24908303,0.03330145,0.043335695,0.027686074,0.015778374,0.016917385,0.020823706,0.020248836,0.019717561,0.019818984,0.020030173,0.036571115,0.02330656,0.0270155,0.015427173,0.03520449,0.023093404,0.016848162
167,0.048702214,0.063101225,0.048693173,0.047029134,0.032992695,0.19094104,0.121723905,0.028316537,0.02482461,0.009143056,0.013494364,0.028949795,0.021864707,0.019156298,0.011639039,0.037552368,0.0148196425,0.010692768,0.07680292,0.008248613,0.10113071,0.031294916,0.008886233
168,0.069955215,0.08329616,0.16452508,0.0766551,0.04993696,0.12913898,0.023443203,0.057318468,0.14057246,0.0124337515,0.010337679,0.011128253,0.01355742,0.02555466,0.014163066,0.019235525,0.021025043,0.01562912,0.013225005,0.010283543,0.011825211,0.0157124,0.011047687
169,0.033237915,0.056528848,0.055305656,0.051769596,0.040600207,0.0461708,0.03201238,0.26521927,0.084627785,0.01928312,0.018139463,0.020750819,0.032949105,0.023950784,0.021574587,0.02077663,0.024747431,0.04705162,0.01892118,0.01812711,0.024804763,0.024998859,0.018452069
170,0.03389772,0.14114465,0.059779767,0.03057397,0.031694386,0.023377055,0.06273158,0.14564659,0.057209417,0.013196007,0.009399349,0.021625254,0.022582669,0.025451215,0.023197517,0.014521278,0.0334967,0.13954213,0.010516134,0.009387612,0.04170329,0.039255463,0.010070296
171,0.09553407,0.15534176,0.06921883,0.036858167,0.0723874,0.0437296,0.053110093,0.17511596,0.03633061,0.012339165,0.01407079,0.01998876,0.01619085,0.023355937,0.023910657,0.01352429,0.014691928,0.028705515,0.012958975,0.011894364,0.03886783,0.015827294,0.016047165
172,0.03728537,0.07322623,0.06459042,0.027386371,0.0825066,0.06552266,0.03337603,0.28575134,0.04767833,0.013750011,0.013115205,0.019295024,0.018436715,0.024906756,0.026513522,0.013614036,0.017993068,0.035833422,0.013126473,0.0120057715,0.042761654,0.014952236,0.016372744
173,0.025549114,0.1238136,0.026900055,0.019593174,0.057342004,0.02251652,0.04918367,0.15656948,0.023262741,0.01291511,0.011752368,0.046737403,0.013899247,0.028717253,0.019827764,0.012764936,0.013703059,0.10451058,0.012852795,0.011581304,0.17531297,0.018117912,0.012576956
174,0.020903477,0.10412167,0.040953927,0.033492107,0.04362937,0.020932322,0.032303013,0.2840865,0.04207471,0.016054511,0.0098232385,0.053256225,0.016927151,0.035896078,0.04556086,0.014593161,0.015896445,0.07700367,0.015559032,0.009820102,0.04230762,0.013927924,0.010876933
175,0.02940366,0.041429978,0.042809416,0.027117463,0.023960473,0.050665203,0.019591937,0.3060592,0.15855677,0.029318962,0.015761716,0.015789067,0.028061878,0.016464625,0.030512983,0.019416366,0.0350741,0.016533589,0.017991945,0.015130043,0.02154891,0.023302281,0.015499457
176,0.038167298,0.04013278,0.07746334,0.03333155,0.023650266,0.09116175,0.048919484,0.1472672,0.17424007,0.024070486,0.011342991,0.011669844,0.015546362,0.0770381,0.044444717,0.011702125,0.02718684,0.014131586,0.02406342,0.011340585,0.0235783,0.016474275,0.01307665
177,0.06131511,0.05645838,0.054563377,0.13614139,0.015280552,0.1468388,0.016031677,0.112958364,0.09815592,0.010864413,0.007862267,0.00857987,0.026664473,0.020668626,0.028816963,0.008487641,0.012985898,0.020950912,0.011616879,0.00785905,0.08097707,0.039146867,0.01677554
178,0.12258778,0.071443304,0.03701021,0.03327356,0.02091759,0.022857886,0.021819633,0.037474476,0.023711275,0.023294525,0.019303577,0.043404054,0.028809689,0.021383109,0.02895248,0.037892498,0.022303848,0.020042388,0.024912188,0.019348104,0.021181216,0.2547226,0.043353986
179,0.18129006,0.20370829,0.058862973,0.06444771,0.016710592,0.022397684,0.016442219,0.023694748,0.03468368,0.015583387,0.013969562,0.04213722,0.021081772,0.019212497,0.038849946,0.031941067,0.024040477,0.015993401,0.021291206,0.014034486,0.018702185,0.06358513,0.037339766
180,0.066302605,0.14975147,0.2550436,0.032329846,0.022271035,0.017957997,0.014893949,0.032466527,0.02137904,0.016118228,0.014223797,0.025646444,0.023225915,0.020554386,0.032409605,0.035677616,0.061194696,0.018978816,0.04609073,0.014219913,0.015108685,0.04625216,0.017902961
181,0.035694204,0.08314079,0.36087418,0.042509306,0.03178794,0.022921434,0.017304441,0.025987897,0.02822827,0.018190872,0.017034942,0.022071116,0.022063076,0.021160152,0.021151021,0.029659174,0.037428495,0.03362094,0.04381139,0.016975747,0.0175818,0.03190187,0.018901033
182,0.025531473,0.08419779,0.34947938,0.09761052,0.04826646,0.031346403,0.013870688,0.018276764,0.043881208,0.016412782,0.013266465,0.01779238,0.017133372,0.022845356,0.017346026,0.017058741,0.042192645,0.023227498,0.02853719,0.013260621,0.014665017,0.026073577,0.01772766
183,0.05595457,0.053885963,0.1223689,0.28804722,0.026238842,0.0779777,0.0129676275,0.023020638,0.038610518,0.014011269,0.012584312,0.015900386,0.02128405,0.01567242,0.018783566,0.016705206,0.03250724,0.016611347,0.06969745,0.0125837065,0.013493969,0.024346206,0.016746854
184,0.054536697,0.0823849,0.05519077,0.37614298,0.014517577,0.03261887,0.031223385,0.014793961,0.0347449,0.013744227,0.012444009,0.021299647,0.020360282,0.037676513,0.04417906,0.01947743,0.025247723,0.017725466,0.013580436,0.012706641,0.016192526,0.021808987,0.027403034
185,0.034060005,0.102400504,0.061116565,0.36509407,0.007478477,0.027117705,0.010767908,0.008909096,0.021734944,0.006041372,0.005051023,0.028891034,0.038673595,0.05686681,0.03995431,0.016970536,0.02949802,0.024219362,0.0060146553,0.0052021905,0.01901426,0.011662288,0.07326127
186,0.029089367,0.075326115,0.049676355,0.19620633,0.037167493,0.10196796,0.016284926,0.027559966,0.027375858,0.011024934,0.010313319,0.015397658,0.020000642,0.027365508,0.036201436,0.0116959475,0.14485475,0.062095493,0.013428654,0.010007062,0.050533134,0.016085718,0.010341378
187,0.025015188,0.036544044,0.09558421,0.14075716,0.073785365,0.23929478,0.032242574,0.018737225,0.04341106,0.014900067,0.010765781,0.013912086,0.021902459,0.01778004,0.022176076,0.0148566915,0.031554524,0.019592075,0.021124216,0.009987394,0.059191134,0.026695764,0.010190046
188,0.097796194,0.03237,0.20737912,0.05080115,0.05266548,0.062146932,0.019506557,0.04911714,0.1849747,0.013236911,0.012172424,0.015133167,0.014343086,0.01714246,0.022957472,0.013733153,0.038859554,0.017962111,0.016932502,0.012144526,0.014722785,0.016898101,0.017004464
189,0.029082261,0.025411662,0.17375459,0.023574555,0.09405287,0.043304857,0.04399247,0.09672648,0.054055683,0.016297245,0.013397416,0.014699365,0.014856249,0.02728394,0.018753992,0.013858102,0.16426311,0.02638685,0.038557287,0.013399205,0.018548992,0.015387219,0.020355634
190,0.020493124,0.040960837,0.104491524,0.0271994,0.02826908,0.05082123,0.17858626,0.10496498,0.08972692,0.012875071,0.012249286,0.014358891,0.016085505,0.0855066,0.032175615,0.012416132,0.038276855,0.04359518,0.01704455,0.012246238,0.026942395,0.016324509,0.014389846
191,0.057786014,0.050485168,0.06298119,0.11225896,0.02349047,0.06215545,0.14004028,0.04619069,0.053330593,0.008021543,0.019813323,0.04911004,0.015169507,0.051294927,0.055994418,0.009999161,0.015155573,0.09057921,0.009020127,0.007657444,0.023440981,0.009075782,0.026949165
192,0.02369016,0.08848944,0.053504843,0.03060213,0.13871051,0.10673389,0.049839232,0.1658714,0.13185537,0.009402222,0.013096388,0.01102307,0.010310188,0.029703,0.016352868,0.008713028,0.035257135,0.020708038,0.009443574,0.005735674,0.018971415,0.014285034,0.007701404
193,0.040333398,0.13172466,0.038101163,0.10096884,0.041131068,0.08513707,0.02689034,0.15130453,0.04506321,0.010068808,0.010171924,0.012021068,0.026473818,0.01733567,0.04667988,0.011602536,0.11847033,0.013107302,0.014420157,0.00915547,0.028829679,0.011304396,0.009704702
194,0.032469366,0.077666596,0.032258056,0.040817343,0.024376795,0.03877679,0.019952545,0.24821886,0.025975443,0.01310918,0.012113828,0.023644608,0.03655044,0.038540784,0.13007006,0.017811302,0.04914659,0.024098737,0.04423108,0.01236103,0.027931746,0.016327504,0.013551237
195,0.022509715,0.05164188,0.028549375,0.020452393,0.032828115,0.047053482,0.031223578,0.15702124,0.29028818,0.018586569,0.015299892,0.016013427,0.033498876,0.017515067,0.02328285,0.01632429,0.0644687,0.020340692,0.018035699,0.015158005,0.016898554,0.027167581,0.015841823
196,0.028119247,0.030165825,0.033479307,0.04042888,0.033120204,0.047379237,0.018597888,0.16301565,0.20569481,0.0172301,0.01656661,0.01823802,0.02325024,0.025668003,0.02815843,0.017137516,0.017715385,0.020094972,0.018437458,0.016573543,0.029110257,0.12807149,0.023746913
197,0.044276185,0.1665547,0.06511727,0.028244076,0.017703239,0.020318694,0.015429384,0.021899987,0.017945532,0.03866457,0.013137401,0.033406105,0.020155244,0.017891755,0.03404695,0.1150779,0.022939349,0.013803212,0.043440506,0.013166199,0.014014224,0.19133921,0.031428255
198,0.10489332,0.057772856,0.028968079,0.08498631,0.014256738,0.042532172,0.013540438,0.017995045,0.03156141,0.016360933,0.012530851,0.10778616,0.031395238,0.014119872,0.13562249,0.028748143,0.015382461,0.013047967,0.017779283,0.012600019,0.013442519,0.081056766,0.10362095
199,0.029929899,0.09008937,0.110648245,0.027927924,0.019209513,0.020078817,0.016641015,0.023366133,0.023191025,0.016931185,0.016129425,0.036101323,0.021734439,0.019072592,0.02416805,0.020466344,0.203626,0.029277459,0.05760024,0.016111346,0.017018294,0.14302076,0.017660508
200,0.041927468,0.06107282,0.33153477,0.058713302,0.019164827,0.028004918,0.014717906,0.03307342,0.04504309,0.016617116,0.014553575,0.02158575,0.031518064,0.023723181,0.01683731,0.017422467,0.06128399,0.028465075,0.035853077,0.014227733,0.015298014,0.05153797,0.017824102
201,0.021586305,0.067525975,0.33081815,0.11494908,0.022844166,0.019932162,0.013086705,0.020361992,0.04667004,0.023870982,0.011957454,0.030067483,0.016147936,0.037830524,0.013402541,0.013332922,0.025160782,0.055847637,0.020287136,0.011969582,0.015760036,0.03594047,0.03064996
202,0.02898461,0.03764415,0.20681018,0.27093998,0.02238112,0.032021858,0.017573016,0.03902791,0.02923319,0.02002721,0.017150579,0.026483228,0.01972899,0.02283792,0.01876424,0.01830183,0.023551505,0.026418248,0.029738802,0.017154284,0.018244598,0.024173602,0.032808945
203,0.06465023,0.18793128,0.11437549,0.14603887,0.01324039,0.024482427,0.0124784615,0.010561471,0.038975835,0.009367892,0.008751947,0.02702261,0.012245984,0.06517767,0.11110573,0.010975794,0.04285664,0.011108532,0.009340152,0.009371037,0.011673426,0.040890686,0.017377436
204,0.07279948,0.0837611,0.10746191,0.3136992,0.015294072,0.029889284,0.0155760795,0.015152004,0.028815782,0.013961478,0.013583919,0.022232482,0.02091629,0.036012154,0.042976335,0.016422959,0.02993025,0.01783313,0.0145557225,0.01374867,0.020721292,0.02609525,0.028561186
205,0.08430724,0.0393249,0.09114035,0.13726701,0.027970051,0.15732743,0.014839675,0.018810557,0.075003326,0.009200804,0.008360893,0.00953751,0.025611946,0.10688733,0.024035791,0.008816546,0.04354026,0.061645884,0.01020291,0.008286846,0.017102422,0.012300065,0.0084802285
206,0.043747623,0.02676007,0.047852423,0.101959504,0.04705824,0.2823443,0.019632189,0.031463508,0.036224436,0.015040626,0.014065762,0.014925657,0.05279673,0.036882386,0.06519836,0.014953561,0.02575784,0.02643111,0.021637913,0.013913954,0.024380455,0.022936396,0.014036978
207,0.027409337,0.054682054,0.12673801,0.050022013,0.1384567,0.17436439,0.012792457,0.10422087,0.076696046,0.010940582,0.009860624,0.024858862,0.016101923,0.012793482,0.015932698,0.010839535,0.014459061,0.017985066,0.011032647,0.009870131,0.0176828,0.03075235,0.031508368
208,0.03171941,0.023900483,0.07741475,0.030714817,0.0562974,0.2153749,0.019298544,0.15690257,0.076481864,0.010698375,0.010407536,0.025525255,0.043203726,0.021309787,0.032246526,0.010811892,0.012551103,0.04211464,0.01134789,0.010412009,0.05163341,0.015012129,0.014621016
209,0.02951748,0.03323201,0.040211495,0.028198808,0.02405647,0.15800954,0.040540427,0.0730947,0.035898957,0.0110495845,0.010832271,0.02181668,0.018474437,0.06683839,0.08759087,0.010981548,0.015878273,0.15754056,0.014133537,0.010839882,0.08681906,0.012473701,0.011971333
210,0.04206829,0.14487211,0.10463292,0.06720168,0.048031155,0.09503824,0.042844355,0.08411298,0.027646003,0.007480495,0.008818965,0.029226642,0.02024246,0.034843214,0.03358391,0.01632136,0.034865733,0.053426106,0.011992666,0.007191147,0.06437793,0.009355078,0.011826525
211,0.06730841,0.086889476,0.03687876,0.052658163,0.09873284,0.044485506,0.01554859,0.17704426,0.1133324,0.007558723,0.009318985,0.030096404,0.008012629,0.011133364,0.0096108,0.0102899205,0.0602636,0.082307324,0.024839979,0.006911143,0.010410024,0.021008719,0.015359976
212,0.03329375,0.041160613,0.10004624,0.06474701,0.036408965,0.02564763,0.010178132,0.15705377,0.103623085,0.0083551295,0.0095999,0.024338895,0.010162293,0.011697933,0.013226787,0.017861653,0.067806885,0.06026852,0.040691435,0.008330505,0.017060125,0.08160016,0.05684058
213,0.019295173,0.07889687,0.047950365,0.07141602,0.029345414,0.075839244,0.011688183,0.08053661,0.036664158,0.011170558,0.010155978,0.048590902,0.020150201,0.015276885,0.04309916,0.013220658,0.041750986,0.027400615,0.18760236,0.013242532,0.07244052,0.024152232,0.02011436
214,0.025739169,0.05899146,0.039822336,0.021100946,0.028069131,0.06856164,0.028447628,0.2371442,0.16470963,0.014170119,0.0133377835,0.016240064,0.046736084,0.019133382,0.021450473,0.013691197,0.025002252,0.03319906,0.023216063,0.013319117,0.014131023,0.057885893,0.015901282
215,0.020122739,0.039695174,0.03243653,0.020435924,0.17393471,0.0385225,0.022188138,0.12933768,0.045297895,0.014237175,0.013880062,0.018235978,0.061616767,0.021668298,0.177227,0.018141355,0.014286078,0.03386377,0.033935267,0.013889973,0.01505315,0.022277888,0.019715961
216,0.021121373,0.04007268,0.026409712,0.023882655,0.10230748,0.05272289,0.017470518,0.292295,0.056243055,0.014384725,0.014007411,0.022759646,0.034858163,0.055506095,0.06288142,0.0157157,0.014538403,0.021475427,0.019369699,0.014054056,0.016517738,0.04460427,0.016801897
217,0.03703897,0.087703265,0.031312127,0.022756057,0.019295119,0.027509565,0.019829372,0.049573995,0.021925552,0.022446217,0.018077914,0.0348863,0.036367096,0.044209033,0.024226569,0.24196732,0.029400662,0.019986873,0.037584074,0.018092444,0.019814175,0.10907365,0.026923686
218,0.09164659,0.12922333,0.03632149,0.020804545,0.011469589,0.0445057,0.017997045,0.076617286,0.027908493,0.011169613,0.010045583,0.093383044,0.021208981,0.12907133,0.026338248,0.040058132,0.031568713,0.02062514,0.03503657,0.010112499,0.01893766,0.049776528,0.04617383
219,0.035152484,0.045238454,0.14734584,0.03144261,0.019577624,0.027281955,0.08098756,0.028570818,0.021871896,0.015709512,0.014444076,0.059510127,0.023919623,0.04028403,0.067495264,0.021521349,0.18959253,0.018060913,0.020026073,0.014292593,0.025904663,0.028445197,0.023324821
220,0.04194968,0.053013124,0.3466285,0.062222254,0.029680757,0.035331085,0.037813105,0.019453505,0.026737934,0.014419458,0.01451062,0.03165513,0.043491896,0.019905029,0.037834767,0.020840332,0.04647512,0.017418388,0.019269899,0.0133989025,0.022202818,0.025302881,0.020444803
221,0.05109478,0.04740813,0.3911351,0.07271079,0.020300386,0.031579185,0.027646886,0.017369827,0.040093217,0.006609144,0.006420854,0.023366425,0.029050957,0.009587227,0.039743885,0.010436127,0.025365036,0.022391744,0.030724555,0.0062264963,0.010603632,0.04177547,0.038360223
222,0.03862124,0.07423936,0.32090202,0.044833448,0.023074783,0.029764045,0.014451513,0.014509762,0.059302013,0.0065090065,0.0062291306,0.025252983,0.044165898,0.00803882,0.11353983,0.01138344,0.016533975,0.06358273,0.027676143,0.00618263,0.015918367,0.020365313,0.014923568
223,0.026854377,0.14988069,0.066314116,0.07962372,0.013631275,0.060131278,0.021278687,0.09475216,0.03550135,0.008928707,0.0122342305,0.08230634,0.09703315,0.033405345,0.011755561,0.011716138,0.03523078,0.058750823,0.012591502,0.0085080825,0.047056835,0.018938627,0.013576143
224,0.06781266,0.08314031,0.20620142,0.12144471,0.013557342,0.025764517,0.016589435,0.03357081,0.018248996,0.011143519,0.018211994,0.047801223,0.028057441,0.038036793,0.02456134,0.024936423,0.053109597,0.022087546,0.015458302,0.011357401,0.05595516,0.021264503,0.041688625
225,0.028122103,0.050192412,0.06048582,0.4133035,0.017536629,0.10703342,0.015118464,0.020345636,0.016104575,0.016374348,0.014069987,0.022874523,0.018187556,0.027666584,0.017761352,0.01609553,0.036273476,0.016465312,0.014631393,0.014074746,0.01639276,0.0231591,0.0177307
226,0.031545438,0.029372204,0.11296128,0.3395538,0.010227675,0.15686269,0.009303541,0.02585972,0.01116673,0.009021038,0.00765779,0.016722295,0.011099415,0.030385287,0.016689815,0.011313746,0.07617098,0.011813138,0.00850554,0.007676315,0.011706544,0.035718057,0.018666934
227,0.074898,0.045008965,0.105482794,0.07715767,0.022383537,0.19271651,0.12028546,0.024480045,0.036887832,0.024353553,0.006944202,0.009587741,0.012466848,0.0563627,0.04078164,0.028803332,0.030974992,0.016856054,0.008172536,0.0069382507,0.011063402,0.040008917,0.007385004
228,0.11043966,0.02682179,0.18969265,0.100390516,0.076083995,0.14783856,0.031090382,0.06627663,0.021588424,0.014760287,0.009521177,0.023181483,0.031016797,0.021353217,0.01670073,0.01416116,0.01628347,0.016250024,0.012866743,0.00951393,0.015706273,0.018644307,0.009817774
229,0.078213066,0.06037879,0.10950371,0.036891412,0.16902313,0.14443576,0.013098122,0.029674873,0.032037467,0.019483369,0.008976797,0.07953373,0.02123333,0.02294207,0.013365774,0.01034229,0.02024508,0.03477113,0.024252886,0.008970978,0.036901932,0.016420133,0.009304192
230,0.07131894,0.07500583,0.04355162,0.044608947,0.09751984,0.038102992,0.11675815,0.09371822,0.015020197,0.011574431,0.009264422,0.017981444,0.013606232,0.013913315,0.13703983,0.011466919,0.013632852,0.05610096,0.010375977,0.009048188,0.07121499,0.018856777,0.010319003
231,0.05218899,0.13315648,0.1422885,0.05503062,0.028612884,0.033244736,0.024088923,0.069508165,0.17552583,0.01054529,0.009752534,0.0153800845,0.024683086,0.010895775,0.015388529,0.016529758,0.0111251045,0.047367163,0.046029504,0.0101364385,0.012387172,0.044225305,0.011909157
232,0.024410516,0.17162083,0.048087846,0.15358533,0.01753055,0.055883825,0.014362431,0.10758288,0.09524583,0.012260834,0.010763322,0.016578572,0.057329156,0.012395593,0.013142482,0.0122541655,0.014855281,0.07398163,0.030252105,0.0109293545,0.013144599,0.019864274,0.013938633
233,0.032948002,0.08759632,0.0539525,0.08209519,0.020724509,0.108268276,0.01145358,0.19730622,0.10766034,0.018628994,0.010097636,0.023602089,0.018937485,0.018216848,0.017682713,0.010953123,0.027366297,0.02859802,0.052296896,0.010737321,0.019298473,0.013869033,0.02771007
234,0.06272035,0.10935632,0.018313877,0.017043488,0.063981526,0.019832257,0.040702697,0.071742594,0.085324936,0.0077604796,0.007124161,0.021007469,0.0803073,0.03407309,0.040293902,0.0076567703,0.017177949,0.10404468,0.054994345,0.0071627093,0.009309956,0.10047273,0.01959648
235,0.033945896,0.038760502,0.026958032,0.037149247,0.079309866,0.101762444,0.056655962,0.27009565,0.058779683,0.01319809,0.012132433,0.029836576,0.03316549,0.017056946,0.049136028,0.014345457,0.013205852,0.020775642,0.022037143,0.012133573,0.012695028,0.033023383,0.013841113
236,0.032026827,0.031778377,0.044924192,0.04079057,0.07279946,0.050403416,0.025443792,0.3186303,0.036216345,0.015788935,0.014787412,0.037893787,0.048221737,0.027419165,0.03448803,0.02007205,0.01603717,0.03782966,0.01905652,0.014857261,0.015522398,0.027332485,0.017680105
237,0.044544682,0.16431691,0.07945754,0.046625078,0.014246976,0.03829373,0.015082834,0.041872196,0.01703513,0.0135051,0.013103537,0.028880026,0.066870525,0.033527784,0.022397352,0.019954026,0.01766364,0.023582574,0.024286518,0.013130376,0.01977251,0.21749082,0.024360145
238,0.037621588,0.04491319,0.045295194,0.025786579,0.022558922,0.023534542,0.04250773,0.022602916,0.021195162,0.019886231,0.0195969,0.23215441,0.037867926,0.08079191,0.028413516,0.021516703,0.04922021,0.020798065,0.02211919,0.019620154,0.07331577,0.054618113,0.03406508
239,0.08135603,0.07286609,0.29938248,0.05008451,0.0549347,0.033410035,0.031696413,0.022881018,0.01876278,0.018283077,0.014733961,0.019472083,0.063682325,0.022766873,0.01984665,0.017834997,0.021672793,0.017439894,0.01966383,0.014753118,0.036823116,0.03147282,0.016180515
240,0.03126833,0.044660874,0.36837468,0.094633855,0.030425914,0.02873935,0.018545896,0.018929817,0.024377258,0.010646933,0.010506021,0.016349228,0.034667052,0.017939374,0.033512037,0.017794566,0.057212967,0.027811341,0.017248565,0.010457659,0.012870815,0.04830332,0.024724182
241,0.028604135,0.044104565,0.41430065,0.053922474,0.02055966,0.059871532,0.025978804,0.034918822,0.034692638,0.009195092,0.009009686,0.019701757,0.041202612,0.013084818,0.039170608,0.012883694,0.022077164,0.030247161,0.016038414,0.008966071,0.014468331,0.025521541,0.02147972
242,0.056934416,0.124602765,0.06608375,0.058840796,0.011481361,0.102144815,0.011257661,0.023541385,0.09485012,0.011052447,0.0103141945,0.04151355,0.03650693,0.014777861,0.015795533,0.013062914,0.15537886,0.018287508,0.03312942,0.008594481,0.026201094,0.054984715,0.010663449
243,0.0660847,0.11463875,0.10315607,0.2292484,0.021901274,0.04791968,0.013736341,0.02462539,0.027146297,0.01192848,0.012862767,0.033683874,0.01815283,0.017199716,0.016167587,0.039565127,0.05799487,0.02742398,0.035533782,0.011395612,0.028079316,0.023072174,0.018483
244,0.028052451,0.122242466,0.07307527,0.37528026,0.019570949,0.11263313,0.01237628,0.014064369,0.012598973,0.011981552,0.01059238,0.013618193,0.022105198,0.037980553,0.014898148,0.014277951,0.024528883,0.014715954,0.011490975,0.010595299,0.014656712,0.015918113,0.012745936
245,0.03953168,0.062202595,0.09917385,0.3809223,0.0110640405,0.084998704,0.011035104,0.012145151,0.008048132,0.008600334,0.00522039,0.00851624,0.01306238,0.09572322,0.019954095,0.019140977,0.040269006,0.020699035,0.007041638,0.0052246456,0.020657653,0.01616138,0.0106075145
246,0.045024976,0.061493695,0.054176927,0.079360284,0.03502137,0.2823918,0.044004224,0.045386136,0.030034944,0.015153714,0.012039856,0.013293015,0.01650781,0.023802072,0.02413688,0.019139387,0.079609126,0.027951589,0.015616429,0.011979229,0.030628383,0.019460265,0.013787928
247,0.07058137,0.042546716,0.09960031,0.06737519,0.08479667,0.16838479,0.014943794,0.09139453,0.03826887,0.008501443,0.0077607543,0.00978366,0.013003412,0.02091628,0.039261986,0.023497917,0.028088706,0.011383632,0.022409536,0.0077466634,0.10275433,0.010127058,0.016872412
248,0.035322584,0.02646736,0.05972098,0.08030598,0.0693324,0.20035003,0.01077848,0.05835764,0.020860055,0.01001882,0.008297925,0.019939078,0.018843602,0.08711464,0.027905254,0.011180501,0.07476375,0.014804052,0.10841292,0.008248384,0.028048897,0.011210652,0.009716049
249,0.057219926,0.04778645,0.05606731,0.030770078,0.046716284,0.025055366,0.03982583,0.10239753,0.016941205,0.015825536,0.01467101,0.048926752,0.030070614,0.017237034,0.039553244,0.020784916,0.015969405,0.0553312,0.018261855,0.01496879,0.24741195,0.021914613,0.016293088
250,0.028532041,0.09891992,0.055393457,0.059675284,0.07979311,0.053385068,0.09676638,0.05777927,0.18039551,0.00883595,0.0063484358,0.018501908,0.03292771,0.010877228,0.04030206,0.008793322,0.009395044,0.07424201,0.012322053,0.00807078,0.020068677,0.0252728,0.013401926
251,0.062253136,0.11091218,0.09868354,0.042050723,0.027726997,0.06585371,0.02548386,0.19380426,0.096337415,0.011917073,0.011280233,0.04149472,0.016523048,0.026055459,0.020122446,0.011819588,0.019515019,0.034861792,0.014303735,0.023345074,0.014512812,0.018053865,0.013089301
252,0.0987708,0.14397459,0.12809125,0.039012004,0.034739845,0.072201684,0.010996947,0.068189226,0.09248832,0.00822245,0.0068005016,0.052291382,0.012650096,0.06283329,0.029367087,0.007142637,0.010798985,0.064040735,0.015590335,0.008533714,0.014163085,0.009182503,0.009918489
253,0.0574246,0.15249138,0.028589495,0.029577022,0.026003702,0.029329175,0.19787246,0.05509055,0.047134772,0.016756447,0.0147837605,0.017521862,0.031082595,0.042301454,0.0648538,0.015114854,0.021579046,0.03350504,0.02451782,0.014788527,0.025843747,0.03652565,0.017312277
254,0.03877695,0.069933034,0.021751948,0.078831814,0.11068094,0.08052675,0.029747052,0.13148868,0.17359714,0.0143030975,0.009647496,0.015571725,0.015889196,0.021321176,0.06424918,0.014552689,0.012510645,0.020862436,0.011847902,0.009714329,0.010663229,0.03147465,0.012057989
255,0.044600938,0.057175025,0.046685237,0.029856717,0.2131928,0.036331706,0.020262722,0.16424502,0.05415662,0.0124453725,0.011183001,0.035468142,0.021835273,0.023787357,0.049086373,0.012921242,0.014863929,0.074046515,0.012838486,0.011470936,0.012501652,0.016365243,0.0246796
256,0.05722217,0.2485839,0.04089489,0.031422015,0.021129046,0.026533853,0.020885533,0.02590006,0.020172466,0.01858186,0.018140052,0.030459533,0.045501813,0.024525424,0.021186896,0.026723884,0.022216896,0.021194737,0.022814343,0.018164609,0.022418203,0.19391891,0.021408876
257,0.117151976,0.06899635,0.046234943,0.035112206,0.026860677,0.025483668,0.026111286,0.017256413,0.015668815,0.01419534,0.013801095,0.06707219,0.10746259,0.024392119,0.017715678,0.019209344,0.02650421,0.016179522,0.024983983,0.01383109,0.028890336,0.22956921,0.01731699
258,0.041715298,0.10295716,0.2120082,0.043125287,0.02002426,0.085946985,0.08724053,0.015755096,0.009993849,0.009020019,0.008174634,0.016181221,0.11159535,0.014443046,0.013603649,0.020223457,0.012180187,0.021423036,0.03280608,0.008175807,0.06368176,0.040462818,0.009262261
259,0.04617653,0.06794036,0.3078366,0.082540266,0.021791587,0.032877263,0.037421677,0.0543494,0.017684937,0.014035271,0.013716462,0.016547175,0.04480532,0.025679912,0.043261137,0.036570568,0.015681148,0.017449953,0.018777454,0.013673876,0.025758166,0.030966805,0.014458161
260,0.044562183,0.08050639,0.36899132,0.09104643,0.027293278,0.026913458,0.028960092,0.03224171,0.017896736,0.011082391,0.0108599,0.017179212,0.04304563,0.021559902,0.023028264,0.016838776,0.015015194,0.01928819,0.016023725,0.010656596,0.02444009,0.03942563,0.01314491
261,0.1692151,0.124112464,0.14235958,0.0578298,0.015101154,0.061433114,0.012485447,0.018329531,0.029696507,0.010553395,0.017899131,0.032220073,0.014032826,0.025348892,0.031683065,0.011735706,0.07010379,0.013271615,0.027862538,0.008845667,0.074144356,0.019363811,0.01237241
262,0.051434603,0.052261215,0.17909485,0.1418067,0.013271187,0.031827915,0.01660141,0.03706197,0.027834915,0.01098297,0.010917935,0.018045157,0.011805913,0.012653291,0.014243106,0.017861666,0.108133405,0.033187285,0.114756405,0.009433208,0.022030776,0.039456166,0.025297903
263,0.022071082,0.14675644,0.26033399,0.0874138,0.016397739,0.028301936,0.015121317,0.015327068,0.02057626,0.01259115,0.0122176595,0.016221365,0.015350641,0.022822775,0.06089891,0.025791777,0.065837435,0.03428886,0.02617042,0.0122791305,0.013437798,0.02582403,0.043968473
264,0.02351024,0.074495144,0.13366109,0.30664784,0.025397267,0.07362004,0.018663604,0.02080554,0.01728437,0.011878614,0.010864281,0.012419279,0.017459333,0.050049163,0.027210496,0.025777997,0.04052259,0.0185871,0.016273981,0.010859739,0.014354062,0.024417212,0.02524102
265,0.033884495,0.11642066,0.07241939,0.18881801,0.05971162,0.15042718,0.025644936,0.03258379,0.018597089,0.009929501,0.009610978,0.01249866,0.027078334,0.017757257,0.017089756,0.014549755,0.021731684,0.10316681,0.01370507,0.009191642,0.023075325,0.011742714,0.01036535
266,0.07156918,0.03904168,0.15440291,0.16312487,0.0483111,0.052976035,0.035947695,0.04212448,0.018897353,0.0110521475,0.010844424,0.026475333,0.023551814,0.03930641,0.015807688,0.021939581,0.0201945,0.09646127,0.013724124,0.010735381,0.059551526,0.012912113,0.011048354
267,0.036050018,0.030524202,0.06471136,0.10469494,0.22164156,0.12477084,0.018063515,0.05715411,0.04773661,0.0128404675,0.012415322,0.020760989,0.016927348,0.036284313,0.026899751,0.014753177,0.023438293,0.029191073,0.02704985,0.012048075,0.026767327,0.022856545,0.012420201
268,0.0270639,0.10392662,0.044200033,0.056434266,0.086551994,0.0332479,0.03459409,0.11589014,0.012737209,0.009293517,0.0086384425,0.047464624,0.013068779,0.016503256,0.013149843,0.036304556,0.010324654,0.15139231,0.009457135,0.00868456,0.11666481,0.03531789,0.009089491
269,0.03197996,0.052794933,0.114020176,0.03630453,0.11975457,0.04801194,0.020269971,0.12763396,0.08422427,0.0068012616,0.0060498137,0.039159924,0.022378132,0.023907637,0.034369696,0.017081419,0.012644659,0.045298804,0.010797417,0.006265018,0.11180939,0.010725888,0.017716594
270,0.06702922,0.07761598,0.13029882,0.057425074,0.07967611,0.032521855,0.014529702,0.091184996,0.03411905,0.011939884,0.01152956,0.028543748,0.014677559,0.019167798,0.030649172,0.013360756,0.013400556,0.18916558,0.012585801,0.011605839,0.032003522,0.013410214,0.013559274
271,0.032897096,0.067747444,0.11834809,0.024871344,0.1628646,0.07796586,0.0130836,0.12809488,0.07607034,0.008870149,0.008296183,0.025453303,0.011030023,0.017651202,0.034645297,0.009028713,0.013097203,0.08989838,0.010076072,0.008525162,0.03799307,0.014403908,0.009088114
272,0.13493253,0.057727017,0.07028554,0.055387132,0.017801967,0.07760807,0.044762097,0.058135822,0.11651374,0.02245922,0.012367116,0.013295598,0.030604068,0.14099608,0.021527022,0.013029036,0.014899262,0.021082222,0.017039161,0.01233329,0.014994519,0.019009553,0.013209971
273,0.06715874,0.056555253,0.04351986,0.029629076,0.14900784,0.05157782,0.020081108,0.0704376,0.05430157,0.015259617,0.011720928,0.01708936,0.013642103,0.08516158,0.17245884,0.012676881,0.025192507,0.02938419,0.017139187,0.011983307,0.016780058,0.015039244,0.014203216
274,0.035507303,0.029292567,0.027282352,0.020508671,0.11171027,0.03332751,0.046725094,0.13814461,0.12795098,0.011279351,0.01013883,0.040211048,0.012336036,0.022606982,0.08339644,0.011020893,0.032752898,0.12875111,0.012100598,0.012160227,0.014244811,0.012294724,0.02625666
275,0.052813176,0.044464566,0.031051597,0.034660935,0.021692574,0.02344784,0.022531461,0.021899562,0.02039898,0.019342564,0.018848201,0.026759,0.060851354,0.02399073,0.02743431,0.036421284,0.082416505,0.020687358,0.082356185,0.018857986,0.02722208,0.25650114,0.025350597
276,0.107617915,0.062455725,0.055424552,0.028036589,0.021856504,0.028951654,0.028367266,0.020932872,0.020027163,0.02014884,0.018622097,0.023253126,0.24625716,0.04022355,0.021162605,0.02505644,0.031289443,0.02090319,0.037824377,0.018578371,0.027864674,0.073131844,0.022014042
277,0.04741028,0.2056692,0.09670741,0.026620151,0.025013376,0.019918311,0.017362237,0.01942534,0.016707547,0.025785848,0.015658727,0.028151665,0.101689585,0.15464066,0.020024437,0.018160336,0.018840697,0.01664646,0.022055438,0.015385338,0.030474098,0.041206315,0.016446467
278,0.034936585,0.1108318,0.29046834,0.07075535,0.028815554,0.031991348,0.020181378,0.022010446,0.019676123,0.01879864,0.018181048,0.04000753,0.03796709,0.043039605,0.023199944,0.022079475,0.0189975,0.019960424,0.034655154,0.017088817,0.030322792,0.028253239,0.017781805
279,0.15980704,0.049787518,0.26813492,0.046456683,0.052671455,0.05977501,0.029751072,0.02050413,0.035616364,0.021484757,0.019554894,0.025144571,0.019861428,0.016762786,0.016962513,0.016262092,0.026395999,0.013768677,0.025056902,0.011882446,0.025189107,0.01727306,0.021896558
280,0.05360992,0.11941021,0.17809236,0.14372554,0.019165758,0.08054105,0.05359343,0.025489382,0.10144653,0.017007083,0.008658433,0.012237972,0.010311107,0.009404558,0.016723774,0.009394349,0.03165077,0.012073937,0.023833241,0.0074208793,0.0116119115,0.01807455,0.036523268
281,0.049788512,0.11402808,0.3381155,0.11753198,0.016630182,0.034492344,0.014841245,0.014028083,0.04756823,0.009308539,0.008591629,0.009810754,0.018356444,0.024696928,0.026095608,0.01276388,0.029718375,0.014256075,0.0398219,0.00858161,0.010254052,0.022498908,0.018221118
282,0.028331075,0.107074276,0.30511355,0.14818884,0.022520393,0.078189954,0.013218724,0.019356038,0.033035833,0.011752774,0.009391124,0.010776525,0.022454396,0.054611344,0.021993203,0.015337515,0.01951373,0.013669832,0.01563961,0.009272115,0.012337405,0.014883943,0.013337828
283,0.052597716,0.07849303,0.052244566,0.093634665,0.057345405,0.24207205,0.015273825,0.01764033,0.034648627,0.012848315,0.014168254,0.015962958,0.021323316,0.024722733,0.021854978,0.016224638,0.026584245,0.07720718,0.037270285,0.011138272,0.039952982,0.019108757,0.017682996
284,0.06951465,0.039545007,0.028991174,0.19516833,0.043376002,0.14226139,0.017473767,0.013945244,0.02555323,0.019770868,0.029409878,0.028783523,0.051989384,0.0708756,0.043602023,0.03421577,0.02210385,0.041862115,0.025303151,0.010558914,0.018848114,0.014946689,0.011901292
285,0.08962432,0.092257045,0.071145274,0.079641245,0.15753241,0.11727361,0.009422067,0.017143123,0.015175608,0.010677125,0.010011083,0.0310417,0.016718095,0.079546794,0.058681436,0.011068517,0.015727784,0.030790122,0.017373998,0.007380162,0.03166471,0.022227194,0.007876652
286,0.035393238,0.1702656,0.11244023,0.07503856,0.1785744,0.023242408,0.020213425,0.053822555,0.027124943,0.0159384,0.013799738,0.03058465,0.014923031,0.016675279,0.01563201,0.019519867,0.021704234,0.04108062,0.014520875,0.013794659,0.050973397,0.02052301,0.014214806
287,0.019018058,0.031144759,0.054533526,0.039222933,0.17440586,0.09766562,0.037062954,0.14952724,0.059410736,0.011079648,0.008510512,0.013581206,0.015575742,0.03843386,0.08971554,0.022347786,0.013096435,0.03547233,0.010041577,0.008547118,0.035518765,0.02595882,0.010129048
288,0.034678046,0.061383497,0.06316501,0.028596697,0.11557828,0.19293171,0.10033476,0.08253836,0.047338806,0.013302757,0.012313849,0.014133241,0.026323413,0.018165305,0.0368813,0.016213037,0.018192833,0.03906862,0.013162917,0.012324563,0.019703548,0.021045191,0.012624235
289,0.016644375,0.08791439,0.04872978,0.018835168,0.07099523,0.05321223,0.025661832,0.10016179,0.14437218,0.010072109,0.008294143,0.015032115,0.020101175,0.017059376,0.08496891,0.00913756,0.040290207,0.12029484,0.012175311,0.008320699,0.03000798,0.049215343,0.008503305
290,0.044199206,0.09483436,0.03632457,0.06435093,0.03221102,0.04197987,0.024216231,0.2473411,0.09977791,0.017125906,0.014991277,0.015468728,0.019183252,0.04059391,0.018153982,0.015387827,0.022506278,0.046091076,0.03349646,0.015034988,0.018456485,0.022630496,0.015644109
291,0.11518613,0.11209494,0.18221131,0.06886387,0.062498853,0.042352274,0.021276297,0.029292386,0.0298498,0.03350228,0.010606703,0.012311199,0.014673716,0.024348676,0.0539429,0.0114158755,0.050726358,0.025424195,0.04928873,0.010665601,0.015699644,0.012217349,0.011550948
292,0.08479691,0.07272493,0.062374424,0.023484828,0.03861442,0.07499791,0.06520735,0.045952197,0.04096816,0.013878071,0.010835457,0.015128622,0.013475336,0.027174762,0.028338598,0.014044339,0.17630482,0.106118046,0.01695228,0.011047188,0.026627922,0.01696555,0.013987891
293,0.055683274,0.038899444,0.03645746,0.08844148,0.020659667,0.026521707,0.021030648,0.029378261,0.02203785,0.018005587,0.016691409,0.021186126,0.03091663,0.023368279,0.020592354,0.0823563,0.21408354,0.023872098,0.03753958,0.016769374,0.022530748,0.0808408,0.052137382
294,0.198097,0.04864497,0.03880966,0.032145258,0.019982008,0.021438261,0.021709101,0.02120028,0.019372545,0.018322075,0.017626133,0.027604455,0.055743854,0.0454168,0.020118957,0.03809543,0.04980771,0.021000443,0.036463633,0.017508917,0.020065138,0.17373244,0.037094913
295,0.12377305,0.16975152,0.10805468,0.02162899,0.01957255,0.014335228,0.012970767,0.019823141,0.013059843,0.013432998,0.012813266,0.07862131,0.08269473,0.13161938,0.021711655,0.02022811,0.017142506,0.013996418,0.025198102,0.0118873995,0.014669008,0.038144268,0.014871059
296,0.054001965,0.21126126,0.07098564,0.04086779,0.05811467,0.019476354,0.016431114,0.021921767,0.016927442,0.016316995,0.023005418,0.15089382,0.028454712,0.03962272,0.018334515,0.039731894,0.020099534,0.025175422,0.041023713,0.016144918,0.01836048,0.035778616,0.01706932
297,0.087023914,0.03398668,0.3202962,0.03119071,0.07584472,0.05007116,0.036704473,0.037137296,0.048345663,0.01687947,0.009551272,0.041361272,0.026139108,0.017030679,0.009813933,0.009952454,0.021131657,0.01131485,0.024788627,0.008279594,0.02069044,0.02112231,0.041343566
298,0.07339581,0.06524808,0.31858736,0.04949822,0.037339997,0.040548865,0.025240988,0.081197515,0.06861887,0.013517422,0.009570709,0.023595732,0.01864442,0.014685455,0.011119823,0.010226622,0.017540956,0.011191443,0.015844092,0.009166372,0.012080184,0.05349162,0.019649437
299,0.14786844,0.09610716,0.33361012,0.07072611,0.034206163,0.03897846,0.008798092,0.018762648,0.025945362,0.007978119,0.006885227,0.007891796,0.019930286,0.017706495,0.02138913,0.008838509,0.0610969,0.010819933,0.01308878,0.00687972,0.01184883,0.02166038,0.00898339
300,0.06488576,0.08580872,0.3426628,0.07006641,0.06355774,0.052995563,0.008127498,0.02028499,0.058708634,0.0068854317,0.0060515394,0.0080136815,0.0458629,0.017316166,0.04869646,0.0075172526,0.018253352,0.019622263,0.008733681,0.00603218,0.019672224,0.012999398,0.0072452873
301,0.065488756,0.057643738,0.21312349,0.15547809,0.020413391,0.05159059,0.009829167,0.011259431,0.032351308,0.009970865,0.009470407,0.016404998,0.018531373,0.030481622,0.03235105,0.010233698,0.034319054,0.09526371,0.018460903,0.008929358,0.040028475,0.037011966,0.021364536
302,0.036649983,0.043973852,0.13951224,0.25710273,0.020730311,0.05178327,0.014066301,0.014781456,0.04596662,0.018124763,0.013545193,0.03169748,0.055141523,0.026469955,0.051822793,0.014668596,0.021111196,0.029441945,0.015472261,0.0133637935,0.04939353,0.019522186,0.015658068
303,0.031062419,0.03339595,0.14791866,0.1702504,0.038911782,0.039146468,0.015697233,0.015850974,0.021047493,0.02778947,0.013887547,0.020657644,0.0355215,0.06148302,0.031529974,0.014345449,0.030174864,0.020263609,0.015504722,0.01344289,0.17083651,0.017112924,0.0141685335
304,0.067468494,0.06465669,0.08067582,0.29443294,0.058795903,0.033619158,0.021987943,0.036965504,0.07568317,0.018127503,0.015116435,0.019751204,0.01617702,0.017796218,0.019466212,0.017103484,0.017054714,0.021502547,0.01726355,0.0151194045,0.03334852,0.022201456,0.015686033
305,0.025027882,0.07698958,0.08792845,0.06824268,0.1445709,0.081739165,0.07343768,0.035996158,0.033475835,0.013500422,0.00883209,0.013928175,0.03225399,0.015947599,0.026019322,0.038888037,0.015493484,0.15056244,0.0119702,0.0088758925,0.015062612,0.012042519,0.009214859
306,0.019084094,0.08762515,0.16779841,0.054446645,0.12705044,0.04553314,0.123058714,0.034872893,0.034624092,0.012522447,0.011742733,0.012949229,0.020446101,0.02165701,0.05720645,0.016461482,0.04489676,0.03559273,0.01491941,0.011758625,0.018578012,0.014828854,0.012346507
307,0.02815214,0.06960051,0.123160146,0.046747416,0.05969824,0.029802762,0.029951047,0.04207376,0.1054713,0.011539733,0.010994548,0.0126866745,0.02031954,0.014956714,0.039022636,0.012097187,0.18537693,0.03501045,0.027707648,0.0109975,0.051831603,0.021613324,0.011188234
308,0.04011554,0.082327284,0.023263782,0.0347,0.08490178,0.057576828,0.025809465,0.15296838,0.18171659,0.012041631,0.011288362,0.011833159,0.013767348,0.016549824,0.017334625,0.011590919,0.020299422,0.10863812,0.031017276,0.011329593,0.02606294,0.012896122,0.01197099
309,0.08231185,0.095873564,0.18857758,0.08243043,0.034457445,0.05869148,0.034084346,0.06768853,0.07260413,0.011692226,0.008867239,0.012655864,0.017354812,0.029045302,0.069486,0.010622593,0.030540125,0.019698698,0.0143716745,0.008835424,0.029101182,0.010363501,0.010646015
310,0.030633328,0.041495092,0.08855996,0.025368806,0.06768661,0.14284374,0.02429527,0.15405613,0.10051072,0.011144137,0.010611087,0.014561118,0.019802377,0.017889261,0.026983649,0.011765868,0.10140267,0.028365351,0.014577317,0.01035627,0.020623963,0.01619858,0.020268735
311,0.07688587,0.045410622,0.023560787,0.036278814,0.0250362,0.022042524,0.020387927,0.04852636,0.021907957,0.019922707,0.020035092,0.02768718,0.021941176,0.028385146,0.035169315,0.023452459,0.039405018,0.020283462,0.06506162,0.025007471,0.02013588,0.31190097,0.021575408
312,0.17522274,0.059517607,0.02480261,0.043389343,0.02339104,0.016776096,0.014938325,0.044999078,0.016302776,0.0144323595,0.015246941,0.04437891,0.017946193,0.04708646,0.017903063,0.022220396,0.03661698,0.015813017,0.17704606,0.018248927,0.015114688,0.11761478,0.02099159
313,0.040395297,0.034255344,0.33370924,0.03402292,0.036130287,0.029659556,0.022623222,0.029612474,0.03347501,0.015916359,0.013116421,0.04154134,0.07891747,0.057731383,0.014880091,0.013820467,0.031981893,0.026828025,0.018807642,0.012906329,0.016299844,0.043795973,0.01957338
314,0.049781553,0.041968092,0.3095907,0.06582128,0.06336529,0.051052522,0.034680698,0.06761346,0.044390142,0.018436942,0.010371162,0.020808933,0.03864663,0.03090498,0.011387787,0.012758047,0.022564512,0.014027069,0.0182414,0.01025555,0.011611184,0.03780829,0.013913802
315,0.065287665,0.03466644,0.34148785,0.03715848,0.09276886,0.041676942,0.013316688,0.052805327,0.027569132,0.015347262,0.0112862475,0.013377742,0.033582635,0.042286456,0.03248493,0.011806885,0.0235435,0.014190655,0.013091784,0.011282051,0.022919022,0.03572571,0.0123377
316,0.051792737,0.02985486,0.36340863,0.037218995,0.03730151,0.03793969,0.011623622,0.06624086,0.037621386,0.006466318,0.0053591197,0.014514303,0.10392066,0.01630354,0.06893001,0.005844634,0.012481814,0.015633184,0.007902525,0.005362632,0.031998936,0.026012506,0.006267507
317,0.051897623,0.041398555,0.22547044,0.14029126,0.014469879,0.04992355,0.01007468,0.014370601,0.0424737,0.009303237,0.009788078,0.011418279,0.022140464,0.019656675,0.13007516,0.011585588,0.0276731,0.055211224,0.040492084,0.008869713,0.02104036,0.01844334,0.023932371
318,0.08651092,0.11582086,0.11218423,0.13740592,0.026669318,0.10486829,0.0064775203,0.019518316,0.03910058,0.0061983094,0.0066692717,0.008033675,0.0676504,0.046289854,0.035135943,0.00699705,0.036126494,0.013448275,0.0395005,0.0059492392,0.051545788,0.019594343,0.008304888
319,0.034139916,0.06073408,0.11492802,0.28167146,0.020761045,0.050587013,0.015136687,0.018407041,0.023030289,0.014423485,0.01773913,0.019296417,0.035343647,0.08350241,0.021291807,0.016246667,0.043773565,0.017913152,0.024155857,0.01401918,0.023978267,0.034243044,0.014677801
320,0.08501599,0.08997866,0.10885921,0.31859133,0.025631791,0.044752173,0.013640277,0.020237392,0.026856303,0.022563549,0.011772747,0.016715923,0.013520175,0.02085314,0.016762618,0.015306478,0.0126967,0.014118339,0.020294698,0.011807413,0.060083743,0.016088499,0.013852839
321,0.035342302,0.028707718,0.05144136,0.31157884,0.061612383,0.09836395,0.029217042,0.03910742,0.045075603,0.024304165,0.014853842,0.017448008,0.019592397,0.030180246,0.025598165,0.020019291,0.025313413,0.04119667,0.015819533,0.014819905,0.01972232,0.015735898,0.01494953
322,0.028280245,0.023257935,0.082520545,0.1983067,0.085825756,0.1275017,0.0305221,0.026013864,0.112576425,0.012883785,0.01098196,0.012256006,0.014953935,0.079542905,0.017734993,0.011972805,0.03844968,0.022352736,0.01170563,0.010884601,0.018859286,0.011621883,0.010994498
323,0.015581723,0.050222542,0.11816835,0.12596188,0.17430274,0.07002573,0.015933499,0.076601,0.038708996,0.00984821,0.00859856,0.013841077,0.026962517,0.0195987,0.041058827,0.009595095,0.03901999,0.055091247,0.011144334,0.008572457,0.05219301,0.010275066,0.008694468
324,0.026133763,0.10008443,0.039805997,0.08347897,0.12700164,0.026562782,0.07468023,0.09108356,0.039654635,0.007097366,0.0068890075,0.008357299,0.015240062,0.010059166,0.03428931,0.0076161553,0.04857528,0.04532167,0.09857633,0.0068952055,0.08539189,0.007537851,0.00966741
325,0.023253933,0.10810293,0.07377168,0.048389208,0.029281408,0.06007096,0.050842214,0.113967426,0.0242636,0.0067648985,0.006697493,0.03195361,0.0076078665,0.08824406,0.07666909,0.017648548,0.013136548,0.06334906,0.007311761,0.006605408,0.12653469,0.008165584,0.007368029
326,0.024937814,0.028777745,0.12223015,0.035620198,0.075972654,0.0662,0.04539552,0.19579434,0.057266086,0.010638156,0.012453573,0.03574816,0.012139107,0.03486547,0.06843075,0.011883133,0.022882469,0.04984455,0.01168506,0.010135271,0.0416768,0.013867997,0.011555017
327,0.070591785,0.09305841,0.019891184,0.064122036,0.03059171,0.018924847,0.01765624,0.027696962,0.02098722,0.01597075,0.016063835,0.026085498,0.022073457,0.023883333,0.019809242,0.018350238,0.059627995,0.016439699,0.06318317,0.036503445,0.01619541,0.28423098,0.018062556
328,0.051468052,0.072862394,0.12981561,0.04630722,0.02626297,0.023580426,0.017137239,0.02002218,0.023457367,0.01434193,0.0137641765,0.04885864,0.028235083,0.2279973,0.021549763,0.014550537,0.08896853,0.03090544,0.018183481,0.013726894,0.019328235,0.03161516,0.017061364
329,0.075110994,0.1386052,0.23039524,0.06280225,0.013036591,0.04272844,0.018432304,0.021591665,0.041524053,0.0101944525,0.00986307,0.029217351,0.028604649,0.064065084,0.04708343,0.010507642,0.04578403,0.0176616,0.013428743,0.009814428,0.012039967,0.038504634,0.019004157
330,0.11657768,0.07541201,0.32231328,0.033670235,0.015395158,0.025180677,0.014994978,0.055386063,0.042309765,0.010167208,0.00984232,0.011510022,0.029852958,0.011827021,0.01674478,0.010117379,0.01695205,0.037349723,0.04316691,0.009971606,0.013236033,0.061247524,0.016774578
331,0.054219075,0.032136578,0.3228814,0.06492459,0.030866228,0.03801042,0.028220559,0.12215364,0.02406672,0.009021183,0.008671735,0.010915292,0.035009757,0.011392832,0.028704714,0.008985716,0.021038745,0.01701876,0.016906928,0.008707681,0.01482639,0.08085112,0.010469926
332,0.05385654,0.054641757,0.20960014,0.07558523,0.01234023,0.053099368,0.015393185,0.025786284,0.033955045,0.011157079,0.014677185,0.016693393,0.022574328,0.017531745,0.031196648,0.024448212,0.07537657,0.018265996,0.16683063,0.010105636,0.013084644,0.031112885,0.01268722
333,0.03265974,0.0669819,0.2642838,0.12040138,0.016232168,0.06875053,0.03950649,0.018240398,0.019752175,0.018542413,0.037069365,0.04668148,0.018104095,0.035113603,0.021721404,0.01769012,0.030161023,0.01726418,0.047124248,0.01339923,0.0146226045,0.021545656,0.014151995
334,0.028835446,0.1432399,0.119871624,0.26651838,0.023632394,0.031442918,0.015957214,0.017429424,0.017174438,0.011995518,0.015762465,0.037492346,0.023800407,0.06405904,0.016811982,0.019120919,0.027689246,0.023475189,0.0284747,0.0108766975,0.013591036,0.031235425,0.011513302
335,0.03875351,0.03925129,0.09514013,0.29207134,0.028719515,0.039818063,0.012946806,0.025514303,0.017141258,0.014682096,0.012096978,0.029187448,0.018233493,0.049620725,0.029201005,0.013783085,0.013477848,0.015155324,0.0143449465,0.012244238,0.15418941,0.013925256,0.020501994
336,0.04835459,0.021204995,0.042987306,0.32193974,0.0712582,0.08491557,0.020848721,0.030421719,0.04723985,0.025183981,0.016257105,0.024823183,0.018194266,0.021737887,0.019779498,0.017878272,0.04103424,0.029213533,0.017925126,0.016122695,0.029738618,0.016679151,0.016261779
337,0.026916208,0.017037248,0.054790244,0.21625169,0.035287637,0.045799937,0.012030415,0.051285803,0.123212405,0.040842727,0.009133341,0.04552119,0.013153415,0.019937685,0.015424283,0.009410681,0.11227157,0.04498163,0.014292339,0.008559552,0.06593498,0.009153912,0.008771113
338,0.02820638,0.023177586,0.04193421,0.17698589,0.09804401,0.03473839,0.0169041,0.033614945,0.04081831,0.019996103,0.013819237,0.04641601,0.033074338,0.017845374,0.020444037,0.014649489,0.049920656,0.19969937,0.01546211,0.013710563,0.032182805,0.014425457,0.013930597
339,0.017709488,0.10006303,0.037456013,0.2332188,0.03836795,0.088871956,0.022167409,0.08287908,0.0246739,0.009074852,0.008928121,0.009918427,0.022075795,0.021240009,0.09693604,0.01098506,0.02004571,0.017018156,0.028774314,0.008920929,0.06489883,0.009642086,0.02613398
340,0.018256307,0.057294972,0.030555941,0.080542214,0.10485401,0.088544406,0.020855334,0.08937216,0.039104104,0.010668769,0.011777298,0.016046425,0.009650455,0.02140152,0.10113548,0.010916591,0.029895213,0.077092454,0.010344001,0.0092233475,0.13649394,0.016253399,0.009721685
341,0.043848813,0.03339769,0.051681593,0.04299502,0.04772121,0.25475967,0.050343834,0.064628676,0.031459782,0.018545458,0.03414906,0.02332017,0.018324185,0.024160648,0.0446236,0.018484797,0.023875732,0.037092067,0.023833143,0.017788041,0.046960063,0.029853076,0.018153688
342,0.058916423,0.21298343,0.16767438,0.03379013,0.0110390885,0.01946201,0.011297722,0.013923776,0.029369121,0.010032813,0.009255225,0.072184205,0.013920661,0.086949535,0.01866844,0.010022838,0.02565934,0.01207213,0.02147544,0.008975157,0.014715305,0.10627704,0.03133577
343,0.08606101,0.16167527,0.31897742,0.025088534,0.012049101,0.034782987,0.013839919,0.048037108,0.027228348,0.011224258,0.010090994,0.011947437,0.019741416,0.016730348,0.022233581,0.010595675,0.027517535,0.016255874,0.022602756,0.010247329,0.020048035,0.029459007,0.04356609
344,0.124675654,0.10024256,0.31493062,0.039119437,0.01474802,0.026108801,0.014197587,0.05074041,0.03509101,0.013476759,0.013185692,0.016665978,0.023656499,0.016021952,0.027116422,0.014056838,0.02519845,0.015691513,0.022505175,0.013396861,0.015932685,0.042974472,0.020266619
345,0.0447251,0.07025605,0.38444737,0.054560043,0.017837415,0.05910822,0.016262027,0.01875596,0.03121514,0.021220943,0.015144424,0.021572903,0.023365391,0.018580081,0.04064251,0.022359453,0.022748735,0.018959152,0.022514293,0.015104434,0.016520413,0.025764113,0.018335938
346,0.048526008,0.045737468,0.35815832,0.07156259,0.02035299,0.057905547,0.014201402,0.020994768,0.0214481,0.015236011,0.01377459,0.017346887,0.02678186,0.018827371,0.07787589,0.01589665,0.030761272,0.026997743,0.02729311,0.013602352,0.0149010485,0.026566679,0.015251356
347,0.07418861,0.09696399,0.28135014,0.12334254,0.035925362,0.027486056,0.008155006,0.036835067,0.020368919,0.0076177786,0.007829706,0.017506193,0.032418877,0.023239804,0.02206632,0.009568281,0.055291478,0.06735775,0.013135687,0.007053304,0.011137865,0.01327765,0.007883638
348,0.056151185,0.055821422,0.22435518,0.21172431,0.016931647,0.07330383,0.0137062995,0.032768503,0.01668078,0.012989083,0.012254003,0.03141094,0.028717117,0.021628158,0.01624428,0.01588871,0.016962336,0.022851028,0.01368747,0.012886177,0.042595606,0.015770327,0.03467161
349,0.1173245,0.04942398,0.121612765,0.24576476,0.107013315,0.036463935,0.0077122087,0.04143529,0.050957754,0.013072013,0.0074236863,0.0347818,0.016081652,0.048374053,0.023168005,0.013139224,0.008284647,0.008506815,0.008277701,0.008138583,0.007846559,0.010421982,0.014774672
350,0.07237305,0.055222582,0.087455906,0.3285115,0.07276731,0.06466911,0.011291765,0.05487789,0.02316917,0.0127508035,0.011057032,0.01815297,0.025487991,0.021585457,0.04189759,0.0132982405,0.01290897,0.011696666,0.011413543,0.011358642,0.011466434,0.0130742965,0.0135130305
351,0.036918063,0.106759824,0.054110892,0.29327297,0.062578335,0.112290815,0.010391305,0.10147581,0.01786444,0.011616963,0.009934615,0.013548287,0.039100964,0.015067039,0.018963737,0.013686287,0.011801749,0.011197823,0.010367043,0.010563047,0.010996118,0.014277967,0.013215888
352,0.036229312,0.06507783,0.044396438,0.2965588,0.044953763,0.11561559,0.013807257,0.02750976,0.021677747,0.010740994,0.0107325865,0.013790577,0.030113498,0.028688733,0.07860704,0.020003965,0.027739612,0.014914967,0.019403683,0.010636759,0.041662615,0.012487982,0.014650449
353,0.03625968,0.053602405,0.093136415,0.2482461,0.036528025,0.0495701,0.019545022,0.06694397,0.052791514,0.013645257,0.012967883,0.013678219,0.014073624,0.02040439,0.02679061,0.037066557,0.031394824,0.020934723,0.087859616,0.012947844,0.01452974,0.022712579,0.014370943
354,0.10975525,0.061863262,0.084895626,0.122336335,0.10452522,0.07322066,0.009964525,0.019026829,0.14962292,0.009353504,0.008423871,0.009072058,0.009135301,0.039082576,0.048736326,0.0128070265,0.02537492,0.04110708,0.021782115,0.008428488,0.009182486,0.011686964,0.010616657
355,0.059829943,0.2763625,0.0681038,0.034954075,0.01511835,0.018289804,0.014517008,0.018267605,0.07747142,0.014419223,0.015149909,0.027406268,0.015862089,0.03111279,0.023706105,0.014374895,0.06007003,0.014897667,0.053665064,0.01362298,0.016957007,0.09640718,0.01943426
356,0.21055582,0.18836895,0.12003031,0.02585607,0.012870414,0.01831923,0.012469343,0.02750038,0.031600244,0.011864366,0.011630738,0.016376441,0.015455549,0.016746262,0.052376434,0.012672986,0.07873473,0.013736193,0.037539598,0.0117154615,0.021752821,0.033844627,0.017983085
357,0.10666728,0.08271318,0.3044657,0.06050462,0.014729119,0.021604147,0.012744724,0.059991788,0.051649358,0.012093557,0.01192354,0.02670295,0.025589624,0.017993951,0.025312725,0.015308245,0.04116351,0.018462002,0.021928107,0.012851385,0.015781676,0.024527244,0.015291495
358,0.10202937,0.161855,0.34272543,0.04701309,0.010024118,0.029653348,0.010732357,0.010309845,0.012063313,0.0077048247,0.006263078,0.031470936,0.028956652,0.016074648,0.037513025,0.03692577,0.02143487,0.008358951,0.011331483,0.006268713,0.010975081,0.040153798,0.010162296
359,0.057156354,0.08181397,0.34662548,0.06481697,0.018602366,0.03293452,0.017032614,0.01924344,0.019573266,0.016368123,0.015918935,0.02872912,0.056582447,0.024163902,0.030080916,0.023311505,0.026942903,0.019773616,0.0173172,0.015898027,0.018143995,0.024024317,0.024945997
360,0.0322759,0.08037825,0.25454116,0.17188229,0.015870672,0.067229606,0.008919637,0.01941381,0.018639576,0.008537487,0.008162508,0.013567377,0.14863916,0.02209299,0.015830241,0.013344055,0.020979676,0.024831757,0.009570514,0.008036197,0.013236335,0.013281989,0.010738776
361,0.074129134,0.04490707,0.21103017,0.062125836,0.010037434,0.07220574,0.011905769,0.050290044,0.016513625,0.0072606644,0.006978206,0.08400203,0.06360741,0.010297734,0.009063048,0.022037914,0.027718142,0.05570136,0.0110975765,0.009934966,0.014228591,0.01600895,0.10891858
362,0.05133482,0.02449398,0.17498566,0.17413053,0.03396833,0.03377038,0.011866276,0.019888157,0.027383307,0.02000422,0.011188825,0.035465118,0.021473335,0.20609587,0.016218148,0.024935579,0.013025106,0.01488575,0.014674578,0.014475646,0.012416181,0.019615574,0.023704635
363,0.09185028,0.02909349,0.16588365,0.23142597,0.017431898,0.0741121,0.0094442945,0.015768021,0.030338947,0.011128763,0.008342672,0.056934718,0.022056032,0.075422004,0.016813034,0.013942284,0.009489735,0.02488529,0.009317438,0.023576418,0.010599055,0.03354886,0.018594982
364,0.067633905,0.072454415,0.112375066,0.31834963,0.030278144,0.052052576,0.011823233,0.034870192,0.019447854,0.017281994,0.011236672,0.021371163,0.032648973,0.024977349,0.020128706,0.027549868,0.014068785,0.01616461,0.012320216,0.014238718,0.014327243,0.029195974,0.02520469
365,0.05455518,0.12381821,0.07706335,0.25438094,0.0198717,0.06475325,0.009848268,0.012904049,0.013262509,0.008834787,0.009283076,0.022489207,0.015689295,0.081652574,0.03030928,0.011026819,0.034706555,0.020323845,0.029942088,0.008713523,0.07051103,0.016287863,0.009772578
366,0.021614365,0.06947311,0.17963482,0.18516244,0.015639752,0.10540335,0.01324532,0.020998647,0.06887572,0.009621905,0.008426383,0.009038728,0.0092538735,0.014964836,0.04352509,0.012854387,0.08354806,0.013647793,0.026271857,0.008428127,0.011213303,0.0568026,0.012355511
367,0.0444345,0.044469967,0.065287575,0.13853712,0.030804181,0.10507976,0.014435629,0.01823209,0.2378915,0.01662195,0.01267133,0.013990266,0.014374694,0.025547054,0.042137142,0.014541183,0.041134078,0.027895795,0.018177982,0.012707611,0.013891368,0.021757815,0.025379455
368,0.038894534,0.028193882,0.07475467,0.042287346,0.023671355,0.025736406,0.024013316,0.027973222,0.027155403,0.023003979,0.022775797,0.26828143,0.023863483,0.023336625,0.023658069,0.023718843,0.05134397,0.03405987,0.02612995,0.024996638,0.025906442,0.063754596,0.052490246
369,0.041374967,0.036281005,0.2802032,0.058691647,0.019869277,0.026691196,0.021908246,0.03402161,0.03675898,0.019116418,0.01884976,0.100030944,0.021864587,0.020160394,0.021168483,0.020240268,0.035483193,0.04615682,0.022890138,0.02458223,0.030222539,0.037317395,0.026116703
370,0.06282,0.09544261,0.34019107,0.033365298,0.023926174,0.036355436,0.01433635,0.021655293,0.018084485,0.013554839,0.01317092,0.02094595,0.025973933,0.019113468,0.020593025,0.02954355,0.05965613,0.015820976,0.016929436,0.013198866,0.019649338,0.06932416,0.016348695
371,0.07002474,0.10903183,0.31025568,0.035581693,0.016273925,0.03174354,0.011572181,0.019218666,0.027333291,0.011238511,0.0109522315,0.022592457,0.018282738,0.027845202,0.01917922,0.037542783,0.057624746,0.019385876,0.013964302,0.010953814,0.03680014,0.063482486,0.019119957
372,0.038247544,0.11586753,0.29869735,0.09065902,0.01995237,0.09333434,0.0077691,0.04061409,0.048069514,0.006808505,0.005916756,0.014509588,0.031609055,0.024860686,0.02272744,0.01218529,0.022067161,0.04556927,0.0069647213,0.0059114345,0.01685327,0.0198924,0.010913587
373,0.06664272,0.03138488,0.24137829,0.04060161,0.021511288,0.037913926,0.034407202,0.02503314,0.03480664,0.012193467,0.012016733,0.039224897,0.026438715,0.020696813,0.018547472,0.01658631,0.123657756,0.038234364,0.031091679,0.013530329,0.020249277,0.05282734,0.041025203
374,0.042961318,0.057916436,0.2604152,0.093823865,0.085068546,0.05869644,0.010345952,0.0374943,0.017577564,0.010250085,0.010037599,0.024817351,0.014715021,0.013666069,0.051265877,0.030685812,0.041174334,0.013966103,0.0252184,0.012533468,0.011142199,0.05118784,0.025040187
375,0.02947921,0.06734492,0.22358401,0.09951633,0.034828074,0.026141101,0.011771312,0.06926831,0.022867722,0.011729513,0.011420435,0.015104067,0.013947679,0.01288458,0.18179084,0.018859513,0.020782188,0.013742444,0.015247556,0.012034411,0.011919556,0.04510288,0.030633297
376,0.070331074,0.10360843,0.2777262,0.11280188,0.057095293,0.026815759,0.01141459,0.042562816,0.024187466,0.011459807,0.01042297,0.013304212,0.018913712,0.013005064,0.042742264,0.025074169,0.0239937,0.018698882,0.014421169,0.01099508,0.011398284,0.04195271,0.017074468
377,0.033043396,0.07512245,0.24951683,0.16350453,0.029106693,0.07601063,0.012681704,0.012238799,0.014503534,0.010631788,0.013367214,0.021634106,0.02403942,0.03739867,0.051782306,0.012345622,0.040368304,0.029233897,0.018145366,0.010543563,0.024603492,0.02870309,0.011474575
378,0.048169356,0.06378011,0.16775772,0.29061458,0.017186789,0.054126594,0.014836965,0.016871631,0.0316363,0.016801897,0.013078201,0.014390179,0.014515696,0.038742196,0.0212149,0.014970941,0.029750926,0.025942013,0.021590607,0.01310737,0.019673124,0.023894172,0.027347794
379,0.09472806,0.09663452,0.07848693,0.20994385,0.013058678,0.07593306,0.008027801,0.012126712,0.046636377,0.028040698,0.006844931,0.013234326,0.0111344345,0.054177478,0.018430183,0.008978929,0.023227796,0.07044079,0.010276066,0.0069907904,0.010467935,0.013641609,0.088538
380,0.07510317,0.024954814,0.040399555,0.0330263,0.0199607,0.021223135,0.019905409,0.028309494,0.021618495,0.019547304,0.019413497,0.08728924,0.020261658,0.01978192,0.019816266,0.02198531,0.14819373,0.048439134,0.028725393,0.025567072,0.02255486,0.2078984,0.026025109
381,0.04014719,0.028445773,0.06588951,0.027061218,0.017780537,0.02014661,0.017298257,0.06445462,0.021823572,0.016719708,0.016416019,0.15741114,0.019565187,0.017176954,0.017256249,0.02042648,0.06813889,0.184496,0.029774746,0.05239333,0.019338673,0.054856673,0.022982642
382,0.094875984,0.08279931,0.11675307,0.02702454,0.020147944,0.021235352,0.016333856,0.02356287,0.018856868,0.015525444,0.015235047,0.023337023,0.058586843,0.021448418,0.017801072,0.037410825,0.02914753,0.018642113,0.026727682,0.015400445,0.019655697,0.2587246,0.020767495
383,0.041234788,0.048059795,0.29339534,0.05717534,0.03373142,0.026602011,0.018614026,0.032278057,0.03088468,0.017637689,0.016780574,0.05016539,0.039898388,0.04580944,0.023929164,0.021296045,0.020589942,0.028141893,0.019067198,0.016821159,0.03236839,0.06369881,0.021820376
384,0.04865887,0.07333462,0.31271008,0.06590264,0.027220298,0.04802724,0.01576656,0.019271178,0.038208824,0.0139797125,0.0096742185,0.017603511,0.025197336,0.06339432,0.047116846,0.012474309,0.016476942,0.022487365,0.010822947,0.00969685,0.043635864,0.03204196,0.026297536
385,0.047758944,0.04796552,0.10040485,0.098127715,0.014274319,0.07733999,0.009523725,0.022685846,0.11261094,0.0062086526,0.00606767,0.07512028,0.026450194,0.0465414,0.035693474,0.013183022,0.02299201,0.03171825,0.010017883,0.011191942,0.0423505,0.081261985,0.060510866
386,0.049469065,0.10608162,0.17483103,0.13410418,0.041089647,0.14492658,0.004011024,0.031091772,0.027559254,0.0039581023,0.003407733,0.028475374,0.027339239,0.019499999,0.016480843,0.024512032,0.011285615,0.022388222,0.03966603,0.0037927777,0.008808726,0.020026373,0.057194784
387,0.09049915,0.046407085,0.24682894,0.17660795,0.025260756,0.05087251,0.0128693795,0.02548715,0.063787945,0.012114194,0.011874861,0.029157545,0.025915172,0.01519785,0.015535142,0.016357353,0.01715912,0.016641172,0.019839732,0.011960659,0.01856009,0.016820889,0.03424537
388,0.050562475,0.0650947,0.23365659,0.22011255,0.045575134,0.056049556,0.01278148,0.020188814,0.07621854,0.008773766,0.008394684,0.0128486985,0.039750624,0.009615158,0.015355831,0.011829294,0.028987782,0.016075253,0.0142864715,0.008497551,0.010681543,0.018003028,0.016660482
389,0.036981486,0.072487764,0.24533069,0.09493656,0.0808801,0.024231944,0.01613623,0.009279744,0.008966338,0.0069187838,0.020393496,0.0123376725,0.06321397,0.028880663,0.015749866,0.012837429,0.0850298,0.024781797,0.021971993,0.006772011,0.014984349,0.088048264,0.008849137
390,0.0667188,0.04613616,0.15409781,0.30280852,0.025562877,0.030925287,0.018698597,0.018966412,0.029429607,0.015149555,0.013709244,0.014961437,0.017266307,0.028196126,0.017633345,0.018732535,0.027462715,0.025530292,0.018716188,0.013764562,0.0494174,0.025875416,0.02024075
391,0.064974606,0.06758391,0.12662126,0.28978968,0.023532635,0.05018055,0.015464774,0.024629826,0.0649727,0.0172432,0.01362886,0.015457932,0.01615976,0.02484825,0.017341133,0.02329355,0.0231922,0.026330268,0.015549165,0.013735831,0.019921431,0.017280752,0.02826775
392,0.027041027,0.07000679,0.06286036,0.02295383,0.020191515,0.026696645,0.019942844,0.027513357,0.02066854,0.0193008,0.01917594,0.041952092,0.03395167,0.019710204,0.019579228,0.041123956,0.22509748,0.046113618,0.09458876,0.024877852,0.020561304,0.07142326,0.024668979
393,0.043615267,0.053940874,0.06269059,0.027112592,0.021895241,0.023112891,0.023446728,0.023330962,0.02155644,0.020155871,0.01997658,0.026411789,0.030899541,0.021634968,0.02079073,0.030166483,0.05952697,0.026185486,0.04509116,0.021045994,0.02529626,0.30350578,0.04861081
394,0.039022464,0.077457204,0.078429304,0.041163024,0.020157957,0.018542897,0.015837554,0.017487653,0.018105233,0.015295237,0.014809638,0.02237652,0.02413174,0.018144654,0.016451403,0.023957053,0.02358991,0.020659707,0.02632552,0.0151270935,0.04253721,0.21838896,0.19200213
395,0.026769664,0.13601783,0.16468221,0.042075045,0.03632286,0.022534292,0.015249882,0.017648341,0.021815611,0.015509213,0.013825201,0.017497804,0.056697812,0.027202409,0.020544317,0.016455222,0.016624983,0.040662177,0.016549464,0.01391631,0.16798002,0.049375225,0.04404409
396,0.1558257,0.036741734,0.19049917,0.033336792,0.01663049,0.029373638,0.014921166,0.017872075,0.034962963,0.014230315,0.014107419,0.09930273,0.02634416,0.021856053,0.019762063,0.01764865,0.019187437,0.019495161,0.021013523,0.047843765,0.021014556,0.03794146,0.090089016
397,0.08838469,0.048448384,0.21664575,0.15164232,0.021949278,0.032634053,0.011197181,0.015199785,0.100179486,0.012126268,0.009046643,0.02555398,0.025153067,0.011711157,0.035107184,0.01605268,0.017862117,0.01538337,0.020961255,0.009055625,0.01740231,0.024942286,0.07336117
398,0.058207776,0.022094438,0.23944755,0.13576318,0.05606006,0.028149385,0.021412555,0.01711463,0.08458555,0.011601436,0.010851673,0.014949651,0.017082127,0.011768056,0.016678162,0.012540986,0.013992615,0.026198646,0.02107107,0.010918785,0.013345717,0.03423484,0.12193107
399,0.11108471,0.031092959,0.2874279,0.08167456,0.10830158,0.030725665,0.012355725,0.02987715,0.046723958,0.010486088,0.009670524,0.015755406,0.028671663,0.010531166,0.017211867,0.011870696,0.018511515,0.04570779,0.016980223,0.00964599,0.01536479,0.01912499,0.031203134
400,0.071262985,0.0500734,0.28078696,0.07047604,0.02919239,0.027544081,0.0167158,0.020729255,0.016910667,0.013637445,0.016190728,0.019007057,0.025566045,0.031026347,0.018014282,0.04183468,0.0403411,0.07235966,0.050008483,0.013367297,0.019628199,0.038794067,0.016533034
401,0.14951453,0.05004972,0.2694487,0.09581236,0.014874397,0.035939675,0.03551927,0.02566442,0.029246675,0.011701409,0.011221569,0.015642976,0.018454565,0.020478444,0.02356991,0.030926732,0.045284588,0.016278934,0.032088693,0.01143613,0.017114917,0.016031412,0.023700023
402,0.060244348,0.14768639,0.29475898,0.088445194,0.021866396,0.031868406,0.019870337,0.021275068,0.035779264,0.015818706,0.01507927,0.019216418,0.020330038,0.020766998,0.021465695,0.020286104,0.026629437,0.023593629,0.018936735,0.015593581,0.017212382,0.01931944,0.023957243
403,0.078659475,0.09691325,0.034124803,0.024295194,0.0228789,0.019566918,0.018629717,0.022113537,0.022178736,0.01845601,0.018282257,0.019894307,0.020422922,0.019107638,0.018828351,0.059722405,0.03096429,0.01953452,0.059492376,0.018361041,0.023607554,0.28220007,0.05176573
404,0.11621719,0.24902053,0.034169115,0.021939814,0.020203048,0.019312944,0.018069394,0.032560527,0.032661393,0.017875189,0.017595703,0.018565102,0.018709239,0.01821174,0.018291174,0.038220935,0.06606856,0.018278223,0.02803258,0.017698184,0.019236254,0.13169676,0.027366439
405,0.103794985,0.07525639,0.05702288,0.023276785,0.022057286,0.021939581,0.018035583,0.019574061,0.025030581,0.017661057,0.017506855,0.035284434,0.034992978,0.019406425,0.019002374,0.029696578,0.027985102,0.018984418,0.050240647,0.024541559,0.019253653,0.07338885,0.24606694
406,0.2293674,0.045715187,0.07350665,0.059196603,0.016948873,0.01698298,0.01273279,0.014073948,0.02552789,0.012648681,0.0124674775,0.03718368,0.024011405,0.013633674,0.08875585,0.040819805,0.06483085,0.02121079,0.05262694,0.01200434,0.014268911,0.08597167,0.025513645
407,0.080696195,0.03969331,0.21044186,0.069497384,0.02987288,0.0149310855,0.013881451,0.014105547,0.01568032,0.012961019,0.014163077,0.1261957,0.052065194,0.012914318,0.045900665,0.059925366,0.025227549,0.06383669,0.021806072,0.012177967,0.017775191,0.031015718,0.01523548
408,0.07970472,0.0505672,0.28500268,0.0582967,0.040442888,0.020194821,0.014306658,0.01753134,0.019925397,0.017283171,0.013479203,0.0334494,0.044532973,0.015571819,0.027168898,0.022347344,0.045416273,0.043330725,0.03541511,0.013130336,0.04483351,0.038617935,0.019450912
409,0.02569329,0.07689772,0.12310685,0.20633197,0.015209022,0.06370685,0.018198406,0.04484045,0.02622421,0.012891202,0.012298923,0.01341498,0.01575693,0.048017345,0.025396666,0.029312558,0.06438488,0.037788842,0.029348642,0.011827771,0.03228274,0.043001153,0.024068598
410,0.09670815,0.038653973,0.29184186,0.045529645,0.018990763,0.059938993,0.018114302,0.052366048,0.06804009,0.01404029,0.013703425,0.018712355,0.02897965,0.01836071,0.017393123,0.019512495,0.05503664,0.017369052,0.01775586,0.014577229,0.0151137775,0.026337292,0.032924246
411,0.05802306,0.07777391,0.33022526,0.0706246,0.019475805,0.05773308,0.018686865,0.026141018,0.033312786,0.014972873,0.014548762,0.022714524,0.028764155,0.029989544,0.018236252,0.017941162,0.028948829,0.016978417,0.016026946,0.01753342,0.0153697645,0.032641567,0.033337362
412,0.0678461,0.07590453,0.074114785,0.025194952,0.024219498,0.022419108,0.01901008,0.025091005,0.0852127,0.018706383,0.017959343,0.020269958,0.020134976,0.019263813,0.019274242,0.024233822,0.03038664,0.019135196,0.022719795,0.01836392,0.019785926,0.29946736,0.031285807
413,0.14270006,0.04452664,0.042446297,0.024399268,0.03847915,0.022180263,0.019414132,0.021964526,0.035419125,0.019028464,0.018620811,0.023242235,0.023391219,0.019740015,0.019805435,0.023058899,0.023977794,0.019977922,0.027180221,0.020166848,0.01996282,0.28082892,0.06948895
414,0.14749964,0.024699591,0.035578616,0.13864876,0.01774368,0.020533606,0.016359502,0.017763577,0.01973309,0.016239995,0.016026108,0.021084866,0.040137533,0.022215348,0.042999834,0.021768613,0.032073755,0.018603848,0.028279735,0.015936878,0.01690981,0.25038752,0.01877609
415,0.11458497,0.021314982,0.030742584,0.045721404,0.01772945,0.022810519,0.016664492,0.01774036,0.017941501,0.016503764,0.016237713,0.018188758,0.05773036,0.04417408,0.08065045,0.018570367,0.047659244,0.017868606,0.0398926,0.016185774,0.01755054,0.28617623,0.017361272
416,0.13991925,0.026347607,0.062454384,0.027751673,0.0171483,0.016915001,0.013160533,0.015759652,0.015205494,0.013164532,0.012476426,0.01657389,0.053098086,0.01860712,0.02598618,0.017243069,0.16653676,0.017174534,0.1258415,0.012317514,0.01755405,0.15366447,0.015099962
417,0.025684346,0.09060479,0.03680463,0.051324803,0.0135861635,0.036618434,0.044000037,0.16133453,0.014504254,0.011345392,0.010989333,0.014222209,0.015770929,0.08859277,0.02479571,0.07671872,0.13265234,0.015728686,0.026667167,0.010920652,0.018199455,0.043551154,0.035383586
418,0.074561335,0.034755938,0.102292135,0.037301667,0.022584712,0.03401321,0.019472804,0.030532438,0.031581685,0.01927644,0.018086078,0.03203641,0.021488534,0.023125285,0.024025576,0.03080472,0.24853444,0.021831093,0.020256912,0.020843884,0.019102257,0.0781553,0.03533717
419,0.073703885,0.05324806,0.22957626,0.07671846,0.015431248,0.040340774,0.012673935,0.03225745,0.036754414,0.012189218,0.011772155,0.05400892,0.0143925045,0.01896535,0.021838075,0.019381681,0.045989003,0.01448872,0.01247271,0.029279513,0.012281491,0.059835795,0.10240027
420,0.06426005,0.0544703,0.034803603,0.03024604,0.020198034,0.021619115,0.020534722,0.025738975,0.024149364,0.019191178,0.019008882,0.022182483,0.029672517,0.023388572,0.026685445,0.0367217,0.08423518,0.020183168,0.06620241,0.018976042,0.020617738,0.2961997,0.020714745
421,0.07048016,0.16444963,0.039993543,0.049938537,0.0124967415,0.018881677,0.017843224,0.039688557,0.013692296,0.011570848,0.011401544,0.022667868,0.026265059,0.026040202,0.016157603,0.031146735,0.109270014,0.01266081,0.08899893,0.011386825,0.014324703,0.1735743,0.017070191
422,0.22013864,0.04136809,0.046743393,0.020272996,0.028061092,0.032566153,0.0141280955,0.028346311,0.01709424,0.013970311,0.013663697,0.05489342,0.015460555,0.030908292,0.03323974,0.0749059,0.07147744,0.026792925,0.014769556,0.014666307,0.0141978795,0.15015972,0.022175297
423,0.256813,0.04765582,0.05913304,0.028384995,0.02265737,0.024449779,0.015804393,0.08210878,0.020514987,0.015570278,0.015382659,0.06979463,0.016654875,0.020015059,0.025684787,0.0502925,0.032249365,0.018527294,0.016265644,0.01845748,0.015711902,0.08200582,0.04586558
