UniqueCID,OriginalCID,CellType,SpotID,row,col
UCID0000,16056703252605361028456577753253969472,Oligo,122,5169.484129939351,-3077.299114733596
UCID0001,332342744854304588291627651271906627413,Oligo,279,5169.484129939351,-1977.299114733596
UCID0002,89090734157339777538646571460500045568,Oligo,0,3669.484129939351,-3977.299114733596
UCID0003,74893907917472865105288592797455423737,Oligo,53,4569.484129939351,-3477.299114733596
UCID0004,67687554647047498302135954274634414264,Oligo,311,5369.484129939351,-1577.299114733596
UCID0005,123325726171217048300571699688146796333,Oligo,211,4469.484129939351,-2477.299114733596
UCID0006,213784909913725449964469288877494836962,Oligo,110,3869.484129939351,-3077.299114733596
UCID0007,154941918853297647826511671754387207534,Oligo,213,4669.484129939351,-2477.299114733596
UCID0008,295824704093343833151555142703257574423,Oligo,311,5369.484129939351,-1577.299114733596
UCID0009,91422579413395470232211321097957789528,Oligo,311,5369.484129939351,-1577.299114733596
UCID0010,290095930497877988798308926118258463079,Oligo,137,4869.484129939351,-2977.299114733596
UCID0011,292245543484678990600896923099331809541,Oligo,174,3869.484129939351,-2677.299114733596
UCID0012,44213958458681461077520822571514656963,Oligo,122,5169.484129939351,-3077.299114733596
UCID0013,255056484096457483246893866926965182462,Oligo,114,4269.484129939351,-3077.299114733596
UCID0014,72624128896941706232665028807793203497,Oligo,135,4669.484129939351,-2977.299114733596
UCID0015,18864118366982315730286444180171020645,Oligo,223,4169.484129939351,-2377.299114733596
UCID0016,148247942976544369203228330130907003961,Oligo,272,4469.484129939351,-1977.299114733596
UCID0017,294431335959517840011881700087904064278,Oligo,41,5069.484129939351,-3577.299114733596
UCID0018,10423246898564792607150667089393732968,Oligo,119,4769.484129939351,-3077.299114733596
UCID0019,256866148070848636001191207864003019506,Oligo,41,5069.484129939351,-3577.299114733596
UCID0020,268940929971757505429345409032193678662,Oligo,41,5069.484129939351,-3577.299114733596
UCID0021,336285881260141128369814322332029672798,Oligo,162,4269.484129939351,-2777.299114733596
UCID0022,100047181052654346224529175853339022386,Oligo,122,5169.484129939351,-3077.299114733596
UCID0023,60526758582873181558648365571590891218,Oligo,73,5169.484129939351,-3377.299114733596
UCID0024,76253007064694401604718867741288484969,Oligo,310,5269.484129939351,-1577.299114733596
UCID0025,218795905126659466895140206787261103966,Oligo,279,5169.484129939351,-1977.299114733596
UCID0026,204677800156103961664927440748008954277,Oligo,311,5369.484129939351,-1577.299114733596
UCID0027,335730569340152719494405333294344136944,Oligo,122,5169.484129939351,-3077.299114733596
UCID0028,149346979155628824221049720458300449793,Oligo,288,5069.484129939351,-1877.299114733596
UCID0029,234212123708294203468201714123438069011,Oligo,151,4769.484129939351,-2877.299114733596
UCID0030,67313058400854204311594241210135356353,Oligo,311,5369.484129939351,-1577.299114733596
UCID0031,102138401151297659614140192164977221559,Oligo,169,5069.484129939351,-2777.299114733596
UCID0032,50068700387253413552788140885586713321,Oligo,110,3869.484129939351,-3077.299114733596
UCID0033,327273330690814167938924471423064092550,Oligo,106,5169.484129939351,-3177.299114733596
UCID0034,101290319453327493294362411320830756503,Oligo,83,4469.484129939351,-3277.299114733596
UCID0035,7273574521407910378476047225480063466,Oligo,69,4769.484129939351,-3377.299114733596
UCID0036,196007888576171652815738944461464534705,Oligo,115,4369.484129939351,-3077.299114733596
UCID0037,261476607587186153930203923851133922894,Oligo,110,3869.484129939351,-3077.299114733596
UCID0038,42719108277289323387419553878972268060,Oligo,24,4669.484129939351,-3677.299114733596
UCID0039,321421115578972863187294023821742542853,Oligo,122,5169.484129939351,-3077.299114733596
UCID0040,194268855288814769926205201926972775332,VLMC,303,4969.484129939351,-1677.299114733596
UCID0041,318916309336691471278715941696816083746,VLMC,292,4569.484129939351,-1777.299114733596
UCID0042,46601063849357496256256603130630337361,VLMC,162,4269.484129939351,-2777.299114733596
UCID0043,7503723995416267772913758497431012403,VLMC,283,4569.484129939351,-1877.299114733596
UCID0044,196236920726310258956019044811895894614,VLMC,282,4369.484129939351,-1877.299114733596
UCID0045,289805046658592433774655778663713456852,VLMC,101,4669.484129939351,-3177.299114733596
UCID0046,93874547035906642441733764785916539003,VLMC,162,4269.484129939351,-2777.299114733596
UCID0047,99461758348276171282164065674893881464,VLMC,221,3969.484129939351,-2377.299114733596
UCID0048,327086052338970522794865936917452690129,VLMC,101,4669.484129939351,-3177.299114733596
UCID0049,249954560861365423672725537322942929552,VLMC,140,5169.484129939351,-2977.299114733596
UCID0050,10443051352889986513007462453736025395,VLMC,76,3769.484129939351,-3277.299114733596
UCID0051,309172886831212497665199898342966275203,VLMC,88,4969.484129939351,-3277.299114733596
UCID0052,132988663934496141921985139246909458350,VLMC,283,4569.484129939351,-1877.299114733596
UCID0053,176320931078315599559396578011313843955,VLMC,174,3869.484129939351,-2677.299114733596
UCID0054,260747326655333663974646633528018065428,VLMC,298,5169.484129939351,-1777.299114733596
UCID0055,143969164186051212873581266003917189293,VLMC,30,3969.484129939351,-3577.299114733596
UCID0056,285869482386669591220661190919097370605,VLMC,125,3669.484129939351,-2977.299114733596
UCID0057,49094672334633452705078519567271410177,VLMC,45,3769.484129939351,-3477.299114733596
UCID0058,312219926540677956629916378440581718166,VLMC,3,3769.484129939351,-3877.299114733596
UCID0059,50112550214207220317547805138655361336,VLMC,310,5269.484129939351,-1577.299114733596
UCID0060,179400534792812387251480705983608581547,VLMC,5,4069.484129939351,-3877.299114733596
UCID0061,262607730235322447149755584900671522560,VLMC,293,4669.484129939351,-1777.299114733596
UCID0062,242229384272380325338530746818515777766,VLMC,141,3669.484129939351,-2877.299114733596
UCID0063,48981113046792927588250242719943043257,VLMC,45,3769.484129939351,-3477.299114733596
UCID0064,55121035828317757612474451792605480021,VLMC,303,4969.484129939351,-1677.299114733596
UCID0065,331394818707225419581456265427646733224,VLMC,222,4069.484129939351,-2377.299114733596
UCID0066,213962637129921029425958728688960129916,VLMC,222,4069.484129939351,-2377.299114733596
UCID0067,184941568684442842294054169419585066289,VLMC,25,4769.484129939351,-3677.299114733596
UCID0068,6904561393982350497968551202314006810,VLMC,287,4969.484129939351,-1877.299114733596
UCID0069,315050194989939873586787426438107744843,VLMC,16,3869.484129939351,-3677.299114733596
UCID0070,102961153274706937193126587656972162038,VLMC,282,4369.484129939351,-1877.299114733596
UCID0071,199222328444745757138217208151849390007,VLMC,141,3669.484129939351,-2877.299114733596
UCID0072,146963940521369692319856574974245769981,VLMC,222,4069.484129939351,-2377.299114733596
UCID0073,294185546214488060815849722493272673560,VLMC,3,3769.484129939351,-3877.299114733596
UCID0074,304548308011182718569445358187190898376,VLMC,112,4069.484129939351,-3077.299114733596
UCID0075,186288069062507006928943122920490206989,VLMC,275,4769.484129939351,-1977.299114733596
UCID0076,190431391455060438680789522517230962152,VLMC,205,3869.484129939351,-2477.299114733596
UCID0077,59017470786181836669450572407795010327,VLMC,16,3869.484129939351,-3677.299114733596
UCID0078,132134673865490904758943446118298219705,VLMC,25,4769.484129939351,-3677.299114733596
UCID0079,174729303872416159569508132760331103157,VLMC,218,5169.484129939351,-2477.299114733596
UCID0080,229293327534095675145645175841958583551,VLMC,110,3869.484129939351,-3077.299114733596
UCID0081,290840353381456538346015834276065721263,VLMC,272,4469.484129939351,-1977.299114733596
UCID0082,29741841877202050917075302422702356853,VLMC,283,4569.484129939351,-1877.299114733596
UCID0083,287676319208265404672049415672236793130,VLMC,48,4069.484129939351,-3477.299114733596
UCID0084,339725983261769717643823151436330473000,Astro,158,3769.484129939351,-2777.299114733596
UCID0085,211268099770593017841494490851096293928,Astro,96,4069.484129939351,-3177.299114733596
UCID0086,128411430233223579723789363413997853809,Astro,99,4469.484129939351,-3177.299114733596
UCID0087,224541962963324832054125151220722718488,Astro,99,4469.484129939351,-3177.299114733596
UCID0088,318307519554864034519223704355591510971,Astro,27,4969.484129939351,-3677.299114733596
UCID0089,259971664039018570867600826732558675566,Astro,258,5169.484129939351,-2177.299114733596
UCID0090,132650323004003159589812525330250023814,Astro,256,4969.484129939351,-2177.299114733596
UCID0091,45057974588102408841683372985127190750,Astro,256,4969.484129939351,-2177.299114733596
UCID0092,151539140003703281379559268540780337424,Astro,142,3769.484129939351,-2877.299114733596
UCID0093,263992929537335331342744896790883409728,Astro,5,4069.484129939351,-3877.299114733596
UCID0094,61583507988870666918661559334189308622,Astro,17,3969.484129939351,-3677.299114733596
UCID0095,214034513679891827601462670044383726479,Astro,230,4869.484129939351,-2377.299114733596
UCID0096,210946471460091546449431499554259364288,Astro,65,4269.484129939351,-3377.299114733596
UCID0097,250885675365640166577474659717634554807,Astro,68,4669.484129939351,-3377.299114733596
UCID0098,339069085494331768530237555940181806723,Astro,31,4069.484129939351,-3577.299114733596
UCID0099,110919467324821368433815224957325890818,Astro,93,3769.484129939351,-3177.299114733596
UCID0100,241995230658767171055342908629375429945,Astro,120,4869.484129939351,-3077.299114733596
UCID0101,115097853774735235894323792699398055202,Astro,120,4869.484129939351,-3077.299114733596
UCID0102,197462493672140225266271227412037227228,Astro,137,4869.484129939351,-2977.299114733596
UCID0103,334913339830221930432983151608707534643,Astro,3,3769.484129939351,-3877.299114733596
UCID0104,62931599552968413356113934569449381334,Astro,250,4369.484129939351,-2177.299114733596
UCID0105,296349918070123453221553514989626368054,Astro,274,4669.484129939351,-1977.299114733596
UCID0106,292702185683694314366225378273721388584,Astro,175,3969.484129939351,-2677.299114733596
UCID0107,287355014956573993393778998560433863575,Astro,298,5169.484129939351,-1777.299114733596
UCID0108,84588723406065994130195542891925907493,Astro,64,4169.484129939351,-3377.299114733596
UCID0109,309443099957788557918420528232968267125,Astro,213,4669.484129939351,-2477.299114733596
UCID0110,153061514598075488988166392470485009021,Astro,146,4269.484129939351,-2877.299114733596
UCID0111,66911846531213419940546889745164496405,Astro,164,4469.484129939351,-2777.299114733596
UCID0112,254938076942081985367794594088215446345,Astro,2,3869.484129939351,-3977.299114733596
UCID0113,172169726843315635905353513952496275383,Astro,243,4769.484129939351,-2277.299114733596
UCID0114,10439354818870026981613212500868313457,Astro,60,5269.484129939351,-3477.299114733596
UCID0115,4225540512996765088319663865953331825,Astro,243,4769.484129939351,-2277.299114733596
UCID0116,157157973387452363019594196799162293811,Astro,300,5369.484129939351,-1777.299114733596
UCID0117,273932084070402841418091712290652142274,Astro,41,5069.484129939351,-3577.299114733596
UCID0118,278306533163058554386347463428517328262,Astro,103,4869.484129939351,-3177.299114733596
UCID0119,173858183193389311606658602678025279490,Astro,303,4969.484129939351,-1677.299114733596
UCID0120,216063292308159548503962734003801558623,Astro,305,5169.484129939351,-1677.299114733596
UCID0121,262984720180873201228365640018460056810,Astro,238,4269.484129939351,-2277.299114733596
UCID0122,205459856388035487687161535228972304210,Astro,109,3769.484129939351,-3077.299114733596
UCID0123,287163682725323378823426516749430713217,Astro,298,5169.484129939351,-1777.299114733596
UCID0124,20705674386123621127536199253066094105,Astro,164,4469.484129939351,-2777.299114733596
UCID0125,237596903841924923251745882448201716037,Astro,195,4469.484129939351,-2577.299114733596
UCID0126,180571656293987410003849347266392753240,Astro,268,5069.484129939351,-2077.299114733596
UCID0127,30993248290128149588434657327024013699,Astro,17,3969.484129939351,-3677.299114733596
UCID0128,59661807563002494740986056503793392672,Astro,50,4269.484129939351,-3477.299114733596
UCID0129,295293792578091328192881360134717809288,Astro,251,4469.484129939351,-2177.299114733596
UCID0130,339013011131156296506533900096387572586,Astro,241,4569.484129939351,-2277.299114733596
UCID0131,100955601535943672754469769793722395470,Astro,250,4369.484129939351,-2177.299114733596
UCID0132,212105498307285084783625753670942010459,Astro,224,4269.484129939351,-2377.299114733596
UCID0133,339944710108594105970482649049927454915,Astro,256,4969.484129939351,-2177.299114733596
UCID0134,57152427143821154014011258264897830235,Astro,27,4969.484129939351,-3677.299114733596
UCID0135,136338037670501590897863249222072395319,Astro,17,3969.484129939351,-3677.299114733596
UCID0136,263234508297021492453074022842053799354,Astro,224,4269.484129939351,-2377.299114733596
UCID0137,282107404920588318390467493186979934044,Astro,256,4969.484129939351,-2177.299114733596
UCID0138,165561460020027881435633933261305575355,Astro,261,4369.484129939351,-2077.299114733596
UCID0139,221632646971661995423735249555443633311,Astro,109,3769.484129939351,-3077.299114733596
UCID0140,119789506044598118478763760927525501007,Astro,292,4569.484129939351,-1777.299114733596
UCID0141,248977462404048508072057213936611989129,Astro,93,3769.484129939351,-3177.299114733596
UCID0142,207379361541594920953655456308528949347,Astro,146,4269.484129939351,-2877.299114733596
UCID0143,284628084472995428033316700100400279787,Astro,256,4969.484129939351,-2177.299114733596
UCID0144,278475742754239587300667698969986549545,Astro,28,3769.484129939351,-3577.299114733596
UCID0145,6022288958388708097906028597101595360,Astro,142,3769.484129939351,-2877.299114733596
UCID0146,257536515736702840477444545853251581921,Astro,243,4769.484129939351,-2277.299114733596
UCID0147,217494891995370612809288546565475087161,Astro,137,4869.484129939351,-2977.299114733596
UCID0148,250166216244470517076821096212364105249,Astro,209,4269.484129939351,-2477.299114733596
UCID0149,207261541533973863870232018151570191533,Astro,302,4869.484129939351,-1677.299114733596
UCID0150,217848571574754187903268081830705438667,Astro,218,5169.484129939351,-2477.299114733596
UCID0151,56994687519134775655013711391194196586,Astro,41,5069.484129939351,-3577.299114733596
UCID0152,100267747580756240041023704492842942950,Astro,270,5269.484129939351,-2077.299114733596
UCID0153,272483057807166767226844671163031584350,Astro,88,4969.484129939351,-3277.299114733596
UCID0154,59827149660821824806492405503921481662,Astro,88,4969.484129939351,-3277.299114733596
UCID0155,297232957338221866863917144220008225735,Astro,188,5269.484129939351,-2677.299114733596
UCID0156,295631463592485520869299039011821051433,Astro,213,4669.484129939351,-2477.299114733596
UCID0157,202649067822954166757392362700898638654,Astro,124,5369.484129939351,-3077.299114733596
UCID0158,53771060035959106273047806331189456324,Astro,250,4369.484129939351,-2177.299114733596
UCID0159,29333328774678975103150929140409693923,Astro,1,3769.484129939351,-3977.299114733596
UCID0160,80868290332348661632568527111790201290,Astro,303,4969.484129939351,-1677.299114733596
UCID0161,71650478039384451099752625218844906412,Astro,214,4769.484129939351,-2477.299114733596
UCID0162,303899320940499226268727646323121961199,Astro,238,4269.484129939351,-2277.299114733596
UCID0163,153930469426972548931087509314627783621,Astro,60,5269.484129939351,-3477.299114733596
UCID0164,50168325674585342290132045874056233163,Astro,64,4169.484129939351,-3377.299114733596
UCID0165,29214834587495926027035856513503890697,Astro,238,4269.484129939351,-2277.299114733596
UCID0166,154082805786133703500757863956477444233,Astro,238,4269.484129939351,-2277.299114733596
UCID0167,129563218991821856034551545226610163169,Astro,214,4769.484129939351,-2477.299114733596
UCID0168,45341109923558531517316600908725176229,Astro,198,4769.484129939351,-2577.299114733596
UCID0169,245936789006131169458767499273299679395,L4_5_IT,228,4669.484129939351,-2377.299114733596
UCID0170,124006632518508737793505439415136457597,L4_5_IT,96,4069.484129939351,-3177.299114733596
UCID0171,144548110034671843640331948537227048764,L4_5_IT,212,4569.484129939351,-2477.299114733596
UCID0172,150379153728608454229361251988101889791,L4_5_IT,232,5069.484129939351,-2377.299114733596
UCID0173,112743589380899270196906487894629775124,L4_5_IT,262,4469.484129939351,-2077.299114733596
UCID0174,65084213061848135409204956664905846778,L4_5_IT,242,4669.484129939351,-2277.299114733596
UCID0175,112066982874350986562643714528120098141,L4_5_IT,280,5269.484129939351,-1977.299114733596
UCID0176,257070154321396687293476986837987019219,L4_5_IT,244,4869.484129939351,-2277.299114733596
UCID0177,242831836429864890093820536927870056416,L4_5_IT,38,4769.484129939351,-3577.299114733596
UCID0178,252413665714878378444269972177984252763,L4_5_IT,284,4669.484129939351,-1877.299114733596
UCID0179,165119460723904957414268527141573904228,L4_5_IT,280,5269.484129939351,-1977.299114733596
UCID0180,207697450658900133824672196062947945731,L4_5_IT,260,5369.484129939351,-2177.299114733596
UCID0181,298858099400434801226093302366940648647,L4_5_IT,163,4369.484129939351,-2777.299114733596
UCID0182,262705991403438000237170990739958286256,L4_5_IT,67,4569.484129939351,-3377.299114733596
UCID0183,144037999962948009924006727343022143107,L4_5_IT,257,5069.484129939351,-2177.299114733596
UCID0184,196370662647010729569636675856850189653,L4_5_IT,232,5069.484129939351,-2377.299114733596
UCID0185,191703224526006030314655090610696440706,L4_5_IT,113,4169.484129939351,-3077.299114733596
UCID0186,99266420210807845744768305950093177913,L4_5_IT,96,4069.484129939351,-3177.299114733596
UCID0187,196441159195161209842102026041461281320,L4_5_IT,255,4869.484129939351,-2177.299114733596
UCID0188,254430011080648301660956374711540126909,L4_5_IT,227,4569.484129939351,-2377.299114733596
UCID0189,265893915637461271122619765595869584160,L4_5_IT,234,5269.484129939351,-2377.299114733596
UCID0190,65288376116570523985559906943063101097,L4_5_IT,55,4769.484129939351,-3477.299114733596
UCID0191,28568991677690397873291650200388968698,L4_5_IT,195,4469.484129939351,-2577.299114733596
UCID0192,84408063879056791627850454434767272783,L4_5_IT,289,5169.484129939351,-1877.299114733596
UCID0193,74113252445297412012583744135369433957,L4_5_IT,113,4169.484129939351,-3077.299114733596
UCID0194,167981212931998758700840459818927921245,L4_5_IT,79,4069.484129939351,-3277.299114733596
UCID0195,116648470408229875146147385150205277919,L4_5_IT,82,4369.484129939351,-3277.299114733596
UCID0196,273752469798042844746382564812780870768,L4_5_IT,63,4069.484129939351,-3377.299114733596
UCID0197,331843859442477440595881606280855363171,L4_5_IT,105,5069.484129939351,-3177.299114733596
UCID0198,29786166692852435008342836810959756810,L4_5_IT,266,4869.484129939351,-2077.299114733596
UCID0199,47024573109438883932794967384389916633,L4_5_IT,161,4169.484129939351,-2777.299114733596
UCID0200,211132390493805767181006834329430312503,L4_5_IT,179,4369.484129939351,-2677.299114733596
UCID0201,246154463939406288645820266510228667180,L4_5_IT,143,3969.484129939351,-2877.299114733596
UCID0202,163865996290595919308654998393883619945,L4_5_IT,159,3969.484129939351,-2777.299114733596
UCID0203,174755425732377679514858755642630747506,L4_5_IT,12,4669.484129939351,-3777.299114733596
UCID0204,61776072095044963343146122786344521176,L4_5_IT,138,4969.484129939351,-2977.299114733596
UCID0205,31747305733350682079999331176781517935,L4_5_IT,263,4569.484129939351,-2077.299114733596
UCID0206,93623438586813625724867334511135584416,L4_5_IT,99,4469.484129939351,-3177.299114733596
UCID0207,80210897743146618991411525086202387696,L4_5_IT,21,4369.484129939351,-3677.299114733596
UCID0208,161472452737968109068712553562364046387,L4_5_IT,291,5369.484129939351,-1877.299114733596
UCID0209,7842141559414758223677007614096004400,L4_5_IT,137,4869.484129939351,-2977.299114733596
UCID0210,270094882792562746991041569190640865404,L4_5_IT,50,4269.484129939351,-3477.299114733596
UCID0211,222387147294114805383238571182855979447,L4_5_IT,113,4169.484129939351,-3077.299114733596
UCID0212,3926382353440455005159595359502740821,L4_5_IT,180,4469.484129939351,-2677.299114733596
UCID0213,79614208103851728725832990388402931679,L4_5_IT,20,4269.484129939351,-3677.299114733596
UCID0214,108243080824625082288655270786764589472,L4_5_IT,23,4569.484129939351,-3677.299114733596
UCID0215,167528160999023244557805007535617775480,L4_5_IT,214,4769.484129939351,-2477.299114733596
UCID0216,106119827410635762079443969807896489563,L4_5_IT,220,5369.484129939351,-2477.299114733596
UCID0217,215505913343211357955778647325901767768,L4_5_IT,220,5369.484129939351,-2477.299114733596
UCID0218,144972704494554029513656146521127615946,L4_5_IT,38,4769.484129939351,-3577.299114733596
UCID0219,113176685938072322811808921260265297904,L4_5_IT,269,5169.484129939351,-2077.299114733596
UCID0220,313547896562653770791461069779903639100,L4_5_IT,20,4269.484129939351,-3677.299114733596
UCID0221,77326312606020872755323448920248821709,L4_5_IT,260,5369.484129939351,-2177.299114733596
UCID0222,148025422283976529634874584537694192913,L4_5_IT,262,4469.484129939351,-2077.299114733596
UCID0223,229225170744554873062423952194376699883,L4_5_IT,300,5369.484129939351,-1777.299114733596
UCID0224,306979000808659406902688647766825492048,L4_5_IT,299,5269.484129939351,-1777.299114733596
UCID0225,244405318041644773562076167353477909458,L4_5_IT,255,4869.484129939351,-2177.299114733596
UCID0226,29368668534943345472475124335815349033,L4_5_IT,80,4169.484129939351,-3277.299114733596
UCID0227,221977879737348563793535317939453756923,L4_5_IT,299,5269.484129939351,-1777.299114733596
UCID0228,254056719785422009437000932979940554155,L4_5_IT,307,5369.484129939351,-1677.299114733596
UCID0229,4378085019167579513781902149817839008,L4_5_IT,228,4669.484129939351,-2377.299114733596
UCID0230,96043455534533962060963254592790758966,L4_5_IT,21,4369.484129939351,-3677.299114733596
UCID0231,276819872221217155732645990166792774741,L4_5_IT,19,4169.484129939351,-3677.299114733596
UCID0232,3416126655017681439692189890686309352,L4_5_IT,276,4869.484129939351,-1977.299114733596
UCID0233,301665402294908927053831964077020879312,L4_5_IT,91,5269.484129939351,-3277.299114733596
UCID0234,85834103142660006482523113393383288323,L4_5_IT,258,5169.484129939351,-2177.299114733596
UCID0235,230228666031832069763523773431360884896,L4_5_IT,283,4569.484129939351,-1877.299114733596
UCID0236,167226945295349989253022656704202433867,L4_5_IT,213,4669.484129939351,-2477.299114733596
UCID0237,248856473882122064399858835780086916827,L4_5_IT,231,4969.484129939351,-2377.299114733596
UCID0238,286059391333703719044670283069168437521,L4_5_IT,183,4769.484129939351,-2677.299114733596
UCID0239,112285502060035374571848108221936600403,L4_5_IT,31,4069.484129939351,-3577.299114733596
UCID0240,214631579258847603841628506299641068164,L4_5_IT,97,4169.484129939351,-3177.299114733596
UCID0241,292091871078333955989651982556820281362,L4_5_IT,159,3969.484129939351,-2777.299114733596
UCID0242,261274976043441148508324402410834281890,L4_5_IT,34,4369.484129939351,-3577.299114733596
UCID0243,34699692619521172392476357325016228678,L4_5_IT,21,4369.484129939351,-3677.299114733596
UCID0244,191938951075327797616167270654605662134,L4_5_IT,75,5369.484129939351,-3377.299114733596
UCID0245,289207735900706019084421383575684865170,L4_5_IT,269,5169.484129939351,-2077.299114733596
UCID0246,280173379144114487925697019509588874026,L4_5_IT,240,4469.484129939351,-2277.299114733596
UCID0247,75029702736678447431079794163674521247,L4_5_IT,267,4969.484129939351,-2077.299114733596
UCID0248,122885311403082418979408065944191906346,L4_5_IT,15,4969.484129939351,-3777.299114733596
UCID0249,321770350211376037913432385851114861773,L4_5_IT,214,4769.484129939351,-2477.299114733596
UCID0250,188027171770743867944838518557659697099,L4_5_IT,143,3969.484129939351,-2877.299114733596
UCID0251,139446745782746144236895986392810675696,L4_5_IT,167,4869.484129939351,-2777.299114733596
UCID0252,161839445833494185087153110030548337555,L4_5_IT,280,5269.484129939351,-1977.299114733596
UCID0253,56718606901399789182500136688873307117,L4_5_IT,186,5069.484129939351,-2677.299114733596
UCID0254,89713040953526944717766063850524857216,L4_5_IT,143,3969.484129939351,-2877.299114733596
UCID0255,189613262320890721837851486578273992031,L4_5_IT,288,5069.484129939351,-1877.299114733596
UCID0256,126841375253381195874251932614502743208,L4_5_IT,124,5369.484129939351,-3077.299114733596
UCID0257,51254050610537451552122151709428991765,L4_5_IT,38,4769.484129939351,-3577.299114733596
UCID0258,127602472693674038895986570451133489950,L4_5_IT,20,4269.484129939351,-3677.299114733596
UCID0259,189746118944931729235517719605665848233,L4_5_IT,131,4269.484129939351,-2977.299114733596
UCID0260,97267956358074556828854842725843590263,L4_5_IT,176,4069.484129939351,-2677.299114733596
UCID0261,323473010901051900382925458211758516788,L4_5_IT,159,3969.484129939351,-2777.299114733596
UCID0262,147278671546501506438664744529556967580,L4_5_IT,180,4469.484129939351,-2677.299114733596
UCID0263,219392982907054543719624580474798601846,L4_5_IT,244,4869.484129939351,-2277.299114733596
UCID0264,258792354555036354427395210532770739183,L4_5_IT,291,5369.484129939351,-1877.299114733596
UCID0265,8473985657461140968230655337855143526,L4_5_IT,291,5369.484129939351,-1877.299114733596
UCID0266,140198439809155779355550195093467924731,L4_5_IT,170,5169.484129939351,-2777.299114733596
UCID0267,1014011257225273380454238515543761957,L4_5_IT,299,5269.484129939351,-1777.299114733596
UCID0268,96898711782096981015053337603170941646,L4_5_IT,15,4969.484129939351,-3777.299114733596
UCID0269,48927897805270154282775529324529899147,L4_5_IT,257,5069.484129939351,-2177.299114733596
UCID0270,114681559891705002088039073640521713147,L4_5_IT,220,5369.484129939351,-2477.299114733596
UCID0271,266209253946710254560552761673706677529,L4_5_IT,179,4369.484129939351,-2677.299114733596
UCID0272,40134523265137632477379198931538283587,L4_5_IT,230,4869.484129939351,-2377.299114733596
UCID0273,85351536941614794346366445298635313076,L4_5_IT,212,4569.484129939351,-2477.299114733596
UCID0274,259081610139553183885329636466423232314,L4_5_IT,167,4869.484129939351,-2777.299114733596
UCID0275,232956977210114580476549970426627443838,L4_5_IT,50,4269.484129939351,-3477.299114733596
UCID0276,151949426268333605548968350915098608217,L4_5_IT,164,4469.484129939351,-2777.299114733596
UCID0277,42211563631087789430058017520010608177,L4_5_IT,254,4769.484129939351,-2177.299114733596
UCID0278,336260708379898324527988103186318298108,L4_5_IT,179,4369.484129939351,-2677.299114733596
UCID0279,76673223398360881373180938852559410750,L4_5_IT,228,4669.484129939351,-2377.299114733596
UCID0280,273279077118499200360108337824081338672,L4_5_IT,267,4969.484129939351,-2077.299114733596
UCID0281,245740333727025365534794240634036308970,L4_5_IT,21,4369.484129939351,-3677.299114733596
UCID0282,54534658745238007404565187229313918446,L4_5_IT,215,4869.484129939351,-2477.299114733596
UCID0283,211547761903299407710155878714221517741,L4_5_IT,255,4869.484129939351,-2177.299114733596
UCID0284,159498649268999187520288678178436431079,L4_5_IT,211,4469.484129939351,-2477.299114733596
UCID0285,200628532299049012595719290285959827917,L4_5_IT,152,4869.484129939351,-2877.299114733596
UCID0286,132318997534218317067461918484007593872,L4_5_IT,267,4969.484129939351,-2077.299114733596
UCID0287,160817374905796063197536536118317148958,L4_5_IT,137,4869.484129939351,-2977.299114733596
UCID0288,261112024578440084463125306538845584924,L4_5_IT,267,4969.484129939351,-2077.299114733596
UCID0289,68393873364605141405258830284153315021,L4_5_IT,246,5069.484129939351,-2277.299114733596
UCID0290,81430060183966465945873325191954689219,L4_5_IT,97,4169.484129939351,-3177.299114733596
UCID0291,54121119098225161955700306537676848225,L4_5_IT,105,5069.484129939351,-3177.299114733596
UCID0292,158557062289997026097415798748314582113,L4_5_IT,260,5369.484129939351,-2177.299114733596
UCID0293,24167240139003764094212136159676244972,L4_5_IT,155,5169.484129939351,-2877.299114733596
UCID0294,133498468533497173484749777318951309861,L4_5_IT,21,4369.484129939351,-3677.299114733596
UCID0295,290660211374439364063393704191219848491,L4_5_IT,244,4869.484129939351,-2277.299114733596
UCID0296,214150373739754931405533046224140650719,L4_5_IT,113,4169.484129939351,-3077.299114733596
UCID0297,187699733079193786433058137888699787396,L4_5_IT,267,4969.484129939351,-2077.299114733596
UCID0298,243772920637472713503574061741733529532,L4_5_IT,38,4769.484129939351,-3577.299114733596
UCID0299,96555185505285503655652874085117622289,L4_5_IT,28,3769.484129939351,-3577.299114733596
UCID0300,106099584344502602441591320617159624141,L4_5_IT,294,4769.484129939351,-1777.299114733596
UCID0301,193746905104281990284598740941595210851,L4_5_IT,115,4369.484129939351,-3077.299114733596
UCID0302,271798182826887072915833373962976150053,L4_5_IT,242,4669.484129939351,-2277.299114733596
UCID0303,216248333332825926503459333986801389567,L4_5_IT,19,4169.484129939351,-3677.299114733596
UCID0304,183145062489687560731504355503118996498,L4_5_IT,131,4269.484129939351,-2977.299114733596
UCID0305,79307845833428295075015862820695609412,L4_5_IT,226,4469.484129939351,-2377.299114733596
UCID0306,147212567431422875530874488242404314444,L4_5_IT,290,5269.484129939351,-1877.299114733596
UCID0307,46246456290950513226894019489316714276,L4_5_IT,176,4069.484129939351,-2677.299114733596
UCID0308,19376473485700554380174795300914350230,L4_5_IT,262,4469.484129939351,-2077.299114733596
UCID0309,257983038205013603462415652969143609307,L4_5_IT,63,4069.484129939351,-3377.299114733596
UCID0310,336626753032345465833436379530666840984,L4_5_IT,31,4069.484129939351,-3577.299114733596
UCID0311,143243478020113032952014864588152368326,L4_5_IT,220,5369.484129939351,-2477.299114733596
UCID0312,197984653454715243935876216326702334914,L4_5_IT,211,4469.484129939351,-2477.299114733596
UCID0313,22221990368182034703843764226362543017,L4_5_IT,183,4769.484129939351,-2677.299114733596
UCID0314,163183656103729113004227521107275180896,L4_5_IT,182,4669.484129939351,-2677.299114733596
UCID0315,178346398943111075149645784650552952703,L4_5_IT,203,5269.484129939351,-2577.299114733596
UCID0316,42382825701143768941200644664639177062,L4_5_IT,19,4169.484129939351,-3677.299114733596
UCID0317,13226946188640165856735244720631591667,L4_5_IT,72,5069.484129939351,-3377.299114733596
UCID0318,211576634218494686346669023563468309939,L4_5_IT,147,4369.484129939351,-2877.299114733596
UCID0319,254616659948378041227713098635832411093,L4_5_IT,147,4369.484129939351,-2877.299114733596
UCID0320,200546705927347566834645026787674394707,L4_5_IT,143,3969.484129939351,-2877.299114733596
UCID0321,86112621779575289484301881914563018647,L4_5_IT,180,4469.484129939351,-2677.299114733596
UCID0322,251564993225210993268877927732302561255,L4_5_IT,267,4969.484129939351,-2077.299114733596
UCID0323,239327817623953644774946479559374235798,L4_5_IT,242,4669.484129939351,-2277.299114733596
UCID0324,25129366543559713317798335733323361624,L4_5_IT,176,4069.484129939351,-2677.299114733596
UCID0325,169630115072734735071825465977246549149,L4_5_IT,291,5369.484129939351,-1877.299114733596
UCID0326,98822354546620819165619361120959815659,L4_5_IT,164,4469.484129939351,-2777.299114733596
UCID0327,316148391209590486558228405231541422885,L4_5_IT,215,4869.484129939351,-2477.299114733596
UCID0328,114880787261146580043740643409881539410,L4_5_IT,212,4569.484129939351,-2477.299114733596
UCID0329,130093257876905031914088375563212636171,L4_5_IT,231,4969.484129939351,-2377.299114733596
UCID0330,142815914310946334082183548011010573783,L4_5_IT,61,5369.484129939351,-3477.299114733596
UCID0331,150857957978587921967903619754742640110,L4_5_IT,33,4269.484129939351,-3577.299114733596
UCID0332,97505681187474349327322612327271699397,L4_5_IT,21,4369.484129939351,-3677.299114733596
UCID0333,9637593371317331613703614239451532005,L4_5_IT,214,4769.484129939351,-2477.299114733596
UCID0334,55288359906222412259974955637846876210,L4_5_IT,195,4469.484129939351,-2577.299114733596
UCID0335,178774615590037510950255137960659181616,L4_5_IT,267,4969.484129939351,-2077.299114733596
UCID0336,195745494466049728972117587478748638461,L4_5_IT,179,4369.484129939351,-2677.299114733596
UCID0337,269166419737790959198910492593856425798,L4_5_IT,131,4269.484129939351,-2977.299114733596
UCID0338,7631632542996256600794435639731167456,L4_5_IT,17,3969.484129939351,-3677.299114733596
UCID0339,175965267282931199179587284287238068367,L4_5_IT,44,5369.484129939351,-3577.299114733596
UCID0340,207238736522445875335190659847268401529,L4_5_IT,286,4869.484129939351,-1877.299114733596
UCID0341,336831717341111978320424782115771440289,L4_5_IT,255,4869.484129939351,-2177.299114733596
UCID0342,198353818216168621315466480238641977001,L4_5_IT,225,4369.484129939351,-2377.299114733596
UCID0343,136206811681965737973450650626289432726,L4_5_IT,299,5269.484129939351,-1777.299114733596
UCID0344,187657363980162523861525537898125840113,L4_5_IT,178,4269.484129939351,-2677.299114733596
UCID0345,329204442395867140668637058943592292471,L4_5_IT,103,4869.484129939351,-3177.299114733596
UCID0346,269778481811470817688505875603070050668,L4_5_IT,97,4169.484129939351,-3177.299114733596
UCID0347,310794474279529370086248646840907380898,L4_5_IT,103,4869.484129939351,-3177.299114733596
UCID0348,240701162264347045030042637320481426036,L4_5_IT,258,5169.484129939351,-2177.299114733596
UCID0349,337002778753364237732145551205987164738,L4_5_IT,34,4369.484129939351,-3577.299114733596
UCID0350,262365583773435747938949512678760111125,L4_5_IT,165,4569.484129939351,-2777.299114733596
UCID0351,254723534168120834377117798152550541008,L4_5_IT,81,4269.484129939351,-3277.299114733596
UCID0352,52596842076104876026387686102333897672,L4_5_IT,246,5069.484129939351,-2277.299114733596
UCID0353,66907913253252566345123396402180938014,L4_5_IT,227,4569.484129939351,-2377.299114733596
UCID0354,327965834966462057166383841446182322287,L4_5_IT,271,5369.484129939351,-2077.299114733596
UCID0355,217062940689251187452701831368253402436,L4_5_IT,77,3869.484129939351,-3277.299114733596
UCID0356,127256056688670489653732811199995752975,L4_5_IT,147,4369.484129939351,-2877.299114733596
UCID0357,8758775916708031083785522203818587539,L4_5_IT,96,4069.484129939351,-3177.299114733596
UCID0358,145336212390777520723568164044114634680,L4_5_IT,32,4169.484129939351,-3577.299114733596
UCID0359,64021701028083930428705314076264224231,L4_5_IT,133,4469.484129939351,-2977.299114733596
UCID0360,328431251919596143179830554700612166676,L4_5_IT,211,4469.484129939351,-2477.299114733596
UCID0361,315063910797697960213882951230705533046,L4_5_IT,228,4669.484129939351,-2377.299114733596
UCID0362,271873607027846569771428130386843258049,L4_5_IT,287,4969.484129939351,-1877.299114733596
UCID0363,265451734705510901556475893016390885164,L4_5_IT,35,4469.484129939351,-3577.299114733596
UCID0364,46854179307853019634940341396885562860,L4_5_IT,180,4469.484129939351,-2677.299114733596
UCID0365,60666260394326246761345720373996507106,L4_5_IT,291,5369.484129939351,-1877.299114733596
UCID0366,48135393178353482317447314553350652082,L5_IT,280,5269.484129939351,-1977.299114733596
UCID0367,41985383256629311899122295528889688088,L5_IT,22,4469.484129939351,-3677.299114733596
UCID0368,197795733008343022845460893409560492601,L5_IT,171,5269.484129939351,-2777.299114733596
UCID0369,46856761343796126296200960024518081575,L5_IT,5,4069.484129939351,-3877.299114733596
UCID0370,134165775345181660761552125904454753211,L5_IT,51,4369.484129939351,-3477.299114733596
UCID0371,218930187745883548942751413933534943472,L5_IT,133,4469.484129939351,-2977.299114733596
UCID0372,263081215183413967777247077384391752182,L5_IT,89,5069.484129939351,-3277.299114733596
UCID0373,23415657504930431840212508695739894544,L5_IT,79,4069.484129939351,-3277.299114733596
UCID0374,46732427734100446105771261378929284855,L5_IT,55,4769.484129939351,-3477.299114733596
UCID0375,339523602818395528202624862221307103840,L5_IT,271,5369.484129939351,-2077.299114733596
UCID0376,149537272889930861783960004135555517746,L5_IT,118,4669.484129939351,-3077.299114733596
UCID0377,303634369895522994830785886409704155764,L5_IT,68,4669.484129939351,-3377.299114733596
UCID0378,221005898794577785445957976995565596737,L5_IT,88,4969.484129939351,-3277.299114733596
UCID0379,148234738732530135462790660177264253253,L5_IT,105,5069.484129939351,-3177.299114733596
UCID0380,116360534608654145303047179988853011553,L5_IT,71,4969.484129939351,-3377.299114733596
UCID0381,94961178682559743724062944064085575905,L5_IT,208,4169.484129939351,-2477.299114733596
UCID0382,108274124250724938136099916916004956980,L5_IT,91,5269.484129939351,-3277.299114733596
UCID0383,61763211301007246819793749334991665936,L5_IT,116,4469.484129939351,-3077.299114733596
UCID0384,108797534421156438692942660118952470682,L5_IT,161,4169.484129939351,-2777.299114733596
UCID0385,138857097134129236094278311488556021934,L5_IT,51,4369.484129939351,-3477.299114733596
UCID0386,283850806002608427830446500992070505352,L5_IT,172,5369.484129939351,-2777.299114733596
UCID0387,90877613297369494448010823899945539737,L5_IT,34,4369.484129939351,-3577.299114733596
UCID0388,115468292279693937639580468097605500356,L5_IT,143,3969.484129939351,-2877.299114733596
UCID0389,181265709752889289262222149484739419545,L5_IT,223,4169.484129939351,-2377.299114733596
UCID0390,210343815576704217582548848765540901624,L5_IT,225,4369.484129939351,-2377.299114733596
UCID0391,5323685214300154986380418259871027495,L5_IT,167,4869.484129939351,-2777.299114733596
UCID0392,286421305624972004611108847271270279357,L5_IT,131,4269.484129939351,-2977.299114733596
UCID0393,170632657282727419232486260438336320836,L5_IT,290,5269.484129939351,-1877.299114733596
UCID0394,149556575385234449934194157737411193451,L5_IT,270,5269.484129939351,-2077.299114733596
UCID0395,302392505312065842984227669999149764171,L5_IT,18,4069.484129939351,-3677.299114733596
UCID0396,172487082765263325854513421019566029718,L5_IT,9,4369.484129939351,-3777.299114733596
UCID0397,210602163180267369301761408276106234698,L5_IT,232,5069.484129939351,-2377.299114733596
UCID0398,170614080300668362674008706970744483855,L5_IT,56,4869.484129939351,-3477.299114733596
UCID0399,143137810729911228060445384600442838365,L5_IT,56,4869.484129939351,-3477.299114733596
UCID0400,290281118800574328128063396819739286229,L5_IT,178,4269.484129939351,-2677.299114733596
UCID0401,270535831321073679817064057079063937882,L5_IT,251,4469.484129939351,-2177.299114733596
UCID0402,3689412218577160422121539388448719173,L5_IT,200,4969.484129939351,-2577.299114733596
UCID0403,233951545743315384053840710074597759372,L5_IT,137,4869.484129939351,-2977.299114733596
UCID0404,99336778319699403237293638342022793198,L5_IT,9,4369.484129939351,-3777.299114733596
UCID0405,214249812150852468931664727663705348987,L5_IT,75,5369.484129939351,-3377.299114733596
UCID0406,312577103238715024230892866171153819411,L5_IT,165,4569.484129939351,-2777.299114733596
UCID0407,242890438502805682280887905823744918050,L5_IT,98,4269.484129939351,-3177.299114733596
UCID0408,142137939059438502412978552510620281516,L5_IT,166,4769.484129939351,-2777.299114733596
UCID0409,192011918206508207090533677664741045752,L5_IT,252,4569.484129939351,-2177.299114733596
UCID0410,245334794355182897177972886553243718427,L5_IT,263,4569.484129939351,-2077.299114733596
UCID0411,79193421240958868506875368049432763404,L5_IT,168,4969.484129939351,-2777.299114733596
UCID0412,113015584550779531163776348983846463166,L5_IT,184,4869.484129939351,-2677.299114733596
UCID0413,10551633534698854195667512244395380368,L5_IT,39,4869.484129939351,-3577.299114733596
UCID0414,88329771254635614466144669079839225130,L5_IT,37,4669.484129939351,-3577.299114733596
UCID0415,245643280522646936512011568301670863721,L5_IT,35,4469.484129939351,-3577.299114733596
UCID0416,66203195875479559774319258947431334748,L5_IT,284,4669.484129939351,-1877.299114733596
UCID0417,275600243081933717322557291970055902574,L5_IT,259,5269.484129939351,-2177.299114733596
UCID0418,24124141855877966325494764543636712201,L5_IT,240,4469.484129939351,-2277.299114733596
UCID0419,278688759675084938625700962254755141483,L5_IT,197,4669.484129939351,-2577.299114733596
UCID0420,123651558367263274671788797463480479905,L5_IT,136,4769.484129939351,-2977.299114733596
UCID0421,49890306820383459883601426857176729295,L5_IT,136,4769.484129939351,-2977.299114733596
UCID0422,58109160643642232293863994137619893834,L5_IT,251,4469.484129939351,-2177.299114733596
UCID0423,303596985174272598708340701414807530632,L5_IT,7,4069.484129939351,-3777.299114733596
UCID0424,149404488892218434989203654587277276763,L5_IT,217,5069.484129939351,-2477.299114733596
UCID0425,213903262597477129506509918389363056605,L5_IT,165,4569.484129939351,-2777.299114733596
UCID0426,193154757483980202434543513399051762694,L5_IT,196,4569.484129939351,-2577.299114733596
UCID0427,8769866146770029429350112582622233211,L5_IT,47,3969.484129939351,-3477.299114733596
UCID0428,309483713188744628216166547970939736064,L5_IT,34,4369.484129939351,-3577.299114733596
UCID0429,259749213939449533232357351441275084059,L5_IT,104,4969.484129939351,-3177.299114733596
UCID0430,216128315116734539645486728609757685990,L5_IT,32,4169.484129939351,-3577.299114733596
UCID0431,177893981711806573681871134252202831822,L5_IT,106,5169.484129939351,-3177.299114733596
UCID0432,9890426271537929519668897146543189303,L5_IT,285,4769.484129939351,-1877.299114733596
UCID0433,58159711341115589866710514329990057945,L5_IT,18,4069.484129939351,-3677.299114733596
UCID0434,238461896816902500840592737643062845663,L5_IT,91,5269.484129939351,-3277.299114733596
UCID0435,187651327731484490191113341972572266008,L5_IT,106,5169.484129939351,-3177.299114733596
UCID0436,212249689641002311232112974061331854190,L5_IT,259,5269.484129939351,-2177.299114733596
UCID0437,26286157188496008293797044054560338169,L5_IT,38,4769.484129939351,-3577.299114733596
UCID0438,98271388580920339235371961934725691028,L5_IT,305,5169.484129939351,-1677.299114733596
UCID0439,221347126599459228342222180131739395646,L5_IT,295,4869.484129939351,-1777.299114733596
UCID0440,13608072024613191740099826438791010701,L5_IT,171,5269.484129939351,-2777.299114733596
UCID0441,299063104999282886683634579075108781751,L5_IT,71,4969.484129939351,-3377.299114733596
UCID0442,83488360454356116254868061314417875852,L5_IT,98,4269.484129939351,-3177.299114733596
UCID0443,253260428651841073756532533295568991528,L5_IT,231,4969.484129939351,-2377.299114733596
UCID0444,200176947480992096613033130067496255135,L5_IT,52,4469.484129939351,-3477.299114733596
UCID0445,274346942698840517002815891039644376351,L5_IT,59,5169.484129939351,-3477.299114733596
UCID0446,42011176590816841326008920761075935906,L5_IT,281,5369.484129939351,-1977.299114733596
UCID0447,115649657957276728000663534863414810348,L5_IT,208,4169.484129939351,-2477.299114733596
UCID0448,249416685901278024491957511078563602127,L5_IT,183,4769.484129939351,-2677.299114733596
UCID0449,180997864380540445836885270186792273400,L5_IT,167,4869.484129939351,-2777.299114733596
UCID0450,49130022169036320308530140058336412646,L5_IT,302,4869.484129939351,-1677.299114733596
UCID0451,236117388510051057031376554655753324764,L5_IT,167,4869.484129939351,-2777.299114733596
UCID0452,211763599979790354210386447266270630050,L5_IT,72,5069.484129939351,-3377.299114733596
UCID0453,252170690609478266675745252467363679032,L5_IT,182,4669.484129939351,-2677.299114733596
UCID0454,6023029883094486660283898505992692473,L5_IT,128,3969.484129939351,-2977.299114733596
UCID0455,139435307251601400188706986820495906760,L5_IT,104,4969.484129939351,-3177.299114733596
UCID0456,333843123404663149390958461406916119423,L5_IT,183,4769.484129939351,-2677.299114733596
UCID0457,195010175531864656155115039678806192632,L5_IT,203,5269.484129939351,-2577.299114733596
UCID0458,109954044161674160190207731932603690078,L5_IT,24,4669.484129939351,-3677.299114733596
UCID0459,210711684655511362465007909350443190511,L5_IT,196,4569.484129939351,-2577.299114733596
UCID0460,279009156995296531101176684095700985525,L5_IT,55,4769.484129939351,-3477.299114733596
UCID0461,127533116073434910547478815955004171081,L5_IT,123,5269.484129939351,-3077.299114733596
UCID0462,159584741646485200126598075678142167166,L5_IT,94,3869.484129939351,-3177.299114733596
UCID0463,89586167578779823113119949524366177057,L5_IT,197,4669.484129939351,-2577.299114733596
UCID0464,63894698472817626371630388973866996601,L5_IT,29,3869.484129939351,-3577.299114733596
UCID0465,114544211949302988408801432728450858233,L5_IT,29,3869.484129939351,-3577.299114733596
UCID0466,95994547841134185659662009148535110708,L5_IT,42,5169.484129939351,-3577.299114733596
UCID0467,114645685928948092456182227846714102440,L5_IT,248,5269.484129939351,-2277.299114733596
UCID0468,54640021574003981856382277785603171035,L5_IT,231,4969.484129939351,-2377.299114733596
UCID0469,334568166890995509433503586443262352428,L5_IT,132,4369.484129939351,-2977.299114733596
UCID0470,101850681050949321874175106772440276305,L5_IT,202,5169.484129939351,-2577.299114733596
UCID0471,166584180678958667347811536470910080431,L5_IT,195,4469.484129939351,-2577.299114733596
UCID0472,268675715980188136991221840085443058936,L5_IT,171,5269.484129939351,-2777.299114733596
UCID0473,276328520180971028159894292041083195210,L5_IT,270,5269.484129939351,-2077.299114733596
UCID0474,176373849568405544389809219376642488979,L5_IT,81,4269.484129939351,-3277.299114733596
UCID0475,40110316403953838168831350325205078290,L5_IT,92,5369.484129939351,-3277.299114733596
UCID0476,205698209752450653501734928642037042735,L5_IT,208,4169.484129939351,-2477.299114733596
UCID0477,28947558125306342782654158603274760479,L5_IT,26,4869.484129939351,-3677.299114733596
UCID0478,289040157378404666909129007932776138318,L5_IT,33,4269.484129939351,-3577.299114733596
UCID0479,129245815825030201740953982718545610999,L5_IT,197,4669.484129939351,-2577.299114733596
UCID0480,11753332869989170644041445786886323639,L5_IT,53,4569.484129939351,-3477.299114733596
UCID0481,47701150395585206084597684900585728273,L5_IT,307,5369.484129939351,-1677.299114733596
UCID0482,336553787442607144480749440039331203692,L5_IT,50,4269.484129939351,-3477.299114733596
UCID0483,277390731878765980606668007185425779360,L5_IT,56,4869.484129939351,-3477.299114733596
UCID0484,172104002352391939202679132565587823591,L5_IT,121,4969.484129939351,-3077.299114733596
UCID0485,314557629210959081733976889652202489555,L5_IT,74,5269.484129939351,-3377.299114733596
UCID0486,214800621510754891939192720679552034592,L5_IT,248,5269.484129939351,-2277.299114733596
UCID0487,251533420772024020908509141381337347391,L5_IT,258,5169.484129939351,-2177.299114733596
UCID0488,135890966195005321943096737938038700214,L5_IT,9,4369.484129939351,-3777.299114733596
UCID0489,36178382628609835576567691757630083469,L5_IT,230,4869.484129939351,-2377.299114733596
UCID0490,274101371551891033765624465354598795786,L5_IT,44,5369.484129939351,-3577.299114733596
UCID0491,127761794139779112933324032790109575676,L5_IT,305,5169.484129939351,-1677.299114733596
UCID0492,126326361039643540186520670197887494165,L5_IT,140,5169.484129939351,-2977.299114733596
UCID0493,282089317172609349062562755406796822383,L5_IT,134,4569.484129939351,-2977.299114733596
UCID0494,289507027245274556993489286922644826307,L5_IT,271,5369.484129939351,-2077.299114733596
UCID0495,64415421891455983420054593584732558198,L5_IT,233,5169.484129939351,-2377.299114733596
UCID0496,167185509285442532681789995680596718279,L5_IT,277,4969.484129939351,-1977.299114733596
UCID0497,118745106734353639898852478923721352651,L5_IT,75,5369.484129939351,-3377.299114733596
UCID0498,259482519788064459962622517516272594798,L5_IT,240,4469.484129939351,-2277.299114733596
UCID0499,215077905814959101376384517783954121790,L5_IT,90,5169.484129939351,-3277.299114733596
UCID0500,284773233616140150700566645518825814941,L5_IT,160,4069.484129939351,-2777.299114733596
UCID0501,23608476622387473220496368949731522233,L5_IT,72,5069.484129939351,-3377.299114733596
UCID0502,166709651166843606395749557846276692009,L5_IT,103,4869.484129939351,-3177.299114733596
UCID0503,4971936995887533450516635400962148656,L5_IT,113,4169.484129939351,-3077.299114733596
UCID0504,64362415556280052385186216624347966783,L5_IT,214,4769.484129939351,-2477.299114733596
UCID0505,291970792857598238493120506694546238516,L5_IT,124,5369.484129939351,-3077.299114733596
UCID0506,220508113017511323589400775249131783392,L5_IT,241,4569.484129939351,-2277.299114733596
UCID0507,38687307407584829229846836165958562887,L5_IT,39,4869.484129939351,-3577.299114733596
UCID0508,109081429709921968706565985046875319820,L5_IT,140,5169.484129939351,-2977.299114733596
UCID0509,89791793735980263757543153993751310471,L5_IT,15,4969.484129939351,-3777.299114733596
UCID0510,169396367621972724242110705496271832598,L5_IT,104,4969.484129939351,-3177.299114733596
UCID0511,240422629899009151479210488092417512404,L5_IT,80,4169.484129939351,-3277.299114733596
UCID0512,252907334114040509991503793710820791982,L5_IT,170,5169.484129939351,-2777.299114733596
UCID0513,320006507451111303691289940459921788406,L5_IT,176,4069.484129939351,-2677.299114733596
UCID0514,266790303415672703091824575837392623706,L5_IT,22,4469.484129939351,-3677.299114733596
UCID0515,255238669559470077550583545955431207820,L5_IT,91,5269.484129939351,-3277.299114733596
UCID0516,284037218975187793513475951652100449051,L5_IT,56,4869.484129939351,-3477.299114733596
UCID0517,295317948837582638238848170271544236741,L5_IT,10,4469.484129939351,-3777.299114733596
UCID0518,166827220730885846051975728154507449750,L5_IT,117,4569.484129939351,-3077.299114733596
UCID0519,47023534548456017450049473057729166500,L5_IT,150,4669.484129939351,-2877.299114733596
UCID0520,219568767103261904455672599706383818923,L5_IT,140,5169.484129939351,-2977.299114733596
UCID0521,133636846934244141120549413601344497120,L5_IT,70,4869.484129939351,-3377.299114733596
UCID0522,112891032485237215166595891511319366603,L5_IT,18,4069.484129939351,-3677.299114733596
UCID0523,44098066544434194411228817893344610897,L5_IT,65,4269.484129939351,-3377.299114733596
UCID0524,36080109397104648082948071160307625860,L5_IT,279,5169.484129939351,-1977.299114733596
UCID0525,153054382360013502804528184740000704271,L5_IT,17,3969.484129939351,-3677.299114733596
UCID0526,153851362163303761455959489699111105934,L5_IT,219,5269.484129939351,-2477.299114733596
UCID0527,113627499829741100720568583033452052117,L5_IT,70,4869.484129939351,-3377.299114733596
UCID0528,253772377763655930048377726310893354279,L5_IT,103,4869.484129939351,-3177.299114733596
UCID0529,99251468401452935313158719077740209430,L5_IT,32,4169.484129939351,-3577.299114733596
UCID0530,272996199988559268639614932135838218004,L5_IT,18,4069.484129939351,-3677.299114733596
UCID0531,220851684290227519036893532079847059702,L5_IT,52,4469.484129939351,-3477.299114733596
UCID0532,266281285962532142577179931462281832890,L5_IT,9,4369.484129939351,-3777.299114733596
UCID0533,220145526382094032245049482297785884522,L5_IT,215,4869.484129939351,-2477.299114733596
UCID0534,329544511082009062512498310763557609763,L5_IT,269,5169.484129939351,-2077.299114733596
UCID0535,272982678622663705927085518047341582598,L5_IT,118,4669.484129939351,-3077.299114733596
UCID0536,337818924971453587796487957280246108963,L5_IT,91,5269.484129939351,-3277.299114733596
UCID0537,313090174651437220322867159995275073600,L5_IT,198,4769.484129939351,-2577.299114733596
UCID0538,61517632700182700066120784702159610901,L5_IT,198,4769.484129939351,-2577.299114733596
UCID0539,173087680758843794395720535940577092094,L5_IT,33,4269.484129939351,-3577.299114733596
UCID0540,135302794711924507440611556432116572944,L5_IT,197,4669.484129939351,-2577.299114733596
UCID0541,154730345341719759029059507666035220379,L5_IT,172,5369.484129939351,-2777.299114733596
UCID0542,324917029215228031422731649876050373715,L5_IT,165,4569.484129939351,-2777.299114733596
UCID0543,88084063613755703710375260080660967787,L5_IT,183,4769.484129939351,-2677.299114733596
UCID0544,24926145834061714853595931246941559654,L5_IT,215,4869.484129939351,-2477.299114733596
UCID0545,42523179009011594394547283382447201430,L5_IT,220,5369.484129939351,-2477.299114733596
UCID0546,226901076161107747914859279511102230091,L5_IT,146,4269.484129939351,-2877.299114733596
UCID0547,102762764961926665751220904445159421327,L5_IT,137,4869.484129939351,-2977.299114733596
UCID0548,113614691150312190564543841581869508651,L5_IT,9,4369.484129939351,-3777.299114733596
UCID0549,66238049277191927103882222231718182505,L2_3_IT,7,4069.484129939351,-3777.299114733596
UCID0550,236366012408799442211188006006012522132,L2_3_IT,62,3869.484129939351,-3377.299114733596
UCID0551,326872599324240102909348559460908413430,L2_3_IT,129,4069.484129939351,-2977.299114733596
UCID0552,150226494654285793659367348716471372631,L2_3_IT,226,4469.484129939351,-2377.299114733596
UCID0553,331849943619963725327926947693018184620,L2_3_IT,36,4569.484129939351,-3577.299114733596
UCID0554,14634284487931265539315728715956196408,L2_3_IT,94,3869.484129939351,-3177.299114733596
UCID0555,98045066771476326041493800969525067523,L2_3_IT,240,4469.484129939351,-2277.299114733596
UCID0556,199261253767595916367400050703060799135,L2_3_IT,77,3869.484129939351,-3277.299114733596
UCID0557,205420716523699111849108506570441123588,L2_3_IT,177,4169.484129939351,-2677.299114733596
UCID0558,252096144892239221311100697769238283194,L2_3_IT,208,4169.484129939351,-2477.299114733596
UCID0559,320486187229120575581152850295791069015,L2_3_IT,46,3869.484129939351,-3477.299114733596
UCID0560,252955999213627108032678523148016277571,L2_3_IT,185,4969.484129939351,-2677.299114733596
UCID0561,161135214896979562575082481900227787423,L2_3_IT,253,4669.484129939351,-2177.299114733596
UCID0562,3481468923443477044619763465568447317,L2_3_IT,306,5269.484129939351,-1677.299114733596
UCID0563,135663612377688980529835436854912122964,L2_3_IT,278,5069.484129939351,-1977.299114733596
UCID0564,18766048344253459172497780524947077395,L2_3_IT,192,4069.484129939351,-2577.299114733596
UCID0565,28992784470211272700009078752492461864,L2_3_IT,273,4569.484129939351,-1977.299114733596
UCID0566,104967994236261301881635103946587746438,L2_3_IT,246,5069.484129939351,-2277.299114733596
UCID0567,163112121924518435847200298199637020492,L2_3_IT,80,4169.484129939351,-3277.299114733596
UCID0568,304330190355318963200812316588404751002,L2_3_IT,273,4569.484129939351,-1977.299114733596
UCID0569,2201340343603051067307180304875142027,L2_3_IT,305,5169.484129939351,-1677.299114733596
UCID0570,296839585596796825688390052784177543908,L2_3_IT,172,5369.484129939351,-2777.299114733596
UCID0571,50572739533140977148945863167417810113,L2_3_IT,306,5269.484129939351,-1677.299114733596
UCID0572,267501697760387566742962928378678259337,L2_3_IT,46,3869.484129939351,-3477.299114733596
UCID0573,62445983564850450424099890574877027581,L2_3_IT,275,4769.484129939351,-1977.299114733596
UCID0574,46499970126523576871399789426442936994,L2_3_IT,192,4069.484129939351,-2577.299114733596
UCID0575,80475293898218445587400235442067458903,L2_3_IT,266,4869.484129939351,-2077.299114733596
UCID0576,185227120045047143247995575387970089144,L2_3_IT,133,4469.484129939351,-2977.299114733596
UCID0577,188461502087251337924236480156335924319,L2_3_IT,300,5369.484129939351,-1777.299114733596
UCID0578,218910457742360337946927296606531398472,L2_3_IT,231,4969.484129939351,-2377.299114733596
UCID0579,294377170599240995999583638047954051457,L2_3_IT,44,5369.484129939351,-3577.299114733596
UCID0580,62975847516071757718090019233349930092,L2_3_IT,284,4669.484129939351,-1877.299114733596
UCID0581,28685329259980853150232337008874910045,L2_3_IT,276,4869.484129939351,-1977.299114733596
UCID0582,183403223834359224406265050032730689777,L2_3_IT,182,4669.484129939351,-2677.299114733596
UCID0583,73156159375114670110424620346953980202,L2_3_IT,240,4469.484129939351,-2277.299114733596
UCID0584,259996002230123963953050925470057360120,L2_3_IT,62,3869.484129939351,-3377.299114733596
UCID0585,228204529905426334493795835728834405800,L2_3_IT,34,4369.484129939351,-3577.299114733596
UCID0586,318363192350807476820874015862133620773,L2_3_IT,146,4269.484129939351,-2877.299114733596
UCID0587,34564537800209132315012338147596769813,L2_3_IT,269,5169.484129939351,-2077.299114733596
UCID0588,79958672979505124864633742237969017980,L2_3_IT,127,3869.484129939351,-2977.299114733596
UCID0589,51652958228377506426712340356980036236,L2_3_IT,264,4669.484129939351,-2077.299114733596
UCID0590,204911601306701675119638688472589254927,L2_3_IT,209,4269.484129939351,-2477.299114733596
UCID0591,48761651496216071629496459073802461640,L2_3_IT,192,4069.484129939351,-2577.299114733596
UCID0592,178906103991680892051855996835059376167,L2_3_IT,43,5269.484129939351,-3577.299114733596
UCID0593,123382764247081025984080635522779187003,L2_3_IT,12,4669.484129939351,-3777.299114733596
UCID0594,129348976078931294590302679552803657489,L2_3_IT,138,4969.484129939351,-2977.299114733596
UCID0595,298960462300819576307383799164814197037,L2_3_IT,93,3769.484129939351,-3177.299114733596
UCID0596,48312227166047597723934569297970245783,L2_3_IT,97,4169.484129939351,-3177.299114733596
UCID0597,242512352053164719198309980445810496380,L2_3_IT,234,5269.484129939351,-2377.299114733596
UCID0598,156987810981048050136771333718570727480,L2_3_IT,77,3869.484129939351,-3277.299114733596
UCID0599,8087698575955693192148550457548084474,L2_3_IT,138,4969.484129939351,-2977.299114733596
UCID0600,173011102441921534044789459271974450927,L2_3_IT,284,4669.484129939351,-1877.299114733596
UCID0601,218765490346024823404881384744037801411,L2_3_IT,169,5069.484129939351,-2777.299114733596
UCID0602,21496998368143374969535349799096364783,L2_3_IT,209,4269.484129939351,-2477.299114733596
UCID0603,67020745725562266308791393316984508672,L2_3_IT,274,4669.484129939351,-1977.299114733596
UCID0604,215610393121655748935342203452356554612,L2_3_IT,275,4769.484129939351,-1977.299114733596
UCID0605,314925749576977026837427519721173845933,L2_3_IT,36,4569.484129939351,-3577.299114733596
UCID0606,243207153461579160277457239314669060185,L2_3_IT,82,4369.484129939351,-3277.299114733596
UCID0607,159243855812976968549212623884181313380,L2_3_IT,188,5269.484129939351,-2677.299114733596
UCID0608,704076923888206196347917919768552408,L2_3_IT,235,5369.484129939351,-2377.299114733596
UCID0609,76818821188400065011763524067709959272,L2_3_IT,289,5169.484129939351,-1877.299114733596
UCID0610,28010360627971040413867749602360184724,L2_3_IT,54,4669.484129939351,-3477.299114733596
UCID0611,3321741841989950780154234011010671975,L2_3_IT,278,5069.484129939351,-1977.299114733596
UCID0612,134693850265133933854117614965025288794,L2_3_IT,86,4769.484129939351,-3277.299114733596
UCID0613,146050488192793020217548783125293575835,L2_3_IT,252,4569.484129939351,-2177.299114733596
UCID0614,338990954624100774824522074855139356607,L2_3_IT,111,3969.484129939351,-3077.299114733596
UCID0615,299208212461667167524820228738276132565,L2_3_IT,77,3869.484129939351,-3277.299114733596
UCID0616,322858185923341934726134977889663967972,L2_3_IT,241,4569.484129939351,-2277.299114733596
UCID0617,245625383313344196686444325606134199295,L2_3_IT,285,4769.484129939351,-1877.299114733596
UCID0618,162860206477215002558719075370235151513,L2_3_IT,167,4869.484129939351,-2777.299114733596
UCID0619,155704507223254830187078998553977908856,L2_3_IT,278,5069.484129939351,-1977.299114733596
UCID0620,196252796145617413921798632468458172006,L2_3_IT,18,4069.484129939351,-3677.299114733596
UCID0621,264301394577228427108960414138638738121,L2_3_IT,159,3969.484129939351,-2777.299114733596
UCID0622,178249963499105942146149682050865000148,L2_3_IT,294,4769.484129939351,-1777.299114733596
UCID0623,322260454034433225220522397183495971410,L2_3_IT,295,4869.484129939351,-1777.299114733596
UCID0624,124444904463190927536581497141715891127,L2_3_IT,193,4269.484129939351,-2577.299114733596
UCID0625,87179693360668948938682015610026921643,L2_3_IT,129,4069.484129939351,-2977.299114733596
UCID0626,61425470457824641290517825441616286284,L2_3_IT,235,5369.484129939351,-2377.299114733596
UCID0627,250890052514090064696083074578150126940,L2_3_IT,12,4669.484129939351,-3777.299114733596
UCID0628,45218884426043572732351958897516545123,L2_3_IT,286,4869.484129939351,-1877.299114733596
UCID0629,233737916685181874367461761140008924598,L2_3_IT,95,3969.484129939351,-3177.299114733596
UCID0630,248151723838223272846056044404866191065,L2_3_IT,185,4969.484129939351,-2677.299114733596
UCID0631,299322482950695259758527729815098821180,L2_3_IT,111,3969.484129939351,-3077.299114733596
UCID0632,158925780555936113414126388127599846019,L2_3_IT,172,5369.484129939351,-2777.299114733596
UCID0633,310088350707351713044141633362975013881,L2_3_IT,192,4069.484129939351,-2577.299114733596
UCID0634,118069671748779428174908855903792626998,L2_3_IT,285,4769.484129939351,-1877.299114733596
UCID0635,301767819756953289887549522514207001361,L2_3_IT,21,4369.484129939351,-3677.299114733596
UCID0636,136062466063109325091050592045289497613,L2_3_IT,273,4569.484129939351,-1977.299114733596
UCID0637,197141744663770520735901088384839891171,L2_3_IT,54,4669.484129939351,-3477.299114733596
UCID0638,41216569122407555765714464118438951913,L2_3_IT,12,4669.484129939351,-3777.299114733596
UCID0639,139147386013940944973541662304819858681,L2_3_IT,287,4969.484129939351,-1877.299114733596
UCID0640,201204736238305937063107853667771802426,L2_3_IT,254,4769.484129939351,-2177.299114733596
UCID0641,133956340037553601175543842713259668345,L2_3_IT,296,4969.484129939351,-1777.299114733596
UCID0642,150596284671765730645425607474088521486,L2_3_IT,182,4669.484129939351,-2677.299114733596
UCID0643,36404860872086531807889723149180336901,L2_3_IT,109,3769.484129939351,-3077.299114733596
UCID0644,54583937305150298908278460779789712816,L2_3_IT,57,4969.484129939351,-3477.299114733596
UCID0645,132840832787353349499745996441921257091,L2_3_IT,241,4569.484129939351,-2277.299114733596
UCID0646,270793516712003153713463803051600299309,L2_3_IT,161,4169.484129939351,-2777.299114733596
UCID0647,190191326902612676733885702119362389564,L2_3_IT,224,4269.484129939351,-2377.299114733596
UCID0648,247698467271083901036215027896437820375,L2_3_IT,177,4169.484129939351,-2677.299114733596
UCID0649,266015222806938212336380434823028974878,L2_3_IT,264,4669.484129939351,-2077.299114733596
UCID0650,251419218979514092768976646330882459035,L2_3_IT,80,4169.484129939351,-3277.299114733596
UCID0651,67780315843296030562229607791361052740,L2_3_IT,266,4869.484129939351,-2077.299114733596
UCID0652,224025605695945555195317564494247626764,L2_3_IT,175,3969.484129939351,-2677.299114733596
UCID0653,8990728273654431114397837209291861861,L2_3_IT,127,3869.484129939351,-2977.299114733596
UCID0654,146522578791024958217160711706172964556,L2_3_IT,241,4569.484129939351,-2277.299114733596
UCID0655,38423658359677449096149035485560599994,L2_3_IT,138,4969.484129939351,-2977.299114733596
UCID0656,291073954632244594577986921455396050970,L2_3_IT,242,4669.484129939351,-2277.299114733596
UCID0657,176075898992028652505098581038810833832,L2_3_IT,79,4069.484129939351,-3277.299114733596
UCID0658,144312193681345162143042165904903504548,L2_3_IT,37,4669.484129939351,-3577.299114733596
UCID0659,265753212203412244017149262881872207488,L2_3_IT,160,4069.484129939351,-2777.299114733596
UCID0660,335621410636869919515921628770220309768,L2_3_IT,20,4269.484129939351,-3677.299114733596
UCID0661,305418347378656265181359577707202330550,L2_3_IT,276,4869.484129939351,-1977.299114733596
UCID0662,257605778693459187102071064318582120351,L2_3_IT,296,4969.484129939351,-1777.299114733596
UCID0663,143355025948092430141548479951644198776,L2_3_IT,296,4969.484129939351,-1777.299114733596
UCID0664,54680964005424698441250040837868532982,L2_3_IT,231,4969.484129939351,-2377.299114733596
UCID0665,212814191384639393836309933583902639344,L2_3_IT,199,4869.484129939351,-2577.299114733596
UCID0666,205724933000034666461818397748412863978,L2_3_IT,77,3869.484129939351,-3277.299114733596
UCID0667,193772624790458269608991994099609764307,L2_3_IT,254,4769.484129939351,-2177.299114733596
UCID0668,246760955577265923629934290723033534518,L2_3_IT,257,5069.484129939351,-2177.299114733596
UCID0669,318249282451788959157496120297108178665,L2_3_IT,296,4969.484129939351,-1777.299114733596
UCID0670,103205043405221891887187035103989199675,L2_3_IT,128,3969.484129939351,-2977.299114733596
UCID0671,168547962433238919565843946530873271572,L2_3_IT,273,4569.484129939351,-1977.299114733596
UCID0672,92437003359023407965855949133829003567,L2_3_IT,291,5369.484129939351,-1877.299114733596
UCID0673,2681149072328060831325302187255465994,L2_3_IT,279,5169.484129939351,-1977.299114733596
UCID0674,326760582360418790084712180229730039600,L2_3_IT,97,4169.484129939351,-3177.299114733596
UCID0675,113391787935580272578030166452825052154,L2_3_IT,224,4269.484129939351,-2377.299114733596
UCID0676,115858128044703910013460208017632998901,L2_3_IT,300,5369.484129939351,-1777.299114733596
UCID0677,41052860405522796550087474009677880281,L2_3_IT,224,4269.484129939351,-2377.299114733596
UCID0678,73945280512414250640562674476807250475,L2_3_IT,278,5069.484129939351,-1977.299114733596
UCID0679,190425607568654755591632525883896979324,L2_3_IT,117,4569.484129939351,-3077.299114733596
UCID0680,199294613784218956558582767360536083288,L2_3_IT,160,4069.484129939351,-2777.299114733596
UCID0681,173287906276786955869217704441799004863,L2_3_IT,62,3869.484129939351,-3377.299114733596
UCID0682,161139322288714107603589966585134442283,L2_3_IT,129,4069.484129939351,-2977.299114733596
UCID0683,208944798729872857410187219023942296058,L2_3_IT,175,3969.484129939351,-2677.299114733596
UCID0684,153269543778675948188991428610203101461,L2_3_IT,161,4169.484129939351,-2777.299114733596
UCID0685,309390994726615369673677833407016869321,L2_3_IT,79,4069.484129939351,-3277.299114733596
UCID0686,171298099021088610807467841909493923888,L2_3_IT,296,4969.484129939351,-1777.299114733596
UCID0687,204174289447641514460709195431279988646,L2_3_IT,276,4869.484129939351,-1977.299114733596
UCID0688,218542620642993450663185722369595269808,L2_3_IT,209,4269.484129939351,-2477.299114733596
UCID0689,329465445689661282836786352684401009930,L2_3_IT,7,4069.484129939351,-3777.299114733596
UCID0690,71815225785014474262165568803906096342,L2_3_IT,235,5369.484129939351,-2377.299114733596
UCID0691,271078034034675416098079420229194886984,L2_3_IT,264,4669.484129939351,-2077.299114733596
UCID0692,160270891851298688926063222318406118482,L2_3_IT,39,4869.484129939351,-3577.299114733596
UCID0693,310999536924716895366496116999910654699,L2_3_IT,54,4669.484129939351,-3477.299114733596
UCID0694,237176218821375447597182048693599082909,L2_3_IT,62,3869.484129939351,-3377.299114733596
UCID0695,291440178102714992086306682754571109963,L2_3_IT,127,3869.484129939351,-2977.299114733596
UCID0696,26256028149336013788998903792312097491,L2_3_IT,295,4869.484129939351,-1777.299114733596
UCID0697,145155615789639917071218523721046218317,L2_3_IT,273,4569.484129939351,-1977.299114733596
UCID0698,174438512273544351874334500073302815711,L2_3_IT,77,3869.484129939351,-3277.299114733596
UCID0699,85822073435860827978766511494947663013,L2_3_IT,194,4369.484129939351,-2577.299114733596
UCID0700,248005005111144516756520761809261536314,L2_3_IT,253,4669.484129939351,-2177.299114733596
UCID0701,173046491719852806632962401562505731453,L2_3_IT,62,3869.484129939351,-3377.299114733596
UCID0702,208776376626168026403817460914058478046,L2_3_IT,218,5169.484129939351,-2477.299114733596
UCID0703,140573606855541448353510539599334320747,L2_3_IT,251,4469.484129939351,-2177.299114733596
UCID0704,113582173057573032061386619115107523837,L2_3_IT,306,5269.484129939351,-1677.299114733596
UCID0705,55698555218226570559180238933169257368,L2_3_IT,246,5069.484129939351,-2277.299114733596
UCID0706,322120815124313545723217559574299309180,L2_3_IT,109,3769.484129939351,-3077.299114733596
UCID0707,108756868308262204405703984776985604348,L2_3_IT,149,4569.484129939351,-2877.299114733596
UCID0708,6961741929893327605001309695934687548,L2_3_IT,192,4069.484129939351,-2577.299114733596
UCID0709,213540868501000653382753358737182718269,L2_3_IT,209,4269.484129939351,-2477.299114733596
UCID0710,149736735152191545990270851197500219765,L2_3_IT,193,4269.484129939351,-2577.299114733596
UCID0711,131160286661907426220240420924415825751,L2_3_IT,111,3969.484129939351,-3077.299114733596
UCID0712,91266649464330419770700632434959367740,L2_3_IT,262,4469.484129939351,-2077.299114733596
UCID0713,244190540634113818295234244885095711249,L2_3_IT,128,3969.484129939351,-2977.299114733596
UCID0714,323593684365110614586551519124073183911,L2_3_IT,130,4169.484129939351,-2977.299114733596
UCID0715,47773548692535328376883775097971156677,L2_3_IT,93,3769.484129939351,-3177.299114733596
UCID0716,267256085262879978774248893212522964613,L2_3_IT,296,4969.484129939351,-1777.299114733596
UCID0717,297606390543250200271974037166384613810,L2_3_IT,170,5169.484129939351,-2777.299114733596
UCID0718,45053880868872764351674799628513222667,L2_3_IT,239,4369.484129939351,-2277.299114733596
UCID0719,53216775206945859454882463625018421029,L2_3_IT,254,4769.484129939351,-2177.299114733596
UCID0720,223385310820566026885991414946600915276,L2_3_IT,129,4069.484129939351,-2977.299114733596
UCID0721,100710098199264639646181147670539642555,L2_3_IT,175,3969.484129939351,-2677.299114733596
UCID0722,74347703569415824165214140174637520789,L2_3_IT,286,4869.484129939351,-1877.299114733596
UCID0723,270116339285282280960830778920251100918,L2_3_IT,129,4069.484129939351,-2977.299114733596
UCID0724,273380175469521837384544766207790550131,L2_3_IT,306,5269.484129939351,-1677.299114733596
UCID0725,233963019274108983854201202644863171259,L2_3_IT,37,4669.484129939351,-3577.299114733596
UCID0726,217287685540695614844518899801566633133,L2_3_IT,94,3869.484129939351,-3177.299114733596
UCID0727,308934374726635883650216482517023997655,L2_3_IT,46,3869.484129939351,-3477.299114733596
UCID0728,252555738398232657630097886838219038761,L2_3_IT,285,4769.484129939351,-1877.299114733596
UCID0729,229215305681848895246510687224335846355,L2_3_IT,172,5369.484129939351,-2777.299114733596
UCID0730,323356801235808005931942191411986786120,L2_3_IT,306,5269.484129939351,-1677.299114733596
UCID0731,293720763600870689867995992592237710321,L2_3_IT,306,5269.484129939351,-1677.299114733596
UCID0732,141560096350640332137042735732348167140,L2_3_IT,192,4069.484129939351,-2577.299114733596
UCID0733,72785012760744129287917990744686678303,L2_3_IT,79,4069.484129939351,-3277.299114733596
UCID0734,70641743554905078489422880833824955355,L2_3_IT,160,4069.484129939351,-2777.299114733596
UCID0735,83596604238322091597083041074667369562,L2_3_IT,29,3869.484129939351,-3577.299114733596
UCID0736,317830368488346866627381008359942091177,L2_3_IT,46,3869.484129939351,-3477.299114733596
UCID0737,101947708619388374865955767260108748338,L2_3_IT,262,4469.484129939351,-2077.299114733596
UCID0738,55215075563751010380656060561761116807,L2_3_IT,160,4069.484129939351,-2777.299114733596
UCID0739,80181220315069275109242060911248254888,L2_3_IT,307,5369.484129939351,-1677.299114733596
UCID0740,170614221256058488425367137101035585961,L2_3_IT,242,4669.484129939351,-2277.299114733596
UCID0741,278067729279590690852774941772889916762,L2_3_IT,273,4569.484129939351,-1977.299114733596
UCID0742,299978300056647079923966196680340741983,L2_3_IT,208,4169.484129939351,-2477.299114733596
UCID0743,56109449857352553483645050457187159543,L2_3_IT,235,5369.484129939351,-2377.299114733596
UCID0744,338231797585771712105627035705914062498,L2_3_IT,240,4469.484129939351,-2277.299114733596
UCID0745,160705840486998145145526950289280113300,L2_3_IT,88,4969.484129939351,-3277.299114733596
UCID0746,338997985557860292318810713795256385975,L2_3_IT,151,4769.484129939351,-2877.299114733596
UCID0747,84493185896124744285090232005307309542,Endo,245,4969.484129939351,-2277.299114733596
UCID0748,43059862219998412118220341694754378794,Endo,61,5369.484129939351,-3477.299114733596
UCID0749,204142754575369218457141593176909446914,Endo,190,3869.484129939351,-2577.299114733596
UCID0750,267982373376885475342999886587117811519,Endo,268,5069.484129939351,-2077.299114733596
UCID0751,40243963211080738611633840264554523379,Endo,44,5369.484129939351,-3577.299114733596
UCID0752,102719174358977551803816356674924478310,Endo,43,5269.484129939351,-3577.299114733596
UCID0753,280503178067119983492246621615607033189,Endo,200,4969.484129939351,-2577.299114733596
UCID0754,62880368439879109100609746951839780765,Endo,309,5169.484129939351,-1577.299114733596
UCID0755,299945493493757233519050731778320049647,Endo,1,3769.484129939351,-3977.299114733596
UCID0756,29017357265684898146476792722386539900,Endo,253,4669.484129939351,-2177.299114733596
UCID0757,26072300136831033846078245102967525256,Endo,17,3969.484129939351,-3677.299114733596
UCID0758,8554321644276528976306950430821284326,Endo,277,4969.484129939351,-1977.299114733596
UCID0759,65546576192663752583802934844450685509,Endo,239,4369.484129939351,-2277.299114733596
UCID0760,13465599080073043197788787818158258788,Endo,218,5169.484129939351,-2477.299114733596
UCID0761,334318697460245615522550178574056441099,Endo,216,4969.484129939351,-2477.299114733596
UCID0762,221674964025880593116345721665163322969,Endo,239,4369.484129939351,-2277.299114733596
UCID0763,243126552767708659469325360512496364089,Endo,200,4969.484129939351,-2577.299114733596
UCID0764,112313649661708605822521386746740287770,Endo,295,4869.484129939351,-1777.299114733596
UCID0765,290213033972584748292311437516354026662,Endo,193,4269.484129939351,-2577.299114733596
UCID0766,176796174087339570997599952427966667218,Endo,206,3969.484129939351,-2477.299114733596
UCID0767,285685291554552766819426550633455050915,Endo,249,5369.484129939351,-2277.299114733596
UCID0768,234002661016830460047431996698677472215,Endo,249,5369.484129939351,-2277.299114733596
UCID0769,19096302458032550571542836194244365102,Endo,239,4369.484129939351,-2277.299114733596
UCID0770,139050441805955343490194896389584181964,Endo,121,4969.484129939351,-3077.299114733596
UCID0771,75408334422055300300917859154442936723,Endo,53,4569.484129939351,-3477.299114733596
UCID0772,107278285871335692350184372553950385956,Endo,301,4769.484129939351,-1677.299114733596
UCID0773,262185356901727676859667624701053964397,Endo,309,5169.484129939351,-1577.299114733596
UCID0774,229823854454411832419871134590757731841,Endo,145,4169.484129939351,-2877.299114733596
UCID0775,291355652736096242717551431067645678885,Endo,132,4369.484129939351,-2977.299114733596
UCID0776,48934629902193695309650854816127258132,Endo,30,3969.484129939351,-3577.299114733596
UCID0777,250840081896112867927265216325476078990,Endo,157,5369.484129939351,-2877.299114733596
UCID0778,173586914561174342920452395547758602262,Endo,190,3869.484129939351,-2577.299114733596
UCID0779,315603458387408158758517451351820101586,Endo,236,4069.484129939351,-2277.299114733596
UCID0780,225749842661313945887303388187091145617,Endo,193,4269.484129939351,-2577.299114733596
UCID0781,32847611338579908433104344453801968525,Endo,48,4069.484129939351,-3477.299114733596
UCID0782,184180313808287683471602552659767468940,Endo,27,4969.484129939351,-3677.299114733596
UCID0783,320172137965255231535979562921910584126,Endo,200,4969.484129939351,-2577.299114733596
UCID0784,338622681189373154898955437287150445148,Endo,190,3869.484129939351,-2577.299114733596
UCID0785,12418151544569410378904533121899765167,Endo,119,4769.484129939351,-3077.299114733596
UCID0786,77096847598558803714521214220405175008,Endo,145,4169.484129939351,-2877.299114733596
UCID0787,90504119046345556388812429101214236383,Endo,301,4769.484129939351,-1677.299114733596
UCID0788,150295425285424511328635565764289777804,Endo,107,5269.484129939351,-3177.299114733596
UCID0789,296461767825468194781827377947530071655,Endo,116,4469.484129939351,-3077.299114733596
UCID0790,136032088826130238925325419295301011669,Endo,297,5069.484129939351,-1777.299114733596
UCID0791,264786303566596559582215132716848054049,Endo,244,4869.484129939351,-2277.299114733596
UCID0792,8589110829399230462386761163445569194,Endo,277,4969.484129939351,-1977.299114733596
UCID0793,306135254674104986927080640283881222091,Endo,125,3669.484129939351,-2977.299114733596
UCID0794,83575675244206056972028986175819036629,Endo,287,4969.484129939351,-1877.299114733596
UCID0795,182174270856846254988816328371513642513,Endo,12,4669.484129939351,-3777.299114733596
UCID0796,338556856814453456071997431176843611530,Endo,98,4269.484129939351,-3177.299114733596
UCID0797,180671146645467030920372607784350579420,Endo,59,5169.484129939351,-3477.299114733596
UCID0798,148557816036153278174040799707997715047,Endo,287,4969.484129939351,-1877.299114733596
UCID0799,28751694384236617342578172053895745354,Endo,289,5169.484129939351,-1877.299114733596
UCID0800,235789049836395848306383532115136017008,Endo,308,5069.484129939351,-1577.299114733596
UCID0801,70788532694521458617503912445460051113,Endo,168,4969.484129939351,-2777.299114733596
UCID0802,20687667856064813362545735612607454481,Endo,268,5069.484129939351,-2077.299114733596
UCID0803,42737620034889308397534423536448440918,Endo,76,3769.484129939351,-3277.299114733596
UCID0804,70942292763404686094600311632141273527,Endo,227,4569.484129939351,-2377.299114733596
UCID0805,21965054970228174762515511984445209797,Endo,84,4569.484129939351,-3277.299114733596
UCID0806,259530709553628451855015711706154177428,Endo,121,4969.484129939351,-3077.299114733596
UCID0807,233402111620024832097826343821252827295,Endo,301,4769.484129939351,-1677.299114733596
UCID0808,59115056283708007282822628429147919307,Endo,308,5069.484129939351,-1577.299114733596
UCID0809,139665327729831356473344016215073920568,Endo,53,4569.484129939351,-3477.299114733596
UCID0810,39483161308635677781631687766511612845,Endo,206,3969.484129939351,-2477.299114733596
UCID0811,271555973661006562470339208339163527213,Endo,224,4269.484129939351,-2377.299114733596
UCID0812,63279835092758189724193350070293810578,Endo,121,4969.484129939351,-3077.299114733596
UCID0813,61162768297928345846923787709677572893,Endo,200,4969.484129939351,-2577.299114733596
UCID0814,124786785583974390716060308010417960540,Endo,289,5169.484129939351,-1877.299114733596
UCID0815,63364078792618240578188186949606446965,Endo,28,3769.484129939351,-3577.299114733596
UCID0816,246830118158900181171646954767416361758,Endo,107,5269.484129939351,-3177.299114733596
UCID0817,61692554902472215082967072190039456268,Endo,308,5069.484129939351,-1577.299114733596
UCID0818,266111039009987702750430474342244560245,Endo,206,3969.484129939351,-2477.299114733596
UCID0819,215832850829977784445825462263382397603,Endo,8,4169.484129939351,-3777.299114733596
UCID0820,28175894632577844196193212828870503561,Endo,190,3869.484129939351,-2577.299114733596
UCID0821,287491984357585785748522227499062152733,Endo,116,4469.484129939351,-3077.299114733596
UCID0822,189604328241594291701348405664416696410,Endo,245,4969.484129939351,-2277.299114733596
UCID0823,328258222753368164277302103448531068273,Endo,129,4069.484129939351,-2977.299114733596
UCID0824,65626611904138736795643781398253308345,Endo,31,4069.484129939351,-3577.299114733596
UCID0825,257969625995596887266873555960935940794,Endo,301,4769.484129939351,-1677.299114733596
UCID0826,266362468321944251969341774478647207124,Endo,168,4969.484129939351,-2777.299114733596
UCID0827,15709070125236144567944186434674037939,Endo,114,4269.484129939351,-3077.299114733596
UCID0828,165551918544673864055630452992100348297,Endo,31,4069.484129939351,-3577.299114733596
UCID0829,328247126289966186349562146070428413235,Endo,157,5369.484129939351,-2877.299114733596
UCID0830,251289450639375330052491307675293591428,Endo,125,3669.484129939351,-2977.299114733596
UCID0831,262839955849246306869973379229866379100,Endo,206,3969.484129939351,-2477.299114733596
UCID0832,16245742333439647413559644066524008432,Endo,68,4669.484129939351,-3377.299114733596
UCID0833,60038793387621348809369960423775608537,Endo,116,4469.484129939351,-3077.299114733596
UCID0834,258002013954395027122580890389399558730,Endo,144,4069.484129939351,-2877.299114733596
UCID0835,109382406811910134529184041547678153290,Endo,95,3969.484129939351,-3177.299114733596
UCID0836,8946334352239013791729718638297861805,Endo,293,4669.484129939351,-1777.299114733596
UCID0837,311330731194369189451864051228369474590,Endo,107,5269.484129939351,-3177.299114733596
UCID0838,304407020145371566080003935202840824085,Endo,309,5169.484129939351,-1577.299114733596
UCID0839,251927175638729304530615622178776639954,Endo,200,4969.484129939351,-2577.299114733596
UCID0840,204647596400484150619628959848336982652,Endo,268,5069.484129939351,-2077.299114733596
UCID0841,213835195353110468570082390828093111488,L6_IT,151,4769.484129939351,-2877.299114733596
UCID0842,255491895498279862840733689938960694433,L6_IT,263,4569.484129939351,-2077.299114733596
UCID0843,60360692812905478934113205912882497239,L6_IT,32,4169.484129939351,-3577.299114733596
UCID0844,186713512719224090301182787622569373320,L6_IT,229,4769.484129939351,-2377.299114733596
UCID0845,67826780197371452970953188621853119692,L6_IT,196,4569.484129939351,-2577.299114733596
UCID0846,198101368468756760025832154825229003840,L6_IT,69,4769.484129939351,-3377.299114733596
UCID0847,161412301727857468026043637602289047796,L6_IT,290,5269.484129939351,-1877.299114733596
UCID0848,122204043600856347361635064268004173390,L6_IT,130,4169.484129939351,-2977.299114733596
UCID0849,328771595223177814881967966055139728883,L6_IT,154,5069.484129939351,-2877.299114733596
UCID0850,54251051293314135473163341287493081797,L6_IT,15,4969.484129939351,-3777.299114733596
UCID0851,154892373211322944854892198834847348095,L6_IT,220,5369.484129939351,-2477.299114733596
UCID0852,311800760096723421912307659827730964924,L6_IT,117,4569.484129939351,-3077.299114733596
UCID0853,260091372934275855837706633209055206667,L6_IT,134,4569.484129939351,-2977.299114733596
UCID0854,88033232737921621944592743287489192313,L6_IT,69,4769.484129939351,-3377.299114733596
UCID0855,52641155625671612124793130449446388202,L6_IT,151,4769.484129939351,-2877.299114733596
UCID0856,145327556901793179283296565635943085690,L6_IT,219,5269.484129939351,-2477.299114733596
UCID0857,322454473907844694895633224900768982635,L6_IT,78,3969.484129939351,-3277.299114733596
UCID0858,195626776614757307326640499452801305288,L6_IT,105,5069.484129939351,-3177.299114733596
UCID0859,263089893791774833628409505156449936414,L6_IT,154,5069.484129939351,-2877.299114733596
UCID0860,291734188121006371521205060951652788097,L6_IT,108,5369.484129939351,-3177.299114733596
UCID0861,154071538597013780681000933290958602101,L6_IT,261,4369.484129939351,-2077.299114733596
UCID0862,142598043794931982619860894277584102647,L6_IT,170,5169.484129939351,-2777.299114733596
UCID0863,64627648917852529854653472909503784920,L6_IT,259,5269.484129939351,-2177.299114733596
UCID0864,78065369659146422370699319561944718792,L6_IT,22,4469.484129939351,-3677.299114733596
UCID0865,50307253681512770670511588579714763592,L6_IT,134,4569.484129939351,-2977.299114733596
UCID0866,259040989848278068281814311564629143368,L6_IT,204,5369.484129939351,-2577.299114733596
UCID0867,224717509936687511578334361637925215823,L6_IT,226,4469.484129939351,-2377.299114733596
UCID0868,211272710546064638022840462906617114902,L6_IT,154,5069.484129939351,-2877.299114733596
UCID0869,58052824627518515696963422403369833723,L6_IT,285,4769.484129939351,-1877.299114733596
UCID0870,236796927012320996593978803481529345423,L6_IT,216,4969.484129939351,-2477.299114733596
UCID0871,182467940712223182865256247332589477140,L6_IT,210,4369.484129939351,-2477.299114733596
UCID0872,138287141698054808167638614914838410455,L6_IT,171,5269.484129939351,-2777.299114733596
UCID0873,94876635415898612122883727881631621221,L6_IT,263,4569.484129939351,-2077.299114733596
UCID0874,167972599284621293278076646649643337963,L6_IT,136,4769.484129939351,-2977.299114733596
UCID0875,59001510294681348999005278802979928467,L6_IT,78,3969.484129939351,-3277.299114733596
UCID0876,40864215757036182758767523690698407035,L6_IT,170,5169.484129939351,-2777.299114733596
UCID0877,211157546209164943244152141370106753746,L6_IT,130,4169.484129939351,-2977.299114733596
UCID0878,12174550406232682908867923831494201640,L6_IT,55,4769.484129939351,-3477.299114733596
UCID0879,135801044878645608910953902482812496426,L6_IT,26,4869.484129939351,-3677.299114733596
UCID0880,179932606914371889094940989169456774610,L6_IT,201,5069.484129939351,-2577.299114733596
UCID0881,23637984200108223663468102262480343413,L6_IT,226,4469.484129939351,-2377.299114733596
UCID0882,214445285775570238218486684621394568582,L6_IT,212,4569.484129939351,-2477.299114733596
UCID0883,279224213807879448694406246530583802973,L6_IT,89,5069.484129939351,-3277.299114733596
UCID0884,133108411206281597105888584651835104020,L6_IT,160,4069.484129939351,-2777.299114733596
UCID0885,16121711737401734719241511694564471367,L6_IT,37,4669.484129939351,-3577.299114733596
UCID0886,114331788353756305922838715143844698387,L6_IT,136,4769.484129939351,-2977.299114733596
UCID0887,119080383610612892008204002763244643534,L6_IT,286,4869.484129939351,-1877.299114733596
UCID0888,31932120148923322089391272685966664368,L6_IT,124,5369.484129939351,-3077.299114733596
UCID0889,106199120813815936747840169818096547070,L6_IT,278,5069.484129939351,-1977.299114733596
UCID0890,175923486649405069463163666172073687998,L6_IT,211,4469.484129939351,-2477.299114733596
UCID0891,56750478732583834719576012760799211737,L6_IT,128,3969.484129939351,-2977.299114733596
UCID0892,108247769055600468603420402873711784184,L6_IT,69,4769.484129939351,-3377.299114733596
UCID0893,57649356934609308165063085376432594981,L6_IT,286,4869.484129939351,-1877.299114733596
UCID0894,292041221267415814616543848152101003870,L6_IT,210,4369.484129939351,-2477.299114733596
UCID0895,324389328945279955741012189265264447862,L6_IT,47,3969.484129939351,-3477.299114733596
UCID0896,85383805187674871104038893663248370414,L6_IT,149,4569.484129939351,-2877.299114733596
UCID0897,21845482283247894564227581426492103612,L6_IT,277,4969.484129939351,-1977.299114733596
UCID0898,199973393081905884233919182412458440221,L6_IT,57,4969.484129939351,-3477.299114733596
UCID0899,139209117985135755856051719096187961538,L6_IT,154,5069.484129939351,-2877.299114733596
UCID0900,37197830761931438027541823991447602340,L6_IT,178,4269.484129939351,-2677.299114733596
UCID0901,157267908376625218611602261936543281419,L6_IT,185,4969.484129939351,-2677.299114733596
UCID0902,132356559347640334850146422386818142617,L6_IT,187,5169.484129939351,-2677.299114733596
UCID0903,17854142999585242835240171087359128500,L6_IT,78,3969.484129939351,-3277.299114733596
UCID0904,62167500454756673711891516924610509336,L6_IT,280,5269.484129939351,-1977.299114733596
UCID0905,180386200082036859557614918386114388584,L6_IT,284,4669.484129939351,-1877.299114733596
UCID0906,38821315108230545687537938290766076975,L6_IT,134,4569.484129939351,-2977.299114733596
UCID0907,261684568127439963435115954830982324244,L6_IT,70,4869.484129939351,-3377.299114733596
UCID0908,229826975150420475566230648608214866541,L6_IT,94,3869.484129939351,-3177.299114733596
UCID0909,15543515469745209968374455812638222384,L6_IT,285,4769.484129939351,-1877.299114733596
UCID0910,329437879853134165621284851553148489923,L6_IT,156,5269.484129939351,-2877.299114733596
UCID0911,181204767637469724348627057129661201419,L6_IT,123,5269.484129939351,-3077.299114733596
UCID0912,203149058877563763102685255560189139756,L6_IT,51,4369.484129939351,-3477.299114733596
UCID0913,264644324638626412256901243971132841416,L6_IT,281,5369.484129939351,-1977.299114733596
UCID0914,299689243370286873757557740242470764584,L6_IT,170,5169.484129939351,-2777.299114733596
UCID0915,84726408290536927878151604292984392943,L6_IT,226,4469.484129939351,-2377.299114733596
UCID0916,233947640191834885986481604772351681180,L6_IT,89,5069.484129939351,-3277.299114733596
UCID0917,171933787837892598448669903471638926133,L6_IT,168,4969.484129939351,-2777.299114733596
UCID0918,328742395005917596052127732797962532548,L6_IT,25,4769.484129939351,-3677.299114733596
UCID0919,191720279299462916022077097245038763861,L6_IT,121,4969.484129939351,-3077.299114733596
UCID0920,215133026438058914197782421312595367010,L6_IT,14,4869.484129939351,-3777.299114733596
UCID0921,280259597473038929241813285320361482914,L6_IT,134,4569.484129939351,-2977.299114733596
UCID0922,135861144701718812801630008340538058841,L6_IT,234,5269.484129939351,-2377.299114733596
UCID0923,312732679723884152085714121451360083963,L6_IT,53,4569.484129939351,-3477.299114733596
UCID0924,127094053287676404695599174449456918095,L6_IT,47,3969.484129939351,-3477.299114733596
UCID0925,46272568332547244864995088718316331183,L6_IT,57,4969.484129939351,-3477.299114733596
UCID0926,105152267502956405986163481251877765161,L6_IT,84,4569.484129939351,-3277.299114733596
UCID0927,102500510899266198503869053721430715211,L6_IT,177,4169.484129939351,-2677.299114733596
UCID0928,95480479382363631283332114070004604908,Sst,246,5069.484129939351,-2277.299114733596
UCID0929,286050467231111105355962048953981439260,Sst,40,4969.484129939351,-3577.299114733596
UCID0930,220307121597002948096002730123888006614,Sst,187,5169.484129939351,-2677.299114733596
UCID0931,249131881833376982914430301772631720876,Sst,131,4269.484129939351,-2977.299114733596
UCID0932,93119081411334935341259672959433804264,Sst,204,5369.484129939351,-2577.299114733596
UCID0933,31252905070203151062365630603901020099,Sst,199,4869.484129939351,-2577.299114733596
UCID0934,207935688956550537031031900467415002100,Sst,202,5169.484129939351,-2577.299114733596
UCID0935,176561717180064625313724397075311353084,Sst,196,4569.484129939351,-2577.299114733596
UCID0936,250841668429572516494481990838496695245,Sst,275,4769.484129939351,-1977.299114733596
UCID0937,162849485866403490962525325411640330650,Sst,194,4369.484129939351,-2577.299114733596
UCID0938,55885374813769353547034334065360830237,Sst,194,4369.484129939351,-2577.299114733596
UCID0939,325769396487629197216855454824542533413,Sst,235,5369.484129939351,-2377.299114733596
UCID0940,157776863373208886948607501985392252681,Sst,191,3969.484129939351,-2577.299114733596
UCID0941,10763095571038339247488492184179770142,Sst,193,4269.484129939351,-2577.299114733596
UCID0942,105018458557167169914316082564072308694,Sst,191,3969.484129939351,-2577.299114733596
UCID0943,99778991571303589367487716650245967462,Sst,275,4769.484129939351,-1977.299114733596
UCID0944,153292076479870996349323620750157283743,Sst,10,4469.484129939351,-3777.299114733596
UCID0945,332285504202232408926947034601651706022,Sst,225,4369.484129939351,-2377.299114733596
UCID0946,303710976367169354434144367816433026256,Sst,274,4669.484129939351,-1977.299114733596
UCID0947,121343170040678040297090279110370185827,Sst,13,4769.484129939351,-3777.299114733596
UCID0948,310210778105703626598460024906116687657,Sst,275,4769.484129939351,-1977.299114733596
UCID0949,24532937870705196536845692362634650251,Sst,196,4569.484129939351,-2577.299114733596
UCID0950,199069983525784173133884734336398473641,Sst,10,4469.484129939351,-3777.299114733596
UCID0951,149066921067390942831188720337426613769,Sst,78,3969.484129939351,-3277.299114733596
UCID0952,127695094551558938999161727895105471312,Sst,65,4269.484129939351,-3377.299114733596
UCID0953,284544957295596105329724527109444940761,Sst,194,4369.484129939351,-2577.299114733596
UCID0954,330647656899991482525139806464133169756,Sst,78,3969.484129939351,-3277.299114733596
UCID0955,214930216991578803163892348439274895832,Sst,152,4869.484129939351,-2877.299114733596
UCID0956,60099018099229619112324925120950650270,Sst,262,4469.484129939351,-2077.299114733596
UCID0957,108204360339405890312590214638901529689,Sst,191,3969.484129939351,-2577.299114733596
UCID0958,303164733617020267478940986450022112737,Sst,199,4869.484129939351,-2577.299114733596
UCID0959,48375062369893337622353199010532457899,Sst,65,4269.484129939351,-3377.299114733596
UCID0960,297216878879383288851750935497133674232,Sst,40,4969.484129939351,-3577.299114733596
UCID0961,335480852102711146748718048869773250837,Sst,51,4369.484129939351,-3477.299114733596
UCID0962,116822605181254088930411411515437326892,Sst,203,5269.484129939351,-2577.299114733596
UCID0963,205714856251373659912972087190821483509,Sst,184,4869.484129939351,-2677.299114733596
UCID0964,14875063427411396832594584258365770278,Sst,131,4269.484129939351,-2977.299114733596
UCID0965,257132415861351162266276828374522024844,Sst,197,4669.484129939351,-2577.299114733596
UCID0966,134645439694868726532637240224274233795,Sst,54,4669.484129939351,-3477.299114733596
UCID0967,174151588219799364818621068793576448369,Sst,274,4669.484129939351,-1977.299114733596
UCID0968,62947937874235802273461099327870702581,Sst,65,4269.484129939351,-3377.299114733596
UCID0969,286342465078279655884603648995944753530,Sst,36,4569.484129939351,-3577.299114733596
UCID0970,322720017687137435253648301881292073703,Sst,247,5169.484129939351,-2277.299114733596
UCID0971,317804637553361253671336425701013875137,Sst,40,4969.484129939351,-3577.299114733596
UCID0972,311055107651035232356643149119085799091,Sst,152,4869.484129939351,-2877.299114733596
UCID0973,273581048790800710889803730909905423265,Sst,191,3969.484129939351,-2577.299114733596
UCID0974,75855752473931223170900509180785388444,Sst,177,4169.484129939351,-2677.299114733596
UCID0975,22253012467928500082168150141213847250,Sst,248,5269.484129939351,-2277.299114733596
UCID0976,205460142099355829726395334171440412900,Sst,194,4369.484129939351,-2577.299114733596
UCID0977,204158079915376688006460280027731300593,Sst,5,4069.484129939351,-3877.299114733596
UCID0978,222295901867601410589929340513308260335,Sst,202,5169.484129939351,-2577.299114733596
UCID0979,97229695532470480472812269588202738787,Sst,199,4869.484129939351,-2577.299114733596
UCID0980,315516358443167933285512358211553889027,Sst,290,5269.484129939351,-1877.299114733596
UCID0981,284955639355253565707418331904027260860,Sst,152,4869.484129939351,-2877.299114733596
UCID0982,44222272939324101132014642925190450861,Sst,101,4669.484129939351,-3177.299114733596
UCID0983,212085560451907823686056258260271741750,Sst,86,4769.484129939351,-3277.299114733596
UCID0984,250614604468139370963450244912545739575,Sst,187,5169.484129939351,-2677.299114733596
UCID0985,324469615723027345805448913684726947594,Sst,247,5169.484129939351,-2277.299114733596
UCID0986,86121827312104042479298548186204818825,Sst,212,4569.484129939351,-2477.299114733596
UCID0987,168426586339755414157528292525946146214,Sst,73,5169.484129939351,-3377.299114733596
UCID0988,186916690108586801241356996125895087673,Sst,40,4969.484129939351,-3577.299114733596
UCID0989,49471701974759353799840271410210820529,Sst,152,4869.484129939351,-2877.299114733596
UCID0990,229096218540488130450606121565233995112,Sst,309,5169.484129939351,-1577.299114733596
UCID0991,49185521603949705040761727099809140078,Sst,199,4869.484129939351,-2577.299114733596
UCID0992,33865093579132356231005640949447772015,L5_ET,196,4569.484129939351,-2577.299114733596
UCID0993,306963153863075739468955962296135397073,L5_ET,166,4769.484129939351,-2777.299114733596
UCID0994,118862187207103176499888358426014253257,L5_ET,83,4469.484129939351,-3277.299114733596
UCID0995,238135142540003030998951575374848085672,L5_ET,128,3969.484129939351,-2977.299114733596
UCID0996,313109930287904099996503199723210259560,L5_ET,166,4769.484129939351,-2777.299114733596
UCID0997,263058920978993430714500398157994229506,L5_ET,185,4969.484129939351,-2677.299114733596
UCID0998,30892011602199098328549435272220997437,L5_ET,100,4569.484129939351,-3177.299114733596
UCID0999,178137590642641009810093068009728509037,L5_ET,120,4869.484129939351,-3077.299114733596
UCID1000,66475461732550250902072875320969739562,L5_ET,83,4469.484129939351,-3277.299114733596
UCID1001,91772253331315626916806462539391059229,L5_ET,83,4469.484129939351,-3277.299114733596
UCID1002,269607585936624699104990991654528388905,L5_ET,106,5169.484129939351,-3177.299114733596
UCID1003,4095669639125061557995867056683738501,L5_ET,166,4769.484129939351,-2777.299114733596
UCID1004,121279803670885800119808650903544653296,L5_ET,88,4969.484129939351,-3277.299114733596
UCID1005,90784054134420618179990827553004239762,L5_ET,185,4969.484129939351,-2677.299114733596
UCID1006,207764299149548795433392947159455681214,L5_ET,263,4569.484129939351,-2077.299114733596
UCID1007,74977699617326818079087567760630816063,L5_ET,246,5069.484129939351,-2277.299114733596
UCID1008,324528421296287716341015082775297681492,L5_ET,29,3869.484129939351,-3577.299114733596
UCID1009,70724102112075254398660730210067724522,L5_ET,201,5069.484129939351,-2577.299114733596
UCID1010,121683842169379476994977231025023883323,L5_ET,201,5069.484129939351,-2577.299114733596
UCID1011,201725832123495542861903891434452607968,L5_ET,166,4769.484129939351,-2777.299114733596
UCID1012,166236130703533799935161791423762629861,L5_ET,233,5169.484129939351,-2377.299114733596
UCID1013,131169909272954117484570203855470868840,L5_ET,201,5069.484129939351,-2577.299114733596
UCID1014,147955137545097545957416543086447680576,L5_ET,166,4769.484129939351,-2777.299114733596
UCID1015,97687889020088861806045271787899800178,L5_ET,57,4969.484129939351,-3477.299114733596
UCID1016,179013369165523842464141951030780228677,L5_ET,270,5269.484129939351,-2077.299114733596
UCID1017,269949179685075754800992100860380554808,L5_ET,100,4569.484129939351,-3177.299114733596
UCID1018,114214704143893024559727924241642765146,L5_ET,54,4669.484129939351,-3477.299114733596
UCID1019,115018433378914725172416438497394718996,L5_ET,87,4869.484129939351,-3277.299114733596
UCID1020,99702068459277783182220371956699162352,L5_ET,225,4369.484129939351,-2377.299114733596
UCID1021,131010652159681855672504000993960072643,L5_ET,233,5169.484129939351,-2377.299114733596
UCID1022,304234787501892091453007328329457735466,L5_ET,138,4969.484129939351,-2977.299114733596
UCID1023,286609914121166620367320582982096935916,L5_ET,233,5169.484129939351,-2377.299114733596
UCID1024,29910797351306599019580248745342714388,L5_ET,24,4669.484129939351,-3677.299114733596
UCID1025,242672293992217987263489363454953556624,L5_ET,43,5269.484129939351,-3577.299114733596
UCID1026,132060707501643028845118959908812774304,L5_ET,145,4169.484129939351,-2877.299114733596
UCID1027,222975017202539231019879834435371104998,L5_ET,14,4869.484129939351,-3777.299114733596
UCID1028,112550308766293737525669280730208577252,L5_ET,42,5169.484129939351,-3577.299114733596
UCID1029,14316679271120027461336997607589733902,L5_ET,69,4769.484129939351,-3377.299114733596
UCID1030,30881223146202201253136520380660215125,L5_ET,201,5069.484129939351,-2577.299114733596
UCID1031,111513884375716029201069632124289148728,L5_ET,151,4769.484129939351,-2877.299114733596
UCID1032,273685243327535519801042854435013500692,L5_ET,43,5269.484129939351,-3577.299114733596
UCID1033,42093594976081701343804389479104081656,L5_ET,117,4569.484129939351,-3077.299114733596
UCID1034,250947770980180110557841990330544070680,L5_ET,36,4569.484129939351,-3577.299114733596
UCID1035,27378900167342141795816959569340143718,L5_ET,201,5069.484129939351,-2577.299114733596
UCID1036,111247311577848571039673957183754398916,L5_ET,24,4669.484129939351,-3677.299114733596
UCID1037,306978308624333130990742620962426112617,L5_ET,136,4769.484129939351,-2977.299114733596
UCID1038,208485723607438633108929435159151586790,L5_ET,153,4969.484129939351,-2877.299114733596
UCID1039,57410764079982463261310586680234744578,L5_ET,225,4369.484129939351,-2377.299114733596
UCID1040,74066123389575590259764264072575923777,L5_ET,219,5269.484129939351,-2477.299114733596
UCID1041,227172631898915382694759019176349041875,L5_ET,189,5369.484129939351,-2677.299114733596
UCID1042,128613092589988885549338148405885429554,L5_ET,39,4869.484129939351,-3577.299114733596
UCID1043,219352604044322342342672169036369485400,L5_ET,84,4569.484129939351,-3277.299114733596
UCID1044,40843132531471723182691878094140452031,L5_ET,52,4469.484129939351,-3477.299114733596
UCID1045,24600295954941486750475974850547839009,L5_ET,143,3969.484129939351,-2877.299114733596
UCID1046,115405697012975582255642143277709310510,L5_ET,61,5369.484129939351,-3477.299114733596
UCID1047,206611320507661359258959764641991390692,L5_ET,225,4369.484129939351,-2377.299114733596
UCID1048,45120978013317060835382029989090649274,L5_ET,117,4569.484129939351,-3077.299114733596
UCID1049,14330037537399860890833645318010266798,L5_ET,107,5269.484129939351,-3177.299114733596
UCID1050,320487553533726706766051393348848472219,L5_ET,219,5269.484129939351,-2477.299114733596
UCID1051,24437704143455627899947146553456351161,L5_ET,147,4369.484129939351,-2877.299114733596
UCID1052,139682608837126527973214708026738559770,L5_ET,216,4969.484129939351,-2477.299114733596
UCID1053,75337291616971144589237382911723539520,L5_ET,69,4769.484129939351,-3377.299114733596
UCID1054,71377805251147943201351614303923303900,L5_ET,248,5269.484129939351,-2277.299114733596
UCID1055,89873506918194976428088181544805300595,L5_ET,248,5269.484129939351,-2277.299114733596
UCID1056,195005276266641946229787634619150276507,L5_ET,166,4769.484129939351,-2777.299114733596
UCID1057,51246225027493424036827518999002603353,L5_ET,215,4869.484129939351,-2477.299114733596
UCID1058,66548833774373938183081902524943898645,L5_ET,140,5169.484129939351,-2977.299114733596
UCID1059,227511309921462758811291975696186214486,L5_ET,225,4369.484129939351,-2377.299114733596
UCID1060,230044753823692333915951915958118829798,L5_ET,248,5269.484129939351,-2277.299114733596
UCID1061,30402638718851878992440171358819598728,L5_ET,44,5369.484129939351,-3577.299114733596
UCID1062,300054327317167479440966581073035444514,L6_CT,59,5169.484129939351,-3477.299114733596
UCID1063,95461899412422645495879125977132828807,L6_CT,79,4069.484129939351,-3277.299114733596
UCID1064,37242010025502659419729084764159648607,L6_CT,89,5069.484129939351,-3277.299114733596
UCID1065,167771574302868155337929700411813091151,L6_CT,290,5269.484129939351,-1877.299114733596
UCID1066,175907970598640282107696370546901649631,L6_CT,202,5169.484129939351,-2577.299114733596
UCID1067,3281423010870315627122611521415037476,L6_CT,150,4669.484129939351,-2877.299114733596
UCID1068,65274663238833986822058688085102571712,L6_CT,35,4469.484129939351,-3577.299114733596
UCID1069,86888288496775915850367839671991644287,L6_CT,71,4969.484129939351,-3377.299114733596
UCID1070,95151643681882876381063140536507572719,L6_CT,90,5169.484129939351,-3277.299114733596
UCID1071,6235855280358888845448613902660555392,L6_CT,96,4069.484129939351,-3177.299114733596
UCID1072,73822875755826127842693197362131592891,L6_CT,204,5369.484129939351,-2577.299114733596
UCID1073,121050831073917632442624601571390763986,L6_CT,266,4869.484129939351,-2077.299114733596
UCID1074,256485092091888796053575683505454660494,L6_CT,263,4569.484129939351,-2077.299114733596
UCID1075,187858705492622438584548828471218548104,L6_CT,87,4869.484129939351,-3277.299114733596
UCID1076,207932185363391997490331790602654225580,L6_CT,150,4669.484129939351,-2877.299114733596
UCID1077,293131091323329573433475401619705826137,L6_CT,123,5269.484129939351,-3077.299114733596
UCID1078,297584393102796616671615551828358592826,L6_CT,119,4769.484129939351,-3077.299114733596
UCID1079,271217728709575191558321071336289938072,L6_CT,92,5369.484129939351,-3277.299114733596
UCID1080,16345252257703923755333056757007239308,L6_CT,104,4969.484129939351,-3177.299114733596
UCID1081,30951558490331485117200541136687648302,L6_CT,171,5269.484129939351,-2777.299114733596
UCID1082,280825294560597236601337949046722210680,L6_CT,100,4569.484129939351,-3177.299114733596
UCID1083,174889125153876026129344407942071528090,L6_CT,14,4869.484129939351,-3777.299114733596
UCID1084,93675134680825116911664363964089583035,L6_CT,105,5069.484129939351,-3177.299114733596
UCID1085,146239974353496506659443728222462028137,L6_CT,100,4569.484129939351,-3177.299114733596
UCID1086,137631081588155574942506686539388021448,L6_CT,72,5069.484129939351,-3377.299114733596
UCID1087,259059841906936535442404084450707156816,L6_CT,139,5069.484129939351,-2977.299114733596
UCID1088,72649066836090633545198512021602484370,L6_CT,150,4669.484129939351,-2877.299114733596
UCID1089,266304973024663054344400827310858689312,L6_CT,87,4869.484129939351,-3277.299114733596
UCID1090,312923626344571391558770393215627494682,L6_CT,217,5069.484129939351,-2477.299114733596
UCID1091,258165749640073160110849297625434384990,L6_CT,73,5169.484129939351,-3377.299114733596
UCID1092,269001250244577924130471180673245005096,L6_CT,89,5069.484129939351,-3277.299114733596
UCID1093,283365647712463811098410645903600366397,L6_CT,53,4569.484129939351,-3477.299114733596
UCID1094,248340418219879813172881766654385114188,L6_CT,139,5069.484129939351,-2977.299114733596
UCID1095,51536778315669728419218118983472600627,L6_CT,92,5369.484129939351,-3277.299114733596
UCID1096,107534714656539381305380634074452466196,L6_CT,171,5269.484129939351,-2777.299114733596
UCID1097,66217539403812988692980728480408553495,L6_CT,102,4769.484129939351,-3177.299114733596
UCID1098,174396972307346513692115937860052350895,L6_CT,92,5369.484129939351,-3277.299114733596
UCID1099,186356438352942185681224885104976362581,L6_CT,83,4469.484129939351,-3277.299114733596
UCID1100,268433026936347507096352516163194843440,L6_CT,153,4969.484129939351,-2877.299114733596
UCID1101,272240981271796860897587475238325118715,L6_CT,102,4769.484129939351,-3177.299114733596
UCID1102,90200107922681986280448029978386929900,L6_CT,175,3969.484129939351,-2677.299114733596
UCID1103,151490276104134482398551426146899601026,L6_CT,119,4769.484129939351,-3077.299114733596
UCID1104,329938696822994496467860909899540547261,L6_CT,216,4969.484129939351,-2477.299114733596
UCID1105,25115205143810719350462142851476647314,L6_CT,160,4069.484129939351,-2777.299114733596
UCID1106,36694970462453147148169501216959538236,L6_CT,107,5269.484129939351,-3177.299114733596
UCID1107,332152173340602811528349291735501652132,L6_CT,74,5269.484129939351,-3377.299114733596
UCID1108,289343122383658514498136765909048820765,L6_CT,119,4769.484129939351,-3077.299114733596
UCID1109,295037749000692520983051304079697010560,L6_CT,106,5169.484129939351,-3177.299114733596
UCID1110,157088440507529691055599447119343731787,L6_CT,305,5169.484129939351,-1677.299114733596
UCID1111,95080792994819345341245463026188822273,L6_CT,35,4469.484129939351,-3577.299114733596
UCID1112,141767465838160779066983486235249191907,L6_CT,153,4969.484129939351,-2877.299114733596
UCID1113,176888355714479826119434829987568533336,L6_CT,149,4569.484129939351,-2877.299114733596
UCID1114,138109687274017997671992725780890907246,L6_CT,105,5069.484129939351,-3177.299114733596
UCID1115,46642122016475533183530646676340259372,L6_CT,11,4569.484129939351,-3777.299114733596
UCID1116,238249936338067188706283972742735069271,L6_CT,55,4769.484129939351,-3477.299114733596
UCID1117,236576857221502095983981451447059813300,L6_CT,130,4169.484129939351,-2977.299114733596
UCID1118,276235462367214455240728095048789859147,L6_CT,153,4969.484129939351,-2877.299114733596
UCID1119,287802890180128325908518071378594761966,L6_CT,102,4769.484129939351,-3177.299114733596
UCID1120,30649991932312066137495038478735467768,L6_CT,59,5169.484129939351,-3477.299114733596
UCID1121,264445019609906964141328401319480085321,L6_CT,82,4369.484129939351,-3277.299114733596
UCID1122,247485897781490507551392494308589701030,Peri,115,4369.484129939351,-3077.299114733596
UCID1123,285697311798888931935191726803915164987,Peri,61,5369.484129939351,-3477.299114733596
UCID1124,206575212605417617403255162759832263551,Peri,162,4269.484129939351,-2777.299114733596
UCID1125,271323427623810101820045189172513538334,Peri,114,4269.484129939351,-3077.299114733596
UCID1126,256717849138593207733189867685494186285,Peri,163,4369.484129939351,-2777.299114733596
UCID1127,140471254238717303501713590942706407435,Peri,27,4969.484129939351,-3677.299114733596
UCID1128,108703577816104806852870033412891377482,Peri,85,4669.484129939351,-3277.299114733596
UCID1129,133001913177930617402896076675974280015,Peri,114,4269.484129939351,-3077.299114733596
UCID1130,179531694328942156879327578514719397057,Peri,181,4569.484129939351,-2677.299114733596
UCID1131,308721196159421041838323316270317510942,Peri,67,4569.484129939351,-3377.299114733596
UCID1132,168814410108571593212593938132936103674,Peri,23,4569.484129939351,-3677.299114733596
UCID1133,28107645328554852957466985651762052507,Peri,44,5369.484129939351,-3577.299114733596
UCID1134,131655857685712984814022685317350785328,Peri,163,4369.484129939351,-2777.299114733596
UCID1135,130175839280803182271530556302907702679,Peri,135,4669.484129939351,-2977.299114733596
UCID1136,152168232052716480753721270977049732393,Peri,198,4769.484129939351,-2577.299114733596
UCID1137,57475391599127333995629948001422928318,Peri,116,4469.484129939351,-3077.299114733596
UCID1138,23454933930377315485693174370040351486,Peri,149,4569.484129939351,-2877.299114733596
UCID1139,44210997699650395145749907385804422554,Peri,59,5169.484129939351,-3477.299114733596
UCID1140,288556242824600529448927895916737177123,Peri,144,4069.484129939351,-2877.299114733596
UCID1141,117054015489946180158936379965129450223,Peri,162,4269.484129939351,-2777.299114733596
UCID1142,129391747617187966084698838087479177954,Peri,135,4669.484129939351,-2977.299114733596
UCID1143,274434342849752946460237106665651505862,Peri,6,3869.484129939351,-3777.299114733596
UCID1144,79935874462595021628089480594031255053,Peri,66,4369.484129939351,-3377.299114733596
UCID1145,188706094954040828825584481916784091124,Peri,67,4569.484129939351,-3377.299114733596
UCID1146,35644848519888559979056734037398056625,Peri,68,4669.484129939351,-3377.299114733596
UCID1147,130058670392381271925317528367366033815,Peri,229,4769.484129939351,-2377.299114733596
UCID1148,161619216271830849637917030889913493218,Peri,42,5169.484129939351,-3577.299114733596
UCID1149,185734474369058285616190269265425555608,Peri,284,4669.484129939351,-1877.299114733596
UCID1150,123458279894428214305958433170649293611,Peri,163,4369.484129939351,-2777.299114733596
UCID1151,294526670439514475204505551949507183135,Peri,181,4569.484129939351,-2677.299114733596
UCID1152,281498143050988294901533599788024128892,Peri,162,4269.484129939351,-2777.299114733596
UCID1153,263741322743095206497640159161849325385,Peri,68,4669.484129939351,-3377.299114733596
UCID1154,295686275876752012573915118115620879707,Peri,49,4169.484129939351,-3477.299114733596
UCID1155,127289681978743655336889874311831522699,Peri,66,4369.484129939351,-3377.299114733596
UCID1156,125216299177960182366312333910626727331,Peri,8,4169.484129939351,-3777.299114733596
UCID1157,199815513571448123301512172628897377470,PVM,221,3969.484129939351,-2377.299114733596
UCID1158,6296986595541602291925438231811284582,PVM,229,4769.484129939351,-2377.299114733596
UCID1159,194363628625329568097394866053549482090,PVM,145,4169.484129939351,-2877.299114733596
UCID1160,315702332849902612378244452886460629466,PVM,253,4669.484129939351,-2177.299114733596
UCID1161,266906561464068192011445046165689478071,PVM,115,4369.484129939351,-3077.299114733596
UCID1162,104968955476732765422841178727438430701,PVM,289,5169.484129939351,-1877.299114733596
UCID1163,48458365171464501767986369139896098457,PVM,12,4669.484129939351,-3777.299114733596
UCID1164,243166653676702005308315527968808271277,PVM,2,3869.484129939351,-3977.299114733596
UCID1165,337719177281481371751593227545547160477,Micro,287,4969.484129939351,-1877.299114733596
UCID1166,222375128515538405014593137794013598726,Micro,4,3869.484129939351,-3877.299114733596
UCID1167,18871536111297041961728123046458738088,Micro,173,3769.484129939351,-2677.299114733596
UCID1168,179607617273590405412610490704902071651,Micro,139,5069.484129939351,-2977.299114733596
UCID1169,340010804472373084887023060325749851212,Micro,110,3869.484129939351,-3077.299114733596
UCID1170,200164742158582728759826283849559225243,Micro,6,3869.484129939351,-3777.299114733596
UCID1171,288749887918887299746928492877681229403,Micro,85,4669.484129939351,-3277.299114733596
UCID1172,307892950431230526237831122936104762176,Micro,189,5369.484129939351,-2677.299114733596
UCID1173,266458669980595764862044517948205045288,Micro,169,5069.484129939351,-2777.299114733596
UCID1174,64626541430961401090995198974801400406,Micro,310,5269.484129939351,-1577.299114733596
UCID1175,163030400434919741151153796284785251054,Micro,186,5069.484129939351,-2677.299114733596
UCID1176,336968071145720520410634249777962625153,Micro,175,3969.484129939351,-2677.299114733596
UCID1177,121330168576756147439980174773451197974,Micro,110,3869.484129939351,-3077.299114733596
UCID1178,208131472362261810358514268580367777937,Micro,141,3669.484129939351,-2877.299114733596
UCID1179,285190784476210480004066246749715558680,Micro,161,4169.484129939351,-2777.299114733596
UCID1180,91657239722467403114689155479086965013,Micro,61,5369.484129939351,-3477.299114733596
UCID1181,103059365527586362447650942647026521319,Micro,193,4269.484129939351,-2577.299114733596
UCID1182,268094147132828120959533134335828954469,Micro,85,4669.484129939351,-3277.299114733596
UCID1183,214942494181389408829292736351267015882,Micro,236,4069.484129939351,-2277.299114733596
UCID1184,272036728523817806723094641199458200662,Micro,217,5069.484129939351,-2477.299114733596
UCID1185,56549572557830715557910772407362834874,Micro,163,4369.484129939351,-2777.299114733596
UCID1186,42964213728859607066583121391642202381,Micro,260,5369.484129939351,-2177.299114733596
UCID1187,297682442610965864065404159492702425032,Micro,268,5069.484129939351,-2077.299114733596
UCID1188,205208037872886667756012190284267844083,Micro,223,4169.484129939351,-2377.299114733596
UCID1189,112466368834522770708432519201262821574,Micro,261,4369.484129939351,-2077.299114733596
UCID1190,77508471766757179783461029266024002010,Micro,310,5269.484129939351,-1577.299114733596
UCID1191,237337379192840862284779401521040831302,Micro,281,5369.484129939351,-1977.299114733596
UCID1192,69256611597258360939646640248105913210,Micro,6,3869.484129939351,-3777.299114733596
UCID1193,27638264403499565224143349481790624529,Micro,307,5369.484129939351,-1677.299114733596
UCID1194,223984829258489005901393620895289818044,Micro,304,5069.484129939351,-1677.299114733596
UCID1195,313780664006931414497142977687392413554,Micro,304,5069.484129939351,-1677.299114733596
UCID1196,188161096884300538560446666597070782095,Micro,127,3869.484129939351,-2977.299114733596
UCID1197,108431661401948518024264266720082511794,Micro,49,4169.484129939351,-3477.299114733596
UCID1198,151500807850605339410539160372080624012,Micro,54,4669.484129939351,-3477.299114733596
UCID1199,189206202989877371060340579881815201784,Micro,173,3769.484129939351,-2677.299114733596
UCID1200,9703000385709328315257559304424166909,Micro,82,4369.484129939351,-3277.299114733596
UCID1201,127319693859349027673228788757570606268,Micro,251,4469.484129939351,-2177.299114733596
UCID1202,142722738993581089613043452557535300934,Micro,169,5069.484129939351,-2777.299114733596
UCID1203,251825425114684460276058279871623692207,Micro,261,4369.484129939351,-2077.299114733596
UCID1204,32413979528273157240412712548737461390,Micro,307,5369.484129939351,-1677.299114733596
UCID1205,117026565575077035014681077908146314659,Micro,45,3769.484129939351,-3477.299114733596
UCID1206,238508603875897456405203617988496293148,Micro,277,4969.484129939351,-1977.299114733596
UCID1207,277147134340022787151582608030431018015,Micro,125,3669.484129939351,-2977.299114733596
UCID1208,144005562917495232869052244297356351879,Micro,237,4169.484129939351,-2277.299114733596
UCID1209,39557731501915038008334317635375340790,Micro,51,4369.484129939351,-3477.299114733596
UCID1210,14254852112225201597025903808571890133,Micro,4,3869.484129939351,-3877.299114733596
UCID1211,186945370494058825054596224771835493362,Micro,174,3869.484129939351,-2677.299114733596
UCID1212,9468817902017924747564106464098696506,Micro,248,5269.484129939351,-2277.299114733596
UCID1213,269531226463170631466099401563226291192,Micro,24,4669.484129939351,-3677.299114733596
UCID1214,218344740751698869532279722887897268227,Micro,310,5269.484129939351,-1577.299114733596
UCID1215,213484649979974815966705742261535741395,Micro,85,4669.484129939351,-3277.299114733596
UCID1216,304303417940143983608686615473356951026,SMC,5,4069.484129939351,-3877.299114733596
UCID1217,69462657528292667527630339816219689484,SMC,149,4569.484129939351,-2877.299114733596
UCID1218,301904078200801645176687813281196745432,SMC,205,3869.484129939351,-2477.299114733596
UCID1219,199425019955523013149939393494295662463,SMC,34,4369.484129939351,-3577.299114733596
UCID1220,85869032367602613726970858188673114442,SMC,156,5269.484129939351,-2877.299114733596
UCID1221,694338038619692542949402389723528225,SMC,101,4669.484129939351,-3177.299114733596
UCID1222,208557818667895739839858635780829998353,SMC,42,5169.484129939351,-3577.299114733596
UCID1223,294294635413343287337867510515529700699,SMC,93,3769.484129939351,-3177.299114733596
UCID1224,48104178721447500962543947916103402332,SMC,218,5169.484129939351,-2477.299114733596
UCID1225,172340395511838082312050977216151514083,SMC,42,5169.484129939351,-3577.299114733596
UCID1226,92408840158662549880108359766564995307,SMC,76,3769.484129939351,-3277.299114733596
UCID1227,317023097530068487610875241698811588125,SMC,93,3769.484129939351,-3177.299114733596
UCID1228,103411609474924234227396703721662557657,SMC,126,3769.484129939351,-2977.299114733596
UCID1229,246974460382055650051223989358678729659,SMC,1,3769.484129939351,-3977.299114733596
UCID1230,46444669266396036186523514498825195108,SMC,156,5269.484129939351,-2877.299114733596
UCID1231,328702738589290794391086459068111122296,SMC,67,4569.484129939351,-3377.299114733596
UCID1232,298662570646859663081684742588811016419,SMC,5,4069.484129939351,-3877.299114733596
UCID1233,10913448097453515035186611880054082367,SMC,178,4269.484129939351,-2677.299114733596
UCID1234,228759005422536726424176433641237715306,SMC,112,4069.484129939351,-3077.299114733596
UCID1235,242454008537474623490310307575516603687,SMC,174,3869.484129939351,-2677.299114733596
UCID1236,235428805473439533564672078941331034467,SMC,282,4369.484129939351,-1877.299114733596
UCID1237,215242765151845808241763342012238466475,SMC,27,4969.484129939351,-3677.299114733596
UCID1238,60048783719286020964719844609444228686,SMC,66,4369.484129939351,-3377.299114733596
UCID1239,65718991021729643104361189558677603062,SMC,272,4469.484129939351,-1977.299114733596
UCID1240,106569373328368630914122973686464728989,SMC,239,4369.484129939351,-2277.299114733596
UCID1241,139627803086369017737351452959111434648,SMC,261,4369.484129939351,-2077.299114733596
UCID1242,339569493869024498989285031080035430507,SMC,181,4569.484129939351,-2677.299114733596
UCID1243,9665811103507642968782398310973293988,SMC,168,4969.484129939351,-2777.299114733596
UCID1244,233483273624686413908805503145856820969,SMC,310,5269.484129939351,-1577.299114733596
UCID1245,8461544462435731293762675232842210333,SMC,112,4069.484129939351,-3077.299114733596
UCID1246,258408483836119252218033814463537543211,SMC,139,5069.484129939351,-2977.299114733596
UCID1247,215770567566588682347459153933640221161,L5_6_NP,108,5369.484129939351,-3177.299114733596
UCID1248,267194125767851671109406001667050359328,L5_6_NP,28,3769.484129939351,-3577.299114733596
UCID1249,69143009763279217993445375020222064374,L5_6_NP,71,4969.484129939351,-3377.299114733596
UCID1250,293923484203288421590898415747248288807,L5_6_NP,71,4969.484129939351,-3377.299114733596
UCID1251,26121303167210242649417819738574001023,L5_6_NP,252,4569.484129939351,-2177.299114733596
UCID1252,27164198192483428083119037269766010045,L5_6_NP,6,3869.484129939351,-3777.299114733596
UCID1253,288807821357084196310722291510149207660,L5_6_NP,100,4569.484129939351,-3177.299114733596
UCID1254,151526153313547564862311818624500171689,L5_6_NP,111,3969.484129939351,-3077.299114733596
UCID1255,92528306080435009218806458288298839546,L5_6_NP,14,4869.484129939351,-3777.299114733596
UCID1256,26206964522696174597885534295202291358,L5_6_NP,203,5269.484129939351,-2577.299114733596
UCID1257,16601433863406615071320079391392421455,L5_6_NP,11,4569.484129939351,-3777.299114733596
UCID1258,279629043061548056654505706080268258894,L5_6_NP,107,5269.484129939351,-3177.299114733596
UCID1259,92727352091027365915665486993686853076,L5_6_NP,102,4769.484129939351,-3177.299114733596
UCID1260,113285416571275146828539177577933106308,L5_6_NP,71,4969.484129939351,-3377.299114733596
UCID1261,177038923891880173666241817251536226526,L5_6_NP,251,4469.484129939351,-2177.299114733596
UCID1262,212699862674392977409607416206196945040,L5_6_NP,111,3969.484129939351,-3077.299114733596
UCID1263,93056663531734698678947921959522437700,L5_6_NP,58,5069.484129939351,-3477.299114733596
UCID1264,160125243625417062082847386256076725105,L5_6_NP,216,4969.484129939351,-2477.299114733596
UCID1265,226776730500243507908135975184942583712,L5_6_NP,108,5369.484129939351,-3177.299114733596
UCID1266,278352434919535694883769213280126305523,L5_6_NP,149,4569.484129939351,-2877.299114733596
UCID1267,55059225773231713470753187778577721133,L5_6_NP,251,4469.484129939351,-2177.299114733596
UCID1268,308178943353630952405472736921986696675,L5_6_NP,252,4569.484129939351,-2177.299114733596
UCID1269,37297157676460254395387941579680959684,L5_6_NP,124,5369.484129939351,-3077.299114733596
UCID1270,58153248140513604586751284172767787571,L5_6_NP,184,4869.484129939351,-2677.299114733596
UCID1271,220621975046830786709757059105683301601,L5_6_NP,90,5169.484129939351,-3277.299114733596
UCID1272,284857388187082251454954371908595192778,L5_6_NP,58,5069.484129939351,-3477.299114733596
UCID1273,260998586763033126766968879541286128363,L5_6_NP,23,4569.484129939351,-3677.299114733596
UCID1274,300928099507312546152937354353455724604,L5_6_NP,17,3969.484129939351,-3677.299114733596
UCID1275,207559710311500919974028011621450278887,L5_6_NP,281,5369.484129939351,-1977.299114733596
UCID1276,72588880290601694082565457366172732339,L5_6_NP,14,4869.484129939351,-3777.299114733596
UCID1277,325815854075445939106232098327816246404,L5_6_NP,28,3769.484129939351,-3577.299114733596
UCID1278,211571906498818128502568680581237806018,L5_6_NP,252,4569.484129939351,-2177.299114733596
UCID1279,196101718509452442452237247016683263917,L5_6_NP,26,4869.484129939351,-3677.299114733596
UCID1280,307112292030258216926801618289201682135,L5_6_NP,233,5169.484129939351,-2377.299114733596
UCID1281,306295811757990304159703566812995425604,L5_6_NP,269,5169.484129939351,-2077.299114733596
UCID1282,124181157945990675303084340971216308,L5_6_NP,84,4569.484129939351,-3277.299114733596
UCID1283,116708724866964250800245851028038123893,L5_6_NP,24,4669.484129939351,-3677.299114733596
UCID1284,134009011824297408119086176760255935488,L5_6_NP,111,3969.484129939351,-3077.299114733596
UCID1285,150362755728643143114099696010411152183,L5_6_NP,118,4669.484129939351,-3077.299114733596
UCID1286,134096677038907797358265218772819095536,L5_6_NP,257,5069.484129939351,-2177.299114733596
UCID1287,76879498597286780847218416558819915748,L5_6_NP,133,4469.484129939351,-2977.299114733596
UCID1288,266240468776394574803203560678894429149,L5_6_NP,176,4069.484129939351,-2677.299114733596
UCID1289,107347919257492114702939360010276165731,L5_6_NP,271,5369.484129939351,-2077.299114733596
UCID1290,125852761948185261775149542595164252950,L5_6_NP,35,4469.484129939351,-3577.299114733596
UCID1291,47113163910759547946085082853431472461,L5_6_NP,35,4469.484129939351,-3577.299114733596
UCID1292,34496774111866618197612856628738083116,L5_6_NP,118,4669.484129939351,-3077.299114733596
UCID1293,211326796842372932268831353486589430307,L5_6_NP,233,5169.484129939351,-2377.299114733596
UCID1294,268383401237536267189918483481177769435,L5_6_NP,158,3769.484129939351,-2777.299114733596
UCID1295,290229710568483706443209117125624272980,L5_6_NP,70,4869.484129939351,-3377.299114733596
UCID1296,251376581773490688464509089807618397151,L5_6_NP,176,4069.484129939351,-2677.299114733596
UCID1297,141483870871056874494063945207332449623,L5_6_NP,133,4469.484129939351,-2977.299114733596
UCID1298,104199012032694181036259463212136800428,L5_6_NP,184,4869.484129939351,-2677.299114733596
UCID1299,286590735254857135393406317824694620392,L5_6_NP,101,4669.484129939351,-3177.299114733596
UCID1300,288320749174089606835977361119950794348,L5_6_NP,232,5069.484129939351,-2377.299114733596
UCID1301,308389956167067545803010676448511929450,Vip,204,5369.484129939351,-2577.299114733596
UCID1302,119898752466573680982676473443950877160,Vip,204,5369.484129939351,-2577.299114733596
UCID1303,289401196172438129190552085074479265775,Vip,250,4369.484129939351,-2177.299114733596
UCID1304,166207520420008243227008421269296865018,Vip,63,4069.484129939351,-3377.299114733596
UCID1305,289387526633711698179023310372201483730,Vip,304,5069.484129939351,-1677.299114733596
UCID1306,253139931544042182628110986404644438606,Vip,76,3769.484129939351,-3277.299114733596
UCID1307,219120602344409770184008394787782511640,Vip,95,3969.484129939351,-3177.299114733596
UCID1308,69936950586492020552081098924613351774,Vip,115,4369.484129939351,-3077.299114733596
UCID1309,31356706333019235063944968049391552520,Vip,115,4369.484129939351,-3077.299114733596
UCID1310,139681088223189351988356093122697372855,Vip,51,4369.484129939351,-3477.299114733596
UCID1311,68586389151136334330213899568515589007,Vip,189,5369.484129939351,-2677.299114733596
UCID1312,252797203559332734668755591355637409460,Vip,198,4769.484129939351,-2577.299114733596
UCID1313,141547277750399873230170253460896358084,Vip,252,4569.484129939351,-2177.299114733596
UCID1314,198463197907965022781487295552759102427,Vip,76,3769.484129939351,-3277.299114733596
UCID1315,20088504561553729701053139157209311864,Vip,47,3969.484129939351,-3477.299114733596
UCID1316,15568788675139193467757116271502048580,Vip,186,5069.484129939351,-2677.299114733596
UCID1317,272948238617469339186265784918145686660,Vip,47,3969.484129939351,-3477.299114733596
UCID1318,332278449457129071767160899216029066341,Vip,76,3769.484129939351,-3277.299114733596
UCID1319,68396078767135494230582705566235525468,Vip,189,5369.484129939351,-2677.299114733596
UCID1320,135615468695376228062388019142397110909,Vip,249,5369.484129939351,-2277.299114733596
UCID1321,246283927444982779054357405016626007818,Vip,300,5369.484129939351,-1777.299114733596
UCID1322,175592294073369630404220731364795232647,OPC,288,5069.484129939351,-1877.299114733596
UCID1323,42952000649039209331388874042551531481,OPC,207,4069.484129939351,-2477.299114733596
UCID1324,289976676509918206718848034718443247342,OPC,13,4769.484129939351,-3777.299114733596
UCID1325,230571970203224003023041979059862816395,OPC,207,4069.484129939351,-2477.299114733596
UCID1326,49423108087719461802649899480893755818,OPC,182,4669.484129939351,-2677.299114733596
UCID1327,298237325326257541714844585731176194176,OPC,120,4869.484129939351,-3077.299114733596
UCID1328,295133360545078097466810123413356098424,OPC,207,4069.484129939351,-2477.299114733596
UCID1329,272907503406049253692797528669022153360,OPC,197,4669.484129939351,-2577.299114733596
UCID1330,154602257647205279457537764528867462332,OPC,247,5169.484129939351,-2277.299114733596
UCID1331,326096294017924869711307667296887198513,OPC,6,3869.484129939351,-3777.299114733596
UCID1332,29466339938544897211509822465273764792,OPC,207,4069.484129939351,-2477.299114733596
UCID1333,146092978862756334207746888528080111562,OPC,148,4469.484129939351,-2877.299114733596
UCID1334,187400988558980306737672775916524376643,OPC,181,4569.484129939351,-2677.299114733596
UCID1335,265826346138771634543323709096657134343,OPC,13,4769.484129939351,-3777.299114733596
UCID1336,336086475285898214960412737445807490913,OPC,274,4669.484129939351,-1977.299114733596
UCID1337,52726672208533323546363586063192635410,OPC,178,4269.484129939351,-2677.299114733596
UCID1338,198861163654364721697530936733115097946,OPC,155,5169.484129939351,-2877.299114733596
UCID1339,189725758459584952663119297392401587723,OPC,181,4569.484129939351,-2677.299114733596
UCID1340,302664363581987001423841067932857226833,OPC,98,4269.484129939351,-3177.299114733596
UCID1341,215871180258959600516728430791437798521,OPC,126,3769.484129939351,-2977.299114733596
UCID1342,27935208788722628681723885254027870864,OPC,98,4269.484129939351,-3177.299114733596
UCID1343,30417334808660423117328906634801405610,OPC,268,5069.484129939351,-2077.299114733596
UCID1344,228001330197318788530854515227161853966,OPC,23,4569.484129939351,-3677.299114733596
UCID1345,75190986565639661786173562525479263538,OPC,86,4769.484129939351,-3277.299114733596
UCID1346,38667593738818195781752706823697102767,OPC,257,5069.484129939351,-2177.299114733596
UCID1347,30441803959624348094889588768977195215,OPC,250,4369.484129939351,-2177.299114733596
UCID1348,202901672451966295848079902703426283589,OPC,268,5069.484129939351,-2077.299114733596
UCID1349,254531815001463226483103885532856849140,OPC,219,5269.484129939351,-2477.299114733596
UCID1350,294749670332160270181385024748949358700,OPC,256,4969.484129939351,-2177.299114733596
UCID1351,62179116722031549924954572524533105089,OPC,72,5069.484129939351,-3377.299114733596
UCID1352,109979375552010212879865523379737278773,OPC,132,4369.484129939351,-2977.299114733596
UCID1353,256667632834015189360429396468126921395,OPC,87,4869.484129939351,-3277.299114733596
UCID1354,218179056797747119851350336436387649872,OPC,281,5369.484129939351,-1977.299114733596
UCID1355,122563652066754654340532923841174484601,OPC,74,5269.484129939351,-3377.299114733596
UCID1356,339950622410122653829488101579411084193,OPC,288,5069.484129939351,-1877.299114733596
UCID1357,289382397480189968180495803025608805591,OPC,148,4469.484129939351,-2877.299114733596
UCID1358,232354921826202787945041022130420710188,OPC,298,5169.484129939351,-1777.299114733596
UCID1359,140593325696012872952303977905167901782,OPC,155,5169.484129939351,-2877.299114733596
UCID1360,181995002834573220729074359093393843196,Pvalb,203,5269.484129939351,-2577.299114733596
UCID1361,285542291054828869801420482045222593047,Pvalb,81,4269.484129939351,-3277.299114733596
UCID1362,200339140521603772420630925411227336738,Pvalb,81,4269.484129939351,-3277.299114733596
UCID1363,19718034023801164276248859736327196868,Pvalb,247,5169.484129939351,-2277.299114733596
UCID1364,339532723524018368771610803127206821565,Pvalb,158,3769.484129939351,-2777.299114733596
UCID1365,19225191829134905751851574393067240877,Pvalb,153,4969.484129939351,-2877.299114733596
UCID1366,24719179995333249692618441640306202410,Pvalb,73,5169.484129939351,-3377.299114733596
UCID1367,162240904390649022898001971149742379002,Pvalb,59,5169.484129939351,-3477.299114733596
UCID1368,161724547442850522073352906280087264446,Pvalb,290,5269.484129939351,-1877.299114733596
UCID1369,192269949099635943153846876796858476977,Pvalb,203,5269.484129939351,-2577.299114733596
UCID1370,176406484765153833608521531999066854182,Pvalb,173,3769.484129939351,-2677.299114733596
UCID1371,85468594551127822135418746575550657459,Pvalb,298,5169.484129939351,-1777.299114733596
UCID1372,298940741564175772778984183411980154249,Pvalb,188,5269.484129939351,-2677.299114733596
UCID1373,315270777555940630541255897558059611239,Pvalb,73,5169.484129939351,-3377.299114733596
UCID1374,307578697294160893058358485557959703093,Pvalb,43,5269.484129939351,-3577.299114733596
UCID1375,132153595056912045534790010739408635052,Pvalb,264,4669.484129939351,-2077.299114733596
UCID1376,295782885883243046771032648485890778966,Pvalb,86,4769.484129939351,-3277.299114733596
UCID1377,309759485370683121495795098454720452751,Pvalb,81,4269.484129939351,-3277.299114733596
UCID1378,9395467100224202867868594833147593894,Pvalb,264,4669.484129939351,-2077.299114733596
UCID1379,162566063178710879634856024808055523420,Pvalb,73,5169.484129939351,-3377.299114733596
UCID1380,74106864463396252968687281128478955333,Pvalb,264,4669.484129939351,-2077.299114733596
UCID1381,91247351785016170352500560122467898330,Pvalb,158,3769.484129939351,-2777.299114733596
UCID1382,92249961499584237843705479490312388656,Pvalb,86,4769.484129939351,-3277.299114733596
UCID1383,272703850843569468165518297821728857911,Pvalb,198,4769.484129939351,-2577.299114733596
UCID1384,338449190833633224925719141423722246610,Pvalb,153,4969.484129939351,-2877.299114733596
UCID1385,210970793013695036294747078418548472442,Pvalb,188,5269.484129939351,-2677.299114733596
UCID1386,54758718559687658226966836866011760267,Pvalb,199,4869.484129939351,-2577.299114733596
UCID1387,88746601377997461198516882445729492668,L6_IT_Car3,195,4469.484129939351,-2577.299114733596
UCID1388,262513366284392704051059994100828791627,L6_IT_Car3,106,5169.484129939351,-3177.299114733596
UCID1389,94279254603645439631029096018676891024,L6_IT_Car3,85,4669.484129939351,-3277.299114733596
UCID1390,243361928824143396642563097419624259821,L6_IT_Car3,138,4969.484129939351,-2977.299114733596
UCID1391,296927420650450639669502352571268926975,L6_IT_Car3,49,4169.484129939351,-3477.299114733596
UCID1392,2758102793355810541703117262052720006,L6_IT_Car3,210,4369.484129939351,-2477.299114733596
UCID1393,184764236795491424123660605717329874445,L6_IT_Car3,78,3969.484129939351,-3277.299114733596
UCID1394,239300795362510629912706113389155720128,L6_IT_Car3,74,5269.484129939351,-3377.299114733596
UCID1395,168731667498036097758583211078170469183,L6_IT_Car3,10,4469.484129939351,-3777.299114733596
UCID1396,76679895115032217952520549639776662384,L6_IT_Car3,87,4869.484129939351,-3277.299114733596
UCID1397,56143055507925301042595257956339694596,L6_IT_Car3,121,4969.484129939351,-3077.299114733596
UCID1398,291701330163170449149684624380072963905,L6_IT_Car3,22,4469.484129939351,-3677.299114733596
UCID1399,268030594011163740807460920100678865134,L6_IT_Car3,146,4269.484129939351,-2877.299114733596
UCID1400,288249800495611925439316598872848037525,L6_IT_Car3,40,4969.484129939351,-3577.299114733596
UCID1401,16748429696718963900347427816245961987,L6_IT_Car3,78,3969.484129939351,-3277.299114733596
UCID1402,134025348672407663229349262409322561884,L6_IT_Car3,237,4169.484129939351,-2277.299114733596
