CellID	CellType
140838	Stromal
6331	Stromal
160220	DCIS_2
12295	DCIS_2
88907	Invasive_Tumor
40802	Stromal
137485	Myoepi_ACTA2
3684	Invasive_Tumor
23352	Stromal
120554	CD8_T_Cells
93782	Stromal
120092	CD4_T_Cells
28145	DCIS_1
96380	Stromal
126298	Invasive_Tumor
122174	Unlabeled
103407	Invasive_Tumor
17525	Stromal
53749	Invasive_Tumor
110293	CD4_T_Cells
132847	Stromal
90221	Endothelial
129476	DCIS_2
28432	Myoepi_ACTA2
78578	Myoepi_KRT15
34419	Invasive_Tumor
86896	Invasive_Tumor
51262	Macrophages_1
79760	B_Cells
49255	Macrophages_1
99726	Stromal
104021	CD8_T_Cells
61138	Invasive_Tumor
121593	B_Cells
113626	Stromal
64917	Invasive_Tumor
24505	Invasive_Tumor
91486	Stromal
69322	Invasive_Tumor
162676	DCIS_2
45896	DCIS_1
109790	Stromal
50164	Macrophages_1
13681	CD4_T_Cells
156700	Myoepi_KRT15
100619	Invasive_Tumor
64912	Invasive_Tumor
122980	Macrophages_1
167749	DCIS_2
111817	B_Cells
141613	DCIS_2
123307	Perivascular_Like
52342	Invasive_Tumor
136109	Stromal
123228	DCIS_1
52027	Invasive_Tumor
32197	Stromal
801	Endothelial
61074	Macrophages_1
78073	Stromal
106490	Macrophages_1
40708	Macrophages_1
149639	Stromal
71419	Invasive_Tumor
34462	Invasive_Tumor
122770	DCIS_1
82340	Stromal
61606	Stromal
2718	CD4_T_Cells
77408	Macrophages_1
139310	Stromal
142157	Stromal
44849	Macrophages_1
20089	DCIS_1
149638	CD8_T_Cells
87329	Macrophages_1
48753	Invasive_Tumor
101762	CD4_T_Cells
35712	Invasive_Tumor
20579	Invasive_Tumor
63028	Prolif_Invasive_Tumor
130911	Stromal
138256	Unlabeled
151507	Stromal
91274	Macrophages_1
13678	Stromal
107452	Stromal
62863	Unlabeled
99313	Invasive_Tumor
45587	DCIS_1
123765	DCIS_1
37713	CD8_T_Cells
167770	DCIS_2
13213	DCIS_1
57967	Invasive_Tumor
138445	Stromal
116151	B_Cells
44637	Endothelial
81562	B_Cells
89476	Prolif_Invasive_Tumor
8123	Endothelial
12792	DCIS_2
159508	DCIS_2
123444	Stromal
18957	Prolif_Invasive_Tumor
11617	DCIS_2
74566	Invasive_Tumor
351	Unlabeled
116503	Stromal
32561	Macrophages_1
119271	DCIS_1
146519	DCIS_2
163000	DCIS_2
29144	CD4_T_Cells
86733	Invasive_Tumor
106668	Macrophages_1
119732	Endothelial
79449	Stromal
45867	DCIS_1
158438	Myoepi_ACTA2
127067	DCIS_1
30257	Invasive_Tumor
155925	Endothelial
51849	Prolif_Invasive_Tumor
32990	IRF7_DCs
71672	Invasive_Tumor
135668	Stromal
36742	B_Cells
63683	Invasive_Tumor
64208	Stromal
105080	Stromal
133451	Myoepi_ACTA2
119998	CD4_T_Cells
46713	Unlabeled
18276	Invasive_Tumor
56464	Invasive_Tumor
151372	Macrophages_1
151804	Endothelial
50577	Invasive_Tumor
158942	DCIS_2
137213	CD4_T_Cells
165531	DCIS_2
159862	DCIS_2
56799	CD4_T_Cells
30405	B_Cells
129321	DCIS_2
123400	Stromal
52422	Stromal
68923	Macrophages_1
158091	Myoepi_KRT15
22275	Invasive_Tumor
104224	DCIS_1
112655	CD4_T_Cells
142031	DCIS_2
36054	Stromal
144107	Macrophages_1
165156	DCIS_2
34431	Invasive_Tumor
62569	Stromal
98915	Unlabeled
139612	Stromal
106502	Stromal
129117	DCIS_2
75528	Invasive_Tumor
30896	Stromal
7424	Invasive_Tumor
133284	B_Cells
52786	Prolif_Invasive_Tumor
145413	DCIS_2
139540	Stromal
82309	Stromal
109516	Macrophages_1
38945	CD4_T_Cells
74973	Myoepi_KRT15
113629	Stromal
70825	CD8_T_Cells
147486	Stromal
136944	Stromal
130895	Endothelial
54756	Invasive_Tumor
166843	Stromal
100840	Stromal
50906	DCIS_1
139975	Stromal
64708	Invasive_Tumor
162765	DCIS_2
27460	Stromal
36931	Stromal
100091	Invasive_Tumor
158072	Myoepi_KRT15
95721	Stromal
131451	Unlabeled
106441	Stromal
108439	B_Cells
98802	CD4_T_Cells
151907	CD8_T_Cells
17110	Stromal
7825	Stromal
22261	Invasive_Tumor
4125	Invasive_Tumor
27309	CD8_T_Cells
129330	DCIS_2
97031	Stromal
107592	Stromal
117836	Macrophages_1
58856	Unlabeled
160983	DCIS_2
34216	CD8_T_Cells
83550	Stromal
77450	Stromal
154482	DCIS_2
115298	CD4_T_Cells
67556	DCIS_1
71544	Invasive_Tumor
161547	B_Cells
72287	Invasive_Tumor
31598	Macrophages_1
56003	Endothelial
163095	Endothelial
72592	Invasive_Tumor
138903	Stromal
150530	Invasive_Tumor
17595	Stromal
54299	Invasive_Tumor
18832	Invasive_Tumor
20847	DCIS_1
117209	DCIS_1
88494	Invasive_Tumor
54920	Invasive_Tumor
44776	Macrophages_1
109031	Myoepi_ACTA2
164505	Myoepi_KRT15
45397	Invasive_Tumor
6822	Invasive_Tumor
44397	DCIS_1
79718	CD4_T_Cells
26575	Stromal
39133	Stromal
4796	Invasive_Tumor
146464	Macrophages_1
153092	Stromal
37945	CD4_T_Cells
5958	Invasive_Tumor
162932	DCIS_2
158381	Stromal
11674	DCIS_2
157434	DCIS_2
33672	Invasive_Tumor
35469	Stromal_T_Cell_Hybrid
106429	Stromal
6611	Stromal
124328	DCIS_1
63651	Invasive_Tumor
45853	DCIS_1
103849	Endothelial
161297	Myoepi_ACTA2
148303	B_Cells
128081	Myoepi_ACTA2
101781	Macrophages_1
9670	Unlabeled
16890	Invasive_Tumor
53053	Invasive_Tumor
48125	Invasive_Tumor
28170	Myoepi_ACTA2
33841	Stromal
49226	Invasive_Tumor
32914	Prolif_Invasive_Tumor
89392	Endothelial
2680	Unlabeled
18923	Invasive_Tumor
127171	CD8_T_Cells
1473	DCIS_1
113799	Stromal
92549	Endothelial
67488	DCIS_1
57089	Invasive_Tumor
42195	DCIS_1
57790	Invasive_Tumor
30387	Stromal
107609	Stromal
124557	Endothelial
121886	DCIS_1
86436	Invasive_Tumor
140420	DCIS_2
149838	Stromal
13736	DCIS_2
132486	Stromal
40747	Macrophages_1
136800	DCIS_1
105493	Stromal
67885	Invasive_Tumor
117097	Stromal
140785	Stromal
84543	Invasive_Tumor
37393	Stromal
109134	CD8_T_Cells
54329	Invasive_Tumor
87603	Invasive_Tumor
143873	Myoepi_KRT15
119488	Stromal
79848	DCIS_1
7690	Stromal
76960	CD8_T_Cells
118065	Myoepi_ACTA2
4904	Invasive_Tumor
63794	Stromal
141805	DCIS_2
142438	Stromal
27003	CD4_T_Cells
28050	CD4_T_Cells
13720	DCIS_2
60578	Invasive_Tumor
160965	Stromal
147806	Stromal
85600	Invasive_Tumor
124795	Stromal
34758	Invasive_Tumor
14054	Invasive_Tumor
35522	Invasive_Tumor
136033	Stromal
150404	Macrophages_1
153866	DCIS_2
121310	B_Cells
34497	Invasive_Tumor
161929	DCIS_2
38784	CD4_T_Cells
111201	Stromal
114665	Endothelial
139010	Stromal
78680	Stromal
111006	Stromal
20387	Unlabeled
62903	Macrophages_1
112028	Unlabeled
155803	CD4_T_Cells
36555	Macrophages_1
81515	B_Cells
157566	DCIS_2
68575	Unlabeled
127144	Unlabeled
147550	DCIS_2
161563	CD8_T_Cells
159880	DCIS_2
89947	Invasive_Tumor
97588	Macrophages_1
65251	Invasive_Tumor
87659	Stromal
113396	Unlabeled
8581	CD4_T_Cells
77315	CD4_T_Cells
159069	DCIS_1
32943	Stromal
101596	Invasive_Tumor
21005	Invasive_Tumor
16340	Myoepi_ACTA2
108737	Stromal
15821	Myoepi_ACTA2
96011	Stromal
112925	Stromal
136923	Macrophages_1
76844	Macrophages_2
54666	Endothelial
6189	Myoepi_ACTA2
26104	CD8_T_Cells
116126	DCIS_1
81225	Stromal
18635	Invasive_Tumor
41045	Myoepi_ACTA2
40190	Stromal
57032	Prolif_Invasive_Tumor
77449	Stromal
123879	Invasive_Tumor
77198	CD4_T_Cells
126319	DCIS_1
124905	DCIS_1
23493	Myoepi_ACTA2
95711	CD8_T_Cells
57799	CD8_T_Cells
12622	B_Cells
102214	B_Cells
127319	Macrophages_2
58565	Invasive_Tumor
39003	Stromal
81033	Macrophages_2
81522	CD8_T_Cells
42010	Macrophages_1
134026	CD4_T_Cells
21891	Endothelial
23421	Prolif_Invasive_Tumor
100175	Invasive_Tumor
125640	DCIS_1
86411	Invasive_Tumor
105902	CD8_T_Cells
71052	Invasive_Tumor
56983	Invasive_Tumor
626	Myoepi_ACTA2
139090	Stromal
15867	Invasive_Tumor
71887	Invasive_Tumor
139941	Macrophages_1
6460	Myoepi_ACTA2
96863	Stromal
35292	Endothelial
43627	Stromal
164410	DCIS_2
140116	Endothelial
17797	Invasive_Tumor
84213	Macrophages_1
21169	Stromal
31703	Macrophages_1
16097	Myoepi_ACTA2
86555	Invasive_Tumor
159892	DCIS_2
130906	Stromal
148815	Stromal
123143	Unlabeled
131547	Endothelial
7470	Invasive_Tumor
107399	Stromal
115126	Stromal
28551	Unlabeled
76328	Prolif_Invasive_Tumor
80942	Stromal
7199	Invasive_Tumor
152655	DCIS_2
136955	B_Cells
3473	B_Cells
151949	Macrophages_1
70446	Stromal
24524	Invasive_Tumor
147351	DCIS_2
64241	Invasive_Tumor
23137	Stromal
81064	Stromal
40651	CD4_T_Cells
139264	Unlabeled
153953	DCIS_2
75918	Invasive_Tumor
62665	Invasive_Tumor
85881	Invasive_Tumor
144504	Stromal
147144	Macrophages_1
90336	Stromal
26279	DCIS_1
163886	Myoepi_ACTA2
133093	B_Cells
53222	Stromal
71858	Stromal
50888	Myoepi_ACTA2
74877	Invasive_Tumor
14827	DCIS_1
84285	Invasive_Tumor
67213	Prolif_Invasive_Tumor
86932	Invasive_Tumor
71729	Unlabeled
64067	Stromal
53341	Invasive_Tumor
130670	B_Cells
127934	Macrophages_1
8776	Stromal
129440	Stromal
7444	Endothelial
46647	Invasive_Tumor
61136	Invasive_Tumor
131386	Stromal
49307	DCIS_1
2761	CD4_T_Cells
120890	Macrophages_1
165287	Invasive_Tumor
91575	Stromal
108447	Stromal
149837	Stromal
96420	Stromal
4114	Invasive_Tumor
3798	Prolif_Invasive_Tumor
70162	Invasive_Tumor
28353	Prolif_Invasive_Tumor
164724	Macrophages_1
139667	Stromal
113145	DCIS_1
13070	DCIS_2
24333	CD8_T_Cells
47429	DCIS_1
53772	Invasive_Tumor
110994	Macrophages_1
123974	Unlabeled
36935	Macrophages_1
141745	DCIS_2
118077	DCIS_1
75903	Endothelial
11044	Stromal
82852	CD4_T_Cells
62169	Invasive_Tumor
151124	CD4_T_Cells
18085	CD4_T_Cells
83572	Stromal
38407	Stromal
134858	DCIS_2
37008	Invasive_Tumor
57094	Invasive_Tumor
108573	Stromal
103562	Macrophages_1
124397	DCIS_1
8161	Endothelial
135949	Stromal
70891	Invasive_Tumor
106730	Myoepi_ACTA2
2894	Macrophages_1
133036	Stromal
54631	Macrophages_1
6139	Myoepi_ACTA2
126498	Stromal_T_Cell_Hybrid
62036	Invasive_Tumor
78145	CD8_T_Cells
138266	Stromal
166222	Myoepi_ACTA2
85107	Invasive_Tumor
85782	Prolif_Invasive_Tumor
132014	DCIS_2
46144	CD4_T_Cells
137669	Macrophages_1
71377	Invasive_Tumor
88290	Invasive_Tumor
44416	DCIS_1
46252	DCIS_1
99760	Macrophages_1
137965	Unlabeled
42730	DCIS_1
35319	Endothelial
105873	DCIS_1
132891	CD4_T_Cells
103969	Stromal
141043	Myoepi_KRT15
98785	Stromal
101493	Invasive_Tumor
137611	CD4_T_Cells
127179	Perivascular_Like
46313	Unlabeled
122089	Stromal
111829	CD4_T_Cells
57918	Invasive_Tumor
115443	CD4_T_Cells
137191	CD8_T_Cells
8987	Stromal
133220	Myoepi_ACTA2
9589	B_Cells
27112	CD4_T_Cells
58587	Stromal
152760	Stromal
137381	B_Cells
65741	Invasive_Tumor
106246	Myoepi_ACTA2
68399	Unlabeled
89900	Invasive_Tumor
95223	Myoepi_KRT15
99185	Unlabeled
37072	Invasive_Tumor
126763	DCIS_1
19243	Invasive_Tumor
87793	Invasive_Tumor
32435	Invasive_Tumor
132495	Stromal
61995	Invasive_Tumor
42120	DCIS_1
157894	DCIS_2
63736	Invasive_Tumor
135645	Stromal
72913	Invasive_Tumor
111697	Invasive_Tumor
138589	Macrophages_1
118833	Stromal
84052	Macrophages_2
11513	DCIS_2
33754	Invasive_Tumor
133260	Myoepi_KRT15
67336	Invasive_Tumor
166854	Stromal
139225	DCIS_2
99862	Invasive_Tumor
3028	DCIS_1
88596	Invasive_Tumor
87288	Invasive_Tumor
28376	Prolif_Invasive_Tumor
91434	Perivascular_Like
153538	DCIS_2
150036	Stromal
691	CD8_T_Cells
74643	Invasive_Tumor
54696	Prolif_Invasive_Tumor
157274	Macrophages_2
141358	CD8_T_Cells
57461	Prolif_Invasive_Tumor
42341	DCIS_1
87870	Invasive_Tumor
17841	Macrophages_1
14068	Stromal
100126	Invasive_Tumor
92846	Stromal
12657	DCIS_2
47676	Invasive_Tumor
131572	Macrophages_1
163076	Stromal
114593	Stromal
107259	Stromal
38539	Stromal
116876	Stromal
126155	DCIS_1
74997	Stromal
117298	Unlabeled
4231	Macrophages_1
139651	DCIS_2
97633	Macrophages_1
90661	Invasive_Tumor
95160	Stromal
57930	Invasive_Tumor
62081	Prolif_Invasive_Tumor
164341	Myoepi_KRT15
10824	Stromal
139038	Stromal
40268	CD8_T_Cells
87278	Invasive_Tumor
155798	Endothelial
13952	DCIS_2
153002	Endothelial
53574	Prolif_Invasive_Tumor
60433	Macrophages_1
127509	Stromal
48498	Invasive_Tumor
120885	IRF7_DCs
117011	CD4_T_Cells
115547	Stromal
124567	DCIS_1
85839	Invasive_Tumor
15240	Invasive_Tumor
109448	DCIS_1
71553	Invasive_Tumor
53279	Prolif_Invasive_Tumor
137911	CD4_T_Cells
22360	Myoepi_ACTA2
90431	Invasive_Tumor
30951	CD4_T_Cells
44044	Invasive_Tumor
159001	DCIS_2
134330	CD8_T_Cells
43651	Stromal
164795	CD4_T_Cells
116167	Stromal
159143	Invasive_Tumor
4190	Invasive_Tumor
22250	T_Cell_Tumor_Hybrid
165650	Myoepi_KRT15
167142	Myoepi_KRT15
164539	Myoepi_ACTA2
15268	DCIS_1
49172	Invasive_Tumor
122483	CD4_T_Cells
67768	DCIS_1
65495	CD8_T_Cells
133044	DCIS_2
21723	CD8_T_Cells
55761	Invasive_Tumor
113857	IRF7_DCs
151904	DCIS_2
18049	Invasive_Tumor
80195	Stromal
14151	DCIS_2
103080	Stromal
103475	Invasive_Tumor
40189	Macrophages_1
47273	DCIS_1
105877	DCIS_1
38843	CD4_T_Cells
112569	DCIS_1
83078	Stromal
30503	Invasive_Tumor
95558	Stromal
83045	CD4_T_Cells
66401	Myoepi_ACTA2
102039	Macrophages_2
63133	Invasive_Tumor
158867	CD8_T_Cells
139885	Stromal
33724	Endothelial
19659	Invasive_Tumor
89599	Invasive_Tumor
88320	Unlabeled
131727	Macrophages_1
59671	Invasive_Tumor
125538	DCIS_1
44288	Invasive_Tumor
155975	DCIS_2
30636	Invasive_Tumor
107055	Stromal
8170	Endothelial
36822	Macrophages_1
144753	Invasive_Tumor
147156	Macrophages_1
43397	Prolif_Invasive_Tumor
65239	Invasive_Tumor
68600	Invasive_Tumor
96014	Stromal
133264	CD4_T_Cells
160020	DCIS_2
163820	Stromal
51802	Invasive_Tumor
88574	Invasive_Tumor
163118	Macrophages_1
72641	Prolif_Invasive_Tumor
26496	Macrophages_1
147839	Invasive_Tumor
19682	Invasive_Tumor
86509	Invasive_Tumor
44987	Stromal
18006	Invasive_Tumor
100372	Invasive_Tumor
21164	Invasive_Tumor
103994	Stromal
156986	Myoepi_KRT15
136310	Macrophages_1
16112	Stromal
70813	CD8_T_Cells
55684	Macrophages_2
69304	Invasive_Tumor
56815	Stromal
109342	Stromal
130460	Endothelial
1070	CD8_T_Cells
20812	Unlabeled
106423	Stromal
8429	Endothelial
31541	Stromal
84610	Endothelial
120908	CD4_T_Cells
133831	DCIS_2
143403	DCIS_2
128621	DCIS_2
21112	Macrophages_1
51411	Invasive_Tumor
39373	Invasive_Tumor
74871	Stromal
14160	DCIS_2
19402	CD4_T_Cells
34849	Endothelial
10275	Macrophages_1
11751	Stromal
21446	Macrophages_1
80914	CD4_T_Cells
167370	Stromal
129371	CD8_T_Cells
148444	Stromal
127156	Stromal
48112	Invasive_Tumor
104276	Myoepi_ACTA2
114022	Stromal
56932	Invasive_Tumor
133849	DCIS_2
4560	Stromal
150007	Myoepi_ACTA2
37921	B_Cells
54282	Invasive_Tumor
162665	DCIS_2
128880	CD8_T_Cells
18627	Invasive_Tumor
156374	Endothelial
157175	DCIS_2
117028	Stromal
47510	Invasive_Tumor
18235	Macrophages_1
25049	B_Cells
51009	Myoepi_ACTA2
118001	Macrophages_1
90549	Invasive_Tumor
154817	CD8_T_Cells
31952	Invasive_Tumor
35094	Stromal
164716	B_Cells
56450	Invasive_Tumor
91028	Stromal
11843	Stromal
28051	CD4_T_Cells
27626	DCIS_1
166482	Endothelial
136577	CD4_T_Cells
91439	B_Cells
78928	Stromal
135990	Stromal
5217	Unlabeled
17309	Invasive_Tumor
115717	CD8_T_Cells
14405	DCIS_1
138506	CD4_T_Cells
66531	Prolif_Invasive_Tumor
82250	Stromal
2592	Invasive_Tumor
122391	Stromal
17614	Invasive_Tumor
45357	DCIS_1
94879	Stromal
113517	Stromal
43372	B_Cells
78006	DCIS_1
113924	Invasive_Tumor
156369	Stromal
107863	Stromal
158716	Stromal
1715	Invasive_Tumor
62567	Invasive_Tumor
2533	Stromal
108374	Stromal
89686	Invasive_Tumor
79282	DCIS_1
166396	Myoepi_ACTA2
158912	DCIS_2
110356	LAMP3_DCs
114780	Stromal
129003	Stromal
38584	Stromal
9068	Stromal
33701	Invasive_Tumor
6419	B_Cells
119266	DCIS_1
65841	Unlabeled
16290	DCIS_1
134000	Stromal
108449	Stromal
82488	Unlabeled
62915	Endothelial
46849	DCIS_1
126159	DCIS_1
65514	Macrophages_1
123180	Invasive_Tumor
153523	DCIS_2
102502	Stromal
59739	Invasive_Tumor
119959	Macrophages_1
164855	DCIS_2
41644	Unlabeled
154004	Myoepi_ACTA2
42578	DCIS_1
117710	Myoepi_ACTA2
90913	Stromal
33256	CD4_T_Cells
21955	DCIS_1
120725	Macrophages_1
126808	DCIS_1
78570	Myoepi_ACTA2
83542	Stromal
52691	Invasive_Tumor
151245	Stromal
107532	Stromal
132218	Macrophages_1
75907	Invasive_Tumor
59417	Invasive_Tumor
148141	DCIS_2
42896	Macrophages_1
5618	Unlabeled
163917	Stromal
84475	Stromal
88221	Invasive_Tumor
44874	Invasive_Tumor
127417	Stromal
72106	Endothelial
5438	Unlabeled
51918	Stromal
58448	Invasive_Tumor
1326	Macrophages_1
72111	Prolif_Invasive_Tumor
45353	DCIS_1
78955	Stromal
39156	Macrophages_1
24852	Endothelial
3562	Unlabeled
38956	CD4_T_Cells
162190	Stromal
88194	Unlabeled
55772	Invasive_Tumor
39139	CD4_T_Cells
56270	Invasive_Tumor
38151	Stromal
64343	Invasive_Tumor
92390	Invasive_Tumor
101327	Invasive_Tumor
56131	Invasive_Tumor
61210	Stromal
58957	Invasive_Tumor
88548	Invasive_Tumor
48149	Stromal
4229	Invasive_Tumor
65984	Invasive_Tumor
155851	Myoepi_KRT15
79013	CD4_T_Cells
101812	Macrophages_1
145680	Myoepi_ACTA2
149297	Macrophages_2
105013	Stromal
73242	Macrophages_1
121295	Myoepi_ACTA2
32678	Endothelial
151523	IRF7_DCs
75780	Stromal
120071	Macrophages_1
157424	DCIS_2
87196	Invasive_Tumor
57839	Invasive_Tumor
164047	Myoepi_KRT15
21454	Stromal
12580	DCIS_1
83843	Stromal
62319	Macrophages_1
47254	Invasive_Tumor
146127	B_Cells
159462	Stromal
80535	Stromal
72329	Stromal
95405	CD8_T_Cells
97081	CD8_T_Cells
32238	Invasive_Tumor
162054	DCIS_2
118112	Stromal
51512	Macrophages_1
154266	Stromal
97352	Stromal
145724	Stromal
127161	Stromal
75293	Endothelial
41142	CD4_T_Cells
54394	Invasive_Tumor
138346	CD8_T_Cells
138240	Macrophages_1
66003	Invasive_Tumor
92503	Macrophages_1
28292	Macrophages_1
29756	Endothelial
84646	Invasive_Tumor
156151	Myoepi_KRT15
90927	Mast_Cells
12994	Macrophages_1
118080	DCIS_1
92320	Invasive_Tumor
25367	B_Cells
99685	Stromal
43631	Invasive_Tumor
139511	Stromal
100074	Invasive_Tumor
14961	DCIS_1
122318	Stromal
140567	B_Cells
164404	DCIS_2
70686	Invasive_Tumor
99046	CD4_T_Cells
2509	B_Cells
13284	DCIS_2
75815	Stromal
108081	Stromal
141104	DCIS_2
140916	CD8_T_Cells
37126	B_Cells
85220	Unlabeled
81929	Stromal
159939	DCIS_2
25111	Stromal
10380	DCIS_2
101953	LAMP3_DCs
119163	Stromal
68630	Invasive_Tumor
141325	Stromal
14913	DCIS_1
108340	Stromal
65313	B_Cells
105172	DCIS_1
152037	CD8_T_Cells
143820	DCIS_1
72569	Stromal
16276	DCIS_1
147326	Myoepi_KRT15
86961	Invasive_Tumor
95864	Stromal
45472	Invasive_Tumor
99462	Invasive_Tumor
41652	DCIS_1
97978	Stromal
21676	CD4_T_Cells
91273	Macrophages_1
89450	Endothelial
52245	Invasive_Tumor
63727	Stromal
97971	Stromal
109975	Unlabeled
273	Endothelial
146956	Myoepi_ACTA2
35855	Endothelial
48049	Invasive_Tumor
53918	Prolif_Invasive_Tumor
141562	DCIS_2
87850	Invasive_Tumor
51007	Unlabeled
93544	Myoepi_ACTA2
98959	Macrophages_1
6233	Macrophages_1
151693	DCIS_2
11732	DCIS_2
113364	Unlabeled
157909	DCIS_2
111948	Macrophages_1
91166	CD4_T_Cells
65419	Stromal
65059	CD4_T_Cells
109168	DCIS_1
58392	Prolif_Invasive_Tumor
51825	Invasive_Tumor
119162	Stromal
70760	Invasive_Tumor
23347	Stromal
114763	Stromal
33267	Stromal
38837	Unlabeled
53339	Macrophages_1
14593	Invasive_Tumor
51146	CD4_T_Cells
115603	B_Cells
65653	Invasive_Tumor
13962	DCIS_2
64294	Invasive_Tumor
41981	Endothelial
38115	DCIS_1
103201	Invasive_Tumor
151148	CD4_T_Cells
156091	DCIS_2
61132	Invasive_Tumor
10884	Endothelial
26841	CD8_T_Cells
160153	Stromal
153747	DCIS_2
49081	Stromal
110393	Myoepi_ACTA2
38487	Unlabeled
102119	Unlabeled
22101	Invasive_Tumor
113288	Unlabeled
108529	Stromal
69652	Stromal
65755	Invasive_Tumor
72396	Macrophages_1
58097	Invasive_Tumor
99311	Stromal
59599	Stromal
52793	Invasive_Tumor
54563	Invasive_Tumor
60677	Stromal
138778	Stromal
67344	DCIS_1
162242	Myoepi_KRT15
134249	Myoepi_ACTA2
89320	B_Cells
41827	DCIS_1
96891	Macrophages_2
41833	DCIS_1
147220	Endothelial
3129	Macrophages_1
157649	DCIS_2
161025	Perivascular_Like
161317	DCIS_2
126885	Stromal
65958	Invasive_Tumor
104968	Stromal
34862	Invasive_Tumor
52286	T_Cell_Tumor_Hybrid
134553	Stromal
8564	Myoepi_KRT15
22334	Stromal
104859	Stromal
17406	Invasive_Tumor
167310	DCIS_2
140497	Macrophages_1
62883	Stromal
87670	Invasive_Tumor
129169	Macrophages_1
55393	CD4_T_Cells
130080	Stromal
78111	B_Cells
156457	DCIS_1
103486	Invasive_Tumor
98603	Stromal
143769	B_Cells
34103	Stromal
17710	Invasive_Tumor
8865	DCIS_1
113929	Invasive_Tumor
130765	Perivascular_Like
72226	Unlabeled
28105	Myoepi_ACTA2
76824	B_Cells
153822	DCIS_2
151515	Endothelial
33172	Invasive_Tumor
32353	Stromal
64608	Macrophages_2
76524	Macrophages_1
142194	Stromal
39401	Stromal
11140	Perivascular_Like
110981	Unlabeled
115597	Stromal
164692	DCIS_2
61894	B_Cells
41119	CD4_T_Cells
159581	Stromal
50150	B_Cells
23468	DCIS_1
109569	Unlabeled
105071	Stromal
120864	Unlabeled
48953	Endothelial
29117	CD4_T_Cells
129890	Myoepi_KRT15
89445	CD4_T_Cells
84779	Endothelial
92017	CD8_T_Cells
21364	Stromal
112865	Macrophages_1
109767	CD8_T_Cells
7592	Stromal
75108	Macrophages_1
155253	Stromal
106046	Myoepi_ACTA2
16611	DCIS_1
102565	Stromal
120852	Perivascular_Like
93890	Stromal
28503	CD8_T_Cells
95623	Macrophages_1
47349	Invasive_Tumor
125528	DCIS_1
37798	CD4_T_Cells
63484	Invasive_Tumor
120513	DCIS_1
43070	Endothelial
149161	Stromal
145802	DCIS_1
27450	Stromal
78832	CD4_T_Cells
33443	Unlabeled
153744	DCIS_2
10304	CD8_T_Cells
10791	Stromal
62266	Invasive_Tumor
108405	Stromal
95710	CD8_T_Cells
164430	DCIS_2
47146	Myoepi_ACTA2
152866	Myoepi_ACTA2
89421	Invasive_Tumor
59642	Invasive_Tumor
116064	Unlabeled
62172	Invasive_Tumor
101031	Prolif_Invasive_Tumor
32341	Invasive_Tumor
152704	DCIS_2
40727	Stromal
19822	Stromal
150710	Unlabeled
160533	DCIS_2
77877	Stromal
8423	CD8_T_Cells
157801	DCIS_2
139031	Stromal
106144	Stromal
62968	Invasive_Tumor
104409	Myoepi_ACTA2
159594	Stromal
147462	DCIS_2
127263	Endothelial
76963	Stromal
59191	Invasive_Tumor
141739	DCIS_2
102657	Stromal
39342	Macrophages_1
88201	Invasive_Tumor
100884	Macrophages_2
146644	DCIS_2
49752	Invasive_Tumor
151465	Endothelial
58012	Invasive_Tumor
128403	Macrophages_1
78094	Stromal
11068	CD8_T_Cells
158681	Stromal
77592	Stromal
9188	Stromal
25117	Invasive_Tumor
24392	Invasive_Tumor
129004	Stromal
89580	Stromal
43902	Stromal
129653	Myoepi_ACTA2
115236	CD4_T_Cells
54803	Invasive_Tumor
134555	Stromal
14734	Invasive_Tumor
53396	Endothelial
26430	Invasive_Tumor
144255	Myoepi_KRT15
107141	Macrophages_1
155561	DCIS_2
88906	Invasive_Tumor
160101	Stromal
74026	Stromal
5852	Stromal
2997	Myoepi_ACTA2
50923	Invasive_Tumor
77725	Endothelial
103224	Invasive_Tumor
85109	Invasive_Tumor
70885	Stromal
94583	Unlabeled
119847	Macrophages_1
59385	Unlabeled
71673	Stromal
59367	Invasive_Tumor
51100	Invasive_Tumor
96593	Stromal
121139	Myoepi_ACTA2
69117	Prolif_Invasive_Tumor
97860	Stromal
32061	Endothelial
37507	DCIS_1
54020	Stromal
53588	Stromal_T_Cell_Hybrid
51358	Invasive_Tumor
124109	Unlabeled
55558	LAMP3_DCs
49846	Invasive_Tumor
164728	Macrophages_2
19079	Invasive_Tumor
8474	Stromal
39173	CD8_T_Cells
15055	DCIS_1
148563	Myoepi_ACTA2
111970	B_Cells
114235	Stromal
136998	Stromal
94598	Stromal_T_Cell_Hybrid
149540	Macrophages_1
138311	Macrophages_1
42686	Unlabeled
166850	Stromal
139373	Macrophages_1
26242	CD8_T_Cells
92331	Stromal
125530	DCIS_1
118650	Endothelial
10223	DCIS_2
86779	Invasive_Tumor
53728	B_Cells
96531	Stromal
142177	Stromal
38005	Stromal
135435	Stromal
76659	Stromal_T_Cell_Hybrid
20371	DCIS_1
94447	Myoepi_KRT15
202	DCIS_1
153156	DCIS_2
69854	Invasive_Tumor
66269	Unlabeled
148586	Unlabeled
115812	Stromal
122906	CD4_T_Cells
7328	DCIS_1
112305	CD4_T_Cells
44138	Invasive_Tumor
107425	Unlabeled
2224	Invasive_Tumor
148760	B_Cells
58891	Stromal
159505	Myoepi_KRT15
152235	CD8_T_Cells
145518	Stromal
165800	CD8_T_Cells
129175	DCIS_2
68830	Invasive_Tumor
153126	DCIS_2
23765	Endothelial
101858	CD4_T_Cells
103055	Invasive_Tumor
148629	Stromal
70536	Invasive_Tumor
119460	Stromal
35523	Prolif_Invasive_Tumor
108023	Stromal
69962	Invasive_Tumor
34225	Macrophages_1
73600	Invasive_Tumor
161927	Endothelial
100715	Stromal
54659	Endothelial
146057	DCIS_2
24375	Invasive_Tumor
29248	Stromal
46967	Invasive_Tumor
100557	Invasive_Tumor
50581	Invasive_Tumor
95875	Stromal
57270	Prolif_Invasive_Tumor
54519	Stromal
61809	Endothelial
43963	Invasive_Tumor
134502	Stromal
37717	Macrophages_1
131384	Endothelial
49167	Invasive_Tumor
93101	LAMP3_DCs
135735	Invasive_Tumor
101349	Invasive_Tumor
87079	Invasive_Tumor
22474	Stromal
99947	Invasive_Tumor
167582	Stromal
20071	DCIS_1
114481	Stromal
106449	Stromal
12788	DCIS_2
59021	Invasive_Tumor
44857	CD4_T_Cells
55503	Invasive_Tumor
49847	Invasive_Tumor
59667	Stromal
25216	Invasive_Tumor
24184	Invasive_Tumor
69773	Invasive_Tumor
129473	DCIS_2
21745	DCIS_1
99441	Invasive_Tumor
136481	Stromal
112722	DCIS_1
113631	Stromal
1980	Unlabeled
101632	Invasive_Tumor
141663	DCIS_2
112864	Macrophages_1
115885	Unlabeled
12951	DCIS_2
64143	Invasive_Tumor
98432	Stromal
157332	DCIS_2
2386	Stromal
158604	Endothelial
15381	Endothelial
77645	Stromal
149349	DCIS_2
110925	Unlabeled
69596	Unlabeled
78080	Macrophages_1
64500	CD4_T_Cells
10001	Stromal
110862	CD8_T_Cells
155254	Stromal
84398	Invasive_Tumor
43667	DCIS_1
73162	Invasive_Tumor
156587	DCIS_2
126347	DCIS_1
2725	CD4_T_Cells
83756	Stromal
74986	Myoepi_KRT15
114946	Prolif_Invasive_Tumor
124058	CD4_T_Cells
49345	Invasive_Tumor
11266	CD4_T_Cells
33020	Invasive_Tumor
50640	Macrophages_1
10586	DCIS_1
28450	Stromal
31625	CD4_T_Cells
76805	Stromal
164894	DCIS_2
16211	Invasive_Tumor
142630	DCIS_2
18520	DCIS_1
72125	Invasive_Tumor
60959	Invasive_Tumor
27540	CD4_T_Cells
97914	Stromal
85925	B_Cells
97537	Stromal
14356	Invasive_Tumor
11555	Stromal
114859	Macrophages_1
64712	Invasive_Tumor
156937	DCIS_2
13099	Myoepi_KRT15
22965	Stromal_T_Cell_Hybrid
140640	Endothelial
51267	Stromal
117165	Stromal
12036	DCIS_2
100634	Invasive_Tumor
123909	DCIS_1
82070	Stromal
36083	Invasive_Tumor
39732	B_Cells
27816	Myoepi_ACTA2
80674	Stromal
50117	Invasive_Tumor
5909	Invasive_Tumor
84251	Stromal
41225	CD4_T_Cells
4152	Invasive_Tumor
15752	Endothelial
1539	CD8_T_Cells
71402	Invasive_Tumor
58661	Invasive_Tumor
68701	Stromal
1376	Prolif_Invasive_Tumor
120540	Stromal
5355	Invasive_Tumor
41486	Stromal
139437	DCIS_2
19860	CD4_T_Cells
157655	DCIS_2
44287	Invasive_Tumor
141703	DCIS_2
152782	Stromal
128871	B_Cells
113699	Stromal
55535	IRF7_DCs
151025	Macrophages_1
104935	DCIS_1
114348	Stromal
29506	Invasive_Tumor
82215	Stromal
29967	Invasive_Tumor
123899	DCIS_1
46447	Myoepi_ACTA2
73858	Macrophages_1
82849	CD4_T_Cells
46140	Unlabeled
150121	Endothelial
137361	Macrophages_1
118393	Stromal
12563	Myoepi_KRT15
116119	DCIS_1
33253	Invasive_Tumor
134393	Myoepi_ACTA2
143060	DCIS_1
38476	Endothelial
161036	Stromal
30673	Endothelial
126542	Stromal
51050	DCIS_1
25074	CD4_T_Cells
117682	CD8_T_Cells
38684	Stromal
138020	Macrophages_1
8444	Stromal
112831	Invasive_Tumor
165488	Myoepi_KRT15
158730	DCIS_2
51038	DCIS_1
94492	Myoepi_ACTA2
64770	Invasive_Tumor
71690	Prolif_Invasive_Tumor
42456	Invasive_Tumor
101786	CD8_T_Cells
49695	Prolif_Invasive_Tumor
166376	Stromal
49543	Invasive_Tumor
143773	CD8_T_Cells
140743	Stromal
160445	DCIS_2
74210	CD4_T_Cells
130794	Endothelial
58360	Stromal
137129	Stromal
126161	Invasive_Tumor
91304	Invasive_Tumor
139613	Stromal
120524	DCIS_1
79566	CD4_T_Cells
7324	Prolif_Invasive_Tumor
45725	CD8_T_Cells
36910	B_Cells
152826	Endothelial
126947	Stromal
54689	Prolif_Invasive_Tumor
39328	Myoepi_ACTA2
28528	CD4_T_Cells
42966	Endothelial
48497	Invasive_Tumor
1329	CD8_T_Cells
107963	Stromal
27992	CD4_T_Cells
13290	DCIS_2
157040	DCIS_1
42572	DCIS_1
5068	Invasive_Tumor
149694	Macrophages_1
106711	Endothelial
37452	CD4_T_Cells
161312	DCIS_2
159192	Myoepi_KRT15
138630	DCIS_2
136905	CD4_T_Cells
63330	Invasive_Tumor
158761	Myoepi_ACTA2
73761	CD4_T_Cells
116765	CD8_T_Cells
43319	DCIS_1
62070	Invasive_Tumor
147558	DCIS_2
13565	B_Cells
129872	Myoepi_ACTA2
135069	CD4_T_Cells
86113	Unlabeled
18348	Invasive_Tumor
5299	Invasive_Tumor
24470	Invasive_Tumor
29503	Invasive_Tumor
3124	Macrophages_1
79546	Macrophages_1
40517	Endothelial
21700	Macrophages_1
96066	Stromal
39032	CD4_T_Cells
139284	Stromal
80143	Stromal
134454	Stromal
69610	Invasive_Tumor
96714	Stromal
74038	Stromal
32562	IRF7_DCs
80370	Myoepi_ACTA2
41614	Myoepi_ACTA2
3700	Endothelial
134518	Unlabeled
21351	T_Cell_Tumor_Hybrid
113506	Stromal
3171	DCIS_1
130871	Myoepi_ACTA2
16524	Invasive_Tumor
51308	Invasive_Tumor
90365	Invasive_Tumor
126525	Macrophages_1
163653	Stromal
151981	CD4_T_Cells
65736	Prolif_Invasive_Tumor
87505	Invasive_Tumor
114735	Perivascular_Like
59110	Invasive_Tumor
135515	Macrophages_1
52250	Invasive_Tumor
39337	Stromal
32786	CD4_T_Cells
97019	Stromal
110839	Macrophages_1
81766	Stromal
98217	Macrophages_2
25044	Invasive_Tumor
160283	DCIS_2
15114	DCIS_2
147544	Stromal
37716	Unlabeled
46863	DCIS_1
164129	Stromal
3972	Unlabeled
140070	Macrophages_1
13103	Myoepi_KRT15
116093	DCIS_1
49407	Endothelial
118005	Stromal_T_Cell_Hybrid
18597	Invasive_Tumor
93055	Stromal
21595	Unlabeled
95867	Stromal
124266	Stromal
119741	Stromal
36598	Stromal
36667	Unlabeled
53752	Invasive_Tumor
157521	Myoepi_KRT15
12992	Macrophages_1
157516	Myoepi_KRT15
78625	CD4_T_Cells
148689	Macrophages_1
57692	Invasive_Tumor
57059	Invasive_Tumor
3522	Invasive_Tumor
115056	IRF7_DCs
96828	Macrophages_2
135253	Endothelial
67352	Unlabeled
84550	Stromal
92832	Mast_Cells
42519	Macrophages_1
98523	Stromal
87045	Prolif_Invasive_Tumor
141991	Myoepi_ACTA2
134170	Stromal
98711	Macrophages_2
51481	Prolif_Invasive_Tumor
153992	DCIS_2
40056	Macrophages_1
67119	Endothelial
160954	Stromal
60574	Invasive_Tumor
27943	Macrophages_1
86418	Invasive_Tumor
18421	T_Cell_Tumor_Hybrid
96535	Stromal
32082	Stromal
50948	DCIS_1
144199	Unlabeled
76552	Stromal
40951	Endothelial
28415	Myoepi_ACTA2
59536	Endothelial
144205	Stromal
22312	Endothelial
57316	Invasive_Tumor
162643	DCIS_2
165231	Macrophages_1
80677	Stromal
145543	Myoepi_KRT15
1198	Macrophages_1
161678	Endothelial
23948	Invasive_Tumor
68642	Invasive_Tumor
115215	CD8_T_Cells
52984	Invasive_Tumor
74358	Stromal
57871	Invasive_Tumor
142933	Stromal
60566	Invasive_Tumor
50009	Invasive_Tumor
146476	Perivascular_Like
15046	DCIS_1
44207	Invasive_Tumor
66970	B_Cells
3762	Invasive_Tumor
134641	DCIS_2
22049	Macrophages_1
129459	Stromal
70302	Endothelial
26729	Invasive_Tumor
62358	Invasive_Tumor
61709	Invasive_Tumor
102438	B_Cells
21418	Invasive_Tumor
136708	Stromal
18543	DCIS_1
108417	Stromal
151348	Stromal
13360	DCIS_2
120068	Stromal
97414	Stromal
165294	DCIS_2
11750	B_Cells
91269	Stromal
140745	Stromal
34168	Stromal
49445	Prolif_Invasive_Tumor
11322	Stromal
39483	DCIS_1
108923	Stromal
88209	Invasive_Tumor
121605	Invasive_Tumor
82093	Stromal
93124	CD4_T_Cells
134466	Stromal
160595	Stromal
59518	Prolif_Invasive_Tumor
38980	CD8_T_Cells
60499	Prolif_Invasive_Tumor
145810	DCIS_2
97745	Stromal
102729	Stromal
120880	Stromal
155387	Stromal
92454	CD4_T_Cells
39604	Stromal
157316	Myoepi_KRT15
20715	DCIS_1
155631	DCIS_2
147626	Stromal
44434	DCIS_1
63781	Stromal
160948	Stromal
86827	Invasive_Tumor
78322	Stromal
145597	Macrophages_1
8960	DCIS_1
41935	Myoepi_ACTA2
22649	Stromal
38351	Stromal
134310	Stromal
96841	CD4_T_Cells
60606	Invasive_Tumor
101745	Stromal
17539	Invasive_Tumor
139328	Macrophages_1
63515	Invasive_Tumor
41136	CD4_T_Cells
73922	Stromal
51642	Prolif_Invasive_Tumor
86748	Invasive_Tumor
104789	Endothelial
125289	Macrophages_1
161839	Endothelial
77326	Stromal
118421	B_Cells
55448	CD4_T_Cells
149331	B_Cells
59370	T_Cell_Tumor_Hybrid
137994	Stromal
90153	Stromal
103625	Stromal
11884	Stromal
161687	Stromal
130004	CD8_T_Cells
130428	Myoepi_KRT15
6702	Stromal
104501	Stromal
133168	DCIS_2
122270	Myoepi_KRT15
155201	CD4_T_Cells
54978	Endothelial
114823	Macrophages_1
146754	DCIS_2
31616	B_Cells
12825	DCIS_2
122746	DCIS_1
14658	DCIS_1
58245	Invasive_Tumor
29157	Macrophages_1
42267	Macrophages_1
120611	Myoepi_KRT15
68024	Invasive_Tumor
164987	DCIS_1
96919	Stromal
41147	Macrophages_1
158706	Stromal
130085	DCIS_2
119303	DCIS_1
98485	Stromal
125465	Endothelial
138923	Stromal
18470	Invasive_Tumor
62615	Invasive_Tumor
8237	Endothelial
59301	CD8_T_Cells
51750	Invasive_Tumor
138718	Stromal
130568	Perivascular_Like
38252	DCIS_1
89696	Macrophages_1
71309	Invasive_Tumor
24707	Invasive_Tumor
99388	Invasive_Tumor
140395	Myoepi_KRT15
24034	Invasive_Tumor
50687	CD4_T_Cells
126646	Stromal
78269	Endothelial
156552	Myoepi_ACTA2
37246	Prolif_Invasive_Tumor
25198	Invasive_Tumor
33525	Invasive_Tumor
116766	Unlabeled
15932	Myoepi_ACTA2
19650	Invasive_Tumor
96277	Stromal
124405	DCIS_1
110568	DCIS_1
38477	Endothelial
1399	Invasive_Tumor
112015	CD4_T_Cells
91617	Stromal
55850	B_Cells
137382	B_Cells
123800	CD8_T_Cells
18821	Invasive_Tumor
26880	Stromal
67179	CD8_T_Cells
156397	Stromal
40784	Stromal
48256	Stromal
102920	Stromal
72160	Stromal
59222	Invasive_Tumor
151943	Macrophages_1
159644	CD4_T_Cells
13934	DCIS_2
47807	Prolif_Invasive_Tumor
108248	Stromal
66348	DCIS_2
124240	Endothelial
157969	Stromal
4386	Invasive_Tumor
25555	Prolif_Invasive_Tumor
158746	Stromal
91125	CD4_T_Cells
95879	CD4_T_Cells
39068	B_Cells
89670	Endothelial
149828	Stromal
34197	CD8_T_Cells
121612	DCIS_1
76535	Macrophages_1
13543	Myoepi_ACTA2
122369	CD8_T_Cells
2260	Invasive_Tumor
1934	Stromal
114419	LAMP3_DCs
108134	Stromal
65800	Stromal
88731	Invasive_Tumor
147409	DCIS_2
50349	Endothelial
78669	Stromal
25642	Macrophages_1
93820	Stromal
41503	Stromal
138721	Unlabeled
156022	DCIS_2
147814	Stromal
69012	Invasive_Tumor
115386	B_Cells
46035	Stromal
111312	CD4_T_Cells
129145	Stromal
2993	Endothelial
163631	Stromal
356	CD4_T_Cells
126565	Endothelial
37399	CD4_T_Cells
61634	Invasive_Tumor
33011	Invasive_Tumor
84841	Stromal
149381	DCIS_2
128705	Myoepi_ACTA2
90708	Invasive_Tumor
21048	Myoepi_ACTA2
147542	Stromal
109677	Stromal
141094	DCIS_2
24444	Invasive_Tumor
35884	Stromal
128271	Stromal
164664	DCIS_2
67132	Stromal
104992	Stromal
114081	Stromal
107904	Stromal
4445	Invasive_Tumor
138553	Stromal
482	Invasive_Tumor
93538	CD8_T_Cells
27830	DCIS_1
134652	Myoepi_ACTA2
88162	Invasive_Tumor
113804	Stromal
36077	Stromal
83135	Stromal
25386	Invasive_Tumor
29223	Invasive_Tumor
2495	Macrophages_1
40251	Unlabeled
75679	CD8_T_Cells
162719	DCIS_2
157241	Endothelial
16116	DCIS_1
156496	Unlabeled
131022	Macrophages_1
100396	Invasive_Tumor
117709	Myoepi_ACTA2
97303	Unlabeled
110255	CD4_T_Cells
66285	DCIS_1
1636	Myoepi_ACTA2
63251	Macrophages_1
24930	Invasive_Tumor
163378	Stromal
136116	Stromal
101148	Invasive_Tumor
10617	DCIS_2
158369	Myoepi_ACTA2
36	Unlabeled
95183	Myoepi_ACTA2
83378	Stromal
39241	CD4_T_Cells
165719	DCIS_2
142051	DCIS_2
157473	DCIS_2
67726	Invasive_Tumor
59444	Invasive_Tumor
18881	Invasive_Tumor
62937	Invasive_Tumor
97322	Stromal
58633	Invasive_Tumor
10141	DCIS_2
135832	Stromal
107364	Stromal
122282	DCIS_1
46853	DCIS_1
133467	CD4_T_Cells
2853	Macrophages_1
20672	Unlabeled
93903	CD8_T_Cells
104104	Stromal
128329	DCIS_2
129848	DCIS_2
148180	Macrophages_2
56630	CD8_T_Cells
96928	Macrophages_2
110297	B_Cells
47470	CD4_T_Cells
90841	Stromal
47619	Invasive_Tumor
104233	Myoepi_ACTA2
19746	Stromal
18544	Invasive_Tumor
26883	Perivascular_Like
86905	Invasive_Tumor
69078	Invasive_Tumor
166844	Stromal
54203	Invasive_Tumor
89860	Invasive_Tumor
50847	DCIS_1
198	DCIS_1
76542	Stromal
112029	Unlabeled
131648	CD4_T_Cells
166404	Myoepi_ACTA2
134702	DCIS_2
23725	Endothelial
27384	Invasive_Tumor
49689	Prolif_Invasive_Tumor
146282	Unlabeled
71244	Invasive_Tumor
158776	Stromal
804	Stromal
31865	Invasive_Tumor
33853	Invasive_Tumor
127738	CD4_T_Cells
16982	DCIS_1
68065	Invasive_Tumor
123725	Macrophages_1
94439	DCIS_1
54665	Macrophages_1
131674	Stromal
66032	Myoepi_ACTA2
93699	Stromal
151108	Macrophages_1
61346	Stromal
154029	Myoepi_ACTA2
131805	Macrophages_1
18634	Invasive_Tumor
6570	Stromal
131659	Macrophages_1
29946	Unlabeled
104949	DCIS_1
116956	CD8_T_Cells
39175	CD8_T_Cells
158116	DCIS_2
103258	Stromal
65785	Myoepi_ACTA2
151323	Stromal_T_Cell_Hybrid
82917	B_Cells
43415	Endothelial
11273	Stromal
144977	DCIS_2
160763	Myoepi_ACTA2
5016	B_Cells
97231	Stromal
129566	Macrophages_1
62852	Invasive_Tumor
48185	Endothelial
95224	Stromal
73709	Invasive_Tumor
142209	Unlabeled
23678	Invasive_Tumor
119295	DCIS_2
41887	Myoepi_ACTA2
65135	Stromal
52822	Invasive_Tumor
59639	Invasive_Tumor
35374	Stromal
144416	Macrophages_1
37348	CD8_T_Cells
159570	Macrophages_2
143508	DCIS_2
91625	Macrophages_1
14346	DCIS_1
123388	Endothelial
137956	Unlabeled
25256	Macrophages_1
68899	Invasive_Tumor
128745	B_Cells
144488	Myoepi_ACTA2
48154	Stromal
101544	Invasive_Tumor
78105	Stromal
60384	Endothelial
130463	Macrophages_1
134611	Stromal
75660	Stromal
86148	Unlabeled
113139	DCIS_1
106598	Myoepi_ACTA2
74663	Invasive_Tumor
161099	DCIS_2
97728	Macrophages_2
95013	Stromal
1450	Stromal
65994	Invasive_Tumor
37754	CD8_T_Cells
7678	Stromal
1110	Invasive_Tumor
49135	Invasive_Tumor
112140	Unlabeled
111780	DCIS_1
155905	DCIS_2
62921	Invasive_Tumor
14883	DCIS_1
324	Macrophages_1
28590	CD4_T_Cells
128818	DCIS_2
106795	Myoepi_ACTA2
123719	DCIS_1
100676	Invasive_Tumor
156843	Myoepi_KRT15
12787	DCIS_2
125166	DCIS_1
149812	CD8_T_Cells
77729	CD8_T_Cells
166551	Stromal
73064	Invasive_Tumor
143472	DCIS_2
127358	Endothelial
154185	DCIS_2
92124	B_Cells
128908	DCIS_2
92192	CD4_T_Cells
67437	DCIS_1
83073	Stromal
40332	Endothelial
23662	CD4_T_Cells
67032	Invasive_Tumor
126652	Stromal
115484	Macrophages_1
20698	DCIS_1
93580	Stromal
49670	Invasive_Tumor
65236	Macrophages_2
115805	B_Cells
67807	Unlabeled
26140	CD4_T_Cells
123112	Stromal
147849	Unlabeled
80379	Stromal
24463	Invasive_Tumor
48650	Invasive_Tumor
104268	Stromal
4852	Stromal
145298	Perivascular_Like
151826	Myoepi_ACTA2
35270	Stromal
164607	Mast_Cells
44635	Myoepi_ACTA2
165129	DCIS_2
65244	Invasive_Tumor
146695	Myoepi_ACTA2
87808	Invasive_Tumor
20607	Macrophages_1
111311	CD4_T_Cells
108194	Stromal
86722	Invasive_Tumor
158614	DCIS_2
68527	Stromal
5072	Invasive_Tumor
143398	DCIS_2
111517	Endothelial
23818	Stromal
26942	Macrophages_1
102344	Endothelial
8009	CD4_T_Cells
24789	Invasive_Tumor
1010	DCIS_1
148773	Stromal
159864	DCIS_2
167361	Stromal
29487	Endothelial
53551	Invasive_Tumor
103876	Macrophages_1
1060	LAMP3_DCs
54296	Invasive_Tumor
100151	Prolif_Invasive_Tumor
4569	Invasive_Tumor
158674	Stromal
102969	Stromal
135276	Macrophages_2
32142	Invasive_Tumor
130833	Endothelial
95115	Stromal
124287	DCIS_1
19737	Macrophages_1
4222	Stromal
164026	Macrophages_1
131696	Stromal
89839	Invasive_Tumor
37508	Endothelial
106012	DCIS_1
68720	Invasive_Tumor
135680	Stromal
131501	Stromal
76837	Macrophages_1
59879	CD4_T_Cells
43432	Invasive_Tumor
58078	Prolif_Invasive_Tumor
11082	CD8_T_Cells
112192	Unlabeled
28694	Invasive_Tumor
163079	Stromal
61466	Stromal
81282	Unlabeled
159709	DCIS_2
84629	Unlabeled
101411	T_Cell_Tumor_Hybrid
153343	DCIS_2
56947	Invasive_Tumor
152935	Endothelial
16760	Myoepi_ACTA2
150573	Endothelial
59686	CD8_T_Cells
119358	Stromal
73725	Invasive_Tumor
166908	DCIS_2
46260	DCIS_1
37076	Stromal
71126	Invasive_Tumor
87767	Stromal
17395	Invasive_Tumor
140754	Stromal
40780	Macrophages_1
162727	Endothelial
149026	Stromal
2610	Invasive_Tumor
129217	Stromal
77801	Unlabeled
94420	DCIS_1
164544	Stromal
88499	Invasive_Tumor
34707	Stromal
77550	Macrophages_1
156632	Perivascular_Like
36676	B_Cells
162370	Macrophages_1
51774	Invasive_Tumor
98293	B_Cells
132524	Stromal
36718	CD8_T_Cells
73246	Stromal
43524	Invasive_Tumor
90	Invasive_Tumor
16043	Invasive_Tumor
112553	DCIS_1
42339	Unlabeled
60922	Stromal
24383	Invasive_Tumor
151243	DCIS_2
140160	B_Cells
142633	DCIS_2
45848	DCIS_1
165777	Unlabeled
40896	IRF7_DCs
75191	Invasive_Tumor
111773	Myoepi_ACTA2
63782	Stromal
43044	Stromal_T_Cell_Hybrid
6299	CD4_T_Cells
119312	CD8_T_Cells
61298	Invasive_Tumor
116333	Stromal
163278	DCIS_2
70077	Invasive_Tumor
69941	Prolif_Invasive_Tumor
135080	Macrophages_2
32514	CD8_T_Cells
24430	Invasive_Tumor
59853	Stromal
75586	Invasive_Tumor
75563	Invasive_Tumor
58581	Invasive_Tumor
78144	Macrophages_1
106191	Stromal
19139	Invasive_Tumor
116502	Endothelial
20553	Macrophages_1
20900	Invasive_Tumor
133470	Macrophages_1
100445	Invasive_Tumor
101470	Endothelial
143912	Myoepi_ACTA2
103365	B_Cells
18095	CD8_T_Cells
115266	Macrophages_1
5814	Prolif_Invasive_Tumor
33882	Invasive_Tumor
125	Invasive_Tumor
72372	Invasive_Tumor
101469	Invasive_Tumor
165976	DCIS_2
86578	Invasive_Tumor
65947	Endothelial
136631	B_Cells
128294	DCIS_2
119482	Stromal
5744	Invasive_Tumor
135294	Stromal
79183	DCIS_1
2376	Macrophages_1
148115	DCIS_2
13552	Macrophages_1
6739	Invasive_Tumor
48286	Invasive_Tumor
53237	Invasive_Tumor
11514	DCIS_2
10325	Myoepi_ACTA2
41797	Macrophages_1
160456	DCIS_2
145604	Stromal
28347	Invasive_Tumor
95247	Stromal
35858	Unlabeled
147432	DCIS_2
40873	Macrophages_1
166711	Myoepi_ACTA2
64194	Perivascular_Like
45209	DCIS_1
90347	Invasive_Tumor
155520	DCIS_2
154877	Myoepi_ACTA2
18419	Macrophages_1
64178	Endothelial
97923	Stromal
159527	DCIS_2
156121	DCIS_2
92718	Endothelial
73326	Stromal
60327	Unlabeled
55560	CD4_T_Cells
77993	DCIS_1
24087	Invasive_Tumor
50077	Stromal
148569	DCIS_2
157618	DCIS_2
153714	DCIS_2
63052	Stromal
112672	DCIS_1
153208	DCIS_2
705	Stromal
64970	Invasive_Tumor
150176	Stromal
19222	Invasive_Tumor
137760	CD4_T_Cells
163233	Macrophages_1
68204	Stromal
88676	Endothelial
162289	Stromal
90621	Invasive_Tumor
165825	Macrophages_1
26218	Invasive_Tumor
87837	Endothelial
98486	Stromal
50555	Invasive_Tumor
151367	Unlabeled
147838	DCIS_2
73683	Invasive_Tumor
8639	DCIS_1
42152	DCIS_1
135309	Stromal
106892	Stromal
39015	B_Cells
5154	B_Cells
139722	Stromal
125727	DCIS_1
92715	Endothelial
155127	Endothelial
73285	Invasive_Tumor
97877	Stromal
65627	Prolif_Invasive_Tumor
45180	Invasive_Tumor
18121	Macrophages_1
89495	Invasive_Tumor
107899	Stromal
149583	CD8_T_Cells
37285	Invasive_Tumor
150198	B_Cells
107933	Macrophages_2
117934	Stromal
65205	Prolif_Invasive_Tumor
27517	Macrophages_2
5811	Invasive_Tumor
147458	DCIS_2
46881	Invasive_Tumor
39782	CD4_T_Cells
84200	Stromal
2541	CD8_T_Cells
122405	B_Cells
92442	Stromal
40360	Unlabeled
67318	DCIS_1
156738	Macrophages_1
37527	CD8_T_Cells
116164	Stromal
64264	Stromal
131480	CD4_T_Cells
887	Stromal
153907	Myoepi_KRT15
129329	Invasive_Tumor
23122	Myoepi_ACTA2
23599	Endothelial
166550	Stromal
44235	Stromal
162424	Stromal
114337	Macrophages_1
69723	Prolif_Invasive_Tumor
146067	DCIS_2
61753	Invasive_Tumor
139681	Unlabeled
13869	Endothelial
154107	Stromal
31330	Stromal
77295	Stromal
26590	CD8_T_Cells
72560	Invasive_Tumor
39988	Myoepi_ACTA2
162319	Myoepi_KRT15
69611	Invasive_Tumor
157642	DCIS_2
151356	CD4_T_Cells
10119	DCIS_2
10885	DCIS_1
15611	DCIS_1
136043	DCIS_1
17497	Perivascular_Like
15724	Unlabeled
114056	Stromal
128718	Stromal
88493	Endothelial
166509	CD8_T_Cells
124684	Stromal
129936	DCIS_1
60335	Stromal
167456	Stromal
59706	Invasive_Tumor
141198	DCIS_2
70934	Perivascular_Like
125383	DCIS_1
103587	CD8_T_Cells
139857	Stromal
146564	Stromal
150807	Macrophages_1
115411	Stromal
60341	Stromal
9691	Unlabeled
143126	Stromal
140193	Stromal
52295	Endothelial
13578	DCIS_2
28848	Invasive_Tumor
52707	Invasive_Tumor
97266	Stromal
116968	Stromal
147633	Stromal
100738	Prolif_Invasive_Tumor
69747	Invasive_Tumor
145628	Stromal
41290	CD4_T_Cells
56169	Invasive_Tumor
153663	Stromal
73060	Invasive_Tumor
130193	Stromal
106559	DCIS_1
49291	Invasive_Tumor
83504	Stromal
55003	Invasive_Tumor
132903	Stromal
60814	Invasive_Tumor
61180	Invasive_Tumor
135761	Endothelial
26154	CD4_T_Cells
159342	DCIS_2
66074	Stromal
75057	Stromal
140094	Myoepi_ACTA2
166478	Unlabeled
111793	CD8_T_Cells
115122	Stromal
22930	DCIS_1
65580	Macrophages_2
105528	Stromal
56071	Stromal
136382	Myoepi_ACTA2
125281	B_Cells
146993	DCIS_2
116739	DCIS_1
150560	Endothelial
14253	DCIS_1
63953	Invasive_Tumor
22590	B_Cells
56428	Macrophages_1
34183	Stromal
150314	Stromal
74069	Stromal
30252	Invasive_Tumor
42497	DCIS_1
123531	Macrophages_1
153260	DCIS_2
138617	Myoepi_ACTA2
155824	CD4_T_Cells
5956	Invasive_Tumor
23663	Endothelial
85584	Invasive_Tumor
59231	Endothelial
161068	DCIS_2
16809	DCIS_1
13029	Stromal
121377	Macrophages_1
40940	CD4_T_Cells
45810	Endothelial
97997	Stromal
53191	Macrophages_1
128422	Myoepi_ACTA2
36865	Stromal
46373	Macrophages_1
130359	Macrophages_1
84168	Stromal
134965	Stromal
49527	CD4_T_Cells
121202	Unlabeled
35204	Invasive_Tumor
108828	Stromal
142562	DCIS_2
82691	CD4_T_Cells
124444	Stromal
81244	CD4_T_Cells
73790	Stromal
130228	Stromal
107033	Stromal
165190	CD8_T_Cells
150259	Stromal
150490	Endothelial
36797	Stromal
133268	CD4_T_Cells
25098	Invasive_Tumor
107676	Stromal
79357	Stromal
75735	Myoepi_KRT15
123029	DCIS_1
162161	Stromal
63586	Stromal
127787	Stromal
165969	DCIS_2
49480	Endothelial
70083	Invasive_Tumor
635	Invasive_Tumor
154841	DCIS_2
98869	Endothelial
152355	DCIS_1
156661	Endothelial
167520	DCIS_1
86672	Invasive_Tumor
94296	Myoepi_ACTA2
142623	DCIS_2
81004	B_Cells
51660	Invasive_Tumor
135109	CD4_T_Cells
125265	DCIS_1
31854	CD8_T_Cells
42794	Stromal
106248	Stromal_T_Cell_Hybrid
117534	DCIS_1
156030	DCIS_2
129422	Stromal
62912	Stromal
3074	B_Cells
56705	Prolif_Invasive_Tumor
46125	Invasive_Tumor
139232	Stromal
134900	Stromal
64210	Stromal
147259	DCIS_1
41570	Stromal_T_Cell_Hybrid
129151	Endothelial
147600	Myoepi_KRT15
148903	Stromal
67325	Mast_Cells
65572	B_Cells
146468	DCIS_2
96564	Stromal
118580	Stromal
19667	Stromal
35457	CD8_T_Cells
94344	Myoepi_KRT15
94488	Stromal
56794	Stromal
71081	Invasive_Tumor
145261	Myoepi_KRT15
49971	CD4_T_Cells
98878	Unlabeled
122317	Stromal
145420	Myoepi_KRT15
67319	Macrophages_1
12546	Stromal
116341	Macrophages_1
114145	Stromal
107787	DCIS_1
167403	DCIS_2
158318	Macrophages_1
72998	Invasive_Tumor
161877	Stromal
151546	DCIS_2
146738	DCIS_2
117901	Myoepi_ACTA2
84898	Invasive_Tumor
12860	Myoepi_KRT15
39777	CD4_T_Cells
156044	DCIS_2
125233	Macrophages_1
63451	Invasive_Tumor
26977	CD8_T_Cells
63870	Invasive_Tumor
85125	Invasive_Tumor
111845	Endothelial
155245	Perivascular_Like
124522	Unlabeled
133279	B_Cells
1690	Invasive_Tumor
141060	DCIS_2
55276	Unlabeled
141558	DCIS_2
46843	DCIS_1
40371	CD8_T_Cells
79432	Stromal
11052	Stromal
3174	DCIS_1
48475	Invasive_Tumor
122844	CD8_T_Cells
23298	Myoepi_ACTA2
122732	IRF7_DCs
16422	Invasive_Tumor
160970	Stromal
163306	Stromal
51760	Prolif_Invasive_Tumor
98211	Stromal
79278	DCIS_1
131086	CD4_T_Cells
81801	Myoepi_ACTA2
81681	CD8_T_Cells
106344	CD4_T_Cells
33955	Stromal
4625	Stromal
20098	DCIS_1
103370	T_Cell_Tumor_Hybrid
115421	CD4_T_Cells
48628	Endothelial
67687	Stromal
17315	Invasive_Tumor
6915	Prolif_Invasive_Tumor
17550	Invasive_Tumor
59195	Invasive_Tumor
39396	Stromal
75304	Invasive_Tumor
71824	Invasive_Tumor
104913	Myoepi_ACTA2
76167	Invasive_Tumor
80102	CD8_T_Cells
8115	Invasive_Tumor
102868	Stromal
59008	CD8_T_Cells
47082	Invasive_Tumor
125636	DCIS_1
120634	DCIS_1
62884	Invasive_Tumor
32032	Invasive_Tumor
120947	CD4_T_Cells
87153	Invasive_Tumor
12610	Endothelial
157337	DCIS_1
81714	B_Cells
54053	Invasive_Tumor
158900	DCIS_1
71025	B_Cells
14820	Myoepi_ACTA2
17850	Invasive_Tumor
139253	Stromal
72852	Invasive_Tumor
111276	Stromal
136604	Unlabeled
13060	DCIS_2
121800	Stromal_T_Cell_Hybrid
84824	Invasive_Tumor
135112	Stromal
149441	CD4_T_Cells
9195	Stromal
73892	Stromal
141461	Macrophages_1
163603	Stromal
59144	Invasive_Tumor
101072	Invasive_Tumor
6060	CD4_T_Cells
161443	Stromal
162931	DCIS_2
4542	Prolif_Invasive_Tumor
105662	Stromal
52030	Endothelial
16392	DCIS_1
99192	Unlabeled
2168	Macrophages_1
130874	DCIS_2
104579	Stromal
147985	DCIS_2
135408	Endothelial
111310	CD4_T_Cells
136298	Macrophages_1
165739	Stromal
28345	Stromal
135132	Unlabeled
80274	Stromal
51579	Prolif_Invasive_Tumor
151140	Macrophages_1
47346	Myoepi_ACTA2
54304	Invasive_Tumor
5359	Invasive_Tumor
56108	Stromal
100389	Stromal
91294	Invasive_Tumor
73055	Prolif_Invasive_Tumor
27762	Stromal
19067	Invasive_Tumor
68542	Invasive_Tumor
38598	DCIS_1
75945	Invasive_Tumor
90774	Invasive_Tumor
58445	Invasive_Tumor
153091	Myoepi_KRT15
132740	Stromal
38523	Macrophages_1
128068	Stromal
43174	CD4_T_Cells
37114	B_Cells
83144	Stromal
80177	DCIS_1
34785	Stromal
165381	Endothelial
126691	DCIS_1
124061	Stromal
68854	Invasive_Tumor
18698	Invasive_Tumor
129324	Myoepi_KRT15
88222	Invasive_Tumor
36927	CD4_T_Cells
153789	Myoepi_ACTA2
142167	Endothelial
158894	DCIS_2
27020	Invasive_Tumor
43694	Macrophages_2
152708	Myoepi_ACTA2
51083	Stromal
84743	Invasive_Tumor
148953	Myoepi_KRT15
15125	DCIS_1
61494	Invasive_Tumor
20547	Unlabeled
71055	Invasive_Tumor
116797	B_Cells
90242	Invasive_Tumor
154734	Macrophages_1
20171	DCIS_1
147465	Myoepi_ACTA2
71294	Invasive_Tumor
15423	Invasive_Tumor
47274	Invasive_Tumor
55735	Macrophages_1
148992	Myoepi_ACTA2
35442	Stromal
52434	Endothelial
145086	DCIS_2
93408	Stromal
14608	DCIS_1
32319	Invasive_Tumor
28645	Macrophages_1
163966	Stromal
45011	Invasive_Tumor
45449	Unlabeled
123187	Unlabeled
121587	Stromal
122862	Unlabeled
58045	Invasive_Tumor
79100	Myoepi_ACTA2
94714	DCIS_1
13131	DCIS_2
143611	Macrophages_1
93489	Stromal
112757	CD4_T_Cells
45533	DCIS_1
120735	Endothelial
108623	Endothelial
54051	Macrophages_1
61228	Stromal
89385	Perivascular_Like
141157	Myoepi_KRT15
95692	Unlabeled
31222	Prolif_Invasive_Tumor
163928	Endothelial
47434	T_Cell_Tumor_Hybrid
120032	B_Cells
105595	Macrophages_1
27905	Myoepi_ACTA2
114824	Unlabeled
158258	DCIS_2
145573	CD4_T_Cells
18779	Invasive_Tumor
148540	DCIS_2
115932	CD8_T_Cells
59626	Invasive_Tumor
33337	Unlabeled
1683	Stromal
77544	Stromal
153086	Unlabeled
37830	CD4_T_Cells
50279	Invasive_Tumor
119015	Stromal
91744	Stromal
94668	Stromal
88825	Invasive_Tumor
61133	Invasive_Tumor
143440	DCIS_2
54736	Invasive_Tumor
154818	Myoepi_ACTA2
9299	Stromal
71001	Macrophages_1
137998	Stromal
101623	Invasive_Tumor
75790	Invasive_Tumor
30565	Invasive_Tumor
60730	Invasive_Tumor
12820	DCIS_2
123751	Macrophages_1
20214	Unlabeled
36914	Invasive_Tumor
140111	Stromal
63241	Invasive_Tumor
31100	CD4_T_Cells
25335	Macrophages_1
100929	Invasive_Tumor
46529	Macrophages_1
117853	CD8_T_Cells
3394	CD4_T_Cells
12332	DCIS_2
50044	Invasive_Tumor
138150	Endothelial
13457	DCIS_2
105558	Stromal
70106	Invasive_Tumor
72491	Invasive_Tumor
143766	Stromal
64944	Macrophages_1
100270	Prolif_Invasive_Tumor
74128	CD4_T_Cells
100705	Stromal
5224	Macrophages_1
76663	Stromal
144586	DCIS_2
135242	Endothelial
155783	Endothelial
61849	Macrophages_1
149480	Macrophages_1
117482	Macrophages_1
77802	Unlabeled
97530	Stromal
96990	CD4_T_Cells
123118	Unlabeled
104049	DCIS_1
122441	CD4_T_Cells
150653	Stromal
150046	Stromal
88463	Invasive_Tumor
28433	Macrophages_1
165427	Myoepi_ACTA2
159760	DCIS_2
84015	Stromal
16201	Macrophages_1
66743	Macrophages_1
80648	CD4_T_Cells
108953	Stromal
105775	CD8_T_Cells
111884	Macrophages_1
26203	Stromal
50615	Stromal
4901	Invasive_Tumor
154132	Stromal
50560	Invasive_Tumor
49948	B_Cells
148463	Stromal
134037	Unlabeled
73763	Stromal
29545	Invasive_Tumor
72135	Invasive_Tumor
43108	CD4_T_Cells
71863	Invasive_Tumor
112579	CD4_T_Cells
136757	CD4_T_Cells
62634	Invasive_Tumor
73792	CD4_T_Cells
86842	Invasive_Tumor
113749	T_Cell_Tumor_Hybrid
36650	Unlabeled
153497	Macrophages_2
26660	Prolif_Invasive_Tumor
46553	Invasive_Tumor
75661	CD8_T_Cells
15963	DCIS_1
96846	Stromal
110056	Unlabeled
146058	DCIS_2
85098	Invasive_Tumor
71149	Stromal
125373	CD8_T_Cells
54533	Invasive_Tumor
131813	B_Cells
155747	Stromal
38627	Stromal
59670	Stromal
53370	Invasive_Tumor
142419	Stromal
18540	Invasive_Tumor
27449	CD4_T_Cells
63957	Invasive_Tumor
21190	CD8_T_Cells
80114	Stromal
146113	Stromal
156140	DCIS_2
135744	Stromal
21643	DCIS_1
69412	CD4_T_Cells
39787	CD4_T_Cells
53098	Invasive_Tumor
124761	DCIS_1
70618	Stromal
1028	Macrophages_1
145845	DCIS_2
61773	Invasive_Tumor
125250	Macrophages_1
154655	Stromal
70335	Invasive_Tumor
94418	Myoepi_ACTA2
2344	CD4_T_Cells
116694	Stromal
20442	Unlabeled
9139	Macrophages_1
94694	Myoepi_ACTA2
44369	Stromal
99137	Endothelial
83063	Stromal
118285	Myoepi_ACTA2
622	Prolif_Invasive_Tumor
66946	Invasive_Tumor
38844	CD8_T_Cells
42834	DCIS_1
108906	B_Cells
117445	Endothelial
130629	B_Cells
79156	DCIS_1
147583	DCIS_2
136223	Myoepi_ACTA2
60055	Invasive_Tumor
141502	Endothelial
121676	DCIS_1
134041	Stromal
24305	Invasive_Tumor
30116	Stromal
116916	Stromal
58976	Stromal
79400	DCIS_1
73967	Endothelial
105067	Myoepi_ACTA2
152968	Stromal
101067	Invasive_Tumor
7963	Stromal
116223	DCIS_1
63514	Invasive_Tumor
64239	Invasive_Tumor
72947	Invasive_Tumor
1398	Endothelial
56390	Unlabeled
87502	Endothelial
14895	DCIS_1
99169	Macrophages_1
27435	CD4_T_Cells
58738	Invasive_Tumor
89340	Invasive_Tumor
116795	Stromal
67583	Invasive_Tumor
144528	Myoepi_KRT15
28711	Invasive_Tumor
126674	DCIS_1
2892	CD8_T_Cells
51091	Myoepi_ACTA2
156712	DCIS_2
163652	B_Cells
146967	DCIS_2
77548	Stromal
158686	Stromal
89982	Invasive_Tumor
167227	DCIS_2
67243	Unlabeled
76311	Invasive_Tumor
116269	Stromal_T_Cell_Hybrid
45164	Invasive_Tumor
11053	Stromal
86233	Invasive_Tumor
108310	Stromal
121591	Endothelial
135538	Stromal
156786	Myoepi_KRT15
46397	DCIS_1
32171	Unlabeled
167777	DCIS_1
2742	CD8_T_Cells
44699	CD4_T_Cells
140304	Stromal
160018	DCIS_2
154988	Stromal
96663	Stromal
29903	CD8_T_Cells
133980	Stromal
122139	Unlabeled
167694	DCIS_2
94709	Myoepi_KRT15
1190	Invasive_Tumor
145929	DCIS_2
30879	T_Cell_Tumor_Hybrid
16585	Invasive_Tumor
93034	Stromal
133887	DCIS_2
38341	B_Cells
133590	DCIS_2
94328	Macrophages_1
124950	Myoepi_ACTA2
4623	Stromal
81651	Stromal
66676	DCIS_1
128648	Stromal
69741	Prolif_Invasive_Tumor
127589	CD8_T_Cells
28248	Endothelial
150109	Endothelial
96134	Stromal
87119	Invasive_Tumor
69979	Invasive_Tumor
103419	Invasive_Tumor
139758	Stromal
120776	Myoepi_ACTA2
67367	DCIS_1
75542	Invasive_Tumor
75242	Macrophages_1
3561	Invasive_Tumor
42169	Myoepi_ACTA2
35360	Stromal
117358	Stromal
46813	Unlabeled
57140	Invasive_Tumor
9827	Unlabeled
38488	Myoepi_ACTA2
162966	Stromal
82467	B_Cells
5812	Invasive_Tumor
146959	Myoepi_KRT15
164920	Macrophages_1
107704	Stromal
11864	Stromal
70671	Invasive_Tumor
147152	Macrophages_1
2505	Stromal
76787	Stromal
32508	Macrophages_1
27108	Invasive_Tumor
25750	Unlabeled
97898	Macrophages_2
69666	Invasive_Tumor
10215	DCIS_2
142011	DCIS_2
37838	Stromal
92294	Invasive_Tumor
124042	Unlabeled
33159	Invasive_Tumor
81850	CD4_T_Cells
97862	Stromal
89303	Invasive_Tumor
59305	Invasive_Tumor
132515	Stromal
88207	Prolif_Invasive_Tumor
38926	Stromal
157868	DCIS_2
102151	Stromal
61143	Invasive_Tumor
54031	Invasive_Tumor
146349	Endothelial
63537	Endothelial
136772	DCIS_1
16354	Myoepi_ACTA2
100982	Prolif_Invasive_Tumor
64942	Stromal
80308	Stromal
154595	Stromal
18671	Invasive_Tumor
65480	B_Cells
82766	Stromal
39097	Macrophages_1
38385	B_Cells
81036	Unlabeled
54653	CD4_T_Cells
27071	CD4_T_Cells
166899	DCIS_2
47507	Invasive_Tumor
31566	Invasive_Tumor
128757	Endothelial
43158	CD4_T_Cells
87776	Invasive_Tumor
104424	Myoepi_ACTA2
101730	B_Cells
23132	DCIS_1
23545	Myoepi_ACTA2
154544	Stromal
136152	CD4_T_Cells
108681	Stromal
117966	Myoepi_ACTA2
135565	Stromal
125004	DCIS_1
134060	Endothelial
1577	Macrophages_1
16254	Myoepi_ACTA2
11178	CD4_T_Cells
129453	Macrophages_1
14957	DCIS_1
88999	Invasive_Tumor
72121	Invasive_Tumor
10117	DCIS_2
80550	Stromal
5331	Invasive_Tumor
68141	Stromal
30127	Invasive_Tumor
28529	IRF7_DCs
165256	DCIS_2
75379	Invasive_Tumor
114224	Stromal
32757	DCIS_1
129408	Stromal
58634	Invasive_Tumor
80877	Macrophages_1
108867	B_Cells
22637	Endothelial
9277	Endothelial
66283	DCIS_1
108211	Stromal
140036	Stromal
87528	Prolif_Invasive_Tumor
15070	Stromal
37802	CD4_T_Cells
91598	Stromal
167108	DCIS_2
46939	Invasive_Tumor
149215	CD4_T_Cells
18743	Invasive_Tumor
99299	Macrophages_1
122583	CD4_T_Cells
156472	Unlabeled
85625	Invasive_Tumor
133164	Macrophages_1
62882	Macrophages_1
119842	IRF7_DCs
3199	Unlabeled
133116	Stromal
93461	Stromal
71625	Prolif_Invasive_Tumor
155593	DCIS_2
163006	DCIS_2
4256	Unlabeled
158135	DCIS_2
132396	DCIS_2
51887	Invasive_Tumor
37355	CD4_T_Cells
139562	Stromal
2722	Macrophages_1
23670	Invasive_Tumor
92028	Unlabeled
157805	DCIS_2
98461	CD4_T_Cells
62461	Invasive_Tumor
81788	DCIS_1
88146	Invasive_Tumor
62185	Invasive_Tumor
26449	Macrophages_1
75373	Prolif_Invasive_Tumor
113597	Stromal
52050	Invasive_Tumor
98548	Stromal
12161	Endothelial
146840	DCIS_2
23717	B_Cells
104330	Myoepi_ACTA2
55209	CD8_T_Cells
9024	Stromal
80385	Stromal
161725	B_Cells
67424	DCIS_1
27805	Myoepi_ACTA2
33944	Invasive_Tumor
146556	Stromal
131496	CD4_T_Cells
87806	Invasive_Tumor
43391	Endothelial
163024	Stromal
417	DCIS_1
3320	CD8_T_Cells
43713	Stromal
120949	Stromal
155796	Endothelial
93091	CD4_T_Cells
81374	B_Cells
73834	Macrophages_2
65433	Endothelial
62417	Endothelial
39783	CD8_T_Cells
43034	Stromal
131207	DCIS_2
65900	Invasive_Tumor
149272	CD4_T_Cells
38957	CD4_T_Cells
134737	Stromal
135338	CD4_T_Cells
164705	B_Cells
14521	DCIS_1
118357	Stromal
27520	CD8_T_Cells
112608	CD4_T_Cells
55520	CD8_T_Cells
144023	Myoepi_ACTA2
73649	Invasive_Tumor
126183	DCIS_1
162575	DCIS_2
4251	Invasive_Tumor
98501	Stromal
27904	CD4_T_Cells
57640	Invasive_Tumor
132844	Myoepi_ACTA2
105084	Stromal
16219	Invasive_Tumor
151815	Stromal
75184	Invasive_Tumor
12605	CD4_T_Cells
43848	Stromal
93455	Stromal
131901	Endothelial
56488	Invasive_Tumor
55546	CD4_T_Cells
90954	Stromal
72768	Invasive_Tumor
96461	Stromal
45625	Macrophages_1
153902	Myoepi_KRT15
119214	Stromal
13680	Stromal
116298	Stromal
137157	CD4_T_Cells
162286	Myoepi_ACTA2
58819	Invasive_Tumor
88941	Prolif_Invasive_Tumor
107281	Stromal_T_Cell_Hybrid
108254	Stromal
161038	Endothelial
42961	Stromal
145952	DCIS_2
14623	DCIS_1
20266	Endothelial
51386	Invasive_Tumor
130044	DCIS_2
34606	Stromal
75796	Endothelial
130923	Stromal
78363	CD4_T_Cells
81518	CD4_T_Cells
78726	Myoepi_ACTA2
154212	DCIS_2
149663	Stromal
54463	Invasive_Tumor
106905	CD8_T_Cells
152519	Myoepi_ACTA2
122807	Myoepi_ACTA2
107185	Stromal
82031	Stromal
85337	Invasive_Tumor
49581	Invasive_Tumor
137762	Macrophages_1
106422	DCIS_1
86343	Invasive_Tumor
22844	DCIS_1
16131	Macrophages_1
118146	Myoepi_ACTA2
140078	Stromal
145025	Stromal
27227	Unlabeled
60826	Invasive_Tumor
113718	Stromal
152438	Myoepi_KRT15
114335	Stromal
21505	Stromal
126890	Stromal
4405	Stromal
41439	CD4_T_Cells
79704	Stromal
133584	DCIS_2
131460	Endothelial
88345	Invasive_Tumor
17939	Invasive_Tumor
23	Invasive_Tumor
117348	Macrophages_1
74650	Stromal
13754	Stromal
41654	DCIS_1
127646	Stromal
72870	Invasive_Tumor
119552	DCIS_1
104267	Myoepi_ACTA2
150797	Stromal
114572	B_Cells
1200	Stromal
151905	Myoepi_ACTA2
75515	Endothelial
160453	DCIS_2
78830	B_Cells
157589	DCIS_2
118856	Macrophages_1
70620	Stromal
106683	Macrophages_1
30609	Invasive_Tumor
24160	Prolif_Invasive_Tumor
117128	DCIS_1
98219	Stromal
85102	Invasive_Tumor
38669	Macrophages_1
139155	Macrophages_1
91441	Stromal
8278	CD4_T_Cells
117906	Macrophages_1
57788	Macrophages_1
105275	Stromal
3726	Endothelial
135915	Stromal
120701	Endothelial
152031	CD8_T_Cells
95693	Macrophages_1
152959	DCIS_2
148266	DCIS_2
49468	T_Cell_Tumor_Hybrid
71913	Prolif_Invasive_Tumor
118791	Stromal
7585	CD4_T_Cells
35649	Stromal
109151	Stromal
28740	Invasive_Tumor
75330	Invasive_Tumor
93872	Stromal
74099	Invasive_Tumor
12185	Stromal
111029	DCIS_1
137621	CD4_T_Cells
15513	DCIS_1
17479	Invasive_Tumor
22887	DCIS_1
141246	Macrophages_1
10816	Stromal
115768	DCIS_1
88569	Invasive_Tumor
140969	Endothelial
154992	Stromal
40033	Macrophages_1
112844	CD8_T_Cells
81187	B_Cells
111330	Unlabeled
1415	Invasive_Tumor
68063	Invasive_Tumor
134592	Stromal
44318	Invasive_Tumor
21706	T_Cell_Tumor_Hybrid
25799	Stromal
46736	Unlabeled
93547	Myoepi_ACTA2
142585	DCIS_2
79111	DCIS_1
142554	DCIS_2
123926	Unlabeled
98231	Stromal
68170	Invasive_Tumor
105502	Stromal
87635	Invasive_Tumor
58630	Invasive_Tumor
32879	Invasive_Tumor
65427	Stromal
149483	B_Cells
84494	Invasive_Tumor
38105	Macrophages_1
96969	Macrophages_1
119263	DCIS_1
104956	DCIS_1
61642	Prolif_Invasive_Tumor
116864	Stromal
159854	DCIS_1
158666	Stromal
22187	Unlabeled
130512	Myoepi_ACTA2
68114	Invasive_Tumor
72462	Macrophages_1
71185	Prolif_Invasive_Tumor
112397	Stromal
81367	B_Cells
104853	B_Cells
111243	Stromal
120439	CD4_T_Cells
125074	Myoepi_ACTA2
33874	Stromal
166780	Endothelial
53060	Invasive_Tumor
159811	DCIS_1
82312	CD8_T_Cells
107193	Stromal
123066	CD4_T_Cells
36926	CD4_T_Cells
45926	Stromal
133342	DCIS_2
117723	Stromal
1942	Stromal
53715	Stromal
148928	DCIS_2
23487	DCIS_1
60498	Invasive_Tumor
152831	Endothelial
155594	DCIS_2
47654	Invasive_Tumor
163615	Stromal
164690	Myoepi_ACTA2
82154	Myoepi_ACTA2
51250	Macrophages_1
132537	Stromal
138611	Myoepi_ACTA2
20067	DCIS_1
5861	Invasive_Tumor
50265	Endothelial
119333	Myoepi_ACTA2
80415	Myoepi_ACTA2
63420	Invasive_Tumor
140163	Stromal
72454	Invasive_Tumor
81034	Macrophages_1
7624	Stromal
85146	Invasive_Tumor
131543	Stromal
1544	Myoepi_ACTA2
138075	CD4_T_Cells
95432	Stromal
129590	DCIS_2
6703	Stromal
150627	Stromal
138306	B_Cells
18979	Unlabeled
105520	Macrophages_1
149083	Stromal
152415	DCIS_2
55743	Prolif_Invasive_Tumor
104044	Myoepi_KRT15
68825	Invasive_Tumor
157912	DCIS_2
24368	Invasive_Tumor
107795	Stromal
85898	Macrophages_1
25828	Unlabeled
95973	Stromal
30841	Invasive_Tumor
50393	Macrophages_1
68938	Invasive_Tumor
87864	CD8_T_Cells
157522	Myoepi_KRT15
161495	DCIS_2
149591	CD4_T_Cells
93573	Stromal
54349	Endothelial
18156	Invasive_Tumor
147712	DCIS_2
83427	Stromal
150959	Stromal
36485	Macrophages_1
52038	Invasive_Tumor
59019	Stromal
54619	Invasive_Tumor
15889	DCIS_1
11146	CD4_T_Cells
60332	Unlabeled
130366	Unlabeled
95026	CD4_T_Cells
111811	CD8_T_Cells
159255	Endothelial
107039	Stromal
73427	Prolif_Invasive_Tumor
105302	Stromal
37120	CD4_T_Cells
114951	Stromal
156386	B_Cells
137211	CD4_T_Cells
88982	Invasive_Tumor
14817	Myoepi_ACTA2
8600	Myoepi_ACTA2
97091	B_Cells
118165	Myoepi_ACTA2
155055	DCIS_2
72390	Invasive_Tumor
99967	Invasive_Tumor
21616	Unlabeled
32817	B_Cells
10671	B_Cells
165345	DCIS_2
103957	Stromal
82638	Macrophages_1
118409	Unlabeled
163153	Stromal
118688	Stromal
9962	Unlabeled
130204	Stromal
38265	DCIS_1
68436	Unlabeled
163576	Stromal
50920	DCIS_1
16342	Endothelial
138658	Stromal
110575	DCIS_1
1808	Macrophages_1
94733	Myoepi_KRT15
130984	Macrophages_1
71084	Invasive_Tumor
86477	Invasive_Tumor
12483	Endothelial
132027	DCIS_1
23566	Myoepi_ACTA2
51681	CD4_T_Cells
86430	Invasive_Tumor
74048	Stromal
146280	Macrophages_1
120218	Stromal
158475	Myoepi_KRT15
161241	Stromal
61681	Invasive_Tumor
49728	Invasive_Tumor
43244	CD8_T_Cells
47504	Endothelial
138126	Endothelial
74689	Invasive_Tumor
160204	DCIS_2
156987	DCIS_2
91492	Stromal
60003	CD8_T_Cells
97274	B_Cells
79105	Stromal
119056	Stromal
102043	Stromal
130410	Stromal
99834	T_Cell_Tumor_Hybrid
14439	DCIS_1
16671	Invasive_Tumor
41444	Stromal
103202	Invasive_Tumor
14305	DCIS_1
106675	Macrophages_1
122711	Mast_Cells
31543	Endothelial
21129	Invasive_Tumor
166923	DCIS_2
124991	Endothelial
45008	Invasive_Tumor
54641	Invasive_Tumor
8816	Unlabeled
105709	Myoepi_KRT15
95328	Myoepi_ACTA2
159225	Stromal
129785	Stromal
50046	Invasive_Tumor
81137	Stromal
43120	Unlabeled
107133	Stromal
155913	Stromal
126354	DCIS_1
69997	Invasive_Tumor
102651	Myoepi_ACTA2
94226	Stromal
146609	Stromal
28473	CD4_T_Cells
58302	Invasive_Tumor
42005	CD8_T_Cells
73267	Stromal
114082	Endothelial
84618	Endothelial
33186	Stromal
126102	Myoepi_ACTA2
80476	CD4_T_Cells
136508	Endothelial
125130	DCIS_1
67206	Invasive_Tumor
6661	Stromal
42361	Myoepi_ACTA2
160367	DCIS_2
50881	Invasive_Tumor
38002	Stromal
18714	Macrophages_1
158241	DCIS_2
123040	DCIS_1
27590	Macrophages_1
21039	Invasive_Tumor
141751	DCIS_2
149909	Endothelial
105139	Stromal
97177	Macrophages_1
98364	Stromal
109863	Stromal
20333	DCIS_1
162635	Macrophages_1
161644	Stromal
64975	Invasive_Tumor
140484	DCIS_2
55639	Unlabeled
84538	Unlabeled
138021	CD4_T_Cells
75212	Stromal
144608	Stromal
124693	B_Cells
131034	Macrophages_1
124551	Myoepi_ACTA2
117237	DCIS_1
92323	Stromal
67333	DCIS_1
35908	CD8_T_Cells
107022	Stromal
21279	Stromal
102169	B_Cells
124517	DCIS_1
149140	CD4_T_Cells
35938	Prolif_Invasive_Tumor
27697	Unlabeled
93066	Stromal
22656	Stromal
39075	Myoepi_ACTA2
10734	Stromal
6020	Stromal
55146	T_Cell_Tumor_Hybrid
4524	Prolif_Invasive_Tumor
62393	Invasive_Tumor
36431	Stromal
145414	DCIS_2
73042	T_Cell_Tumor_Hybrid
126661	Stromal
155885	Stromal
6529	IRF7_DCs
92629	CD4_T_Cells
78320	Stromal
46550	Unlabeled
120882	Unlabeled
161617	Stromal
93589	CD8_T_Cells
62389	Invasive_Tumor
127824	Stromal
110644	CD8_T_Cells
109740	Macrophages_1
77847	Macrophages_1
16758	Stromal
45734	Myoepi_ACTA2
65945	Invasive_Tumor
70810	Invasive_Tumor
49459	Invasive_Tumor
123710	DCIS_1
143427	DCIS_2
45404	Macrophages_1
61372	Macrophages_1
4544	Unlabeled
91103	Endothelial
119176	Stromal
166592	Endothelial
133399	Macrophages_1
167373	Stromal
34991	Stromal
113790	Macrophages_1
125715	Invasive_Tumor
37292	Invasive_Tumor
72285	Invasive_Tumor
23253	CD8_T_Cells
41762	Stromal
11284	Stromal
91378	Unlabeled
37832	CD4_T_Cells
113785	Stromal
159312	Endothelial
37374	CD4_T_Cells
36525	B_Cells
117525	Macrophages_1
162850	Stromal
60103	Invasive_Tumor
105756	Stromal
47909	Prolif_Invasive_Tumor
7196	Invasive_Tumor
207	DCIS_1
75090	Invasive_Tumor
131682	IRF7_DCs
106193	Stromal
40653	CD4_T_Cells
131895	Endothelial
99608	Endothelial
40608	CD8_T_Cells
74944	Stromal
71705	Stromal
105757	Stromal
8438	Myoepi_ACTA2
147315	Macrophages_1
64884	Stromal
16791	DCIS_1
42091	Stromal
74187	Stromal
78437	Myoepi_ACTA2
149827	Stromal
51624	Stromal
20175	Unlabeled
161591	Stromal
50143	Unlabeled
87625	Macrophages_1
41973	DCIS_1
99619	Invasive_Tumor
113034	Myoepi_ACTA2
150238	Macrophages_1
129794	Stromal
135428	Stromal
91212	Stromal
45185	DCIS_1
111181	CD4_T_Cells
3358	Stromal
12933	DCIS_2
53281	Invasive_Tumor
142707	DCIS_2
63260	Invasive_Tumor
101633	Stromal
116615	Endothelial
140766	Macrophages_1
125120	DCIS_1
118910	Stromal
138528	CD4_T_Cells
20092	DCIS_1
140964	Endothelial
81842	Stromal
57960	Invasive_Tumor
102460	CD4_T_Cells
62710	Invasive_Tumor
153899	DCIS_2
869	Prolif_Invasive_Tumor
138416	Stromal
24866	Invasive_Tumor
33967	Invasive_Tumor
90735	Invasive_Tumor
66575	Invasive_Tumor
39515	Myoepi_ACTA2
46566	Invasive_Tumor
71111	Prolif_Invasive_Tumor
61142	Prolif_Invasive_Tumor
19278	Stromal
149810	Stromal
155094	DCIS_2
87684	Invasive_Tumor
149417	CD4_T_Cells
18913	Invasive_Tumor
115859	Stromal
46637	Unlabeled
26292	DCIS_1
43357	Macrophages_1
111228	Stromal
100037	Invasive_Tumor
19352	Endothelial
20960	Stromal
7593	Stromal
157724	Macrophages_1
39742	Perivascular_Like
56487	Invasive_Tumor
7096	Invasive_Tumor
41545	CD4_T_Cells
24589	Invasive_Tumor
114562	Stromal
73590	Invasive_Tumor
71301	Invasive_Tumor
162095	CD4_T_Cells
91859	Stromal
134872	Stromal
12801	DCIS_2
28666	Stromal
153598	DCIS_2
60057	Invasive_Tumor
162920	DCIS_2
91114	Stromal
87495	Invasive_Tumor
54455	Prolif_Invasive_Tumor
8159	Stromal
142337	Myoepi_ACTA2
35991	Stromal_T_Cell_Hybrid
73453	Invasive_Tumor
61015	CD8_T_Cells
46523	DCIS_1
121575	Stromal
117630	Myoepi_ACTA2
125870	DCIS_1
50039	Invasive_Tumor
61730	Invasive_Tumor
146914	DCIS_2
94663	Myoepi_ACTA2
26571	Endothelial
63604	Stromal
123906	Unlabeled
101904	Stromal
27594	Stromal
10121	DCIS_2
93937	Stromal
98359	Stromal
18787	Invasive_Tumor
134840	CD4_T_Cells
141828	DCIS_2
37782	B_Cells
139794	Stromal
58556	Invasive_Tumor
140211	Endothelial
121199	Unlabeled
165736	Stromal
157526	Myoepi_KRT15
142188	DCIS_2
118388	Myoepi_KRT15
18650	Prolif_Invasive_Tumor
159073	DCIS_2
108666	Stromal
39053	Macrophages_1
54454	Invasive_Tumor
120635	Stromal
74516	Invasive_Tumor
39152	Stromal
65222	Stromal
32307	CD4_T_Cells
145441	Myoepi_KRT15
164506	DCIS_2
135446	Stromal
97511	Stromal
57698	Invasive_Tumor
3657	Invasive_Tumor
126287	Myoepi_ACTA2
161079	DCIS_2
100082	Invasive_Tumor
28304	Invasive_Tumor
101088	Prolif_Invasive_Tumor
43371	CD4_T_Cells
75369	Invasive_Tumor
19839	CD4_T_Cells
89409	Invasive_Tumor
50147	Stromal
36496	Macrophages_1
105514	Stromal
66341	Unlabeled
141219	DCIS_2
47905	Invasive_Tumor
97459	Stromal
121557	Stromal
15071	DCIS_1
140758	Stromal
10575	DCIS_1
49627	CD4_T_Cells
72154	Invasive_Tumor
89987	Invasive_Tumor
154408	LAMP3_DCs
17704	Invasive_Tumor
166031	Myoepi_ACTA2
67380	Invasive_Tumor
158742	DCIS_2
160729	DCIS_2
17444	Invasive_Tumor
37884	CD8_T_Cells
57989	Invasive_Tumor
104940	DCIS_1
30597	Prolif_Invasive_Tumor
160224	DCIS_1
102692	Myoepi_KRT15
54444	Invasive_Tumor
137226	B_Cells
60154	Stromal_T_Cell_Hybrid
144393	Unlabeled
120487	DCIS_1
100610	Invasive_Tumor
67957	Invasive_Tumor
6099	Invasive_Tumor
167306	DCIS_2
4082	Invasive_Tumor
61424	Invasive_Tumor
53922	Invasive_Tumor
63376	Invasive_Tumor
29168	Invasive_Tumor
55419	Invasive_Tumor
151146	Macrophages_1
964	DCIS_1
84567	Invasive_Tumor
127099	Stromal
75798	Stromal
32118	Stromal
104370	Stromal
50295	Stromal
43957	Invasive_Tumor
104460	Stromal
154583	Myoepi_KRT15
150127	Stromal
113706	Stromal
144405	CD8_T_Cells
129012	DCIS_2
18411	Prolif_Invasive_Tumor
63352	Invasive_Tumor
102874	Macrophages_1
121128	Stromal
128735	Macrophages_1
21614	Unlabeled
66766	Invasive_Tumor
16228	Unlabeled
47170	DCIS_1
21350	Invasive_Tumor
34479	Invasive_Tumor
70962	Invasive_Tumor
134868	Stromal
1971	CD8_T_Cells
30573	Invasive_Tumor
11841	Myoepi_KRT15
128955	DCIS_2
59281	Invasive_Tumor
31957	Macrophages_1
103152	Invasive_Tumor
115790	DCIS_1
1344	Invasive_Tumor
79043	DCIS_1
122063	Unlabeled
139779	Stromal
25615	Invasive_Tumor
124443	Unlabeled
135559	Myoepi_ACTA2
76208	Invasive_Tumor
106050	Stromal
121488	DCIS_1
41259	CD4_T_Cells
163394	Stromal
40020	Macrophages_1
110861	Unlabeled
110698	CD8_T_Cells
100322	Prolif_Invasive_Tumor
79643	Stromal
41892	Stromal
139660	Perivascular_Like
6922	Invasive_Tumor
75864	Stromal
102968	CD8_T_Cells
150229	Stromal
17724	Invasive_Tumor
37648	Stromal
134065	Stromal
17030	Invasive_Tumor
33764	Unlabeled
140198	Stromal
126483	Stromal
108549	Stromal
161659	Stromal_T_Cell_Hybrid
152097	Stromal
41357	B_Cells
71604	Stromal
21082	Invasive_Tumor
132260	Stromal
65206	Invasive_Tumor
13766	DCIS_1
80743	CD8_T_Cells
81829	Macrophages_1
105527	CD4_T_Cells
100043	Invasive_Tumor
96746	Stromal
69638	Invasive_Tumor
107691	Stromal
64507	Unlabeled
101527	Invasive_Tumor
88681	Stromal
33432	Invasive_Tumor
113161	CD4_T_Cells
134248	Myoepi_ACTA2
14407	Invasive_Tumor
45460	Invasive_Tumor
150000	Myoepi_KRT15
72444	Invasive_Tumor
5804	Invasive_Tumor
102613	B_Cells
138498	CD8_T_Cells
25143	Invasive_Tumor
123978	Unlabeled
131564	CD4_T_Cells
65713	Invasive_Tumor
146816	Macrophages_1
160103	Macrophages_2
56019	CD8_T_Cells
167460	DCIS_2
24890	Invasive_Tumor
42131	DCIS_1
73174	Invasive_Tumor
140372	Myoepi_KRT15
46083	Myoepi_ACTA2
148483	Invasive_Tumor
134837	Stromal
108227	Stromal
131168	B_Cells
39425	Stromal
107528	Stromal
27924	Stromal
158864	DCIS_2
860	DCIS_1
74799	Invasive_Tumor
127986	DCIS_2
9790	DCIS_1
4598	Invasive_Tumor
138448	DCIS_2
44707	Invasive_Tumor
133667	CD4_T_Cells
87871	Invasive_Tumor
74098	Prolif_Invasive_Tumor
8694	Stromal
67199	B_Cells
112846	CD8_T_Cells
167022	DCIS_2
11588	DCIS_2
146002	DCIS_2
96945	Stromal
77986	DCIS_1
80452	Stromal
70802	Stromal
96261	Stromal
84262	Invasive_Tumor
151456	Endothelial
75672	Stromal
134682	Endothelial
157581	DCIS_2
3058	Stromal
109127	Myoepi_ACTA2
58089	Prolif_Invasive_Tumor
102865	Stromal
145412	DCIS_2
112807	Stromal
9522	CD4_T_Cells
120102	Stromal
1877	Stromal_T_Cell_Hybrid
158013	DCIS_2
47070	DCIS_1
50080	Invasive_Tumor
87963	Invasive_Tumor
24517	Invasive_Tumor
19894	DCIS_1
150445	Stromal
32182	Stromal
13446	DCIS_2
163284	Macrophages_1
1924	Endothelial
79812	Stromal
37091	Macrophages_1
42560	Stromal
166999	DCIS_2
112867	Macrophages_1
50709	Stromal
117294	Stromal
109580	CD8_T_Cells
112066	Unlabeled
136792	Endothelial
103157	Invasive_Tumor
13695	Endothelial
20845	Unlabeled
11515	DCIS_2
16380	DCIS_1
86954	Invasive_Tumor
134425	Stromal
146523	DCIS_2
144949	Myoepi_ACTA2
98535	Stromal
11063	Endothelial
70067	Invasive_Tumor
127700	B_Cells
70771	Invasive_Tumor
18484	Invasive_Tumor
103174	Invasive_Tumor
18846	Stromal
40821	Myoepi_ACTA2
129934	Endothelial
65275	DCIS_1
124389	DCIS_1
64486	Invasive_Tumor
89207	Endothelial
40745	Endothelial
23690	B_Cells
163425	Stromal
116999	B_Cells
115345	CD4_T_Cells
96686	Stromal
145605	IRF7_DCs
67289	DCIS_1
83280	Stromal
20922	Invasive_Tumor
83591	Stromal
149204	Stromal
138288	CD4_T_Cells
53290	Prolif_Invasive_Tumor
142661	DCIS_2
36879	Stromal
148062	Stromal
118439	Stromal
96167	CD4_T_Cells
129002	DCIS_2
40420	DCIS_1
33506	Macrophages_1
39780	CD4_T_Cells
34721	Invasive_Tumor
11168	CD4_T_Cells
131665	Stromal
37819	B_Cells
75312	Invasive_Tumor
104239	DCIS_1
79425	Myoepi_ACTA2
128894	DCIS_2
131265	DCIS_2
84021	Stromal
164130	Stromal
93853	Stromal
149641	CD8_T_Cells
37630	CD4_T_Cells
39749	CD4_T_Cells
123150	Unlabeled
107594	Macrophages_1
2976	Stromal
43611	Invasive_Tumor
39034	CD4_T_Cells
59515	Stromal
137528	Stromal
119216	Stromal
123293	CD4_T_Cells
10902	Macrophages_2
101578	Invasive_Tumor
136079	Stromal
103396	Unlabeled
7252	Invasive_Tumor
49290	Invasive_Tumor
1573	DCIS_1
95567	Macrophages_1
59519	Prolif_Invasive_Tumor
145375	Stromal
73977	Invasive_Tumor
23643	Invasive_Tumor
127289	Stromal
144705	Stromal
93618	Macrophages_1
149652	B_Cells
92804	Stromal
163081	Stromal
144578	DCIS_1
107668	Stromal
32870	Prolif_Invasive_Tumor
141996	DCIS_1
38955	CD8_T_Cells
46707	DCIS_1
124979	Macrophages_1
59475	Stromal
154277	CD4_T_Cells
59287	Macrophages_1
158712	Endothelial
19291	Stromal
42858	DCIS_1
118842	Stromal
157908	DCIS_2
48838	Macrophages_1
100960	T_Cell_Tumor_Hybrid
148074	Stromal
95794	Stromal
18676	Unlabeled
75854	Stromal
119190	Stromal
63704	Endothelial
113462	Stromal
102957	Stromal
136962	Stromal
127508	Stromal
156270	Myoepi_ACTA2
99631	Invasive_Tumor
163557	LAMP3_DCs
30721	Invasive_Tumor
77008	Macrophages_1
8876	Endothelial
164173	Myoepi_ACTA2
165608	DCIS_1
100827	Macrophages_1
10667	Stromal
49427	Unlabeled
40415	DCIS_1
15572	DCIS_1
41964	DCIS_1
147367	Invasive_Tumor
69326	Invasive_Tumor
76954	CD8_T_Cells
81324	Endothelial
100942	Invasive_Tumor
83349	Stromal
74401	Stromal
124671	Stromal
120940	CD8_T_Cells
64192	Stromal
130035	Myoepi_KRT15
144531	Myoepi_ACTA2
132023	DCIS_2
80427	Myoepi_ACTA2
68808	Unlabeled
94708	Myoepi_KRT15
2768	Stromal
98542	Stromal
155222	Stromal
53664	Stromal
90627	Invasive_Tumor
40874	CD4_T_Cells
1935	Macrophages_1
10327	Stromal
45294	DCIS_1
6484	Stromal
146007	Myoepi_ACTA2
134853	DCIS_2
104496	Stromal
65608	Invasive_Tumor
129074	Stromal
106471	Stromal
162768	Stromal
42827	DCIS_1
12762	DCIS_2
130613	Stromal
17972	Endothelial
10764	CD4_T_Cells
77656	Macrophages_1
95610	Macrophages_1
102601	Perivascular_Like
140833	Stromal
87391	Invasive_Tumor
7769	Unlabeled
99162	Stromal
3431	Macrophages_1
140169	Stromal
16900	Endothelial
97127	Macrophages_1
74567	Endothelial
2219	Invasive_Tumor
103115	Macrophages_1
113691	Stromal
78399	CD8_T_Cells
48569	Invasive_Tumor
100804	Invasive_Tumor
103948	Stromal
152566	CD4_T_Cells
14238	Invasive_Tumor
163326	Perivascular_Like
153584	DCIS_2
92295	Stromal
65684	Invasive_Tumor
105557	Endothelial
52575	Invasive_Tumor
129660	Endothelial
111575	Stromal
85854	Stromal
70599	Invasive_Tumor
55242	Prolif_Invasive_Tumor
8285	Macrophages_1
27896	Myoepi_ACTA2
7683	Stromal
46160	DCIS_1
69817	Invasive_Tumor
10197	Invasive_Tumor
97108	Stromal
109789	DCIS_1
109698	Unlabeled
123008	Macrophages_1
88236	Invasive_Tumor
104957	DCIS_1
60191	Invasive_Tumor
143470	Myoepi_ACTA2
144118	DCIS_2
14228	DCIS_2
55058	Invasive_Tumor
88279	Invasive_Tumor
72760	Invasive_Tumor
80002	Myoepi_ACTA2
58920	Invasive_Tumor
78558	Myoepi_ACTA2
690	Endothelial
77924	Perivascular_Like
370	CD4_T_Cells
119468	Stromal
27245	CD4_T_Cells
126015	Unlabeled
111163	B_Cells
101452	Invasive_Tumor
16332	DCIS_2
60235	Stromal
61695	Prolif_Invasive_Tumor
15667	Invasive_Tumor
144193	Stromal
21680	Macrophages_2
72616	Endothelial
27550	CD8_T_Cells
34650	Invasive_Tumor
64129	Invasive_Tumor
148518	DCIS_2
55693	Stromal
16255	Myoepi_ACTA2
143920	Invasive_Tumor
25717	Macrophages_1
67886	Prolif_Invasive_Tumor
85438	Macrophages_1
63483	Invasive_Tumor
131421	Myoepi_KRT15
66896	Invasive_Tumor
75189	Invasive_Tumor
4108	Invasive_Tumor
66823	Invasive_Tumor
140569	Stromal
12961	DCIS_2
59125	Invasive_Tumor
89471	Invasive_Tumor
158351	Stromal
81857	CD4_T_Cells
105160	Stromal
99745	Prolif_Invasive_Tumor
111578	DCIS_1
109940	Macrophages_1
164091	Macrophages_1
108343	Stromal
138657	Stromal
138917	Stromal
76204	Invasive_Tumor
95522	Endothelial
77483	Stromal
136097	B_Cells
98661	Stromal
133979	Stromal
114992	Endothelial
53968	Invasive_Tumor
32547	Stromal
129257	Myoepi_ACTA2
103942	Stromal
2609	Invasive_Tumor
49530	CD4_T_Cells
45091	Invasive_Tumor
25903	Unlabeled
82536	Stromal
53878	Invasive_Tumor
35859	Stromal
33231	B_Cells
89138	Invasive_Tumor
163577	Stromal
31562	Stromal
28078	Myoepi_ACTA2
2877	Myoepi_ACTA2
125675	Macrophages_1
91301	Invasive_Tumor
130439	Stromal
21809	B_Cells
165823	Stromal
13536	DCIS_2
65493	Stromal
138838	DCIS_1
12948	DCIS_2
92510	Endothelial
128975	DCIS_2
115877	DCIS_1
94999	Stromal
154449	Myoepi_ACTA2
113074	Myoepi_KRT15
103030	Invasive_Tumor
102498	Stromal
75414	Invasive_Tumor
4156	Invasive_Tumor
142260	DCIS_1
89166	Invasive_Tumor
80892	Macrophages_1
26555	CD4_T_Cells
12499	CD4_T_Cells
56096	Stromal
142110	DCIS_1
23574	DCIS_1
19342	B_Cells
43497	Macrophages_1
39552	Invasive_Tumor
117365	Stromal
127113	Macrophages_1
111289	LAMP3_DCs
19901	DCIS_1
51669	Stromal
1930	Stromal
73323	Mast_Cells
82711	Macrophages_1
154863	DCIS_2
158881	DCIS_2
73620	Invasive_Tumor
9311	Stromal
56198	Invasive_Tumor
105980	Stromal
6096	Invasive_Tumor
166811	Macrophages_1
77538	Stromal
42017	Stromal
90906	Macrophages_2
162066	DCIS_2
38601	DCIS_1
56457	Invasive_Tumor
112478	CD8_T_Cells
46209	Macrophages_1
116139	Macrophages_1
17554	Invasive_Tumor
133976	Stromal
54442	Prolif_Invasive_Tumor
85048	Invasive_Tumor
2061	CD4_T_Cells
53963	Invasive_Tumor
23929	Unlabeled
106463	CD8_T_Cells
62621	Invasive_Tumor
157429	DCIS_2
71862	Invasive_Tumor
46739	CD4_T_Cells
65647	Invasive_Tumor
33454	Invasive_Tumor
128598	DCIS_2
123275	CD4_T_Cells
25892	Macrophages_1
146001	Myoepi_KRT15
56383	Invasive_Tumor
108959	CD4_T_Cells
75997	Invasive_Tumor
19873	Stromal
97656	Stromal
5091	Prolif_Invasive_Tumor
29332	Invasive_Tumor
75695	Stromal
38286	Invasive_Tumor
31711	Stromal
134066	Stromal
146141	Unlabeled
10030	Stromal
73146	Endothelial
66420	Macrophages_1
130240	Macrophages_1
129183	Myoepi_KRT15
81458	Stromal
141614	DCIS_2
160715	CD8_T_Cells
125249	T_Cell_Tumor_Hybrid
141101	DCIS_2
34278	Stromal
131193	Stromal
40387	Macrophages_1
95352	DCIS_1
141786	DCIS_2
126868	Stromal
111512	Endothelial
120838	CD4_T_Cells
3584	Unlabeled
77815	DCIS_1
70583	Invasive_Tumor
54958	Invasive_Tumor
27186	Unlabeled
146932	DCIS_2
25328	Invasive_Tumor
4789	Invasive_Tumor
100281	Invasive_Tumor
91491	Unlabeled
26654	Stromal
141774	DCIS_1
163142	B_Cells
48993	Invasive_Tumor
66886	Invasive_Tumor
45522	Invasive_Tumor
16958	Myoepi_ACTA2
84109	Stromal
63023	Invasive_Tumor
25067	CD8_T_Cells
28953	B_Cells
97371	Stromal
119820	Stromal
24102	Stromal
16031	DCIS_1
163402	Stromal
129574	DCIS_2
110432	DCIS_1
45527	DCIS_1
157876	CD8_T_Cells
1003	DCIS_1
145293	Macrophages_1
19299	CD4_T_Cells
102484	Stromal
125419	DCIS_1
71549	Invasive_Tumor
70480	Invasive_Tumor
9556	CD4_T_Cells
151054	B_Cells
132199	DCIS_2
143104	Macrophages_1
86752	Invasive_Tumor
130649	Macrophages_1
47713	Invasive_Tumor
104314	Stromal
98368	Macrophages_2
42174	Myoepi_ACTA2
114186	Stromal
62299	Invasive_Tumor
106206	Stromal
148298	DCIS_2
107494	CD8_T_Cells
125580	Stromal
76429	Stromal
54212	Macrophages_1
64293	Invasive_Tumor
153913	Myoepi_KRT15
146637	DCIS_2
73104	Invasive_Tumor
141128	DCIS_2
30062	Invasive_Tumor
1135	DCIS_1
91192	Invasive_Tumor
159870	DCIS_2
150767	Invasive_Tumor
32270	Macrophages_1
119662	Stromal
96973	B_Cells
130739	Stromal
136924	Macrophages_1
65443	CD4_T_Cells
69835	Invasive_Tumor
72867	Invasive_Tumor
22962	Stromal
6093	Invasive_Tumor
141052	Myoepi_KRT15
69436	Endothelial
111602	CD8_T_Cells
121642	DCIS_1
60622	Invasive_Tumor
91774	Endothelial
82801	Stromal
162915	Myoepi_KRT15
10408	Stromal
38853	Myoepi_ACTA2
48725	Invasive_Tumor
95035	Stromal
123940	CD8_T_Cells
158536	Stromal
120176	Stromal_T_Cell_Hybrid
144662	Stromal
43459	Invasive_Tumor
108463	Stromal
35303	Stromal
148864	CD4_T_Cells
7509	CD8_T_Cells
3449	CD4_T_Cells
138957	Stromal
135492	Macrophages_1
90130	B_Cells
104915	Stromal
64299	Invasive_Tumor
111426	Unlabeled
125456	Stromal
23972	Invasive_Tumor
14344	DCIS_1
140323	Myoepi_KRT15
115275	CD8_T_Cells
77058	CD8_T_Cells
161451	B_Cells
155070	DCIS_2
29319	Invasive_Tumor
31017	Invasive_Tumor
29128	Macrophages_1
50003	Invasive_Tumor
28255	DCIS_1
109333	Stromal
152395	DCIS_2
63371	Invasive_Tumor
148851	Stromal
103643	Endothelial
657	CD8_T_Cells
146424	Myoepi_KRT15
135756	Stromal
116907	Macrophages_1
153112	DCIS_2
68410	Unlabeled
10673	Endothelial
118484	Stromal
139507	Macrophages_2
53276	Invasive_Tumor
83832	Invasive_Tumor
111487	CD4_T_Cells
59662	Endothelial
46879	DCIS_1
15816	Stromal
104211	DCIS_1
136369	Myoepi_ACTA2
6874	Stromal
40738	Stromal
6368	Myoepi_ACTA2
16341	Myoepi_ACTA2
139113	Unlabeled
111794	CD4_T_Cells
71481	CD4_T_Cells
38018	CD8_T_Cells
42458	DCIS_1
113758	Stromal
12593	DCIS_1
93189	CD8_T_Cells
74412	Stromal
100558	Endothelial
147348	Macrophages_1
135407	Endothelial
146823	DCIS_2
41201	CD4_T_Cells
78115	Stromal
76192	Invasive_Tumor
87723	CD8_T_Cells
40077	CD4_T_Cells
139015	Endothelial
86543	Invasive_Tumor
85661	Invasive_Tumor
135357	CD8_T_Cells
97236	Macrophages_1
147722	DCIS_2
115204	Stromal
93173	Myoepi_ACTA2
55141	Invasive_Tumor
105801	Myoepi_ACTA2
115026	Stromal_T_Cell_Hybrid
3743	Invasive_Tumor
34958	Macrophages_1
69839	Invasive_Tumor
135813	Stromal
62698	Invasive_Tumor
139712	B_Cells
151364	Stromal
17937	Unlabeled
29821	CD8_T_Cells
18412	Invasive_Tumor
136058	Stromal
99544	Prolif_Invasive_Tumor
43654	Stromal
149830	Macrophages_2
22058	Invasive_Tumor
3255	Unlabeled
105104	DCIS_1
27873	CD8_T_Cells
118950	DCIS_1
143233	DCIS_1
87887	Invasive_Tumor
95483	Stromal
151849	Myoepi_KRT15
147339	Myoepi_KRT15
121816	B_Cells
28997	Stromal
35251	Unlabeled
28103	Myoepi_ACTA2
87475	Invasive_Tumor
125053	DCIS_1
102135	Mast_Cells
110349	B_Cells
147478	DCIS_2
79586	CD4_T_Cells
50199	Invasive_Tumor
74366	Stromal
67518	DCIS_1
50854	Endothelial
135447	Stromal
11662	Macrophages_2
66552	Prolif_Invasive_Tumor
122832	CD8_T_Cells
53892	T_Cell_Tumor_Hybrid
32258	Invasive_Tumor
108784	Stromal
41688	Myoepi_ACTA2
119664	Stromal
112920	Macrophages_1
34223	Stromal
54578	Invasive_Tumor
153320	Stromal
103591	Stromal
148215	DCIS_2
14462	DCIS_1
35537	Prolif_Invasive_Tumor
49934	Stromal
116683	Stromal_T_Cell_Hybrid
37194	Stromal
145327	Stromal
20413	Unlabeled
128148	DCIS_2
123423	Stromal
146603	DCIS_2
150974	Stromal
28649	Macrophages_1
166415	Stromal
52552	Invasive_Tumor
124071	Unlabeled
144846	B_Cells
3838	DCIS_1
31814	Stromal
105861	Myoepi_ACTA2
72742	Endothelial
159193	Stromal
131929	Macrophages_1
144595	Endothelial
103050	Invasive_Tumor
167424	Endothelial
39906	B_Cells
19602	Stromal
81266	B_Cells
64656	Unlabeled
81961	Stromal
160381	DCIS_2
149316	B_Cells
27562	Macrophages_1
142398	DCIS_2
130301	CD8_T_Cells
27272	Endothelial
147954	Stromal
86720	Invasive_Tumor
153853	Invasive_Tumor
89917	Invasive_Tumor
56358	Stromal
113579	Stromal
166552	Stromal
82653	CD8_T_Cells
18330	DCIS_1
118696	Macrophages_1
23294	DCIS_1
19438	Myoepi_ACTA2
164374	DCIS_2
88490	Invasive_Tumor
55661	Stromal
24342	Invasive_Tumor
17145	Macrophages_1
2816	CD8_T_Cells
56377	Stromal
37044	Invasive_Tumor
134357	Myoepi_ACTA2
54808	B_Cells
160326	DCIS_2
106308	Endothelial
9289	Stromal
54975	Invasive_Tumor
30775	Invasive_Tumor
50597	Unlabeled
72581	Invasive_Tumor
145838	DCIS_2
158688	Endothelial
37547	IRF7_DCs
129925	Stromal
103974	Stromal
133594	Stromal
160911	Stromal
88068	Invasive_Tumor
106593	Macrophages_1
20020	Endothelial
92785	Stromal
161213	Myoepi_ACTA2
145696	B_Cells
78874	Stromal
15636	DCIS_1
76379	Prolif_Invasive_Tumor
5626	Unlabeled
7954	CD4_T_Cells
142407	DCIS_2
48123	Invasive_Tumor
110186	Macrophages_1
5981	Prolif_Invasive_Tumor
104210	Myoepi_ACTA2
163086	Macrophages_2
26870	B_Cells
19994	Endothelial
97496	CD8_T_Cells
26060	Invasive_Tumor
108624	Stromal
57891	Invasive_Tumor
81934	Macrophages_1
17171	Stromal
63516	Invasive_Tumor
120198	Endothelial
118894	Stromal
121332	B_Cells
25515	CD4_T_Cells
96088	Stromal
158970	Unlabeled
96419	Stromal
107071	Stromal
65964	Invasive_Tumor
160240	DCIS_2
15628	DCIS_1
2402	Invasive_Tumor
82948	Stromal
88355	Macrophages_1
12733	DCIS_2
152404	DCIS_2
67620	Macrophages_1
66257	Unlabeled
121962	DCIS_1
137137	CD4_T_Cells
84204	Stromal
120060	Stromal
90734	Invasive_Tumor
148692	CD8_T_Cells
117663	Stromal
48400	Stromal
146560	Stromal
131746	Stromal
517	Invasive_Tumor
76564	CD4_T_Cells
157702	DCIS_2
111233	Macrophages_1
85591	Invasive_Tumor
68504	Invasive_Tumor
3252	DCIS_1
96334	Stromal
137515	DCIS_1
36705	Stromal
89996	Macrophages_1
141327	CD4_T_Cells
164005	Stromal
43986	Invasive_Tumor
132300	Macrophages_2
91532	Endothelial
924	CD8_T_Cells
95114	Unlabeled
66383	DCIS_1
70340	Invasive_Tumor
166668	CD4_T_Cells
62771	Stromal
57818	Invasive_Tumor
90885	Stromal
135682	Stromal
39286	Macrophages_1
153745	DCIS_2
98850	Unlabeled
69141	Macrophages_1
122503	Stromal
30361	Invasive_Tumor
129705	Stromal
167226	DCIS_2
162464	Endothelial
21823	Macrophages_1
131393	Stromal
1765	Invasive_Tumor
85096	Stromal
163094	Stromal
100562	Invasive_Tumor
106817	Myoepi_KRT15
91578	Stromal
164829	DCIS_2
107526	Stromal
135281	Stromal
75216	Invasive_Tumor
79002	Myoepi_ACTA2
156557	DCIS_1
28514	CD4_T_Cells
149350	DCIS_2
91873	Perivascular_Like
61858	Unlabeled
107902	Stromal
106575	DCIS_1
157778	DCIS_2
105663	Stromal
34988	Stromal
158606	Stromal
28905	Endothelial
20766	Unlabeled
83911	Invasive_Tumor
32444	Stromal
143502	DCIS_2
103919	Myoepi_KRT15
121983	DCIS_1
31644	B_Cells
119962	CD8_T_Cells
80718	Macrophages_1
42362	Stromal
52543	Invasive_Tumor
8396	Stromal
148054	Stromal
23178	CD4_T_Cells
60287	Stromal
123283	CD4_T_Cells
145143	DCIS_1
151445	Stromal
114144	Stromal
17183	Myoepi_ACTA2
12754	DCIS_2
61933	Invasive_Tumor
148446	Stromal
25734	Endothelial
149092	Macrophages_1
151419	Stromal
5757	Endothelial
117454	Stromal
35101	Invasive_Tumor
158919	Myoepi_KRT15
115357	Macrophages_1
41856	Stromal
57060	Prolif_Invasive_Tumor
141009	Stromal
57497	Invasive_Tumor
71054	Invasive_Tumor
114271	Stromal
148763	Stromal
125467	Stromal
15305	DCIS_1
167168	Myoepi_ACTA2
94455	Myoepi_KRT15
10923	Myoepi_ACTA2
128725	Stromal
104451	Stromal
44919	Invasive_Tumor
15200	Invasive_Tumor
51304	Stromal
149157	Endothelial
51931	Prolif_Invasive_Tumor
10899	Myoepi_ACTA2
80029	Stromal
157975	Stromal
123675	DCIS_1
8028	Stromal
83154	Stromal
31241	Stromal
1079	Stromal
108240	Stromal
161829	Stromal
108981	CD8_T_Cells
44686	Stromal
102623	Stromal
8287	Macrophages_1
88078	Stromal
48104	Invasive_Tumor
92892	Stromal
28598	Unlabeled
101675	Invasive_Tumor
109393	CD4_T_Cells
29190	Prolif_Invasive_Tumor
54794	Invasive_Tumor
31309	Endothelial
29775	Invasive_Tumor
54179	Invasive_Tumor
18719	Invasive_Tumor
159865	DCIS_2
116264	Stromal
87080	Invasive_Tumor
77652	Macrophages_1
132592	Stromal
87282	Invasive_Tumor
112770	Unlabeled
158194	DCIS_2
71078	Invasive_Tumor
31287	Endothelial
20776	Myoepi_KRT15
84631	Invasive_Tumor
98950	Stromal
99028	Stromal
105116	Myoepi_ACTA2
33563	Invasive_Tumor
122707	Stromal
583	Stromal
7821	Stromal
145168	DCIS_1
131915	CD4_T_Cells
125491	Stromal
140473	Myoepi_KRT15
162846	Stromal
71253	Invasive_Tumor
153416	DCIS_2
5318	Stromal
134217	Myoepi_KRT15
48341	Invasive_Tumor
151139	Macrophages_2
23301	Myoepi_ACTA2
51753	Prolif_Invasive_Tumor
114704	Endothelial
70966	Invasive_Tumor
123771	Myoepi_ACTA2
88556	Macrophages_1
100665	Invasive_Tumor
104456	Stromal
140664	B_Cells
55903	B_Cells
64790	Stromal
94032	Stromal
79979	Myoepi_ACTA2
113568	Stromal
15830	DCIS_1
79303	DCIS_1
75459	Stromal
44098	Invasive_Tumor
73909	Stromal
128297	DCIS_2
134817	CD8_T_Cells
60298	Stromal
75772	Invasive_Tumor
124856	Stromal
65098	Stromal
100050	Unlabeled
113598	B_Cells
89144	Invasive_Tumor
108072	Stromal
63649	Invasive_Tumor
8582	Myoepi_ACTA2
164422	DCIS_2
101659	Invasive_Tumor
4676	Invasive_Tumor
51116	Myoepi_ACTA2
43870	Stromal_T_Cell_Hybrid
76830	Stromal
126741	Myoepi_ACTA2
43567	Invasive_Tumor
11598	Myoepi_KRT15
165540	Macrophages_1
93276	Macrophages_1
155100	Myoepi_ACTA2
33583	Invasive_Tumor
69189	Invasive_Tumor
60351	Unlabeled
127038	Invasive_Tumor
59549	Unlabeled
67503	Unlabeled
87046	Invasive_Tumor
91366	CD8_T_Cells
100134	Stromal
72820	Stromal
91804	Macrophages_1
43157	CD4_T_Cells
151596	Stromal
46015	Endothelial
31448	Invasive_Tumor
143244	B_Cells
148920	Myoepi_ACTA2
467	Myoepi_ACTA2
128942	Myoepi_ACTA2
118216	Macrophages_2
109854	Unlabeled
129116	DCIS_2
104581	Stromal
106667	Macrophages_1
11110	DCIS_2
144587	Stromal
27757	LAMP3_DCs
61660	Invasive_Tumor
25085	Unlabeled
2087	Macrophages_1
31507	Endothelial
121634	CD8_T_Cells
43755	Stromal
4655	Stromal
138734	Stromal
29155	CD8_T_Cells
65210	Stromal
141191	DCIS_1
149386	CD4_T_Cells
156343	DCIS_2
167153	Myoepi_KRT15
10193	DCIS_2
55880	CD8_T_Cells
75972	Invasive_Tumor
163314	Stromal
56281	Invasive_Tumor
111357	Stromal
53275	Invasive_Tumor
16019	Macrophages_1
120007	CD4_T_Cells
119317	Myoepi_ACTA2
71960	Invasive_Tumor
138406	Stromal
45399	Unlabeled
44923	Invasive_Tumor
54954	Invasive_Tumor
97982	Stromal
29259	Stromal
75961	Invasive_Tumor
98458	B_Cells
104762	Stromal
103556	Macrophages_1
163632	Stromal
121156	Unlabeled
67540	DCIS_1
137215	CD4_T_Cells
128050	Stromal
68882	Invasive_Tumor
149971	Myoepi_ACTA2
125515	CD4_T_Cells
17684	Invasive_Tumor
59650	Macrophages_1
115415	Stromal
79775	Macrophages_1
155482	Endothelial
150196	Stromal
1055	Unlabeled
150361	Macrophages_1
154923	Myoepi_ACTA2
719	Myoepi_ACTA2
12818	DCIS_2
139618	Stromal
146778	Stromal
128761	Stromal
76242	Invasive_Tumor
67033	Invasive_Tumor
63881	Invasive_Tumor
74758	Invasive_Tumor
28144	Myoepi_ACTA2
74699	Stromal
117868	Stromal
77194	CD8_T_Cells
86826	Invasive_Tumor
22126	Perivascular_Like
119081	Stromal
64716	Invasive_Tumor
57410	Invasive_Tumor
150648	Unlabeled
64869	Invasive_Tumor
117956	Stromal
137953	Macrophages_1
89612	Invasive_Tumor
113815	Stromal
58175	Prolif_Invasive_Tumor
106303	Stromal
149000	Myoepi_KRT15
158506	DCIS_2
13677	Stromal
162797	DCIS_2
40980	B_Cells
85629	Invasive_Tumor
66570	Invasive_Tumor
55087	Invasive_Tumor
165840	DCIS_2
48992	Invasive_Tumor
137224	B_Cells
47899	Invasive_Tumor
122346	Stromal
20088	DCIS_1
166065	DCIS_1
99654	Stromal
143078	CD4_T_Cells
111701	DCIS_1
61122	Macrophages_1
33507	Stromal
798	Endothelial
64064	Invasive_Tumor
12664	DCIS_2
97823	Stromal
67948	Invasive_Tumor
71833	Macrophages_1
86321	Invasive_Tumor
34855	T_Cell_Tumor_Hybrid
90036	Stromal
99655	Stromal
158304	DCIS_2
65609	Invasive_Tumor
135647	Stromal
114232	Stromal
48937	Invasive_Tumor
124962	DCIS_1
134801	Macrophages_2
13620	Myoepi_ACTA2
25082	Invasive_Tumor
20434	Invasive_Tumor
67014	Invasive_Tumor
1121	Invasive_Tumor
167756	Myoepi_KRT15
115244	Stromal
134799	Stromal
46600	Macrophages_1
57892	Invasive_Tumor
98129	Endothelial
131396	Stromal
88450	Invasive_Tumor
111763	DCIS_1
96146	Stromal
154051	Myoepi_ACTA2
76471	Stromal
84179	Invasive_Tumor
41476	B_Cells
145684	Stromal
104854	Unlabeled
111214	CD8_T_Cells
19768	Prolif_Invasive_Tumor
12848	Myoepi_ACTA2
159392	DCIS_2
56237	Macrophages_1
30995	CD8_T_Cells
55827	CD4_T_Cells
92396	Invasive_Tumor
7298	Invasive_Tumor
53288	Invasive_Tumor
125348	DCIS_1
57007	Perivascular_Like
158567	Myoepi_ACTA2
151471	Macrophages_2
94128	Endothelial
83053	CD8_T_Cells
48694	CD4_T_Cells
102097	Myoepi_ACTA2
120476	DCIS_1
24203	Invasive_Tumor
79556	B_Cells
161770	Stromal
71077	Invasive_Tumor
72343	Stromal
157467	Macrophages_1
85340	Macrophages_1
53413	Invasive_Tumor
157524	DCIS_2
32974	Stromal
22409	Stromal
27081	Endothelial
85729	Unlabeled
69462	Invasive_Tumor
45885	DCIS_1
102664	Stromal
164863	DCIS_2
153259	Stromal
50726	Invasive_Tumor
76815	Perivascular_Like
82978	Stromal
106770	Stromal
101757	Stromal
149125	Stromal
59039	Invasive_Tumor
13184	Myoepi_KRT15
52008	Invasive_Tumor
96185	Stromal
66448	Unlabeled
70807	Invasive_Tumor
34099	Invasive_Tumor
3871	DCIS_1
492	Macrophages_1
44710	Macrophages_1
46702	DCIS_1
77647	Stromal
98735	Stromal
141361	Endothelial
124957	DCIS_1
112760	Stromal
15292	DCIS_1
154280	CD4_T_Cells
68931	Unlabeled
49143	Invasive_Tumor
64623	Stromal
27883	CD8_T_Cells
144323	DCIS_1
85908	Unlabeled
122288	Myoepi_ACTA2
133030	Unlabeled
28525	CD4_T_Cells
74957	Stromal
73373	Invasive_Tumor
115727	Stromal
25581	Invasive_Tumor
65505	Macrophages_1
109737	Stromal
130672	Stromal
85876	Invasive_Tumor
115868	Stromal
7078	Invasive_Tumor
132606	CD4_T_Cells
36118	Stromal
157991	DCIS_2
79122	Myoepi_ACTA2
158347	Stromal
52492	Invasive_Tumor
38392	Stromal
21240	Endothelial
42139	Myoepi_ACTA2
113636	Stromal
145608	Stromal
106833	Stromal
65414	B_Cells
125537	DCIS_1
162389	Macrophages_1
149839	Endothelial
72559	Invasive_Tumor
31740	Stromal
27408	Endothelial
7882	Stromal
156903	Myoepi_KRT15
22620	B_Cells
5828	Invasive_Tumor
54088	Invasive_Tumor
86029	Invasive_Tumor
89067	Stromal
13558	Myoepi_ACTA2
127380	Stromal
143028	Myoepi_KRT15
62664	Prolif_Invasive_Tumor
32979	Macrophages_1
82502	CD4_T_Cells
162739	DCIS_2
38744	Macrophages_1
165408	Stromal
74915	Macrophages_1
76628	Stromal
97024	CD8_T_Cells
137785	Unlabeled
32590	Invasive_Tumor
109148	DCIS_1
69833	Invasive_Tumor
68124	Invasive_Tumor
89962	Invasive_Tumor
69702	Stromal
51985	Invasive_Tumor
161174	DCIS_2
132115	DCIS_2
160888	Stromal
45024	Stromal
145127	DCIS_2
115761	Myoepi_KRT15
4299	Invasive_Tumor
90899	Macrophages_1
93437	Stromal
45683	Macrophages_1
78524	Stromal
33585	Invasive_Tumor
138277	Macrophages_1
100150	Invasive_Tumor
55195	Stromal
17121	Endothelial
29029	DCIS_1
47834	Invasive_Tumor
60969	Invasive_Tumor
17992	Invasive_Tumor
60204	Invasive_Tumor
15257	Invasive_Tumor
86603	Stromal
63283	Macrophages_2
147688	DCIS_2
44256	DCIS_1
85664	Invasive_Tumor
39049	Endothelial
49780	Invasive_Tumor
114829	CD4_T_Cells
133369	DCIS_2
45748	CD4_T_Cells
85582	Invasive_Tumor
43243	B_Cells
80925	CD4_T_Cells
31334	Macrophages_1
27023	Macrophages_1
25707	Endothelial
124171	Unlabeled
62270	Macrophages_1
14387	DCIS_1
163980	Stromal
129243	CD8_T_Cells
142692	DCIS_2
14908	DCIS_1
69366	Macrophages_1
71535	Invasive_Tumor
91121	Macrophages_1
86608	Invasive_Tumor
139058	Stromal
127355	Stromal
97996	Endothelial
46861	DCIS_1
83485	Stromal
5557	Invasive_Tumor
133633	Stromal
49302	DCIS_1
6119	Invasive_Tumor
8979	Stromal
135523	Stromal
27072	B_Cells
159868	DCIS_2
89297	Invasive_Tumor
30350	CD4_T_Cells
42082	Stromal
16930	Stromal
136292	Macrophages_1
33278	CD4_T_Cells
145883	DCIS_2
8200	Macrophages_1
28972	DCIS_1
107719	Stromal
148708	CD4_T_Cells
69095	Invasive_Tumor
45166	DCIS_1
148818	CD8_T_Cells
13425	DCIS_2
91222	Macrophages_1
17697	Invasive_Tumor
91982	CD4_T_Cells
76416	Macrophages_1
136959	Stromal
104882	CD8_T_Cells
130907	Stromal
97003	CD8_T_Cells
161643	Stromal
128582	DCIS_2
21177	Prolif_Invasive_Tumor
156866	Myoepi_KRT15
8271	Stromal
49401	Invasive_Tumor
43648	Stromal_T_Cell_Hybrid
114304	Stromal
54249	Invasive_Tumor
129011	DCIS_2
134637	Stromal
60343	Stromal
50341	Invasive_Tumor
3677	Invasive_Tumor
37431	Unlabeled
24739	CD4_T_Cells
38520	Stromal
39589	Stromal
51164	DCIS_1
6280	B_Cells
855	Endothelial
105939	B_Cells
116590	Stromal
5310	Invasive_Tumor
53221	Invasive_Tumor
65594	Stromal
130771	Macrophages_1
27720	DCIS_1
17418	Invasive_Tumor
51548	Invasive_Tumor
106646	Stromal
33415	Invasive_Tumor
30352	Invasive_Tumor
68503	Invasive_Tumor
30547	Invasive_Tumor
70690	Invasive_Tumor
92726	B_Cells
32743	Myoepi_ACTA2
146685	Macrophages_1
164650	Stromal
45340	DCIS_1
164741	Stromal
139103	CD4_T_Cells
36908	Invasive_Tumor
13712	Stromal
10475	Stromal
67743	Unlabeled
34388	Invasive_Tumor
101051	Invasive_Tumor
68846	Invasive_Tumor
15761	T_Cell_Tumor_Hybrid
46348	Macrophages_1
27546	CD8_T_Cells
119658	Endothelial
53249	Macrophages_1
88322	Invasive_Tumor
158618	DCIS_2
80501	CD4_T_Cells
54668	Unlabeled
62505	Invasive_Tumor
36221	B_Cells
37984	Unlabeled
122949	Myoepi_ACTA2
120194	CD8_T_Cells
43430	Invasive_Tumor
51822	Invasive_Tumor
103549	Stromal
24259	Invasive_Tumor
120362	DCIS_1
109540	Macrophages_1
163714	Stromal
144718	Invasive_Tumor
69151	Stromal
147846	Stromal
45141	Invasive_Tumor
160137	CD8_T_Cells
141794	DCIS_2
18432	Macrophages_1
72719	Invasive_Tumor
122986	DCIS_1
61447	Invasive_Tumor
34250	Stromal
44708	Invasive_Tumor
60804	Stromal
139199	DCIS_1
1944	Invasive_Tumor
79462	Stromal
65299	CD8_T_Cells
40793	Unlabeled
83609	Stromal
66199	Invasive_Tumor
103182	Invasive_Tumor
71822	Invasive_Tumor
11568	Stromal
44285	DCIS_1
148423	Stromal
18851	Invasive_Tumor
77977	DCIS_1
91776	Endothelial
149581	CD4_T_Cells
138525	CD4_T_Cells
9957	Endothelial
115575	Stromal
99548	Prolif_Invasive_Tumor
35419	Invasive_Tumor
56052	CD8_T_Cells
88318	Macrophages_1
48095	Invasive_Tumor
165528	Macrophages_1
86075	Invasive_Tumor
100745	Invasive_Tumor
136730	Stromal
19035	Stromal
9313	Myoepi_ACTA2
50936	Invasive_Tumor
103903	Myoepi_ACTA2
51616	Invasive_Tumor
66939	Invasive_Tumor
76839	Stromal
87414	Endothelial
100358	Stromal
127166	Macrophages_1
4249	Macrophages_1
66706	Endothelial
93240	Stromal
123270	Unlabeled
86365	Invasive_Tumor
17816	Invasive_Tumor
88570	Endothelial
136997	Stromal
76623	DCIS_1
89173	Invasive_Tumor
34420	Prolif_Invasive_Tumor
73912	Stromal
163468	Stromal
23740	LAMP3_DCs
102510	Stromal
15483	DCIS_1
98322	Stromal
144660	Unlabeled
92562	Endothelial
147332	Myoepi_KRT15
124811	IRF7_DCs
103541	Stromal
118479	CD8_T_Cells
1268	Invasive_Tumor
76484	Stromal
56849	CD4_T_Cells
153417	DCIS_2
75609	Invasive_Tumor
2514	Endothelial
159406	Stromal
144328	DCIS_2
12790	DCIS_2
96557	Stromal
155505	DCIS_2
23281	B_Cells
143816	DCIS_1
132705	Endothelial
19301	Endothelial
26260	Prolif_Invasive_Tumor
154951	Stromal
5050	Invasive_Tumor
34966	Invasive_Tumor
141452	CD4_T_Cells
60475	Invasive_Tumor
94963	Stromal
23064	Endothelial
147046	Stromal
90166	Stromal
84570	Invasive_Tumor
59457	Endothelial
96957	CD4_T_Cells
100814	Invasive_Tumor
11752	Macrophages_2
163927	Stromal
46565	DCIS_2
2618	Stromal
88559	Macrophages_2
140275	DCIS_2
55606	CD4_T_Cells
167107	Invasive_Tumor
31010	Invasive_Tumor
24929	Invasive_Tumor
115942	Stromal
108169	Stromal
88474	Prolif_Invasive_Tumor
3492	Invasive_Tumor
140841	Stromal
92720	Stromal
166885	DCIS_2
52296	Endothelial
24785	Invasive_Tumor
12715	DCIS_2
104056	Myoepi_KRT15
134183	DCIS_2
78516	Stromal
35115	Invasive_Tumor
68704	Stromal
89429	Invasive_Tumor
122088	CD4_T_Cells
165502	DCIS_2
147589	DCIS_2
64459	Invasive_Tumor
128643	DCIS_2
35770	Invasive_Tumor
41630	DCIS_1
39729	CD8_T_Cells
142663	CD8_T_Cells
45223	DCIS_1
50570	Invasive_Tumor
60368	Invasive_Tumor
79887	Stromal
154925	Myoepi_KRT15
151335	Unlabeled
15644	Invasive_Tumor
115587	Stromal
21165	Invasive_Tumor
142045	Myoepi_KRT15
93014	Stromal
163769	Endothelial
25288	Macrophages_1
165311	DCIS_2
133290	Endothelial
50929	DCIS_1
74116	Stromal
41080	CD4_T_Cells
927	DCIS_1
71080	Invasive_Tumor
42180	DCIS_1
69013	Invasive_Tumor
106970	Stromal
37759	Stromal
58780	Macrophages_1
135516	CD8_T_Cells
83312	Stromal
30836	Stromal
133591	Myoepi_ACTA2
58909	Invasive_Tumor
20091	DCIS_1
20734	DCIS_1
49094	Invasive_Tumor
46375	Macrophages_1
32538	Macrophages_2
123639	Myoepi_ACTA2
6010	Invasive_Tumor
48957	Invasive_Tumor
53877	Invasive_Tumor
45392	Macrophages_1
71437	Invasive_Tumor
129603	DCIS_2
93587	Stromal
10307	Stromal
134894	Stromal
3319	Myoepi_ACTA2
134382	Myoepi_ACTA2
22183	Prolif_Invasive_Tumor
62739	Invasive_Tumor
6828	Invasive_Tumor
62207	Prolif_Invasive_Tumor
142734	Stromal
101790	CD8_T_Cells
113193	Unlabeled
50797	DCIS_1
91609	Stromal
147663	DCIS_2
24478	Invasive_Tumor
166936	Myoepi_ACTA2
88555	Macrophages_1
162876	DCIS_2
77363	Stromal
617	DCIS_1
144112	Myoepi_ACTA2
35329	Stromal
85943	Invasive_Tumor
61016	CD8_T_Cells
150311	Stromal
140528	Stromal
21621	DCIS_2
100014	Prolif_Invasive_Tumor
32387	Prolif_Invasive_Tumor
50007	Invasive_Tumor
16647	Invasive_Tumor
76227	Invasive_Tumor
87780	Invasive_Tumor
145651	Endothelial
121783	Unlabeled
10642	DCIS_2
57251	Invasive_Tumor
1278	Prolif_Invasive_Tumor
47444	DCIS_1
91257	Invasive_Tumor
107230	Stromal
31291	Stromal
135795	Stromal
124820	Perivascular_Like
33498	CD8_T_Cells
164231	Endothelial
137917	CD4_T_Cells
158232	DCIS_2
151958	DCIS_2
47505	Invasive_Tumor
139404	Stromal
4094	Invasive_Tumor
108348	Stromal
75134	Stromal
37953	Macrophages_1
150655	Prolif_Invasive_Tumor
22878	Myoepi_ACTA2
155137	DCIS_2
21114	Invasive_Tumor
48764	Prolif_Invasive_Tumor
106679	Stromal
116120	DCIS_1
154768	Unlabeled
130208	Macrophages_1
144073	DCIS_2
8092	Endothelial
162888	Myoepi_KRT15
630	DCIS_1
101398	Invasive_Tumor
85089	Macrophages_1
97263	Stromal
80009	Macrophages_1
152971	DCIS_2
156728	DCIS_2
56680	Invasive_Tumor
147720	DCIS_2
2695	DCIS_1
149949	Myoepi_KRT15
123431	Macrophages_2
152205	Endothelial
6316	Stromal
124014	Stromal
127238	Macrophages_2
125498	Endothelial
52612	Invasive_Tumor
30392	Invasive_Tumor
167574	Stromal
76431	Stromal
39330	Myoepi_ACTA2
151328	Unlabeled
134665	DCIS_2
96386	Macrophages_1
153433	DCIS_2
8941	CD8_T_Cells
120696	CD4_T_Cells
137622	CD4_T_Cells
138083	Macrophages_1
84423	Invasive_Tumor
105016	Unlabeled
164846	DCIS_2
49952	Stromal
115677	Stromal
119168	Stromal
69481	Endothelial
48977	Prolif_Invasive_Tumor
121654	Macrophages_1
28049	CD8_T_Cells
7817	Stromal
127785	Stromal
8567	Stromal
153738	DCIS_2
96711	Stromal
126477	Stromal
86537	Macrophages_1
116214	Myoepi_ACTA2
105168	DCIS_1
15141	Invasive_Tumor
94154	Stromal
101909	Stromal
93152	Myoepi_KRT15
129113	DCIS_2
126310	DCIS_1
131319	DCIS_2
83919	Invasive_Tumor
160215	DCIS_2
23274	Endothelial
126749	DCIS_1
8083	Invasive_Tumor
152228	Macrophages_1
131145	B_Cells
103423	Invasive_Tumor
49501	Invasive_Tumor
129481	Stromal
127908	DCIS_2
91024	Stromal
158816	DCIS_2
70381	Prolif_Invasive_Tumor
95758	CD8_T_Cells
76810	Stromal
149548	CD4_T_Cells
31969	Stromal
24330	CD8_T_Cells
36281	Stromal
130571	Endothelial
42979	Macrophages_1
89055	Invasive_Tumor
76000	Invasive_Tumor
135651	Stromal
138380	Macrophages_1
7322	Invasive_Tumor
161914	Endothelial
26268	Prolif_Invasive_Tumor
59272	CD8_T_Cells
36748	Unlabeled
157579	DCIS_2
108373	Stromal
94313	Myoepi_ACTA2
74710	Stromal
118807	Stromal
84744	Invasive_Tumor
12578	DCIS_2
129807	Macrophages_1
36642	CD4_T_Cells
124414	DCIS_1
86464	Prolif_Invasive_Tumor
92553	Unlabeled
26332	Stromal
78303	Stromal
60185	Invasive_Tumor
151859	Myoepi_KRT15
33822	Invasive_Tumor
139630	Stromal
83828	Invasive_Tumor
59046	Invasive_Tumor
100817	Macrophages_1
142532	Myoepi_KRT15
36483	Stromal
112059	Unlabeled
125459	Stromal
50365	Macrophages_1
155761	Macrophages_1
106908	Stromal_T_Cell_Hybrid
152876	Myoepi_ACTA2
17248	Stromal
81784	Myoepi_ACTA2
80520	CD8_T_Cells
124174	Unlabeled
33505	CD8_T_Cells
57292	Prolif_Invasive_Tumor
87392	Invasive_Tumor
2409	Invasive_Tumor
92003	Unlabeled
4561	Invasive_Tumor
142957	Myoepi_ACTA2
76958	B_Cells
54672	CD8_T_Cells
61884	CD4_T_Cells
128460	Macrophages_1
70009	Invasive_Tumor
143976	Invasive_Tumor
62194	Endothelial
69427	Macrophages_1
138927	Macrophages_2
135157	Stromal
103733	Stromal
96097	Stromal
122672	CD4_T_Cells
127376	Macrophages_1
107694	Stromal
12328	Stromal
65101	Stromal
155239	Stromal
83143	Stromal
159529	DCIS_2
130434	Endothelial
154388	Stromal
12897	DCIS_2
106139	Stromal
36953	CD4_T_Cells
16840	Myoepi_ACTA2
113084	DCIS_1
148476	DCIS_2
143547	Myoepi_KRT15
107309	Stromal
96750	Macrophages_1
43501	Myoepi_ACTA2
130388	Myoepi_ACTA2
162926	DCIS_1
72964	Invasive_Tumor
60848	Stromal
139096	Stromal
153682	DCIS_2
143616	DCIS_2
95604	Stromal
136675	B_Cells
35942	Prolif_Invasive_Tumor
26529	Perivascular_Like
140627	DCIS_2
155277	Stromal
108684	Stromal
35660	T_Cell_Tumor_Hybrid
34438	Invasive_Tumor
163567	Stromal
156032	DCIS_2
132363	DCIS_2
45063	Invasive_Tumor
137356	Stromal
151420	Stromal
3427	Stromal
150110	Stromal
103937	Myoepi_ACTA2
73232	Invasive_Tumor
154943	Stromal
134544	Myoepi_ACTA2
41895	Myoepi_ACTA2
120430	CD4_T_Cells
103395	Stromal
6764	Stromal
159356	Macrophages_1
127469	Stromal
103593	Stromal
23629	Invasive_Tumor
15346	DCIS_1
7382	Stromal
28204	Stromal_T_Cell_Hybrid
20351	DCIS_1
38512	B_Cells
17095	Stromal_T_Cell_Hybrid
79044	DCIS_1
167431	Stromal
6410	Stromal_T_Cell_Hybrid
70352	Stromal
100483	Invasive_Tumor
82869	CD4_T_Cells
109541	DCIS_1
98182	Stromal
89041	Invasive_Tumor
6541	CD4_T_Cells
103297	Invasive_Tumor
118053	Stromal
94802	Stromal
61073	Stromal
95779	CD8_T_Cells
151856	Myoepi_ACTA2
92051	Invasive_Tumor
64538	Stromal
45070	Invasive_Tumor
6580	Macrophages_2
59460	Stromal
159935	DCIS_2
26872	Unlabeled
154421	CD4_T_Cells
124994	Myoepi_ACTA2
129810	DCIS_2
55364	Invasive_Tumor
83256	Stromal
29454	Invasive_Tumor
24807	Invasive_Tumor
40610	CD8_T_Cells
7391	Stromal
5980	Prolif_Invasive_Tumor
164583	CD4_T_Cells
76826	B_Cells
140437	DCIS_1
117982	DCIS_1
34951	Invasive_Tumor
10263	Macrophages_1
1262	Prolif_Invasive_Tumor
74389	Stromal
157656	DCIS_2
147166	Macrophages_1
57969	Invasive_Tumor
19249	Invasive_Tumor
13362	Stromal
17707	Invasive_Tumor
67366	Invasive_Tumor
48306	Invasive_Tumor
154960	Stromal
158088	Myoepi_KRT15
36509	Stromal
155822	CD4_T_Cells
51324	Prolif_Invasive_Tumor
89991	Invasive_Tumor
105815	Myoepi_ACTA2
42077	CD8_T_Cells
47890	Prolif_Invasive_Tumor
145312	IRF7_DCs
69289	Invasive_Tumor
102890	Invasive_Tumor
299	Invasive_Tumor
128420	CD8_T_Cells
71378	Invasive_Tumor
93215	DCIS_1
43005	CD8_T_Cells
160185	Endothelial
70549	Stromal
7384	Stromal
33859	Macrophages_1
86525	Prolif_Invasive_Tumor
50159	Endothelial
155428	CD4_T_Cells
116157	Stromal
55497	Invasive_Tumor
144336	Unlabeled
164285	Stromal
165251	Unlabeled
76191	Unlabeled
55298	Stromal
156833	Stromal
8384	Stromal
94864	Stromal
11129	Stromal
157264	DCIS_2
11960	DCIS_2
62066	Invasive_Tumor
102107	Stromal
54507	Invasive_Tumor
121376	CD4_T_Cells
161482	Stromal
40115	DCIS_1
22375	Myoepi_ACTA2
9656	Unlabeled
152273	Unlabeled
149011	Myoepi_ACTA2
55328	Invasive_Tumor
12285	DCIS_1
1791	Invasive_Tumor
87204	Invasive_Tumor
69697	Stromal
12122	Stromal
84836	Invasive_Tumor
64512	B_Cells
40900	Stromal
146802	Unlabeled
106721	Stromal
48623	Invasive_Tumor
32214	Invasive_Tumor
34976	Invasive_Tumor
74167	CD4_T_Cells
119786	B_Cells
51851	Invasive_Tumor
4620	Stromal
108718	Stromal
126964	Stromal
3728	Invasive_Tumor
115114	Endothelial
1602	DCIS_1
82903	CD4_T_Cells
93592	CD8_T_Cells
93657	Endothelial
121850	DCIS_1
32221	Invasive_Tumor
73149	Macrophages_1
115106	Endothelial
93471	Stromal
110386	Macrophages_1
132714	CD8_T_Cells
130033	DCIS_2
131911	Endothelial
80201	Stromal
4849	CD8_T_Cells
71968	CD8_T_Cells
125323	DCIS_1
105221	Myoepi_ACTA2
3200	Stromal
42186	DCIS_1
164082	DCIS_2
167263	DCIS_2
103996	Stromal
14832	DCIS_1
123234	Unlabeled
120631	Macrophages_1
129281	DCIS_2
153120	Myoepi_ACTA2
103161	Invasive_Tumor
12470	Endothelial
24140	Perivascular_Like
126845	DCIS_1
117651	Stromal
124851	Stromal
46724	Unlabeled
103594	Stromal
104531	Myoepi_ACTA2
155434	CD8_T_Cells
80747	Unlabeled
125764	DCIS_1
81071	Stromal
50494	Invasive_Tumor
36998	Unlabeled
11177	Endothelial
135710	Stromal
146149	Stromal
116351	B_Cells
125291	Stromal
5821	Invasive_Tumor
141256	Stromal
52852	Invasive_Tumor
100596	Invasive_Tumor
158480	DCIS_1
112354	Stromal
26147	CD4_T_Cells
53543	Endothelial
100891	Invasive_Tumor
127242	Endothelial
147183	Macrophages_1
134252	DCIS_1
51439	Invasive_Tumor
166280	Endothelial
5780	Invasive_Tumor
65445	B_Cells
18929	Prolif_Invasive_Tumor
140948	CD4_T_Cells
43343	Macrophages_1
56324	Unlabeled
27718	DCIS_1
61863	Stromal
153945	Myoepi_KRT15
88246	Invasive_Tumor
47331	DCIS_1
34614	Stromal
85336	Invasive_Tumor
61029	Macrophages_1
162002	CD4_T_Cells
57649	Invasive_Tumor
1880	CD4_T_Cells
30024	Macrophages_1
126365	DCIS_1
102533	Unlabeled
109390	Myoepi_ACTA2
100280	Invasive_Tumor
31565	Stromal
83157	Macrophages_2
47411	Stromal
47184	DCIS_1
14292	DCIS_1
80811	DCIS_1
49098	B_Cells
118970	Myoepi_ACTA2
134085	Stromal
125480	Stromal
54228	Stromal
58190	Invasive_Tumor
101373	Endothelial
145015	Myoepi_ACTA2
115552	Endothelial
46424	DCIS_1
121805	CD4_T_Cells
107166	Stromal
86467	Invasive_Tumor
74679	Invasive_Tumor
114276	Macrophages_2
37826	CD4_T_Cells
104716	Stromal
82293	CD4_T_Cells
37049	Stromal
80872	B_Cells
165334	DCIS_2
79116	Stromal
149223	CD4_T_Cells
88777	Invasive_Tumor
87110	Prolif_Invasive_Tumor
84548	CD4_T_Cells
137972	CD4_T_Cells
95309	Myoepi_KRT15
128436	DCIS_2
41415	CD4_T_Cells
92639	Invasive_Tumor
159592	Stromal
138239	CD4_T_Cells
64540	Stromal
57193	Macrophages_1
148332	CD4_T_Cells
95193	Myoepi_ACTA2
65696	Macrophages_1
91463	IRF7_DCs
145256	CD8_T_Cells
50331	Invasive_Tumor
43593	Stromal
96416	Stromal
155262	Perivascular_Like
37515	DCIS_1
141441	Stromal
137717	Macrophages_1
55844	CD4_T_Cells
146242	Stromal
135292	Stromal
162724	DCIS_2
43333	CD8_T_Cells
42658	DCIS_1
110996	CD4_T_Cells
16184	Invasive_Tumor
128264	Stromal
125455	CD8_T_Cells
36858	CD4_T_Cells
59161	Macrophages_1
51604	Invasive_Tumor
159118	Myoepi_KRT15
157352	Myoepi_KRT15
31061	CD8_T_Cells
20074	DCIS_1
30812	Stromal
54837	Invasive_Tumor
148477	DCIS_2
78058	CD8_T_Cells
74946	Stromal
83233	Stromal
109875	DCIS_1
161270	Myoepi_ACTA2
129742	Unlabeled
87024	Prolif_Invasive_Tumor
1861	Stromal
7520	CD8_T_Cells
116231	DCIS_1
57346	Invasive_Tumor
84737	Invasive_Tumor
159287	CD4_T_Cells
133601	Stromal
161519	DCIS_2
19058	Invasive_Tumor
67353	Invasive_Tumor
60626	Invasive_Tumor
31876	Prolif_Invasive_Tumor
156074	DCIS_2
95499	Stromal
94538	Myoepi_ACTA2
17282	CD8_T_Cells
87076	Invasive_Tumor
65282	CD8_T_Cells
147186	Stromal
38239	DCIS_1
98423	Stromal
105777	Stromal
124663	Stromal
50864	DCIS_1
47400	Stromal
63724	Invasive_Tumor
101815	B_Cells
119903	CD4_T_Cells
99707	Prolif_Invasive_Tumor
37523	CD8_T_Cells
122913	CD4_T_Cells
158547	Stromal
26780	Myoepi_ACTA2
34072	Stromal
156232	Endothelial
94736	Myoepi_KRT15
150223	Macrophages_1
93430	Stromal
69498	Unlabeled
117316	CD4_T_Cells
56818	Stromal
79896	B_Cells
96621	Stromal
19898	DCIS_1
102081	DCIS_1
156821	Macrophages_1
63532	Stromal
138603	Myoepi_ACTA2
127683	Stromal
10987	B_Cells
51859	Macrophages_1
13144	Endothelial
160734	DCIS_2
163251	DCIS_2
164719	Stromal
9343	Stromal
15664	DCIS_1
85382	Invasive_Tumor
26044	Invasive_Tumor
51531	Prolif_Invasive_Tumor
72181	Macrophages_1
146138	Stromal
29344	Macrophages_1
14777	Myoepi_ACTA2
144005	Stromal
39420	Stromal
39302	Stromal
129909	DCIS_2
138175	CD4_T_Cells
86635	Stromal
89713	Invasive_Tumor
74572	Endothelial
165638	DCIS_2
103067	Stromal
84852	Invasive_Tumor
131194	CD8_T_Cells
3300	DCIS_1
52389	Macrophages_1
117379	Myoepi_ACTA2
113461	B_Cells
58485	Unlabeled
59864	CD4_T_Cells
128605	DCIS_2
113740	Macrophages_2
67442	DCIS_2
10818	B_Cells
116228	DCIS_1
76755	IRF7_DCs
32331	Stromal
101746	Endothelial
80188	DCIS_1
62829	Stromal
82117	CD4_T_Cells
115383	CD8_T_Cells
17057	T_Cell_Tumor_Hybrid
93140	LAMP3_DCs
27085	Stromal
104953	DCIS_1
57795	Invasive_Tumor
155005	DCIS_2
41875	Myoepi_ACTA2
18830	Prolif_Invasive_Tumor
48174	Invasive_Tumor
24896	Invasive_Tumor
25726	Invasive_Tumor
98771	Stromal
9359	Stromal
154115	DCIS_2
43742	Stromal
37188	B_Cells
159685	Endothelial
165047	Myoepi_ACTA2
56221	Stromal
26542	Macrophages_1
14086	DCIS_1
68291	Endothelial
167219	Myoepi_ACTA2
8363	Stromal
77421	B_Cells
61866	Unlabeled
54162	Invasive_Tumor
78337	Stromal
19049	DCIS_1
71640	Invasive_Tumor
15559	DCIS_1
132098	DCIS_2
20819	DCIS_1
162740	Stromal
84422	Invasive_Tumor
21084	Invasive_Tumor
158408	DCIS_2
9462	CD4_T_Cells
43949	B_Cells
63510	Prolif_Invasive_Tumor
167555	DCIS_1
156527	Endothelial
18632	Invasive_Tumor
38854	Macrophages_1
7222	Invasive_Tumor
14274	DCIS_1
71939	Prolif_Invasive_Tumor
17437	Invasive_Tumor
138414	DCIS_2
46374	Invasive_Tumor
101854	B_Cells
78326	Stromal
65177	Stromal
34746	Invasive_Tumor
98951	Macrophages_1
116691	Stromal
1499	DCIS_1
19582	DCIS_1
155896	Stromal
109321	DCIS_1
122148	Unlabeled
4314	Macrophages_1
66855	Invasive_Tumor
156272	DCIS_2
32576	Prolif_Invasive_Tumor
23733	CD4_T_Cells
116146	Macrophages_1
18912	Invasive_Tumor
41096	CD4_T_Cells
65368	Stromal
83106	Stromal
84913	Invasive_Tumor
73653	Invasive_Tumor
74678	Invasive_Tumor
37641	CD8_T_Cells
12358	CD8_T_Cells
5397	Invasive_Tumor
58410	Invasive_Tumor
161672	Stromal
160749	DCIS_2
125178	Stromal
107949	Stromal
142116	Myoepi_ACTA2
113975	Stromal
64959	Stromal
70187	Prolif_Invasive_Tumor
110480	CD8_T_Cells
161343	DCIS_2
95621	Stromal
156355	Unlabeled
143651	Macrophages_1
27485	Stromal
74676	Invasive_Tumor
20645	DCIS_1
124855	Stromal
146309	Stromal
102106	Stromal
106477	Stromal
161933	DCIS_2
157098	DCIS_2
29827	Prolif_Invasive_Tumor
166339	Endothelial
167656	Stromal
10592	DCIS_2
160090	Stromal
142220	Macrophages_1
99111	Stromal
70236	Stromal
66490	Invasive_Tumor
19409	Unlabeled
68035	Invasive_Tumor
8570	B_Cells
6076	Invasive_Tumor
70570	Endothelial
113130	Invasive_Tumor
7300	Invasive_Tumor
95273	Stromal
150151	Stromal
24013	Invasive_Tumor
12047	DCIS_2
30905	Endothelial
16926	Stromal
117589	CD8_T_Cells
42335	DCIS_1
158690	Stromal
124258	Myoepi_ACTA2
163266	Stromal
152878	Macrophages_1
149938	Myoepi_ACTA2
75416	Invasive_Tumor
122430	CD8_T_Cells
53795	Macrophages_1
100111	Invasive_Tumor
96085	Macrophages_2
79632	CD8_T_Cells
81954	Macrophages_1
146449	Macrophages_1
53439	Invasive_Tumor
44074	Invasive_Tumor
13495	Myoepi_ACTA2
11376	Endothelial
15517	Invasive_Tumor
32336	T_Cell_Tumor_Hybrid
28597	Stromal
112041	Unlabeled
72638	Endothelial
78267	Perivascular_Like
21116	Invasive_Tumor
124206	Endothelial
32416	CD8_T_Cells
17833	Invasive_Tumor
88446	Stromal
678	Endothelial
62685	Invasive_Tumor
106557	Myoepi_ACTA2
93451	Stromal
46499	DCIS_1
38114	Invasive_Tumor
57508	Invasive_Tumor
61068	Invasive_Tumor
134997	CD8_T_Cells
153222	DCIS_1
159695	Endothelial
6538	B_Cells
9938	Macrophages_1
102074	DCIS_1
99530	Invasive_Tumor
26019	Macrophages_1
84577	Invasive_Tumor
34096	Invasive_Tumor
152779	Stromal
112250	Unlabeled
12306	Macrophages_1
131740	Stromal
152435	Unlabeled
31613	CD4_T_Cells
3216	CD8_T_Cells
57835	Invasive_Tumor
16145	DCIS_1
135152	Stromal
6094	Prolif_Invasive_Tumor
74252	B_Cells
105976	Stromal
3201	Stromal
71846	CD8_T_Cells
24281	Invasive_Tumor
116869	Stromal
95881	Stromal
66109	Macrophages_1
95765	CD8_T_Cells
22750	Unlabeled
16076	Invasive_Tumor
82637	Macrophages_1
92759	Endothelial
36666	CD8_T_Cells
50973	DCIS_1
116233	DCIS_1
44709	Invasive_Tumor
40742	Stromal
165863	Myoepi_ACTA2
81340	Stromal
94042	Stromal
16308	DCIS_1
98514	Stromal
125643	Myoepi_ACTA2
23143	B_Cells
162838	Stromal
91362	Invasive_Tumor
72882	Invasive_Tumor
112547	CD4_T_Cells
70355	Invasive_Tumor
85594	Macrophages_1
105060	Myoepi_KRT15
111725	Macrophages_1
71754	Invasive_Tumor
85532	Invasive_Tumor
107303	Stromal
105740	Macrophages_1
143235	DCIS_1
163930	Unlabeled
128004	DCIS_2
2227	Invasive_Tumor
67792	Invasive_Tumor
58348	Unlabeled
153162	DCIS_2
35176	Invasive_Tumor
131277	DCIS_2
65074	Stromal
143953	Myoepi_KRT15
47053	CD8_T_Cells
104866	CD4_T_Cells
71742	CD4_T_Cells
4793	Invasive_Tumor
135082	B_Cells
37757	CD4_T_Cells
22812	Myoepi_ACTA2
82585	Stromal
90616	Invasive_Tumor
61041	Invasive_Tumor
116674	Stromal
32581	Invasive_Tumor
109776	DCIS_1
158639	DCIS_2
28179	Myoepi_ACTA2
28786	CD4_T_Cells
3952	Invasive_Tumor
160816	Stromal
143884	DCIS_2
39291	Stromal
140817	Stromal
38422	Unlabeled
29630	Invasive_Tumor
163595	Macrophages_1
15357	Stromal
44252	Invasive_Tumor
118076	Myoepi_ACTA2
110514	Macrophages_1
149896	CD4_T_Cells
162049	DCIS_1
85589	Invasive_Tumor
130800	Unlabeled
21873	Invasive_Tumor
128031	Unlabeled
92992	CD4_T_Cells
32890	Macrophages_1
52231	Prolif_Invasive_Tumor
157712	DCIS_2
56462	Macrophages_1
136524	Stromal
46019	Endothelial
15213	DCIS_1
23341	Stromal
103581	Stromal_T_Cell_Hybrid
158049	DCIS_1
137518	Macrophages_1
21885	Macrophages_1
159171	Macrophages_1
122719	Macrophages_1
88118	Invasive_Tumor
121976	DCIS_1
143529	DCIS_2
149431	CD4_T_Cells
104143	DCIS_1
150639	Invasive_Tumor
64427	Invasive_Tumor
64298	Invasive_Tumor
116622	Stromal
20059	Invasive_Tumor
62900	Macrophages_1
76060	Stromal
121980	DCIS_1
143495	DCIS_1
133719	Stromal
110345	CD4_T_Cells
117537	Stromal
27265	Invasive_Tumor
37299	Endothelial
108402	Stromal
102369	Stromal
19337	Endothelial
130631	Stromal
125168	DCIS_1
50154	Stromal
81669	Stromal
135495	B_Cells
92169	Stromal
57990	Prolif_Invasive_Tumor
132078	Myoepi_ACTA2
153685	DCIS_1
111027	Endothelial
162734	DCIS_2
112821	DCIS_1
153946	DCIS_2
150726	Endothelial
34948	Invasive_Tumor
80084	B_Cells
59218	Prolif_Invasive_Tumor
163513	Endothelial
44410	Invasive_Tumor
54271	Invasive_Tumor
117572	Myoepi_ACTA2
49449	Invasive_Tumor
54136	Invasive_Tumor
140715	Macrophages_1
63180	Macrophages_1
37185	Stromal
159633	DCIS_2
153795	Stromal
110271	CD4_T_Cells
53515	Stromal
86668	Invasive_Tumor
6209	DCIS_1
26897	Myoepi_ACTA2
50946	DCIS_1
155390	LAMP3_DCs
117116	DCIS_1
114175	Stromal
98049	Stromal
61775	Invasive_Tumor
15658	Myoepi_ACTA2
25706	CD8_T_Cells
106152	Macrophages_1
139689	Stromal
44465	T_Cell_Tumor_Hybrid
95079	B_Cells
120509	DCIS_1
97130	Macrophages_1
73802	Endothelial
47934	Invasive_Tumor
31094	CD4_T_Cells
103698	DCIS_1
42736	Unlabeled
103862	Macrophages_1
18302	DCIS_1
117110	DCIS_1
164176	DCIS_2
986	DCIS_1
117628	Myoepi_ACTA2
159366	DCIS_2
61924	Invasive_Tumor
53041	Endothelial
89337	Invasive_Tumor
86533	Invasive_Tumor
7025	Stromal
105062	Myoepi_KRT15
81231	CD4_T_Cells
122781	DCIS_1
155159	Stromal
42273	Myoepi_ACTA2
106902	Macrophages_1
160662	Endothelial
152315	DCIS_2
107945	Stromal
149460	Stromal
159115	DCIS_1
67200	Invasive_Tumor
27166	Endothelial
60466	Prolif_Invasive_Tumor
66427	Unlabeled
87929	Invasive_Tumor
78095	IRF7_DCs
137649	CD4_T_Cells
164170	DCIS_2
111294	Macrophages_1
129579	DCIS_2
25448	Invasive_Tumor
163300	Endothelial
127221	Endothelial
22604	Endothelial
122815	CD4_T_Cells
82508	B_Cells
33177	Stromal
144985	DCIS_2
43969	Invasive_Tumor
125899	DCIS_1
89328	Stromal
67484	DCIS_1
82382	B_Cells
876	Invasive_Tumor
103869	Stromal
117205	DCIS_1
29450	Invasive_Tumor
156275	DCIS_2
126057	DCIS_1
80973	Stromal
74913	Invasive_Tumor
157066	Myoepi_ACTA2
130962	Endothelial
39569	Stromal
85689	Unlabeled
2842	CD4_T_Cells
61096	Prolif_Invasive_Tumor
79520	Stromal
45634	DCIS_1
158708	Endothelial
68972	Invasive_Tumor
52364	Invasive_Tumor
156861	Myoepi_KRT15
10931	Macrophages_1
53951	Invasive_Tumor
95752	CD8_T_Cells
156995	Myoepi_ACTA2
28904	Myoepi_ACTA2
98451	Stromal
477	Myoepi_ACTA2
7138	Endothelial
115781	Myoepi_ACTA2
16829	DCIS_1
164823	Stromal
7961	Stromal
92384	Endothelial
109483	DCIS_1
45154	DCIS_1
9660	Macrophages_2
125175	T_Cell_Tumor_Hybrid
140695	Stromal
111180	CD4_T_Cells
27311	Stromal
61586	Invasive_Tumor
110647	Myoepi_ACTA2
34387	Invasive_Tumor
139570	Stromal
21291	Endothelial
133652	Myoepi_ACTA2
123239	DCIS_1
64967	Endothelial
159684	DCIS_2
4418	Stromal
83881	Stromal
80856	CD4_T_Cells
76463	Invasive_Tumor
155671	Macrophages_1
27459	Macrophages_1
62162	Invasive_Tumor
167701	DCIS_2
32963	Endothelial
79603	CD4_T_Cells
98397	Stromal
420	DCIS_1
14145	DCIS_2
54517	Invasive_Tumor
90860	Stromal
132311	B_Cells
71178	Invasive_Tumor
8281	Macrophages_1
5539	Unlabeled
58796	Invasive_Tumor
48359	Unlabeled
50144	Stromal
144922	DCIS_2
92429	Invasive_Tumor
112115	Unlabeled
29307	Invasive_Tumor
47664	Invasive_Tumor
153473	B_Cells
157022	Myoepi_KRT15
128632	Myoepi_KRT15
80439	Endothelial
71145	Unlabeled
21725	CD4_T_Cells
28675	CD4_T_Cells
42948	B_Cells
34427	Invasive_Tumor
147016	DCIS_2
117412	Stromal
13748	DCIS_2
158296	Myoepi_ACTA2
147649	DCIS_2
150352	Endothelial
17806	Stromal
165876	DCIS_2
98013	Stromal
38181	DCIS_1
12815	DCIS_2
40619	Endothelial
123348	CD4_T_Cells
58949	Stromal
141747	DCIS_1
141083	DCIS_2
26964	B_Cells
52556	Invasive_Tumor
64577	Stromal
159374	DCIS_2
78723	DCIS_1
37327	Invasive_Tumor
83113	Endothelial
75618	Invasive_Tumor
25112	Stromal
3510	Endothelial
164455	DCIS_2
103272	Stromal
75341	Invasive_Tumor
131977	Macrophages_2
123371	Macrophages_1
68817	Unlabeled
47162	DCIS_1
85070	Invasive_Tumor
131884	Macrophages_1
153778	B_Cells
129234	Stromal
135090	Stromal_T_Cell_Hybrid
1069	CD4_T_Cells
138418	DCIS_2
88540	Invasive_Tumor
6634	Stromal
121183	Unlabeled
126548	Stromal
40952	Stromal
137808	CD4_T_Cells
125011	Macrophages_1
144799	DCIS_2
52323	Invasive_Tumor
35224	Invasive_Tumor
119423	DCIS_1
64176	B_Cells
31540	CD8_T_Cells
141282	B_Cells
18491	Macrophages_1
87287	Invasive_Tumor
109412	Myoepi_KRT15
44677	CD4_T_Cells
30391	Stromal
79205	Myoepi_ACTA2
31038	Invasive_Tumor
64855	Macrophages_1
12909	Stromal
166638	Stromal
36945	CD4_T_Cells
162661	DCIS_2
156345	Stromal
70485	Prolif_Invasive_Tumor
61867	CD4_T_Cells
48515	Prolif_Invasive_Tumor
54301	Stromal
88502	Macrophages_1
124966	DCIS_1
117302	Stromal
150821	Stromal
25272	Unlabeled
102279	Stromal
26582	Macrophages_1
21261	Endothelial
2373	CD8_T_Cells
143652	Macrophages_1
43582	Invasive_Tumor
60550	Invasive_Tumor
64001	Invasive_Tumor
164140	Stromal
39541	Unlabeled
76276	Invasive_Tumor
82940	CD8_T_Cells
26749	Macrophages_1
85829	Unlabeled
21693	Stromal
130715	CD4_T_Cells
45850	Invasive_Tumor
167281	DCIS_2
129090	DCIS_2
74225	Macrophages_2
76031	Invasive_Tumor
60005	T_Cell_Tumor_Hybrid
79564	B_Cells
100468	Prolif_Invasive_Tumor
43919	Invasive_Tumor
62079	Prolif_Invasive_Tumor
29083	LAMP3_DCs
121738	DCIS_1
20292	Macrophages_1
39116	Endothelial
82821	Invasive_Tumor
6274	Stromal
130759	Stromal
124785	Stromal
118655	Stromal
127497	Stromal
40305	Endothelial
3558	Unlabeled
121895	Endothelial
63300	Invasive_Tumor
92166	Perivascular_Like
44414	DCIS_1
103819	CD8_T_Cells
109136	CD8_T_Cells
92410	Invasive_Tumor
34202	Macrophages_1
149992	Myoepi_KRT15
116534	Stromal
93346	Myoepi_ACTA2
20032	DCIS_1
67708	Unlabeled
116552	Myoepi_ACTA2
22587	Stromal
41159	B_Cells
91593	Stromal
118979	DCIS_1
2003	Invasive_Tumor
155842	CD8_T_Cells
13388	Stromal
76711	Myoepi_ACTA2
6412	CD8_T_Cells
54754	Invasive_Tumor
9583	CD4_T_Cells
160411	DCIS_2
132011	DCIS_2
52661	Invasive_Tumor
166886	DCIS_2
52480	Invasive_Tumor
30588	Endothelial
105471	Macrophages_2
47580	Invasive_Tumor
103528	B_Cells
85297	Macrophages_1
59959	Invasive_Tumor
116473	Stromal
112819	DCIS_1
107200	Macrophages_1
104184	DCIS_1
18116	CD8_T_Cells
155426	CD8_T_Cells
112788	Invasive_Tumor
37725	Stromal
139936	Mast_Cells
128085	DCIS_2
68839	Invasive_Tumor
75098	Stromal
13862	Stromal
157460	DCIS_2
93582	Stromal
52523	Invasive_Tumor
73876	Stromal
54596	Endothelial
121558	CD4_T_Cells
94322	Myoepi_KRT15
76171	Invasive_Tumor
1844	Invasive_Tumor
150221	Endothelial
45325	DCIS_1
155117	DCIS_2
97732	Stromal
27644	Myoepi_ACTA2
117646	Macrophages_1
166258	DCIS_2
159727	Macrophages_1
15227	Invasive_Tumor
12480	Macrophages_1
167032	Stromal
75353	Invasive_Tumor
118032	Endothelial
1838	Endothelial
144265	DCIS_2
139908	Stromal
8700	Endothelial
72735	Invasive_Tumor
30096	Macrophages_1
23580	Myoepi_ACTA2
50456	Macrophages_1
66637	Invasive_Tumor
91729	Endothelial
27961	Macrophages_1
154282	Stromal
101080	Invasive_Tumor
65143	Stromal
162160	Endothelial
82024	Stromal
1041	Stromal
89259	Invasive_Tumor
84134	Stromal
120548	Endothelial
56009	CD4_T_Cells
99952	Invasive_Tumor
69263	Invasive_Tumor
52207	Invasive_Tumor
64329	Invasive_Tumor
75596	Invasive_Tumor
47888	Endothelial
79780	B_Cells
122349	Macrophages_1
5719	Unlabeled
73495	Stromal
119929	CD4_T_Cells
130282	CD8_T_Cells
143300	DCIS_2
20687	Invasive_Tumor
134928	Stromal
28419	Stromal
163129	Macrophages_2
13813	DCIS_1
90282	Macrophages_1
94130	CD8_T_Cells
81422	Stromal
29836	Macrophages_1
15781	Prolif_Invasive_Tumor
82921	Stromal
142872	DCIS_2
65233	Endothelial
106606	Myoepi_ACTA2
58563	Invasive_Tumor
22273	Invasive_Tumor
38405	B_Cells
115629	Stromal
109023	CD8_T_Cells
155773	Unlabeled
146552	B_Cells
121971	DCIS_1
33079	Prolif_Invasive_Tumor
85949	Macrophages_1
110224	Stromal
101936	Endothelial
40922	Stromal
34321	Stromal
49675	CD8_T_Cells
112251	CD4_T_Cells
61429	Prolif_Invasive_Tumor
119561	Myoepi_ACTA2
669	CD4_T_Cells
22515	Stromal
152039	Stromal
120294	DCIS_1
130632	Stromal
1799	Invasive_Tumor
120636	Myoepi_ACTA2
144873	DCIS_2
111282	Stromal
145141	DCIS_2
144266	DCIS_2
7820	Macrophages_2
129153	Myoepi_ACTA2
152938	Stromal
123473	Stromal
146572	Stromal
77173	CD4_T_Cells
19840	CD8_T_Cells
53486	Prolif_Invasive_Tumor
36708	B_Cells
3566	Unlabeled
12076	DCIS_2
14557	DCIS_1
131213	DCIS_2
25996	Stromal
49526	Macrophages_1
131397	Stromal
146402	Stromal
144535	Endothelial
166753	DCIS_2
90721	Invasive_Tumor
159468	IRF7_DCs
95359	Myoepi_ACTA2
25196	Endothelial
23220	CD4_T_Cells
109528	Stromal
46875	DCIS_2
108762	Stromal
109546	DCIS_1
119048	Unlabeled
51218	DCIS_1
90975	CD4_T_Cells
66909	CD4_T_Cells
106975	Stromal
105075	Stromal
58160	Invasive_Tumor
57274	Invasive_Tumor
93835	Stromal
141744	DCIS_2
125390	DCIS_1
115416	Stromal
79599	Stromal
31166	Invasive_Tumor
28557	Stromal
45444	Invasive_Tumor
129531	Macrophages_1
11833	Macrophages_1
70759	Invasive_Tumor
156605	Myoepi_KRT15
29725	CD4_T_Cells
93481	Macrophages_1
22444	Invasive_Tumor
44161	Macrophages_1
136025	DCIS_1
53115	Invasive_Tumor
141595	Myoepi_ACTA2
122299	Myoepi_KRT15
35722	Prolif_Invasive_Tumor
89534	Invasive_Tumor
92103	Invasive_Tumor
62048	Invasive_Tumor
26823	Myoepi_ACTA2
117823	Myoepi_ACTA2
85492	CD8_T_Cells
159901	DCIS_2
78277	B_Cells
57884	Invasive_Tumor
32386	Invasive_Tumor
41046	Myoepi_ACTA2
26648	Invasive_Tumor
2889	Macrophages_1
6677	Stromal
104477	Myoepi_ACTA2
34539	Invasive_Tumor
30669	Endothelial
121774	Unlabeled
11097	Stromal
17455	Invasive_Tumor
57437	Invasive_Tumor
155879	Stromal
35044	Endothelial
95653	Stromal
131513	Stromal
127374	B_Cells
9639	Stromal
39983	DCIS_1
109130	Stromal
69525	Macrophages_1
56320	Unlabeled
5878	Endothelial
23374	DCIS_1
49805	Endothelial
6220	Invasive_Tumor
137979	CD4_T_Cells
142439	Myoepi_ACTA2
46081	DCIS_1
109695	Unlabeled
31037	Invasive_Tumor
48683	Macrophages_1
32166	Invasive_Tumor
137488	DCIS_1
36972	Macrophages_1
38946	Stromal
149924	DCIS_1
45446	Unlabeled
34795	Stromal
76240	Invasive_Tumor
8450	Stromal
83224	Stromal
59967	Invasive_Tumor
17050	Invasive_Tumor
125961	DCIS_1
120401	Stromal
16627	Invasive_Tumor
97702	Stromal
93841	Stromal
50286	Invasive_Tumor
139238	DCIS_2
9420	Stromal
43866	Macrophages_2
57781	Invasive_Tumor
142882	DCIS_2
16503	Unlabeled
93225	Stromal
155654	DCIS_2
72606	Unlabeled
24174	Invasive_Tumor
97775	Stromal
137067	CD8_T_Cells
14855	DCIS_1
61876	Macrophages_1
130817	Stromal
93632	Stromal
125328	DCIS_1
155894	Stromal
49398	B_Cells
85961	B_Cells
117226	DCIS_1
95015	B_Cells
133966	DCIS_2
69553	Invasive_Tumor
84772	Stromal
60484	Invasive_Tumor
82828	Stromal
107627	Stromal
57744	Invasive_Tumor
125237	Macrophages_1
122096	Unlabeled
38418	Stromal
93936	CD4_T_Cells
57586	Invasive_Tumor
113296	Unlabeled
42050	DCIS_1
154294	CD4_T_Cells
143765	Stromal
157597	DCIS_1
24693	CD8_T_Cells
61781	Prolif_Invasive_Tumor
24204	Endothelial
75220	Stromal
152141	Stromal
49036	CD8_T_Cells
120195	Macrophages_1
72926	Invasive_Tumor
141967	DCIS_1
776	DCIS_1
54587	Stromal
35812	Invasive_Tumor
40187	Stromal
166269	DCIS_1
78918	Stromal
45090	Invasive_Tumor
30206	Invasive_Tumor
141599	DCIS_2
160128	Endothelial
104903	DCIS_1
13827	DCIS_2
152201	Stromal
68468	Invasive_Tumor
55081	Invasive_Tumor
164456	Invasive_Tumor
146414	Myoepi_ACTA2
66822	Endothelial
136104	Unlabeled
130423	Myoepi_ACTA2
21083	Prolif_Invasive_Tumor
9521	Macrophages_1
78366	CD4_T_Cells
16424	Endothelial
127676	Macrophages_1
112095	CD8_T_Cells
93479	Stromal
60702	Invasive_Tumor
148205	Perivascular_Like
103223	Stromal
1583	Invasive_Tumor
118623	Macrophages_2
24264	Stromal
141230	Unlabeled
100664	Prolif_Invasive_Tumor
87907	Prolif_Invasive_Tumor
142345	Stromal
89924	Invasive_Tumor
86686	Invasive_Tumor
119301	DCIS_1
134235	LAMP3_DCs
119752	Endothelial
158879	DCIS_2
78066	Stromal
127362	Endothelial
164696	Stromal
119185	Stromal
59933	Invasive_Tumor
52282	Stromal
131996	DCIS_2
78460	Myoepi_ACTA2
78479	Stromal
74811	Invasive_Tumor
28638	Endothelial
143049	DCIS_2
72551	Invasive_Tumor
82961	Stromal
102861	Endothelial
73366	Invasive_Tumor
12157	Stromal
80358	Stromal
124368	DCIS_1
80725	CD8_T_Cells
132138	DCIS_2
56485	Invasive_Tumor
146815	Macrophages_1
2737	CD8_T_Cells
120161	Stromal
43929	Invasive_Tumor
56490	Invasive_Tumor
109100	Endothelial
27383	Stromal
129964	DCIS_2
48624	Invasive_Tumor
137839	Stromal
23871	CD8_T_Cells
12195	Endothelial
54833	Invasive_Tumor
66211	CD4_T_Cells
74415	Stromal
99767	Invasive_Tumor
118838	Stromal
78355	Endothelial
94988	Stromal
41289	Stromal
124744	DCIS_1
35452	Stromal
65194	Invasive_Tumor
87540	Invasive_Tumor
153031	Macrophages_1
108153	Stromal
159227	Myoepi_ACTA2
137262	CD4_T_Cells
167477	DCIS_2
980	Myoepi_ACTA2
149372	DCIS_2
6455	Myoepi_ACTA2
76355	Invasive_Tumor
117837	Stromal
134905	Stromal
4020	Perivascular_Like
132130	Myoepi_KRT15
117040	Stromal
59748	Invasive_Tumor
72421	Invasive_Tumor
102419	CD8_T_Cells
48238	Invasive_Tumor
51197	Myoepi_ACTA2
60877	Prolif_Invasive_Tumor
138061	CD4_T_Cells
42459	Myoepi_ACTA2
39861	Endothelial
147853	DCIS_2
84447	Invasive_Tumor
115905	IRF7_DCs
46908	Invasive_Tumor
34854	Invasive_Tumor
66980	Invasive_Tumor
102464	CD4_T_Cells
83759	Stromal
99527	Invasive_Tumor
151723	DCIS_2
37975	CD4_T_Cells
15515	DCIS_1
21218	Macrophages_1
97455	Stromal
167707	DCIS_1
152154	Stromal
129637	DCIS_2
60596	Invasive_Tumor
125277	Myoepi_ACTA2
35055	Prolif_Invasive_Tumor
120931	CD4_T_Cells
112331	Macrophages_1
15510	DCIS_1
113680	Stromal
108253	Stromal
28098	DCIS_1
50321	Invasive_Tumor
139707	Unlabeled
63182	Stromal
56187	Macrophages_1
84489	Invasive_Tumor
32987	Stromal
113949	Stromal
162335	DCIS_2
61513	Stromal
160265	Myoepi_ACTA2
96106	Stromal_T_Cell_Hybrid
48423	Prolif_Invasive_Tumor
141491	Stromal
160989	DCIS_2
117643	Macrophages_1
25496	Stromal
152370	Stromal
72053	Invasive_Tumor
134964	Stromal
97968	Endothelial
69010	Invasive_Tumor
41759	DCIS_1
123889	DCIS_1
16679	DCIS_1
49668	CD4_T_Cells
117866	Endothelial
28720	Prolif_Invasive_Tumor
78613	Myoepi_KRT15
39989	DCIS_1
17279	T_Cell_Tumor_Hybrid
23827	Myoepi_ACTA2
23874	CD8_T_Cells
65391	Stromal
118139	DCIS_1
34110	Endothelial
140656	Myoepi_KRT15
121131	Endothelial
137413	CD8_T_Cells
98093	Stromal
73205	Invasive_Tumor
108668	Stromal
73348	Prolif_Invasive_Tumor
154108	Myoepi_ACTA2
49553	Invasive_Tumor
161642	Stromal
133702	CD8_T_Cells
84430	Unlabeled
115889	CD4_T_Cells
113264	Unlabeled
165133	DCIS_2
144367	DCIS_2
77478	Stromal
67007	Invasive_Tumor
30496	Invasive_Tumor
51435	Invasive_Tumor
664	CD4_T_Cells
45940	DCIS_1
43770	CD8_T_Cells
15558	DCIS_1
56967	Invasive_Tumor
89577	Invasive_Tumor
77207	Stromal
392	Macrophages_1
93843	Stromal
150491	Stromal
162975	Myoepi_ACTA2
87812	Invasive_Tumor
79056	Myoepi_ACTA2
9733	Stromal
46790	Invasive_Tumor
132676	Endothelial
151795	DCIS_2
19722	T_Cell_Tumor_Hybrid
87917	Invasive_Tumor
153662	Stromal
116505	Stromal
70226	Stromal
142071	Stromal
104108	DCIS_1
147609	Macrophages_2
62200	Endothelial
99789	Stromal
41784	Myoepi_ACTA2
94251	CD4_T_Cells
128072	Macrophages_1
69086	Invasive_Tumor
157041	DCIS_2
152986	Stromal
31279	Invasive_Tumor
117170	Stromal
35463	CD8_T_Cells
152880	Stromal
131211	DCIS_2
47172	DCIS_1
10246	Myoepi_ACTA2
131129	B_Cells
1276	Invasive_Tumor
8135	Endothelial
157823	DCIS_2
51594	Endothelial
99701	Stromal
130661	CD4_T_Cells
138378	Macrophages_1
105656	Unlabeled
29278	Invasive_Tumor
31652	Endothelial
87792	Invasive_Tumor
140414	DCIS_2
141867	Unlabeled
61067	Endothelial
46441	DCIS_1
114447	B_Cells
19218	Stromal
119922	Unlabeled
34271	Invasive_Tumor
105819	Stromal
167661	DCIS_2
71659	Invasive_Tumor
46425	DCIS_1
57257	Macrophages_1
163042	DCIS_2
43039	Stromal
35781	Invasive_Tumor
62204	Invasive_Tumor
162252	DCIS_2
129499	Stromal
70033	Invasive_Tumor
142163	CD8_T_Cells
64291	Invasive_Tumor
27082	Macrophages_1
77564	Myoepi_KRT15
29719	Stromal
82284	B_Cells
111244	Perivascular_Like
93224	Myoepi_ACTA2
103477	Invasive_Tumor
17912	Invasive_Tumor
99079	Macrophages_2
136394	Myoepi_ACTA2
76164	Invasive_Tumor
162013	Stromal
66786	Invasive_Tumor
53457	Macrophages_2
74879	Macrophages_1
28448	CD4_T_Cells
63980	Invasive_Tumor
5727	Invasive_Tumor
94513	Myoepi_KRT15
67762	Invasive_Tumor
127790	Stromal
165432	Stromal
121445	DCIS_1
145069	DCIS_2
79784	CD4_T_Cells
151980	Macrophages_1
52517	Invasive_Tumor
58016	Invasive_Tumor
136525	DCIS_1
34463	Invasive_Tumor
59935	Invasive_Tumor
36130	Stromal
124302	DCIS_1
74828	Invasive_Tumor
14259	DCIS_1
33076	CD8_T_Cells
146946	DCIS_2
15754	Invasive_Tumor
70893	Invasive_Tumor
133041	Stromal
123193	Unlabeled
134469	Myoepi_ACTA2
79532	CD4_T_Cells
50024	Prolif_Invasive_Tumor
5174	Stromal
89378	Stromal
105530	Macrophages_1
123975	Unlabeled
13593	Stromal_T_Cell_Hybrid
31415	Invasive_Tumor
82462	Macrophages_1
123903	DCIS_1
90523	Prolif_Invasive_Tumor
113048	Myoepi_ACTA2
95570	Stromal
152455	DCIS_2
65190	Invasive_Tumor
4050	Macrophages_1
59238	Stromal
100604	Invasive_Tumor
125154	DCIS_1
40963	B_Cells
98662	Stromal
101770	CD8_T_Cells
73050	Invasive_Tumor
52114	Stromal
38134	Myoepi_ACTA2
89253	Invasive_Tumor
33662	Invasive_Tumor
53723	CD8_T_Cells
66457	DCIS_1
83879	Endothelial
117831	Myoepi_ACTA2
30265	Invasive_Tumor
72349	Macrophages_1
134543	Stromal
37134	B_Cells
132666	Stromal
143	Macrophages_1
49101	Invasive_Tumor
113525	Stromal
87205	Invasive_Tumor
30330	CD8_T_Cells
100750	Invasive_Tumor
61729	Invasive_Tumor
40526	B_Cells
11506	Stromal
60773	Macrophages_1
58026	Invasive_Tumor
131321	DCIS_2
97867	Stromal
114938	Invasive_Tumor
137563	CD4_T_Cells
29762	Invasive_Tumor
127491	Stromal
104481	Stromal
39502	Myoepi_ACTA2
61284	Stromal
62704	Stromal
34144	Invasive_Tumor
55600	CD4_T_Cells
862	Invasive_Tumor
32927	Stromal
87843	Stromal
109928	Unlabeled
48491	Macrophages_1
102935	IRF7_DCs
79928	Stromal
119073	Stromal
124673	Stromal
145526	Stromal
11472	Stromal
121401	CD8_T_Cells
165593	DCIS_1
163871	DCIS_2
29218	Invasive_Tumor
54658	Stromal
131849	Endothelial
61975	Invasive_Tumor
135859	Stromal
25433	Prolif_Invasive_Tumor
12552	Macrophages_1
57928	Endothelial
10976	Stromal
74488	Invasive_Tumor
68471	Invasive_Tumor
120891	Macrophages_1
4547	Macrophages_1
58998	Stromal
164851	DCIS_2
32580	Invasive_Tumor
112524	DCIS_1
26941	Invasive_Tumor
119267	Endothelial
87353	Invasive_Tumor
9411	Stromal
160296	DCIS_2
93626	Stromal
41102	CD4_T_Cells
6709	Stromal
132164	DCIS_2
91846	Stromal
50697	Macrophages_1
77812	DCIS_1
151203	Macrophages_1
44412	DCIS_1
39647	Stromal
126871	Stromal
73819	Stromal
111886	Stromal
138252	CD4_T_Cells
150416	Stromal
137265	B_Cells
44721	B_Cells
151028	Macrophages_1
107736	Stromal
73667	Invasive_Tumor
32839	Endothelial
137655	CD4_T_Cells
100173	Invasive_Tumor
54768	Invasive_Tumor
128191	CD4_T_Cells
33545	Unlabeled
132892	Stromal
11847	Myoepi_KRT15
46318	DCIS_1
111519	Stromal
164213	Stromal
134619	Macrophages_1
67054	Invasive_Tumor
54186	Prolif_Invasive_Tumor
30482	Invasive_Tumor
166781	CD8_T_Cells
124741	DCIS_1
156287	Stromal
117208	DCIS_2
16346	DCIS_1
69880	Invasive_Tumor
87677	Invasive_Tumor
26804	Myoepi_KRT15
48432	Macrophages_2
22781	Macrophages_2
133012	Stromal
166369	B_Cells
51211	Endothelial
120623	Myoepi_ACTA2
3565	Invasive_Tumor
2394	Invasive_Tumor
161063	Stromal
59916	Invasive_Tumor
118896	Macrophages_1
47715	Invasive_Tumor
66663	Invasive_Tumor
12649	Myoepi_ACTA2
65219	Stromal
28018	B_Cells
112125	Perivascular_Like
77862	B_Cells
13822	DCIS_2
81968	Stromal
47104	DCIS_1
148284	DCIS_2
107291	Stromal_T_Cell_Hybrid
114124	Unlabeled
53662	Macrophages_1
79488	CD8_T_Cells
22724	Invasive_Tumor
154936	Stromal
44772	Invasive_Tumor
35551	Invasive_Tumor
128464	Stromal
81167	Stromal
30854	Invasive_Tumor
6807	Stromal
128851	DCIS_2
141492	Unlabeled
164673	Stromal
142350	CD8_T_Cells
61436	Prolif_Invasive_Tumor
124427	DCIS_1
55094	Invasive_Tumor
167494	DCIS_2
156884	Myoepi_KRT15
15841	DCIS_1
49050	Invasive_Tumor
85200	Unlabeled
118545	Stromal
24429	CD8_T_Cells
156283	Unlabeled
42297	Myoepi_ACTA2
86848	Invasive_Tumor
84135	B_Cells
133550	B_Cells
22482	Invasive_Tumor
146154	Stromal
108257	Stromal
56946	Stromal
41038	Myoepi_ACTA2
11936	Stromal
36395	Stromal_T_Cell_Hybrid
163450	Stromal
99960	Invasive_Tumor
5992	Invasive_Tumor
101829	B_Cells
4999	Stromal
1764	Invasive_Tumor
62777	Stromal
36293	CD4_T_Cells
72553	Invasive_Tumor
136802	DCIS_1
115012	Macrophages_1
103060	Invasive_Tumor
117099	Stromal
45156	Invasive_Tumor
68301	Endothelial
150923	Invasive_Tumor
4326	Invasive_Tumor
23658	Invasive_Tumor
20910	Macrophages_1
94991	Stromal
137057	CD4_T_Cells
150360	Stromal
116365	B_Cells
1082	Endothelial
10004	Stromal
94361	Stromal
166461	Stromal
75674	Perivascular_Like
146175	Macrophages_1
165318	Myoepi_KRT15
158294	DCIS_2
67361	DCIS_1
83689	CD4_T_Cells
164322	DCIS_2
146220	Macrophages_2
128013	Macrophages_1
23193	B_Cells
69572	Invasive_Tumor
162466	Stromal
117044	Stromal
74153	Unlabeled
61053	Stromal
13927	Invasive_Tumor
88195	Stromal
22374	Myoepi_ACTA2
100747	Invasive_Tumor
86412	Invasive_Tumor
167341	Stromal
132808	Macrophages_1
150768	Invasive_Tumor
44293	Invasive_Tumor
64454	Invasive_Tumor
121415	DCIS_1
65094	Stromal
5520	Invasive_Tumor
99587	Invasive_Tumor
55659	Endothelial
127463	Macrophages_1
26299	Myoepi_ACTA2
163722	Macrophages_1
131556	Stromal
100576	Invasive_Tumor
65997	Invasive_Tumor
112113	Unlabeled
28511	CD4_T_Cells
53260	Invasive_Tumor
146872	DCIS_1
118343	Myoepi_KRT15
122550	CD4_T_Cells
91287	Invasive_Tumor
117732	Myoepi_ACTA2
62827	Stromal
144641	CD8_T_Cells
88955	Invasive_Tumor
153796	Endothelial
112735	DCIS_1
83666	Stromal
19851	Macrophages_1
79198	Myoepi_ACTA2
58709	Invasive_Tumor
82989	CD8_T_Cells
6553	Macrophages_1
152176	Stromal
137348	Macrophages_1
85952	Invasive_Tumor
103268	Stromal
111313	CD4_T_Cells
105572	CD4_T_Cells
122737	Stromal
124377	DCIS_1
38502	Stromal
39512	Myoepi_ACTA2
145158	Invasive_Tumor
101316	Endothelial
37222	Invasive_Tumor
93364	Stromal
160110	Stromal
16315	DCIS_1
4823	Invasive_Tumor
130353	Macrophages_1
22199	Endothelial
85320	Invasive_Tumor
76633	Stromal
114714	Stromal
130730	Stromal
127752	CD8_T_Cells
102201	B_Cells
133056	Endothelial
15646	DCIS_1
159323	Endothelial
115560	Endothelial
26776	Myoepi_ACTA2
141811	DCIS_2
103683	Stromal
106105	Stromal
134061	Unlabeled
76331	Invasive_Tumor
90182	Stromal
21615	Unlabeled
116987	Unlabeled
105456	Stromal
149680	B_Cells
108915	Stromal
41803	DCIS_1
140776	Stromal
52135	Invasive_Tumor
38246	Myoepi_ACTA2
53337	Invasive_Tumor
23325	Stromal
92110	Invasive_Tumor
7299	Invasive_Tumor
69346	Invasive_Tumor
28147	Myoepi_ACTA2
52927	Invasive_Tumor
115530	Macrophages_1
155786	Stromal
91094	Stromal
136311	Endothelial
144431	Myoepi_KRT15
165587	Myoepi_ACTA2
59913	Invasive_Tumor
77552	Macrophages_1
145077	Myoepi_KRT15
40735	Endothelial
95510	Stromal
116874	IRF7_DCs
60924	Unlabeled
144331	Unlabeled
107546	Stromal
135073	Stromal
139350	Stromal
42342	Macrophages_1
82130	B_Cells
23504	DCIS_1
127302	Endothelial
148961	Myoepi_KRT15
16565	Invasive_Tumor
152672	Myoepi_ACTA2
14045	DCIS_2
135300	Stromal
22282	Invasive_Tumor
121249	Stromal
132561	Mast_Cells
46986	Unlabeled
2185	Invasive_Tumor
166061	DCIS_1
31427	Invasive_Tumor
90059	Invasive_Tumor
130953	Stromal
95698	CD8_T_Cells
106114	Myoepi_ACTA2
154792	DCIS_2
95607	Stromal
10338	Perivascular_Like
149314	CD8_T_Cells
28876	Invasive_Tumor
51295	Invasive_Tumor
36437	Macrophages_1
159909	DCIS_1
122576	Endothelial
127390	Endothelial
88337	Invasive_Tumor
161354	Myoepi_ACTA2
140657	DCIS_2
154467	Stromal
47248	Invasive_Tumor
25017	Invasive_Tumor
57191	Prolif_Invasive_Tumor
47897	Stromal
11158	Stromal
85645	Invasive_Tumor
106984	Macrophages_1
148821	CD4_T_Cells
77640	Macrophages_1
50128	Invasive_Tumor
57728	Invasive_Tumor
10476	Stromal
25857	Endothelial
1249	Invasive_Tumor
6934	Invasive_Tumor
94812	Myoepi_ACTA2
38126	DCIS_1
50285	Invasive_Tumor
110328	CD4_T_Cells
134114	Stromal
18844	Invasive_Tumor
59631	Unlabeled
66212	Invasive_Tumor
31318	Stromal
124004	Myoepi_ACTA2
87247	Prolif_Invasive_Tumor
103756	Stromal
90750	Invasive_Tumor
122384	B_Cells
80719	Macrophages_1
106498	Macrophages_1
157346	DCIS_2
33491	Unlabeled
59560	Stromal
3907	Endothelial
54420	B_Cells
161486	DCIS_2
69258	Unlabeled
36174	B_Cells
129295	DCIS_2
142228	DCIS_2
44230	Invasive_Tumor
125282	Stromal
128445	Unlabeled
117564	Myoepi_KRT15
140533	Unlabeled
148420	Stromal
129364	DCIS_2
76347	Invasive_Tumor
144314	Macrophages_1
83211	Stromal
16029	DCIS_1
160562	DCIS_2
48045	Invasive_Tumor
43434	Prolif_Invasive_Tumor
142798	B_Cells
9194	Stromal
67920	Invasive_Tumor
114493	CD8_T_Cells
1479	DCIS_1
128782	Myoepi_ACTA2
57993	Invasive_Tumor
2269	CD4_T_Cells
142321	Macrophages_1
50120	Stromal
131853	Stromal
108752	Stromal
117904	Stromal
71611	Invasive_Tumor
112897	CD4_T_Cells
10817	B_Cells
41701	DCIS_1
75204	Invasive_Tumor
117790	Stromal
16658	DCIS_1
27513	Unlabeled
33556	CD8_T_Cells
2784	B_Cells
72166	Stromal
143634	Macrophages_1
118720	Stromal
79186	Stromal
113402	CD4_T_Cells
49518	CD8_T_Cells
117453	Stromal
20206	DCIS_1
107544	Stromal
88594	Macrophages_1
140347	Unlabeled
126502	CD8_T_Cells
4511	Invasive_Tumor
47739	Invasive_Tumor
153098	Stromal
111165	CD8_T_Cells
113735	Stromal
80846	Unlabeled
29968	Invasive_Tumor
159086	DCIS_2
44469	Stromal
42182	DCIS_1
69251	Unlabeled
36888	Stromal
110148	CD8_T_Cells
56776	Invasive_Tumor
3900	Stromal
99899	Stromal
11099	Myoepi_ACTA2
120773	Endothelial
98611	Stromal
952	DCIS_1
61651	Invasive_Tumor
160511	DCIS_2
45790	Invasive_Tumor
147737	CD4_T_Cells
38774	Unlabeled
93565	Stromal
82073	Stromal
82539	Stromal
60886	Macrophages_1
133566	DCIS_2
22362	Myoepi_ACTA2
126966	Stromal
145494	Myoepi_KRT15
125619	Stromal
149440	CD4_T_Cells
35554	Stromal
143421	DCIS_2
106115	Stromal
111956	CD4_T_Cells
1511	DCIS_1
13817	DCIS_2
12633	Myoepi_ACTA2
15060	DCIS_1
96794	CD4_T_Cells
134316	DCIS_2
30651	Macrophages_1
92184	CD8_T_Cells
21198	Invasive_Tumor
153312	Stromal
83850	Endothelial
148853	CD4_T_Cells
58461	Macrophages_1
89893	Invasive_Tumor
28978	Invasive_Tumor
125873	DCIS_1
92682	Endothelial
146262	B_Cells
131453	Stromal
72528	Endothelial
116388	Stromal
147132	DCIS_2
3415	Macrophages_1
122589	Stromal
37281	Endothelial
48401	Macrophages_1
68031	Invasive_Tumor
150185	Stromal
10646	DCIS_2
100288	Invasive_Tumor
29651	Stromal
32835	CD4_T_Cells
103784	Stromal
126215	Unlabeled
20363	DCIS_1
58276	Invasive_Tumor
64989	Invasive_Tumor
78838	Stromal
153856	DCIS_2
24849	Invasive_Tumor
124902	DCIS_1
105404	DCIS_1
142202	Macrophages_1
17317	Invasive_Tumor
135087	CD8_T_Cells
84129	Stromal
161347	CD8_T_Cells
89161	Invasive_Tumor
23194	CD8_T_Cells
56618	Invasive_Tumor
83994	Stromal
10040	Stromal
80419	DCIS_1
55889	Stromal
61612	Invasive_Tumor
73141	Unlabeled
127723	CD4_T_Cells
79309	DCIS_1
81590	Stromal
92498	CD8_T_Cells
65735	Invasive_Tumor
166824	CD8_T_Cells
126331	DCIS_1
133397	DCIS_2
96221	Stromal_T_Cell_Hybrid
160174	Endothelial
119430	DCIS_1
121507	DCIS_1
99035	CD4_T_Cells
2482	CD4_T_Cells
165053	Stromal
35421	Invasive_Tumor
105703	Stromal_T_Cell_Hybrid
93507	Stromal
109025	CD8_T_Cells
74126	Invasive_Tumor
60196	Invasive_Tumor
42435	CD8_T_Cells
78559	Myoepi_ACTA2
30372	Endothelial
21977	DCIS_1
71698	Invasive_Tumor
76339	Invasive_Tumor
51010	Myoepi_ACTA2
78142	CD8_T_Cells
149883	Stromal
33180	Invasive_Tumor
117558	Myoepi_KRT15
58366	Invasive_Tumor
87067	Invasive_Tumor
59203	Invasive_Tumor
80688	Stromal
99878	Prolif_Invasive_Tumor
20137	Unlabeled
127023	Invasive_Tumor
76593	Endothelial
79923	Stromal
96171	Stromal
89625	Invasive_Tumor
699	CD8_T_Cells
141287	Macrophages_2
74560	Endothelial
80816	Myoepi_ACTA2
3223	Invasive_Tumor
155370	Stromal
28714	Prolif_Invasive_Tumor
12979	DCIS_2
147218	Stromal
58144	Macrophages_1
56896	Macrophages_1
6097	Invasive_Tumor
160495	DCIS_2
123674	Myoepi_ACTA2
41888	CD8_T_Cells
94301	Myoepi_ACTA2
125644	DCIS_1
155600	DCIS_2
3143	B_Cells
159738	Macrophages_1
85843	Invasive_Tumor
4469	Invasive_Tumor
8839	Stromal
158379	Macrophages_1
137582	CD4_T_Cells
156193	Endothelial
152574	Stromal
131151	CD4_T_Cells
136275	Stromal
99262	Stromal
106528	B_Cells
139401	Stromal
147447	DCIS_2
104078	Myoepi_ACTA2
104461	Myoepi_ACTA2
68661	Invasive_Tumor
47982	CD8_T_Cells
55467	CD4_T_Cells
67043	Invasive_Tumor
155007	DCIS_2
145125	DCIS_2
35873	T_Cell_Tumor_Hybrid
147768	Perivascular_Like
110789	Unlabeled
6855	Stromal
111304	Macrophages_1
158888	DCIS_2
95921	Stromal
56695	Invasive_Tumor
29226	Macrophages_1
41029	Macrophages_1
35822	Stromal
99679	Stromal
140770	Stromal
115491	B_Cells
94742	Myoepi_KRT15
46082	DCIS_1
75751	Invasive_Tumor
147704	DCIS_2
141374	Macrophages_2
106119	Myoepi_ACTA2
89101	Invasive_Tumor
104744	Macrophages_1
44427	Prolif_Invasive_Tumor
117727	Macrophages_1
119062	Macrophages_2
32124	Invasive_Tumor
34339	Macrophages_1
56164	Invasive_Tumor
57183	Invasive_Tumor
131829	Stromal
4808	Invasive_Tumor
822	CD8_T_Cells
37425	CD4_T_Cells
45463	Invasive_Tumor
57845	Stromal
55664	Stromal
40571	CD4_T_Cells
845	CD4_T_Cells
110664	CD8_T_Cells
123842	Stromal
130431	Stromal
164377	DCIS_2
42993	Mast_Cells
118284	Myoepi_ACTA2
29560	Macrophages_1
63934	Invasive_Tumor
49181	Invasive_Tumor
145023	Stromal
17913	Invasive_Tumor
103397	Macrophages_2
28002	Macrophages_1
28087	Myoepi_ACTA2
124765	Myoepi_ACTA2
142552	DCIS_2
165954	Myoepi_ACTA2
59636	Invasive_Tumor
111565	Invasive_Tumor
125887	DCIS_1
95667	Stromal
25293	Endothelial
26916	CD4_T_Cells
52472	Invasive_Tumor
92479	Endothelial
150697	Endothelial
144703	DCIS_2
52430	Stromal
141519	Macrophages_1
149687	B_Cells
60627	Invasive_Tumor
59586	Stromal
118151	DCIS_1
88448	Stromal
120363	Macrophages_1
12917	Unlabeled
97803	Stromal
25914	CD4_T_Cells
2089	Macrophages_1
132453	DCIS_2
37797	B_Cells
14461	DCIS_1
88878	Prolif_Invasive_Tumor
148657	Stromal
94840	Stromal
38846	CD8_T_Cells
146230	Macrophages_1
6734	Stromal
134005	CD8_T_Cells
3953	Invasive_Tumor
117151	Macrophages_1
86832	Invasive_Tumor
114446	Stromal_T_Cell_Hybrid
6426	Stromal
19965	DCIS_1
35670	Invasive_Tumor
25027	Stromal_T_Cell_Hybrid
54096	Invasive_Tumor
110700	CD4_T_Cells
32936	Unlabeled
113027	DCIS_1
1316	DCIS_1
145863	Macrophages_1
23699	CD4_T_Cells
136083	Stromal
116644	Stromal
117426	Unlabeled
52431	Invasive_Tumor
154570	DCIS_2
133967	DCIS_2
75364	Stromal
75557	Invasive_Tumor
27989	CD4_T_Cells
116659	Endothelial
131776	Stromal
62873	Stromal
20400	DCIS_1
43531	Invasive_Tumor
140235	CD8_T_Cells
897	Endothelial
69483	Unlabeled
61377	Invasive_Tumor
123670	DCIS_1
131845	Macrophages_2
57713	Prolif_Invasive_Tumor
135043	CD4_T_Cells
58102	Invasive_Tumor
78074	Endothelial
24267	Prolif_Invasive_Tumor
89932	Invasive_Tumor
92971	Stromal
160697	Stromal
160170	Stromal
165035	DCIS_2
97064	CD4_T_Cells
27169	Invasive_Tumor
6314	Macrophages_1
148412	Stromal
97076	CD8_T_Cells
16069	DCIS_1
2589	Macrophages_1
130646	Stromal
64587	CD8_T_Cells
56569	Endothelial
31135	Invasive_Tumor
54243	Invasive_Tumor
62445	Invasive_Tumor
56703	Invasive_Tumor
144330	DCIS_2
153534	DCIS_2
44278	Invasive_Tumor
118926	Stromal
132210	DCIS_2
59936	Invasive_Tumor
30926	Stromal_T_Cell_Hybrid
132696	Endothelial
23792	LAMP3_DCs
8720	Stromal
30785	CD8_T_Cells
53924	Invasive_Tumor
18350	Invasive_Tumor
61413	Invasive_Tumor
31274	Endothelial
105403	Myoepi_ACTA2
160328	Stromal
143626	DCIS_2
153076	Stromal
96909	Stromal
126091	Myoepi_ACTA2
142032	Myoepi_KRT15
162198	Myoepi_ACTA2
34663	Macrophages_1
116635	Endothelial
157115	DCIS_2
151834	DCIS_2
125010	Macrophages_2
128548	Stromal
97088	Macrophages_1
34911	Invasive_Tumor
154558	DCIS_2
148271	DCIS_2
43910	Invasive_Tumor
111656	DCIS_1
122431	CD8_T_Cells
58752	Invasive_Tumor
111538	Myoepi_ACTA2
148300	DCIS_2
113713	Stromal
109232	Perivascular_Like
41372	CD8_T_Cells
88008	Invasive_Tumor
85480	Invasive_Tumor
87640	Invasive_Tumor
36782	B_Cells
6177	Stromal
14040	DCIS_2
91380	CD8_T_Cells
43226	Stromal
90633	Invasive_Tumor
90244	Invasive_Tumor
116754	Stromal
71013	IRF7_DCs
64722	Invasive_Tumor
51157	Invasive_Tumor
105644	DCIS_1
30678	Endothelial
128313	DCIS_2
77312	IRF7_DCs
70502	Invasive_Tumor
44470	DCIS_1
120577	Stromal
55722	Unlabeled
107094	Stromal
119327	Stromal
127791	Stromal
147586	DCIS_1
125431	Invasive_Tumor
155422	Unlabeled
11294	Stromal
163633	B_Cells
82344	Unlabeled
16507	Invasive_Tumor
40428	DCIS_1
165293	DCIS_2
40433	Unlabeled
75900	Invasive_Tumor
158969	DCIS_2
62198	Invasive_Tumor
127321	CD8_T_Cells
20347	DCIS_1
156983	Myoepi_KRT15
15002	Invasive_Tumor
121956	DCIS_1
140962	Endothelial
45283	Invasive_Tumor
81125	Stromal
77203	Mast_Cells
26138	CD4_T_Cells
73418	Invasive_Tumor
4084	Prolif_Invasive_Tumor
26517	Macrophages_1
69451	Invasive_Tumor
129337	DCIS_2
18872	Unlabeled
1046	B_Cells
144070	Invasive_Tumor
58402	Prolif_Invasive_Tumor
133009	Macrophages_1
161708	Stromal
108513	Stromal
135737	Stromal
111668	DCIS_1
165668	Myoepi_ACTA2
165486	DCIS_2
128645	DCIS_2
19736	Macrophages_1
82126	Unlabeled
6348	Stromal
166252	DCIS_2
19287	Stromal
50485	Invasive_Tumor
121991	DCIS_1
159625	Stromal
101743	Stromal
20062	Invasive_Tumor
54409	Stromal
70318	Invasive_Tumor
128611	DCIS_2
101717	B_Cells
143140	Stromal
70477	Invasive_Tumor
126152	DCIS_1
69019	Invasive_Tumor
134946	Stromal
41844	Endothelial
129465	Stromal
34545	Stromal
7666	Stromal
75103	Stromal
114652	Stromal
43657	Stromal
15408	Macrophages_1
35998	Stromal
3549	Unlabeled
112707	Unlabeled
83860	Invasive_Tumor
94044	Stromal
151264	Myoepi_ACTA2
136232	Myoepi_ACTA2
66138	Stromal
15622	DCIS_1
93103	LAMP3_DCs
99226	Invasive_Tumor
120029	B_Cells
7028	CD4_T_Cells
154503	DCIS_1
32467	Macrophages_1
133129	Stromal
23042	Myoepi_ACTA2
119877	Stromal
138886	Endothelial
61889	CD4_T_Cells
55873	B_Cells
22817	Endothelial
118977	DCIS_1
57668	Invasive_Tumor
83933	Stromal
66249	Unlabeled
20497	DCIS_1
103176	Invasive_Tumor
96803	CD4_T_Cells
86057	Invasive_Tumor
159060	DCIS_2
64859	Macrophages_1
13483	DCIS_1
156468	CD4_T_Cells
66184	Stromal
6701	Stromal
50942	DCIS_1
109804	DCIS_1
71017	B_Cells
85148	Endothelial
63361	Prolif_Invasive_Tumor
79017	Endothelial
53179	Invasive_Tumor
159951	DCIS_2
127570	Stromal
127961	DCIS_2
50505	Prolif_Invasive_Tumor
104950	DCIS_1
76691	Myoepi_ACTA2
6059	CD8_T_Cells
2317	B_Cells
45740	Myoepi_ACTA2
105725	CD8_T_Cells
92106	Invasive_Tumor
33221	B_Cells
118939	DCIS_1
1645	Myoepi_ACTA2
100397	Invasive_Tumor
99358	Prolif_Invasive_Tumor
102381	Stromal
45525	DCIS_1
147530	Macrophages_1
155118	Stromal
102555	Unlabeled
44673	Stromal
60780	Prolif_Invasive_Tumor
56581	Macrophages_1
49084	Endothelial
97097	Stromal
48579	Invasive_Tumor
49552	Invasive_Tumor
102662	Stromal
70511	Endothelial
99359	Invasive_Tumor
146213	Endothelial
125876	Unlabeled
108921	Stromal
135623	Stromal
47967	Invasive_Tumor
37602	Macrophages_1
165371	DCIS_2
1451	Myoepi_ACTA2
28963	DCIS_1
120827	CD4_T_Cells
163630	Endothelial
47678	Invasive_Tumor
60955	Invasive_Tumor
11559	Stromal
57667	Invasive_Tumor
100447	Invasive_Tumor
27192	Endothelial
62953	Invasive_Tumor
102652	Myoepi_ACTA2
30791	Stromal
86441	Invasive_Tumor
114244	Stromal
78935	Unlabeled
13885	CD4_T_Cells
94176	Stromal
133993	Macrophages_1
76602	DCIS_1
18272	Invasive_Tumor
109049	DCIS_1
28423	Stromal
27219	Macrophages_1
18850	Invasive_Tumor
63861	Invasive_Tumor
165232	Macrophages_1
125746	DCIS_1
34882	Invasive_Tumor
34191	CD8_T_Cells
39407	Stromal
139733	Stromal
6275	Stromal
166682	DCIS_2
159716	DCIS_2
83437	Stromal
44040	Invasive_Tumor
48898	Invasive_Tumor
136855	CD4_T_Cells
34268	CD8_T_Cells
63360	Prolif_Invasive_Tumor
152478	Unlabeled
49183	Invasive_Tumor
90577	Invasive_Tumor
141490	Macrophages_1
37750	CD8_T_Cells
121047	Unlabeled
126241	DCIS_1
165092	DCIS_2
54467	Invasive_Tumor
14992	Macrophages_1
131046	Macrophages_1
71409	Invasive_Tumor
154718	Endothelial
123546	Macrophages_1
27650	Unlabeled
1078	Unlabeled
165904	DCIS_2
7368	Stromal
152379	DCIS_2
127971	DCIS_2
93282	Stromal
89396	Stromal
44481	Invasive_Tumor
141134	DCIS_2
97251	Stromal
110780	Unlabeled
117360	Macrophages_1
108024	Stromal
152018	CD8_T_Cells
104713	Stromal
48453	Invasive_Tumor
81957	B_Cells
135448	Stromal
50036	DCIS_1
89345	Invasive_Tumor
102559	Stromal
55687	CD4_T_Cells
73448	Prolif_Invasive_Tumor
99784	Stromal
100861	Stromal
29556	Invasive_Tumor
115127	Stromal
75032	Stromal
8220	Stromal
161765	Stromal
101208	Invasive_Tumor
119987	Stromal_T_Cell_Hybrid
108467	Stromal
17954	Invasive_Tumor
6451	Myoepi_KRT15
100203	Invasive_Tumor
98710	Stromal
15241	DCIS_1
151436	Stromal
40374	Macrophages_1
80030	Stromal
77119	CD4_T_Cells
14372	DCIS_1
160558	DCIS_2
163787	Stromal
97087	Unlabeled
46323	DCIS_1
162703	DCIS_2
104073	DCIS_1
3141	CD8_T_Cells
164489	DCIS_2
51993	Invasive_Tumor
16619	DCIS_1
38648	Stromal
129162	Endothelial
143690	DCIS_2
141093	Myoepi_KRT15
87039	Invasive_Tumor
108452	Stromal
160158	Stromal
49841	Invasive_Tumor
5199	Stromal
50394	CD4_T_Cells
96080	Stromal
88995	Stromal
96903	Stromal
31730	Stromal
13567	Stromal
60964	Invasive_Tumor
53934	Invasive_Tumor
51562	Invasive_Tumor
18605	Invasive_Tumor
113801	Stromal
67986	Stromal
8219	Invasive_Tumor
79747	B_Cells
41750	Myoepi_ACTA2
55317	Stromal
141633	DCIS_2
121471	DCIS_1
21236	Endothelial
91972	Stromal
108028	B_Cells
47900	Invasive_Tumor
133821	Stromal
63517	Invasive_Tumor
14504	DCIS_1
12239	CD4_T_Cells
100442	Invasive_Tumor
41115	CD8_T_Cells
60399	CD8_T_Cells
145745	DCIS_2
164535	DCIS_2
64670	Invasive_Tumor
7476	Invasive_Tumor
120542	Endothelial
7038	CD8_T_Cells
120081	Stromal
117488	Stromal
54376	CD4_T_Cells
40338	CD8_T_Cells
119016	Stromal
73467	Invasive_Tumor
128350	Myoepi_KRT15
32093	Stromal
166688	DCIS_2
115665	Stromal
70403	Prolif_Invasive_Tumor
109591	Stromal
65025	Invasive_Tumor
155108	DCIS_2
98746	Stromal
63337	Stromal
124573	DCIS_1
151206	CD8_T_Cells
145630	Stromal
69791	Stromal
71941	Invasive_Tumor
123341	Stromal
60061	Invasive_Tumor
151384	Stromal
57138	CD8_T_Cells
72959	Invasive_Tumor
135541	Mast_Cells
124039	Unlabeled
70237	Prolif_Invasive_Tumor
24668	Stromal
131534	B_Cells
17210	Macrophages_1
28079	Myoepi_ACTA2
52722	Prolif_Invasive_Tumor
127351	Stromal
11457	Endothelial
35409	Invasive_Tumor
20112	Myoepi_ACTA2
38370	CD4_T_Cells
119487	IRF7_DCs
164283	CD4_T_Cells
88433	Prolif_Invasive_Tumor
33811	Invasive_Tumor
113884	Stromal
158237	DCIS_2
21453	Macrophages_1
80943	CD4_T_Cells
55129	Invasive_Tumor
149443	CD4_T_Cells
48274	Macrophages_1
110501	B_Cells
126213	Endothelial
80236	CD4_T_Cells
21772	Macrophages_1
121804	Macrophages_1
138663	Stromal
8116	Stromal
45069	Invasive_Tumor
46363	DCIS_1
81245	CD8_T_Cells
3696	Invasive_Tumor
157598	DCIS_2
117697	LAMP3_DCs
113244	Stromal
128273	Macrophages_1
69864	Invasive_Tumor
134876	Stromal
82969	Endothelial
120391	Stromal
72668	Endothelial
117768	DCIS_1
82877	IRF7_DCs
87967	Invasive_Tumor
150097	Stromal
47854	Invasive_Tumor
46644	Invasive_Tumor
135457	Endothelial
52620	Invasive_Tumor
41897	DCIS_1
121859	DCIS_1
96881	Stromal
5354	Invasive_Tumor
164988	DCIS_2
118377	Stromal
41697	DCIS_1
164898	DCIS_2
133795	DCIS_2
152345	DCIS_2
121406	DCIS_1
20207	DCIS_1
129636	DCIS_2
15738	Stromal
57850	Prolif_Invasive_Tumor
8560	Macrophages_1
30495	Invasive_Tumor
124835	Stromal
81741	CD4_T_Cells
10057	DCIS_2
130625	Stromal
49469	Invasive_Tumor
6873	Invasive_Tumor
47437	DCIS_1
118843	Stromal
139262	Endothelial
8051	Stromal
17114	Macrophages_1
49231	Invasive_Tumor
125014	Unlabeled
150276	Stromal
101289	Invasive_Tumor
4600	CD8_T_Cells
46587	Unlabeled
143570	DCIS_2
154623	B_Cells
132346	DCIS_2
25677	Endothelial
67398	DCIS_1
99810	Invasive_Tumor
147831	DCIS_2
58394	Prolif_Invasive_Tumor
21004	Invasive_Tumor
118374	Unlabeled
116642	Stromal
161387	DCIS_2
160389	DCIS_2
103535	Invasive_Tumor
84467	Invasive_Tumor
78765	Stromal
52624	Invasive_Tumor
144611	DCIS_2
42855	Macrophages_1
518	Invasive_Tumor
32583	Prolif_Invasive_Tumor
48570	Invasive_Tumor
154749	DCIS_2
379	CD8_T_Cells
88420	Invasive_Tumor
91508	Endothelial
75099	Stromal
163853	Stromal
160135	Stromal
9916	Stromal
105292	Stromal
75534	Invasive_Tumor
112476	Stromal
97229	Stromal
38266	DCIS_1
135216	Myoepi_ACTA2
159958	DCIS_2
123655	DCIS_1
82203	Stromal
68664	Invasive_Tumor
115272	B_Cells
4245	Invasive_Tumor
75677	CD4_T_Cells
89562	Invasive_Tumor
8369	Stromal
44095	Invasive_Tumor
16656	DCIS_1
12701	Stromal
127150	Stromal
81604	B_Cells
24804	Invasive_Tumor
49210	Endothelial
29694	Endothelial
114831	Unlabeled
68140	Prolif_Invasive_Tumor
154278	CD4_T_Cells
65936	Invasive_Tumor
27250	Macrophages_1
135872	Stromal
79134	DCIS_1
122004	Macrophages_1
130914	Stromal
4636	Stromal
82892	CD4_T_Cells
11977	Stromal
70535	Invasive_Tumor
156280	Myoepi_KRT15
97118	CD8_T_Cells
44596	Myoepi_ACTA2
72799	Invasive_Tumor
73738	Invasive_Tumor
156131	DCIS_2
155793	CD8_T_Cells
92253	Stromal
82697	CD4_T_Cells
165936	DCIS_2
142652	DCIS_2
144184	Myoepi_ACTA2
152131	Endothelial
107144	Stromal
1773	Invasive_Tumor
39295	Myoepi_ACTA2
64664	Invasive_Tumor
52263	Invasive_Tumor
126589	Invasive_Tumor
68513	Macrophages_1
84456	Invasive_Tumor
137044	CD4_T_Cells
67044	Invasive_Tumor
16702	Macrophages_1
72427	Invasive_Tumor
52057	Invasive_Tumor
138482	Macrophages_1
78188	B_Cells
52313	Macrophages_1
112775	Invasive_Tumor
137461	B_Cells
34620	Stromal
73608	Invasive_Tumor
121399	B_Cells
55712	Stromal
156631	Perivascular_Like
162207	Endothelial
110799	Unlabeled
152612	CD8_T_Cells
14312	DCIS_1
129462	DCIS_2
87073	Invasive_Tumor
18148	Stromal
72549	Invasive_Tumor
15762	Perivascular_Like
47546	Invasive_Tumor
166359	Endothelial
155302	LAMP3_DCs
15467	Stromal
110589	CD8_T_Cells
154354	Macrophages_1
108817	Stromal
120865	CD4_T_Cells
117551	Stromal
8751	Stromal
4155	Invasive_Tumor
68502	Invasive_Tumor
10374	DCIS_2
138031	CD8_T_Cells
25184	Macrophages_1
63358	Invasive_Tumor
117295	Unlabeled
71014	T_Cell_Tumor_Hybrid
118591	Endothelial
107176	Stromal
48387	Invasive_Tumor
72203	Invasive_Tumor
36386	Stromal
146615	DCIS_2
27380	Invasive_Tumor
90345	Invasive_Tumor
149007	Myoepi_ACTA2
55269	CD4_T_Cells
78100	Endothelial
132137	DCIS_2
167017	DCIS_2
12259	IRF7_DCs
71051	Invasive_Tumor
131417	Myoepi_KRT15
112033	Unlabeled
72880	Invasive_Tumor
101874	CD4_T_Cells
78010	DCIS_1
138379	Stromal
31591	Stromal
101001	Invasive_Tumor
32961	Endothelial
78236	Stromal
88634	Endothelial
135372	Unlabeled
45962	Myoepi_ACTA2
54540	Invasive_Tumor
88611	Invasive_Tumor
52841	Invasive_Tumor
129650	DCIS_2
143036	DCIS_1
66303	DCIS_1
57472	Invasive_Tumor
55165	Invasive_Tumor
75176	Stromal
12475	Stromal
5216	Macrophages_2
159800	DCIS_2
140576	Stromal
106055	Myoepi_ACTA2
80994	CD8_T_Cells
156408	Endothelial
148976	Myoepi_KRT15
155571	DCIS_2
137147	B_Cells
87120	Invasive_Tumor
103754	Macrophages_1
39456	CD4_T_Cells
148742	Stromal
116112	DCIS_1
131974	Macrophages_2
499	Invasive_Tumor
155700	Myoepi_ACTA2
13898	CD4_T_Cells
166230	Myoepi_ACTA2
112911	Macrophages_1
98333	Stromal
47561	Stromal
59214	Invasive_Tumor
15662	Stromal
128372	Myoepi_ACTA2
160317	DCIS_2
134130	B_Cells
70013	Invasive_Tumor
38204	DCIS_1
100749	Unlabeled
8292	Stromal
152289	Unlabeled
150562	Endothelial
82586	Stromal
5945	Invasive_Tumor
110639	CD8_T_Cells
114594	B_Cells
131183	Unlabeled
7584	CD4_T_Cells
149798	CD4_T_Cells
23502	Invasive_Tumor
128182	CD4_T_Cells
141825	DCIS_2
12837	Unlabeled
114204	Stromal
53079	Invasive_Tumor
55213	Macrophages_1
151369	Stromal
165870	Macrophages_1
84562	Invasive_Tumor
106071	Stromal_T_Cell_Hybrid
118	Invasive_Tumor
161949	DCIS_2
49722	Prolif_Invasive_Tumor
115549	Macrophages_1
15216	Invasive_Tumor
14901	Myoepi_ACTA2
94478	Myoepi_ACTA2
16636	Invasive_Tumor
62952	Invasive_Tumor
135944	Stromal
109536	CD8_T_Cells
21444	CD4_T_Cells
13815	Myoepi_ACTA2
143262	DCIS_2
1633	DCIS_1
103196	Invasive_Tumor
100903	Prolif_Invasive_Tumor
120719	CD4_T_Cells
33141	Invasive_Tumor
93758	Stromal
28369	Prolif_Invasive_Tumor
150810	Stromal
145814	DCIS_2
108901	Stromal
153216	DCIS_2
34051	Invasive_Tumor
90961	Stromal
90040	Invasive_Tumor
102767	Macrophages_1
158613	DCIS_2
162485	Stromal
52506	Prolif_Invasive_Tumor
49602	Invasive_Tumor
48251	Invasive_Tumor
48769	Invasive_Tumor
122954	Myoepi_ACTA2
126666	Stromal
56507	CD4_T_Cells
73363	Invasive_Tumor
49292	Invasive_Tumor
39547	Stromal
84588	Invasive_Tumor
29532	Invasive_Tumor
156650	Myoepi_ACTA2
13444	Myoepi_ACTA2
122836	Stromal
165880	DCIS_1
91538	Stromal
137505	DCIS_1
10707	Stromal
138305	CD4_T_Cells
134377	DCIS_2
137098	Stromal
94272	CD8_T_Cells
72538	Prolif_Invasive_Tumor
120221	B_Cells
153566	DCIS_2
86616	Invasive_Tumor
91734	Stromal
115874	Stromal
138726	Stromal
73824	Macrophages_1
149671	CD8_T_Cells
111524	CD8_T_Cells
141797	DCIS_1
66408	Myoepi_ACTA2
144327	DCIS_2
130937	Stromal
61371	Invasive_Tumor
78043	B_Cells
38953	CD8_T_Cells
165951	Myoepi_ACTA2
142137	Macrophages_1
132255	Endothelial
12620	Macrophages_1
150786	Stromal
91047	Macrophages_1
34336	Invasive_Tumor
31339	Invasive_Tumor
71005	Macrophages_1
37051	Unlabeled
152032	Stromal
64672	Invasive_Tumor
133957	Invasive_Tumor
71168	Endothelial
85571	Invasive_Tumor
129930	Perivascular_Like
119111	DCIS_1
30564	Invasive_Tumor
106159	B_Cells
94024	Stromal
23395	Myoepi_ACTA2
62519	Prolif_Invasive_Tumor
90296	Stromal
14370	DCIS_1
151411	Stromal
91840	Endothelial
124269	Perivascular_Like
108849	Stromal
31513	Endothelial
44072	Invasive_Tumor
70303	Invasive_Tumor
130066	DCIS_2
121121	Unlabeled
143443	DCIS_1
121059	CD4_T_Cells
129091	DCIS_2
40233	DCIS_1
103077	Stromal
95613	Stromal
71213	Invasive_Tumor
122001	Stromal
14888	Endothelial
140047	Macrophages_2
167066	CD8_T_Cells
51818	Invasive_Tumor
36977	Unlabeled
48488	Invasive_Tumor
105173	Stromal
123382	Stromal
128461	Stromal
78865	Stromal
29160	Invasive_Tumor
156434	Stromal
23767	Unlabeled
107267	Stromal
44951	Stromal
48811	Invasive_Tumor
72862	Prolif_Invasive_Tumor
59848	CD4_T_Cells
24272	Macrophages_1
140513	CD4_T_Cells
68894	Invasive_Tumor
318	Invasive_Tumor
54234	Macrophages_1
111104	CD4_T_Cells
7192	Invasive_Tumor
60051	Invasive_Tumor
70867	Endothelial
61215	Invasive_Tumor
164364	Myoepi_KRT15
18353	DCIS_1
104221	DCIS_1
15394	Prolif_Invasive_Tumor
155086	DCIS_2
79691	Stromal
56707	Invasive_Tumor
6651	Stromal
48263	T_Cell_Tumor_Hybrid
52275	Invasive_Tumor
143445	DCIS_2
150692	Stromal
121312	Endothelial
79322	Myoepi_ACTA2
16798	Invasive_Tumor
131413	Myoepi_ACTA2
166451	Perivascular_Like
53605	Invasive_Tumor
115705	Macrophages_2
92623	Stromal
164112	Stromal
35500	Invasive_Tumor
15895	Invasive_Tumor
49759	Invasive_Tumor
12795	DCIS_2
151906	DCIS_2
14235	DCIS_1
30077	Invasive_Tumor
110408	CD8_T_Cells
41635	B_Cells
129301	DCIS_2
157614	DCIS_2
148108	Myoepi_ACTA2
158073	Unlabeled
101900	Stromal
1646	Myoepi_ACTA2
166010	DCIS_2
146460	Myoepi_ACTA2
47105	Invasive_Tumor
2557	CD4_T_Cells
39922	Macrophages_1
134216	CD8_T_Cells
36416	Macrophages_2
4148	Endothelial
11807	DCIS_1
511	Endothelial
60026	Stromal
156841	Myoepi_KRT15
132321	Myoepi_ACTA2
110341	Stromal
52081	Invasive_Tumor
18439	Endothelial
90484	Invasive_Tumor
53292	Invasive_Tumor
106507	Stromal
77266	B_Cells
586	B_Cells
46625	DCIS_1
166634	Stromal
40254	Unlabeled
78791	CD4_T_Cells
43356	CD8_T_Cells
54591	Endothelial
99338	Invasive_Tumor
10768	Stromal
117255	Stromal
3993	Macrophages_1
59035	Prolif_Invasive_Tumor
94405	Myoepi_KRT15
163211	Endothelial
72417	Invasive_Tumor
113087	Stromal
4481	Invasive_Tumor
60721	Invasive_Tumor
64852	Macrophages_1
71138	Invasive_Tumor
131114	Macrophages_1
104748	Stromal
7795	Stromal
108336	Stromal
57711	Invasive_Tumor
153820	Myoepi_ACTA2
101353	Invasive_Tumor
73409	Perivascular_Like
19671	Stromal
141915	DCIS_2
110039	Unlabeled
165985	DCIS_2
121336	B_Cells
5246	Invasive_Tumor
153368	DCIS_2
145535	Myoepi_KRT15
50667	CD8_T_Cells
20620	Unlabeled
22254	Macrophages_1
41777	Stromal
90928	Macrophages_1
98988	Macrophages_2
69986	Invasive_Tumor
113117	CD8_T_Cells
46051	DCIS_1
112915	Macrophages_1
107516	Stromal
88047	Invasive_Tumor
105664	B_Cells
73812	Stromal
35957	Stromal
128631	DCIS_2
160999	DCIS_2
141658	DCIS_2
91933	Invasive_Tumor
163691	Stromal
59442	Endothelial
3452	Stromal
118311	Stromal
144845	Stromal
162421	Endothelial
65348	Endothelial
31597	B_Cells
24630	Stromal
101317	Invasive_Tumor
7833	Stromal
149004	Myoepi_ACTA2
39375	DCIS_1
100611	Invasive_Tumor
27458	CD8_T_Cells
66950	Stromal
33736	Endothelial
96776	CD4_T_Cells
26206	Stromal
141632	DCIS_2
62129	Macrophages_1
140535	Stromal
103804	Stromal
59399	Endothelial
10650	DCIS_2
61662	Invasive_Tumor
55887	Macrophages_1
84523	Unlabeled
30914	Perivascular_Like
107312	Macrophages_1
134349	Macrophages_1
112396	IRF7_DCs
82487	Stromal
139502	Stromal
71620	Invasive_Tumor
80464	CD8_T_Cells
116208	B_Cells
104813	Stromal
28640	B_Cells
163206	Endothelial
104308	DCIS_1
158550	Stromal
67548	Invasive_Tumor
138449	DCIS_2
10306	CD4_T_Cells
140884	CD8_T_Cells
107672	IRF7_DCs
16387	Endothelial
129130	Myoepi_ACTA2
155542	DCIS_2
58130	T_Cell_Tumor_Hybrid
14869	DCIS_1
118946	Myoepi_ACTA2
164981	DCIS_2
123772	DCIS_1
91159	Stromal
81026	Stromal
150638	Stromal
127803	Stromal
154361	CD8_T_Cells
140797	Stromal
53768	Invasive_Tumor
138659	Stromal
100408	Endothelial
97975	Stromal
142005	DCIS_2
113005	Invasive_Tumor
26681	Macrophages_1
67048	Invasive_Tumor
87460	Invasive_Tumor
42527	B_Cells
167664	Stromal
145701	Unlabeled
95438	Stromal_T_Cell_Hybrid
159421	Macrophages_2
94069	Endothelial
84069	Stromal
52929	Invasive_Tumor
88471	Invasive_Tumor
166265	DCIS_2
89606	Invasive_Tumor
44659	Prolif_Invasive_Tumor
121087	Unlabeled
40216	CD8_T_Cells
40409	DCIS_1
30829	Invasive_Tumor
159029	DCIS_2
119531	Myoepi_ACTA2
83946	Stromal
18563	Invasive_Tumor
42651	DCIS_1
128316	DCIS_2
159357	Myoepi_KRT15
71152	Stromal
124057	Stromal
99207	Stromal
129884	DCIS_2
78952	CD4_T_Cells
122173	Unlabeled
60784	Invasive_Tumor
151913	Myoepi_ACTA2
122235	Macrophages_1
14211	DCIS_2
73122	Invasive_Tumor
42210	Myoepi_ACTA2
16181	DCIS_1
7142	T_Cell_Tumor_Hybrid
54748	Invasive_Tumor
75151	Stromal
102967	Stromal
32114	Stromal
66304	DCIS_1
121002	Unlabeled
166052	DCIS_2
151738	Unlabeled
41806	DCIS_1
147788	B_Cells
148848	CD4_T_Cells
93458	Stromal
113686	Stromal
119824	Stromal
36743	Stromal
36148	Stromal
82358	Macrophages_1
92632	Stromal
77047	Stromal
49038	CD8_T_Cells
75936	Invasive_Tumor
100323	Invasive_Tumor
19467	DCIS_1
62757	Invasive_Tumor
88677	Invasive_Tumor
154684	Stromal
154999	DCIS_2
40013	DCIS_1
21325	Invasive_Tumor
65678	Macrophages_1
157588	DCIS_2
130931	Stromal
22519	CD8_T_Cells
53324	Prolif_Invasive_Tumor
73256	Invasive_Tumor
135202	Stromal
167615	Endothelial
134666	DCIS_2
157290	Myoepi_ACTA2
132630	CD8_T_Cells
150028	Endothelial
102983	Stromal
113064	DCIS_1
8448	Stromal
37760	Stromal
147177	Macrophages_1
144980	DCIS_2
157229	Unlabeled
106813	Myoepi_ACTA2
161648	Stromal
74010	B_Cells
163239	Stromal
143152	Stromal
98324	Stromal
154791	DCIS_2
105862	Macrophages_1
18297	Myoepi_ACTA2
166372	Unlabeled
24663	Invasive_Tumor
158327	Myoepi_ACTA2
67700	Invasive_Tumor
166147	CD8_T_Cells
130064	DCIS_2
120166	Stromal
57387	Invasive_Tumor
75726	Stromal
33635	Invasive_Tumor
62010	Invasive_Tumor
39517	Myoepi_ACTA2
112413	CD4_T_Cells
166571	CD8_T_Cells
105938	Stromal
16886	Invasive_Tumor
105545	Myoepi_ACTA2
41441	Stromal
6940	Invasive_Tumor
45513	Invasive_Tumor
25931	CD8_T_Cells
50633	Prolif_Invasive_Tumor
109721	Myoepi_ACTA2
94640	Stromal
73152	Endothelial
70817	Stromal
61821	Invasive_Tumor
102125	Stromal
43441	Stromal
36150	Macrophages_1
164317	Stromal
145341	Stromal
92578	Invasive_Tumor
22689	B_Cells
79439	Macrophages_1
108908	B_Cells
880	Invasive_Tumor
161699	Stromal
125460	Macrophages_1
15334	Invasive_Tumor
89098	Invasive_Tumor
45861	DCIS_1
148102	CD4_T_Cells
158119	DCIS_2
129801	DCIS_2
101319	Invasive_Tumor
11036	Macrophages_1
3057	Unlabeled
132427	DCIS_2
135597	Endothelial
6049	Endothelial
127285	Macrophages_2
123749	DCIS_1
54547	Invasive_Tumor
76101	Invasive_Tumor
16299	DCIS_1
46931	Invasive_Tumor
48350	Invasive_Tumor
108113	Stromal
102352	Stromal
27769	CD8_T_Cells
158479	DCIS_2
48454	Invasive_Tumor
68730	Endothelial
17857	Invasive_Tumor
83112	Stromal
15360	Myoepi_ACTA2
22388	DCIS_1
66330	Myoepi_ACTA2
151440	Stromal
63731	Endothelial
82686	CD4_T_Cells
16087	Invasive_Tumor
146184	Myoepi_ACTA2
125056	DCIS_1
17979	Invasive_Tumor
98440	Unlabeled
100368	Invasive_Tumor
84001	Stromal
89179	Stromal
102528	Stromal
111720	Macrophages_1
52212	Prolif_Invasive_Tumor
145138	Myoepi_KRT15
154395	Stromal
27066	Macrophages_1
86964	Macrophages_1
130136	DCIS_2
129863	Stromal
111637	DCIS_1
79958	Myoepi_ACTA2
27719	Stromal
45094	DCIS_1
122095	Unlabeled
7060	Unlabeled
143168	B_Cells
29354	Stromal
166387	Stromal
133995	CD4_T_Cells
75421	Invasive_Tumor
42513	Stromal
90951	Stromal
51074	DCIS_1
73775	Stromal
46237	DCIS_1
36750	CD4_T_Cells
76571	Stromal
96093	Stromal
79275	DCIS_1
158777	Stromal
4686	Invasive_Tumor
93531	Stromal
114834	Stromal
142268	Unlabeled
155780	Macrophages_2
20234	B_Cells
43261	Macrophages_1
144519	Myoepi_KRT15
51612	Invasive_Tumor
124423	DCIS_1
13	DCIS_1
77956	Myoepi_ACTA2
156327	DCIS_2
16436	DCIS_1
130959	Stromal
95454	Unlabeled
6805	Stromal
50977	DCIS_1
137304	Macrophages_1
156558	Myoepi_ACTA2
130802	Perivascular_Like
18763	Macrophages_1
157723	DCIS_2
120466	DCIS_1
55817	CD4_T_Cells
87886	Prolif_Invasive_Tumor
146548	Stromal
156303	Stromal
153857	DCIS_2
107875	Stromal
22059	CD4_T_Cells
132791	Endothelial
36625	B_Cells
46642	Unlabeled
29199	Invasive_Tumor
74942	Stromal
50478	CD4_T_Cells
69792	Prolif_Invasive_Tumor
14281	DCIS_1
29479	Prolif_Invasive_Tumor
28827	Endothelial
76088	Invasive_Tumor
107867	Stromal
28882	Invasive_Tumor
22070	Invasive_Tumor
127635	Stromal
88552	Unlabeled
109732	Stromal
15019	DCIS_1
109614	DCIS_1
76074	Endothelial
117248	Myoepi_ACTA2
65230	Macrophages_2
105668	CD8_T_Cells
152174	Stromal
81055	Stromal
36152	Macrophages_1
83742	Stromal
109262	CD4_T_Cells
49093	Stromal
96013	Stromal
137059	CD4_T_Cells
107908	Stromal
109424	CD8_T_Cells
59006	Stromal
77786	Unlabeled
54538	Invasive_Tumor
14340	DCIS_1
119380	DCIS_1
44952	Stromal
116755	Stromal
129218	Stromal
70812	Macrophages_1
28393	Invasive_Tumor
39389	DCIS_1
126847	DCIS_1
58590	Invasive_Tumor
105368	Macrophages_1
121792	Endothelial
120768	Myoepi_ACTA2
101988	CD4_T_Cells
74469	Stromal
71449	Invasive_Tumor
16500	Invasive_Tumor
141175	Macrophages_1
97801	Stromal
58659	Invasive_Tumor
108823	Endothelial
134664	DCIS_2
96370	Macrophages_2
116518	Endothelial
117187	DCIS_1
111322	CD8_T_Cells
22297	Endothelial
70268	Invasive_Tumor
96825	Stromal
159039	DCIS_2
18897	Invasive_Tumor
15686	DCIS_1
8063	Invasive_Tumor
60347	Macrophages_1
64676	Invasive_Tumor
104301	Myoepi_ACTA2
71482	Unlabeled
35995	Invasive_Tumor
79991	Myoepi_KRT15
112919	Stromal
39961	DCIS_1
123201	Unlabeled
34118	Stromal
94696	Myoepi_ACTA2
27967	CD8_T_Cells
40942	CD4_T_Cells
4856	Stromal
117429	Stromal
157334	DCIS_2
12246	Endothelial
126094	Macrophages_1
26331	DCIS_1
69262	DCIS_1
99301	Invasive_Tumor
41988	Stromal
81693	CD4_T_Cells
59106	Invasive_Tumor
78199	Macrophages_1
17824	Stromal
34884	Invasive_Tumor
152305	DCIS_2
39440	Endothelial
90826	Stromal
41873	DCIS_1
145963	Macrophages_1
160975	DCIS_2
77378	Stromal
139288	Endothelial
87548	Invasive_Tumor
112903	CD8_T_Cells
39479	CD8_T_Cells
121526	DCIS_1
165919	DCIS_2
25176	Stromal
48692	CD4_T_Cells
110137	Unlabeled
138551	Endothelial
51297	Invasive_Tumor
38697	Stromal
91878	Macrophages_1
119623	Stromal
61045	Invasive_Tumor
33099	Invasive_Tumor
158345	Stromal
100140	Macrophages_1
57678	Invasive_Tumor
93230	Stromal
125767	DCIS_1
2393	Prolif_Invasive_Tumor
70756	Stromal
112848	CD8_T_Cells
153262	DCIS_2
57748	Invasive_Tumor
90502	Invasive_Tumor
71558	Invasive_Tumor
55126	Invasive_Tumor
63689	Invasive_Tumor
151338	Macrophages_1
41911	Myoepi_ACTA2
109264	CD4_T_Cells
101268	Invasive_Tumor
102760	CD4_T_Cells
105251	Macrophages_1
60701	Macrophages_1
80897	CD4_T_Cells
50732	Endothelial
48315	Invasive_Tumor
115798	Stromal
51191	Endothelial
90425	Invasive_Tumor
7655	Stromal
34413	Invasive_Tumor
108011	Stromal
106547	Macrophages_1
163420	Unlabeled
123004	DCIS_1
33017	Invasive_Tumor
138084	CD4_T_Cells
61633	Invasive_Tumor
120561	CD4_T_Cells
51485	Prolif_Invasive_Tumor
100241	CD8_T_Cells
4860	Stromal
22149	Invasive_Tumor
30932	Stromal
131973	Stromal
38676	Stromal
35633	Macrophages_1
7488	Invasive_Tumor
134399	Myoepi_ACTA2
61854	Macrophages_1
55589	CD4_T_Cells
56542	LAMP3_DCs
106405	Myoepi_ACTA2
2190	Invasive_Tumor
88702	Invasive_Tumor
99264	Stromal
154727	DCIS_2
11048	Stromal
104658	Unlabeled
59554	Endothelial
140005	Stromal
25731	Stromal
18693	Invasive_Tumor
31608	Invasive_Tumor
15237	DCIS_1
86078	Invasive_Tumor
70197	Stromal
128812	DCIS_2
111912	CD8_T_Cells
127230	Macrophages_2
54853	Invasive_Tumor
15793	Invasive_Tumor
118692	Macrophages_2
72350	Invasive_Tumor
150968	Stromal
138484	Endothelial
69406	Invasive_Tumor
22067	Invasive_Tumor
86447	Invasive_Tumor
70687	Invasive_Tumor
140011	Stromal
9802	DCIS_1
9601	CD8_T_Cells
127371	Endothelial
68821	Unlabeled
46303	DCIS_1
67612	Stromal
21773	Endothelial
61248	Prolif_Invasive_Tumor
53262	Invasive_Tumor
103962	Stromal
106623	Stromal
113591	Endothelial
125493	Macrophages_1
166414	Myoepi_ACTA2
93033	Stromal
115128	Stromal
37408	CD8_T_Cells
150820	Endothelial
131465	Unlabeled
128401	Myoepi_ACTA2
34626	Stromal
162121	Endothelial
80184	Myoepi_ACTA2
105382	DCIS_1
86824	Invasive_Tumor
127095	B_Cells
134920	Stromal
153546	DCIS_1
39823	CD4_T_Cells
152418	DCIS_2
119231	DCIS_1
64870	Invasive_Tumor
8080	Stromal
52994	B_Cells
143054	DCIS_2
35189	Invasive_Tumor
67178	Invasive_Tumor
96900	Stromal
136166	Myoepi_KRT15
105031	Myoepi_ACTA2
140975	Stromal
107779	Stromal
83587	Stromal
36207	CD4_T_Cells
159540	DCIS_2
26899	Myoepi_ACTA2
108419	Stromal
117308	Macrophages_1
120716	CD4_T_Cells
88038	Invasive_Tumor
60623	Invasive_Tumor
69935	Stromal
145281	CD8_T_Cells
91284	Invasive_Tumor
79456	DCIS_1
83251	Stromal
80676	Stromal
75248	CD8_T_Cells
157178	DCIS_2
8033	Invasive_Tumor
93093	CD4_T_Cells
143907	DCIS_2
115689	Stromal
153518	Macrophages_2
80548	Stromal
143390	Stromal
56751	Invasive_Tumor
60636	Invasive_Tumor
69966	Invasive_Tumor
16364	DCIS_1
123943	Unlabeled
131349	Stromal
108536	Stromal
14212	Unlabeled
57337	Invasive_Tumor
46355	Invasive_Tumor
47074	DCIS_1
147747	Stromal
69775	Prolif_Invasive_Tumor
144659	Unlabeled
1109	Invasive_Tumor
148468	Stromal
23036	Myoepi_ACTA2
67087	Stromal
136084	Stromal
86975	Invasive_Tumor
107517	Stromal
27571	Macrophages_1
120153	CD8_T_Cells
153560	DCIS_2
98082	Macrophages_2
77488	Stromal
100363	Invasive_Tumor
149404	CD4_T_Cells
50867	DCIS_1
46583	Invasive_Tumor
14828	DCIS_1
149735	CD4_T_Cells
79925	Stromal
44271	DCIS_1
115583	Stromal
137149	CD4_T_Cells
80109	Stromal
113622	B_Cells
11362	Stromal
28247	Myoepi_ACTA2
79137	DCIS_1
1757	Invasive_Tumor
150578	Macrophages_2
14036	DCIS_2
48083	Invasive_Tumor
105189	Stromal
149792	CD4_T_Cells
90704	Invasive_Tumor
6066	Invasive_Tumor
70985	Invasive_Tumor
71693	Invasive_Tumor
110578	Myoepi_ACTA2
84872	Stromal
73885	Stromal
29703	Invasive_Tumor
116007	Stromal
6546	B_Cells
46787	CD4_T_Cells
39341	Endothelial
32135	Endothelial
68167	Invasive_Tumor
88213	Invasive_Tumor
99241	Stromal
92354	Stromal
60397	Stromal
102557	CD4_T_Cells
126908	Stromal
110505	CD4_T_Cells
74400	Macrophages_1
64554	Stromal
67238	Invasive_Tumor
140425	Myoepi_KRT15
19919	DCIS_1
118309	Endothelial
31691	Myoepi_ACTA2
83969	Stromal
145794	DCIS_2
146636	DCIS_2
96235	B_Cells
48573	Prolif_Invasive_Tumor
135792	Stromal
41490	Stromal
73604	Invasive_Tumor
83000	Stromal
126713	Macrophages_1
54218	Invasive_Tumor
147689	Invasive_Tumor
129787	DCIS_2
21099	Macrophages_1
48711	Invasive_Tumor
155540	DCIS_2
50134	B_Cells
156390	Endothelial
78027	B_Cells
93302	Stromal
60181	Invasive_Tumor
140397	Myoepi_KRT15
102995	Stromal
152008	CD8_T_Cells
31111	Endothelial
68299	CD4_T_Cells
103470	Invasive_Tumor
162279	DCIS_2
24076	Invasive_Tumor
7320	Invasive_Tumor
18988	Invasive_Tumor
78050	Stromal
116141	Stromal
145674	Myoepi_ACTA2
24841	Endothelial
80804	Invasive_Tumor
155461	DCIS_2
72697	Invasive_Tumor
103902	Myoepi_ACTA2
143184	Stromal
140970	Stromal
109669	Unlabeled
948	Myoepi_ACTA2
66629	Invasive_Tumor
119985	CD4_T_Cells
118647	Endothelial
3100	CD8_T_Cells
138866	Stromal
118592	Stromal
84564	Prolif_Invasive_Tumor
29509	Invasive_Tumor
149833	CD4_T_Cells
72920	Invasive_Tumor
161444	Stromal
136990	CD4_T_Cells
52002	Invasive_Tumor
84252	Invasive_Tumor
9567	CD4_T_Cells
83011	Stromal
16918	Stromal
30512	Invasive_Tumor
44702	Stromal
73046	Invasive_Tumor
123861	Unlabeled
74792	Invasive_Tumor
123695	CD4_T_Cells
36724	B_Cells
6774	Invasive_Tumor
30318	Invasive_Tumor
52860	Invasive_Tumor
150144	Macrophages_1
42642	DCIS_1
82214	CD4_T_Cells
48360	Invasive_Tumor
34944	Invasive_Tumor
52298	Endothelial
111984	CD4_T_Cells
167387	DCIS_1
63165	Invasive_Tumor
77823	DCIS_1
136046	DCIS_1
72355	Invasive_Tumor
162320	DCIS_2
48597	Invasive_Tumor
107531	Stromal
144661	Endothelial
111539	Unlabeled
30346	Invasive_Tumor
118341	DCIS_1
43327	Stromal
164079	DCIS_2
50884	Myoepi_ACTA2
17024	Invasive_Tumor
43897	Invasive_Tumor
145710	Stromal
44582	Perivascular_Like
104	Invasive_Tumor
61838	Invasive_Tumor
65257	Invasive_Tumor
31394	Endothelial
165167	DCIS_2
110605	CD8_T_Cells
81325	Macrophages_1
167305	DCIS_2
115105	Perivascular_Like
153508	Myoepi_ACTA2
101044	Invasive_Tumor
67313	Stromal
28007	Macrophages_1
12001	Stromal
643	Invasive_Tumor
118628	Stromal
30092	Stromal
6428	Stromal
89074	Invasive_Tumor
105358	Stromal
128301	DCIS_2
19294	Endothelial
12735	DCIS_2
64351	Invasive_Tumor
150171	Endothelial
142448	Myoepi_ACTA2
54436	Prolif_Invasive_Tumor
9664	Unlabeled
152705	DCIS_2
43084	Endothelial
155559	DCIS_2
156597	DCIS_2
152245	B_Cells
85524	Invasive_Tumor
18315	DCIS_1
80585	LAMP3_DCs
82417	Stromal
45258	Myoepi_ACTA2
147416	DCIS_2
65884	Invasive_Tumor
60135	CD4_T_Cells
6517	CD8_T_Cells
22671	Stromal
51063	Invasive_Tumor
11573	Stromal
54181	Invasive_Tumor
70833	Invasive_Tumor
105564	Stromal
85342	Invasive_Tumor
11402	DCIS_2
139045	Stromal
83104	Endothelial
140631	Stromal
9460	IRF7_DCs
148966	Myoepi_KRT15
74094	T_Cell_Tumor_Hybrid
144145	DCIS_2
117422	B_Cells
54745	Stromal
7723	Stromal
67893	Invasive_Tumor
30904	Unlabeled
114506	Stromal
104476	Myoepi_ACTA2
70981	Invasive_Tumor
81240	CD8_T_Cells
93025	CD8_T_Cells
90624	Invasive_Tumor
141557	DCIS_2
47227	DCIS_1
166172	Unlabeled
126765	DCIS_1
148250	DCIS_2
113248	Macrophages_1
82217	CD8_T_Cells
89581	Invasive_Tumor
74282	Stromal
155543	DCIS_2
10473	Macrophages_1
69820	Invasive_Tumor
120065	Stromal
15822	Macrophages_1
61882	CD4_T_Cells
101378	Prolif_Invasive_Tumor
126211	Stromal
142942	Myoepi_ACTA2
58413	Prolif_Invasive_Tumor
143991	Stromal
73350	Stromal
42215	Myoepi_ACTA2
93467	Stromal
113	DCIS_1
139136	Stromal
63825	Stromal
68328	Stromal
32550	CD4_T_Cells
130949	Endothelial
64826	Stromal
19917	DCIS_1
122677	Stromal
82323	B_Cells
81261	Stromal
7417	Invasive_Tumor
13601	DCIS_1
53513	Invasive_Tumor
39000	Macrophages_1
9238	Myoepi_ACTA2
3407	Macrophages_1
119716	Stromal
131983	Stromal
57635	Macrophages_1
139709	Stromal
46002	Myoepi_ACTA2
139765	Stromal
58685	Invasive_Tumor
81156	Stromal
94788	Stromal
112986	Unlabeled
68731	Invasive_Tumor
43769	Invasive_Tumor
69005	Stromal
44914	Invasive_Tumor
44998	Invasive_Tumor
14797	Myoepi_ACTA2
14187	Myoepi_ACTA2
21958	Myoepi_ACTA2
104728	Stromal
88822	Invasive_Tumor
19937	DCIS_1
133107	Stromal
156417	Endothelial
135650	Endothelial
105203	DCIS_1
15042	DCIS_1
152434	DCIS_2
118909	Endothelial
94106	CD4_T_Cells
92538	CD8_T_Cells
74478	Invasive_Tumor
167144	DCIS_2
102156	Stromal
64038	Invasive_Tumor
47773	Prolif_Invasive_Tumor
22027	Macrophages_1
55622	CD4_T_Cells
141423	B_Cells
25968	CD4_T_Cells
85972	Unlabeled
8955	CD4_T_Cells
167551	DCIS_2
47085	Unlabeled
93952	Stromal
90993	Stromal
11476	Myoepi_KRT15
48440	Stromal
104596	Stromal
109562	Stromal
79340	Myoepi_ACTA2
12887	Myoepi_ACTA2
105525	Macrophages_1
112528	Macrophages_1
46346	Unlabeled
160744	DCIS_2
15828	DCIS_1
29596	Invasive_Tumor
57381	Macrophages_2
153949	DCIS_2
85080	Invasive_Tumor
63263	Invasive_Tumor
130041	DCIS_2
115087	Stromal
151938	CD8_T_Cells
40576	B_Cells
5951	Invasive_Tumor
72386	Endothelial
19425	DCIS_1
8397	DCIS_1
49984	Invasive_Tumor
73123	Stromal
106030	Stromal
7061	Stromal
132439	DCIS_2
7439	Invasive_Tumor
13859	CD4_T_Cells
98750	Stromal
92154	CD4_T_Cells
68928	Invasive_Tumor
105632	Myoepi_KRT15
226	DCIS_1
167242	DCIS_2
49462	Invasive_Tumor
133183	Stromal
62734	Invasive_Tumor
46463	DCIS_1
2759	CD4_T_Cells
142143	Stromal
115073	Stromal
7165	Invasive_Tumor
36958	B_Cells
22380	Stromal
106657	Stromal_T_Cell_Hybrid
42344	Invasive_Tumor
65328	Unlabeled
96721	CD8_T_Cells
146332	Stromal
147491	B_Cells
25769	Stromal
115379	CD4_T_Cells
62670	Prolif_Invasive_Tumor
109898	Unlabeled
50382	Stromal
95178	Endothelial
162860	Invasive_Tumor
90840	Stromal
65895	Invasive_Tumor
25858	Endothelial
117462	Stromal
100588	Invasive_Tumor
28910	DCIS_1
73289	Stromal
46342	DCIS_1
46385	DCIS_1
150840	Invasive_Tumor
96596	Stromal
144293	Invasive_Tumor
81023	B_Cells
35533	Stromal
37564	Stromal
83992	Stromal
166293	Stromal
142891	Stromal
13839	DCIS_2
102225	CD4_T_Cells
55540	CD4_T_Cells
14056	DCIS_2
14371	DCIS_1
148861	CD8_T_Cells
56083	Stromal
97288	Stromal
161498	DCIS_2
115557	Endothelial
76817	Endothelial
86622	Prolif_Invasive_Tumor
151568	DCIS_2
143512	Myoepi_ACTA2
42212	DCIS_1
383	CD8_T_Cells
119739	Stromal
139738	Stromal
36252	CD4_T_Cells
55597	Unlabeled
113705	Stromal
45519	Invasive_Tumor
3913	Stromal
149261	CD4_T_Cells
99392	Invasive_Tumor
137374	CD4_T_Cells
5875	Stromal
75229	CD8_T_Cells
7332	Endothelial
91117	Perivascular_Like
19397	Endothelial
127104	Macrophages_1
108609	Stromal
110413	CD4_T_Cells
154484	DCIS_2
58282	Invasive_Tumor
150099	Stromal
108146	Macrophages_1
121187	Unlabeled
152494	DCIS_2
96658	Stromal
114603	Stromal
79162	Stromal
38332	CD8_T_Cells
29129	Macrophages_1
58483	CD4_T_Cells
57976	Prolif_Invasive_Tumor
17223	Prolif_Invasive_Tumor
135310	Unlabeled
154427	CD4_T_Cells
79339	Myoepi_ACTA2
54435	CD8_T_Cells
162333	DCIS_2
107696	Stromal
126992	Stromal
130975	Macrophages_1
57069	Invasive_Tumor
47492	CD4_T_Cells
69085	Invasive_Tumor
55838	CD4_T_Cells
35974	Endothelial
58567	Invasive_Tumor
149875	Endothelial
89254	Invasive_Tumor
91215	Stromal
32517	CD4_T_Cells
129420	Endothelial
25390	Invasive_Tumor
33422	Stromal
21896	Stromal
115300	B_Cells
72956	Invasive_Tumor
18577	Invasive_Tumor
134776	Myoepi_ACTA2
92938	CD8_T_Cells
57291	Invasive_Tumor
151171	Stromal
139616	Stromal
94937	Stromal
30463	Invasive_Tumor
21411	Macrophages_1
51878	Invasive_Tumor
8804	Macrophages_1
34917	Unlabeled
55971	Endothelial
141943	DCIS_2
4208	Prolif_Invasive_Tumor
58427	Invasive_Tumor
48871	Invasive_Tumor
89456	Invasive_Tumor
930	DCIS_1
5004	Stromal
20802	Invasive_Tumor
136707	CD4_T_Cells
88340	Unlabeled
96415	Stromal
109694	Stromal
43925	Invasive_Tumor
65399	Stromal
26305	Myoepi_ACTA2
91487	Stromal
155242	Stromal
103825	Stromal
57716	Unlabeled
131408	CD8_T_Cells
8711	Stromal
39293	Myoepi_ACTA2
50814	DCIS_1
80775	Stromal
138946	Stromal
105699	Stromal
103526	Invasive_Tumor
127192	Endothelial
142950	DCIS_2
101723	CD8_T_Cells
56963	Stromal
144450	DCIS_2
72206	Invasive_Tumor
3162	DCIS_1
39636	B_Cells
88454	Invasive_Tumor
152947	Stromal
72513	Invasive_Tumor
42189	Myoepi_ACTA2
150719	Stromal
152287	DCIS_2
148402	Macrophages_1
72215	Invasive_Tumor
109344	Stromal
2777	CD4_T_Cells
118670	Endothelial
92010	Stromal
5652	Unlabeled
3687	Prolif_Invasive_Tumor
14702	Myoepi_ACTA2
95747	Macrophages_1
159002	DCIS_1
28628	Macrophages_1
150952	Invasive_Tumor
161808	DCIS_2
148676	Stromal
51928	Invasive_Tumor
164184	DCIS_2
8969	Stromal
127081	Unlabeled
107552	Stromal
107088	Endothelial
105341	Macrophages_1
159226	DCIS_2
42472	DCIS_1
88933	Invasive_Tumor
88135	Invasive_Tumor
36171	Invasive_Tumor
64555	Invasive_Tumor
19391	Endothelial
65560	Unlabeled
19469	DCIS_1
114339	Stromal
90394	Invasive_Tumor
56993	Macrophages_1
127654	Stromal
36628	Unlabeled
128953	Myoepi_ACTA2
120520	DCIS_1
63891	Invasive_Tumor
6092	Invasive_Tumor
75691	Stromal
40343	Stromal
52247	Invasive_Tumor
16917	Stromal
73103	Stromal
160258	DCIS_2
132302	Stromal
7535	CD8_T_Cells
31806	CD4_T_Cells
140329	DCIS_2
32842	Macrophages_1
11033	DCIS_2
117260	Myoepi_ACTA2
16171	DCIS_1
152885	DCIS_2
160723	DCIS_2
52571	Invasive_Tumor
73901	Stromal
40999	CD8_T_Cells
25583	Invasive_Tumor
63332	Endothelial
30548	Stromal
92830	Stromal
132503	Stromal
15906	Myoepi_ACTA2
147121	DCIS_2
66370	DCIS_1
116890	Stromal
150623	Macrophages_2
119773	B_Cells
125330	DCIS_1
117988	Myoepi_ACTA2
66425	CD4_T_Cells
66378	Unlabeled
77354	B_Cells
149080	Macrophages_1
69816	Invasive_Tumor
104499	Stromal
103462	Invasive_Tumor
80329	Macrophages_2
71321	Macrophages_1
5067	Invasive_Tumor
31677	DCIS_1
122603	Stromal
122792	DCIS_1
124338	Myoepi_ACTA2
126398	DCIS_1
152888	DCIS_2
36232	Stromal
15405	Myoepi_ACTA2
78480	Myoepi_ACTA2
129404	Stromal
2048	Invasive_Tumor
81415	Stromal
91588	Stromal
39941	CD8_T_Cells
109381	Myoepi_ACTA2
154424	Endothelial
54259	Invasive_Tumor
40577	Unlabeled
96738	CD8_T_Cells
166757	Macrophages_1
9562	Invasive_Tumor
132695	Endothelial
14005	DCIS_2
132028	Macrophages_1
138371	Macrophages_1
96808	B_Cells
13939	DCIS_2
112497	IRF7_DCs
145968	DCIS_2
113002	Macrophages_1
90581	Invasive_Tumor
123103	B_Cells
50384	IRF7_DCs
85980	Invasive_Tumor
156233	Stromal
59493	Stromal
123902	Invasive_Tumor
96251	Stromal
70414	Invasive_Tumor
136632	Unlabeled
167762	DCIS_2
165349	DCIS_2
134452	Stromal
13248	DCIS_2
14079	Stromal
49245	Invasive_Tumor
138365	Myoepi_ACTA2
92248	Endothelial
103386	Stromal
150998	Endothelial
76487	Endothelial
127383	Perivascular_Like
167745	DCIS_2
55773	Invasive_Tumor
154799	DCIS_2
113616	Stromal
140829	Stromal
54482	Invasive_Tumor
127822	Stromal
68724	T_Cell_Tumor_Hybrid
121034	Unlabeled
30943	CD4_T_Cells
13236	DCIS_2
93793	Stromal
69701	Invasive_Tumor
142856	Stromal
44992	Invasive_Tumor
83787	Invasive_Tumor
74514	Invasive_Tumor
72846	Invasive_Tumor
88623	Macrophages_1
52678	Invasive_Tumor
44844	Invasive_Tumor
15126	DCIS_1
98817	Stromal
7388	Stromal
139965	Unlabeled
48682	Endothelial
20630	Unlabeled
15693	Stromal
124333	Endothelial
161810	DCIS_2
106215	Stromal
70988	Invasive_Tumor
164594	Unlabeled
61665	Invasive_Tumor
75393	Invasive_Tumor
42803	Macrophages_1
6712	Stromal
95318	Myoepi_KRT15
122437	B_Cells
112143	CD8_T_Cells
82287	B_Cells
32074	Stromal
50226	CD8_T_Cells
19521	Stromal
113367	Unlabeled
136914	Macrophages_1
161975	DCIS_2
138936	Stromal
165535	Endothelial
107373	Stromal
30140	Invasive_Tumor
40261	Stromal
127254	Stromal
125677	Stromal
145977	Invasive_Tumor
120637	DCIS_1
16166	Invasive_Tumor
6528	CD4_T_Cells
139851	Stromal
35308	Perivascular_Like
41111	IRF7_DCs
53004	Invasive_Tumor
153301	Macrophages_1
125204	B_Cells
70108	Invasive_Tumor
118566	Endothelial
109242	B_Cells
6345	Stromal
72872	Invasive_Tumor
18105	CD8_T_Cells
73359	Invasive_Tumor
32181	Invasive_Tumor
75335	Invasive_Tumor
130188	Invasive_Tumor
74898	Endothelial
76185	Prolif_Invasive_Tumor
92611	Invasive_Tumor
143374	Stromal
146270	Stromal
125110	DCIS_1
74608	Invasive_Tumor
81081	Stromal
109249	Macrophages_1
119187	Endothelial
53358	Invasive_Tumor
108208	Stromal
141110	Myoepi_ACTA2
64016	Invasive_Tumor
18115	Stromal
166970	DCIS_2
139578	Stromal
105100	DCIS_1
125922	DCIS_1
80720	CD4_T_Cells
111342	CD4_T_Cells
81392	Stromal
10257	DCIS_1
58717	Invasive_Tumor
164159	DCIS_2
119173	Stromal
238	DCIS_1
128165	DCIS_2
58470	Invasive_Tumor
24168	Invasive_Tumor
102825	Stromal
38388	B_Cells
33642	Invasive_Tumor
35665	Macrophages_1
50745	Macrophages_1
23996	Stromal
18159	Macrophages_1
96793	CD4_T_Cells
31839	CD4_T_Cells
30634	Macrophages_1
49092	Stromal
28210	CD4_T_Cells
38052	Stromal
147612	Stromal
46492	DCIS_1
44627	DCIS_1
65631	Invasive_Tumor
103169	Invasive_Tumor
32506	B_Cells
72298	IRF7_DCs
72923	Invasive_Tumor
99519	Invasive_Tumor
51376	Invasive_Tumor
112885	Stromal
66753	Invasive_Tumor
22776	CD4_T_Cells
42656	Invasive_Tumor
49771	Invasive_Tumor
83096	Stromal
66017	Invasive_Tumor
120672	CD8_T_Cells
163267	DCIS_2
147065	Macrophages_1
107840	Endothelial
114405	Stromal
130232	Stromal
128341	DCIS_2
77043	Stromal
62134	B_Cells
74592	Invasive_Tumor
163667	Stromal
91940	Invasive_Tumor
28238	Stromal
39948	CD8_T_Cells
78623	B_Cells
164956	DCIS_2
107435	Stromal
44717	CD4_T_Cells
21397	Invasive_Tumor
30373	Endothelial
156362	DCIS_2
111900	CD4_T_Cells
81725	CD4_T_Cells
104803	Stromal
62979	Invasive_Tumor
20353	Unlabeled
22309	Stromal
26457	Stromal_T_Cell_Hybrid
67085	Unlabeled
77766	Stromal
117935	Stromal
14929	DCIS_1
19212	Prolif_Invasive_Tumor
48590	Prolif_Invasive_Tumor
81264	CD8_T_Cells
14232	DCIS_2
162425	Stromal
84808	Invasive_Tumor
23326	Stromal
42591	DCIS_1
139118	B_Cells
111225	Stromal
164521	DCIS_2
139124	CD4_T_Cells
159808	DCIS_1
49344	Invasive_Tumor
116996	Stromal
130489	CD4_T_Cells
117971	Myoepi_ACTA2
104653	Stromal
76195	Invasive_Tumor
114738	Macrophages_1
45367	Macrophages_1
55516	Invasive_Tumor
108121	Stromal
90707	Invasive_Tumor
43784	Invasive_Tumor
48213	T_Cell_Tumor_Hybrid
102007	B_Cells
31141	B_Cells
97909	Stromal
167272	Stromal
135219	Myoepi_ACTA2
64062	Invasive_Tumor
121906	CD4_T_Cells
167221	DCIS_2
25669	Invasive_Tumor
45532	DCIS_1
167510	DCIS_1
78327	Stromal
88141	T_Cell_Tumor_Hybrid
117599	B_Cells
125774	DCIS_1
104019	Stromal
24021	Invasive_Tumor
99778	Stromal
81793	Myoepi_KRT15
90825	Stromal
43105	CD4_T_Cells
138466	Endothelial
103478	Invasive_Tumor
128356	Macrophages_1
28566	Stromal
160984	DCIS_1
69888	Prolif_Invasive_Tumor
51591	Invasive_Tumor
74979	Stromal
20765	DCIS_1
148146	DCIS_2
113996	Stromal
69243	Unlabeled
101970	CD8_T_Cells
69404	Invasive_Tumor
19483	Invasive_Tumor
116692	Stromal
22137	Myoepi_ACTA2
151231	IRF7_DCs
88217	Prolif_Invasive_Tumor
163504	Stromal
86049	Invasive_Tumor
166605	Stromal
23146	CD8_T_Cells
34929	CD8_T_Cells
141497	Stromal
115046	CD4_T_Cells
16573	DCIS_1
131424	Myoepi_KRT15
110208	IRF7_DCs
30684	Invasive_Tumor
113348	Unlabeled
21041	Invasive_Tumor
5298	Invasive_Tumor
35708	Invasive_Tumor
14640	DCIS_1
161438	Stromal
105246	Stromal
148478	DCIS_2
35196	Invasive_Tumor
41120	B_Cells
91091	Stromal
122109	Unlabeled
2684	B_Cells
7634	Stromal
63939	Prolif_Invasive_Tumor
123745	Stromal
2137	Invasive_Tumor
29574	Invasive_Tumor
28043	Stromal
49706	T_Cell_Tumor_Hybrid
14179	DCIS_2
114468	Stromal
31863	Invasive_Tumor
120550	Stromal
22033	Prolif_Invasive_Tumor
81779	Myoepi_KRT15
23592	Macrophages_2
56943	CD8_T_Cells
86326	Endothelial
162145	Stromal
158659	Unlabeled
57564	Invasive_Tumor
23418	Invasive_Tumor
156702	DCIS_2
87154	Invasive_Tumor
149996	CD8_T_Cells
120238	Stromal
125320	DCIS_1
162361	Stromal
118200	Stromal
153955	Myoepi_KRT15
156339	DCIS_2
950	DCIS_1
124450	Endothelial
9761	DCIS_1
117015	Endothelial
95000	Macrophages_1
31238	Stromal
38480	Stromal
86526	Invasive_Tumor
162454	Stromal
17469	Invasive_Tumor
47753	Endothelial
62546	Invasive_Tumor
48595	Invasive_Tumor
65400	Macrophages_1
5762	Stromal
3021	Myoepi_ACTA2
107457	Macrophages_1
64918	Invasive_Tumor
41126	CD4_T_Cells
24007	Invasive_Tumor
12532	DCIS_2
120429	CD8_T_Cells
36250	Endothelial
93633	Macrophages_1
103338	Invasive_Tumor
1953	Invasive_Tumor
155228	CD8_T_Cells
21635	Invasive_Tumor
165187	Endothelial
102020	B_Cells
165443	Myoepi_ACTA2
55103	Invasive_Tumor
30094	Invasive_Tumor
96979	Endothelial
45572	DCIS_1
6257	CD4_T_Cells
33964	Invasive_Tumor
89028	Invasive_Tumor
91133	CD4_T_Cells
30529	Stromal
160748	DCIS_1
98498	Stromal
25757	Prolif_Invasive_Tumor
91333	Endothelial
69051	Prolif_Invasive_Tumor
12331	Stromal_T_Cell_Hybrid
33043	Invasive_Tumor
142138	Stromal
7420	Invasive_Tumor
122261	Stromal
140438	DCIS_2
82662	CD4_T_Cells
46700	Invasive_Tumor
121262	Macrophages_1
3050	Stromal
82741	Stromal
10766	Stromal
146389	Perivascular_Like
164935	Invasive_Tumor
97340	B_Cells
50789	Invasive_Tumor
6638	Invasive_Tumor
40837	Stromal
104318	DCIS_1
25841	Macrophages_1
121338	Stromal
106001	Stromal
3480	Stromal
114415	CD4_T_Cells
6153	Stromal
126863	DCIS_1
32130	Invasive_Tumor
74148	CD8_T_Cells
87242	Invasive_Tumor
88299	Prolif_Invasive_Tumor
118060	Endothelial
112328	Macrophages_1
87498	Invasive_Tumor
107906	Stromal
49069	Invasive_Tumor
117168	Stromal
97454	Macrophages_1
141671	DCIS_2
90685	Invasive_Tumor
102390	Endothelial
104329	Myoepi_KRT15
52912	Invasive_Tumor
129726	DCIS_2
53644	Invasive_Tumor
149418	CD8_T_Cells
18259	CD4_T_Cells
11608	DCIS_2
158673	Stromal
14400	DCIS_1
139023	Stromal
12340	Endothelial
75552	Invasive_Tumor
81650	B_Cells
52770	Invasive_Tumor
167655	CD8_T_Cells
139516	Endothelial
72717	Invasive_Tumor
157474	DCIS_2
155451	DCIS_1
72253	Invasive_Tumor
58743	Invasive_Tumor
116899	Stromal
158270	DCIS_2
100003	Invasive_Tumor
137545	Endothelial
137231	B_Cells
77490	Stromal
108957	CD8_T_Cells
162607	Macrophages_1
162951	Endothelial
33120	Invasive_Tumor
46718	DCIS_1
90943	B_Cells
82573	Macrophages_2
19654	Invasive_Tumor
164274	Stromal
101339	Invasive_Tumor
97939	Stromal
142556	DCIS_2
95001	Stromal
51881	Invasive_Tumor
149553	CD4_T_Cells
136680	CD4_T_Cells
64360	Stromal
94797	Stromal
161623	Stromal
53888	Invasive_Tumor
72389	Invasive_Tumor
139398	B_Cells
9650	CD4_T_Cells
65812	CD4_T_Cells
139068	Stromal
115789	Myoepi_ACTA2
28057	Unlabeled
114978	Stromal
111093	Unlabeled
85631	Invasive_Tumor
123840	Macrophages_1
39584	Stromal
115802	Macrophages_1
27984	CD4_T_Cells
7155	Invasive_Tumor
160483	DCIS_2
39117	CD4_T_Cells
33971	Invasive_Tumor
150317	Stromal
122276	DCIS_1
75877	Stromal
73736	Prolif_Invasive_Tumor
134046	Stromal
117211	DCIS_1
100930	Invasive_Tumor
99420	Unlabeled
55728	IRF7_DCs
73730	Invasive_Tumor
57981	Invasive_Tumor
89466	Prolif_Invasive_Tumor
124351	DCIS_1
29810	CD8_T_Cells
11114	DCIS_2
37288	Invasive_Tumor
115024	Endothelial
41815	DCIS_1
78688	Stromal
85785	Invasive_Tumor
138825	Unlabeled
77223	CD4_T_Cells
54174	Invasive_Tumor
110795	Unlabeled
18794	Invasive_Tumor
128385	DCIS_2
26045	Invasive_Tumor
119811	Stromal
3960	Invasive_Tumor
65952	Invasive_Tumor
124021	Unlabeled
77080	B_Cells
122716	Macrophages_1
65575	CD8_T_Cells
162799	DCIS_2
152793	Stromal
7118	Invasive_Tumor
125669	Stromal
126101	Stromal
75866	Stromal
32343	Stromal
7278	Invasive_Tumor
138215	Macrophages_2
154270	Stromal
23823	B_Cells
129396	Stromal
155575	Myoepi_KRT15
40009	Stromal
4336	Invasive_Tumor
54063	Invasive_Tumor
46338	DCIS_1
32627	Invasive_Tumor
73238	Stromal
32043	Invasive_Tumor
104393	Stromal
46161	DCIS_2
18119	B_Cells
48982	Invasive_Tumor
71772	Invasive_Tumor
71070	Invasive_Tumor
131399	Myoepi_ACTA2
23859	Myoepi_ACTA2
125801	DCIS_1
4145	Endothelial
24626	Endothelial
116017	DCIS_1
47080	Invasive_Tumor
86255	Invasive_Tumor
53586	Prolif_Invasive_Tumor
105092	DCIS_1
10875	Macrophages_1
106771	Macrophages_1
120375	Stromal
149670	CD4_T_Cells
139947	Endothelial
160348	DCIS_2
86638	Invasive_Tumor
51695	Macrophages_1
89678	Prolif_Invasive_Tumor
164683	Stromal
78426	Macrophages_1
140215	Endothelial
29619	Invasive_Tumor
28510	CD4_T_Cells
16248	Myoepi_ACTA2
147670	Myoepi_KRT15
114	DCIS_1
120613	DCIS_1
39790	CD8_T_Cells
141201	Macrophages_1
43446	Macrophages_1
134588	CD8_T_Cells
107606	Stromal
125884	DCIS_1
814	Invasive_Tumor
6246	B_Cells
55576	CD4_T_Cells
149989	Myoepi_KRT15
63454	Invasive_Tumor
141136	DCIS_2
86768	Invasive_Tumor
3443	CD8_T_Cells
81980	Macrophages_1
149089	Endothelial
16504	Invasive_Tumor
86531	Endothelial
38996	Endothelial
56167	Stromal
125929	DCIS_2
140955	Stromal
43578	Invasive_Tumor
88729	Invasive_Tumor
105567	Stromal
9949	Stromal
145844	DCIS_2
136766	Stromal
39504	Myoepi_ACTA2
57386	Macrophages_1
23842	Myoepi_ACTA2
140104	Stromal
143057	Unlabeled
166625	CD4_T_Cells
150803	Stromal
5176	Endothelial
154187	Myoepi_KRT15
8190	Stromal
4069	Invasive_Tumor
74821	Endothelial
155702	Endothelial
30117	Stromal
86519	Macrophages_1
10796	CD4_T_Cells
89508	Stromal
56078	Stromal
82827	Stromal
131244	DCIS_2
10390	Stromal
103750	Stromal
16394	Mast_Cells
119607	DCIS_1
113755	Stromal
106801	Myoepi_ACTA2
91850	Macrophages_1
119807	Endothelial
121110	Unlabeled
43278	Endothelial
131535	Endothelial
109662	Unlabeled
39627	B_Cells
78827	IRF7_DCs
145453	Myoepi_KRT15
156701	DCIS_2
163802	Stromal
103053	Invasive_Tumor
144272	DCIS_2
33746	Invasive_Tumor
153654	B_Cells
151074	Stromal
144038	Stromal
35212	Invasive_Tumor
112446	CD4_T_Cells
55835	Unlabeled
164196	Stromal
88800	Invasive_Tumor
101669	Invasive_Tumor
96187	Stromal
121234	CD4_T_Cells
65601	Stromal
100612	Invasive_Tumor
28687	Stromal
98928	Stromal
14520	DCIS_1
148288	DCIS_2
104544	Stromal
144125	DCIS_2
123606	Stromal
19101	Invasive_Tumor
60369	Endothelial
49140	Invasive_Tumor
165895	Myoepi_KRT15
1849	Stromal
37256	Invasive_Tumor
135305	Stromal
81907	B_Cells
86740	CD4_T_Cells
123728	Myoepi_KRT15
105686	DCIS_1
114563	CD4_T_Cells
98282	Stromal
127083	DCIS_1
56914	Invasive_Tumor
43775	Invasive_Tumor
2019	Invasive_Tumor
47361	Stromal
158063	Myoepi_KRT15
126869	B_Cells
81993	Stromal
88346	Invasive_Tumor
131603	B_Cells
36326	Stromal
162357	Macrophages_2
33632	Invasive_Tumor
41339	Macrophages_1
61390	Invasive_Tumor
66498	Macrophages_1
112053	Unlabeled
162157	DCIS_2
42118	DCIS_1
134392	Myoepi_ACTA2
14576	DCIS_1
137491	DCIS_1
46545	Unlabeled
127670	Stromal
58081	Prolif_Invasive_Tumor
4538	Prolif_Invasive_Tumor
13739	DCIS_1
10505	Macrophages_1
42824	DCIS_1
133309	Macrophages_1
79479	DCIS_1
83130	Stromal
81065	Stromal
60318	Invasive_Tumor
112711	CD4_T_Cells
134899	Stromal
8498	Stromal
3551	Invasive_Tumor
10792	Stromal
165485	DCIS_1
98943	Stromal
124928	CD8_T_Cells
42523	B_Cells
61922	CD8_T_Cells
57909	Prolif_Invasive_Tumor
128373	DCIS_2
117112	Myoepi_ACTA2
155880	Unlabeled
45256	Myoepi_ACTA2
122266	DCIS_1
68122	Invasive_Tumor
29976	Stromal
67835	Unlabeled
69338	Macrophages_1
59360	Stromal
69363	CD4_T_Cells
91929	Endothelial
153189	Unlabeled
101252	Invasive_Tumor
72293	Invasive_Tumor
128284	Myoepi_ACTA2
127385	Endothelial
105111	Myoepi_ACTA2
122087	CD8_T_Cells
73661	Invasive_Tumor
74806	Invasive_Tumor
66357	Unlabeled
25487	Macrophages_1
84184	Stromal
40347	Stromal
19204	Invasive_Tumor
80489	CD4_T_Cells
60618	Invasive_Tumor
25954	Endothelial
15838	DCIS_1
33926	Invasive_Tumor
100798	Prolif_Invasive_Tumor
66090	CD4_T_Cells
147512	DCIS_2
50642	Invasive_Tumor
142283	Myoepi_KRT15
119125	DCIS_2
155153	DCIS_2
166857	Stromal
45005	Invasive_Tumor
128439	Macrophages_1
129035	Stromal
139905	Stromal
25789	CD4_T_Cells
148717	CD8_T_Cells
4400	Endothelial
33397	Stromal
160678	Endothelial
55931	Stromal
126794	Stromal
167545	DCIS_2
165901	DCIS_2
26454	Stromal
154384	Stromal
121068	Unlabeled
111641	Myoepi_KRT15
15654	Endothelial
138608	Stromal
31149	Macrophages_1
162105	Endothelial
41390	B_Cells
113834	Stromal
133549	Unlabeled
136229	Stromal
141978	DCIS_2
70316	Prolif_Invasive_Tumor
74009	B_Cells
123783	Unlabeled
110242	Macrophages_1
109287	DCIS_1
125326	DCIS_1
161458	B_Cells
8034	Macrophages_1
166080	DCIS_2
87352	Invasive_Tumor
15193	Invasive_Tumor
35944	Invasive_Tumor
92556	Endothelial
43915	B_Cells
131876	Endothelial
146083	DCIS_2
62300	Invasive_Tumor
14857	DCIS_1
64046	Invasive_Tumor
142990	Myoepi_ACTA2
128941	DCIS_2
113474	Stromal
52411	Invasive_Tumor
18625	Invasive_Tumor
161306	Myoepi_KRT15
8181	Mast_Cells
72328	Unlabeled
36306	CD4_T_Cells
32764	Endothelial
114449	Stromal
78689	Stromal
115923	Unlabeled
36584	CD4_T_Cells
144653	Stromal
153248	Stromal
150254	Stromal
148312	Endothelial
83196	Stromal
72525	Perivascular_Like
56980	Invasive_Tumor
60414	Stromal
100686	Macrophages_1
31497	Unlabeled
77676	Stromal
153706	Myoepi_KRT15
163457	Stromal
57141	Invasive_Tumor
17945	Macrophages_1
113257	Unlabeled
71847	Invasive_Tumor
39244	Unlabeled
110942	Unlabeled
53825	CD4_T_Cells
9482	CD4_T_Cells
148505	Myoepi_KRT15
25174	Stromal
129	DCIS_1
35728	Invasive_Tumor
137148	Macrophages_1
24761	Invasive_Tumor
120527	DCIS_1
42455	DCIS_1
138283	Stromal
18843	Invasive_Tumor
32302	CD8_T_Cells
2585	Invasive_Tumor
88244	Invasive_Tumor
21386	Invasive_Tumor
113277	Unlabeled
132919	Endothelial
30363	Stromal
107898	Stromal
71803	Stromal
85570	Stromal
11319	Stromal
24287	Invasive_Tumor
152620	CD4_T_Cells
59955	Invasive_Tumor
94825	Stromal
80899	CD8_T_Cells
108355	Stromal
43647	DCIS_1
94728	Myoepi_KRT15
80927	CD8_T_Cells
47130	Endothelial
146942	DCIS_2
82993	Stromal
82241	Stromal
61797	Stromal
101420	Invasive_Tumor
95227	Myoepi_KRT15
116763	Stromal
100001	Stromal
56857	CD8_T_Cells
163611	Unlabeled
109401	Macrophages_1
67065	Invasive_Tumor
150230	Macrophages_1
113916	Prolif_Invasive_Tumor
95635	Stromal
76534	Endothelial
108196	Stromal
83517	Stromal
118784	Stromal
965	DCIS_1
145185	DCIS_2
29475	Invasive_Tumor
144220	B_Cells
132259	DCIS_2
83549	Stromal
21808	B_Cells
5242	Invasive_Tumor
99683	Stromal
92201	CD4_T_Cells
11382	Stromal
129195	Myoepi_ACTA2
2772	CD4_T_Cells
157917	DCIS_2
64744	Invasive_Tumor
140393	Myoepi_KRT15
74739	Invasive_Tumor
145190	DCIS_2
20136	Unlabeled
143691	DCIS_2
48210	Endothelial
80254	CD4_T_Cells
6121	Stromal
58658	Invasive_Tumor
132201	DCIS_2
27608	Stromal
129297	DCIS_2
20552	DCIS_1
166598	Unlabeled
24416	Invasive_Tumor
152155	Stromal
37664	Macrophages_1
70418	Invasive_Tumor
137414	Macrophages_1
129870	Myoepi_ACTA2
67377	DCIS_1
4475	Prolif_Invasive_Tumor
127239	Endothelial
155169	Stromal
81420	Stromal
33560	Perivascular_Like
142579	DCIS_2
94061	Stromal
100962	Prolif_Invasive_Tumor
142451	Myoepi_ACTA2
92139	Endothelial
64392	Invasive_Tumor
62688	Invasive_Tumor
141354	Stromal
147859	DCIS_2
130138	DCIS_2
99954	Invasive_Tumor
126199	DCIS_1
98166	Stromal
2265	Invasive_Tumor
106279	B_Cells
148927	DCIS_2
81124	Stromal
11988	Stromal
13641	LAMP3_DCs
26505	CD4_T_Cells
55968	T_Cell_Tumor_Hybrid
111072	Unlabeled
139173	Endothelial
84528	Unlabeled
70350	Invasive_Tumor
112803	Myoepi_ACTA2
167039	Macrophages_1
28918	Myoepi_ACTA2
112794	DCIS_2
116630	Unlabeled
93043	Stromal
125429	DCIS_1
89555	Invasive_Tumor
15464	CD4_T_Cells
96769	Stromal
23788	Stromal
147248	DCIS_2
163583	Stromal
120772	Myoepi_ACTA2
78512	Stromal
125719	DCIS_1
11201	B_Cells
105675	Stromal
152247	Stromal
56729	Invasive_Tumor
36179	Stromal
134106	Stromal
141437	Myoepi_ACTA2
126762	DCIS_1
93817	Stromal
34477	Invasive_Tumor
5056	Invasive_Tumor
51623	Stromal
60809	Stromal
101903	Stromal
33214	Invasive_Tumor
47102	Unlabeled
98806	CD4_T_Cells
155784	Stromal
165993	DCIS_2
10067	Stromal
65063	Unlabeled
79568	Unlabeled
24720	Invasive_Tumor
133888	DCIS_2
63446	Invasive_Tumor
136863	CD4_T_Cells
166104	Myoepi_ACTA2
167481	DCIS_2
150919	Invasive_Tumor
153671	Endothelial
7729	Stromal
162653	DCIS_2
161053	Stromal
130212	Stromal
106645	Macrophages_1
64437	Prolif_Invasive_Tumor
142125	Macrophages_1
59334	Invasive_Tumor
24371	Invasive_Tumor
112568	Unlabeled
1531	Endothelial
56413	Invasive_Tumor
29299	Invasive_Tumor
111645	Myoepi_KRT15
34258	Unlabeled
166163	Stromal
145462	Myoepi_ACTA2
122585	Perivascular_Like
58005	Invasive_Tumor
94446	DCIS_1
91128	Endothelial
57954	Invasive_Tumor
2714	CD4_T_Cells
103573	Stromal
131761	Stromal
135399	Endothelial
70888	Invasive_Tumor
75774	Invasive_Tumor
89741	Invasive_Tumor
103239	Stromal
28442	Stromal
153650	Stromal
107414	Endothelial
78029	CD4_T_Cells
94253	CD4_T_Cells
132117	DCIS_2
34429	Invasive_Tumor
141643	DCIS_2
136770	DCIS_1
30765	Macrophages_1
98435	Stromal
23804	CD4_T_Cells
133459	Stromal
8263	B_Cells
72326	Endothelial
23275	Endothelial
127915	Stromal
139834	Stromal
44403	Invasive_Tumor
137759	Macrophages_1
109254	CD8_T_Cells
78978	CD4_T_Cells
148128	DCIS_2
24394	Invasive_Tumor
157982	Stromal
124872	DCIS_1
3088	Stromal
45131	DCIS_1
147545	DCIS_2
160685	Stromal
55686	Stromal
12493	CD4_T_Cells
65794	Stromal
59760	Invasive_Tumor
46184	Endothelial
108812	Stromal
136365	Myoepi_ACTA2
31232	Invasive_Tumor
7399	Stromal
144156	DCIS_2
85930	Unlabeled
127356	Endothelial
60506	Invasive_Tumor
120562	CD4_T_Cells
40083	Macrophages_1
13876	Macrophages_1
10341	Endothelial
53844	Invasive_Tumor
48428	Invasive_Tumor
136418	CD4_T_Cells
98969	Unlabeled
67653	B_Cells
124390	DCIS_1
123983	Stromal
5767	Invasive_Tumor
154102	DCIS_2
120674	Myoepi_ACTA2
16719	Invasive_Tumor
37394	CD8_T_Cells
98616	Endothelial
117669	Stromal
112409	CD4_T_Cells
109545	Macrophages_1
150732	Stromal
69148	CD4_T_Cells
101617	Invasive_Tumor
142015	Myoepi_KRT15
144563	DCIS_2
163155	Stromal
160786	Stromal
18170	Macrophages_1
1742	Invasive_Tumor
104016	B_Cells
63159	Endothelial
14480	DCIS_1
117282	Macrophages_1
73067	Prolif_Invasive_Tumor
130557	Macrophages_1
111730	Myoepi_ACTA2
104158	Myoepi_ACTA2
128267	Macrophages_1
100161	Invasive_Tumor
6456	Myoepi_ACTA2
12291	DCIS_2
67930	Invasive_Tumor
44894	Invasive_Tumor
115957	CD8_T_Cells
128694	DCIS_2
76984	Macrophages_1
86397	Macrophages_1
104437	Myoepi_ACTA2
102299	Stromal
122734	Stromal
506	Invasive_Tumor
27470	Stromal
124329	DCIS_1
35013	Invasive_Tumor
144358	DCIS_2
96592	Stromal
109059	Myoepi_ACTA2
6258	Macrophages_1
160173	Unlabeled
119484	Stromal
131111	Stromal
85646	Invasive_Tumor
64033	Invasive_Tumor
85888	Invasive_Tumor
59914	Invasive_Tumor
61505	Macrophages_1
21744	Invasive_Tumor
118663	Endothelial
34465	Invasive_Tumor
145074	DCIS_2
34772	Invasive_Tumor
162572	Macrophages_1
125403	DCIS_1
153608	DCIS_2
126738	DCIS_1
75859	Stromal
25856	CD4_T_Cells
127952	Macrophages_1
123104	CD4_T_Cells
79511	CD8_T_Cells
160694	Endothelial
22111	Myoepi_ACTA2
49786	Macrophages_1
140155	Stromal
102290	Stromal
152850	Stromal
153797	Stromal
77709	Stromal
150465	Stromal
41885	Macrophages_1
26354	Myoepi_ACTA2
165243	Macrophages_1
8749	Stromal
113417	CD8_T_Cells
33269	Invasive_Tumor
26698	DCIS_1
43006	Macrophages_1
137581	CD4_T_Cells
23798	Unlabeled
39882	Stromal
163200	Macrophages_1
87590	Invasive_Tumor
49188	Prolif_Invasive_Tumor
63548	Invasive_Tumor
141152	DCIS_2
56091	Stromal
66975	Invasive_Tumor
68058	Prolif_Invasive_Tumor
56701	Invasive_Tumor
11101	DCIS_2
61904	Macrophages_1
46760	Unlabeled
146793	Myoepi_KRT15
137020	Stromal
153750	DCIS_2
5513	Macrophages_1
91299	Stromal
1813	Invasive_Tumor
37029	Invasive_Tumor
119249	DCIS_1
149177	Stromal
111663	Unlabeled
106654	Macrophages_1
130968	B_Cells
146379	Stromal
122681	Endothelial
131797	Stromal
82324	Endothelial
23236	Stromal
27402	Stromal_T_Cell_Hybrid
97313	Stromal
86036	Invasive_Tumor
148970	Myoepi_KRT15
43215	CD4_T_Cells
100721	Invasive_Tumor
53638	Invasive_Tumor
117357	Stromal
80518	Stromal
37377	CD8_T_Cells
1587	Invasive_Tumor
55739	Invasive_Tumor
127322	Macrophages_2
146983	DCIS_2
50507	Macrophages_1
132959	Macrophages_1
62323	Invasive_Tumor
47190	DCIS_1
125412	DCIS_1
122303	DCIS_1
57006	Stromal
75791	Endothelial
151711	DCIS_2
158526	DCIS_2
85811	Invasive_Tumor
79862	Stromal
107771	DCIS_1
48028	Endothelial
41913	Myoepi_ACTA2
54846	Invasive_Tumor
144509	Myoepi_KRT15
74005	CD8_T_Cells
69509	Unlabeled
152598	DCIS_2
137767	Unlabeled
80689	Myoepi_ACTA2
99423	Macrophages_1
157633	DCIS_2
42684	Macrophages_1
34007	Prolif_Invasive_Tumor
107473	CD8_T_Cells
125777	DCIS_1
63856	Invasive_Tumor
93310	Myoepi_ACTA2
36907	Invasive_Tumor
67470	DCIS_1
19314	CD4_T_Cells
8421	Myoepi_ACTA2
111295	CD8_T_Cells
17556	Invasive_Tumor
110843	Unlabeled
41414	CD4_T_Cells
138195	Stromal
147013	DCIS_2
40035	Macrophages_1
68876	Invasive_Tumor
69682	Stromal
111704	Myoepi_ACTA2
107308	CD8_T_Cells
124432	Macrophages_1
89598	Invasive_Tumor
122502	CD8_T_Cells
96611	Stromal
116928	Stromal
1314	DCIS_1
14598	DCIS_1
155048	DCIS_2
6238	Unlabeled
131192	Macrophages_2
84921	Stromal
136405	CD4_T_Cells
101187	Invasive_Tumor
58682	Invasive_Tumor
153476	Stromal
145731	Stromal
18367	Invasive_Tumor
101019	Invasive_Tumor
158440	Myoepi_KRT15
103954	Macrophages_1
20236	Macrophages_1
85519	Macrophages_1
77389	Stromal
160616	Stromal
32423	Perivascular_Like
43204	CD4_T_Cells
7285	Invasive_Tumor
75983	Invasive_Tumor
97262	B_Cells
126760	Myoepi_ACTA2
83974	Stromal
82596	Stromal
90805	Invasive_Tumor
152375	DCIS_2
20073	DCIS_1
30000	CD8_T_Cells
155129	DCIS_2
95902	Stromal
41407	CD4_T_Cells
55048	Invasive_Tumor
35155	Stromal
161132	DCIS_2
30938	Unlabeled
63489	Invasive_Tumor
26187	Invasive_Tumor
18061	Macrophages_1
145587	Macrophages_1
88876	Prolif_Invasive_Tumor
44993	Invasive_Tumor
151302	DCIS_2
117812	Myoepi_ACTA2
91072	Macrophages_1
149497	CD4_T_Cells
40714	Stromal
50328	Invasive_Tumor
130139	DCIS_2
79441	DCIS_1
66839	Endothelial
91402	Unlabeled
35090	Stromal
67579	Myoepi_ACTA2
93655	Stromal
144732	DCIS_2
10666	Stromal
26392	DCIS_1
46935	Prolif_Invasive_Tumor
116761	Stromal
134497	Macrophages_1
48598	Invasive_Tumor
37148	Stromal
167148	Myoepi_KRT15
87256	Invasive_Tumor
138947	Unlabeled
35872	Prolif_Invasive_Tumor
9001	Stromal
68358	Unlabeled
121053	CD4_T_Cells
27102	Invasive_Tumor
62367	Invasive_Tumor
46123	Myoepi_KRT15
54165	Invasive_Tumor
14322	DCIS_1
15670	Invasive_Tumor
9062	Stromal
129030	DCIS_2
7525	Stromal
95707	Stromal
88783	Invasive_Tumor
69568	Invasive_Tumor
48754	CD8_T_Cells
32719	Invasive_Tumor
57503	Invasive_Tumor
131960	Stromal
142714	DCIS_2
40731	Stromal_T_Cell_Hybrid
71755	Invasive_Tumor
89034	Invasive_Tumor
45858	DCIS_1
37911	Macrophages_1
125081	DCIS_1
20904	DCIS_1
39012	Stromal
44164	Unlabeled
125831	DCIS_1
114342	Perivascular_Like
134690	Stromal
25028	Stromal
41030	Macrophages_1
54410	CD8_T_Cells
4879	Stromal
26984	CD4_T_Cells
4690	Invasive_Tumor
138345	Macrophages_1
73516	Invasive_Tumor
5394	Invasive_Tumor
136911	CD4_T_Cells
115188	Stromal
157067	DCIS_2
78845	Stromal
113731	Stromal
96506	Stromal
31470	Stromal
124537	Stromal
30670	CD8_T_Cells
99050	Stromal
38094	Stromal
19112	Macrophages_1
136330	B_Cells
37415	CD8_T_Cells
125231	Macrophages_1
99736	CD8_T_Cells
35481	Invasive_Tumor
104368	Unlabeled
33223	Macrophages_2
159464	Endothelial
86383	Invasive_Tumor
5206	Unlabeled
109487	CD8_T_Cells
153017	Stromal
102293	Stromal
147468	DCIS_2
35491	Invasive_Tumor
134667	DCIS_2
62589	Prolif_Invasive_Tumor
160476	DCIS_2
64390	Invasive_Tumor
136817	DCIS_1
140845	Stromal
166382	Stromal
85814	Invasive_Tumor
126822	DCIS_1
34050	Invasive_Tumor
69298	Invasive_Tumor
22768	CD8_T_Cells
160281	DCIS_2
75619	CD8_T_Cells
125747	DCIS_1
35684	Stromal
119485	Stromal
94270	CD4_T_Cells
30122	Invasive_Tumor
78654	Stromal
150363	Stromal
163328	Macrophages_1
67980	Invasive_Tumor
8114	Prolif_Invasive_Tumor
152795	Stromal
100219	Invasive_Tumor
167156	DCIS_2
76651	Myoepi_ACTA2
71131	Invasive_Tumor
32004	Stromal
72127	Invasive_Tumor
59592	Unlabeled
38783	Macrophages_1
95302	B_Cells
6323	Stromal
119628	Macrophages_1
107233	Stromal
24516	Prolif_Invasive_Tumor
106981	B_Cells
136941	CD4_T_Cells
74909	Invasive_Tumor
143603	Invasive_Tumor
14469	DCIS_1
43644	Stromal
30228	Macrophages_1
20396	DCIS_1
13217	DCIS_2
2965	Invasive_Tumor
96015	Stromal
33930	Invasive_Tumor
137682	Stromal
120682	Myoepi_ACTA2
161439	Stromal
103884	Myoepi_ACTA2
91948	Invasive_Tumor
97979	Stromal
61205	Stromal
1887	Invasive_Tumor
1385	Invasive_Tumor
135460	Macrophages_2
130978	Macrophages_1
4610	Invasive_Tumor
30867	Invasive_Tumor
108664	Stromal
16244	Macrophages_1
20764	Macrophages_1
67589	Invasive_Tumor
95538	Stromal
67974	Invasive_Tumor
6047	Perivascular_Like
90449	Invasive_Tumor
59330	Stromal
78065	Stromal
11915	DCIS_2
31588	Invasive_Tumor
33151	Invasive_Tumor
32009	Macrophages_1
59784	Invasive_Tumor
124616	DCIS_1
119287	DCIS_1
149666	B_Cells
21909	Endothelial
64508	Unlabeled
13211	DCIS_2
54792	Invasive_Tumor
117543	DCIS_1
62869	Stromal
58210	Invasive_Tumor
77487	Stromal
81608	CD4_T_Cells
12163	Macrophages_1
144503	Myoepi_ACTA2
60936	Endothelial
1442	Stromal
57827	Invasive_Tumor
151497	Stromal
129279	DCIS_2
37947	Stromal
109009	CD8_T_Cells
165607	Endothelial
145976	DCIS_2
113177	Unlabeled
17056	Invasive_Tumor
57186	Invasive_Tumor
160488	DCIS_2
3976	DCIS_1
11955	DCIS_2
65901	Prolif_Invasive_Tumor
32807	B_Cells
1203	Stromal
72873	Invasive_Tumor
147066	Stromal
11697	DCIS_2
24899	Invasive_Tumor
148837	CD4_T_Cells
17243	Macrophages_1
30390	Stromal
54372	CD4_T_Cells
74815	Invasive_Tumor
99147	Stromal
148287	DCIS_2
152275	Stromal
142536	Myoepi_KRT15
138695	Stromal
89434	Invasive_Tumor
114469	Stromal
29006	Macrophages_1
165521	Myoepi_KRT15
74527	Invasive_Tumor
23894	Stromal
38176	DCIS_1
83979	Stromal
88227	Invasive_Tumor
157104	Macrophages_1
48473	Prolif_Invasive_Tumor
155364	Macrophages_1
59866	Stromal
61212	Invasive_Tumor
77195	CD8_T_Cells
22985	Macrophages_1
35748	Stromal
109106	Stromal
33329	Prolif_Invasive_Tumor
11984	CD8_T_Cells
99873	Unlabeled
52763	Endothelial
144325	DCIS_2
59559	Stromal
13223	Stromal
102815	Endothelial
32656	Stromal_T_Cell_Hybrid
114808	IRF7_DCs
4780	Invasive_Tumor
20563	Unlabeled
2086	Myoepi_ACTA2
51734	Invasive_Tumor
96450	Macrophages_1
75855	Stromal
9799	DCIS_1
22283	Invasive_Tumor
47006	DCIS_1
153063	Stromal
76988	B_Cells
124720	Myoepi_ACTA2
106963	B_Cells
159555	Stromal
28660	CD4_T_Cells
46635	DCIS_1
36573	CD4_T_Cells
142253	DCIS_2
135973	Macrophages_1
165080	DCIS_2
120948	Macrophages_1
17750	Invasive_Tumor
118645	Stromal
110715	Macrophages_1
65255	Invasive_Tumor
127613	Stromal
49595	Invasive_Tumor
44197	Invasive_Tumor
28497	Myoepi_ACTA2
139898	Endothelial
24225	Invasive_Tumor
31469	Endothelial
144498	Macrophages_1
85669	Invasive_Tumor
4666	Stromal
90409	Invasive_Tumor
141077	DCIS_2
1431	Invasive_Tumor
126443	DCIS_1
157445	DCIS_2
7704	CD8_T_Cells
98099	Stromal
110591	DCIS_1
72381	Invasive_Tumor
3507	Unlabeled
83079	Stromal
165137	DCIS_2
94197	Macrophages_2
32486	Macrophages_2
45804	Invasive_Tumor
144470	Stromal
73114	Invasive_Tumor
68490	Invasive_Tumor
96824	Stromal
147515	Endothelial
28138	DCIS_1
5267	Prolif_Invasive_Tumor
67411	Endothelial
98925	Unlabeled
55753	Invasive_Tumor
133510	Macrophages_1
156269	DCIS_2
32579	Invasive_Tumor
137653	Stromal
31319	Stromal
93213	CD8_T_Cells
136480	Stromal
133119	B_Cells
129763	DCIS_2
32337	Invasive_Tumor
50105	Invasive_Tumor
109892	Macrophages_1
56808	Macrophages_1
84691	Invasive_Tumor
101907	Stromal
132880	CD4_T_Cells
99913	Prolif_Invasive_Tumor
163051	Myoepi_ACTA2
166926	DCIS_2
137427	CD8_T_Cells
6032	Stromal
31393	Invasive_Tumor
146821	DCIS_2
78336	Stromal
149263	Macrophages_1
32237	Endothelial
79372	Myoepi_ACTA2
12996	Macrophages_1
101964	CD4_T_Cells
9243	Myoepi_ACTA2
7960	Macrophages_1
115770	DCIS_1
45596	Invasive_Tumor
19733	Invasive_Tumor
134471	Macrophages_1
137870	Myoepi_ACTA2
43197	CD4_T_Cells
51709	Macrophages_1
129941	DCIS_2
18261	Macrophages_1
80340	Stromal
130518	Stromal
163004	Stromal
19008	Stromal
103129	Invasive_Tumor
2797	Endothelial
102080	Myoepi_KRT15
163970	Stromal
97666	Stromal
28176	Myoepi_ACTA2
12326	Macrophages_2
141839	DCIS_2
70101	Invasive_Tumor
17092	Endothelial
67057	Invasive_Tumor
61150	Invasive_Tumor
50737	Endothelial
146838	DCIS_2
158451	DCIS_2
79803	CD8_T_Cells
156282	Stromal
36568	CD4_T_Cells
164055	DCIS_2
146963	DCIS_2
128780	DCIS_2
82330	B_Cells
114079	Stromal
80257	Stromal
74939	Endothelial
25482	Invasive_Tumor
77464	Unlabeled
21468	CD8_T_Cells
154730	DCIS_2
107122	CD8_T_Cells
52420	Invasive_Tumor
156512	Perivascular_Like
43743	Unlabeled
57341	Invasive_Tumor
24680	Macrophages_1
62414	Stromal
27912	DCIS_1
78994	Stromal
36090	Invasive_Tumor
56788	Stromal
31845	B_Cells
39701	CD8_T_Cells
77688	Stromal
27337	Macrophages_1
28279	DCIS_1
145319	CD4_T_Cells
116836	Endothelial
70164	Endothelial
126222	Endothelial
150972	Stromal
16104	Myoepi_ACTA2
64671	Invasive_Tumor
63214	Invasive_Tumor
67897	Invasive_Tumor
119792	B_Cells
102372	Stromal
144243	Stromal
160182	Endothelial
20014	Endothelial
113640	Stromal
136042	DCIS_1
114043	Stromal
47013	DCIS_1
151492	Macrophages_1
166589	Endothelial
140039	Stromal
73306	Unlabeled
129706	Stromal_T_Cell_Hybrid
140895	Macrophages_1
122424	Stromal
163285	Stromal
10555	Myoepi_KRT15
144273	DCIS_2
101583	Invasive_Tumor
136784	DCIS_1
94652	Stromal
161925	Endothelial
74662	Invasive_Tumor
48195	Macrophages_1
162587	Myoepi_KRT15
111308	Macrophages_1
87857	Invasive_Tumor
135177	Stromal
38034	DCIS_1
68522	Unlabeled
163073	Stromal
63654	Invasive_Tumor
7824	Stromal
842	Macrophages_2
70402	Invasive_Tumor
117070	Stromal
16517	Invasive_Tumor
63753	Invasive_Tumor
54480	Invasive_Tumor
103165	Invasive_Tumor
69341	Invasive_Tumor
107907	Stromal
162833	Stromal
48167	Endothelial
2339	Unlabeled
104697	Stromal
62548	Invasive_Tumor
127921	Macrophages_1
95236	Myoepi_KRT15
134259	Macrophages_1
62318	Stromal
75634	B_Cells
99149	Unlabeled
63676	Stromal
31054	Macrophages_1
46388	DCIS_1
68220	Prolif_Invasive_Tumor
111404	B_Cells
58573	Invasive_Tumor
89142	Invasive_Tumor
66615	Unlabeled
33048	Invasive_Tumor
36622	Unlabeled
4605	Invasive_Tumor
67099	Invasive_Tumor
96373	Stromal
89128	Invasive_Tumor
132273	Myoepi_ACTA2
144202	B_Cells
10151	Myoepi_ACTA2
94474	Myoepi_ACTA2
33613	Invasive_Tumor
143176	Stromal
114811	Stromal
46511	Invasive_Tumor
103922	Myoepi_ACTA2
76282	Myoepi_ACTA2
106307	Stromal
83181	Stromal
73079	Invasive_Tumor
12616	CD4_T_Cells
74369	Stromal
96536	CD8_T_Cells
63026	Invasive_Tumor
139257	Stromal
109329	Stromal
43475	Stromal
68458	Invasive_Tumor
129737	Myoepi_ACTA2
135601	Endothelial
34351	Stromal
135540	Stromal
134640	Myoepi_ACTA2
142645	Myoepi_KRT15
69535	Prolif_Invasive_Tumor
103935	Myoepi_ACTA2
76365	Prolif_Invasive_Tumor
121939	CD4_T_Cells
805	Stromal
154344	Unlabeled
46368	Macrophages_1
154872	DCIS_2
78990	Stromal
105715	Stromal
92615	Invasive_Tumor
155344	CD8_T_Cells
54287	Invasive_Tumor
143532	DCIS_2
23293	DCIS_1
51446	Stromal
156589	Myoepi_KRT15
35788	Invasive_Tumor
87985	Invasive_Tumor
42405	Myoepi_ACTA2
90458	Invasive_Tumor
131123	Stromal
128019	Invasive_Tumor
92974	Stromal
115313	CD4_T_Cells
82102	CD8_T_Cells
26291	DCIS_1
50629	Invasive_Tumor
119153	DCIS_1
5568	Unlabeled
52003	Invasive_Tumor
30984	Invasive_Tumor
63685	Invasive_Tumor
89079	Invasive_Tumor
30687	Prolif_Invasive_Tumor
159196	DCIS_2
138404	Stromal
60729	Invasive_Tumor
35480	CD4_T_Cells
120183	Macrophages_2
56121	Stromal
98871	CD8_T_Cells
124528	Myoepi_ACTA2
97289	Macrophages_1
32958	Endothelial
157689	Myoepi_KRT15
97953	Macrophages_2
30862	Macrophages_1
80647	CD8_T_Cells
70901	Endothelial
128500	DCIS_2
29788	Macrophages_1
64059	Invasive_Tumor
99731	Unlabeled
98578	Stromal
33590	Invasive_Tumor
50699	CD8_T_Cells
150253	CD4_T_Cells
59434	Invasive_Tumor
14786	DCIS_1
134363	CD8_T_Cells
21244	Stromal
88718	Invasive_Tumor
121715	DCIS_1
124367	DCIS_1
122886	DCIS_1
117933	CD4_T_Cells
147203	Stromal
16068	Invasive_Tumor
125948	DCIS_1
70492	Prolif_Invasive_Tumor
133289	Endothelial
18479	Invasive_Tumor
117331	Stromal
91030	Stromal
66299	DCIS_2
134299	Stromal
167642	Endothelial
98696	Endothelial
127862	Endothelial
56469	Invasive_Tumor
149452	CD4_T_Cells
46172	DCIS_1
20352	Invasive_Tumor
24163	Invasive_Tumor
98779	Unlabeled
35699	Invasive_Tumor
26412	Invasive_Tumor
28106	Endothelial
52531	Invasive_Tumor
74080	Stromal
9986	Stromal
161360	DCIS_2
133699	B_Cells
29992	Stromal
158017	Macrophages_1
89491	Invasive_Tumor
127959	DCIS_1
49293	Invasive_Tumor
88432	Invasive_Tumor
14044	DCIS_1
141129	DCIS_2
6577	IRF7_DCs
79131	DCIS_1
116355	B_Cells
124456	Myoepi_ACTA2
72225	Invasive_Tumor
113634	Stromal
118595	Stromal
89708	Invasive_Tumor
161152	Stromal
47946	Macrophages_1
93046	Stromal
131049	Myoepi_KRT15
126624	Stromal
52077	Invasive_Tumor
13981	Stromal
61836	Invasive_Tumor
81906	CD4_T_Cells
19904	DCIS_1
149098	Endothelial
122997	DCIS_1
50657	Endothelial
148002	Macrophages_1
3996	Invasive_Tumor
60203	Invasive_Tumor
66522	Stromal
165157	T_Cell_Tumor_Hybrid
76989	Mast_Cells
85849	Invasive_Tumor
162711	Myoepi_KRT15
133256	DCIS_2
111980	B_Cells
16893	Endothelial
18580	CD8_T_Cells
38368	Endothelial
162663	DCIS_2
123952	Unlabeled
58533	Invasive_Tumor
101297	Invasive_Tumor
327	Endothelial
57902	Prolif_Invasive_Tumor
107161	Stromal
71724	Endothelial
76730	IRF7_DCs
549	Invasive_Tumor
57864	Invasive_Tumor
128481	Myoepi_KRT15
118908	Endothelial
108063	Macrophages_2
25561	Invasive_Tumor
58472	Endothelial
23494	DCIS_1
81351	B_Cells
91228	Unlabeled
123688	DCIS_1
114711	Stromal
13657	Stromal
130112	Stromal
142369	Stromal
154380	CD4_T_Cells
90309	Macrophages_1
45746	CD8_T_Cells
45414	Invasive_Tumor
56515	LAMP3_DCs
34698	Endothelial
110397	CD4_T_Cells
138896	Stromal
100904	Invasive_Tumor
155495	DCIS_2
70057	Invasive_Tumor
44995	Invasive_Tumor
70370	Invasive_Tumor
12173	Unlabeled
127859	Endothelial
30521	Invasive_Tumor
50634	Invasive_Tumor
136633	CD8_T_Cells
38113	Stromal
20973	Macrophages_1
148201	Stromal
98398	Stromal
146968	Myoepi_KRT15
147679	Myoepi_KRT15
49066	Invasive_Tumor
163192	Stromal
81355	B_Cells
129082	DCIS_2
73567	Stromal
37588	B_Cells
66807	Invasive_Tumor
135493	Stromal
31919	Prolif_Invasive_Tumor
157068	DCIS_2
145582	IRF7_DCs
152001	Perivascular_Like
106788	Myoepi_ACTA2
105996	Stromal
36173	Stromal
36715	Stromal
125293	Stromal
139055	Stromal
53501	Invasive_Tumor
111945	CD8_T_Cells
63549	Invasive_Tumor
162449	Stromal
141686	DCIS_2
74283	Stromal
35963	Stromal_T_Cell_Hybrid
52967	Invasive_Tumor
72172	Endothelial
120369	Myoepi_ACTA2
125316	DCIS_1
155452	DCIS_2
13542	Myoepi_ACTA2
143241	Myoepi_KRT15
37323	Invasive_Tumor
37365	IRF7_DCs
149905	CD8_T_Cells
153426	DCIS_2
125035	DCIS_1
163317	Endothelial
88838	Invasive_Tumor
120049	Stromal
31092	Stromal
62068	Invasive_Tumor
119114	DCIS_1
17955	Invasive_Tumor
50174	Invasive_Tumor
129904	DCIS_2
99554	Invasive_Tumor
54594	Perivascular_Like
148391	DCIS_2
25542	Invasive_Tumor
103522	Stromal
131015	CD8_T_Cells
33298	Endothelial
105146	Stromal
23356	Stromal
71504	Invasive_Tumor
144731	DCIS_2
160520	DCIS_2
67522	DCIS_1
52354	CD8_T_Cells
55136	Invasive_Tumor
16430	Invasive_Tumor
95242	Stromal
56205	Prolif_Invasive_Tumor
96964	CD8_T_Cells
42711	Endothelial
11105	DCIS_2
24206	Invasive_Tumor
27244	Unlabeled
84871	Invasive_Tumor
25384	Invasive_Tumor
147196	CD8_T_Cells
72088	Invasive_Tumor
107758	Unlabeled
84493	Invasive_Tumor
162414	Stromal
98380	Stromal
122220	Stromal
85557	Invasive_Tumor
5580	Unlabeled
89019	Invasive_Tumor
126731	Myoepi_ACTA2
143680	DCIS_2
57271	Macrophages_1
137467	B_Cells
81399	Stromal
30630	Stromal
96859	Stromal
24538	Invasive_Tumor
118744	Stromal
79386	Myoepi_ACTA2
63069	Invasive_Tumor
58996	Invasive_Tumor
3788	Stromal
10937	DCIS_1
17254	Macrophages_1
64983	Invasive_Tumor
115125	Stromal
113040	DCIS_1
3077	CD8_T_Cells
23588	Endothelial
154367	CD4_T_Cells
117757	Macrophages_1
22365	Stromal
148426	Endothelial
103208	Invasive_Tumor
17149	Endothelial
35809	Invasive_Tumor
20625	Unlabeled
98055	Macrophages_2
90852	Stromal
26589	Stromal
158633	Stromal
59985	Invasive_Tumor
47582	Invasive_Tumor
52066	Invasive_Tumor
85074	Endothelial
24419	Invasive_Tumor
89567	Endothelial
61428	Invasive_Tumor
90150	Macrophages_1
47766	Endothelial
166457	Endothelial
147398	Stromal
27412	Stromal
57036	Invasive_Tumor
109847	Unlabeled
302	Endothelial
128235	Stromal
91506	Stromal
127690	CD8_T_Cells
128726	Endothelial
48584	Invasive_Tumor
155272	Stromal
3065	Endothelial
123411	Unlabeled
16836	DCIS_1
150832	Stromal
97025	CD4_T_Cells
116235	DCIS_1
107885	Stromal
117625	Myoepi_ACTA2
61229	Prolif_Invasive_Tumor
48817	Prolif_Invasive_Tumor
3805	Stromal
165410	B_Cells
160735	DCIS_2
21359	Macrophages_1
53677	Invasive_Tumor
31388	Invasive_Tumor
43367	Macrophages_1
28307	Endothelial
138615	DCIS_2
150499	Endothelial
127418	Stromal
29752	Invasive_Tumor
108128	Stromal
81447	Stromal
46356	Invasive_Tumor
129569	Stromal
26893	Macrophages_1
166713	Myoepi_ACTA2
80820	Myoepi_ACTA2
123157	Unlabeled
68184	Invasive_Tumor
118291	Stromal
24679	Stromal
39153	CD4_T_Cells
95398	Stromal
104378	Stromal
88301	Invasive_Tumor
100900	Invasive_Tumor
116709	Stromal
78635	Stromal_T_Cell_Hybrid
112597	Macrophages_1
156518	Endothelial
127538	Stromal
30163	Invasive_Tumor
37419	Endothelial
7048	Endothelial
65850	Unlabeled
125902	DCIS_1
51261	Stromal
98202	Stromal
114455	CD4_T_Cells
89274	Invasive_Tumor
148647	Myoepi_ACTA2
10809	CD4_T_Cells
160428	DCIS_1
138056	CD4_T_Cells
151221	CD8_T_Cells
138531	CD4_T_Cells
127458	Stromal
119188	Stromal
100723	Invasive_Tumor
133912	DCIS_2
47234	Invasive_Tumor
128467	Macrophages_1
7447	Stromal
60322	Endothelial
112625	Endothelial
121984	DCIS_1
36847	Stromal
24673	Stromal
131869	Macrophages_1
3232	Stromal
128859	Endothelial
92377	Stromal
22135	Endothelial
91571	Stromal
64150	Stromal
127318	Stromal
42415	Stromal
1227	Invasive_Tumor
51289	Prolif_Invasive_Tumor
155001	Stromal
100133	Invasive_Tumor
154890	DCIS_2
82271	Stromal
147800	Endothelial
147613	Stromal
105194	Stromal
35073	Invasive_Tumor
136254	Macrophages_1
10076	Stromal
24662	Unlabeled
26370	Stromal
163776	B_Cells
36579	CD4_T_Cells
150511	Stromal
18822	Invasive_Tumor
10773	CD8_T_Cells
120310	DCIS_1
83863	Invasive_Tumor
107926	Stromal
47310	Invasive_Tumor
52894	Invasive_Tumor
114240	Stromal
113312	Unlabeled
35673	Invasive_Tumor
77704	Unlabeled
87665	Invasive_Tumor
38484	Stromal
26237	Stromal
14343	DCIS_1
137443	LAMP3_DCs
98073	Stromal
15978	DCIS_1
129984	IRF7_DCs
134324	Macrophages_1
61616	CD4_T_Cells
52554	Prolif_Invasive_Tumor
2801	Endothelial
23456	Myoepi_ACTA2
151250	DCIS_1
71275	Invasive_Tumor
70432	Endothelial
117809	Myoepi_ACTA2
128173	Stromal
79289	DCIS_1
74313	Invasive_Tumor
76511	Unlabeled
34625	Macrophages_1
13203	Macrophages_1
107688	Stromal
125793	DCIS_1
110343	CD4_T_Cells
49958	Endothelial
160994	DCIS_2
92572	Stromal
110411	CD4_T_Cells
114745	Stromal
45036	Invasive_Tumor
33732	Stromal
111390	Endothelial
3117	CD4_T_Cells
50189	Stromal
3315	Macrophages_1
137601	CD8_T_Cells
54718	Invasive_Tumor
106216	Myoepi_ACTA2
75253	Stromal
20469	Unlabeled
160441	DCIS_2
130891	Stromal
145600	CD4_T_Cells
164163	DCIS_2
37962	CD4_T_Cells
52178	Invasive_Tumor
98749	Stromal
135669	Stromal
73755	Stromal
120337	Stromal
59691	Invasive_Tumor
18499	Prolif_Invasive_Tumor
97845	Stromal
167612	Endothelial
159145	Unlabeled
13868	Endothelial
145986	DCIS_2
15296	DCIS_1
82385	Stromal
11899	Unlabeled
100424	Invasive_Tumor
52299	Endothelial
94470	Myoepi_ACTA2
125920	Unlabeled
112336	Unlabeled
50524	Invasive_Tumor
136021	DCIS_1
36859	Endothelial
100744	Invasive_Tumor
96209	Stromal
65607	Invasive_Tumor
164020	DCIS_2
84684	Invasive_Tumor
150489	Stromal
105331	Macrophages_1
132638	Macrophages_1
80133	Stromal
7256	Invasive_Tumor
37919	Stromal
145591	B_Cells
44791	Macrophages_1
117658	Stromal
125235	Unlabeled
47805	Prolif_Invasive_Tumor
143586	DCIS_2
114695	Stromal
36809	Endothelial
33637	Invasive_Tumor
164116	Perivascular_Like
149661	CD4_T_Cells
108898	IRF7_DCs
113677	Stromal
30294	Stromal
14369	Invasive_Tumor
45045	Invasive_Tumor
25801	CD4_T_Cells
145948	DCIS_2
127991	DCIS_2
151115	CD4_T_Cells
77437	Stromal
105289	Stromal
107626	Stromal
54635	Invasive_Tumor
28803	CD8_T_Cells
49537	Unlabeled
134505	Stromal_T_Cell_Hybrid
19838	Endothelial
96017	Stromal
84445	Invasive_Tumor
69328	Invasive_Tumor
73629	Stromal
63050	Prolif_Invasive_Tumor
157027	CD4_T_Cells
96166	Stromal
144044	Stromal
69344	Invasive_Tumor
124365	DCIS_1
164185	DCIS_2
155291	Macrophages_1
110440	Myoepi_ACTA2
57072	T_Cell_Tumor_Hybrid
52112	Stromal
102924	B_Cells
59804	Stromal
509	Invasive_Tumor
83146	Stromal
138813	Stromal
39577	Stromal
18813	Stromal
124200	Stromal
81947	Macrophages_1
12146	DCIS_2
29388	Macrophages_1
144916	DCIS_2
60882	Prolif_Invasive_Tumor
52439	T_Cell_Tumor_Hybrid
116041	DCIS_1
92913	CD8_T_Cells
164896	DCIS_2
137793	CD4_T_Cells
4034	Invasive_Tumor
92524	Macrophages_1
144510	Stromal
81369	Unlabeled
79280	DCIS_1
1076	Macrophages_2
90768	Invasive_Tumor
91618	CD8_T_Cells
98026	Stromal
129958	Myoepi_ACTA2
63820	Stromal
153395	DCIS_2
76392	Stromal
129948	DCIS_2
44539	Endothelial
145437	Macrophages_1
33943	Invasive_Tumor
53415	Invasive_Tumor
76073	T_Cell_Tumor_Hybrid
103320	Invasive_Tumor
137282	B_Cells
49743	Prolif_Invasive_Tumor
84640	Invasive_Tumor
72269	Invasive_Tumor
66794	Macrophages_1
10463	Myoepi_KRT15
103180	Invasive_Tumor
115564	CD4_T_Cells
23711	CD4_T_Cells
117822	Myoepi_ACTA2
50437	Invasive_Tumor
55744	Invasive_Tumor
70086	Invasive_Tumor
24340	Invasive_Tumor
39859	CD8_T_Cells
147724	DCIS_2
103139	Invasive_Tumor
86685	Stromal
82076	CD8_T_Cells
151265	DCIS_2
128174	Stromal
136701	CD8_T_Cells
2847	Macrophages_1
137183	CD4_T_Cells
12639	CD8_T_Cells
48066	Invasive_Tumor
84917	Invasive_Tumor
48568	Invasive_Tumor
154020	Macrophages_1
49615	Invasive_Tumor
155691	Endothelial
70242	Invasive_Tumor
98390	Stromal
69100	Prolif_Invasive_Tumor
157116	DCIS_2
80488	CD8_T_Cells
123808	CD4_T_Cells
93512	Stromal
101608	Prolif_Invasive_Tumor
147590	Macrophages_1
22765	Macrophages_1
37580	CD8_T_Cells
40146	DCIS_1
82739	B_Cells
126558	Stromal
110577	DCIS_1
72618	Endothelial
73547	Invasive_Tumor
123381	CD4_T_Cells
56465	Invasive_Tumor
32887	Stromal
29688	Stromal
149094	Endothelial
28042	Myoepi_ACTA2
166340	Endothelial
153319	Stromal
98089	Stromal
77825	DCIS_1
131493	Macrophages_1
9036	Stromal
110744	CD4_T_Cells
158892	DCIS_1
45396	Macrophages_1
128368	Myoepi_ACTA2
149171	Stromal
31866	CD4_T_Cells
96070	Stromal
89247	Invasive_Tumor
27846	Stromal
104878	Stromal
119693	Stromal
82999	Stromal
111326	Macrophages_1
120614	DCIS_1
130766	Stromal
23780	Stromal
70130	Invasive_Tumor
187	Macrophages_1
41252	CD4_T_Cells
18107	B_Cells
108380	Stromal
163052	Stromal
76903	Stromal
128749	Unlabeled
36403	B_Cells
40202	CD8_T_Cells
71011	CD4_T_Cells
138545	CD8_T_Cells
42634	Stromal
142583	DCIS_2
136005	Macrophages_1
66147	Endothelial
107731	Stromal
152677	DCIS_2
23038	Myoepi_ACTA2
1026	Perivascular_Like
19186	Endothelial
99066	Stromal_T_Cell_Hybrid
6730	Endothelial
125254	Unlabeled
63374	Stromal
13375	Macrophages_1
164568	Stromal
90314	Stromal
5077	Invasive_Tumor
104298	DCIS_1
24951	Invasive_Tumor
98962	Stromal
91426	Perivascular_Like
27751	Unlabeled
89172	Invasive_Tumor
132309	Stromal
68093	Invasive_Tumor
151164	Stromal
26865	CD4_T_Cells
126921	Endothelial
105415	Stromal
54811	Invasive_Tumor
92427	Stromal
45614	Macrophages_1
45710	DCIS_1
54822	Macrophages_1
96898	Stromal
12495	CD4_T_Cells
78434	Stromal
80192	DCIS_1
79107	Stromal
81610	CD8_T_Cells
130023	CD8_T_Cells
136636	LAMP3_DCs
147918	Stromal
153642	Stromal
139531	B_Cells
109739	Stromal
157410	DCIS_2
93439	Stromal
96716	CD4_T_Cells
108311	Stromal
140199	CD4_T_Cells
107401	Stromal
35546	Invasive_Tumor
61649	Invasive_Tumor
142871	DCIS_2
83337	Perivascular_Like
19728	Invasive_Tumor
8602	DCIS_1
14152	DCIS_2
97907	Stromal
92947	Stromal
134952	Stromal
57355	Endothelial
51550	Stromal
3621	Stromal
72093	Invasive_Tumor
141824	DCIS_2
161782	CD8_T_Cells
20808	Unlabeled
155714	Stromal
109245	B_Cells
50467	CD8_T_Cells
19950	Stromal
25008	Invasive_Tumor
101150	Invasive_Tumor
164199	Stromal
37391	Unlabeled
109696	DCIS_1
106666	CD8_T_Cells
129282	DCIS_2
40284	Macrophages_1
96685	Stromal
73764	Endothelial
21	DCIS_1
48519	Macrophages_1
31959	Invasive_Tumor
96305	Stromal
104285	Endothelial
45297	Invasive_Tumor
97902	Stromal
30753	Invasive_Tumor
101328	Invasive_Tumor
199	DCIS_1
150392	Stromal
122861	CD8_T_Cells
128587	DCIS_2
30571	Invasive_Tumor
124664	Stromal
76859	B_Cells
98834	Unlabeled
113387	Unlabeled
98450	Stromal
55641	CD8_T_Cells
111587	DCIS_1
152149	Stromal
148333	B_Cells
55341	Invasive_Tumor
56884	Endothelial
50755	Endothelial
88617	T_Cell_Tumor_Hybrid
122293	DCIS_1
153716	DCIS_2
164545	Stromal
158092	DCIS_2
62467	Invasive_Tumor
132837	Stromal
27357	CD4_T_Cells
152608	B_Cells
109057	DCIS_1
78213	B_Cells
132299	Stromal
97777	Stromal
99211	Stromal
73116	Invasive_Tumor
87147	Invasive_Tumor
74926	Stromal
161749	Stromal
162715	DCIS_2
120192	Macrophages_1
142204	DCIS_2
36038	CD4_T_Cells
98867	Stromal
118968	DCIS_1
53389	Macrophages_1
30511	Prolif_Invasive_Tumor
78745	Stromal
40068	CD8_T_Cells
119330	DCIS_1
61005	CD8_T_Cells
163815	Stromal
157753	DCIS_2
32146	Invasive_Tumor
39572	CD8_T_Cells
163703	Stromal
164365	Myoepi_KRT15
122304	Macrophages_1
146790	Myoepi_KRT15
150912	Invasive_Tumor
28417	DCIS_1
20121	DCIS_1
89488	Prolif_Invasive_Tumor
15586	Invasive_Tumor
69802	Invasive_Tumor
138186	Perivascular_Like
36533	CD8_T_Cells
30455	Stromal
74589	Invasive_Tumor
127771	Stromal
146819	Macrophages_1
24551	Invasive_Tumor
160133	Stromal
165277	DCIS_2
55398	Macrophages_1
129967	DCIS_2
31663	CD4_T_Cells
69914	Invasive_Tumor
100635	Invasive_Tumor
74121	Stromal
45199	DCIS_1
146707	DCIS_2
97569	Endothelial
54701	Invasive_Tumor
155837	CD8_T_Cells
95592	Stromal
131711	Stromal
61102	Invasive_Tumor
84793	Invasive_Tumor
10741	CD8_T_Cells
24853	Prolif_Invasive_Tumor
102123	CD8_T_Cells
121723	Unlabeled
69492	Unlabeled
61188	Invasive_Tumor
72246	Invasive_Tumor
84799	Invasive_Tumor
42247	Stromal
96389	Stromal
147126	DCIS_2
166563	Macrophages_2
3615	Invasive_Tumor
146395	Stromal
13942	DCIS_2
167362	Stromal
70459	Prolif_Invasive_Tumor
135377	Endothelial
8737	Stromal
125341	DCIS_1
36094	Macrophages_1
3732	Macrophages_1
69270	Unlabeled
105454	Stromal
161898	DCIS_2
98676	Invasive_Tumor
110287	CD4_T_Cells
142564	DCIS_2
136453	B_Cells
150030	Endothelial
70267	Invasive_Tumor
18903	Invasive_Tumor
83158	Stromal
146991	DCIS_2
111990	B_Cells
10037	Stromal
28067	CD8_T_Cells
166237	Stromal
74076	Stromal
84149	Stromal
3919	Invasive_Tumor
135767	Stromal
81159	Macrophages_2
89575	Stromal
1091	Stromal
53871	Macrophages_1
131660	Unlabeled
3369	Unlabeled
154301	Stromal
112412	Macrophages_1
133071	Stromal
81902	Stromal
7413	Perivascular_Like
105244	Stromal
19969	Myoepi_ACTA2
81750	Stromal
41975	Myoepi_ACTA2
145254	DCIS_2
147138	DCIS_2
126037	DCIS_1
33014	Invasive_Tumor
21238	CD4_T_Cells
109152	Stromal
133277	Endothelial
166873	Myoepi_ACTA2
53154	Invasive_Tumor
66861	Invasive_Tumor
149343	Macrophages_1
87615	Stromal
165962	DCIS_2
30046	CD8_T_Cells
116703	Stromal
165534	Myoepi_ACTA2
20069	DCIS_1
15527	DCIS_1
47206	Invasive_Tumor
160402	DCIS_2
97506	B_Cells
68887	Invasive_Tumor
32674	Endothelial
6833	Invasive_Tumor
109402	CD8_T_Cells
115895	CD8_T_Cells
118956	Stromal
79674	Stromal
27426	Endothelial
16522	Invasive_Tumor
2637	B_Cells
40050	Unlabeled
147833	Macrophages_1
101653	Stromal
93648	Stromal
35985	B_Cells
46988	Unlabeled
98346	Stromal
167102	DCIS_2
1009	Prolif_Invasive_Tumor
98530	B_Cells
99316	Invasive_Tumor
59343	Invasive_Tumor
30878	Invasive_Tumor
5116	Invasive_Tumor
2272	Unlabeled
54148	Invasive_Tumor
100240	Macrophages_1
126327	DCIS_1
51835	Invasive_Tumor
21838	Endothelial
160314	Myoepi_ACTA2
142669	DCIS_2
165717	Macrophages_1
86633	Invasive_Tumor
162662	DCIS_2
79155	Stromal
2464	Stromal
113511	Stromal
78033	CD4_T_Cells
111776	DCIS_1
161988	Stromal
156788	Myoepi_ACTA2
24954	Invasive_Tumor
98780	Macrophages_1
124619	Invasive_Tumor
104890	DCIS_1
48615	Macrophages_1
106201	Macrophages_1
93098	Stromal
152775	Unlabeled
89373	Invasive_Tumor
63416	Invasive_Tumor
62340	Invasive_Tumor
94187	Stromal
38972	Perivascular_Like
69685	Invasive_Tumor
150333	Stromal
56860	CD4_T_Cells
144360	DCIS_2
20763	DCIS_1
157402	DCIS_1
45536	DCIS_1
86052	Invasive_Tumor
40337	CD4_T_Cells
50538	CD8_T_Cells
64800	Invasive_Tumor
76794	Endothelial
48119	Invasive_Tumor
28543	Macrophages_2
146555	Stromal
14313	Invasive_Tumor
41094	Stromal
44544	B_Cells
128391	Myoepi_ACTA2
26424	Invasive_Tumor
14741	Perivascular_Like
132902	B_Cells
11200	CD4_T_Cells
133266	Stromal
9955	Macrophages_1
54297	Invasive_Tumor
61871	Stromal
52790	Invasive_Tumor
10065	Stromal
44720	Invasive_Tumor
39439	CD4_T_Cells
78940	Stromal
99150	Stromal
164398	DCIS_2
2035	Stromal
143087	Stromal
165314	DCIS_1
145982	DCIS_2
86074	Invasive_Tumor
164674	Stromal
132742	B_Cells
13669	Stromal
93564	Myoepi_ACTA2
133148	Myoepi_KRT15
53693	Stromal
75899	Invasive_Tumor
165511	DCIS_1
147842	DCIS_2
31242	Stromal
165977	DCIS_2
83150	Stromal
75150	Endothelial
82222	Unlabeled
83649	Stromal
22258	Invasive_Tumor
79094	Macrophages_1
45231	DCIS_1
118444	Endothelial
80672	Stromal
67454	DCIS_1
51857	Invasive_Tumor
24363	Invasive_Tumor
84477	Stromal
82042	Stromal
76436	Macrophages_1
118133	DCIS_1
124887	DCIS_1
6607	Stromal
155410	CD4_T_Cells
135709	Stromal
69046	Invasive_Tumor
61164	Stromal
166626	CD8_T_Cells
66445	Unlabeled
106780	Stromal
17347	Invasive_Tumor
77947	DCIS_1
82455	Stromal
2362	Stromal
63127	B_Cells
109532	CD4_T_Cells
118294	Stromal
114123	Macrophages_2
60419	Stromal
93016	Stromal
6687	Stromal
132067	DCIS_2
110295	Unlabeled
152526	DCIS_1
82020	Stromal
9833	Unlabeled
134595	Stromal
104617	Stromal
29276	Invasive_Tumor
42390	Stromal
70441	Invasive_Tumor
90837	Stromal
52479	Invasive_Tumor
6178	Myoepi_ACTA2
9631	Macrophages_1
72262	Invasive_Tumor
81925	CD4_T_Cells
52595	Invasive_Tumor
129940	DCIS_2
156825	Macrophages_1
20424	Unlabeled
16262	DCIS_1
70814	Unlabeled
35534	Invasive_Tumor
134657	Stromal
71110	Invasive_Tumor
93528	Stromal
100998	Invasive_Tumor
37150	Stromal
30404	Unlabeled
41455	DCIS_1
113482	Stromal
77547	CD8_T_Cells
58070	Endothelial
23674	Invasive_Tumor
88127	Invasive_Tumor
1750	Stromal
50781	Macrophages_1
119063	Stromal
105133	Stromal
25463	Invasive_Tumor
72465	Invasive_Tumor
46332	Invasive_Tumor
98580	Stromal
87648	Invasive_Tumor
94164	Stromal
137881	CD4_T_Cells
75263	CD8_T_Cells
15528	Invasive_Tumor
81334	B_Cells
8380	Stromal
69623	Invasive_Tumor
93237	Stromal
36010	Stromal
97587	Endothelial
108424	Stromal
27224	T_Cell_Tumor_Hybrid
151722	Endothelial
93805	B_Cells
140481	DCIS_2
33476	Macrophages_1
158631	Stromal
68190	Invasive_Tumor
73034	Invasive_Tumor
66391	DCIS_1
97312	Macrophages_1
57383	Macrophages_1
16817	DCIS_1
154074	Stromal
4814	Invasive_Tumor
138238	Stromal
119186	Stromal
78934	Stromal
70897	Invasive_Tumor
121862	DCIS_1
139016	Endothelial
86462	Invasive_Tumor
57401	Invasive_Tumor
146861	DCIS_2
22269	Invasive_Tumor
133647	Stromal
159367	DCIS_2
15832	Invasive_Tumor
161836	Endothelial
22588	Macrophages_2
134081	CD4_T_Cells
165124	DCIS_2
153634	Stromal
74229	Endothelial
38677	Invasive_Tumor
135877	Stromal
33146	Invasive_Tumor
148249	DCIS_1
160688	Stromal
109843	Unlabeled
111106	Unlabeled
121079	Unlabeled
55950	Invasive_Tumor
154711	Myoepi_ACTA2
116225	DCIS_1
19298	Stromal
33767	Stromal
111161	B_Cells
135771	Stromal
51848	Invasive_Tumor
64415	Invasive_Tumor
17071	IRF7_DCs
52524	Macrophages_1
142847	Stromal_T_Cell_Hybrid
120877	CD8_T_Cells
65099	Stromal
67741	Invasive_Tumor
79676	IRF7_DCs
119257	DCIS_1
72013	Endothelial
123892	DCIS_1
112663	Unlabeled
72017	Invasive_Tumor
69869	Invasive_Tumor
42579	DCIS_1
75522	Perivascular_Like
78941	Stromal
108649	Stromal
125508	CD8_T_Cells
158689	Stromal
68789	Unlabeled
66962	Invasive_Tumor
73624	Prolif_Invasive_Tumor
10006	Stromal
115852	CD4_T_Cells
125309	DCIS_1
164033	DCIS_1
6313	Stromal
12048	DCIS_2
21906	Stromal
159765	DCIS_1
94859	Stromal
153934	DCIS_2
60736	Invasive_Tumor
4942	Invasive_Tumor
101791	CD4_T_Cells
134554	Macrophages_1
62506	Invasive_Tumor
100353	Invasive_Tumor
66732	Invasive_Tumor
29980	Prolif_Invasive_Tumor
26427	Invasive_Tumor
6173	Stromal
63481	Invasive_Tumor
10558	Myoepi_KRT15
51809	Invasive_Tumor
164254	Stromal
98238	Macrophages_2
142997	DCIS_2
125488	Stromal
92489	Invasive_Tumor
103125	Invasive_Tumor
129040	Myoepi_ACTA2
74630	Invasive_Tumor
29369	T_Cell_Tumor_Hybrid
84480	Invasive_Tumor
8775	Macrophages_1
134047	Macrophages_1
117221	DCIS_1
124726	DCIS_1
166863	DCIS_2
52945	Invasive_Tumor
167288	Stromal
46189	Myoepi_ACTA2
162363	Stromal
155427	Stromal
98585	Stromal
142678	CD8_T_Cells
84544	CD4_T_Cells
59196	Invasive_Tumor
54541	Invasive_Tumor
57172	Invasive_Tumor
49623	Macrophages_1
157536	DCIS_2
126453	DCIS_1
53022	Invasive_Tumor
164530	DCIS_2
43274	CD8_T_Cells
13679	IRF7_DCs
127718	Endothelial
152086	DCIS_2
128679	Myoepi_KRT15
53851	Invasive_Tumor
40591	CD8_T_Cells
157339	Myoepi_KRT15
29472	Prolif_Invasive_Tumor
144971	DCIS_2
46604	Macrophages_1
561	Invasive_Tumor
100009	Prolif_Invasive_Tumor
17142	CD4_T_Cells
97768	Stromal
72818	Stromal
100361	Invasive_Tumor
84444	Invasive_Tumor
139930	Perivascular_Like
94283	Stromal
87281	Invasive_Tumor
128563	Macrophages_1
74545	Invasive_Tumor
5732	Invasive_Tumor
23915	Stromal
18271	Macrophages_1
37411	CD8_T_Cells
130582	DCIS_2
46564	Invasive_Tumor
97639	B_Cells
104904	DCIS_1
69898	Invasive_Tumor
50372	Macrophages_1
76786	Stromal
50573	Invasive_Tumor
51430	Endothelial
38671	Invasive_Tumor
95198	CD8_T_Cells
74793	Invasive_Tumor
17126	Stromal
127902	Stromal
109693	Unlabeled
159123	Myoepi_KRT15
77895	Perivascular_Like
107299	Unlabeled
110426	Stromal
37791	CD4_T_Cells
8223	Stromal
14392	DCIS_1
134460	Stromal
33790	Invasive_Tumor
28295	Stromal
150035	Stromal
138237	Stromal
166390	Stromal
29763	Invasive_Tumor
130869	Myoepi_ACTA2
166446	Stromal
136343	Stromal
132636	Endothelial
34883	Prolif_Invasive_Tumor
34441	Prolif_Invasive_Tumor
114274	Stromal
62616	Invasive_Tumor
138258	Stromal
47630	Invasive_Tumor
77077	CD4_T_Cells
37332	Invasive_Tumor
52037	Invasive_Tumor
152113	Unlabeled
39963	Myoepi_KRT15
129905	DCIS_1
13155	Myoepi_ACTA2
71324	Invasive_Tumor
34159	Prolif_Invasive_Tumor
48945	Invasive_Tumor
42119	DCIS_1
127165	Macrophages_1
75031	DCIS_1
83530	Endothelial
94839	Stromal
71047	Invasive_Tumor
12360	CD8_T_Cells
73758	Macrophages_1
27457	Macrophages_1
20557	DCIS_1
51663	Invasive_Tumor
115628	CD4_T_Cells
10046	DCIS_2
121936	B_Cells
80007	Stromal
142560	DCIS_2
149534	B_Cells
94641	DCIS_1
147464	DCIS_2
5096	Stromal
114537	Stromal
149064	Stromal
100048	Invasive_Tumor
64426	Invasive_Tumor
56154	Invasive_Tumor
44096	Invasive_Tumor
162691	DCIS_2
163295	CD4_T_Cells
72142	Invasive_Tumor
62998	Invasive_Tumor
105437	Stromal
39184	Unlabeled
138352	CD8_T_Cells
120208	B_Cells
12081	DCIS_2
9808	Stromal
115134	Stromal
18332	DCIS_1
30665	Stromal
156977	DCIS_2
10891	DCIS_1
39144	Stromal
144432	Myoepi_KRT15
32031	Invasive_Tumor
28574	Endothelial
64678	Invasive_Tumor
83862	Invasive_Tumor
153437	DCIS_2
41715	Unlabeled
95574	IRF7_DCs
165163	DCIS_2
8951	Stromal
45	Invasive_Tumor
133937	DCIS_2
55822	Stromal
60219	Invasive_Tumor
156733	Macrophages_1
12234	Endothelial
14515	Invasive_Tumor
49591	Invasive_Tumor
77888	Macrophages_1
28851	Invasive_Tumor
129540	Stromal
27385	Invasive_Tumor
126038	DCIS_1
88190	Invasive_Tumor
76762	Stromal
91747	Invasive_Tumor
3283	Stromal
164952	DCIS_2
23210	T_Cell_Tumor_Hybrid
67931	Invasive_Tumor
100772	CD8_T_Cells
44206	Invasive_Tumor
91795	Perivascular_Like
66473	Unlabeled
9093	Invasive_Tumor
80567	CD8_T_Cells
81135	Stromal
35623	Invasive_Tumor
66582	Prolif_Invasive_Tumor
73487	Stromal
59513	Stromal
90877	Stromal
100218	Invasive_Tumor
69526	Prolif_Invasive_Tumor
36290	CD4_T_Cells
163821	Stromal
33084	Invasive_Tumor
147979	DCIS_2
65053	CD8_T_Cells
150663	Unlabeled
921	Endothelial
83057	Endothelial
167278	Stromal
130377	DCIS_2
22544	Macrophages_1
38163	Macrophages_1
155481	Stromal
83165	Stromal
36359	Stromal
9977	Stromal
5761	Stromal
63650	Prolif_Invasive_Tumor
111237	Perivascular_Like
35022	Invasive_Tumor
57816	Invasive_Tumor
82224	B_Cells
137933	CD4_T_Cells
99621	Invasive_Tumor
138302	CD8_T_Cells
48560	Prolif_Invasive_Tumor
65749	Invasive_Tumor
12333	Perivascular_Like
76890	Stromal
82005	Macrophages_2
139804	Stromal
71358	Invasive_Tumor
57639	Invasive_Tumor
116452	Endothelial
5833	Invasive_Tumor
140165	Stromal
6562	Stromal
62365	Endothelial
111953	Stromal
103046	Invasive_Tumor
116329	Stromal
76812	Stromal
163429	Stromal
46325	DCIS_1
148596	Endothelial
123642	CD8_T_Cells
70117	Invasive_Tumor
41623	DCIS_1
66632	Invasive_Tumor
133972	Myoepi_ACTA2
28193	Endothelial
25811	CD4_T_Cells
121798	CD4_T_Cells
38750	CD8_T_Cells
128588	DCIS_2
24793	Invasive_Tumor
19376	Macrophages_1
29359	Endothelial
138151	CD4_T_Cells
75989	Stromal
30666	Endothelial
863	Stromal
152497	Macrophages_1
148047	Stromal
166165	Macrophages_1
7976	B_Cells
109039	CD4_T_Cells
44906	Invasive_Tumor
40988	CD8_T_Cells
60688	Invasive_Tumor
77530	Stromal
90044	Stromal
166217	Myoepi_ACTA2
63441	Prolif_Invasive_Tumor
30911	Endothelial
75075	CD8_T_Cells
113494	CD4_T_Cells
23045	Myoepi_ACTA2
52844	CD8_T_Cells
73897	Stromal
32289	Stromal
151430	B_Cells
129273	DCIS_2
85130	Invasive_Tumor
105350	Stromal
165930	DCIS_2
123415	Unlabeled
69939	Invasive_Tumor
14108	DCIS_2
119183	Endothelial
157786	DCIS_2
132347	DCIS_2
47317	CD8_T_Cells
39154	Macrophages_1
74681	Invasive_Tumor
22161	Invasive_Tumor
100916	Invasive_Tumor
8614	DCIS_1
10222	DCIS_2
164734	Endothelial
10812	CD8_T_Cells
37926	B_Cells
78795	B_Cells
23946	Invasive_Tumor
810	T_Cell_Tumor_Hybrid
129768	Stromal
94514	DCIS_1
123973	Unlabeled
60881	Invasive_Tumor
36939	Stromal
128310	DCIS_2
135882	Stromal
123451	CD8_T_Cells
128731	Endothelial
146028	Unlabeled
49371	Myoepi_ACTA2
106294	Stromal
119592	DCIS_1
68178	Invasive_Tumor
8052	Stromal
48678	CD8_T_Cells
16815	Invasive_Tumor
99053	Macrophages_1
13865	Macrophages_1
44204	Invasive_Tumor
118402	Macrophages_1
94260	Endothelial
36307	Stromal
37184	Stromal
148592	DCIS_2
53763	Invasive_Tumor
11736	DCIS_2
121177	Unlabeled
14793	DCIS_1
123881	Invasive_Tumor
99766	T_Cell_Tumor_Hybrid
55289	CD4_T_Cells
82071	Stromal
74125	Stromal
157001	Endothelial
714	Macrophages_1
4680	Invasive_Tumor
148528	DCIS_2
63108	Endothelial
60454	Endothelial
104736	Stromal
122054	DCIS_1
46730	DCIS_1
66038	Stromal
2116	Invasive_Tumor
163191	Macrophages_2
153521	DCIS_2
7493	Invasive_Tumor
22224	B_Cells
145583	CD4_T_Cells
69430	Invasive_Tumor
73535	Stromal_T_Cell_Hybrid
48807	Invasive_Tumor
68763	Unlabeled
166777	CD8_T_Cells
122386	Stromal
9622	B_Cells
45670	Myoepi_ACTA2
13216	DCIS_1
155859	DCIS_1
154061	Stromal
138005	Stromal
147477	DCIS_2
85326	Invasive_Tumor
151261	Endothelial
133863	DCIS_2
71488	Invasive_Tumor
4753	Prolif_Invasive_Tumor
141873	DCIS_2
118140	Myoepi_KRT15
5115	B_Cells
78584	Myoepi_ACTA2
61199	Invasive_Tumor
56471	Invasive_Tumor
101711	Stromal
139645	DCIS_1
42105	DCIS_1
84164	Invasive_Tumor
35626	CD4_T_Cells
4891	Stromal
166692	Myoepi_KRT15
95846	Unlabeled
150937	Prolif_Invasive_Tumor
13282	DCIS_2
26435	Prolif_Invasive_Tumor
167681	Myoepi_KRT15
127103	Macrophages_1
51565	T_Cell_Tumor_Hybrid
154526	Endothelial
45354	DCIS_1
110474	CD4_T_Cells
30648	Stromal
106977	Stromal
3714	Unlabeled
156948	DCIS_2
74449	Stromal
157146	DCIS_2
153400	DCIS_2
48801	Invasive_Tumor
13520	CD8_T_Cells
58864	Unlabeled
68373	Invasive_Tumor
109022	CD8_T_Cells
149988	Myoepi_KRT15
70463	Invasive_Tumor
129805	DCIS_2
91616	Stromal
61006	CD8_T_Cells
164428	DCIS_2
50298	Invasive_Tumor
94976	Stromal
88506	Invasive_Tumor
56502	Invasive_Tumor
11563	CD8_T_Cells
43447	Stromal
150376	Macrophages_1
92057	Invasive_Tumor
13397	DCIS_2
16063	DCIS_1
43633	Invasive_Tumor
13431	Stromal
124900	DCIS_1
95619	Stromal
96585	Stromal
114867	Stromal
63113	Stromal
65690	Stromal
140176	Macrophages_2
6105	Endothelial
136576	CD8_T_Cells
23542	Stromal
108167	Stromal
146060	DCIS_2
33012	Invasive_Tumor
44626	Macrophages_1
148624	B_Cells
137792	LAMP3_DCs
437	DCIS_1
76448	Stromal
2072	Myoepi_ACTA2
19916	DCIS_1
109912	Unlabeled
45160	DCIS_1
136544	Stromal
127888	Stromal
44261	Invasive_Tumor
58024	Prolif_Invasive_Tumor
71985	Invasive_Tumor
28577	Myoepi_ACTA2
143741	Stromal
33093	Invasive_Tumor
122879	DCIS_1
40920	CD4_T_Cells
161773	CD8_T_Cells
83176	Stromal
39361	Stromal
59948	Invasive_Tumor
136175	DCIS_1
125648	DCIS_1
31666	Macrophages_2
50196	Invasive_Tumor
87048	Prolif_Invasive_Tumor
21455	Invasive_Tumor
65218	Stromal
92469	Macrophages_2
102591	Stromal
32911	Prolif_Invasive_Tumor
85731	Unlabeled
39344	Endothelial
88362	Invasive_Tumor
2485	Endothelial
158985	DCIS_2
43496	DCIS_1
94871	Stromal
16530	Invasive_Tumor
138648	Macrophages_1
167750	Myoepi_KRT15
31890	Invasive_Tumor
57390	Invasive_Tumor
102579	Stromal
145481	Macrophages_1
70758	Stromal
32490	Macrophages_1
152088	DCIS_2
86899	Invasive_Tumor
108942	Myoepi_ACTA2
108546	Stromal
21921	Endothelial
106409	Unlabeled
56288	Invasive_Tumor
166356	Invasive_Tumor
132756	CD8_T_Cells
58237	Invasive_Tumor
16687	Invasive_Tumor
30464	Endothelial
153456	DCIS_2
96548	B_Cells
31670	B_Cells
141416	Stromal
62861	Stromal
45782	Invasive_Tumor
22090	Invasive_Tumor
7091	Invasive_Tumor
111882	Unlabeled
71795	Stromal
87089	Invasive_Tumor
114725	Stromal
142404	Unlabeled
7880	Stromal
159076	DCIS_2
165776	Macrophages_1
75181	Invasive_Tumor
161133	DCIS_2
5583	Invasive_Tumor
158515	DCIS_2
2564	CD4_T_Cells
73984	Invasive_Tumor
96988	CD8_T_Cells
162170	DCIS_2
156875	Myoepi_ACTA2
4914	Invasive_Tumor
33605	Prolif_Invasive_Tumor
3622	Invasive_Tumor
16281	DCIS_1
116218	DCIS_1
111448	Stromal
14683	Myoepi_ACTA2
87035	Invasive_Tumor
80431	Myoepi_ACTA2
35026	Stromal
71120	Invasive_Tumor
112835	CD8_T_Cells
131827	Stromal
126133	DCIS_1
55386	T_Cell_Tumor_Hybrid
125558	DCIS_1
133325	DCIS_2
14686	Prolif_Invasive_Tumor
82937	Stromal
122306	CD8_T_Cells
43354	B_Cells
102669	Stromal
72957	Stromal
91587	Stromal
143542	Myoepi_KRT15
149450	CD4_T_Cells
6003	Invasive_Tumor
72899	Invasive_Tumor
81448	Stromal
110598	Unlabeled
24564	Invasive_Tumor
107454	Macrophages_1
33408	Stromal
44464	Invasive_Tumor
63534	Invasive_Tumor
96169	Stromal
10494	Stromal
144723	Endothelial
28066	Myoepi_ACTA2
164087	DCIS_2
144829	Stromal
111434	CD8_T_Cells
65788	Stromal
149953	Myoepi_KRT15
43833	Prolif_Invasive_Tumor
13538	CD8_T_Cells
143196	CD4_T_Cells
23147	B_Cells
42709	CD4_T_Cells
10437	Macrophages_1
44474	DCIS_1
64941	Stromal
94206	Endothelial
145444	Myoepi_KRT15
90965	Macrophages_1
33335	Invasive_Tumor
113030	DCIS_1
127826	Endothelial
18651	Invasive_Tumor
31129	Invasive_Tumor
109426	CD8_T_Cells
80044	Endothelial
21133	Invasive_Tumor
72738	Stromal
43078	Endothelial
13109	Myoepi_KRT15
37594	Stromal
40789	Stromal
147300	DCIS_2
68953	Invasive_Tumor
154651	Stromal
31389	Invasive_Tumor
77143	Stromal
122869	B_Cells
80907	CD8_T_Cells
124188	CD4_T_Cells
133845	DCIS_2
97783	Stromal
135028	B_Cells
95148	B_Cells
96762	Stromal
56261	Invasive_Tumor
17613	Invasive_Tumor
706	Stromal
53459	CD8_T_Cells
136271	DCIS_1
126148	DCIS_1
13241	DCIS_2
141783	DCIS_2
111095	Unlabeled
15139	Invasive_Tumor
135908	Endothelial
92802	Stromal
131531	Endothelial
161587	Stromal
3157	DCIS_1
155832	Stromal
31256	Invasive_Tumor
42980	Macrophages_1
106489	Stromal
17849	CD4_T_Cells
24654	Prolif_Invasive_Tumor
90602	Invasive_Tumor
66808	Invasive_Tumor
64924	Invasive_Tumor
576	Stromal
141146	DCIS_2
160628	Macrophages_2
157129	Myoepi_KRT15
164572	Endothelial
115033	CD4_T_Cells
63081	Invasive_Tumor
8346	Stromal
15601	Invasive_Tumor
89372	Endothelial
81024	CD4_T_Cells
99880	Invasive_Tumor
22611	Stromal
165554	Unlabeled
119292	DCIS_1
14286	DCIS_1
122714	CD8_T_Cells
139894	Endothelial
109001	B_Cells
93948	Stromal
90563	Invasive_Tumor
19793	CD4_T_Cells
156009	DCIS_2
78837	Stromal
68486	Invasive_Tumor
20430	Unlabeled
154536	Stromal
92288	Unlabeled
105460	B_Cells
27054	B_Cells
43499	Stromal
62130	Stromal
71901	Invasive_Tumor
49983	Stromal
58293	Invasive_Tumor
82762	Stromal
100393	Invasive_Tumor
118702	Stromal
42751	DCIS_1
83603	Stromal
88219	Prolif_Invasive_Tumor
125853	DCIS_1
107873	Macrophages_2
137674	CD4_T_Cells
129607	DCIS_2
26779	Myoepi_ACTA2
90585	Invasive_Tumor
37586	B_Cells
25602	Invasive_Tumor
121611	DCIS_1
167315	DCIS_2
15044	DCIS_1
71265	Invasive_Tumor
44796	Stromal
68505	Invasive_Tumor
125347	DCIS_1
100041	Invasive_Tumor
56296	Invasive_Tumor
6054	CD4_T_Cells
147956	Macrophages_1
64561	Stromal
58543	Invasive_Tumor
145235	DCIS_2
107582	Stromal
102858	Stromal
1416	Invasive_Tumor
79716	CD8_T_Cells
145991	Myoepi_ACTA2
157074	DCIS_1
34771	Invasive_Tumor
62840	Invasive_Tumor
123110	Stromal
135563	Stromal
134110	Stromal
50209	Invasive_Tumor
18858	Prolif_Invasive_Tumor
56991	Invasive_Tumor
19551	DCIS_1
108724	Stromal
67342	DCIS_1
165710	DCIS_2
40965	CD4_T_Cells
117731	Myoepi_ACTA2
128985	DCIS_2
79346	Myoepi_ACTA2
79250	Myoepi_KRT15
54815	Invasive_Tumor
112317	CD4_T_Cells
80137	Stromal
156097	DCIS_2
20659	DCIS_1
63666	T_Cell_Tumor_Hybrid
105113	Myoepi_KRT15
22303	Macrophages_1
25419	Prolif_Invasive_Tumor
77387	Stromal
60201	Invasive_Tumor
80092	B_Cells
87012	Prolif_Invasive_Tumor
23112	Myoepi_ACTA2
88404	Stromal
112787	DCIS_1
125745	DCIS_1
12388	Stromal
53828	Invasive_Tumor
118761	Stromal
59580	Macrophages_1
61302	Invasive_Tumor
130150	DCIS_2
47433	Myoepi_ACTA2
97635	Endothelial
59729	Invasive_Tumor
114847	Perivascular_Like
153304	Stromal
167256	Myoepi_KRT15
92279	Stromal
139441	DCIS_2
101721	B_Cells
131172	CD8_T_Cells
108563	Stromal
155677	Endothelial
111045	Stromal
140794	Macrophages_2
161594	Stromal
134958	Stromal
9912	Macrophages_2
88077	Invasive_Tumor
76813	Stromal_T_Cell_Hybrid
105681	Myoepi_ACTA2
77581	Myoepi_KRT15
76974	Macrophages_2
165970	DCIS_1
147823	Stromal
26368	Macrophages_1
133203	DCIS_2
21701	Macrophages_1
63930	Stromal
122559	DCIS_1
42086	Stromal
150182	Stromal
16607	Invasive_Tumor
36991	Endothelial
69763	Stromal
50475	CD4_T_Cells
42003	CD8_T_Cells
43461	Prolif_Invasive_Tumor
120239	Stromal
74736	Invasive_Tumor
91500	Macrophages_2
5304	Invasive_Tumor
34047	Invasive_Tumor
83390	Stromal
53942	Invasive_Tumor
125638	DCIS_1
126307	DCIS_1
127461	Stromal
109952	Unlabeled
58206	Invasive_Tumor
13304	DCIS_2
88713	Invasive_Tumor
33671	Invasive_Tumor
151816	Myoepi_ACTA2
166499	Stromal
120408	Unlabeled
80698	CD8_T_Cells
131223	DCIS_2
123335	CD4_T_Cells
127965	Invasive_Tumor
45482	Invasive_Tumor
104777	CD8_T_Cells
141385	Stromal
96761	Stromal
41320	CD4_T_Cells
137102	Stromal
115899	Stromal
10179	Myoepi_KRT15
68036	Invasive_Tumor
149392	CD4_T_Cells
6844	Stromal
115324	B_Cells
57436	Invasive_Tumor
32497	CD8_T_Cells
56525	CD8_T_Cells
76606	Myoepi_KRT15
3183	DCIS_2
11987	Stromal
65815	CD4_T_Cells
103199	Invasive_Tumor
8020	Invasive_Tumor
987	DCIS_1
2450	Stromal
117712	Myoepi_ACTA2
37579	CD4_T_Cells
146651	DCIS_1
50337	Invasive_Tumor
36842	Stromal
97324	Stromal
72676	Invasive_Tumor
83377	Stromal
112589	Macrophages_1
75944	Invasive_Tumor
6697	Macrophages_1
106534	CD8_T_Cells
50266	Endothelial
30923	Invasive_Tumor
79409	DCIS_1
61803	Invasive_Tumor
153877	Invasive_Tumor
143048	DCIS_2
46646	DCIS_1
75807	Stromal
58305	Invasive_Tumor
88819	Invasive_Tumor
4616	B_Cells
163789	Stromal
159840	Unlabeled
18487	Stromal
157767	DCIS_2
122506	CD4_T_Cells
24934	Invasive_Tumor
64117	Macrophages_1
88288	Invasive_Tumor
121743	DCIS_1
50680	CD4_T_Cells
100782	Prolif_Invasive_Tumor
87749	Invasive_Tumor
158584	Stromal
19041	Invasive_Tumor
27304	CD8_T_Cells
103951	Stromal
130976	Myoepi_KRT15
71176	CD8_T_Cells
80401	Stromal
65498	Unlabeled
167532	DCIS_2
72803	Invasive_Tumor
96962	CD8_T_Cells
271	Stromal
161572	Stromal
142550	Myoepi_KRT15
19665	Invasive_Tumor
7034	B_Cells
66850	Invasive_Tumor
133564	DCIS_1
80190	Stromal
60967	Invasive_Tumor
20167	DCIS_1
24848	Prolif_Invasive_Tumor
4169	Prolif_Invasive_Tumor
54669	Macrophages_1
163740	CD4_T_Cells
71585	Invasive_Tumor
94629	Myoepi_ACTA2
102120	Macrophages_1
136102	CD8_T_Cells
81348	B_Cells
144913	DCIS_2
111437	Stromal
75337	Invasive_Tumor
34069	Stromal
27481	CD8_T_Cells
26407	Invasive_Tumor
112289	Stromal
147225	Endothelial
60220	Invasive_Tumor
41904	Endothelial
148940	DCIS_2
51622	Unlabeled
112754	Unlabeled
152410	DCIS_1
66869	Invasive_Tumor
77928	Perivascular_Like
139185	Myoepi_ACTA2
71957	Invasive_Tumor
34259	B_Cells
78205	Unlabeled
104700	Stromal
97415	Stromal
2790	Stromal
155688	CD8_T_Cells
76819	Macrophages_2
102708	Myoepi_KRT15
37465	CD8_T_Cells
154723	Stromal
104971	Stromal
47016	DCIS_1
31941	Invasive_Tumor
45938	DCIS_1
157023	DCIS_2
146731	Endothelial
29058	Unlabeled
131492	Stromal
63157	Stromal
120147	CD4_T_Cells
161917	DCIS_2
147206	Endothelial
36738	CD4_T_Cells
60443	Stromal
160664	Unlabeled
52739	Invasive_Tumor
40411	Invasive_Tumor
105770	Endothelial
86266	Invasive_Tumor
136063	Stromal
22050	Stromal
150055	B_Cells
102145	Stromal
17246	Invasive_Tumor
58973	Stromal
78783	IRF7_DCs
151402	Stromal
24022	Prolif_Invasive_Tumor
37331	Invasive_Tumor
76927	CD4_T_Cells
80931	Stromal
63597	IRF7_DCs
45046	Invasive_Tumor
89070	Prolif_Invasive_Tumor
46878	DCIS_1
158870	Myoepi_KRT15
166616	Macrophages_1
167224	DCIS_2
32703	Invasive_Tumor
6706	Stromal
129664	Unlabeled
125796	DCIS_1
60254	Stromal
36861	Stromal
81418	Stromal
21791	B_Cells
127396	Endothelial
3897	DCIS_1
53709	CD4_T_Cells
33455	Unlabeled
59565	Stromal
17859	Unlabeled
31600	CD8_T_Cells
64698	Invasive_Tumor
109501	Stromal
57858	Invasive_Tumor
101706	Stromal
127681	Stromal
118895	Stromal
15729	Stromal
39599	Macrophages_1
115481	B_Cells
24038	Invasive_Tumor
36334	Macrophages_1
67576	Myoepi_ACTA2
39046	Macrophages_1
43942	Macrophages_1
124906	Unlabeled
42700	Stromal
118173	DCIS_1
15863	Invasive_Tumor
143696	DCIS_2
92787	Stromal
82162	Myoepi_ACTA2
28917	Myoepi_ACTA2
28321	Prolif_Invasive_Tumor
41546	CD4_T_Cells
6698	Endothelial
6007	Invasive_Tumor
44385	Invasive_Tumor
114156	Macrophages_2
15672	DCIS_1
144032	Stromal
136511	Unlabeled
51303	Invasive_Tumor
27907	Myoepi_ACTA2
117264	DCIS_1
89114	Invasive_Tumor
70612	Invasive_Tumor
16903	Invasive_Tumor
56521	CD4_T_Cells
38161	CD4_T_Cells
33504	Invasive_Tumor
135766	Stromal
39041	CD4_T_Cells
97733	Stromal
128518	DCIS_2
35313	Stromal
568	Invasive_Tumor
118199	Stromal
67355	DCIS_1
34319	Invasive_Tumor
124923	CD4_T_Cells
155970	DCIS_2
47161	DCIS_1
157952	Stromal
124639	DCIS_1
8785	Stromal
135574	Stromal
15497	DCIS_1
298	Invasive_Tumor
113719	Unlabeled
63946	Invasive_Tumor
106789	Myoepi_KRT15
112677	Stromal
52887	Invasive_Tumor
46696	Unlabeled
73408	Perivascular_Like
140142	Macrophages_2
18815	Invasive_Tumor
158915	Myoepi_KRT15
91558	Stromal
156410	DCIS_2
78614	CD4_T_Cells
121369	Stromal
70982	Stromal
118690	Endothelial
64597	Prolif_Invasive_Tumor
19828	CD4_T_Cells
106809	Myoepi_ACTA2
140327	Myoepi_KRT15
18043	Unlabeled
148181	Myoepi_ACTA2
65466	Stromal
160333	DCIS_2
100036	Invasive_Tumor
118609	Macrophages_2
5846	Endothelial
155626	DCIS_2
155114	DCIS_2
64221	Invasive_Tumor
49452	Prolif_Invasive_Tumor
52377	Invasive_Tumor
142411	DCIS_2
19031	Invasive_Tumor
85415	Invasive_Tumor
136421	Stromal
286	Invasive_Tumor
131806	B_Cells
65723	Invasive_Tumor
128707	Macrophages_1
159758	Unlabeled
138228	Stromal
147738	Stromal
67887	Prolif_Invasive_Tumor
50824	Stromal
99006	Unlabeled
26227	Perivascular_Like
18055	Invasive_Tumor
110562	CD4_T_Cells
135137	Stromal
104959	DCIS_1
3725	Invasive_Tumor
2770	CD4_T_Cells
81413	Stromal
22087	Invasive_Tumor
34082	DCIS_1
147265	DCIS_2
73376	Invasive_Tumor
118086	Myoepi_ACTA2
16594	Invasive_Tumor
108532	Stromal
944	Stromal
146106	DCIS_2
2343	Stromal
88266	Invasive_Tumor
87351	Endothelial
29962	Invasive_Tumor
29589	Invasive_Tumor
87814	Invasive_Tumor
42103	DCIS_1
17600	Invasive_Tumor
57665	Invasive_Tumor
154167	T_Cell_Tumor_Hybrid
108882	B_Cells
82983	Stromal
25381	Prolif_Invasive_Tumor
153131	Stromal
38102	Stromal_T_Cell_Hybrid
101551	Endothelial
2938	Invasive_Tumor
85762	Prolif_Invasive_Tumor
128487	DCIS_2
4875	Stromal
140146	Stromal
73500	Stromal
17557	Invasive_Tumor
13580	DCIS_2
115112	Stromal
120442	CD4_T_Cells
104930	Stromal
18293	Invasive_Tumor
91457	Perivascular_Like
58222	Invasive_Tumor
56257	Invasive_Tumor
79026	Stromal
74971	Myoepi_ACTA2
28351	Invasive_Tumor
66818	Invasive_Tumor
40215	Stromal
104470	Myoepi_ACTA2
153881	DCIS_2
150936	Stromal
47075	Macrophages_1
134947	Macrophages_1
121372	CD8_T_Cells
7215	Stromal
167284	DCIS_2
68930	Invasive_Tumor
104391	Macrophages_1
108316	Stromal
43824	Invasive_Tumor
92393	Invasive_Tumor
1500	DCIS_1
17079	Macrophages_1
16605	Invasive_Tumor
84502	Invasive_Tumor
89972	Invasive_Tumor
94508	Myoepi_KRT15
56924	Invasive_Tumor
49766	Invasive_Tumor
56254	Stromal
135784	Stromal
128832	DCIS_2
127973	DCIS_2
42923	Stromal
50038	DCIS_1
36212	CD8_T_Cells
140140	Macrophages_1
156437	DCIS_2
114668	CD4_T_Cells
109761	Macrophages_1
53900	Prolif_Invasive_Tumor
80618	CD4_T_Cells
132247	Macrophages_1
52317	CD4_T_Cells
69368	Macrophages_1
140390	Myoepi_KRT15
80161	B_Cells
66719	Invasive_Tumor
21905	Endothelial
31979	Stromal
126997	Stromal
17302	Prolif_Invasive_Tumor
64424	Invasive_Tumor
1518	DCIS_1
96044	Stromal
97574	CD8_T_Cells
157457	DCIS_2
79926	Stromal
84978	Invasive_Tumor
40320	Myoepi_ACTA2
128889	DCIS_2
6492	CD8_T_Cells
92941	Stromal
9020	Stromal
166244	DCIS_2
105029	Myoepi_ACTA2
95932	Stromal
74347	Invasive_Tumor
97147	CD8_T_Cells
114414	LAMP3_DCs
133860	DCIS_2
17393	Prolif_Invasive_Tumor
35727	Invasive_Tumor
109651	Unlabeled
78983	Stromal
42163	Stromal
128376	DCIS_2
44879	Invasive_Tumor
127614	Stromal
134786	Myoepi_KRT15
136145	Stromal
124485	DCIS_1
160156	Stromal
144650	CD4_T_Cells
72211	Invasive_Tumor
131921	B_Cells
54624	Invasive_Tumor
142897	Myoepi_ACTA2
64922	Stromal
53213	Invasive_Tumor
126886	Stromal
76130	Stromal
150130	Macrophages_2
64288	Invasive_Tumor
166218	Myoepi_ACTA2
51667	Endothelial
9223	Myoepi_ACTA2
38209	Myoepi_ACTA2
63433	Prolif_Invasive_Tumor
76180	Invasive_Tumor
102962	Endothelial
109341	Stromal
139596	Stromal
96275	Stromal
80490	B_Cells
46045	DCIS_1
27146	Invasive_Tumor
25300	Invasive_Tumor
24482	Endothelial
117385	Myoepi_ACTA2
64193	Endothelial
20519	DCIS_1
136896	CD8_T_Cells
141398	Endothelial
139761	Stromal
34515	Invasive_Tumor
83976	Stromal
55385	Invasive_Tumor
94141	Stromal
101480	Endothelial
126466	DCIS_1
157587	DCIS_2
95475	Macrophages_1
165194	Stromal
82846	B_Cells
77001	Macrophages_1
11204	Stromal
122221	Macrophages_1
102944	Stromal
76492	B_Cells
150433	CD4_T_Cells
94766	Unlabeled
61044	Invasive_Tumor
32463	CD4_T_Cells
31020	Invasive_Tumor
113670	Stromal
109314	DCIS_1
86660	Invasive_Tumor
72261	Invasive_Tumor
114067	Stromal
30095	Invasive_Tumor
31744	Unlabeled
126576	Invasive_Tumor
73178	Unlabeled
132817	DCIS_2
23344	Unlabeled
32227	Invasive_Tumor
16442	Unlabeled
73022	Invasive_Tumor
133724	Stromal
42325	DCIS_1
21197	Invasive_Tumor
114628	B_Cells
150366	Stromal
38937	CD4_T_Cells
158469	Myoepi_KRT15
67567	Myoepi_ACTA2
122570	Endothelial
165696	Unlabeled
48575	Stromal
92641	Invasive_Tumor
138234	Stromal
154302	Stromal
46310	DCIS_1
48077	Prolif_Invasive_Tumor
128417	Myoepi_ACTA2
73803	CD8_T_Cells
1609	Endothelial
52419	Stromal
100553	Invasive_Tumor
110966	Unlabeled
113279	Unlabeled
67557	DCIS_1
113732	Macrophages_2
32855	Invasive_Tumor
152882	B_Cells
107996	Stromal
163369	Macrophages_2
118399	DCIS_1
111375	CD4_T_Cells
25398	Invasive_Tumor
163120	Stromal
166841	Stromal
107049	Stromal
111382	CD8_T_Cells
154858	DCIS_2
64973	Invasive_Tumor
85192	Unlabeled
1685	Macrophages_1
81270	CD8_T_Cells
119788	Stromal
30131	Invasive_Tumor
13646	B_Cells
19095	Invasive_Tumor
102437	CD4_T_Cells
134019	Stromal
7873	Endothelial
55280	CD4_T_Cells
123220	Myoepi_KRT15
158235	DCIS_2
91357	Prolif_Invasive_Tumor
32588	Stromal
34828	Prolif_Invasive_Tumor
134744	Macrophages_1
112537	Macrophages_1
150014	Myoepi_ACTA2
128680	Myoepi_ACTA2
44863	B_Cells
48690	CD8_T_Cells
164541	Stromal
20486	Invasive_Tumor
114429	Stromal
167493	DCIS_2
27091	Invasive_Tumor
161289	DCIS_2
137284	CD4_T_Cells
124961	DCIS_1
152650	Stromal
77570	Myoepi_ACTA2
52957	Invasive_Tumor
141349	Stromal
120340	Stromal
50281	Stromal
44782	Macrophages_1
16251	Myoepi_ACTA2
145505	Stromal
158554	Macrophages_2
104082	DCIS_1
120229	Endothelial
56549	Stromal
80151	Stromal
145820	DCIS_2
16233	Stromal
7385	Stromal
145133	DCIS_2
5451	Unlabeled
73250	Invasive_Tumor
61433	Invasive_Tumor
100828	Invasive_Tumor
20852	Unlabeled
94679	DCIS_1
148374	DCIS_2
24615	Endothelial
59612	Invasive_Tumor
152678	Myoepi_ACTA2
129144	Stromal
122202	CD8_T_Cells
109413	DCIS_1
63190	Stromal
52512	Invasive_Tumor
62045	Stromal
154612	Stromal
53516	Invasive_Tumor
157130	Macrophages_1
91031	Stromal
154985	Stromal
98648	Stromal
130585	Endothelial
486	DCIS_1
31273	Perivascular_Like
69187	Stromal
123222	Unlabeled
120076	CD8_T_Cells
110643	Perivascular_Like
91147	Endothelial
100826	Invasive_Tumor
67631	Endothelial
68951	Invasive_Tumor
99419	LAMP3_DCs
13969	Stromal
99167	Stromal
57250	Macrophages_1
101869	B_Cells
158406	DCIS_2
31183	Stromal
79196	Myoepi_ACTA2
39204	CD8_T_Cells
157643	DCIS_2
115529	Stromal
123468	CD4_T_Cells
10086	DCIS_2
1865	Unlabeled
58229	Endothelial
149650	B_Cells
788	Myoepi_ACTA2
28568	Stromal
30234	Invasive_Tumor
79319	DCIS_1
50453	Invasive_Tumor
28320	Invasive_Tumor
165181	Invasive_Tumor
22729	Invasive_Tumor
82779	Stromal
78982	Stromal
140279	DCIS_2
105739	CD8_T_Cells
24644	Macrophages_1
89335	Invasive_Tumor
82004	Stromal
26395	DCIS_1
88682	Endothelial
39320	DCIS_1
52548	Invasive_Tumor
158011	Myoepi_ACTA2
135688	Endothelial
52623	Invasive_Tumor
134800	CD8_T_Cells
150225	CD8_T_Cells
37495	Myoepi_ACTA2
116265	Stromal
33328	Prolif_Invasive_Tumor
28367	Invasive_Tumor
48580	Prolif_Invasive_Tumor
77691	Stromal
98618	Stromal
128554	Myoepi_ACTA2
72889	Invasive_Tumor
72020	Invasive_Tumor
83450	Stromal
113717	Stromal
36933	Unlabeled
127365	Stromal
17775	Prolif_Invasive_Tumor
126214	Endothelial
47616	Invasive_Tumor
102031	Stromal
143846	DCIS_2
4710	Invasive_Tumor
146660	Macrophages_1
30434	Unlabeled
108367	Stromal
22072	Invasive_Tumor
78716	Myoepi_ACTA2
139703	Stromal
165011	DCIS_2
82787	B_Cells
38498	Myoepi_ACTA2
138023	Stromal
151192	Macrophages_1
87358	Invasive_Tumor
101095	Invasive_Tumor
87605	Invasive_Tumor
108332	Stromal
55458	Endothelial
43805	Invasive_Tumor
96137	Stromal
148354	Unlabeled
107135	Stromal
137227	CD4_T_Cells
105998	DCIS_1
109505	Endothelial
119474	Stromal
131064	Myoepi_KRT15
13110	Unlabeled
140179	Unlabeled
151227	CD4_T_Cells
119364	Endothelial
163077	Stromal
133689	Endothelial
136267	Myoepi_ACTA2
1689	Invasive_Tumor
50964	Invasive_Tumor
7699	Stromal
32902	Endothelial
30788	Unlabeled
81707	CD4_T_Cells
2123	Invasive_Tumor
148670	Stromal
16816	DCIS_1
69790	Invasive_Tumor
92616	Invasive_Tumor
56845	CD4_T_Cells
130046	DCIS_2
157557	Macrophages_1
15627	DCIS_1
145184	DCIS_2
90133	Invasive_Tumor
84092	Stromal
132825	Myoepi_ACTA2
160490	DCIS_2
58290	Invasive_Tumor
39536	Stromal
34725	Stromal
63578	Stromal
60420	Invasive_Tumor
50200	Invasive_Tumor
109684	Unlabeled
58510	Prolif_Invasive_Tumor
41163	CD4_T_Cells
18592	Invasive_Tumor
68449	Unlabeled
68353	DCIS_1
139797	Stromal
145291	Endothelial
5395	Invasive_Tumor
62848	Invasive_Tumor
144207	Stromal
58904	Prolif_Invasive_Tumor
57653	Invasive_Tumor
112107	B_Cells
66862	Invasive_Tumor
98958	Stromal
56305	Invasive_Tumor
91683	Stromal
47483	CD8_T_Cells
88694	Stromal
161588	Macrophages_2
162107	Stromal
4176	Macrophages_1
127806	Stromal
163807	Macrophages_1
2789	Stromal
83397	Stromal
94764	Myoepi_ACTA2
86891	Invasive_Tumor
125038	DCIS_1
85467	Invasive_Tumor
82617	CD4_T_Cells
64227	Stromal
35200	Invasive_Tumor
1769	Stromal
105591	Macrophages_1
149148	Stromal
812	CD4_T_Cells
37990	Endothelial
4398	Invasive_Tumor
157287	Stromal
95533	Macrophages_1
101036	Invasive_Tumor
18461	Invasive_Tumor
77324	Macrophages_1
131953	IRF7_DCs
29707	B_Cells
147187	Stromal
48831	Macrophages_1
60378	Invasive_Tumor
66122	Stromal
138421	DCIS_2
102940	Perivascular_Like
6271	Stromal
138509	CD4_T_Cells
93227	Myoepi_KRT15
124683	Myoepi_ACTA2
26968	CD4_T_Cells
155687	Macrophages_1
47981	Endothelial
115413	Stromal
98285	Stromal
9921	Macrophages_1
136847	CD4_T_Cells
23851	Stromal
25331	Invasive_Tumor
69901	Invasive_Tumor
59703	Invasive_Tumor
120770	Myoepi_ACTA2
79617	Stromal
24307	Invasive_Tumor
143745	Stromal
124453	Endothelial
14134	Stromal
150400	B_Cells
14042	DCIS_2
135413	Stromal
166914	DCIS_2
109556	CD8_T_Cells
10331	Stromal
152495	Stromal
69797	Invasive_Tumor
50261	Stromal
126450	DCIS_1
35682	Macrophages_1
31124	Invasive_Tumor
159447	Stromal
22876	DCIS_1
97918	Stromal
31648	Endothelial
152313	Invasive_Tumor
129516	Stromal
43192	CD8_T_Cells
156546	DCIS_2
134388	DCIS_2
54569	Stromal
101272	Unlabeled
69726	Stromal
136240	Endothelial
141218	Stromal
21315	Stromal
121620	Macrophages_1
164195	Stromal
115848	CD8_T_Cells
56738	Invasive_Tumor
48895	Invasive_Tumor
147250	DCIS_2
54366	Invasive_Tumor
101892	Stromal
76036	Invasive_Tumor
29973	Stromal
92734	Stromal
35404	Invasive_Tumor
162512	Stromal
91220	B_Cells
65331	CD8_T_Cells
157770	DCIS_2
143322	Stromal
49144	Invasive_Tumor
108662	Stromal
96024	Stromal
2449	CD4_T_Cells
84110	Stromal
95084	Macrophages_1
55563	CD4_T_Cells
24824	Macrophages_1
118890	Stromal
144164	Myoepi_KRT15
151622	CD8_T_Cells
161045	Stromal
144153	DCIS_2
133908	DCIS_2
119901	CD8_T_Cells
114073	CD8_T_Cells
99921	Invasive_Tumor
98947	CD8_T_Cells
67921	Invasive_Tumor
8391	Stromal
24787	Prolif_Invasive_Tumor
148235	DCIS_1
24916	Invasive_Tumor
114662	Stromal
69538	Invasive_Tumor
54382	Macrophages_1
27631	DCIS_1
116065	Stromal
164975	DCIS_2
135885	Stromal
18504	Myoepi_ACTA2
98336	Stromal
71632	Invasive_Tumor
17618	Myoepi_ACTA2
98579	Stromal
13283	DCIS_2
11134	Endothelial
93409	Stromal
78536	Stromal
12766	DCIS_2
136735	Macrophages_1
152818	Macrophages_1
33568	Invasive_Tumor
48228	Invasive_Tumor
151966	Unlabeled
139836	Macrophages_2
102778	Unlabeled
65879	Macrophages_1
99546	Invasive_Tumor
17572	Endothelial
76483	Stromal
105237	Stromal
78294	Stromal
21749	DCIS_1
38506	Myoepi_ACTA2
106821	Stromal
122016	Macrophages_1
41088	Stromal
54039	Invasive_Tumor
38241	DCIS_1
52424	Invasive_Tumor
112405	CD8_T_Cells
16213	Unlabeled
100432	Invasive_Tumor
89294	Invasive_Tumor
110466	Stromal
41118	CD4_T_Cells
91881	Stromal
81510	CD4_T_Cells
1520	DCIS_1
63066	Invasive_Tumor
128784	Stromal
135633	Stromal
39875	CD8_T_Cells
152158	Stromal
116569	CD8_T_Cells
31485	Invasive_Tumor
25385	Invasive_Tumor
157953	Stromal
11777	Myoepi_KRT15
124438	CD8_T_Cells
143344	Myoepi_KRT15
88358	Invasive_Tumor
113659	Endothelial
45559	Invasive_Tumor
68317	Stromal
41945	DCIS_1
135646	Stromal
111164	CD8_T_Cells
3221	Myoepi_ACTA2
101502	Stromal
38902	DCIS_1
159359	Stromal
105987	DCIS_1
111366	Stromal
46148	Invasive_Tumor
133621	Stromal
3355	CD8_T_Cells
96838	CD4_T_Cells
105441	Stromal
25212	Invasive_Tumor
160876	Stromal
22851	DCIS_1
78091	CD8_T_Cells
69884	Invasive_Tumor
13846	Stromal
139337	Macrophages_1
34740	Invasive_Tumor
73715	Stromal
83388	Stromal
99369	Invasive_Tumor
78525	Stromal
35557	Invasive_Tumor
131739	B_Cells
99384	CD8_T_Cells
93476	Stromal
94593	Stromal
133353	DCIS_2
137696	Stromal
11821	DCIS_2
161614	Endothelial
65718	Invasive_Tumor
150118	Endothelial
86911	Invasive_Tumor
4271	Invasive_Tumor
137060	B_Cells
76689	CD8_T_Cells
91086	Stromal
107701	Stromal
12105	Stromal
161237	Myoepi_KRT15
9559	Unlabeled
123864	Unlabeled
44379	B_Cells
22060	Invasive_Tumor
41213	CD4_T_Cells
1114	DCIS_1
85730	Unlabeled
36734	Stromal
92583	Invasive_Tumor
142478	Stromal
25803	CD4_T_Cells
70133	Invasive_Tumor
21547	Endothelial
72346	Stromal
112704	CD4_T_Cells
7261	Endothelial
103771	CD8_T_Cells
138532	CD8_T_Cells
61973	Invasive_Tumor
29240	Stromal_T_Cell_Hybrid
118382	Myoepi_ACTA2
27836	DCIS_1
28894	DCIS_1
160482	DCIS_2
149222	CD4_T_Cells
86242	Stromal
107994	Endothelial
35266	Stromal
40819	DCIS_1
121420	DCIS_1
46471	DCIS_1
84379	Invasive_Tumor
7852	Stromal
92781	Macrophages_1
23569	Myoepi_ACTA2
88697	Invasive_Tumor
79833	Stromal
101139	Prolif_Invasive_Tumor
51425	Invasive_Tumor
110429	Myoepi_ACTA2
100471	Invasive_Tumor
117033	DCIS_1
14984	Macrophages_1
154055	Myoepi_ACTA2
59187	Invasive_Tumor
131449	Perivascular_Like
130969	CD4_T_Cells
81014	B_Cells
5800	Invasive_Tumor
139111	CD4_T_Cells
27032	B_Cells
81985	CD4_T_Cells
57659	Invasive_Tumor
139628	Myoepi_ACTA2
162313	Myoepi_KRT15
73626	Stromal
8014	Macrophages_2
99735	Macrophages_1
59550	Stromal
8151	Myoepi_ACTA2
92278	Stromal
29339	Invasive_Tumor
79243	Myoepi_KRT15
25626	Invasive_Tumor
76909	Stromal
51084	Endothelial
133159	Myoepi_KRT15
111148	B_Cells
62199	Invasive_Tumor
77869	Stromal
49045	Invasive_Tumor
149648	Endothelial
43417	Invasive_Tumor
56268	Invasive_Tumor
166329	Stromal
52695	Endothelial
93764	Macrophages_1
84886	Invasive_Tumor
132989	CD8_T_Cells
45618	DCIS_1
37654	CD8_T_Cells
13623	DCIS_1
146068	DCIS_1
36646	CD8_T_Cells
158581	Stromal
21660	CD8_T_Cells
7752	Endothelial
137243	CD4_T_Cells
3580	Unlabeled
135712	Stromal
66638	Invasive_Tumor
146758	DCIS_2
135225	Stromal
43433	Invasive_Tumor
109777	Unlabeled
164807	Stromal
128456	Stromal
121706	Myoepi_ACTA2
148748	Stromal
107085	Stromal
50872	DCIS_1
124417	DCIS_1
123850	Macrophages_1
48370	Invasive_Tumor
155869	Stromal
167706	Myoepi_ACTA2
17495	Stromal
143183	Stromal
119724	Stromal
166214	Stromal
75455	Invasive_Tumor
86364	Invasive_Tumor
106237	B_Cells
132177	DCIS_2
128	DCIS_1
70646	Invasive_Tumor
65597	Stromal
80814	Myoepi_ACTA2
47538	Invasive_Tumor
144204	Stromal_T_Cell_Hybrid
22627	Stromal
135366	CD4_T_Cells
21877	Stromal
111135	Stromal
23465	Myoepi_ACTA2
58981	Invasive_Tumor
124407	DCIS_1
98165	Stromal
81437	Stromal
158929	Myoepi_KRT15
4282	Invasive_Tumor
35979	Unlabeled
117555	Stromal
150780	Stromal
5171	Invasive_Tumor
83339	Stromal
139160	Macrophages_1
117290	Stromal
33169	Invasive_Tumor
52882	Invasive_Tumor
17365	Invasive_Tumor
37871	CD8_T_Cells
119606	Unlabeled
64530	Stromal
84047	Stromal
29746	Invasive_Tumor
68552	Unlabeled
52510	Invasive_Tumor
6928	Invasive_Tumor
49490	Invasive_Tumor
75411	Invasive_Tumor
101651	Endothelial
73675	Invasive_Tumor
106236	Myoepi_ACTA2
76876	Stromal
80324	Macrophages_2
32981	Endothelial
165789	Stromal
70994	Invasive_Tumor
90793	Invasive_Tumor
162189	DCIS_2
93941	Macrophages_1
69161	CD4_T_Cells
11886	Myoepi_KRT15
113126	Macrophages_1
34166	Invasive_Tumor
161693	Macrophages_1
128529	DCIS_2
83466	Stromal
52509	Invasive_Tumor
115226	Stromal
165562	DCIS_2
81724	CD4_T_Cells
20690	Unlabeled
25636	Endothelial
128521	Macrophages_1
137423	Macrophages_1
56070	CD4_T_Cells
116091	Myoepi_ACTA2
137628	CD4_T_Cells
70280	Invasive_Tumor
100796	Invasive_Tumor
70753	Invasive_Tumor
162353	DCIS_2
11373	DCIS_2
70431	Stromal
160943	Stromal
102919	B_Cells
62286	Invasive_Tumor
130818	B_Cells
128414	Stromal
68329	Invasive_Tumor
141662	DCIS_2
149451	B_Cells
105690	Endothelial
138631	DCIS_2
10165	Macrophages_1
90387	Invasive_Tumor
46885	DCIS_1
30638	Prolif_Invasive_Tumor
67332	Invasive_Tumor
103013	Invasive_Tumor
20670	Unlabeled
36963	Endothelial
118774	Stromal
37363	B_Cells
11637	DCIS_2
81150	Stromal
6091	Invasive_Tumor
132918	Stromal
129314	DCIS_2
54814	Invasive_Tumor
110005	Unlabeled
71936	Macrophages_1
1417	Invasive_Tumor
132572	Endothelial
103741	Stromal
60084	Invasive_Tumor
15316	DCIS_1
65478	B_Cells
141566	Stromal
104171	Myoepi_ACTA2
145436	Macrophages_1
145616	Unlabeled
62123	Stromal
77673	Stromal
140409	Unlabeled
3796	Prolif_Invasive_Tumor
112075	B_Cells
46149	Unlabeled
11582	DCIS_2
151538	DCIS_2
65982	Invasive_Tumor
117656	Stromal
110321	Stromal
111676	DCIS_1
78455	Myoepi_ACTA2
12573	DCIS_2
97388	Stromal
52188	Invasive_Tumor
127395	Stromal
55941	Endothelial
61546	Prolif_Invasive_Tumor
79673	Stromal
113208	Unlabeled
156168	DCIS_2
106346	Stromal
86499	Invasive_Tumor
103266	Stromal
156790	Myoepi_ACTA2
62313	Invasive_Tumor
54342	Endothelial
128058	Stromal
132772	Perivascular_Like
39722	CD4_T_Cells
165694	B_Cells
11251	Stromal
62464	Macrophages_1
127412	Macrophages_1
57342	Stromal
151019	Endothelial
51198	Endothelial
51505	Invasive_Tumor
130877	Stromal
45362	Macrophages_1
19429	DCIS_1
90208	Stromal
166874	DCIS_2
147701	DCIS_2
64936	Stromal
92697	Stromal
22742	Invasive_Tumor
6405	Macrophages_1
119142	Myoepi_ACTA2
39025	Macrophages_1
52835	Invasive_Tumor
112448	CD4_T_Cells
58197	Invasive_Tumor
86445	Invasive_Tumor
126644	Macrophages_1
100007	CD8_T_Cells
63539	Invasive_Tumor
81489	Macrophages_1
29120	Stromal
24278	Prolif_Invasive_Tumor
118230	Stromal
5132	Stromal
153068	Myoepi_ACTA2
15918	Endothelial
59828	Invasive_Tumor
157249	DCIS_2
65908	Invasive_Tumor
119328	CD8_T_Cells
166409	DCIS_2
85159	Invasive_Tumor
138971	Stromal
92850	Stromal
110011	Unlabeled
25818	B_Cells
72601	Endothelial
103375	Stromal
86338	Invasive_Tumor
38591	Stromal
402	Invasive_Tumor
65987	Prolif_Invasive_Tumor
37386	Endothelial
53001	Endothelial
157084	DCIS_2
111808	Macrophages_1
152153	Stromal
145306	Stromal
27577	Macrophages_1
86063	Invasive_Tumor
45334	Invasive_Tumor
59500	Invasive_Tumor
46606	Macrophages_1
42910	Macrophages_1
122025	Invasive_Tumor
48203	Invasive_Tumor
125881	DCIS_1
165510	DCIS_2
77286	Stromal
135804	Stromal
161345	Myoepi_KRT15
10132	DCIS_2
82924	Stromal
44958	Stromal
69136	Invasive_Tumor
158586	Stromal
59789	Invasive_Tumor
101144	Invasive_Tumor
165818	CD4_T_Cells
130006	CD4_T_Cells
62855	Invasive_Tumor
151667	Macrophages_1
21234	Endothelial
66910	Prolif_Invasive_Tumor
75681	CD4_T_Cells
99343	Stromal
29760	Invasive_Tumor
111158	Stromal
87280	Invasive_Tumor
28617	CD8_T_Cells
99637	Unlabeled
116111	DCIS_1
82493	B_Cells
76980	Stromal
75753	Stromal
19332	CD4_T_Cells
67621	B_Cells
154819	DCIS_2
21093	Invasive_Tumor
75371	Invasive_Tumor
57638	Invasive_Tumor
81700	B_Cells
103867	Stromal
77728	Stromal
160472	DCIS_2
167352	Stromal
82933	Stromal
128015	Myoepi_KRT15
134312	Myoepi_ACTA2
78663	CD4_T_Cells
62971	Invasive_Tumor
68079	Invasive_Tumor
116414	B_Cells
15347	Myoepi_ACTA2
10425	Macrophages_1
48647	Invasive_Tumor
136824	Myoepi_ACTA2
56477	Invasive_Tumor
161055	Stromal
151385	Stromal
102066	Stromal
153429	DCIS_1
65016	Stromal
33553	Macrophages_1
1966	Stromal
83883	B_Cells
58589	Stromal
131171	Endothelial
1852	Endothelial
95124	CD8_T_Cells
153544	DCIS_2
4008	Endothelial
29277	Invasive_Tumor
165890	DCIS_1
116061	Endothelial
161673	Stromal
167013	DCIS_2
149555	CD4_T_Cells
43547	B_Cells
32619	Endothelial
99345	Stromal
126672	Myoepi_ACTA2
107608	Stromal
64405	Invasive_Tumor
54364	Macrophages_1
105208	Stromal
55816	Macrophages_1
103378	Unlabeled
120866	CD4_T_Cells
67487	Unlabeled
44337	Invasive_Tumor
67753	Invasive_Tumor
100153	Invasive_Tumor
143819	DCIS_1
158809	Stromal
45481	Invasive_Tumor
128911	DCIS_2
142555	DCIS_2
19640	Prolif_Invasive_Tumor
127502	Stromal
122797	Myoepi_KRT15
82124	CD4_T_Cells
162221	B_Cells
25268	Invasive_Tumor
77436	CD4_T_Cells
118730	Stromal
52012	Invasive_Tumor
77056	Stromal_T_Cell_Hybrid
52700	Prolif_Invasive_Tumor
161271	DCIS_2
117004	Endothelial
78667	CD8_T_Cells
138679	Stromal
61070	Stromal
30920	CD8_T_Cells
60403	Invasive_Tumor
8559	Stromal
77073	Macrophages_1
158687	Stromal
59602	Stromal
91453	Stromal
122588	Stromal
64164	Stromal
687	Perivascular_Like
22834	Myoepi_ACTA2
53587	Prolif_Invasive_Tumor
132007	DCIS_2
35686	Stromal
148299	DCIS_2
151290	Unlabeled
91566	Stromal
123993	Invasive_Tumor
118989	Stromal
30726	Stromal
24776	Invasive_Tumor
156871	Myoepi_KRT15
127217	Stromal
106221	Myoepi_ACTA2
2740	CD4_T_Cells
105674	Myoepi_ACTA2
152057	DCIS_2
81570	B_Cells
99590	Prolif_Invasive_Tumor
56491	Invasive_Tumor
99567	Invasive_Tumor
79355	Endothelial
153735	DCIS_2
75874	Stromal
74688	Invasive_Tumor
154590	DCIS_2
90175	Stromal
54369	Stromal
137115	Stromal
137819	Macrophages_1
134691	Macrophages_1
163254	DCIS_2
117025	Endothelial
157227	DCIS_2
140543	Macrophages_1
141138	DCIS_2
81169	Macrophages_2
39644	Stromal_T_Cell_Hybrid
62916	Stromal
165667	Myoepi_ACTA2
154076	Stromal
104521	Myoepi_ACTA2
45773	Invasive_Tumor
42570	CD8_T_Cells
150526	Prolif_Invasive_Tumor
67154	Stromal
49836	CD4_T_Cells
29072	Invasive_Tumor
53149	Invasive_Tumor
162573	DCIS_2
117322	Macrophages_1
152026	Unlabeled
108790	Stromal
95482	Stromal
96532	Stromal
73215	Unlabeled
23553	Myoepi_ACTA2
60576	Invasive_Tumor
145728	Stromal
33363	Macrophages_1
97271	Stromal
58056	Invasive_Tumor
50162	Endothelial
137357	B_Cells
40011	Myoepi_ACTA2
33234	B_Cells
132522	Stromal
122134	Unlabeled
89615	Invasive_Tumor
94901	Macrophages_1
118396	Myoepi_KRT15
137729	Macrophages_2
21226	Stromal
115477	B_Cells
66375	Invasive_Tumor
31046	Stromal
47911	Invasive_Tumor
26467	CD8_T_Cells
70529	Invasive_Tumor
149527	CD4_T_Cells
93776	Stromal
2862	Macrophages_1
137546	Macrophages_1
91565	Stromal
127094	Stromal
41804	DCIS_1
76393	Stromal
156340	DCIS_2
84991	Stromal
124974	DCIS_1
118316	Stromal
128893	DCIS_1
43517	Invasive_Tumor
164018	DCIS_2
46520	Unlabeled
68941	Endothelial
119869	Stromal
111155	Macrophages_2
146916	DCIS_2
64980	Invasive_Tumor
88034	Stromal
125141	DCIS_1
39766	CD4_T_Cells
115984	Stromal
52919	Invasive_Tumor
22849	Myoepi_ACTA2
34210	Endothelial
88027	Invasive_Tumor
74341	Invasive_Tumor
99670	Unlabeled
981	Macrophages_1
144043	B_Cells
79493	CD8_T_Cells
152759	Stromal
144860	Stromal
4197	Invasive_Tumor
106629	Stromal
37747	CD8_T_Cells
16048	Invasive_Tumor
145131	DCIS_2
162016	Stromal
45942	Myoepi_ACTA2
13183	Myoepi_KRT15
136176	DCIS_1
78116	Stromal
76294	Myoepi_KRT15
100986	Prolif_Invasive_Tumor
27421	CD4_T_Cells
59951	Invasive_Tumor
132479	DCIS_2
936	DCIS_1
81002	CD4_T_Cells
82785	Stromal
2308	B_Cells
78779	B_Cells
62891	Endothelial
152475	Myoepi_KRT15
114632	Endothelial
18960	Macrophages_1
63348	Invasive_Tumor
104503	Stromal
60066	Endothelial
135114	CD8_T_Cells
8241	Myoepi_ACTA2
127188	Macrophages_2
63596	Stromal
51942	Invasive_Tumor
62716	Endothelial
155953	B_Cells
9468	Unlabeled
136165	Myoepi_KRT15
32179	Macrophages_1
157170	DCIS_2
134978	Macrophages_1
46733	Unlabeled
25505	Prolif_Invasive_Tumor
65893	Stromal
162696	DCIS_2
137473	Macrophages_1
148407	Endothelial
24386	Invasive_Tumor
150666	Stromal
214	Invasive_Tumor
106691	Macrophages_1
82909	CD8_T_Cells
36876	Endothelial
13555	DCIS_2
54441	Invasive_Tumor
155032	Myoepi_ACTA2
115679	Stromal
54404	Macrophages_1
60883	Endothelial
101536	Invasive_Tumor
49982	Stromal
52372	Invasive_Tumor
150823	Stromal
21929	Endothelial
157809	DCIS_2
29621	Prolif_Invasive_Tumor
12914	Stromal
23513	DCIS_1
28330	Stromal
92303	Invasive_Tumor
111850	CD8_T_Cells
16007	DCIS_1
161698	Stromal
65176	Stromal
12322	Myoepi_ACTA2
63172	Stromal
47892	Invasive_Tumor
79823	Stromal
82354	Stromal
33921	Invasive_Tumor
38374	Stromal
18219	Invasive_Tumor
22732	Prolif_Invasive_Tumor
82078	CD8_T_Cells
91995	CD8_T_Cells
55549	B_Cells
36967	Stromal
18108	CD8_T_Cells
70141	Stromal
53116	Invasive_Tumor
154114	DCIS_2
60683	Invasive_Tumor
49698	Invasive_Tumor
157918	DCIS_2
37175	Stromal_T_Cell_Hybrid
140790	Stromal
30952	CD4_T_Cells
55290	CD4_T_Cells
115259	B_Cells
42861	DCIS_1
10698	Unlabeled
1755	Invasive_Tumor
976	Macrophages_1
6470	Myoepi_ACTA2
49785	CD8_T_Cells
30490	Invasive_Tumor
45219	Invasive_Tumor
66485	Myoepi_ACTA2
98629	Stromal
3616	Invasive_Tumor
133106	Macrophages_1
94582	Stromal
1718	Stromal
43127	DCIS_1
145585	Stromal
141517	Endothelial
75489	Invasive_Tumor
155174	Stromal
6486	Endothelial
149071	Stromal
8443	Stromal
93342	Myoepi_ACTA2
84551	Macrophages_1
155450	DCIS_2
87399	Invasive_Tumor
77181	Stromal
152687	Stromal
36522	B_Cells
34936	Macrophages_1
79624	B_Cells
91779	Unlabeled
88840	Prolif_Invasive_Tumor
30229	Macrophages_1
164978	DCIS_2
33375	Endothelial
83216	Stromal
73565	Invasive_Tumor
133627	Stromal
66358	Unlabeled
44076	Invasive_Tumor
11418	Myoepi_KRT15
18662	Endothelial
136573	CD8_T_Cells
121720	DCIS_1
133417	Myoepi_KRT15
57491	Invasive_Tumor
31048	Invasive_Tumor
18093	CD8_T_Cells
97249	Stromal
97615	Stromal
48816	Macrophages_1
71749	Invasive_Tumor
137641	CD4_T_Cells
53072	Prolif_Invasive_Tumor
1967	Stromal
56408	Invasive_Tumor
19529	Myoepi_ACTA2
155943	Endothelial
83357	Macrophages_1
31207	Stromal
97856	Stromal
96075	Stromal
164613	Stromal
158004	DCIS_2
72492	Invasive_Tumor
35983	Stromal
53436	Macrophages_1
88339	Invasive_Tumor
101258	Invasive_Tumor
56757	Invasive_Tumor
78563	Stromal
118211	Stromal
116155	Macrophages_1
106783	Myoepi_ACTA2
55107	Macrophages_1
22327	Stromal
70831	Macrophages_1
90783	Invasive_Tumor
126414	Invasive_Tumor
103810	Stromal_T_Cell_Hybrid
84187	Stromal
140529	Stromal
88050	Invasive_Tumor
16987	DCIS_1
46178	Myoepi_ACTA2
82207	Stromal
65915	Invasive_Tumor
121837	DCIS_1
57893	Invasive_Tumor
59366	Endothelial
27895	CD4_T_Cells
124009	DCIS_1
4233	Invasive_Tumor
120118	Stromal
31007	Macrophages_1
3243	Endothelial
61134	Invasive_Tumor
152635	CD8_T_Cells
18829	Invasive_Tumor
36779	Stromal
38150	Stromal
167489	DCIS_2
113757	Stromal
166086	DCIS_2
76316	Invasive_Tumor
61184	Invasive_Tumor
8234	Stromal
58384	Invasive_Tumor
141832	DCIS_2
166817	CD8_T_Cells
82872	CD4_T_Cells
38272	Stromal
4205	Invasive_Tumor
19757	CD4_T_Cells
27698	DCIS_1
3702	Invasive_Tumor
62754	Stromal
123181	Unlabeled
135133	Endothelial
110694	CD4_T_Cells
81577	Macrophages_1
78433	Myoepi_ACTA2
165623	DCIS_2
142900	DCIS_1
137858	Stromal
66044	Stromal
125367	DCIS_1
94409	Myoepi_ACTA2
108041	Macrophages_1
124097	Unlabeled
20305	DCIS_1
124392	DCIS_1
106013	Myoepi_ACTA2
685	Endothelial
106099	Stromal
7295	Invasive_Tumor
9285	Stromal
97192	Endothelial
134566	CD4_T_Cells
82760	B_Cells
94867	Stromal
39445	CD4_T_Cells
100193	Invasive_Tumor
56824	Macrophages_2
52729	Invasive_Tumor
90465	Invasive_Tumor
155596	Myoepi_ACTA2
1492	Myoepi_ACTA2
158607	DCIS_2
116871	Stromal
86774	Invasive_Tumor
111223	CD4_T_Cells
18431	Invasive_Tumor
129929	Stromal
44685	Macrophages_1
117257	DCIS_1
87558	Stromal
93031	Stromal
90404	Invasive_Tumor
13897	Macrophages_1
64796	Invasive_Tumor
85685	Unlabeled
2580	Stromal
108682	Stromal
7175	Invasive_Tumor
105089	Myoepi_ACTA2
161164	DCIS_2
129562	Stromal
9294	B_Cells
163626	Stromal
131074	Endothelial
44959	Stromal
149107	Endothelial
81045	CD4_T_Cells
7802	Stromal
20270	Myoepi_ACTA2
115907	B_Cells
163538	Myoepi_ACTA2
89698	CD8_T_Cells
38596	Myoepi_ACTA2
38421	Stromal
125310	DCIS_1
102554	CD4_T_Cells
72375	Stromal
92310	Invasive_Tumor
18833	Macrophages_1
144686	Stromal
22691	Macrophages_1
77971	DCIS_1
73556	Stromal
16153	Prolif_Invasive_Tumor
74705	Endothelial
19999	Stromal
36320	Stromal
121665	Macrophages_1
153533	DCIS_2
104874	Stromal
94111	Stromal
17650	Invasive_Tumor
32076	CD4_T_Cells
6217	Invasive_Tumor
117533	Stromal
25507	Invasive_Tumor
94734	Myoepi_KRT15
76187	Invasive_Tumor
161529	Stromal
50323	Prolif_Invasive_Tumor
131610	Macrophages_1
76846	Stromal
151313	Stromal
90162	Stromal
17903	CD8_T_Cells
139164	Endothelial
118270	Myoepi_ACTA2
128434	DCIS_2
19635	Prolif_Invasive_Tumor
10142	DCIS_2
99511	Invasive_Tumor
147907	CD4_T_Cells
60705	Invasive_Tumor
51628	Stromal
89150	Invasive_Tumor
71235	Invasive_Tumor
94350	Myoepi_ACTA2
91818	Stromal
35067	Invasive_Tumor
52388	Invasive_Tumor
69896	Invasive_Tumor
87702	Invasive_Tumor
137847	Stromal
141837	DCIS_2
9918	Endothelial
106879	Stromal
115467	CD4_T_Cells
77405	Stromal
142422	Myoepi_ACTA2
115799	Stromal
163511	Macrophages_1
76641	DCIS_1
93968	Stromal
57453	Prolif_Invasive_Tumor
24211	Invasive_Tumor
74196	Stromal
86977	Invasive_Tumor
54205	Stromal
2166	Stromal
58362	Endothelial
7356	Stromal
9637	Macrophages_1
103406	Invasive_Tumor
146577	Stromal
74562	Stromal
159163	Unlabeled
23214	Stromal
68803	DCIS_2
41223	B_Cells
56393	CD4_T_Cells
154983	Stromal
137471	CD8_T_Cells
13384	Stromal
136532	Myoepi_ACTA2
133990	Macrophages_1
140858	Macrophages_1
127280	Endothelial
48717	Macrophages_1
80282	Stromal
61913	Invasive_Tumor
162459	Stromal
89160	Invasive_Tumor
129595	Myoepi_KRT15
153925	Myoepi_KRT15
43412	Endothelial
9165	CD8_T_Cells
155818	CD4_T_Cells
119133	DCIS_1
23189	CD4_T_Cells
122932	CD4_T_Cells
42661	B_Cells
164268	Stromal
125223	Stromal
124622	DCIS_1
123540	CD8_T_Cells
88278	Invasive_Tumor
77727	Macrophages_1
122402	Perivascular_Like
160455	DCIS_1
45467	Unlabeled
74953	Stromal
93713	Stromal
791	Myoepi_ACTA2
7708	Stromal
164811	Stromal
2531	Endothelial
95295	B_Cells
138289	CD8_T_Cells
57876	Invasive_Tumor
29300	Invasive_Tumor
112262	CD8_T_Cells
27117	CD4_T_Cells
88821	Invasive_Tumor
164454	DCIS_1
12845	DCIS_2
125904	CD4_T_Cells
112338	Unlabeled
103405	Invasive_Tumor
145928	DCIS_2
137752	Unlabeled
49227	Invasive_Tumor
149767	CD4_T_Cells
120493	Myoepi_KRT15
99089	Endothelial
126512	Stromal
134782	DCIS_2
87325	Endothelial
30964	Stromal_T_Cell_Hybrid
140233	CD8_T_Cells
83070	Perivascular_Like
82613	Macrophages_1
96744	CD8_T_Cells
44371	CD8_T_Cells
131147	CD4_T_Cells
43007	Stromal
100894	Invasive_Tumor
164751	Stromal
112267	Macrophages_1
7644	Stromal
14652	Invasive_Tumor
151550	DCIS_2
28438	CD4_T_Cells
76887	Stromal
137684	CD4_T_Cells
90020	Invasive_Tumor
65487	Macrophages_1
39832	CD8_T_Cells
17494	Macrophages_1
40093	Macrophages_1
113524	Stromal
97272	Stromal
160009	Stromal
57936	Endothelial
53153	Invasive_Tumor
26078	Invasive_Tumor
82087	CD4_T_Cells
48948	Invasive_Tumor
28653	B_Cells
126962	B_Cells
93931	Stromal
13539	DCIS_2
155804	CD8_T_Cells
100263	Invasive_Tumor
24636	Stromal
127197	Stromal
84116	Stromal
154032	CD8_T_Cells
71203	Invasive_Tumor
76025	Invasive_Tumor
121754	DCIS_1
4692	Invasive_Tumor
69667	Invasive_Tumor
90004	Invasive_Tumor
33903	Invasive_Tumor
3808	Stromal
141701	Macrophages_1
9026	Stromal
113413	Macrophages_1
87833	Stromal
2130	Invasive_Tumor
19935	DCIS_1
31283	Endothelial
49467	Invasive_Tumor
574	Stromal
90576	Macrophages_1
1800	Invasive_Tumor
4558	Endothelial
140752	Stromal
71877	Stromal
97071	Stromal
110365	Macrophages_1
54850	Invasive_Tumor
57922	Invasive_Tumor
76541	Stromal
102257	Stromal
60538	Prolif_Invasive_Tumor
33448	Invasive_Tumor
83468	Stromal
113516	Stromal
116411	Stromal
15230	DCIS_1
63031	Invasive_Tumor
103379	Endothelial
52842	Invasive_Tumor
86128	Prolif_Invasive_Tumor
109170	Stromal
84441	Invasive_Tumor
143555	DCIS_2
51281	CD8_T_Cells
77602	Stromal
88140	Invasive_Tumor
6214	Myoepi_ACTA2
13325	DCIS_2
18238	Invasive_Tumor
34924	Prolif_Invasive_Tumor
39591	Macrophages_1
18839	Invasive_Tumor
51183	DCIS_2
37628	CD4_T_Cells
32320	Stromal
51549	Stromal
76698	Stromal
128154	DCIS_2
153369	Myoepi_ACTA2
9326	Stromal
136354	DCIS_1
114769	CD4_T_Cells
107962	Stromal
33333	CD8_T_Cells
101725	CD4_T_Cells
36444	IRF7_DCs
137310	B_Cells
8139	Stromal
58171	Stromal
54688	CD8_T_Cells
49130	Invasive_Tumor
10190	DCIS_2
49201	Invasive_Tumor
72487	Invasive_Tumor
93593	CD8_T_Cells
158505	Myoepi_ACTA2
43598	Macrophages_1
16046	Invasive_Tumor
11992	Stromal
105931	Myoepi_ACTA2
104551	Mast_Cells
125337	DCIS_1
26225	Endothelial
24884	Prolif_Invasive_Tumor
102163	Stromal
117245	Unlabeled
6913	Invasive_Tumor
4329	Invasive_Tumor
67523	DCIS_1
13723	Myoepi_ACTA2
8261	Stromal
23079	Stromal
70902	Invasive_Tumor
142764	DCIS_2
148882	CD8_T_Cells
103898	Myoepi_ACTA2
76345	Invasive_Tumor
4013	Stromal
52278	Invasive_Tumor
51613	Invasive_Tumor
126067	Macrophages_1
112362	CD4_T_Cells
21432	Invasive_Tumor
39864	Stromal
164181	DCIS_2
7857	Stromal
22959	CD4_T_Cells
14681	DCIS_1
111733	CD4_T_Cells
20382	DCIS_2
105436	Stromal
145071	DCIS_2
66562	Invasive_Tumor
117053	DCIS_1
22528	Stromal_T_Cell_Hybrid
115255	Macrophages_1
110324	CD8_T_Cells
79841	Stromal
1576	Stromal
64142	Stromal
83984	Stromal
102885	Invasive_Tumor
138730	Endothelial
156174	DCIS_2
45577	Invasive_Tumor
126086	DCIS_1
33332	Stromal
114717	Perivascular_Like
17196	Myoepi_ACTA2
25540	Invasive_Tumor
78475	Myoepi_KRT15
83529	Stromal
73390	Invasive_Tumor
26081	Invasive_Tumor
30337	Endothelial
123020	Stromal
107152	Stromal
128544	DCIS_2
163455	Stromal
159535	DCIS_2
19059	Invasive_Tumor
5400	B_Cells
45757	CD4_T_Cells
76303	Invasive_Tumor
33655	Invasive_Tumor
81459	Stromal
74185	Stromal
152509	Myoepi_ACTA2
6068	Invasive_Tumor
164834	DCIS_2
25702	Unlabeled
119769	Stromal
550	Unlabeled
150417	Unlabeled
45465	Invasive_Tumor
155396	CD8_T_Cells
135445	Stromal
128990	DCIS_2
136606	Stromal
127202	CD8_T_Cells
143291	Macrophages_1
38473	Stromal
114569	B_Cells
90042	Invasive_Tumor
128033	Invasive_Tumor
69772	Unlabeled
14626	Invasive_Tumor
130362	Stromal
8043	Unlabeled
116841	Stromal
5856	Invasive_Tumor
84169	Invasive_Tumor
17591	Invasive_Tumor
111493	CD4_T_Cells
135741	Endothelial
115763	Stromal
121645	DCIS_1
102520	Invasive_Tumor
35294	Stromal
121662	DCIS_1
6497	Stromal
147049	Endothelial
15187	DCIS_1
91903	Stromal
85636	Prolif_Invasive_Tumor
164885	DCIS_2
48547	Invasive_Tumor
128415	Myoepi_ACTA2
26934	Endothelial
71286	Invasive_Tumor
26817	Myoepi_ACTA2
95647	Macrophages_1
8344	B_Cells
67287	DCIS_1
159139	Macrophages_1
13771	Stromal
115685	Stromal
82134	CD8_T_Cells
142044	DCIS_2
142587	DCIS_2
90234	Invasive_Tumor
29658	Stromal
116918	Stromal
100688	Invasive_Tumor
99786	Stromal
132933	CD8_T_Cells
73375	Stromal
80829	Endothelial
31304	Perivascular_Like
139233	Myoepi_ACTA2
21702	CD8_T_Cells
98069	Stromal
20303	DCIS_1
114316	Stromal
43606	CD4_T_Cells
4033	Prolif_Invasive_Tumor
101696	Stromal
142603	DCIS_2
95093	CD8_T_Cells
146830	DCIS_2
55861	Endothelial
115294	B_Cells
44705	Invasive_Tumor
119211	Endothelial
61501	Invasive_Tumor
12482	CD8_T_Cells
161950	DCIS_2
34476	Invasive_Tumor
114105	Endothelial
75821	Stromal
30578	Invasive_Tumor
111600	CD8_T_Cells
114660	Endothelial
27312	Macrophages_2
149312	CD8_T_Cells
146056	Macrophages_1
41025	CD4_T_Cells
14362	DCIS_1
53517	Macrophages_1
33817	Invasive_Tumor
9744	CD8_T_Cells
67111	DCIS_1
109537	Macrophages_1
16541	Invasive_Tumor
47040	Invasive_Tumor
16234	B_Cells
20282	DCIS_1
108349	Stromal
139126	CD4_T_Cells
157962	Stromal
22325	CD8_T_Cells
102974	Stromal
35003	Stromal
57766	Invasive_Tumor
155004	DCIS_2
66488	Invasive_Tumor
85965	CD4_T_Cells
55172	Invasive_Tumor
6222	Stromal
101939	Unlabeled
136153	Stromal
66137	Stromal
54774	Invasive_Tumor
56467	Prolif_Invasive_Tumor
1705	Invasive_Tumor
98934	Stromal
52147	Invasive_Tumor
151130	CD8_T_Cells
131615	Macrophages_1
132859	Stromal
124311	DCIS_1
15799	Stromal
37727	CD4_T_Cells
10571	DCIS_2
38031	DCIS_1
30469	Invasive_Tumor
35391	Stromal
4144	CD4_T_Cells
73527	Stromal
30491	Endothelial
71476	Macrophages_1
149308	Unlabeled
131495	Stromal
15787	Myoepi_ACTA2
23584	Myoepi_ACTA2
5274	Endothelial
140847	IRF7_DCs
121007	Unlabeled
163848	Macrophages_2
107502	Macrophages_1
81595	Macrophages_1
86314	CD4_T_Cells
121727	DCIS_1
5367	Invasive_Tumor
121154	Unlabeled
106184	Macrophages_1
2063	B_Cells
63417	Invasive_Tumor
41522	Stromal
38485	DCIS_1
119966	Macrophages_1
91505	Stromal
104506	Stromal
44111	Invasive_Tumor
77219	CD8_T_Cells
61316	Invasive_Tumor
71064	Invasive_Tumor
60044	Invasive_Tumor
138966	Unlabeled
116391	Stromal
14204	DCIS_2
151797	Myoepi_KRT15
122046	Stromal
69961	Invasive_Tumor
100697	Invasive_Tumor
146724	Endothelial
83923	Invasive_Tumor
68322	Invasive_Tumor
64715	Invasive_Tumor
7731	Stromal
128618	Myoepi_KRT15
150123	Stromal
62591	Stromal
106158	Macrophages_1
154273	CD8_T_Cells
90847	Stromal
10980	Unlabeled
59302	CD4_T_Cells
33932	Invasive_Tumor
131071	Macrophages_1
100901	Prolif_Invasive_Tumor
134871	CD8_T_Cells
132256	Stromal
4096	Prolif_Invasive_Tumor
21568	CD4_T_Cells
45755	Macrophages_1
29958	Prolif_Invasive_Tumor
43612	Invasive_Tumor
17720	Invasive_Tumor
21494	Invasive_Tumor
73881	Stromal
96409	Macrophages_2
122754	DCIS_1
106511	Stromal
144406	Macrophages_1
40113	DCIS_1
91009	Stromal
141387	Unlabeled
127698	B_Cells
59507	Invasive_Tumor
154003	Myoepi_ACTA2
75648	Stromal
56741	Invasive_Tumor
16108	Invasive_Tumor
12998	DCIS_2
116492	Stromal
46450	Stromal
31109	T_Cell_Tumor_Hybrid
59129	Stromal
9437	CD4_T_Cells
7995	Unlabeled
34241	Invasive_Tumor
158960	DCIS_2
160666	Endothelial
94462	Myoepi_ACTA2
102355	Stromal
14477	DCIS_1
79934	Stromal
158170	DCIS_2
2030	Prolif_Invasive_Tumor
73319	T_Cell_Tumor_Hybrid
68797	Unlabeled
30002	CD8_T_Cells
14500	DCIS_1
51154	DCIS_1
46473	DCIS_1
64799	Invasive_Tumor
136635	CD4_T_Cells
137774	Stromal
84963	Invasive_Tumor
32616	Invasive_Tumor
5353	CD8_T_Cells
66056	Stromal
41472	Endothelial
57980	Invasive_Tumor
147345	DCIS_1
58393	Invasive_Tumor
24148	Invasive_Tumor
38994	Macrophages_1
50583	Prolif_Invasive_Tumor
152042	Macrophages_1
107314	Stromal
51444	CD8_T_Cells
152426	DCIS_2
6926	Macrophages_1
36288	CD4_T_Cells
100535	Invasive_Tumor
64711	Invasive_Tumor
133083	Stromal
65539	Macrophages_1
140020	Stromal
14653	Invasive_Tumor
48022	Stromal
116030	DCIS_1
146626	DCIS_2
143053	DCIS_2
58345	Unlabeled
55438	Endothelial
39762	CD4_T_Cells
123708	Macrophages_1
156680	DCIS_2
129895	DCIS_2
22481	Invasive_Tumor
9457	CD4_T_Cells
149191	Stromal
77742	Stromal
112271	Macrophages_1
79475	DCIS_1
77630	Stromal
47809	Invasive_Tumor
117729	B_Cells
21139	Macrophages_1
64284	Stromal
139145	Unlabeled
68540	Unlabeled
110043	Unlabeled
62325	Endothelial
29936	CD8_T_Cells
105985	Myoepi_ACTA2
68199	Stromal
134194	Myoepi_ACTA2
65329	Endothelial
135123	Myoepi_ACTA2
154770	DCIS_2
33999	Macrophages_1
68823	Macrophages_1
144377	DCIS_1
77175	CD8_T_Cells
56407	Invasive_Tumor
160127	Stromal
143200	Stromal
95472	B_Cells
21476	CD4_T_Cells
123694	Macrophages_1
99168	Unlabeled
32727	Myoepi_ACTA2
164472	DCIS_2
165424	Stromal
15728	Endothelial
54469	Invasive_Tumor
87697	Invasive_Tumor
108797	Stromal
103000	Endothelial
139812	Macrophages_2
57592	Invasive_Tumor
53585	Invasive_Tumor
105094	Myoepi_ACTA2
6882	Stromal
109507	Macrophages_1
35324	Endothelial
132566	Unlabeled
97201	CD8_T_Cells
92722	CD4_T_Cells
46231	DCIS_1
55162	Invasive_Tumor
130379	Myoepi_KRT15
19952	Endothelial
67582	Invasive_Tumor
22551	Macrophages_1
72655	Invasive_Tumor
115835	Stromal
26131	Stromal_T_Cell_Hybrid
98756	Macrophages_1
9040	Stromal
40992	CD4_T_Cells
85468	Invasive_Tumor
80474	CD8_T_Cells
59801	Invasive_Tumor
28781	Unlabeled
143283	Myoepi_ACTA2
23287	CD8_T_Cells
113588	Endothelial
98241	Stromal
54164	Invasive_Tumor
34131	Invasive_Tumor
116311	B_Cells
140947	Stromal
40670	IRF7_DCs
100729	Invasive_Tumor
7504	B_Cells
67774	DCIS_2
88102	Invasive_Tumor
55355	Invasive_Tumor
41072	Stromal
88069	Stromal
130692	CD8_T_Cells
1551	DCIS_1
156317	CD8_T_Cells
5155	Unlabeled
160070	Stromal
145456	Myoepi_KRT15
96558	Stromal
94586	Stromal
30680	Stromal
60898	Invasive_Tumor
39937	CD8_T_Cells
35079	Invasive_Tumor
8075	Invasive_Tumor
12695	Endothelial
158033	DCIS_2
45417	Macrophages_1
51155	B_Cells
16592	Invasive_Tumor
120571	CD8_T_Cells
136550	Stromal
128660	Myoepi_ACTA2
6397	CD4_T_Cells
83448	Stromal
84035	Stromal
91693	Endothelial
91064	B_Cells
6916	Invasive_Tumor
63199	Invasive_Tumor
133380	DCIS_2
114589	Stromal
35965	Stromal
161020	Myoepi_KRT15
72968	Endothelial
99416	Invasive_Tumor
146599	Stromal
28350	Invasive_Tumor
57024	Invasive_Tumor
109632	Unlabeled
53725	Stromal
5736	Stromal
118253	Macrophages_1
59815	Invasive_Tumor
72337	Invasive_Tumor
165812	DCIS_2
44148	Macrophages_1
70655	Invasive_Tumor
10694	Stromal
104549	Macrophages_1
99377	Invasive_Tumor
67163	Invasive_Tumor
107375	B_Cells
73451	Invasive_Tumor
49532	Prolif_Invasive_Tumor
45289	Invasive_Tumor
77504	B_Cells
10631	DCIS_2
62320	Endothelial
123897	Invasive_Tumor
63184	Invasive_Tumor
165448	Myoepi_KRT15
136447	Stromal
64765	Invasive_Tumor
151039	Stromal
163435	CD4_T_Cells
18752	Endothelial
18476	Invasive_Tumor
77680	Stromal
43976	Prolif_Invasive_Tumor
87875	Invasive_Tumor
45174	DCIS_1
35068	Invasive_Tumor
109041	DCIS_1
25916	CD8_T_Cells
151495	Stromal
46057	DCIS_1
19069	Invasive_Tumor
31732	Invasive_Tumor
147455	DCIS_2
51077	Invasive_Tumor
155739	Stromal
55937	Stromal
29787	Invasive_Tumor
123668	Myoepi_ACTA2
49440	Unlabeled
150844	Invasive_Tumor
158185	DCIS_2
62428	Stromal
136296	Stromal
134489	Stromal
137743	CD8_T_Cells
90804	Invasive_Tumor
64063	Stromal
134257	Stromal
111525	Macrophages_1
96507	Stromal
142602	DCIS_1
90391	Invasive_Tumor
152213	Stromal
42833	DCIS_1
10597	DCIS_2
134080	Stromal
98489	Stromal
8580	Myoepi_ACTA2
148972	Myoepi_KRT15
65015	Endothelial
54230	Stromal
13880	CD4_T_Cells
126571	Myoepi_ACTA2
85111	Invasive_Tumor
86831	Invasive_Tumor
13530	Myoepi_KRT15
94631	Myoepi_ACTA2
45121	Invasive_Tumor
124813	Endothelial
31989	Endothelial
160422	DCIS_2
119520	Stromal
55578	CD4_T_Cells
148099	CD4_T_Cells
27293	CD4_T_Cells
154012	Myoepi_ACTA2
133560	DCIS_2
56689	Invasive_Tumor
16147	Invasive_Tumor
86439	Invasive_Tumor
38501	Macrophages_1
142477	Stromal
67440	Invasive_Tumor
114218	Stromal
6152	Macrophages_1
142490	B_Cells
17918	Invasive_Tumor
52709	Prolif_Invasive_Tumor
121434	DCIS_1
121817	CD4_T_Cells
71412	Invasive_Tumor
63982	Invasive_Tumor
148900	Stromal
28062	CD8_T_Cells
64256	Invasive_Tumor
88307	Invasive_Tumor
49074	Invasive_Tumor
132074	DCIS_2
30855	Stromal
57306	Macrophages_1
41837	Stromal
65269	Invasive_Tumor
160171	Stromal
143994	Unlabeled
35350	Stromal
153988	DCIS_2
95238	Stromal
104931	Stromal
163347	Macrophages_1
103673	Stromal
22584	Stromal
1186	Invasive_Tumor
134009	Stromal
26989	CD8_T_Cells
33609	Stromal
84281	Stromal
47822	Endothelial
115936	CD8_T_Cells
132003	DCIS_2
134887	CD4_T_Cells
28680	Invasive_Tumor
45797	Prolif_Invasive_Tumor
15080	Unlabeled
29122	Stromal
33348	Stromal
52163	Invasive_Tumor
2389	DCIS_1
96010	Stromal
115569	Stromal
65254	Invasive_Tumor
29247	Macrophages_1
22859	DCIS_1
150628	Invasive_Tumor
106416	Stromal
164605	Stromal
61708	Macrophages_1
36936	Stromal
96745	Stromal
73328	Invasive_Tumor
149738	CD4_T_Cells
31023	Invasive_Tumor
160993	DCIS_1
14122	DCIS_2
1483	DCIS_1
308	Invasive_Tumor
138293	CD8_T_Cells
114734	Endothelial
72048	Invasive_Tumor
92266	Macrophages_1
10099	DCIS_2
146792	Myoepi_KRT15
149620	CD8_T_Cells
78956	Stromal
110121	Unlabeled
158884	DCIS_2
37640	Stromal
70008	Invasive_Tumor
151117	CD4_T_Cells
47818	Unlabeled
29065	T_Cell_Tumor_Hybrid
119701	Stromal
45665	Stromal
49868	Stromal
65839	Unlabeled
47535	Stromal
97012	CD8_T_Cells
101649	Invasive_Tumor
27471	Stromal
87068	Invasive_Tumor
55152	Invasive_Tumor
161008	DCIS_1
19032	Invasive_Tumor
123984	CD8_T_Cells
92878	CD4_T_Cells
76410	Stromal_T_Cell_Hybrid
85122	Invasive_Tumor
61855	Macrophages_1
87221	Invasive_Tumor
72089	Prolif_Invasive_Tumor
11856	Myoepi_KRT15
147092	Macrophages_1
2503	CD4_T_Cells
142614	DCIS_2
12108	Stromal
7065	Stromal
13616	DCIS_1
30480	Invasive_Tumor
123847	Stromal
122365	CD8_T_Cells
129441	Macrophages_1
93045	Stromal
128609	DCIS_2
139021	Perivascular_Like
100228	Invasive_Tumor
102908	Macrophages_1
54836	Stromal
144444	DCIS_2
63334	Macrophages_1
79731	IRF7_DCs
138168	CD4_T_Cells
53027	Invasive_Tumor
111299	CD8_T_Cells
122696	Endothelial
60058	Invasive_Tumor
127368	Stromal
164221	Stromal
166623	CD4_T_Cells
111566	Unlabeled
114180	Stromal
31982	Invasive_Tumor
73207	Invasive_Tumor
117307	CD4_T_Cells
161492	DCIS_2
121635	CD8_T_Cells
146125	Stromal
121891	LAMP3_DCs
34518	Invasive_Tumor
58387	Prolif_Invasive_Tumor
159140	Unlabeled
89407	Prolif_Invasive_Tumor
138880	Stromal
27689	Macrophages_1
74356	Invasive_Tumor
153226	Myoepi_ACTA2
133378	Stromal
63219	Stromal
41419	CD8_T_Cells
122336	Stromal
139147	Macrophages_1
9909	Unlabeled
161401	DCIS_2
64629	Stromal
69634	Invasive_Tumor
162375	DCIS_2
25674	Macrophages_1
98	Invasive_Tumor
117252	DCIS_1
111413	CD8_T_Cells
162871	Myoepi_KRT15
31992	Stromal
49635	LAMP3_DCs
114198	Stromal
113679	Macrophages_2
163088	Endothelial
109802	Stromal
123683	Endothelial
154475	Myoepi_ACTA2
158177	DCIS_2
88051	Invasive_Tumor
72570	Invasive_Tumor
80425	Myoepi_ACTA2
19819	B_Cells
58221	Invasive_Tumor
84949	Invasive_Tumor
153080	Myoepi_KRT15
41494	Stromal
69992	Invasive_Tumor
79360	Stromal
22943	DCIS_1
136068	Stromal
90902	Stromal
54085	Invasive_Tumor
43390	CD8_T_Cells
143035	DCIS_2
36918	Stromal
31295	Endothelial
146208	Stromal
12079	DCIS_2
54240	Invasive_Tumor
53087	Stromal
39297	Stromal
26570	IRF7_DCs
56137	Invasive_Tumor
84511	Invasive_Tumor
123721	DCIS_1
152383	DCIS_2
1151	Invasive_Tumor
5344	Macrophages_1
159744	Invasive_Tumor
37680	CD4_T_Cells
161091	DCIS_2
53758	Endothelial
25324	Invasive_Tumor
129033	DCIS_2
20476	Unlabeled
51789	Prolif_Invasive_Tumor
47750	Invasive_Tumor
98843	Unlabeled
145566	B_Cells
46710	Unlabeled
72435	Invasive_Tumor
136155	Stromal
98627	Invasive_Tumor
72752	Invasive_Tumor
147428	DCIS_2
93036	Stromal
67172	Macrophages_1
4654	Stromal
153038	CD8_T_Cells
166961	Myoepi_KRT15
83741	Stromal
147042	Stromal
160093	Stromal
149920	CD8_T_Cells
16705	Unlabeled
155191	Macrophages_2
3434	Stromal
123911	DCIS_1
5773	Invasive_Tumor
32436	Invasive_Tumor
109744	Myoepi_KRT15
3712	Invasive_Tumor
28929	Stromal
34752	Invasive_Tumor
116942	DCIS_1
4819	Endothelial
88139	Invasive_Tumor
27603	Macrophages_1
60071	Endothelial
152668	DCIS_2
100477	Invasive_Tumor
69350	Invasive_Tumor
123645	CD8_T_Cells
137419	CD4_T_Cells
70357	Invasive_Tumor
52473	Invasive_Tumor
159922	DCIS_2
154606	Stromal
25884	B_Cells
106682	Macrophages_1
154293	CD4_T_Cells
16099	DCIS_1
112641	DCIS_1
45503	Unlabeled
125318	DCIS_1
133761	Macrophages_1
30306	Invasive_Tumor
84788	Stromal
62711	Invasive_Tumor
137459	CD4_T_Cells
160904	Macrophages_1
81735	CD4_T_Cells
55727	Stromal
89813	Invasive_Tumor
150459	Stromal
103623	Stromal
147499	Stromal
9385	Stromal
155351	CD4_T_Cells
61991	Stromal
12356	Stromal
139537	Stromal
89601	Macrophages_1
70128	Invasive_Tumor
121382	Stromal
129380	Macrophages_1
107848	Stromal
9262	Stromal
129526	B_Cells
131843	Stromal
30955	Stromal
69021	Invasive_Tumor
80785	Stromal
61502	Invasive_Tumor
140145	Stromal
85100	Invasive_Tumor
124430	DCIS_1
75095	Macrophages_1
61534	Invasive_Tumor
7210	Invasive_Tumor
48873	Invasive_Tumor
157634	DCIS_2
83499	Stromal
71280	Invasive_Tumor
77078	B_Cells
7912	Endothelial
34273	CD8_T_Cells
30691	Invasive_Tumor
83147	Stromal
10449	LAMP3_DCs
38483	Myoepi_ACTA2
50997	Endothelial
160804	Stromal
41256	CD4_T_Cells
5967	Invasive_Tumor
54807	Macrophages_1
117561	Myoepi_KRT15
98212	Stromal
58350	Stromal
134886	Stromal
150037	Endothelial
125647	DCIS_1
101177	Invasive_Tumor
5023	Stromal
99091	Stromal
78104	CD8_T_Cells
148027	Endothelial
21211	CD8_T_Cells
104812	Stromal
110141	CD8_T_Cells
121695	DCIS_1
111088	Unlabeled
143411	Myoepi_ACTA2
127313	Endothelial
157042	DCIS_2
49446	Invasive_Tumor
55498	Macrophages_1
34910	Invasive_Tumor
74172	CD8_T_Cells
90506	Invasive_Tumor
2045	Macrophages_1
20729	DCIS_1
89217	Stromal
51003	DCIS_1
100130	Invasive_Tumor
163809	Stromal
46921	Invasive_Tumor
23241	Stromal
30760	Invasive_Tumor
110805	Unlabeled
153700	Myoepi_KRT15
54775	Invasive_Tumor
57113	CD8_T_Cells
83909	Invasive_Tumor
14284	Invasive_Tumor
163023	Stromal
121863	DCIS_1
112465	CD4_T_Cells
119405	DCIS_1
74014	CD8_T_Cells
152084	DCIS_2
74450	Stromal
61409	Invasive_Tumor
27022	Macrophages_1
69857	Invasive_Tumor
85101	T_Cell_Tumor_Hybrid
156857	Macrophages_1
4219	Invasive_Tumor
61614	Invasive_Tumor
57258	Invasive_Tumor
41454	Stromal
113129	Invasive_Tumor
148855	CD4_T_Cells
74429	Endothelial
28491	Myoepi_ACTA2
2000	Unlabeled
163649	Stromal
77733	Stromal
26482	CD4_T_Cells
17370	Invasive_Tumor
64694	Invasive_Tumor
39692	Stromal
94171	Macrophages_1
142739	CD8_T_Cells
110102	Unlabeled
149172	Stromal
395	Macrophages_1
60449	CD4_T_Cells
154512	DCIS_2
138221	Stromal
147158	Macrophages_1
138436	Endothelial
138796	Stromal
75197	Invasive_Tumor
122970	CD8_T_Cells
50641	Invasive_Tumor
21777	Macrophages_1
72936	Prolif_Invasive_Tumor
50525	CD8_T_Cells
16241	Endothelial
75839	Invasive_Tumor
154416	Unlabeled
158741	Stromal
49024	Macrophages_1
101304	Endothelial
104225	DCIS_1
130320	CD8_T_Cells
60692	Invasive_Tumor
112517	Stromal
54199	Invasive_Tumor
133691	Macrophages_1
66381	Invasive_Tumor
33765	Stromal
122380	Macrophages_1
91633	Macrophages_1
91867	Stromal
47622	Invasive_Tumor
21698	Unlabeled
104256	Endothelial
125507	Unlabeled
28650	CD4_T_Cells
154933	Stromal
36486	Stromal
159207	Macrophages_1
163768	Stromal
69814	Invasive_Tumor
32555	Macrophages_1
17038	Stromal
88730	Invasive_Tumor
81257	CD8_T_Cells
95776	CD4_T_Cells
4073	Invasive_Tumor
79688	Stromal
100842	Invasive_Tumor
140542	Stromal
15201	Invasive_Tumor
58079	Invasive_Tumor
161342	Myoepi_KRT15
9805	DCIS_1
108479	Stromal
94852	Stromal
42144	Myoepi_ACTA2
112532	CD4_T_Cells
63075	Invasive_Tumor
167444	DCIS_2
152714	DCIS_2
120286	DCIS_1
7093	Invasive_Tumor
121243	Stromal
60436	B_Cells
40824	Stromal
103001	Macrophages_1
117516	Stromal
65595	Stromal
69278	Invasive_Tumor
157217	DCIS_1
34464	Invasive_Tumor
57210	Stromal
140087	T_Cell_Tumor_Hybrid
128364	DCIS_2
42434	Stromal
137908	CD4_T_Cells
43385	CD4_T_Cells
65373	Stromal
165239	Macrophages_1
93644	Stromal
67055	Prolif_Invasive_Tumor
12274	Unlabeled
57487	Prolif_Invasive_Tumor
114261	Stromal
80423	DCIS_1
20467	DCIS_2
47092	DCIS_1
156083	DCIS_2
43113	Unlabeled
155812	Endothelial
111536	DCIS_1
39879	Macrophages_1
29638	CD8_T_Cells
123888	Unlabeled
164909	DCIS_2
82121	CD4_T_Cells
43712	Stromal
58153	Invasive_Tumor
59715	Invasive_Tumor
34574	Endothelial
102707	Myoepi_ACTA2
34324	Invasive_Tumor
23527	Stromal_T_Cell_Hybrid
54549	Macrophages_1
51029	Myoepi_ACTA2
130429	Stromal
97723	Stromal
84948	Invasive_Tumor
27531	Macrophages_1
126396	DCIS_1
130123	DCIS_2
62593	Invasive_Tumor
124514	DCIS_1
98438	Stromal
69170	Stromal
68800	Unlabeled
159580	Endothelial
11314	Endothelial
149175	Stromal
3209	DCIS_1
40404	Myoepi_ACTA2
159926	DCIS_2
3801	Invasive_Tumor
64495	Invasive_Tumor
134226	DCIS_2
142647	DCIS_2
71771	Macrophages_1
119722	Endothelial
161382	Macrophages_1
62875	Stromal
129034	Perivascular_Like
37206	Invasive_Tumor
86056	Invasive_Tumor
159335	Myoepi_ACTA2
105385	DCIS_1
136885	CD4_T_Cells
4735	Invasive_Tumor
146215	Stromal
76962	B_Cells
20611	Macrophages_1
73983	Macrophages_1
96701	Stromal
130371	Myoepi_ACTA2
34517	Prolif_Invasive_Tumor
156113	DCIS_2
14526	Invasive_Tumor
1780	Invasive_Tumor
19878	DCIS_1
143188	Stromal
132639	Macrophages_1
127794	Macrophages_1
158288	DCIS_2
147195	Stromal
71708	Invasive_Tumor
67541	DCIS_1
50002	Invasive_Tumor
92671	Perivascular_Like
70090	Stromal
72988	Stromal
19398	CD4_T_Cells
89918	Invasive_Tumor
136238	Endothelial
128427	Stromal
22253	Invasive_Tumor
123022	DCIS_1
115854	CD4_T_Cells
105780	Stromal
162968	DCIS_2
60542	Invasive_Tumor
86584	Macrophages_1
35478	Invasive_Tumor
41855	Myoepi_ACTA2
98799	CD4_T_Cells
24646	Macrophages_1
39939	B_Cells
12071	Myoepi_KRT15
49379	Myoepi_ACTA2
133833	Stromal
167044	Stromal
163955	Macrophages_2
127702	CD4_T_Cells
37028	Invasive_Tumor
18143	Invasive_Tumor
98028	Stromal
71074	Invasive_Tumor
30421	Invasive_Tumor
162010	Endothelial
137599	Unlabeled
27445	Endothelial
140248	Stromal
127841	Stromal
91190	Macrophages_1
126708	DCIS_1
157973	Stromal
138503	CD4_T_Cells
28495	Myoepi_ACTA2
34127	Invasive_Tumor
113113	CD8_T_Cells
162884	Myoepi_KRT15
75771	Invasive_Tumor
118852	Stromal
105240	Stromal
88353	Unlabeled
154007	Endothelial
62947	Invasive_Tumor
148142	DCIS_2
57575	Invasive_Tumor
144786	Myoepi_ACTA2
10758	Myoepi_ACTA2
130459	CD4_T_Cells
9653	Stromal
85504	Invasive_Tumor
161541	Stromal
159449	Macrophages_1
105256	Stromal
103992	Stromal
57863	Macrophages_1
84520	Unlabeled
102895	Stromal
27639	Stromal
70568	Invasive_Tumor
121363	CD8_T_Cells
58109	Invasive_Tumor
117063	DCIS_1
58776	Invasive_Tumor
159888	DCIS_1
105179	Stromal
122972	B_Cells
54403	Macrophages_1
15526	DCIS_1
140578	Endothelial
51206	Myoepi_ACTA2
3430	Stromal
118540	Stromal
21370	Invasive_Tumor
102514	Stromal
142521	Unlabeled
80828	Myoepi_ACTA2
140902	Stromal
110674	Myoepi_KRT15
96929	CD8_T_Cells
55604	CD4_T_Cells
106064	Myoepi_ACTA2
111787	CD8_T_Cells
115941	Stromal
29570	Invasive_Tumor
140450	Myoepi_KRT15
106766	B_Cells
32558	Macrophages_2
85940	Unlabeled
5492	Invasive_Tumor
34333	Prolif_Invasive_Tumor
126783	B_Cells
165188	Stromal
108356	Stromal
21517	DCIS_1
155384	Stromal
139892	Stromal
9321	Stromal
154393	CD4_T_Cells
47229	Invasive_Tumor
16608	Invasive_Tumor
41938	Myoepi_ACTA2
121666	Macrophages_1
56150	Invasive_Tumor
109158	CD8_T_Cells
134039	Stromal
161827	DCIS_2
99876	Invasive_Tumor
157486	Myoepi_KRT15
72677	Invasive_Tumor
66495	Invasive_Tumor
153459	B_Cells
107129	Stromal
87759	Invasive_Tumor
153884	DCIS_2
81894	Endothelial
163232	Stromal
144106	DCIS_2
159309	Unlabeled
160063	Endothelial
107246	Stromal
115217	IRF7_DCs
111290	CD8_T_Cells
144080	Myoepi_KRT15
119839	Macrophages_1
69865	Invasive_Tumor
9998	Endothelial
122297	DCIS_1
41000	CD8_T_Cells
78324	Stromal
53196	Prolif_Invasive_Tumor
128291	DCIS_2
64013	Stromal
120368	DCIS_1
32325	Invasive_Tumor
61669	Invasive_Tumor
9351	Endothelial
102142	Stromal
26391	Stromal
134878	Stromal
115225	Stromal
98352	Stromal
82731	CD4_T_Cells
48995	Invasive_Tumor
41363	B_Cells
167604	DCIS_2
52100	Invasive_Tumor
8765	Myoepi_ACTA2
85686	Unlabeled
133291	Macrophages_2
45509	Endothelial
47068	DCIS_1
127878	DCIS_2
47486	Invasive_Tumor
65285	CD8_T_Cells
16328	DCIS_1
143788	Myoepi_ACTA2
137861	Stromal
120026	Stromal
661	Unlabeled
51466	Stromal
106475	Stromal
35344	Invasive_Tumor
18663	Invasive_Tumor
124345	DCIS_1
14030	DCIS_2
132658	CD8_T_Cells
83901	Invasive_Tumor
141395	Myoepi_ACTA2
120243	Macrophages_1
166532	Stromal
43802	Invasive_Tumor
34751	Invasive_Tumor
3261	DCIS_1
26515	Macrophages_1
49872	Stromal
43237	Stromal
8089	Stromal
160656	Stromal
80251	B_Cells
167052	Endothelial
112880	Unlabeled
21518	Myoepi_ACTA2
34632	Unlabeled
145613	Stromal
66567	Invasive_Tumor
152373	DCIS_2
14819	DCIS_1
90236	Invasive_Tumor
127470	B_Cells
148910	Stromal
45272	Myoepi_ACTA2
45300	Invasive_Tumor
79195	Stromal
53814	Invasive_Tumor
29600	Invasive_Tumor
100385	T_Cell_Tumor_Hybrid
10465	Myoepi_ACTA2
115194	CD8_T_Cells
136297	Endothelial
13132	DCIS_2
5538	Unlabeled
4340	Invasive_Tumor
102513	Stromal
89651	Invasive_Tumor
152942	Stromal
61148	Invasive_Tumor
92560	Endothelial
113414	Stromal
19708	Invasive_Tumor
16743	DCIS_1
3120	CD8_T_Cells
92894	CD8_T_Cells
150523	Prolif_Invasive_Tumor
29424	Stromal
48541	Invasive_Tumor
49079	Invasive_Tumor
19028	Invasive_Tumor
100985	Endothelial
159134	DCIS_2
33899	Invasive_Tumor
78542	Stromal
30278	Invasive_Tumor
28174	DCIS_1
75155	B_Cells
71380	Invasive_Tumor
145738	DCIS_2
13696	Endothelial
57878	Invasive_Tumor
127456	CD4_T_Cells
102164	B_Cells
119245	DCIS_1
39557	Stromal
33834	Invasive_Tumor
149747	CD8_T_Cells
136620	Unlabeled
57764	Invasive_Tumor
113150	Stromal
102682	Stromal
146229	CD4_T_Cells
140319	Stromal
167229	DCIS_2
21895	Stromal
127594	Macrophages_1
3246	CD4_T_Cells
71628	Prolif_Invasive_Tumor
146614	Stromal
31965	Stromal
51488	Invasive_Tumor
108787	Stromal
86486	Invasive_Tumor
87521	Invasive_Tumor
63006	Invasive_Tumor
42048	DCIS_1
18564	Invasive_Tumor
152732	Myoepi_ACTA2
124271	Unlabeled
100591	Invasive_Tumor
144169	Myoepi_KRT15
63463	Endothelial
27537	CD4_T_Cells
165358	DCIS_2
147553	DCIS_2
23572	Myoepi_ACTA2
3691	Invasive_Tumor
34397	Invasive_Tumor
19394	Perivascular_Like
90973	CD4_T_Cells
122335	Stromal
56982	Invasive_Tumor
102814	Stromal
88723	Invasive_Tumor
58737	Invasive_Tumor
147714	Myoepi_KRT15
38500	Stromal
17680	Invasive_Tumor
17820	Prolif_Invasive_Tumor
31720	Stromal
97534	Stromal
60106	Invasive_Tumor
110144	CD4_T_Cells
114886	Invasive_Tumor
159704	DCIS_2
78308	Stromal
86474	Prolif_Invasive_Tumor
105970	Stromal
105503	Stromal
43645	Macrophages_1
124393	DCIS_1
45564	DCIS_1
147828	Myoepi_ACTA2
16875	Invasive_Tumor
102535	B_Cells
35096	Stromal
5083	Prolif_Invasive_Tumor
153964	DCIS_2
19882	DCIS_1
62580	Prolif_Invasive_Tumor
381	Macrophages_1
65807	CD4_T_Cells
100268	Invasive_Tumor
155213	Stromal
50442	Invasive_Tumor
135070	Stromal
82231	B_Cells
152535	DCIS_2
92458	Stromal
63917	Invasive_Tumor
86913	Invasive_Tumor
71307	Invasive_Tumor
99360	Invasive_Tumor
83207	Stromal
116558	Macrophages_1
164726	Endothelial
132083	DCIS_2
125979	Invasive_Tumor
17547	Invasive_Tumor
42235	Myoepi_ACTA2
80591	CD8_T_Cells
103640	Stromal
155946	Stromal
4711	Invasive_Tumor
143318	Stromal
89333	Prolif_Invasive_Tumor
76661	Stromal
111	DCIS_1
102140	Endothelial
97841	Stromal
109409	DCIS_1
134375	DCIS_2
160684	Unlabeled
121567	Stromal
93418	Stromal
60460	Macrophages_1
155397	CD4_T_Cells
163110	Stromal
98582	Stromal
65524	B_Cells
149254	Stromal
113990	Stromal
99574	Invasive_Tumor
131594	CD8_T_Cells
109334	DCIS_1
48852	Prolif_Invasive_Tumor
103805	Unlabeled
85316	Invasive_Tumor
16763	DCIS_1
89305	Prolif_Invasive_Tumor
90000	Invasive_Tumor
66788	Invasive_Tumor
164081	DCIS_2
111348	Macrophages_1
136218	DCIS_1
87271	Invasive_Tumor
109534	CD4_T_Cells
23142	Myoepi_ACTA2
106059	Myoepi_ACTA2
36204	Stromal
93429	Stromal
29901	Stromal
39474	CD8_T_Cells
117280	Myoepi_ACTA2
81615	LAMP3_DCs
15759	Endothelial
82040	Stromal
153432	DCIS_2
35146	CD4_T_Cells
25173	Stromal
124521	Myoepi_ACTA2
127640	Stromal
135000	Macrophages_1
99915	Invasive_Tumor
35801	Unlabeled
102733	Stromal
23746	Stromal
135365	Macrophages_1
17009	Invasive_Tumor
13650	Unlabeled
120530	CD4_T_Cells
117498	Stromal
3951	Unlabeled
101116	Invasive_Tumor
47553	Invasive_Tumor
128489	DCIS_2
11728	DCIS_2
117540	Myoepi_KRT15
127042	Unlabeled
94140	B_Cells
41661	DCIS_1
58465	Macrophages_1
38626	Stromal
131602	Stromal
131625	CD4_T_Cells
102742	Myoepi_ACTA2
53355	Invasive_Tumor
95493	Stromal
89527	Invasive_Tumor
69692	Invasive_Tumor
37062	Invasive_Tumor
105917	Stromal
115230	Stromal
41366	Stromal
74088	Invasive_Tumor
79491	CD8_T_Cells
98852	Stromal
133037	Macrophages_1
58576	Invasive_Tumor
64026	Endothelial
139312	Stromal
48593	Invasive_Tumor
4281	Prolif_Invasive_Tumor
45975	DCIS_1
47645	Invasive_Tumor
117309	Macrophages_1
136258	IRF7_DCs
158139	DCIS_2
9495	Stromal
127440	Stromal
26428	Invasive_Tumor
65452	Stromal
25554	Unlabeled
78607	Stromal
158067	DCIS_1
97794	Stromal
90870	Stromal
16964	DCIS_1
46794	Invasive_Tumor
160345	DCIS_2
73120	Macrophages_1
138604	DCIS_2
1466	DCIS_1
2869	Stromal
107983	Stromal
14995	Invasive_Tumor
40375	Macrophages_1
44563	Endothelial
87930	Invasive_Tumor
46280	DCIS_1
31682	DCIS_1
161963	DCIS_2
30963	Invasive_Tumor
122	Invasive_Tumor
126197	DCIS_1
2785	Macrophages_1
106224	Myoepi_ACTA2
97708	Stromal
31126	Invasive_Tumor
44652	Stromal
23785	CD4_T_Cells
118456	Macrophages_1
68187	Prolif_Invasive_Tumor
146862	DCIS_2
37205	Endothelial
81517	B_Cells
31785	CD4_T_Cells
139009	Stromal
89946	Invasive_Tumor
85006	Stromal
74197	CD8_T_Cells
152545	DCIS_2
58301	Invasive_Tumor
110652	Perivascular_Like
73429	Invasive_Tumor
63378	Invasive_Tumor
70222	Invasive_Tumor
157266	DCIS_2
137571	CD4_T_Cells
40368	Stromal
121035	Unlabeled
95586	Stromal
99682	Endothelial
33988	CD4_T_Cells
124107	Unlabeled
69587	Macrophages_1
45440	Macrophages_1
131474	Stromal
142744	Myoepi_ACTA2
37636	CD8_T_Cells
117614	Stromal
15750	Invasive_Tumor
150660	Stromal
111167	Unlabeled
127558	Stromal
79216	DCIS_1
2175	Invasive_Tumor
114324	Stromal
74852	Unlabeled
123692	Stromal
152157	Stromal
34136	Invasive_Tumor
22019	Invasive_Tumor
119065	Stromal
146040	Myoepi_KRT15
125069	DCIS_1
132619	CD8_T_Cells
88013	Stromal
141510	CD8_T_Cells
111140	Stromal
127200	CD8_T_Cells
167099	DCIS_2
133891	DCIS_2
104835	Stromal
67184	Invasive_Tumor
12247	Endothelial
39495	Myoepi_ACTA2
22983	Unlabeled
134476	Stromal
129068	Stromal
151651	Stromal
68362	Invasive_Tumor
94558	Stromal
61566	Invasive_Tumor
27177	Invasive_Tumor
29886	Invasive_Tumor
105306	Stromal
47811	Invasive_Tumor
166438	Macrophages_2
129751	Stromal
76108	Invasive_Tumor
82714	B_Cells
12034	Macrophages_1
21369	Invasive_Tumor
58404	Invasive_Tumor
138893	Stromal
56145	Invasive_Tumor
156813	Endothelial
167499	DCIS_2
164065	DCIS_2
92040	Invasive_Tumor
25139	Invasive_Tumor
127004	DCIS_1
61520	CD8_T_Cells
1255	Invasive_Tumor
160028	DCIS_2
75386	Invasive_Tumor
142599	DCIS_2
55453	Perivascular_Like
72628	Invasive_Tumor
99882	Invasive_Tumor
23232	Stromal
100434	Invasive_Tumor
145529	Myoepi_KRT15
149472	B_Cells
10625	Macrophages_1
126924	Stromal
30674	Macrophages_1
147507	DCIS_2
43100	Stromal
37843	Macrophages_1
13142	Stromal
28268	Myoepi_ACTA2
162561	DCIS_2
25304	B_Cells
20624	DCIS_1
27346	CD4_T_Cells
115282	Stromal
35906	Invasive_Tumor
81067	Stromal
158069	DCIS_2
84102	Unlabeled
78275	CD4_T_Cells
85	DCIS_1
112395	Endothelial
63774	Invasive_Tumor
162864	DCIS_2
69106	Invasive_Tumor
77546	Stromal
134602	Stromal
89846	Prolif_Invasive_Tumor
64132	Invasive_Tumor
25	Unlabeled
60581	Invasive_Tumor
71555	CD8_T_Cells
24427	Invasive_Tumor
20190	DCIS_1
76048	Invasive_Tumor
64898	Invasive_Tumor
91996	Macrophages_1
165532	Macrophages_1
165907	DCIS_2
63646	Invasive_Tumor
92085	Stromal
48179	Invasive_Tumor
110640	DCIS_1
157198	DCIS_2
114598	Macrophages_2
33528	Invasive_Tumor
68159	Invasive_Tumor
97287	Stromal
137666	CD4_T_Cells
5125	Invasive_Tumor
133737	Stromal
60937	Stromal
75292	Endothelial
124484	DCIS_1
33105	Invasive_Tumor
122829	Stromal
153787	DCIS_2
34008	Invasive_Tumor
153348	DCIS_2
66739	Invasive_Tumor
24713	Invasive_Tumor
41028	Macrophages_1
64391	Invasive_Tumor
71768	Stromal
25523	Stromal
145882	DCIS_2
98513	Stromal
108430	Stromal
98931	Macrophages_1
55158	Invasive_Tumor
21937	DCIS_1
92564	Endothelial
149514	CD4_T_Cells
28356	Invasive_Tumor
38030	Myoepi_ACTA2
137612	CD4_T_Cells
101593	Invasive_Tumor
55138	Invasive_Tumor
31800	CD4_T_Cells
136483	Unlabeled
89123	Macrophages_1
41196	Stromal
166946	DCIS_2
111625	Macrophages_1
119473	Stromal
103322	Invasive_Tumor
109705	Unlabeled
128440	DCIS_1
147302	DCIS_2
84212	Invasive_Tumor
142631	DCIS_2
145560	Myoepi_KRT15
156241	Endothelial
85798	Stromal
145522	Stromal
75574	Invasive_Tumor
71758	Invasive_Tumor
18732	Invasive_Tumor
33554	Stromal
96752	CD4_T_Cells
73685	Invasive_Tumor
166708	DCIS_2
133504	Macrophages_1
162699	DCIS_1
149193	Stromal
30171	Invasive_Tumor
56769	Invasive_Tumor
61271	Unlabeled
68584	Unlabeled
136093	Stromal_T_Cell_Hybrid
114036	B_Cells
55191	Invasive_Tumor
137863	DCIS_1
127893	DCIS_2
116421	Stromal
159780	DCIS_2
98655	Stromal
24474	Prolif_Invasive_Tumor
31685	DCIS_1
52701	Invasive_Tumor
132927	Stromal
123646	Myoepi_ACTA2
31398	Endothelial
95421	CD4_T_Cells
140182	Macrophages_2
135775	Stromal
38789	Unlabeled
67416	Myoepi_ACTA2
44031	Endothelial
127534	Stromal
149746	Myoepi_ACTA2
39510	Myoepi_ACTA2
82473	Stromal
27672	Stromal
109362	DCIS_1
91594	Stromal
144699	Stromal
100881	Prolif_Invasive_Tumor
105152	Stromal
126318	DCIS_1
65121	Macrophages_2
67992	Invasive_Tumor
136528	Stromal
74155	Stromal
114899	Invasive_Tumor
98311	Macrophages_2
36057	Stromal
82415	CD4_T_Cells
59837	Invasive_Tumor
26307	DCIS_1
127520	Macrophages_2
49489	Stromal
72503	Invasive_Tumor
116946	Stromal
65287	Myoepi_ACTA2
101505	Endothelial
38982	Macrophages_1
138037	Unlabeled
112310	Macrophages_1
77840	DCIS_1
32165	Invasive_Tumor
35227	Invasive_Tumor
71351	Invasive_Tumor
70313	Invasive_Tumor
99833	Invasive_Tumor
126621	B_Cells
167023	Myoepi_KRT15
7260	Macrophages_1
156476	Endothelial
58994	Invasive_Tumor
142616	DCIS_2
154849	DCIS_2
54061	Stromal_T_Cell_Hybrid
166150	Stromal
127714	Macrophages_1
133986	Stromal
130020	Macrophages_1
122774	DCIS_1
41527	B_Cells
121352	Stromal
153014	Stromal_T_Cell_Hybrid
167237	DCIS_2
162687	Myoepi_ACTA2
28197	CD4_T_Cells
93289	Myoepi_ACTA2
67281	Macrophages_1
11132	Stromal
73563	Invasive_Tumor
106792	Myoepi_ACTA2
159955	DCIS_2
36297	CD4_T_Cells
118062	Stromal
124177	Stromal
23709	Stromal
165362	Unlabeled
62898	B_Cells
82404	B_Cells
32322	Stromal
71430	Invasive_Tumor
38958	Unlabeled
50063	DCIS_1
14545	DCIS_1
154912	DCIS_2
38682	Invasive_Tumor
102560	Endothelial
102341	Stromal
102966	Stromal
146059	DCIS_2
117423	Stromal
111915	CD4_T_Cells
59153	Invasive_Tumor
128349	DCIS_2
48320	Macrophages_1
82850	B_Cells
48892	Invasive_Tumor
79054	Myoepi_ACTA2
71441	Prolif_Invasive_Tumor
120298	DCIS_1
52494	Macrophages_1
11943	CD8_T_Cells
123894	DCIS_2
14826	DCIS_1
30915	Stromal
158556	Myoepi_ACTA2
34311	Stromal
73154	Perivascular_Like
2332	CD4_T_Cells
17283	Invasive_Tumor
137390	Macrophages_1
24871	Invasive_Tumor
109383	DCIS_1
104219	Myoepi_ACTA2
119514	Stromal
110265	Unlabeled
118619	Stromal
100889	Invasive_Tumor
10657	Stromal
79924	Stromal
134676	Endothelial
34347	Endothelial
156299	Stromal
52576	Stromal
54737	Invasive_Tumor
10435	Macrophages_1
74495	Invasive_Tumor
15404	DCIS_1
55446	Endothelial
166660	Unlabeled
134507	Stromal
83855	Stromal
119835	Macrophages_1
94940	CD4_T_Cells
106931	Stromal
133236	DCIS_2
50859	Invasive_Tumor
146170	Stromal
57721	Invasive_Tumor
48121	Invasive_Tumor
128748	Endothelial
28809	CD4_T_Cells
47896	Invasive_Tumor
76045	Endothelial
112639	DCIS_1
78976	Stromal
102471	CD8_T_Cells
70124	Invasive_Tumor
126503	Endothelial
45061	Invasive_Tumor
59063	Invasive_Tumor
47659	Invasive_Tumor
68881	Invasive_Tumor
165922	DCIS_2
88849	Invasive_Tumor
107046	Macrophages_2
57973	Prolif_Invasive_Tumor
152674	DCIS_2
88452	Stromal
33933	Invasive_Tumor
130598	Stromal
166945	Myoepi_ACTA2
152702	DCIS_2
15514	Invasive_Tumor
93120	CD4_T_Cells
133299	Macrophages_1
64633	Invasive_Tumor
151345	CD4_T_Cells
106530	Stromal
133040	Macrophages_1
89287	Invasive_Tumor
39494	DCIS_1
103110	Stromal
28120	Macrophages_1
62518	Prolif_Invasive_Tumor
8354	Stromal
53843	CD8_T_Cells
149224	Endothelial
18527	DCIS_1
227	Invasive_Tumor
28698	Invasive_Tumor
138114	Stromal
29635	Invasive_Tumor
143754	Stromal
120305	Stromal
95719	Stromal
81770	CD4_T_Cells
46929	Invasive_Tumor
11519	DCIS_2
67710	Unlabeled
166911	DCIS_2
72808	Prolif_Invasive_Tumor
126376	DCIS_1
37883	B_Cells
16582	Invasive_Tumor
80032	Stromal
42032	Endothelial
14871	DCIS_1
41559	CD4_T_Cells
79921	Stromal
54841	Invasive_Tumor
66423	Macrophages_1
65758	Invasive_Tumor
97020	CD8_T_Cells
107331	Macrophages_1
75755	Invasive_Tumor
93965	Stromal
22213	Stromal
3070	Macrophages_1
75030	DCIS_1
94677	Stromal
105180	Myoepi_ACTA2
75137	B_Cells
66775	Invasive_Tumor
119602	Endothelial
68278	Endothelial
19621	T_Cell_Tumor_Hybrid
73288	Stromal
84661	Invasive_Tumor
163350	Endothelial
81776	Unlabeled
98560	Stromal
91313	Invasive_Tumor
5014	Macrophages_1
133926	DCIS_2
54955	Invasive_Tumor
166643	DCIS_2
135388	B_Cells
5100	Macrophages_2
16247	Stromal
89286	Invasive_Tumor
165454	Stromal
167155	DCIS_2
34298	Macrophages_1
103735	Stromal
84677	Invasive_Tumor
106006	Myoepi_ACTA2
110771	Unlabeled
54422	CD8_T_Cells
70866	Stromal
90849	Stromal
129991	B_Cells
75425	Invasive_Tumor
150943	Invasive_Tumor
49097	Unlabeled
134167	Stromal
137980	Macrophages_1
139949	Endothelial
91286	Invasive_Tumor
107038	Stromal
101774	CD4_T_Cells
61270	Invasive_Tumor
2828	Stromal
67725	Unlabeled
84043	Stromal
43090	CD4_T_Cells
111230	Macrophages_1
80602	CD8_T_Cells
20895	Unlabeled
87435	Invasive_Tumor
50253	Invasive_Tumor
54871	Invasive_Tumor
92537	CD4_T_Cells
51514	Invasive_Tumor
75047	Stromal
103952	IRF7_DCs
21836	Unlabeled
125112	Myoepi_ACTA2
143004	Myoepi_ACTA2
134155	Macrophages_1
73203	Invasive_Tumor
139270	Stromal
19775	Invasive_Tumor
85691	Unlabeled
32951	Stromal
119543	CD8_T_Cells
21137	Macrophages_1
92622	Stromal
88161	Invasive_Tumor
105370	CD8_T_Cells
39262	Macrophages_1
30218	Invasive_Tumor
45551	Invasive_Tumor
21704	CD8_T_Cells
140359	DCIS_2
147787	Stromal
14293	DCIS_1
45451	Unlabeled
33587	Invasive_Tumor
131812	Stromal
10802	Myoepi_ACTA2
43455	Endothelial
47845	Invasive_Tumor
94163	Stromal
58906	Invasive_Tumor
55059	Invasive_Tumor
36001	Stromal
125631	B_Cells
143259	DCIS_2
18684	Invasive_Tumor
26145	Stromal
126773	Myoepi_ACTA2
67162	Invasive_Tumor
45792	Invasive_Tumor
93496	Stromal
85115	Invasive_Tumor
59745	Invasive_Tumor
127528	Stromal
11297	Stromal
22545	B_Cells
25284	Invasive_Tumor
139258	CD4_T_Cells
42715	CD4_T_Cells
65189	Invasive_Tumor
10837	CD8_T_Cells
69973	Invasive_Tumor
93293	Stromal
30083	Invasive_Tumor
46910	DCIS_1
148008	DCIS_2
128912	DCIS_2
151193	Macrophages_1
90260	Endothelial
99097	Macrophages_1
15984	DCIS_1
117944	Stromal
12187	Stromal
147433	DCIS_2
81289	Stromal
43649	CD8_T_Cells
20285	DCIS_1
65664	Macrophages_1
95215	DCIS_1
167007	DCIS_2
130316	B_Cells
165333	Macrophages_1
47398	Endothelial
31403	Stromal
27237	Unlabeled
64160	Prolif_Invasive_Tumor
152930	Endothelial
115323	B_Cells
67155	B_Cells
157079	DCIS_2
91524	Macrophages_2
12969	DCIS_2
90143	Macrophages_1
127388	Macrophages_1
14331	DCIS_1
96890	Stromal
158154	DCIS_2
59170	Invasive_Tumor
136	Myoepi_ACTA2
114077	Stromal
136556	Stromal
28261	DCIS_2
58914	Stromal
125723	DCIS_1
28642	CD4_T_Cells
154355	CD4_T_Cells
6463	Stromal
151833	Stromal
142651	DCIS_1
111364	CD4_T_Cells
31387	Invasive_Tumor
94435	Myoepi_ACTA2
141624	DCIS_2
154454	Stromal
59115	Prolif_Invasive_Tumor
21916	Stromal
111860	CD4_T_Cells
71573	Invasive_Tumor
77144	Stromal
82709	Endothelial
149121	Stromal
31722	B_Cells
144108	Myoepi_KRT15
38966	CD8_T_Cells
146841	DCIS_2
23636	Invasive_Tumor
132211	Unlabeled
78834	Stromal
158529	DCIS_2
35831	CD8_T_Cells
115647	Stromal
146075	DCIS_2
4163	Invasive_Tumor
141445	Macrophages_1
13709	DCIS_2
57049	Invasive_Tumor
89816	Invasive_Tumor
92961	Stromal
65092	Macrophages_2
10814	Macrophages_1
15619	DCIS_1
74095	Stromal
142533	Myoepi_KRT15
125209	Unlabeled
12861	Myoepi_ACTA2
47223	DCIS_1
12871	Myoepi_ACTA2
67203	Invasive_Tumor
114127	Stromal
96090	Endothelial
43719	Invasive_Tumor
154053	Myoepi_KRT15
113411	Mast_Cells
114901	Invasive_Tumor
32897	CD4_T_Cells
131755	Macrophages_2
16799	Invasive_Tumor
73801	Stromal
126092	Stromal
13239	DCIS_2
117733	Myoepi_ACTA2
37064	Invasive_Tumor
164458	DCIS_2
71954	Invasive_Tumor
80849	CD8_T_Cells
61224	Invasive_Tumor
58944	Invasive_Tumor
53361	Stromal
16531	Invasive_Tumor
5233	Unlabeled
63632	Invasive_Tumor
98960	Stromal
164658	DCIS_2
83492	Stromal
139833	Stromal
154535	Stromal
73071	Stromal
32709	Stromal_T_Cell_Hybrid
78714	Stromal
37361	CD4_T_Cells
261	Invasive_Tumor
110275	IRF7_DCs
141486	Macrophages_1
126733	DCIS_1
106426	Macrophages_2
47064	DCIS_1
47785	Invasive_Tumor
137025	CD8_T_Cells
158431	Stromal
114379	Perivascular_Like
118583	Stromal
15094	DCIS_1
32068	Stromal
104902	Stromal
60497	Invasive_Tumor
124016	Unlabeled
42835	DCIS_1
36992	Endothelial
140608	DCIS_2
98751	Macrophages_2
38979	B_Cells
34653	Invasive_Tumor
38654	DCIS_1
50767	B_Cells
94151	CD8_T_Cells
144223	Stromal
140886	CD8_T_Cells
59136	Invasive_Tumor
29702	Endothelial
123789	Perivascular_Like
60500	Invasive_Tumor
57897	Prolif_Invasive_Tumor
80887	Stromal
127907	Perivascular_Like
16927	Stromal
128213	Stromal
75789	Stromal
162867	Invasive_Tumor
107554	CD8_T_Cells
108454	B_Cells
31134	Invasive_Tumor
54158	Prolif_Invasive_Tumor
90025	Invasive_Tumor
87727	Stromal
106964	Macrophages_1
167744	DCIS_2
160730	DCIS_2
56234	CD4_T_Cells
105276	Stromal
121172	Unlabeled
60161	Invasive_Tumor
156998	Myoepi_ACTA2
31907	Invasive_Tumor
118428	Stromal
8011	B_Cells
134749	Macrophages_1
132550	Stromal
126050	Stromal
112839	CD4_T_Cells
35833	Unlabeled
136364	Myoepi_ACTA2
65944	Invasive_Tumor
153576	CD8_T_Cells
20788	DCIS_1
50692	Macrophages_1
41471	B_Cells
82368	Endothelial
156298	Stromal
597	Macrophages_1
71239	Invasive_Tumor
28293	Stromal
42653	DCIS_1
138316	Macrophages_1
103204	Stromal
16992	DCIS_1
139236	Myoepi_ACTA2
151468	Endothelial
99853	Invasive_Tumor
93388	Stromal
109145	Macrophages_1
1766	Invasive_Tumor
137778	B_Cells
128730	Endothelial
79419	DCIS_1
151426	Invasive_Tumor
99485	Invasive_Tumor
41891	DCIS_1
59707	Invasive_Tumor
38707	Stromal
145511	Unlabeled
161111	DCIS_2
100449	Invasive_Tumor
57190	Invasive_Tumor
98407	Stromal
145200	DCIS_2
77774	CD4_T_Cells
152982	Stromal
128463	Unlabeled
107142	Stromal
102218	Unlabeled
13381	Stromal
57456	Prolif_Invasive_Tumor
21770	DCIS_1
30655	Invasive_Tumor
98791	Unlabeled
147408	DCIS_2
132105	DCIS_2
71134	Invasive_Tumor
135329	CD4_T_Cells
44018	CD8_T_Cells
67676	Invasive_Tumor
159305	Macrophages_1
33262	Prolif_Invasive_Tumor
146524	Stromal
162889	Myoepi_KRT15
83356	Invasive_Tumor
85787	Invasive_Tumor
26096	Stromal
11734	Macrophages_1
75705	CD8_T_Cells
31731	B_Cells
48969	Invasive_Tumor
39977	Myoepi_KRT15
32483	Macrophages_1
133924	DCIS_2
163156	Stromal
87051	Invasive_Tumor
151194	CD8_T_Cells
39292	Stromal
10643	DCIS_1
100821	Invasive_Tumor
136909	Stromal
5871	Prolif_Invasive_Tumor
159941	DCIS_2
17990	Endothelial
120750	Stromal
106680	Stromal
118626	Stromal
151628	CD8_T_Cells
64750	Macrophages_1
67550	Invasive_Tumor
124920	Invasive_Tumor
136898	CD4_T_Cells
31660	Endothelial
7072	Invasive_Tumor
87557	Invasive_Tumor
10352	DCIS_2
120022	Unlabeled
17202	DCIS_1
42142	DCIS_1
163019	Myoepi_ACTA2
75256	CD8_T_Cells
24648	Macrophages_1
156338	DCIS_2
162038	DCIS_1
146698	DCIS_2
49342	Myoepi_ACTA2
103823	Stromal
48142	Stromal
38474	Endothelial
136248	Stromal
128282	Myoepi_ACTA2
15614	Invasive_Tumor
31581	CD4_T_Cells
163061	B_Cells
128016	CD8_T_Cells
27333	Stromal
66825	Invasive_Tumor
107716	Macrophages_2
74916	Invasive_Tumor
99517	Invasive_Tumor
120069	Stromal
25983	Invasive_Tumor
33775	Invasive_Tumor
132815	CD8_T_Cells
21148	Stromal
123346	Macrophages_1
15197	DCIS_1
3087	Macrophages_1
41295	CD4_T_Cells
146064	DCIS_2
64602	Stromal
130554	DCIS_2
11186	Endothelial
134819	Myoepi_ACTA2
24369	Invasive_Tumor
56303	Endothelial
153414	Macrophages_1
145667	Stromal
17208	DCIS_1
12553	Stromal
73293	Endothelial
78520	Myoepi_ACTA2
10389	Stromal
81988	Stromal
69060	Prolif_Invasive_Tumor
163811	Stromal
36516	CD8_T_Cells
101028	Stromal
26645	Stromal
12433	Endothelial
57450	Invasive_Tumor
96657	Stromal
1743	Prolif_Invasive_Tumor
23133	Myoepi_ACTA2
146299	Macrophages_2
130648	Stromal
50778	Macrophages_1
50140	B_Cells
85247	Unlabeled
93775	LAMP3_DCs
145705	B_Cells
31686	Myoepi_ACTA2
136398	Stromal
60610	Invasive_Tumor
74360	Stromal
5602	Unlabeled
29745	Invasive_Tumor
17947	Macrophages_1
162712	Myoepi_ACTA2
132294	Stromal
15835	DCIS_1
141782	DCIS_2
125006	CD4_T_Cells
42746	DCIS_1
106149	Stromal
94863	Stromal
4121	Invasive_Tumor
146782	Myoepi_ACTA2
20964	Invasive_Tumor
53181	Invasive_Tumor
137624	B_Cells
93356	Stromal
140973	Macrophages_2
31463	Invasive_Tumor
11778	DCIS_2
44845	Invasive_Tumor
22606	CD4_T_Cells
21064	Unlabeled
47196	Invasive_Tumor
61071	T_Cell_Tumor_Hybrid
33409	Stromal
165340	DCIS_2
157132	Myoepi_KRT15
95891	Stromal
159417	Stromal
54209	Prolif_Invasive_Tumor
92205	CD4_T_Cells
70617	Unlabeled
144403	Myoepi_KRT15
43179	B_Cells
148608	Stromal
37001	Invasive_Tumor
5747	Invasive_Tumor
143359	Myoepi_ACTA2
86257	Invasive_Tumor
98999	Unlabeled
8812	Unlabeled
87016	Invasive_Tumor
144088	DCIS_2
118651	Stromal
86044	Invasive_Tumor
5128	Stromal
153129	Stromal
86461	Invasive_Tumor
41917	Stromal
90815	Unlabeled
89992	Invasive_Tumor
159	DCIS_1
17927	Invasive_Tumor
14181	DCIS_1
158382	DCIS_2
103853	Stromal
92763	Macrophages_1
114505	Stromal
103997	Stromal
120658	Stromal
14847	DCIS_1
106756	Stromal
106052	Myoepi_ACTA2
117523	DCIS_1
25088	Stromal
135254	Endothelial
29414	Prolif_Invasive_Tumor
103618	Stromal
128093	DCIS_2
70304	Invasive_Tumor
92024	Stromal
77	DCIS_1
9145	Endothelial
140379	Myoepi_KRT15
131155	Stromal
126755	Myoepi_ACTA2
55229	Prolif_Invasive_Tumor
150951	Invasive_Tumor
74606	Invasive_Tumor
81557	B_Cells
128175	B_Cells
87904	Invasive_Tumor
47305	Myoepi_ACTA2
19416	DCIS_1
155588	DCIS_1
150095	Stromal
163822	B_Cells
15817	Myoepi_ACTA2
53031	Invasive_Tumor
159077	DCIS_2
89632	Invasive_Tumor
100399	Invasive_Tumor
40421	DCIS_1
121013	CD4_T_Cells
132036	DCIS_2
80773	Stromal
78461	Myoepi_KRT15
94010	Stromal
95950	Stromal
139620	DCIS_1
137928	CD4_T_Cells
149703	Stromal
34337	Macrophages_1
42234	DCIS_1
103885	Perivascular_Like
50123	CD8_T_Cells
31050	Stromal
54960	Prolif_Invasive_Tumor
54485	Invasive_Tumor
135072	Stromal
112909	CD4_T_Cells
123129	Macrophages_1
29837	Invasive_Tumor
161049	Stromal
91044	Stromal
45838	DCIS_1
62667	Invasive_Tumor
165259	Invasive_Tumor
94223	Macrophages_1
102388	Stromal
74418	Invasive_Tumor
87371	Invasive_Tumor
153567	DCIS_2
157746	DCIS_2
140514	Stromal
146320	Endothelial
47252	Invasive_Tumor
68500	Invasive_Tumor
78109	CD4_T_Cells
2506	CD4_T_Cells
43135	DCIS_1
21368	Invasive_Tumor
3470	B_Cells
137140	CD4_T_Cells
25024	CD4_T_Cells
129008	Stromal
32742	DCIS_1
108821	Macrophages_1
133080	Stromal
68512	Invasive_Tumor
29138	LAMP3_DCs
43139	Macrophages_2
160636	Stromal
27079	Stromal
13100	Myoepi_KRT15
134849	Unlabeled
110802	Unlabeled
2942	Macrophages_1
70052	Invasive_Tumor
81972	CD4_T_Cells
129535	Stromal
125366	DCIS_1
89383	CD8_T_Cells
15795	Invasive_Tumor
50230	Unlabeled
15882	DCIS_1
68601	Invasive_Tumor
166241	Endothelial
72647	Endothelial
107735	Stromal
128842	DCIS_2
47772	Invasive_Tumor
99982	Invasive_Tumor
68479	Invasive_Tumor
64666	Invasive_Tumor
108022	Stromal
129761	Stromal
22686	Stromal
164481	DCIS_1
102914	B_Cells
104084	Myoepi_ACTA2
127075	DCIS_1
64303	Stromal
152899	DCIS_2
129247	Endothelial
127205	Stromal
83778	Invasive_Tumor
47447	Invasive_Tumor
28863	Invasive_Tumor
37814	B_Cells
121542	CD4_T_Cells
92015	Stromal
33477	Invasive_Tumor
159397	CD8_T_Cells
121589	Unlabeled
105967	Stromal
152806	Stromal
142041	DCIS_2
109849	Macrophages_1
127656	Stromal
92008	Macrophages_2
11447	Stromal
137887	Unlabeled
165489	DCIS_2
166259	DCIS_1
125352	DCIS_1
89795	Invasive_Tumor
104227	DCIS_1
105128	Myoepi_ACTA2
79729	Stromal
162075	DCIS_2
154483	Myoepi_ACTA2
1875	LAMP3_DCs
84988	Invasive_Tumor
36701	CD4_T_Cells
42358	DCIS_1
14180	DCIS_2
18178	Endothelial
121339	Stromal
118991	Macrophages_1
46505	DCIS_1
136012	DCIS_1
146518	Myoepi_ACTA2
73701	Invasive_Tumor
68303	Endothelial
72637	Invasive_Tumor
21272	Endothelial
134603	Stromal
128658	DCIS_1
71139	Invasive_Tumor
138373	B_Cells
149442	CD4_T_Cells
92571	Invasive_Tumor
157363	DCIS_2
90844	Stromal
146881	DCIS_1
53860	Invasive_Tumor
1347	Invasive_Tumor
35171	CD8_T_Cells
84687	Invasive_Tumor
86585	Endothelial
128428	DCIS_2
100225	Invasive_Tumor
60349	Stromal
9198	Stromal
88859	Invasive_Tumor
134877	Macrophages_1
68577	Unlabeled
68420	Unlabeled
142823	DCIS_2
60524	Invasive_Tumor
81259	Macrophages_1
160881	Stromal
114804	CD4_T_Cells
126747	DCIS_1
96181	Stromal
136178	DCIS_1
167330	Stromal
61713	CD8_T_Cells
22174	DCIS_1
70703	Invasive_Tumor
161390	DCIS_2
74897	Endothelial
31080	CD8_T_Cells
56727	Invasive_Tumor
124564	DCIS_1
88872	Invasive_Tumor
145073	Myoepi_KRT15
131371	Stromal
117702	DCIS_1
44208	Invasive_Tumor
122314	Stromal
147569	Invasive_Tumor
94065	Stromal
59308	Macrophages_1
123416	Unlabeled
32524	CD4_T_Cells
19493	DCIS_1
58790	Stromal
44653	CD4_T_Cells
57151	CD8_T_Cells
111798	DCIS_1
146042	Myoepi_KRT15
101855	CD4_T_Cells
14994	DCIS_1
153710	Myoepi_KRT15
15365	Myoepi_ACTA2
75848	Invasive_Tumor
124409	DCIS_1
58880	Stromal
128876	Macrophages_1
70444	Invasive_Tumor
151510	Macrophages_1
120140	Endothelial
90498	Prolif_Invasive_Tumor
26889	Myoepi_ACTA2
139278	Stromal
68875	Invasive_Tumor
77563	DCIS_1
780	DCIS_1
81962	Stromal
102178	Endothelial
59068	Invasive_Tumor
147188	Stromal
94432	Myoepi_ACTA2
121877	DCIS_1
42782	Stromal
81295	B_Cells
97713	Stromal
117801	Stromal
33615	Invasive_Tumor
80786	CD8_T_Cells
105034	Myoepi_ACTA2
88251	Invasive_Tumor
24548	Macrophages_1
116652	Stromal
126351	DCIS_1
131332	DCIS_2
150463	Endothelial
86276	Prolif_Invasive_Tumor
20887	Unlabeled
129749	Stromal
90551	Invasive_Tumor
64560	CD4_T_Cells
37033	Invasive_Tumor
13041	Macrophages_1
122968	Macrophages_1
159476	B_Cells
165040	Stromal
156992	Myoepi_KRT15
100529	Invasive_Tumor
125377	DCIS_1
98772	Stromal
77069	CD8_T_Cells
101865	CD8_T_Cells
56195	Invasive_Tumor
137122	Stromal
141075	DCIS_2
35355	Stromal
90362	Invasive_Tumor
93011	B_Cells
66543	Invasive_Tumor
43551	Stromal
61300	Endothelial
85947	Unlabeled
4657	Stromal
132803	Perivascular_Like
6718	Stromal
162922	DCIS_2
151392	Stromal_T_Cell_Hybrid
97919	Stromal
2321	Endothelial
79333	DCIS_1
87326	Mast_Cells
105730	CD8_T_Cells
26311	DCIS_1
138621	DCIS_2
96645	Stromal
7539	Stromal
166341	Stromal
142908	DCIS_2
124842	Endothelial
161463	Endothelial
8468	B_Cells
153136	DCIS_2
66362	Invasive_Tumor
34200	CD8_T_Cells
61131	Invasive_Tumor
161171	DCIS_2
148075	Stromal
43166	Macrophages_1
16923	Stromal
164590	B_Cells
133200	DCIS_2
32400	Stromal
24127	Invasive_Tumor
16784	DCIS_1
149477	Stromal
65860	Stromal
144920	DCIS_2
101170	Invasive_Tumor
98462	Stromal
25670	Prolif_Invasive_Tumor
23509	Myoepi_ACTA2
78778	Endothelial
97669	Stromal
3396	CD8_T_Cells
114921	Invasive_Tumor
38326	Stromal_T_Cell_Hybrid
13084	Myoepi_KRT15
20504	DCIS_1
124308	DCIS_1
86750	T_Cell_Tumor_Hybrid
108740	Stromal
144465	Stromal
16253	Stromal
143107	Stromal
33229	B_Cells
104408	Myoepi_ACTA2
92414	Invasive_Tumor
30097	Invasive_Tumor
163395	Stromal
31838	CD4_T_Cells
158305	DCIS_2
30398	Macrophages_1
119068	Stromal
87921	Invasive_Tumor
81311	CD4_T_Cells
166760	Stromal
108647	Stromal
48606	Invasive_Tumor
121317	B_Cells
55067	Prolif_Invasive_Tumor
91000	Stromal
27588	Macrophages_1
159289	Macrophages_1
124340	Stromal
165464	Myoepi_ACTA2
89727	Invasive_Tumor
86534	Invasive_Tumor
81149	Stromal
69008	Invasive_Tumor
76513	CD4_T_Cells
40334	Stromal_T_Cell_Hybrid
112163	Stromal
74250	Stromal
510	Macrophages_1
147952	Stromal
7129	Invasive_Tumor
150484	Stromal
49538	CD4_T_Cells
115949	Stromal_T_Cell_Hybrid
90670	Invasive_Tumor
120040	Macrophages_1
128907	DCIS_2
1127	DCIS_1
74665	Invasive_Tumor
7443	Macrophages_2
51347	Prolif_Invasive_Tumor
67733	Unlabeled
57418	Macrophages_1
37295	Unlabeled
85061	T_Cell_Tumor_Hybrid
85662	Invasive_Tumor
79305	DCIS_1
151721	Endothelial
9260	Stromal
145624	Stromal
37416	Macrophages_1
660	CD4_T_Cells
113448	Stromal
112505	CD8_T_Cells
125319	DCIS_1
23977	Invasive_Tumor
90567	Invasive_Tumor
42574	DCIS_1
8093	Stromal
106765	Macrophages_1
107634	Stromal
107051	Stromal
43887	B_Cells
36078	Stromal
75442	Invasive_Tumor
118451	Myoepi_KRT15
84209	Macrophages_1
165085	Unlabeled
144288	DCIS_2
28600	CD4_T_Cells
39954	DCIS_1
39355	Stromal
35249	Invasive_Tumor
16969	Invasive_Tumor
164127	Stromal
27701	Endothelial
119819	B_Cells
116127	DCIS_1
148257	DCIS_2
128662	DCIS_2
102061	Stromal
25617	Prolif_Invasive_Tumor
119390	DCIS_1
37562	B_Cells
53226	Invasive_Tumor
149736	B_Cells
107232	Stromal
109564	Stromal
159997	Stromal
107969	Stromal
101046	Invasive_Tumor
163071	Stromal
74868	Stromal
123243	Unlabeled
40519	Endothelial
45308	Macrophages_1
117995	DCIS_1
145652	Stromal
40244	Stromal
30524	Invasive_Tumor
75809	Invasive_Tumor
57978	CD8_T_Cells
125226	Endothelial
89973	Invasive_Tumor
129022	Endothelial
37658	CD8_T_Cells
23731	Stromal
111816	DCIS_1
90447	Invasive_Tumor
74766	Stromal
3774	DCIS_1
96490	Stromal
127419	Macrophages_2
142003	Macrophages_1
75161	Stromal
106524	Stromal
42266	CD8_T_Cells
73387	Invasive_Tumor
162478	Endothelial
131009	Macrophages_1
79542	Stromal
144383	DCIS_2
161947	Invasive_Tumor
93041	Stromal
36032	CD4_T_Cells
100698	Endothelial
79956	Myoepi_ACTA2
31130	CD8_T_Cells
50447	Invasive_Tumor
21050	Endothelial
44917	Invasive_Tumor
4640	Stromal
19907	DCIS_1
35761	Invasive_Tumor
111738	Myoepi_ACTA2
30078	Endothelial
103389	Stromal
64895	Invasive_Tumor
72447	Invasive_Tumor
46743	DCIS_1
3428	B_Cells
19103	Invasive_Tumor
50408	Prolif_Invasive_Tumor
77307	Stromal
127394	Endothelial
42990	CD8_T_Cells
95277	Stromal
129221	Stromal
27234	Macrophages_1
139626	Stromal
21124	Unlabeled
6866	Invasive_Tumor
87238	Endothelial
51282	CD4_T_Cells
23091	DCIS_1
69325	Invasive_Tumor
3167	Myoepi_ACTA2
89750	Invasive_Tumor
160330	DCIS_2
131888	Macrophages_1
135236	Stromal
103015	Endothelial
35937	Invasive_Tumor
110507	Stromal
106499	Stromal
42303	DCIS_1
26525	Stromal
397	Macrophages_1
112958	Unlabeled
107514	Stromal
147959	Macrophages_1
45972	DCIS_1
163375	Stromal
55208	Macrophages_1
146979	DCIS_2
156396	Endothelial
36874	B_Cells
124960	Stromal
62104	Invasive_Tumor
119982	Stromal
114962	Stromal
59407	Endothelial
64126	B_Cells
23735	Stromal
114475	Stromal
115725	Stromal
88827	Invasive_Tumor
52630	Invasive_Tumor
140411	DCIS_2
151431	Stromal
108252	Stromal
48656	Stromal
130266	Macrophages_1
117717	Stromal
17757	Invasive_Tumor
49406	B_Cells
6423	Stromal
160022	DCIS_2
36140	Stromal
81982	CD8_T_Cells
58788	Invasive_Tumor
92272	Invasive_Tumor
19357	CD4_T_Cells
70308	Invasive_Tumor
126549	Stromal
49570	Invasive_Tumor
66221	Invasive_Tumor
158363	DCIS_2
48419	Prolif_Invasive_Tumor
97	Invasive_Tumor
37301	Macrophages_1
30804	CD4_T_Cells
123593	Myoepi_ACTA2
94391	Myoepi_KRT15
99541	Invasive_Tumor
81486	CD4_T_Cells
94567	CD8_T_Cells
26481	Macrophages_1
70637	Stromal
165617	Myoepi_ACTA2
129913	DCIS_2
142984	Stromal
6137	Macrophages_1
99599	Invasive_Tumor
159186	Stromal
37314	Invasive_Tumor
32723	Endothelial
138984	Stromal
137943	Stromal
24185	Prolif_Invasive_Tumor
53667	Macrophages_1
60745	Invasive_Tumor
30015	CD8_T_Cells
8334	Stromal
151608	Stromal
9919	Stromal
141103	DCIS_2
63365	Invasive_Tumor
67064	Invasive_Tumor
140731	Stromal
130668	Macrophages_1
60440	B_Cells
54977	CD8_T_Cells
52539	Invasive_Tumor
22869	Myoepi_ACTA2
68541	Stromal
115605	Stromal
121573	Macrophages_1
86402	Macrophages_1
98464	CD4_T_Cells
153482	Stromal
101163	Invasive_Tumor
56874	Endothelial
101948	B_Cells
96515	Stromal
112055	Unlabeled
4000	Invasive_Tumor
156184	DCIS_2
45567	DCIS_1
47322	DCIS_1
51630	Stromal
143718	DCIS_2
21196	Invasive_Tumor
157246	DCIS_2
80040	Stromal
47003	Invasive_Tumor
108691	Macrophages_1
88762	Invasive_Tumor
43512	Unlabeled
88511	Prolif_Invasive_Tumor
147103	Myoepi_KRT15
48186	Endothelial
4729	Stromal
37430	CD8_T_Cells
31633	Endothelial
51491	CD8_T_Cells
18620	Invasive_Tumor
144188	Stromal
101950	LAMP3_DCs
91399	Invasive_Tumor
181	Unlabeled
64232	Stromal
26183	Macrophages_1
136981	B_Cells
100924	Invasive_Tumor
65463	B_Cells
143281	Myoepi_KRT15
141877	DCIS_2
80736	CD4_T_Cells
15250	Prolif_Invasive_Tumor
12271	Stromal
111610	CD8_T_Cells
119232	DCIS_1
125005	DCIS_1
106376	Macrophages_1
34182	Stromal
111160	B_Cells
52417	Invasive_Tumor
162044	DCIS_1
36505	B_Cells
2169	Invasive_Tumor
112593	CD4_T_Cells
72182	Endothelial
112669	Stromal
94613	Stromal
109925	Unlabeled
131994	Stromal
147180	Macrophages_1
164427	DCIS_2
119049	Stromal
52662	Invasive_Tumor
35384	Stromal
70744	Unlabeled
68885	Invasive_Tumor
11804	DCIS_2
70047	Invasive_Tumor
132792	Endothelial
132034	DCIS_2
142880	DCIS_2
100506	Invasive_Tumor
21783	Unlabeled
156533	Unlabeled
49330	DCIS_1
135238	Stromal
157155	DCIS_2
107344	Macrophages_1
12092	Invasive_Tumor
94157	Stromal
24543	Prolif_Invasive_Tumor
102375	Stromal
13833	DCIS_2
110803	Unlabeled
14101	DCIS_2
59358	Unlabeled
99383	Endothelial
163883	DCIS_2
13672	Endothelial
108961	CD4_T_Cells
136867	Macrophages_1
76389	Invasive_Tumor
51424	Invasive_Tumor
117963	Macrophages_2
80152	Stromal
56570	Invasive_Tumor
92884	Macrophages_1
109730	Stromal
77360	Stromal
1832	Invasive_Tumor
27894	DCIS_1
80422	Myoepi_ACTA2
14367	DCIS_1
83121	Stromal
103086	Stromal
87810	Invasive_Tumor
121820	Stromal
41044	DCIS_1
52951	Invasive_Tumor
127574	Stromal
88421	Invasive_Tumor
84485	Invasive_Tumor
151361	CD4_T_Cells
155446	Unlabeled
124644	Macrophages_1
8231	Stromal
89306	Invasive_Tumor
93615	Stromal
69739	Macrophages_1
70469	Invasive_Tumor
29767	Invasive_Tumor
19184	B_Cells
70325	Prolif_Invasive_Tumor
161569	B_Cells
136590	CD4_T_Cells
142783	DCIS_2
106725	Stromal
22974	B_Cells
148681	Stromal
90763	Invasive_Tumor
166041	DCIS_1
19806	Stromal
34555	Invasive_Tumor
133587	DCIS_2
87527	Invasive_Tumor
120200	Endothelial
156474	Macrophages_2
131510	Stromal
20803	CD8_T_Cells
135113	CD4_T_Cells
24146	CD8_T_Cells
88425	Macrophages_1
136161	DCIS_1
33390	Invasive_Tumor
47127	Mast_Cells
102922	B_Cells
82761	Stromal
117945	Unlabeled
79880	B_Cells
119801	Unlabeled
146658	Macrophages_1
110504	Unlabeled
50539	CD4_T_Cells
112450	CD8_T_Cells
143420	DCIS_2
163782	Stromal
88277	Invasive_Tumor
115525	Macrophages_1
71219	Invasive_Tumor
98181	Stromal
21155	Invasive_Tumor
144936	DCIS_2
8682	Stromal
47259	Invasive_Tumor
32044	Invasive_Tumor
119673	Stromal
60664	Invasive_Tumor
7727	Macrophages_1
67634	Macrophages_1
154782	B_Cells
94761	Myoepi_ACTA2
140775	Stromal
97222	Stromal
69140	Macrophages_1
27891	CD8_T_Cells
135525	Stromal
165071	DCIS_2
140682	Stromal
82285	Macrophages_1
145054	Stromal
3620	Invasive_Tumor
68670	Prolif_Invasive_Tumor
113211	Unlabeled
96718	Macrophages_1
112439	CD4_T_Cells
43581	Prolif_Invasive_Tumor
25549	CD8_T_Cells
137620	CD4_T_Cells
68850	Invasive_Tumor
67477	DCIS_1
147068	Stromal
120663	DCIS_1
17873	Invasive_Tumor
24477	Invasive_Tumor
65006	Invasive_Tumor
149946	Myoepi_KRT15
44777	DCIS_1
157525	Myoepi_KRT15
67689	Invasive_Tumor
94064	Macrophages_1
163465	Stromal
104432	DCIS_1
62361	Stromal
19814	CD4_T_Cells
76749	Macrophages_1
104126	DCIS_1
79557	B_Cells
142135	Stromal
149947	Macrophages_1
129979	CD4_T_Cells
157910	DCIS_2
165139	DCIS_2
99542	Invasive_Tumor
44099	Macrophages_1
31745	Macrophages_1
9282	Stromal_T_Cell_Hybrid
84845	Invasive_Tumor
92831	Stromal
160470	DCIS_2
161434	Stromal
38142	Stromal
109680	Unlabeled
148733	Stromal
106382	CD8_T_Cells
44760	Invasive_Tumor
124547	DCIS_1
114014	Invasive_Tumor
145854	Myoepi_KRT15
67756	Macrophages_1
15120	DCIS_1
54427	Stromal
63521	Invasive_Tumor
151625	Stromal
61051	Invasive_Tumor
160201	DCIS_2
33110	Invasive_Tumor
1430	Invasive_Tumor
84233	Prolif_Invasive_Tumor
127525	Stromal
29625	Invasive_Tumor
108189	Stromal
123172	Unlabeled
46091	Myoepi_ACTA2
114334	Stromal
43045	Macrophages_1
107292	Macrophages_1
13985	Stromal
149097	Endothelial
157289	DCIS_2
40812	DCIS_1
53455	Stromal
88631	T_Cell_Tumor_Hybrid
43428	Invasive_Tumor
101332	Invasive_Tumor
82468	B_Cells
124635	DCIS_1
143033	DCIS_2
103574	Stromal
92672	Perivascular_Like
71509	Prolif_Invasive_Tumor
27615	DCIS_1
98937	Stromal
82715	Stromal
135901	Stromal
93368	B_Cells
151053	Stromal
9608	CD4_T_Cells
56404	Stromal
119027	Stromal
51391	Prolif_Invasive_Tumor
131942	Macrophages_1
112586	Macrophages_1
40142	DCIS_1
101003	Invasive_Tumor
115777	DCIS_1
63527	Endothelial
17716	Invasive_Tumor
163773	Stromal
65535	Stromal
157134	Myoepi_KRT15
158727	DCIS_2
61065	Invasive_Tumor
21786	CD4_T_Cells
108759	Endothelial
74573	Stromal
145001	DCIS_2
130348	Unlabeled
124187	CD4_T_Cells
156989	Myoepi_KRT15
48776	Invasive_Tumor
101910	Macrophages_1
42836	Stromal
110597	CD4_T_Cells
114387	Stromal
155640	Myoepi_ACTA2
112748	Unlabeled
4040	Invasive_Tumor
153981	Macrophages_1
63143	Invasive_Tumor
92138	CD8_T_Cells
80981	Stromal
28724	Invasive_Tumor
71750	CD8_T_Cells
138559	Endothelial
104289	Stromal
3633	Invasive_Tumor
106377	Stromal
25418	Invasive_Tumor
37140	Stromal
10674	Stromal
132125	DCIS_2
166761	CD8_T_Cells
95732	Macrophages_1
124251	Macrophages_2
79800	Stromal
137880	Unlabeled
89650	Invasive_Tumor
94616	Stromal
25014	Invasive_Tumor
57572	Invasive_Tumor
40241	Stromal
82874	Stromal
146924	DCIS_2
73976	Macrophages_1
70783	Invasive_Tumor
81468	CD4_T_Cells
73727	Invasive_Tumor
3479	IRF7_DCs
69593	Unlabeled
141819	DCIS_2
126612	Macrophages_1
100624	Stromal
112863	CD8_T_Cells
140633	CD8_T_Cells
46138	Unlabeled
88428	Stromal
57198	Stromal
88585	Invasive_Tumor
146631	DCIS_1
101597	Invasive_Tumor
78185	Macrophages_1
8589	DCIS_2
96108	Macrophages_2
8404	Stromal
123809	Myoepi_ACTA2
68193	Invasive_Tumor
104436	Myoepi_ACTA2
106	DCIS_1
96234	B_Cells
26181	Macrophages_1
134440	B_Cells
66991	Invasive_Tumor
30221	Invasive_Tumor
81254	Macrophages_1
146266	CD8_T_Cells
134294	Stromal
41629	Unlabeled
24388	Invasive_Tumor
135743	Stromal
97611	Perivascular_Like
76136	Invasive_Tumor
120403	Macrophages_1
76647	Myoepi_ACTA2
7706	Stromal
72816	Prolif_Invasive_Tumor
81798	Stromal
66744	Invasive_Tumor
154615	Stromal
54574	Invasive_Tumor
50290	Invasive_Tumor
137525	B_Cells
95312	Myoepi_KRT15
105310	Stromal
133741	CD4_T_Cells
112634	Myoepi_ACTA2
121784	Unlabeled
162138	Stromal
14299	DCIS_1
82593	Stromal
3295	Macrophages_1
143229	DCIS_1
105786	DCIS_1
81126	Stromal
135167	B_Cells
81391	Stromal
3698	Invasive_Tumor
151065	Macrophages_2
151251	DCIS_2
49088	Invasive_Tumor
126381	DCIS_1
155570	DCIS_2
136219	Stromal
109745	Endothelial
121347	CD8_T_Cells
152359	DCIS_2
14289	DCIS_1
109846	Unlabeled
104973	Stromal
121203	Unlabeled
79697	CD8_T_Cells
124499	DCIS_1
127090	Macrophages_1
93640	Macrophages_1
120521	DCIS_1
158297	DCIS_2
148571	DCIS_2
96192	Stromal
15945	Invasive_Tumor
163884	DCIS_2
128750	DCIS_2
122644	Macrophages_1
149688	B_Cells
106025	Macrophages_1
94471	Stromal
126006	DCIS_1
51702	CD8_T_Cells
38904	DCIS_1
144880	DCIS_2
84575	Stromal
115929	B_Cells
82219	Macrophages_1
93299	CD8_T_Cells
35836	Stromal
73690	Invasive_Tumor
47796	Invasive_Tumor
63620	Invasive_Tumor
56367	CD4_T_Cells
48874	Invasive_Tumor
132615	CD8_T_Cells
132730	B_Cells
56000	Stromal
165274	DCIS_2
68354	DCIS_1
4293	Stromal
109246	B_Cells
99841	Invasive_Tumor
162461	Stromal
32491	Stromal
104119	DCIS_1
151330	Stromal
65873	Invasive_Tumor
147697	DCIS_2
40052	DCIS_1
58086	Invasive_Tumor
82106	Stromal
149915	CD8_T_Cells
125207	Stromal
97873	Stromal
109211	Unlabeled
20452	Unlabeled
143111	Endothelial
166929	Unlabeled
60374	Invasive_Tumor
160525	Macrophages_1
23644	Invasive_Tumor
135810	Stromal
23070	Myoepi_ACTA2
18989	Stromal
24881	Invasive_Tumor
99370	Invasive_Tumor
124581	Endothelial
167334	CD8_T_Cells
38782	Stromal
108212	Stromal
11077	Perivascular_Like
113837	Stromal
120819	LAMP3_DCs
118887	Endothelial
118523	Stromal
129439	Stromal
129165	Macrophages_1
138836	DCIS_1
97818	Stromal
73766	Stromal
70838	CD8_T_Cells
61628	Invasive_Tumor
22787	CD8_T_Cells
41589	Stromal
105241	Stromal
21372	Endothelial
129780	DCIS_2
159154	DCIS_1
54740	Invasive_Tumor
154343	CD4_T_Cells
80016	Stromal
156716	DCIS_2
134623	Stromal
53859	Invasive_Tumor
150235	Unlabeled
99052	Stromal
164476	DCIS_2
32885	Stromal
134468	Stromal
36690	Stromal
86527	Invasive_Tumor
161753	Stromal
39099	CD8_T_Cells
121126	B_Cells
117690	Myoepi_ACTA2
110379	CD4_T_Cells
24346	Unlabeled
117319	CD4_T_Cells
26848	CD4_T_Cells
59708	Invasive_Tumor
20850	Unlabeled
155230	Stromal
6526	B_Cells
23605	CD8_T_Cells
29452	Invasive_Tumor
48169	Perivascular_Like
136242	Macrophages_1
33160	Invasive_Tumor
39464	CD4_T_Cells
156547	Myoepi_ACTA2
156459	Myoepi_ACTA2
137660	CD4_T_Cells
125700	DCIS_1
106185	Stromal
26028	Invasive_Tumor
129576	DCIS_2
3548	Unlabeled
160687	Stromal
76402	Macrophages_1
160909	Stromal
127043	DCIS_1
55313	Stromal
97814	Stromal
24765	Invasive_Tumor
21588	Endothelial
132175	DCIS_2
53796	Invasive_Tumor
151476	CD8_T_Cells
159003	DCIS_2
97264	Stromal
32728	Myoepi_ACTA2
551	Invasive_Tumor
21394	Stromal
80498	CD4_T_Cells
34206	CD8_T_Cells
12406	Endothelial
71966	Prolif_Invasive_Tumor
9377	Endothelial
109443	CD8_T_Cells
166615	Endothelial
106390	Stromal
77212	Unlabeled
125398	DCIS_1
110279	CD8_T_Cells
38570	CD8_T_Cells
91118	CD8_T_Cells
94460	Myoepi_KRT15
126058	Endothelial
34997	Invasive_Tumor
44656	Macrophages_1
119283	DCIS_1
325	Macrophages_1
57679	Invasive_Tumor
121275	DCIS_1
139311	Stromal
301	Endothelial
115760	DCIS_1
93526	Myoepi_KRT15
84153	Macrophages_2
68011	Prolif_Invasive_Tumor
28031	Unlabeled
120275	Macrophages_1
90192	Stromal
81752	Stromal
104576	Stromal
35059	Invasive_Tumor
51252	Stromal
10842	CD8_T_Cells
32112	Endothelial
148228	Myoepi_ACTA2
66106	Invasive_Tumor
3930	Invasive_Tumor
74474	Stromal
121311	Stromal
77681	Stromal
22933	Myoepi_ACTA2
119506	Stromal
132038	DCIS_2
21225	Stromal_T_Cell_Hybrid
164276	CD8_T_Cells
104838	Stromal
155036	DCIS_2
142418	DCIS_2
157826	DCIS_2
112318	Unlabeled
35367	Stromal
127622	Stromal
25048	Invasive_Tumor
157950	Stromal
161846	Stromal
53444	Invasive_Tumor
153370	Stromal
