cell_id,x_coord,y_coord,slice_id,subclass,spot_id
100047181052654346224529175853339022386,4280.917238755932,-3055.3756203464313,mouse1_slice50,Oligo,165
100267747580756240041023704492842942950,5048.352454184546,-2615.3036468852333,mouse1_slice50,Astro,270
100380418078413692631351412383892166094,4319.829362817954,-3040.423460271464,mouse1_slice50,L4/5 IT,165
100416591302420540942373170232872783233,4214.585466586644,-3425.972084596935,mouse1_slice50,L4/5 IT,84
100520046493178546699313517559503591662,4037.2406645719407,-2360.530363144747,mouse1_slice50,VLMC,311
100542677892296141453580613270127987555,5013.770906655306,-2091.492564686341,mouse1_slice50,L4/5 IT,363
100710098199264639646181147670539642555,3949.073818300043,-2994.281807493436,mouse1_slice50,L2/3 IT,181
100770516509828923630978876061485719503,4260.97622078764,-2357.177506460283,mouse1_slice50,L2/3 IT,313
100842549546626171241991454564639654183,4611.056877617297,-2630.440065699048,mouse1_slice50,L5 IT,265
100950987248696023627512659113223722976,4416.857741819733,-2288.0887298444272,mouse1_slice50,L2/3 IT,315
100955601535943672754469769793722395470,4989.153922069177,-1620.0067984297125,mouse1_slice50,Astro,414
101040309230617229467963033777200410268,4767.6640066873815,-2769.370496514152,mouse1_slice50,Endo,229
101290319453327493294362411320830756503,4857.440598053132,-2856.185593468002,mouse1_slice50,Oligo,210
10133650427379796965274679508791717579,5327.484911720976,-2747.8484290627193,mouse1_slice50,L6 IT,235
101514388755449993173560206320331861974,4794.304823872407,-1966.682035496929,mouse1_slice50,Sst,372
101731390169942732810880467783376149464,4512.222047824038,-2964.2294411620205,mouse1_slice50,L5 ET,187
101832018081624702142421097643353058000,5387.918356040054,-2755.162130473538,mouse1_slice50,L6 CT,236
101850681050949321874175106772440276305,4607.543544714473,-3296.7378448336162,mouse1_slice50,L5 IT,108
101923412293028741557740364778568352912,4765.5804525572585,-3646.388917165433,mouse1_slice50,L4/5 IT,37
101947708619388374865955767260108748338,3814.292965684207,-3523.803578036416,mouse1_slice50,L2/3 IT,60
10211118390275140178218693553065860949,5344.357382505752,-3516.161560926063,mouse1_slice50,Peri,77
102138401151297659614140192164977221559,5249.993481998642,-2701.7863139410256,mouse1_slice50,Oligo,253
102295861303286750533722509490935319871,5357.818397968998,-2335.004329908814,mouse1_slice50,L5 IT,325
102369133092169646929318332475012764060,4357.158320300072,-2263.4445557058098,mouse1_slice50,PVM,329
102500510899266198503869053721430715211,4691.623459390246,-2837.3880814548766,mouse1_slice50,L6 IT,208
102605093498008395642273795715434976140,4064.1177074852853,-2348.4992262144724,mouse1_slice50,VLMC,311
102630798889479537592018189193151183545,4374.862451313001,-1868.2317664813413,mouse1_slice50,VLMC,380
102719174358977551803816356674924478310,4871.952789865475,-2752.9976049544052,mouse1_slice50,Endo,230
102762764961926665751220904445159421327,4607.359314860533,-2727.4065936661004,mouse1_slice50,L5 IT,246
102870537692237395622163702944556475667,5308.3498783708765,-2842.9863398546427,mouse1_slice50,L6 CT,215
102908585387146366434436973489258714022,5022.802515267985,-2145.808062343026,mouse1_slice50,Astro,350
102961153274706937193126587656972162038,4643.346519059101,-1799.4642013074138,mouse1_slice50,VLMC,394
103059365527586362447650942647026521319,5324.213835428846,-1954.835164552875,mouse1_slice50,Micro,378
103205043405221891887187035103989199675,3974.342506792615,-2748.672758424462,mouse1_slice50,L2/3 IT,220
103411609474924234227396703721662557657,4120.8538827186485,-2945.0445459150565,mouse1_slice50,SMC,183
103789311555996607474821057762334121557,4625.130693866044,-2577.482712220939,mouse1_slice50,Endo,265
104078254148375929483440785584365448099,5176.667939399124,-2061.420871052443,mouse1_slice50,L4/5 IT,364
104193772921793607754911911626783090104,4413.656153835989,-2662.1031693908494,mouse1_slice50,L2/3 IT,244
104199012032694181036259463212136800428,5436.501158156775,-2261.8681839924425,mouse1_slice50,L5/6 NP,341
10423246898564792607150667089393732968,4215.373943435709,-2560.3097998746466,mouse1_slice50,Oligo,261
10443051352889986513007462453736025395,4797.592647358435,-1643.8007503409613,mouse1_slice50,VLMC,412
104604897593115865177436657157450128626,3938.1932215203237,-3684.703527721256,mouse1_slice50,L2/3 IT,28
104688916223698180762689830356491784092,5404.410747626059,-2470.815644639298,mouse1_slice50,Peri,292
104810467644933401534108350868278512588,3796.798161554966,-3365.1155788560186,mouse1_slice50,VLMC,99
104930837473195784129626300048275722903,4592.331151509514,-2040.881316850918,mouse1_slice50,Vip,358
104968955476732765422841178727438430701,4789.137804263313,-3650.906673466791,mouse1_slice50,PVM,37
105018458557167169914316082564072308694,4752.6216004259195,-2180.146551314708,mouse1_slice50,Sst,347
105071344348029652741587405638132693436,4430.261181143581,-2612.536727512665,mouse1_slice50,Micro,263
105152267502956405986163481251877765161,4793.5393007895245,-3266.3280544764166,mouse1_slice50,L6 IT,130
105274351643193085986950367987181897816,5402.41591753658,-1581.8064619454613,mouse1_slice50,Astro,419
10542423909097908135626060641967534030,4402.820395710967,-2340.8387601071977,mouse1_slice50,OPC,315
10551633534698854195667512244395380368,4433.810854119941,-3414.9931987702475,mouse1_slice50,L5 IT,86
10572187217408534447623344359384783673,4119.752408335701,-3507.7720103959027,mouse1_slice50,L4/5 IT,64
105800546334780003599145862547236550829,5015.304258316551,-3344.0403544029223,mouse1_slice50,Endo,113
106006173380424869565806252890172824256,4985.227403792642,-2796.2215636531755,mouse1_slice50,Astro,231
106097468183846234145120636695421460523,4670.171225413477,-2055.251465284312,mouse1_slice50,L2/3 IT,359
106099584344502602441591320617159624141,4046.944659229281,-3545.2532105938676,mouse1_slice50,L4/5 IT,63
106119827410635762079443969807896489563,4176.165068358382,-3333.5653062406977,mouse1_slice50,L4/5 IT,103
106199120813815936747840169818096547070,5044.85795500849,-2790.430958067999,mouse1_slice50,L6 IT,232
106561992046978215401519618966084432396,5309.445498096227,-3261.3483506004713,mouse1_slice50,Peri,136
107128566224022179178369526310840085013,5072.448272710825,-2058.675639133581,mouse1_slice50,Vip,363
107347919257492114702939360010276165731,4677.587298051737,-3520.0936387259294,mouse1_slice50,L5/6 NP,70
107534714656539381305380634074452466196,4736.406782386772,-3502.953751962862,mouse1_slice50,L6 CT,71
10763095571038339247488492184179770142,4260.321194137599,-2595.0222537941654,mouse1_slice50,Sst,261
107811399342642680792197384207607904351,4094.853538823951,-2603.365673138311,mouse1_slice50,L2/3 IT,260
108060076456404007973051775505538747490,5299.838106295157,-2579.8360322853973,mouse1_slice50,L5 ET,273
108130648943528456533306131182053429367,5231.932835626062,-2506.2771405939616,mouse1_slice50,Endo,290
108204360339405890312590214638901529689,4161.539466607686,-3624.2597572995187,mouse1_slice50,Sst,45
108243080824625082288655270786764589472,5216.4062775159755,-2135.825599085749,mouse1_slice50,L4/5 IT,352
108247769055600468603420402873711784184,5025.131704804367,-2698.476108259166,mouse1_slice50,L6 IT,251
108274124250724938136099916916004956980,5015.942192592747,-2359.512530598316,mouse1_slice50,L5 IT,322
108331432487438395354063840556328662299,4106.272822354202,-3701.7264075842627,mouse1_slice50,L2/3 IT,30
108431661401948518024264266720082511794,4517.956023402441,-2082.7089967552392,mouse1_slice50,Micro,357
108699052808880052053105607706562350138,5443.580995520099,-1798.814629672162,mouse1_slice50,L2/3 IT,402
108703577816104806852870033412891377482,3860.0503806815896,-3743.1287693762656,mouse1_slice50,Peri,12
108756868308262204405703984776985604348,3901.268317631708,-3326.1917672509694,mouse1_slice50,L2/3 IT,100
108782742060644928554004549985743390995,5297.337584737747,-2690.333193179866,mouse1_slice50,L5 ET,254
108797534421156438692942660118952470682,5013.92831587262,-2087.6301328816794,mouse1_slice50,L5 IT,363
10894046309796222217074306139929823512,4480.809439429007,-2601.0016102791187,mouse1_slice50,Micro,264
108994371364937615578426176957915465926,4117.438555948615,-3719.1649883815894,mouse1_slice50,L2/3 IT,30
109081429709921968706565985046875319820,5070.554217647106,-2339.745160012037,mouse1_slice50,L5 IT,322
109109120124835462828224328001153489521,3930.6059086402415,-2709.7150547781794,mouse1_slice50,Astro,239
10913448097453515035186611880054082367,4112.777748644612,-2944.9900281253986,mouse1_slice50,SMC,183
109382406811910134529184041547678153290,5311.244152170768,-1894.7686356470745,mouse1_slice50,Endo,390
109617165670180072518073072269912764174,5435.689972474507,-2761.9302487122454,mouse1_slice50,L6 IT,236
109818677104076638046081540588581960205,4448.337118167821,-3254.3749635074187,mouse1_slice50,L5 ET,126
109954044161674160190207731932603690078,4686.827861343937,-3695.6944794708807,mouse1_slice50,L5 IT,36
109955090882981293480942450367470058497,5432.0484437456225,-1641.910490491026,mouse1_slice50,L2/3 IT,419
109960218986561813962517001588108066410,4780.535645736213,-3081.4328892711696,mouse1_slice50,Vip,170
109979375552010212879865523379737278773,4377.660886936201,-2320.9489573904784,mouse1_slice50,OPC,315
110329557137328021474077787977707872221,5320.055351915978,-2797.8391783374477,mouse1_slice50,L6 CT,235
110460407290874235022410898514118194251,4043.1726065985345,-3765.859723438706,mouse1_slice50,L2/3 IT,14
110584732769831743427972269281928518053,5424.761565227961,-1511.2873397484461,mouse1_slice50,Lamp5,423
110820884352138624434222962280690742743,3712.65643106036,-2784.9889024127433,mouse1_slice50,VLMC,217
11093642159337986252552060358834314192,4524.916548769906,-3774.177666352623,mouse1_slice50,L4/5 IT,19
110942533161572678019205115639226413620,4439.616133852402,-3603.748985455312,mouse1_slice50,L4/5 IT,48
111004482624504163754682529205864799118,4475.118943384709,-2115.8690928440383,mouse1_slice50,Astro,344
111184577057130200324216658656041801044,5083.290472562777,-2323.496527833181,mouse1_slice50,Endo,322
111202160586132567750212124282637556522,5130.934405003013,-1540.0532769142249,mouse1_slice50,VLMC,420
111247311577848571039673957183754398916,5296.382229121242,-2225.0341843426786,mouse1_slice50,L5 ET,340
111328249218611628153323535990705879541,5379.595510711942,-3566.4070368793878,mouse1_slice50,L6 IT,59
111332517517322211885738730301261569123,4287.320928174027,-2672.0772473190277,mouse1_slice50,Astro,243
111381175956987253332893088900191030679,5023.311026355602,-3681.0594072366325,mouse1_slice50,L5 ET,40
111499834433472937796043295287764604862,4822.081373465856,-2968.6452092966056,mouse1_slice50,L6 CT,191
111513884375716029201069632124289148728,5333.590717617061,-2682.3614137819904,mouse1_slice50,L5 ET,254
111938728686679002702930544368720196742,5174.949384548396,-2219.702433635431,mouse1_slice50,Endo,338
112066982874350986562643714528120098141,5373.417943336289,-1966.6825599940537,mouse1_slice50,L4/5 IT,379
112285502060035374571848108221936600403,5262.25885147526,-1981.6579599501308,mouse1_slice50,L4/5 IT,377
112313649661708605822521386746740287770,4444.41285218379,-2155.010409337729,mouse1_slice50,Endo,343
11233221383321075198353264986936722368,4347.395989976073,-3442.815533936194,mouse1_slice50,L5 IT,85
112397527572640158098533140222677544511,4427.822156820806,-3769.496932917759,mouse1_slice50,L4/5 IT,18
112466368834522770708432519201262821574,5208.639874120885,-1889.5580795415397,mouse1_slice50,Micro,389
112469422406181309407922110486425116786,5291.189666498903,-3427.30462689734,mouse1_slice50,L5 ET,96
112743589380899270196906487894629775124,4351.624042273651,-3044.1399477472746,mouse1_slice50,L4/5 IT,165
112755223110812635317903390075300828323,4044.1954630222413,-3006.4998770905468,mouse1_slice50,Endo,182
112798317270481081999445651799264173044,4945.959487230074,-1756.4449683469434,mouse1_slice50,L2/3 IT,397
112819892159876621851755213304826206155,3911.9463759882556,-3046.8599015478803,mouse1_slice50,L2/3 IT,160
112891032485237215166595891511319366603,5211.6500240942405,-3368.2729485239247,mouse1_slice50,L5 IT,115
113015584550779531163776348983846463166,4974.982051792532,-3689.094511483507,mouse1_slice50,L5 IT,39
113176685938072322811808921260265297904,4390.710317628414,-2900.768643184308,mouse1_slice50,L4/5 IT,205
113177446500339444021018053322865475313,4582.847956258711,-3652.3983327518204,mouse1_slice50,L5 IT,35
113217926220827161949323025284333574300,3772.7249732148534,-2800.693289441355,mouse1_slice50,PVM,218
113285416571275146828539177577933106308,4709.954918272268,-3527.7317466649465,mouse1_slice50,L5/6 NP,70
11343915353454591594399648137182084731,3895.065901122896,-3215.8061007863803,mouse1_slice50,L2/3 IT,120
113439209728530555386514806437955109942,3887.3047969311738,-3441.1231034190837,mouse1_slice50,L2/3 IT,80
113538169522222240596213452626921152187,5058.79939621368,-2505.0143352413893,mouse1_slice50,OPC,288
113582173057573032061386619115107523837,5287.556949288037,-1680.788448717685,mouse1_slice50,L2/3 IT,410
113614691150312190564543841581869508651,4421.4815054008195,-3385.023244227752,mouse1_slice50,L5 IT,86
113627499829741100720568583033452052117,5293.660920843914,-3539.6587724243313,mouse1_slice50,L5 IT,77
113771535345651287144793427582389591028,4916.94055632849,-3440.2785819273518,mouse1_slice50,L6 CT,92
113786640974909752538494903309487516494,5048.837523015941,-2808.0044257753107,mouse1_slice50,Endo,232
11410240857297922811928798357920798109,3680.5740235668686,-2910.1362602004183,mouse1_slice50,VLMC,197
114151134694758258360988203476491586583,4071.352673164002,-2604.3859019011034,mouse1_slice50,Endo,259
114214704143893024559727924241642765146,4852.773859407365,-3729.988619299646,mouse1_slice50,L5 ET,38
114331788353756305922838715143844698387,4511.39557036288,-2990.27175115183,mouse1_slice50,L6 IT,187
114415275003756360228342223761147916690,5308.936382323575,-3316.6294526091638,mouse1_slice50,Peri,116
114511580986065505779132969392098325683,4895.345347577465,-1892.278060252725,mouse1_slice50,L2/3 IT,385
114533529546409491175981967916333148587,5030.335842749775,-1667.5450254981556,mouse1_slice50,Lamp5,407
114645685928948092456182227846714102440,4661.923954603836,-3599.2394602208656,mouse1_slice50,L5 IT,51
114681559891705002088039073640521713147,4447.96148724977,-3707.8237085863743,mouse1_slice50,L4/5 IT,33
114778085452445099195207979068655420329,5121.601271644766,-1710.0927399590785,mouse1_slice50,L2/3 IT,408
114880787261146580043740643409881539410,4340.612202635597,-2726.225595638877,mouse1_slice50,L4/5 IT,243
114954114160031191155250063507531424616,4071.015436710299,-3749.657154869042,mouse1_slice50,Endo,14
115005267831297008919031650952261325485,4817.709251760373,-3509.051929247882,mouse1_slice50,Micro,71
115018433378914725172416438497394718996,4843.441565967791,-3329.157587550463,mouse1_slice50,L5 ET,111
115207245798983393520041199638992234484,3970.065933420748,-2929.148994705728,mouse1_slice50,Endo,181
115219035780843464570754438909888868504,5128.649539385579,-2924.8921947703316,mouse1_slice50,Oligo,194
115296301694613756181146083986639914226,3936.2691944862695,-3489.5675450893605,mouse1_slice50,L2/3 IT,62
115330680229046752475120828935465632597,4784.732990623175,-2190.634264393498,mouse1_slice50,L2/3 IT,347
115385639294674185042203622230526858212,4997.038160154998,-3045.677541472439,mouse1_slice50,L6 CT,172
115468292279693937639580468097605500356,4805.153584860526,-3807.465789015605,mouse1_slice50,L5 IT,22
115649657957276728000663534863414810348,5279.007975933635,-3414.439374429662,mouse1_slice50,L5 IT,96
115655759707006349344358132234039926882,4100.24402490019,-3877.0074974646873,mouse1_slice50,L2/3 IT,8
115677051175008268560888143637885450209,4571.500263212146,-3403.2564704061506,mouse1_slice50,L5/6 NP,88
115771809665452235846243557264627690454,3775.212938309391,-2626.0359852819265,mouse1_slice50,VLMC,256
115858128044703910013460208017632998901,4415.91561380632,-2460.0705892687156,mouse1_slice50,L2/3 IT,299
115887505881922530441351324828087663437,4642.076969049593,-2406.3685252348478,mouse1_slice50,L4/5 IT,302
115999603884816744753430464928476512481,4419.530467542572,-3303.6814605550394,mouse1_slice50,L4/5 IT,106
116097160640140001460589637490414212513,3886.0709638340245,-3275.831650919063,mouse1_slice50,L2/3 IT,120
116231061991054400070104339313016838184,3984.2710882872893,-2807.9946864216145,mouse1_slice50,L2/3 IT,220
116241530072418429140702092354641985918,5187.902997856433,-1985.6392670045109,mouse1_slice50,L2/3 IT,377
116249030683438358714530541768119007434,5436.9492641469,-3324.296180910889,mouse1_slice50,L6 CT,117
116310571979909186949134411620929773896,5125.084273798289,-2589.501232058122,mouse1_slice50,OPC,271
116334507909039426767917408098528132234,4297.137947225045,-3590.2717001007045,mouse1_slice50,L4/5 IT,47
116349266390926889663599346750366752580,4341.991018059746,-2516.951219780652,mouse1_slice50,Micro,280
116353805407910584387571737551737340600,5447.0538919457495,-2402.4949832349184,mouse1_slice50,L5 IT,310
116360534608654145303047179988853011553,5423.68003791609,-3478.4536263976916,mouse1_slice50,L5 IT,78
11646532548157018745018409254212479212,4736.745750060122,-1972.1962032563363,mouse1_slice50,L2/3 IT,372
116648470408229875146147385150205277919,4410.076581725267,-3755.835708049032,mouse1_slice50,L4/5 IT,18
116822605181254088930411411515437326892,4624.350961034902,-3527.1213045750533,mouse1_slice50,Sst,69
116823938027545776124856387752048614390,4036.7235356142846,-2899.4684846241726,mouse1_slice50,L2/3 IT,201
116910091970084445911932685772648641572,4794.807757897773,-2515.8606965842196,mouse1_slice50,Endo,285
116925923815003535916009655122113258982,5252.467379510927,-3390.296087503066,mouse1_slice50,Oligo,95
116983241286801700543547386877475573556,4307.425973609197,-3219.511740414374,mouse1_slice50,Endo,125
117026565575077035014681077908146314659,3895.9505732110256,-2984.4351005355347,mouse1_slice50,Micro,180
117052171560025895233546683318472174965,4028.955397989747,-3847.990724998569,mouse1_slice50,Pvalb,7
117054015489946180158936379965129450223,3798.219759729779,-3516.276573859741,mouse1_slice50,Peri,60
117093272091426213853223801925808708627,4851.7990625164975,-1838.722785547887,mouse1_slice50,L2/3 IT,385
117106867123286632571207946335580814685,3717.6135419052193,-2775.3930386806837,mouse1_slice50,VLMC,217
117378899224829162214207471941576758487,5442.264663676882,-2799.690245752256,mouse1_slice50,L6 CT,236
117384039374011138447540396246307559859,4847.120685120428,-1892.6388659829051,mouse1_slice50,L2/3 IT,385
11753332869989170644041445786886323639,4743.819177303792,-3688.95483343346,mouse1_slice50,L5 IT,37
117607232881972138490164727389308453710,5325.105837007365,-3361.029473165062,mouse1_slice50,L5 IT,116
117728794824014836263669457382888967555,4932.8335503448025,-2713.9321831605075,mouse1_slice50,L6 IT,250
117739163785431269766644133221035549892,3960.6250555495562,-3100.2126310116523,mouse1_slice50,L2/3 IT,141
117874731443505239298987395966214480684,5446.064242785798,-1987.547587786945,mouse1_slice50,L4/5 IT,379
1179026474262019881140433996186168963,4603.903124009662,-2575.665284754369,mouse1_slice50,Pvalb,265
117908222721967988542859836999577234968,4248.405555135373,-3309.1914208284093,mouse1_slice50,Micro,104
118003785217998921016596528015473403147,4900.133565441536,-2885.358975816344,mouse1_slice50,L6 IT,210
118069671748779428174908855903792626998,4240.014432923838,-2384.2746339117625,mouse1_slice50,L2/3 IT,297
118172850475291908371050810603671227943,4521.291441694189,-1793.0073378150653,mouse1_slice50,VLMC,392
11828046386226249017844445835274367339,3755.6589678321793,-3255.264747940892,mouse1_slice50,PVM,119
118666354592397654012968462968321076445,3901.0967272813004,-3413.2200787337692,mouse1_slice50,L2/3 IT,80
118706987756990618876474764884671471212,3922.53118094985,-2773.5903075683195,mouse1_slice50,Endo,220
118745106734353639898852478923721352651,4538.211817241179,-2603.0271612656957,mouse1_slice50,L5 IT,264
118862187207103176499888358426014253257,4581.68745956297,-3052.0286780138517,mouse1_slice50,L5 ET,168
119006573990147352612998306505593368836,4752.507113486604,-1688.4657281808688,mouse1_slice50,Peri,404
119080383610612892008204002763244643534,5145.391834156078,-3136.0843578457975,mouse1_slice50,L6 IT,154
119091361988120994390285975375655193520,4781.773956331834,-2601.428329364267,mouse1_slice50,L5 IT,267
11912971989406466443825455052738830019,5125.353968899733,-3385.8714494936767,mouse1_slice50,L6 CT,94
119148581944526785023106517533595723307,4408.932765194436,-3043.7888435775235,mouse1_slice50,L4/5 IT,166
119192589181742676847292861424552790395,5393.04459906931,-3102.556028813663,mouse1_slice50,L6 IT,157
119687811692899776940888075660334247761,4833.496383028804,-2066.4022371976316,mouse1_slice50,L2/3 IT,361
119788270894644785814703205255518907518,5394.102968616656,-1654.0319322703547,mouse1_slice50,L2/3 IT,411
119789506044598118478763760927525501007,4571.027606495102,-2203.5424804788495,mouse1_slice50,Astro,332
11984542956175450668188761484725117489,4357.767893734621,-3605.1736528531833,mouse1_slice50,L4/5 IT,47
119898752466573680982676473443950877160,5433.652815593893,-1574.9646582004732,mouse1_slice50,Vip,419
11997766147673201569622196874453619551,4398.651923714576,-3627.2618504868337,mouse1_slice50,Endo,48
120178463177844948136779235689631793769,5345.838689304068,-2676.4322810511107,mouse1_slice50,Oligo,254
120200893727308348722274953865537821375,5236.148320301535,-2608.60369683527,mouse1_slice50,L5 ET,272
120507897711650051556662533855043416132,5142.804487336126,-1662.334802545691,mouse1_slice50,Sst,408
120544063360178350184140203699478390862,5420.613868093889,-1985.0219352371773,mouse1_slice50,L4/5 IT,379
120688341171884572556526597109195212613,5051.625550129805,-3494.4054357379387,mouse1_slice50,L6 CT,74
120688366385858004572784664838891602481,5349.787156006585,-3053.4919490772336,mouse1_slice50,L6 CT,176
120923977259076516344672987644105875215,5136.817219311437,-1714.6678190550065,mouse1_slice50,L2/3 IT,408
121050831073917632442624601571390763986,5121.993928517193,-3210.6149116972583,mouse1_slice50,L6 CT,134
121279803670885800119808650903544653296,4961.955213838481,-3259.47954232512,mouse1_slice50,L5 ET,132
121330168576756147439980174773451197974,4072.592205936156,-2476.2221258056265,mouse1_slice50,Micro,277
121343170040678040297090279110370185827,4783.408261378601,-3755.8422628104577,mouse1_slice50,Sst,22
121500964151967952948386852758082417550,4589.145394316011,-1859.0424654602868,mouse1_slice50,Astro,382
121637746521075695239197511690585557064,4586.80431907738,-2620.4898200063813,mouse1_slice50,Endo,265
121641932357974465919283625648163466105,4228.954019030595,-2416.2771271498864,mouse1_slice50,L2/3 IT,297
12166885478489247987572197996870595112,4937.720053291612,-2707.2250205695595,mouse1_slice50,L6 IT,250
121683842169379476994977231025023883323,4772.257095943401,-3747.8164640674618,mouse1_slice50,L5 ET,22
12174550406232682908867923831494201640,5306.234168751261,-3218.320364678529,mouse1_slice50,L6 IT,136
121828905310311532609760610561048340563,4965.376938289626,-3587.6115460474607,mouse1_slice50,L6 CT,54
121864714714708160064919313326418141866,3648.485605925358,-3150.4089537015902,mouse1_slice50,VLMC,138
121952618214928757962683264795805291950,4868.844090800929,-2643.1482107825245,mouse1_slice50,Sst,268
122048444358939016025513727864162100945,4243.538310656105,-3513.9035206199915,mouse1_slice50,L4/5 IT,65
12212021688682561516770904562913719454,4467.227486211604,-2253.9513671874734,mouse1_slice50,Endo,331
122204043600856347361635064268004173390,5113.398636905853,-2387.1931899389892,mouse1_slice50,L6 IT,307
122320279961254459155016281280681076832,4947.435889699516,-2293.8015488553247,mouse1_slice50,L5 IT,321
122324795173636487649321089398308937733,4513.562488708262,-1795.9394468584137,mouse1_slice50,VLMC,392
122513491340778558614368482693808757593,4472.396120708985,-3572.3906621201436,mouse1_slice50,L5 IT,49
122562712481270925141481512124385234770,4677.6685977789975,-3502.6154924249954,mouse1_slice50,L6 IT Car3,70
122845262684045448769980233419489297862,4959.324378120213,-2485.2821695678545,mouse1_slice50,L5 IT,287
122885311403082418979408065944191906346,5428.258099932505,-1938.4666663128428,mouse1_slice50,L4/5 IT,379
122958873317688024419407348628467665004,3964.4445531477904,-2389.88584788488,mouse1_slice50,VLMC,294
123043977749917971475203360417543800108,4103.688098032857,-3419.7109571500428,mouse1_slice50,L4/5 IT,83
123116595857578470560087083536059184191,4198.93050503064,-3568.58953345001,mouse1_slice50,Pvalb,46
123176591505978412200337305119344087385,4288.337159913654,-2679.3595443182744,mouse1_slice50,Astro,243
123325726171217048300571699688146796333,4330.697886423126,-2958.834588989604,mouse1_slice50,Oligo,185
123382764247081025984080635522779187003,3882.665606092304,-3247.575265627224,mouse1_slice50,L2/3 IT,120
123458279894428214305958433170649293611,4977.16497252688,-3649.2576099478424,mouse1_slice50,Peri,39
123651558367263274671788797463480479905,4793.189636550521,-2771.8690856080175,mouse1_slice50,L5 IT,229
123690551734546672113390226933663794691,4015.2817445686223,-2992.4454477113477,mouse1_slice50,L2/3 IT,182
123763962632019916745819676800493501454,4487.878744105758,-2722.02498208953,mouse1_slice50,OPC,245
123864903374358328629741588662557351770,5221.733224166686,-1953.4817776490606,mouse1_slice50,Micro,377
123903853436011138112397597154424461780,5038.1080208341,-2026.999274591203,mouse1_slice50,L4/5 IT,363
124006632518508737793505439415136457597,5230.495040330347,-2047.0402824880493,mouse1_slice50,L4/5 IT,365
124148607971247573580994722354726590740,3782.2609411286185,-2687.708337242822,mouse1_slice50,VLMC,237
124181157945990675303084340971216308,4606.628598066616,-2910.5698275747914,mouse1_slice50,L5/6 NP,207
12418151544569410378904533121899765167,5253.435154239493,-3348.479025355009,mouse1_slice50,Endo,115
124231122841899992642345200787454705293,3931.9961971248863,-3590.8436620649736,mouse1_slice50,L2/3 IT,43
124307940257317766077973142098396821412,5243.383023520874,-1682.700847181724,mouse1_slice50,L2/3 IT,409
124338234653438447210079096085062716176,5139.024034535665,-1969.3014727131028,mouse1_slice50,Endo,376
124363288842125229567986413361839187414,4369.8990515560245,-2881.2336722695286,mouse1_slice50,Astro,205
124386028643455850996859792318910615771,4803.53719728695,-3145.0456768711197,mouse1_slice50,L5 ET,150
124437525886880767565814528650317668962,4798.09634209092,-2230.2842890741044,mouse1_slice50,L4/5 IT,334
124606030430477128073260513762828371813,5339.693467887427,-1750.2359041607574,mouse1_slice50,L2/3 IT,401
124691453822339428349384949291239953608,4785.998589602279,-1915.3117098361759,mouse1_slice50,L2/3 IT,384
124786785583974390716060308010417960540,4392.106773142313,-2513.655500509646,mouse1_slice50,Endo,281
124960227704235398863873839171535196038,4403.675118530214,-2279.5409090079766,mouse1_slice50,Astro,330
125012324077963305082609341987213164293,4702.943582911081,-3321.8881913537784,mouse1_slice50,Sst,109
125146603728684488599135778213455873097,4619.672975472136,-2237.0928606692933,mouse1_slice50,Micro,332
125216299177960182366312333910626727331,4163.377301477098,-3775.305362244162,mouse1_slice50,Peri,15
125451478007804373728386002434013409810,4748.7258438042145,-2123.6958606315634,mouse1_slice50,L2/3 IT,347
125484736148711591212642203069951142981,4434.546952602884,-3397.5833675873773,mouse1_slice50,Astro,86
125494262970178858946725616888930684937,4218.072518884994,-3318.8652889845966,mouse1_slice50,Endo,104
125551177969178492913379957507395342695,3999.6060686003743,-2859.3956280964185,mouse1_slice50,L2/3 IT,200
125604900601761552563168719004013020349,4457.923936708369,-2959.845633976044,mouse1_slice50,L4/5 IT,187
125650361972231717279111946571509380626,5437.741037072484,-2225.7593779643867,mouse1_slice50,L5 IT,341
125736105364940206263588131254682604168,4224.8625372311,-3589.977757169097,mouse1_slice50,Vip,46
125852761948185261775149542595164252950,5330.872439445059,-3519.6384429984146,mouse1_slice50,L5/6 NP,77
126055755338493046961450301455901234449,4465.588118563453,-3300.5965391006503,mouse1_slice50,L5 IT,107
126316014218464306546442117665181339316,4396.356283007471,-2216.6078304774915,mouse1_slice50,Lamp5,330
126326361039643540186520670197887494165,4655.144198411478,-2899.8118881040823,mouse1_slice50,L5 IT,208
126473019017004257630927918288506527786,4333.428763612966,-2354.371754088637,mouse1_slice50,L2/3 IT,314
126551132499093223227365185662867800271,3771.4253872877084,-3908.5843179678786,mouse1_slice50,VLMC,4
126553059120144034437824759091430653236,5399.670360369186,-2893.9398750210107,mouse1_slice50,L6 CT,216
126620931991182152062590824645132858677,3895.2775207914488,-2955.471626467485,mouse1_slice50,OPC,180
126757820565831499368528493548918171890,4101.980308667779,-2529.001526034312,mouse1_slice50,Endo,278
126841375253381195874251932614502743208,4406.319537117236,-3681.1769179866337,mouse1_slice50,L4/5 IT,33
127054572525542427644775682165598968955,4694.315432261445,-3744.4473262872807,mouse1_slice50,PVM,21
127094053287676404695599174449456918095,5050.61763793917,-3131.901510517057,mouse1_slice50,L6 IT,153
12712047202716776450220973472100300160,3903.638332063911,-3076.698102745475,mouse1_slice50,L2/3 IT,160
127210495951084221732220461641101864170,3954.7709596157138,-3148.1124482133905,mouse1_slice50,L2/3 IT,141
127256056688670489653732811199995752975,4861.881137174886,-2133.9844299862348,mouse1_slice50,L4/5 IT,348
127289681978743655336889874311831522699,3861.0298859818545,-2652.8122934548,mouse1_slice50,Peri,238
127319693859349027673228788757570606268,4809.968029917172,-3402.424985474875,mouse1_slice50,Micro,90
127439803895180655467986187466773056933,4809.732929409179,-3691.736082641244,mouse1_slice50,L5 ET,37
127533116073434910547478815955004171081,5101.618461377395,-2217.7859021102913,mouse1_slice50,L5 IT,338
127602472693674038895986570451133489950,4884.7702214186875,-2293.397597680451,mouse1_slice50,L4/5 IT,320
127651007716024343418235505801421027009,4963.272116491434,-1893.358293457788,mouse1_slice50,Endo,386
127695094551558938999161727895105471312,5280.748736078939,-3615.7814372762737,mouse1_slice50,Sst,58
127761794139779112933324032790109575676,4309.142517087003,-3655.611929378359,mouse1_slice50,L5 IT,32
127883307036473784626165955953186819380,4535.943462208708,-2070.875422226684,mouse1_slice50,L2/3 IT,357
127933119252962776003246307671583250676,4765.997836531568,-2167.7110567111927,mouse1_slice50,L2/3 IT,347
127940096131337857614968039018360505390,4440.519945452192,-2496.4002505362737,mouse1_slice50,L2/3 IT,281
128024299567322646511468969831491235933,3944.428984672127,-2960.4928793412705,mouse1_slice50,L2/3 IT,181
128148822532275968047867531663433246595,3910.6823375914755,-3052.777861345822,mouse1_slice50,L2/3 IT,160
128177390045670731645928011077779114911,5379.758081072469,-2424.8856779343128,mouse1_slice50,L6 IT,310
128185198012738649007690653447135590707,5283.446434262259,-1958.9483173210122,mouse1_slice50,L4/5 IT,378
128350473805523542145584715775355751895,3909.727814293828,-3059.2067288185885,mouse1_slice50,L2/3 IT,160
12835320469296718020590254016360469913,4037.203763257558,-3480.8183926380107,mouse1_slice50,Endo,63
128360801960150645011371818924366018263,5049.520439872352,-2550.4793773809897,mouse1_slice50,L6 IT,288
128613092589988885549338148405885429554,5242.146706412592,-2865.6973184605254,mouse1_slice50,L5 ET,214
128880734612115938559857949373359075198,4644.9147995621515,-3054.5945512177896,mouse1_slice50,L5/6 NP,169
128895439225780069205572845256628639402,3976.2881315876625,-2654.556600983974,mouse1_slice50,L2/3 IT,239
128949228518103574069249273873216541992,4508.873932590433,-2084.27611327136,mouse1_slice50,L2/3 IT,357
129076825306891057768444959560570418581,4867.206522416301,-3212.328864341001,mouse1_slice50,L5 ET,131
129225821031178654596633763365886280464,5385.319503919275,-1579.8225612233757,mouse1_slice50,Lamp5,419
129245815825030201740953982718545610999,4568.618849754458,-3574.6168322904878,mouse1_slice50,L5 IT,50
129264289511057305514926368967424658833,5166.41441676999,-1890.9509553406717,mouse1_slice50,L2/3 IT,388
129391747617187966084698838087479177954,4212.415167941648,-2688.5175255207005,mouse1_slice50,Peri,242
129663210993227391512486656089553512875,4272.355160020582,-3511.579487008787,mouse1_slice50,L4/5 IT,65
129761531825981135232086292516201913799,4075.290492244615,-3760.678158617163,mouse1_slice50,L2/3 IT,14
129787611971662301224906692729974215155,4802.422221768699,-2699.25639064633,mouse1_slice50,Astro,248
130058670392381271925317528367366033815,4768.382226442357,-2381.178585467311,mouse1_slice50,Peri,303
130093257876905031914088375563212636171,4419.801881577908,-2911.4086211521217,mouse1_slice50,L4/5 IT,205
130175839280803182271530556302907702679,4684.722556104114,-2968.70114201865,mouse1_slice50,Peri,189
130223741233542037830057985342540570007,4700.175164484387,-2331.0974230321926,mouse1_slice50,L4/5 IT,318
13061121516982722317857922470725065201,4991.556868486979,-3307.895544803769,mouse1_slice50,Pvalb,112
130768366027254951782135406301375486897,4725.173094764709,-2430.500316866885,mouse1_slice50,Micro,302
131010652159681855672504000993960072643,4708.496785274279,-2988.691812348929,mouse1_slice50,L5 ET,189
131144822827193624688177738577876375939,4516.561899611208,-2121.5259728996643,mouse1_slice50,L2/3 IT,344
131160286661907426220240420924415825751,5289.760801720413,-1712.5324030425054,mouse1_slice50,L2/3 IT,410
131169909272954117484570203855470868840,4683.758304133052,-3816.7241195185957,mouse1_slice50,L5 ET,21
131173521670707026289422285992546564355,5286.679596005971,-3563.792769921402,mouse1_slice50,L6 IT,58
131322016795736439304702159700264775924,4499.695326130406,-3736.2259925945923,mouse1_slice50,L4/5 IT,19
13156812993643060427792605389373299025,4662.886740249723,-3036.6666288628217,mouse1_slice50,Peri,169
131655857685712984814022685317350785328,5341.573337432236,-2808.55637349878,mouse1_slice50,Peri,235
131669339246995635020933699927046720158,4926.056821970423,-1729.348414860528,mouse1_slice50,Astro,406
131700159818679897774022841772106663704,4080.1201743869324,-2250.969813710962,mouse1_slice50,SMC,327
131811987919826395571579835512476306799,4861.923613822498,-3433.5277950860495,mouse1_slice50,L6 CT,91
132060707501643028845118959908812774304,4837.820528128594,-2871.501985847683,mouse1_slice50,L5 ET,210
132121229613057657432176695403412303977,4791.474989121552,-2343.144819647717,mouse1_slice50,L4/5 IT,319
132134673865490904758943446118298219705,3896.38985408518,-2545.1158147718415,mouse1_slice50,VLMC,275
132153595056912045534790010739408635052,4533.857804346916,-2989.923593514716,mouse1_slice50,Pvalb,187
132185712924019711754739267361400323008,3648.179993562255,-3154.5548763810693,mouse1_slice50,VLMC,138
132268382465267730698207479739701740714,3705.080369849351,-3172.268188355971,mouse1_slice50,Micro,138
13226946188640165856735244720631591667,4568.5907800631185,-3747.413509670047,mouse1_slice50,L4/5 IT,20
132318997534218317067461918484007593872,4187.195091721678,-3044.9616368325273,mouse1_slice50,L4/5 IT,164
132544656397985574932049726542079949989,5121.561844056831,-2978.1697947950993,mouse1_slice50,Endo,194
132622909422972733242202622727261771701,4345.981425937059,-2092.092125345746,mouse1_slice50,Endo,355
132650323004003159589812525330250023814,4868.48732685827,-2522.243294395602,mouse1_slice50,Astro,286
132718196819682518421060359470864723151,4669.876726575303,-2245.3150706714327,mouse1_slice50,L2/3 IT,333
132723345051884045511505066823248510378,4671.060728146526,-2028.3809936704913,mouse1_slice50,L2/3 IT,359
132806199561986092647153618431676787687,4670.109237591561,-2267.0837030047114,mouse1_slice50,L2/3 IT,333
132812334611156711321668262342121734981,4695.188394855218,-1696.4516494601903,mouse1_slice50,VLMC,403
132840832787353349499745996441921257091,4566.157508030509,-2265.305320446772,mouse1_slice50,L2/3 IT,332
132864282417771005920284517286136691534,4725.215772515481,-2323.8145323380254,mouse1_slice50,Endo,318
132901124485014248441689085090610313670,4369.798786105827,-2077.158786389003,mouse1_slice50,Astro,356
13296653986512781091306756251611162717,4678.524707926264,-2056.3137110099487,mouse1_slice50,L2/3 IT,359
132981648655072408162545066763503520565,4495.987704865874,-2618.644507974528,mouse1_slice50,L4/5 IT,264
132986524808513127414803410466485328053,3884.155440505249,-2697.8054469345807,mouse1_slice50,Lamp5,238
133001913177930617402896076675974280015,4703.960105202283,-3817.1846265618665,mouse1_slice50,Peri,21
13305806725526620574664273849389075787,4659.067401483454,-2298.5175869978984,mouse1_slice50,Astro,318
133108411206281597105888584651835104020,4626.018930441853,-2889.3587880827313,mouse1_slice50,L6 IT,207
133206178745319280391851493148361184519,4170.19999503276,-3079.5711185096275,mouse1_slice50,L4/5 IT,163
133470383562027258718990262940147222662,4874.713559075112,-3586.8324860732887,mouse1_slice50,Astro,53
133481582668632805973291811639524214023,4493.403868680556,-1801.9087416683362,mouse1_slice50,SMC,392
133498468533497173484749777318951309861,5203.978629587364,-1952.0965713011785,mouse1_slice50,L4/5 IT,377
133905108268584591779280270639970757232,5238.792284268643,-1504.9903096216808,mouse1_slice50,VLMC,421
133956340037553601175543842713259668345,4114.3532267010005,-2873.9291478568543,mouse1_slice50,L2/3 IT,202
133997152381974797452463905731599980925,3936.914978038991,-2937.0682468861382,mouse1_slice50,L2/3 IT,181
134009011824297408119086176760255935488,5086.69177953653,-2516.3122035433107,mouse1_slice50,L5/6 NP,288
134025348672407663229349262409322561884,5267.436906347626,-3610.6483198863707,mouse1_slice50,L6 IT Car3,57
134070245838579574964018942956326334547,4954.0120585332725,-3533.921006629808,mouse1_slice50,L6 IT,73
134165775345181660761552125904454753211,4399.4369850455,-3320.9012335431084,mouse1_slice50,L5 IT,106
134219128257564111901502299111026605508,3945.796330664762,-3858.653218269416,mouse1_slice50,Astro,6
134365405188834992499400335434773201767,4775.023617775849,-3315.6739231260985,mouse1_slice50,L6 CT,110
134419990687415089144070171947426798775,4514.987329727391,-2629.187919393659,mouse1_slice50,L4/5 IT,264
13445710306723713944258354258146099497,4119.622578316892,-3482.1279381684485,mouse1_slice50,L4/5 IT,64
134511377797914063824697217867942710858,5171.062065266817,-2508.3851852724843,mouse1_slice50,Pvalb,289
13454253362200055922835066623048289484,4895.645391827589,-2449.1382704956527,mouse1_slice50,L5 IT,304
134549613688011130340336375864965464628,5154.888477636639,-2497.721107902425,mouse1_slice50,Lamp5,289
134645439694868726532637240224274233795,4513.205007625088,-2719.0937148431126,mouse1_slice50,Sst,245
13465599080073043197788787818158258788,5243.594743262719,-2722.2611715106245,mouse1_slice50,Endo,253
134693850265133933854117614965025288794,3985.32562886405,-3029.2794863135705,mouse1_slice50,L2/3 IT,161
134755427571654455104654730716287141279,4164.773408013419,-2502.643010987245,mouse1_slice50,L2/3 IT,278
134818778556015959942838499812173764315,4073.380412823071,-2844.9927722012903,mouse1_slice50,L2/3 IT,201
134853793967617098741207307709883834115,5397.440020315014,-3311.2668141128606,mouse1_slice50,L6 CT,117
135067766034344693298045512887205204636,4850.313893888713,-2524.0688101786545,mouse1_slice50,L2/3 IT,286
135105555693834556977418455679912024619,5087.062722791848,-2143.706079053904,mouse1_slice50,Astro,350
135139352225274944404543935452200206268,4894.39548093996,-3763.070421068754,mouse1_slice50,L5 ET,23
135363593594618055681923533178089829248,4703.19409540751,-3705.5732034493494,mouse1_slice50,L5 ET,36
135446761041641164331146173192937635288,4305.097043652888,-3180.1322348925178,mouse1_slice50,Micro,145
135515390941662342852849863497404993839,4564.041023017047,-2387.1701510592125,mouse1_slice50,L4/5 IT,301
135615468695376228062388019142397110909,5354.548452659878,-2259.0531233375864,mouse1_slice50,Vip,340
135663612377688980529835436854912122964,4446.610211900602,-2490.013342516665,mouse1_slice50,L2/3 IT,281
135801044878645608910953902482812496426,5143.588630299532,-3223.683198585883,mouse1_slice50,L6 IT,134
135856515146077750949627946814398314675,3948.503622026855,-3575.4654585589356,mouse1_slice50,Peri,43
135861144701718812801630008340538058841,5329.879486676147,-2385.4767576062122,mouse1_slice50,L6 IT,309
135890966195005321943096737938038700214,4744.446462664032,-3161.6379369917922,mouse1_slice50,L5 IT,150
136032088826130238925325419295301011669,4332.435641463428,-2789.7034298709527,mouse1_slice50,Endo,224
136062466063109325091050592045289497613,4129.223046051088,-2527.4540760882724,mouse1_slice50,L2/3 IT,278
136118276331655705521115521810150450924,5312.371414652643,-1563.6192858483594,mouse1_slice50,Peri,418
136167951586748042364680415473305838320,5336.509494690325,-3227.070456989236,mouse1_slice50,L6 CT,136
136338037670501590897863249222072395319,4209.4863021503315,-2986.3602811219257,mouse1_slice50,Astro,184
13684257990646035141971384488747614421,4671.918300963463,-2655.576492195282,mouse1_slice50,L5 ET,247
136975755642501563811410761509626092821,4016.701509784962,-2953.499426379753,mouse1_slice50,L2/3 IT,182
137126427776210438369528614004314413350,3878.14323048124,-3216.302040199327,mouse1_slice50,L2/3 IT,120
137233640207024463788269642805766258274,5068.06603612323,-1614.0888565770736,mouse1_slice50,Oligo,415
137289132424726872250806104164043382304,4127.694441544245,-2629.1101696468927,mouse1_slice50,L2/3 IT,260
137395170235539739565765503306651721992,4517.788422588856,-2854.8585935994183,mouse1_slice50,Micro,206
137631081588155574942506686539388021448,4841.878576522579,-3346.7577945843573,mouse1_slice50,L6 CT,111
137892169048964695860281869236372498636,5436.130922522681,-2902.1713850728047,mouse1_slice50,L6 CT,216
137947349575931039321550530191280239569,4890.695956283923,-2226.6693685326977,mouse1_slice50,L4/5 IT,335
137981098199247793342070190605019902961,4263.2653867486315,-2336.1005288341807,mouse1_slice50,L2/3 IT,313
138109687274017997671992725780890907246,5204.5147214541,-3303.099805173479,mouse1_slice50,L6 CT,115
138149667521237400394369153543513203175,4084.7166624994566,-3881.9644396686804,mouse1_slice50,L2/3 IT,7
138172596933491700884161822979868611622,4538.954999254231,-2615.0116875440012,mouse1_slice50,L4/5 IT,264
138287141698054808167638614914838410455,4804.896846783035,-3528.350770611037,mouse1_slice50,L6 IT,71
138515668863978752517858361548172563308,4332.925736282449,-2405.5041198567624,mouse1_slice50,Endo,298
138532602482537270654789613487821610161,4938.655254029227,-2082.708499466883,mouse1_slice50,L2/3 IT,362
138604867146419459709630763883139364465,4556.886219575021,-2338.3648428528113,mouse1_slice50,L2/3 IT,317
13875899806080738370193609928013921070,4780.100256961245,-2266.623876479051,mouse1_slice50,Astro,334
138857097134129236094278311488556021934,5316.787484811597,-3443.103749410266,mouse1_slice50,L5 IT,96
138859252589333254203359838872261589501,3847.498387977607,-3429.5222824615853,mouse1_slice50,L2/3 IT,80
139050441805955343490194896389584181964,4835.200650518558,-3080.221180949652,mouse1_slice50,Endo,171
139074341336865529207578471877250071507,4881.35049864001,-2188.1644448897155,mouse1_slice50,L4/5 IT,348
139125871641802736682163375317257166843,4725.753065661491,-2140.931736042209,mouse1_slice50,L2/3 IT,346
139147386013940944973541662304819858681,4528.672378723334,-2183.1817959246277,mouse1_slice50,L2/3 IT,344
139209117985135755856051719096187961538,5133.46012021877,-3341.1726395822,mouse1_slice50,L6 IT,114
139446745782746144236895986392810675696,4319.889081414941,-3514.0527640014648,mouse1_slice50,L4/5 IT,66
139627803086369017737351452959111434648,4161.554890215743,-3382.270332487617,mouse1_slice50,SMC,83
139665327729831356473344016215073920568,4244.215027217911,-2239.893101033334,mouse1_slice50,Endo,328
139670283580368496083127938920088518658,5139.792726522692,-1904.8660809271746,mouse1_slice50,L2/3 IT,388
139681088223189351988356093122697372855,4952.932728683339,-3253.449895478271,mouse1_slice50,Vip,132
139893093057957818245907155686898785879,5436.564626865572,-1666.3340417371971,mouse1_slice50,L2/3 IT,411
1400172257028099142812581695216429783,5213.1735672486275,-3074.520287344075,mouse1_slice50,L6 CT,175
140042406421343869493474268354607597299,5252.253676420507,-3586.7222216712303,mouse1_slice50,Pvalb,57
140077955263982049859417342498222174290,5436.521775441891,-1636.0955266662188,mouse1_slice50,L2/3 IT,419
140088214501355637828178979569039522166,5192.5749363915575,-3129.258962403751,mouse1_slice50,L6 IT,155
140101130818639716753273359779575290292,5419.612383820541,-1724.0126136628005,mouse1_slice50,L2/3 IT,411
140198439809155779355550195093467924731,4437.328499609707,-2839.3620796755226,mouse1_slice50,L4/5 IT,205
14021378680652757179742957708491748719,4654.688529023814,-2214.4770318453325,mouse1_slice50,SMC,333
140320144017055839647620566970327569783,4465.387682556866,-2405.600375303687,mouse1_slice50,L2/3 IT,300
140370821343257446512468367072340037078,4664.270416764567,-3418.4780379048398,mouse1_slice50,L5 ET,89
140471254238717303501713590942706407435,4813.500921814199,-3048.3738818005013,mouse1_slice50,Peri,170
140573606855541448353510539599334320747,4469.169174216405,-2159.362025359665,mouse1_slice50,L2/3 IT,344
140593325696012872952303977905167901782,5210.785758344847,-3492.3411239319676,mouse1_slice50,OPC,76
140669276321864880963624512463491343654,5400.31129414615,-2135.606176034515,mouse1_slice50,L5 IT,354
140761686253127695098823455643083101369,4892.885981807888,-1814.5534114616473,mouse1_slice50,L2/3 IT,396
140816985478972499605993204218464799509,5163.703318360901,-3218.9183529870165,mouse1_slice50,L6 IT,134
140819131600611544530604592964842154145,4756.589361463047,-3246.5057335497186,mouse1_slice50,L6 IT,130
140874447962458796539641909455929362478,4439.01425834853,-3261.380015220208,mouse1_slice50,L5 IT,126
14096692495354805193001421848396812204,4706.435392372015,-3441.783464907618,mouse1_slice50,Pvalb,89
141117970588375142247434670363170180624,4133.70089120194,-2701.04755557796,mouse1_slice50,L2/3 IT,241
141205000092141915245900645335748849814,5084.400561661353,-2426.0314713247726,mouse1_slice50,L5/6 NP,306
141229709623189721626783467025422935382,4365.319714042777,-2238.0097004181075,mouse1_slice50,L2/3 IT,329
14137014734257491690007165896795736010,4528.016393708729,-2810.8451287426783,mouse1_slice50,Endo,226
141483870871056874494063945207332449623,4833.1144839314275,-3298.2090743871063,mouse1_slice50,L5/6 NP,111
141547277750399873230170253460896358084,5220.394003659761,-1828.8573527133253,mouse1_slice50,Vip,400
141560096350640332137042735732348167140,4251.125679809972,-2640.6243842570066,mouse1_slice50,L2/3 IT,261
141767465838160779066983486235249191907,5097.262777646043,-3510.5115186514668,mouse1_slice50,L6 CT,75
141964471521138622233549189372978052827,4207.641324368804,-2990.5710042552605,mouse1_slice50,Astro,184
14201041016478385318891646438166260606,4889.537295475436,-2539.946836410873,mouse1_slice50,Endo,286
14206378958753643797575564656631850020,5305.844958071272,-3625.71852982266,mouse1_slice50,L5 IT,58
142134651808197732711993456089743296429,4982.96166848853,-2985.0517002905895,mouse1_slice50,L6 IT Car3,192
142137939059438502412978552510620281516,4849.286408853809,-3775.437771337299,mouse1_slice50,L5 IT,23
142179266052797902841775567544282344786,5103.127530460512,-2063.082449743114,mouse1_slice50,L4/5 IT,364
142417426989326576692417312545192230560,4520.953668955155,-2495.4047258142186,mouse1_slice50,L2/3 IT,282
14254852112225201597025903808571890133,5262.448970622138,-2398.6848367500033,mouse1_slice50,Micro,308
142598043794931982619860894277584102647,4648.881536233628,-3071.527257977405,mouse1_slice50,L6 IT,169
142722738993581089613043452557535300934,4608.546916204329,-2573.7776679967938,mouse1_slice50,Micro,265
142831254306962246659197951402559463600,3871.4290672186094,-3130.6860839353603,mouse1_slice50,L2/3 IT,140
143131885450433423573258596297792016300,5211.1844317910945,-2900.2293045827873,mouse1_slice50,L5 ET,214
143136697672530444113886764810790049632,5174.514964990218,-1719.50608816898,mouse1_slice50,L2/3 IT,408
143137810729911228060445384600442838365,4744.865311216256,-2668.2651779003863,mouse1_slice50,L5 IT,248
14316679271120027461336997607589733902,4760.825921641124,-3389.0567953035415,mouse1_slice50,L5 ET,90
143200134419300966738870731797755380223,5126.895573165841,-2245.321758546998,mouse1_slice50,Endo,338
143243478020113032952014864588152368326,4197.255132943073,-3263.173967328335,mouse1_slice50,L4/5 IT,124
14330037537399860890833645318010266798,5352.460210064076,-2415.6027266882434,mouse1_slice50,L5 ET,309
143355025948092430141548479951644198776,3955.019467661665,-3517.2234923589012,mouse1_slice50,L2/3 IT,62
143825888781215246011293238376707095360,4010.729969575116,-3689.7933364869723,mouse1_slice50,L2/3 IT,29
143939462237917823012893261885101554725,4686.345388678148,-2915.591518336622,mouse1_slice50,L5 ET,208
144002104148787905215958134640847377749,5046.727842153449,-3061.8288268359033,mouse1_slice50,L6 CT,173
144005562917495232869052244297356351879,4496.7937987891355,-2292.6155685806802,mouse1_slice50,Micro,316
144014728082347949497911843265532452186,3858.798749570277,-3286.5313287253457,mouse1_slice50,Astro,100
144037999962948009924006727343022143107,4345.518967841353,-3595.9312724522456,mouse1_slice50,L4/5 IT,47
144548110034671843640331948537227048764,4314.848328899892,-2678.0741564625573,mouse1_slice50,L4/5 IT,243
144656016884135430462435691655077747887,4789.144020056377,-3270.61166429364,mouse1_slice50,L6 IT,130
144709854483595787295689663496399107931,4921.15010584423,-3229.909271615691,mouse1_slice50,L6 CT,132
144740284021897348146477588624079314795,4165.568417445443,-3586.350506805488,mouse1_slice50,L4/5 IT,45
144744014373820703633183785949638845688,3905.756244992032,-3135.5154011504806,mouse1_slice50,Sst,140
144944538402667441797423405548265858467,4932.07245545529,-2840.719679710495,mouse1_slice50,L6b,211
144972704494554029513656146521127615946,4924.960243028784,-2337.925491356842,mouse1_slice50,L4/5 IT,321
145327556901793179283296565635943085690,4783.410476420359,-3381.3840506985657,mouse1_slice50,L6 IT,90
145336212390777520723568164044114634680,4415.051572123945,-2868.0203598370053,mouse1_slice50,L4/5 IT,205
145384449689989409070596603249666151039,4553.106567459676,-3336.256457795148,mouse1_slice50,L4/5 IT,108
145545142121539228518908232546375289604,4568.471094022776,-2544.067388467354,mouse1_slice50,L4/5 IT,283
145600829526577452256705364602858532664,5305.391135431994,-3524.9351544974083,mouse1_slice50,Peri,77
145713225767433529017900199655949706560,5286.1590212339115,-2239.6981311354944,mouse1_slice50,Endo,340
145743362657606819047546545740731364368,4405.819767006668,-2193.175139985912,mouse1_slice50,L2/3 IT,343
145845176747446342788311675863269324722,5026.617300104663,-3136.859033785027,mouse1_slice50,L6 CT,153
146050488192793020217548783125293575835,4123.479902168493,-2578.548473500479,mouse1_slice50,L2/3 IT,260
146092978862756334207746888528080111562,4665.47460938192,-3695.3415856828788,mouse1_slice50,OPC,36
146239974353496506659443728222462028137,5196.116616363025,-3175.6056749611876,mouse1_slice50,L6 CT,155
146326030467151409296173249773754138948,4594.0383664533265,-2477.1438365075874,mouse1_slice50,L4/5 IT,283
146404237307007454085979855341274940715,4845.078599493395,-3168.9240972442117,mouse1_slice50,L5 ET,151
146494932507975109573428938962693341688,4290.246122148022,-3030.4955598506544,mouse1_slice50,L4/5 IT,165
146527831841678074952447720312486355264,5061.54820489614,-2436.434669410156,mouse1_slice50,L5 ET,306
146581575483627974664122492203304659759,4136.746791237715,-2728.395011539505,mouse1_slice50,Sst,241
146589899840976964339258946674460971234,3953.285860965761,-2876.255205624994,mouse1_slice50,L2/3 IT,200
146651653335421555198090115818377048448,4467.096350795649,-3568.992582240768,mouse1_slice50,L5 IT,49
146790776748199333241376845190569525645,4224.249977817019,-2493.157588563736,mouse1_slice50,L2/3 IT,279
146824694735413062550907949630060580313,4800.62190800176,-1853.8638093994339,mouse1_slice50,Oligo,384
146906637731122102517577363317345132851,4790.233635669333,-2879.4765870927963,mouse1_slice50,Pvalb,209
146963940521369692319856574974245769981,5222.050734184095,-1512.123181250623,mouse1_slice50,VLMC,421
147212567431422875530874488242404314444,4533.888835537352,-2889.4384174037145,mouse1_slice50,L4/5 IT,206
147247447186337531157602829746045165411,5020.130144812007,-1749.8978415024612,mouse1_slice50,Endo,398
147259876535861643505945469734321408407,4148.100109708766,-2507.2186740509705,mouse1_slice50,L2/3 IT,278
147278671546501506438664744529556967580,5144.721646657426,-2125.307472820762,mouse1_slice50,L4/5 IT,351
147287140875970397785553464128776509410,4700.200818355306,-1697.5673897402853,mouse1_slice50,VLMC,403
147309033946749819719521264355308366124,4061.576240499966,-3470.5958040725845,mouse1_slice50,Endo,63
147372623427744354274977655642154122702,5313.3544307867205,-1845.8089431742917,mouse1_slice50,L2/3 IT,390
147411116213954295296447356083098281031,5168.517994872288,-1802.4040211357662,mouse1_slice50,L2/3 IT,399
147625617840708302048908637347555976294,4369.91212924421,-2250.359732047568,mouse1_slice50,L2/3 IT,330
147826449600712104282252132712548109195,4959.454255100153,-1972.4647778288168,mouse1_slice50,Micro,374
147833190640958185205249684031057179627,5073.285908574328,-2675.371248008571,mouse1_slice50,Endo,251
147952248556863638468382504635848441583,3770.657575501767,-3407.45176960521,mouse1_slice50,Lamp5,79
148085072410262340119024911378729912254,4401.880323858646,-3716.6592367157814,mouse1_slice50,Astro,33
148141042034066939082168858393442488745,3766.9963166450784,-2648.9056206134414,mouse1_slice50,VLMC,237
148234738732530135462790660177264253253,5068.966978543163,-2522.8367134065143,mouse1_slice50,L5 IT,288
148247942976544369203228330130907003961,5434.195079575758,-2873.349299245678,mouse1_slice50,Oligo,216
148251941362464931817088648863994266071,4839.567163005143,-2540.7094497050352,mouse1_slice50,Endo,286
148557816036153278174040799707997715047,4513.854978174889,-2536.949576352414,mouse1_slice50,Endo,282
148590710591811498279542896467701591856,4865.5825562394475,-3230.944614552668,mouse1_slice50,Vip,131
148634350416808848504384818550277769776,3890.8043051007585,-2449.7331610188876,mouse1_slice50,VLMC,293
148698551563174038060340615389181882932,3765.203767941016,-2840.6875135926794,mouse1_slice50,Lamp5,198
14875063427411396832594584258365770278,4837.294860527704,-3534.8366467778833,mouse1_slice50,Sst,72
148815427890387035513913918893530803651,4954.898215122803,-3762.277668082774,mouse1_slice50,Endo,24
148985468305407001273846493894579623342,4401.6170838549915,-2221.5198353145784,mouse1_slice50,Lamp5,330
149080017558563002404143940885400451640,4442.598629114199,-2994.4681329269342,mouse1_slice50,L5 IT,186
149346979155628824221049720458300449793,5432.677569145303,-2143.204667875688,mouse1_slice50,Oligo,354
149404488892218434989203654587277276763,4891.182407359013,-2341.1892003919975,mouse1_slice50,L5 IT,320
149456286389635307814167614924980224435,5071.666922968798,-2094.1243640032735,mouse1_slice50,L4/5 IT,363
149537272889930861783960004135555517746,4666.754602107595,-3524.8556983130256,mouse1_slice50,L5 IT,70
149556575385234449934194157737411193451,4887.42321325385,-3714.3986268350777,mouse1_slice50,L5 IT,38
149736735152191545990270851197500219765,5033.810981021974,-1788.1980575721193,mouse1_slice50,L2/3 IT,398
149757613927742972647311018198425960180,4793.72110667316,-3075.361017335152,mouse1_slice50,Endo,170
149771338505919399061347736983789064525,5330.144577563695,-2255.436045341224,mouse1_slice50,L5/6 NP,340
149776975174384866876571587520578902640,3996.908217559372,-2788.4702897863767,mouse1_slice50,L2/3 IT,220
150109920196368600898637986853077992558,5268.5233952556055,-2595.039078110033,mouse1_slice50,L6 CT,272
150127005761133450682473544857667066955,4053.0579271181036,-3375.301819765173,mouse1_slice50,L4/5 IT,82
150226494654285793659367348716471372631,4572.245594417185,-1982.3069641207344,mouse1_slice50,L2/3 IT,370
150295425285424511328635565764289777804,5224.039060978924,-1973.6816178505305,mouse1_slice50,Endo,377
150379153728608454229361251988101889791,4218.029361786475,-3588.898999665317,mouse1_slice50,L4/5 IT,46
150545603145631256867174203963228198496,5155.05747368406,-2669.8622677896315,mouse1_slice50,Sst,252
150596284671765730645425607474088521486,4994.608912917275,-1861.7295523843702,mouse1_slice50,L2/3 IT,386
150857957978587921967903619754742640110,4158.090537838999,-3327.1803980368086,mouse1_slice50,L4/5 IT,103
151298417807920115832726999185190089646,4533.793851723786,-2789.5342629323422,mouse1_slice50,L5 IT,226
151420631058538969954800395926267940205,4614.018964859284,-2889.4528248756237,mouse1_slice50,L6 IT,207
151482363565431761197260568380330558177,5154.288404957368,-2484.8809148941846,mouse1_slice50,Endo,289
151490276104134482398551426146899601026,5044.06990006385,-3108.0726179017724,mouse1_slice50,L6 CT,153
151500807850605339410539160372080624012,4792.31392431181,-3027.2154484593275,mouse1_slice50,Micro,170
151526153313547564862311818624500171689,5010.516580166129,-2806.601646907063,mouse1_slice50,L5/6 NP,232
151539140003703281379559268540780337424,5415.718163619743,-3301.635561299375,mouse1_slice50,Astro,117
151667559744034416271020439537878616939,4837.008406698624,-2803.3563161303964,mouse1_slice50,Astro,230
151812622386562510396699131037963908880,5401.642695580689,-2629.4364503294596,mouse1_slice50,L6 CT,274
151949426268333605548968350915098608217,4488.316897791699,-2776.993481135064,mouse1_slice50,L4/5 IT,226
151992577133153542637382383637896434897,4129.979159904707,-2665.0270625289477,mouse1_slice50,L2/3 IT,241
15205335280554582448852113315179899549,3889.38483589141,-2925.6464641939187,mouse1_slice50,L2/3 IT,180
152135226472741932390044557697501744321,4125.070606732329,-3108.949009824579,mouse1_slice50,L4/5 IT,143
152160126441976494716165905730956136255,5012.292314190067,-1760.599899955457,mouse1_slice50,Vip,398
152168232052716480753721270977049732393,5250.313211663054,-3266.1259870711615,mouse1_slice50,Peri,135
15241719890536025845727950079120449908,4238.896207529023,-2416.730451740353,mouse1_slice50,L2/3 IT,297
152486784525216667612655104026151818000,5213.885122778568,-1796.199128245926,mouse1_slice50,Pvalb,400
152568027287215908582715932914656125235,4669.1169341013865,-2344.2537067637227,mouse1_slice50,L4/5 IT,318
152596423882722990672358423636017474000,5423.502143526916,-1864.6194775305723,mouse1_slice50,L2/3 IT,391
152841910027478383754425129082913106228,5139.470340299965,-2979.513535189097,mouse1_slice50,Oligo,194
152877786464970512550534989405616058461,4851.550010181721,-2058.4731915248126,mouse1_slice50,L2/3 IT,361
152897005402059648266715688663074594626,5305.222261600201,-1769.994810341605,mouse1_slice50,L2/3 IT,401
152952836600933442614560285618690153303,5210.75565342285,-3001.791784419031,mouse1_slice50,L5 IT,195
153038303921662592931778160401766927790,5211.586107350661,-2588.098809080231,mouse1_slice50,Pvalb,272
153054382360013502804528184740000704271,4940.2623787000075,-3811.734672733767,mouse1_slice50,L5 IT,24
153061034921713449607891523920072721265,4135.492884493835,-3094.3216913378456,mouse1_slice50,L4/5 IT,163
153061514598075488988166392470485009021,3936.342716296028,-3437.5266498114247,mouse1_slice50,Astro,81
153064133042417834737973279347364971846,5288.666504509213,-3246.4501901425574,mouse1_slice50,Pvalb,136
153269543778675948188991428610203101461,3997.861337653005,-2979.9572292172556,mouse1_slice50,L2/3 IT,181
1532780456051889465204599782237545840,4322.722123614274,-3594.885241948847,mouse1_slice50,L4/5 IT,47
153292076479870996349323620750157283743,5104.810435888938,-1856.5077435926753,mouse1_slice50,Sst,388
153308733154099008478345613869212528708,4400.265564598858,-2153.0109692924534,mouse1_slice50,L2/3 IT,343
153576111492946173536612716642074941393,3953.0496451617532,-2993.1587129764025,mouse1_slice50,L2/3 IT,181
153689135091746948952937983254683340774,5350.331530544951,-1896.8690775325254,mouse1_slice50,L2/3 IT,390
153693652541280080690069033502815147485,4384.284349607631,-2181.2939435345115,mouse1_slice50,Endo,343
153851362163303761455959489699111105934,5003.814811903904,-2706.6975119519034,mouse1_slice50,L5 IT,251
153853833784401941747381327610683971171,4384.331008097143,-2453.6949324335874,mouse1_slice50,Astro,299
15386233475548728634421105885413762254,4467.752504552833,-2074.3649876552277,mouse1_slice50,L2/3 IT,357
153930469426972548931087509314627783621,5423.5032196949105,-3029.30085761837,mouse1_slice50,Astro,177
154071538597013780681000933290958602101,5437.63250385596,-3218.2381701252366,mouse1_slice50,L6 IT,137
154082805786133703500757863956477444233,4934.441721101682,-2697.7695717517136,mouse1_slice50,Astro,250
15416358669947428976165703367751273980,5260.642371235577,-3230.317549358381,mouse1_slice50,L5 IT,135
15456557923433745569624725409515752662,5292.581919352806,-2539.8047420554353,mouse1_slice50,L6 CT,291
154602257647205279457537764528867462332,4375.997112351858,-2677.5761028473103,mouse1_slice50,OPC,244
154718808048112866244195635078792383169,3875.990323541071,-3293.4428556947714,mouse1_slice50,Vip,100
154892373211322944854892198834847348095,5442.270968496249,-3332.0357589732657,mouse1_slice50,L6 IT,117
154941918853297647826511671754387207534,4131.114012137272,-2782.1260672920184,mouse1_slice50,Oligo,222
154983501958939945598939269889862560586,4703.045647188711,-3499.6077770736474,mouse1_slice50,L6 IT Car3,70
15508121764045717732483764009791296050,4615.612735768605,-2003.6271813334586,mouse1_slice50,L2/3 IT,370
155099065491344266561957962294731615713,4774.927534344643,-2742.527630741002,mouse1_slice50,Astro,229
155136986456114163759051227613190799158,4708.310339196986,-1688.187298076661,mouse1_slice50,VLMC,403
15535186643760313436924752056859048793,4139.325810398025,-2814.1299446814455,mouse1_slice50,Endo,222
155361426372255372140505825105333204817,4602.70454098213,-3763.827753566639,mouse1_slice50,Astro,20
15541126250602431839340203182707519720,3921.6280331216117,-3753.2221366641934,mouse1_slice50,Astro,13
155424944364792489851330123812120337597,5421.149162210131,-1841.2530327220954,mouse1_slice50,Oligo,391
15543515469745209968374455812638222384,4775.004513751514,-3214.8640140001307,mouse1_slice50,L6 IT,130
155564931060122047964349006697499900227,4221.726308114067,-3702.6327569647706,mouse1_slice50,L4/5 IT,31
15568788675139193467757116271502048580,3880.5567154550367,-2943.5489790518473,mouse1_slice50,Vip,180
155869584695272214926829551249133556867,4225.204471046206,-2616.526713611343,mouse1_slice50,L2/3 IT,261
155891009864451782687663289817755804891,4030.0583363849437,-3501.044088015788,mouse1_slice50,SMC,63
156361800638186230541766288387020150637,4539.307780062217,-3622.233734257352,mouse1_slice50,L4/5 IT,49
156424003153429153227201317953424810220,4878.671017943957,-2111.6871171703033,mouse1_slice50,L2/3 IT,348
156484053853434903722260903324689355622,4318.194073088305,-2641.4848968425604,mouse1_slice50,Lamp5,262
156807103141365193755792232754519828717,4863.328726858081,-3529.44545176773,mouse1_slice50,PVM,72
156964637034157740196419554893014851822,3886.4660526303774,-3619.03539613466,mouse1_slice50,L2/3 IT,42
157081379461532785033956598962087876869,4162.5323909622,-2506.0368380392347,mouse1_slice50,L2/3 IT,278
157088440507529691055599447119343731787,5104.366487954893,-3209.862202029969,mouse1_slice50,L6 CT,134
157106437423495945340787877886370765306,3880.408579002916,-3908.2144599970293,mouse1_slice50,Peri,5
15722387441574088893235919421264286960,4937.579229392287,-3516.887258912837,mouse1_slice50,L6 CT,73
157261884477954957404766812249272565369,3789.1776180465336,-3262.3558378030802,mouse1_slice50,Lamp5,119
157267908376625218611602261936543281419,4943.064291259863,-2606.0900523288933,mouse1_slice50,L6 IT,269
15734661029864175384226647089272351298,4243.587185937912,-3708.2139605419106,mouse1_slice50,L4/5 IT,31
157413687929730110491080456905142829292,4704.757490039234,-1905.2680101157023,mouse1_slice50,L2/3 IT,383
157531702000751093788289318485459754122,4462.745041211489,-2522.7354626967685,mouse1_slice50,L4/5 IT,282
157738828637832380116435705528947419696,4994.705168143723,-1601.9465078482585,mouse1_slice50,VLMC,414
157746453950983265557262119626916652525,5041.250028075237,-3398.6390345268906,mouse1_slice50,L6 CT,93
157776863373208886948607501985392252681,4147.148627502757,-2637.363504866419,mouse1_slice50,Sst,260
15781672030450796094495356936880004753,5114.342044435366,-1827.2862477687925,mouse1_slice50,L2/3 IT,399
15785077542571409747339535502725850703,4169.860557781239,-2301.928266014468,mouse1_slice50,Micro,312
157859929252313472223061538703116363019,3849.978372047663,-3886.9491912003837,mouse1_slice50,Endo,5
157913463008488339987016486079471102393,4747.146929671743,-2002.9067072424155,mouse1_slice50,L2/3 IT,372
158120508359929113381191597967004028177,4767.000474578495,-2387.7812439239196,mouse1_slice50,Peri,303
158220428435258089132268232232631374667,4176.509463414006,-3584.0739067373465,mouse1_slice50,L4/5 IT,45
15851019873128024963691621580892236831,4109.005272456446,-3312.8614945676354,mouse1_slice50,L4/5 IT,103
158557062289997026097415798748314582113,4695.905485551953,-2412.3580343055587,mouse1_slice50,L4/5 IT,302
158738448984278840776178038866233927754,4774.049954229443,-3466.591273561342,mouse1_slice50,L5/6 NP,71
158881998004051526230496051364751434629,4200.869846157437,-2981.86870273536,mouse1_slice50,L4/5 IT,184
158925780555936113414126388127599846019,3993.8454845476103,-2894.832353054502,mouse1_slice50,L2/3 IT,200
159008731520345477884501352352394802101,5122.693257621247,-2906.7923514511463,mouse1_slice50,L6 CT,213
159137671286382559420641183854654839849,5445.478485224511,-2340.9116449624935,mouse1_slice50,L6 IT,326
159144400588646783156115357449478770635,4206.456312338336,-3061.851601689362,mouse1_slice50,L4/5 IT,164
159243855812976968549212623884181313380,4276.81851294365,-2606.6414508794433,mouse1_slice50,L2/3 IT,262
159482385437264195444292925489087716433,4233.808818173554,-2708.2099728407516,mouse1_slice50,L2/3 IT,242
159498649268999187520288678178436431079,4971.843815648953,-2188.163511279798,mouse1_slice50,L4/5 IT,349
159584741646485200126598075678142167166,4579.4933091090925,-2820.2155528177213,mouse1_slice50,L5 IT,227
159674883573343081788821892142268477532,4447.7623085681125,-2495.1020744448133,mouse1_slice50,L2/3 IT,281
159685625477502952795839824720504344337,3884.9758481458134,-2565.8832860765883,mouse1_slice50,VLMC,257
160125243625417062082847386256076725105,5193.348320681104,-2711.5719527509646,mouse1_slice50,L5/6 NP,253
160135693422806951830649568779459349336,5429.631847542826,-3068.8138316724694,mouse1_slice50,L6 CT,177
160167713722624258101327212041861007519,4896.989441223463,-2128.4066819221075,mouse1_slice50,L4/5 IT,348
160450920158094192212434831005373129755,5005.064981851786,-3701.469816247994,mouse1_slice50,Endo,40
160537649442091311254257265523625312396,4007.6213202643335,-2611.8676819537477,mouse1_slice50,L2/3 IT,259
16056703252605361028456577753253969472,5164.627933702497,-2397.9452143572016,mouse1_slice50,Oligo,307
160754041219590177999682801690402830264,3921.7179144210777,-2684.4394281424184,mouse1_slice50,Lamp5,239
161074454408586502821965755630089690044,5147.3301918804145,-3437.6303171609247,mouse1_slice50,L6 CT,94
161084667074316048000496152313396049035,3801.785836916388,-3258.586599434041,mouse1_slice50,L2/3 IT,119
161135214896979562575082481900227787423,4675.748269665566,-2159.808259427334,mouse1_slice50,L2/3 IT,346
161139322288714107603589966585134442283,4511.472220351704,-2076.2086246768463,mouse1_slice50,L2/3 IT,357
16121711737401734719241511694564471367,5340.793267867867,-3029.383868687858,mouse1_slice50,L6 IT,176
161340522856089974092856872127946012991,4240.031482082684,-3714.5268404154144,mouse1_slice50,L4/5 IT,31
161412301727857468026043637602289047796,4914.1153844193095,-2768.089110458444,mouse1_slice50,L6 IT,231
161417360262126175686545139062522241607,5289.433140584592,-2226.8712623278307,mouse1_slice50,L5 ET,340
161421347025248939740041084099993560553,4381.822889842261,-2327.2032300583974,mouse1_slice50,L2/3 IT,315
161461221488717307753429547484280274549,4273.739747233363,-2506.868395628962,mouse1_slice50,L2/3 IT,279
161472452737968109068712553562364046387,4302.076103768975,-2850.943718331047,mouse1_slice50,L4/5 IT,204
161545735180891807147517637281437332339,5285.138529186346,-2586.111835502412,mouse1_slice50,L6 IT,273
161619216271830849637917030889913493218,4953.672963237195,-1702.882959054406,mouse1_slice50,Peri,406
161724547442850522073352906280087264446,5201.035818051149,-2781.3918631017323,mouse1_slice50,Pvalb,234
161805974168118072266097540514708211477,4259.489776738473,-2315.336616341803,mouse1_slice50,Endo,313
161839445833494185087153110030548337555,4141.965323138646,-3586.091449926167,mouse1_slice50,L4/5 IT,45
161925118622011653251935135475475464319,4314.514668053142,-2441.058268962341,mouse1_slice50,Pvalb,298
162180498642746242823086724030811954061,4848.95913921171,-3059.1896334850862,mouse1_slice50,L5 ET,171
162240904390649022898001971149742379002,5398.566412795041,-1957.865998374402,mouse1_slice50,Pvalb,379
16245742333439647413559644066524008432,3761.567553448149,-2906.6981061492734,mouse1_slice50,Endo,198
162706994072542159716552166485767071278,5040.363071554077,-3229.330676935638,mouse1_slice50,L6b,133
162849485866403490962525325411640330650,4257.632315106855,-2777.346398120012,mouse1_slice50,Sst,223
162860206477215002558719075370235151513,4939.368102541642,-1875.93613039455,mouse1_slice50,L2/3 IT,386
162892518622494267457768978634858523411,3788.220957947829,-3910.1693268244576,mouse1_slice50,Endo,4
162905199865858550220380318262052177172,5412.360243990185,-1667.2825852498956,mouse1_slice50,Endo,411
162933219048994926545076878584462082601,5352.825663536271,-2423.740492766867,mouse1_slice50,L5/6 NP,309
163183656103729113004227521107275180896,5125.488252970758,-2141.0202481347396,mouse1_slice50,L4/5 IT,351
163197149980464914580460446622855267415,4356.930518526244,-2712.1311420720876,mouse1_slice50,L4/5 IT,243
163203005756551159184045162471167638296,5223.986001284989,-3020.4908599744513,mouse1_slice50,L6 IT,175
163386829374294880320919955899149076634,4872.942575719614,-2766.382227023191,mouse1_slice50,Pvalb,230
163537701544655397927664615557892670574,5174.398940063221,-2313.6155578615485,mouse1_slice50,L5 IT,323
163699633684769966345433713886663286724,5199.851990205075,-2474.5423536614226,mouse1_slice50,L6 CT,290
163865996290595919308654998393883619945,5388.598289068374,-2052.353562493217,mouse1_slice50,L4/5 IT,367
163880578164653317451016455770981164615,5019.4555215472055,-2659.596361778908,mouse1_slice50,L6 IT,251
164124770668888393301016308676222783999,4703.945274559672,-2870.5525721759614,mouse1_slice50,L5 IT,208
164196684880109298909995085412978702395,3989.5869754776104,-2804.6476178510125,mouse1_slice50,L2/3 IT,220
164367049104128100941352587882159430018,4442.770105614517,-2623.7735437478195,mouse1_slice50,Endo,263
164416351372586922485897808187840094304,3969.68738281932,-3318.1170870194733,mouse1_slice50,Peri,101
164458519640366238720926676210469000528,4699.743364206181,-1773.0114910188447,mouse1_slice50,Lamp5,394
164483189052791233946601378514344214641,4346.219161908762,-3359.438953379418,mouse1_slice50,L5 IT,105
164559990579701933140794697751617732948,4848.31151053464,-3804.467451524706,mouse1_slice50,L5 ET,23
164828819319219504310623981690497679505,4477.478375041484,-3225.7634609710017,mouse1_slice50,L5 ET,127
165119460723904957414268527141573904228,4583.443919548666,-2436.8899513914575,mouse1_slice50,L4/5 IT,301
165428748899353571127000897223695359038,4320.846938942941,-2492.0982845093886,mouse1_slice50,L2/3 IT,280
16544448589104163299582320916756466017,5297.264046010314,-1752.0527081666612,mouse1_slice50,L2/3 IT,401
165561460020027881435633933261305575355,4442.7711973015075,-2448.483360541316,mouse1_slice50,Astro,299
165913852658802808322629804080781629887,4907.956618592111,-2144.4885148256058,mouse1_slice50,Endo,348
16601433863406615071320079391392421455,5322.040848770924,-2355.360735681221,mouse1_slice50,L5/6 NP,325
166207520420008243227008421269296865018,4359.574074764761,-2792.4633720563547,mouse1_slice50,Vip,224
166496052673911528239212648496533160388,4800.087003817099,-1896.228403499636,mouse1_slice50,L2/3 IT,384
166566693004840718211670606336457366456,5435.925739119711,-2129.7029768965117,mouse1_slice50,Pvalb,354
166621261118498141965590493893580590179,4429.323168156703,-2044.5105698122684,mouse1_slice50,Endo,356
166709651166843606395749557846276692009,5428.165075335967,-2203.1648428256085,mouse1_slice50,L5 IT,341
166827220730885846051975728154507449750,4512.778517589213,-3035.820136744174,mouse1_slice50,L5 IT,167
166865343867872397179335949272081334988,4651.122488212152,-3488.8638352667763,mouse1_slice50,L5 ET,70
167031416697965672557336400763603555856,4045.5463021851715,-2685.65776180002,mouse1_slice50,L2/3 IT,240
167185509285442532681789995680596718279,4512.8442884007645,-3205.4972074043753,mouse1_slice50,L5 IT,127
16720355717526749406606697596217065374,5150.473076901423,-2851.7479384244534,mouse1_slice50,L6 CT,213
167334399873025238058733490667724036272,3743.3478718071456,-3304.376673293215,mouse1_slice50,Astro,99
167528160999023244557805007535617775480,4705.776843949558,-2299.1545652036484,mouse1_slice50,L4/5 IT,318
167573489959420708312649941724240458441,5233.809893856896,-2342.2866986622917,mouse1_slice50,Astro,324
167771574302868155337929700411813091151,5198.743738448255,-2995.570710098044,mouse1_slice50,L6 CT,195
167829176528000042939844735154425792627,4694.879132369163,-2915.628019120285,mouse1_slice50,L5 ET,208
167972599284621293278076646649643337963,4786.561728910862,-2969.8211646209575,mouse1_slice50,L6 IT,190
1679740621855038741587972382170300344,4512.135511345018,-2423.5193311512653,mouse1_slice50,L2/3 IT,300
167981212931998758700840459818927921245,4899.637191052451,-2164.7599904236135,mouse1_slice50,L4/5 IT,348
167988055475975353201689639757552858555,4197.1194754881835,-3335.38645635995,mouse1_slice50,L4/5 IT,104
16808654077918130684760279244168870523,5430.675181068412,-3125.743626194805,mouse1_slice50,Astro,157
168140145069130482472952390556698764285,5273.249902030445,-3131.6332752340627,mouse1_slice50,L5 IT,156
168209105111009305949822561782653658682,3668.918458656437,-2994.7052515065616,mouse1_slice50,VLMC,178
168216847524838670721601255290069053850,4340.802322258059,-3686.5613709667227,mouse1_slice50,Sst,32
168260334256172885163656691864119079029,5312.108303257,-3586.130098441229,mouse1_slice50,L5 ET,58
168280814197746580053582342489351364579,3804.3042581309614,-3078.14684561104,mouse1_slice50,Astro,159
168426586339755414157528292525946146214,4823.878443926182,-3669.789106793571,mouse1_slice50,Sst,38
168582463240411978713004453921925516254,3902.818971978802,-3595.5514649162224,mouse1_slice50,L2/3 IT,42
168595801266337184394087801735183558180,3891.3286081539086,-3809.843057770121,mouse1_slice50,Astro,12
168687238123085454067462875824226607799,4512.924142017308,-2264.146531869197,mouse1_slice50,L2/3 IT,331
168716974186057380499272591762279831835,3850.4253906816907,-3785.4580609570885,mouse1_slice50,Lamp5,12
168731667498036097758583211078170469183,5036.141137726927,-3464.876307533762,mouse1_slice50,L6 IT Car3,74
168735459192289302386840528438359309592,4388.814415681745,-2520.7133080413882,mouse1_slice50,L2/3 IT,281
168814410108571593212593938132936103674,4930.10013085943,-3712.447628413173,mouse1_slice50,Peri,39
169000776273950157962145806870808958090,4683.490600447888,-1710.0020702211348,mouse1_slice50,VLMC,403
169053185044226079144966400920048818458,4041.311554961088,-2728.3471228679923,mouse1_slice50,Endo,240
169161652497405346414209403189768105,5230.320301282215,-1671.7411029187235,mouse1_slice50,L2/3 IT,409
169173712575470216692885421809356544386,5324.404713894417,-1676.1121286047346,mouse1_slice50,L2/3 IT,410
169275543501510663854627775885382313486,5275.657222078522,-2877.4282558432783,mouse1_slice50,L6 CT,215
169311515437891262125879941126345728734,3834.246447380784,-3056.5850361377697,mouse1_slice50,Vip,160
169375405677620021080500149262845400854,4603.944141919121,-3559.5054890293623,mouse1_slice50,Peri,50
169396367621972724242110705496271832598,5095.341899350962,-3326.2694314618298,mouse1_slice50,L5 IT,114
169469335442083636269014020045897241339,4950.661422393029,-2649.148343885634,mouse1_slice50,Endo,250
169630115072734735071825465977246549149,4269.441288888071,-3073.2364935065157,mouse1_slice50,L4/5 IT,164
169970315490913636347948942263909932634,4321.145408474571,-2828.3860793342924,mouse1_slice50,L4/5 IT,204
17014901976407262739380132625863081044,4204.725193148799,-2675.043738751333,mouse1_slice50,L2/3 IT,242
170170137721097253672522112448135292416,4901.321211114789,-3675.3262418867243,mouse1_slice50,Sst,38
170196380321268922779451565184118234123,4038.593848446181,-2437.1388037279503,mouse1_slice50,Endo,295
170205725039557421503162990042073991189,4575.844858949303,-3055.946226620804,mouse1_slice50,L5 ET,168
170228977601036858881605752172636775132,4807.114614931583,-1964.5785997067583,mouse1_slice50,Endo,372
170287286414525723531992868338100435917,5041.33787414869,-2920.8550567410957,mouse1_slice50,SMC,193
170308608645801933003443498917755558684,4680.959736007538,-2128.9145547167564,mouse1_slice50,L2/3 IT,346
170376840632308222318579761268700200400,5200.386010520912,-3233.513488038986,mouse1_slice50,L6 IT,135
170379741723653408250361818919336742211,5084.367244679526,-1974.4248440194938,mouse1_slice50,L2/3 IT,375
170382150204322321862057519121399303331,4569.918217643408,-1762.880114636409,mouse1_slice50,VLMC,393
170501356485910123607926013999027643180,4409.936388338897,-2720.084439560589,mouse1_slice50,L4/5 IT,244
170508085715627990516321875194265763259,3690.1329250742824,-2820.217089394493,mouse1_slice50,VLMC,217
170556427277173503228136546317064634860,5314.130378646138,-2012.4271646220411,mouse1_slice50,Endo,378
170605850280908842539667742518014380103,3938.043266575652,-3774.605478271312,mouse1_slice50,Peri,13
170614221256058488425367137101035585961,4834.55344071809,-2140.4612445617463,mouse1_slice50,L2/3 IT,348
170632657282727419232486260438336320836,4504.949284397676,-3605.134144859486,mouse1_slice50,L5 IT,49
170928492876181032297626656986148336784,4810.974782442846,-2424.085194357146,mouse1_slice50,L4/5 IT,303
171034223386701734544907971873546126949,4604.43091353729,-3173.89719558197,mouse1_slice50,L5/6 NP,148
171202581620228445753656055296349980182,4853.722889782672,-1936.4273025096115,mouse1_slice50,Peri,373
171359764180227897268629748737278526233,5293.832306890144,-1717.1373623666216,mouse1_slice50,L2/3 IT,410
171563343034200582542047758365948415527,3797.5738054608255,-3353.5692771944496,mouse1_slice50,VLMC,99
171621845615004118876245751164072392414,3855.3996525890675,-3819.9011871147777,mouse1_slice50,VLMC,12
171933787837892598448669903471638926133,4722.209619279536,-2793.8077000197236,mouse1_slice50,L6 IT,228
172104002352391939202679132565587823591,4913.825470182122,-3319.370030095805,mouse1_slice50,L5 IT,112
172169726843315635905353513952496275383,4286.878357814417,-3314.144469299699,mouse1_slice50,Astro,105
172196429499312144315091242970127558872,4592.650650876815,-2675.425665768261,mouse1_slice50,L4/5 IT,246
172283989015547056749249903752499874796,5014.520267499752,-2428.306933036442,mouse1_slice50,L5 IT,306
172340395511838082312050977216151514083,5307.480875917927,-2477.1104999856766,mouse1_slice50,SMC,291
172457194374532387736423755737218590938,5239.04691291533,-3254.7149088415536,mouse1_slice50,L6 CT,135
172487082765263325854513421019566029718,4508.1132804258505,-3541.7192760956896,mouse1_slice50,L5 IT,68
172981984204501005353041962771088430953,4337.169423451863,-2460.9296906000086,mouse1_slice50,L2/3 IT,298
173011102441921534044789459271974450927,4301.672446404273,-2626.313816826066,mouse1_slice50,L2/3 IT,262
173046491719852806632962401562505731453,4359.348449221716,-2401.233237990041,mouse1_slice50,L2/3 IT,298
173087680758843794395720535940577092094,4493.376193361373,-3445.6346592062177,mouse1_slice50,L5 IT,87
173094550888094592612279421183555309696,5408.902273815487,-2668.9110458493356,mouse1_slice50,L6 CT,255
173161594920145577292928765977948388923,4850.578188771363,-3618.867288450295,mouse1_slice50,L5 ET,53
173182170764165308899466426590004994631,3894.585654719643,-3484.476536786929,mouse1_slice50,Endo,61
173208853988742890149596990519215218936,4344.752624939,-2203.5422219814873,mouse1_slice50,L2/3 IT,329
173287906276786955869217704441799004863,5416.504598383877,-1695.4671612498892,mouse1_slice50,L2/3 IT,411
17343750127536506340650580019961223696,4510.103493447059,-3681.989126462878,mouse1_slice50,L4/5 IT,34
173559150359116796817142803323263191937,4544.7011502520245,-2685.781831654859,mouse1_slice50,Oligo,245
173586914561174342920452395547758602262,4060.604268790397,-3422.164027989551,mouse1_slice50,Endo,82
173612044621048289517461966999308777186,5293.93410353681,-2857.6590198562394,mouse1_slice50,L6 CT,215
173858183193389311606658602678025279490,5305.141949712065,-3242.6711707947948,mouse1_slice50,Astro,136
173927465298573240890327052850633079446,4403.727966809309,-1867.5600041552261,mouse1_slice50,VLMC,380
174031218942004429981866068378457257616,4479.044071322418,-3713.096846553716,mouse1_slice50,L6 IT Car3,34
174097562218499547098084416961026392817,3812.58518556397,-3045.039099882127,mouse1_slice50,SMC,159
174126106996998511590569758637364421042,4582.976164880224,-3760.867176996183,mouse1_slice50,L5/6 NP,20
174127381495909637649151610408690617534,5122.580536241895,-3085.1914411590597,mouse1_slice50,Oligo,174
174151588219799364818621068793576448369,4896.3225502599,-1857.7867218994022,mouse1_slice50,Sst,385
174189176613187862521973222864012800746,5252.8137730351855,-2149.5712514328684,mouse1_slice50,L5 IT,352
174206242740627005669149917545950202603,5023.950788160835,-3240.725962794139,mouse1_slice50,L5 IT,133
174229566897881406871386262315832744274,4392.592894186154,-3474.9294333740713,mouse1_slice50,L4/5 IT,67
174396972307346513692115937860052350895,5156.134723682044,-3236.8956412071193,mouse1_slice50,L6 CT,134
174438512273544351874334500073302815711,4035.366835148516,-3662.696310302053,mouse1_slice50,L2/3 IT,29
174468979632680426729428247510570703677,5017.291372797075,-3476.3042019920567,mouse1_slice50,L6 CT,74
174711466812227443758483819881247724615,3957.0657217392436,-2830.2410010941653,mouse1_slice50,L2/3 IT,200
174729303872416159569508132760331103157,4389.479209149744,-1868.9333595845205,mouse1_slice50,VLMC,380
174755425732377679514858755642630747506,4320.250490159562,-2907.0436168119736,mouse1_slice50,L4/5 IT,204
174889125153876026129344407942071528090,4931.147456967376,-3469.6748953542606,mouse1_slice50,L6 CT,73
174965084917815707259856203120476676135,4785.400227228128,-2681.7890846130294,mouse1_slice50,SMC,248
175320745869254039901285233464205699653,3921.317051451514,-3255.740696399838,mouse1_slice50,L2/3 IT,121
175325537730068826598510574568640331404,5311.379967433183,-3366.461490866751,mouse1_slice50,Astro,116
175402937955309111850087563178391995591,3937.0259464397473,-3242.260593390941,mouse1_slice50,L2/3 IT,121
175521799600212189985752574271725767791,4615.419049220491,-3617.969981341263,mouse1_slice50,L5 IT,50
175588196437497191308619594660853631101,3764.3529184238128,-3529.9910530811126,mouse1_slice50,Astro,60
175592294073369630404220731364795232647,3801.8853466325418,-3493.417353724536,mouse1_slice50,OPC,60
175762756878477929017110983900531414670,5344.070221150874,-2527.3725964191012,mouse1_slice50,L6 CT,291
175791191643477328182736199012626566415,4629.64759160987,-2217.096639352546,mouse1_slice50,SMC,332
175907970598640282107696370546901649631,5039.033307494142,-3298.649190241961,mouse1_slice50,L6 CT,113
175923486649405069463163666172073687998,5342.52309003096,-3024.0435667337542,mouse1_slice50,L6 IT,176
175965267282931199179587284287238068367,4061.1257484114294,-3224.392178104102,mouse1_slice50,L4/5 IT,122
175997740601481432003101961633594684173,4679.568122426215,-2368.7762592483086,mouse1_slice50,L4/5 IT,318
176075898992028652505098581038810833832,4622.3370916728245,-2254.8110322316384,mouse1_slice50,L2/3 IT,332
176320931078315599559396578011313843955,4323.623405183727,-2231.7296008455537,mouse1_slice50,VLMC,329
176373849568405544389809219376642488979,4569.334496595402,-3715.241035276603,mouse1_slice50,L5 IT,35
176561717180064625313724397075311353084,4743.0330671274805,-3204.531365864522,mouse1_slice50,Sst,130
17671962521440500354273320220927314580,4764.9534330481965,-3446.0249732802636,mouse1_slice50,L6 CT,90
176796174087339570997599952427966667218,5114.373851095685,-1896.1373456678248,mouse1_slice50,Endo,388
176862436752109751742535778363727153101,4420.248067176214,-2050.75186160565,mouse1_slice50,Astro,356
176888355714479826119434829987568533336,5283.40108209233,-3214.9771548852304,mouse1_slice50,L6 CT,136
177038923891880173666241817251536226526,4958.475673911064,-2652.0158552887333,mouse1_slice50,L5/6 NP,250
177284807789311267943271988312720742940,5128.31340194494,-3053.5656040712483,mouse1_slice50,L6 CT,174
177421653172895205992830819478083220357,4495.74972147304,-2705.6288804707488,mouse1_slice50,L4/5 IT,245
177511298284951380808104161012168228933,3958.045074176688,-2892.6393275582855,mouse1_slice50,L2/3 IT,200
17768311088919584190895701184763156301,4219.651460899154,-3237.4069263359456,mouse1_slice50,L4/5 IT,124
177940971773366464612377803322877517021,4218.684295353531,-2430.556753184103,mouse1_slice50,L2/3 IT,297
177968811221713704248601447527659599047,4829.770374318691,-2950.357797680393,mouse1_slice50,Oligo,191
178078999759883984354417661817549306241,4709.939859145309,-1909.8133000488983,mouse1_slice50,L2/3 IT,383
17809229509449992690610352360106246447,4951.620746031332,-2164.2440497853304,mouse1_slice50,L4/5 IT,349
178137590642641009810093068009728509037,5412.983636815916,-2392.67598104117,mouse1_slice50,L5 ET,310
178217512389262866291289035951328822616,4787.831295097339,-2850.434245704,mouse1_slice50,Pvalb,209
178249963499105942146149682050865000148,3966.5539434127872,-2641.8529269450964,mouse1_slice50,L2/3 IT,258
178346398943111075149645784650552952703,4286.439826144321,-3129.51813212983,mouse1_slice50,L4/5 IT,145
178504609741514738351722289087853275041,4383.928731242355,-2608.154121704817,mouse1_slice50,Oligo,263
178724595871406428054557696719455396499,4348.552412766914,-2087.4924633290207,mouse1_slice50,Endo,355
178774615590037510950255137960659181616,4306.791277555481,-2873.886394466809,mouse1_slice50,L4/5 IT,204
178874410211162929014629152719755851647,3992.9965820321995,-3477.6159245113736,mouse1_slice50,L2/3 IT,62
178906103991680892051855996835059376167,4452.119001782087,-2320.956612372464,mouse1_slice50,L2/3 IT,315
179039538817981213152974186965747588181,4473.974873477408,-2680.0697065444897,mouse1_slice50,L4/5 IT,245
179121537071072111152381053326650176605,5435.175372073009,-3160.6281246040735,mouse1_slice50,L6 IT,157
179400534792812387251480705983608581547,3662.6797862573176,-3150.3984579519715,mouse1_slice50,VLMC,138
179401026068763258640990310299728562847,4843.824990502404,-3345.0763378656084,mouse1_slice50,L6 CT,111
179531694328942156879327578514719397057,5235.754567504969,-1603.025621140288,mouse1_slice50,Peri,417
179545775346625849312417203259103892950,5348.089094455495,-3067.1799792207858,mouse1_slice50,L6 CT,176
17956817391177774460112505423172107720,4458.858128470404,-2597.8248804101895,mouse1_slice50,L4/5 IT,264
179607617273590405412610490704902071651,4470.722885918834,-2043.078749905006,mouse1_slice50,Micro,357
179932606914371889094940989169456774610,5121.299258754975,-2658.7408617432875,mouse1_slice50,L6 IT,252
180061160595544142233250224247195913171,5197.512022890779,-2414.4271793312623,mouse1_slice50,L5 IT,308
18028341673102596875495426146024365102,5035.334747689697,-3157.7032658749545,mouse1_slice50,Oligo,153
180349571309263172155817781925893711265,4285.307962354238,-2337.7910354985484,mouse1_slice50,L2/3 IT,314
180471828837501021571031663564484485573,4703.052194032284,-2326.029136122225,mouse1_slice50,L4/5 IT,318
180556628187535950441879765999606531810,4799.120430118272,-2300.975845583647,mouse1_slice50,Pvalb,319
180571656293987410003849347266392753240,5096.8146386688895,-2529.3861500219086,mouse1_slice50,Astro,289
180671146645467030920372607784350579420,4039.860325672184,-2545.9314802255253,mouse1_slice50,Endo,277
180763570558591662440728901716219584762,5080.778498634269,-2757.453739626441,mouse1_slice50,Pvalb,232
180794178761621023352264601753905331336,4940.967405920023,-3549.2895390103263,mouse1_slice50,L5 ET,73
181012374184480342892519765184970987569,5177.34246551012,-2971.908609417217,mouse1_slice50,L6 CT,194
181035599953120736360021976948996141964,4951.1699840706615,-1745.6255646036154,mouse1_slice50,PVM,397
181207147662005059815234401786066421095,4984.518480525722,-3216.133657705876,mouse1_slice50,L6 CT,132
181265709752889289262222149484739419545,5049.788077064428,-2229.165405628489,mouse1_slice50,L5 IT,337
181370687518219134376112984300769739695,4464.411672550936,-2082.482973705087,mouse1_slice50,L2/3 IT,357
181469649687832053144556881233970012939,3843.294938667835,-3310.6930333371174,mouse1_slice50,L2/3 IT,100
181995002834573220729074359093393843196,4960.392662738073,-3288.802167042816,mouse1_slice50,Pvalb,112
182055276160108642892943548356110689417,4158.994612077798,-3499.2451226907783,mouse1_slice50,Endo,64
182073356577364618027682750903422327689,5200.9289780681665,-3600.8086125056684,mouse1_slice50,L5 ET,57
182174270856846254988816328371513642513,4647.132832264023,-3779.5392315449544,mouse1_slice50,Endo,21
182323552533556354021782264444885743666,4487.659353324991,-3047.016924741679,mouse1_slice50,L5/6 NP,167
182467940712223182865256247332589477140,5051.048973230054,-2815.477333793827,mouse1_slice50,L6 IT,232
182489696011253228867402614854789282034,3783.5197298467842,-3413.669455528373,mouse1_slice50,Lamp5,79
182513091494690971183590194938779507648,4844.268637873824,-3356.6304664509994,mouse1_slice50,L6 CT,111
182697672092062300284108493102439691346,4552.067500268474,-3703.498200312986,mouse1_slice50,L4/5 IT,35
182777635601559723317953951517811344644,4329.534803172376,-3096.891353860677,mouse1_slice50,L4/5 IT,165
183041617799798224297462368568574469358,4084.7484603815033,-3136.06902224947,mouse1_slice50,L4/5 IT,142
183145062489687560731504355503118996498,4120.99106604415,-3216.8276855394797,mouse1_slice50,L4/5 IT,123
183328686191986590102572326008727252499,4949.368755329429,-2941.0210614059083,mouse1_slice50,L6 CT,192
183362139605532683719312381174497398262,4758.622646096164,-1703.6177858624767,mouse1_slice50,Astro,404
183403223834359224406265050032730689777,4002.4982062659847,-2779.9126409688984,mouse1_slice50,L2/3 IT,220
183629860394319650573000167965230444019,4515.76242460512,-2876.9130564431575,mouse1_slice50,L5 IT,206
183650056791258197364020083360591769141,4064.6752605480283,-2910.2419079270308,mouse1_slice50,Pvalb,201
183740403059358398593060026838134441303,4150.479805903641,-3180.1521802803977,mouse1_slice50,L4/5 IT,143
183982103708335070153125393031451539762,4601.635508858572,-3308.6531815692883,mouse1_slice50,Sst,108
184180313808287683471602552659767468940,5145.996012574718,-3269.7240554033983,mouse1_slice50,Endo,134
184390923282518826707152928441913912630,5130.332251535271,-3595.577152752679,mouse1_slice50,L5 ET,56
184763520985345531528440120267267508853,4793.053288963539,-2577.777442640855,mouse1_slice50,L5 ET,267
184764236795491424123660605717329874445,5256.64827543711,-3173.012965831282,mouse1_slice50,L6 IT Car3,155
184832658757847788184018792219676932721,4395.630415349747,-2864.8993511892213,mouse1_slice50,L4/5 IT,205
184926217177507947632480922079846164355,4572.292993177463,-2996.2308564845202,mouse1_slice50,L6 IT,188
18492894220532302779708528051787104173,4695.931457942491,-2685.1334412312535,mouse1_slice50,L5 IT,247
184941568684442842294054169419585066289,5135.709113033094,-1542.767509430952,mouse1_slice50,VLMC,420
184986996915010340944250009386401666418,4701.416257436439,-2682.8264244762368,mouse1_slice50,L5 IT,247
18500178585538654481280618702228144368,4883.428566880092,-2179.327126560609,mouse1_slice50,L4/5 IT,348
185227120045047143247995575387970089144,4485.444837353875,-2420.8767254712,mouse1_slice50,L2/3 IT,300
185711080572212347097941881535200625758,4595.53934100043,-3361.7819235585052,mouse1_slice50,L5 IT,108
185716335112755288749164412171555839168,3887.3959694227624,-3150.254058557794,mouse1_slice50,L2/3 IT,140
185734474369058285616190269265425555608,5371.434531079352,-2401.6243796501108,mouse1_slice50,Peri,310
185947457304299356724361473923118748178,4893.608728216045,-1689.0859831445925,mouse1_slice50,Astro,405
185957795284373143409146988327693769588,4166.787913243237,-3447.5413200125354,mouse1_slice50,OPC,83
185976860185897231194980878432994114745,4328.418563289191,-2284.500699918218,mouse1_slice50,L2/3 IT,329
18616280749705228983877738261910003861,4918.710048094224,-2035.276344366334,mouse1_slice50,OPC,362
186196559555102886893011303204372502248,4724.154972217016,-3595.604359470702,mouse1_slice50,L5 ET,51
186260741215641449637347558484565344475,5403.1341444159525,-3139.127201220432,mouse1_slice50,OPC,157
186288069062507006928943122920490206989,4337.8413853699985,-2250.745916169339,mouse1_slice50,VLMC,329
186336242810144812429956752028842000831,4742.247519682227,-3805.702504569964,mouse1_slice50,Endo,22
186346788173993534420026413411983801105,3711.272601584399,-3328.927432564754,mouse1_slice50,Astro,98
186356438352942185681224885104976362581,5389.34666326775,-3068.012226041118,mouse1_slice50,L6 CT,177
186383465974421405692671844642841829774,4235.804650144799,-2511.5000855447593,mouse1_slice50,L2/3 IT,279
186517429680814373005689332590091096560,4505.350052800687,-3331.4145478562973,mouse1_slice50,L5 ET,107
18668118204741381250906606862948760955,5226.9643137590365,-2216.8275286874855,mouse1_slice50,L5 ET,339
186713512719224090301182787622569373320,4842.377434663128,-3404.176227657467,mouse1_slice50,L6 IT,91
186734366997824387844791207403605919305,5342.649172206716,-2546.366398923155,mouse1_slice50,L6 IT,291
186828490806952062133397350466518156725,5306.659316750191,-1520.9752389171335,mouse1_slice50,Astro,422
186916690108586801241356996125895087673,4282.417834553178,-3401.436531529914,mouse1_slice50,Sst,85
187048617261693285335133435850090661324,4566.531175472357,-2058.57404874301,mouse1_slice50,L2/3 IT,358
187109656502387266196572000474197645623,4066.63464169175,-2784.5132993203915,mouse1_slice50,L2/3 IT,221
187185698904182467448785804344749973997,4773.817830571147,-1939.1374559990668,mouse1_slice50,L2/3 IT,372
187400988558980306737672775916524376643,5069.263010491785,-2051.5401774882653,mouse1_slice50,OPC,363
187454445937396802112761720437475086419,5444.313868591008,-1629.9591317645402,mouse1_slice50,L2/3 IT,419
187462132656502004739574423528042618268,5430.054726562625,-2691.7845490691357,mouse1_slice50,L6 CT,255
187626437529576306839057794499572312968,5066.239953673534,-2665.0931663572715,mouse1_slice50,L6 CT,251
187657363980162523861525537898125840113,5386.434383014552,-3588.8830641465825,mouse1_slice50,L4/5 IT,59
18766048344253459172497780524947077395,3972.061563172411,-3139.7555427178117,mouse1_slice50,L2/3 IT,141
187683084432999690919452445344784201655,4266.522011704376,-3501.11693299855,mouse1_slice50,L4/5 IT,65
187699733079193786433058137888699787396,4285.537272142663,-2893.681767462764,mouse1_slice50,L4/5 IT,204
187701576239218135284124652318825224311,4632.274934938668,-1969.3425338722896,mouse1_slice50,L2/3 IT,370
187872111092171988759329954662268587892,5205.693528854895,-1928.4012562857629,mouse1_slice50,L2/3 IT,377
188161096884300538560446666597070782095,4966.885262902186,-1876.945452182561,mouse1_slice50,Micro,386
188264520251471748190527100634998993343,5056.220683291366,-2387.519148820224,mouse1_slice50,Oligo,306
188461502087251337924236480156335924319,5382.867338599314,-1797.8447562638153,mouse1_slice50,L2/3 IT,402
188602341510078760572126818546729235190,4565.836517138182,-2490.766756307064,mouse1_slice50,L4/5 IT,283
18864118366982315730286444180171020645,4242.663608427303,-2892.59712200517,mouse1_slice50,Oligo,203
188706094954040828825584481916784091124,5148.22455526659,-2400.3112927197085,mouse1_slice50,Peri,307
18871536111297041961728123046458738088,4622.847531347932,-3805.336519721593,mouse1_slice50,Micro,20
188911274573611637935164471142571415485,3888.2047727178187,-3655.002625218985,mouse1_slice50,L2/3 IT,27
189044510760435296889622519974782672490,5196.559782866289,-2250.549131289686,mouse1_slice50,L5 IT,339
189099241724823160680287295458422188020,5325.150890944379,-3266.180467303409,mouse1_slice50,L6 IT,136
189206202989877371060340579881815201784,5255.06014864022,-1895.1352062578549,mouse1_slice50,Micro,389
189277985185268497439297336436907703484,5340.546119228847,-3146.7393889154214,mouse1_slice50,SMC,156
189342792002001708469299464469570716118,4838.725642591468,-2774.6499753290186,mouse1_slice50,L6 CT,230
189482334864549855810625171365531712492,4138.945639414518,-2956.1233091626627,mouse1_slice50,L4/5 IT,183
189604328241594291701348405664416696410,4883.080376933988,-1718.5572720203377,mouse1_slice50,Endo,405
189613262320890721837851486578273992031,4306.151409895922,-3836.064312239786,mouse1_slice50,L4/5 IT,10
189618028839080533149274111289512235943,4228.513476050446,-3063.521761327771,mouse1_slice50,L4/5 IT,164
189707180461433439737182233422376056908,5082.301494817322,-1773.5236062646215,mouse1_slice50,PVM,398
189725758459584952663119297392401587723,5064.199491708448,-3409.4879430935202,mouse1_slice50,OPC,93
189885327147525607070121758656828913775,4848.138576332951,-2452.8920452138564,mouse1_slice50,L4/5 IT,304
189997075325166878170449514783438824730,5226.381771186828,-2881.470820138123,mouse1_slice50,Endo,214
190181233490450597202924971260839977012,5379.828983026799,-3478.339485558613,mouse1_slice50,L5 IT,78
190425607568654755591632525883896979324,3987.7113335462864,-2793.1419191773716,mouse1_slice50,L2/3 IT,220
190488554161497701019188903422175044566,5223.044704842651,-2959.3078994436555,mouse1_slice50,L6 CT,195
190777399882425047828197828812820540116,4045.4876333616785,-2364.753133142228,mouse1_slice50,VLMC,311
190840032328502462222052305195090119264,4929.361656920745,-3601.1234315130423,mouse1_slice50,Endo,54
190938409160309270828889476813302242755,3854.0496617664967,-3586.7564453097816,mouse1_slice50,Sncg,42
19096302458032550571542836194244365102,4499.495515196633,-2182.320798314325,mouse1_slice50,Endo,344
191117536559668570057755097079764166502,4991.45694851869,-2608.563578816803,mouse1_slice50,Sst,269
191219418450057502235633980483441928317,5408.042842656511,-2109.010795870175,mouse1_slice50,L5 IT,354
191229629108175921537537457447878946460,4484.952547670537,-1825.1652990448533,mouse1_slice50,Astro,392
191460933537156104994930141608436844791,5374.173449424324,-2029.7060159894063,mouse1_slice50,L4/5 IT,367
191569564630263649078209134769844339459,4608.668619973357,-2609.118571052014,mouse1_slice50,L5 IT,265
191597227327816881410076386161212349416,4081.80853824536,-3877.243706639706,mouse1_slice50,L2/3 IT,7
19167067260843099447946209547329255365,5087.581260347358,-2053.4869461141257,mouse1_slice50,L4/5 IT,363
191703224526006030314655090610696440706,5202.6070388828,-2094.0581672676044,mouse1_slice50,L4/5 IT,365
191850506127882572442463102871312933850,3954.3446628860193,-3479.50730695975,mouse1_slice50,Astro,62
191938951075327797616167270654605662134,5308.9387922412925,-1941.422827475652,mouse1_slice50,L4/5 IT,378
191968516775139763481588364712009228260,3878.9222097592965,-3481.0928141012578,mouse1_slice50,L2/3 IT,61
192011918206508207090533677664741045752,4549.056293815468,-3598.7770790814902,mouse1_slice50,L5 IT,50
192070405320363113926689599732884375308,4850.574254995874,-2781.7890210977534,mouse1_slice50,L6 CT,230
19225191829134905751851574393067240877,4968.284945730651,-2853.126403125361,mouse1_slice50,Pvalb,211
192269949099635943153846876796858476977,4842.7957599730335,-3710.2956833197536,mouse1_slice50,Pvalb,38
192394610189140610064855085206399865234,3985.9148652605318,-3509.075530246611,mouse1_slice50,Lamp5,62
192728001937942358921564396900698085619,5268.734165053719,-2319.4600852408253,mouse1_slice50,L5/6 NP,324
192739529308526624669954315984110001570,4491.552421428258,-2980.9738247741016,mouse1_slice50,L5 IT,187
192919102744230786255640963613681530542,4402.857319047237,-2922.8759377564757,mouse1_slice50,Peri,186
192988505206105212728017214407082060087,5307.5764487288225,-2419.76961568453,mouse1_slice50,Lamp5,309
193121539418238596190649639027859111404,5334.824019004544,-2784.0940237575664,mouse1_slice50,L6 CT,235
193154757483980202434543513399051762694,4782.749602013499,-3412.7602421635943,mouse1_slice50,L5 IT,90
193257313562254573913292790261336083884,3809.682134777608,-3888.148394530518,mouse1_slice50,VLMC,4
19329720531230754560285049572028181492,3888.8966858423746,-3184.2868445526724,mouse1_slice50,L2/3 IT,140
193558501578143957911126747318604946817,3957.7903976751145,-2803.4355815235795,mouse1_slice50,L2/3 IT,220
193746905104281990284598740941595210851,5245.45339016411,-3539.348476926064,mouse1_slice50,L4/5 IT,76
19376473485700554380174795300914350230,4234.774707521863,-3546.64219789108,mouse1_slice50,L4/5 IT,65
193772624790458269608991994099609764307,4164.02858457749,-2524.98568901348,mouse1_slice50,L2/3 IT,278
193866241595108737593139499202890361548,3808.2597494938755,-3069.595256962552,mouse1_slice50,Vip,159
193960689677983729893475526501139578344,5416.291738149421,-2069.0373135951895,mouse1_slice50,L4/5 IT,367
194154344107903921784826968028782716295,4738.670687641444,-2501.5976786698984,mouse1_slice50,Endo,285
194162801828169364471134383154880400145,4840.273335956018,-2748.2130808428956,mouse1_slice50,L5 IT,230
194262285201766612515950132879706706299,4673.349864560522,-3155.758098104484,mouse1_slice50,L5 ET,149
194268855288814769926205201926972775332,3747.9917653667335,-2679.7122656205383,mouse1_slice50,VLMC,237
194344297980265642687136632019454173151,4055.9448504050597,-2341.416464924205,mouse1_slice50,VLMC,311
194363628625329568097394866053549482090,4068.6514101872626,-3120.631924337919,mouse1_slice50,PVM,142
194438958687120632667444919629142616986,5428.696197003983,-2332.3533778655155,mouse1_slice50,L6 CT,326
194891441023079667440233786220288991567,4667.64115025766,-3668.861785649347,mouse1_slice50,PVM,36
195010175531864656155115039678806192632,4617.652630207269,-3080.4730587290856,mouse1_slice50,L5 IT,168
195012438597967270486388054062790342369,4842.7717222158235,-2244.946139852159,mouse1_slice50,Sst,335
195160129064508754490865241832211030075,5241.627547499831,-1971.0228342664857,mouse1_slice50,L4/5 IT,377
195457300262102859463331293956268822668,5109.401420135716,-1729.8188209903153,mouse1_slice50,Pvalb,408
195626776614757307326640499452801305288,5287.531875978253,-3078.0317317120803,mouse1_slice50,L6 IT,176
195745494466049728972117587478748638461,4591.560815260419,-2332.064146501853,mouse1_slice50,L4/5 IT,317
195929707522009371712384137881299060902,4528.84986475824,-2665.63184925849,mouse1_slice50,OPC,245
196007888576171652815738944461464534705,4867.508427405647,-3730.8573324769923,mouse1_slice50,Oligo,38
196077909758613623543346136544702392422,5143.453173218463,-2973.7109186601638,mouse1_slice50,L6 CT,194
196080740839110978493556465149939612686,3785.3279163574703,-3340.0694971505336,mouse1_slice50,VLMC,99
196101718509452442452237247016683263917,4873.302607314318,-3654.466515376288,mouse1_slice50,L5/6 NP,38
19623526319060910415387832887044749430,4343.930141904105,-2672.7259726124057,mouse1_slice50,Astro,243
196236920726310258956019044811895894614,4986.870420987723,-1604.9490082119446,mouse1_slice50,VLMC,414
196252796145617413921798632468458172006,4075.919205930124,-3688.38836022986,mouse1_slice50,L2/3 IT,29
196441159195161209842102026041461281320,4299.506314010584,-3155.676435011985,mouse1_slice50,L4/5 IT,145
196724692157323026937781804315885089982,3876.5671169363454,-3097.6738763465355,mouse1_slice50,L2/3 IT,160
196841347781036466884573172568388634496,4307.790327711136,-2387.0790693215813,mouse1_slice50,L2/3 IT,298
196931030023005384112567142991560953773,4094.205387315519,-3321.277438703069,mouse1_slice50,Endo,102
196982591219852562087069267587012610323,4501.263122267116,-2505.894002239172,mouse1_slice50,L2/3 IT,282
197141744663770520735901088384839891171,3882.459585428141,-3396.4618605929163,mouse1_slice50,L2/3 IT,80
19718034023801164276248859736327196868,4859.614829327183,-2562.9594173504775,mouse1_slice50,Pvalb,268
197287871120850954988718369617799853716,4438.150473750512,-2605.254803164012,mouse1_slice50,OPC,263
197366314512086537171483585260618300722,4905.647781620247,-3581.242608564625,mouse1_slice50,L6 CT,53
197462493672140225266271227412037227228,4210.150982716323,-2858.59916629847,mouse1_slice50,Astro,203
197563923282009885569827232107543601961,4803.12734557117,-3051.389397205883,mouse1_slice50,L5/6 NP,170
197582814293031932504994470112641352894,4759.385673174867,-3667.741835351625,mouse1_slice50,Astro,37
197651014250937022312313612921067533756,5219.471574086502,-2370.513374123425,mouse1_slice50,L5 ET,324
197676449490908413977466164460275595093,4163.583338415718,-3023.421598094589,mouse1_slice50,Astro,163
197795733008343022845460893409560492601,4578.607730129859,-2892.284100107616,mouse1_slice50,L5 IT,207
19790104977098741541634900130574223828,4128.208612829496,-2502.5496204772853,mouse1_slice50,Peri,278
197949888873474336993913327446420810581,4029.2177429627764,-3792.5917343479864,mouse1_slice50,Endo,14
197984653454715243935876216326702334914,4968.74453534082,-2156.0739287993524,mouse1_slice50,L4/5 IT,349
198101368468756760025832154825229003840,4780.380899460987,-3346.9945631488695,mouse1_slice50,L6 IT,110
198173315026359619049602594828782625063,3811.4487254320998,-3150.932228164082,mouse1_slice50,Sst,139
198213625043257959596914570610640865659,4956.240636224692,-3337.184832784834,mouse1_slice50,L6 IT,112
198232181679598384277883919233171513967,4007.1250962338345,-3681.8805586785393,mouse1_slice50,L2/3 IT,29
198303830578678720378464135346639949010,3687.2697580414933,-3903.9581095085045,mouse1_slice50,VLMC,3
198353818216168621315466480238641977001,5358.626042572585,-1971.5235806104477,mouse1_slice50,L4/5 IT,378
198569902835251231452333841695311700531,5225.818012021422,-3209.8966544141135,mouse1_slice50,Astro,135
198579891038594763789196496102502086244,4106.702287831407,-2435.188879325703,mouse1_slice50,OPC,296
198735278659404991997368165229289458314,3735.7212638004094,-3950.158327334757,mouse1_slice50,Endo,1
198861163654364721697530936733115097946,3819.652145495711,-3414.660344216704,mouse1_slice50,OPC,79
198890784367098031691676795836731533801,4667.6069932813025,-2463.1664745114426,mouse1_slice50,Endo,302
199069983525784173133884734336398473641,5003.83345818992,-3796.46340348678,mouse1_slice50,Sst,25
199178872096861761211300264535655151995,5032.782316903975,-1774.8635872078323,mouse1_slice50,L2/3 IT,398
199261253767595916367400050703060799135,4073.1492689070647,-3813.179988581948,mouse1_slice50,L2/3 IT,14
199284367621356315456168575523532963989,5312.467702816951,-3347.626365982541,mouse1_slice50,L5 IT,116
199323065901487956617558436292338518559,4632.234880572569,-3125.248869148286,mouse1_slice50,Endo,148
199425019955523013149939393494295662463,4667.917797592368,-3228.736534993008,mouse1_slice50,SMC,129
199815513571448123301512172628897377470,3837.0675473688866,-3884.7977539687163,mouse1_slice50,PVM,5
199827204995914820258408069445270838330,4407.812023422989,-2260.3696416530574,mouse1_slice50,L2/3 IT,330
199953173485021987568561405929410467599,4241.136194065235,-3287.7442273589413,mouse1_slice50,Astro,104
199973393081905884233919182412458440221,5256.038180441921,-2513.0195257586793,mouse1_slice50,L6 IT,290
199998562414308036788607811869616110518,4117.897546052788,-2537.0505712000586,mouse1_slice50,L2/3 IT,278
200092528348248536094299317354463061949,5265.185520932035,-2945.57336579435,mouse1_slice50,Peri,195
200164432920488714736511694371379073941,4107.142142317213,-2879.632934668052,mouse1_slice50,L2/3 IT,202
200164742158582728759826283849559225243,4614.484397454674,-3182.691938137935,mouse1_slice50,Micro,148
200176947480992096613033130067496255135,4559.127052012352,-3572.6165714805475,mouse1_slice50,L5 IT,50
200232678939698199677760681633284565800,5015.42333143306,-2144.2839162334963,mouse1_slice50,L4/5 IT,350
200546705927347566834645026787674394707,4745.754848839401,-2442.0009013528224,mouse1_slice50,L4/5 IT,303
200625202412458122124191200021355279709,3760.1228294644065,-3893.5256367581715,mouse1_slice50,VLMC,4
200792426705393496475825558774636708129,5084.577137585327,-2708.980682654024,mouse1_slice50,L6 CT,251
20088504561553729701053139157209311864,4559.222320319647,-2079.791008462509,mouse1_slice50,Vip,358
200983873755448501905974022651763931032,4535.991424247369,-2134.6858272887985,mouse1_slice50,L2/3 IT,344
201119487970661791162504602907912475175,4159.430831596944,-3779.9533276111206,mouse1_slice50,Peri,15
201204736238305937063107853667771802426,4978.704666007072,-1804.743923416316,mouse1_slice50,L2/3 IT,397
201217725798099677865434056455647227976,4847.293761661022,-3797.227648154417,mouse1_slice50,Astro,23
201247109035124585862934629145722365435,4826.142899884339,-2851.4539778282656,mouse1_slice50,Endo,210
201322294032849582223146089409805265464,5142.7663792554,-1706.2828879870347,mouse1_slice50,L2/3 IT,408
201436102879677449838225326286871226838,4279.060888086964,-3420.241622479795,mouse1_slice50,L4/5 IT,85
201481939003141399842758094028734299038,4164.417139043746,-3668.45996808097,mouse1_slice50,L4/5 IT,30
201652682198226785304745298095575630593,4994.8019495104445,-2862.6733265194393,mouse1_slice50,L6 CT,211
201725832123495542861903891434452607968,4931.985255473528,-2662.9327834098826,mouse1_slice50,L5 ET,250
202146921738438206086818383310906149374,5407.699064659318,-3298.4753954123307,mouse1_slice50,L6 CT,117
202280876094255443525277725587515963038,4651.0895398702,-2422.4410471057126,mouse1_slice50,L4/5 IT,302
202303572643125221184736443247922870153,5324.485788006438,-2648.4545459347055,mouse1_slice50,L6 CT,254
20246142223922899420588992723451657393,5389.061360761492,-2731.3949534089197,mouse1_slice50,OPC,255
202649067822954166757392362700898638654,4270.627961200419,-3217.9246342525807,mouse1_slice50,Astro,124
202655125185435779350480340865588461851,4292.934847512638,-3705.3006014162142,mouse1_slice50,L4/5 IT,32
202748593133043231793067154414919400536,5170.737451112336,-3118.6641341807767,mouse1_slice50,L6 CT,154
202901672451966295848079902703426283589,4297.436568266222,-2799.418672893913,mouse1_slice50,OPC,224
202949074591072300102212021599748602640,5040.712336882444,-2984.5583406231162,mouse1_slice50,L6 CT,193
202986919892986895658568053808027132023,4203.016006050466,-3665.2167141877,mouse1_slice50,L4/5 IT,31
203087153228335632358669721321108118967,4243.0916997496515,-3006.9879855432523,mouse1_slice50,L4/5 IT,184
203108780781173001172599101161667884635,4925.550025415536,-3128.66156193623,mouse1_slice50,L6 CT,152
203292210565944782022945295650487938895,3994.9765518031822,-3149.2047494417607,mouse1_slice50,L2/3 IT,141
203652454701376439907355478435317098533,5215.800292151017,-1887.8078785260604,mouse1_slice50,Astro,389
203662373315014693205350496754245951213,3928.16282746406,-3516.1682972713957,mouse1_slice50,Pvalb,62
203911739186224332313670793968931848999,4251.943735601535,-2432.534556967665,mouse1_slice50,L2/3 IT,297
20412369700126259876450951845622773712,4529.068400062713,-3316.0745720286745,mouse1_slice50,Peri,107
204142754575369218457141593176909446914,4563.076288447015,-3473.139405409397,mouse1_slice50,Endo,69
204174289447641514460709195431279988646,4571.264827740036,-2269.1071405204398,mouse1_slice50,L2/3 IT,332
20440997286120936729367043653786239237,4581.786405428301,-3586.6429137097834,mouse1_slice50,L5 ET,50
204531512369598051830228787643194460595,3979.7132131408266,-3022.1965304709747,mouse1_slice50,Endo,161
204677800156103961664927440748008954277,3880.249464645975,-3263.8533305366695,mouse1_slice50,Oligo,120
204911601306701675119638688472589254927,4618.2790062082995,-2128.1915435526134,mouse1_slice50,L2/3 IT,345
205084089798241204306581613181649344570,4497.204086519697,-2379.260374935347,mouse1_slice50,L2/3 IT,300
205208037872886667756012190284267844083,4883.481123293002,-2580.8530404833723,mouse1_slice50,Micro,268
205460142099355829726395334171440412900,5317.3554278969295,-2286.986081777152,mouse1_slice50,Sst,325
205540853448059918805493164401701829452,4994.594147064714,-2408.087441702398,mouse1_slice50,Endo,305
205714856251373659912972087190821483509,4871.439631267385,-2650.5549095868896,mouse1_slice50,Sst,249
205724933000034666461818397748412863978,4564.932103787236,-1988.6101488850998,mouse1_slice50,L2/3 IT,370
205847718188757291403501635193316009956,4935.268757109862,-3199.765987877985,mouse1_slice50,L6 IT Car3,132
205945256175626894903938002115451939147,4826.718306961529,-1976.910523050155,mouse1_slice50,Endo,373
206331705663825642969602443362240100747,4275.747678975645,-2875.178053719876,mouse1_slice50,Astro,204
206416329318897732181413359674626236961,4150.716373700432,-2681.5713423031784,mouse1_slice50,L2/3 IT,241
206575212605417617403255162759832263551,5164.721343798988,-2995.362454351494,mouse1_slice50,Peri,194
20687667856064813362545735612607454481,5220.5759172415055,-3288.07723463357,mouse1_slice50,Endo,115
206963146008758170581625715596628773329,3962.6812964051783,-3621.7196807890664,mouse1_slice50,L2/3 IT,43
20705674386123621127536199253066094105,4630.317393502346,-3766.461625567717,mouse1_slice50,Astro,20
207169961982299929256037664174996913984,4922.0673244274285,-2585.710192553164,mouse1_slice50,L5 ET,269
207204883360818229751097784481424409889,3893.119360788242,-3775.3788804859287,mouse1_slice50,OPC,12
207217917919299630655479175205122345225,5142.611415913962,-3101.739501529652,mouse1_slice50,Lamp5,154
207330074511523961911863288990750675888,5213.348555653481,-3307.584917234334,mouse1_slice50,L6 CT,115
207522524427393803749336692880584459268,4046.317786458238,-3822.0614571397086,mouse1_slice50,L2/3 IT,14
207535518960334888801102785139325249120,4978.035731096138,-2957.0264354991973,mouse1_slice50,L6 IT,192
207559710311500919974028011621450278887,5333.511945572893,-2301.0116745313303,mouse1_slice50,L5/6 NP,325
207654983382477233327824999133111787880,4956.8760027086955,-3083.080851165073,mouse1_slice50,L6 CT,172
207697450658900133824672196062947945731,5038.848949321803,-2116.9168352998527,mouse1_slice50,L4/5 IT,350
207726109602665552124253723035509076550,4652.99695625738,-3175.4957814819127,mouse1_slice50,Oligo,149
207764299149548795433392947159455681214,4565.668943450878,-3427.527354720242,mouse1_slice50,L5 ET,88
207901855946573865019470390217510649670,4965.6910340705,-2395.785850471174,mouse1_slice50,Endo,305
207932185363391997490331790602654225580,5404.374299967445,-2741.3089626750734,mouse1_slice50,L6 CT,236
207935688956550537031031900467415002100,5010.666840118365,-3071.467250002424,mouse1_slice50,Sst,173
208094929472935989802193082522771803710,4806.551126407647,-1876.7965615933679,mouse1_slice50,L2/3 IT,384
208096836029947923084407581768555794620,5128.518846159844,-3182.0901967495242,mouse1_slice50,L5 IT,154
208127685439560184272989088087911127634,3802.917562483704,-3687.181029161842,mouse1_slice50,PVM,26
208131472362261810358514268580367777937,4222.866980562477,-2778.3591163728843,mouse1_slice50,Micro,223
208231499720966006456184765922875498471,3948.4071406805333,-3736.6147442521096,mouse1_slice50,Endo,13
208328389796023073395269833303170433459,5331.321860708618,-2759.12629035558,mouse1_slice50,OPC,235
208401036963732372616311598620971426200,5018.496981945823,-2871.4667345972953,mouse1_slice50,Vip,212
208485723607438633108929435159151586790,4672.733354060236,-2947.7815854784753,mouse1_slice50,L5 ET,189
208557818667895739839858635780829998353,3951.5871866568446,-3678.0304682554247,mouse1_slice50,SMC,28
208673460404334391009290563936722309668,4749.054706744626,-2534.3436945347817,mouse1_slice50,L5 ET,285
208776376626168026403817460914058478046,3850.8762594799473,-3226.6562585515067,mouse1_slice50,L2/3 IT,120
208944798729872857410187219023942296058,3983.3634143504137,-3687.3634912229863,mouse1_slice50,L2/3 IT,28
209076014680522327951412763134153125204,4864.436832325012,-3119.5388452071834,mouse1_slice50,L6 CT,151
209315887882549640656832648555945092357,4402.356208367542,-2794.5380982903494,mouse1_slice50,L4/5 IT,225
209382549540357135205690590666369636783,4871.475218207054,-3343.84969173076,mouse1_slice50,Oligo,111
209414167689603043423162055592773972693,4875.2332167342975,-1895.8677118810285,mouse1_slice50,L2/3 IT,385
209472812522025135907972701927806553146,4407.585755148921,-2433.835581269273,mouse1_slice50,L2/3 IT,299
209523505296376558283256321298259487003,3706.867964421012,-3076.413367039608,mouse1_slice50,Lamp5,158
209541188594982688027608829642693552412,4784.543857904121,-3346.634947458908,mouse1_slice50,L6 IT,110
209591509407863599873449375014088080666,5142.102742778946,-1800.7420593322827,mouse1_slice50,L2/3 IT,399
209656267391196472053345091304388281542,4220.614257207782,-3105.158439132408,mouse1_slice50,Peri,144
209695147573571350119628610052000732403,4981.570182098199,-3071.2054998822036,mouse1_slice50,Endo,172
20982288219572614639594434061770019086,5247.4633649218695,-1497.0250255287847,mouse1_slice50,VLMC,421
210056027000065219195417921920578984123,5145.360256032652,-3175.6238822205823,mouse1_slice50,L6 IT,154
210087461660625957064707183716382873359,3879.162531653198,-3115.6798094117657,mouse1_slice50,L2/3 IT,140
210115444828658049942673924377734749887,4693.829677895074,-3542.9608192151113,mouse1_slice50,L5 ET,70
210340786420941862061240084964686235518,4898.533154513701,-3600.3255552103105,mouse1_slice50,L6 CT,53
210343815576704217582548848765540901624,5399.317779466927,-2151.514121138917,mouse1_slice50,L5 IT,354
210528180747955407654099708807059007280,4048.931878908931,-2493.4340721923227,mouse1_slice50,OPC,277
210565552967366583728925294527262212850,5141.821384205995,-2410.3098194844997,mouse1_slice50,L5 ET,307
210602163180267369301761408276106234698,5101.537721683279,-3325.565116156756,mouse1_slice50,L5 IT,114
210711684655511362465007909350443190511,4819.491704935636,-2510.873560569983,mouse1_slice50,L5 IT,286
210747354096772681657133197655792843671,3786.860661239225,-2616.7499146400364,mouse1_slice50,Endo,256
210839720453074475179953542007368156855,5135.556795728521,-3428.216685325733,mouse1_slice50,L6 CT,94
210946471460091546449431499554259364288,3706.5598752796345,-3271.2266847986807,mouse1_slice50,Astro,118
211113645107184388479762430063405984937,4930.174239110492,-3412.507599130811,mouse1_slice50,L6 IT,92
211132390493805767181006834329430312503,5153.348234279249,-2083.7182281623304,mouse1_slice50,L4/5 IT,364
211157546209164943244152141370106753746,5048.368976108368,-2704.65380186609,mouse1_slice50,L6 IT,251
211236516271718004545331415611752946271,4978.435532125188,-2546.5109406422016,mouse1_slice50,L5/6 NP,287
211251559217927247983825344289979966104,4040.507042919928,-3412.1749852651405,mouse1_slice50,L2/3 IT,82
211268099770593017841494490851096293928,3841.9803665441145,-3946.7080216039694,mouse1_slice50,Astro,2
211326796842372932268831353486589430307,4747.650168806867,-2929.580662490692,mouse1_slice50,L5/6 NP,190
211547761903299407710155878714221517741,4243.796767582914,-3361.232012364178,mouse1_slice50,L4/5 IT,104
211571906498818128502568680581237806018,4935.46614813754,-2869.550578857917,mouse1_slice50,L5/6 NP,211
211576623229344465767888225531869419422,5223.926076369551,-1694.9553756828543,mouse1_slice50,Vip,409
211576634218494686346669023563468309939,4135.891790564953,-3301.0866538472474,mouse1_slice50,L4/5 IT,103
211625087972339665609128587633656576138,4647.916061418508,-3388.0000848892,mouse1_slice50,Astro,89
211763599979790354210386447266270630050,4538.898968998518,-3124.1001179392733,mouse1_slice50,L5 IT,147
211996819969277969629233714674034080716,4465.881162840798,-2135.437435724372,mouse1_slice50,L2/3 IT,344
212085560451907823686056258260271741750,5126.339648645842,-2436.4814957802923,mouse1_slice50,Sst,307
212105498307285084783625753670942010459,4127.547754156243,-3069.710843504629,mouse1_slice50,Astro,163
212249689641002311232112974061331854190,4703.649630008148,-2669.5057512141875,mouse1_slice50,L5 IT,247
212262462789475096119430843019668859816,4554.267719075817,-2068.7850047935276,mouse1_slice50,Astro,358
212346586398861039258685650586644771314,5310.528384676277,-3556.5703817257295,mouse1_slice50,L5 ET,58
212354471600054136811276845277333134454,4542.902347719123,-3760.500756666003,mouse1_slice50,L5/6 NP,19
212402056498755425322620279315796019641,4946.7115681021605,-1849.2481906117678,mouse1_slice50,Vip,386
212489244893278348643552444740169664640,3828.45556902181,-3326.9419603401234,mouse1_slice50,L2/3 IT,100
212699862674392977409607416206196945040,4858.2909344634845,-2604.848989185594,mouse1_slice50,L5/6 NP,268
212772825594368516490883998163624897803,4736.6839354189015,-2336.085471477073,mouse1_slice50,L4/5 IT,319
212795221943783435016916443212971339973,4204.596746485446,-3075.6469801496123,mouse1_slice50,Endo,164
212814191384639393836309933583902639344,4306.797535457073,-2512.80527650342,mouse1_slice50,L2/3 IT,280
213165409516318405249480135083505027896,4106.783153732189,-3389.7139510982124,mouse1_slice50,L4/5 IT,83
213415460469949481125251465122029584639,5114.387722815147,-2499.0324752002084,mouse1_slice50,L5 IT,289
21368488430844577531148546092006794863,4209.229537623844,-3536.394853954407,mouse1_slice50,L4/5 IT,65
21377346016960339915611118641456176897,4492.371973141122,-2651.8429947600634,mouse1_slice50,L4/5 IT,245
213784909913725449964469288877494836962,5243.858387635671,-2190.1377789198764,mouse1_slice50,Oligo,352
213835195353110468570082390828093111488,5203.5102688974275,-3108.4838520588314,mouse1_slice50,L6 IT,155
213903262597477129506509918389363056605,4568.199029691138,-3344.9008058760296,mouse1_slice50,L5 IT,108
214002853650723325809852089767045093440,4849.884843358605,-1770.7419105930587,mouse1_slice50,Sncg,396
214024757233371475288440029647876386604,5389.72049494487,-3628.9095303448294,mouse1_slice50,Pvalb,59
214034513679891827601462670044383726479,5409.99405202532,-3149.255621961431,mouse1_slice50,Astro,157
214054275022868103875822534224954320365,4081.849035379546,-3703.858953699567,mouse1_slice50,L2/3 IT,29
214150373739754931405533046224140650719,4495.224276976354,-2687.3504032264655,mouse1_slice50,L4/5 IT,245
214249812150852468931664727663705348987,4489.526669960417,-2896.2501877957357,mouse1_slice50,L5 IT,206
214295659253263392555999486908176991625,5330.4230129652,-1780.4203064175656,mouse1_slice50,Endo,401
214373110457255291585745313311637740499,5407.02586003419,-3404.4342415799183,mouse1_slice50,L6 CT,97
214379598771909389633466621804640925801,5109.790861928716,-2988.0426195462837,mouse1_slice50,L6 CT,194
214421060462890165112444480714235134274,4400.904294610274,-3000.788097267237,mouse1_slice50,L4/5 IT,186
214445285775570238218486684621394568582,5106.80036133987,-3444.245825459167,mouse1_slice50,L6 IT,94
214534534094892168470028943326250800424,5097.5795298379835,-2585.563611693669,mouse1_slice50,L5 ET,271
214614796462043238342346671189483547815,4158.134240414261,-2993.870161778751,mouse1_slice50,L4/5 IT,183
214800621510754891939192720679552034592,4708.938278990349,-2701.4707414812183,mouse1_slice50,L5 IT,247
214930216991578803163892348439274895832,5336.091292276682,-1843.294256804691,mouse1_slice50,Sst,390
214942494181389408829292736351267015882,5312.677810203639,-1714.0054295962384,mouse1_slice50,Micro,410
214965008520339579987606387548420283763,3871.0029040815793,-3599.3328132345264,mouse1_slice50,Endo,42
21496998368143374969535349799096364783,4047.3695533058417,-2994.595735617363,mouse1_slice50,L2/3 IT,182
214988397585215312022765775640579145034,5049.271133647504,-3246.486296281221,mouse1_slice50,L6 CT,133
215077905814959101376384517783954121790,5192.518058361971,-2416.2970164487756,mouse1_slice50,L5 IT,308
215133026438058914197782421312595367010,5073.526447396931,-2589.637481265042,mouse1_slice50,L6 IT,270
215221506380746518511351723376973763872,4611.1930324583045,-2794.5661773147376,mouse1_slice50,Astro,227
215242765151845808241763342012238466475,5277.809152025616,-3168.489060321389,mouse1_slice50,SMC,156
215267650948196203724536166676810775720,3848.2296943619654,-3667.405961431662,mouse1_slice50,Endo,27
215505913343211357955778647325901767768,4316.052791043485,-3139.691186711276,mouse1_slice50,L4/5 IT,145
215625930539017696886273714960905647107,5156.577034775447,-2203.6160823120176,mouse1_slice50,Pvalb,338
215696621684657025702582362857637797988,3975.8880797310476,-2976.2859716810167,mouse1_slice50,L2/3 IT,181
215770567566588682347459153933640221161,4600.175327784374,-2816.353096592133,mouse1_slice50,L5/6 NP,227
215871180258959600516728430791437798521,3922.0997429373415,-3848.672400733084,mouse1_slice50,OPC,6
216033904980066836621481784219496072191,5423.310348746134,-2634.0012319369566,mouse1_slice50,L6 CT,274
216063292308159548503962734003801558623,3999.0014422308227,-2418.0962298298396,mouse1_slice50,Astro,294
216128315116734539645486728609757685990,5127.531833490729,-2457.166938747892,mouse1_slice50,L5 IT,307
216204803536839960087286306455801652333,4347.517074736842,-2656.5714809986175,mouse1_slice50,L4/5 IT,243
216248333332825926503459333986801389567,4434.778562017703,-3658.147414780337,mouse1_slice50,L4/5 IT,33
216304988077823348413015276312345036930,4708.28256909842,-2151.766862170902,mouse1_slice50,L2/3 IT,346
216333085276228727098241254288702499297,3736.3238678782254,-3402.615332510814,mouse1_slice50,Astro,79
216368363397795112907451062255842152246,4975.957970890887,-3477.4112954717757,mouse1_slice50,L6 IT Car3,73
21648727263050148578781884511174444838,5083.309242018074,-2863.523618775809,mouse1_slice50,L6 IT,212
216661847927208537543977118417313930514,4690.457824539767,-1957.4761760018512,mouse1_slice50,L2/3 IT,371
216756513942485799514384983659972763669,4125.081640561121,-2933.4057548729943,mouse1_slice50,L4/5 IT,183
216885013693428880730203561462726650977,4164.277076510707,-3110.005323021313,mouse1_slice50,L4/5 IT,143
216961395413885273448330541236097794195,4888.024888463263,-3528.549702362706,mouse1_slice50,PVM,72
217033356160606974628699973411024640807,4885.020970014085,-2678.6837504279692,mouse1_slice50,Sst,249
217043779973720016586589326478526208130,5079.441950478007,-2788.730639091598,mouse1_slice50,Oligo,232
217062940689251187452701831368253402436,4372.783672586184,-3702.1963337218867,mouse1_slice50,L4/5 IT,33
217092993963558732322560244672269939882,4500.407928494732,-3513.005432054181,mouse1_slice50,L5 IT,68
217121945586352573944091923333183450629,4748.484307514841,-2478.8782240414625,mouse1_slice50,L4/5 IT,285
217159729895318112498760574094569797676,4426.867502703552,-1860.8194376425674,mouse1_slice50,VLMC,380
217175589110101384118498444794622166682,5399.410070472957,-1771.7243521998996,mouse1_slice50,L2/3 IT,402
217494891995370612809288546565475087161,5278.625239989926,-3404.0197534729646,mouse1_slice50,Astro,96
217599425495662794443534114975664996159,5413.586530589925,-1836.6126689002583,mouse1_slice50,L4/5 IT,391
217645021138740808728781031995624809072,4322.78450409061,-2290.3877170164137,mouse1_slice50,L2/3 IT,314
21766128367326914613636765945459738230,4575.83381182233,-2896.5412174219427,mouse1_slice50,L5 IT,207
217764151373710721539740977237157405588,4273.161222875539,-2409.554978619548,mouse1_slice50,L2/3 IT,297
217848571574754187903268081830705438667,5221.60454703511,-3131.6066686790846,mouse1_slice50,Astro,155
217856265437842166217265425568474619983,4815.2304936897945,-2680.343011221707,mouse1_slice50,L5 IT,248
217858379046731777897612720382158897630,4946.512971049413,-2011.3454993114449,mouse1_slice50,Pvalb,374
217890613565704273572769868592378933310,5133.644015897174,-1916.334014195835,mouse1_slice50,L2/3 IT,388
217947253558182290866508739281026411746,4747.619833877515,-3023.5169034061296,mouse1_slice50,L6 IT,170
217992959076285928615286989560326671657,4923.793160089963,-2578.3950602080517,mouse1_slice50,L5 ET,269
217996127841917271854937983660412219722,4571.4710335086575,-2516.2672261072235,mouse1_slice50,L4/5 IT,283
218243610784391222674182501483653746650,4535.2324721269815,-1906.862021494609,mouse1_slice50,Lamp5,381
218326498062623466318951088864783450076,4967.08277631496,-2875.022076422047,mouse1_slice50,L6 CT,211
218344740751698869532279722887897268227,4414.324495841228,-3566.379438034151,mouse1_slice50,Micro,48
218359578575137600283279117886940761181,4103.476091892077,-3080.077606834237,mouse1_slice50,L4/5 IT,163
218408858856444223754439728627129090285,5442.3435343671745,-2875.6592788242315,mouse1_slice50,Endo,216
21845482283247894564227581426492103612,5214.40245075192,-3167.9300651030176,mouse1_slice50,L6 IT,155
218542620642993450663185722369595269808,4301.670011426407,-2349.1971186852024,mouse1_slice50,L2/3 IT,314
218636120599135185910233351360917122523,5139.32084492195,-3608.3021819465175,mouse1_slice50,L5 ET,56
218765490346024823404881384744037801411,3881.2107525612437,-3342.7127892458952,mouse1_slice50,L2/3 IT,100
218795905126659466895140206787261103966,5103.226868586423,-3476.5470792276824,mouse1_slice50,Oligo,75
218846374612002114668565251746940929236,5083.540390875626,-2957.6998930745926,mouse1_slice50,L6 CT,193
218910457742360337946927296606531398472,4029.216706113989,-2977.2038206675784,mouse1_slice50,L2/3 IT,182
218930187745883548942751413933534943472,4493.931900087464,-2979.2979467909995,mouse1_slice50,L5 IT,187
219079513087740543126827128433214596804,3899.1260268423657,-3320.99657844658,mouse1_slice50,L2/3 IT,100
219120602344409770184008394787782511640,4761.187875367186,-2353.1363858145783,mouse1_slice50,Vip,319
219129970804565126718470277538041578387,4329.145423706187,-2507.585751044718,mouse1_slice50,Endo,280
219352604044322342342672169036369485400,5335.801753594416,-2225.709765258944,mouse1_slice50,L5 ET,340
219392982907054543719624580474798601846,4808.069200770687,-2258.9871315718347,mouse1_slice50,L4/5 IT,334
219402402412561257505758581652937611736,4857.493608461894,-3648.8342312718196,mouse1_slice50,L5 ET,38
219406772111896716638428124227552578906,3933.435104295036,-3383.2954403276935,mouse1_slice50,Astro,81
21940819742906906959674258390181854912,4034.8652664520073,-3234.6062057789472,mouse1_slice50,L4/5 IT,122
21952302873776832859495404023295767961,4117.393868432793,-3335.475666457809,mouse1_slice50,L4/5 IT,103
219568767103261904455672599706383818923,4786.623599530964,-2725.0858982040213,mouse1_slice50,L5 IT,248
21965054970228174762515511984445209797,5347.4804780966815,-2262.9498600366483,mouse1_slice50,Endo,340
219705935112552902633401048149187200594,4215.471548799479,-2727.2433898670943,mouse1_slice50,Endo,242
219765736095814982756835976357821816088,4470.235178968036,-1845.834192691486,mouse1_slice50,VLMC,381
2201340343603051067307180304875142027,4921.352409871587,-1774.5052445005165,mouse1_slice50,L2/3 IT,397
220145526382094032245049482297785884522,4872.91673151594,-2479.8651332223926,mouse1_slice50,L5 IT,286
220271584610157698980324398518662902885,4298.59903822349,-2547.414677164585,mouse1_slice50,L2/3 IT,280
220278513526971037391221672210509300531,4852.378300115067,-3295.914252523498,mouse1_slice50,OPC,111
220307121597002948096002730123888006614,4136.249521568534,-3594.1784423263603,mouse1_slice50,Sst,45
220508113017511323589400775249131783392,4851.319863095809,-2575.0247448420896,mouse1_slice50,L5 IT,268
220572937447929853418832892489473417960,5157.815608203773,-2767.007750293235,mouse1_slice50,Peri,233
220621975046830786709757059105683301601,5225.0520810971275,-2269.308775590029,mouse1_slice50,L5/6 NP,339
220737428052903132349880923765286281833,5273.798034212073,-2608.65470423111,mouse1_slice50,Endo,273
220851684290227519036893532079847059702,4506.398573926567,-3527.479544659881,mouse1_slice50,L5 IT,68
220880648475338271384213185180650692724,4890.840549631906,-2078.7879782309146,mouse1_slice50,Endo,361
221005898794577785445957976995565596737,4118.335879969283,-3582.130020273559,mouse1_slice50,L5 IT,45
221230380648851275524857840643752564443,4603.393386689846,-3256.296469722814,mouse1_slice50,L5 ET,128
221252245489525185746817530920570606904,4588.939239495703,-2750.858105706109,mouse1_slice50,L5 IT,227
221280655622318889294618738981405537211,3771.834274250017,-3325.9775343147335,mouse1_slice50,SMC,99
221287263377554000188346545076614450309,4923.008542461466,-2120.908009862274,mouse1_slice50,Endo,349
221347126599459228342222180131739395646,4300.44247934995,-3659.7502849780635,mouse1_slice50,L5 IT,32
221362371043501620461475464588638180810,4236.95851225504,-3599.4372661198145,mouse1_slice50,L4/5 IT,46
221478355784733527080821371426436380101,5284.402921211425,-3304.105457853594,mouse1_slice50,L6 IT,116
221609760905762093411635677608298909713,4021.7214765574067,-2713.623357444632,mouse1_slice50,L2/3 IT,240
221632646971661995423735249555443633311,4479.043028616853,-2031.5516786317933,mouse1_slice50,Astro,357
221674964025880593116345721665163322969,4248.107397663893,-3487.7411340807726,mouse1_slice50,Endo,65
221710308438233008943881046301419213610,4128.137975456445,-3337.26724353982,mouse1_slice50,L4/5 IT,103
221922546847349187943983874364753097482,5243.04213309636,-2597.1762321900233,mouse1_slice50,L6 IT,272
221977153375118964088121409068306542080,3896.583776634777,-3811.105038444708,mouse1_slice50,Astro,12
221977879737348563793535317939453756923,4124.423811073728,-3362.907771099866,mouse1_slice50,L4/5 IT,103
222286271824697744492177845371915210635,4743.031768945854,-2873.315894190034,mouse1_slice50,Endo,209
222295901867601410589929340513308260335,4972.388278069116,-3561.796459643489,mouse1_slice50,Sst,54
222375128515538405014593137794013598726,4789.467669277329,-2078.819205988216,mouse1_slice50,Micro,360
222377669228281294123866390931188770066,4754.934264896263,-3585.2499036052395,mouse1_slice50,L4/5 IT,52
222387147294114805383238571182855979447,4705.872139636498,-2245.9220490097373,mouse1_slice50,L4/5 IT,333
222429648547894829387674432920245379434,4206.797934297024,-2498.188186878975,mouse1_slice50,Astro,279
22243121494929625282294789812878496636,4784.7061671282745,-3622.84925429948,mouse1_slice50,Pvalb,52
222451893469704785688198018004994776183,4278.975286916399,-2421.8378235283444,mouse1_slice50,L2/3 IT,298
222503690430250984449944532189432034070,4575.7492251488775,-3475.553248039826,mouse1_slice50,L5 IT,69
22253012467928500082168150141213847250,4884.454439692064,-2669.954859813309,mouse1_slice50,Sst,249
222607352023992102038206250406572619185,4817.8316531669325,-1968.6502429853103,mouse1_slice50,L2/3 IT,372
222834499606317738261572468309433113571,4162.548382907875,-2541.100176471697,mouse1_slice50,L2/3 IT,278
222975017202539231019879834435371104998,5427.513950754153,-2350.807035576895,mouse1_slice50,L5 ET,326
222982856434239778672923092201037818441,4840.119702135756,-2998.6262405246052,mouse1_slice50,Pvalb,191
223234086610004632401116867544009918883,4992.136137402505,-2250.4514283863714,mouse1_slice50,L4/5 IT,336
223385310820566026885991414946600915276,4325.859468856256,-2475.65052442672,mouse1_slice50,L2/3 IT,280
223619288449851395296821702413250043272,5031.397087521805,-2567.6419241060808,mouse1_slice50,L5 ET,270
223709049141247281642973185960473875462,4347.033581626733,-2530.5071813074146,mouse1_slice50,Endo,280
223771291382978572062858994790667082086,5153.274155061625,-2439.8625968334713,mouse1_slice50,SMC,307
223908599423532678811057473210073613207,4706.793862383527,-3228.832488028445,mouse1_slice50,L6 IT,129
223935985758819341337585818481573536822,5414.848940148314,-3340.1431105836336,mouse1_slice50,SMC,117
223984829258489005901393620895289818044,3949.6267310952107,-2570.133991760769,mouse1_slice50,Micro,258
224025605695945555195317564494247626764,3852.218526569113,-3027.6312275664527,mouse1_slice50,L2/3 IT,160
224043646218009918471897570797113552433,4438.266020124313,-2701.9171910609653,mouse1_slice50,L4/5 IT,244
224099141710877369018494251732756101683,5053.746463922768,-1808.6999734624096,mouse1_slice50,Endo,398
224189319080822916303464218325020674846,4502.108814250535,-2029.2696054692508,mouse1_slice50,Endo,357
224205961758951568572704936759151569112,4928.647710573062,-2182.0071541975685,mouse1_slice50,L4/5 IT,349
224717509936687511578334361637925215823,4984.252231015068,-2585.150021293833,mouse1_slice50,L6 IT,269
224719653563291074292996397172628136982,5197.359906532931,-2765.8184664176806,mouse1_slice50,L6 CT,234
224737882813595278017840673981300553046,4809.560487228819,-2315.6371687355118,mouse1_slice50,L4/5 IT,319
22474413725184511306190994631000291962,4782.374233666161,-2415.426789291329,mouse1_slice50,Sst,303
22479236356427863350753397354657293091,4617.278620624655,-2219.00037242311,mouse1_slice50,SMC,332
224800464897413985313385711771497185612,4009.139422878474,-3759.7268450363786,mouse1_slice50,L2/3 IT,14
22480956384488734772246352619511197785,3849.027867385056,-3236.215562673727,mouse1_slice50,L2/3 IT,120
224998037404447918655981403733340053739,5432.95713296404,-2816.8802207013805,mouse1_slice50,L6 CT,236
225365743485942347858154463261357307312,4203.858494227446,-2608.92053334862,mouse1_slice50,L2/3 IT,261
225389326624417729832082995237165160232,4344.8754670343615,-2415.956222867559,mouse1_slice50,L2/3 IT,298
225391518245496016529806994639819546647,5168.20766719739,-1527.1639597080891,mouse1_slice50,VLMC,420
225544501205292915195021777220066993953,5286.664027797313,-3175.4105784597136,mouse1_slice50,L6 IT,156
225571422649017567702729601564731523358,3844.3529749059644,-3356.6668114448803,mouse1_slice50,L2/3 IT,100
225596799735968710328680938654860737406,5018.672289313736,-2938.0529999618493,mouse1_slice50,L6 CT,193
225661536030981380348361562634982540622,4737.728535746693,-1883.745467743605,mouse1_slice50,L2/3 IT,384
225749842661313945887303388187091145617,4543.941849100533,-3060.613726622683,mouse1_slice50,Endo,167
225987527126907497269374859043131139712,4208.913848577778,-3214.109582071727,mouse1_slice50,L4/5 IT,124
226129374382645111590503630759893638268,5142.836396432396,-1538.5262395795203,mouse1_slice50,VLMC,420
226471771009686270051081376771916834376,5432.487167471602,-2396.10066957675,mouse1_slice50,Astro,310
226740368786222915388410591335090574789,3935.5867469852897,-3694.062701635919,mouse1_slice50,L2/3 IT,28
226776730500243507908135975184942583712,5095.95646124338,-2439.5311085584335,mouse1_slice50,L5/6 NP,307
226844975540717472804244409808305582656,4887.452451463769,-3511.4844281248434,mouse1_slice50,PVM,72
227037682601587786710545225321467041585,5164.938703904259,-1969.5218922422066,mouse1_slice50,Peri,376
22704445548131474291292440802837084819,4941.343273930075,-1986.2442196980917,mouse1_slice50,L2/3 IT,374
227143740538531266551482496041027538248,4856.78219348203,-2967.2061895839565,mouse1_slice50,Pvalb,191
227172631898915382694759019176349041875,5434.189258028258,-3319.8975049307223,mouse1_slice50,L5 ET,117
227252976042673635413882516660779399225,4569.316166079217,-2628.355060330345,mouse1_slice50,PVM,265
227511309921462758811291975696186214486,4895.297602671277,-3808.8381193555033,mouse1_slice50,L5 ET,23
227513020987063833395375986505103877609,4616.290757867769,-3506.2701866591465,mouse1_slice50,L5 ET,69
227868965986328545772507486217310456731,4872.898248910696,-2791.4705998680906,mouse1_slice50,Oligo,230
227945792312821911975742933884403329669,5084.7312541990605,-3408.440143600611,mouse1_slice50,L6 IT,93
228001330197318788530854515227161853966,4217.934600244369,-3200.109764168655,mouse1_slice50,OPC,124
22810321854587372667055356700603271852,4039.1631984847477,-2764.293005474455,mouse1_slice50,L2/3 IT,221
228116355723390213054229029184108428294,5250.140182149685,-2077.5001301252014,mouse1_slice50,Endo,365
228138517758622639111896529164780291860,5401.961505663547,-2789.7233258214123,mouse1_slice50,L6 CT,236
228189611914510292932186249495147640646,4329.280018282528,-3290.473273645595,mouse1_slice50,L4/5 IT,105
228394367228493324898273150499083070908,4133.164760636495,-2418.964668799974,mouse1_slice50,Lamp5,296
228412621229560199999378188370931653330,5107.612099290326,-1959.283207873026,mouse1_slice50,L2/3 IT,376
228579935902488529333709836000895649427,4307.681970411389,-2216.704238731014,mouse1_slice50,Lamp5,329
228759005422536726424176433641237715306,4963.9146427338765,-2574.470904571714,mouse1_slice50,SMC,269
228833840638239971179959415907651576708,4950.814307192656,-3797.4143855608318,mouse1_slice50,L5 IT,24
228877485662971141696849481889429086555,3773.6547575694135,-3886.842760474469,mouse1_slice50,VLMC,4
228897751505370710510993445862581202937,3792.0621102399164,-2805.0208932357427,mouse1_slice50,PVM,218
229096218540488130450606121565233995112,4586.256301457479,-3222.9268198572104,mouse1_slice50,Sst,128
229215305681848895246510687224335846355,3834.717519797011,-3210.711123674086,mouse1_slice50,L2/3 IT,120
229225170744554873062423952194376699883,4749.480844612697,-2214.7555273909315,mouse1_slice50,L4/5 IT,334
229274936044368886429376847081292135965,5051.848196223674,-2994.2575957860545,mouse1_slice50,Peri,193
229295307072334541043920109951846971179,4836.789392103294,-2420.042272722083,mouse1_slice50,L5 IT,304
229469263489403941888037607228556497776,4237.404403368314,-2467.8558917205346,mouse1_slice50,L2/3 IT,279
22956951301198329479726547774957937881,4779.686422091213,-2318.7190402454207,mouse1_slice50,L4/5 IT,319
229666519225038773787578981297352494393,5436.273313502213,-2954.124983101827,mouse1_slice50,L6 CT,196
229694061757766502391365084497708930090,3742.6552737224088,-3215.7490301074426,mouse1_slice50,VLMC,119
229725575380894789925635656141972386472,5099.604370452863,-3587.4150325048554,mouse1_slice50,Astro,56
229823854454411832419871134590757731841,4237.982329638731,-2669.9500100774217,mouse1_slice50,Endo,242
229826975150420475566230648608214866541,5227.317390830569,-3157.5709239575,mouse1_slice50,L6 IT,155
229836901085747548987855249158407267935,5401.736621041544,-2516.103542437096,mouse1_slice50,Astro,292
230032870817219677532302135997060307300,4957.267873055023,-3089.814111768534,mouse1_slice50,Endo,172
230044753823692333915951915958118829798,4758.324343559725,-2627.4846788961954,mouse1_slice50,L5 ET,267
230174426549959423312373118201213484253,4223.721462849898,-2294.9805304067477,mouse1_slice50,L2/3 IT,313
230228666031832069763523773431360884896,5239.872007393074,-2092.5397518749905,mouse1_slice50,L4/5 IT,365
230238280421697271999909532750192175954,5161.4510703978585,-1822.700141767162,mouse1_slice50,Lamp5,399
230270330120468777438605033062928657704,4889.346282561351,-3304.160458290292,mouse1_slice50,L6 IT,111
230371819587952649416175662598297008722,4044.8722056481133,-3214.088734451711,mouse1_slice50,L2/3 IT,122
23044327192105566599359426758755226758,4749.491818430792,-3542.1230290399153,mouse1_slice50,L5 ET,71
230571970203224003023041979059862816395,4201.451927005319,-2858.806140424577,mouse1_slice50,OPC,203
230693205028515022710299550628060390817,4723.298190374581,-2859.538192532384,mouse1_slice50,Sst,208
230910611232501116387903119478904808269,4519.891781158462,-3301.6302713509963,mouse1_slice50,L5 IT,107
2310993969596643432947283499507217489,4596.918361113869,-3455.6099291787796,mouse1_slice50,L5 ET,88
231377291197518094539425057510973594150,5150.661882908228,-2078.185029091818,mouse1_slice50,L4/5 IT,364
231726785131160651476208268217198183495,4235.899483702722,-2222.502672306092,mouse1_slice50,Lamp5,328
231874328394178296690056174594885941940,4317.578673602216,-3645.117497728406,mouse1_slice50,L4/5 IT,32
231984703913300024603294746858875156742,4690.246177678882,-3090.775544676272,mouse1_slice50,L6 IT,169
232130622421001140217163872618333279368,4887.981063423191,-3472.0662953392857,mouse1_slice50,L6 CT,72
232425093587078377094264647228150802992,5173.667836768726,-1586.3122123369533,mouse1_slice50,PVM,416
23251194516563105483308142159935144801,3914.7441342917987,-3588.9406426882892,mouse1_slice50,L2/3 IT,43
232618042533944300301843875368436677407,3757.17086338285,-3067.241361868789,mouse1_slice50,Astro,159
23298773255000377356112361896184306702,4956.67772518121,-1935.9950650859207,mouse1_slice50,PVM,374
233150688481221936255630695291008956702,3897.17948975189,-2852.321882142463,mouse1_slice50,OPC,199
233220479328670390189444371734329411267,5231.239208263961,-2161.8648152349565,mouse1_slice50,Peri,352
233402111620024832097826343821252827295,5305.140582953168,-2482.739891547175,mouse1_slice50,Endo,291
233483273624686413908805503145856820969,5230.979818460255,-2796.8682527838278,mouse1_slice50,SMC,234
233525214989352769090792578915039066442,4573.603690508979,-2308.187703955121,mouse1_slice50,Oligo,317
233595952532013976977922718191005235328,4283.185354229519,-2522.0922037523624,mouse1_slice50,L2/3 IT,280
233606182220433400822978976208719274623,5246.633983271456,-1933.8248812361874,mouse1_slice50,L2/3 IT,377
233630625421653452961069879079303218119,3837.1677285004307,-3384.0377216577317,mouse1_slice50,L2/3 IT,80
233737916685181874367461761140008924598,3952.610886110495,-3169.878848674821,mouse1_slice50,L2/3 IT,141
233831157210723154425109531505253107966,3872.5686287762232,-3506.810013588528,mouse1_slice50,Lamp5,61
233928152131412067892409033630640277666,4367.073918253925,-2514.3144007115598,mouse1_slice50,L2/3 IT,281
233930754952473555582148055520234921772,4956.112020078886,-2907.509920371358,mouse1_slice50,L6 CT,211
233947640191834885986481604772351681180,5076.347746456173,-3116.1494413662367,mouse1_slice50,L6 IT,153
233951545743315384053840710074597759372,4410.580820575199,-3020.3490586144685,mouse1_slice50,L5 IT,166
233963019274108983854201202644863171259,4917.3984080295195,-1880.0784613235076,mouse1_slice50,L2/3 IT,386
234002661016830460047431996698677472215,5138.499634029332,-2990.0568104375793,mouse1_slice50,Endo,194
234112713434606517243844926598911295405,4283.8721901005,-2401.5363876318856,mouse1_slice50,L2/3 IT,298
23415657504930431840212508695739894544,5138.295703272401,-2461.3308258118645,mouse1_slice50,L5 IT,307
23454933930377315485693174370040351486,4556.166717919722,-2696.72993910258,mouse1_slice50,Peri,246
234607576200354405559442091691298488453,4504.985629768225,-3209.800660232326,mouse1_slice50,L5 IT,127
234643345323010335334303184307028337132,5057.3016208248455,-2473.3870912732914,mouse1_slice50,L5 IT,288
234826917020716491809872781213270598053,4464.533403507031,-2158.57363893891,mouse1_slice50,L2/3 IT,344
234848034864805099255583742599138951180,4686.473394095209,-3572.3987853176795,mouse1_slice50,L5 ET,51
23487182633481780020965332987661454880,4766.571342543903,-2581.4097507095944,mouse1_slice50,Endo,267
234875929811226486020670703266079537965,5391.207895044632,-2791.5799300469594,mouse1_slice50,L6 CT,236
235148905600713484745233958398877522751,4447.437184677685,-1985.5856386977728,mouse1_slice50,Lamp5,368
235179261387429186353097086080758562106,4782.565151350072,-1830.8068181825333,mouse1_slice50,Endo,395
235428805473439533564672078941331034467,4654.852734657418,-3224.967773262717,mouse1_slice50,SMC,129
235443347364086460759814732904990133211,4415.902900283614,-2846.9535100882845,mouse1_slice50,L4/5 IT,205
235449606348447826283136461906667153742,5047.216603521432,-1938.4269876076285,mouse1_slice50,L2/3 IT,375
235476356612825638920622399140993773823,3966.3682069970264,-2534.2247286122524,mouse1_slice50,Micro,276
235789049836395848306383532115136017008,4388.557907534711,-3775.2296303549956,mouse1_slice50,Endo,18
235853140782639559339260208792037584063,3959.192985285656,-2907.2902009664854,mouse1_slice50,L2/3 IT,200
235974904872121963210086047062946277671,4662.826853636521,-3163.0555744162716,mouse1_slice50,L6 IT,149
236005543979179615182348390856531781829,4108.6459024784435,-3257.1486117154163,mouse1_slice50,L4/5 IT,123
236102075780288372751186416282450163540,5278.778098218791,-3336.503455284878,mouse1_slice50,L6 CT,116
236117388510051057031376554655753324764,4508.416104064191,-3394.7384470686275,mouse1_slice50,L5 IT,87
236127331591976809077415813044871386862,4801.2939844589655,-2903.889160971788,mouse1_slice50,Sst,209
23637984200108223663468102262480343413,5209.9120021854715,-3170.374608621879,mouse1_slice50,L6 IT,155
236576857221502095983981451447059813300,5436.049558704105,-2840.3005709959502,mouse1_slice50,L6 CT,216
236798361316688162996812461031145317154,5103.031952202948,-1962.3955621903353,mouse1_slice50,L2/3 IT,376
236814098010555812345399630221111773057,4703.840542391875,-2568.2380991097043,mouse1_slice50,L4/5 IT,266
237033956336032843421856105005399428603,4955.314669655649,-2253.380533286289,mouse1_slice50,L4/5 IT,336
237176218821375447597182048693599082909,3972.2195890357725,-2874.0123474992024,mouse1_slice50,L2/3 IT,200
23721245685845181367112225343254547106,5264.717676856385,-3258.0685588626143,mouse1_slice50,Endo,135
237231108706223987504257948641665907165,5206.903060863331,-2801.3573096519112,mouse1_slice50,L6 CT,234
237238184851174893895153354694555691431,3930.7319313255543,-3352.493856900278,mouse1_slice50,L2/3 IT,101
237238748936415677300066536710386837361,3780.2653263994625,-3600.5844306519043,mouse1_slice50,Lamp5,41
237337379192840862284779401521040831302,4707.011943238942,-2592.7574889288985,mouse1_slice50,Micro,266
237550419927300400703004236667997569964,4487.1390259349555,-3587.2058014752015,mouse1_slice50,L4/5 IT,49
2378341676799331868831273455131866030,3840.188991585447,-3114.793138625156,mouse1_slice50,Micro,140
237886344891989054377433705163336556539,3955.080396982309,-3543.0736776752306,mouse1_slice50,L2/3 IT,62
238078589856805351294528836633339300913,5201.23905097384,-2255.0499417574924,mouse1_slice50,L5 IT,339
238261595770288703990586599168762904084,4606.610117017949,-2277.0092294725578,mouse1_slice50,L2/3 IT,332
238286113181483127556979060855559744537,4512.414438136625,-2406.7747739054844,mouse1_slice50,L2/3 IT,300
238397425938800754960642803384959635735,4693.74994360697,-2507.4871501700463,mouse1_slice50,Peri,284
238461896816902500840592737643062845663,4796.894940980973,-2944.4820587648323,mouse1_slice50,L5 IT,190
238508603875897456405203617988496293148,4061.117849936705,-2533.0202040790705,mouse1_slice50,Micro,277
238655118693447298933009514656520854729,4772.644844082091,-2229.809878855791,mouse1_slice50,L4/5 IT,334
238719771902240436140420401950935154534,4760.451198324226,-2727.629856600272,mouse1_slice50,Peri,248
238811698369268385563858332242540941004,3778.0991407819533,-3128.061843405689,mouse1_slice50,Endo,139
239106385169193052743593199019223918588,4410.421697810266,-3662.1799265353916,mouse1_slice50,L4/5 IT,33
239151607023655471078210231229210399860,4405.871176868063,-3542.570519167459,mouse1_slice50,L5 IT,67
239182309675363636488314428853283188197,4007.04313633138,-3516.956515182424,mouse1_slice50,L4/5 IT,63
239297397945194134387540264663526906045,3909.254373276174,-3420.5578260997727,mouse1_slice50,L2/3 IT,80
239300795362510629912706113389155720128,4933.008988152179,-3121.896185202907,mouse1_slice50,L6 IT Car3,152
239327817623953644774946479559374235798,4515.309074811694,-2656.4987381022333,mouse1_slice50,L4/5 IT,245
23946397336878421774383033366439242432,4921.408466593976,-3395.5231076693967,mouse1_slice50,L6 CT,92
239491300830499809489401025015215105809,4198.511637317582,-3079.5938510932524,mouse1_slice50,Peri,164
239869706692212371337434540226025928884,5344.403094684376,-3306.2351338863623,mouse1_slice50,L6 CT,116
239879967377135579801658784895399744477,3773.3517491512466,-2924.306599431983,mouse1_slice50,Astro,179
239901667763265978890069216535007289749,4801.006276866157,-2364.165659243227,mouse1_slice50,OPC,319
239937464197442040191927518042035796760,4045.5223709253705,-2774.6661870467956,mouse1_slice50,L2/3 IT,221
240149345888160233013819033326288913860,4413.863631628926,-2226.449030076878,mouse1_slice50,Endo,330
240268186845183635702063743058442448011,4515.292999454458,-2176.8681572086607,mouse1_slice50,L2/3 IT,344
240422629899009151479210488092417512404,4555.560228235914,-3075.8573933172643,mouse1_slice50,L5 IT,168
240463675622543716763000427601542793569,4861.380029744687,-2753.579764052139,mouse1_slice50,L5 ET,230
240614353734777649634597688893540662611,4879.219119698713,-2101.3629156459124,mouse1_slice50,Lamp5,361
240701162264347045030042637320481426036,4655.778803793942,-3609.8489576288453,mouse1_slice50,L4/5 IT,51
240764983498707288449700508694545453561,5150.716055093055,-2803.8027535276356,mouse1_slice50,L6 CT,233
24076990450149794748755074850945120772,4887.111051419596,-1866.1945780158792,mouse1_slice50,L2/3 IT,385
240838428695791274952619776797830247398,4959.881303760086,-3333.2072208287473,mouse1_slice50,L6 IT,112
240867860101581644280761153617669390145,4282.28351558839,-2971.679391687729,mouse1_slice50,Pvalb,185
24101518865321886032529985616380064566,3937.0629777998947,-2896.2231559925626,mouse1_slice50,L2/3 IT,200
241084826263398543392695261087776913296,5050.311082644527,-1714.2818613733466,mouse1_slice50,L2/3 IT,407
24124141855877966325494764543636712201,5344.420811838287,-3248.6510843632836,mouse1_slice50,L5 IT,136
241243823921148432307643426252604835209,3898.653691142128,-3719.9350257221085,mouse1_slice50,Endo,27
241345360477345949470514299703860015956,5012.602931676677,-3256.596872164662,mouse1_slice50,Pvalb,133
241610491380630936280974036340283874928,5004.264027242757,-3771.1545476648025,mouse1_slice50,L4/5 IT,25
241701739118049482273157903916520874224,5035.759705760186,-3639.7553237110783,mouse1_slice50,Endo,55
241806519348459550733055343950769070242,5194.529567755636,-3607.4400916524464,mouse1_slice50,L5 ET,57
241904322454415214963462888552073833779,5214.0750638093905,-3046.561147005474,mouse1_slice50,L6 CT,175
241995230658767171055342908629375429945,4787.126375779498,-2480.61820008811,mouse1_slice50,Astro,285
242178680939166814431114948449251385859,4080.788283861456,-2961.345798960889,mouse1_slice50,Endo,182
242221390534313173942108315123223580093,5188.7819954377655,-3331.0704409856576,mouse1_slice50,Oligo,115
242229384272380325338530746818515777766,3903.5329697824786,-2534.6679579474626,mouse1_slice50,VLMC,275
242273115222799158396337704620371794868,3893.378012085133,-3262.2983500889677,mouse1_slice50,L2/3 IT,120
242423043365980941268563954619890918407,4246.766802936486,-2866.025677794302,mouse1_slice50,L4/5 IT,203
242512352053164719198309980445810496380,5052.177353878696,-2003.5905215983998,mouse1_slice50,L2/3 IT,375
242537180046330102543361350177131230962,4588.84421267623,-1969.6099973634268,mouse1_slice50,L2/3 IT,370
242599214803324271352458672269576794894,4343.967720324134,-2765.0308388420685,mouse1_slice50,L4/5 IT,224
242672293992217987263489363454953556624,4768.613152552747,-3811.4217641361934,mouse1_slice50,L5 ET,22
242714974178345707195888253023320997999,5207.370040668432,-2884.3199489534454,mouse1_slice50,L5 ET,214
242739817030015755836987459247747537740,5170.4940570143035,-2345.8399399703117,mouse1_slice50,L5 ET,323
242831836429864890093820536927870056416,4776.291289096499,-2435.9440895546204,mouse1_slice50,L4/5 IT,303
242890438502805682280887905823744918050,4477.24169074293,-3529.5069783584195,mouse1_slice50,L5 IT,68
242930158179979414377793728312547611225,4033.5316870037136,-3107.9315678048,mouse1_slice50,L2/3 IT,142
24301910935422928278235819864885130883,5302.451286443146,-3465.225567332097,mouse1_slice50,Oligo,77
243039165451797221181184042039723694626,4680.975662016433,-3049.2166061342946,mouse1_slice50,L6 CT,169
243110163639148088365467863095290975420,5098.196748137115,-3425.4240011991096,mouse1_slice50,L6 CT,94
243166653676702005308315527968808271277,4074.2139608771563,-3473.3131884665136,mouse1_slice50,PVM,63
243207153461579160277457239314669060185,3883.1849890109015,-3075.929716900002,mouse1_slice50,L2/3 IT,160
243231692246239935420319262517114174835,4672.782405422884,-2414.7452667313146,mouse1_slice50,L4/5 IT,302
243296333542270795339388472789057707553,5320.517356457561,-3287.0799175735033,mouse1_slice50,L6 IT,116
243361928824143396642563097419624259821,4594.85025605516,-3513.327489392986,mouse1_slice50,L6 IT Car3,69
243772920637472713503574061741733529532,5139.375149827743,-2120.4062121232105,mouse1_slice50,L4/5 IT,351
243867109150728036199633891704755091461,3869.3752555889305,-2833.7214134017822,mouse1_slice50,Micro,199
243912119598928791665707096162470469105,4848.36499855126,-3165.116178816079,mouse1_slice50,L6 CT,151
244012811809029046367428581049437962144,4383.824416181147,-2228.6664359300635,mouse1_slice50,L2/3 IT,330
244190540634113818295234244885095711249,4013.0871764319395,-2875.6609352509117,mouse1_slice50,L2/3 IT,201
244232679568041938357921219512938955457,4125.724877079762,-3093.698275901669,mouse1_slice50,Endo,163
24437704143455627899947146553456351161,5109.280114468746,-2481.467150477895,mouse1_slice50,L5 ET,289
244395566015769667356414013895672232289,4827.972775586032,-3691.6646205114434,mouse1_slice50,Peri,38
244405318041644773562076167353477909458,4957.194718471891,-2245.540921552319,mouse1_slice50,L4/5 IT,336
244625827504251768614672821690212670479,4717.3405376991595,-3578.1108595539617,mouse1_slice50,Sst,51
244664636358761690595724232683694291234,4056.788767821756,-3344.1669213433865,mouse1_slice50,Endo,102
244823747920127755073953614364155990789,4167.75334791159,-3483.798003432959,mouse1_slice50,Peri,64
244938885213564837667268905847531166381,5190.8493954652495,-2503.142605558662,mouse1_slice50,L5/6 NP,290
245006032172971379468641226557790359352,5315.426295873098,-2668.3329634908846,mouse1_slice50,L6 CT,254
245136422712283126702535275219046396445,5281.85662150318,-1878.0498374826532,mouse1_slice50,L2/3 IT,390
24532937870705196536845692362634650251,5064.360710365395,-3510.997384425341,mouse1_slice50,Sst,74
245334794355182897177972886553243718427,5429.176424491953,-2382.4781067926097,mouse1_slice50,L5 IT,310
245467325842623870994411262371598018835,5392.287120477594,-2832.481198361393,mouse1_slice50,L6 CT,216
245506303464549202568900574525656325923,5333.051566660345,-1877.4128101546214,mouse1_slice50,L2/3 IT,390
245643280522646936512011568301670863721,4840.413116630708,-3128.1608157474875,mouse1_slice50,L5 IT,151
245740333727025365534794240634036308970,4495.837310831661,-2698.912746370549,mouse1_slice50,L4/5 IT,245
245768734584446914214188729446796616492,5139.2032362355485,-2006.2790241736427,mouse1_slice50,OPC,376
24586832786719230511356528636889452098,3895.682963619963,-3345.854376590022,mouse1_slice50,Vip,100
245902545510897852076546863941244571789,4440.332770903748,-3870.880607076822,mouse1_slice50,Endo,11
245936789006131169458767499273299679395,4271.648119760832,-3424.189702810457,mouse1_slice50,L4/5 IT,84
245984954750873417695367507021497309678,4359.729370827555,-2694.363142886737,mouse1_slice50,L4/5 IT,243
24600295954941486750475974850547839009,4678.758399421379,-3541.169919500945,mouse1_slice50,L5 ET,70
246086446812415912718115554565410355207,4871.146176133253,-3794.271983281436,mouse1_slice50,L5 ET,23
246283927444982779054357405016626007818,4695.452418437771,-2057.573605413761,mouse1_slice50,Vip,359
246318231456112102588719807114827366549,5128.235278787423,-2681.4474216647063,mouse1_slice50,Pvalb,252
246348973066061777745456660332603448888,4060.8353187391863,-3097.613419916069,mouse1_slice50,PVM,162
246546345046106278401664384917665822433,4234.035403436697,-2837.8143650299526,mouse1_slice50,Lamp5,203
246652689134431164688147290766147821711,4239.516913271239,-3631.6749776466395,mouse1_slice50,PVM,46
246760955577265923629934290723033534518,4487.175221595126,-2201.380777540805,mouse1_slice50,L2/3 IT,331
246830118158900181171646954767416361758,4788.305146724454,-3817.3810577989543,mouse1_slice50,Endo,22
246898790527605406643228895127655696153,4079.7672893070185,-2690.2757977009496,mouse1_slice50,Vip,240
246974460382055650051223989358678729659,4039.2334681875427,-3497.111457963943,mouse1_slice50,SMC,63
247189832195318050958736672919190496552,4497.9714252580525,-2055.151567396309,mouse1_slice50,L2/3 IT,357
24719179995333249692618441640306202410,5175.9575309955835,-3397.728396601964,mouse1_slice50,Pvalb,94
247232021509590393590238845424380438783,4134.255177065249,-3182.4636051746543,mouse1_slice50,L4/5 IT,143
247485897781490507551392494308589701030,3961.5866093706395,-3455.2558285458517,mouse1_slice50,Peri,81
247537975127039002501582029536350101761,4865.643588823195,-3749.1674496870114,mouse1_slice50,L5 IT,23
247602459474158082341906678004497930372,5233.207241832688,-3600.637382565403,mouse1_slice50,L5 ET,57
24761488867578150485815083201852295814,4996.608163697614,-2960.5339244602733,mouse1_slice50,L6 CT,192
247672474625959372437690433261795124747,3929.5446970454836,-2797.07580266236,mouse1_slice50,L2/3 IT,220
247810565163993653292053514033944732342,4483.605609427409,-3164.0834222081053,mouse1_slice50,SMC,147
248005005111144516756520761809261536314,4071.489922723778,-2770.9730319867654,mouse1_slice50,L2/3 IT,221
24805350986174046791183298909094862578,4592.563238377884,-3799.4056208363813,mouse1_slice50,L6 IT Car3,20
248132267570258597678382748154222788039,5131.0381289128045,-3245.27945235069,mouse1_slice50,Pvalb,134
248146818305712656310890488483940930425,5015.781426758454,-1591.1789572697587,mouse1_slice50,VLMC,415
248151723838223272846056044404866191065,3880.874513093436,-3378.244119908107,mouse1_slice50,L2/3 IT,80
248156177371216082504665255143369140407,3983.3445173406976,-2860.2220386456115,mouse1_slice50,L2/3 IT,200
248176466867556158662084279116669803706,4268.879161213751,-2960.640529349174,mouse1_slice50,L4/5 IT,184
248340418219879813172881766654385114188,4771.610758939802,-2902.602403529549,mouse1_slice50,L6 CT,209
248370054881410513936536920317182670885,4451.444157855639,-2334.99606810991,mouse1_slice50,L2/3 IT,315
248388264403674958426068222251790365775,4563.866766973797,-2665.332554535158,mouse1_slice50,Endo,246
248489909484071069238301213150690882907,4395.968611787367,-3446.691877157932,mouse1_slice50,Astro,86
24855054419709643916539938050475000229,5150.43295697262,-3083.2367356885165,mouse1_slice50,L6 CT,174
248597249282460370247282417026057971127,5035.974039491854,-2397.001931398755,mouse1_slice50,L2/3 IT,306
248599689648991388658540809600412112650,3998.5487370317824,-3578.9748405543965,mouse1_slice50,L2/3 IT,43
248651884681033735519681973314262761272,4240.996853315375,-3366.3097883375785,mouse1_slice50,L4/5 IT,104
248675424337312573957106441778100430944,5341.850563819497,-2592.4433198903207,mouse1_slice50,Astro,273
248856473882122064399858835780086916827,4969.286753712092,-2354.5015454201052,mouse1_slice50,L4/5 IT,321
248882042988775469043352465129490698724,5377.055978644095,-2567.9042627543636,mouse1_slice50,Pvalb,274
248977462404048508072057213936611989129,5389.226464360225,-1531.3663284723705,mouse1_slice50,Astro,423
248984141029010454230533233453483750754,5221.13953017742,-2856.943556303938,mouse1_slice50,L6 IT,214
249107598391968666900768472270001407170,5174.258530301654,-2800.614486813888,mouse1_slice50,L6 IT,233
249131881833376982914430301772631720876,5115.970464517093,-2879.720092710548,mouse1_slice50,Sst,213
249416685901278024491957511078563602127,4617.551675914942,-2508.821822019978,mouse1_slice50,L5 IT,283
249590865034876593930863704728456520980,4223.932093661449,-3799.5206950199404,mouse1_slice50,L4/5 IT,16
249677653937878605000144676145079002201,4197.272883326418,-3344.2705941264726,mouse1_slice50,L4/5 IT,104
249777327009286241305273309519864847519,4800.521490159952,-3419.8745618807848,mouse1_slice50,L6 CT,90
249885994443418345850392017383278744487,4618.997713962609,-2795.1197837068353,mouse1_slice50,Oligo,227
249954560861365423672725537322942929552,3843.6307170909945,-3858.1568261830375,mouse1_slice50,VLMC,5
250137743695765190033689656363005093471,4202.931048515372,-2785.8617892872066,mouse1_slice50,L2/3 IT,223
25033819793490159380158010299276948964,4579.049567749922,-3527.7015986459733,mouse1_slice50,L5 IT,69
250417395326535410785332293304225164230,5212.34018718861,-1752.7072733516768,mouse1_slice50,Endo,400
250431336411276775221785699759986041969,4180.189836625043,-3614.682119403155,mouse1_slice50,L2/3 IT,45
250533391173287573518684729908898741407,4774.34313767464,-2985.193322705863,mouse1_slice50,L5/6 NP,190
250614604468139370963450244912545739575,5145.620112123406,-2576.379822090897,mouse1_slice50,Sst,271
250728622192916427275550725930304341459,5425.56119271471,-1788.3238885921637,mouse1_slice50,L2/3 IT,402
250730303321264835439323898152966765754,4859.4913727552575,-3518.043592630075,mouse1_slice50,L6 CT,72
250802555995983050415745808419954516418,4612.889522763608,-3707.8934149583683,mouse1_slice50,L5 IT,35
250840081896112867927265216325476078990,5310.936928247386,-2063.784725947217,mouse1_slice50,Endo,366
250841668429572516494481990838496695245,4499.591189897658,-3794.673199712694,mouse1_slice50,Sst,19
250885675365640166577474659717634554807,5153.476342507188,-3479.232024193648,mouse1_slice50,Astro,75
250890052514090064696083074578150126940,4327.381575255903,-2336.0642894980583,mouse1_slice50,L2/3 IT,314
250947770980180110557841990330544070680,4766.552401302432,-3121.114132760519,mouse1_slice50,L5 ET,150
251087912284045032636828433792778335822,4238.200951237795,-3237.132223913392,mouse1_slice50,Peri,124
25115205143810719350462142851476647314,4876.300166233753,-3030.5483882485923,mouse1_slice50,L6 CT,171
251289450639375330052491307675293591428,4680.638883752001,-3792.4435011102273,mouse1_slice50,Endo,21
25129366543559713317798335733323361624,4343.921100557667,-3541.83487603792,mouse1_slice50,L4/5 IT,66
251311893699085970270989140224246298791,4111.063984206654,-2719.4297421006754,mouse1_slice50,L2/3 IT,241
251376581773490688464509089807618397151,4725.460296386559,-3144.8882466086734,mouse1_slice50,L5/6 NP,149
251419218979514092768976646330882459035,4977.237704027561,-1965.81755888675,mouse1_slice50,L2/3 IT,374
251442854108499607526991094318932521207,4347.582512224761,-3714.29615814822,mouse1_slice50,Sst,32
251488352623926388863286371147603420254,3762.963871061901,-3154.940219555977,mouse1_slice50,Endo,139
251533420772024020908509141381337347391,4900.120862425427,-2331.405837471385,mouse1_slice50,L5 IT,320
251564993225210993268877927732302561255,4972.513588361872,-2080.305213929279,mouse1_slice50,L4/5 IT,362
251747284975851301068931140511466847010,4006.223183621739,-2499.8388087321196,mouse1_slice50,Endo,277
251825425114684460276058279871623692207,4321.724547926044,-3607.189619769952,mouse1_slice50,Micro,47
252088975846868751183534078916855469005,5300.8627065627925,-2820.9002094938687,mouse1_slice50,OPC,235
252096144892239221311100697769238283194,4946.565102576407,-1764.715528520833,mouse1_slice50,L2/3 IT,397
252116504921224928818065923339616197567,5144.9427670534,-1773.5985751251542,mouse1_slice50,Astro,399
252170690609478266675745252467363679032,4920.926344123726,-3691.21701437604,mouse1_slice50,L5 IT,39
252255993231922805624016702577400896003,4130.001753428188,-3817.8176765976627,mouse1_slice50,Astro,15
252264625622565919957457954471883311745,4255.3161235141315,-3058.1902652728536,mouse1_slice50,L4/5 IT,164
252413665714878378444269972177984252763,4587.161518224753,-2524.948162104117,mouse1_slice50,L4/5 IT,283
252426989197858713524767728020855627890,4959.836924797974,-2969.1227614838763,mouse1_slice50,L5 ET,192
252470737404270761970546931457890015278,5414.792913684233,-1785.7792496930708,mouse1_slice50,Peri,402
252555738398232657630097886838219038761,3868.401334822548,-3534.9734856635996,mouse1_slice50,L2/3 IT,61
252696273219947336269515166759878062016,5207.374953975341,-2816.9973799121367,mouse1_slice50,L6 CT,234
252797203559332734668755591355637409460,4192.515093796673,-2421.41546622127,mouse1_slice50,Vip,297
252801331523165786863943615498040780977,5119.873719276719,-3390.0163894100792,mouse1_slice50,L6 CT,94
25289770996910604157731359465980994479,5209.377060119934,-3115.450578619539,mouse1_slice50,Endo,155
252909173554285990170230591032493509020,4034.473327592407,-3563.60338391774,mouse1_slice50,L2/3 IT,44
252955999213627108032678523148016277571,4229.791369830654,-2440.3506671815844,mouse1_slice50,L2/3 IT,297
253139931544042182628110986404644438606,4859.046284544929,-1919.7865683959149,mouse1_slice50,Vip,385
253219918286660293267876246797352506601,5069.8644482563,-1890.6477527383765,mouse1_slice50,L2/3 IT,387
253530239266393775674573999526307905755,5376.344614155915,-3336.429610643618,mouse1_slice50,L6 CT,117
253570602651803623770898244449401098329,3811.996082685471,-3687.9569380005078,mouse1_slice50,PVM,26
253613481799626646877895114276727109095,5415.521421752994,-1959.7514231107014,mouse1_slice50,Endo,379
253760895640865787273253502952278255528,4309.614120934466,-2732.449511512822,mouse1_slice50,L4/5 IT,243
253772377763655930048377726310893354279,4341.846438343717,-3519.096151954504,mouse1_slice50,L5 IT,66
254056719785422009437000932979940554155,5012.29683877894,-2119.2536465518897,mouse1_slice50,L4/5 IT,350
254485401646300724549367821220948932715,4650.657891486461,-1941.6405164833398,mouse1_slice50,L2/3 IT,371
254531815001463226483103885532856849140,5136.0598677740245,-1993.950410830355,mouse1_slice50,OPC,376
254616659948378041227713098635832411093,3778.8783967993954,-3039.3097068619036,mouse1_slice50,L4/5 IT,159
254623786068380760773287148177943622574,4421.049939199505,-2105.699712762144,mouse1_slice50,L2/3 IT,343
254703125027287739261652428714068974314,4391.895347577789,-2691.157397892916,mouse1_slice50,L4/5 IT,244
254799496896529144406822432467435270151,5230.798792517941,-2077.596115647263,mouse1_slice50,Peri,365
254938076942081985367794594088215446345,4561.741046473476,-3503.038231089235,mouse1_slice50,Astro,69
254984945339664914418870720385795312923,4221.670004705452,-2476.6692862422083,mouse1_slice50,L2/3 IT,279
255056484096457483246893866926965182462,5420.991962595259,-2227.5938227233005,mouse1_slice50,Oligo,341
255148736012116488128413279972897611841,5005.096059424293,-3235.549330294863,mouse1_slice50,L6 CT,133
255191530882942499443859461526023481898,5132.4986120079175,-2559.879932893477,mouse1_slice50,L5 IT,271
255200170125539055159973155026768125893,4302.297314625472,-2990.036508811929,mouse1_slice50,L4/5 IT,185
255238669559470077550583545955431207820,4328.703001232008,-3355.6725545366617,mouse1_slice50,L5 IT,105
255256753523326357702160488497120201554,4074.0764339001457,-3509.8589157104066,mouse1_slice50,L4/5 IT,63
255284310481856433379891395649078983255,4349.814452240318,-3515.9568735652065,mouse1_slice50,L5 IT,66
255319129547906650632313833997518829061,4162.953064732327,-3230.6794782141446,mouse1_slice50,L4/5 IT,123
255322208040051425766915460710808753388,4952.353103527386,-1808.1113440007114,mouse1_slice50,L2/3 IT,397
255615504441213635922627805217624202602,3984.463467823123,-3329.7756104182263,mouse1_slice50,Micro,101
255691974655448691902206902346035943304,4352.414428060498,-3057.2753730182767,mouse1_slice50,Endo,165
256001272734162518196235307994554892709,4034.6502330061344,-2426.9449692643784,mouse1_slice50,Lamp5,295
256225141694472730823956396622881139658,4965.515272142862,-3297.3131548712704,mouse1_slice50,L6 CT,112
256505509771725176392364417238242712617,4881.02572986995,-2596.506728033647,mouse1_slice50,Sst,268
256641092942398032882342740079302290631,5024.182031624669,-3420.6744466311625,mouse1_slice50,L6 CT,93
256667632834015189360429396468126921395,5307.433781406634,-2817.5796447258667,mouse1_slice50,OPC,235
256717849138593207733189867685494186285,4716.777813009367,-3399.555177389597,mouse1_slice50,Peri,89
25690312067935436797851430529095731045,5248.637958803564,-3472.141815392471,mouse1_slice50,Oligo,76
256914870052186642253707393891321893349,4238.14004472982,-2563.82750458528,mouse1_slice50,Sst,261
256970017598600057297786742794117500537,4951.100373476466,-1854.2206581043013,mouse1_slice50,Endo,386
257132415861351162266276828374522024844,5308.459807544428,-3103.4382495899563,mouse1_slice50,Sst,156
257148313117145655445905883151239457627,5227.925837466039,-2564.7718557037324,mouse1_slice50,OPC,272
257167863142094904852466080846432022907,4595.111650749417,-2130.9389928089913,mouse1_slice50,L2/3 IT,345
257258274792191751021547713253017358207,5186.140697848198,-2228.961807896068,mouse1_slice50,Oligo,339
257375773635316234254273195886865113712,4831.212541513232,-3502.8734339751654,mouse1_slice50,L6 IT,72
257405241119592480998301058765904409966,5018.50575304125,-1949.742922887348,mouse1_slice50,Oligo,375
257536515736702840477444545853251581921,4269.95522009301,-2588.075130520858,mouse1_slice50,Astro,261
257605778693459187102071064318582120351,4967.4573665991475,-1911.3647894030175,mouse1_slice50,L2/3 IT,386
257624610322384730466530253293726717104,5116.720341296898,-2618.546563255984,mouse1_slice50,L6 CT,271
25788439681710725349924744424132661958,3757.929874672359,-3287.3920094455984,mouse1_slice50,OPC,99
257969625995596887266873555960935940794,5072.60136350673,-2404.3080585893867,mouse1_slice50,Endo,306
257983038205013603462415652969143609307,4058.201427623026,-3378.0072987966273,mouse1_slice50,L4/5 IT,82
258002013954395027122580890389399558730,4796.2958263805385,-2681.482123907203,mouse1_slice50,Endo,248
258154299060284054866204216250804676137,5237.191401511925,-2249.9135873095374,mouse1_slice50,L5 IT,339
258165749640073160110849297625434384990,5442.518811689923,-3318.3536642831455,mouse1_slice50,L6 CT,117
258408483836119252218033814463537543211,4126.970043256353,-2296.6497055429313,mouse1_slice50,SMC,312
258518873603687870757667603642829247105,5053.328319878501,-2333.939779049249,mouse1_slice50,L5 IT,322
258677333593566536202497894701213120992,4325.427333016875,-2267.1788395187136,mouse1_slice50,L2/3 IT,329
258792354555036354427395210532770739183,4381.543127621922,-2717.952580454557,mouse1_slice50,L4/5 IT,244
258924305321828535725723629092278474084,4853.055793176601,-2434.53912517401,mouse1_slice50,L4/5 IT,304
259040989848278068281814311564629143368,4967.180255752574,-2945.87045463183,mouse1_slice50,L6 IT,192
259059841906936535442404084450707156816,4878.274773921013,-2856.820951614191,mouse1_slice50,L6 CT,210
259081610139553183885329636466423232314,4605.190021267592,-2529.6939753796805,mouse1_slice50,L4/5 IT,283
259364304756157202559473539690691530693,4041.073384187314,-3624.6442634273517,mouse1_slice50,L2/3 IT,44
259387535290701197639442974209851793322,4065.7238299823102,-3896.4775451654787,mouse1_slice50,OPC,7
259482519788064459962622517516272594798,5217.949522998118,-3519.7845694776465,mouse1_slice50,L5 IT,76
259530709553628451855015711706154177428,3976.50181598116,-3150.972989906524,mouse1_slice50,Endo,141
259941628059983347723063344564634124219,4647.579155944425,-2255.488766541834,mouse1_slice50,L2/3 IT,333
259996002230123963953050925470057360120,3984.166244642847,-2875.186872152162,mouse1_slice50,L2/3 IT,200
260091372934275855837706633209055206667,5391.397506001218,-3217.881071103522,mouse1_slice50,L6 IT,137
260487463081844479686442999177297818900,4983.013305729852,-1787.5207597355845,mouse1_slice50,L2/3 IT,397
260499690902395988544380085039751467256,3899.5442765629255,-3255.455022061441,mouse1_slice50,L2/3 IT,120
260577020005825482096244519014793827683,4341.310037681628,-3171.805659141966,mouse1_slice50,Peri,145
260596857216380209026017588663623796575,4688.483689685587,-1875.0934701816116,mouse1_slice50,Sncg,383
26072300136831033846078245102967525256,5016.7028010779595,-2970.538135273863,mouse1_slice50,Endo,193
260747326655333663974646633528018065428,4597.094410107368,-1746.1422890206281,mouse1_slice50,VLMC,393
260798845981501648480743399849620292741,4943.921459399219,-2769.646365879335,mouse1_slice50,Endo,231
260958618940883687034859129394656039294,5044.722568105665,-1921.5403523433074,mouse1_slice50,L2/3 IT,387
260998586763033126766968879541286128363,4724.255327672051,-3677.0989346647502,mouse1_slice50,L5/6 NP,36
261152720309007448297973604103576121610,5266.996664052517,-3522.8283745173103,mouse1_slice50,L6 IT,76
26121303167210242649417819738574001023,4575.164093576486,-3579.9713082490334,mouse1_slice50,L5/6 NP,50
261263286942284410031516612927725820170,4753.415232027817,-3604.7654463008985,mouse1_slice50,Oligo,52
261313915814855288738108458287582794744,4539.808974585775,-3508.795115034919,mouse1_slice50,L5 ET,68
261335247650430505606880987070138312175,5310.782206786554,-1482.961228072887,mouse1_slice50,VLMC,422
261400176737277955217600998398763065287,5311.897497815671,-2435.5089533836317,mouse1_slice50,L5/6 NP,309
261476607587186153930203923851133922894,4967.40889406,-2833.166762759037,mouse1_slice50,Oligo,211
261605560369050557975278773818342163899,5145.260768302277,-3467.4373513253254,mouse1_slice50,L6 CT,75
261652614037517018670380287967611154309,4286.965882690607,-2872.664002981755,mouse1_slice50,L4/5 IT,204
261684568127439963435115954830982324244,5305.534578037713,-2389.020973556889,mouse1_slice50,L6 IT,309
261712558462667411485022988835070330906,4703.863928051082,-2454.74815998691,mouse1_slice50,Endo,302
26186433690786817575545776710315993842,4376.3714686861495,-2496.8363237244525,mouse1_slice50,L2/3 IT,281
261885085191889830257363239524173490735,4147.631703318623,-3063.3251908500897,mouse1_slice50,Endo,163
261955623410805458552157988186048745567,4226.618137201551,-3784.0116298326043,mouse1_slice50,L2/3 IT,16
26206964522696174597885534295202291358,5046.121207313973,-2403.76727873307,mouse1_slice50,L5/6 NP,306
262156246026013751745541875642728539724,4074.1494955632597,-3395.9483900155783,mouse1_slice50,Endo,82
262185356901727676859667624701053964397,4126.848789749398,-3870.8860671238626,mouse1_slice50,Endo,8
262261870578613371839758588511064610108,4020.6965672717224,-2952.249276852749,mouse1_slice50,L2/3 IT,182
262365583773435747938949512678760111125,5105.13933077027,-2055.2545123757286,mouse1_slice50,L4/5 IT,364
262469642952090022952746938203740630169,5342.0043955938545,-2341.5613638531963,mouse1_slice50,Endo,325
26249406474856550920722480046987247111,5341.3181744776075,-2767.565177216584,mouse1_slice50,L6 IT,235
262506739300904686754981861782878574659,4560.033173329141,-1990.7509183436903,mouse1_slice50,L2/3 IT,370
262513366284392704051059994100828791627,4596.890794105806,-3272.8167605225503,mouse1_slice50,L6 IT Car3,128
26256028149336013788998903792312097491,3999.279771681511,-2681.3482365598575,mouse1_slice50,L2/3 IT,239
2626387249473878009634533700900985132,4487.9247907360705,-2822.119611267278,mouse1_slice50,Peri,226
262705991403438000237170990739958286256,4421.244328193154,-3769.178567461776,mouse1_slice50,L4/5 IT,18
262707286997386595282481325661058274051,3859.374069854091,-3363.9736398753234,mouse1_slice50,L2/3 IT,100
262810630133348372133589494696142780452,4384.7791113506855,-2524.67210534338,mouse1_slice50,L2/3 IT,281
262812390304395515976854350183327971064,5399.66146155123,-2652.4493934917896,mouse1_slice50,Pvalb,255
262839955849246306869973379229866379100,4807.983678777046,-2864.5688859472807,mouse1_slice50,Endo,209
26286157188496008293797044054560338169,4957.434818530332,-3620.202670873322,mouse1_slice50,L5 IT,54
263020584743489652837042564809497179473,4261.53788226572,-2232.1784686147153,mouse1_slice50,OPC,328
263050539819766790672557163048423832866,4140.156118931751,-2757.903037514244,mouse1_slice50,L2/3 IT,222
263058920978993430714500398157994229506,4526.542601097947,-3562.5707579530113,mouse1_slice50,L5 ET,49
263080570186978023990952423352220212130,4391.732920041466,-2367.560240290181,mouse1_slice50,L2/3 IT,315
263089893791774833628409505156449936414,5220.35445601269,-2451.4243301730025,mouse1_slice50,L6 IT,308
263113253226162866794525824000203181132,4848.702470220225,-3504.720739895684,mouse1_slice50,L6 CT,72
263208287224838660936733348247645378974,3935.2009863158296,-3891.8805055112075,mouse1_slice50,Lamp5,6
263234508297021492453074022842053799354,4241.904840975212,-3293.0674561829233,mouse1_slice50,Astro,104
263254925507523912085850853294650353730,4558.792925462002,-3673.7563813576085,mouse1_slice50,L5 IT,35
26328962053775317813970598589769102084,3986.9846783079133,-2841.7411903181737,mouse1_slice50,L2/3 IT,200
263477203460491729721392026028232074909,5439.325126084763,-2240.3079371543513,mouse1_slice50,L5 IT,341
263577140480852842754482988765395125288,4070.061428537797,-3273.771837017274,mouse1_slice50,L4/5 IT,122
263741322743095206497640159161849325385,5080.514948102094,-3423.23771232361,mouse1_slice50,Peri,93
263992929537335331342744896790883409728,3929.6011099311886,-3754.885106184577,mouse1_slice50,Astro,13
264181770872536449786984413358554662705,5327.264773863199,-3542.89073521924,mouse1_slice50,L5 IT,77
264301394577228427108960414138638738121,3957.9855408032886,-2792.027832492491,mouse1_slice50,L2/3 IT,220
264445019609906964141328401319480085321,4964.486354831676,-2992.9668558486437,mouse1_slice50,L6 CT,192
264525498074360542572315233035240818522,3948.9513046780507,-3348.0398492345817,mouse1_slice50,L2/3 IT,101
264777463268106715554932015035068642091,5314.367486079211,-3037.3527231285184,mouse1_slice50,L6 CT,176
264786303566596559582215132716848054049,4356.115266875235,-3390.2775917501626,mouse1_slice50,Endo,85
264790665723009866430417133254637669023,5396.489881526762,-1724.2484224194336,mouse1_slice50,L2/3 IT,411
265216383865444471104385416017488283264,5342.798139246345,-1987.3670134738315,mouse1_slice50,L4/5 IT,378
265312880875427134089293089244533820479,5051.719962211316,-2822.7167160927015,mouse1_slice50,L6 IT,232
26532497665337066515972465665445778746,3885.0887348982283,-3161.9632731842753,mouse1_slice50,L2/3 IT,140
265451734705510901556475893016390885164,4475.9592788801665,-3595.0057598790286,mouse1_slice50,L4/5 IT,49
265753212203412244017149262881872207488,5226.992401074554,-1931.071691364878,mouse1_slice50,L2/3 IT,377
265893915637461271122619765595869584160,4155.205566816697,-3230.634510072222,mouse1_slice50,L4/5 IT,123
265898121795978774265760484978635703557,5111.818339048339,-2708.522341863718,mouse1_slice50,Lamp5,252
265923019684888939448123941614860976707,4505.262024904736,-2247.894871487198,mouse1_slice50,L2/3 IT,331
265937738737929154624041511120415026154,4830.19316075123,-1632.2087431785992,mouse1_slice50,VLMC,413
266015222806938212336380434823028974878,5010.994185901055,-2047.2124294533364,mouse1_slice50,L2/3 IT,363
266209253946710254560552761673706677529,4119.133802418551,-3500.107426956013,mouse1_slice50,L4/5 IT,64
266240468776394574803203560678894429149,4368.004998067765,-3326.373275201605,mouse1_slice50,L5/6 NP,106
266269876582476839706709180499338932897,5322.722077457664,-3182.8807451186444,mouse1_slice50,Astro,156
266281285962532142577179931462281832890,4520.459907561538,-3496.456410505722,mouse1_slice50,L5 IT,68
266304973024663054344400827310858689312,5019.296953283562,-3223.6191799556123,mouse1_slice50,L6 CT,133
266334558148629442961805645098169190344,4077.9460018668105,-3238.2709225374642,mouse1_slice50,L4/5 IT,122
266362468321944251969341774478647207124,4334.3913639138955,-2435.1559220354093,mouse1_slice50,Endo,298
266814253359749431832062937049348625551,5410.0571717977455,-3024.6601270004526,mouse1_slice50,L4/5 IT,177
266862022451937249509589172754193405261,4753.950887602722,-1669.9102273314008,mouse1_slice50,VLMC,404
266863136020073400684599647641591579357,5430.541858086454,-1634.3509822326128,mouse1_slice50,L2/3 IT,419
266950947697353669349868038075917493778,4461.967304352847,-3670.343024979775,mouse1_slice50,L4/5 IT,34
267132487715520404861427234321040419935,5433.2111180940565,-3000.1550470886145,mouse1_slice50,L6 IT,196
267194125767851671109406001667050359328,4436.322605786177,-2899.1158689625304,mouse1_slice50,L5/6 NP,205
267256085262879978774248893212522964613,4300.021368334566,-2299.925564441899,mouse1_slice50,L2/3 IT,314
267329918867213995362900036261780564117,5097.027403692605,-3521.9516570085398,mouse1_slice50,L6 CT,75
267982373376885475342999886587117811519,5303.412418357955,-2489.761289760468,mouse1_slice50,Endo,291
268085772236976031787318102933101110675,4440.409972723608,-3844.2509398775906,mouse1_slice50,Astro,11
268094147132828120959533134335828954469,4122.158634891568,-3221.5694043326876,mouse1_slice50,Micro,123
2681149072328060831325302187255465994,4783.636356182848,-1998.2625813163872,mouse1_slice50,L2/3 IT,372
268133585462933894604854882292028070336,4067.5019511688374,-2232.759306162507,mouse1_slice50,VLMC,327
268339130741418197785835601128771657239,4369.2779103126695,-2777.631643252066,mouse1_slice50,L4/5 IT,225
268383401237536267189918483481177769435,5302.498739329989,-3490.201417837409,mouse1_slice50,L5/6 NP,77
268433026936347507096352516163194843440,5417.282424746246,-2762.6501288906666,mouse1_slice50,L6 CT,236
268573696509975269370012178464594356149,4306.99891670991,-2915.365843708619,mouse1_slice50,SMC,204
268675715980188136991221840085443058936,4592.457675494162,-2702.76061816312,mouse1_slice50,L5 IT,246
268702476440468597229195090908436288511,4953.704522463736,-3031.6510707477714,mouse1_slice50,L5 ET,172
268900680199497630547097724508233942068,4507.633574094799,-2267.2748777720926,mouse1_slice50,L2/3 IT,331
268940929971757505429345409032193678662,5295.4907403875595,-2269.5735550460445,mouse1_slice50,Oligo,340
269001250244577924130471180673245005096,5030.651683924988,-3256.5755197188773,mouse1_slice50,L6 CT,133
269029782338420348585609473738708893226,5144.021021141314,-3503.9601663104245,mouse1_slice50,L6 CT,75
269149993911692295257411370778529025963,5035.903642545361,-2598.4039994837376,mouse1_slice50,L6 CT,270
269166419737790959198910492593856425798,4990.344507052535,-2138.536101125312,mouse1_slice50,L4/5 IT,349
269286821096047683395320890022963282285,5334.332988601318,-2390.3819851487965,mouse1_slice50,L6 IT,309
269350178522593508582359750244119978678,3945.6119613926753,-3302.144728628579,mouse1_slice50,Endo,101
269424574419718153546969792674900018379,4391.968995686642,-3578.619157038044,mouse1_slice50,L4/5 IT,48
269531226463170631466099401563226291192,3784.2504383474493,-3078.1537478258683,mouse1_slice50,Micro,159
269607585936624699104990991654528388905,5066.400373154063,-2223.2141957862673,mouse1_slice50,L5 ET,337
269637565808794889737225201075711151437,3882.0025679325845,-2704.4234696592616,mouse1_slice50,Lamp5,238
269778481811470817688505875603070050668,4179.539565824982,-3321.3080980924683,mouse1_slice50,L4/5 IT,103
269922893241422443529657014314060695766,4740.112139268619,-3417.2307377222646,mouse1_slice50,Pvalb,90
26995648327062035245602576252545889866,4309.155962248888,-2328.5039056979053,mouse1_slice50,L2/3 IT,314
270094882792562746991041569190640865404,4328.098064893599,-3136.6701346051564,mouse1_slice50,L4/5 IT,145
270150263748861571193935500937066722108,3914.9680144740523,-3243.4667900902755,mouse1_slice50,L2/3 IT,121
270159660547275405979699750236660091482,4176.288289295727,-3426.0601471253985,mouse1_slice50,L4/5 IT,83
27018345936390725270046528769990362558,4229.578331846232,-2751.327168648135,mouse1_slice50,Lamp5,223
270219062805630226006084924021733131063,4539.358775099482,-3526.75405337268,mouse1_slice50,L5 ET,68
270418209926040321099414023074418999951,5336.681461331896,-2072.759251074359,mouse1_slice50,L4/5 IT,366
270535831321073679817064057079063937882,4345.215964930828,-3299.535947808267,mouse1_slice50,L5 IT,105
270585128427936633318778665743603231050,3688.337142651472,-2913.9574379000683,mouse1_slice50,VLMC,197
270838823460469291424128195797244934916,4322.7351901783795,-3002.001869667006,mouse1_slice50,Vip,185
270852377521007988963849122137680194869,3847.2949195016304,-3079.069076998473,mouse1_slice50,L2/3 IT,160
270857224970198738296754577912173055,5391.4080442227705,-2484.4694304516483,mouse1_slice50,Pvalb,292
27085943953448190440231171619730034906,5208.306174019686,-2858.873950024848,mouse1_slice50,L6 IT,214
270864153366348395342466869726953245125,5285.231731550847,-3205.0749325405022,mouse1_slice50,L5 IT,136
271078034034675416098079420229194886984,4040.312458529515,-2884.9994486688033,mouse1_slice50,L2/3 IT,201
271217728709575191558321071336289938072,4954.31514750949,-3582.7174810509614,mouse1_slice50,L6 CT,54
271248208122234762994613273881251664509,4627.7537566091605,-2057.5762396858067,mouse1_slice50,Endo,358
271323427623810101820045189172513538334,4489.589178914927,-2101.4467177863626,mouse1_slice50,Peri,357
271387598770208367718591946467930810862,4194.042518273747,-3417.3177939441352,mouse1_slice50,Endo,84
271555973661006562470339208339163527213,4139.910244645826,-2449.578179371844,mouse1_slice50,Endo,296
27164198192483428083119037269766010045,4572.047103805663,-2781.5768834699415,mouse1_slice50,L5/6 NP,227
271716783377307202264457350826415786387,4483.588997728719,-3221.2370796867312,mouse1_slice50,L5 ET,127
271761832168811135992208200236681240813,4608.669964326468,-1848.3683390382362,mouse1_slice50,Astro,382
271798182826887072915833373962976150053,4612.331273666917,-2419.0538281007316,mouse1_slice50,L4/5 IT,301
271873607027846569771428130386843258049,4142.76807233152,-3027.3631045110824,mouse1_slice50,L4/5 IT,163
271902764838860250967872220894443206933,4151.913362301726,-2512.35963616582,mouse1_slice50,L2/3 IT,278
272008496838966134326415460508787462715,5376.539564474131,-1892.1799397710427,mouse1_slice50,L4/5 IT,391
272036728523817806723094641199458200662,4916.6518804168245,-2074.9304948958215,mouse1_slice50,Micro,362
272104219261991265951755453149182543715,4927.345609134075,-2753.8017260318547,mouse1_slice50,Pvalb,231
27235076320142939777201454485685753284,4917.59112962435,-2419.680072748756,mouse1_slice50,Pvalb,305
272483057807166767226844671163031584350,3746.8596748762507,-3498.1074071187495,mouse1_slice50,Astro,60
272512489602664142080047833073918404725,4638.282428934508,-2875.276572826405,mouse1_slice50,L5 ET,208
272603904616618112966264367040687574331,4236.277588374658,-3202.597597169664,mouse1_slice50,L4/5 IT,124
272703850843569468165518297821728857911,4768.549757322646,-2982.2819621815224,mouse1_slice50,Pvalb,190
272907503406049253692797528669022153360,4847.627227287185,-2271.260416013002,mouse1_slice50,OPC,335
272930050780219941310847038128152882870,4530.207965223074,-2143.849603224193,mouse1_slice50,Endo,344
272948238617469339186265784918145686660,4424.559562614053,-2174.0147552993826,mouse1_slice50,Vip,343
272982678622663705927085518047341582598,4838.896881338421,-2755.5666019888695,mouse1_slice50,L5 IT,230
272996199988559268639614932135838218004,4571.494305567614,-3727.6016104086434,mouse1_slice50,L5 IT,35
273017961845047228692478327279329186151,4027.649097686931,-3522.5791929697575,mouse1_slice50,L4/5 IT,63
273279077118499200360108337824081338672,4991.270643636822,-2076.89569576671,mouse1_slice50,L4/5 IT,362
27335014701078698050288099561034665919,4946.66365360197,-2617.760148779541,mouse1_slice50,L6 CT,269
273507613964489287608158375662699043941,3849.95422992616,-2659.3752205561714,mouse1_slice50,Endo,238
273513843109282804352102185441174146641,5131.169514074563,-3624.6269987355454,mouse1_slice50,L5/6 NP,56
273563748299673577879677377106205408736,5414.102799192224,-2859.168931375364,mouse1_slice50,L6 CT,216
273581048790800710889803730909905423265,5046.9151452753595,-3732.223966415492,mouse1_slice50,Sst,40
273650958459906147806459556086289400694,4332.454668168463,-3839.1814592152637,mouse1_slice50,Endo,10
273671212183346622290445545084474685318,5316.511774742171,-2792.291875481587,mouse1_slice50,L5/6 NP,235
273685243327535519801042854435013500692,4955.313219656879,-2497.0891757429818,mouse1_slice50,L5 ET,287
273688277702317692765831557309729808195,5037.29398444164,-3189.5101125828223,mouse1_slice50,OPC,153
273723089612613906194458708401834420448,4624.097417256584,-2247.815720972771,mouse1_slice50,L2/3 IT,332
273752469798042844746382564812780870768,4201.59763139647,-3047.0178312479466,mouse1_slice50,L4/5 IT,164
27378900167342141795816959569340143718,5034.03391257371,-3653.474263619642,mouse1_slice50,L5 ET,40
273932084070402841418091712290652142274,4875.136554727689,-3308.9981402450535,mouse1_slice50,Astro,111
274101371551891033765624465354598795786,4980.7126969429355,-2427.061277866641,mouse1_slice50,L5 IT,305
274209799779967143040634711696346314824,3973.2200723176584,-2754.970188464984,mouse1_slice50,L2/3 IT,220
274245898515141578553644918741927287113,4155.28386095063,-2751.5582497480405,mouse1_slice50,Endo,222
274412479452275423862137959758523017528,4764.198924510005,-2123.6532350781595,mouse1_slice50,Astro,347
274602026162105903515280482088795480823,4204.593494099735,-2506.894126781049,mouse1_slice50,L2/3 IT,279
27466517342085052320462626029382603688,5300.2377828922745,-2523.8986120512573,mouse1_slice50,Endo,291
274906184032831930433419131495222241441,5235.277460322242,-1734.1749678064436,mouse1_slice50,L2/3 IT,409
275030724322753716457173668080939412644,4823.714134753597,-3427.187778548432,mouse1_slice50,L6 IT,91
27508861729323381954983634956578907124,4216.7020399747835,-2740.8724623924086,mouse1_slice50,Pvalb,223
275530937115904074276590175679860761953,4914.594729564215,-3512.496754226312,mouse1_slice50,L6 CT,73
27563746833986206724443874113924488994,4123.140238688449,-2989.3426746312225,mouse1_slice50,L4/5 IT,183
275754199613295038597858669670913679510,4873.284771525354,-1967.1035727116057,mouse1_slice50,L2/3 IT,373
2758102793355810541703117262052720006,5105.527871312338,-3167.452177196542,mouse1_slice50,L6 IT Car3,154
275878879574505317453648557077588330019,5418.005898448411,-3378.4861530282783,mouse1_slice50,L6 CT,97
276083234474942705872030219017496963456,3765.9316282102677,-2743.69041835264,mouse1_slice50,OPC,218
276235462367214455240728095048789859147,5426.0058338183835,-2744.3728277779237,mouse1_slice50,L6 CT,236
276324227104011655780654119919748863254,4534.401859318314,-2392.4832522558863,mouse1_slice50,Endo,300
276328520180971028159894292041083195210,5298.38705955947,-3598.6568307155844,mouse1_slice50,L5 IT,58
27638264403499565224143349481790624529,4876.521900618029,-2863.92066905624,mouse1_slice50,Micro,210
276569772317067509030644345553555912683,3871.131425958426,-2987.2661052733515,mouse1_slice50,L2/3 IT,180
276602818232631959940308032207302821928,4712.713330866019,-1962.0375651587608,mouse1_slice50,L2/3 IT,371
276634231092493095353139685894960879013,4367.332619695704,-3689.1425139888597,mouse1_slice50,L4/5 IT,33
276819872221217155732645990166792774741,4372.413012014256,-3711.300909364934,mouse1_slice50,L4/5 IT,33
276921074948362416740870218606901906456,4022.97367293659,-2817.661760068476,mouse1_slice50,Vip,221
277147134340022787151582608030431018015,5320.3712855997655,-2273.746764739492,mouse1_slice50,Micro,340
277253438252806181592724589434028256667,5210.140969486539,-3627.428430855184,mouse1_slice50,L5 ET,57
277390731878765980606668007185425779360,4945.345335170403,-3806.1322989216887,mouse1_slice50,L5 IT,24
277490317373818554124311994648482192833,4534.357355647056,-2057.572459261118,mouse1_slice50,L2/3 IT,357
277658330092115990293249642369926906587,5246.572902236939,-2044.5058255480885,mouse1_slice50,Sst,365
27773798485376753274853216521541760098,5202.852714136828,-3322.5082273537155,mouse1_slice50,Peri,115
278067729279590690852774941772889916762,3964.5279834312305,-2747.1175041331726,mouse1_slice50,L2/3 IT,220
278306533163058554386347463428517328262,3843.9753371288066,-2753.896497811297,mouse1_slice50,Astro,219
278352434919535694883769213280126305523,5369.475139596073,-2441.713796277846,mouse1_slice50,L5/6 NP,310
278397679376798127756904986551656303826,4889.153762672387,-3338.188309085172,mouse1_slice50,L6 CT,111
278399841908703361276780928350735527794,3981.3327231057633,-2707.214629042071,mouse1_slice50,L2/3 IT,239
278519943330560132086063333163056020400,5071.656715956105,-3348.9445147220986,mouse1_slice50,L6 CT,113
278688759675084938625700962254755141483,4491.607216891223,-3310.3441720179057,mouse1_slice50,L5 IT,107
27878964393745302684518993057061412234,4159.359689648334,-3719.9747804062504,mouse1_slice50,L2/3 IT,30
279009156995296531101176684095700985525,5046.0277897575,-3426.532776196699,mouse1_slice50,L5 IT,93
279224213807879448694406246530583802973,5136.13875645611,-3113.214500801733,mouse1_slice50,L6 IT,154
27935208788722628681723885254027870864,4739.588959651485,-2244.471130760026,mouse1_slice50,OPC,334
279517512733802263716232121951398272131,4851.995670725379,-2842.396886928063,mouse1_slice50,Endo,210
279979416282968822179318731926486693005,5134.091331305402,-2545.0526671520443,mouse1_slice50,Endo,289
28010360627971040413867749602360184724,4176.618343608975,-2496.9652630995274,mouse1_slice50,L2/3 IT,278
280154603844091336592590460097781263243,4334.7578626744325,-3491.8417610232686,mouse1_slice50,L5 IT,66
280173379144114487925697019509588874026,4330.6554762755595,-2888.626646129053,mouse1_slice50,L4/5 IT,204
280182177185071419725056224141033059270,5237.285533592495,-1671.5768606929178,mouse1_slice50,L2/3 IT,409
280211826590509343125692388674370801804,4297.127947357061,-3316.912064732289,mouse1_slice50,L4/5 IT,105
280259597473038929241813285320361482914,5407.062354674332,-3162.309250800565,mouse1_slice50,L6 IT,157
28031763654964538094200159688645406867,4701.418058986724,-3781.028269858464,mouse1_slice50,L5 IT,21
280503178067119983492246621615607033189,3783.56939557913,-3561.9878736040905,mouse1_slice50,Endo,41
28067970494837839748229934795603092225,3945.544341268436,-2721.6666917837697,mouse1_slice50,L2/3 IT,239
280685043293212127095906424818437994138,3884.4395112144007,-3650.455006234792,mouse1_slice50,L2/3 IT,27
280757302966380149313284641378993599870,3774.5641665186154,-3266.2747101369046,mouse1_slice50,VLMC,119
280799531065188165564913114718390399883,4794.958215643504,-2750.989591150516,mouse1_slice50,L5 ET,229
280825294560597236601337949046722210680,5280.018131490304,-2791.3703072260323,mouse1_slice50,L6 CT,235
280949910209816665364886732718050959691,4016.5762220178726,-3240.257905197468,mouse1_slice50,Sncg,122
2810528343801394890909255403314203182,5241.884327078986,-3198.232034551285,mouse1_slice50,Oligo,135
28107645328554852957466985651762052507,4884.865162696439,-2874.53599065127,mouse1_slice50,Peri,210
281126728873616810857828267497648260358,5050.431959932388,-2524.2118844004967,mouse1_slice50,L6 CT,288
281224719594453263901494715645142493546,4634.127975520802,-2338.7168055613133,mouse1_slice50,L4/5 IT,317
281456461901354474078177290663195037733,5325.206421044546,-2693.6417876214,mouse1_slice50,L6 IT,254
281498143050988294901533599788024128892,5398.745244128508,-2550.5665170595926,mouse1_slice50,Peri,292
281520579154149239914326729233892683864,4224.632923073283,-3391.0176327878303,mouse1_slice50,Astro,84
281718386866940060962558065134368273281,3964.4764850881606,-2839.7111179929348,mouse1_slice50,L2/3 IT,200
28175894632577844196193212828870503561,4673.2500133253925,-3138.3336062360468,mouse1_slice50,Endo,149
281837578865872077687014474022354036047,4306.621283442949,-3258.364444085938,mouse1_slice50,L5/6 NP,125
2819032666694449244551186674170649559,4237.1062528313005,-3319.2805886458145,mouse1_slice50,Peri,104
282107404920588318390467493186979934044,4923.9911738875,-2571.7332438710787,mouse1_slice50,Astro,269
282485899999032841764331233925264113958,4675.919432994011,-2026.481796189669,mouse1_slice50,L2/3 IT,359
282679872179849241258828897663792449187,4241.014356553895,-3695.7359453750387,mouse1_slice50,L4/5 IT,31
282777075779200883047821091665411924236,4582.004421693818,-3254.997769778523,mouse1_slice50,Endo,128
282898310581342190218720034856311289386,4790.3670032685895,-3297.669252494193,mouse1_slice50,L5 ET,110
28297407995708696957634693540514139774,4056.131350921964,-3858.9372486438983,mouse1_slice50,L2/3 IT,7
283038205805952019140643910591092261151,4296.939265056249,-3629.3809400912496,mouse1_slice50,L4/5 IT,47
283235147438301449245196389841716153788,4776.139301842792,-1659.435370566134,mouse1_slice50,VLMC,404
283250111070559202842808521452148960886,4850.7573834885825,-2331.029193091928,mouse1_slice50,L4/5 IT,320
283285266022769970220059589297236510561,4099.22993121964,-3868.4124477220416,mouse1_slice50,Vip,8
283365647712463811098410645903600366397,5123.887611620402,-3451.514524937427,mouse1_slice50,L6 CT,94
283578945518942212403230303409725574086,4976.228985969718,-2680.48704705519,mouse1_slice50,L5 ET,250
283704710124119426630872870950200407450,4856.712908184694,-1909.9162820444017,mouse1_slice50,L2/3 IT,385
283756761938942749131843692270094867212,3946.0662125797485,-3543.820373804451,mouse1_slice50,L2/3 IT,62
284036125205419384407218254915385613389,5378.650923933889,-3320.1280290930945,mouse1_slice50,L6 CT,117
284037218975187793513475951652100449051,4650.204966913986,-3759.9146718339753,mouse1_slice50,L5 IT,21
28426680565323191156215484069420999267,4422.885232077892,-3788.3622592456986,mouse1_slice50,Astro,18
284544957295596105329724527109444940761,4757.659452904684,-2181.600151252631,mouse1_slice50,Sst,347
284582639580979683626268482197759582129,4747.644846637363,-3255.072841722332,mouse1_slice50,L6 IT,130
284605620048474386616827953507882150035,4211.441084602566,-2816.769395772534,mouse1_slice50,SMC,223
28466866115426194139404549998085498718,4701.617106179519,-1944.229582808404,mouse1_slice50,L2/3 IT,371
284757436173891549236613160269278899903,4442.69656828905,-2171.7364623351236,mouse1_slice50,L2/3 IT,343
284773233616140150700566645518825814941,4775.41644597153,-2923.760462665156,mouse1_slice50,L5 IT,190
284857388187082251454954371908595192778,5101.9387650713925,-2954.904314800006,mouse1_slice50,L5/6 NP,194
284955639355253565707418331904027260860,4792.243152964324,-1822.2267419210016,mouse1_slice50,Sst,395
285101511552553507825937195105614475297,4016.9574792800004,-3083.3439181328645,mouse1_slice50,Peri,162
285128723989102893711133732114406473568,4489.01440286128,-3443.1557434627325,mouse1_slice50,Astro,87
285190713687376590388751934006285119551,4691.336486543175,-2753.6062705527406,mouse1_slice50,L5 IT,228
285190784476210480004066246749715558680,5398.03468977558,-3143.4852219562076,mouse1_slice50,Micro,157
285310557097589010317993934413150689842,3857.6814269970555,-3844.7374132434456,mouse1_slice50,VLMC,5
285412931012562282621329420746593185128,4251.502297188667,-2369.583295888308,mouse1_slice50,L2/3 IT,313
285542291054828869801420482045222593047,4963.448808714376,-3726.7636632559465,mouse1_slice50,Pvalb,39
28556120123662856777984156825992541488,4472.708064994988,-2572.017489153565,mouse1_slice50,Endo,264
285603263683389839683037325433426609384,3780.995098838084,-2800.8021139736456,mouse1_slice50,PVM,218
285685291554552766819426550633455050915,4741.229287622947,-2147.2343768908863,mouse1_slice50,Endo,347
28568991677690397873291650200388968698,4137.2041097758,-3165.6332374281014,mouse1_slice50,L4/5 IT,143
285697311798888931935191726803915164987,5321.737820354673,-1757.9955215718403,mouse1_slice50,Peri,401
285701337116509359712896145991968202313,4207.16922831731,-2758.744896991753,mouse1_slice50,L2/3 IT,223
285843013147407027347822065777401296096,4297.947448394543,-3075.338164416408,mouse1_slice50,OPC,165
285869482386669591220661190919097370605,3658.83020160319,-2972.3342749169556,mouse1_slice50,VLMC,178
285909174381122463538595813946406150086,4012.338087902653,-3049.559540731983,mouse1_slice50,L2/3 IT,162
285937421535442060125356438578782974374,5329.201662169638,-2056.976714697934,mouse1_slice50,L4/5 IT,366
286050467231111105355962048953981439260,4206.718070652444,-3691.246629250321,mouse1_slice50,Sst,31
286059391333703719044670283069168437521,4770.749646774641,-2334.2310135382227,mouse1_slice50,L4/5 IT,319
286289504535106616289662030755607211010,5417.854740623595,-3079.3259745561613,mouse1_slice50,L6 IT,177
286342465078279655884603648995944753530,4489.855092403339,-3057.196594167474,mouse1_slice50,Sst,167
286590735254857135393406317824694620392,5102.629827498497,-3605.63561763433,mouse1_slice50,L5/6 NP,56
286609914121166620367320582982096935916,5231.904501241277,-3582.228772715472,mouse1_slice50,L5 ET,57
286791765984659550369993689003573874900,5034.288351095663,-3377.280022667947,mouse1_slice50,L6 CT,93
287004206455762507252668985671892668877,5293.243925404119,-3353.771663318062,mouse1_slice50,L6 CT,116
287073457044344680278062418638192508837,5328.130716330418,-1756.1488481919423,mouse1_slice50,PVM,401
287093236305424610765603370034505732534,4467.0581314618385,-3044.878161491729,mouse1_slice50,L5 IT,167
287163682725323378823426516749430713217,4439.3984722993455,-2440.887215378398,mouse1_slice50,Astro,299
287300892240472326478221208137625604492,5422.770825955341,-2435.110481216062,mouse1_slice50,L6 IT,310
287351866005703445818181198921004278993,4797.044415518275,-2081.6767162099954,mouse1_slice50,L2/3 IT,360
287355014956573993393778998560433863575,4565.78950236987,-1896.2386697986542,mouse1_slice50,Astro,382
28739106073596878778669180062148247612,4285.6833191958995,-2793.062243193525,mouse1_slice50,Peri,224
287432976075566995843902466389595883757,5176.139023177849,-3506.4239757540236,mouse1_slice50,L6 CT,75
28751694384236617342578172053895745354,5004.067820372514,-1618.4152348101452,mouse1_slice50,Endo,415
287560456206448676105491544752053505682,4946.3419670421445,-2237.6478642693896,mouse1_slice50,L5 IT,336
287620455149207775103792491427910421347,5410.283450142299,-1641.3414900506198,mouse1_slice50,L2/3 IT,419
287676319208265404672049415672236793130,4052.1271454084463,-3481.9399233579366,mouse1_slice50,VLMC,63
287802890180128325908518071378594761966,5143.282590733658,-3019.8057787099747,mouse1_slice50,L6 CT,174
287975826642876703911047288789591475705,4659.45589072482,-2906.3602613035646,mouse1_slice50,L5 IT,208
288096151203091949205477890448320545708,4269.5507849861615,-3666.5139220242995,mouse1_slice50,L4/5 IT,31
288249800495611925439316598872848037525,5059.453223546573,-3522.1908591736583,mouse1_slice50,L6 IT Car3,74
288347559418742904692721746174461790231,4318.316972814634,-3051.9026833546473,mouse1_slice50,L4/5 IT,165
288556242824600529448927895916737177123,4085.9324391443347,-2864.6901133601286,mouse1_slice50,Peri,201
288749887918887299746928492877681229403,4122.962724595313,-2492.128414144091,mouse1_slice50,Micro,278
288785537513611234132646430634538637262,4403.809096895218,-3049.500290683883,mouse1_slice50,L4/5 IT,166
288979510079981891654962017926751910621,4682.425839085909,-3728.3849757327334,mouse1_slice50,L5 ET,36
289207735900706019084421383575684865170,4235.13551522542,-3615.6874078801056,mouse1_slice50,L4/5 IT,46
289343122383658514498136765909048820765,5264.930698137265,-2772.653951778667,mouse1_slice50,L6 CT,234
28937714887785532255949098101182192245,5022.846122550602,-3452.8952781917033,mouse1_slice50,Endo,93
289382397480189968180495803025608805591,4453.067056579197,-2858.3296790446448,mouse1_slice50,OPC,205
289387526633711698179023310372201483730,3886.8931864002493,-3428.785049205388,mouse1_slice50,Vip,80
289401196172438129190552085074479265775,4876.219078687212,-2025.1343406718486,mouse1_slice50,Vip,361
289475426922926206316742483362316927016,4491.909608979332,-3221.8609584032247,mouse1_slice50,L5 ET,127
28947558125306342782654158603274760479,4404.034715304782,-3399.6835689085015,mouse1_slice50,L5 IT,86
289507027245274556993489286922644826307,4426.66159314506,-3482.074438466846,mouse1_slice50,L5 IT,67
289599717694676375731180823945312218536,3917.7159833946876,-3602.9658931204826,mouse1_slice50,L2/3 IT,43
289805046658592433774655778663713456852,3839.105716788843,-3841.4073973004406,mouse1_slice50,VLMC,5
28992784470211272700009078752492461864,4385.262523319328,-2333.65907414013,mouse1_slice50,L2/3 IT,315
289976676509918206718848034718443247342,5063.110341518246,-3396.606872048304,mouse1_slice50,OPC,93
290095930497877988798308926118258463079,5393.406711452051,-2340.785661687702,mouse1_slice50,Oligo,326
29017357265684898146476792722386539900,5442.663478269358,-1772.2239851665977,mouse1_slice50,Endo,402
290213033972584748292311437516354026662,3800.3878111542595,-3510.88392410527,mouse1_slice50,Endo,60
290417916867990073532979549126687576116,4691.771709633793,-2319.8441527992554,mouse1_slice50,OPC,318
290426966510838776163747693666301870054,5291.5556686955215,-2868.4278663600658,mouse1_slice50,L5 ET,215
290538786927413253520880297365218490615,4334.737074518484,-3749.606186930448,mouse1_slice50,L4/5 IT,17
290660211374439364063393704191219848491,4882.594710936334,-2268.245321025492,mouse1_slice50,L4/5 IT,335
290689763507718448704379100803571785514,5415.700237607264,-3396.5731428932563,mouse1_slice50,Endo,97
290734455146583036709203480861646599423,5371.207409385964,-2072.780722169576,mouse1_slice50,OPC,367
290840353381456538346015834276065721263,3870.9717820515093,-3758.509850349459,mouse1_slice50,VLMC,12
290921015975431121854532548688950034474,4861.177967683731,-3327.8590873782678,mouse1_slice50,L6 CT,111
291012032665931936655488532830638784826,4740.698028622225,-2430.835227791408,mouse1_slice50,L4/5 IT,303
291073954632244594577986921455396050970,4688.889873401863,-2272.225289288966,mouse1_slice50,L2/3 IT,333
291085725036857863340260953030926706061,4054.419308333235,-3598.5417247291903,mouse1_slice50,L2/3 IT,44
291124175909301336193888274030597283929,4131.624100292864,-3738.9404245287915,mouse1_slice50,L2/3 IT,15
291167878541580720111085331265078320950,5380.794456911633,-3508.942235171076,mouse1_slice50,Oligo,78
291182792185814844391273196287414603755,5201.387168601557,-2176.6778114807034,mouse1_slice50,L5 IT,352
291239305137759791951925808689340502937,3770.4771256096756,-3313.6970246659243,mouse1_slice50,SMC,99
291252615277790760263720159115048773665,4849.435999010981,-1737.328625812703,mouse1_slice50,Vip,405
291298313962288882062630557195546700368,3700.962560197114,-2830.4790532688203,mouse1_slice50,VLMC,197
291355652736096242717551431067645678885,4593.1639494337405,-3352.418767496113,mouse1_slice50,Endo,108
291396113674832057900400026083851220552,4242.380145493836,-3044.078424759365,mouse1_slice50,OPC,164
291555461999285868809677470908983571619,5212.104918649931,-2141.223034053047,mouse1_slice50,L4/5 IT,352
291660058548935402229311462097571587542,4572.320539543778,-2957.2823619802443,mouse1_slice50,L6 IT,188
291688959246406057253376661228179476430,5392.197448939746,-1502.1958035343825,mouse1_slice50,Lamp5,423
291701330163170449149684624380072963905,5012.246930307332,-3133.852043379659,mouse1_slice50,L6 IT Car3,153
291734188121006371521205060951652788097,5134.298067310768,-3013.8188963900784,mouse1_slice50,L6 IT,174
291808328942876871577495855328702604360,5308.935303894204,-2199.5384956532034,mouse1_slice50,Sst,340
291920476814441105898741344889671687956,4680.58443041133,-2444.069015644265,mouse1_slice50,L4/5 IT,302
291969115497564730025962960052495358398,4535.56776087456,-3671.6806180708236,mouse1_slice50,L4/5 IT,34
292011232315990266290854445382242988758,5431.53319972037,-3445.200038896512,mouse1_slice50,Oligo,97
292041221267415814616543848152101003870,5433.352688749421,-2497.42161148732,mouse1_slice50,L6 IT,292
292048788788646368464431368171207208019,5244.67427807155,-2806.698221702983,mouse1_slice50,L5/6 NP,234
292091871078333955989651982556820281362,4192.778245849938,-3518.129236313852,mouse1_slice50,L4/5 IT,65
29214834587495926027035856513503890697,5066.449961804102,-3209.8149000019644,mouse1_slice50,Astro,133
292245543484678990600896923099331809541,4732.505978430696,-3780.2573826217035,mouse1_slice50,Oligo,22
292449149516638789967449234269532643966,5124.457927102362,-3134.936060447663,mouse1_slice50,L6 CT,154
292490070617045832373451305767992737084,3709.172399122251,-3147.6394586790184,mouse1_slice50,Endo,138
292530834538602092211111811294633680809,5398.387044017298,-3545.52978944678,mouse1_slice50,Pvalb,78
292543313084206700419685662824777867134,4606.68477591827,-2857.9085092576815,mouse1_slice50,L5 IT,207
292589574705360931845513116568648500633,5085.6523706092385,-2167.9488794431445,mouse1_slice50,L4/5 IT,350
292702185683694314366225378273721388584,4595.166183697978,-2964.6429732882452,mouse1_slice50,Astro,188
292796406702242371375285325548638008698,4891.38819802132,-2567.6389483871885,mouse1_slice50,Endo,268
292840374164586244860446346558736930045,3742.826421646428,-3242.7379213934696,mouse1_slice50,Astro,119
292859119258431176609848126705670154312,4772.26095955182,-1878.497604908696,mouse1_slice50,L2/3 IT,384
292994935853339306493337106061313698440,3805.486110261064,-3971.8155039290496,mouse1_slice50,Micro,1
292997726491433332387337980614156843230,5333.453827787729,-3043.0688555423353,mouse1_slice50,Oligo,176
293084455030941241275793240513976067519,4505.7624828218995,-1798.9671569645168,mouse1_slice50,VLMC,392
29333328774678975103150929140409693923,3784.7757646746695,-3999.7123931127744,mouse1_slice50,Astro,1
29368668534943345472475124335815349033,4234.206728082087,-3141.3883206909045,mouse1_slice50,L4/5 IT,144
293720763600870689867995992592237710321,4201.541543768165,-2706.133596956011,mouse1_slice50,L2/3 IT,242
293800954752504819391184425463691209672,4802.630090171927,-3061.6079543168453,mouse1_slice50,Pvalb,170
293915232870927125968895133499285926011,5179.1232288498195,-2963.405177347035,mouse1_slice50,L6 CT,194
293918390529609353553298375910037761513,4848.801727979997,-2731.5604402765807,mouse1_slice50,L5 ET,249
293923484203288421590898415747248288807,4665.020420526805,-3753.2299513404655,mouse1_slice50,L5/6 NP,21
293945353968010263963111501403977035298,5335.209294821953,-3362.943561299659,mouse1_slice50,L6 CT,116
293999290843482143396750877509853030488,4655.797445638329,-3801.9131564773675,mouse1_slice50,L5 ET,21
294105624123804698185081775492339351274,5139.446994705364,-3045.228844767676,mouse1_slice50,L6 CT,174
294294635413343287337867510515529700699,4302.584623319032,-2922.9065746397105,mouse1_slice50,SMC,185
294377170599240995999583638047954051457,4168.829450265187,-2635.721548473394,mouse1_slice50,L2/3 IT,260
294431335959517840011881700087904064278,5344.458085815456,-2600.569550762579,mouse1_slice50,Oligo,273
294506292288552979716096341515100614377,3752.741456097261,-2666.0526959475187,mouse1_slice50,VLMC,237
294518933136340462760365342428295471604,4316.833583626617,-2745.682553190555,mouse1_slice50,L4/5 IT,224
294526670439514475204505551949507183135,4376.844347878066,-2966.320440288589,mouse1_slice50,Peri,186
294574909459652815141705886701156508772,4209.6520933890515,-3783.9451455641456,mouse1_slice50,Endo,16
294604851017213715304385904004004847546,5245.390172184482,-3621.733485957094,mouse1_slice50,Astro,57
294713128453284835265569188509776356118,5388.590678550753,-2814.7828925239414,mouse1_slice50,L6 CT,236
294749670332160270181385024748949358700,4869.192962588408,-2223.8843404021572,mouse1_slice50,OPC,335
294813491003833199425648287666538682105,5037.202844117898,-1890.3413298444552,mouse1_slice50,L2/3 IT,387
294821800702651936752488521826665323729,4833.457596060577,-3435.8527620815685,mouse1_slice50,L6 IT,91
294944154380196019066720812045843098127,5155.971898307281,-2430.50177551007,mouse1_slice50,Peri,307
295037749000692520983051304079697010560,4942.932932174272,-3305.3779132135064,mouse1_slice50,L6 CT,112
295109330490819905773982341169423036663,4964.761124178721,-2805.3741848280006,mouse1_slice50,Endo,231
295133360545078097466810123413356098424,4139.33097867499,-3246.450888151729,mouse1_slice50,OPC,123
295141600665383336886462239876964002,4120.89744444654,-3511.8963514940906,mouse1_slice50,L4/5 IT,64
295284199737998646404589156891982124995,4479.3837461252315,-2152.8933507594747,mouse1_slice50,L2/3 IT,344
295293792578091328192881360134717809288,4695.39367390901,-1849.5270331475047,mouse1_slice50,Astro,383
295317948837582638238848170271544236741,4985.0996726207,-3144.9475782160725,mouse1_slice50,L5 IT,152
295340055415995458225464781131532888471,4998.488295244815,-3695.4955486384238,mouse1_slice50,L5 ET,39
295405824309995621865135055338856892624,5418.076895686864,-3023.4376498187985,mouse1_slice50,L4/5 IT,177
295544110030515592498073196933929036883,3944.0514617018957,-3531.157170383096,mouse1_slice50,Endo,62
295600290160793951059666502632024611662,3985.5482362256503,-3075.9896996566627,mouse1_slice50,L2/3 IT,161
295612826343472366861123886877999676972,3994.9770080720577,-2402.9641048404965,mouse1_slice50,VLMC,294
295631463592485520869299039011821051433,5073.742576564259,-1860.9229862074715,mouse1_slice50,Astro,387
295686275876752012573915118115620879707,4851.324117367177,-1945.4521214771046,mouse1_slice50,Peri,373
296097084252264129732412965046926632434,3982.4925034312146,-3319.5642518034733,mouse1_slice50,Vip,101
296279564483557434201895961091896515306,4448.070992011994,-2435.7866540841555,mouse1_slice50,Peri,299
296329591428298353481026936338248956675,5193.4803129707625,-3237.659477132703,mouse1_slice50,L6 IT,135
296349918070123453221553514989626368054,4054.935113035612,-2812.7493677134976,mouse1_slice50,Astro,221
296461767825468194781827377947530071655,5396.323571360231,-3614.4228928456187,mouse1_slice50,Endo,59
296624604018443431974649194757264945132,5440.515516001339,-2893.557517379829,mouse1_slice50,L6 CT,216
29674525047497700311915116509559738672,4120.745075473754,-2592.177194932365,mouse1_slice50,Astro,260
296839585596796825688390052784177543908,5113.994390735994,-1872.502114327381,mouse1_slice50,L2/3 IT,388
296927420650450639669502352571268926975,4795.683674079961,-3256.3145841752826,mouse1_slice50,L6 IT Car3,130
297216878879383288851750935497133674232,5252.308282893949,-2317.1578957452657,mouse1_slice50,Sst,324
297232957338221866863917144220008225735,3973.617447064838,-2725.3891002020464,mouse1_slice50,Astro,239
297249811449804529618196347167709481308,4949.444334213591,-2090.140106189634,mouse1_slice50,L2/3 IT,362
297297354768927553276372660997782875747,5085.3135187343505,-3400.7501277177903,mouse1_slice50,L6 IT,93
29741841877202050917075302422702356853,4534.920285451205,-1782.6319454515813,mouse1_slice50,VLMC,392
297452537882934317256568390595465450814,4918.420850297842,-2175.2654505115843,mouse1_slice50,Pvalb,349
297509220166943962776864103761950081955,4978.866535789212,-2622.81458904261,mouse1_slice50,L6 CT,269
297530587512658730756976734973086718191,5082.897746011943,-1978.7082278672585,mouse1_slice50,L2/3 IT,375
297584393102796616671615551828358592826,5019.137572952551,-2992.5449967946793,mouse1_slice50,L6 CT,193
297682442610965864065404159492702425032,3928.288555781213,-2534.638489103938,mouse1_slice50,Micro,276
29775310950590441136425733896771151462,4656.664694101118,-3663.45622195512,mouse1_slice50,Pvalb,36
297774655361068446318854076771890432941,4482.279595534276,-3657.2485692693785,mouse1_slice50,L5 IT,34
29786166692852435008342836810959756810,4619.139434608382,-2620.577236599664,mouse1_slice50,L4/5 IT,265
298140382180129466413684216589097929232,5174.931414911394,-1691.7750630741198,mouse1_slice50,L2/3 IT,408
298237325326257541714844585731176194176,4677.212666220864,-1825.3864007790912,mouse1_slice50,OPC,394
298239347137548300192557692562294677147,4566.064325528218,-2130.2352589870184,mouse1_slice50,L2/3 IT,345
298471959442459711358720758615929685512,4151.104014850863,-3855.181278252524,mouse1_slice50,L2/3 IT,8
298557634373992847245911112956311566945,4154.649706883217,-2932.7780708157593,mouse1_slice50,L2/3 IT,183
298560724754712891577320601066637821838,4027.167816251071,-3029.79339635779,mouse1_slice50,L2/3 IT,162
298626746814055414694742899588757872754,4760.653018409532,-1855.758433891747,mouse1_slice50,L2/3 IT,384
298744185796351169139432523602288927269,4385.986160377103,-2773.061208418271,mouse1_slice50,Endo,225
298838832035634261563736144656929618847,4839.675907055317,-2685.6828316715023,mouse1_slice50,L5 ET,249
298858099400434801226093302366940648647,4209.715944275494,-3147.1356870794452,mouse1_slice50,L4/5 IT,144
299064431348631932827263291857304224402,4536.272537387728,-2029.8627645453196,mouse1_slice50,L2/3 IT,357
299076060877019122068369691580830877543,4449.194081370552,-2340.3175506285575,mouse1_slice50,L2/3 IT,315
29910797351306599019580248745342714388,4639.237670653722,-3603.7389426797677,mouse1_slice50,L5 ET,51
299208212461667167524820228738276132565,3874.8518895436996,-3050.222132535147,mouse1_slice50,L2/3 IT,160
299322482950695259758527729815098821180,5245.9757504028885,-1709.911273132555,mouse1_slice50,L2/3 IT,409
299579675364052698451626216865472962841,4738.168718327974,-3057.227838867863,mouse1_slice50,Pvalb,170
299689243370286873757557740242470764584,5246.5089746625035,-2940.706368617426,mouse1_slice50,L6 IT,195
299805760280965545689861071016481598455,5327.351772872414,-3147.4999751795153,mouse1_slice50,SMC,156
299877003245530626678768285245870352206,5037.781256462187,-2008.4959988764738,mouse1_slice50,L2/3 IT,375
299896025876829258288328794165822081240,5036.71853742013,-3559.9461305273458,mouse1_slice50,L6 IT,55
299917445789610221023344198803398662077,5020.6631941713995,-2728.707704034063,mouse1_slice50,Vip,251
299945493493757233519050731778320049647,4142.8430256493175,-3612.9778116615857,mouse1_slice50,Endo,45
299978300056647079923966196680340741983,4032.2724932556694,-2730.549705290002,mouse1_slice50,L2/3 IT,240
300054327317167479440966581073035444514,5292.319866967812,-3311.56794762069,mouse1_slice50,L6 CT,116
300134781156664075934110474580191478049,4229.801205288547,-2997.918281969396,mouse1_slice50,L4/5 IT,184
300343916859421949552111843658308715001,5403.546820533945,-2614.280603560544,mouse1_slice50,L5 ET,274
300568424884585728545256251488686292584,3866.3910840191493,-2707.5747210269337,mouse1_slice50,Endo,238
300734899617869113904565731077599076166,4130.766624425642,-2567.8806013351946,mouse1_slice50,L2/3 IT,260
30075158048290758052521727339937425973,4899.897898770113,-1899.5062531270758,mouse1_slice50,L2/3 IT,385
300896006220218861948003103259311132016,4942.445447646094,-2950.6519333347956,mouse1_slice50,Endo,192
300928099507312546152937354353455724604,4987.0235563601,-2970.881171457432,mouse1_slice50,L5/6 NP,192
301235056442899290347681163896820060105,3905.0121750886524,-3586.718291972372,mouse1_slice50,L2/3 IT,42
301371664521379548927222837977408670633,3770.7279711054402,-3195.9555907323656,mouse1_slice50,Astro,119
301373572180622328183479670718868429225,4886.655174861951,-2958.1353778698804,mouse1_slice50,L6 IT,191
301408858446771533498627404621339356242,5241.292999100231,-1883.1103943624792,mouse1_slice50,L2/3 IT,389
301527863277350414341892329984094939784,4803.910224685934,-2263.1332522185853,mouse1_slice50,L4/5 IT,334
301535452633043374025009941994709678381,5308.540747260217,-3228.85965184978,mouse1_slice50,L6 IT,136
301541690444015626604123284755930262395,4023.6712477382775,-3176.8024770351867,mouse1_slice50,L2/3 IT,142
301665402294908927053831964077020879312,4292.145706292414,-3383.0608997144677,mouse1_slice50,L4/5 IT,85
301710539794160425807539208666374666198,4941.77769471445,-2886.002979336549,mouse1_slice50,L6 IT,211
301762333905290312298064319974367157270,4650.947272593063,-1855.1482347375434,mouse1_slice50,Astro,383
301763911348283020309089169989980052765,5438.114125533978,-3144.964390792012,mouse1_slice50,Endo,157
301767819756953289887549522514207001361,4608.368732845633,-2201.466144081215,mouse1_slice50,L2/3 IT,332
301875000971154348219354431743339324782,5065.245641148331,-1952.4321696311856,mouse1_slice50,L2/3 IT,375
302034860684065024215652551021453679392,4302.5828059710475,-2169.4633426956884,mouse1_slice50,Peri,342
302371909674141670771762823283835367868,4522.102050186477,-2486.5509992754364,mouse1_slice50,L2/3 IT,282
302392505312065842984227669999149764171,4898.889813935397,-3792.6091686272425,mouse1_slice50,L5 IT,23
302461791384613072659106386898104383266,4870.945723342554,-3400.0233563830193,mouse1_slice50,L6 CT,91
302664363581987001423841067932857226833,5107.746436022978,-3139.81767303309,mouse1_slice50,OPC,154
302757397228466575724516882793355347398,3838.495930244658,-3851.972749171204,mouse1_slice50,OPC,5
303164733617020267478940986450022112737,4598.162834546236,-2451.5126336757885,mouse1_slice50,Sst,301
303431346046111554987883595090871488696,4646.01872952056,-3124.7918575763824,mouse1_slice50,L5 IT,149
303448278684614476442180067146361017106,4144.767457589936,-3128.957594895598,mouse1_slice50,Pvalb,143
303596985174272598708340701414807530632,4542.573115186838,-3604.03291231236,mouse1_slice50,L5 IT,49
303634369895522994830785886409704155764,5183.234065048838,-3594.165228426436,mouse1_slice50,L5 IT,57
303710976367169354434144367816433026256,4857.982409760273,-3100.194606285469,mouse1_slice50,Sst,151
303899320940499226268727646323121961199,5322.980477365,-2381.1717079484783,mouse1_slice50,Astro,309
304007401602229277771474299461771546346,5106.743531023784,-3298.1853301297315,mouse1_slice50,L6 CT,114
30402638718851878992440171358819598728,4713.00211950978,-3661.0613779736423,mouse1_slice50,L5 ET,36
30419111442959742871502918219838246565,4617.103233556833,-3384.316088769969,mouse1_slice50,Pvalb,88
304234787501892091453007328329457735466,4969.125781087792,-2469.337272410318,mouse1_slice50,L5 ET,287
304303417940143983608686615473356951026,5229.407344277181,-2786.6539744900024,mouse1_slice50,SMC,234
304384338816206816077683744529143206031,4817.202424010166,-2689.0959440800834,mouse1_slice50,L5 IT,248
304407020145371566080003935202840824085,3761.7415798988955,-3473.7094007215132,mouse1_slice50,Endo,60
30441803959624348094889588768977195215,4787.941461772619,-2503.826728940768,mouse1_slice50,OPC,285
304464456051670615398987457263084516530,4876.67451449817,-2901.183405299003,mouse1_slice50,Sst,210
304537786439925001472150117505889393597,3943.6216946809623,-2858.0120341557595,mouse1_slice50,L2/3 IT,200
304546320029623361054615610492894172523,5214.136027527825,-1709.5799262991884,mouse1_slice50,L2/3 IT,409
304548308011182718569445358187190898376,3759.7150944666546,-2678.8329107538602,mouse1_slice50,VLMC,237
30456101139695489841628037843100444781,4102.811819377166,-3060.5307526306688,mouse1_slice50,Endo,163
304699828795295619969028222885016667714,5441.570838090585,-2846.481826624414,mouse1_slice50,L6 CT,216
304794847043339882027486311623445917933,5248.957088007425,-3070.179237060132,mouse1_slice50,L6 CT,175
304805112488095454795060719646394281577,4539.034222642292,-1878.0346000341774,mouse1_slice50,VLMC,381
305230851401230790175945037729786776411,4489.340187246465,-2139.300140265729,mouse1_slice50,L2/3 IT,344
305332606437067785640073659625407358946,5051.995360907416,-3038.5501818270177,mouse1_slice50,Endo,173
305392989280477124908268507137413617671,5422.67061210943,-1881.5888422731612,mouse1_slice50,L2/3 IT,391
305418347378656265181359577707202330550,4403.941376565614,-2310.3816144443003,mouse1_slice50,L2/3 IT,315
305520164983425831317567348109082458289,5153.722414029012,-1533.860817265265,mouse1_slice50,VLMC,420
30564465469398918621758561013850339299,4265.590636506155,-2241.6742191383914,mouse1_slice50,OPC,328
305854109857033872920515019328333888962,4840.567139568341,-3026.9045252193573,mouse1_slice50,Astro,171
305898754230419262852035600841537319492,4757.78441350074,-1978.2320220373451,mouse1_slice50,L2/3 IT,372
305992938988787265072038127886708488528,4397.236636210454,-2716.586789243613,mouse1_slice50,Endo,244
306020601254924488867686139206180379663,4487.032789668583,-2486.0864972859276,mouse1_slice50,L4/5 IT,282
306135254674104986927080640283881222091,3815.2358151702424,-2855.9576693730382,mouse1_slice50,Endo,198
306333004144773985343115242854142439703,4704.058600223898,-2000.6655973874756,mouse1_slice50,PVM,371
306346660193853903333414009052636904893,5105.021335933625,-2798.8324587644347,mouse1_slice50,L6 CT,233
306497615721465426105447075507909101588,4882.941880969217,-3778.1625416564575,mouse1_slice50,L5 ET,23
30649991932312066137495038478735467768,5109.2232535095,-3540.0820164859033,mouse1_slice50,L6 CT,75
306819932334883283244291322877581732292,3858.050129529551,-2729.3012219713296,mouse1_slice50,Sst,238
306963153863075739468955962296135397073,4579.163309094037,-3680.9873929579294,mouse1_slice50,L5 ET,35
306978308624333130990742620962426112617,5079.011676077072,-2421.0208956211645,mouse1_slice50,L5 ET,306
306979000808659406902688647766825492048,4389.291270497686,-3578.152808816616,mouse1_slice50,L4/5 IT,48
307112292030258216926801618289201682135,5114.639937447428,-2929.180751172396,mouse1_slice50,L5/6 NP,194
307251606280543070493698161612483920752,5234.894400845843,-2110.953435687644,mouse1_slice50,L4/5 IT,352
307379159966975957698001876075669748712,5388.279441857779,-2390.433784172122,mouse1_slice50,L5 IT,310
307385043426796219755135511595235450246,3897.995955705112,-3566.0174798824382,mouse1_slice50,L2/3 IT,42
307578697294160893058358485557959703093,5437.004514704238,-2528.1533868346423,mouse1_slice50,Pvalb,292
307854474200163271910729931868702097893,5228.836575320983,-1885.2334536356113,mouse1_slice50,Peri,389
307892950431230526237831122936104762176,4298.411552593584,-2588.4655302613496,mouse1_slice50,Micro,262
308178943353630952405472736921986696675,5424.855186492702,-3472.016368052271,mouse1_slice50,L5/6 NP,78
308261825526698832110612540117054155566,4300.31460695257,-3568.2455621557406,mouse1_slice50,L4/5 IT,47
308357476884266102102529769657580184588,4877.186943669702,-2932.827430656403,mouse1_slice50,L5/6 NP,191
308389956167067545803010676448511929450,5435.347626401088,-1951.2620518493566,mouse1_slice50,Vip,379
308443130563555459236148400300260443016,5162.026248303716,-1987.8897521125216,mouse1_slice50,L2/3 IT,376
30851268161171188732397436954815769636,4072.7591110431326,-2347.114626821426,mouse1_slice50,VLMC,311
308640047535937430184664356878845739483,4717.039105361058,-2319.242865931937,mouse1_slice50,Vip,318
308653787516734210803394793367859927636,5421.304408383662,-2851.276284488346,mouse1_slice50,L6 IT,216
308884379688767041354846169358343060979,4222.713482776764,-3046.064579406749,mouse1_slice50,L4/5 IT,164
308903571677510544246112853210892867198,4698.523428035347,-2254.2572304283312,mouse1_slice50,Lamp5,333
30892011602199098328549435272220997437,4758.593347722301,-3283.402103500224,mouse1_slice50,L5 ET,110
308934374726635883650216482517023997655,4354.124034681697,-2343.784608077887,mouse1_slice50,L2/3 IT,314
308989540681957518830061348794402043612,5379.6913152916295,-3332.207754429998,mouse1_slice50,L6 CT,117
309172886831212497665199898342966275203,3706.8637300096693,-2774.8551096443334,mouse1_slice50,VLMC,217
309274318281068522357537385898756478941,5428.912071745533,-1679.6955017657008,mouse1_slice50,L2/3 IT,411
309390994726615369673677833407016869321,4381.433045460891,-2543.914962343984,mouse1_slice50,L2/3 IT,281
309444594050540718749557905377624126229,4707.307850941177,-2577.76702093358,mouse1_slice50,L5 IT,266
309454276556810215059744247272640164556,4417.607104703855,-3592.907751952299,mouse1_slice50,L4/5 IT,48
30951558490331485117200541136687648302,5177.710029059973,-2780.814066066277,mouse1_slice50,L6 CT,233
309588515985854917473736288166955252691,4067.019917394683,-3870.5362019028116,mouse1_slice50,L2/3 IT,7
309759485370683121495795098454720452751,3864.863119750263,-3051.663306465729,mouse1_slice50,Pvalb,160
3097956688612534549222273955042396088,4967.5316906032685,-2461.3195814906426,mouse1_slice50,L5 ET,305
30981097447667065723119315836315000089,4945.194333777517,-3355.798959788391,mouse1_slice50,Oligo,112
309839076613678744917848663276054965933,4132.308802522208,-2335.909735506141,mouse1_slice50,Astro,312
30993248290128149588434657327024013699,4191.415159378389,-2399.0267904481557,mouse1_slice50,Astro,297
310088350707351713044141633362975013881,4398.644808832475,-2397.4455789364683,mouse1_slice50,L2/3 IT,299
310210778105703626598460024906116687657,5386.603169556297,-3090.6648850719203,mouse1_slice50,Sst,177
310240098786577865043187119300914727547,4065.2606601364632,-3128.63388801374,mouse1_slice50,Endo,142
310658604771768388188616907176000593514,4898.316828139154,-3616.100921831516,mouse1_slice50,L6 CT,53
310753899509657238589356805910947902723,4105.678798589247,-3484.1303810067257,mouse1_slice50,L4/5 IT,64
310777139113648534549558499825191796250,5058.98041086422,-2469.2255668556777,mouse1_slice50,L5 IT,288
310794474279529370086248646840907380898,5442.160613245142,-3588.8820830051845,mouse1_slice50,L4/5 IT,59
310999536924716895366496116999910654699,4377.436123481871,-2396.501087615081,mouse1_slice50,L2/3 IT,299
311033788322327096053073052437443972951,5386.465891882196,-1630.2511747840192,mouse1_slice50,L2/3 IT,419
311055049790659545791478691026045612866,4238.954594796931,-3262.46013537311,mouse1_slice50,L4/5 IT,124
311055107651035232356643149119085799091,5284.218838633194,-3608.4359649533408,mouse1_slice50,Sst,58
311182554525636902161060227405440960025,4918.56850931288,-3131.7904897351614,mouse1_slice50,L6 CT,152
311201643589214281980911616005635659562,3761.823020071617,-2801.3998821147843,mouse1_slice50,Lamp5,218
311330731194369189451864051228369474590,4260.958497215128,-3306.0900546567245,mouse1_slice50,Endo,104
311350275479981800181512078802714106900,4584.1229505915235,-3369.7602992189995,mouse1_slice50,L5 IT,108
311673222517403922615718587780847686566,4746.108542545194,-3410.309386043957,mouse1_slice50,Pvalb,90
311815067743428830479763947676263550425,5328.95072796013,-3355.869254331021,mouse1_slice50,L5 IT,116
31187777156888449305074442727837193145,5211.340396020011,-3476.939053608305,mouse1_slice50,Pvalb,76
31195290404044726837634673149388465467,4170.346963570969,-2704.9125423848536,mouse1_slice50,L2/3 IT,241
31211115247243810398582212878805977343,5338.73022653861,-2095.7548700213715,mouse1_slice50,Micro,366
31216187773945122235535930605928669141,3707.5076588637203,-2792.5948900406243,mouse1_slice50,VLMC,217
312188492681833296796551249892991014643,4467.622021366375,-2231.143680920712,mouse1_slice50,L2/3 IT,331
312219926540677956629916378440581718166,3736.788188226387,-2690.87962180737,mouse1_slice50,VLMC,237
312223181741362243513086384995568348260,4650.942624689252,-2165.4441577190273,mouse1_slice50,Endo,346
312468060211764015386827721894679215149,4727.341241467025,-2602.720366460852,mouse1_slice50,L5 ET,266
31252905070203151062365630603901020099,4931.986086210475,-3069.3169959135475,mouse1_slice50,Sst,172
312628602986422503759470887351809847747,5039.97368116299,-2243.890288711419,mouse1_slice50,Endo,337
312732679723884152085714121451360083963,5103.57438992309,-2630.0451730822747,mouse1_slice50,L6 IT,271
312889437527333831256510616450061193515,4585.229594284697,-2755.9519391229755,mouse1_slice50,L5 IT,227
312923626344571391558770393215627494682,5311.811480079942,-2658.3258197869955,mouse1_slice50,L6 CT,254
313049070041547936784416687744591379273,5207.024577239461,-2655.617277669158,mouse1_slice50,L6 CT,253
313090174651437220322867159995275073600,4948.251116124257,-3702.0004982392866,mouse1_slice50,L5 IT,39
313109930287904099996503199723210259560,4878.282488023238,-2887.8346620986895,mouse1_slice50,L5 ET,210
313201720911843675414859322398582445404,4790.686086117761,-2126.5936201120776,mouse1_slice50,OPC,347
313201904038318954007375951880080983090,4415.516635154032,-3751.3875075603287,mouse1_slice50,L5 ET,18
313459210494639463251921123382356311230,4313.995347335264,-2317.871276236714,mouse1_slice50,L2/3 IT,314
313513520888080967354677858400872053964,4636.022353005625,-3409.4535002559887,mouse1_slice50,L5 IT,88
313547896562653770791461069779903639100,5152.892060193723,-2063.058535433362,mouse1_slice50,L4/5 IT,364
31356706333019235063944968049391552520,4263.067223775842,-2684.132483034352,mouse1_slice50,Vip,242
313752081521516271259161191396197720382,5245.722922439071,-3324.626658115971,mouse1_slice50,Oligo,115
313758903156029129133880484985188196312,4875.056448646617,-3270.3944775005975,mouse1_slice50,L6 CT,131
313770217456411629932695932321775095178,4635.089630954208,-3066.681999799452,mouse1_slice50,L5 IT,168
313780664006931414497142977687392413554,5354.50565531953,-1676.8789232836166,mouse1_slice50,Micro,410
313959042986598934470494321653759247587,4651.75085609521,-2507.631293239742,mouse1_slice50,Sst,284
314075380689569255795007977001515022108,5433.089705291355,-2025.6789338288042,mouse1_slice50,L4/5 IT,367
314257183612545041818918909579271555127,5211.180014452228,-3448.1827145724587,mouse1_slice50,L6 CT,95
314557629210959081733976889652202489555,5406.255320505285,-3447.0334081118212,mouse1_slice50,L5 IT,97
314610796326439765821885772890051195943,5155.676184921623,-3181.334992690917,mouse1_slice50,L6 CT,154
314901266139341220510862666362919106127,4014.036678128373,-3606.804816735678,mouse1_slice50,Endo,44
314925749576977026837427519721173845933,5189.687777759451,-1890.7438336110424,mouse1_slice50,L2/3 IT,389
31500002316269139311842758310139348448,4098.118877941294,-3675.542033140311,mouse1_slice50,L2/3 IT,30
315050194989939873586787426438107744843,4342.205239076737,-2067.020762508357,mouse1_slice50,VLMC,355
315063910797697960213882951230705533046,4116.379643293808,-3539.3274764137036,mouse1_slice50,L4/5 IT,64
315123468372886949294513383353368942585,5111.080439295455,-2474.662230611505,mouse1_slice50,L5 ET,289
315169174312216590578917291566996689894,4776.278902812481,-2880.7851652093514,mouse1_slice50,Endo,209
315399991349956030717428565415334866759,4568.365238623727,-3305.2075090610606,mouse1_slice50,L5 ET,108
315516358443167933285512358211553889027,3818.3447804787197,-3248.2486242686364,mouse1_slice50,Sst,119
315573068050248998692154748813307877822,3867.6212658843847,-3235.374336930064,mouse1_slice50,L2/3 IT,120
315594954164691620481635618685244050728,4652.384351738743,-2717.258162020229,mouse1_slice50,Endo,247
315603458387408158758517451351820101586,4064.4340660269268,-3144.3451739484144,mouse1_slice50,Endo,142
315702332849902612378244452886460629466,4315.760546268095,-2607.050862268063,mouse1_slice50,PVM,262
315845083214525570397685595091310615014,5253.833849285697,-2789.0428583676535,mouse1_slice50,L5 ET,234
315995284400035192116263162600418778491,4914.231516169193,-3490.641052921528,mouse1_slice50,L6 CT,73
316091570557215704463804098686404832693,5333.182522992011,-2576.13909834026,mouse1_slice50,L6 CT,273
316230660457343993967047424446437202124,5230.653420115735,-2876.851020994602,mouse1_slice50,L6 CT,214
316277465248805992448935386311089164949,4839.559159943778,-3601.63500049172,mouse1_slice50,L4/5 IT,53
31643454240108065483809196697217553656,4968.74287295492,-3583.095998696899,mouse1_slice50,L6 CT,54
316573632571100783154515964175810614220,4103.898346568306,-3237.9071273645627,mouse1_slice50,Vip,123
316576545710939216369594957886563798336,3973.588712220476,-2476.0732034113794,mouse1_slice50,VLMC,276
316604349141775200223615600689776006162,5314.793360875115,-1888.4171689535458,mouse1_slice50,Endo,390
316940531981215450818357932099598306732,4884.950702514249,-2792.2081448408853,mouse1_slice50,L6 IT,230
316955433356413310760094421843767080746,5409.687913414187,-2660.4987050964237,mouse1_slice50,L5 ET,255
316980677019592934818096255603922398550,5267.041174289798,-1591.4636792340805,mouse1_slice50,OPC,417
317011020408577230479968209632647720122,4104.012374753717,-2970.2385912924406,mouse1_slice50,Lamp5,183
317023097530068487610875241698811588125,3950.474614915723,-3669.2367764746446,mouse1_slice50,SMC,28
3172925773044529578617908949431744845,5121.820110422668,-2655.424122708518,mouse1_slice50,L6 IT,252
31747305733350682079999331176781517935,5432.3253535460535,-3580.558316279938,mouse1_slice50,L4/5 IT,59
317534203769435172772759844149231721682,4360.213397608691,-2161.505628919744,mouse1_slice50,Vip,342
317684213417857634306383922760832972339,4334.23271402463,-3518.849698368119,mouse1_slice50,Peri,66
317804637553361253671336425701013875137,5025.103956862484,-2499.3723023315347,mouse1_slice50,Sst,288
317830368488346866627381008359942091177,3922.8407886209907,-3326.784562683214,mouse1_slice50,L2/3 IT,101
317941321992158777626225924524857287915,4391.891794059533,-3331.849777881223,mouse1_slice50,L5 IT,106
318016418047238305481979446675909293334,4557.525923711718,-3048.859367393517,mouse1_slice50,L5 IT,168
318212083961545035804502842727867427429,4261.975829828021,-3144.635725893519,mouse1_slice50,L4/5 IT,144
318249282451788959157496120297108178665,4044.4083500124116,-2845.513868164697,mouse1_slice50,L2/3 IT,201
318307519554864034519223704355591510971,5117.531485598941,-3393.971560747426,mouse1_slice50,Astro,94
318337307927217168573610897982980098670,5062.3077307171025,-1567.9980176776937,mouse1_slice50,VLMC,415
318363192350807476820874015862133620773,4570.572071588587,-2237.376802067228,mouse1_slice50,L2/3 IT,332
318422465143878214217635906524809536235,5024.989610584832,-1727.7717076496942,mouse1_slice50,L2/3 IT,407
318495371336953586104443894796033297256,4001.467490673896,-3695.3363898098223,mouse1_slice50,Lamp5,28
318505190281181412941174304091647455926,4489.744326447704,-3271.2806991173557,mouse1_slice50,L5 IT,127
31870238060230497862867100950314612507,5353.643304574895,-1992.1074604023909,mouse1_slice50,OPC,378
318792671182283586260390839632704146789,5143.791182866667,-3301.4104759549678,mouse1_slice50,Oligo,114
318916309336691471278715941696816083746,4778.0171038614435,-1715.2811030928544,mouse1_slice50,VLMC,404
319249315972164732406010217352688971466,5124.119033437973,-2952.2441192881497,mouse1_slice50,L6 CT,194
319476077643842488757656292485925301483,4484.319502906246,-2261.509322865984,mouse1_slice50,L2/3 IT,331
319487548314855620482772570267439032925,4981.788621417734,-3334.594070769599,mouse1_slice50,Endo,112
319874613008383454438878200955923727827,4494.652032547086,-2967.902207507398,mouse1_slice50,Lamp5,187
319897019900019587789937767794814147563,5264.330971572868,-1493.3450912517035,mouse1_slice50,VLMC,421
320006507451111303691289940459921788406,4424.833547844076,-3324.9586683777675,mouse1_slice50,L5 IT,106
320063166893321119084936091144335976914,4749.289068069125,-2788.781927678941,mouse1_slice50,Lamp5,229
320172137965255231535979562921910584126,4290.506127108786,-2773.1510874440796,mouse1_slice50,Endo,224
320216916350253433547542052889889035493,4460.6312603304705,-3235.229875494305,mouse1_slice50,L5 ET,127
320346160518300421190005591092198193054,5407.062108334039,-3134.3359858584276,mouse1_slice50,L6 IT,157
320352496599746833625030434283747965394,4975.12056044557,-3364.2334523380077,mouse1_slice50,Peri,112
320436281583539023775971455521035393434,5144.319929632366,-3095.855957247194,mouse1_slice50,Lamp5,174
320441263060659624833297526969188659611,3845.26204057112,-3974.2232018068185,mouse1_slice50,Astro,2
320454851274380307788268855060697606087,5383.991677437328,-2223.242252367438,mouse1_slice50,L5 ET,341
320486187229120575581152850295791069015,4069.7771315007526,-2587.3621800881715,mouse1_slice50,L2/3 IT,259
320487553533726706766051393348848472219,4986.3768668881885,-3704.845836260618,mouse1_slice50,L5 ET,39
320574005265487253024847309670954418063,4794.850746755963,-3727.111419722444,mouse1_slice50,L5 ET,37
32080288945540461163094291284245815131,3804.296172935044,-3269.592680912508,mouse1_slice50,L2/3 IT,119
320888984898844340000719740474694918909,3874.0645286322174,-3418.439959854683,mouse1_slice50,L2/3 IT,80
320917520884644524740830905510509046352,5141.079691612935,-3564.017357528609,mouse1_slice50,L5 ET,56
321020261052672216364997929920046585857,4395.348246578277,-3782.726877522989,mouse1_slice50,L4/5 IT,18
32132173007113805268300036360149878777,4580.181259795683,-3456.9503457193964,mouse1_slice50,L6 CT,88
321405396412410366026830762505450940462,4537.341329961073,-2428.8048805784006,mouse1_slice50,L2/3 IT,300
321670291181375887888849487745453784611,4921.2177275061795,-2959.364993483693,mouse1_slice50,L6 IT,192
321750843039354448547988162431322497224,5424.985256878029,-3160.2840080896494,mouse1_slice50,L6 CT,157
321904043773667953741930894473922679657,5007.174659424291,-3237.4037897356598,mouse1_slice50,L6 CT,133
32209903254951173941393365186683949305,4158.489442259182,-2840.7338097307497,mouse1_slice50,L2/3 IT,202
322120815124313545723217559574299309180,3936.2620875734606,-3400.859592479588,mouse1_slice50,L2/3 IT,81
322170954556784077948712453166213284945,4940.286676984732,-3501.768956907585,mouse1_slice50,Endo,73
322260454034433225220522397183495971410,4530.317787104044,-1977.9902131668928,mouse1_slice50,L2/3 IT,369
322454473907844694895633224900768982635,5362.693744915904,-3149.349615573734,mouse1_slice50,L6 IT,157
32250544322183458661870205085943212598,5081.143432056177,-1763.4837471025191,mouse1_slice50,Endo,398
322720017687137435253648301881292073703,4940.490959939282,-3785.4031273656024,mouse1_slice50,Sst,24
322819546553275779136260215350983624820,4796.015581750716,-2987.006070409118,mouse1_slice50,L5/6 NP,190
322858185923341934726134977889663967972,4888.4576882976335,-1842.6882677926603,mouse1_slice50,L2/3 IT,385
323025506300633908494349227532710475501,4881.660495216747,-2419.5334084299734,mouse1_slice50,L4/5 IT,304
323356801235808005931942191411986786120,5142.831262790673,-1740.9836565019707,mouse1_slice50,L2/3 IT,408
323473010901051900382925458211758516788,4225.986822260747,-3427.4004544185714,mouse1_slice50,L4/5 IT,84
323479886158567209504125668567765433473,4690.897776484219,-3714.470999155469,mouse1_slice50,Pvalb,36
32361680079831708014295752060101704434,4049.4601277723496,-2702.7318796344816,mouse1_slice50,Astro,240
323965300532920958192652192952930384449,4290.990231606104,-2587.2590314911727,mouse1_slice50,Endo,262
323988595127200135005341966653097969703,4864.90384221736,-3127.806233344717,mouse1_slice50,L6 CT,151
323992757908620253475632419212656870260,5373.55687733514,-2151.8464307639083,mouse1_slice50,L2/3 IT,354
324109388891157703882723241120860679186,4548.059410206944,-1876.217484670522,mouse1_slice50,VLMC,382
32413979528273157240412712548737461390,5345.28751140859,-2090.8675857395965,mouse1_slice50,Micro,366
324389328945279955741012189265264447862,5246.01736470267,-3130.2782683036685,mouse1_slice50,L6 IT,155
324469615723027345805448913684726947594,3964.53583466453,-2577.5162192232306,mouse1_slice50,Sst,258
324479876970119230529744421886821421851,4440.397670327235,-2509.407556460057,mouse1_slice50,L2/3 IT,281
324656142509205081150964576777915457565,4583.735759983877,-2402.046424963093,mouse1_slice50,Pvalb,301
324845008708937165675675685920038244315,5137.7094975538075,-2334.443892820401,mouse1_slice50,L5 IT,323
32485689600347917795441678286085371191,5323.048699240481,-3238.991872554287,mouse1_slice50,Astro,136
324917029215228031422731649876050373715,4860.796089678325,-3279.0935403539747,mouse1_slice50,L5 IT,131
324979811454883837486226829957301671383,4009.312054509194,-3495.0652243953036,mouse1_slice50,L2/3 IT,63
325095820891238775081969339400757315064,5314.410174699299,-2639.487336922199,mouse1_slice50,OPC,273
325097850881635743359117340912340575536,4505.634543234175,-3087.5627142872186,mouse1_slice50,SMC,167
325159494428347531100719903862696109416,4561.0083314985295,-2419.3726177212925,mouse1_slice50,L2/3 IT,301
325176712638306543397161034444498045346,5441.73173285022,-1900.4330591671555,mouse1_slice50,L4/5 IT,391
32529837457340412016088023916564572365,5136.5197955233425,-1959.34205049871,mouse1_slice50,Astro,376
325589872935501156044661819393288139707,5286.594871063594,-2169.5716275978352,mouse1_slice50,L4/5 IT,353
325769396487629197216855454824542533413,4655.748472130373,-2686.716702664419,mouse1_slice50,Sst,247
325799600778901120849912408283178698879,4482.677952520442,-3030.9626580669715,mouse1_slice50,L5 ET,167
32605632250473291914599906714144867621,5249.604302156134,-1783.8432510029254,mouse1_slice50,OPC,400
326273497284817873066557298660941713343,3979.807123620713,-3271.4948653556826,mouse1_slice50,Pvalb,121
326497703193587419597696026707875019940,5320.492783066276,-3045.1487901917535,mouse1_slice50,L6 IT,176
326651909575624533075805489094112321345,5034.797096005254,-2440.978548716205,mouse1_slice50,Pvalb,306
326760582360418790084712180229730039600,4598.605103731404,-2011.0377544586838,mouse1_slice50,L2/3 IT,370
326872599324240102909348559460908413430,3950.256213109887,-3641.12703075666,mouse1_slice50,L2/3 IT,43
326916784874011592373110702193472733445,4510.717124905347,-3417.184155844873,mouse1_slice50,L5 IT,87
327065954644307808396564633029479389192,4872.966592166301,-3038.47635669298,mouse1_slice50,L5/6 NP,171
327086052338970522794865936917452690129,3814.759884347378,-3433.9427903613237,mouse1_slice50,VLMC,79
327273330690814167938924471423064092550,5368.88859544867,-3238.401973637915,mouse1_slice50,Oligo,137
327965834966462057166383841446182322287,4319.175358610289,-3032.810805754994,mouse1_slice50,L4/5 IT,165
328062427544790777424625981320246958146,3793.075522201861,-2914.7330036211215,mouse1_slice50,Vip,198
328136444898632080377460848527792141396,4974.4089288917185,-2503.8003591849024,mouse1_slice50,Oligo,287
328137112860400784324348071461369743735,3948.6113375236323,-3270.0409137728225,mouse1_slice50,L2/3 IT,121
328247126289966186349562146070428413235,5356.511668035381,-2865.034265190007,mouse1_slice50,Endo,215
328258222753368164277302103448531068273,3797.7959506014226,-3629.7446812520425,mouse1_slice50,Endo,41
328430359376885659634914294317036115384,4747.903567727838,-2178.691013498922,mouse1_slice50,L2/3 IT,347
328431251919596143179830554700612166676,4489.257326544483,-2784.551191452258,mouse1_slice50,L4/5 IT,226
32847611338579908433104344453801968525,4667.832935260452,-1850.7696368741313,mouse1_slice50,Endo,383
328632852968714407736895466685624524601,4588.760680834991,-2905.528262053627,mouse1_slice50,L5 ET,207
328702738589290794391086459068111122296,5420.523717203411,-3345.6903514499977,mouse1_slice50,SMC,117
328742395005917596052127732797962532548,4860.5316737601415,-3399.23648862859,mouse1_slice50,L6 IT,91
328771595223177814881967966055139728883,5142.003933511494,-2758.997381809182,mouse1_slice50,L6 IT,233
328794480950210952918827086838865771107,4045.112397360087,-2863.2781399494816,mouse1_slice50,L2/3 IT,201
328801478963329441057575677487221487135,4412.635186067522,-1862.1209622044496,mouse1_slice50,VLMC,380
328920488379253926442796327607157760227,4068.6271364545178,-2667.0604397900825,mouse1_slice50,L2/3 IT,240
328944211284959441393787951080407015236,3929.5121117401677,-2988.1620631704322,mouse1_slice50,L2/3 IT,181
328958120264981873694222123444631325536,4929.988784156937,-3339.2517367315004,mouse1_slice50,Astro,112
328993035838599907448719384993318749133,4269.087724544518,-3593.6742593574027,mouse1_slice50,L4/5 IT,46
329204442395867140668637058943592292471,4863.024032227116,-2324.5673441643985,mouse1_slice50,L4/5 IT,320
329230521432384234152220887009136429133,3776.7425504849393,-2908.5979994288928,mouse1_slice50,Endo,198
329305303811822545498181414106991514688,4491.289539809816,-3771.0465500412224,mouse1_slice50,L6 IT Car3,19
329396310467292468303910374934942070682,3785.2786616282683,-3516.777760487483,mouse1_slice50,Lamp5,60
329437879853134165621284851553148489923,4971.736870234743,-2956.5401018974967,mouse1_slice50,L6 IT,192
329544511082009062512498310763557609763,5396.413976906226,-3557.630463542384,mouse1_slice50,L5 IT,59
329569727010453811038899287368951521908,5247.560869938781,-3039.9057123673288,mouse1_slice50,L6 CT,175
329892703231036891065775369711399557155,4967.791921211318,-2129.1243668917773,mouse1_slice50,Astro,349
329938696822994496467860909899540547261,5341.876378168034,-2723.6839054262696,mouse1_slice50,L6 CT,254
330143282133492407850611536024076501229,4241.201268806369,-3003.16566037336,mouse1_slice50,L4/5 IT,184
330174761225682026986214557368169707793,4346.050740643946,-2819.3133257908125,mouse1_slice50,L4/5 IT,224
330247913268898091267677273537589496632,3950.225670985008,-2949.51437755261,mouse1_slice50,L2/3 IT,181
330273084430442559627955937251902656939,4247.7440330343525,-3695.8683820712495,mouse1_slice50,L4/5 IT,31
330299712135454867966962821750458660374,5424.082103822148,-2472.537548123091,mouse1_slice50,L5/6 NP,292
330377408358059363689532540953920238412,4860.378116702711,-2386.2007155294596,mouse1_slice50,Astro,304
330433784444463300614118559364805976266,4446.836867813418,-1850.2464530794148,mouse1_slice50,VLMC,380
330467348614542586733764733768417941974,5301.428620861961,-2728.662370356315,mouse1_slice50,L6 IT,254
330647656899991482525139806464133169756,4606.221144493478,-3216.234253465209,mouse1_slice50,Sst,128
330699029502306010513910278369294247185,5340.073556123293,-1730.230068553829,mouse1_slice50,Astro,410
330732869348987914784341108868120678937,4422.832542454155,-3346.3020331740836,mouse1_slice50,L5 IT,106
330740734280589600802138405927303963984,4315.75866255853,-3393.839480268119,mouse1_slice50,L4/5 IT,85
330899555868198531174964596020165457636,4846.528085269253,-2107.8287000671207,mouse1_slice50,L2/3 IT,348
33112120014918058977539853806499033282,4873.037428585257,-1810.501705809793,mouse1_slice50,L2/3 IT,396
33112744015303394698882667975529006658,5205.7136052927,-3360.2611531817624,mouse1_slice50,Oligo,115
331394818707225419581456265427646733224,4881.75529370992,-1643.440599189916,mouse1_slice50,VLMC,413
33141863410388909065802648449144401436,3851.167400503931,-2812.8830452504153,mouse1_slice50,Peri,219
331428573995583582451551598071411651099,4236.885086978539,-2640.590134496852,mouse1_slice50,L2/3 IT,261
331513119874718902260048185660830526454,4702.412296452729,-2706.8352432415227,mouse1_slice50,L5 IT,247
331577154287694990238217679830535951296,4075.5142431193017,-2341.9071490179253,mouse1_slice50,VLMC,311
331633375842678520825581271462562607537,4020.965624282157,-3222.6189767999103,mouse1_slice50,Lamp5,122
33166114168583182681174519809116681527,4738.643538118869,-3316.1434629057103,mouse1_slice50,L6 IT,110
331804677351302687813030763749029575814,5368.615235866642,-2791.994947372516,mouse1_slice50,Lamp5,236
331843859442477440595881606280855363171,5332.553602911584,-1958.8392942239843,mouse1_slice50,L4/5 IT,378
331849943619963725327926947693018184620,5061.413201299635,-1730.1659300095982,mouse1_slice50,L2/3 IT,407
331922417434676292844945429864133854186,4947.035520487766,-2300.2408979373963,mouse1_slice50,L5 IT,321
332102913834345522449600137753577787328,3866.015007953851,-3737.949229638747,mouse1_slice50,VLMC,12
332152173340602811528349291735501652132,5014.860573620237,-2890.3387982040117,mouse1_slice50,L6 CT,212
332208464942581156577778916408272794893,5144.702788153373,-2650.8839938510996,mouse1_slice50,Sst,252
332285504202232408926947034601651706022,4356.5224780375165,-3621.6123519177636,mouse1_slice50,Sst,47
332337646053191567490842692056351859358,3841.0102364584372,-3249.899145409416,mouse1_slice50,L2/3 IT,120
332455410190588735597781502260660935037,4865.523193286994,-3481.0108107280685,mouse1_slice50,L5 ET,72
332459251094214587756841296293109553315,4963.4409773340285,-2707.219584554902,mouse1_slice50,Pvalb,250
332499412941033637315603226964606822933,5381.634373220275,-1676.6258659019372,mouse1_slice50,L2/3 IT,411
332578098701222215279612881731302876140,5383.890288173379,-3303.9166887470215,mouse1_slice50,Sst,117
33260383032633677065157851324497170665,4461.610713228502,-3066.7865681535723,mouse1_slice50,Sst,167
332642175621178530244342730798538795085,4751.743861957472,-3613.376658384549,mouse1_slice50,Lamp5,52
332650731721463771598062540419355388820,5294.879479265282,-2802.895686673568,mouse1_slice50,L6 CT,235
333347415516000948239136097073747629148,4442.438897562091,-2397.4428254958666,mouse1_slice50,Endo,299
333412264857235383633576886799791864019,4433.614251498359,-3018.4138074814514,mouse1_slice50,L5 ET,166
33354070082165499090249497063876894564,5315.781391135693,-3024.3832021782478,mouse1_slice50,Astro,176
334209531672120660812875952350086382735,4022.946528654488,-3496.836867298985,mouse1_slice50,SMC,63
334251161003811280904711009226813039135,4711.188013459155,-3307.2946344963016,mouse1_slice50,Sst,109
334338110128769596475926339391230517675,3948.89954704695,-3051.751328150276,mouse1_slice50,L2/3 IT,161
334409099218781962214495712635236901589,4517.752963496376,-2903.335133452195,mouse1_slice50,Oligo,206
334468224133640703812139607423465622015,4567.684334885895,-2989.3451984785174,mouse1_slice50,Astro,188
334554115505730191249755977679690899951,5045.930238245409,-2958.4202039701513,mouse1_slice50,L6 CT,193
334568166890995509433503586443262352428,5383.052437704259,-3199.713848446555,mouse1_slice50,L5 IT,137
334698906494976594394505671292622692956,4829.546187247819,-2159.3768226933607,mouse1_slice50,L2/3 IT,348
334913339830221930432983151608707534643,5242.209772923416,-1494.0125132361566,mouse1_slice50,Astro,421
334915228304538539231331105894250984358,4212.5643709527685,-3219.691782849353,mouse1_slice50,L4/5 IT,124
334952709754252753371888849065341894557,4253.1679475607625,-2789.7982772416885,mouse1_slice50,Endo,223
335022570506749879853234620150404694050,4922.184287001389,-2814.9003750953443,mouse1_slice50,L6 CT,231
335162525492296124596607587443329770966,5328.106567310906,-3451.2254744066595,mouse1_slice50,Endo,96
335181244184370192262511940757650883502,4452.565297871165,-2958.3427744620503,mouse1_slice50,L4/5 IT,186
335286234287213546466113283402672189998,5423.739168980324,-2267.698990546301,mouse1_slice50,L5 IT,341
335469249810829072842345205403075866410,4059.6487569383194,-2702.099882039756,mouse1_slice50,L2/3 IT,240
335480852102711146748718048869773250837,5096.53751799633,-2700.7711118143966,mouse1_slice50,Sst,252
335493349365252273128144426273206022263,4516.518552093661,-3658.6402921437802,mouse1_slice50,L5 IT,34
335621410636869919515921628770220309768,4197.948376839175,-3670.4892732808185,mouse1_slice50,L2/3 IT,31
335643138351435797935472376112297181384,5113.02332781513,-3252.9086467748043,mouse1_slice50,L5 IT,134
335730569340152719494405333294344136944,5389.297549914818,-3120.2585495077583,mouse1_slice50,Oligo,157
335840450646540589042342100940220029678,4483.632439976877,-3104.5236856906554,mouse1_slice50,Lamp5,147
335901127215538133730447889436913329038,4960.8660443842355,-1660.6242958984387,mouse1_slice50,Oligo,406
336086475285898214960412737445807490913,4175.676169858466,-3309.1182160194285,mouse1_slice50,OPC,103
336260708379898324527988103186318298108,5274.772456196512,-1972.5456431553555,mouse1_slice50,L4/5 IT,378
33626765581044283242839941084673217412,4419.239227094283,-3330.0286191448554,mouse1_slice50,L5 IT,106
336285881260141128369814322332029672798,5305.681548638187,-2712.5328999882645,mouse1_slice50,Oligo,254
336317631400130462227964606507193904318,4746.370899205135,-1954.7554775134074,mouse1_slice50,L2/3 IT,372
336405384473915589986989166408616782592,3847.1012377157713,-2858.9852629450866,mouse1_slice50,Endo,199
336471835436326773387109313833349686589,4347.145912794608,-2603.3531593123844,mouse1_slice50,L2/3 IT,262
336483046324212948647988689901319333121,4933.579183027541,-3454.7550132464353,mouse1_slice50,Oligo,92
336553787442607144480749440039331203692,4326.588003486342,-3246.2396874491133,mouse1_slice50,L5 IT,125
33661859126410898898945582818456453583,4946.529160587503,-3576.5969355690927,mouse1_slice50,L6 CT,54
336626753032345465833436379530666840984,4297.129146419511,-3508.74856215147,mouse1_slice50,L4/5 IT,66
336671169786451420940602700006093768043,4586.716493055107,-2421.720819882798,mouse1_slice50,Endo,301
336771711697887610349523986795996368120,4797.038346209103,-3150.3958541978136,mouse1_slice50,L5 ET,150
336798555642535270257382824589874792385,3994.87415055645,-3054.4148594846197,mouse1_slice50,Endo,161
336831717341111978320424782115771440289,4537.67401203231,-2759.174708488933,mouse1_slice50,L4/5 IT,226
336942917503944714523653208161183040214,4925.43524742365,-3264.9769483288733,mouse1_slice50,L6 CT,132
336968071145720520410634249777962625153,4040.541535975078,-2712.6512756539187,mouse1_slice50,Micro,240
336970070930109674294125764299078444905,4589.79356332446,-3239.543397098264,mouse1_slice50,L6 IT,128
337002778753364237732145551205987164738,4380.605405003024,-3597.619537101429,mouse1_slice50,L4/5 IT,48
337052590744939835955871219400362885783,4665.2393053263895,-3313.260820133678,mouse1_slice50,Astro,109
33715225581071570569645900486125371368,4519.547722219316,-2327.4891541036836,mouse1_slice50,L2/3 IT,316
337241050534269143030577283022501833230,5220.115372809481,-2343.083847327475,mouse1_slice50,OPC,324
33755780077342305666723224363365679770,5303.841214971135,-2687.9355913189597,mouse1_slice50,L6 CT,254
337571029875769301777104816773112431906,5246.152512223295,-2563.2606836228065,mouse1_slice50,L6 IT,272
337719177281481371751593227545547160477,3785.9491863598196,-2750.6892822693458,mouse1_slice50,Micro,218
337818924971453587796487957280246108963,4759.558354721632,-2664.8097323364486,mouse1_slice50,L5 IT,248
337844204118779704889884473160743730656,4764.969401726019,-1768.817377998761,mouse1_slice50,Astro,395
338131349991531604857719975099686844702,5070.136012667213,-2032.698780374583,mouse1_slice50,L4/5 IT,363
338222998020180358382562683706219222716,5405.810927324997,-3506.7994542390074,mouse1_slice50,L4/5 IT,78
338231797585771712105627035705914062498,4675.847131760606,-1896.8066857412957,mouse1_slice50,L2/3 IT,383
338449190833633224925719141423722246610,4415.510884031978,-2992.5753207504595,mouse1_slice50,Pvalb,186
338556856814453456071997431176843611530,5019.343235175775,-2762.804554286197,mouse1_slice50,Endo,232
338613633565222611509339319050636822956,4656.847865763418,-3783.6695620034743,mouse1_slice50,Endo,21
338622681189373154898955437287150445148,4691.9150482801615,-2177.0967459408316,mouse1_slice50,Endo,346
33865093579132356231005640949447772015,4884.399933788319,-2499.249666515749,mouse1_slice50,L5 ET,286
338990954624100774824522074855139356607,3949.917256359433,-3074.3742824253704,mouse1_slice50,L2/3 IT,161
338997985557860292318810713795256385975,4509.772921102768,-2428.71059208109,mouse1_slice50,L2/3 IT,300
339005245576218884271228390121153916730,4776.438363592561,-3695.721584966835,mouse1_slice50,L5/6 NP,37
339069085494331768530237555940181806723,5424.607295129438,-2149.855239964372,mouse1_slice50,Astro,354
33926415722825268156034148194597994123,4851.624312393697,-3556.7785131054648,mouse1_slice50,PVM,53
339451430064988362340489186278672623189,4963.2394148054955,-3106.452653781448,mouse1_slice50,Sst,152
339523602818395528202624862221307103840,4485.901854627636,-2937.5840734644235,mouse1_slice50,L5 IT,187
339569493869024498989285031080035430507,4621.235143588051,-2219.5591213027587,mouse1_slice50,SMC,332
339719725696016303244645842534370206046,4692.293324391218,-3427.1626171493804,mouse1_slice50,L6 CT,89
339725983261769717643823151436330473000,4872.421798170423,-1774.0782738872533,mouse1_slice50,Astro,396
339880202466578241889568728179329879759,4209.268036477284,-3623.9765148752454,mouse1_slice50,L4/5 IT,46
339941663725151623962571471691133173009,4032.9111578716766,-3614.864402507021,mouse1_slice50,Lamp5,44
339944710108594105970482649049927454915,5197.807873478434,-2159.03804722265,mouse1_slice50,Astro,352
339950622410122653829488101579411084193,4699.22703119126,-2804.261403000431,mouse1_slice50,OPC,228
340010804472373084887023060325749851212,3868.925035216938,-2578.115720428362,mouse1_slice50,Micro,257
340034306149793933322428059568699182207,4593.20021372484,-2876.5293322689263,mouse1_slice50,Lamp5,207
340130380916182275125875248010353817289,3840.3864243490584,-3077.9188932079255,mouse1_slice50,L2/3 IT,160
340175909371780053481800198373629121453,4427.082444982896,-3702.3525458880968,mouse1_slice50,L4/5 IT,33
340206118052660404486012530977648504080,5371.951590053672,-1860.183905999788,mouse1_slice50,L2/3 IT,391
3416126655017681439692189890686309352,4144.212568743512,-3656.7233254988846,mouse1_slice50,L4/5 IT,30
34264636844506951564331213663018944859,4490.271966192293,-3674.7166935609416,mouse1_slice50,L4/5 IT,34
34295769795547078676475314508550436794,4790.804483996221,-1934.9275723389947,mouse1_slice50,L2/3 IT,372
34496774111866618197612856628738083116,5086.585173169575,-2431.537905974167,mouse1_slice50,L5/6 NP,306
34513293354734070386424153937627612723,4043.4164185381096,-3272.931635932531,mouse1_slice50,L4/5 IT,122
34564537800209132315012338147596769813,4753.898808701099,-2201.110340318545,mouse1_slice50,L2/3 IT,334
34583324069099115360029177760707212172,3892.009969762563,-3526.9142854519846,mouse1_slice50,L2/3 IT,61
34699692619521172392476357325016228678,5138.47071355111,-2063.280723921894,mouse1_slice50,L4/5 IT,364
34723182058924265408073791811691302037,5170.875183420886,-3321.795678634748,mouse1_slice50,L6 IT,114
34784737839503819674779264849917815059,5054.060318197396,-3164.92997716396,mouse1_slice50,L6 CT,153
3481468923443477044619763465568447317,5035.375970760733,-1882.2513894008232,mouse1_slice50,L2/3 IT,387
35009704067730176945390472745852891097,4674.77575427021,-1848.3150638662544,mouse1_slice50,Endo,383
35114476635952616986658881741397480062,4073.0039913052833,-3344.7437744683825,mouse1_slice50,L4/5 IT,102
35392899636965878378647474267144079809,3923.4948519175473,-2604.4925760768892,mouse1_slice50,PVM,258
35463563963762154499719534952321989069,5380.896045870027,-1884.5362283906745,mouse1_slice50,L2/3 IT,391
35565588844320670416163928251662460080,4591.12012883609,-2206.116030924581,mouse1_slice50,L2/3 IT,332
35583919152370577434935462546452806626,4403.435635889398,-2824.8199939053334,mouse1_slice50,L4/5 IT,225
35713134404527003130219799452616898640,4103.974195438338,-3586.395358740049,mouse1_slice50,L4/5 IT,45
35714285791603244364572656055850356428,5405.7468945993005,-1868.5940995866117,mouse1_slice50,L4/5 IT,391
35731994202958306957721872225795591571,4536.726133686491,-2307.2985650788205,mouse1_slice50,L2/3 IT,316
35800379926459970914606027899093655521,4918.10833715329,-3624.1973206152275,mouse1_slice50,L6 CT,54
35867274889728329339064092911128978624,3969.6663183918286,-2540.2639366675285,mouse1_slice50,Endo,276
36042420785519849510332841594723995805,5424.254293590797,-2820.072667220079,mouse1_slice50,Lamp5,236
36127497459277715547960418483498628537,4896.527727936879,-1878.5628774975635,mouse1_slice50,Endo,385
36178382628609835576567691757630083469,4845.9373555651855,-2370.3468676058683,mouse1_slice50,L5 IT,320
36318035849044293904587084180523262229,4734.98802945423,-3073.637505231821,mouse1_slice50,L5 ET,170
36373767317377068323720586575078798431,5335.142013128198,-2678.320404730806,mouse1_slice50,L5 ET,254
36404860872086531807889723149180336901,4917.256122294614,-1978.7164578545228,mouse1_slice50,L2/3 IT,374
36865418986234255221808864655749000247,5292.865203232344,-2848.156771082848,mouse1_slice50,Oligo,215
3689412218577160422121539388448719173,4759.454798820031,-2775.4865392456472,mouse1_slice50,L5 IT,229
36949337127826990762300257012807218398,4248.569204370485,-2494.2039871933325,mouse1_slice50,L2/3 IT,279
37197830761931438027541823991447602340,5024.227107791602,-3401.6671928588844,mouse1_slice50,L6 IT,93
37297157676460254395387941579680959684,4719.5082739740665,-3689.3959839700874,mouse1_slice50,L5/6 NP,36
37554856667165669508130985073729968528,5082.099753930117,-2858.5909429994367,mouse1_slice50,L6 IT,212
37778079948914431623344618818081207704,4878.88011383258,-2455.563508628065,mouse1_slice50,L5 IT,304
379723268488897347999752659151952000,5338.516262601691,-1822.9093585605735,mouse1_slice50,Astro,401
38086359544417720368582623308702846791,3901.2193546227873,-3399.9397437533,mouse1_slice50,L2/3 IT,80
38318273759106443681112043043527534279,4034.467257441057,-3750.5956069029958,mouse1_slice50,L2/3 IT,14
38318419973673325911673337583174572886,5220.17984069339,-1778.232357200793,mouse1_slice50,L2/3 IT,400
38423658359677449096149035485560599994,5275.55753897818,-1880.8330577459997,mouse1_slice50,L2/3 IT,390
38512528722094565433687243475556685312,4441.102325153217,-3160.702165016874,mouse1_slice50,L5 ET,146
38629459659897246510093238596075975990,4497.6783047814915,-3650.5546112243355,mouse1_slice50,Astro,34
38667593738818195781752706823697102767,4482.196052148235,-2367.505080409289,mouse1_slice50,OPC,316
3867552234074171189115352152142218544,5124.951746370981,-1819.9515054545893,mouse1_slice50,L2/3 IT,399
38687307407584829229846836165958562887,4883.533102248256,-3585.831480601351,mouse1_slice50,L5 IT,53
38821315108230545687537938290766076975,5035.227709319062,-2725.943338142381,mouse1_slice50,L6 IT,251
38938357050825411786365752884657669411,4328.097126969991,-2867.032921988172,mouse1_slice50,Astro,204
38941322478331580322037196761723834653,5058.862995048407,-2178.6854867033985,mouse1_slice50,OPC,350
38946835221677779596936553798298473746,4966.34930817176,-2185.9799357043926,mouse1_slice50,L4/5 IT,349
38989042776838273800582033503202671704,3899.541175310112,-2520.9322883570644,mouse1_slice50,VLMC,275
39079481306161504183302457030506463284,5224.550230576094,-2936.483785803544,mouse1_slice50,L6 CT,195
3926382353440455005159595359502740821,4230.167350559293,-3602.9117920695708,mouse1_slice50,L4/5 IT,46
39294267675373757032634463314686522533,4998.3548657403635,-2781.7429387446027,mouse1_slice50,Endo,231
39308064609084223297854000610617820738,4217.437309269501,-3714.2173300093536,mouse1_slice50,Astro,31
39483161308635677781631687766511612845,4046.8183997919946,-3077.594552865735,mouse1_slice50,Endo,162
39557731501915038008334317635375340790,4472.07838372965,-2542.8218031514866,mouse1_slice50,Micro,282
39601336630107878723871276224115734498,5277.772784086113,-1805.7458744708852,mouse1_slice50,Astro,401
39788832222597991406613320490977748168,4514.407613494109,-2359.065635764919,mouse1_slice50,OPC,316
39968333228440872087830461588417352727,4246.498916317689,-2842.85772502865,mouse1_slice50,Endo,203
40056520620394975134877892838403046681,4069.2208755466027,-2592.213558089181,mouse1_slice50,L2/3 IT,259
40134523265137632477379198931538283587,4572.33086497031,-2725.449581062255,mouse1_slice50,L4/5 IT,246
40203058003392709651845566217129463639,5049.957840705252,-2361.9461786038914,mouse1_slice50,L5 ET,322
40211959625258928620191551771352102944,3916.873491342533,-2882.6157848874163,mouse1_slice50,L2/3 IT,200
40243963211080738611633840264554523379,5347.623902960341,-2049.815149036041,mouse1_slice50,Endo,366
40864215757036182758767523690698407035,5412.696999070714,-3129.5070455386676,mouse1_slice50,L6 IT,157
40893033754415771974914137276723100500,3801.868693893844,-3070.5165153488165,mouse1_slice50,Astro,159
40939547012830077241889026574318594315,5073.130111092119,-1726.9124742137517,mouse1_slice50,Peri,407
4095669639125061557995867056683738501,5249.281459982615,-3612.0735049603327,mouse1_slice50,L5 ET,57
41892094892483730379253833930567225964,5208.201429025785,-1721.3939876108197,mouse1_slice50,L2/3 IT,409
41921771700989054030990388954795343066,5374.346707534031,-1900.2071463701263,mouse1_slice50,L4/5 IT,391
42011176590816841326008920761075935906,5109.404809889247,-3354.241160092784,mouse1_slice50,L5 IT,114
42093594976081701343804389479104081656,5007.841721550686,-3029.2631033275857,mouse1_slice50,L5 ET,173
42098699153094425059135933051397509592,4398.783902940735,-3617.8633154278264,mouse1_slice50,L4/5 IT,48
42109656847304688816486603980422761804,4942.5108568853975,-2075.4834919741543,mouse1_slice50,L2/3 IT,362
42211563631087789430058017520010608177,4329.492121261048,-3083.7441018708573,mouse1_slice50,L4/5 IT,165
4225540512996765088319663865953331825,3964.808720718055,-3700.397759320639,mouse1_slice50,Astro,28
42382825701143768941200644664639177062,5051.210119767915,-2125.7186698373653,mouse1_slice50,L4/5 IT,350
42396595161007920813087297062629217911,5035.647002728178,-2916.2511896830115,mouse1_slice50,SMC,212
42430040029073203501461653847193747209,4184.3184150620855,-3140.2924174757495,mouse1_slice50,L4/5 IT,143
42483029353463608217094827228587817262,3950.5734200378065,-2718.936038434496,mouse1_slice50,L2/3 IT,239
42719108277289323387419553878972268060,5254.90891326795,-2493.496539473982,mouse1_slice50,Oligo,290
429065381797152242535291862616955103,3682.8592193425147,-2899.0686140137936,mouse1_slice50,VLMC,197
42952000649039209331388874042551531481,4920.9448029250925,-2038.438239969264,mouse1_slice50,OPC,362
42953553521115140785418619251306947990,4475.083061568881,-2514.3327311108833,mouse1_slice50,L2/3 IT,282
43059862219998412118220341694754378794,4380.650877833909,-2630.1618677933707,mouse1_slice50,Endo,263
43142353263433793960523889638034420421,5409.031451568623,-1632.9526004127874,mouse1_slice50,L2/3 IT,419
43168863453575150092481356291077752690,5070.328012564835,-3339.1625351435687,mouse1_slice50,L5 IT,113
43444691154126312065243480026926781198,5442.565759982483,-2680.9403046743705,mouse1_slice50,L6 CT,255
4369207583264798827327753410596812028,4992.531168405992,-3322.564650553927,mouse1_slice50,L6 IT,112
43890803323477100822966854060890976160,4194.570479834669,-3857.9811734202835,mouse1_slice50,L4/5 IT,9
4409376406187759634329983380947149122,4444.141441686354,-3132.926545826503,mouse1_slice50,L5 IT,146
44098066544434194411228817893344610897,4888.1436081537995,-3581.5296299934303,mouse1_slice50,L5 IT,53
44126533665665885459183762121945166845,4558.630164011325,-1904.362082712548,mouse1_slice50,Endo,382
44213958458681461077520822571514656963,4945.698698483109,-3531.2594683210073,mouse1_slice50,Oligo,73
44293220986038917682805209595298582310,4761.047591753834,-3289.64218388222,mouse1_slice50,L5 ET,110
44388139817826663562208361260544378301,4581.308078228647,-2075.2619244239654,mouse1_slice50,L2/3 IT,358
44969544564741179075269380296033065343,3688.596579333173,-2802.622203771169,mouse1_slice50,VLMC,217
44977906055615130211757721134763921318,5288.379652533402,-3053.2334655848763,mouse1_slice50,L6 IT,176
45120978013317060835382029989090649274,4770.561004709065,-3508.0893644599587,mouse1_slice50,L5 ET,71
45218884426043572732351958897516545123,4165.050711123008,-2489.697154374154,mouse1_slice50,L2/3 IT,278
45341109923558531517316600908725176229,4238.59547003032,-2398.5375862606693,mouse1_slice50,Astro,297
45667993986506346934604364487905525683,4825.530976904897,-3396.2496454156594,mouse1_slice50,L6 IT Car3,91
45695190155157529328513834005018605684,4965.011309755901,-2687.032041550798,mouse1_slice50,L6 IT,250
45745186825732745770663602910453028121,5354.54126385637,-3128.3724251574,mouse1_slice50,L6 CT,156
45824360862668672747659709317829836696,5355.0023877589,-1707.510399211729,mouse1_slice50,L2/3 IT,410
45992141345549724408935557328546357942,5150.153413582181,-1687.19167357442,mouse1_slice50,Endo,408
46272568332547244864995088718316331183,5159.282484768539,-2473.8636483231844,mouse1_slice50,L6 IT,289
46444669266396036186523514498825195108,4135.131361209527,-2320.17924405525,mouse1_slice50,SMC,312
46499970126523576871399789426442936994,3856.351925687782,-3206.4114723196517,mouse1_slice50,L2/3 IT,120
46568694150640342655729452643117732660,5315.57784982284,-1783.34094872436,mouse1_slice50,L2/3 IT,401
46601063849357496256256603130630337361,3876.9845226008247,-2483.7482241856715,mouse1_slice50,VLMC,275
46642122016475533183530646676340259372,4837.086122458799,-2794.614476181701,mouse1_slice50,L6 CT,230
46665582676548400077142808303182921969,5222.751305822058,-3426.1457315188977,mouse1_slice50,L6 CT,95
46789358995126556724142913253492004597,3849.1931182453445,-3154.563880794689,mouse1_slice50,L2/3 IT,140
46854179307853019634940341396885562860,4320.579701980046,-3335.215141891155,mouse1_slice50,L4/5 IT,105
46856761343796126296200960024518081575,4682.544269581186,-3293.4198417777443,mouse1_slice50,L5 IT,109
46872184124738245173760478132793095713,4074.82449268266,-2718.0040613704264,mouse1_slice50,Micro,240
46901831447165543460535582806852574996,4512.8422168326415,-3084.0710260093415,mouse1_slice50,SMC,167
46908506632624688884848422255792305833,4409.819835979531,-2995.4050162147623,mouse1_slice50,Pvalb,186
47023534548456017450049473057729166500,5307.396450517929,-3498.837258026586,mouse1_slice50,L5 IT,77
47024573109438883932794967384389916633,4056.4514188357607,-3263.516196250701,mouse1_slice50,L4/5 IT,122
47085993381371043430316564346175788732,5213.671914954341,-3400.8771358020745,mouse1_slice50,L6 CT,95
47113163910759547946085082853431472461,4975.393973971083,-2982.4052111101187,mouse1_slice50,L5/6 NP,192
4717831418368859458184716359851466361,5120.06202060532,-2693.1331242421525,mouse1_slice50,Pvalb,252
47409054515151972369509252610118320941,4943.406969391322,-2146.1482048515854,mouse1_slice50,Pvalb,349
4750474866653585747238438627446128616,4513.263890709475,-2519.6128079907676,mouse1_slice50,Endo,282
47701150395585206084597684900585728273,4726.711702471987,-2507.1337172938074,mouse1_slice50,L5 IT,284
47773548692535328376883775097971156677,4294.787844268144,-2311.363824329544,mouse1_slice50,L2/3 IT,314
47792164389971095990927565372144691961,4502.616240859906,-2288.2634878005592,mouse1_slice50,Endo,316
47979296688927207303589789878349094711,4213.98844852407,-2570.6190063899517,mouse1_slice50,L2/3 IT,261
48104178721447500962543947916103402332,4625.307085100531,-2210.308165328234,mouse1_slice50,SMC,332
48113109857074864595971095166011484475,5302.949372066885,-1691.140369186634,mouse1_slice50,L2/3 IT,410
48135393178353482317447314553350652082,4924.26686465388,-2397.0791796990156,mouse1_slice50,L5 IT,305
48236119700394262113966842651130440776,4402.627589301968,-3259.0357743152535,mouse1_slice50,L5 IT,126
48239463152633146946865780580461147451,4615.818595868769,-3021.3717580319676,mouse1_slice50,L5 ET,168
48286280350719361737785190270714541488,3775.7806393956635,-2978.1711949121163,mouse1_slice50,Endo,179
48312227166047597723934569297970245783,4477.598700086431,-2330.9710810475804,mouse1_slice50,L2/3 IT,316
48458365171464501767986369139896098457,4875.095994770352,-3520.086466937874,mouse1_slice50,PVM,72
48491219323142582231365679943994231666,4315.955690498622,-2949.0092262091816,mouse1_slice50,L4/5 IT,185
48573142717244934028205382066499217476,4739.061082708684,-2405.8298832164946,mouse1_slice50,L4/5 IT,303
48662721553879300331439035420496854833,5420.077192361467,-3623.890597858597,mouse1_slice50,L4/5 IT,59
48761651496216071629496459073802461640,4938.979057028838,-1941.0150295239894,mouse1_slice50,L2/3 IT,374
48927897805270154282775529324529899147,4425.555789175126,-2973.8959807963415,mouse1_slice50,L4/5 IT,186
48934629902193695309650854816127258132,3685.1673354816885,-3980.456621132301,mouse1_slice50,Endo,0
48981113046792927588250242719943043257,4673.240580202053,-1713.6307780519128,mouse1_slice50,VLMC,403
49005085154058346030288577258238791777,4796.839213759442,-2533.9680475389882,mouse1_slice50,L5 ET,285
49094672334633452705078519567271410177,5410.496464710026,-1472.0595393688923,mouse1_slice50,VLMC,423
49130022169036320308530140058336412646,4501.597380609052,-3489.6484992113446,mouse1_slice50,L5 IT,68
49142857675343989490934056032157927071,4841.16435607947,-2352.22495190881,mouse1_slice50,L4/5 IT,320
49185521603949705040761727099809140078,5192.901470055922,-2787.3803312918462,mouse1_slice50,Sst,234
4925626277336253162663132190214548415,5032.806629290243,-2100.7396790706057,mouse1_slice50,L4/5 IT,363
49360166544703435008985269935705839290,4709.7057572471,-2002.8350398010302,mouse1_slice50,Peri,371
49423108087719461802649899480893755818,4696.3242576246475,-2316.1885239919766,mouse1_slice50,OPC,318
49471701974759353799840271410210820529,4385.726964559972,-3492.2743790952654,mouse1_slice50,Sst,67
49488126646435415973225982208209678830,4598.352332542444,-2579.6301708543915,mouse1_slice50,Pvalb,265
4971936995887533450516635400962148656,4722.488415449612,-2532.3074290905984,mouse1_slice50,L5 IT,284
4975803155747233639798468835234313981,5312.880170243306,-2144.11873186814,mouse1_slice50,Endo,353
49777213983331490680581206460189293381,5044.513680040611,-3545.007802650579,mouse1_slice50,L6 CT,74
49890306820383459883601426857176729295,4657.909936210913,-3619.9940912366246,mouse1_slice50,L5 IT,51
50112550214207220317547805138655361336,5197.247409129891,-1493.100597875438,mouse1_slice50,VLMC,421
50200756673773251191343849971646858260,4977.333986882164,-1852.4515318725112,mouse1_slice50,L2/3 IT,386
50211849200828151729229930154161940190,4537.182059030341,-3243.1437769067097,mouse1_slice50,L5/6 NP,127
50280593810005486681834027688063666078,4566.405997532264,-3118.740661031275,mouse1_slice50,L6 IT,148
50324170612214040779833648105595615577,3870.073320615801,-3014.84380750735,mouse1_slice50,Lamp5,160
50434271039009485082661382989564033224,4587.97520269395,-2192.6241044736776,mouse1_slice50,L2/3 IT,345
50572739533140977148945863167417810113,3933.71742650264,-3060.46218341055,mouse1_slice50,L2/3 IT,161
50608258750168196683967492236859076650,5376.1624029917075,-2710.015368296946,mouse1_slice50,L6 CT,255
50615463327946691032527033486522189724,3903.905464192471,-3506.6517109158744,mouse1_slice50,L2/3 IT,61
50738859874531625664049060568098510756,5322.739823736689,-1803.9221109177736,mouse1_slice50,L2/3 IT,401
50777904660864666124889378588287216687,5350.346815924418,-1539.0154062180136,mouse1_slice50,Lamp5,422
50907822365688934986006367080843377865,4250.293793205837,-2301.7586106400286,mouse1_slice50,Pvalb,313
51000318836133112674929307143956375541,3876.1809077084463,-2829.8167063949963,mouse1_slice50,Peri,199
51029618252058983779876329951451522741,4305.747565040406,-3412.5770714325467,mouse1_slice50,Astro,85
51066623871767018716915796547117314519,4385.7622565771035,-2841.0715925474788,mouse1_slice50,Endo,205
51071436927351958996681679701733402036,5422.848921267524,-3508.5228760194186,mouse1_slice50,Endo,78
51246225027493424036827518999002603353,4772.557299392828,-3591.5373627987915,mouse1_slice50,L5 ET,52
51254050610537451552122151709428991765,4825.410539120635,-2255.7393109259942,mouse1_slice50,L4/5 IT,335
51335653574879995960446194683482669232,4864.832173195747,-1844.9226903610809,mouse1_slice50,L2/3 IT,385
5137558386772310614839091707550529730,4773.1380736301535,-2010.8856241339065,mouse1_slice50,L2/3 IT,372
51398866551156921661788747192926153835,4100.562402087432,-3597.7531725333206,mouse1_slice50,Micro,45
51420915387624064759526835013060427562,4676.196401818842,-1842.0233850614147,mouse1_slice50,Endo,383
51536778315669728419218118983472600627,4688.235556468483,-3389.3303305927475,mouse1_slice50,L6 CT,89
51576056118893052001897165803081760317,5410.247662986502,-2332.8241920839473,mouse1_slice50,Sst,326
51592467547545947249117395680622609658,4649.660175256958,-2586.2337919555057,mouse1_slice50,L5 IT,266
51631836797454403654363343492881687763,4308.173811002157,-2999.4652282993598,mouse1_slice50,L4/5 IT,185
51652958228377506426712340356980036236,4971.774722892557,-1847.045337295462,mouse1_slice50,L2/3 IT,386
51750077728340258844229310436797495337,5222.437999511361,-2762.957801448808,mouse1_slice50,L6 CT,234
51808600815793388536818853921356527631,5191.9539466197775,-2429.721659230088,mouse1_slice50,L5 IT,308
51827905262073580095698524817495308299,4576.235989081446,-1994.068275206492,mouse1_slice50,L2/3 IT,370
51931704285670065392534724845630933105,4375.446667588453,-2129.0151762058545,mouse1_slice50,Endo,343
51957416224342544018678248884775468862,3803.6665934911,-3048.83840877099,mouse1_slice50,SMC,159
52056929538784196792486171958480935281,5442.452559205026,-2574.625396062194,mouse1_slice50,L6 IT,274
52159294734564865382319344413974601996,4622.7966394229525,-2227.092887280835,mouse1_slice50,SMC,332
5216763591903789304049829303121905841,5424.445374697717,-3245.8506158046216,mouse1_slice50,SMC,137
5246716211959196357140305518439740328,4352.088436036102,-2757.8599915940067,mouse1_slice50,Endo,224
52653624819167534517641303193107519866,4731.920027764101,-3161.737000825792,mouse1_slice50,L6 CT,150
52942337375679085626517804908455581315,3877.536001801804,-3315.165752406768,mouse1_slice50,L2/3 IT,100
52964436648287256754004205103427720851,4678.079202341846,-2852.300798479432,mouse1_slice50,L6 CT,208
53102869902203284919209444725957205964,5063.001101867988,-2303.0320256155746,mouse1_slice50,OPC,322
53103240081708652169208526160240383497,3764.7785996727466,-3188.306016025252,mouse1_slice50,L2/3 IT,139
53197244456402641971612893065434142109,5329.714051365444,-2793.2938100173174,mouse1_slice50,L6 CT,235
53198251420468685673461895252529300582,5210.266620418969,-1661.2452041451122,mouse1_slice50,OPC,409
53216775206945859454882463625018421029,4976.618080921695,-1907.665592203957,mouse1_slice50,L2/3 IT,386
5323685214300154986380418259871027495,4495.013696529197,-3510.083930043224,mouse1_slice50,L5 IT,68
53771060035959106273047806331189456324,4035.5850688595383,-2397.9290345999975,mouse1_slice50,Astro,295
53851391045705474716965804392149496493,4299.574757280391,-2504.753916890407,mouse1_slice50,L2/3 IT,280
54064983550620099009207322853132480718,3763.089622470289,-2657.732367171873,mouse1_slice50,VLMC,237
54074365587182847805090352485262872508,5303.922813655275,-2605.1472001224392,mouse1_slice50,Oligo,273
54121119098225161955700306537676848225,4890.454775228702,-2157.791595805609,mouse1_slice50,L4/5 IT,348
54126213983426896073026141762667417024,4526.298409521356,-2859.5336319509256,mouse1_slice50,L5 IT,206
54251051293314135473163341287493081797,5232.582741431887,-2922.0505806075453,mouse1_slice50,L6 IT,195
54344740770383429118877576996363790041,4879.692311445363,-2912.2632896558343,mouse1_slice50,L6 CT,210
54421317362592889426312689144075014664,5083.074471515306,-1802.2972659882457,mouse1_slice50,Peri,398
54534658745238007404565187229313918446,4711.126065432372,-2440.008602919695,mouse1_slice50,L4/5 IT,302
54583937305150298908278460779789712816,5117.668672887505,-1793.8139090614243,mouse1_slice50,L2/3 IT,399
54640021574003981856382277785603171035,4517.458333132986,-3539.4739323706513,mouse1_slice50,L5 IT,68
54758718559687658226966836866011760267,4432.337908051953,-2266.569254146495,mouse1_slice50,Pvalb,330
55059225773231713470753187778577721133,4759.454492056439,-3302.193030804588,mouse1_slice50,L5/6 NP,110
55116118365600144821687775335559487652,4772.516694587118,-1966.5944076721134,mouse1_slice50,L2/3 IT,372
55176366993199345377496120870412095081,4755.432776219096,-2518.046938249879,mouse1_slice50,L5 ET,285
55185647821910154704443515894378944665,4779.2831304056535,-3603.846703874676,mouse1_slice50,L5/6 NP,52
55215075563751010380656060561761116807,5252.14429061074,-1954.1922995534853,mouse1_slice50,L2/3 IT,377
55288359906222412259974955637846876210,4293.982326189043,-2954.8133174451914,mouse1_slice50,L4/5 IT,185
55441073310887532286771565735238859964,4687.62972552335,-3782.552271820516,mouse1_slice50,L5 IT,21
55498362251500839678348263771784600059,4835.529114255464,-3602.8000316477055,mouse1_slice50,L4/5 IT,53
5560219026382758234104923934888381779,4542.423897735834,-1978.0528081094574,mouse1_slice50,Astro,369
55640847588935431217469511069082871969,4221.911447005376,-3493.6662154813207,mouse1_slice50,L4/5 IT,65
55678577633417103385964899159485862455,4224.96677129289,-2470.4359171600995,mouse1_slice50,L2/3 IT,279
55698555218226570559180238933169257368,5095.576906066742,-1884.533545391762,mouse1_slice50,L2/3 IT,388
55833478429335831704510786802251639299,4937.08502508133,-2256.054407678793,mouse1_slice50,L4/5 IT,336
55840775943301212286745492802644421380,4683.064998790357,-3748.7022272955755,mouse1_slice50,SMC,21
55851938203364998796946482411125242078,3963.5595280324746,-2475.4880911282985,mouse1_slice50,PVM,276
55885374813769353547034334065360830237,5263.8309084116245,-2216.862758111889,mouse1_slice50,Sst,339
55925060926892433601062215652656330079,5135.8555228727055,-2867.0855627720775,mouse1_slice50,L6 IT,213
55927650689554295301533172824821716862,4079.3506636651405,-2661.1310903502463,mouse1_slice50,Endo,240
55980197818069334871394664157785709314,5417.443336482216,-3200.6914109174168,mouse1_slice50,L6 IT,137
56109449857352553483645050457187159543,4881.065216325724,-1863.6724343277253,mouse1_slice50,L2/3 IT,385
56119389863602940432023293698269854296,4916.71775748768,-3707.1769407897223,mouse1_slice50,L5 ET,39
56143055507925301042595257956339694596,4723.3655528944055,-3499.413969390408,mouse1_slice50,L6 IT Car3,70
56272695675299405423732403778292734850,4676.313886277551,-2073.0368470147982,mouse1_slice50,Astro,359
56368239374118767196427650646003716638,4700.433697891711,-2172.7110525316352,mouse1_slice50,Oligo,346
5639592606786639952823624788610551029,4315.111370056923,-3269.4908547133045,mouse1_slice50,Pvalb,125
56498197087676944013311647105425124829,4125.292021280901,-2545.2183137613138,mouse1_slice50,L2/3 IT,278
56549572557830715557910772407362834874,4993.123912258074,-3077.4772965833213,mouse1_slice50,Micro,172
56630953490414703922020474245698624523,5120.2743353601545,-3228.052712550027,mouse1_slice50,L5 IT,134
56640887761620184227958507507554636882,4459.483777851714,-2235.105048933746,mouse1_slice50,L2/3 IT,331
56661725714703732341650042901725970659,3859.332396299481,-2937.9439854802745,mouse1_slice50,PVM,180
56718606901399789182500136688873307117,4487.319540433364,-3799.0086554715303,mouse1_slice50,L4/5 IT,19
56750478732583834719576012760799211737,4984.794135079252,-2768.1208579779754,mouse1_slice50,L6 IT,231
56773637341850392204113997415544469813,4752.81092818559,-1905.1093523973525,mouse1_slice50,L2/3 IT,384
56822199429431315675651208403799598173,3644.8597152845,-2976.2177551650725,mouse1_slice50,VLMC,178
56882086705467774678789323234060261116,5097.987168282971,-1613.2279232782778,mouse1_slice50,OPC,416
56994687519134775655013711391194196586,4431.532255964038,-3897.6070790013605,mouse1_slice50,Astro,11
57152427143821154014011258264897830235,5402.604164393698,-3362.2003847523074,mouse1_slice50,Astro,117
57345633717857931032282976288713332923,5348.293325901336,-3525.684596952283,mouse1_slice50,Peri,77
57410764079982463261310586680234744578,5382.417187778015,-2347.192243543569,mouse1_slice50,L5 ET,326
57465655201287743231226723612346376508,4476.585130988217,-2625.0186971778667,mouse1_slice50,Endo,264
57475391599127333995629948001422928318,5321.817401406313,-2115.8866026933365,mouse1_slice50,Peri,353
57491154361996888191766741446765249841,3991.161151029842,-2683.164530336911,mouse1_slice50,L2/3 IT,239
57649356934609308165063085376432594981,5331.787911544388,-3123.2008549835773,mouse1_slice50,L6 IT,156
57729123046784453242319613014585775571,4300.838577768526,-2677.6992361011353,mouse1_slice50,Peri,243
57760013983607985409344317813461553897,4874.285576744691,-3768.8528790786836,mouse1_slice50,L5/6 NP,23
57778166858505092917589792569304778848,5038.216446605783,-3093.6676966616697,mouse1_slice50,L6 CT,173
57804611170900764515752338926235927647,4672.574666269876,-3659.7244927516545,mouse1_slice50,OPC,36
57878868990327205930426043679113128236,5425.761647008209,-3420.935187719941,mouse1_slice50,L6 CT,97
57962098893586793992242248077742544320,4574.542371126451,-2579.9039179777783,mouse1_slice50,L4/5 IT,265
58052824627518515696963422403369833723,4890.0550922080265,-2849.9087813140764,mouse1_slice50,L6 IT,210
58063209638256958461652779884756201248,4525.4362510498595,-2452.424513035769,mouse1_slice50,L4/5 IT,300
58109160643642232293863994137619893834,4312.871672224419,-3119.711861608083,mouse1_slice50,L5 IT,145
58133206969225959868023603028308285448,5307.569698142739,-2760.0811143777073,mouse1_slice50,Pvalb,235
58153248140513604586751284172767787571,5377.342035955632,-2320.1143594714017,mouse1_slice50,L5/6 NP,326
5843622369437948906049518508237806026,4510.105386161756,-2040.3735339143022,mouse1_slice50,Astro,357
58600086092607576163845432321084056437,5046.760574817044,-3262.847659067182,mouse1_slice50,L6 CT,133
58614268117399954852328477067627276193,4056.5399403891397,-2621.420530244815,mouse1_slice50,L2/3 IT,259
58640751857101487905029020492574034325,3708.5341012470626,-3954.8817484302917,mouse1_slice50,Endo,0
5876912759483530851771988597941947829,5028.5902977144315,-3494.4560785350914,mouse1_slice50,Endo,74
58985182980727090902038111916210040265,4047.165456482541,-2762.064779146122,mouse1_slice50,L2/3 IT,221
59001510294681348999005278802979928467,5421.898275760259,-2692.8858650176185,mouse1_slice50,L6 IT,255
59017470786181836669450572407795010327,3842.6507041802492,-3675.585411186733,mouse1_slice50,VLMC,27
59023636353063604242095853577381582681,5176.109653805198,-1768.5946191427363,mouse1_slice50,L2/3 IT,399
5905252785615981959830149670173262961,4762.664167438704,-3718.8686703699964,mouse1_slice50,PVM,37
59115056283708007282822628429147919307,5079.617538254512,-3603.195356899712,mouse1_slice50,Endo,55
59169507610410356373669093934910288602,4757.752126598476,-3581.3083805889364,mouse1_slice50,L4/5 IT,52
59287452538059125458697747291078082130,4745.918412906845,-2036.624532963633,mouse1_slice50,L2/3 IT,360
59359891046453340260742988255376316138,4058.2612271242456,-2680.7395242587195,mouse1_slice50,L2/3 IT,240
59368008928426318905552410549871254371,4162.6891106564735,-3519.2848713974226,mouse1_slice50,L4/5 IT,64
59467710565621883252937499762890461367,3873.6961803136996,-3326.4428493894816,mouse1_slice50,Vip,100
59661807563002494740986056503793392672,5244.610233041887,-3236.8926965187047,mouse1_slice50,Astro,135
59827149660821824806492405503921481662,3883.9758118245836,-2622.4614355171652,mouse1_slice50,Astro,257
60038793387621348809369960423775608537,4804.048563397438,-2269.622126507621,mouse1_slice50,Endo,334
60048783719286020964719844609444228686,4121.730453263016,-2314.561071115108,mouse1_slice50,SMC,312
60099018099229619112324925120950650270,5202.219749956322,-3580.365343026729,mouse1_slice50,Sst,57
60126623627796764031243176885884182809,4236.589959574842,-2791.7715190238523,mouse1_slice50,L2/3 IT,223
60206671507083520671701328809692300331,4322.826135097454,-3047.7381777791697,mouse1_slice50,L4/5 IT,165
6022288958388708097906028597101595360,4890.676318864033,-1696.0193852436903,mouse1_slice50,Astro,405
6023029883094486660283898505992692473,5046.619951309864,-2496.655902397989,mouse1_slice50,L5 IT,288
60296505421016345497352471570108016890,5371.362603814996,-3432.673343390322,mouse1_slice50,Oligo,97
60314886070518182240131259105087614567,4515.839512618125,-2954.01972551224,mouse1_slice50,Pvalb,187
60460795759250428239083794072742833588,4885.029565685226,-3324.3781173885986,mouse1_slice50,Endo,111
60526758582873181558648365571590891218,5132.569858739153,-2529.5599395192,mouse1_slice50,Oligo,289
60550597961088498464038794645886511078,4152.040526008613,-2610.849893777679,mouse1_slice50,L2/3 IT,260
60603478229093089765818618612838085068,5165.865077562367,-2426.933276943832,mouse1_slice50,L5 IT,307
60703822989997034824798657773928693580,4071.570629468482,-3875.5341865728037,mouse1_slice50,L2/3 IT,7
60812077788475195959144877613362639861,4506.190557836161,-1981.450555227424,mouse1_slice50,Lamp5,369
60831921275281946016621100010122113146,4050.2822387425126,-3449.81953330272,mouse1_slice50,L4/5 IT,82
60888841489583977469362085025031956210,4511.2549907469875,-3698.7398261813287,mouse1_slice50,L5 IT,34
61030733471505212760026746719129419699,5259.742687298991,-2036.530925482864,mouse1_slice50,L4/5 IT,365
611716203986655418913949135540277048,5221.09534718597,-2029.1887493767904,mouse1_slice50,L4/5 IT,365
6131112456021413400866476662206025463,5365.02767114839,-3045.126587333495,mouse1_slice50,L6 IT,177
61425470457824641290517825441616286284,4041.105824006787,-2830.7627525682037,mouse1_slice50,L2/3 IT,201
61509507386163002470307043911534348995,3942.081159995357,-3831.7544950576694,mouse1_slice50,Lamp5,6
61517632700182700066120784702159610901,4414.1449060984905,-3310.5868615489344,mouse1_slice50,L5 IT,106
61583507988870666918661559334189308622,4764.6724830157555,-2129.632236831374,mouse1_slice50,Astro,347
61666586762159224201942648481894724967,4980.626302493239,-1775.3772671803724,mouse1_slice50,L2/3 IT,397
61692554902472215082967072190039456268,4573.404281100943,-2639.819923708609,mouse1_slice50,Endo,265
61696593403209919684187089797023931310,4205.109416831076,-2437.6772418982023,mouse1_slice50,L2/3 IT,297
61734305417976255760743945147480908448,3881.3533181907765,-3057.225240182252,mouse1_slice50,L2/3 IT,160
61763211301007246819793749334991665936,4480.382147171366,-3078.159012625859,mouse1_slice50,L5 IT,167
61776072095044963343146122786344521176,5393.051431637747,-2069.86052662612,mouse1_slice50,L4/5 IT,367
61847811922675613207001868256445260130,3807.52156972275,-3390.696455156368,mouse1_slice50,Astro,79
62128164703411485282202383959107173817,4057.858647046351,-3243.723453176528,mouse1_slice50,Endo,122
62167500454756673711891516924610509336,5023.015731202763,-3171.452652987765,mouse1_slice50,L6 IT,153
62179116722031549924954572524533105089,3763.1661344685717,-2754.1791004599663,mouse1_slice50,OPC,218
62200948461666133145822915084923853301,4625.340322098823,-3318.283205368919,mouse1_slice50,L6 IT,108
6235855280358888845448613902660555392,5186.609762658208,-2976.555357859466,mouse1_slice50,L6 CT,195
62359484477170957851618921805658862814,5393.838979439591,-3168.622576146355,mouse1_slice50,Oligo,157
62445983564850450424099890574877027581,5433.595181886772,-1712.8985070014598,mouse1_slice50,L2/3 IT,411
6283043400690358831413786620135468780,5314.808560526259,-2330.3289407676434,mouse1_slice50,Oligo,325
62901391602836649883826403427300932588,4896.243799235626,-3409.2131370914954,mouse1_slice50,L6 IT Car3,91
62931599552968413356113934569449381334,4596.247883528915,-3028.066227710049,mouse1_slice50,Astro,168
62947937874235802273461099327870702581,3960.171844916563,-2572.302459634005,mouse1_slice50,Sst,258
62968170056325147305963230427382873349,4933.230785815252,-3584.1295501304517,mouse1_slice50,Oligo,54
6296986595541602291925438231811284582,5147.718461820598,-1599.4727948999475,mouse1_slice50,PVM,416
62975847516071757718090019233349930092,4936.889444744141,-1918.0683447249635,mouse1_slice50,L2/3 IT,386
63153961598262675396504569804626657381,4970.298918305577,-2595.4053196226223,mouse1_slice50,Vip,269
63279835092758189724193350070293810578,4322.49929167324,-3697.7148635231993,mouse1_slice50,Endo,32
63364078792618240578188186949606446965,3933.8752914841834,-3198.338322522156,mouse1_slice50,Endo,121
63836049314446696127386179603050402148,4545.49808508613,-3496.5224051337095,mouse1_slice50,Oligo,68
63868247785753694377810940464556564408,4760.217123864485,-2879.298977308401,mouse1_slice50,OPC,209
63948169881689838995804684330474647734,4919.399898805177,-3166.6093635009797,mouse1_slice50,L6 IT,152
64001310590964087683175527417103193887,5065.818828384729,-2875.246338277596,mouse1_slice50,OPC,212
64021701028083930428705314076264224231,4239.005499875354,-3383.7919120935776,mouse1_slice50,L4/5 IT,84
6410171131269587517584968863172144058,3983.3422093303784,-3657.374061731441,mouse1_slice50,L2/3 IT,28
64245765336727414187994212808127290200,4761.919326278497,-3253.2412013286603,mouse1_slice50,Pvalb,130
64362415556280052385186216624347966783,4823.979214663102,-2604.427704288389,mouse1_slice50,L5 IT,268
64415041801487424671359296884989434203,4145.5833314677775,-3148.9911398668073,mouse1_slice50,Peri,143
64415421891455983420054593584732558198,5402.445872358157,-3591.6702571700234,mouse1_slice50,L5 IT,59
64626541430961401090995198974801400406,5245.708431175104,-1582.6109493703766,mouse1_slice50,Micro,417
64733334141639626930254520785654487655,5005.380349587109,-2776.8619264225513,mouse1_slice50,Oligo,232
65084213061848135409204956664905846778,5420.732941675692,-1953.0897392422369,mouse1_slice50,L4/5 IT,379
65185593183551089018144207229142457355,4599.471978801111,-2383.507661726151,mouse1_slice50,L4/5 IT,301
65274663238833986822058688085102571712,5096.829643526893,-3139.5450076909083,mouse1_slice50,L6 CT,154
65288376116570523985559906943063101097,4222.984491044575,-3654.548591060145,mouse1_slice50,L4/5 IT,31
6528887306018727025824480084422177784,4531.431542392771,-1969.9511023029077,mouse1_slice50,L2/3 IT,369
65545466380488439968294624105316325297,4509.227183346512,-2945.457854383158,mouse1_slice50,L5 IT,187
65546576192663752583802934844450685509,5392.0358439402025,-2538.052237776122,mouse1_slice50,Endo,292
65578244523114760983606341772121808277,4556.076966820256,-2766.652177119774,mouse1_slice50,L5 IT,227
65934511827859014809547906712463289643,4234.278135738676,-3341.373985637547,mouse1_slice50,Sncg,104
66073457787709655415828168178373542814,4418.351689895368,-3722.24215197886,mouse1_slice50,Astro,33
66203195875479559774319258947431334748,4420.281648980784,-3118.011012328613,mouse1_slice50,L5 IT,146
66217539403812988692980728480408553495,4860.514273715807,-3628.9772552306954,mouse1_slice50,L6 CT,53
66238049277191927103882222231718182505,5256.24382721482,-1689.464526413405,mouse1_slice50,L2/3 IT,409
66306038518999076742024434825578750194,4686.076693466831,-3469.7095573328575,mouse1_slice50,Astro,70
66376840288448492184867105322045232268,4104.0481094020015,-3323.9416063027415,mouse1_slice50,L4/5 IT,103
66457520728060092105493853692873852151,4741.018897763991,-3030.9957262488742,mouse1_slice50,L6 IT,170
6647034476073159612277535311227907759,5012.204604675745,-2493.0011209145077,mouse1_slice50,L5 ET,288
66475461732550250902072875320969739562,4684.042211191918,-3686.830950783336,mouse1_slice50,L5 ET,36
66543084485904437371587994142547841598,5307.706744355094,-2051.2108942577293,mouse1_slice50,L4/5 IT,366
66548833774373938183081902524943898645,5346.253995794878,-2490.8973171578823,mouse1_slice50,L5 ET,291
66553786119294617105209922533232133183,4745.605483271842,-3706.5025678637353,mouse1_slice50,PVM,37
66706400268439524436602363710237619535,5260.779232586737,-3128.0379835129656,mouse1_slice50,L4/5 IT,155
66831924957978080302493380555753570024,4965.844287963073,-1981.407072047843,mouse1_slice50,PVM,374
66852928214087229569854653089133775452,4077.017238844522,-2241.463633267299,mouse1_slice50,VLMC,327
66907913253252566345123396402180938014,4226.573955191189,-3791.0163371054914,mouse1_slice50,L4/5 IT,16
66911846531213419940546889745164496405,5221.54924657005,-2490.1180001037324,mouse1_slice50,Astro,290
67020745725562266308791393316984508672,3917.4141390447885,-3162.5398995574565,mouse1_slice50,L2/3 IT,141
67036987577606523668074068250683888716,4894.291379810753,-1957.8156552690496,mouse1_slice50,L2/3 IT,373
6720811975280549354161855446216834165,4130.888656968154,-2495.7323206609644,mouse1_slice50,Peri,278
67313058400854204311594241210135356353,4615.778906455787,-3326.9278297339833,mouse1_slice50,Oligo,108
67379045081235277515814674205132298762,4174.206085070644,-2761.3777954026223,mouse1_slice50,L2/3 IT,222
67601860561699900803648840492934141638,4872.445298566012,-2423.1079245331457,mouse1_slice50,L4/5 IT,304
67749975799167600707785901951410668482,4827.216780450489,-2495.4367944359196,mouse1_slice50,PVM,286
67780315843296030562229607791361052740,4719.005811075971,-2034.1060752646426,mouse1_slice50,L2/3 IT,359
67810175048244956196752118379020804833,4125.118650697526,-3883.782804736588,mouse1_slice50,Lamp5,8
67976815143879605351616023147528024441,4396.806968302389,-3685.202637223358,mouse1_slice50,L4/5 IT,33
68043430783908900305576674643739865389,3891.813196560118,-3072.954906244807,mouse1_slice50,L2/3 IT,160
68085162122516329098589174458312603947,4341.259202997595,-2217.6549894524824,mouse1_slice50,L2/3 IT,329
68393873364605141405258830284153315021,4671.46195007568,-2314.8910495515615,mouse1_slice50,L4/5 IT,318
68396078767135494230582705566235525468,4991.642152691345,-2053.255511146482,mouse1_slice50,Vip,362
68449679887067626961228019691248685321,4399.975109811754,-3458.2538137596525,mouse1_slice50,OPC,86
68832796732115393504919904006095662349,4329.124452961085,-3799.1351830911262,mouse1_slice50,Astro,17
68937998182938106936518164168021340305,5114.426987496538,-2348.666075966737,mouse1_slice50,Endo,323
69028226719270303351487779637313330177,3985.0403944967575,-2621.4065624050877,mouse1_slice50,Micro,258
69082725686220086375283969750693146987,4496.800927017548,-2303.9009824183454,mouse1_slice50,Oligo,316
69104541633382222443827243241072164109,4468.8272479119105,-3625.931777107612,mouse1_slice50,L4/5 IT,49
69143009763279217993445375020222064374,4864.163951076104,-2745.146467666136,mouse1_slice50,L5/6 NP,230
69270705207104940817428466163828032940,4070.1761895435707,-3562.711638342755,mouse1_slice50,L4/5 IT,44
69324778666995329577438839906883070591,4594.788788574199,-2497.7546495810166,mouse1_slice50,L4/5 IT,283
694338038619692542949402389723528225,4135.734897713123,-2310.566823181154,mouse1_slice50,SMC,312
69448378340819248435264944620705416950,5122.356083360714,-1544.4003721751285,mouse1_slice50,VLMC,420
69462657528292667527630339816219689484,4791.008891182947,-2687.598500295929,mouse1_slice50,SMC,248
69470189191904501743866231216908644880,3711.6881337611926,-3309.6447119004956,mouse1_slice50,Astro,98
69587240225947889461884174154102054064,4767.721166494685,-2709.5738635343146,mouse1_slice50,Peri,248
6961741929893327605001309695934687548,4552.394886367001,-2135.772498703616,mouse1_slice50,L2/3 IT,345
69936950586492020552081098924613351774,4805.945321336857,-1997.851671302799,mouse1_slice50,Vip,372
70097532819288778417580021179354918596,5051.57554108037,-2644.5157577640434,mouse1_slice50,L6 CT,270
70209735213405083786083486335471551552,5291.399604576717,-1483.632041121357,mouse1_slice50,SMC,422
704076923888206196347917919768552408,5409.730388787561,-1652.8086001314612,mouse1_slice50,L2/3 IT,411
70502356411746438585605904142348127433,5256.09609139194,-3310.8275922292873,mouse1_slice50,L6 IT Car3,115
70545131201123808446212593506281441593,5004.533001996998,-3135.7857901184943,mouse1_slice50,L6 IT,153
70587233256528025037488693975146512062,4209.047937693836,-3591.061863656923,mouse1_slice50,L4/5 IT,46
70641743554905078489422880833824955355,4562.210912251789,-2324.608963111229,mouse1_slice50,L2/3 IT,317
70703017880089752574071140197974403815,4474.689744627931,-2502.713327928158,mouse1_slice50,OPC,282
7072093303211067610587605683510650444,5255.428365488669,-3132.7946476984084,mouse1_slice50,Endo,155
70729869927750101891444624691791223227,5346.5110721869105,-1979.0368908428354,mouse1_slice50,L4/5 IT,378
70743537852925606320744139038884635299,3783.095162722921,-3062.9791146213,mouse1_slice50,Lamp5,159
70834109330890638591245123442275292517,4562.258784727508,-2766.166402550503,mouse1_slice50,L5 IT,227
70849265665178159914188725688490607276,4586.883448904252,-3164.4619817803623,mouse1_slice50,L5 ET,148
70889030316176832518674411673924677981,4550.670986683645,-3414.7462360257014,mouse1_slice50,Sst,88
70942292763404686094600311632141273527,4895.502252126154,-3156.743597600443,mouse1_slice50,Endo,151
70974717200475590661341808754883577126,4262.864644458067,-3259.021903066275,mouse1_slice50,L4/5 IT,124
70994845946352009462845148931169229734,4019.1300756951073,-2687.658125424406,mouse1_slice50,Peri,240
7102876876113441964035711834658102282,5070.592934370051,-2259.1198139319995,mouse1_slice50,L4/5 IT,337
71041774786618431689370764623694735481,4034.8524938785804,-3838.589188847274,mouse1_slice50,L2/3 IT,7
71231739788682529022862519088913112716,4116.036865289817,-3053.131003874667,mouse1_slice50,Micro,163
71231753794404851499213073607290000439,4287.657023851446,-2360.096315025987,mouse1_slice50,L2/3 IT,314
71238501635495797214405206037449811399,5160.632263926056,-3203.637632283066,mouse1_slice50,L6 CT,134
71257396396980551616664314005932849571,4890.326008698416,-3144.750663640875,mouse1_slice50,Astro,151
71377805251147943201351614303923303900,5422.187494961609,-3540.164929165018,mouse1_slice50,L5 ET,78
71382351914771245401103215286278880850,4339.228330177957,-2351.051838996177,mouse1_slice50,L2/3 IT,314
7143959258857116768668838420408276424,4473.399571672687,-1818.2130195181385,mouse1_slice50,VLMC,392
71573597578405374189216322561599122466,5415.831349218831,-3244.062114547779,mouse1_slice50,SMC,137
71650478039384451099752625218844906412,4111.020870020226,-3601.8136924165474,mouse1_slice50,Astro,45
7170742652756561642694696003669506753,4511.364664357024,-2558.050930147761,mouse1_slice50,L4/5 IT,264
71815225785014474262165568803906096342,4041.2995363438813,-2944.470548114098,mouse1_slice50,L2/3 IT,182
71902538439535134454637622059539240579,5014.207448945097,-2606.035173515785,mouse1_slice50,Pvalb,270
71925750075644097223893804519963861123,4250.247195618064,-3015.489518074718,mouse1_slice50,L4/5 IT,164
7198949164819253169581482772946437739,5054.940254573731,-2587.76542357838,mouse1_slice50,Pvalb,270
72039055564499499943602451890126961714,4588.998804879502,-3284.9498118282854,mouse1_slice50,Endo,108
7218518933949860194019306174580889966,4297.8544244209215,-2752.722113916256,mouse1_slice50,L4/5 IT,224
72392062773815909501265457769164734169,4956.672705817479,-3658.975482738412,mouse1_slice50,Pvalb,39
72407151119578113140244512720494985516,4777.848049883168,-3093.714806206296,mouse1_slice50,L6 CT,170
72437425655883677890242500789840078691,4698.020838579244,-3375.2633820129618,mouse1_slice50,Pvalb,89
72508052539459566755695655219995275263,3997.2683432189046,-2973.8096559863916,mouse1_slice50,L2/3 IT,181
72588880290601694082565457366172732339,4567.556101803238,-3682.3131621595144,mouse1_slice50,L5/6 NP,35
72624128896941706232665028807793203497,5370.736296928722,-3423.7629850993594,mouse1_slice50,Oligo,97
72649066836090633545198512021602484370,4983.272518642911,-3540.128304727225,mouse1_slice50,L6 CT,73
72725738724322214891186038865438878930,3852.623880483957,-3368.0233345753586,mouse1_slice50,L2/3 IT,100
7273574521407910378476047225480063466,5128.592622081369,-3463.293706732191,mouse1_slice50,Oligo,75
72817493773362474531082157353200110804,4980.208103646741,-1609.9988987642823,mouse1_slice50,VLMC,414
72974898381276527675719558623813303808,4474.954157122001,-1807.4414884686305,mouse1_slice50,SMC,392
73131895259530470997969648522837785775,4358.628243312851,-3253.62483157718,mouse1_slice50,L4/5 IT,125
73156159375114670110424620346953980202,5327.239501659569,-1710.6152121298244,mouse1_slice50,L2/3 IT,410
73198105722868092521059748748450716197,4491.273041540798,-2081.434488890755,mouse1_slice50,L2/3 IT,357
73341205473900290397323358903158948366,4743.970987664935,-2538.935294930783,mouse1_slice50,L5 ET,285
73345207614032379086108881221970282619,4210.951459052445,-3091.2987190777726,mouse1_slice50,L4/5 IT,164
73619529895011178816649053990700415392,4973.005985089586,-3156.870098738254,mouse1_slice50,L5 IT,152
73631212473274467332202774110416577451,3850.4971710440072,-3661.28470709109,mouse1_slice50,Endo,27
73784403356225495553909001392487504057,4746.433798331153,-3477.012867887221,mouse1_slice50,Peri,71
73945280512414250640562674476807250475,4015.581888869455,-2986.8308735664805,mouse1_slice50,L2/3 IT,182
74066123389575590259764264072575923777,5123.2797130421795,-3588.3758306966993,mouse1_slice50,L5 ET,56
74106864463396252968687281128478955333,3963.654932100271,-3283.517261054714,mouse1_slice50,Pvalb,101
74113252445297412012583744135369433957,4170.282091978617,-3056.5421662732188,mouse1_slice50,L4/5 IT,163
74243479981089799760580205656163404436,5137.966669614686,-2358.518232541446,mouse1_slice50,L5 ET,323
74251438631939516965678102803304835930,3817.946865948648,-3863.717895752468,mouse1_slice50,PVM,4
74347703569415824165214140174637520789,4064.635554972192,-3721.843407674674,mouse1_slice50,L2/3 IT,29
74417696886723262091860746381523887824,5138.629159050628,-2041.7225069559297,mouse1_slice50,Micro,364
74474569179184043742610000891553286467,5079.830273353908,-2499.725169655761,mouse1_slice50,Sst,288
74893907917472865105288592797455423737,5234.614184341801,-3278.805366350081,mouse1_slice50,Oligo,135
74977699617326818079087567760630816063,4831.947907388686,-2864.0548970059203,mouse1_slice50,L5 ET,210
75013177125443662061892926958507790258,5139.114911435178,-1742.747063777708,mouse1_slice50,L2/3 IT,399
7503723995416267772913758497431012403,5324.763720175085,-1477.6977764843666,mouse1_slice50,VLMC,422
75168255901389689945240303403912595340,4338.784107028346,-3615.585253464528,mouse1_slice50,L4/5 IT,47
75190986565639661786173562525479263538,5417.9121442558435,-3559.8102020267042,mouse1_slice50,OPC,59
75237676957020795680365146621222990458,4377.32328555051,-2576.312119882162,mouse1_slice50,L2/3 IT,263
7530935365806719726381768738621792133,4346.890853913518,-2789.1247339135866,mouse1_slice50,Peri,224
75337291616971144589237382911723539520,4787.814542937383,-3391.633073507165,mouse1_slice50,L5 ET,90
75347205250215858814137643928231325548,4889.151746986207,-3746.803809196584,mouse1_slice50,L5 IT,23
75408334422055300300917859154442936723,4611.647648820369,-3237.5519730192714,mouse1_slice50,Endo,128
75433828420190644020521096900867529079,3784.9238627187488,-3482.9388156305613,mouse1_slice50,Peri,60
754627584202817917903917368960802045,5195.608102615786,-2310.818117743679,mouse1_slice50,SMC,324
7558643431566691060339214605928227161,4796.826293121799,-2505.236719467852,mouse1_slice50,Oligo,285
75876808710417741320482391855620990040,4522.491608280864,-2586.995791777737,mouse1_slice50,Peri,264
76021197362029595542577916367722178699,4600.913186152362,-2004.2985541897303,mouse1_slice50,L2/3 IT,370
76051071152643147956826838982974290303,5013.887044952785,-2855.7034782707706,mouse1_slice50,L6 IT,212
76253007064694401604718867741288484969,4962.3309164337625,-3558.02527821629,mouse1_slice50,Oligo,54
76313775297691169455159680913210029075,4681.354968026164,-2087.646528773884,mouse1_slice50,Endo,359
76415022108801111839780951765602322280,4210.570805858869,-2576.133883454632,mouse1_slice50,L2/3 IT,261
76673223398360881373180938852559410750,4938.792129414149,-2292.9561256107,mouse1_slice50,L4/5 IT,321
76679895115032217952520549639776662384,4803.622793604748,-3445.4973177385714,mouse1_slice50,L6 IT Car3,90
76818821188400065011763524067709959272,4015.2085745783397,-2780.5038381490385,mouse1_slice50,L2/3 IT,221
76847107737262504068581226800108531949,5060.688562710125,-2449.0974627749706,mouse1_slice50,L5/6 NP,306
76879498597286780847218416558819915748,4678.038317450874,-2720.6387995351915,mouse1_slice50,L5/6 NP,247
77038363835045914906878941408787448296,5151.919065981406,-2838.247858833533,mouse1_slice50,SMC,213
77096847598558803714521214220405175008,5367.925561452423,-1526.847683396048,mouse1_slice50,Endo,423
77182007026739263823608576405104671038,4691.929425525082,-1973.0375897083482,mouse1_slice50,Astro,371
77508471766757179783461029266024002010,4217.570764502008,-2310.155042400769,mouse1_slice50,Micro,313
77776777833907446620716171715488780287,5328.605068966963,-3392.171883187133,mouse1_slice50,L6 CT,96
77808697649187533003375177924986971154,4315.889262064828,-3058.995290330597,mouse1_slice50,L4/5 IT,165
7788353546611057992034000678669511230,4655.813752815513,-1962.8027335184909,mouse1_slice50,L2/3 IT,371
77912918980334203149634188976358952059,4217.091279218601,-2683.07426042005,mouse1_slice50,Peri,242
78041915785808985096415374064007419684,4762.759829809904,-3275.051496540092,mouse1_slice50,L5/6 NP,130
78082452817315974195865639550658215255,4079.7615023939697,-3439.9166212236064,mouse1_slice50,L4/5 IT,82
78122501344136164663820780265752464954,4893.643158245328,-3694.320878053958,mouse1_slice50,L5 IT,38
78316608495914626679815160798135348252,4593.566090617727,-3079.5827864234993,mouse1_slice50,L6 IT,168
7842141559414758223677007614096004400,4553.45888075787,-2516.9633819550536,mouse1_slice50,L4/5 IT,283
78528901472357831349690978635712884615,5299.758416852654,-1892.4411750734891,mouse1_slice50,L4/5 IT,390
78704588307181545392755213147118748841,5159.323027510842,-1873.1718101836188,mouse1_slice50,L2/3 IT,388
78787303812616071910813914640544152298,4979.136499863674,-2202.7116533183626,mouse1_slice50,Astro,336
78834237792458997245198332724795615585,4708.767658184978,-2846.1572887646043,mouse1_slice50,L5 IT,208
78849378527743317617441156876264328371,4951.922055246582,-3424.998636414654,mouse1_slice50,L6 CT,92
78937063160849235931206773762546245663,4079.225629750322,-3298.259680460606,mouse1_slice50,L4/5 IT,102
79105179966267054430258667837809452668,4659.444235839379,-2606.9276395584798,mouse1_slice50,Pvalb,266
79191325420242394150060588310922124348,5217.831189690863,-2528.168984409797,mouse1_slice50,L6 IT,290
79191958456097048018909308215835261415,5200.090767982555,-1714.6171969813895,mouse1_slice50,L2/3 IT,409
79193421240958868506875368049432763404,4416.525724310194,-3517.6195776346335,mouse1_slice50,L5 IT,67
79307845833428295075015862820695609412,4964.328079915379,-2221.2366051596387,mouse1_slice50,L4/5 IT,336
79505135598090829625766002523537696868,4625.8161396112555,-2490.9273979297514,mouse1_slice50,L4/5 IT,283
79614208103851728725832990388402931679,4247.980796012103,-3141.215560057108,mouse1_slice50,L4/5 IT,144
79730314242071748758043428288727596155,5344.209939302967,-1795.902946021985,mouse1_slice50,L2/3 IT,401
7992021029505778932260382182604828495,3844.462563006336,-3446.811850059758,mouse1_slice50,L2/3 IT,80
79932594659184750906082809965593066089,5352.60229169637,-3493.6676844738186,mouse1_slice50,L5/6 NP,77
79935874462595021628089480594031255053,4127.809201063157,-3142.357298302868,mouse1_slice50,Peri,143
79958672979505124864633742237969017980,3978.4862211222126,-3331.4206627309513,mouse1_slice50,L2/3 IT,101
8003916518477230270989905396902042571,4482.262069589918,-2447.2796033064214,mouse1_slice50,Sst,300
80048411001906225286318509374546160560,4578.416683273814,-1878.0585047479221,mouse1_slice50,OPC,382
80181220315069275109242060911248254888,5380.446495475611,-1685.2094875929595,mouse1_slice50,L2/3 IT,411
80210897743146618991411525086202387696,4339.031473877041,-2977.9183720692054,mouse1_slice50,L4/5 IT,185
80355141737723280157129063774398600734,4860.971853334952,-3404.4976590546016,mouse1_slice50,L6 IT,91
80362880647773685615317957097812440691,4430.718380477791,-2530.0548346084847,mouse1_slice50,L2/3 IT,281
80458028806654105811075390746162880734,4133.549835754989,-3404.980072838833,mouse1_slice50,L4/5 IT,83
80475293898218445587400235442067458903,4086.0882965341034,-2589.8664450240713,mouse1_slice50,L2/3 IT,259
80696256545797819868221090739535581281,5123.481441281614,-1860.9049998764258,mouse1_slice50,L2/3 IT,388
80703268163154386617419330196530493844,5388.179433413589,-3168.496523366245,mouse1_slice50,Oligo,157
80868290332348661632568527111790201290,4241.895395779612,-2960.3470499226764,mouse1_slice50,Astro,184
8087698575955693192148550457548084474,3850.0037592842505,-3032.319387119809,mouse1_slice50,L2/3 IT,160
8112254646531772425738811836883278458,3945.610500205472,-3398.433913028372,mouse1_slice50,L2/3 IT,81
81256368967804430122066662194812380926,5174.8630232045225,-2616.5925809291143,mouse1_slice50,L6 CT,271
81430060183966465945873325191954689219,4308.8453317433905,-2700.472484570371,mouse1_slice50,L4/5 IT,243
81461077643490542572639392415513335990,5159.914514926961,-1905.8220818870032,mouse1_slice50,L2/3 IT,388
81541002082652584398297555643726857487,4368.07225654188,-3766.209610689972,mouse1_slice50,L4/5 IT,18
81582046565866775525638167066291066970,4397.248051804461,-1866.1814958176856,mouse1_slice50,VLMC,380
81647500108997938683421182648416819996,4580.415650108412,-2106.890243677742,mouse1_slice50,Astro,345
81693652689294951460422901465995179503,5042.919041619047,-1976.3156737885122,mouse1_slice50,Endo,375
81766691715852303686729726384365565790,5402.102345030973,-1750.0837657085426,mouse1_slice50,L2/3 IT,402
81799165248324348172228974521415282017,4860.410291236718,-3486.093443283862,mouse1_slice50,L5 ET,72
81852874967837550190161655554667358128,5173.119452516113,-3039.0790719046317,mouse1_slice50,L6 IT,174
82089311097784335603408031904761658116,4616.972686453969,-2700.5022730988035,mouse1_slice50,L5 IT,246
82105026704583731799587622045497302308,5041.379460547615,-3350.5209792547735,mouse1_slice50,L5 IT,113
82176978096059561385591866615507158122,5259.1861944364355,-3164.6750133674204,mouse1_slice50,L6 IT,155
8224181756281413686295960713937025298,5264.6675757577195,-2875.431161115922,mouse1_slice50,L6 CT,214
82271225653297855987525786896230490770,4872.035911316382,-2248.9586204397215,mouse1_slice50,L4/5 IT,335
82438644630937538106766842687517831262,5307.475992987868,-3338.597724820248,mouse1_slice50,Sst,116
82800249599517272556339339787309702201,4079.948428269306,-2679.1799201114363,mouse1_slice50,L2/3 IT,240
82928718199457026618959828887313453085,4307.845914598332,-2588.722973855413,mouse1_slice50,Peri,262
83088594488562561036341668088465635028,4793.6490545637425,-2062.097152274756,mouse1_slice50,L2/3 IT,360
83107594143228630718501009971094220412,5157.268493809332,-2294.8988536912066,mouse1_slice50,Pvalb,323
83135844185605570853091543415388887951,4713.863980860767,-2951.7699115425703,mouse1_slice50,OPC,189
83242851673025742514814174394077284532,4944.924988319954,-2314.7531379753714,mouse1_slice50,Endo,321
83249408615813980678666663382404587175,5213.5512332065555,-2422.8310336145923,mouse1_slice50,L6 IT,308
8328698498355625341601602662996667289,4272.814641125535,-3499.213059706304,mouse1_slice50,L4/5 IT,65
83289803685310159160506780400185506959,4331.815683786552,-2664.948389117905,mouse1_slice50,L2/3 IT,243
83488360454356116254868061314417875852,4862.855372596022,-3818.286105306524,mouse1_slice50,L5 IT,23
83575675244206056972028986175819036629,4715.251784317076,-2338.1282450795925,mouse1_slice50,Endo,318
83596604238322091597083041074667369562,5235.927684153902,-1679.704012102433,mouse1_slice50,L2/3 IT,409
83756248490443033549412011445516290011,5099.522874554057,-2788.0157136011608,mouse1_slice50,L6 CT,233
83770201598748328275922826171131909661,5371.117666327892,-1897.4340440139827,mouse1_slice50,L4/5 IT,391
83803676344853137832691228201227110684,4611.286772573467,-1937.3364640420775,mouse1_slice50,Peri,370
83868649345620261881175827210750129819,4590.720624844607,-1752.2070981865236,mouse1_slice50,VLMC,393
84030415685037974381684956689442314087,4085.729769216704,-2259.2202155813447,mouse1_slice50,VLMC,327
84467154031181071498770724904504242917,5133.653052801555,-2195.828710426912,mouse1_slice50,L5 ET,338
84493185896124744285090232005307309542,4823.373952940162,-2866.693395614874,mouse1_slice50,Endo,210
84582624606207203564050042962942066053,4247.4903385167045,-2206.6260774979137,mouse1_slice50,L2/3 IT,328
84588723406065994130195542891925907493,3932.351867191985,-3794.7406536340827,mouse1_slice50,Astro,13
84716313629316357111194807361286264585,5082.571629046751,-3586.097166114025,mouse1_slice50,L5 IT,55
84726408290536927878151604292984392943,4876.043556222416,-2831.106485973145,mouse1_slice50,L6 IT,210
84809573080298715742031101551874664578,5126.763501490738,-3537.156877101283,mouse1_slice50,L6 CT,75
84961866695208533350139225095376651903,5127.51250667052,-3518.9603618423257,mouse1_slice50,Oligo,75
8517004157172110932881922483774518575,4113.80139443695,-3789.12955957033,mouse1_slice50,L2/3 IT,15
85351536941614794346366445298635313076,4491.484349660166,-2660.6663675301593,mouse1_slice50,L4/5 IT,245
85357072148495231209987862000462354180,4776.167903118064,-3341.5081323542067,mouse1_slice50,L6 CT,110
85383805187674871104038893663248370414,4957.151675966938,-3018.195416944237,mouse1_slice50,L6 IT,172
85468594551127822135418746575550657459,5250.561019072003,-2418.755157190425,mouse1_slice50,Pvalb,308
8554321644276528976306950430821284326,5125.724396316959,-2048.8646746857567,mouse1_slice50,Endo,364
85629905791167891341095771642601729416,5287.344964767334,-3512.256837013475,mouse1_slice50,Oligo,77
8564595973269547106291127313913845680,3961.847182329265,-3064.2525797641606,mouse1_slice50,L2/3 IT,161
85729255528787240844669437687658449547,5019.324883642757,-3425.4329647702443,mouse1_slice50,L6 CT,93
85733885260530103967349197159973718434,4751.425868142561,-1934.7696131737,mouse1_slice50,L2/3 IT,372
85822073435860827978766511494947663013,4048.6454678991445,-2925.3218428417326,mouse1_slice50,L2/3 IT,182
85829600109325487652960643786906079142,3972.9873532652136,-3607.073912416484,mouse1_slice50,Endo,43
85834103142660006482523113393383288323,4744.854624476278,-2483.1026936351764,mouse1_slice50,L4/5 IT,285
8589110829399230462386761163445569194,4419.725399886719,-3559.7216363212024,mouse1_slice50,Endo,48
8593106658749914001574293488900458487,4572.286650376058,-2492.526852579455,mouse1_slice50,L4/5 IT,283
85945676628378174900594903749843970330,4784.184066267344,-1872.337490636082,mouse1_slice50,L2/3 IT,384
8594839873122072259184640382937986751,4809.1705124832215,-2440.0172651813273,mouse1_slice50,PVM,303
86121827312104042479298548186204818825,5330.699975394425,-3608.689644506961,mouse1_slice50,Sst,58
8615315012369758870431631047863196539,4878.713537589139,-1766.2949357477585,mouse1_slice50,Endo,396
86231173019897899136153607517310490342,4972.104960761981,-1681.0831630345472,mouse1_slice50,Astro,406
86321942839183554236385179876573139605,4936.552685091303,-3560.880718121781,mouse1_slice50,Pvalb,54
86341700288057459842023725115746151081,4678.218209788385,-2589.0373902501155,mouse1_slice50,OPC,266
86747560606272402871353149049549228534,5237.325468513547,-1763.1225631708278,mouse1_slice50,L2/3 IT,400
86795693504795135278225385622611105366,5037.598395879131,-2168.564167879717,mouse1_slice50,Astro,350
8682210774300358831968231749144065850,3871.4458572984126,-3528.916197749992,mouse1_slice50,L2/3 IT,61
86841685104812916219280199568749983859,4168.626484582562,-2420.5412220842695,mouse1_slice50,Endo,296
87173632575457260668241221667145107306,4510.094854728434,-3577.2792741425956,mouse1_slice50,L6 CT,49
87179693360668948938682015610026921643,3973.923312647058,-3045.0742200796226,mouse1_slice50,L2/3 IT,161
87304819610553597140563218968382259124,4058.127291937458,-3290.044380244441,mouse1_slice50,Lamp5,102
87340807916730302880629923244133991904,5328.12069102565,-1766.4065015156646,mouse1_slice50,PVM,401
87549679107795490682168610630198548487,4843.397849946729,-2719.251476390159,mouse1_slice50,L5 ET,249
87563680062251174113386505883736198236,4529.914286492202,-3437.3288067475914,mouse1_slice50,L6 IT Car3,87
8758775916708031083785522203818587539,4879.690819937286,-2209.346956170734,mouse1_slice50,L4/5 IT,335
87847815063894443590945023483109460404,5289.416147255245,-3262.283007605682,mouse1_slice50,L6 CT,136
87851031610139112736791838816574356900,4209.634226142118,-2785.626291128882,mouse1_slice50,L2/3 IT,223
87854043295974382742939075718834886112,5063.2361257747025,-3598.7777965984205,mouse1_slice50,L5 ET,55
87995555780090400676444943187231083515,5433.255751282321,-2945.1822487389504,mouse1_slice50,Endo,196
88033232737921621944592743287489192313,5356.698278238597,-2522.8510974168007,mouse1_slice50,L6 IT,291
88075384547696752931875752892641852264,3953.047375411832,-3726.087426096838,mouse1_slice50,L2/3 IT,28
88084063613755703710375260080660967787,4594.9906317591385,-3039.190229883346,mouse1_slice50,L5 IT,168
88102108960858214648753585000944112149,4883.636240617662,-3616.5332070819572,mouse1_slice50,L6 CT,53
88164344036871583946109598257442503257,5412.551789080979,-3348.569228875264,mouse1_slice50,SMC,117
88303538117006728796696293384450383676,4053.5236096498243,-3676.3996181179164,mouse1_slice50,L2/3 IT,29
88329771254635614466144669079839225130,4658.6134132947645,-3583.1295356129813,mouse1_slice50,L5 IT,51
88528204377283846185625919905091577543,4064.60078986723,-3730.1725680826858,mouse1_slice50,L2/3 IT,29
8854534007059708204460892745567009062,4527.831986770652,-2054.2069599582196,mouse1_slice50,L2/3 IT,357
88662164154519176215912175723234008125,5167.380466973339,-2860.5204870047123,mouse1_slice50,L6 CT,213
88746601377997461198516882445729492668,5344.10368286372,-3473.3353649273645,mouse1_slice50,L6 IT Car3,77
88909384164689480029340318799107272813,3952.3335782942813,-3659.4252488321445,mouse1_slice50,Peri,28
88921457040482781341968534156566904966,5283.138000824062,-2408.455033432994,mouse1_slice50,L6 IT,309
89090734157339777538646571460500045568,5338.965655198229,-2432.1079767679753,mouse1_slice50,Oligo,309
89281840716358476236184248968397080230,4786.246939353624,-3142.875066821133,mouse1_slice50,Oligo,150
89339368926080589301196552799497153967,4650.751462583769,-3297.766029684911,mouse1_slice50,L6 IT,109
89375310357093164060861698840717995199,5208.848795032369,-3561.2780888722386,mouse1_slice50,Astro,57
89436715601887557520400360609769658423,5003.053920478751,-3413.8416196570006,mouse1_slice50,L6 CT,93
8946334352239013791729718638297861805,4683.014101423192,-1779.0945045254982,mouse1_slice50,Endo,394
89574586904987860288321062601888538642,5331.713139496375,-3308.680873263543,mouse1_slice50,L5 IT,116
89586167578779823113119949524366177057,4398.547001635217,-3420.407552168825,mouse1_slice50,L5 IT,86
89713040953526944717766063850524857216,4312.2347690301085,-3723.005341528931,mouse1_slice50,L4/5 IT,32
89744071105015583906575305160267637416,3943.436096922497,-3249.6876208246535,mouse1_slice50,Astro,121
89791793735980263757543153993751310471,4615.990899733568,-3085.943185991066,mouse1_slice50,L5 IT,168
89873506918194976428088181544805300595,5386.581611121642,-2354.724142316101,mouse1_slice50,L5 ET,326
8990728273654431114397837209291861861,3956.9568262792855,-2708.100849572105,mouse1_slice50,L2/3 IT,239
90043942703103996283830086766587523735,4994.370418842836,-2586.2047205619433,mouse1_slice50,L6 CT,269
90095652390953136451650011227042320168,5081.507665282282,-2169.3365842255857,mouse1_slice50,L4/5 IT,350
90116950998178256964090902079006834856,4585.430724157556,-3102.075477314874,mouse1_slice50,L6 IT,148
90200107922681986280448029978386929900,4899.236894701782,-3253.135523082328,mouse1_slice50,L6 CT,131
90275151271898516735885280214115977411,4765.867207072477,-2794.3500753284097,mouse1_slice50,L5 ET,229
90320655305381395308022160369443714818,4342.0901568112595,-2752.198904184452,mouse1_slice50,L4/5 IT,224
90328001536542773217663561854159947743,5166.356519927446,-2048.5139683015304,mouse1_slice50,L4/5 IT,364
90504119046345556388812429101214236383,4009.1821354699755,-3328.633118543196,mouse1_slice50,Endo,102
90539482398712716555069522958869992249,4933.243265922262,-3168.0894374847185,mouse1_slice50,Endo,152
90723786651140104045644331957060885957,4824.528641636153,-3063.0282256257747,mouse1_slice50,Peri,171
90760042430234664537801834942423973249,5235.444913987334,-3392.5935619813067,mouse1_slice50,L6 IT,95
90784054134420618179990827553004239762,5218.232742905992,-2386.5730643450693,mouse1_slice50,L5 ET,308
90877613297369494448010823899945539737,4568.166035346621,-3567.3339331124052,mouse1_slice50,L5 IT,50
90972413628001039557221001523069065268,4268.200872254427,-3327.3556421617254,mouse1_slice50,L4/5 IT,104
91247351785016170352500560122467898330,4965.184448704419,-3760.3957009650985,mouse1_slice50,Pvalb,24
91255514059708694283029990568989057009,4838.121481808606,-3580.75975663563,mouse1_slice50,Peri,53
91266649464330419770700632434959367740,4474.653697176204,-2087.648721568327,mouse1_slice50,L2/3 IT,357
91422579413395470232211321097957789528,5400.202125379772,-2878.463476381347,mouse1_slice50,Oligo,216
91504319865829847560997510769699446617,4750.344103488605,-3774.680829286209,mouse1_slice50,OPC,22
91657239722467403114689155479086965013,4645.5077208877765,-2321.286503626326,mouse1_slice50,Micro,318
9172055369279926440147069570851566140,4847.107268509234,-2034.990025395046,mouse1_slice50,L2/3 IT,361
91772253331315626916806462539391059229,4856.463734725852,-3480.7719646878977,mouse1_slice50,L5 ET,72
91871487529528534479864898387933190196,4216.105037651055,-3166.301218550547,mouse1_slice50,Astro,144
9191887691910670718488896267847731974,4884.452094479229,-3437.7270892066217,mouse1_slice50,Endo,91
91974425673592639631440158029483373284,5065.483308419195,-1687.2301332762734,mouse1_slice50,Lamp5,407
92107678595465148034699207629594049407,4697.828896036421,-3649.6855069049425,mouse1_slice50,L5/6 NP,36
92249961499584237843705479490312388656,4141.357508842835,-2738.5818763141338,mouse1_slice50,Pvalb,222
92271055184358974785919292117011751677,5239.243816161275,-2137.2092064812173,mouse1_slice50,L4/5 IT,352
92408840158662549880108359766564995307,5195.249057392159,-2356.9242603003186,mouse1_slice50,SMC,324
92436906967359044375118367788474376663,4296.072542637949,-3055.429847805545,mouse1_slice50,L4/5 IT,165
92453024103736101695861554708314576657,4484.083393936801,-3778.9884781384994,mouse1_slice50,L4/5 IT,19
92499690165916746285344805091481356091,4311.01419571497,-2595.85780531331,mouse1_slice50,SMC,262
92528306080435009218806458288298839546,5034.670834413194,-3738.2537443761466,mouse1_slice50,L5/6 NP,25
92584246152588325295328306954127739058,4381.808168336785,-2880.9517472835205,mouse1_slice50,Micro,205
92727352091027365915665486993686853076,4633.422056260975,-2678.54527327624,mouse1_slice50,L5/6 NP,246
92911575595726868431407323560402215660,4431.460882335402,-2139.3708029461104,mouse1_slice50,L2/3 IT,343
93015357153518766280845729581974833342,4724.299376186398,-3415.1096598416593,mouse1_slice50,L6 IT,89
93017258670540724287671995081173795121,4624.61062415076,-3064.007405054941,mouse1_slice50,Endo,168
93050353262399580709799914575692289951,5111.872302414417,-2323.255040059995,mouse1_slice50,Astro,323
93119081411334935341259672959433804264,5354.19829592407,-2595.320911362934,mouse1_slice50,Sst,273
93135749805503952338181903768483035146,4512.700158686627,-2470.35003621912,mouse1_slice50,L2/3 IT,282
93387653248704678648614033035855828240,4040.460126708376,-3330.699679317594,mouse1_slice50,L4/5 IT,102
93578421351619875355623214786574779266,4089.8058103856592,-2616.4426470018557,mouse1_slice50,L2/3 IT,259
93623438586813625724867334511135584416,4164.27983744084,-3289.60021274118,mouse1_slice50,L4/5 IT,103
93673808520599223780372615496690831670,4666.4665498806635,-2561.2827476401335,mouse1_slice50,L4/5 IT,266
93675134680825116911664363964089583035,5127.621971156196,-2651.42531646447,mouse1_slice50,L6 CT,252
93730154392896842061356673376873634746,4931.167221039513,-3024.8308673753854,mouse1_slice50,L5/6 NP,172
93850485811522358800267245501141053463,4579.05580956982,-1789.529601686257,mouse1_slice50,Endo,393
93874547035906642441733764785916539003,5206.630874449206,-1510.267528855249,mouse1_slice50,VLMC,421
93900822881678626267683024419438054249,4069.6952930322186,-3203.555917100392,mouse1_slice50,Endo,122
94117037689040928594296036405522643685,5041.522045264361,-1862.1832829859238,mouse1_slice50,L2/3 IT,387
94194290090796053131867362394112946200,4353.101981563438,-2330.7936241498437,mouse1_slice50,L2/3 IT,314
94279254603645439631029096018676891024,4586.981947410443,-3783.986111629381,mouse1_slice50,L6 IT Car3,20
94406726164865337328453908930341057486,4478.258184665873,-2610.9270408881334,mouse1_slice50,L4/5 IT,264
94453650512978681878543007208198325420,5224.787966744823,-1960.3645584156127,mouse1_slice50,Oligo,377
94578690438557605215226513620223835797,5156.051258270095,-1938.3462426945152,mouse1_slice50,L2/3 IT,376
94584113432108181105239568089424432080,5401.4615892134925,-2762.033640206411,mouse1_slice50,L6 CT,236
94647796997566013454088630542213372335,5326.191167177296,-1660.9854074566304,mouse1_slice50,L2/3 IT,410
9468817902017924747564106464098696506,4605.755929936064,-2668.0337742083825,mouse1_slice50,Micro,246
9472198472858885964317584696552692996,4611.422162040504,-2602.329978467414,mouse1_slice50,L5 IT,265
94776655755704746313257172287367611424,4648.540234496115,-2414.8784081281315,mouse1_slice50,L6 IT,302
94833420027265770427369604676751257154,4432.9677945575695,-3028.5436389599395,mouse1_slice50,L4/5 IT,166
94849343877546017163712582311780075752,4507.975460252204,-3354.572538569114,mouse1_slice50,L5 ET,107
95071566823953912623116638746238359559,3963.412700690545,-2962.7829204414147,mouse1_slice50,L2/3 IT,181
95080792994819345341245463026188822273,4953.9677477096,-3074.8928951631483,mouse1_slice50,L6 CT,172
95151643681882876381063140536507572719,5136.639236830347,-3063.97135692842,mouse1_slice50,L6 CT,174
95208297613749544903712348582708658371,4928.438752433817,-3302.303190199162,mouse1_slice50,L6 IT,112
9533533236419708291197261532451314226,4917.548673571792,-3151.1561098776765,mouse1_slice50,L6 CT,152
95352801680997952548012331336554195262,5327.3388769062385,-3466.5419580191256,mouse1_slice50,Oligo,77
95383135095927218909503446623820808202,4192.643081060575,-3696.475146616131,mouse1_slice50,L4/5 IT,31
95439509059106920831111706813951704208,5221.609691900883,-1993.6952895843244,mouse1_slice50,L4/5 IT,377
95480479382363631283332114070004604908,5045.703682233909,-2266.0579553011057,mouse1_slice50,Sst,337
95604500789653859674907869111642544503,3962.0385315487265,-2683.637773460796,mouse1_slice50,L2/3 IT,239
95652336785810522488001563115627752491,5303.073127021356,-2400.3761912033974,mouse1_slice50,L6 IT,309
95664997417110526844933686942322949717,4966.571399279528,-3355.764935848611,mouse1_slice50,L6 CT,112
95695683636409879791595837624238156414,5291.46850442232,-2265.932747377991,mouse1_slice50,L5 ET,340
95877835523709303491092302012822555643,4071.4522361307636,-3109.43952491555,mouse1_slice50,VLMC,142
95994547841134185659662009148535110708,4751.44321937614,-3572.341809416965,mouse1_slice50,L5 IT,52
96000201504308816266259111318432313397,4950.0079319694805,-3247.8339158551307,mouse1_slice50,L6 CT,132
96043455534533962060963254592790758966,4231.548710199833,-3502.710782825897,mouse1_slice50,L4/5 IT,65
96076625223103334311120773836470334373,4046.3985542796004,-3180.9247899668508,mouse1_slice50,Vip,142
96277957976332362148963282616866034248,4667.584631764593,-3712.874097869917,mouse1_slice50,Peri,36
9637593371317331613703614239451532005,4198.635482325114,-2951.1900424819532,mouse1_slice50,L4/5 IT,184
9642677558036904821813981619639586064,5314.725626095365,-2278.1908147322197,mouse1_slice50,L5 ET,340
96528483729040031580939712087752988631,5237.39949582138,-1842.507762007919,mouse1_slice50,L2/3 IT,389
9665811103507642968782398310973293988,3864.410121150811,-2972.266977578757,mouse1_slice50,SMC,180
96731653150710000312238863360117886025,5127.044764054816,-3413.7174170206613,mouse1_slice50,L6 CT,94
96846224649984442575957355982024167263,4623.863562775502,-2030.0430506180717,mouse1_slice50,Oligo,358
96898711782096981015053337603170941646,4423.778487086115,-2641.409311452687,mouse1_slice50,L4/5 IT,263
9703000385709328315257559304424166909,4954.87152144927,-1792.539379559997,mouse1_slice50,Micro,397
97093768677834686189981168482505993832,4304.991042464134,-2817.8836815498767,mouse1_slice50,L4/5 IT,224
97229695532470480472812269588202738787,4177.348244921323,-3245.560949671998,mouse1_slice50,Sst,123
97353491943751090886741515183116674109,4340.686056769481,-2540.1986710146534,mouse1_slice50,L2/3 IT,280
97381167955930987176504300563496389707,4331.129018714452,-2702.8719085958173,mouse1_slice50,Peri,243
97481116717186196296989147832494090675,4131.777200308104,-3051.4882834878526,mouse1_slice50,L4/5 IT,163
97505681187474349327322612327271699397,4477.247973311224,-2706.3635138916447,mouse1_slice50,L4/5 IT,245
97687889020088861806045271787899800178,4779.411400568272,-3229.5239504298515,mouse1_slice50,L5 ET,130
977349651480707274233588501665106653,4382.16758738407,-1862.1121138895614,mouse1_slice50,VLMC,380
97740631149945292443914379180971910631,3882.134432645871,-2614.050580481721,mouse1_slice50,Astro,257
98080453667286948441363111266814045680,5237.420305036719,-2768.731247277746,mouse1_slice50,L5 ET,234
98216088586577108491455502912952609560,4191.488311561727,-2602.89906563377,mouse1_slice50,Endo,261
98529274344877757705333613558886053423,5021.583267158422,-3631.716667535263,mouse1_slice50,L6 IT,55
98588265551439478692594404242652264977,5145.362178589453,-1696.5455660976806,mouse1_slice50,OPC,408
98610578107576463609855385546787853666,5045.722831413234,-2751.3911328194586,mouse1_slice50,L6 IT,232
98628947833683939713505147295739651457,4070.2052275967953,-2957.0823550645123,mouse1_slice50,L2/3 IT,182
98822354546620819165619361120959815659,4749.733316289491,-2487.407462122563,mouse1_slice50,L4/5 IT,285
98838976033888960570552608177283649527,5367.495993621394,-3067.1243186496276,mouse1_slice50,Astro,177
9890426271537929519668897146543189303,4399.793327375022,-3434.6983662827774,mouse1_slice50,L5 IT,86
99147840848792512176467407183157009829,5066.143869182036,-2951.3228340928977,mouse1_slice50,L6 CT,193
99251468401452935313158719077740209430,4408.045533030794,-3262.1215663338853,mouse1_slice50,L5 IT,126
99266420210807845744768305950093177913,4531.893057866854,-2517.3381519411305,mouse1_slice50,L4/5 IT,282
99282531787198460814267103396662507621,5043.200030010399,-3442.140736635674,mouse1_slice50,L6 CT,93
99321240324115409339271985188652693544,5202.1850893502615,-3563.430864851215,mouse1_slice50,Oligo,57
9943842365084414804865460677331437376,3957.64708141108,-3039.089135119525,mouse1_slice50,Peri,161
99461758348276171282164065674893881464,3972.4042004969983,-2387.2613094058393,mouse1_slice50,VLMC,294
99488129778717041117129540625347059990,4850.399911027662,-3264.7012975261423,mouse1_slice50,L6 CT,131
99494524642456242156029918873490781817,4796.862313776537,-2675.1074462055612,mouse1_slice50,SMC,248
99504125950471062201252312391570289780,4471.044126471578,-2178.3747940131834,mouse1_slice50,L2/3 IT,344
99576957710400794105941222351708881383,4513.814201180225,-3748.7851310829465,mouse1_slice50,L5 IT,19
99778991571303589367487716650245967462,3812.965049842996,-3132.0382386600295,mouse1_slice50,Sst,139
99975236811446463664882595554107570635,3788.2741169054143,-2857.8831229813086,mouse1_slice50,Astro,198
